runKey,finalistLeft,finalistRight,r1Margin,favoriteAtR1,margin_r1,margin_r0.95,margin_r0.9,margin_r0.85,margin_r0.8,margin_r0.75,margin_r0.7
lfi:aleatoire:0,lfi,rn,4.2,lfi,11.88,11.6,11.3,11,10.7,10.42,10.12
lfi:aleatoire:1,lfi,rn,2.7,lfi,8.78,8.6,8.4,8.22,8.02,7.84,7.64
lfi:aleatoire:2,lfi,nouvelle_energie,0.8,lfi,5.5,5.56,5.62,5.68,5.74,5.8,5.86
lfi:aleatoire:3,lfi,rn,5.9,lfi,14.3,13.88,13.46,13.06,12.64,12.22,11.8
lfi:aleatoire:4,lfi,rn,1.6,lfi,8.1,7.96,7.84,7.72,7.58,7.46,7.34
lfi:aleatoire:5,lfi,ps,5.3,lfi,4.04,3.66,3.28,2.88,2.5,2.12,1.74
lfi:aleatoire:6,lfi,rn,4.3,lfi,13.22,12.9,12.6,12.28,11.98,11.68,11.36
lfi:aleatoire:7,nouvelle_energie,lfi,0.3,nouvelle_energie,0.94,0.92,0.92,0.92,0.92,0.92,0.92
lfi:aleatoire:8,lfi,lr,3.7,lfi,2.16,1.92,1.68,1.42,1.18,0.94,0.68
lfi:aleatoire:9,lfi,ps,2.9,lfi,3.3,3.08,2.86,2.64,2.44,2.22,2
lfi:aleatoire:10,lfi,rn,3.8,lfi,9.34,9.06,8.78,8.52,8.24,7.96,7.7
lfi:aleatoire:11,lfi,rn,1.6,lfi,12.18,12.04,11.9,11.76,11.62,11.48,11.34
lfi:aleatoire:12,lfi,ps,13.4,lfi,17.04,16.16,15.26,14.36,13.48,12.58,11.68
lfi:aleatoire:13,lfi,rn,2.1,lfi,5.82,5.66,5.48,5.3,5.14,4.96,4.78
lfi:aleatoire:14,lfi,nouvelle_energie,0.3,lfi,0.46,0.48,0.52,0.56,0.6,0.64,0.68
lfi:aleatoire:15,lfi,nouvelle_energie,6.5,lfi,1.92,1.52,1.1,0.7,0.28,0.12,0.54
lfi:aleatoire:16,lfi,ps,6.9,lfi,10.08,9.6,9.1,8.6,8.1,7.62,7.12
lfi:aleatoire:17,lfi,ps,3.9,lfi,5.02,4.74,4.44,4.16,3.88,3.6,3.32
lfi:aleatoire:18,lfi,rn,10.9,lfi,18.92,18.18,17.46,16.74,16.02,15.28,14.56
lfi:aleatoire:19,lfi,rn,0,lfi,6.24,6.2,6.16,6.14,6.1,6.08,6.04
lfi:aleatoire:20,lfi,rn,6.1,lfi,12.38,11.96,11.52,11.1,10.68,10.24,9.82
lfi:aleatoire:21,lfi,rn,8.4,lfi,19.9,19.34,18.76,18.2,17.62,17.06,16.48
lfi:aleatoire:22,lfi,rn,3.4,lfi,11.66,11.4,11.14,10.9,10.64,10.38,10.14
lfi:aleatoire:23,lfi,rn,3,lfi,7.78,7.58,7.36,7.14,6.92,6.7,6.5
lfi:aleatoire:24,lfi,rn,7.2,lfi,14.8,14.32,13.82,13.34,12.86,12.36,11.88
lfi:aleatoire:25,lfi,rn,5.4,lfi,11.96,11.58,11.18,10.78,10.4,10,9.6
lfi:aleatoire:26,lfi,rn,9.9,lfi,20.02,19.36,18.7,18.02,17.36,16.7,16.04
lfi:aleatoire:27,lfi,ps,6.8,lfi,7.96,7.48,6.98,6.48,6,5.5,5.02
lfi:aleatoire:28,rn,ps,0.1,rn,3,3,3.02,3.04,3.04,3.06,3.06
lfi:aleatoire:29,lfi,rn,11.7,lfi,18.88,18.1,17.34,16.56,15.78,15.02,14.24
lfi:aleatoire:30,lfi,rn,1.6,lfi,7.32,7.2,7.06,6.92,6.8,6.66,6.52
lfi:aleatoire:31,lfi,rn,2,lfi,7.46,7.3,7.16,7,6.84,6.7,6.54
lfi:aleatoire:32,rn,lfi,3.2,rn,0.1,0.28,0.48,0.68,0.86,1.06,1.24
lfi:aleatoire:33,lfi,rn,0.6,lfi,6.34,6.28,6.22,6.16,6.08,6.02,5.96
lfi:aleatoire:34,lfi,renaissance,6.9,lfi,5.08,4.62,4.16,3.68,3.22,2.76,2.28
lfi:aleatoire:35,rn,renaissance,1.4,rn,4.44,4.54,4.64,4.74,4.84,4.94,5.04
lfi:aleatoire:36,lr,rn,0,lr,8.5,8.5,8.5,8.5,8.5,8.5,8.5
lfi:aleatoire:37,lfi,ps,3.2,lfi,2.68,2.44,2.18,1.94,1.68,1.44,1.18
lfi:aleatoire:38,lfi,horizons,0.5,lfi,3.74,3.8,3.86,3.92,3.98,4.04,4.1
lfi:aleatoire:39,lfi,rn,7.8,lfi,13.7,13.16,12.64,12.12,11.58,11.06,10.52
lfi:aleatoire:40,lfi,rn,4.1,lfi,7.22,6.92,6.64,6.34,6.04,5.76,5.46
lfi:aleatoire:41,horizons,renaissance,2.1,horizons,5.02,4.88,4.74,4.6,4.46,4.32,4.18
lfi:aleatoire:42,lfi,ps,7,lfi,9.7,9.22,8.74,8.26,7.78,7.3,6.82
lfi:aleatoire:43,lfi,rn,0.6,lfi,6.56,6.5,6.44,6.36,6.3,6.24,6.18
lfi:aleatoire:44,lfi,rn,2.6,lfi,11.78,11.56,11.36,11.16,10.96,10.76,10.56
lfi:aleatoire:45,rn,lfi,0.2,rn,4.54,4.52,4.5,4.48,4.46,4.44,4.42
lfi:aleatoire:46,lfi,rn,5.5,lfi,9.52,9.14,8.76,8.4,8.02,7.64,7.26
lfi:aleatoire:47,lfi,rn,8.5,lfi,16.64,16.06,15.48,14.9,14.32,13.74,13.16
lfi:aleatoire:48,lfi,horizons,4.8,lfi,3.18,2.88,2.56,2.24,1.94,1.62,1.3
lfi:aleatoire:49,lfi,rn,10.2,lfi,17.6,16.94,16.28,15.62,14.96,14.3,13.64
lfi:aleatoire:50,rn,ps,0.2,rn,7.64,7.64,7.66,7.68,7.7,7.72,7.72
lfi:aleatoire:51,lfi,rn,7.4,lfi,14.86,14.36,13.86,13.36,12.86,12.36,11.88
lfi:aleatoire:52,renaissance,rn,1.1,renaissance,8.86,8.8,8.74,8.68,8.62,8.56,8.5
lfi:aleatoire:53,rn,lfi,1.7,rn,4,4.1,4.18,4.26,4.36,4.44,4.52
lfi:aleatoire:54,lfi,nouvelle_energie,1.3,lfi,3.56,3.66,3.76,3.88,3.98,4.08,4.18
lfi:aleatoire:55,nouvelle_energie,rn,2.8,nouvelle_energie,13.46,13.28,13.08,12.9,12.72,12.52,12.34
lfi:aleatoire:56,lfi,nouvelle_energie,11.6,lfi,12.18,11.5,10.8,10.1,9.42,8.72,8.02
lfi:aleatoire:57,rn,lfi,3.5,rn,2.28,2.08,1.88,1.68,1.48,1.26,1.06
lfi:aleatoire:58,lfi,lr,5.3,lfi,7.14,6.8,6.46,6.12,5.78,5.42,5.08
lfi:aleatoire:59,lfi,rn,10.3,lfi,22.48,21.78,21.1,20.4,19.72,19.02,18.34
lfi:aleatoire:60,lfi,rn,6.2,lfi,15.5,15.06,14.64,14.2,13.76,13.34,12.9
lfi:aleatoire:61,lfi,rn,0.5,lfi,5.94,5.88,5.82,5.76,5.72,5.66,5.6
lfi:aleatoire:62,lfi,horizons,4.6,lfi,2.84,2.54,2.22,1.92,1.6,1.28,0.98
lfi:aleatoire:63,lfi,rn,6.9,lfi,16.78,16.32,15.84,15.38,14.9,14.44,13.98
lfi:aleatoire:64,lfi,rn,0.3,lfi,6.86,6.8,6.76,6.7,6.66,6.6,6.54
lfi:aleatoire:65,lfi,horizons,1.9,lfi,1.48,1.62,1.76,1.9,2.04,2.2,2.34
lfi:aleatoire:66,lfi,rn,7,lfi,18.18,17.7,17.22,16.74,16.26,15.78,15.3
lfi:aleatoire:67,lfi,horizons,2,lfi,0.82,0.98,1.14,1.3,1.46,1.62,1.76
lfi:aleatoire:68,lfi,rn,5.6,lfi,13.48,13.08,12.68,12.3,11.9,11.5,11.12
lfi:aleatoire:69,lfi,nouvelle_energie,11.4,lfi,9.58,8.9,8.24,7.56,6.9,6.22,5.54
lfi:prudent:0,lfi,ps,4.2,lfi,7.88,7.56,7.26,6.94,6.62,6.3,6
lfi:prudent:1,lfi,lr,8.1,lfi,8.18,7.68,7.18,6.68,6.16,5.66,5.16
lfi:prudent:2,lfi,rn,7.5,lfi,13.94,13.42,12.9,12.38,11.88,11.36,10.84
lfi:prudent:3,lfi,nouvelle_energie,4.7,lfi,1.94,1.64,1.34,1.04,0.74,0.44,0.14
lfi:prudent:4,lfi,ps,8.8,lfi,13.12,12.5,11.9,11.28,10.66,10.04,9.44
lfi:prudent:5,lfi,rn,12.7,lfi,23.78,22.92,22.06,21.22,20.36,19.5,18.66
lfi:prudent:6,lfi,rn,6.9,lfi,16.24,15.78,15.3,14.82,14.34,13.86,13.4
lfi:prudent:7,lfi,rn,11.2,lfi,19.82,19.06,18.32,17.56,16.8,16.06,15.3
lfi:prudent:8,lfi,rn,0.5,lfi,5.5,5.44,5.36,5.3,5.24,5.16,5.1
lfi:prudent:9,lfi,rn,1.7,lfi,10.74,10.6,10.46,10.32,10.16,10.02,9.88
lfi:prudent:10,lfi,rn,2.1,lfi,9.1,8.94,8.76,8.58,8.42,8.24,8.06
lfi:prudent:11,lfi,ps,10.3,lfi,14.3,13.58,12.88,12.16,11.46,10.76,10.04
lfi:prudent:12,lfi,lr,9.6,lfi,11.96,11.34,10.74,10.12,9.52,8.9,8.28
lfi:prudent:13,lfi,ps,12.1,lfi,16.54,15.74,14.92,14.1,13.28,12.46,11.64
lfi:prudent:14,lfi,horizons,11,lfi,14.08,13.38,12.7,12,11.3,10.6,9.92
lfi:prudent:15,lfi,rn,2.4,lfi,8.76,8.56,8.36,8.18,7.98,7.78,7.58
lfi:prudent:16,lfi,rn,8.6,lfi,16.08,15.48,14.9,14.3,13.72,13.12,12.54
lfi:prudent:17,lfi,rn,8.8,lfi,17.46,16.84,16.24,15.64,15.02,14.42,13.8
lfi:prudent:18,lfi,ps,6.6,lfi,9.68,9.2,8.72,8.24,7.76,7.3,6.82
lfi:prudent:19,lfi,rn,5.2,lfi,10.66,10.28,9.9,9.52,9.16,8.78,8.4
lfi:prudent:20,lfi,rn,7.1,lfi,15.06,14.56,14.06,13.56,13.06,12.56,12.06
lfi:prudent:21,lfi,ps,5,lfi,7.88,7.5,7.14,6.76,6.4,6.04,5.66
lfi:prudent:22,lfi,rn,8.7,lfi,17.64,17.08,16.5,15.92,15.36,14.78,14.2
lfi:prudent:23,lfi,rn,5.8,lfi,17.1,16.7,16.28,15.88,15.48,15.06,14.66
lfi:prudent:24,lfi,ps,3.5,lfi,7.02,6.74,6.48,6.2,5.92,5.66,5.38
lfi:prudent:25,lfi,rn,5.6,lfi,14.48,14.08,13.66,13.26,12.86,12.44,12.04
lfi:prudent:26,lfi,rn,7.1,lfi,15.3,14.8,14.32,13.82,13.34,12.84,12.36
lfi:prudent:27,lfi,ps,11.6,lfi,16.34,15.56,14.78,14,13.22,12.44,11.66
lfi:prudent:28,lfi,rn,5.2,lfi,9.24,8.9,8.54,8.18,7.84,7.48,7.12
lfi:prudent:29,lfi,nouvelle_energie,8.2,lfi,5.8,5.3,4.8,4.3,3.8,3.3,2.78
lfi:prudent:30,lfi,nouvelle_energie,9,lfi,8.06,7.5,6.96,6.4,5.86,5.32,4.76
lfi:prudent:31,lfi,ps,10.2,lfi,14.64,13.94,13.24,12.54,11.84,11.14,10.44
lfi:prudent:32,lfi,ps,9.1,lfi,10.54,9.92,9.3,8.68,8.08,7.46,6.84
lfi:prudent:33,lfi,rn,7.2,lfi,12.66,12.16,11.66,11.16,10.66,10.16,9.68
lfi:prudent:34,lfi,rn,9.4,lfi,19.1,18.48,17.84,17.2,16.58,15.94,15.3
lfi:prudent:35,lfi,ps,5.3,lfi,7.12,6.74,6.34,5.96,5.56,5.18,4.78
lfi:prudent:36,lfi,rn,2.7,lfi,8.68,8.48,8.26,8.04,7.84,7.62,7.4
lfi:prudent:37,lfi,ps,6.2,lfi,9.82,9.38,8.92,8.46,8.02,7.56,7.1
lfi:prudent:38,lfi,rn,6.7,lfi,14.84,14.38,13.9,13.44,12.96,12.48,12.02
lfi:prudent:39,lfi,rn,8.8,lfi,16.84,16.22,15.62,15,14.38,13.78,13.16
lfi:prudent:40,lfi,rn,8.5,lfi,15.08,14.5,13.9,13.32,12.72,12.12,11.54
lfi:prudent:41,lfi,horizons,10.1,lfi,13.64,12.98,12.34,11.7,11.04,10.4,9.74
lfi:prudent:42,lfi,ps,12.8,lfi,17,16.14,15.28,14.42,13.56,12.7,11.84
lfi:prudent:43,lfi,rn,10,lfi,17.68,17.02,16.34,15.68,15,14.34,13.66
lfi:prudent:44,lfi,ps,13,lfi,18.96,18.08,17.2,16.32,15.44,14.56,13.68
lfi:prudent:45,lfi,horizons,12.9,lfi,16.18,15.36,14.56,13.74,12.94,12.12,11.32
lfi:prudent:46,lfi,rn,10.6,lfi,21.94,21.24,20.52,19.82,19.1,18.4,17.68
lfi:prudent:47,lfi,rn,9.7,lfi,19,18.34,17.68,17.02,16.36,15.7,15.04
lfi:prudent:48,lfi,horizons,9.6,lfi,10.98,10.36,9.74,9.14,8.52,7.92,7.3
lfi:prudent:49,lfi,ps,8,lfi,11.38,10.84,10.28,9.74,9.2,8.64,8.1
lfi:prudent:50,lfi,horizons,1.5,lfi,0.14,0.26,0.4,0.52,0.64,0.76,0.9
lfi:prudent:51,lfi,rn,12,lfi,21.42,20.62,19.82,19.02,18.22,17.42,16.62
lfi:prudent:52,lfi,rn,6,lfi,13.28,12.86,12.44,12,11.58,11.16,10.74
lfi:prudent:53,lfi,ecologistes,11.6,lfi,17.74,16.94,16.16,15.38,14.6,13.8,13.02
lfi:prudent:54,lfi,rn,5.9,lfi,14.4,13.98,13.56,13.14,12.72,12.3,11.88
lfi:prudent:55,lfi,rn,11.3,lfi,18.16,17.42,16.66,15.9,15.16,14.4,13.64
lfi:prudent:56,lfi,nouvelle_energie,2.8,lfi,0.5,0.3,0.12,0.08,0.28,0.48,0.66
lfi:prudent:57,lfi,nouvelle_energie,8.5,lfi,5.54,5.02,4.52,4,3.48,2.98,2.46
lfi:prudent:58,lfi,rn,8.3,lfi,15.94,15.36,14.8,14.24,13.68,13.1,12.54
lfi:prudent:59,lfi,ps,8.5,lfi,12.92,12.32,11.72,11.12,10.52,9.94,9.34
lfi:prudent:60,lfi,rn,7.7,lfi,15.9,15.38,14.86,14.32,13.8,13.28,12.74
lfi:prudent:61,lfi,rn,7.9,lfi,14.06,13.54,13.02,12.5,11.98,11.46,10.94
lfi:prudent:62,lfi,rn,5.9,lfi,12.7,12.3,11.88,11.48,11.08,10.68,10.26
lfi:prudent:63,lfi,rn,13.6,lfi,21.18,20.28,19.38,18.48,17.58,16.66,15.76
lfi:prudent:64,lfi,rn,11.4,lfi,22,21.22,20.46,19.7,18.92,18.16,17.38
lfi:prudent:65,lfi,nouvelle_energie,2,lfi,2.84,2.98,3.12,3.26,3.42,3.56,3.7
lfi:prudent:66,lfi,rn,4.7,lfi,13.42,13.08,12.74,12.42,12.08,11.74,11.4
lfi:prudent:67,lfi,rn,3.4,lfi,8.86,8.6,8.36,8.1,7.86,7.6,7.36
lfi:prudent:68,lfi,rn,5.3,lfi,11.88,11.5,11.12,10.74,10.36,9.98,9.6
lfi:prudent:69,lfi,renaissance,6.7,lfi,9.38,8.92,8.46,8,7.54,7.06,6.6
lfi:risque:0,lfi,rn,3.8,lfi,9.28,9,8.72,8.44,8.16,7.88,7.6
lfi:risque:1,lfi,rn,2.1,lfi,7.48,7.3,7.14,6.96,6.8,6.62,6.46
lfi:risque:2,lfi,ps,16,lfi,21.62,20.58,19.52,18.46,17.42,16.36,15.32
lfi:risque:3,lfi,ps,3.7,lfi,3.62,3.34,3.06,2.8,2.52,2.24,1.96
lfi:risque:4,lfi,horizons,3,lfi,4.98,4.76,4.54,4.34,4.12,3.9,3.68
lfi:risque:5,lfi,rn,1.8,lfi,7.92,7.76,7.62,7.48,7.32,7.18,7.04
lfi:risque:6,lfi,rn,2.1,lfi,9.24,9.08,8.92,8.76,8.6,8.44,8.28
lfi:risque:7,lfi,rn,5.6,lfi,12.02,11.64,11.26,10.88,10.5,10.12,9.74
lfi:risque:8,lfi,ps,8.4,lfi,11.1,10.5,9.92,9.34,8.76,8.18,7.6
lfi:risque:9,lfi,rn,0.9,lfi,10,9.92,9.82,9.72,9.64,9.54,9.44
lfi:risque:10,lfi,rn,8.7,lfi,16.98,16.38,15.78,15.18,14.6,14,13.4
lfi:risque:11,lfi,rn,6.2,lfi,15.74,15.3,14.88,14.44,14,13.56,13.14
lfi:risque:12,lfi,rn,4.2,lfi,7.18,6.88,6.58,6.28,5.98,5.68,5.38
lfi:risque:13,lfi,horizons,5.7,lfi,6.46,6.08,5.7,5.32,4.94,4.56,4.18
lfi:risque:14,lfi,ps,12.3,lfi,18.42,17.58,16.72,15.88,15.04,14.2,13.34
lfi:risque:15,lfi,rn,8.2,lfi,16.32,15.76,15.2,14.64,14.08,13.5,12.94
lfi:risque:16,lfi,rn,4.5,lfi,11.46,11.14,10.8,10.48,10.16,9.82,9.5
lfi:risque:17,lfi,rn,4.6,lfi,13.82,13.5,13.18,12.86,12.52,12.2,11.88
lfi:risque:18,lfi,rn,9.6,lfi,17.52,16.86,16.22,15.58,14.92,14.28,13.62
lfi:risque:19,lfi,rn,5.7,lfi,11.58,11.18,10.78,10.38,9.98,9.58,9.16
lfi:risque:20,lfi,renaissance,3.9,lfi,1.62,1.34,1.06,0.78,0.52,0.24,0.04
lfi:risque:21,lfi,ps,9,lfi,14.02,13.4,12.8,12.18,11.56,10.96,10.34
lfi:risque:22,lfi,rn,7.1,lfi,13.46,12.98,12.5,12,11.52,11.02,10.54
lfi:risque:23,lfi,horizons,6.9,lfi,7.18,6.74,6.3,5.84,5.4,4.96,4.52
lfi:risque:24,lfi,rn,4,lfi,16.52,16.24,15.96,15.7,15.42,15.16,14.88
lfi:risque:25,lfi,rn,5.9,lfi,15.04,14.62,14.22,13.82,13.42,13,12.6
lfi:risque:26,rn,lfi,0.1,rn,7.08,7.04,7.02,7,6.98,6.94,6.92
lfi:risque:27,lfi,rn,2.8,lfi,9.64,9.44,9.24,9.04,8.82,8.62,8.42
lfi:risque:28,lfi,rn,0.3,lfi,6.78,6.74,6.68,6.64,6.58,6.54,6.5
lfi:risque:29,lfi,horizons,12.5,lfi,17.86,17.1,16.32,15.54,14.78,14,13.22
lfi:risque:30,rn,lfi,0.5,rn,8.42,8.44,8.44,8.44,8.44,8.44,8.46
lfi:risque:31,lfi,ps,0.1,lfi,0.2,0.16,0.12,0.08,0.04,0,0.04
lfi:risque:32,lfi,rn,3.6,lfi,12.36,12.12,11.86,11.6,11.34,11.1,10.84
lfi:risque:33,lfi,ps,4.8,lfi,7.24,6.88,6.52,6.18,5.82,5.46,5.1
lfi:risque:34,lfi,rn,2.9,lfi,13.82,13.6,13.4,13.18,12.96,12.74,12.54
lfi:risque:35,lfi,rn,7.1,lfi,16.8,16.32,15.82,15.32,14.84,14.34,13.84
lfi:risque:36,lfi,rn,7.5,lfi,19.02,18.5,18,17.48,16.96,16.46,15.94
lfi:risque:37,lfi,rn,12.4,lfi,22.22,21.42,20.6,19.8,18.98,18.18,17.36
lfi:risque:38,lfi,horizons,8.3,lfi,9.74,9.2,8.66,8.12,7.58,7.04,6.5
lfi:risque:39,lfi,lr,11.7,lfi,16.8,16.08,15.38,14.66,13.94,13.22,12.52
lfi:risque:40,lfi,ps,6.2,lfi,7.76,7.32,6.88,6.42,5.98,5.54,5.1
lfi:risque:41,lfi,ps,8.6,lfi,12.04,11.46,10.88,10.3,9.72,9.14,8.58
lfi:risque:42,lfi,ps,5.1,lfi,4.18,3.8,3.44,3.06,2.68,2.32,1.94
lfi:risque:43,lfi,rn,1.1,lfi,6.62,6.5,6.4,6.28,6.16,6.06,5.94
lfi:risque:44,lfi,rn,1.6,lfi,7.76,7.62,7.46,7.32,7.18,7.04,6.9
lfi:risque:45,lfi,ps,15.5,lfi,21.76,20.74,19.72,18.7,17.68,16.66,15.64
lfi:risque:46,lfi,rn,12.9,lfi,22.7,21.84,20.98,20.12,19.26,18.4,17.54
lfi:risque:47,lfi,rn,4.9,lfi,11.04,10.7,10.36,10.02,9.68,9.34,8.98
lfi:risque:48,lfi,rn,8.5,lfi,19.12,18.52,17.94,17.36,16.76,16.18,15.58
lfi:risque:49,lfi,rn,6.2,lfi,14.02,13.6,13.16,12.74,12.32,11.88,11.46
lfi:risque:50,lfi,rn,12.2,lfi,22.62,21.82,21.02,20.22,19.42,18.62,17.82
lfi:risque:51,lfi,rn,7.1,lfi,18.44,17.96,17.48,17,16.52,16.02,15.54
lfi:risque:52,lfi,horizons,7.8,lfi,11.32,10.82,10.3,9.8,9.28,8.78,8.28
lfi:risque:53,lfi,rn,6.6,lfi,14.48,14.02,13.58,13.12,12.66,12.2,11.74
lfi:risque:54,lfi,renaissance,8.4,lfi,13.42,12.84,12.28,11.7,11.14,10.56,10
lfi:risque:55,lfi,rn,0.3,lfi,8.16,8.1,8.06,8,7.94,7.9,7.84
lfi:risque:56,lfi,rn,5.4,lfi,14.72,14.34,13.96,13.58,13.2,12.82,12.44
lfi:risque:57,lfi,rn,7.4,lfi,15.28,14.76,14.26,13.74,13.24,12.74,12.22
lfi:risque:58,lfi,rn,5,lfi,13.4,13.04,12.68,12.34,11.98,11.62,11.28
lfi:risque:59,lfi,rn,5.6,lfi,14.78,14.38,13.98,13.58,13.2,12.8,12.4
lfi:risque:60,lfi,ps,4.1,lfi,6.96,6.66,6.36,6.06,5.76,5.46,5.14
lfi:risque:61,lfi,rn,5.3,lfi,15.5,15.14,14.76,14.4,14.02,13.66,13.28
lfi:risque:62,lfi,renaissance,8.6,lfi,10.76,10.18,9.62,9.04,8.48,7.9,7.34
lfi:risque:63,lfi,rn,7.1,lfi,17.52,17.04,16.56,16.08,15.6,15.1,14.62
lfi:risque:64,lfi,rn,5.9,lfi,15.38,14.96,14.56,14.14,13.74,13.32,12.92
lfi:risque:65,lfi,rn,2.8,lfi,10.06,9.86,9.66,9.44,9.24,9.04,8.82
lfi:risque:66,lfi,horizons,2.2,lfi,2.82,2.66,2.5,2.34,2.18,2.02,1.86
lfi:risque:67,lfi,rn,0.8,lfi,9.78,9.7,9.62,9.54,9.46,9.38,9.3
lfi:risque:68,lfi,rn,3.7,lfi,10.44,10.16,9.9,9.62,9.36,9.08,8.82
lfi:risque:69,ps,lfi,1,ps,2.22,2.26,2.3,2.34,2.38,2.42,2.46
lfi:ideologiquement_coherent:0,lfi,rn,6.9,lfi,14.12,13.66,13.18,12.7,12.22,11.76,11.28
lfi:ideologiquement_coherent:1,lfi,renaissance,7.2,lfi,9.64,9.16,8.68,8.2,7.74,7.26,6.78
lfi:ideologiquement_coherent:2,lfi,ps,7.4,lfi,8.86,8.36,7.86,7.34,6.84,6.34,5.84
lfi:ideologiquement_coherent:3,lfi,rn,5.7,lfi,12.5,12.1,11.7,11.28,10.88,10.48,10.08
lfi:ideologiquement_coherent:4,lfi,rn,10.2,lfi,19.72,19.04,18.36,17.68,17,16.32,15.64
lfi:ideologiquement_coherent:5,lfi,rn,6.7,lfi,14.84,14.38,13.92,13.46,13,12.54,12.08
lfi:ideologiquement_coherent:6,lfi,ps,12.4,lfi,18.06,17.24,16.4,15.58,14.74,13.9,13.08
lfi:ideologiquement_coherent:7,lfi,rn,7.3,lfi,14.76,14.26,13.76,13.28,12.78,12.28,11.8
lfi:ideologiquement_coherent:8,lfi,rn,7.3,lfi,14.54,14.04,13.54,13.02,12.52,12.02,11.52
lfi:ideologiquement_coherent:9,lfi,rn,7.6,lfi,16.18,15.66,15.14,14.62,14.08,13.56,13.04
lfi:ideologiquement_coherent:10,lfi,rn,5.3,lfi,14.22,13.84,13.46,13.1,12.72,12.36,11.98
lfi:ideologiquement_coherent:11,lfi,rn,5.6,lfi,12.52,12.12,11.72,11.34,10.94,10.56,10.16
lfi:ideologiquement_coherent:12,lfi,rn,10.5,lfi,16.68,16,15.3,14.6,13.92,13.22,12.52
lfi:ideologiquement_coherent:13,lfi,rn,9.9,lfi,19.94,19.28,18.62,17.96,17.3,16.64,15.98
lfi:ideologiquement_coherent:14,lfi,ps,7.8,lfi,13.02,12.48,11.94,11.4,10.86,10.32,9.78
lfi:ideologiquement_coherent:15,lfi,rn,12.6,lfi,22.54,21.7,20.88,20.04,19.22,18.4,17.56
lfi:ideologiquement_coherent:16,lfi,lr,11,lfi,10.16,9.48,8.8,8.12,7.46,6.78,6.1
lfi:ideologiquement_coherent:17,lfi,horizons,13.5,lfi,17.88,17.04,16.2,15.36,14.52,13.68,12.84
lfi:ideologiquement_coherent:18,lfi,ps,6.2,lfi,8.48,8.04,7.6,7.16,6.74,6.3,5.86
lfi:ideologiquement_coherent:19,lfi,ps,11.7,lfi,14.86,14.06,13.28,12.48,11.7,10.92,10.12
lfi:ideologiquement_coherent:20,lfi,rn,9.4,lfi,14.36,13.7,13.06,12.42,11.78,11.14,10.5
lfi:ideologiquement_coherent:21,lfi,ps,8.7,lfi,12.52,11.92,11.34,10.76,10.16,9.58,8.98
lfi:ideologiquement_coherent:22,lfi,rn,12.3,lfi,18.96,18.14,17.32,16.5,15.7,14.88,14.06
lfi:ideologiquement_coherent:23,lfi,ps,8.3,lfi,12.3,11.72,11.14,10.56,9.98,9.42,8.84
lfi:ideologiquement_coherent:24,lfi,rn,12.2,lfi,21.48,20.68,19.9,19.1,18.3,17.5,16.72
lfi:ideologiquement_coherent:25,lfi,lr,8.5,lfi,10.56,10.02,9.48,8.94,8.4,7.86,7.32
lfi:ideologiquement_coherent:26,lfi,horizons,10,lfi,12.12,11.5,10.86,10.22,9.6,8.96,8.32
lfi:ideologiquement_coherent:27,lfi,rn,5.6,lfi,9.94,9.56,9.16,8.76,8.38,7.98,7.58
lfi:ideologiquement_coherent:28,lfi,rn,5.6,lfi,11.52,11.12,10.72,10.34,9.94,9.54,9.14
lfi:ideologiquement_coherent:29,lfi,renaissance,9.3,lfi,10.54,9.92,9.3,8.7,8.08,7.48,6.86
lfi:ideologiquement_coherent:30,lfi,horizons,13.2,lfi,12.3,11.46,10.62,9.8,8.96,8.14,7.3
lfi:ideologiquement_coherent:31,lfi,horizons,6.6,lfi,5.28,4.84,4.4,3.98,3.54,3.1,2.66
lfi:ideologiquement_coherent:32,lfi,rn,13.1,lfi,20.8,19.92,19.04,18.18,17.3,16.42,15.54
lfi:ideologiquement_coherent:33,lfi,rn,10.4,lfi,18.48,17.78,17.1,16.4,15.7,15.02,14.32
lfi:ideologiquement_coherent:34,lfi,ps,9.8,lfi,14.8,14.14,13.48,12.8,12.14,11.48,10.82
lfi:ideologiquement_coherent:35,lfi,rn,5.5,lfi,11.04,10.64,10.26,9.86,9.48,9.1,8.7
lfi:ideologiquement_coherent:36,lfi,ps,3.1,lfi,5.44,5.2,4.98,4.76,4.52,4.3,4.06
lfi:ideologiquement_coherent:37,lfi,rn,6.6,lfi,13.48,13.02,12.58,12.12,11.66,11.22,10.76
lfi:ideologiquement_coherent:38,lfi,rn,12.6,lfi,21.04,20.2,19.36,18.5,17.66,16.82,15.98
lfi:ideologiquement_coherent:39,lfi,rn,8.1,lfi,17.16,16.6,16.04,15.48,14.94,14.38,13.82
lfi:ideologiquement_coherent:40,lfi,ecologistes,13.4,lfi,19.56,18.66,17.76,16.86,15.98,15.08,14.18
lfi:ideologiquement_coherent:41,lfi,renaissance,10.7,lfi,12.8,12.1,11.4,10.7,10,9.3,8.58
lfi:ideologiquement_coherent:42,lfi,rn,4.5,lfi,9.92,9.6,9.28,8.94,8.62,8.3,7.98
lfi:ideologiquement_coherent:43,lfi,rn,6.6,lfi,14.46,14,13.54,13.08,12.62,12.16,11.7
lfi:ideologiquement_coherent:44,lfi,nouvelle_energie,14.1,lfi,15.06,14.22,13.36,12.52,11.66,10.82,9.96
lfi:ideologiquement_coherent:45,lfi,rn,10.9,lfi,18.98,18.24,17.48,16.74,15.98,15.24,14.5
lfi:ideologiquement_coherent:46,lfi,horizons,7.7,lfi,6.98,6.5,6,5.5,5,4.5,4.02
lfi:ideologiquement_coherent:47,lfi,rn,6.9,lfi,15.64,15.18,14.72,14.26,13.78,13.32,12.86
lfi:ideologiquement_coherent:48,lfi,rn,5.8,lfi,12.2,11.8,11.4,11,10.6,10.2,9.8
lfi:ideologiquement_coherent:49,lfi,rn,7.6,lfi,16.6,16.08,15.56,15.04,14.52,14,13.48
lfi:ideologiquement_coherent:50,lfi,renaissance,8.6,lfi,8.32,7.76,7.2,6.64,6.06,5.5,4.94
lfi:ideologiquement_coherent:51,lfi,rn,6.1,lfi,12.78,12.36,11.94,11.52,11.1,10.68,10.26
lfi:ideologiquement_coherent:52,lfi,horizons,9,lfi,8.44,7.88,7.3,6.74,6.16,5.6,5.02
lfi:ideologiquement_coherent:53,lfi,rn,7.8,lfi,16.96,16.42,15.88,15.32,14.78,14.24,13.7
lfi:ideologiquement_coherent:54,lfi,ps,9.4,lfi,13.42,12.78,12.12,11.48,10.82,10.18,9.52
lfi:ideologiquement_coherent:55,lfi,rn,5.8,lfi,9.94,9.54,9.12,8.72,8.32,7.9,7.5
lfi:ideologiquement_coherent:56,lfi,rn,6.8,lfi,15.26,14.8,14.34,13.88,13.42,12.96,12.5
lfi:ideologiquement_coherent:57,lfi,ps,10.5,lfi,14.92,14.22,13.5,12.78,12.08,11.36,10.66
lfi:ideologiquement_coherent:58,lfi,rn,11.7,lfi,21.96,21.18,20.4,19.62,18.84,18.06,17.28
lfi:ideologiquement_coherent:59,lfi,ps,14.9,lfi,21.74,20.74,19.76,18.78,17.78,16.8,15.82
lfi:ideologiquement_coherent:60,lfi,ps,8.4,lfi,11.46,10.88,10.3,9.72,9.14,8.54,7.96
lfi:ideologiquement_coherent:61,lfi,rn,10,lfi,17.74,17.06,16.38,15.7,15.02,14.34,13.68
lfi:ideologiquement_coherent:62,lfi,rn,8.9,lfi,16,15.38,14.78,14.18,13.56,12.96,12.36
lfi:ideologiquement_coherent:63,lfi,rn,6.6,lfi,15.5,15.04,14.6,14.14,13.68,13.22,12.76
lfi:ideologiquement_coherent:64,lfi,rn,8.2,lfi,16.88,16.32,15.76,15.2,14.64,14.08,13.52
lfi:ideologiquement_coherent:65,lfi,rn,12.8,lfi,20.06,19.22,18.36,17.52,16.68,15.82,14.98
lfi:ideologiquement_coherent:66,lfi,nouvelle_energie,9.5,lfi,7.26,6.68,6.1,5.52,4.94,4.38,3.8
lfi:ideologiquement_coherent:67,lfi,rn,9.6,lfi,18.56,17.9,17.26,16.62,15.98,15.32,14.68
lfi:ideologiquement_coherent:68,lfi,horizons,4.8,lfi,2.34,2.02,1.68,1.34,1.02,0.68,0.36
lfi:ideologiquement_coherent:69,lfi,rn,9,lfi,15.46,14.84,14.22,13.62,13,12.38,11.76
lfi:opportuniste_electoral:0,lfi,nouvelle_energie,3.9,lfi,3.34,3.08,2.82,2.56,2.32,2.06,1.8
lfi:opportuniste_electoral:1,lfi,rn,10.8,lfi,20.58,19.86,19.14,18.42,17.7,16.98,16.26
lfi:opportuniste_electoral:2,rn,renaissance,0.5,rn,8.32,8.38,8.42,8.48,8.52,8.58,8.62
lfi:opportuniste_electoral:3,lfi,horizons,7.1,lfi,10.42,9.96,9.5,9.04,8.6,8.14,7.68
lfi:opportuniste_electoral:4,rn,lfi,0.3,rn,5.82,5.82,5.82,5.8,5.8,5.8,5.78
lfi:opportuniste_electoral:5,lfi,rn,0.2,lfi,8.02,7.96,7.92,7.86,7.82,7.76,7.72
lfi:opportuniste_electoral:6,rn,lfi,2.4,rn,5.62,5.76,5.9,6.04,6.18,6.32,6.46
lfi:opportuniste_electoral:7,lfi,rn,8.6,lfi,17.16,16.58,16,15.42,14.84,14.26,13.7
lfi:opportuniste_electoral:8,horizons,lfi,2,horizons,5.58,5.5,5.4,5.32,5.24,5.14,5.06
lfi:opportuniste_electoral:9,lfi,nouvelle_energie,0.8,lfi,1.1,1.16,1.2,1.26,1.3,1.36,1.42
lfi:opportuniste_electoral:10,lfi,rn,5.8,lfi,11.7,11.3,10.9,10.5,10.1,9.72,9.32
lfi:opportuniste_electoral:11,lfi,horizons,12.8,lfi,17.24,16.44,15.66,14.88,14.1,13.32,12.54
lfi:opportuniste_electoral:12,rn,lfi,1.5,rn,3.48,3.56,3.64,3.72,3.8,3.86,3.94
lfi:opportuniste_electoral:13,lfi,rn,4,lfi,9.8,9.52,9.24,8.94,8.66,8.38,8.08
lfi:opportuniste_electoral:14,lfi,rn,7.6,lfi,16.86,16.34,15.82,15.3,14.8,14.28,13.76
lfi:opportuniste_electoral:15,lfi,nouvelle_energie,3.1,lfi,1.64,1.44,1.22,1.02,0.8,0.6,0.4
lfi:opportuniste_electoral:16,lfi,nouvelle_energie,11.4,lfi,13.56,12.88,12.2,11.52,10.86,10.18,9.5
lfi:opportuniste_electoral:17,lfi,rn,8.7,lfi,16.3,15.72,15.14,14.56,13.98,13.4,12.82
lfi:opportuniste_electoral:18,lfi,rn,5,lfi,13.92,13.56,13.2,12.86,12.5,12.14,11.78
lfi:opportuniste_electoral:19,lfi,rn,5.2,lfi,12.86,12.5,12.14,11.78,11.42,11.06,10.7
lfi:opportuniste_electoral:20,rn,nouvelle_energie,3.6,rn,2.78,3.02,3.24,3.46,3.68,3.9,4.14
lfi:opportuniste_electoral:21,lfi,horizons,2.1,lfi,0.08,0.06,0.22,0.36,0.52,0.66,0.8
lfi:opportuniste_electoral:22,lfi,rn,3.7,lfi,8.18,7.92,7.68,7.42,7.18,6.92,6.66
lfi:opportuniste_electoral:23,lfi,ps,5.4,lfi,6.56,6.18,5.8,5.42,5.06,4.68,4.3
lfi:opportuniste_electoral:24,lfi,rn,2.2,lfi,12.16,12,11.82,11.64,11.48,11.3,11.12
lfi:opportuniste_electoral:25,ps,lfi,2,ps,4.18,4.08,3.96,3.86,3.76,3.64,3.54
lfi:opportuniste_electoral:26,rn,nouvelle_energie,2.9,rn,5.3,5.48,5.66,5.84,6.02,6.2,6.38
lfi:opportuniste_electoral:27,lfi,rn,0.7,lfi,7.58,7.52,7.46,7.38,7.32,7.26,7.18
lfi:opportuniste_electoral:28,lfi,rn,2.2,lfi,7.64,7.48,7.32,7.16,7,6.84,6.68
lfi:opportuniste_electoral:29,lfi,ps,1.8,lfi,3.54,3.38,3.24,3.08,2.92,2.78,2.62
lfi:opportuniste_electoral:30,lfi,rn,10.1,lfi,20.96,20.28,19.62,18.96,18.28,17.62,16.94
lfi:opportuniste_electoral:31,lfi,rn,0.7,lfi,5.6,5.52,5.46,5.4,5.32,5.26,5.2
lfi:opportuniste_electoral:32,lfi,ps,3.4,lfi,3.22,2.98,2.72,2.48,2.24,2,1.74
lfi:opportuniste_electoral:33,lfi,ps,1.5,lfi,1.86,1.72,1.6,1.46,1.32,1.2,1.06
lfi:opportuniste_electoral:34,lfi,rn,6.8,lfi,17.9,17.44,16.98,16.52,16.06,15.6,15.14
lfi:opportuniste_electoral:35,horizons,lfi,2,horizons,4.28,4.2,4.1,4.02,3.92,3.84,3.76
lfi:opportuniste_electoral:36,lfi,rn,3.9,lfi,12.58,12.28,12,11.72,11.44,11.14,10.86
lfi:opportuniste_electoral:37,horizons,ps,0.9,horizons,3.38,3.32,3.26,3.2,3.14,3.1,3.04
lfi:opportuniste_electoral:38,lfi,ps,8.6,lfi,12.64,12.04,11.46,10.86,10.26,9.68,9.08
lfi:opportuniste_electoral:39,ps,lfi,1.1,ps,2.58,2.54,2.5,2.48,2.44,2.4,2.36
lfi:opportuniste_electoral:40,ps,rn,1.6,ps,8.58,8.48,8.38,8.26,8.16,8.06,7.96
lfi:opportuniste_electoral:41,lfi,rn,2.1,lfi,8.86,8.7,8.54,8.38,8.22,8.06,7.9
lfi:opportuniste_electoral:42,rn,nouvelle_energie,0.3,rn,10.48,10.5,10.52,10.54,10.56,10.58,10.6
lfi:opportuniste_electoral:43,lfi,horizons,4.8,lfi,2.16,1.84,1.54,1.24,0.92,0.62,0.32
lfi:opportuniste_electoral:44,lfi,rn,16,lfi,26.8,25.76,24.74,23.72,22.68,21.66,20.64
lfi:opportuniste_electoral:45,lfi,renaissance,1,lfi,1.66,1.56,1.48,1.38,1.28,1.18,1.1
lfi:opportuniste_electoral:46,lfi,ps,7,lfi,10.12,9.64,9.14,8.66,8.16,7.68,7.18
lfi:opportuniste_electoral:47,horizons,lr,3.6,horizons,4.48,4.26,4.06,3.86,3.64,3.44,3.24
lfi:opportuniste_electoral:48,ps,rn,0.4,ps,9.38,9.34,9.32,9.3,9.28,9.26,9.24
lfi:opportuniste_electoral:49,lfi,rn,5.7,lfi,13.94,13.56,13.16,12.78,12.4,12,11.62
lfi:opportuniste_electoral:50,lfi,rn,2.5,lfi,10.62,10.42,10.24,10.06,9.86,9.68,9.48
lfi:opportuniste_electoral:51,lfi,nouvelle_energie,2.8,lfi,0.7,0.52,0.34,0.16,0.02,0.2,0.38
lfi:opportuniste_electoral:52,lfi,rn,5.2,lfi,13.96,13.6,13.24,12.86,12.5,12.14,11.78
lfi:opportuniste_electoral:53,horizons,rn,0.3,horizons,8.98,8.96,8.96,8.94,8.92,8.92,8.9
lfi:opportuniste_electoral:54,lfi,rn,7.8,lfi,17.14,16.62,16.1,15.58,15.04,14.52,14
lfi:opportuniste_electoral:55,lfi,horizons,4.8,lfi,6.9,6.56,6.24,5.92,5.6,5.28,4.96
lfi:opportuniste_electoral:56,lfi,renaissance,7.4,lfi,9.84,9.36,8.88,8.38,7.9,7.42,6.92
lfi:opportuniste_electoral:57,lfi,nouvelle_energie,8.9,lfi,9,8.48,7.96,7.44,6.92,6.4,5.88
lfi:opportuniste_electoral:58,lfi,horizons,5.1,lfi,6.06,5.72,5.4,5.08,4.74,4.42,4.1
lfi:opportuniste_electoral:59,lfi,rn,2.9,lfi,8.06,7.86,7.66,7.46,7.24,7.04,6.84
lfi:opportuniste_electoral:60,lfi,rn,4.9,lfi,13.34,13,12.68,12.34,12,11.68,11.34
lfi:opportuniste_electoral:61,rn,lfi,0.5,rn,3.2,3.2,3.2,3.2,3.2,3.2,3.2
lfi:opportuniste_electoral:62,ps,rn,0.4,ps,5.02,5.02,5,4.98,4.98,4.96,4.94
lfi:opportuniste_electoral:63,lfi,ps,5.5,lfi,7.02,6.62,6.24,5.86,5.48,5.08,4.7
lfi:opportuniste_electoral:64,lfi,rn,4.1,lfi,12.72,12.44,12.16,11.88,11.6,11.32,11.04
lfi:opportuniste_electoral:65,lfi,ps,5,lfi,8.18,7.82,7.46,7.1,6.74,6.38,6.02
lfi:opportuniste_electoral:66,ps,rn,1.2,ps,8.36,8.28,8.2,8.14,8.06,8,7.92
lfi:opportuniste_electoral:67,lfi,rn,0.2,lfi,9.62,9.58,9.54,9.5,9.46,9.42,9.38
lfi:opportuniste_electoral:68,lfi,rn,10.9,lfi,20.42,19.72,19.02,18.32,17.62,16.92,16.24
lfi:opportuniste_electoral:69,lfi,ps,3.9,lfi,6.72,6.44,6.16,5.88,5.6,5.32,5.04
lfi:parti_dabord:0,lfi,horizons,4.3,lfi,3.24,2.94,2.62,2.32,2,1.7,1.38
lfi:parti_dabord:1,lfi,rn,5.7,lfi,11.76,11.36,10.94,10.52,10.12,9.7,9.28
lfi:parti_dabord:2,rn,lfi,0.4,rn,4.18,4.16,4.16,4.14,4.14,4.12,4.12
lfi:parti_dabord:3,lfi,ps,3.3,lfi,0.18,0.08,0.32,0.58,0.84,1.1,1.36
lfi:parti_dabord:4,lfi,rn,2.3,lfi,8.02,7.82,7.64,7.44,7.26,7.06,6.88
lfi:parti_dabord:5,lfi,nouvelle_energie,11.8,lfi,11.54,10.82,10.08,9.36,8.64,7.92,7.18
lfi:parti_dabord:6,rn,lfi,0.5,rn,0.26,0.26,0.26,0.26,0.26,0.26,0.26
lfi:parti_dabord:7,lfi,renaissance,6.8,lfi,3.16,2.68,2.22,1.74,1.28,0.8,0.34
lfi:parti_dabord:8,lfi,rn,5.5,lfi,9.98,9.58,9.2,8.8,8.4,8,7.62
lfi:parti_dabord:9,lfi,rn,6.5,lfi,11.88,11.42,10.96,10.5,10.04,9.58,9.12
lfi:parti_dabord:10,lfi,rn,2.5,lfi,6.2,6,5.8,5.62,5.42,5.22,5.02
lfi:parti_dabord:11,lfi,ps,6.5,lfi,7.24,6.78,6.3,5.84,5.36,4.9,4.44
lfi:parti_dabord:12,lfi,rn,1.2,lfi,2.22,2.12,2,1.9,1.78,1.66,1.56
lfi:parti_dabord:13,lfi,rn,0.6,lfi,2.7,2.62,2.54,2.48,2.4,2.32,2.24
lfi:parti_dabord:14,lfi,rn,6.1,lfi,11.58,11.14,10.7,10.26,9.82,9.38,8.94
lfi:parti_dabord:15,lfi,nouvelle_energie,5.4,lfi,0.88,0.52,0.18,0.18,0.52,0.88,1.24
lfi:parti_dabord:16,lfi,horizons,6.8,lfi,3.38,2.92,2.46,2,1.56,1.1,0.64
lfi:parti_dabord:17,lfi,rn,9.1,lfi,12.94,12.3,11.68,11.06,10.42,9.8,9.18
lfi:parti_dabord:18,lfi,ps,6.5,lfi,6.68,6.22,5.74,5.28,4.8,4.34,3.86
lfi:parti_dabord:19,lfi,horizons,7.5,lfi,5.24,4.76,4.28,3.8,3.3,2.82,2.34
lfi:parti_dabord:20,lfi,rn,3.6,lfi,5.5,5.24,4.96,4.7,4.42,4.16,3.88
lfi:parti_dabord:21,lfi,horizons,3.1,lfi,1.54,1.3,1.08,0.84,0.62,0.4,0.16
lfi:parti_dabord:22,lfi,rn,2.7,lfi,5.44,5.24,5.02,4.8,4.58,4.38,4.16
lfi:parti_dabord:23,lfi,ps,6.5,lfi,8.8,8.32,7.86,7.38,6.9,6.42,5.96
lfi:parti_dabord:24,lfi,rn,1.5,lfi,6.64,6.5,6.36,6.22,6.1,5.96,5.82
lfi:parti_dabord:25,lfi,ps,3.3,lfi,3.14,2.88,2.62,2.36,2.1,1.84,1.56
lfi:parti_dabord:26,lfi,rn,6.7,lfi,9.44,8.96,8.48,8.02,7.54,7.06,6.58
lfi:parti_dabord:27,lfi,rn,6.5,lfi,12.2,11.72,11.26,10.8,10.34,9.88,9.4
lfi:parti_dabord:28,lfi,rn,5.7,lfi,7.52,7.12,6.72,6.32,5.92,5.5,5.1
lfi:parti_dabord:29,lfi,rn,4.5,lfi,8.24,7.92,7.58,7.26,6.92,6.58,6.26
lfi:parti_dabord:30,lfi,rn,5.8,lfi,9.16,8.76,8.34,7.92,7.5,7.08,6.66
lfi:parti_dabord:31,lfi,horizons,4,lfi,1.9,1.62,1.34,1.04,0.76,0.48,0.2
lfi:parti_dabord:32,lfi,rn,4.1,lfi,9.58,9.28,8.98,8.68,8.38,8.06,7.76
lfi:parti_dabord:33,rn,lfi,3.7,rn,2.6,2.4,2.18,1.96,1.76,1.54,1.34
lfi:parti_dabord:34,lfi,rn,5.5,lfi,12.04,11.66,11.26,10.88,10.48,10.08,9.7
lfi:parti_dabord:35,lfi,ps,4.6,lfi,3.26,2.92,2.58,2.24,1.9,1.54,1.2
lfi:parti_dabord:36,lfi,rn,1.6,lfi,6.88,6.72,6.58,6.44,6.3,6.16,6
lfi:parti_dabord:37,lfi,horizons,0.2,lfi,5.62,5.68,5.74,5.78,5.84,5.88,5.94
lfi:parti_dabord:38,rn,lfi,1.6,rn,2.58,2.52,2.44,2.38,2.3,2.24,2.16
lfi:parti_dabord:39,lfi,rn,4.4,lfi,9.54,9.22,8.9,8.58,8.26,7.94,7.62
lfi:parti_dabord:40,lfi,ps,6.9,lfi,7.5,7,6.5,6,5.5,5,4.5
lfi:parti_dabord:41,lfi,ps,6.2,lfi,6.96,6.52,6.08,5.64,5.18,4.74,4.3
lfi:parti_dabord:42,lfi,nouvelle_energie,1.7,lfi,9.94,10.06,10.18,10.32,10.44,10.56,10.68
lfi:parti_dabord:43,lfi,rn,0.4,lfi,3.54,3.48,3.42,3.36,3.3,3.24,3.18
lfi:parti_dabord:44,lfi,renaissance,6.1,lfi,6.28,5.86,5.42,5,4.58,4.16,3.72
lfi:parti_dabord:45,lfi,horizons,0.8,lfi,8.84,8.92,9,9.08,9.16,9.24,9.32
lfi:parti_dabord:46,lfi,ps,7.3,lfi,8.68,8.16,7.64,7.12,6.6,6.08,5.56
lfi:parti_dabord:47,lfi,rn,4.6,lfi,8.32,8,7.66,7.32,6.98,6.66,6.32
lfi:parti_dabord:48,lfi,rn,4.6,lfi,8.96,8.64,8.3,7.98,7.64,7.32,6.98
lfi:parti_dabord:49,lfi,rn,7.7,lfi,15.6,15.06,14.52,13.98,13.44,12.9,12.36
lfi:parti_dabord:50,lfi,rn,5.1,lfi,7.26,6.88,6.5,6.14,5.76,5.38,5
lfi:parti_dabord:51,lfi,ps,6.7,lfi,7.66,7.16,6.68,6.2,5.7,5.22,4.74
lfi:parti_dabord:52,rn,lfi,2.1,rn,0.84,0.74,0.64,0.54,0.42,0.32,0.22
lfi:parti_dabord:53,lfi,rn,8.1,lfi,13.7,13.14,12.6,12.04,11.48,10.92,10.36
lfi:parti_dabord:54,rn,lfi,0.3,rn,2.08,2.08,2.06,2.04,2.02,2,1.98
lfi:parti_dabord:55,lfi,rn,7.7,lfi,11.66,11.14,10.6,10.08,9.54,9,8.48
lfi:parti_dabord:56,rn,lfi,0.3,rn,5.06,5.06,5.04,5.04,5.02,5.02,5.02
lfi:parti_dabord:57,lfi,rn,1.6,lfi,5.36,5.22,5.08,4.94,4.8,4.66,4.52
lfi:parti_dabord:58,lfi,ps,10.7,lfi,12.3,11.56,10.82,10.08,9.34,8.6,7.86
lfi:parti_dabord:59,lfi,rn,5.1,lfi,10.66,10.28,9.9,9.54,9.16,8.78,8.4
lfi:parti_dabord:60,lfi,horizons,7.6,lfi,5.46,4.96,4.44,3.92,3.4,2.9,2.38
lfi:parti_dabord:61,lfi,ps,6.3,lfi,7.22,6.76,6.3,5.84,5.38,4.9,4.44
lfi:parti_dabord:62,lfi,rn,3.3,lfi,1.44,1.2,0.94,0.7,0.44,0.18,0.06
lfi:parti_dabord:63,lfi,ps,1.4,lfi,2.08,2.22,2.34,2.48,2.62,2.74,2.88
lfi:parti_dabord:64,lfi,renaissance,10.1,lfi,10,9.32,8.66,7.98,7.32,6.64,5.98
lfi:parti_dabord:65,lfi,ps,6,lfi,4.2,3.78,3.34,2.9,2.48,2.04,1.6
lfi:parti_dabord:66,lfi,rn,5,lfi,9.74,9.38,9,8.64,8.26,7.88,7.52
lfi:parti_dabord:67,lfi,horizons,2.5,lfi,6.4,6.58,6.76,6.94,7.14,7.32,7.5
lfi:parti_dabord:68,rn,lr,2.6,rn,6.16,6.3,6.46,6.62,6.76,6.92,7.08
lfi:parti_dabord:69,lfi,ps,9.7,lfi,12.26,11.6,10.92,10.24,9.58,8.9,8.22
lfi:mediatique:0,lfi,horizons,7.9,lfi,7.72,7.22,6.7,6.2,5.68,5.18,4.66
lfi:mediatique:1,ps,lr,0.8,ps,0.94,0.9,0.86,0.8,0.76,0.72,0.68
lfi:mediatique:2,lfi,ps,4.3,lfi,1.14,0.82,0.5,0.2,0.12,0.44,0.76
lfi:mediatique:3,rn,ps,6.3,rn,2.78,2.38,1.98,1.56,1.16,0.76,0.34
lfi:mediatique:4,horizons,nouvelle_energie,0.7,horizons,1.06,1.08,1.12,1.14,1.18,1.22,1.24
lfi:mediatique:5,lfi,rn,1.4,lfi,7.84,7.72,7.6,7.48,7.36,7.24,7.12
lfi:mediatique:6,lfi,rn,3.1,lfi,9.78,9.54,9.32,9.08,8.84,8.6,8.36
lfi:mediatique:7,renaissance,rn,2.4,renaissance,13.92,13.76,13.62,13.46,13.32,13.16,13.02
lfi:mediatique:8,lfi,rn,3.7,lfi,8.52,8.26,7.98,7.72,7.44,7.18,6.92
lfi:mediatique:9,lfi,ps,2.4,lfi,0.12,0.3,0.5,0.68,0.86,1.06,1.24
lfi:mediatique:10,lfi,nouvelle_energie,3.5,lfi,1.14,0.9,0.66,0.44,0.2,0.04,0.26
lfi:mediatique:11,ps,lfi,2.3,ps,4.92,4.8,4.68,4.56,4.44,4.32,4.2
lfi:mediatique:12,rn,ps,1.9,rn,3.04,3.18,3.32,3.44,3.58,3.7,3.84
lfi:mediatique:13,lfi,ps,1.8,lfi,0.2,0.04,0.12,0.28,0.42,0.58,0.74
lfi:mediatique:14,rn,lfi,1.5,rn,1.22,1.3,1.36,1.44,1.5,1.58,1.64
lfi:mediatique:15,rn,renaissance,2.7,rn,5.18,5.36,5.54,5.72,5.9,6.08,6.26
lfi:mediatique:16,rn,ps,3.1,rn,3.76,3.96,4.16,4.36,4.56,4.78,4.98
lfi:mediatique:17,lfi,rn,0,lfi,1.34,1.32,1.3,1.26,1.24,1.2,1.18
lfi:mediatique:18,lfi,ps,3.9,lfi,0.52,0.24,0.06,0.36,0.66,0.94,1.24
lfi:mediatique:19,horizons,ecologistes,0.3,horizons,3.24,3.24,3.24,3.22,3.22,3.22,3.22
lfi:mediatique:20,rn,horizons,0.8,rn,8.26,8.32,8.38,8.44,8.5,8.56,8.62
lfi:mediatique:21,horizons,lfi,1.2,horizons,4.94,4.9,4.86,4.82,4.78,4.74,4.68
lfi:mediatique:22,horizons,rn,4.6,horizons,13.04,12.78,12.5,12.22,11.94,11.68,11.4
lfi:mediatique:23,rn,ps,5.6,rn,0.76,0.4,0.04,0.32,0.7,1.06,1.42
lfi:mediatique:24,lfi,rn,9.4,lfi,21.3,20.68,20.06,19.44,18.82,18.2,17.58
lfi:mediatique:25,rn,lfi,1.9,rn,0.76,0.66,0.56,0.46,0.36,0.28,0.18
lfi:mediatique:26,rn,ps,0.6,rn,7.14,7.18,7.24,7.28,7.32,7.36,7.4
lfi:mediatique:27,lfi,horizons,1.4,lfi,3.02,3.14,3.26,3.38,3.5,3.62,3.74
lfi:mediatique:28,ps,lfi,0.8,ps,4.48,4.46,4.42,4.4,4.38,4.36,4.34
lfi:mediatique:29,rn,lfi,1.1,rn,2.28,2.32,2.36,2.4,2.44,2.48,2.52
lfi:mediatique:30,rn,lfi,1.3,rn,0.3,0.36,0.42,0.5,0.56,0.62,0.7
lfi:mediatique:31,horizons,renaissance,0.3,horizons,1.54,1.52,1.5,1.48,1.46,1.44,1.42
lfi:mediatique:32,ps,rn,2.6,ps,6.8,6.64,6.5,6.34,6.18,6.02,5.86
lfi:mediatique:33,lfi,rn,2.2,lfi,10.68,10.5,10.32,10.16,9.98,9.82,9.64
lfi:mediatique:34,rn,horizons,1.8,rn,6.84,6.94,7.06,7.18,7.28,7.4,7.52
lfi:mediatique:35,ps,rn,0.1,ps,8.04,8.04,8.04,8.04,8.04,8.04,8.04
lfi:mediatique:36,ps,lfi,0.3,ps,4.48,4.5,4.5,4.5,4.5,4.5,4.5
lfi:mediatique:37,ps,lr,2.3,ps,0.88,0.74,0.62,0.48,0.36,0.22,0.1
lfi:mediatique:38,ps,rn,0,ps,6.56,6.56,6.58,6.58,6.6,6.6,6.62
lfi:mediatique:39,lfi,horizons,1.5,lfi,0.34,0.22,0.08,0.04,0.16,0.28,0.4
lfi:mediatique:40,lfi,lr,4.5,lfi,2.92,3.22,3.5,3.8,4.1,4.38,4.68
lfi:mediatique:41,lfi,ps,0.4,lfi,1.3,1.36,1.42,1.48,1.54,1.62,1.68
lfi:mediatique:42,rn,horizons,1.2,rn,5.58,5.66,5.74,5.82,5.9,5.98,6.06
lfi:mediatique:43,ps,lfi,1.1,ps,4.84,4.78,4.74,4.7,4.66,4.6,4.56
lfi:mediatique:44,rn,ecologistes,5,rn,2.62,2.3,2,1.68,1.38,1.06,0.76
lfi:mediatique:45,rn,lr,7.9,rn,3.02,2.52,2.02,1.52,1.02,0.54,0.04
lfi:mediatique:46,rn,lfi,1.5,rn,4.52,4.6,4.66,4.72,4.8,4.86,4.94
lfi:mediatique:47,rn,ps,0.4,rn,8.02,8.06,8.1,8.12,8.16,8.18,8.22
lfi:mediatique:48,rn,lfi,2.1,rn,2.26,2.36,2.48,2.58,2.68,2.78,2.9
lfi:mediatique:49,lfi,rn,0.2,lfi,5.92,5.88,5.84,5.8,5.76,5.72,5.68
lfi:mediatique:50,rn,nouvelle_energie,2.1,rn,5.5,5.62,5.76,5.88,6,6.14,6.26
lfi:mediatique:51,lfi,ps,0.5,lfi,3.6,3.66,3.72,3.78,3.84,3.92,3.98
lfi:mediatique:52,rn,horizons,1.5,rn,5.74,5.84,5.94,6.04,6.12,6.22,6.32
lfi:mediatique:53,lfi,rn,0.7,lfi,4.94,4.86,4.78,4.72,4.64,4.56,4.48
lfi:mediatique:54,ps,lr,0.7,ps,4.36,4.4,4.44,4.46,4.5,4.54,4.58
lfi:mediatique:55,rn,horizons,0.8,rn,5.84,5.9,5.94,6,6.04,6.1,6.14
lfi:mediatique:56,ps,renaissance,2.4,ps,2.1,1.96,1.8,1.64,1.48,1.34,1.18
lfi:mediatique:57,ps,lfi,3.5,ps,10.58,10.36,10.14,9.92,9.7,9.5,9.28
lfi:mediatique:58,ps,horizons,2.3,ps,0.94,0.8,0.66,0.52,0.4,0.26,0.12
lfi:mediatique:59,lfi,rn,5.8,lfi,13.98,13.56,13.16,12.74,12.32,11.92,11.5
lfi:mediatique:60,rn,horizons,4,rn,2.7,2.96,3.22,3.48,3.72,3.98,4.24
lfi:mediatique:61,lfi,rn,2.2,lfi,7.8,7.62,7.46,7.28,7.12,6.94,6.78
lfi:mediatique:62,horizons,ps,0.3,horizons,2.96,2.96,2.94,2.92,2.9,2.9,2.88
lfi:mediatique:63,rn,lfi,1.8,rn,2.84,2.92,3.02,3.1,3.2,3.28,3.36
lfi:mediatique:64,lfi,rn,4.4,lfi,15.06,14.74,14.44,14.12,13.8,13.48,13.16
lfi:mediatique:65,lfi,nouvelle_energie,3.4,lfi,2.76,2.52,2.3,2.06,1.84,1.6,1.38
lfi:mediatique:66,nouvelle_energie,rn,0.5,nouvelle_energie,11.44,11.4,11.36,11.34,11.3,11.26,11.24
lfi:mediatique:67,lfi,lr,2,lfi,1.38,1.5,1.64,1.76,1.9,2.02,2.16
lfi:mediatique:68,rn,lfi,1.1,rn,5.36,5.4,5.44,5.48,5.52,5.56,5.6
lfi:mediatique:69,lfi,rn,2.8,lfi,8.24,8.04,7.84,7.64,7.42,7.22,7.02
lfi:contrarien:0,ps,rn,0.6,ps,5.86,5.82,5.78,5.76,5.72,5.68,5.66
lfi:contrarien:1,ps,rn,1.8,ps,6.16,6.04,5.94,5.82,5.72,5.6,5.5
lfi:contrarien:2,ps,rn,0.7,ps,7,6.96,6.92,6.86,6.82,6.78,6.74
lfi:contrarien:3,ps,renaissance,0.8,ps,0.8,0.74,0.68,0.64,0.58,0.52,0.46
lfi:contrarien:4,lr,rn,1,lr,10.92,10.84,10.78,10.72,10.64,10.58,10.52
lfi:contrarien:5,ps,nouvelle_energie,0.1,ps,2.98,2.98,2.98,2.98,2.98,2.98,2.98
lfi:contrarien:6,rn,horizons,1.8,rn,6.32,6.44,6.56,6.68,6.8,6.92,7.04
lfi:contrarien:7,lr,rn,0.1,lr,9.22,9.22,9.2,9.2,9.18,9.18,9.18
lfi:contrarien:8,ps,rn,0.2,ps,6.54,6.54,6.54,6.54,6.54,6.54,6.54
lfi:contrarien:9,rn,horizons,3.6,rn,1.9,2.14,2.36,2.6,2.84,3.06,3.3
lfi:contrarien:10,ps,rn,3.5,ps,13.06,12.86,12.64,12.42,12.2,11.98,11.78
lfi:contrarien:11,rn,renaissance,3.9,rn,1.9,2.16,2.4,2.64,2.9,3.14,3.38
lfi:contrarien:12,rn,horizons,1.2,rn,9.1,9.2,9.28,9.36,9.46,9.54,9.62
lfi:contrarien:13,lfi,ps,1.6,lfi,0.48,0.62,0.76,0.9,1.04,1.18,1.32
lfi:contrarien:14,rn,nouvelle_energie,3,rn,5.88,6.06,6.24,6.4,6.58,6.76,6.94
lfi:contrarien:15,lfi,rn,0.6,lfi,6.58,6.52,6.44,6.38,6.3,6.24,6.16
lfi:contrarien:16,nouvelle_energie,horizons,1.1,nouvelle_energie,1.24,1.16,1.08,1,0.92,0.84,0.76
lfi:contrarien:17,horizons,rn,1.6,horizons,10.96,10.88,10.78,10.7,10.6,10.52,10.44
lfi:contrarien:18,horizons,renaissance,1.1,horizons,1.66,1.58,1.5,1.44,1.36,1.28,1.22
lfi:contrarien:19,lfi,rn,2.7,lfi,12.2,12,11.8,11.6,11.4,11.2,11
lfi:contrarien:20,horizons,rn,0.5,horizons,7.28,7.26,7.22,7.2,7.18,7.14,7.12
lfi:contrarien:21,lfi,lr,4.9,lfi,7.54,7.22,6.9,6.58,6.26,5.96,5.64
lfi:contrarien:22,lfi,rn,1.5,lfi,10.92,10.8,10.68,10.54,10.42,10.3,10.16
lfi:contrarien:23,lfi,rn,3.9,lfi,9.82,9.54,9.26,9,8.72,8.44,8.16
lfi:contrarien:24,rn,lfi,3.7,rn,0.16,0.38,0.6,0.82,1.04,1.24,1.46
lfi:contrarien:25,rn,horizons,3.3,rn,6.5,6.72,6.94,7.14,7.36,7.56,7.78
lfi:contrarien:26,rn,lr,4.8,rn,0.32,0.62,0.92,1.24,1.54,1.84,2.14
lfi:contrarien:27,ps,rn,1.9,ps,7.56,7.46,7.34,7.24,7.12,7.02,6.9
lfi:contrarien:28,lr,horizons,0.1,lr,0.32,0.32,0.34,0.34,0.36,0.38,0.38
lfi:contrarien:29,rn,lfi,6,rn,0.54,0.92,1.28,1.64,2,2.36,2.74
lfi:contrarien:30,rn,lfi,0.7,rn,4.2,4.22,4.24,4.26,4.28,4.3,4.32
lfi:contrarien:31,ps,rn,0.6,ps,8.58,8.54,8.52,8.48,8.44,8.4,8.38
lfi:contrarien:32,ps,rn,3.4,ps,11.36,11.14,10.92,10.7,10.48,10.28,10.06
lfi:contrarien:33,ps,rn,0.4,ps,6.76,6.74,6.72,6.7,6.68,6.66,6.64
lfi:contrarien:34,ps,lfi,2.7,ps,5.38,5.22,5.08,4.92,4.76,4.62,4.46
lfi:contrarien:35,rn,ps,0.1,rn,6.42,6.44,6.44,6.46,6.48,6.48,6.5
lfi:contrarien:36,rn,nouvelle_energie,1.1,rn,8.6,8.68,8.74,8.8,8.86,8.92,8.98
lfi:contrarien:37,horizons,rn,1.5,horizons,9.34,9.26,9.18,9.08,9,8.92,8.84
lfi:contrarien:38,lfi,horizons,0.9,lfi,0.36,0.28,0.18,0.1,0.02,0.06,0.14
lfi:contrarien:39,horizons,rn,0.9,horizons,7.92,7.88,7.84,7.78,7.74,7.68,7.64
lfi:contrarien:40,ps,horizons,0.7,ps,1.74,1.7,1.66,1.62,1.58,1.54,1.5
lfi:contrarien:41,rn,horizons,1.3,rn,7.72,7.8,7.88,7.98,8.06,8.16,8.24
lfi:contrarien:42,rn,horizons,1.5,rn,6.78,6.88,6.98,7.08,7.18,7.28,7.4
lfi:contrarien:43,lfi,ps,3.1,lfi,3,2.76,2.52,2.28,2.06,1.82,1.58
lfi:contrarien:44,rn,horizons,0.9,rn,5.04,5.1,5.18,5.24,5.3,5.36,5.44
lfi:contrarien:45,ps,rn,1.8,ps,9.8,9.7,9.58,9.48,9.38,9.28,9.16
lfi:contrarien:46,rn,horizons,2.8,rn,6.9,7.06,7.24,7.42,7.6,7.78,7.96
lfi:contrarien:47,rn,lfi,1.5,rn,3.8,3.86,3.94,4.02,4.1,4.16,4.24
lfi:contrarien:48,rn,ps,1.2,rn,2.24,2.32,2.4,2.5,2.58,2.66,2.76
lfi:contrarien:49,rn,ps,2.4,rn,2.24,2.4,2.56,2.72,2.88,3.04,3.18
lfi:contrarien:50,horizons,rn,1.4,horizons,10.4,10.32,10.24,10.16,10.06,9.98,9.9
lfi:contrarien:51,rn,horizons,1.9,rn,5.48,5.6,5.74,5.86,5.98,6.12,6.24
lfi:contrarien:52,rn,lfi,0.4,rn,4.58,4.58,4.58,4.58,4.6,4.6,4.6
lfi:contrarien:53,rn,ps,2.8,rn,0.26,0.08,0.1,0.3,0.48,0.66,0.86
lfi:contrarien:54,rn,horizons,0.2,rn,7.52,7.54,7.56,7.58,7.6,7.62,7.64
lfi:contrarien:55,rn,ps,0.7,rn,2.7,2.74,2.8,2.84,2.9,2.94,3
lfi:contrarien:56,renaissance,ps,1.2,renaissance,7.44,7.36,7.3,7.22,7.14,7.08,7
lfi:contrarien:57,rn,ecologistes,2.5,rn,0.74,0.9,1.04,1.2,1.34,1.5,1.66
lfi:contrarien:58,ps,horizons,2.6,ps,0.94,0.78,0.62,0.48,0.32,0.16,0.02
lfi:contrarien:59,renaissance,rn,0.6,renaissance,10.8,10.76,10.74,10.7,10.68,10.64,10.62
lfi:contrarien:60,ps,horizons,1.3,ps,2.08,2.16,2.24,2.32,2.4,2.46,2.54
lfi:contrarien:61,horizons,rn,0.7,horizons,8.96,8.92,8.88,8.84,8.8,8.78,8.74
lfi:contrarien:62,rn,lfi,1.9,rn,4.28,4.36,4.46,4.54,4.64,4.72,4.82
lfi:contrarien:63,rn,horizons,5,rn,0.86,1.18,1.48,1.8,2.12,2.44,2.74
lfi:contrarien:64,ps,horizons,1.7,ps,1.48,1.58,1.68,1.78,1.88,1.98,2.08
lfi:contrarien:65,rn,horizons,0.6,rn,7.54,7.6,7.64,7.68,7.72,7.78,7.82
lfi:contrarien:66,ps,rn,2.8,ps,10,9.82,9.66,9.48,9.3,9.14,8.96
lfi:contrarien:67,renaissance,ps,1.9,renaissance,2.88,2.78,2.66,2.54,2.44,2.32,2.2
lfi:contrarien:68,nouvelle_energie,lr,0.9,nouvelle_energie,3.8,3.74,3.68,3.62,3.56,3.5,3.44
lfi:contrarien:69,rn,nouvelle_energie,0.3,rn,9.3,9.32,9.34,9.34,9.36,9.36,9.38
ps:aleatoire:0,rn,renaissance,1,rn,6.06,6.14,6.2,6.28,6.36,6.42,6.5
ps:aleatoire:1,ps,rn,0.8,ps,7.82,7.74,7.68,7.6,7.52,7.46,7.38
ps:aleatoire:2,ps,rn,0.3,ps,9.3,9.28,9.28,9.26,9.26,9.24,9.24
ps:aleatoire:3,ps,lr,9.7,ps,12.46,11.9,11.32,10.74,10.18,9.6,9.02
ps:aleatoire:4,ps,rn,8.6,ps,19.8,19.26,18.72,18.2,17.66,17.12,16.58
ps:aleatoire:5,ps,rn,12.4,ps,24.2,23.4,22.6,21.82,21.02,20.22,19.44
ps:aleatoire:6,ps,rn,3.7,ps,13.64,13.4,13.16,12.9,12.66,12.42,12.16
ps:aleatoire:7,ps,rn,1.4,ps,9.78,9.7,9.62,9.54,9.44,9.36,9.28
ps:aleatoire:8,rn,ps,2.4,rn,4.52,4.7,4.86,5.02,5.18,5.36,5.52
ps:aleatoire:9,ps,renaissance,5.5,ps,7.22,6.86,6.52,6.16,5.8,5.46,5.1
ps:aleatoire:10,ps,horizons,2.4,ps,4,3.86,3.7,3.54,3.38,3.24,3.08
ps:aleatoire:11,ps,rn,9.3,ps,23.2,22.6,21.98,21.38,20.76,20.16,19.54
ps:aleatoire:12,ps,rn,10.4,ps,20.24,19.58,18.92,18.26,17.6,16.96,16.3
ps:aleatoire:13,ps,rn,1.8,ps,10.76,10.62,10.5,10.38,10.24,10.12,10
ps:aleatoire:14,ps,rn,13.5,ps,21.16,20.3,19.46,18.62,17.76,16.92,16.08
ps:aleatoire:15,rn,ps,0.2,rn,6.1,6.12,6.14,6.14,6.16,6.18,6.18
ps:aleatoire:16,ps,rn,8.6,ps,21.5,20.96,20.44,19.9,19.36,18.82,18.28
ps:aleatoire:17,ps,horizons,11.1,ps,13.22,12.56,11.9,11.24,10.56,9.9,9.24
ps:aleatoire:18,ps,nouvelle_energie,5.6,ps,8.48,8.14,7.8,7.46,7.1,6.76,6.42
ps:aleatoire:19,ps,rn,2.8,ps,12.5,12.32,12.14,11.94,11.76,11.58,11.4
ps:aleatoire:20,ps,horizons,1,ps,0.46,0.54,0.64,0.72,0.82,0.9,0.98
ps:aleatoire:21,ps,lfi,8.7,ps,16.54,16,15.44,14.88,14.34,13.78,13.22
ps:aleatoire:22,ps,rn,8.6,ps,15.6,15.04,14.5,13.94,13.38,12.84,12.28
ps:aleatoire:23,rn,ps,1.1,rn,3.84,3.92,4,4.08,4.16,4.22,4.3
ps:aleatoire:24,rn,lr,5.1,rn,3.32,3.64,3.96,4.28,4.6,4.9,5.22
ps:aleatoire:25,ps,renaissance,6.3,ps,7.6,7.18,6.76,6.36,5.94,5.52,5.1
ps:aleatoire:26,ps,horizons,5.3,ps,10.82,10.5,10.16,9.84,9.5,9.16,8.84
ps:aleatoire:27,ps,rn,4.8,ps,13.48,13.2,12.94,12.66,12.38,12.12,11.84
ps:aleatoire:28,ps,nouvelle_energie,9,ps,9.6,9.06,8.52,7.98,7.44,6.92,6.38
ps:aleatoire:29,ps,horizons,2.2,ps,6.66,6.52,6.38,6.24,6.1,5.96,5.84
ps:aleatoire:30,ps,rn,11.8,ps,22.58,21.82,21.06,20.3,19.54,18.78,18.02
ps:aleatoire:31,ps,horizons,7.2,ps,4.12,3.68,3.24,2.8,2.36,1.94,1.5
ps:aleatoire:32,rn,ps,0.3,rn,4.66,4.68,4.72,4.76,4.8,4.82,4.86
ps:aleatoire:33,ps,lfi,5.4,ps,11.38,11.04,10.7,10.38,10.04,9.7,9.36
ps:aleatoire:34,ps,horizons,4.5,ps,5.56,5.28,4.98,4.7,4.42,4.14,3.84
ps:aleatoire:35,ps,rn,6.9,ps,15.08,14.6,14.14,13.68,13.2,12.74,12.28
ps:aleatoire:36,horizons,ps,4.7,horizons,3.78,3.5,3.24,2.96,2.68,2.4,2.14
ps:aleatoire:37,ps,lfi,10.4,ps,17.54,16.88,16.2,15.54,14.86,14.2,13.54
ps:aleatoire:38,ps,rn,1.3,ps,6.48,6.38,6.28,6.18,6.08,5.98,5.88
ps:aleatoire:39,ps,rn,2.1,ps,10.12,9.98,9.82,9.68,9.54,9.4,9.26
ps:aleatoire:40,ps,rn,1.3,ps,8.62,8.52,8.42,8.3,8.2,8.1,8
ps:aleatoire:41,ps,nouvelle_energie,3.5,ps,3.14,2.92,2.72,2.5,2.28,2.08,1.86
ps:aleatoire:42,ps,rn,11.4,ps,22.42,21.7,20.96,20.22,19.48,18.76,18.02
ps:aleatoire:43,ps,rn,6,ps,15.48,15.08,14.68,14.28,13.88,13.48,13.08
ps:aleatoire:44,ps,rn,8.6,ps,15.74,15.22,14.68,14.14,13.62,13.08,12.54
ps:aleatoire:45,rn,ps,2.8,rn,1.98,2.14,2.32,2.48,2.66,2.82,3
ps:aleatoire:46,ps,rn,2.3,ps,9.8,9.62,9.46,9.3,9.14,8.98,8.82
ps:aleatoire:47,ps,lr,11.9,ps,15.84,15.14,14.44,13.74,13.02,12.32,11.62
ps:aleatoire:48,ps,rn,7.1,ps,15.84,15.38,14.94,14.5,14.04,13.6,13.14
ps:aleatoire:49,ps,rn,1.4,ps,13.52,13.42,13.34,13.24,13.14,13.04,12.94
ps:aleatoire:50,ps,rn,0.4,ps,5.84,5.8,5.76,5.72,5.68,5.66,5.62
ps:aleatoire:51,rn,ps,1,rn,7.52,7.58,7.66,7.74,7.8,7.88,7.94
ps:aleatoire:52,ps,renaissance,7.7,ps,8.64,8.14,7.64,7.14,6.64,6.14,5.62
ps:aleatoire:53,ps,nouvelle_energie,9.6,ps,9.22,8.64,8.08,7.5,6.94,6.36,5.8
ps:aleatoire:54,ps,rn,5.8,ps,13.62,13.24,12.86,12.48,12.1,11.72,11.34
ps:aleatoire:55,ps,nouvelle_energie,4.5,ps,5.36,5.08,4.8,4.54,4.26,3.98,3.7
ps:aleatoire:56,ps,horizons,0.9,ps,3.52,3.44,3.36,3.28,3.2,3.14,3.06
ps:aleatoire:57,ps,rn,8.2,ps,16.66,16.12,15.6,15.06,14.54,14,13.48
ps:aleatoire:58,ps,horizons,5.3,ps,5.4,5.08,4.78,4.46,4.14,3.82,3.52
ps:aleatoire:59,ps,horizons,7.3,ps,6.16,5.72,5.28,4.84,4.4,3.96,3.52
ps:aleatoire:60,ps,rn,4.3,ps,15.36,15.08,14.8,14.52,14.24,13.96,13.68
ps:aleatoire:61,ps,nouvelle_energie,1.9,ps,1.84,1.96,2.08,2.2,2.32,2.44,2.56
ps:aleatoire:62,ps,nouvelle_energie,12.2,ps,16.66,15.96,15.26,14.54,13.84,13.14,12.42
ps:aleatoire:63,rn,renaissance,2.2,rn,4.54,4.7,4.86,5,5.16,5.32,5.46
ps:aleatoire:64,ps,rn,14.4,ps,23.8,22.88,21.98,21.08,20.16,19.26,18.34
ps:aleatoire:65,ps,rn,7.9,ps,17.9,17.4,16.88,16.38,15.86,15.36,14.84
ps:aleatoire:66,ps,rn,9.3,ps,21.34,20.72,20.12,19.52,18.92,18.3,17.7
ps:aleatoire:67,ps,rn,3.9,ps,12.62,12.36,12.1,11.84,11.58,11.32,11.06
ps:aleatoire:68,renaissance,rn,0.3,renaissance,5.92,5.92,5.9,5.9,5.88,5.88,5.86
ps:aleatoire:69,ps,rn,9.3,ps,19.08,18.5,17.92,17.34,16.74,16.16,15.58
ps:prudent:0,rn,ps,0.1,rn,8.48,8.46,8.46,8.44,8.44,8.42,8.42
ps:prudent:1,ps,rn,9.1,ps,19.12,18.54,17.98,17.42,16.86,16.28,15.72
ps:prudent:2,ps,horizons,10.1,ps,12.9,12.3,11.7,11.08,10.48,9.86,9.26
ps:prudent:3,ps,rn,5.5,ps,14.2,13.86,13.5,13.14,12.78,12.44,12.08
ps:prudent:4,ps,renaissance,0.3,ps,2.18,2.14,2.08,2.04,2,1.96,1.92
ps:prudent:5,ps,horizons,5.4,ps,5.64,5.3,4.96,4.62,4.28,3.94,3.6
ps:prudent:6,ps,rn,11.9,ps,21.58,20.82,20.08,19.32,18.58,17.82,17.08
ps:prudent:7,ps,lr,9.1,ps,11.26,10.72,10.18,9.64,9.1,8.56,8
ps:prudent:8,ps,nouvelle_energie,13.8,ps,16.46,15.66,14.86,14.04,13.24,12.44,11.62
ps:prudent:9,ps,rn,10.1,ps,22.72,22.1,21.48,20.86,20.22,19.6,18.98
ps:prudent:10,ps,nouvelle_energie,7.4,ps,7.56,7.14,6.7,6.26,5.82,5.38,4.94
ps:prudent:11,ps,horizons,6,ps,7.54,7.18,6.8,6.44,6.06,5.7,5.32
ps:prudent:12,ps,horizons,18,ps,21.94,20.88,19.8,18.74,17.68,16.6,15.54
ps:prudent:13,ps,nouvelle_energie,4.1,ps,3.26,3.02,2.78,2.52,2.28,2.04,1.8
ps:prudent:14,ps,rn,8.5,ps,16.76,16.24,15.7,15.16,14.64,14.1,13.56
ps:prudent:15,ps,rn,5.1,ps,13.92,13.56,13.22,12.86,12.52,12.16,11.82
ps:prudent:16,ps,nouvelle_energie,13.2,ps,15.54,14.76,14,13.24,12.46,11.7,10.92
ps:prudent:17,ps,horizons,9.4,ps,12.3,11.76,11.2,10.66,10.12,9.56,9.02
ps:prudent:18,ps,rn,9.5,ps,17.62,17.02,16.44,15.84,15.24,14.64,14.04
ps:prudent:19,ps,rn,6.7,ps,15.2,14.76,14.34,13.92,13.48,13.06,12.62
ps:prudent:20,ps,nouvelle_energie,7.7,ps,8.66,8.18,7.72,7.26,6.8,6.32,5.86
ps:prudent:21,ps,rn,8.6,ps,19.56,19,18.44,17.88,17.34,16.78,16.22
ps:prudent:22,ps,rn,9.8,ps,17.78,17.16,16.54,15.92,15.3,14.68,14.06
ps:prudent:23,ps,rn,14.2,ps,25.52,24.62,23.72,22.82,21.92,21.02,20.12
ps:prudent:24,ps,lfi,3.7,ps,11.22,10.98,10.76,10.52,10.28,10.06,9.82
ps:prudent:25,ps,rn,7.7,ps,19.96,19.46,18.96,18.46,17.94,17.44,16.94
ps:prudent:26,ps,rn,11.9,ps,21.86,21.12,20.38,19.64,18.9,18.14,17.4
ps:prudent:27,ps,rn,11.7,ps,22.48,21.72,20.98,20.22,19.46,18.72,17.96
ps:prudent:28,ps,rn,8.1,ps,19.02,18.5,18,17.48,16.96,16.46,15.94
ps:prudent:29,ps,rn,7.3,ps,18.56,18.08,17.62,17.16,16.7,16.24,15.78
ps:prudent:30,ps,horizons,11.8,ps,13.88,13.16,12.42,11.68,10.94,10.22,9.48
ps:prudent:31,ps,rn,3.8,ps,9.46,9.22,8.98,8.74,8.5,8.26,8.02
ps:prudent:32,ps,nouvelle_energie,9.6,ps,9.92,9.36,8.8,8.24,7.66,7.1,6.54
ps:prudent:33,ps,rn,9.4,ps,16.22,15.62,15.02,14.4,13.8,13.2,12.6
ps:prudent:34,ps,nouvelle_energie,9.6,ps,10.92,10.34,9.78,9.2,8.62,8.06,7.48
ps:prudent:35,ps,rn,4.2,ps,13.76,13.5,13.22,12.94,12.66,12.38,12.1
ps:prudent:36,ps,rn,2,ps,10.42,10.28,10.14,10.02,9.88,9.74,9.6
ps:prudent:37,ps,rn,11.9,ps,21.6,20.88,20.14,19.4,18.66,17.92,17.18
ps:prudent:38,ps,rn,6.1,ps,13.82,13.44,13.06,12.68,12.3,11.92,11.54
ps:prudent:39,ps,rn,11.2,ps,20.16,19.48,18.78,18.08,17.4,16.7,16
ps:prudent:40,ps,nouvelle_energie,4,ps,2.68,2.46,2.22,2,1.76,1.54,1.3
ps:prudent:41,ps,horizons,9.4,ps,15.66,15.1,14.52,13.94,13.36,12.78,12.22
ps:prudent:42,ps,nouvelle_energie,10.8,ps,12.62,12,11.38,10.74,10.12,9.48,8.86
ps:prudent:43,ps,renaissance,10.9,ps,15.14,14.46,13.76,13.08,12.38,11.7,11
ps:prudent:44,ps,nouvelle_energie,5,ps,5.28,5,4.72,4.42,4.14,3.84,3.56
ps:prudent:45,ps,rn,10.8,ps,20.52,19.82,19.14,18.44,17.76,17.06,16.38
ps:prudent:46,ps,rn,8.1,ps,18.14,17.62,17.12,16.62,16.12,15.6,15.1
ps:prudent:47,ps,lr,11.6,ps,15.76,15.08,14.4,13.7,13.02,12.34,11.66
ps:prudent:48,ps,rn,9.3,ps,21.24,20.66,20.08,19.52,18.94,18.36,17.78
ps:prudent:49,ps,rn,9.1,ps,19.18,18.62,18.06,17.5,16.94,16.38,15.82
ps:prudent:50,ps,lfi,16.2,ps,25.66,24.62,23.58,22.54,21.52,20.48,19.44
ps:prudent:51,ps,rn,6.2,ps,17.38,16.98,16.58,16.2,15.8,15.4,15
ps:prudent:52,ps,nouvelle_energie,5.4,ps,3.96,3.66,3.34,3.04,2.74,2.42,2.12
ps:prudent:53,ps,nouvelle_energie,15,ps,18.24,17.38,16.52,15.68,14.82,13.96,13.1
ps:prudent:54,ps,rn,12.7,ps,24.86,24.1,23.32,22.54,21.76,20.98,20.2
ps:prudent:55,ps,nouvelle_energie,4.8,ps,5.18,4.88,4.6,4.3,4,3.7,3.4
ps:prudent:56,ps,lr,6.6,ps,11.52,11.12,10.72,10.32,9.92,9.5,9.1
ps:prudent:57,ps,rn,11.6,ps,19.08,18.36,17.62,16.9,16.18,15.46,14.74
ps:prudent:58,ps,rn,2.2,ps,8.02,7.88,7.76,7.64,7.5,7.38,7.26
ps:prudent:59,ps,rn,4.9,ps,12.76,12.44,12.12,11.78,11.46,11.14,10.8
ps:prudent:60,ps,rn,11.3,ps,20.54,19.84,19.14,18.44,17.76,17.06,16.36
ps:prudent:61,ps,rn,8.4,ps,19.18,18.66,18.14,17.62,17.08,16.56,16.04
ps:prudent:62,ps,nouvelle_energie,13.4,ps,14.86,14.08,13.3,12.52,11.74,10.96,10.18
ps:prudent:63,ps,horizons,7.5,ps,9.88,9.44,8.98,8.52,8.06,7.6,7.14
ps:prudent:64,ps,rn,6.4,ps,16.04,15.64,15.22,14.82,14.4,14,13.6
ps:prudent:65,ps,rn,2.7,ps,10.3,10.12,9.94,9.76,9.58,9.38,9.2
ps:prudent:66,ps,rn,6.8,ps,16.04,15.6,15.16,14.72,14.3,13.86,13.42
ps:prudent:67,ps,rn,4.3,ps,12.16,11.88,11.6,11.32,11.04,10.76,10.48
ps:prudent:68,ps,rn,7.4,ps,14.92,14.44,13.96,13.48,13,12.5,12.02
ps:prudent:69,ps,horizons,1.1,ps,1.82,1.74,1.66,1.58,1.5,1.44,1.36
ps:risque:0,ps,nouvelle_energie,7.6,ps,5.96,5.54,5.1,4.66,4.22,3.78,3.34
ps:risque:1,ps,horizons,6.6,ps,11.36,10.94,10.52,10.1,9.68,9.26,8.84
ps:risque:2,ps,renaissance,18.9,ps,23.6,22.44,21.28,20.12,18.98,17.82,16.66
ps:risque:3,ps,nouvelle_energie,15,ps,14.78,13.92,13.06,12.18,11.32,10.46,9.58
ps:risque:4,ps,horizons,5.5,ps,8.54,8.18,7.82,7.48,7.12,6.76,6.42
ps:risque:5,ps,rn,5.7,ps,16.92,16.54,16.16,15.78,15.4,15.02,14.66
ps:risque:6,ps,horizons,6.7,ps,10.86,10.44,10.02,9.6,9.16,8.74,8.32
ps:risque:7,ps,rn,17,ps,26.04,25,23.96,22.92,21.88,20.84,19.8
ps:risque:8,ps,horizons,12.1,ps,16.96,16.22,15.48,14.76,14.02,13.28,12.56
ps:risque:9,ps,rn,9.8,ps,20.96,20.36,19.74,19.14,18.52,17.9,17.3
ps:risque:10,ps,rn,5.3,ps,17.44,17.1,16.78,16.44,16.1,15.76,15.44
ps:risque:11,ps,rn,4.4,ps,12.52,12.24,11.94,11.66,11.36,11.08,10.78
ps:risque:12,ps,rn,9.1,ps,18.4,17.8,17.22,16.64,16.06,15.48,14.9
ps:risque:13,rn,ps,3.6,rn,5.26,5.48,5.7,5.92,6.14,6.36,6.58
ps:risque:14,ps,rn,10.8,ps,21,20.3,19.62,18.92,18.24,17.54,16.86
ps:risque:15,ps,rn,3.6,ps,12.24,11.98,11.72,11.46,11.2,10.94,10.68
ps:risque:16,ps,renaissance,5.7,ps,8.42,8.06,7.7,7.34,6.98,6.62,6.26
ps:risque:17,ps,rn,6,ps,14.9,14.5,14.1,13.7,13.3,12.9,12.5
ps:risque:18,ps,horizons,3.1,ps,5.76,5.56,5.36,5.16,4.94,4.74,4.54
ps:risque:19,ps,horizons,10.3,ps,12.42,11.78,11.16,10.52,9.88,9.24,8.6
ps:risque:20,ps,rn,7.5,ps,18.14,17.66,17.16,16.66,16.18,15.68,15.18
ps:risque:21,ps,rn,1.6,ps,11.02,10.9,10.8,10.68,10.58,10.46,10.36
ps:risque:22,ps,renaissance,15,ps,17.54,16.6,15.68,14.76,13.84,12.92,12
ps:risque:23,ps,rn,12.4,ps,26.22,25.44,24.66,23.88,23.1,22.3,21.52
ps:risque:24,ps,rn,0.9,ps,10.84,10.76,10.7,10.64,10.58,10.52,10.44
ps:risque:25,ps,rn,8.6,ps,20.82,20.26,19.7,19.14,18.58,18.02,17.46
ps:risque:26,ps,rn,8.3,ps,16.96,16.42,15.9,15.38,14.84,14.32,13.78
ps:risque:27,ps,nouvelle_energie,8,ps,9.4,8.94,8.46,8,7.52,7.06,6.58
ps:risque:28,ps,renaissance,12.8,ps,15.7,14.9,14.08,13.28,12.46,11.66,10.84
ps:risque:29,ps,rn,4.3,ps,15.32,15.04,14.78,14.5,14.22,13.94,13.66
ps:risque:30,ps,rn,11.9,ps,21.86,21.12,20.36,19.6,18.84,18.08,17.32
ps:risque:31,ps,rn,2.3,ps,9.62,9.46,9.3,9.16,9,8.84,8.7
ps:risque:32,ps,rn,8.3,ps,20.66,20.14,19.62,19.1,18.56,18.04,17.52
ps:risque:33,ps,nouvelle_energie,10.6,ps,13.88,13.26,12.66,12.04,11.44,10.82,10.22
ps:risque:34,ps,rn,11.6,ps,21.58,20.84,20.1,19.36,18.62,17.88,17.14
ps:risque:35,ps,rn,7.9,ps,14.36,13.86,13.34,12.84,12.32,11.82,11.3
ps:risque:36,ps,rn,4.3,ps,12.62,12.34,12.06,11.78,11.48,11.2,10.92
ps:risque:37,ps,rn,12.4,ps,21,20.22,19.44,18.66,17.88,17.1,16.32
ps:risque:38,ps,renaissance,9.4,ps,13.8,13.22,12.62,12.02,11.42,10.82,10.24
ps:risque:39,ps,rn,11.4,ps,21.58,20.86,20.16,19.44,18.74,18.02,17.3
ps:risque:40,ps,rn,11.4,ps,22.28,21.54,20.82,20.08,19.34,18.62,17.88
ps:risque:41,ps,rn,9.7,ps,21.42,20.8,20.16,19.52,18.9,18.26,17.64
ps:risque:42,ps,rn,12.4,ps,23.18,22.4,21.62,20.84,20.04,19.26,18.48
ps:risque:43,ps,rn,4.9,ps,15.2,14.88,14.56,14.24,13.92,13.58,13.26
ps:risque:44,ps,rn,13.8,ps,27,26.12,25.26,24.38,23.52,22.64,21.78
ps:risque:45,ps,lfi,11.1,ps,20.54,19.8,19.06,18.34,17.6,16.86,16.12
ps:risque:46,ps,rn,10.3,ps,21.06,20.4,19.74,19.08,18.42,17.76,17.1
ps:risque:47,ps,nouvelle_energie,10.4,ps,9,8.4,7.82,7.22,6.64,6.04,5.46
ps:risque:48,ps,rn,5.1,ps,15.16,14.82,14.5,14.16,13.84,13.5,13.16
ps:risque:49,ps,rn,14.3,ps,25.34,24.44,23.54,22.64,21.74,20.84,19.94
ps:risque:50,ps,rn,6.9,ps,16.2,15.76,15.32,14.86,14.42,13.98,13.54
ps:risque:51,ps,horizons,7.7,ps,11.8,11.32,10.84,10.36,9.88,9.42,8.94
ps:risque:52,ps,nouvelle_energie,19.3,ps,24.62,23.52,22.4,21.28,20.16,19.04,17.92
ps:risque:53,ps,rn,6.9,ps,14.5,14.04,13.58,13.12,12.66,12.2,11.74
ps:risque:54,ps,rn,11.2,ps,20.32,19.62,18.92,18.22,17.52,16.82,16.12
ps:risque:55,ps,rn,2.9,ps,10.84,10.64,10.42,10.22,10.02,9.82,9.62
ps:risque:56,ps,rn,12.6,ps,23.34,22.54,21.74,20.96,20.16,19.38,18.58
ps:risque:57,ps,lr,11.2,ps,16.74,16.06,15.36,14.68,13.98,13.3,12.6
ps:risque:58,rn,ps,1.3,rn,5.48,5.56,5.62,5.68,5.76,5.82,5.9
ps:risque:59,ps,horizons,4.4,ps,7.28,7.02,6.76,6.48,6.22,5.96,5.68
ps:risque:60,ps,rn,12.1,ps,19.62,18.86,18.08,17.32,16.56,15.78,15.02
ps:risque:61,ps,rn,6.9,ps,16.22,15.78,15.34,14.9,14.44,14,13.56
ps:risque:62,ps,rn,14.3,ps,25.82,24.92,24.02,23.1,22.2,21.3,20.4
ps:risque:63,ps,rn,6.2,ps,13.82,13.42,13.02,12.62,12.22,11.82,11.42
ps:risque:64,ps,rn,9.4,ps,19.24,18.64,18.04,17.44,16.84,16.24,15.64
ps:risque:65,ps,rn,4.8,ps,15.84,15.52,15.18,14.86,14.54,14.22,13.9
ps:risque:66,ps,horizons,16.3,ps,20.44,19.44,18.46,17.48,16.48,15.5,14.5
ps:risque:67,ps,rn,14.9,ps,24.22,23.28,22.34,21.4,20.46,19.52,18.58
ps:risque:68,ps,rn,6.3,ps,11.52,11.12,10.7,10.3,9.9,9.48,9.08
ps:risque:69,ps,rn,9,ps,19.14,18.56,17.98,17.4,16.82,16.24,15.64
ps:ideologiquement_coherent:0,ps,rn,12,ps,23.88,23.12,22.36,21.6,20.84,20.08,19.3
ps:ideologiquement_coherent:1,ps,rn,5.3,ps,12.8,12.46,12.14,11.8,11.48,11.14,10.82
ps:ideologiquement_coherent:2,ps,rn,9.6,ps,18.04,17.44,16.84,16.24,15.64,15.04,14.42
ps:ideologiquement_coherent:3,ps,rn,9.4,ps,18.84,18.24,17.64,17.06,16.46,15.88,15.28
ps:ideologiquement_coherent:4,ps,rn,10.5,ps,20.04,19.36,18.7,18.04,17.36,16.7,16.04
ps:ideologiquement_coherent:5,ps,rn,7.7,ps,17.84,17.32,16.82,16.32,15.82,15.3,14.8
ps:ideologiquement_coherent:6,ps,lfi,9.5,ps,18.06,17.48,16.9,16.32,15.72,15.14,14.56
ps:ideologiquement_coherent:7,ps,rn,5.9,ps,14.74,14.36,14,13.64,13.28,12.92,12.56
ps:ideologiquement_coherent:8,ps,nouvelle_energie,7.4,ps,7.74,7.32,6.9,6.48,6.06,5.64,5.22
ps:ideologiquement_coherent:9,ps,horizons,7.2,ps,9.98,9.54,9.12,8.68,8.24,7.82,7.38
ps:ideologiquement_coherent:10,ps,lfi,11.9,ps,21.02,20.26,19.52,18.76,18,17.26,16.5
ps:ideologiquement_coherent:11,ps,rn,7.1,ps,18.98,18.52,18.08,17.62,17.18,16.74,16.28
ps:ideologiquement_coherent:12,ps,rn,11.5,ps,21.1,20.38,19.66,18.94,18.22,17.5,16.76
ps:ideologiquement_coherent:13,ps,horizons,5.6,ps,8.06,7.72,7.38,7.02,6.68,6.34,6
ps:ideologiquement_coherent:14,ps,rn,7.2,ps,14.9,14.44,14,13.54,13.1,12.66,12.2
ps:ideologiquement_coherent:15,ps,rn,10.7,ps,20.88,20.2,19.54,18.86,18.18,17.52,16.84
ps:ideologiquement_coherent:16,ps,rn,7.1,ps,16.18,15.74,15.28,14.84,14.4,13.96,13.52
ps:ideologiquement_coherent:17,ps,horizons,12.5,ps,13.8,13.08,12.36,11.66,10.94,10.22,9.5
ps:ideologiquement_coherent:18,ps,nouvelle_energie,13.1,ps,13.28,12.54,11.8,11.06,10.32,9.58,8.84
ps:ideologiquement_coherent:19,ps,rn,11,ps,21.4,20.72,20.02,19.32,18.64,17.94,17.24
ps:ideologiquement_coherent:20,ps,rn,10.4,ps,21.58,20.94,20.28,19.64,19,18.36,17.72
ps:ideologiquement_coherent:21,ps,rn,5.9,ps,14.42,14.04,13.66,13.28,12.88,12.5,12.12
ps:ideologiquement_coherent:22,ps,horizons,3.2,ps,1.86,1.66,1.48,1.3,1.12,0.94,0.74
ps:ideologiquement_coherent:23,ps,rn,10.7,ps,19.14,18.48,17.84,17.18,16.52,15.86,15.2
ps:ideologiquement_coherent:24,ps,rn,4.6,ps,14.62,14.34,14.04,13.76,13.48,13.18,12.9
ps:ideologiquement_coherent:25,ps,rn,4.9,ps,12.68,12.36,12.02,11.7,11.36,11.04,10.7
ps:ideologiquement_coherent:26,ps,rn,5,ps,14.36,14.04,13.72,13.4,13.06,12.74,12.42
ps:ideologiquement_coherent:27,ps,lr,14.4,ps,16.58,15.76,14.94,14.1,13.28,12.46,11.62
ps:ideologiquement_coherent:28,ps,rn,5.3,ps,12.42,12.08,11.72,11.38,11.04,10.7,10.36
ps:ideologiquement_coherent:29,ps,rn,3.6,ps,14.26,14.04,13.8,13.58,13.34,13.12,12.88
ps:ideologiquement_coherent:30,ps,nouvelle_energie,10.8,ps,13.64,13.02,12.38,11.74,11.12,10.48,9.84
ps:ideologiquement_coherent:31,ps,nouvelle_energie,2,ps,2.76,2.64,2.5,2.38,2.26,2.14,2
ps:ideologiquement_coherent:32,ps,rn,10.6,ps,17.98,17.32,16.66,16,15.32,14.66,14
ps:ideologiquement_coherent:33,ps,rn,4.4,ps,12.58,12.28,12,11.7,11.42,11.12,10.84
ps:ideologiquement_coherent:34,ps,horizons,9.8,ps,11.76,11.16,10.58,10,9.42,8.84,8.24
ps:ideologiquement_coherent:35,ps,rn,9.3,ps,18.18,17.6,17,16.4,15.8,15.2,14.6
ps:ideologiquement_coherent:36,ps,horizons,6.9,ps,7.1,6.7,6.28,5.88,5.48,5.06,4.66
ps:ideologiquement_coherent:37,ps,horizons,9.9,ps,13.26,12.64,12.04,11.44,10.84,10.22,9.62
ps:ideologiquement_coherent:38,ps,nouvelle_energie,7,ps,7.72,7.34,6.94,6.56,6.18,5.78,5.4
ps:ideologiquement_coherent:39,ps,nouvelle_energie,14.6,ps,18.44,17.62,16.78,15.96,15.14,14.32,13.48
ps:ideologiquement_coherent:40,ps,rn,13.2,ps,21.34,20.48,19.64,18.8,17.94,17.1,16.24
ps:ideologiquement_coherent:41,ps,rn,9.1,ps,20.2,19.62,19.04,18.46,17.88,17.3,16.74
ps:ideologiquement_coherent:42,ps,rn,13.1,ps,22.82,22.02,21.24,20.44,19.66,18.86,18.06
ps:ideologiquement_coherent:43,ps,rn,11.7,ps,18.74,18.04,17.34,16.62,15.92,15.2,14.5
ps:ideologiquement_coherent:44,ps,rn,12.8,ps,22.72,21.92,21.12,20.32,19.52,18.7,17.9
ps:ideologiquement_coherent:45,ps,rn,5.6,ps,14.32,13.98,13.62,13.26,12.9,12.56,12.2
ps:ideologiquement_coherent:46,ps,horizons,4,ps,4.96,4.72,4.5,4.26,4.02,3.78,3.54
ps:ideologiquement_coherent:47,ps,rn,13.2,ps,22.2,21.38,20.54,19.72,18.88,18.06,17.22
ps:ideologiquement_coherent:48,ps,rn,9.9,ps,17.56,16.92,16.28,15.66,15.02,14.38,13.76
ps:ideologiquement_coherent:49,ps,rn,13,ps,23.08,22.26,21.44,20.62,19.8,18.98,18.16
ps:ideologiquement_coherent:50,ps,horizons,6.1,ps,6.44,6.06,5.68,5.32,4.94,4.56,4.18
ps:ideologiquement_coherent:51,ps,rn,7.1,ps,15.84,15.38,14.92,14.44,13.98,13.52,13.06
ps:ideologiquement_coherent:52,ps,lfi,14.9,ps,22.8,21.88,20.94,20.02,19.08,18.16,17.22
ps:ideologiquement_coherent:53,ps,nouvelle_energie,11.2,ps,11.16,10.52,9.88,9.22,8.58,7.94,7.3
ps:ideologiquement_coherent:54,ps,rn,5.2,ps,14.82,14.5,14.16,13.84,13.5,13.18,12.84
ps:ideologiquement_coherent:55,ps,rn,7.1,ps,19.16,18.7,18.24,17.78,17.32,16.86,16.38
ps:ideologiquement_coherent:56,ps,rn,11.5,ps,23.36,22.64,21.94,21.22,20.5,19.78,19.06
ps:ideologiquement_coherent:57,ps,rn,11.1,ps,21.42,20.72,20.02,19.3,18.6,17.9,17.2
ps:ideologiquement_coherent:58,ps,rn,10.5,ps,20.12,19.48,18.82,18.18,17.54,16.9,16.26
ps:ideologiquement_coherent:59,ps,nouvelle_energie,4,ps,3.9,3.68,3.46,3.22,3,2.76,2.54
ps:ideologiquement_coherent:60,ps,rn,11,ps,23.14,22.44,21.74,21.06,20.36,19.66,18.98
ps:ideologiquement_coherent:61,ps,rn,4.8,ps,10.3,10.02,9.72,9.42,9.14,8.84,8.54
ps:ideologiquement_coherent:62,ps,rn,15.4,ps,24.06,23.12,22.16,21.22,20.28,19.34,18.38
ps:ideologiquement_coherent:63,ps,rn,5.3,ps,15.5,15.16,14.82,14.48,14.16,13.82,13.48
ps:ideologiquement_coherent:64,ps,rn,8.8,ps,17.42,16.88,16.34,15.8,15.26,14.72,14.18
ps:ideologiquement_coherent:65,ps,horizons,8.3,ps,8.28,7.76,7.26,6.74,6.22,5.7,5.2
ps:ideologiquement_coherent:66,ps,rn,8.1,ps,16.96,16.42,15.88,15.34,14.8,14.26,13.72
ps:ideologiquement_coherent:67,ps,horizons,7.1,ps,7.94,7.52,7.1,6.68,6.26,5.84,5.42
ps:ideologiquement_coherent:68,ps,lr,8.3,ps,9,8.52,8.04,7.54,7.06,6.58,6.08
ps:ideologiquement_coherent:69,ps,nouvelle_energie,14.1,ps,16,15.18,14.38,13.56,12.74,11.94,11.12
ps:opportuniste_electoral:0,ps,nouvelle_energie,4,ps,5.28,5.04,4.78,4.54,4.28,4.04,3.78
ps:opportuniste_electoral:1,ps,rn,9.7,ps,18.1,17.48,16.86,16.22,15.6,14.98,14.36
ps:opportuniste_electoral:2,ps,rn,5.1,ps,13.38,13.06,12.74,12.42,12.1,11.78,11.46
ps:opportuniste_electoral:3,rn,nouvelle_energie,4.3,rn,4.4,4.66,4.92,5.2,5.46,5.72,5.98
ps:opportuniste_electoral:4,ps,nouvelle_energie,2.6,ps,3.9,3.74,3.58,3.44,3.28,3.12,2.98
ps:opportuniste_electoral:5,ps,rn,6.8,ps,17.16,16.7,16.24,15.8,15.34,14.88,14.44
ps:opportuniste_electoral:6,ps,nouvelle_energie,8,ps,9.94,9.48,9.02,8.54,8.08,7.62,7.14
ps:opportuniste_electoral:7,ps,rn,8.4,ps,18.4,17.86,17.32,16.78,16.24,15.7,15.16
ps:opportuniste_electoral:8,ps,rn,0.2,ps,8.7,8.66,8.64,8.62,8.58,8.56,8.54
ps:opportuniste_electoral:9,ps,nouvelle_energie,3.1,ps,2.94,2.76,2.58,2.38,2.2,2.02,1.84
ps:opportuniste_electoral:10,ps,rn,3.6,ps,11.48,11.24,10.98,10.74,10.48,10.24,9.98
ps:opportuniste_electoral:11,rn,ps,1.4,rn,9.62,9.7,9.78,9.86,9.94,10.02,10.1
ps:opportuniste_electoral:12,ps,rn,15.2,ps,24.08,23.14,22.18,21.24,20.3,19.36,18.42
ps:opportuniste_electoral:13,ps,rn,13.9,ps,24.44,23.56,22.68,21.8,20.92,20.04,19.16
ps:opportuniste_electoral:14,ps,rn,1.2,ps,8.42,8.34,8.26,8.16,8.08,8,7.9
ps:opportuniste_electoral:15,ps,rn,2.2,ps,10.12,9.98,9.82,9.68,9.54,9.4,9.26
ps:opportuniste_electoral:16,ps,rn,4.6,ps,13,12.7,12.42,12.12,11.84,11.56,11.26
ps:opportuniste_electoral:17,ps,rn,2.9,ps,9.54,9.34,9.14,8.94,8.74,8.56,8.36
ps:opportuniste_electoral:18,ps,horizons,7.3,ps,7.76,7.3,6.82,6.36,5.88,5.42,4.94
ps:opportuniste_electoral:19,ps,rn,10.3,ps,17.8,17.12,16.46,15.78,15.1,14.42,13.76
ps:opportuniste_electoral:20,ps,horizons,6.2,ps,5.98,5.58,5.2,4.8,4.4,4.02,3.62
ps:opportuniste_electoral:21,ps,lfi,4.5,ps,11.16,10.86,10.56,10.26,9.96,9.68,9.38
ps:opportuniste_electoral:22,ps,rn,2.3,ps,9.78,9.64,9.48,9.34,9.18,9.04,8.88
ps:opportuniste_electoral:23,ps,lfi,4.5,ps,10.92,10.64,10.36,10.08,9.8,9.52,9.24
ps:opportuniste_electoral:24,ps,rn,14.2,ps,28.44,27.54,26.64,25.76,24.86,23.96,23.06
ps:opportuniste_electoral:25,ps,rn,2.2,ps,12.1,11.94,11.8,11.64,11.48,11.32,11.18
ps:opportuniste_electoral:26,ps,rn,5.5,ps,12.12,11.78,11.44,11.08,10.74,10.4,10.06
ps:opportuniste_electoral:27,ps,rn,7.9,ps,17.98,17.46,16.94,16.42,15.88,15.36,14.84
ps:opportuniste_electoral:28,ps,rn,6.4,ps,14.64,14.22,13.82,13.4,13,12.58,12.16
ps:opportuniste_electoral:29,ps,horizons,10.3,ps,10.82,10.2,9.56,8.92,8.3,7.66,7.02
ps:opportuniste_electoral:30,ps,nouvelle_energie,1.3,ps,1.12,1.02,0.94,0.84,0.76,0.68,0.58
ps:opportuniste_electoral:31,rn,ps,3,rn,4.12,4.3,4.48,4.66,4.86,5.04,5.22
ps:opportuniste_electoral:32,ps,horizons,6.3,ps,7.34,6.96,6.58,6.2,5.82,5.42,5.04
ps:opportuniste_electoral:33,ps,rn,0.6,ps,8.1,8.04,8,7.94,7.88,7.82,7.76
ps:opportuniste_electoral:34,ps,rn,4.7,ps,14.78,14.46,14.16,13.84,13.52,13.22,12.9
ps:opportuniste_electoral:35,ps,rn,8.1,ps,18.78,18.24,17.72,17.18,16.64,16.1,15.56
ps:opportuniste_electoral:36,ps,renaissance,6.9,ps,11.6,11.14,10.66,10.2,9.74,9.28,8.82
ps:opportuniste_electoral:37,ps,rn,1.4,ps,6.2,6.1,6,5.88,5.78,5.68,5.58
ps:opportuniste_electoral:38,ps,renaissance,7,ps,10.1,9.62,9.16,8.7,8.24,7.78,7.32
ps:opportuniste_electoral:39,renaissance,rn,0.4,renaissance,10.5,10.48,10.48,10.46,10.44,10.44,10.42
ps:opportuniste_electoral:40,ps,rn,6.4,ps,18.24,17.82,17.4,16.98,16.56,16.12,15.7
ps:opportuniste_electoral:41,ps,lr_dissidence_7,5.6,ps,10.46,10.12,9.76,9.42,9.08,8.74,8.38
ps:opportuniste_electoral:42,ps,nouvelle_energie,12.5,ps,15.26,14.5,13.76,13.02,12.28,11.54,10.8
ps:opportuniste_electoral:43,ps,lfi,7.2,ps,13.56,13.1,12.64,12.18,11.72,11.26,10.8
ps:opportuniste_electoral:44,ps,rn,3.8,ps,12.14,11.88,11.64,11.38,11.12,10.88,10.62
ps:opportuniste_electoral:45,ps,rn,6.3,ps,14.26,13.84,13.42,13,12.6,12.18,11.76
ps:opportuniste_electoral:46,rn,ps,1.3,rn,6.88,6.94,7,7.06,7.12,7.18,7.24
ps:opportuniste_electoral:47,ps,rn,5.7,ps,16.56,16.18,15.8,15.42,15.04,14.66,14.28
ps:opportuniste_electoral:48,ps,rn,7.6,ps,15.56,15.08,14.58,14.1,13.6,13.12,12.62
ps:opportuniste_electoral:49,ps,rn,1.8,ps,11.24,11.12,11,10.88,10.78,10.66,10.54
ps:opportuniste_electoral:50,ps,rn,6.5,ps,17.22,16.78,16.34,15.92,15.48,15.04,14.62
ps:opportuniste_electoral:51,rn,lr,1.9,rn,3.62,3.74,3.86,3.98,4.08,4.2,4.32
ps:opportuniste_electoral:52,ps,horizons,8.7,ps,12.22,11.68,11.14,10.6,10.06,9.52,8.98
ps:opportuniste_electoral:53,ps,rn,0.9,ps,8,7.92,7.84,7.78,7.7,7.62,7.56
ps:opportuniste_electoral:54,rn,ps,1.9,rn,3.64,3.74,3.86,3.98,4.1,4.2,4.32
ps:opportuniste_electoral:55,ps,horizons,6.2,ps,11,10.6,10.22,9.82,9.42,9.02,8.62
ps:opportuniste_electoral:56,rn,ps,2.3,rn,2.92,3.06,3.2,3.32,3.46,3.58,3.72
ps:opportuniste_electoral:57,rn,ps,0.4,rn,7.38,7.4,7.42,7.44,7.46,7.46,7.48
ps:opportuniste_electoral:58,ps,horizons,2.8,ps,3.58,3.4,3.22,3.04,2.86,2.68,2.5
ps:opportuniste_electoral:59,ps,rn,1.7,ps,10.36,10.24,10.1,9.98,9.86,9.74,9.62
ps:opportuniste_electoral:60,ps,horizons,6.6,ps,8.74,8.32,7.9,7.46,7.04,6.62,6.2
ps:opportuniste_electoral:61,ps,rn,1.9,ps,11.9,11.76,11.62,11.48,11.34,11.18,11.04
ps:opportuniste_electoral:62,ps,rn,11.8,ps,22.82,22.06,21.32,20.56,19.8,19.06,18.3
ps:opportuniste_electoral:63,ps,horizons,4.9,ps,6.02,5.7,5.38,5.06,4.74,4.42,4.1
ps:opportuniste_electoral:64,horizons,lfi,0.1,horizons,6.84,6.86,6.88,6.9,6.9,6.92,6.94
ps:opportuniste_electoral:65,ps,rn,2,ps,10.42,10.28,10.12,9.98,9.82,9.68,9.52
ps:opportuniste_electoral:66,ps,nouvelle_energie,1,ps,2.72,2.64,2.58,2.5,2.44,2.36,2.3
ps:opportuniste_electoral:67,ps,rn,0.7,ps,6.36,6.3,6.26,6.22,6.16,6.12,6.08
ps:opportuniste_electoral:68,ps,rn,4.8,ps,12.22,11.92,11.62,11.3,11,10.7,10.4
ps:opportuniste_electoral:69,ps,rn,9.4,ps,19.12,18.52,17.9,17.3,16.7,16.1,15.5
ps:parti_dabord:0,ps,rn,4.9,ps,14,13.66,13.32,12.96,12.62,12.28,11.92
ps:parti_dabord:1,ps,rn,4.2,ps,11.92,11.64,11.34,11.06,10.78,10.48,10.2
ps:parti_dabord:2,ps,rn,9.5,ps,17.8,17.2,16.58,15.98,15.36,14.76,14.14
ps:parti_dabord:3,ps,rn,7.6,ps,18.1,17.58,17.06,16.56,16.04,15.52,15
ps:parti_dabord:4,ps,rn,4.3,ps,12.98,12.66,12.36,12.04,11.74,11.44,11.12
ps:parti_dabord:5,ps,lfi,11.8,ps,19.1,18.32,17.54,16.74,15.96,15.16,14.38
ps:parti_dabord:6,ps,rn,3.6,ps,11.88,11.62,11.36,11.1,10.86,10.6,10.34
ps:parti_dabord:7,ps,rn,4.5,ps,11.46,11.16,10.86,10.54,10.24,9.94,9.62
ps:parti_dabord:8,ps,rn,6.3,ps,15.74,15.3,14.86,14.42,13.98,13.56,13.12
ps:parti_dabord:9,ps,rn,2.5,ps,12.18,12,11.8,11.62,11.44,11.26,11.06
ps:parti_dabord:10,ps,nouvelle_energie,4.6,ps,5.9,5.6,5.3,5.02,4.72,4.42,4.12
ps:parti_dabord:11,ps,lfi,11.4,ps,19.16,18.38,17.62,16.84,16.08,15.32,14.54
ps:parti_dabord:12,ps,rn,7.8,ps,18.04,17.52,17,16.48,15.94,15.42,14.9
ps:parti_dabord:13,ps,rn,6.3,ps,13.74,13.32,12.9,12.48,12.06,11.62,11.2
ps:parti_dabord:14,ps,rn,8.9,ps,19.74,19.14,18.54,17.92,17.32,16.72,16.12
ps:parti_dabord:15,ps,horizons,6,ps,8.74,8.36,7.98,7.6,7.22,6.84,6.46
ps:parti_dabord:16,ps,horizons,9.3,ps,13.2,12.62,12.02,11.44,10.84,10.26,9.66
ps:parti_dabord:17,ps,horizons,14,ps,16.3,15.44,14.58,13.74,12.88,12.02,11.16
ps:parti_dabord:18,ps,rn,6.3,ps,14.78,14.36,13.94,13.5,13.08,12.64,12.22
ps:parti_dabord:19,ps,rn,2.1,ps,11.66,11.5,11.34,11.18,11.02,10.84,10.68
ps:parti_dabord:20,ps,lr,9.6,ps,14.06,13.46,12.86,12.24,11.64,11.04,10.44
ps:parti_dabord:21,ps,nouvelle_energie,9.1,ps,11.7,11.16,10.6,10.06,9.5,8.96,8.4
ps:parti_dabord:22,ps,horizons,11,ps,14.24,13.54,12.86,12.16,11.48,10.8,10.1
ps:parti_dabord:23,ps,rn,6.9,ps,15.84,15.38,14.92,14.44,13.98,13.52,13.06
ps:parti_dabord:24,ps,horizons,7.1,ps,7.94,7.48,7.04,6.58,6.12,5.66,5.22
ps:parti_dabord:25,ps,rn,9.2,ps,19.9,19.28,18.66,18.04,17.42,16.82,16.2
ps:parti_dabord:26,ps,rn,8.4,ps,18.1,17.54,16.98,16.42,15.86,15.3,14.72
ps:parti_dabord:27,ps,horizons,11.8,ps,16.82,16.08,15.36,14.64,13.92,13.2,12.46
ps:parti_dabord:28,ps,rn,8.5,ps,16.58,16.02,15.46,14.9,14.34,13.78,13.22
ps:parti_dabord:29,ps,rn,8.1,ps,19.54,19,18.46,17.92,17.38,16.84,16.3
ps:parti_dabord:30,ps,rn,9.8,ps,21.34,20.7,20.04,19.4,18.74,18.1,17.44
ps:parti_dabord:31,ps,rn,5,ps,11.66,11.32,10.98,10.64,10.28,9.94,9.6
ps:parti_dabord:32,ps,rn,12.2,ps,22.8,22.02,21.22,20.44,19.66,18.86,18.08
ps:parti_dabord:33,ps,rn,9,ps,20.04,19.44,18.84,18.24,17.64,17.04,16.46
ps:parti_dabord:34,ps,rn,4.6,ps,12.6,12.28,11.98,11.66,11.34,11.02,10.7
ps:parti_dabord:35,ps,rn,5.9,ps,15.12,14.72,14.32,13.92,13.52,13.12,12.72
ps:parti_dabord:36,ps,rn,4,ps,14.34,14.06,13.78,13.5,13.22,12.94,12.66
ps:parti_dabord:37,ps,rn,12,ps,21.22,20.42,19.64,18.84,18.04,17.24,16.44
ps:parti_dabord:38,ps,lr,5.7,ps,7.34,6.96,6.6,6.24,5.86,5.5,5.12
ps:parti_dabord:39,ps,rn,3.2,ps,12.5,12.26,12.02,11.78,11.54,11.32,11.08
ps:parti_dabord:40,ps,rn,6.4,ps,16.5,16.06,15.62,15.2,14.76,14.32,13.9
ps:parti_dabord:41,ps,horizons,12.2,ps,14.46,13.7,12.94,12.18,11.42,10.66,9.9
ps:parti_dabord:42,ps,rn,9,ps,18.54,17.94,17.34,16.74,16.14,15.54,14.94
ps:parti_dabord:43,ps,rn,11,ps,22.82,22.1,21.38,20.66,19.94,19.22,18.5
ps:parti_dabord:44,ps,rn,6,ps,19.82,19.4,19,18.6,18.18,17.78,17.36
ps:parti_dabord:45,ps,lfi,14.5,ps,22.48,21.52,20.58,19.64,18.68,17.74,16.8
ps:parti_dabord:46,ps,horizons,9.3,ps,13.14,12.56,11.98,11.4,10.82,10.26,9.68
ps:parti_dabord:47,ps,rn,15.1,ps,26.28,25.3,24.34,23.36,22.38,21.42,20.44
ps:parti_dabord:48,ps,rn,4.8,ps,13.4,13.08,12.74,12.42,12.08,11.76,11.42
ps:parti_dabord:49,ps,rn,8.3,ps,20.88,20.32,19.78,19.22,18.66,18.12,17.56
ps:parti_dabord:50,ps,rn,3,ps,12.6,12.38,12.16,11.94,11.72,11.48,11.26
ps:parti_dabord:51,rn,horizons,1.8,rn,6.2,6.32,6.44,6.56,6.68,6.78,6.9
ps:parti_dabord:52,ps,horizons,13.7,ps,14.16,13.32,12.5,11.66,10.84,10,9.18
ps:parti_dabord:53,ps,nouvelle_energie,7.3,ps,6.88,6.44,6,5.56,5.12,4.68,4.24
ps:parti_dabord:54,ps,rn,4.7,ps,14.32,14,13.68,13.36,13.04,12.72,12.4
ps:parti_dabord:55,ps,rn,9.5,ps,19.44,18.8,18.16,17.52,16.88,16.24,15.6
ps:parti_dabord:56,ps,rn,12,ps,20.48,19.7,18.9,18.12,17.34,16.54,15.76
ps:parti_dabord:57,ps,horizons,9.3,ps,9.82,9.24,8.66,8.08,7.48,6.9,6.32
ps:parti_dabord:58,ps,rn,6.6,ps,17.16,16.7,16.26,15.82,15.38,14.94,14.48
ps:parti_dabord:59,ps,rn,8.5,ps,19.52,18.94,18.38,17.8,17.24,16.68,16.1
ps:parti_dabord:60,ps,rn,6.3,ps,15.02,14.6,14.18,13.76,13.34,12.92,12.48
ps:parti_dabord:61,ps,rn,6.5,ps,17.46,17.02,16.58,16.12,15.68,15.24,14.8
ps:parti_dabord:62,ps,renaissance,11,ps,11.7,10.98,10.28,9.58,8.86,8.16,7.46
ps:parti_dabord:63,ps,rn,3.2,ps,10.62,10.4,10.16,9.94,9.7,9.48,9.24
ps:parti_dabord:64,ps,rn,3.3,ps,10.96,10.72,10.48,10.24,10,9.76,9.52
ps:parti_dabord:65,ps,rn,10.8,ps,19.96,19.26,18.54,17.84,17.14,16.42,15.72
ps:parti_dabord:66,ps,horizons,6.1,ps,5.6,5.22,4.82,4.44,4.04,3.66,3.26
ps:parti_dabord:67,ps,nouvelle_energie,13.2,ps,16.54,15.76,14.98,14.2,13.4,12.62,11.84
ps:parti_dabord:68,ps,rn,8.3,ps,18.64,18.08,17.52,16.98,16.42,15.86,15.32
ps:parti_dabord:69,ps,rn,4.8,ps,14.86,14.52,14.2,13.86,13.52,13.2,12.86
ps:mediatique:0,ps,rn,9.4,ps,15.94,15.34,14.72,14.12,13.5,12.9,12.28
ps:mediatique:1,ps,horizons,10.8,ps,12.06,11.38,10.7,10.02,9.36,8.68,8
ps:mediatique:2,ps,lr,10.1,ps,9.9,9.3,8.7,8.08,7.48,6.86,6.26
ps:mediatique:3,ps,horizons,3.1,ps,3.14,2.94,2.74,2.52,2.32,2.12,1.92
ps:mediatique:4,ps,rn,2.5,ps,6.08,5.9,5.72,5.52,5.34,5.16,4.98
ps:mediatique:5,ps,horizons,6.6,ps,5.04,4.64,4.22,3.8,3.4,2.98,2.56
ps:mediatique:6,rn,ps,1.5,rn,6.04,6.12,6.2,6.28,6.36,6.44,6.52
ps:mediatique:7,ps,rn,10.5,ps,18.42,17.76,17.08,16.4,15.72,15.06,14.38
ps:mediatique:8,horizons,ps,0.7,horizons,0.72,0.7,0.68,0.64,0.62,0.6,0.56
ps:mediatique:9,ps,rn,1.1,ps,8.86,8.76,8.66,8.58,8.48,8.38,8.3
ps:mediatique:10,rn,ps,0.2,rn,9.22,9.22,9.2,9.18,9.18,9.16,9.14
ps:mediatique:11,ps,horizons,4.9,ps,3.92,3.6,3.28,2.96,2.64,2.32,2
ps:mediatique:12,ps,rn,4.6,ps,11.52,11.2,10.88,10.58,10.26,9.94,9.64
ps:mediatique:13,ps,rn,6.6,ps,16.72,16.28,15.84,15.42,14.98,14.54,14.1
ps:mediatique:14,ps,rn,1.1,ps,9.6,9.52,9.42,9.32,9.24,9.14,9.04
ps:mediatique:15,ps,horizons,10.1,ps,11.68,11.08,10.46,9.84,9.24,8.62,8
ps:mediatique:16,ps,rn,6.3,ps,16.42,16,15.58,15.16,14.74,14.32,13.92
ps:mediatique:17,ps,rn,0.7,ps,7.98,7.92,7.86,7.8,7.74,7.68,7.62
ps:mediatique:18,ps,rn,6.6,ps,15.42,14.98,14.54,14.08,13.64,13.18,12.74
ps:mediatique:19,ps,nouvelle_energie,6,ps,3.58,3.22,2.86,2.48,2.12,1.74,1.38
ps:mediatique:20,ps,rn,5,ps,16.6,16.26,15.94,15.6,15.26,14.92,14.58
ps:mediatique:21,ps,rn,6.8,ps,16.52,16.06,15.6,15.12,14.66,14.2,13.74
ps:mediatique:22,ps,horizons,3.8,ps,3.68,3.44,3.2,2.96,2.72,2.48,2.24
ps:mediatique:23,ps,lr,1.8,ps,3.48,3.36,3.24,3.12,3.02,2.9,2.78
ps:mediatique:24,rn,ps,1.5,rn,5.1,5.2,5.28,5.36,5.44,5.52,5.6
ps:mediatique:25,ps,rn,4.5,ps,12.26,11.96,11.64,11.34,11.04,10.72,10.42
ps:mediatique:26,ps,rn,5.8,ps,14.12,13.72,13.32,12.92,12.52,12.12,11.72
ps:mediatique:27,lr,ps,1.4,lr,2.32,2.24,2.16,2.06,1.98,1.9,1.82
ps:mediatique:28,ps,rn,7.4,ps,14.44,13.96,13.46,12.98,12.48,12,11.52
ps:mediatique:29,rn,renaissance,3.6,rn,2.34,2.58,2.82,3.06,3.3,3.52,3.76
ps:mediatique:30,ps,lr,4.1,ps,7.1,6.84,6.58,6.3,6.04,5.78,5.52
ps:mediatique:31,ps,rn,1.6,ps,8.58,8.48,8.36,8.24,8.14,8.02,7.9
ps:mediatique:32,ps,rn,4.2,ps,12.82,12.56,12.28,12.02,11.76,11.48,11.22
ps:mediatique:33,ps,rn,1.8,ps,8.22,8.08,7.94,7.8,7.66,7.52,7.38
ps:mediatique:34,ps,horizons,3.9,ps,4.06,3.8,3.54,3.28,3.02,2.78,2.52
ps:mediatique:35,rn,ps,0.2,rn,3.5,3.48,3.46,3.46,3.44,3.42,3.42
ps:mediatique:36,ps,rn,2.7,ps,12.22,12.04,11.86,11.68,11.5,11.32,11.14
ps:mediatique:37,ps,horizons,8.7,ps,8.64,8.1,7.56,7.02,6.48,5.92,5.38
ps:mediatique:38,ps,rn,11.7,ps,22.84,22.08,21.32,20.54,19.78,19.02,18.26
ps:mediatique:39,ps,horizons,10,ps,10.22,9.6,9,8.38,7.76,7.16,6.54
ps:mediatique:40,rn,ps,1,rn,6.12,6.16,6.2,6.26,6.3,6.34,6.4
ps:mediatique:41,rn,ps,1.8,rn,4.42,4.52,4.62,4.72,4.8,4.9,5
ps:mediatique:42,ps,rn,3.1,ps,12.02,11.82,11.6,11.4,11.2,10.98,10.78
ps:mediatique:43,ps,rn,0.6,ps,7.9,7.84,7.78,7.72,7.66,7.58,7.52
ps:mediatique:44,ps,rn,4.9,ps,10.42,10.08,9.74,9.4,9.06,8.74,8.4
ps:mediatique:45,ps,renaissance,2,ps,0.12,0.28,0.44,0.58,0.74,0.9,1.04
ps:mediatique:46,rn,ps,0.7,rn,6.12,6.14,6.16,6.2,6.22,6.24,6.26
ps:mediatique:47,ps,rn,13.3,ps,23.86,22.98,22.12,21.26,20.38,19.52,18.66
ps:mediatique:48,ps,horizons,2.9,ps,0.04,0.16,0.36,0.56,0.74,0.94,1.14
ps:mediatique:49,ps,renaissance,4,ps,3.9,3.62,3.34,3.06,2.8,2.52,2.24
ps:mediatique:50,rn,ps,1.3,rn,6.48,6.56,6.62,6.68,6.74,6.82,6.88
ps:mediatique:51,ps,rn,0.6,ps,7.52,7.46,7.4,7.36,7.3,7.24,7.18
ps:mediatique:52,ps,horizons,5.2,ps,5.8,5.46,5.12,4.78,4.46,4.12,3.78
ps:mediatique:53,ps,rn,8.8,ps,19.04,18.46,17.88,17.3,16.72,16.16,15.58
ps:mediatique:54,rn,ps,1.6,rn,3.92,4,4.08,4.16,4.26,4.34,4.42
ps:mediatique:55,ps,rn,5.1,ps,8.98,8.62,8.28,7.92,7.56,7.2,6.84
ps:mediatique:56,rn,ps,0.5,rn,7.26,7.28,7.3,7.32,7.34,7.34,7.36
ps:mediatique:57,ps,rn,6.6,ps,14.72,14.3,13.86,13.44,13,12.58,12.14
ps:mediatique:58,ps,rn,8.4,ps,16.04,15.48,14.94,14.4,13.86,13.32,12.76
ps:mediatique:59,ps,rn,0.3,ps,6.08,6.04,6,5.96,5.92,5.9,5.86
ps:mediatique:60,ps,rn,3,ps,9.5,9.28,9.08,8.86,8.64,8.42,8.22
ps:mediatique:61,ps,rn,1.9,ps,7.84,7.7,7.58,7.46,7.32,7.2,7.06
ps:mediatique:62,ps,renaissance,10,ps,9.92,9.28,8.62,7.98,7.34,6.7,6.04
ps:mediatique:63,rn,horizons,1.3,rn,8.58,8.68,8.76,8.84,8.94,9.02,9.12
ps:mediatique:64,ps,rn,0.9,ps,8.88,8.8,8.74,8.66,8.6,8.52,8.46
ps:mediatique:65,ps,rn,1.6,ps,9.28,9.16,9.02,8.9,8.78,8.66,8.54
ps:mediatique:66,rn,ps,1.3,rn,4.72,4.8,4.88,4.94,5.02,5.08,5.16
ps:mediatique:67,ps,lfi,5,ps,9,8.66,8.32,7.98,7.64,7.3,6.96
ps:mediatique:68,rn,ps,0.9,rn,4.5,4.54,4.6,4.64,4.7,4.74,4.8
ps:mediatique:69,horizons,ps,0.3,horizons,0.04,0.02,0.02,0.02,0,0,0.02
ps:contrarien:0,rn,ps,2.7,rn,0.02,0.14,0.3,0.46,0.64,0.8,0.96
ps:contrarien:1,rn,horizons,1.4,rn,6.92,7.02,7.12,7.22,7.3,7.4,7.5
ps:contrarien:2,renaissance,nouvelle_energie,0.1,renaissance,1.48,1.48,1.48,1.48,1.46,1.46,1.46
ps:contrarien:3,rn,lfi,4.1,rn,2.24,1.98,1.74,1.5,1.24,1,0.76
ps:contrarien:4,lr,rn,0.6,lr,8.5,8.46,8.42,8.38,8.34,8.3,8.26
ps:contrarien:5,rn,nouvelle_energie,1.1,rn,8.34,8.4,8.48,8.54,8.6,8.66,8.72
ps:contrarien:6,rn,horizons,1.6,rn,10.1,10.2,10.32,10.42,10.54,10.64,10.76
ps:contrarien:7,rn,ps,4.7,rn,3.34,3.66,3.96,4.28,4.58,4.88,5.2
ps:contrarien:8,nouvelle_energie,rn,0.1,nouvelle_energie,10.36,10.34,10.34,10.32,10.3,10.3,10.28
ps:contrarien:9,horizons,rn,4,horizons,14.62,14.38,14.14,13.9,13.66,13.42,13.18
ps:contrarien:10,ps,rn,0.9,ps,8.76,8.68,8.62,8.54,8.48,8.4,8.34
ps:contrarien:11,nouvelle_energie,rn,0.3,nouvelle_energie,11.9,11.88,11.86,11.84,11.82,11.8,11.78
ps:contrarien:12,ps,rn,0.1,ps,3.3,3.3,3.3,3.28,3.28,3.28,3.28
ps:contrarien:13,rn,lr,1.5,rn,5.78,5.86,5.96,6.04,6.14,6.24,6.32
ps:contrarien:14,nouvelle_energie,lfi,1.2,nouvelle_energie,6.22,6.16,6.1,6.04,5.96,5.9,5.84
ps:contrarien:15,rn,horizons,1.2,rn,9.66,9.74,9.82,9.9,9.96,10.04,10.12
ps:contrarien:16,nouvelle_energie,rn,2.9,nouvelle_energie,11.3,11.12,10.92,10.74,10.56,10.36,10.18
ps:contrarien:17,rn,nouvelle_energie,2.5,rn,5.8,5.96,6.1,6.26,6.42,6.56,6.72
ps:contrarien:18,rn,renaissance,2.3,rn,2.98,3.14,3.3,3.46,3.64,3.8,3.96
ps:contrarien:19,rn,horizons,1.6,rn,5.38,5.48,5.6,5.7,5.82,5.92,6.04
ps:contrarien:20,rn,horizons,3,rn,7.22,7.42,7.6,7.8,7.98,8.16,8.36
ps:contrarien:21,lfi,rn,0.2,lfi,0.42,0.38,0.34,0.32,0.28,0.24,0.2
ps:contrarien:22,ps,rn,1,ps,8.06,8,7.92,7.86,7.8,7.72,7.66
ps:contrarien:23,rn,ps,2.1,rn,8.62,8.74,8.84,8.96,9.08,9.18,9.3
ps:contrarien:24,rn,nouvelle_energie,4.8,rn,3.92,4.22,4.5,4.8,5.1,5.4,5.7
ps:contrarien:25,horizons,rn,1.1,horizons,12.46,12.4,12.34,12.28,12.22,12.16,12.1
ps:contrarien:26,lr,lfi,1,lr,7.74,7.7,7.66,7.6,7.56,7.52,7.46
ps:contrarien:27,ps,rn,4,ps,8.16,7.9,7.64,7.38,7.12,6.86,6.58
ps:contrarien:28,rn,nouvelle_energie,1.3,rn,5.56,5.64,5.72,5.78,5.86,5.92,6
ps:contrarien:29,horizons,ps,0.5,horizons,0.2,0.18,0.18,0.16,0.14,0.14,0.12
ps:contrarien:30,ps,rn,2.1,ps,4.72,4.56,4.42,4.28,4.12,3.98,3.82
ps:contrarien:31,rn,ps,1.1,rn,4.38,4.44,4.5,4.54,4.6,4.66,4.7
ps:contrarien:32,lfi,renaissance,1,lfi,4.76,4.86,4.96,5.06,5.16,5.24,5.34
ps:contrarien:33,ps,rn,1,ps,7.14,7.08,7,6.92,6.84,6.76,6.7
ps:contrarien:34,ps,rn,4.3,ps,13.94,13.66,13.38,13.1,12.82,12.54,12.26
ps:contrarien:35,renaissance,horizons,1.2,renaissance,0.86,0.96,1.04,1.12,1.2,1.28,1.36
ps:contrarien:36,renaissance,rn,2.6,renaissance,10.78,10.64,10.48,10.32,10.16,10,9.84
ps:contrarien:37,rn,lfi,3,rn,3.06,2.88,2.7,2.54,2.36,2.18,2
ps:contrarien:38,ps,lr,8,ps,12.96,12.44,11.94,11.42,10.92,10.4,9.9
ps:contrarien:39,rn,horizons,0.2,rn,10.1,10.12,10.14,10.14,10.16,10.18,10.2
ps:contrarien:40,ps,nouvelle_energie,2.2,ps,1.62,1.74,1.88,2,2.14,2.26,2.4
ps:contrarien:41,rn,nouvelle_energie,4.6,rn,2.9,3.18,3.48,3.76,4.04,4.32,4.6
ps:contrarien:42,horizons,ps,0,horizons,3.6,3.62,3.62,3.64,3.64,3.66,3.66
ps:contrarien:43,ps,rn,0.5,ps,8.2,8.16,8.1,8.04,8,7.94,7.88
ps:contrarien:44,rn,nouvelle_energie,1.2,rn,7.38,7.46,7.52,7.6,7.68,7.76,7.82
ps:contrarien:45,horizons,rn,1.1,horizons,9.02,8.98,8.92,8.86,8.8,8.74,8.68
ps:contrarien:46,ps,horizons,1.3,ps,0.74,0.82,0.92,1,1.1,1.18,1.28
ps:contrarien:47,ps,rn,0.7,ps,2.68,2.64,2.6,2.56,2.54,2.5,2.46
ps:contrarien:48,horizons,rn,0.8,horizons,10.12,10.06,10.02,9.96,9.92,9.88,9.82
ps:contrarien:49,ps,rn,0.7,ps,9.92,9.88,9.82,9.76,9.72,9.66,9.6
ps:contrarien:50,ps,lr,1,ps,2.06,2.12,2.18,2.24,2.3,2.36,2.42
ps:contrarien:51,rn,horizons,0.4,rn,6.46,6.5,6.54,6.56,6.6,6.62,6.66
ps:contrarien:52,rn,lfi,3,rn,0.44,0.62,0.8,0.98,1.18,1.36,1.54
ps:contrarien:53,ps,nouvelle_energie,6.6,ps,9.38,8.96,8.56,8.16,7.74,7.34,6.94
ps:contrarien:54,rn,renaissance,3,rn,4.44,4.64,4.84,5.06,5.26,5.46,5.66
ps:contrarien:55,lr,lfi,0.8,lr,11.36,11.32,11.3,11.26,11.22,11.2,11.16
ps:contrarien:56,rn,nouvelle_energie,4.9,rn,4.04,4.32,4.62,4.92,5.2,5.5,5.8
ps:contrarien:57,rn,horizons,0.9,rn,6.56,6.6,6.66,6.72,6.78,6.82,6.88
ps:contrarien:58,rn,horizons,4.1,rn,2.38,2.64,2.9,3.16,3.42,3.68,3.94
ps:contrarien:59,rn,ecologistes,2.3,rn,0.78,0.92,1.06,1.2,1.32,1.46,1.6
ps:contrarien:60,nouvelle_energie,ps,1.7,nouvelle_energie,0.4,0.3,0.2,0.12,0.02,0.08,0.16
ps:contrarien:61,rn,horizons,0.1,rn,10.68,10.68,10.7,10.7,10.72,10.72,10.74
ps:contrarien:62,rn,horizons,1.4,rn,6.28,6.38,6.48,6.56,6.66,6.76,6.84
ps:contrarien:63,ps,rn,2.4,ps,12.72,12.54,12.38,12.22,12.04,11.88,11.72
ps:contrarien:64,rn,nouvelle_energie,2.9,rn,6.84,7.02,7.2,7.36,7.54,7.72,7.88
ps:contrarien:65,rn,ps,0.1,rn,8.58,8.56,8.54,8.54,8.52,8.5,8.5
ps:contrarien:66,rn,ps,2.3,rn,3.86,4,4.12,4.26,4.38,4.52,4.64
ps:contrarien:67,ps,nouvelle_energie,1.3,ps,0.3,0.38,0.44,0.52,0.6,0.68,0.76
ps:contrarien:68,rn,horizons,6,rn,0.1,0.28,0.66,1.04,1.42,1.8,2.18
ps:contrarien:69,horizons,rn,1,horizons,8.94,8.88,8.8,8.74,8.68,8.62,8.56
ecologistes:aleatoire:0,rn,ps,0.6,rn,5.08,5.12,5.16,5.22,5.26,5.3,5.34
ecologistes:aleatoire:1,ecologistes,horizons,5.5,ecologistes,6.62,6.26,5.9,5.56,5.2,4.86,4.5
ecologistes:aleatoire:2,ecologistes,rn,6.3,ecologistes,14.14,13.72,13.3,12.86,12.44,12.02,11.6
ecologistes:aleatoire:3,ecologistes,nouvelle_energie,2.3,ecologistes,4.5,4.34,4.18,4.02,3.86,3.72,3.56
ecologistes:aleatoire:4,ps,rn,1.3,ps,10.04,9.98,9.9,9.84,9.76,9.68,9.62
ecologistes:aleatoire:5,rn,nouvelle_energie,1.2,rn,5.7,5.78,5.86,5.92,6,6.08,6.14
ecologistes:aleatoire:6,ecologistes,nouvelle_energie,7.2,ecologistes,7.74,7.34,6.92,6.52,6.12,5.7,5.3
ecologistes:aleatoire:7,ecologistes,rn,1.6,ecologistes,9.3,9.16,9.02,8.9,8.76,8.64,8.5
ecologistes:aleatoire:8,rn,ecologistes,0.5,rn,6.1,6.12,6.14,6.16,6.18,6.2,6.22
ecologistes:aleatoire:9,ecologistes,rn,2.8,ecologistes,13.26,13.08,12.9,12.74,12.56,12.38,12.2
ecologistes:aleatoire:10,ecologistes,lr,1.7,ecologistes,0.06,0.2,0.32,0.46,0.58,0.72,0.84
ecologistes:aleatoire:11,ps,ecologistes,1,ps,0.84,0.8,0.76,0.7,0.66,0.6,0.56
ecologistes:aleatoire:12,ecologistes,rn,5.7,ecologistes,14.76,14.4,14.02,13.64,13.26,12.88,12.52
ecologistes:aleatoire:13,ecologistes,renaissance,9.4,ecologistes,11.66,11.04,10.44,9.84,9.24,8.64,8.04
ecologistes:aleatoire:14,ecologistes,rn,2.5,ecologistes,10.18,10,9.82,9.64,9.46,9.28,9.1
ecologistes:aleatoire:15,rn,ps,0.3,rn,7.98,8.02,8.04,8.06,8.1,8.12,8.14
ecologistes:aleatoire:16,ecologistes,rn,3,ecologistes,11.6,11.4,11.2,11.02,10.82,10.62,10.42
ecologistes:aleatoire:17,rn,lfi,4.6,rn,2.32,2.04,1.76,1.46,1.18,0.9,0.6
ecologistes:aleatoire:18,ecologistes,rn,5.2,ecologistes,16.54,16.2,15.86,15.54,15.2,14.86,14.52
ecologistes:aleatoire:19,ecologistes,lfi,5.3,ecologistes,9.54,9.2,8.84,8.5,8.14,7.78,7.44
ecologistes:aleatoire:20,ecologistes,ps,5.3,ecologistes,9.12,8.74,8.36,7.96,7.58,7.2,6.8
ecologistes:aleatoire:21,ecologistes,rn,6.3,ecologistes,16.16,15.76,15.34,14.94,14.54,14.12,13.72
ecologistes:aleatoire:22,ecologistes,rn,3.9,ecologistes,9.1,8.88,8.64,8.42,8.18,7.96,7.74
ecologistes:aleatoire:23,rn,nouvelle_energie,2,rn,5.52,5.64,5.76,5.88,5.98,6.1,6.22
ecologistes:aleatoire:24,ecologistes,nouvelle_energie,0.6,ecologistes,2.72,2.66,2.62,2.56,2.5,2.46,2.4
ecologistes:aleatoire:25,rn,lr,1.2,rn,6.9,6.98,7.06,7.14,7.2,7.28,7.36
ecologistes:aleatoire:26,rn,horizons,0.4,rn,7.56,7.6,7.64,7.68,7.7,7.74,7.78
ecologistes:aleatoire:27,ecologistes,ps,4.5,ecologistes,9.3,8.96,8.64,8.3,7.96,7.62,7.28
ecologistes:aleatoire:28,rn,nouvelle_energie,2,rn,10.64,10.76,10.88,11,11.14,11.26,11.38
ecologistes:aleatoire:29,ecologistes,rn,1.9,ecologistes,11.18,11.04,10.88,10.74,10.58,10.44,10.28
ecologistes:aleatoire:30,rn,ecologistes,2.5,rn,3.12,3.24,3.36,3.48,3.6,3.74,3.86
ecologistes:aleatoire:31,ecologistes,rn,4.9,ecologistes,14.94,14.6,14.28,13.96,13.64,13.32,13
ecologistes:aleatoire:32,ps,horizons,2.1,ps,1.86,1.98,2.12,2.24,2.36,2.48,2.62
ecologistes:aleatoire:33,ecologistes,ps,1.5,ecologistes,4.02,3.88,3.76,3.62,3.48,3.34,3.2
ecologistes:aleatoire:34,ecologistes,rn,2.1,ecologistes,11.96,11.82,11.68,11.54,11.4,11.24,11.1
ecologistes:aleatoire:35,rn,ps,2.8,rn,3.02,3.22,3.4,3.6,3.78,3.98,4.16
ecologistes:aleatoire:36,ecologistes,rn,7.5,ecologistes,16.78,16.3,15.82,15.36,14.88,14.4,13.92
ecologistes:aleatoire:37,ecologistes,ps,3.2,ecologistes,6.42,6.2,5.96,5.74,5.5,5.28,5.06
ecologistes:aleatoire:38,ecologistes,horizons,3.8,ecologistes,5.32,5.08,4.84,4.6,4.36,4.12,3.88
ecologistes:aleatoire:39,rn,ecologistes,1.8,rn,4.94,5.02,5.12,5.22,5.3,5.4,5.48
ecologistes:aleatoire:40,ecologistes,nouvelle_energie,2.3,ecologistes,0.52,0.38,0.22,0.08,0.08,0.22,0.36
ecologistes:aleatoire:41,ecologistes,rn,2.1,ecologistes,10.22,10.08,9.94,9.78,9.64,9.5,9.36
ecologistes:aleatoire:42,ecologistes,rn,2.5,ecologistes,13.58,13.4,13.22,13.04,12.86,12.68,12.5
ecologistes:aleatoire:43,ps,nouvelle_energie,1.6,ps,0.88,0.8,0.72,0.64,0.54,0.46,0.38
ecologistes:aleatoire:44,ecologistes,rn,5.6,ecologistes,12.98,12.62,12.24,11.88,11.5,11.12,10.76
ecologistes:aleatoire:45,rn,ecologistes,0.5,rn,5.82,5.82,5.8,5.8,5.8,5.8,5.8
ecologistes:aleatoire:46,rn,ecologistes,1,rn,9.06,9.08,9.12,9.14,9.18,9.2,9.24
ecologistes:aleatoire:47,rn,nouvelle_energie,2.4,rn,5.68,5.84,5.98,6.12,6.26,6.4,6.54
ecologistes:aleatoire:48,ecologistes,rn,4.2,ecologistes,13.34,13.06,12.78,12.5,12.24,11.96,11.68
ecologistes:aleatoire:49,rn,ecologistes,2,rn,2.48,2.6,2.7,2.82,2.94,3.06,3.16
ecologistes:aleatoire:50,rn,ecologistes,1.9,rn,2.62,2.72,2.84,2.96,3.06,3.18,3.3
ecologistes:aleatoire:51,nouvelle_energie,ecologistes,0.7,nouvelle_energie,1.7,1.68,1.66,1.64,1.62,1.62,1.6
ecologistes:aleatoire:52,ecologistes,rn,7.8,ecologistes,17.44,16.92,16.42,15.92,15.42,14.9,14.4
ecologistes:aleatoire:53,renaissance,horizons,0.2,renaissance,1.44,1.44,1.46,1.46,1.46,1.48,1.48
ecologistes:aleatoire:54,ecologistes,nouvelle_energie,5.1,ecologistes,7.94,7.62,7.32,7,6.68,6.38,6.06
ecologistes:aleatoire:55,rn,ecologistes,1.6,rn,8.22,8.28,8.34,8.4,8.46,8.54,8.6
ecologistes:aleatoire:56,ecologistes,rn,3.3,ecologistes,13.42,13.2,12.98,12.76,12.54,12.32,12.1
ecologistes:aleatoire:57,rn,renaissance,0.3,rn,8.82,8.84,8.88,8.9,8.94,8.98,9
ecologistes:aleatoire:58,rn,lr,2.5,rn,7.32,7.48,7.64,7.8,7.96,8.12,8.28
ecologistes:aleatoire:59,ecologistes,rn,4.4,ecologistes,15.28,14.98,14.68,14.4,14.1,13.8,13.52
ecologistes:aleatoire:60,nouvelle_energie,rn,0.7,nouvelle_energie,10.5,10.44,10.4,10.34,10.3,10.24,10.2
ecologistes:aleatoire:61,ecologistes,lr,8.8,ecologistes,13.74,13.2,12.66,12.12,11.58,11.04,10.5
ecologistes:aleatoire:62,ecologistes,ps,5.6,ecologistes,9.4,9,8.58,8.18,7.78,7.38,6.96
ecologistes:aleatoire:63,nouvelle_energie,ps,0.7,nouvelle_energie,2.76,2.7,2.66,2.62,2.58,2.52,2.48
ecologistes:aleatoire:64,rn,lr,0.7,rn,6.94,6.98,7.02,7.06,7.12,7.16,7.2
ecologistes:aleatoire:65,ecologistes,horizons,6.4,ecologistes,7.82,7.42,7.02,6.62,6.22,5.82,5.42
ecologistes:aleatoire:66,rn,ecologistes,0.3,rn,6.38,6.38,6.38,6.38,6.4,6.4,6.4
ecologistes:aleatoire:67,nouvelle_energie,ps,0.5,nouvelle_energie,3.7,3.66,3.62,3.58,3.54,3.5,3.46
ecologistes:aleatoire:68,ecologistes,lr,5.6,ecologistes,5.28,4.96,4.62,4.28,3.94,3.6,3.26
ecologistes:aleatoire:69,ecologistes,ps,2.2,ecologistes,5.68,5.5,5.34,5.18,5,4.84,4.68
ecologistes:prudent:0,ecologistes,nouvelle_energie,3.3,ecologistes,2.38,2.16,1.96,1.76,1.56,1.34,1.14
ecologistes:prudent:1,ecologistes,rn,5.3,ecologistes,14.96,14.6,14.22,13.86,13.5,13.14,12.76
ecologistes:prudent:2,ecologistes,rn,2.8,ecologistes,10.68,10.5,10.32,10.14,9.98,9.8,9.62
ecologistes:prudent:3,ecologistes,ps,3.4,ecologistes,7.08,6.82,6.56,6.32,6.06,5.8,5.54
ecologistes:prudent:4,ecologistes,rn,6.2,ecologistes,17.56,17.16,16.74,16.34,15.92,15.52,15.12
ecologistes:prudent:5,rn,ecologistes,0.6,rn,7.12,7.14,7.14,7.14,7.16,7.16,7.16
ecologistes:prudent:6,ecologistes,rn,1.9,ecologistes,11.1,10.98,10.84,10.7,10.58,10.44,10.3
ecologistes:prudent:7,ecologistes,rn,7.4,ecologistes,15.58,15.08,14.58,14.08,13.6,13.1,12.6
ecologistes:prudent:8,ps,rn,0.2,ps,8.54,8.54,8.54,8.54,8.52,8.52,8.52
ecologistes:prudent:9,ecologistes,rn,5.2,ecologistes,15.92,15.6,15.26,14.92,14.58,14.24,13.9
ecologistes:prudent:10,ecologistes,rn,3.8,ecologistes,11.64,11.38,11.12,10.86,10.6,10.34,10.08
ecologistes:prudent:11,rn,ecologistes,0.9,rn,5.36,5.4,5.44,5.48,5.52,5.56,5.6
ecologistes:prudent:12,ecologistes,ps,4.4,ecologistes,6.34,6.04,5.74,5.42,5.12,4.82,4.52
ecologistes:prudent:13,ecologistes,rn,1.7,ecologistes,7.72,7.62,7.5,7.4,7.28,7.18,7.06
ecologistes:prudent:14,ecologistes,rn,4.6,ecologistes,11.28,11,10.72,10.42,10.14,9.86,9.56
ecologistes:prudent:15,ecologistes,renaissance,6.1,ecologistes,5.78,5.38,4.96,4.56,4.16,3.74,3.34
ecologistes:prudent:16,ecologistes,rn,1,ecologistes,8.18,8.1,8.02,7.94,7.86,7.78,7.72
ecologistes:prudent:17,ecologistes,horizons,6.7,ecologistes,8.16,7.74,7.32,6.9,6.48,6.04,5.62
ecologistes:prudent:18,ecologistes,rn,3.9,ecologistes,14.26,14,13.72,13.44,13.16,12.9,12.62
ecologistes:prudent:19,nouvelle_energie,ecologistes,0.4,nouvelle_energie,1.92,1.9,1.88,1.88,1.86,1.86,1.84
ecologistes:prudent:20,ecologistes,rn,2.4,ecologistes,11.5,11.34,11.16,10.98,10.8,10.62,10.44
ecologistes:prudent:21,ecologistes,rn,5.5,ecologistes,16.78,16.42,16.06,15.68,15.32,14.96,14.6
ecologistes:prudent:22,ecologistes,rn,6.1,ecologistes,13.94,13.54,13.14,12.74,12.34,11.94,11.52
ecologistes:prudent:23,ecologistes,rn,8.6,ecologistes,18.82,18.28,17.74,17.18,16.64,16.08,15.54
ecologistes:prudent:24,ps,ecologistes,0.8,ps,1.32,1.32,1.32,1.32,1.34,1.34,1.34
ecologistes:prudent:25,ecologistes,rn,2.7,ecologistes,10.3,10.1,9.88,9.68,9.46,9.26,9.06
ecologistes:prudent:26,ecologistes,nouvelle_energie,8,ecologistes,8.72,8.26,7.82,7.36,6.9,6.46,6
ecologistes:prudent:27,ecologistes,rn,7.1,ecologistes,15.54,15.1,14.64,14.18,13.72,13.28,12.82
ecologistes:prudent:28,ecologistes,rn,3.9,ecologistes,13.48,13.22,12.96,12.7,12.44,12.16,11.9
ecologistes:prudent:29,rn,ecologistes,1.9,rn,6.2,6.3,6.42,6.54,6.64,6.76,6.88
ecologistes:prudent:30,ecologistes,rn,7.3,ecologistes,16.44,15.94,15.44,14.94,14.44,13.94,13.44
ecologistes:prudent:31,ecologistes,horizons,4.3,ecologistes,5.26,4.98,4.7,4.42,4.14,3.88,3.6
ecologistes:prudent:32,ecologistes,ps,4.9,ecologistes,7.42,7.06,6.7,6.34,5.98,5.62,5.28
ecologistes:prudent:33,ecologistes,nouvelle_energie,6.9,ecologistes,4.68,4.26,3.86,3.44,3.02,2.6,2.18
ecologistes:prudent:34,ecologistes,ps,10.3,ecologistes,15.32,14.62,13.94,13.26,12.58,11.9,11.2
ecologistes:prudent:35,ecologistes,horizons,5.7,ecologistes,8.06,7.72,7.36,7.02,6.66,6.32,5.98
ecologistes:prudent:36,ecologistes,nouvelle_energie,7.4,ecologistes,7,6.58,6.16,5.72,5.3,4.88,4.44
ecologistes:prudent:37,ecologistes,nouvelle_energie,9,ecologistes,9.22,8.72,8.2,7.68,7.18,6.66,6.14
ecologistes:prudent:38,ecologistes,horizons,5,ecologistes,5.52,5.2,4.88,4.56,4.24,3.92,3.58
ecologistes:prudent:39,ecologistes,ps,1.9,ecologistes,5.34,5.2,5.04,4.88,4.74,4.58,4.42
ecologistes:prudent:40,ecologistes,rn,7.5,ecologistes,18.44,17.94,17.44,16.96,16.46,15.96,15.48
ecologistes:prudent:41,ecologistes,rn,4.3,ecologistes,13.3,13,12.7,12.4,12.1,11.8,11.5
ecologistes:prudent:42,ecologistes,horizons,2.9,ecologistes,3.58,3.4,3.2,3,2.8,2.6,2.42
ecologistes:prudent:43,ecologistes,rn,4.3,ecologistes,12.98,12.68,12.4,12.1,11.82,11.52,11.24
ecologistes:prudent:44,ecologistes,rn,3.9,ecologistes,12.02,11.76,11.5,11.24,11,10.74,10.48
ecologistes:prudent:45,ecologistes,ps,5.8,ecologistes,10.82,10.4,9.98,9.56,9.14,8.74,8.32
ecologistes:prudent:46,ecologistes,nouvelle_energie,2.2,ecologistes,1.26,1.1,0.96,0.82,0.68,0.54,0.4
ecologistes:prudent:47,ecologistes,rn,10,ecologistes,19.14,18.52,17.9,17.28,16.66,16.02,15.4
ecologistes:prudent:48,rn,ps,0.7,rn,5.5,5.56,5.6,5.66,5.7,5.76,5.8
ecologistes:prudent:49,ecologistes,rn,6.3,ecologistes,13.06,12.62,12.2,11.76,11.34,10.92,10.48
ecologistes:prudent:50,ecologistes,rn,8.9,ecologistes,20.64,20.08,19.5,18.94,18.36,17.8,17.22
ecologistes:prudent:51,ecologistes,horizons,6.5,ecologistes,8.4,8,7.62,7.24,6.86,6.48,6.1
ecologistes:prudent:52,rn,ecologistes,0.9,rn,5.34,5.4,5.44,5.48,5.54,5.58,5.62
ecologistes:prudent:53,ecologistes,ps,3,ecologistes,5.38,5.14,4.92,4.68,4.46,4.22,4
ecologistes:prudent:54,ecologistes,rn,3.9,ecologistes,13.98,13.7,13.44,13.16,12.9,12.62,12.36
ecologistes:prudent:55,ecologistes,rn,5.2,ecologistes,14.08,13.74,13.38,13.04,12.7,12.36,12.02
ecologistes:prudent:56,ecologistes,rn,5.2,ecologistes,14.94,14.6,14.26,13.94,13.6,13.26,12.92
ecologistes:prudent:57,ecologistes,rn,2.5,ecologistes,9.3,9.12,8.96,8.78,8.62,8.44,8.28
ecologistes:prudent:58,ecologistes,rn,3.9,ecologistes,13.02,12.74,12.46,12.2,11.92,11.66,11.38
ecologistes:prudent:59,ecologistes,rn,1.9,ecologistes,11,10.86,10.74,10.6,10.46,10.32,10.18
ecologistes:prudent:60,ecologistes,renaissance,6.7,ecologistes,12.16,11.72,11.28,10.84,10.4,9.96,9.54
ecologistes:prudent:61,ecologistes,rn,4.7,ecologistes,15.38,15.08,14.78,14.46,14.16,13.86,13.54
ecologistes:prudent:62,ecologistes,horizons,9.8,ecologistes,14.7,14.12,13.52,12.94,12.36,11.76,11.18
ecologistes:prudent:63,ecologistes,rn,5.8,ecologistes,14.36,13.98,13.58,13.2,12.8,12.42,12.02
ecologistes:prudent:64,ecologistes,rn,6.3,ecologistes,14.98,14.56,14.14,13.72,13.3,12.88,12.48
ecologistes:prudent:65,ecologistes,rn,8.4,ecologistes,17.54,17,16.46,15.92,15.4,14.86,14.32
ecologistes:prudent:66,ecologistes,rn,2.6,ecologistes,12.08,11.9,11.72,11.52,11.34,11.14,10.96
ecologistes:prudent:67,ecologistes,horizons,1.8,ecologistes,3.34,3.2,3.08,2.96,2.84,2.72,2.6
ecologistes:prudent:68,ecologistes,ps,8.5,ecologistes,14.2,13.6,13.02,12.42,11.84,11.24,10.66
ecologistes:prudent:69,ecologistes,rn,8.8,ecologistes,15.42,14.84,14.28,13.7,13.12,12.54,11.98
ecologistes:risque:0,ecologistes,ps,5.3,ecologistes,9.28,8.9,8.5,8.1,7.72,7.32,6.94
ecologistes:risque:1,ecologistes,ps,6.1,ecologistes,10.28,9.88,9.46,9.06,8.64,8.24,7.82
ecologistes:risque:2,ecologistes,nouvelle_energie,10.6,ecologistes,12.86,12.24,11.6,10.98,10.36,9.74,9.12
ecologistes:risque:3,rn,ecologistes,0.3,rn,11.48,11.48,11.48,11.48,11.48,11.48,11.46
ecologistes:risque:4,ecologistes,ps,1.8,ecologistes,4,3.86,3.72,3.58,3.44,3.3,3.16
ecologistes:risque:5,ecologistes,rn,10.9,ecologistes,21.28,20.58,19.88,19.18,18.48,17.76,17.06
ecologistes:risque:6,ecologistes,rn,2.7,ecologistes,13.2,13,12.8,12.6,12.4,12.2,12
ecologistes:risque:7,ecologistes,rn,1.6,ecologistes,10,9.88,9.76,9.64,9.54,9.42,9.3
ecologistes:risque:8,ecologistes,horizons,2.8,ecologistes,7.16,6.96,6.74,6.54,6.34,6.14,5.94
ecologistes:risque:9,ecologistes,ps,3.6,ecologistes,6.98,6.72,6.46,6.2,5.94,5.66,5.4
ecologistes:risque:10,ecologistes,rn,6.2,ecologistes,14.42,14.02,13.62,13.2,12.8,12.4,11.98
ecologistes:risque:11,ecologistes,rn,3,ecologistes,15.5,15.28,15.06,14.84,14.62,14.4,14.18
ecologistes:risque:12,ecologistes,rn,4.6,ecologistes,9.56,9.24,8.92,8.6,8.3,7.98,7.66
ecologistes:risque:13,ecologistes,rn,6.1,ecologistes,14.04,13.64,13.22,12.82,12.42,12.02,11.62
ecologistes:risque:14,ps,rn,0.3,ps,8.14,8.12,8.1,8.1,8.08,8.06,8.06
ecologistes:risque:15,ecologistes,rn,3.5,ecologistes,13.82,13.56,13.3,13.06,12.8,12.54,12.3
ecologistes:risque:16,ecologistes,rn,0.3,ecologistes,9.4,9.36,9.3,9.26,9.22,9.16,9.12
ecologistes:risque:17,ecologistes,horizons,5.2,ecologistes,4.8,4.48,4.16,3.86,3.54,3.22,2.92
ecologistes:risque:18,nouvelle_energie,rn,2,nouvelle_energie,11.02,10.9,10.78,10.64,10.52,10.4,10.26
ecologistes:risque:19,nouvelle_energie,ps,0.1,nouvelle_energie,1.08,1.06,1.06,1.04,1.02,1,0.98
ecologistes:risque:20,ecologistes,rn,4.6,ecologistes,11.7,11.36,11.04,10.72,10.4,10.06,9.74
ecologistes:risque:21,ecologistes,horizons,4.4,ecologistes,7.36,7.08,6.78,6.5,6.2,5.92,5.62
ecologistes:risque:22,ecologistes,rn,3.6,ecologistes,14.66,14.42,14.18,13.94,13.7,13.46,13.22
ecologistes:risque:23,ps,rn,1.7,ps,8.24,8.14,8.04,7.92,7.82,7.72,7.6
ecologistes:risque:24,ecologistes,horizons,2,ecologistes,2.74,2.6,2.48,2.34,2.2,2.06,1.92
ecologistes:risque:25,ecologistes,nouvelle_energie,1.8,ecologistes,3.6,3.48,3.34,3.22,3.08,2.96,2.82
ecologistes:risque:26,ecologistes,ps,1.7,ecologistes,2.84,2.72,2.58,2.44,2.3,2.18,2.04
ecologistes:risque:27,ecologistes,rn,8.1,ecologistes,16.12,15.62,15.12,14.62,14.12,13.6,13.1
ecologistes:risque:28,ecologistes,ps,7.2,ecologistes,8.82,8.34,7.84,7.36,6.86,6.38,5.88
ecologistes:risque:29,rn,ecologistes,2.8,rn,5.3,5.46,5.62,5.8,5.96,6.12,6.28
ecologistes:risque:30,nouvelle_energie,rn,1.3,nouvelle_energie,11.16,11.08,10.98,10.9,10.82,10.74,10.66
ecologistes:risque:31,ecologistes,ps,2.5,ecologistes,5.52,5.34,5.18,5,4.82,4.64,4.46
ecologistes:risque:32,ecologistes,horizons,8.8,ecologistes,11.18,10.64,10.12,9.58,9.06,8.52,7.98
ecologistes:risque:33,ecologistes,rn,8.3,ecologistes,19.08,18.54,18,17.46,16.92,16.36,15.82
ecologistes:risque:34,ecologistes,horizons,8.4,ecologistes,13.68,13.18,12.68,12.18,11.68,11.18,10.68
ecologistes:risque:35,ecologistes,horizons,7.1,ecologistes,10.82,10.36,9.9,9.44,8.98,8.54,8.08
ecologistes:risque:36,ecologistes,rn,2.3,ecologistes,14,13.82,13.66,13.48,13.32,13.14,12.98
ecologistes:risque:37,ecologistes,rn,5,ecologistes,13.56,13.22,12.88,12.56,12.22,11.88,11.54
ecologistes:risque:38,ecologistes,rn,5.8,ecologistes,16.7,16.32,15.94,15.56,15.18,14.8,14.42
ecologistes:risque:39,ecologistes,renaissance,6,ecologistes,10.18,9.78,9.38,8.98,8.56,8.16,7.76
ecologistes:risque:40,horizons,rn,0.8,horizons,8.44,8.4,8.36,8.3,8.26,8.22,8.16
ecologistes:risque:41,rn,ecologistes,2.5,rn,7.06,7.18,7.3,7.42,7.54,7.68,7.8
ecologistes:risque:42,ecologistes,horizons,1.3,ecologistes,1.16,1.06,0.94,0.84,0.72,0.62,0.5
ecologistes:risque:43,ecologistes,rn,5.5,ecologistes,15.36,15,14.64,14.28,13.92,13.56,13.2
ecologistes:risque:44,ecologistes,rn,5.2,ecologistes,15.88,15.54,15.2,14.86,14.52,14.18,13.84
ecologistes:risque:45,ecologistes,rn,2.8,ecologistes,12.66,12.46,12.26,12.06,11.86,11.68,11.48
ecologistes:risque:46,ecologistes,ps,4.8,ecologistes,6.44,6.12,5.78,5.44,5.1,4.78,4.44
ecologistes:risque:47,ecologistes,nouvelle_energie,9.2,ecologistes,8.86,8.32,7.76,7.22,6.68,6.12,5.58
ecologistes:risque:48,ecologistes,rn,6.4,ecologistes,17.36,16.94,16.54,16.12,15.7,15.3,14.88
ecologistes:risque:49,ecologistes,rn,3.3,ecologistes,13.8,13.56,13.32,13.08,12.84,12.6,12.38
ecologistes:risque:50,ecologistes,ps,0.2,ecologistes,1.34,1.3,1.24,1.2,1.16,1.1,1.06
ecologistes:risque:51,ecologistes,nouvelle_energie,0.6,ecologistes,2.4,2.34,2.28,2.22,2.18,2.12,2.06
ecologistes:risque:52,ecologistes,rn,7.2,ecologistes,16.02,15.56,15.12,14.66,14.22,13.76,13.32
ecologistes:risque:53,ecologistes,ps,3.2,ecologistes,2.34,2.1,1.86,1.62,1.38,1.14,0.9
ecologistes:risque:54,ecologistes,ps,1.3,ecologistes,3.78,3.66,3.56,3.46,3.34,3.24,3.14
ecologistes:risque:55,rn,ecologistes,0.7,rn,10.8,10.82,10.82,10.84,10.84,10.84,10.86
ecologistes:risque:56,ecologistes,rn,6.3,ecologistes,16.2,15.78,15.36,14.94,14.52,14.1,13.68
ecologistes:risque:57,ecologistes,rn,6,ecologistes,14.32,13.94,13.56,13.16,12.78,12.4,12
ecologistes:risque:58,ecologistes,horizons,10.9,ecologistes,13.68,13.02,12.38,11.74,11.08,10.44,9.8
ecologistes:risque:59,ecologistes,rn,9.6,ecologistes,22.08,21.46,20.84,20.22,19.58,18.96,18.34
ecologistes:risque:60,ecologistes,rn,6.8,ecologistes,17.02,16.58,16.12,15.68,15.22,14.78,14.32
ecologistes:risque:61,ecologistes,rn,5.4,ecologistes,13.38,13.04,12.68,12.34,11.98,11.62,11.28
ecologistes:risque:62,ecologistes,ps,1,ecologistes,2.66,2.58,2.5,2.42,2.32,2.24,2.16
ecologistes:risque:63,ecologistes,rn,13.1,ecologistes,24.56,23.74,22.9,22.08,21.26,20.42,19.6
ecologistes:risque:64,ecologistes,rn,1.8,ecologistes,9.74,9.6,9.46,9.32,9.18,9.04,8.9
ecologistes:risque:65,ecologistes,horizons,5.8,ecologistes,10.1,9.74,9.38,9.02,8.66,8.3,7.94
ecologistes:risque:66,ecologistes,renaissance,1.9,ecologistes,5.46,5.32,5.16,5.02,4.88,4.72,4.58
ecologistes:risque:67,ecologistes,lfi,12.2,ecologistes,19.64,18.88,18.12,17.38,16.62,15.86,15.1
ecologistes:risque:68,ecologistes,rn,5.9,ecologistes,16.38,16,15.6,15.22,14.84,14.46,14.08
ecologistes:risque:69,ecologistes,rn,1.9,ecologistes,11.62,11.48,11.34,11.2,11.06,10.92,10.78
ecologistes:ideologiquement_coherent:0,ecologistes,ps,2.9,ecologistes,7.16,6.94,6.72,6.48,6.26,6.04,5.82
ecologistes:ideologiquement_coherent:1,ecologistes,rn,5.2,ecologistes,11.72,11.38,11.02,10.68,10.34,10,9.66
ecologistes:ideologiquement_coherent:2,ecologistes,ps,0.1,ecologistes,0.78,0.74,0.72,0.68,0.66,0.62,0.6
ecologistes:ideologiquement_coherent:3,ecologistes,rn,7.2,ecologistes,16.1,15.62,15.14,14.66,14.2,13.72,13.24
ecologistes:ideologiquement_coherent:4,ecologistes,rn,3.1,ecologistes,12.66,12.46,12.26,12.06,11.86,11.66,11.46
ecologistes:ideologiquement_coherent:5,ecologistes,nouvelle_energie,4.6,ecologistes,5.54,5.26,4.96,4.68,4.4,4.12,3.82
ecologistes:ideologiquement_coherent:6,ecologistes,rn,7.5,ecologistes,16.9,16.42,15.94,15.46,14.98,14.5,14.02
ecologistes:ideologiquement_coherent:7,ecologistes,rn,3.5,ecologistes,8.44,8.22,8,7.78,7.56,7.34,7.12
ecologistes:ideologiquement_coherent:8,ecologistes,rn,4.9,ecologistes,14.52,14.2,13.88,13.56,13.24,12.94,12.62
ecologistes:ideologiquement_coherent:9,ecologistes,ps,5.2,ecologistes,8.88,8.52,8.16,7.82,7.46,7.1,6.74
ecologistes:ideologiquement_coherent:10,ecologistes,rn,3.8,ecologistes,11.82,11.56,11.3,11.04,10.78,10.52,10.26
ecologistes:ideologiquement_coherent:11,ecologistes,rn,3.3,ecologistes,12.66,12.44,12.24,12.02,11.8,11.6,11.38
ecologistes:ideologiquement_coherent:12,ecologistes,rn,5.7,ecologistes,13.04,12.66,12.28,11.92,11.54,11.16,10.8
ecologistes:ideologiquement_coherent:13,ecologistes,horizons,0.9,ecologistes,2.54,2.62,2.68,2.76,2.82,2.88,2.96
ecologistes:ideologiquement_coherent:14,ecologistes,rn,5.7,ecologistes,15.8,15.42,15.04,14.66,14.28,13.9,13.5
ecologistes:ideologiquement_coherent:15,ecologistes,rn,8.3,ecologistes,15.88,15.34,14.78,14.24,13.7,13.14,12.6
ecologistes:ideologiquement_coherent:16,ecologistes,rn,8.7,ecologistes,17.86,17.32,16.76,16.2,15.64,15.1,14.54
ecologistes:ideologiquement_coherent:17,ecologistes,rn,7.5,ecologistes,18.2,17.74,17.26,16.78,16.32,15.84,15.38
ecologistes:ideologiquement_coherent:18,ecologistes,rn,3.2,ecologistes,13.04,12.84,12.64,12.44,12.24,12.04,11.84
ecologistes:ideologiquement_coherent:19,ecologistes,rn,4.3,ecologistes,12.58,12.3,12,11.7,11.42,11.12,10.84
ecologistes:ideologiquement_coherent:20,ecologistes,rn,6.2,ecologistes,16,15.58,15.16,14.72,14.3,13.88,13.46
ecologistes:ideologiquement_coherent:21,ecologistes,rn,2.7,ecologistes,12.7,12.52,12.34,12.16,11.98,11.78,11.6
ecologistes:ideologiquement_coherent:22,ecologistes,rn,1.6,ecologistes,8.86,8.76,8.66,8.56,8.48,8.38,8.28
ecologistes:ideologiquement_coherent:23,ecologistes,rn,9.1,ecologistes,19.44,18.88,18.3,17.72,17.14,16.56,15.98
ecologistes:ideologiquement_coherent:24,ecologistes,rn,3.3,ecologistes,13.36,13.14,12.92,12.7,12.48,12.26,12.02
ecologistes:ideologiquement_coherent:25,ecologistes,ps,10.6,ecologistes,17.9,17.18,16.48,15.76,15.06,14.34,13.64
ecologistes:ideologiquement_coherent:26,ecologistes,horizons,7.4,ecologistes,8.2,7.76,7.32,6.86,6.42,5.98,5.54
ecologistes:ideologiquement_coherent:27,ecologistes,ps,8.8,ecologistes,13.04,12.44,11.84,11.24,10.62,10.02,9.42
ecologistes:ideologiquement_coherent:28,ecologistes,rn,5.2,ecologistes,14.54,14.22,13.88,13.56,13.22,12.9,12.58
ecologistes:ideologiquement_coherent:29,ecologistes,rn,14.7,ecologistes,23.34,22.44,21.54,20.66,19.76,18.86,17.96
ecologistes:ideologiquement_coherent:30,ecologistes,rn,8.3,ecologistes,15.26,14.72,14.2,13.68,13.16,12.64,12.12
ecologistes:ideologiquement_coherent:31,ecologistes,rn,9.6,ecologistes,17.06,16.44,15.84,15.22,14.6,14,13.38
ecologistes:ideologiquement_coherent:32,ecologistes,rn,5.4,ecologistes,14.28,13.9,13.54,13.18,12.8,12.44,12.06
ecologistes:ideologiquement_coherent:33,ecologistes,ps,11.3,ecologistes,18.04,17.28,16.5,15.74,14.96,14.2,13.42
ecologistes:ideologiquement_coherent:34,ecologistes,ps,6.5,ecologistes,11.32,10.86,10.42,9.98,9.54,9.1,8.66
ecologistes:ideologiquement_coherent:35,ecologistes,rn,3.7,ecologistes,12.22,11.98,11.74,11.48,11.24,10.98,10.74
ecologistes:ideologiquement_coherent:36,ecologistes,nouvelle_energie,7.7,ecologistes,9.96,9.5,9.04,8.58,8.12,7.64,7.18
ecologistes:ideologiquement_coherent:37,ecologistes,renaissance,5.4,ecologistes,3.6,3.26,2.92,2.58,2.24,1.9,1.56
ecologistes:ideologiquement_coherent:38,ecologistes,rn,5.5,ecologistes,15.48,15.14,14.8,14.46,14.14,13.8,13.46
ecologistes:ideologiquement_coherent:39,ecologistes,rn,3.2,ecologistes,11.26,11.04,10.84,10.62,10.4,10.18,9.96
ecologistes:ideologiquement_coherent:40,ecologistes,rn,9.9,ecologistes,19.24,18.58,17.92,17.28,16.62,15.98,15.32
ecologistes:ideologiquement_coherent:41,ecologistes,rn,7.6,ecologistes,20.22,19.74,19.26,18.78,18.32,17.84,17.36
ecologistes:ideologiquement_coherent:42,ecologistes,nouvelle_energie,6.4,ecologistes,3.16,2.8,2.44,2.08,1.72,1.36,1
ecologistes:ideologiquement_coherent:43,ecologistes,rn,5.7,ecologistes,14.92,14.54,14.14,13.76,13.38,13,12.62
ecologistes:ideologiquement_coherent:44,ecologistes,horizons,8.9,ecologistes,11.36,10.82,10.28,9.74,9.2,8.66,8.12
ecologistes:ideologiquement_coherent:45,ecologistes,nouvelle_energie,6.7,ecologistes,6.96,6.58,6.2,5.82,5.44,5.04,4.66
ecologistes:ideologiquement_coherent:46,ecologistes,nouvelle_energie,6.7,ecologistes,6.3,5.92,5.52,5.14,4.76,4.38,4
ecologistes:ideologiquement_coherent:47,ecologistes,rn,4.9,ecologistes,11.92,11.6,11.28,10.96,10.62,10.3,9.98
ecologistes:ideologiquement_coherent:48,ecologistes,rn,6.8,ecologistes,18.38,17.96,17.52,17.1,16.68,16.24,15.82
ecologistes:ideologiquement_coherent:49,ecologistes,ps,7.1,ecologistes,12.08,11.6,11.1,10.6,10.12,9.62,9.12
ecologistes:ideologiquement_coherent:50,ecologistes,rn,10.8,ecologistes,22.88,22.18,21.48,20.78,20.06,19.36,18.66
ecologistes:ideologiquement_coherent:51,ecologistes,rn,7.3,ecologistes,15,14.54,14.08,13.62,13.16,12.68,12.22
ecologistes:ideologiquement_coherent:52,ecologistes,nouvelle_energie,1.1,ecologistes,1.76,1.82,1.88,1.94,2,2.06,2.12
ecologistes:ideologiquement_coherent:53,ecologistes,horizons,12.1,ecologistes,14.84,14.12,13.4,12.68,11.98,11.26,10.54
ecologistes:ideologiquement_coherent:54,ecologistes,rn,5.4,ecologistes,15.44,15.1,14.74,14.38,14.04,13.68,13.32
ecologistes:ideologiquement_coherent:55,ecologistes,ps,8.9,ecologistes,11.5,10.92,10.32,9.74,9.16,8.56,7.98
ecologistes:ideologiquement_coherent:56,ecologistes,rn,7.8,ecologistes,18.08,17.6,17.1,16.62,16.14,15.64,15.16
ecologistes:ideologiquement_coherent:57,ecologistes,rn,13.8,ecologistes,24.42,23.56,22.7,21.84,21,20.14,19.28
ecologistes:ideologiquement_coherent:58,ecologistes,horizons,13.2,ecologistes,15.84,15.08,14.3,13.52,12.76,11.98,11.2
ecologistes:ideologiquement_coherent:59,ecologistes,rn,5.2,ecologistes,12.58,12.26,11.92,11.6,11.28,10.94,10.62
ecologistes:ideologiquement_coherent:60,ecologistes,nouvelle_energie,7.1,ecologistes,8.32,7.9,7.5,7.08,6.66,6.24,5.82
ecologistes:ideologiquement_coherent:61,ecologistes,ps,2,ecologistes,5.52,5.36,5.2,5.04,4.86,4.7,4.54
ecologistes:ideologiquement_coherent:62,ecologistes,ps,4.8,ecologistes,5.44,5.1,4.78,4.44,4.12,3.78,3.46
ecologistes:ideologiquement_coherent:63,ecologistes,rn,3,ecologistes,13.34,13.14,12.94,12.74,12.54,12.36,12.16
ecologistes:ideologiquement_coherent:64,ecologistes,ps,9.8,ecologistes,14.12,13.46,12.82,12.16,11.52,10.86,10.22
ecologistes:ideologiquement_coherent:65,ecologistes,ps,7.3,ecologistes,12.44,11.92,11.4,10.9,10.38,9.88,9.36
ecologistes:ideologiquement_coherent:66,ecologistes,ps,7.4,ecologistes,12.6,12.12,11.62,11.14,10.66,10.16,9.68
ecologistes:ideologiquement_coherent:67,ecologistes,ps,6.9,ecologistes,8.8,8.34,7.88,7.42,6.96,6.5,6.04
ecologistes:ideologiquement_coherent:68,ecologistes,ps,10.5,ecologistes,15.88,15.16,14.44,13.72,13,12.26,11.54
ecologistes:ideologiquement_coherent:69,ecologistes,ps,0,ecologistes,2.64,2.62,2.58,2.56,2.54,2.52,2.48
ecologistes:opportuniste_electoral:0,ecologistes,renaissance,8,ecologistes,14.56,14.04,13.52,13,12.48,11.96,11.44
ecologistes:opportuniste_electoral:1,ecologistes,renaissance,2.2,ecologistes,6.5,6.34,6.18,6.02,5.88,5.72,5.56
ecologistes:opportuniste_electoral:2,ecologistes,renaissance,6.6,ecologistes,11.3,10.88,10.46,10.04,9.62,9.2,8.76
ecologistes:opportuniste_electoral:3,ecologistes,rn,1.9,ecologistes,9.62,9.46,9.3,9.14,9,8.84,8.68
ecologistes:opportuniste_electoral:4,ecologistes,rn,6.4,ecologistes,15.38,14.96,14.52,14.1,13.68,13.24,12.82
ecologistes:opportuniste_electoral:5,rn,ecologistes,3.5,rn,1.62,1.82,2,2.2,2.4,2.6,2.78
ecologistes:opportuniste_electoral:6,ecologistes,horizons,3.7,ecologistes,4.72,4.48,4.24,4,3.76,3.5,3.26
ecologistes:opportuniste_electoral:7,ps,rn,1.2,ps,7.58,7.52,7.44,7.36,7.28,7.2,7.14
ecologistes:opportuniste_electoral:8,ecologistes,rn,5.5,ecologistes,16.94,16.56,16.2,15.84,15.46,15.1,14.74
ecologistes:opportuniste_electoral:9,ecologistes,rn,2.7,ecologistes,11.36,11.14,10.94,10.74,10.52,10.32,10.12
ecologistes:opportuniste_electoral:10,ecologistes,rn,0.4,ecologistes,9.3,9.24,9.18,9.14,9.08,9.02,8.96
ecologistes:opportuniste_electoral:11,rn,ecologistes,2.2,rn,7.66,7.78,7.9,8.02,8.14,8.26,8.38
ecologistes:opportuniste_electoral:12,ecologistes,rn,1.4,ecologistes,11.2,11.1,10.98,10.88,10.78,10.66,10.56
ecologistes:opportuniste_electoral:13,rn,ps,1.8,rn,5.66,5.78,5.9,6.02,6.14,6.26,6.38
ecologistes:opportuniste_electoral:14,ecologistes,horizons,0.6,ecologistes,2.88,2.8,2.74,2.68,2.6,2.54,2.46
ecologistes:opportuniste_electoral:15,rn,lfi,1.2,rn,1.58,1.64,1.7,1.76,1.84,1.9,1.96
ecologistes:opportuniste_electoral:16,nouvelle_energie,ecologistes,0.1,nouvelle_energie,2.24,2.22,2.22,2.22,2.2,2.2,2.18
ecologistes:opportuniste_electoral:17,ecologistes,rn,0.4,ecologistes,7.6,7.56,7.5,7.46,7.42,7.38,7.32
ecologistes:opportuniste_electoral:18,ecologistes,nouvelle_energie,1.9,ecologistes,2.9,2.78,2.66,2.54,2.42,2.3,2.18
ecologistes:opportuniste_electoral:19,ps,rn,2.6,ps,8.5,8.34,8.16,8,7.84,7.68,7.52
ecologistes:opportuniste_electoral:20,ecologistes,ps,7.1,ecologistes,11.12,10.64,10.16,9.68,9.2,8.72,8.24
ecologistes:opportuniste_electoral:21,ecologistes,rn,1.7,ecologistes,10.52,10.4,10.28,10.16,10.04,9.92,9.8
ecologistes:opportuniste_electoral:22,ecologistes,ps,6.4,ecologistes,9.94,9.5,9.06,8.64,8.2,7.76,7.32
ecologistes:opportuniste_electoral:23,ecologistes,rn,2.4,ecologistes,13.86,13.68,13.5,13.32,13.14,12.96,12.78
ecologistes:opportuniste_electoral:24,rn,horizons,0.6,rn,10.24,10.28,10.32,10.36,10.4,10.44,10.48
ecologistes:opportuniste_electoral:25,ecologistes,rn,0.6,ecologistes,7.08,7.02,6.96,6.9,6.84,6.78,6.72
ecologistes:opportuniste_electoral:26,ecologistes,lfi,1.6,ecologistes,8.42,8.32,8.24,8.14,8.04,7.96,7.86
ecologistes:opportuniste_electoral:27,ecologistes,rn,2.5,ecologistes,13.36,13.18,13,12.8,12.62,12.44,12.24
ecologistes:opportuniste_electoral:28,rn,nouvelle_energie,1.6,rn,9.22,9.32,9.42,9.52,9.6,9.7,9.8
ecologistes:opportuniste_electoral:29,ecologistes,rn,8,ecologistes,19.88,19.34,18.82,18.3,17.78,17.26,16.74
ecologistes:opportuniste_electoral:30,ecologistes,horizons,6.7,ecologistes,11.28,10.84,10.42,9.98,9.56,9.12,8.7
ecologistes:opportuniste_electoral:31,ecologistes,lr,8.4,ecologistes,12.8,12.3,11.78,11.28,10.78,10.26,9.76
ecologistes:opportuniste_electoral:32,rn,ps,2.8,rn,2.66,2.48,2.3,2.12,1.92,1.74,1.56
ecologistes:opportuniste_electoral:33,ecologistes,horizons,3.3,ecologistes,5.16,4.94,4.72,4.5,4.28,4.06,3.84
ecologistes:opportuniste_electoral:34,rn,ecologistes,0.7,rn,7.96,8,8.02,8.04,8.06,8.08,8.1
ecologistes:opportuniste_electoral:35,ps,rn,0.6,ps,8.74,8.7,8.68,8.64,8.6,8.56,8.54
ecologistes:opportuniste_electoral:36,ecologistes,ps,0.2,ecologistes,3.64,3.6,3.58,3.54,3.5,3.48,3.44
ecologistes:opportuniste_electoral:37,ecologistes,horizons,6.1,ecologistes,6.72,6.34,5.94,5.56,5.18,4.8,4.42
ecologistes:opportuniste_electoral:38,ecologistes,ps,0.3,ecologistes,1.04,1,0.96,0.92,0.88,0.82,0.78
ecologistes:opportuniste_electoral:39,ps,horizons,0.9,ps,2.62,2.68,2.74,2.78,2.84,2.9,2.94
ecologistes:opportuniste_electoral:40,rn,ecologistes,0.8,rn,7.14,7.14,7.16,7.18,7.2,7.2,7.22
ecologistes:opportuniste_electoral:41,rn,ps,1.2,rn,4.44,4.54,4.62,4.7,4.78,4.88,4.96
ecologistes:opportuniste_electoral:42,rn,ecologistes,1,rn,5.34,5.36,5.4,5.44,5.46,5.5,5.54
ecologistes:opportuniste_electoral:43,horizons,ecologistes,0.5,horizons,1.22,1.24,1.24,1.24,1.24,1.24,1.24
ecologistes:opportuniste_electoral:44,nouvelle_energie,lr,1.4,nouvelle_energie,4.12,4.04,3.94,3.84,3.76,3.66,3.56
ecologistes:opportuniste_electoral:45,ecologistes,lfi,6.4,ecologistes,14.28,13.84,13.4,12.96,12.52,12.08,11.64
ecologistes:opportuniste_electoral:46,renaissance,rn,0.1,renaissance,6.38,6.38,6.38,6.38,6.38,6.38,6.38
ecologistes:opportuniste_electoral:47,ecologistes,rn,6.4,ecologistes,16.26,15.84,15.44,15.02,14.62,14.22,13.8
ecologistes:opportuniste_electoral:48,ecologistes,rn,1.6,ecologistes,10.58,10.44,10.32,10.18,10.06,9.92,9.78
ecologistes:opportuniste_electoral:49,ecologistes,ps,9.9,ecologistes,15.32,14.66,13.98,13.32,12.66,11.98,11.32
ecologistes:opportuniste_electoral:50,ecologistes,renaissance,3.6,ecologistes,9.7,9.44,9.18,8.92,8.66,8.4,8.14
ecologistes:opportuniste_electoral:51,ecologistes,rn,1.1,ecologistes,8.96,8.86,8.74,8.64,8.54,8.42,8.32
ecologistes:opportuniste_electoral:52,horizons,ecologistes,0.4,horizons,0.78,0.78,0.78,0.76,0.76,0.76,0.76
ecologistes:opportuniste_electoral:53,ecologistes,rn,0.2,ecologistes,10.34,10.3,10.26,10.22,10.18,10.14,10.1
ecologistes:opportuniste_electoral:54,rn,ps,1,rn,6.34,6.4,6.46,6.54,6.6,6.66,6.74
ecologistes:opportuniste_electoral:55,rn,ecologistes,4.8,rn,0.64,0.94,1.24,1.56,1.86,2.16,2.46
ecologistes:opportuniste_electoral:56,ecologistes,horizons,5.7,ecologistes,6.52,6.16,5.8,5.44,5.08,4.72,4.34
ecologistes:opportuniste_electoral:57,horizons,rn,0.4,horizons,11.52,11.48,11.46,11.44,11.42,11.4,11.38
ecologistes:opportuniste_electoral:58,ecologistes,rn,4.4,ecologistes,17.96,17.66,17.36,17.06,16.76,16.46,16.16
ecologistes:opportuniste_electoral:59,ecologistes,rn,4.4,ecologistes,16.16,15.86,15.58,15.28,14.98,14.7,14.4
ecologistes:opportuniste_electoral:60,ecologistes,rn,2.9,ecologistes,14.7,14.48,14.26,14.04,13.82,13.6,13.38
ecologistes:opportuniste_electoral:61,rn,lr,2.4,rn,3.84,4,4.16,4.32,4.48,4.64,4.8
ecologistes:opportuniste_electoral:62,ecologistes,ps,9.7,ecologistes,13.96,13.3,12.62,11.96,11.3,10.64,9.98
ecologistes:opportuniste_electoral:63,ecologistes,horizons,2.3,ecologistes,5.62,5.44,5.28,5.12,4.96,4.78,4.62
ecologistes:opportuniste_electoral:64,ecologistes,ps,9.8,ecologistes,15.34,14.66,13.98,13.3,12.62,11.92,11.24
ecologistes:opportuniste_electoral:65,ecologistes,horizons,1.9,ecologistes,0.18,0.32,0.46,0.62,0.76,0.9,1.04
ecologistes:opportuniste_electoral:66,ecologistes,nouvelle_energie,2.2,ecologistes,4.1,3.96,3.82,3.68,3.54,3.42,3.28
ecologistes:opportuniste_electoral:67,ecologistes,rn,7.6,ecologistes,15.42,14.92,14.4,13.9,13.38,12.88,12.36
ecologistes:opportuniste_electoral:68,rn,ecologistes,2.2,rn,8,8.12,8.24,8.36,8.48,8.6,8.72
ecologistes:opportuniste_electoral:69,ecologistes,rn,1.7,ecologistes,13.22,13.1,12.96,12.82,12.68,12.56,12.42
ecologistes:parti_dabord:0,ecologistes,rn,5.9,ecologistes,16.52,16.1,15.68,15.28,14.86,14.46,14.04
ecologistes:parti_dabord:1,ecologistes,lr,9.3,ecologistes,11.58,11,10.42,9.84,9.24,8.66,8.08
ecologistes:parti_dabord:2,horizons,ps,0.2,horizons,2.36,2.34,2.34,2.34,2.32,2.32,2.3
ecologistes:parti_dabord:3,ecologistes,rn,0.1,ecologistes,9.02,8.98,8.94,8.88,8.84,8.8,8.76
ecologistes:parti_dabord:4,ecologistes,renaissance,6.9,ecologistes,9.5,9.04,8.58,8.12,7.66,7.2,6.74
ecologistes:parti_dabord:5,ecologistes,rn,4.1,ecologistes,14.04,13.74,13.44,13.12,12.82,12.52,12.22
ecologistes:parti_dabord:6,ecologistes,horizons,0.8,ecologistes,3.36,3.28,3.18,3.1,3.02,2.94,2.84
ecologistes:parti_dabord:7,ecologistes,rn,7.6,ecologistes,15.54,15.02,14.5,13.98,13.46,12.94,12.42
ecologistes:parti_dabord:8,ps,lfi,2.5,ps,6.14,6,5.86,5.72,5.58,5.44,5.3
ecologistes:parti_dabord:9,ecologistes,rn,3.5,ecologistes,13.32,13.06,12.8,12.54,12.26,12,11.74
ecologistes:parti_dabord:10,ecologistes,rn,7.6,ecologistes,20.16,19.64,19.12,18.6,18.08,17.56,17.02
ecologistes:parti_dabord:11,ecologistes,lr,8.9,ecologistes,13.78,13.24,12.68,12.12,11.58,11.02,10.48
ecologistes:parti_dabord:12,ecologistes,rn,2.5,ecologistes,12.96,12.74,12.54,12.34,12.14,11.94,11.74
ecologistes:parti_dabord:13,ecologistes,ps,5.9,ecologistes,5.72,5.28,4.84,4.4,3.96,3.54,3.1
ecologistes:parti_dabord:14,ecologistes,rn,3.9,ecologistes,16.88,16.6,16.32,16.04,15.74,15.46,15.18
ecologistes:parti_dabord:15,ecologistes,rn,6,ecologistes,14.06,13.66,13.24,12.82,12.42,12,11.58
ecologistes:parti_dabord:16,ecologistes,rn,7.6,ecologistes,15.58,15.06,14.54,14.02,13.5,12.98,12.46
ecologistes:parti_dabord:17,ecologistes,ps,6.5,ecologistes,10.86,10.38,9.9,9.44,8.96,8.48,8
ecologistes:parti_dabord:18,ecologistes,horizons,3.3,ecologistes,1.16,0.94,0.7,0.48,0.26,0.02,0.2
ecologistes:parti_dabord:19,ecologistes,rn,0.2,ecologistes,7.86,7.82,7.76,7.72,7.66,7.62,7.58
ecologistes:parti_dabord:20,ecologistes,lfi,9.9,ecologistes,17.92,17.24,16.58,15.9,15.22,14.54,13.86
ecologistes:parti_dabord:21,ecologistes,rn,1.6,ecologistes,11.86,11.72,11.58,11.44,11.3,11.14,11
ecologistes:parti_dabord:22,ecologistes,ps,5.8,ecologistes,7.38,6.96,6.52,6.1,5.66,5.22,4.8
ecologistes:parti_dabord:23,ecologistes,rn,0.7,ecologistes,9.98,9.9,9.82,9.72,9.64,9.56,9.48
ecologistes:parti_dabord:24,ecologistes,renaissance,7.9,ecologistes,10.72,10.18,9.66,9.14,8.6,8.08,7.56
ecologistes:parti_dabord:25,ecologistes,ps,8,ecologistes,9.8,9.24,8.66,8.1,7.52,6.96,6.38
ecologistes:parti_dabord:26,ecologistes,rn,5.9,ecologistes,15.48,15.08,14.66,14.26,13.84,13.44,13.04
ecologistes:parti_dabord:27,ecologistes,nouvelle_energie,9.6,ecologistes,12.42,11.84,11.26,10.68,10.1,9.52,8.94
ecologistes:parti_dabord:28,ecologistes,rn,10.9,ecologistes,20.54,19.8,19.08,18.36,17.64,16.9,16.18
ecologistes:parti_dabord:29,ecologistes,horizons,6.5,ecologistes,7.72,7.28,6.86,6.44,6.02,5.58,5.16
ecologistes:parti_dabord:30,rn,ecologistes,1.2,rn,4.64,4.66,4.7,4.72,4.74,4.78,4.8
ecologistes:parti_dabord:31,ecologistes,rn,6.9,ecologistes,14.28,13.8,13.32,12.84,12.36,11.88,11.4
ecologistes:parti_dabord:32,ecologistes,ps,7.8,ecologistes,9.04,8.5,7.94,7.4,6.86,6.32,5.76
ecologistes:parti_dabord:33,ecologistes,rn,1.2,ecologistes,9.02,8.9,8.78,8.68,8.56,8.44,8.32
ecologistes:parti_dabord:34,ecologistes,rn,4,ecologistes,12.94,12.64,12.34,12.04,11.74,11.44,11.14
ecologistes:parti_dabord:35,ecologistes,ps,1.4,ecologistes,1.22,1.06,0.92,0.78,0.62,0.48,0.34
ecologistes:parti_dabord:36,rn,ps,2.9,rn,4.42,4.62,4.82,5.02,5.22,5.42,5.62
ecologistes:parti_dabord:37,ecologistes,nouvelle_energie,2.7,ecologistes,0.76,0.58,0.38,0.2,0.02,0.16,0.34
ecologistes:parti_dabord:38,ecologistes,ps,6.4,ecologistes,10.78,10.3,9.82,9.36,8.88,8.4,7.92
ecologistes:parti_dabord:39,ecologistes,ps,3.2,ecologistes,6.62,6.36,6.1,5.86,5.6,5.36,5.1
ecologistes:parti_dabord:40,ecologistes,rn,0.2,ecologistes,9.84,9.78,9.74,9.68,9.64,9.58,9.52
ecologistes:parti_dabord:41,rn,ps,1,rn,3.88,3.94,4,4.08,4.14,4.2,4.28
ecologistes:parti_dabord:42,ecologistes,rn,3.8,ecologistes,14.08,13.8,13.52,13.22,12.94,12.66,12.38
ecologistes:parti_dabord:43,ecologistes,ps,4.1,ecologistes,8,7.68,7.36,7.04,6.72,6.38,6.06
ecologistes:parti_dabord:44,ecologistes,nouvelle_energie,3.1,ecologistes,2.58,2.36,2.16,1.96,1.74,1.54,1.34
ecologistes:parti_dabord:45,ecologistes,ps,5.6,ecologistes,8.6,8.18,7.76,7.34,6.92,6.48,6.06
ecologistes:parti_dabord:46,ecologistes,rn,7.7,ecologistes,23.02,22.5,21.98,21.48,20.96,20.44,19.94
ecologistes:parti_dabord:47,ecologistes,rn,5.7,ecologistes,16.46,16.08,15.68,15.28,14.9,14.5,14.1
ecologistes:parti_dabord:48,ecologistes,nouvelle_energie,2.6,ecologistes,2.6,2.42,2.24,2.04,1.86,1.68,1.5
ecologistes:parti_dabord:49,ecologistes,rn,2,ecologistes,12.28,12.1,11.94,11.76,11.6,11.44,11.26
ecologistes:parti_dabord:50,ecologistes,rn,1.1,ecologistes,9.42,9.32,9.2,9.1,8.98,8.88,8.76
ecologistes:parti_dabord:51,ecologistes,ps,5.1,ecologistes,10.4,10,9.62,9.22,8.82,8.44,8.04
ecologistes:parti_dabord:52,ecologistes,nouvelle_energie,9.1,ecologistes,12.12,11.58,11.02,10.48,9.92,9.38,8.82
ecologistes:parti_dabord:53,rn,ecologistes,1.7,rn,4.08,4.14,4.22,4.3,4.36,4.44,4.5
ecologistes:parti_dabord:54,ecologistes,ps,4.6,ecologistes,6.42,6.08,5.74,5.38,5.04,4.7,4.34
ecologistes:parti_dabord:55,ecologistes,renaissance,7.3,ecologistes,10.64,10.16,9.66,9.18,8.7,8.22,7.74
ecologistes:parti_dabord:56,ecologistes,ps,1.3,ecologistes,3.06,2.94,2.8,2.66,2.52,2.38,2.24
ecologistes:parti_dabord:57,ecologistes,rn,7.7,ecologistes,17.84,17.32,16.82,16.3,15.8,15.3,14.78
ecologistes:parti_dabord:58,ecologistes,ps,5.1,ecologistes,6.28,5.9,5.52,5.14,4.76,4.38,4
ecologistes:parti_dabord:59,ecologistes,rn,6.1,ecologistes,14.22,13.78,13.36,12.92,12.5,12.06,11.64
ecologistes:parti_dabord:60,ecologistes,rn,2.4,ecologistes,11.5,11.32,11.12,10.94,10.74,10.56,10.36
ecologistes:parti_dabord:61,ecologistes,rn,4.4,ecologistes,12.18,11.86,11.54,11.22,10.9,10.58,10.26
ecologistes:parti_dabord:62,ecologistes,ps,1.3,ecologistes,2.98,2.84,2.7,2.58,2.44,2.3,2.16
ecologistes:parti_dabord:63,ecologistes,rn,4,ecologistes,11.28,10.98,10.68,10.38,10.08,9.78,9.48
ecologistes:parti_dabord:64,ecologistes,ps,3.3,ecologistes,6.1,5.84,5.58,5.32,5.06,4.8,4.54
ecologistes:parti_dabord:65,ecologistes,nouvelle_energie,3.3,ecologistes,3.26,3.04,2.82,2.6,2.38,2.16,1.94
ecologistes:parti_dabord:66,ecologistes,ps,2.5,ecologistes,4.06,3.86,3.64,3.44,3.22,3,2.8
ecologistes:parti_dabord:67,ecologistes,rn,4.2,ecologistes,10.7,10.4,10.08,9.78,9.46,9.14,8.84
ecologistes:parti_dabord:68,ecologistes,horizons,2.4,ecologistes,2.86,2.68,2.5,2.32,2.14,1.96,1.78
ecologistes:parti_dabord:69,ecologistes,rn,0.8,ecologistes,9.22,9.12,9.02,8.92,8.82,8.72,8.62
ecologistes:mediatique:0,rn,ecologistes,4.2,rn,2.42,2.66,2.9,3.14,3.38,3.62,3.86
ecologistes:mediatique:1,ecologistes,rn,2.9,ecologistes,13.54,13.34,13.12,12.9,12.68,12.46,12.24
ecologistes:mediatique:2,ecologistes,nouvelle_energie,3.5,ecologistes,3.12,2.9,2.68,2.46,2.24,2.02,1.82
ecologistes:mediatique:3,ecologistes,rn,4,ecologistes,11.82,11.56,11.28,11,10.74,10.46,10.18
ecologistes:mediatique:4,ecologistes,horizons,0,ecologistes,2.22,2.18,2.14,2.1,2.06,2.04,2
ecologistes:mediatique:5,rn,ecologistes,2.9,rn,4.26,4.4,4.54,4.68,4.82,4.96,5.1
ecologistes:mediatique:6,rn,nouvelle_energie,3.6,rn,2.54,2.76,2.98,3.22,3.44,3.66,3.88
ecologistes:mediatique:7,nouvelle_energie,rn,0.7,nouvelle_energie,10.98,10.94,10.9,10.84,10.8,10.74,10.7
ecologistes:mediatique:8,nouvelle_energie,rn,1.4,nouvelle_energie,11.74,11.64,11.54,11.46,11.36,11.28,11.18
ecologistes:mediatique:9,rn,ecologistes,3.9,rn,0.82,1.06,1.28,1.52,1.76,2,2.24
ecologistes:mediatique:10,rn,horizons,2.9,rn,7.22,7.42,7.6,7.8,7.98,8.18,8.36
ecologistes:mediatique:11,rn,ps,2.7,rn,3.98,4.16,4.34,4.52,4.7,4.88,5.06
ecologistes:mediatique:12,rn,ps,0.5,rn,4.74,4.8,4.84,4.88,4.92,4.98,5.02
ecologistes:mediatique:13,ecologistes,ps,0.1,ecologistes,0.06,0.1,0.14,0.16,0.2,0.24,0.28
ecologistes:mediatique:14,horizons,ecologistes,0.9,horizons,2.4,2.38,2.36,2.34,2.32,2.28,2.26
ecologistes:mediatique:15,ecologistes,rn,3.3,ecologistes,13.32,13.08,12.82,12.58,12.34,12.1,11.84
ecologistes:mediatique:16,rn,ps,0.4,rn,6.02,6.06,6.08,6.12,6.16,6.2,6.22
ecologistes:mediatique:17,ecologistes,horizons,2.8,ecologistes,5.6,5.42,5.22,5.02,4.84,4.64,4.44
ecologistes:mediatique:18,ecologistes,renaissance,1.3,ecologistes,3.92,3.8,3.68,3.56,3.44,3.32,3.2
ecologistes:mediatique:19,rn,renaissance,3.3,rn,1.24,1.46,1.68,1.9,2.12,2.34,2.56
ecologistes:mediatique:20,ecologistes,rn,0.2,ecologistes,9.8,9.76,9.7,9.64,9.6,9.54,9.48
ecologistes:mediatique:21,lr,ps,0.8,lr,2.1,2.04,1.98,1.94,1.88,1.82,1.76
ecologistes:mediatique:22,ecologistes,ps,1.2,ecologistes,0.46,0.56,0.66,0.78,0.88,1,1.1
ecologistes:mediatique:23,rn,ps,2.6,rn,2.4,2.58,2.76,2.94,3.1,3.28,3.46
ecologistes:mediatique:24,rn,ecologistes,3.8,rn,5.72,5.92,6.14,6.34,6.56,6.76,6.98
ecologistes:mediatique:25,rn,ecologistes,1.6,rn,1.58,1.66,1.74,1.8,1.88,1.96,2.04
ecologistes:mediatique:26,rn,ecologistes,2.3,rn,2.32,2.46,2.58,2.72,2.84,2.98,3.1
ecologistes:mediatique:27,rn,ecologistes,0.1,rn,6.84,6.82,6.8,6.78,6.76,6.74,6.72
ecologistes:mediatique:28,rn,ecologistes,3,rn,4.68,4.86,5.02,5.2,5.36,5.54,5.72
ecologistes:mediatique:29,rn,renaissance,4.6,rn,4.66,4.96,5.26,5.56,5.86,6.16,6.46
ecologistes:mediatique:30,ecologistes,rn,4.5,ecologistes,13.34,13.02,12.7,12.38,12.06,11.72,11.4
ecologistes:mediatique:31,ecologistes,ps,5.4,ecologistes,10.02,9.62,9.22,8.82,8.42,8.02,7.62
ecologistes:mediatique:32,renaissance,rn,0.6,renaissance,9.3,9.26,9.24,9.22,9.18,9.16,9.12
ecologistes:mediatique:33,rn,ecologistes,2.2,rn,3.7,3.8,3.92,4.02,4.14,4.24,4.36
ecologistes:mediatique:34,ecologistes,rn,2.5,ecologistes,10.62,10.44,10.26,10.08,9.9,9.72,9.54
ecologistes:mediatique:35,ecologistes,rn,5,ecologistes,13.1,12.76,12.4,12.06,11.7,11.36,11.02
ecologistes:mediatique:36,rn,ps,6.1,rn,1.48,1.08,0.68,0.3,0.1,0.48,0.88
ecologistes:mediatique:37,rn,horizons,4.1,rn,3.24,3.5,3.76,4.02,4.28,4.54,4.8
ecologistes:mediatique:38,nouvelle_energie,ecologistes,0.8,nouvelle_energie,1.04,1.02,1,0.98,0.96,0.92,0.9
ecologistes:mediatique:39,ecologistes,ps,4.4,ecologistes,7.34,7,6.68,6.34,6.02,5.68,5.36
ecologistes:mediatique:40,ps,ecologistes,1.9,ps,4.12,4.04,3.96,3.88,3.78,3.7,3.62
ecologistes:mediatique:41,ecologistes,rn,4.5,ecologistes,11.18,10.86,10.54,10.22,9.92,9.6,9.28
ecologistes:mediatique:42,ecologistes,rn,0.5,ecologistes,4.28,4.22,4.16,4.12,4.06,4.02,3.96
ecologistes:mediatique:43,ecologistes,rn,2.6,ecologistes,11.04,10.86,10.68,10.5,10.3,10.12,9.94
ecologistes:mediatique:44,rn,ecologistes,0.7,rn,7.38,7.4,7.44,7.46,7.5,7.54,7.56
ecologistes:mediatique:45,horizons,rn,0.6,horizons,10.58,10.56,10.52,10.48,10.46,10.42,10.4
ecologistes:mediatique:46,rn,horizons,2.1,rn,6.42,6.56,6.7,6.84,6.98,7.12,7.26
ecologistes:mediatique:47,ecologistes,rn,4.7,ecologistes,12.68,12.36,12.04,11.7,11.38,11.06,10.74
ecologistes:mediatique:48,ecologistes,renaissance,2.9,ecologistes,5.46,5.26,5.04,4.84,4.62,4.42,4.2
ecologistes:mediatique:49,ps,rn,2.6,ps,8.94,8.78,8.62,8.46,8.3,8.14,7.98
ecologistes:mediatique:50,ecologistes,rn,5.2,ecologistes,14.16,13.8,13.44,13.08,12.72,12.36,12
ecologistes:mediatique:51,horizons,rn,2.4,horizons,12.2,12.06,11.92,11.76,11.62,11.48,11.34
ecologistes:mediatique:52,rn,ecologistes,1.7,rn,5.52,5.62,5.7,5.78,5.86,5.94,6.04
ecologistes:mediatique:53,ecologistes,rn,5.3,ecologistes,15.36,14.98,14.6,14.22,13.84,13.46,13.08
ecologistes:mediatique:54,ps,lfi,2.2,ps,5.74,5.62,5.5,5.38,5.26,5.14,5
ecologistes:mediatique:55,horizons,rn,1.5,horizons,12.28,12.2,12.1,12.02,11.92,11.84,11.74
ecologistes:mediatique:56,ps,rn,2.9,ps,7.7,7.52,7.34,7.16,6.98,6.8,6.62
ecologistes:mediatique:57,ecologistes,ps,2.9,ecologistes,1.82,2.02,2.24,2.46,2.66,2.88,3.08
ecologistes:mediatique:58,rn,lr,1.1,rn,4.82,4.88,4.96,5.04,5.1,5.18,5.24
ecologistes:mediatique:59,rn,horizons,6.5,rn,0.28,0.7,1.1,1.52,1.92,2.34,2.74
ecologistes:mediatique:60,ecologistes,rn,2.1,ecologistes,9.06,8.88,8.72,8.56,8.38,8.22,8.06
ecologistes:mediatique:61,ecologistes,ps,3.1,ecologistes,3.68,3.44,3.2,2.94,2.7,2.46,2.22
ecologistes:mediatique:62,ecologistes,horizons,1.4,ecologistes,1.86,1.76,1.64,1.54,1.42,1.32,1.22
ecologistes:mediatique:63,rn,ps,2.7,rn,5.26,5.44,5.62,5.8,5.98,6.16,6.36
ecologistes:mediatique:64,rn,ecologistes,3.1,rn,3.22,3.38,3.56,3.72,3.9,4.06,4.24
ecologistes:mediatique:65,nouvelle_energie,rn,0.6,nouvelle_energie,9.28,9.24,9.2,9.14,9.1,9.06,9.02
ecologistes:mediatique:66,ecologistes,rn,1.3,ecologistes,7.36,7.24,7.14,7.02,6.92,6.82,6.7
ecologistes:mediatique:67,horizons,ecologistes,0.2,horizons,3.88,3.88,3.9,3.92,3.94,3.94,3.96
ecologistes:mediatique:68,rn,ecologistes,0.5,rn,5.94,5.94,5.94,5.94,5.94,5.94,5.94
ecologistes:mediatique:69,ps,rn,0.1,ps,4.12,4.12,4.12,4.12,4.12,4.12,4.12
ecologistes:contrarien:0,rn,horizons,5.2,rn,0.38,0.72,1.06,1.38,1.72,2.04,2.38
ecologistes:contrarien:1,rn,renaissance,2.5,rn,4.8,4.96,5.12,5.3,5.46,5.64,5.8
ecologistes:contrarien:2,horizons,ecologistes,0.3,horizons,2.7,2.7,2.7,2.72,2.72,2.72,2.72
ecologistes:contrarien:3,rn,ps,0.6,rn,6.62,6.66,6.72,6.76,6.8,6.84,6.9
ecologistes:contrarien:4,rn,nouvelle_energie,4.4,rn,3.56,3.84,4.1,4.38,4.66,4.94,5.22
ecologistes:contrarien:5,rn,ps,1.7,rn,6.14,6.26,6.38,6.48,6.6,6.7,6.82
ecologistes:contrarien:6,ecologistes,horizons,5.7,ecologistes,5.08,4.7,4.34,3.96,3.58,3.2,2.82
ecologistes:contrarien:7,ps,rn,5.6,ps,12.48,12.12,11.78,11.44,11.08,10.74,10.38
ecologistes:contrarien:8,horizons,rn,0.6,horizons,10.04,10,9.96,9.92,9.9,9.86,9.82
ecologistes:contrarien:9,nouvelle_energie,lr,2.3,nouvelle_energie,5.88,5.74,5.6,5.46,5.3,5.16,5.02
ecologistes:contrarien:10,rn,horizons,2.2,rn,6.6,6.74,6.88,7.02,7.16,7.32,7.46
ecologistes:contrarien:11,rn,ps,2.9,rn,0.56,0.76,0.94,1.12,1.32,1.5,1.68
ecologistes:contrarien:12,ps,ecologistes,1.7,ps,2.02,1.94,1.84,1.74,1.64,1.56,1.46
ecologistes:contrarien:13,nouvelle_energie,ps,1.2,nouvelle_energie,4.32,4.22,4.14,4.06,3.98,3.9,3.8
ecologistes:contrarien:14,ps,renaissance,0.5,ps,0.9,0.86,0.84,0.8,0.76,0.72,0.68
ecologistes:contrarien:15,rn,renaissance,1.5,rn,7.2,7.3,7.42,7.52,7.62,7.74,7.84
ecologistes:contrarien:16,ps,horizons,3.8,ps,0.58,0.36,0.12,0.1,0.34,0.56,0.8
ecologistes:contrarien:17,rn,ps,3.9,rn,0.14,0.1,0.36,0.6,0.86,1.1,1.36
ecologistes:contrarien:18,rn,ps,0.1,rn,6.32,6.34,6.34,6.36,6.36,6.38,6.4
ecologistes:contrarien:19,ecologistes,ps,0.7,ecologistes,0.74,0.68,0.6,0.52,0.44,0.36,0.28
ecologistes:contrarien:20,ecologistes,horizons,0.7,ecologistes,0.5,0.42,0.34,0.28,0.2,0.14,0.06
ecologistes:contrarien:21,rn,lfi,5.6,rn,4.3,3.96,3.62,3.28,2.94,2.58,2.24
ecologistes:contrarien:22,rn,renaissance,4.3,rn,1.88,2.16,2.46,2.74,3.02,3.3,3.58
ecologistes:contrarien:23,ps,rn,3.6,ps,9.4,9.18,8.94,8.72,8.5,8.28,8.06
ecologistes:contrarien:24,rn,nouvelle_energie,1.2,rn,8.44,8.52,8.58,8.66,8.74,8.82,8.88
ecologistes:contrarien:25,rn,horizons,3.7,rn,6.62,6.86,7.1,7.32,7.56,7.8,8.02
ecologistes:contrarien:26,rn,ps,2,rn,2.84,2.98,3.1,3.24,3.38,3.5,3.64
ecologistes:contrarien:27,rn,renaissance,2.1,rn,5.36,5.5,5.66,5.8,5.94,6.1,6.24
ecologistes:contrarien:28,rn,lr,4.8,rn,0.74,1.04,1.34,1.64,1.94,2.24,2.54
ecologistes:contrarien:29,rn,horizons,1.3,rn,9.08,9.16,9.26,9.34,9.44,9.52,9.6
ecologistes:contrarien:30,rn,lfi,6.1,rn,3.98,3.6,3.22,2.84,2.46,2.08,1.7
ecologistes:contrarien:31,horizons,rn,1,horizons,9.22,9.16,9.1,9.04,8.98,8.94,8.88
ecologistes:contrarien:32,rn,ps,3.4,rn,1.94,2.16,2.38,2.6,2.84,3.06,3.28
ecologistes:contrarien:33,rn,renaissance,5.7,rn,0.34,0.7,1.08,1.46,1.82,2.2,2.56
ecologistes:contrarien:34,horizons,rn,0.3,horizons,7.64,7.64,7.62,7.6,7.6,7.58,7.56
ecologistes:contrarien:35,rn,ps,2.8,rn,0.28,0.48,0.66,0.84,1.02,1.22,1.4
ecologistes:contrarien:36,ecologistes,rn,1.4,ecologistes,9.78,9.68,9.6,9.5,9.42,9.32,9.24
ecologistes:contrarien:37,rn,nouvelle_energie,0.3,rn,9.56,9.56,9.58,9.6,9.62,9.62,9.64
ecologistes:contrarien:38,rn,renaissance,2.7,rn,3.8,3.98,4.16,4.34,4.52,4.7,4.9
ecologistes:contrarien:39,ps,rn,5.3,ps,12.16,11.82,11.48,11.16,10.82,10.48,10.16
ecologistes:contrarien:40,ps,horizons,0.1,ps,0.02,0,0.02,0.02,0.04,0.06,0.06
ecologistes:contrarien:41,ps,rn,1.2,ps,2.78,2.72,2.66,2.58,2.52,2.46,2.4
ecologistes:contrarien:42,rn,ecologistes,3,rn,4.64,4.82,5.02,5.2,5.38,5.56,5.76
ecologistes:contrarien:43,rn,ecologistes,2.1,rn,6.86,6.98,7.1,7.22,7.34,7.46,7.58
ecologistes:contrarien:44,lr,rn,0.9,lr,6.74,6.68,6.62,6.56,6.5,6.44,6.38
ecologistes:contrarien:45,rn,nouvelle_energie,2,rn,6.98,7.1,7.22,7.32,7.44,7.56,7.68
ecologistes:contrarien:46,rn,horizons,3.8,rn,3.64,3.88,4.1,4.34,4.58,4.8,5.04
ecologistes:contrarien:47,ecologistes,horizons,0,ecologistes,2.06,2.08,2.08,2.1,2.1,2.12,2.14
ecologistes:contrarien:48,rn,nouvelle_energie,3.9,rn,3.34,3.58,3.8,4.04,4.28,4.5,4.74
ecologistes:contrarien:49,rn,ps,1.4,rn,5.4,5.5,5.6,5.68,5.78,5.88,5.98
ecologistes:contrarien:50,rn,nouvelle_energie,0.3,rn,11.14,11.16,11.18,11.2,11.2,11.22,11.24
ecologistes:contrarien:51,ps,horizons,0.2,ps,1.42,1.42,1.4,1.38,1.38,1.36,1.34
ecologistes:contrarien:52,ps,renaissance,0.1,ps,0.66,0.66,0.68,0.7,0.7,0.72,0.74
ecologistes:contrarien:53,rn,ecologistes,1.5,rn,4.18,4.28,4.36,4.44,4.54,4.62,4.7
ecologistes:contrarien:54,rn,ps,0.4,rn,4.68,4.72,4.74,4.78,4.8,4.84,4.86
ecologistes:contrarien:55,ps,rn,1.1,ps,6.38,6.32,6.24,6.18,6.12,6.06,6
ecologistes:contrarien:56,rn,ps,1,rn,6.74,6.82,6.88,6.94,7.02,7.08,7.14
ecologistes:contrarien:57,rn,horizons,1.6,rn,6.76,6.86,6.98,7.08,7.18,7.28,7.4
ecologistes:contrarien:58,ps,horizons,2.4,ps,3.34,3.48,3.62,3.76,3.9,4.04,4.18
ecologistes:contrarien:59,ecologistes,ps,0.7,ecologistes,2.12,2.06,2,1.94,1.86,1.8,1.74
ecologistes:contrarien:60,ps,rn,3,ps,9,8.82,8.62,8.44,8.26,8.08,7.88
ecologistes:contrarien:61,horizons,rn,2.1,horizons,10.54,10.42,10.28,10.16,10.02,9.9,9.76
ecologistes:contrarien:62,rn,nouvelle_energie,2.5,rn,4.5,4.64,4.8,4.96,5.1,5.26,5.42
ecologistes:contrarien:63,rn,ps,1.9,rn,5,5.12,5.26,5.38,5.5,5.64,5.76
ecologistes:contrarien:64,ps,lfi,3.4,ps,7.88,7.68,7.48,7.28,7.08,6.86,6.66
ecologistes:contrarien:65,ps,nouvelle_energie,4.3,ps,2.74,2.5,2.26,2.02,1.76,1.52,1.28
ecologistes:contrarien:66,rn,nouvelle_energie,0.2,rn,9.74,9.74,9.76,9.76,9.76,9.78,9.78
ecologistes:contrarien:67,rn,nouvelle_energie,4.3,rn,4.96,5.22,5.48,5.74,6,6.26,6.52
ecologistes:contrarien:68,rn,lr,4.8,rn,0.9,0.6,0.28,0.02,0.34,0.64,0.96
ecologistes:contrarien:69,ps,horizons,2.6,ps,1.16,1,0.86,0.7,0.54,0.4,0.24
renaissance:aleatoire:0,renaissance,rn,1.1,renaissance,10.54,10.44,10.36,10.26,10.18,10.08,10
renaissance:aleatoire:1,renaissance,ps,4.9,renaissance,7.86,7.54,7.22,6.9,6.56,6.24,5.92
renaissance:aleatoire:2,renaissance,rn,6.7,renaissance,18.02,17.6,17.2,16.8,16.4,16,15.6
renaissance:aleatoire:3,renaissance,horizons,8,renaissance,12.02,11.5,10.96,10.44,9.9,9.38,8.86
renaissance:aleatoire:4,ps,renaissance,0.1,ps,0.54,0.54,0.54,0.52,0.52,0.52,0.52
renaissance:aleatoire:5,renaissance,ps,2.9,renaissance,7.28,7.1,6.9,6.7,6.5,6.3,6.12
renaissance:aleatoire:6,renaissance,rn,2.8,renaissance,12.6,12.42,12.26,12.08,11.9,11.74,11.56
renaissance:aleatoire:7,renaissance,nouvelle_energie,10.5,renaissance,11.74,11.12,10.5,9.88,9.26,8.64,8.02
renaissance:aleatoire:8,renaissance,nouvelle_energie,4.5,renaissance,3.68,3.42,3.14,2.88,2.6,2.34,2.06
renaissance:aleatoire:9,rn,renaissance,3.1,rn,3.04,3.24,3.44,3.64,3.84,4.04,4.24
renaissance:aleatoire:10,renaissance,rn,1.9,renaissance,10.66,10.52,10.4,10.26,10.12,9.98,9.86
renaissance:aleatoire:11,horizons,renaissance,2.9,horizons,1.28,1.1,0.92,0.74,0.54,0.36,0.18
renaissance:aleatoire:12,rn,renaissance,0.1,rn,8.78,8.8,8.82,8.84,8.86,8.9,8.92
renaissance:aleatoire:13,renaissance,rn,4.3,renaissance,14.94,14.68,14.4,14.14,13.88,13.6,13.34
renaissance:aleatoire:14,renaissance,rn,2.9,renaissance,12.28,12.08,11.9,11.72,11.52,11.34,11.14
renaissance:aleatoire:15,rn,renaissance,0.3,rn,8.42,8.44,8.44,8.46,8.48,8.48,8.5
renaissance:aleatoire:16,renaissance,ps,3.5,renaissance,7.2,6.98,6.76,6.56,6.34,6.12,5.92
renaissance:aleatoire:17,horizons,rn,0,horizons,8.74,8.74,8.76,8.76,8.76,8.78,8.78
renaissance:aleatoire:18,ps,rn,5,ps,12.84,12.52,12.22,11.9,11.6,11.28,10.96
renaissance:aleatoire:19,renaissance,rn,5.9,renaissance,18.16,17.8,17.44,17.08,16.72,16.36,16
renaissance:aleatoire:20,renaissance,horizons,3.8,renaissance,5.8,5.54,5.28,5.02,4.76,4.5,4.24
renaissance:aleatoire:21,renaissance,rn,2.3,renaissance,13.92,13.78,13.62,13.48,13.32,13.16,13.02
renaissance:aleatoire:22,renaissance,rn,4.5,renaissance,10.08,9.8,9.54,9.28,9.02,8.74,8.48
renaissance:aleatoire:23,renaissance,rn,1.7,renaissance,9.76,9.64,9.52,9.4,9.28,9.16,9.02
renaissance:aleatoire:24,rn,renaissance,0.5,rn,9.64,9.68,9.72,9.74,9.78,9.82,9.86
renaissance:aleatoire:25,renaissance,lfi,7.9,renaissance,18.92,18.44,17.96,17.48,16.98,16.5,16.02
renaissance:aleatoire:26,renaissance,rn,1.4,renaissance,9.54,9.44,9.34,9.24,9.14,9.04,8.94
renaissance:aleatoire:27,renaissance,nouvelle_energie,6.5,renaissance,8.38,8.02,7.64,7.28,6.92,6.54,6.18
renaissance:aleatoire:28,rn,renaissance,2,rn,6.74,6.86,7,7.12,7.26,7.38,7.52
renaissance:aleatoire:29,renaissance,rn,5.5,renaissance,16.8,16.48,16.16,15.86,15.54,15.22,14.9
renaissance:aleatoire:30,renaissance,rn,7.1,renaissance,16.88,16.44,15.98,15.52,15.08,14.62,14.18
renaissance:aleatoire:31,renaissance,horizons,5,renaissance,6.52,6.2,5.88,5.56,5.24,4.92,4.6
renaissance:aleatoire:32,renaissance,rn,1.7,renaissance,13.22,13.12,13.02,12.92,12.82,12.7,12.6
renaissance:aleatoire:33,renaissance,horizons,8.1,renaissance,10.7,10.18,9.66,9.14,8.62,8.1,7.58
renaissance:aleatoire:34,renaissance,ps,5.6,renaissance,9.86,9.5,9.16,8.82,8.48,8.12,7.78
renaissance:aleatoire:35,rn,renaissance,0.8,rn,7.18,7.24,7.3,7.36,7.42,7.48,7.54
renaissance:aleatoire:36,rn,renaissance,2,rn,8.94,9.06,9.18,9.3,9.44,9.56,9.68
renaissance:aleatoire:37,renaissance,rn,1,renaissance,10.78,10.7,10.62,10.54,10.48,10.4,10.32
renaissance:aleatoire:38,rn,renaissance,0.4,rn,7.28,7.3,7.32,7.34,7.36,7.38,7.4
renaissance:aleatoire:39,ps,rn,0.2,ps,5.62,5.62,5.62,5.62,5.62,5.62,5.6
renaissance:aleatoire:40,renaissance,rn,9.2,renaissance,21.78,21.18,20.58,19.98,19.38,18.78,18.18
renaissance:aleatoire:41,nouvelle_energie,rn,0.9,nouvelle_energie,11.56,11.5,11.44,11.38,11.32,11.26,11.2
renaissance:aleatoire:42,rn,renaissance,0.7,rn,8.1,8.12,8.16,8.2,8.24,8.26,8.3
renaissance:aleatoire:43,renaissance,ps,1.5,renaissance,4.42,4.32,4.24,4.16,4.08,3.98,3.9
renaissance:aleatoire:44,rn,renaissance,3.9,rn,3.6,3.86,4.12,4.38,4.64,4.9,5.16
renaissance:aleatoire:45,renaissance,nouvelle_energie,2.9,renaissance,3.14,2.98,2.8,2.62,2.46,2.28,2.1
renaissance:aleatoire:46,renaissance,horizons,9.1,renaissance,11.06,10.5,9.94,9.36,8.8,8.24,7.66
renaissance:aleatoire:47,renaissance,rn,5.8,renaissance,17.2,16.82,16.42,16.04,15.64,15.26,14.86
renaissance:aleatoire:48,renaissance,rn,2.2,renaissance,9.92,9.78,9.66,9.52,9.38,9.26,9.12
renaissance:aleatoire:49,renaissance,horizons,1.8,renaissance,2.88,2.76,2.62,2.5,2.38,2.26,2.14
renaissance:aleatoire:50,renaissance,rn,0.8,renaissance,8.96,8.9,8.86,8.8,8.74,8.7,8.64
renaissance:aleatoire:51,renaissance,rn,0.3,renaissance,10.94,10.9,10.88,10.84,10.8,10.76,10.72
renaissance:aleatoire:52,renaissance,horizons,1,renaissance,0.3,0.24,0.18,0.14,0.08,0.02,0.04
renaissance:aleatoire:53,renaissance,ps,5.7,renaissance,8.84,8.5,8.14,7.78,7.44,7.08,6.74
renaissance:aleatoire:54,rn,renaissance,1.7,rn,8.16,8.26,8.38,8.48,8.6,8.7,8.82
renaissance:aleatoire:55,renaissance,ps,9.5,renaissance,15.18,14.6,14,13.42,12.82,12.24,11.66
renaissance:aleatoire:56,renaissance,rn,7.4,renaissance,19.9,19.44,18.98,18.5,18.04,17.58,17.12
renaissance:aleatoire:57,renaissance,rn,3.2,renaissance,13.9,13.68,13.44,13.22,13,12.76,12.54
renaissance:aleatoire:58,renaissance,rn,3.7,renaissance,15.54,15.3,15.08,14.84,14.6,14.36,14.14
renaissance:aleatoire:59,rn,renaissance,0.8,rn,7.02,7.06,7.1,7.16,7.2,7.24,7.3
renaissance:aleatoire:60,renaissance,rn,12.5,renaissance,23.7,22.92,22.12,21.34,20.56,19.78,18.98
renaissance:aleatoire:61,renaissance,horizons,6.1,renaissance,11.08,10.68,10.3,9.9,9.52,9.12,8.74
renaissance:aleatoire:62,renaissance,rn,1.3,renaissance,9.08,9,8.92,8.86,8.78,8.7,8.62
renaissance:aleatoire:63,renaissance,rn,6.9,renaissance,15.54,15.12,14.68,14.26,13.82,13.4,12.96
renaissance:aleatoire:64,renaissance,rn,4.2,renaissance,13.54,13.28,13.04,12.78,12.54,12.28,12.02
renaissance:aleatoire:65,renaissance,rn,8.6,renaissance,18.06,17.5,16.94,16.4,15.84,15.28,14.74
renaissance:aleatoire:66,renaissance,ps,3.7,renaissance,5.38,5.16,4.92,4.68,4.46,4.22,3.98
renaissance:aleatoire:67,renaissance,rn,7.7,renaissance,19.26,18.8,18.34,17.86,17.4,16.94,16.46
renaissance:aleatoire:68,renaissance,horizons,3.3,renaissance,3.18,2.98,2.78,2.58,2.38,2.18,1.98
renaissance:aleatoire:69,renaissance,rn,7.4,renaissance,20.26,19.8,19.34,18.88,18.42,17.94,17.48
renaissance:prudent:0,renaissance,rn,6.8,renaissance,18.42,18,17.56,17.12,16.68,16.26,15.82
renaissance:prudent:1,renaissance,horizons,9.6,renaissance,13.34,12.74,12.16,11.56,10.96,10.38,9.78
renaissance:prudent:2,renaissance,rn,5.6,renaissance,18.54,18.18,17.84,17.48,17.12,16.76,16.42
renaissance:prudent:3,renaissance,ps,6.3,renaissance,11.14,10.76,10.36,9.98,9.58,9.2,8.8
renaissance:prudent:4,renaissance,rn,6.3,renaissance,17.76,17.36,16.98,16.58,16.2,15.82,15.42
renaissance:prudent:5,renaissance,rn,7.7,renaissance,18.34,17.84,17.34,16.84,16.34,15.84,15.34
renaissance:prudent:6,rn,renaissance,1.2,rn,8.46,8.52,8.6,8.66,8.74,8.8,8.88
renaissance:prudent:7,renaissance,rn,3.1,renaissance,12.36,12.18,11.98,11.8,11.6,11.42,11.22
renaissance:prudent:8,renaissance,rn,3.5,renaissance,15.72,15.48,15.24,15,14.78,14.54,14.3
renaissance:prudent:9,renaissance,rn,5.9,renaissance,18.32,17.96,17.58,17.22,16.84,16.48,16.1
renaissance:prudent:10,rn,nouvelle_energie,0.4,rn,8.86,8.9,8.92,8.94,8.96,8.98,9
renaissance:prudent:11,renaissance,rn,8.1,renaissance,21.32,20.8,20.3,19.8,19.3,18.8,18.3
renaissance:prudent:12,renaissance,rn,8.8,renaissance,19.12,18.58,18.04,17.5,16.96,16.4,15.86
renaissance:prudent:13,renaissance,rn,3.4,renaissance,14.36,14.16,13.94,13.72,13.5,13.28,13.06
renaissance:prudent:14,renaissance,ps,4.6,renaissance,9.08,8.8,8.52,8.24,7.96,7.68,7.4
renaissance:prudent:15,renaissance,rn,6.5,renaissance,18.18,17.76,17.36,16.94,16.54,16.12,15.72
renaissance:prudent:16,renaissance,rn,8.3,renaissance,21.18,20.66,20.16,19.64,19.12,18.6,18.1
renaissance:prudent:17,renaissance,ps,5.7,renaissance,9.88,9.52,9.16,8.8,8.46,8.1,7.74
renaissance:prudent:18,renaissance,rn,1.7,renaissance,13.68,13.54,13.42,13.3,13.18,13.06,12.92
renaissance:prudent:19,renaissance,ecologistes,7.6,renaissance,14.3,13.82,13.36,12.9,12.42,11.96,11.5
renaissance:prudent:20,renaissance,rn,1.6,renaissance,13.16,13.04,12.94,12.84,12.74,12.64,12.54
renaissance:prudent:21,nouvelle_energie,renaissance,0.6,nouvelle_energie,0.34,0.36,0.4,0.42,0.44,0.46,0.5
renaissance:prudent:22,renaissance,ps,10,renaissance,14.3,13.7,13.08,12.46,11.84,11.22,10.6
renaissance:prudent:23,renaissance,rn,5.1,renaissance,18.12,17.8,17.48,17.14,16.82,16.5,16.16
renaissance:prudent:24,renaissance,rn,7.4,renaissance,21.3,20.84,20.38,19.92,19.46,19,18.52
renaissance:prudent:25,renaissance,lr,3.1,renaissance,5.12,4.92,4.72,4.52,4.32,4.12,3.92
renaissance:prudent:26,ps,renaissance,1.5,ps,3.16,3.24,3.32,3.42,3.5,3.58,3.66
renaissance:prudent:27,renaissance,rn,8,renaissance,19.38,18.88,18.38,17.88,17.38,16.88,16.38
renaissance:prudent:28,renaissance,ps,9.4,renaissance,14.76,14.18,13.62,13.04,12.46,11.9,11.32
renaissance:prudent:29,renaissance,ps,5.1,renaissance,10.78,10.46,10.14,9.8,9.48,9.16,8.84
renaissance:prudent:30,renaissance,rn,6.8,renaissance,20.06,19.62,19.18,18.76,18.32,17.88,17.46
renaissance:prudent:31,renaissance,rn,0,renaissance,11.22,11.2,11.2,11.2,11.2,11.2,11.2
renaissance:prudent:32,renaissance,ps,4.8,renaissance,9.34,9.04,8.74,8.44,8.14,7.84,7.52
renaissance:prudent:33,renaissance,rn,5.2,renaissance,17.58,17.24,16.92,16.58,16.26,15.94,15.6
renaissance:prudent:34,renaissance,rn,9.2,renaissance,22.48,21.88,21.3,20.72,20.12,19.54,18.96
renaissance:prudent:35,renaissance,ps,3.8,renaissance,8.84,8.58,8.34,8.1,7.84,7.6,7.34
renaissance:prudent:36,rn,renaissance,0.7,rn,5.54,5.58,5.64,5.68,5.72,5.76,5.82
renaissance:prudent:37,renaissance,nouvelle_energie,5.8,renaissance,9.24,8.9,8.56,8.22,7.9,7.56,7.22
renaissance:prudent:38,renaissance,rn,3.3,renaissance,15.6,15.4,15.18,14.98,14.76,14.56,14.34
renaissance:prudent:39,renaissance,rn,4.5,renaissance,13.5,13.22,12.96,12.68,12.42,12.14,11.88
renaissance:prudent:40,renaissance,lfi,8.2,renaissance,20.04,19.54,19.02,18.52,18.02,17.5,17
renaissance:prudent:41,renaissance,rn,4,renaissance,15.16,14.9,14.66,14.4,14.14,13.9,13.64
renaissance:prudent:42,renaissance,ps,0.3,renaissance,1.44,1.42,1.42,1.4,1.4,1.38,1.36
renaissance:prudent:43,renaissance,rn,10.7,renaissance,18.84,18.18,17.52,16.86,16.2,15.54,14.88
renaissance:prudent:44,renaissance,horizons,5.1,renaissance,8.12,7.8,7.46,7.14,6.8,6.46,6.14
renaissance:prudent:45,renaissance,ps,9.1,renaissance,16,15.42,14.84,14.26,13.68,13.1,12.52
renaissance:prudent:46,renaissance,nouvelle_energie,7.4,renaissance,11.76,11.3,10.84,10.38,9.92,9.46,9.02
renaissance:prudent:47,renaissance,horizons,3.8,renaissance,7.68,7.42,7.16,6.88,6.62,6.36,6.1
renaissance:prudent:48,renaissance,rn,8.2,renaissance,19.48,18.94,18.4,17.86,17.32,16.78,16.24
renaissance:prudent:49,renaissance,horizons,3.4,renaissance,7.3,7.06,6.84,6.6,6.38,6.14,5.92
renaissance:prudent:50,renaissance,rn,3.4,renaissance,13.48,13.26,13.02,12.8,12.56,12.34,12.1
renaissance:prudent:51,rn,renaissance,1.1,rn,9.7,9.78,9.84,9.9,9.96,10.02,10.1
renaissance:prudent:52,renaissance,rn,4.5,renaissance,16.28,16,15.7,15.42,15.12,14.84,14.54
renaissance:prudent:53,renaissance,lr,8.1,renaissance,13.6,13.12,12.64,12.16,11.68,11.2,10.7
renaissance:prudent:54,renaissance,ps,5.9,renaissance,11.88,11.52,11.14,10.78,10.42,10.06,9.68
renaissance:prudent:55,renaissance,rn,4.6,renaissance,13.48,13.2,12.9,12.6,12.32,12.02,11.74
renaissance:prudent:56,renaissance,rn,6.4,renaissance,17.82,17.42,17,16.58,16.18,15.76,15.36
renaissance:prudent:57,renaissance,ps,1.6,renaissance,5.36,5.24,5.14,5.04,4.94,4.84,4.74
renaissance:prudent:58,renaissance,rn,12.6,renaissance,26.12,25.34,24.58,23.82,23.06,22.28,21.52
renaissance:prudent:59,renaissance,rn,3.6,renaissance,14.04,13.82,13.6,13.38,13.16,12.94,12.72
renaissance:prudent:60,renaissance,rn,3.9,renaissance,14.74,14.48,14.22,13.96,13.7,13.44,13.2
renaissance:prudent:61,renaissance,lr,7,renaissance,9.58,9.16,8.76,8.34,7.94,7.52,7.12
renaissance:prudent:62,renaissance,rn,2.1,renaissance,11.44,11.28,11.14,11,10.84,10.7,10.56
renaissance:prudent:63,renaissance,rn,14.2,renaissance,25.94,25.08,24.22,23.36,22.5,21.66,20.8
renaissance:prudent:64,renaissance,rn,2.2,renaissance,14.62,14.46,14.32,14.18,14.02,13.88,13.74
renaissance:prudent:65,renaissance,ps,10.4,renaissance,15.56,14.9,14.26,13.6,12.96,12.3,11.66
renaissance:prudent:66,renaissance,lr,8.5,renaissance,11.72,11.22,10.72,10.22,9.72,9.22,8.72
renaissance:prudent:67,renaissance,horizons,11.7,renaissance,16.62,15.88,15.14,14.4,13.66,12.92,12.18
renaissance:prudent:68,renaissance,ps,5.4,renaissance,7.74,7.44,7.12,6.8,6.48,6.18,5.86
renaissance:prudent:69,renaissance,rn,10.7,renaissance,25.2,24.52,23.86,23.18,22.52,21.84,21.16
renaissance:risque:0,renaissance,rn,3,renaissance,11.68,11.48,11.28,11.08,10.88,10.68,10.48
renaissance:risque:1,renaissance,rn,2.2,renaissance,12.5,12.34,12.2,12.04,11.9,11.74,11.6
renaissance:risque:2,renaissance,rn,4.6,renaissance,16.24,15.94,15.64,15.36,15.06,14.78,14.48
renaissance:risque:3,renaissance,rn,0.4,renaissance,8.12,8.1,8.1,8.08,8.08,8.06,8.06
renaissance:risque:4,renaissance,rn,5.7,renaissance,15.22,14.86,14.5,14.14,13.78,13.44,13.08
renaissance:risque:5,ps,renaissance,0.2,ps,2.16,2.18,2.18,2.2,2.2,2.22,2.22
renaissance:risque:6,renaissance,rn,1,renaissance,12.32,12.26,12.18,12.12,12.06,12,11.94
renaissance:risque:7,renaissance,rn,2.6,renaissance,11.78,11.62,11.44,11.28,11.1,10.94,10.76
renaissance:risque:8,renaissance,lfi,6.2,renaissance,13.56,13.18,12.8,12.42,12.04,11.66,11.28
renaissance:risque:9,renaissance,rn,5.5,renaissance,16.9,16.56,16.24,15.9,15.58,15.24,14.92
renaissance:risque:10,rn,horizons,2.4,rn,5.28,5.44,5.58,5.74,5.88,6.04,6.18
renaissance:risque:11,renaissance,lr,7,renaissance,8.32,7.9,7.48,7.06,6.64,6.22,5.8
renaissance:risque:12,renaissance,rn,2.1,renaissance,11.06,10.94,10.82,10.68,10.56,10.44,10.32
renaissance:risque:13,renaissance,rn,3.1,renaissance,13.78,13.58,13.38,13.2,13,12.8,12.6
renaissance:risque:14,renaissance,rn,9.3,renaissance,20.6,20,19.4,18.82,18.22,17.62,17.04
renaissance:risque:15,renaissance,rn,6.5,renaissance,18.96,18.54,18.12,17.68,17.26,16.84,16.42
renaissance:risque:16,renaissance,rn,5.3,renaissance,15.5,15.18,14.84,14.52,14.2,13.86,13.54
renaissance:risque:17,renaissance,rn,9.4,renaissance,20.92,20.34,19.74,19.16,18.58,17.98,17.4
renaissance:risque:18,renaissance,rn,1.3,renaissance,8.66,8.58,8.48,8.4,8.3,8.22,8.14
renaissance:risque:19,renaissance,rn,5.3,renaissance,14.84,14.5,14.14,13.8,13.46,13.1,12.76
renaissance:risque:20,renaissance,rn,9.1,renaissance,20.32,19.72,19.14,18.54,17.94,17.36,16.76
renaissance:risque:21,renaissance,rn,0.8,renaissance,9.36,9.32,9.26,9.22,9.16,9.12,9.08
renaissance:risque:22,renaissance,rn,5.6,renaissance,16.66,16.32,15.96,15.62,15.28,14.92,14.58
renaissance:risque:23,renaissance,rn,4.7,renaissance,13.2,12.9,12.6,12.3,12,11.7,11.4
renaissance:risque:24,renaissance,rn,6.8,renaissance,17.9,17.48,17.04,16.62,16.18,15.74,15.32
renaissance:risque:25,renaissance,rn,3.6,renaissance,14.08,13.86,13.62,13.4,13.16,12.94,12.72
renaissance:risque:26,renaissance,horizons,8.2,renaissance,8.84,8.3,7.78,7.26,6.74,6.22,5.7
renaissance:risque:27,renaissance,ps,4.4,renaissance,6.8,6.54,6.26,6,5.74,5.46,5.2
renaissance:risque:28,renaissance,rn,2.7,renaissance,14.68,14.5,14.34,14.16,14,13.82,13.64
renaissance:risque:29,renaissance,rn,0.5,renaissance,10.24,10.22,10.18,10.16,10.14,10.12,10.08
renaissance:risque:30,renaissance,rn,9.3,renaissance,20.52,19.92,19.32,18.72,18.12,17.52,16.92
renaissance:risque:31,renaissance,ps,8.4,renaissance,12.02,11.5,10.96,10.44,9.9,9.38,8.84
renaissance:risque:32,renaissance,lr,8.5,renaissance,12.22,11.72,11.2,10.68,10.16,9.64,9.12
renaissance:risque:33,renaissance,ps,3.4,renaissance,7.66,7.46,7.26,7.06,6.84,6.64,6.44
renaissance:risque:34,rn,ps,0.1,rn,6.72,6.72,6.74,6.74,6.76,6.76,6.78
renaissance:risque:35,renaissance,ps,5,renaissance,7.68,7.36,7.04,6.7,6.38,6.06,5.72
renaissance:risque:36,renaissance,rn,11,renaissance,22.32,21.62,20.94,20.24,19.54,18.84,18.16
renaissance:risque:37,renaissance,horizons,8.9,renaissance,9.94,9.38,8.84,8.28,7.74,7.18,6.62
renaissance:risque:38,renaissance,ps,6.6,renaissance,10.82,10.42,10,9.6,9.2,8.78,8.38
renaissance:risque:39,renaissance,lfi,7.8,renaissance,18.08,17.6,17.14,16.66,16.2,15.72,15.26
renaissance:risque:40,renaissance,rn,6.7,renaissance,16.12,15.68,15.26,14.82,14.4,13.96,13.54
renaissance:risque:41,renaissance,ps,7.4,renaissance,13.34,12.88,12.42,11.96,11.5,11.04,10.58
renaissance:risque:42,renaissance,rn,11.7,renaissance,25.66,24.94,24.22,23.5,22.78,22.06,21.32
renaissance:risque:43,renaissance,rn,9.6,renaissance,17.76,17.18,16.62,16.06,15.48,14.92,14.36
renaissance:risque:44,renaissance,rn,9,renaissance,22.86,22.28,21.72,21.14,20.58,20.02,19.44
renaissance:risque:45,renaissance,rn,6.3,renaissance,17.04,16.66,16.26,15.86,15.46,15.06,14.68
renaissance:risque:46,renaissance,ps,5.1,renaissance,5.46,5.16,4.86,4.56,4.26,3.94,3.64
renaissance:risque:47,renaissance,rn,4.2,renaissance,13.22,12.94,12.68,12.42,12.16,11.9,11.62
renaissance:risque:48,renaissance,nouvelle_energie,10,renaissance,12.52,11.92,11.32,10.72,10.12,9.54,8.94
renaissance:risque:49,renaissance,rn,3.7,renaissance,14.56,14.34,14.1,13.88,13.64,13.42,13.18
renaissance:risque:50,renaissance,horizons,2.7,renaissance,0.42,0.58,0.76,0.92,1.1,1.26,1.44
renaissance:risque:51,renaissance,ps,0.6,renaissance,5.28,5.24,5.2,5.16,5.12,5.08,5.04
renaissance:risque:52,renaissance,horizons,4.8,renaissance,6.2,5.9,5.6,5.32,5.02,4.72,4.42
renaissance:risque:53,renaissance,rn,10.7,renaissance,22.28,21.6,20.92,20.24,19.58,18.9,18.22
renaissance:risque:54,renaissance,rn,6.6,renaissance,18.04,17.62,17.22,16.8,16.4,15.98,15.58
renaissance:risque:55,renaissance,rn,5.7,renaissance,17.1,16.72,16.34,15.98,15.6,15.22,14.84
renaissance:risque:56,renaissance,ps,10.7,renaissance,14.28,13.64,13,12.38,11.74,11.1,10.46
renaissance:risque:57,renaissance,rn,8.9,renaissance,20.62,20.08,19.54,18.98,18.44,17.9,17.36
renaissance:risque:58,renaissance,ps,3.2,renaissance,4.28,4.1,3.9,3.7,3.5,3.3,3.12
renaissance:risque:59,renaissance,rn,5.4,renaissance,15.56,15.22,14.88,14.54,14.2,13.86,13.52
renaissance:risque:60,renaissance,rn,7.2,renaissance,20.52,20.06,19.6,19.16,18.7,18.24,17.78
renaissance:risque:61,rn,horizons,0.6,rn,7.02,7.06,7.1,7.16,7.2,7.24,7.28
renaissance:risque:62,renaissance,rn,3.6,renaissance,13.06,12.82,12.6,12.36,12.14,11.92,11.68
renaissance:risque:63,renaissance,nouvelle_energie,10.3,renaissance,11.82,11.22,10.62,10.02,9.4,8.8,8.2
renaissance:risque:64,renaissance,ps,5.2,renaissance,8.14,7.82,7.5,7.18,6.86,6.54,6.22
renaissance:risque:65,renaissance,horizons,3.4,renaissance,5,4.78,4.56,4.34,4.1,3.88,3.66
renaissance:risque:66,renaissance,rn,10,renaissance,23.1,22.48,21.86,21.24,20.62,20,19.38
renaissance:risque:67,ps,renaissance,0,ps,0.32,0.34,0.36,0.36,0.38,0.4,0.4
renaissance:risque:68,renaissance,rn,5.1,renaissance,15.34,15.02,14.7,14.38,14.06,13.74,13.4
renaissance:risque:69,renaissance,ps,8.6,renaissance,12.76,12.24,11.72,11.2,10.68,10.14,9.62
renaissance:ideologiquement_coherent:0,renaissance,rn,8.1,renaissance,16.7,16.2,15.68,15.16,14.64,14.12,13.6
renaissance:ideologiquement_coherent:1,renaissance,rn,10.1,renaissance,21.58,20.96,20.34,19.72,19.1,18.48,17.86
renaissance:ideologiquement_coherent:2,renaissance,horizons,6.6,renaissance,8.04,7.64,7.26,6.86,6.46,6.08,5.68
renaissance:ideologiquement_coherent:3,renaissance,rn,11.6,renaissance,24.72,24,23.3,22.58,21.88,21.16,20.46
renaissance:ideologiquement_coherent:4,renaissance,rn,0,renaissance,7.98,7.98,7.98,7.98,7.98,7.98,8
renaissance:ideologiquement_coherent:5,renaissance,nouvelle_energie,8.3,renaissance,7.62,7.14,6.66,6.18,5.68,5.2,4.72
renaissance:ideologiquement_coherent:6,renaissance,horizons,2.6,renaissance,5.72,5.56,5.4,5.24,5.08,4.92,4.76
renaissance:ideologiquement_coherent:7,renaissance,rn,6.1,renaissance,17.18,16.78,16.38,16,15.6,15.2,14.8
renaissance:ideologiquement_coherent:8,renaissance,rn,4.6,renaissance,14.68,14.4,14.12,13.82,13.54,13.26,12.98
renaissance:ideologiquement_coherent:9,renaissance,rn,10.1,renaissance,19.42,18.82,18.22,17.62,17.02,16.4,15.8
renaissance:ideologiquement_coherent:10,renaissance,rn,6.6,renaissance,20.66,20.26,19.86,19.46,19.04,18.64,18.24
renaissance:ideologiquement_coherent:11,renaissance,ps,1.1,renaissance,3.92,3.88,3.82,3.76,3.7,3.64,3.6
renaissance:ideologiquement_coherent:12,renaissance,nouvelle_energie,6.1,renaissance,6.74,6.4,6.04,5.68,5.32,4.96,4.6
renaissance:ideologiquement_coherent:13,renaissance,horizons,12.3,renaissance,15.56,14.82,14.06,13.32,12.56,11.82,11.06
renaissance:ideologiquement_coherent:14,renaissance,ps,4.7,renaissance,9.1,8.82,8.52,8.24,7.94,7.64,7.36
renaissance:ideologiquement_coherent:15,renaissance,lr,12.7,renaissance,19.98,19.2,18.44,17.68,16.92,16.16,15.4
renaissance:ideologiquement_coherent:16,renaissance,ps,9.1,renaissance,14.26,13.7,13.16,12.6,12.04,11.5,10.94
renaissance:ideologiquement_coherent:17,renaissance,rn,5.3,renaissance,15.44,15.1,14.78,14.44,14.1,13.78,13.44
renaissance:ideologiquement_coherent:18,renaissance,rn,8,renaissance,19.4,18.94,18.46,17.98,17.5,17.02,16.54
renaissance:ideologiquement_coherent:19,renaissance,rn,7,renaissance,17.04,16.62,16.22,15.8,15.38,14.96,14.54
renaissance:ideologiquement_coherent:20,renaissance,rn,9,renaissance,19.66,19.1,18.52,17.96,17.38,16.82,16.24
renaissance:ideologiquement_coherent:21,renaissance,rn,4.1,renaissance,15.3,15.04,14.78,14.5,14.24,13.98,13.72
renaissance:ideologiquement_coherent:22,renaissance,rn,6.4,renaissance,19.98,19.58,19.2,18.82,18.42,18.04,17.66
renaissance:ideologiquement_coherent:23,renaissance,rn,6.2,renaissance,18.5,18.12,17.72,17.34,16.96,16.58,16.18
renaissance:ideologiquement_coherent:24,renaissance,ps,3.4,renaissance,8.48,8.28,8.1,7.9,7.7,7.5,7.3
renaissance:ideologiquement_coherent:25,renaissance,ps,7,renaissance,13.36,12.94,12.5,12.08,11.66,11.24,10.8
renaissance:ideologiquement_coherent:26,renaissance,nouvelle_energie,1.8,renaissance,2.58,2.48,2.38,2.28,2.18,2.08,1.98
renaissance:ideologiquement_coherent:27,renaissance,rn,9.2,renaissance,17.24,16.68,16.12,15.54,14.98,14.4,13.84
renaissance:ideologiquement_coherent:28,renaissance,rn,6.8,renaissance,17.78,17.38,16.96,16.56,16.14,15.72,15.32
renaissance:ideologiquement_coherent:29,renaissance,rn,3.6,renaissance,16.14,15.92,15.7,15.48,15.26,15.04,14.8
renaissance:ideologiquement_coherent:30,renaissance,ps,4.4,renaissance,8.08,7.8,7.52,7.24,6.96,6.66,6.38
renaissance:ideologiquement_coherent:31,renaissance,horizons,7.9,renaissance,9.5,9.02,8.54,8.06,7.58,7.1,6.6
renaissance:ideologiquement_coherent:32,renaissance,rn,1.7,renaissance,11.88,11.78,11.68,11.58,11.48,11.38,11.3
renaissance:ideologiquement_coherent:33,renaissance,lfi,7.6,renaissance,14.48,14.04,13.58,13.14,12.7,12.24,11.8
renaissance:ideologiquement_coherent:34,renaissance,ps,5.8,renaissance,11.34,10.98,10.64,10.3,9.96,9.6,9.26
renaissance:ideologiquement_coherent:35,renaissance,lfi,8,renaissance,14.38,13.9,13.44,12.96,12.48,12,11.52
renaissance:ideologiquement_coherent:36,renaissance,ps,0.7,renaissance,2.9,2.86,2.82,2.76,2.72,2.68,2.64
renaissance:ideologiquement_coherent:37,renaissance,horizons,15.2,renaissance,19.48,18.56,17.64,16.72,15.8,14.88,13.98
renaissance:ideologiquement_coherent:38,renaissance,rn,3,renaissance,12.36,12.18,11.98,11.8,11.62,11.42,11.24
renaissance:ideologiquement_coherent:39,rn,renaissance,0.9,rn,8.98,9.04,9.1,9.18,9.24,9.3,9.38
renaissance:ideologiquement_coherent:40,renaissance,rn,9.8,renaissance,20.76,20.14,19.54,18.92,18.32,17.72,17.1
renaissance:ideologiquement_coherent:41,renaissance,rn,10.2,renaissance,21.48,20.86,20.26,19.64,19.02,18.4,17.78
renaissance:ideologiquement_coherent:42,renaissance,ps,7.1,renaissance,8.82,8.4,7.96,7.54,7.1,6.68,6.24
renaissance:ideologiquement_coherent:43,renaissance,horizons,8.8,renaissance,10.64,10.12,9.6,9.08,8.56,8.04,7.5
renaissance:ideologiquement_coherent:44,renaissance,ps,7,renaissance,10.72,10.3,9.86,9.44,9,8.58,8.16
renaissance:ideologiquement_coherent:45,renaissance,lfi,8.7,renaissance,16.92,16.42,15.9,15.38,14.86,14.36,13.84
renaissance:ideologiquement_coherent:46,renaissance,rn,7.3,renaissance,20.2,19.76,19.32,18.88,18.44,18,17.56
renaissance:ideologiquement_coherent:47,renaissance,rn,5,renaissance,16.1,15.8,15.52,15.22,14.92,14.62,14.32
renaissance:ideologiquement_coherent:48,renaissance,rn,9.4,renaissance,18.5,17.92,17.36,16.78,16.22,15.64,15.06
renaissance:ideologiquement_coherent:49,renaissance,rn,8.2,renaissance,19.1,18.58,18.08,17.56,17.06,16.54,16.04
renaissance:ideologiquement_coherent:50,renaissance,rn,3.9,renaissance,15.72,15.46,15.22,14.96,14.72,14.46,14.22
renaissance:ideologiquement_coherent:51,renaissance,rn,7.6,renaissance,18.5,18.02,17.54,17.08,16.6,16.12,15.66
renaissance:ideologiquement_coherent:52,renaissance,nouvelle_energie,8.3,renaissance,10.72,10.26,9.78,9.32,8.84,8.38,7.9
renaissance:ideologiquement_coherent:53,renaissance,ps,6.1,renaissance,11.34,10.98,10.62,10.28,9.92,9.56,9.2
renaissance:ideologiquement_coherent:54,renaissance,rn,5.1,renaissance,15.62,15.32,15.02,14.72,14.44,14.14,13.84
renaissance:ideologiquement_coherent:55,renaissance,rn,4.1,renaissance,13.42,13.16,12.9,12.62,12.36,12.1,11.84
renaissance:ideologiquement_coherent:56,renaissance,rn,8,renaissance,20.46,19.96,19.46,18.96,18.46,17.96,17.46
renaissance:ideologiquement_coherent:57,renaissance,ps,5.6,renaissance,9.64,9.3,8.96,8.64,8.3,7.96,7.62
renaissance:ideologiquement_coherent:58,renaissance,ps,6.1,renaissance,9.16,8.78,8.4,8.04,7.66,7.3,6.92
renaissance:ideologiquement_coherent:59,renaissance,rn,3.7,renaissance,13.56,13.32,13.08,12.84,12.6,12.36,12.12
renaissance:ideologiquement_coherent:60,renaissance,rn,13.9,renaissance,24.08,23.22,22.36,21.52,20.66,19.8,18.94
renaissance:ideologiquement_coherent:61,renaissance,ps,5.6,renaissance,8.24,7.92,7.6,7.28,6.96,6.64,6.32
renaissance:ideologiquement_coherent:62,renaissance,rn,10.7,renaissance,21.22,20.58,19.94,19.3,18.66,18.02,17.38
renaissance:ideologiquement_coherent:63,renaissance,horizons,5.3,renaissance,7.04,6.72,6.4,6.08,5.76,5.44,5.12
renaissance:ideologiquement_coherent:64,renaissance,nouvelle_energie,2.9,renaissance,4.32,4.16,3.98,3.82,3.66,3.48,3.32
renaissance:ideologiquement_coherent:65,renaissance,horizons,8.6,renaissance,11.4,10.86,10.32,9.76,9.22,8.68,8.14
renaissance:ideologiquement_coherent:66,renaissance,nouvelle_energie,4.5,renaissance,4.7,4.44,4.18,3.94,3.68,3.42,3.18
renaissance:ideologiquement_coherent:67,renaissance,rn,6.7,renaissance,16.28,15.88,15.46,15.06,14.64,14.24,13.82
renaissance:ideologiquement_coherent:68,renaissance,rn,5.7,renaissance,15.98,15.62,15.28,14.94,14.58,14.24,13.9
renaissance:ideologiquement_coherent:69,renaissance,rn,10.2,renaissance,21.86,21.22,20.58,19.94,19.32,18.68,18.04
renaissance:opportuniste_electoral:0,renaissance,rn,9.4,renaissance,20.86,20.26,19.68,19.1,18.52,17.94,17.34
renaissance:opportuniste_electoral:1,ps,rn,1.3,ps,8.22,8.14,8.06,7.98,7.9,7.82,7.74
renaissance:opportuniste_electoral:2,renaissance,ps,2.9,renaissance,6.94,6.78,6.6,6.44,6.26,6.1,5.92
renaissance:opportuniste_electoral:3,rn,ps,0.4,rn,6.52,6.54,6.58,6.6,6.64,6.66,6.7
renaissance:opportuniste_electoral:4,renaissance,rn,4.5,renaissance,14.72,14.44,14.14,13.86,13.58,13.28,13
renaissance:opportuniste_electoral:5,renaissance,rn,2.5,renaissance,10.08,9.92,9.78,9.62,9.46,9.3,9.14
renaissance:opportuniste_electoral:6,renaissance,rn,4.1,renaissance,12.18,11.92,11.64,11.38,11.12,10.84,10.58
renaissance:opportuniste_electoral:7,renaissance,horizons,6.5,renaissance,9.48,9.06,8.62,8.2,7.78,7.36,6.94
renaissance:opportuniste_electoral:8,ps,rn,0.9,ps,8.54,8.48,8.44,8.38,8.32,8.26,8.22
renaissance:opportuniste_electoral:9,ps,renaissance,0.6,ps,3.46,3.48,3.52,3.54,3.58,3.62,3.64
renaissance:opportuniste_electoral:10,renaissance,ps,4,renaissance,7.54,7.3,7.04,6.8,6.56,6.32,6.06
renaissance:opportuniste_electoral:11,rn,renaissance,1.5,rn,11.12,11.2,11.28,11.36,11.44,11.52,11.62
renaissance:opportuniste_electoral:12,horizons,rn,1,horizons,7.98,7.92,7.88,7.82,7.78,7.72,7.66
renaissance:opportuniste_electoral:13,renaissance,lr,7.2,renaissance,9.36,8.94,8.52,8.1,7.66,7.24,6.82
renaissance:opportuniste_electoral:14,renaissance,rn,3.8,renaissance,14.94,14.68,14.42,14.16,13.9,13.64,13.38
renaissance:opportuniste_electoral:15,ps,renaissance,1.7,ps,2.44,2.34,2.24,2.14,2.04,1.94,1.84
renaissance:opportuniste_electoral:16,rn,renaissance,0.7,rn,7.92,7.96,8,8.06,8.1,8.14,8.2
renaissance:opportuniste_electoral:17,renaissance,rn,3.7,renaissance,14.62,14.4,14.18,13.96,13.74,13.52,13.3
renaissance:opportuniste_electoral:18,renaissance,rn,2.5,renaissance,12.14,11.98,11.8,11.64,11.48,11.3,11.14
renaissance:opportuniste_electoral:19,renaissance,rn,2.1,renaissance,12.52,12.36,12.2,12.06,11.9,11.74,11.58
renaissance:opportuniste_electoral:20,renaissance,rn,5.1,renaissance,14.22,13.9,13.56,13.22,12.9,12.56,12.22
renaissance:opportuniste_electoral:21,rn,renaissance,2.5,rn,4.62,4.78,4.94,5.12,5.28,5.44,5.6
renaissance:opportuniste_electoral:22,renaissance,rn,5.1,renaissance,16.12,15.78,15.44,15.1,14.78,14.44,14.1
renaissance:opportuniste_electoral:23,renaissance,rn,1.5,renaissance,10.74,10.66,10.56,10.46,10.38,10.28,10.2
renaissance:opportuniste_electoral:24,rn,lfi,2.9,rn,0.02,0.16,0.34,0.5,0.68,0.84,1.02
renaissance:opportuniste_electoral:25,renaissance,nouvelle_energie,5.3,renaissance,8.08,7.76,7.44,7.12,6.8,6.48,6.16
renaissance:opportuniste_electoral:26,renaissance,ps,0.1,renaissance,1.8,1.8,1.8,1.82,1.82,1.82,1.82
renaissance:opportuniste_electoral:27,ps,rn,0.6,ps,9.08,9.06,9.04,9,8.98,8.94,8.92
renaissance:opportuniste_electoral:28,renaissance,rn,2.6,renaissance,14.34,14.18,14.02,13.86,13.7,13.54,13.36
renaissance:opportuniste_electoral:29,renaissance,rn,3,renaissance,13.38,13.18,12.98,12.78,12.58,12.38,12.18
renaissance:opportuniste_electoral:30,renaissance,horizons,5.6,renaissance,9.32,8.94,8.56,8.18,7.8,7.42,7.04
renaissance:opportuniste_electoral:31,rn,renaissance,0.5,rn,9.16,9.2,9.22,9.26,9.28,9.32,9.34
renaissance:opportuniste_electoral:32,renaissance,ps,3.7,renaissance,8.26,8.04,7.82,7.58,7.36,7.14,6.9
renaissance:opportuniste_electoral:33,renaissance,rn,5.1,renaissance,17.06,16.74,16.42,16.1,15.78,15.46,15.14
renaissance:opportuniste_electoral:34,renaissance,ecologistes,0.3,renaissance,2.86,2.86,2.86,2.86,2.84,2.84,2.84
renaissance:opportuniste_electoral:35,renaissance,rn,0.7,renaissance,10.4,10.34,10.28,10.24,10.18,10.14,10.08
renaissance:opportuniste_electoral:36,renaissance,ps,2.6,renaissance,5.4,5.24,5.06,4.9,4.74,4.56,4.4
renaissance:opportuniste_electoral:37,renaissance,ps,3.9,renaissance,6.28,6.04,5.8,5.56,5.32,5.08,4.84
renaissance:opportuniste_electoral:38,horizons,lr,2.8,horizons,3.86,3.68,3.52,3.36,3.2,3.04,2.88
renaissance:opportuniste_electoral:39,rn,horizons,3.7,rn,3.78,4,4.24,4.48,4.72,4.96,5.2
renaissance:opportuniste_electoral:40,renaissance,rn,3.3,renaissance,13.18,12.98,12.78,12.58,12.38,12.18,11.98
renaissance:opportuniste_electoral:41,renaissance,ps,1.9,renaissance,4.1,3.98,3.86,3.72,3.6,3.46,3.34
renaissance:opportuniste_electoral:42,ps,rn,1.4,ps,7.24,7.16,7.08,6.98,6.9,6.82,6.74
renaissance:opportuniste_electoral:43,renaissance,rn,0.3,renaissance,7.38,7.36,7.34,7.3,7.28,7.26,7.24
renaissance:opportuniste_electoral:44,renaissance,rn,2,renaissance,11.12,11,10.86,10.74,10.6,10.46,10.34
renaissance:opportuniste_electoral:45,renaissance,rn,1.2,renaissance,10.84,10.76,10.66,10.58,10.48,10.4,10.32
renaissance:opportuniste_electoral:46,renaissance,nouvelle_energie,2.5,renaissance,2,1.84,1.66,1.5,1.34,1.18,1.02
renaissance:opportuniste_electoral:47,renaissance,ecologistes,2.4,renaissance,6.98,6.84,6.68,6.52,6.38,6.22,6.06
renaissance:opportuniste_electoral:48,renaissance,rn,2.6,renaissance,16.08,15.92,15.76,15.6,15.44,15.28,15.1
renaissance:opportuniste_electoral:49,renaissance,lr,7.5,renaissance,11.98,11.54,11.1,10.64,10.2,9.76,9.32
renaissance:opportuniste_electoral:50,rn,ps,4.4,rn,1.12,1.4,1.68,1.98,2.26,2.54,2.82
renaissance:opportuniste_electoral:51,renaissance,rn,1,renaissance,8.68,8.62,8.56,8.5,8.46,8.4,8.34
renaissance:opportuniste_electoral:52,renaissance,nouvelle_energie,1.9,renaissance,2.3,2.2,2.08,1.96,1.86,1.74,1.64
renaissance:opportuniste_electoral:53,renaissance,rn,6,renaissance,18.36,17.98,17.58,17.2,16.82,16.42,16.04
renaissance:opportuniste_electoral:54,rn,ps,1.6,rn,3.82,3.94,4.04,4.16,4.26,4.38,4.48
renaissance:opportuniste_electoral:55,renaissance,nouvelle_energie,6.5,renaissance,11.1,10.7,10.3,9.9,9.5,9.12,8.72
renaissance:opportuniste_electoral:56,renaissance,rn,4.6,renaissance,15,14.68,14.38,14.08,13.78,13.46,13.16
renaissance:opportuniste_electoral:57,renaissance,ps,1.9,renaissance,2.04,1.92,1.82,1.7,1.58,1.46,1.34
renaissance:opportuniste_electoral:58,renaissance,ps,2.3,renaissance,6.78,6.64,6.5,6.36,6.22,6.08,5.94
renaissance:opportuniste_electoral:59,rn,renaissance,0.5,rn,7.84,7.88,7.92,7.98,8.02,8.06,8.1
renaissance:opportuniste_electoral:60,renaissance,horizons,9.3,renaissance,12.02,11.44,10.84,10.26,9.68,9.1,8.52
renaissance:opportuniste_electoral:61,ps,rn,0.2,ps,7.12,7.12,7.12,7.12,7.1,7.1,7.1
renaissance:opportuniste_electoral:62,nouvelle_energie,rn,0.9,nouvelle_energie,8.5,8.44,8.38,8.32,8.26,8.22,8.16
renaissance:opportuniste_electoral:63,renaissance,horizons,4.4,renaissance,4.36,4.08,3.82,3.56,3.3,3.02,2.76
renaissance:opportuniste_electoral:64,renaissance,ps,2.5,renaissance,3.88,3.72,3.56,3.4,3.24,3.08,2.92
renaissance:opportuniste_electoral:65,renaissance,rn,4.9,renaissance,15.22,14.9,14.58,14.28,13.96,13.64,13.32
renaissance:opportuniste_electoral:66,renaissance,rn,1.9,renaissance,8.12,8,7.88,7.76,7.66,7.54,7.42
renaissance:opportuniste_electoral:67,rn,renaissance,0.4,rn,7.54,7.56,7.58,7.6,7.62,7.64,7.66
renaissance:opportuniste_electoral:68,renaissance,nouvelle_energie,5.4,renaissance,6.94,6.62,6.28,5.96,5.64,5.3,4.98
renaissance:opportuniste_electoral:69,renaissance,rn,1.9,renaissance,11.4,11.28,11.14,11,10.86,10.72,10.58
renaissance:parti_dabord:0,renaissance,rn,10.1,renaissance,22.9,22.24,21.6,20.94,20.3,19.64,18.98
renaissance:parti_dabord:1,renaissance,horizons,7.9,renaissance,8.14,7.6,7.08,6.56,6.04,5.5,4.98
renaissance:parti_dabord:2,renaissance,rn,1.6,renaissance,10.44,10.32,10.2,10.08,9.96,9.84,9.72
renaissance:parti_dabord:3,renaissance,rn,2,renaissance,12.2,12.04,11.9,11.74,11.58,11.44,11.28
renaissance:parti_dabord:4,renaissance,rn,13.1,renaissance,24.32,23.46,22.62,21.78,20.92,20.08,19.22
renaissance:parti_dabord:5,renaissance,rn,7.6,renaissance,17.6,17.08,16.58,16.06,15.54,15.04,14.52
renaissance:parti_dabord:6,renaissance,horizons,5.1,renaissance,7.72,7.36,7.02,6.66,6.3,5.94,5.58
renaissance:parti_dabord:7,renaissance,rn,6,renaissance,14.76,14.36,13.94,13.54,13.12,12.72,12.32
renaissance:parti_dabord:8,renaissance,ps,2.5,renaissance,2.64,2.48,2.3,2.12,1.94,1.76,1.58
renaissance:parti_dabord:9,renaissance,rn,5.3,renaissance,17.8,17.44,17.08,16.72,16.38,16.02,15.66
renaissance:parti_dabord:10,renaissance,ps,10.6,renaissance,14.64,13.94,13.26,12.58,11.88,11.2,10.52
renaissance:parti_dabord:11,rn,ps,3.1,rn,2.88,3.08,3.28,3.48,3.7,3.9,4.1
renaissance:parti_dabord:12,renaissance,rn,10.2,renaissance,20.52,19.86,19.2,18.56,17.9,17.24,16.58
renaissance:parti_dabord:13,renaissance,rn,3,renaissance,14.48,14.28,14.06,13.84,13.62,13.4,13.18
renaissance:parti_dabord:14,ps,renaissance,0.2,ps,1.72,1.7,1.68,1.66,1.64,1.62,1.6
renaissance:parti_dabord:15,renaissance,rn,4.1,renaissance,10.98,10.68,10.4,10.1,9.82,9.52,9.22
renaissance:parti_dabord:16,renaissance,rn,4.3,renaissance,13.82,13.52,13.22,12.92,12.62,12.34,12.04
renaissance:parti_dabord:17,renaissance,rn,4,renaissance,12.08,11.8,11.52,11.24,10.96,10.68,10.4
renaissance:parti_dabord:18,renaissance,rn,11.9,renaissance,25.86,25.1,24.34,23.58,22.82,22.06,21.3
renaissance:parti_dabord:19,renaissance,rn,7.1,renaissance,18.04,17.56,17.1,16.62,16.16,15.68,15.22
renaissance:parti_dabord:20,renaissance,rn,5,renaissance,14.44,14.08,13.74,13.38,13.04,12.68,12.34
renaissance:parti_dabord:21,renaissance,rn,6.5,renaissance,16.58,16.12,15.68,15.24,14.8,14.34,13.9
renaissance:parti_dabord:22,renaissance,rn,2.9,renaissance,11.98,11.76,11.56,11.34,11.12,10.92,10.7
renaissance:parti_dabord:23,renaissance,ps,7.2,renaissance,13.06,12.6,12.12,11.66,11.18,10.72,10.24
renaissance:parti_dabord:24,renaissance,nouvelle_energie,0.8,renaissance,1.48,1.54,1.62,1.68,1.76,1.82,1.9
renaissance:parti_dabord:25,renaissance,nouvelle_energie,2,renaissance,0.84,0.7,0.56,0.44,0.3,0.16,0.02
renaissance:parti_dabord:26,renaissance,horizons,5.5,renaissance,5.3,4.92,4.52,4.14,3.76,3.38,3
renaissance:parti_dabord:27,renaissance,rn,1.6,renaissance,10.18,10.06,9.92,9.8,9.68,9.56,9.44
renaissance:parti_dabord:28,renaissance,ps,2.5,renaissance,3.94,3.76,3.56,3.38,3.2,3,2.82
renaissance:parti_dabord:29,renaissance,rn,2.6,renaissance,11.02,10.82,10.62,10.42,10.22,10.04,9.84
renaissance:parti_dabord:30,renaissance,rn,5.5,renaissance,13.76,13.38,13,12.62,12.22,11.84,11.46
renaissance:parti_dabord:31,renaissance,ps,3.8,renaissance,7.62,7.36,7.1,6.82,6.56,6.3,6.02
renaissance:parti_dabord:32,renaissance,ps,4,renaissance,5.06,4.8,4.54,4.28,4.02,3.76,3.5
renaissance:parti_dabord:33,renaissance,rn,2.5,renaissance,11.86,11.68,11.5,11.32,11.14,10.96,10.78
renaissance:parti_dabord:34,renaissance,rn,6.5,renaissance,18.34,17.92,17.5,17.08,16.64,16.22,15.8
renaissance:parti_dabord:35,renaissance,rn,7.8,renaissance,21.44,20.92,20.4,19.88,19.36,18.84,18.32
renaissance:parti_dabord:36,renaissance,horizons,2.3,renaissance,0.94,0.76,0.58,0.4,0.22,0.04,0.14
renaissance:parti_dabord:37,renaissance,rn,4.5,renaissance,13.36,13.06,12.74,12.42,12.12,11.8,11.48
renaissance:parti_dabord:38,renaissance,ps,5.2,renaissance,8.46,8.1,7.74,7.38,7,6.64,6.28
renaissance:parti_dabord:39,renaissance,ps,8.4,renaissance,13.14,12.6,12.06,11.52,10.98,10.42,9.88
renaissance:parti_dabord:40,renaissance,ps,5,renaissance,10.66,10.3,9.96,9.62,9.26,8.92,8.58
renaissance:parti_dabord:41,renaissance,rn,8.6,renaissance,18.76,18.2,17.62,17.04,16.46,15.88,15.32
renaissance:parti_dabord:42,renaissance,ps,3.5,renaissance,5.1,4.86,4.62,4.36,4.12,3.88,3.62
renaissance:parti_dabord:43,renaissance,lfi,15.1,renaissance,24.48,23.54,22.58,21.64,20.7,19.76,18.8
renaissance:parti_dabord:44,renaissance,horizons,9.8,renaissance,13.38,12.74,12.1,11.46,10.82,10.18,9.52
renaissance:parti_dabord:45,renaissance,lfi,12.2,renaissance,20.26,19.48,18.7,17.94,17.16,16.4,15.62
renaissance:parti_dabord:46,renaissance,rn,5.8,renaissance,14.76,14.36,13.96,13.58,13.18,12.78,12.4
renaissance:parti_dabord:47,renaissance,rn,3.5,renaissance,13.12,12.86,12.6,12.36,12.1,11.84,11.58
renaissance:parti_dabord:48,renaissance,rn,7.1,renaissance,17.52,17.06,16.58,16.12,15.64,15.16,14.7
renaissance:parti_dabord:49,renaissance,horizons,7.7,renaissance,11.74,11.22,10.7,10.18,9.66,9.14,8.62
renaissance:parti_dabord:50,renaissance,nouvelle_energie,1.7,renaissance,0.32,0.44,0.54,0.66,0.78,0.88,1
renaissance:parti_dabord:51,renaissance,ps,5.1,renaissance,7.86,7.5,7.16,6.82,6.46,6.12,5.78
renaissance:parti_dabord:52,renaissance,ps,3.8,renaissance,4.6,4.34,4.06,3.8,3.52,3.26,2.98
renaissance:parti_dabord:53,renaissance,rn,2.8,renaissance,10.84,10.64,10.44,10.24,10.04,9.84,9.64
renaissance:parti_dabord:54,rn,renaissance,2,rn,7.16,7.26,7.36,7.46,7.56,7.66,7.76
renaissance:parti_dabord:55,renaissance,rn,8.4,renaissance,18.82,18.26,17.68,17.12,16.56,15.98,15.42
renaissance:parti_dabord:56,renaissance,horizons,2.3,renaissance,4.46,4.28,4.12,3.94,3.76,3.58,3.4
renaissance:parti_dabord:57,renaissance,ps,3.3,renaissance,5.86,5.64,5.4,5.16,4.92,4.68,4.46
renaissance:parti_dabord:58,renaissance,rn,3.5,renaissance,12.76,12.52,12.26,12.02,11.78,11.54,11.3
renaissance:parti_dabord:59,renaissance,horizons,9.4,renaissance,13.74,13.12,12.5,11.88,11.24,10.62,10
renaissance:parti_dabord:60,renaissance,rn,6,renaissance,16.12,15.72,15.32,14.92,14.52,14.12,13.7
renaissance:parti_dabord:61,renaissance,rn,2.1,renaissance,12.16,11.98,11.82,11.64,11.48,11.32,11.14
renaissance:parti_dabord:62,renaissance,rn,4.1,renaissance,12.88,12.58,12.3,12.02,11.74,11.44,11.16
renaissance:parti_dabord:63,renaissance,nouvelle_energie,11.4,renaissance,14.2,13.5,12.8,12.08,11.38,10.66,9.96
renaissance:parti_dabord:64,renaissance,rn,7.8,renaissance,21.02,20.52,20,19.5,19,18.48,17.98
renaissance:parti_dabord:65,renaissance,ps,7.3,renaissance,12.5,12.02,11.52,11.04,10.54,10.06,9.56
renaissance:parti_dabord:66,renaissance,rn,3,renaissance,13.72,13.52,13.32,13.1,12.9,12.7,12.5
renaissance:parti_dabord:67,renaissance,lfi,5.4,renaissance,12.04,11.7,11.36,11,10.66,10.3,9.96
renaissance:parti_dabord:68,renaissance,rn,6.3,renaissance,15.86,15.42,15,14.58,14.16,13.72,13.3
renaissance:parti_dabord:69,renaissance,horizons,6.3,renaissance,9.02,8.6,8.16,7.72,7.28,6.86,6.42
renaissance:mediatique:0,renaissance,ps,0.9,renaissance,1.22,1.16,1.1,1.04,0.98,0.92,0.86
renaissance:mediatique:1,rn,ps,0.8,rn,6.98,7.04,7.1,7.16,7.22,7.28,7.32
renaissance:mediatique:2,renaissance,ps,8.6,renaissance,14.1,13.54,12.98,12.42,11.86,11.3,10.74
renaissance:mediatique:3,ps,rn,0.1,ps,5.98,5.98,5.98,5.98,5.98,6,6
renaissance:mediatique:4,ps,rn,1,ps,8.84,8.8,8.74,8.7,8.64,8.6,8.54
renaissance:mediatique:5,renaissance,rn,2.4,renaissance,10.56,10.4,10.22,10.06,9.9,9.72,9.56
renaissance:mediatique:6,lfi,lr,0.7,lfi,4.4,4.46,4.52,4.56,4.62,4.68,4.74
renaissance:mediatique:7,renaissance,ps,5.3,renaissance,4.9,4.58,4.28,3.96,3.66,3.34,3.02
renaissance:mediatique:8,renaissance,rn,5.3,renaissance,10.66,10.34,10.02,9.7,9.38,9.06,8.74
renaissance:mediatique:9,rn,renaissance,0.8,rn,6.06,6.1,6.16,6.2,6.24,6.28,6.32
renaissance:mediatique:10,renaissance,rn,2.8,renaissance,10.24,10.04,9.84,9.66,9.46,9.26,9.08
renaissance:mediatique:11,renaissance,rn,2.4,renaissance,10.84,10.68,10.52,10.36,10.2,10.04,9.88
renaissance:mediatique:12,nouvelle_energie,rn,1.3,nouvelle_energie,10.24,10.16,10.08,10.02,9.94,9.86,9.78
renaissance:mediatique:13,renaissance,ps,1.6,renaissance,4.22,4.1,3.98,3.86,3.74,3.62,3.52
renaissance:mediatique:14,renaissance,rn,10.5,renaissance,18.04,17.38,16.72,16.08,15.42,14.76,14.1
renaissance:mediatique:15,rn,ps,2.2,rn,7.64,7.78,7.94,8.08,8.22,8.38,8.52
renaissance:mediatique:16,renaissance,rn,1.4,renaissance,5.52,5.44,5.38,5.3,5.22,5.16,5.08
renaissance:mediatique:17,renaissance,rn,3.4,renaissance,11.38,11.16,10.94,10.72,10.5,10.28,10.08
renaissance:mediatique:18,renaissance,rn,5.9,renaissance,13.4,13.04,12.66,12.28,11.92,11.54,11.18
renaissance:mediatique:19,renaissance,lfi,6.6,renaissance,13.78,13.36,12.96,12.54,12.14,11.72,11.3
renaissance:mediatique:20,renaissance,horizons,3.3,renaissance,4.66,4.42,4.2,3.96,3.72,3.5,3.26
renaissance:mediatique:21,renaissance,nouvelle_energie,5.5,renaissance,7.5,7.16,6.8,6.46,6.12,5.76,5.42
renaissance:mediatique:22,renaissance,rn,2.6,renaissance,10.06,9.9,9.74,9.58,9.4,9.24,9.08
renaissance:mediatique:23,ps,rn,0.6,ps,5.92,5.9,5.86,5.82,5.8,5.76,5.74
renaissance:mediatique:24,renaissance,rn,1.5,renaissance,9.16,9.06,8.98,8.88,8.78,8.68,8.58
renaissance:mediatique:25,renaissance,lfi,2.6,renaissance,9.5,9.34,9.18,9,8.84,8.68,8.52
renaissance:mediatique:26,renaissance,ps,0.1,renaissance,0.64,0.62,0.6,0.58,0.58,0.56,0.54
renaissance:mediatique:27,renaissance,nouvelle_energie,2.8,renaissance,1.6,1.78,1.96,2.14,2.3,2.48,2.66
renaissance:mediatique:28,renaissance,rn,1,renaissance,9.46,9.38,9.3,9.22,9.14,9.06,8.98
renaissance:mediatique:29,renaissance,rn,4,renaissance,11.74,11.48,11.22,10.96,10.7,10.44,10.18
renaissance:mediatique:30,renaissance,nouvelle_energie,0.2,renaissance,0.52,0.52,0.52,0.52,0.52,0.52,0.52
renaissance:mediatique:31,rn,nouvelle_energie,0.1,rn,9,9.02,9.02,9.02,9.04,9.04,9.04
renaissance:mediatique:32,nouvelle_energie,renaissance,0,nouvelle_energie,4.64,4.6,4.58,4.56,4.54,4.5,4.48
renaissance:mediatique:33,renaissance,rn,1.4,renaissance,6.72,6.64,6.56,6.48,6.4,6.3,6.22
renaissance:mediatique:34,rn,renaissance,2.1,rn,2.66,2.8,2.92,3.06,3.2,3.32,3.46
renaissance:mediatique:35,renaissance,rn,1.2,renaissance,8.28,8.2,8.1,8.02,7.94,7.84,7.76
renaissance:mediatique:36,renaissance,rn,4.5,renaissance,13.66,13.36,13.08,12.78,12.5,12.2,11.92
renaissance:mediatique:37,renaissance,rn,2.3,renaissance,9.34,9.16,9,8.84,8.68,8.52,8.36
renaissance:mediatique:38,renaissance,horizons,0.4,renaissance,1.96,2,2.02,2.04,2.06,2.1,2.12
renaissance:mediatique:39,renaissance,rn,0,renaissance,7.66,7.68,7.68,7.68,7.68,7.7,7.7
renaissance:mediatique:40,renaissance,horizons,3.1,renaissance,0.78,0.56,0.32,0.08,0.14,0.38,0.6
renaissance:mediatique:41,horizons,renaissance,0.7,horizons,2.34,2.3,2.26,2.22,2.18,2.14,2.1
renaissance:mediatique:42,renaissance,rn,2,renaissance,10.9,10.76,10.64,10.52,10.38,10.26,10.14
renaissance:mediatique:43,nouvelle_energie,ps,0.6,nouvelle_energie,2.42,2.36,2.32,2.28,2.24,2.18,2.14
renaissance:mediatique:44,renaissance,lr,4,renaissance,5.7,5.44,5.18,4.92,4.66,4.4,4.14
renaissance:mediatique:45,rn,lfi,3.5,rn,1.34,1.12,0.92,0.7,0.48,0.28,0.06
renaissance:mediatique:46,rn,nouvelle_energie,4.5,rn,4.66,4.92,5.18,5.44,5.72,5.98,6.24
renaissance:mediatique:47,rn,lr,5.9,rn,0.82,0.44,0.06,0.32,0.7,1.08,1.46
renaissance:mediatique:48,ps,nouvelle_energie,0.5,ps,0.54,0.56,0.58,0.6,0.62,0.64,0.66
renaissance:mediatique:49,renaissance,nouvelle_energie,1.6,renaissance,3.54,3.64,3.74,3.84,3.94,4.04,4.12
renaissance:mediatique:50,lr,lfi,3.1,lr,9.2,9.02,8.86,8.68,8.5,8.34,8.16
renaissance:mediatique:51,renaissance,rn,0.8,renaissance,9.26,9.2,9.14,9.06,9,8.94,8.86
renaissance:mediatique:52,renaissance,lr,9.1,renaissance,11.02,10.48,9.94,9.4,8.86,8.3,7.76
renaissance:mediatique:53,horizons,renaissance,1.7,horizons,2.74,2.66,2.56,2.46,2.36,2.28,2.18
renaissance:mediatique:54,renaissance,rn,0.8,renaissance,8.92,8.9,8.86,8.82,8.78,8.74,8.7
renaissance:mediatique:55,renaissance,horizons,0.9,renaissance,1.16,1.24,1.32,1.4,1.48,1.54,1.62
renaissance:mediatique:56,renaissance,nouvelle_energie,3.8,renaissance,1.76,1.98,2.18,2.38,2.6,2.8,3.02
renaissance:mediatique:57,ps,renaissance,3.3,ps,2.28,2.08,1.9,1.72,1.52,1.34,1.16
renaissance:mediatique:58,renaissance,horizons,2.7,renaissance,2.24,2.06,1.88,1.68,1.5,1.32,1.12
renaissance:mediatique:59,horizons,rn,0.5,horizons,8.66,8.64,8.62,8.58,8.56,8.52,8.5
renaissance:mediatique:60,rn,renaissance,3.7,rn,0.04,0.26,0.5,0.74,0.98,1.2,1.44
renaissance:mediatique:61,rn,lfi,1.9,rn,4.14,4.24,4.34,4.46,4.56,4.68,4.78
renaissance:mediatique:62,renaissance,nouvelle_energie,2.9,renaissance,1.88,1.7,1.54,1.36,1.2,1.02,0.86
renaissance:mediatique:63,rn,horizons,2.7,rn,3.68,3.86,4.04,4.22,4.4,4.58,4.76
renaissance:mediatique:64,renaissance,horizons,3.6,renaissance,4.22,3.96,3.72,3.48,3.22,2.98,2.74
renaissance:mediatique:65,renaissance,rn,2.3,renaissance,9.34,9.2,9.04,8.9,8.74,8.6,8.44
renaissance:mediatique:66,renaissance,rn,2.7,renaissance,11.34,11.16,10.98,10.8,10.62,10.44,10.26
renaissance:mediatique:67,renaissance,rn,4.7,renaissance,11.02,10.74,10.44,10.14,9.84,9.54,9.26
renaissance:mediatique:68,renaissance,rn,2.5,renaissance,9.98,9.82,9.68,9.54,9.4,9.26,9.1
renaissance:mediatique:69,renaissance,ps,1.7,renaissance,3.56,3.46,3.36,3.26,3.16,3.06,2.96
renaissance:contrarien:0,horizons,nouvelle_energie,0.8,horizons,1.78,1.82,1.86,1.88,1.92,1.94,1.98
renaissance:contrarien:1,renaissance,lfi,5.2,renaissance,14.16,13.82,13.5,13.16,12.84,12.5,12.18
renaissance:contrarien:2,rn,lfi,7.6,rn,7.36,6.88,6.42,5.96,5.5,5.02,4.56
renaissance:contrarien:3,rn,renaissance,0.8,rn,7.12,7.18,7.24,7.3,7.36,7.44,7.5
renaissance:contrarien:4,rn,lfi,2.8,rn,0.44,0.26,0.1,0.08,0.24,0.4,0.58
renaissance:contrarien:5,renaissance,rn,3.3,renaissance,11.72,11.48,11.26,11.02,10.78,10.54,10.3
renaissance:contrarien:6,renaissance,rn,2.3,renaissance,9.52,9.36,9.18,9.02,8.86,8.68,8.52
renaissance:contrarien:7,renaissance,horizons,4.3,renaissance,4.4,4.1,3.82,3.52,3.24,2.94,2.66
renaissance:contrarien:8,rn,nouvelle_energie,6.8,rn,1.12,0.7,0.28,0.14,0.56,0.98,1.4
renaissance:contrarien:9,renaissance,rn,0.6,renaissance,10.4,10.36,10.32,10.28,10.26,10.22,10.18
renaissance:contrarien:10,ps,renaissance,4.1,ps,4.06,3.82,3.6,3.36,3.12,2.88,2.66
renaissance:contrarien:11,rn,lr,1.2,rn,7.3,7.38,7.46,7.52,7.6,7.66,7.74
renaissance:contrarien:12,horizons,rn,2,horizons,10.36,10.24,10.12,10,9.88,9.78,9.66
renaissance:contrarien:13,rn,horizons,3.3,rn,3.32,3.54,3.74,3.96,4.18,4.38,4.6
renaissance:contrarien:14,ps,rn,1.3,ps,5.22,5.16,5.08,5,4.92,4.84,4.76
renaissance:contrarien:15,rn,horizons,1.5,rn,5.6,5.7,5.8,5.9,6,6.1,6.2
renaissance:contrarien:16,ps,horizons,2.6,ps,3.2,3.04,2.88,2.72,2.56,2.4,2.22
renaissance:contrarien:17,rn,ecologistes,2.9,rn,1.42,1.6,1.78,1.96,2.14,2.32,2.5
renaissance:contrarien:18,ps,rn,0.2,ps,5.3,5.3,5.3,5.3,5.3,5.28,5.28
renaissance:contrarien:19,renaissance,rn,2.3,renaissance,10.2,10.04,9.9,9.76,9.6,9.46,9.32
renaissance:contrarien:20,ps,rn,0.7,ps,8.18,8.14,8.1,8.06,8.02,7.98,7.94
renaissance:contrarien:21,rn,lr,3.2,rn,4.74,4.94,5.14,5.34,5.54,5.74,5.94
renaissance:contrarien:22,rn,ps,0.3,rn,4.94,4.96,4.98,5,5.02,5.04,5.06
renaissance:contrarien:23,rn,horizons,4.8,rn,2.5,2.82,3.12,3.42,3.74,4.04,4.34
renaissance:contrarien:24,rn,renaissance,0.3,rn,7.94,7.96,8,8.02,8.06,8.08,8.12
renaissance:contrarien:25,rn,horizons,3.1,rn,3.14,3.34,3.56,3.76,3.96,4.16,4.36
renaissance:contrarien:26,renaissance,ps,0.1,renaissance,1.6,1.56,1.54,1.52,1.48,1.46,1.42
renaissance:contrarien:27,horizons,rn,1.4,horizons,9.98,9.9,9.82,9.74,9.66,9.58,9.5
renaissance:contrarien:28,rn,ps,1,rn,3.5,3.56,3.64,3.7,3.78,3.84,3.92
renaissance:contrarien:29,horizons,renaissance,3.7,horizons,3.56,3.32,3.1,2.88,2.66,2.42,2.2
renaissance:contrarien:30,renaissance,lr,4.8,renaissance,6.3,5.98,5.68,5.38,5.06,4.76,4.46
renaissance:contrarien:31,lr,lfi,1.5,lr,5.16,5.1,5.02,4.96,4.88,4.8,4.74
renaissance:contrarien:32,rn,ps,1.8,rn,5.92,6.04,6.16,6.28,6.4,6.52,6.66
renaissance:contrarien:33,rn,horizons,3,rn,3.54,3.72,3.92,4.12,4.3,4.5,4.7
renaissance:contrarien:34,horizons,nouvelle_energie,0.8,horizons,0.28,0.24,0.2,0.16,0.12,0.08,0.04
renaissance:contrarien:35,renaissance,rn,1.7,renaissance,14.72,14.62,14.5,14.4,14.3,14.18,14.08
renaissance:contrarien:36,renaissance,ps,5.1,renaissance,9.12,8.78,8.46,8.14,7.8,7.48,7.14
renaissance:contrarien:37,rn,nouvelle_energie,1,rn,8.16,8.22,8.26,8.32,8.36,8.42,8.46
renaissance:contrarien:38,horizons,rn,0.1,horizons,7.7,7.7,7.7,7.7,7.7,7.7,7.7
renaissance:contrarien:39,horizons,rn,0.5,horizons,10.1,10.08,10.04,10.02,9.98,9.96,9.92
renaissance:contrarien:40,rn,horizons,0.7,rn,7.46,7.52,7.58,7.64,7.7,7.74,7.8
renaissance:contrarien:41,ps,rn,1,ps,7.96,7.9,7.84,7.78,7.72,7.66,7.58
renaissance:contrarien:42,rn,lfi,3.9,rn,1.26,1.04,0.8,0.56,0.34,0.1,0.14
renaissance:contrarien:43,ps,rn,0.7,ps,6.7,6.66,6.62,6.58,6.54,6.5,6.46
renaissance:contrarien:44,horizons,renaissance,0.7,horizons,0.12,0.08,0.04,0.02,0.02,0.06,0.1
renaissance:contrarien:45,rn,lr,2.7,rn,3.52,3.7,3.86,4.02,4.2,4.36,4.52
renaissance:contrarien:46,horizons,ps,2.5,horizons,3.4,3.26,3.1,2.94,2.8,2.64,2.48
renaissance:contrarien:47,rn,ps,2.7,rn,2.82,2.98,3.16,3.34,3.52,3.7,3.88
renaissance:contrarien:48,rn,nouvelle_energie,0.9,rn,7.68,7.72,7.78,7.82,7.88,7.92,7.98
renaissance:contrarien:49,renaissance,rn,0.9,renaissance,8.62,8.56,8.5,8.44,8.38,8.32,8.26
renaissance:contrarien:50,horizons,rn,0.4,horizons,8.38,8.36,8.34,8.32,8.3,8.28,8.26
renaissance:contrarien:51,rn,lfi,1.9,rn,0.2,0.3,0.4,0.52,0.62,0.74,0.84
renaissance:contrarien:52,rn,lfi,4.5,rn,1.78,1.5,1.22,0.94,0.66,0.38,0.1
renaissance:contrarien:53,renaissance,rn,3,renaissance,10.14,9.96,9.76,9.56,9.38,9.18,8.98
renaissance:contrarien:54,rn,horizons,0.8,rn,5.58,5.64,5.7,5.74,5.8,5.86,5.92
renaissance:contrarien:55,horizons,renaissance,0.5,horizons,0.38,0.36,0.36,0.36,0.36,0.34,0.34
renaissance:contrarien:56,ps,rn,0.2,ps,8.54,8.52,8.52,8.5,8.48,8.48,8.46
renaissance:contrarien:57,rn,ps,2.7,rn,2.42,2.6,2.78,2.98,3.16,3.34,3.52
renaissance:contrarien:58,rn,lr,3.2,rn,2.3,2.5,2.7,2.9,3.12,3.32,3.52
renaissance:contrarien:59,rn,ps,3.2,rn,0.1,0.3,0.52,0.72,0.94,1.14,1.36
renaissance:contrarien:60,renaissance,horizons,5.1,renaissance,4.14,3.8,3.46,3.12,2.78,2.42,2.08
renaissance:contrarien:61,ps,horizons,0.8,ps,0.58,0.52,0.46,0.42,0.36,0.32,0.26
renaissance:contrarien:62,rn,ps,2.9,rn,1.12,1.3,1.5,1.7,1.88,2.08,2.28
renaissance:contrarien:63,nouvelle_energie,rn,0.1,nouvelle_energie,11.12,11.1,11.1,11.08,11.08,11.06,11.06
renaissance:contrarien:64,ps,rn,1.6,ps,6.9,6.8,6.7,6.6,6.5,6.4,6.3
renaissance:contrarien:65,rn,ps,1.6,rn,4.4,4.52,4.62,4.74,4.86,4.96,5.08
renaissance:contrarien:66,renaissance,rn,1,renaissance,10.28,10.2,10.14,10.06,10,9.92,9.86
renaissance:contrarien:67,rn,renaissance,0.4,rn,6.44,6.46,6.5,6.54,6.58,6.6,6.64
renaissance:contrarien:68,rn,ps,3.1,rn,2.5,2.7,2.92,3.12,3.32,3.54,3.74
renaissance:contrarien:69,ps,horizons,2.5,ps,2.3,2.16,2,1.86,1.72,1.56,1.42
horizons:aleatoire:0,horizons,nouvelle_energie,3.4,horizons,5.3,5.1,4.88,4.68,4.46,4.26,4.04
horizons:aleatoire:1,horizons,rn,1,horizons,12.86,12.8,12.74,12.68,12.6,12.54,12.48
horizons:aleatoire:2,horizons,rn,7,horizons,17.12,16.68,16.24,15.8,15.38,14.94,14.5
horizons:aleatoire:3,horizons,renaissance,2,horizons,5.58,5.44,5.3,5.16,5.02,4.9,4.76
horizons:aleatoire:4,horizons,rn,3.4,horizons,14.3,14.08,13.86,13.64,13.42,13.2,12.96
horizons:aleatoire:5,rn,horizons,1.7,rn,6.56,6.66,6.78,6.9,7,7.12,7.24
horizons:aleatoire:6,horizons,ps,5.4,horizons,12.96,12.64,12.3,11.96,11.64,11.3,10.96
horizons:aleatoire:7,horizons,rn,3.1,horizons,14.46,14.26,14.06,13.86,13.66,13.46,13.26
horizons:aleatoire:8,horizons,ps,6.2,horizons,10.62,10.22,9.82,9.42,9.02,8.62,8.22
horizons:aleatoire:9,horizons,rn,2.4,horizons,14.1,13.94,13.8,13.64,13.5,13.34,13.2
horizons:aleatoire:10,horizons,ps,8.8,horizons,13.68,13.14,12.58,12.04,11.48,10.94,10.38
horizons:aleatoire:11,horizons,rn,8.1,horizons,19.76,19.24,18.74,18.22,17.72,17.2,16.7
horizons:aleatoire:12,horizons,rn,9.7,horizons,20.36,19.74,19.14,18.54,17.94,17.32,16.72
horizons:aleatoire:13,ps,horizons,0.7,ps,6.92,6.96,6.98,7,7.02,7.06,7.08
horizons:aleatoire:14,horizons,rn,1.7,horizons,10.86,10.76,10.66,10.56,10.46,10.36,10.26
horizons:aleatoire:15,horizons,rn,2.7,horizons,12.96,12.78,12.58,12.38,12.2,12,11.8
horizons:aleatoire:16,ps,nouvelle_energie,1.9,ps,1.58,1.46,1.36,1.26,1.16,1.06,0.96
horizons:aleatoire:17,horizons,rn,11.2,horizons,21.62,20.92,20.22,19.52,18.8,18.1,17.4
horizons:aleatoire:18,horizons,rn,7.4,horizons,19.22,18.76,18.3,17.84,17.38,16.9,16.44
horizons:aleatoire:19,horizons,renaissance,2.6,horizons,7.28,7.1,6.94,6.76,6.58,6.42,6.24
horizons:aleatoire:20,horizons,ps,7.6,horizons,14.74,14.26,13.76,13.26,12.78,12.28,11.78
horizons:aleatoire:21,horizons,rn,0.9,horizons,10.1,10.04,9.98,9.92,9.88,9.82,9.76
horizons:aleatoire:22,horizons,rn,5.9,horizons,18.18,17.82,17.44,17.08,16.7,16.32,15.96
horizons:aleatoire:23,horizons,nouvelle_energie,6.1,horizons,10.76,10.38,10,9.64,9.26,8.88,8.52
horizons:aleatoire:24,horizons,ps,6.8,horizons,11.56,11.14,10.72,10.3,9.88,9.46,9.04
horizons:aleatoire:25,horizons,rn,4.3,horizons,14.9,14.62,14.34,14.06,13.78,13.5,13.22
horizons:aleatoire:26,horizons,nouvelle_energie,4.1,horizons,5.68,5.44,5.22,4.98,4.76,4.52,4.28
horizons:aleatoire:27,horizons,rn,4.3,horizons,14.6,14.34,14.08,13.82,13.56,13.3,13.04
horizons:aleatoire:28,horizons,renaissance,5.5,horizons,10.3,9.94,9.6,9.24,8.88,8.52,8.16
horizons:aleatoire:29,horizons,rn,3.8,horizons,16.22,15.98,15.74,15.5,15.26,15.02,14.78
horizons:aleatoire:30,horizons,rn,1.4,horizons,12.42,12.34,12.24,12.14,12.06,11.96,11.88
horizons:aleatoire:31,horizons,rn,2.4,horizons,12.06,11.92,11.78,11.64,11.5,11.34,11.2
horizons:aleatoire:32,horizons,ps,9.2,horizons,12.6,12.04,11.48,10.92,10.36,9.8,9.24
horizons:aleatoire:33,horizons,rn,6.1,horizons,16.1,15.72,15.34,14.96,14.58,14.2,13.8
horizons:aleatoire:34,horizons,ps,6.9,horizons,9.44,9,8.54,8.1,7.66,7.22,6.76
horizons:aleatoire:35,horizons,ps,5.1,horizons,12.9,12.58,12.26,11.96,11.64,11.32,11.02
horizons:aleatoire:36,horizons,rn,6.8,horizons,17.32,16.88,16.42,15.98,15.52,15.08,14.64
horizons:aleatoire:37,horizons,rn,0.3,horizons,10.04,10.02,10,9.98,9.94,9.92,9.9
horizons:aleatoire:38,horizons,rn,3.5,horizons,13.12,12.9,12.68,12.48,12.26,12.04,11.82
horizons:aleatoire:39,rn,horizons,0.4,rn,10.92,10.94,10.96,10.98,11,11,11.02
horizons:aleatoire:40,horizons,ps,2.3,horizons,7.2,7.06,6.92,6.76,6.62,6.48,6.32
horizons:aleatoire:41,horizons,rn,5.7,horizons,16.62,16.26,15.92,15.58,15.22,14.88,14.54
horizons:aleatoire:42,horizons,rn,10.7,horizons,23.92,23.26,22.6,21.92,21.26,20.6,19.94
horizons:aleatoire:43,horizons,ps,6.3,horizons,10.58,10.2,9.82,9.44,9.04,8.66,8.28
horizons:aleatoire:44,horizons,nouvelle_energie,4.5,horizons,6.82,6.56,6.3,6.04,5.76,5.5,5.24
horizons:aleatoire:45,horizons,rn,3.3,horizons,13.54,13.32,13.08,12.86,12.62,12.4,12.16
horizons:aleatoire:46,horizons,rn,5.4,horizons,17.44,17.12,16.78,16.46,16.14,15.8,15.48
horizons:aleatoire:47,horizons,ps,7.7,horizons,10.12,9.64,9.16,8.68,8.22,7.74,7.26
horizons:aleatoire:48,horizons,ps,2.9,horizons,5.7,5.54,5.36,5.18,5,4.84,4.66
horizons:aleatoire:49,rn,horizons,0.4,rn,12.04,12.06,12.06,12.08,12.08,12.1,12.12
horizons:aleatoire:50,rn,horizons,2.3,rn,4.48,4.6,4.74,4.88,5.02,5.16,5.28
horizons:aleatoire:51,horizons,rn,0.4,horizons,10.5,10.48,10.46,10.44,10.42,10.42,10.4
horizons:aleatoire:52,horizons,renaissance,7.1,horizons,12.5,12.06,11.62,11.18,10.72,10.28,9.84
horizons:aleatoire:53,rn,renaissance,4.2,rn,0.28,0.02,0.26,0.54,0.8,1.08,1.36
horizons:aleatoire:54,horizons,lfi,11.7,horizons,19.44,18.74,18.04,17.36,16.66,15.96,15.26
horizons:aleatoire:55,horizons,lfi,4.9,horizons,13.22,12.92,12.64,12.34,12.04,11.76,11.46
horizons:aleatoire:56,horizons,rn,4.1,horizons,17.08,16.8,16.54,16.28,16,15.74,15.48
horizons:aleatoire:57,horizons,rn,1.9,horizons,14.24,14.12,13.98,13.86,13.74,13.6,13.48
horizons:aleatoire:58,horizons,nouvelle_energie,6.7,horizons,8.46,8.08,7.68,7.3,6.9,6.5,6.12
horizons:aleatoire:59,horizons,ps,5.8,horizons,9.74,9.38,9.02,8.66,8.3,7.94,7.58
horizons:aleatoire:60,rn,ps,1.9,rn,2.34,2.46,2.6,2.72,2.84,2.98,3.1
horizons:aleatoire:61,horizons,rn,1.8,horizons,11.94,11.82,11.7,11.58,11.48,11.36,11.24
horizons:aleatoire:62,horizons,rn,0.4,horizons,10.96,10.94,10.94,10.94,10.92,10.92,10.9
horizons:aleatoire:63,horizons,renaissance,2.8,horizons,5.3,5.1,4.9,4.7,4.5,4.3,4.1
horizons:aleatoire:64,horizons,rn,0.3,horizons,10.36,10.34,10.32,10.28,10.26,10.24,10.2
horizons:aleatoire:65,horizons,ps,7.9,horizons,14.84,14.38,13.92,13.46,13,12.54,12.08
horizons:aleatoire:66,horizons,rn,1,horizons,10.24,10.2,10.14,10.08,10.02,9.96,9.9
horizons:aleatoire:67,horizons,nouvelle_energie,8.5,horizons,11.6,11.08,10.56,10.04,9.5,8.98,8.46
horizons:aleatoire:68,horizons,rn,1.1,horizons,7.52,7.44,7.36,7.28,7.2,7.14,7.06
horizons:aleatoire:69,horizons,rn,3,horizons,13.78,13.58,13.4,13.2,13.02,12.82,12.64
horizons:prudent:0,horizons,rn,8.2,horizons,18.9,18.4,17.92,17.42,16.92,16.42,15.92
horizons:prudent:1,horizons,renaissance,9.8,horizons,17.42,16.78,16.14,15.5,14.84,14.2,13.56
horizons:prudent:2,horizons,rn,11.6,horizons,22.2,21.5,20.78,20.06,19.36,18.64,17.92
horizons:prudent:3,horizons,rn,6.6,horizons,19.28,18.9,18.52,18.14,17.76,17.38,17
horizons:prudent:4,horizons,renaissance,8.4,horizons,15.3,14.78,14.24,13.72,13.18,12.66,12.14
horizons:prudent:5,horizons,rn,3.1,horizons,13.84,13.62,13.42,13.22,13,12.8,12.6
horizons:prudent:6,horizons,rn,7,horizons,20.3,19.9,19.48,19.08,18.68,18.26,17.86
horizons:prudent:7,horizons,ps,11.6,horizons,17.38,16.7,16.04,15.36,14.68,14,13.34
horizons:prudent:8,horizons,rn,6.8,horizons,17.42,17.02,16.64,16.24,15.84,15.44,15.06
horizons:prudent:9,horizons,rn,5.8,horizons,18.78,18.44,18.08,17.72,17.36,17,16.64
horizons:prudent:10,horizons,rn,1.8,horizons,12.54,12.4,12.28,12.14,12.02,11.88,11.76
horizons:prudent:11,nouvelle_energie,horizons,2.7,nouvelle_energie,2.78,2.62,2.46,2.28,2.12,1.96,1.8
horizons:prudent:12,horizons,rn,6.6,horizons,17.8,17.42,17.04,16.64,16.26,15.86,15.48
horizons:prudent:13,horizons,rn,7.1,horizons,18.92,18.48,18.04,17.6,17.16,16.72,16.28
horizons:prudent:14,horizons,ps,1.7,horizons,6.64,6.52,6.4,6.28,6.16,6.04,5.9
horizons:prudent:15,horizons,rn,2.1,horizons,15.62,15.48,15.34,15.22,15.08,14.94,14.82
horizons:prudent:16,horizons,ps,6.3,horizons,12.26,11.88,11.5,11.1,10.72,10.34,9.96
horizons:prudent:17,horizons,rn,4.8,horizons,17.1,16.8,16.48,16.18,15.88,15.58,15.28
horizons:prudent:18,horizons,rn,8.9,horizons,18.24,17.68,17.14,16.6,16.06,15.52,14.96
horizons:prudent:19,horizons,ps,5.7,horizons,12.62,12.28,11.92,11.58,11.22,10.88,10.52
horizons:prudent:20,horizons,nouvelle_energie,9.6,horizons,13.54,12.94,12.36,11.78,11.2,10.6,10.02
horizons:prudent:21,horizons,rn,5,horizons,17.46,17.14,16.84,16.52,16.2,15.9,15.58
horizons:prudent:22,horizons,lfi,9.8,horizons,19.3,18.72,18.16,17.58,17.02,16.44,15.86
horizons:prudent:23,horizons,lr,4.3,horizons,7.3,7.04,6.8,6.56,6.3,6.06,5.8
horizons:prudent:24,horizons,rn,7.6,horizons,18.32,17.84,17.36,16.88,16.42,15.94,15.46
horizons:prudent:25,horizons,rn,3.5,horizons,16.08,15.84,15.6,15.36,15.1,14.86,14.62
horizons:prudent:26,horizons,lr,11,horizons,15.24,14.6,13.96,13.3,12.66,12,11.36
horizons:prudent:27,horizons,rn,9.5,horizons,20.12,19.54,18.98,18.4,17.84,17.26,16.7
horizons:prudent:28,horizons,nouvelle_energie,5.3,horizons,9.3,8.98,8.66,8.32,8,7.68,7.36
horizons:prudent:29,horizons,rn,6.8,horizons,18.26,17.84,17.42,17,16.58,16.16,15.74
horizons:prudent:30,horizons,ps,7.7,horizons,12.38,11.92,11.44,10.98,10.52,10.04,9.58
horizons:prudent:31,horizons,rn,3.5,horizons,12.48,12.26,12.02,11.8,11.56,11.34,11.1
horizons:prudent:32,horizons,ps,3.5,horizons,4.98,4.76,4.52,4.3,4.06,3.84,3.62
horizons:prudent:33,horizons,rn,6.2,horizons,16.84,16.46,16.08,15.7,15.34,14.96,14.58
horizons:prudent:34,horizons,nouvelle_energie,2.8,horizons,3.8,3.62,3.46,3.3,3.14,2.98,2.8
horizons:prudent:35,horizons,rn,3.5,horizons,14.76,14.54,14.32,14.1,13.86,13.64,13.42
horizons:prudent:36,horizons,ps,6.8,horizons,11.74,11.3,10.88,10.46,10.04,9.62,9.2
horizons:prudent:37,horizons,rn,6,horizons,17.18,16.82,16.48,16.14,15.8,15.46,15.12
horizons:prudent:38,horizons,ps,6.1,horizons,11.76,11.4,11.02,10.64,10.28,9.9,9.52
horizons:prudent:39,horizons,nouvelle_energie,3.2,horizons,5.98,5.78,5.58,5.38,5.18,4.98,4.78
horizons:prudent:40,horizons,ps,9.2,horizons,11.62,11.04,10.48,9.92,9.34,8.78,8.22
horizons:prudent:41,horizons,ps,7.1,horizons,13.18,12.76,12.32,11.88,11.44,11.02,10.58
horizons:prudent:42,horizons,ps,7.6,horizons,13.28,12.82,12.36,11.9,11.44,10.98,10.54
horizons:prudent:43,horizons,rn,1.9,horizons,8.92,8.8,8.68,8.56,8.44,8.32,8.18
horizons:prudent:44,horizons,rn,7.2,horizons,19.94,19.52,19.1,18.68,18.28,17.86,17.44
horizons:prudent:45,horizons,rn,5.7,horizons,18.5,18.16,17.8,17.46,17.1,16.76,16.4
horizons:prudent:46,horizons,ps,9.1,horizons,14.76,14.24,13.7,13.18,12.66,12.12,11.6
horizons:prudent:47,horizons,ps,11.6,horizons,17.48,16.8,16.12,15.44,14.76,14.08,13.4
horizons:prudent:48,horizons,rn,10.2,horizons,23.66,23.04,22.4,21.78,21.16,20.54,19.92
horizons:prudent:49,horizons,rn,4.6,horizons,14.4,14.12,13.84,13.56,13.28,13,12.72
horizons:prudent:50,horizons,rn,5.1,horizons,15.82,15.5,15.18,14.86,14.54,14.22,13.9
horizons:prudent:51,horizons,rn,5.8,horizons,16.5,16.14,15.78,15.42,15.08,14.72,14.36
horizons:prudent:52,horizons,ps,10.2,horizons,16.68,16.1,15.5,14.9,14.32,13.72,13.14
horizons:prudent:53,horizons,lfi,7.2,horizons,17,16.58,16.14,15.72,15.3,14.88,14.44
horizons:prudent:54,horizons,ps,7.7,horizons,15.48,15,14.5,14.02,13.54,13.04,12.56
horizons:prudent:55,horizons,ps,6.7,horizons,14.68,14.26,13.82,13.4,12.98,12.54,12.12
horizons:prudent:56,horizons,rn,9.9,horizons,20.58,20,19.4,18.8,18.22,17.62,17.02
horizons:prudent:57,horizons,ps,3,horizons,7.92,7.72,7.54,7.34,7.16,6.96,6.78
horizons:prudent:58,horizons,renaissance,4.7,horizons,9.92,9.62,9.32,9.02,8.7,8.4,8.1
horizons:prudent:59,horizons,rn,8.9,horizons,18.38,17.84,17.3,16.74,16.2,15.66,15.12
horizons:prudent:60,horizons,rn,12.2,horizons,23.1,22.34,21.6,20.86,20.12,19.36,18.62
horizons:prudent:61,horizons,ps,8.4,horizons,13.42,12.9,12.38,11.86,11.34,10.82,10.32
horizons:prudent:62,horizons,rn,5.9,horizons,17.46,17.12,16.76,16.42,16.06,15.72,15.38
horizons:prudent:63,horizons,rn,4.2,horizons,15.14,14.88,14.62,14.36,14.12,13.86,13.6
horizons:prudent:64,horizons,rn,7.6,horizons,20.26,19.82,19.36,18.9,18.44,17.98,17.52
horizons:prudent:65,horizons,rn,4.9,horizons,16.24,15.92,15.6,15.28,14.98,14.66,14.34
horizons:prudent:66,horizons,rn,6.1,horizons,18.76,18.38,18.02,17.66,17.28,16.92,16.54
horizons:prudent:67,horizons,rn,11.6,horizons,23.2,22.5,21.82,21.12,20.42,19.72,19.02
horizons:prudent:68,horizons,ps,1.1,horizons,4.92,4.84,4.76,4.7,4.62,4.54,4.46
horizons:prudent:69,horizons,renaissance,3,horizons,9.88,9.7,9.5,9.32,9.14,8.94,8.76
horizons:risque:0,horizons,rn,9.7,horizons,18.36,17.76,17.18,16.6,16.02,15.42,14.84
horizons:risque:1,horizons,rn,13.1,horizons,24.82,24.02,23.2,22.4,21.6,20.8,19.98
horizons:risque:2,horizons,rn,6.1,horizons,16.82,16.44,16.06,15.7,15.32,14.94,14.58
horizons:risque:3,horizons,rn,10.2,horizons,18.42,17.8,17.16,16.54,15.9,15.28,14.64
horizons:risque:4,horizons,rn,1.4,horizons,12.24,12.14,12.04,11.94,11.84,11.74,11.66
horizons:risque:5,horizons,nouvelle_energie,9.7,horizons,12.9,12.32,11.74,11.16,10.58,10,9.42
horizons:risque:6,horizons,lfi,14.6,horizons,23.36,22.52,21.66,20.82,19.96,19.12,18.26
horizons:risque:7,horizons,rn,9.9,horizons,20.48,19.88,19.28,18.68,18.08,17.5,16.9
horizons:risque:8,horizons,rn,3.5,horizons,12.86,12.64,12.44,12.24,12.02,11.82,11.6
horizons:risque:9,horizons,rn,10.5,horizons,22.92,22.28,21.66,21.02,20.38,19.74,19.12
horizons:risque:10,horizons,rn,9.5,horizons,18.56,17.98,17.42,16.84,16.26,15.68,15.12
horizons:risque:11,horizons,rn,2.4,horizons,11.24,11.1,10.96,10.82,10.68,10.54,10.4
horizons:risque:12,horizons,rn,17,horizons,25.98,24.96,23.96,22.96,21.94,20.94,19.94
horizons:risque:13,horizons,rn,3.7,horizons,15.62,15.38,15.16,14.92,14.68,14.44,14.22
horizons:risque:14,horizons,rn,6.5,horizons,16.26,15.88,15.48,15.1,14.7,14.32,13.92
horizons:risque:15,horizons,ps,1.2,horizons,4.98,4.9,4.82,4.74,4.68,4.6,4.52
horizons:risque:16,horizons,rn,7.1,horizons,13.56,13.12,12.66,12.22,11.76,11.32,10.88
horizons:risque:17,horizons,ps,17.2,horizons,22.82,21.8,20.8,19.78,18.78,17.78,16.76
horizons:risque:18,horizons,rn,8.4,horizons,19.32,18.8,18.28,17.78,17.26,16.74,16.24
horizons:risque:19,horizons,rn,4.9,horizons,14.84,14.54,14.22,13.9,13.58,13.26,12.94
horizons:risque:20,horizons,rn,6,horizons,18.84,18.46,18.1,17.74,17.38,17,16.64
horizons:risque:21,horizons,ps,6.6,horizons,11.32,10.9,10.5,10.1,9.7,9.3,8.88
horizons:risque:22,horizons,rn,6.9,horizons,17.48,17.06,16.64,16.2,15.78,15.36,14.94
horizons:risque:23,horizons,rn,3.5,horizons,12.54,12.32,12.1,11.86,11.64,11.42,11.2
horizons:risque:24,horizons,ps,3.1,horizons,5.76,5.58,5.4,5.22,5.06,4.88,4.7
horizons:risque:25,rn,horizons,2.3,rn,8.4,8.54,8.66,8.8,8.94,9.08,9.22
horizons:risque:26,horizons,ps,0.4,horizons,3.7,3.68,3.64,3.62,3.58,3.54,3.52
horizons:risque:27,horizons,rn,8.7,horizons,18.8,18.26,17.72,17.2,16.66,16.12,15.6
horizons:risque:28,horizons,rn,5.8,horizons,17.94,17.56,17.2,16.84,16.48,16.12,15.76
horizons:risque:29,horizons,renaissance,5.5,horizons,10.9,10.56,10.2,9.84,9.48,9.12,8.76
horizons:risque:30,horizons,rn,7.8,horizons,18.84,18.36,17.9,17.42,16.96,16.48,16.02
horizons:risque:31,horizons,ps,5.4,horizons,7.46,7.12,6.78,6.44,6.1,5.76,5.42
horizons:risque:32,horizons,rn,7.5,horizons,18,17.54,17.06,16.58,16.1,15.62,15.16
horizons:risque:33,horizons,rn,6,horizons,17.6,17.24,16.86,16.5,16.12,15.76,15.38
horizons:risque:34,horizons,rn,2.4,horizons,13.3,13.16,13,12.86,12.7,12.56,12.4
horizons:risque:35,horizons,rn,9,horizons,21.16,20.6,20.04,19.5,18.94,18.4,17.84
horizons:risque:36,horizons,rn,7.4,horizons,17.66,17.22,16.76,16.32,15.86,15.42,14.96
horizons:risque:37,horizons,rn,3.4,horizons,10.36,10.14,9.94,9.74,9.52,9.32,9.12
horizons:risque:38,horizons,nouvelle_energie,15.3,horizons,17.78,16.88,15.98,15.08,14.16,13.26,12.36
horizons:risque:39,horizons,ps,6.2,horizons,11.98,11.62,11.26,10.9,10.54,10.18,9.82
horizons:risque:40,horizons,rn,15.5,horizons,27.84,26.88,25.9,24.94,23.98,23.02,22.06
horizons:risque:41,horizons,ps,3.9,horizons,11.98,11.74,11.5,11.26,11.02,10.78,10.56
horizons:risque:42,horizons,lfi,14.3,horizons,21.5,20.66,19.84,19,18.18,17.34,16.5
horizons:risque:43,horizons,ps,6.7,horizons,11.72,11.3,10.88,10.44,10.02,9.6,9.18
horizons:risque:44,horizons,rn,9.4,horizons,17.68,17.12,16.54,15.96,15.4,14.82,14.26
horizons:risque:45,horizons,rn,5.8,horizons,18.84,18.46,18.1,17.72,17.36,16.98,16.62
horizons:risque:46,horizons,ps,5.7,horizons,10.38,10.02,9.66,9.32,8.96,8.62,8.26
horizons:risque:47,horizons,rn,11.1,horizons,20.74,20.06,19.38,18.72,18.04,17.36,16.7
horizons:risque:48,horizons,rn,8.8,horizons,18.88,18.36,17.82,17.3,16.78,16.24,15.72
horizons:risque:49,horizons,ps,11.6,horizons,18.94,18.24,17.56,16.86,16.18,15.5,14.8
horizons:risque:50,horizons,nouvelle_energie,5,horizons,7.26,6.96,6.64,6.34,6.02,5.72,5.42
horizons:risque:51,horizons,rn,11.7,horizons,24.62,23.92,23.22,22.5,21.8,21.08,20.38
horizons:risque:52,horizons,rn,11.7,horizons,21.94,21.24,20.52,19.82,19.1,18.38,17.68
horizons:risque:53,horizons,rn,3.6,horizons,10.76,10.54,10.34,10.12,9.92,9.7,9.48
horizons:risque:54,horizons,rn,7.7,horizons,19.28,18.8,18.32,17.86,17.38,16.92,16.44
horizons:risque:55,horizons,rn,10.8,horizons,22,21.36,20.72,20.08,19.44,18.8,18.16
horizons:risque:56,horizons,ps,8.5,horizons,15.04,14.52,14,13.48,12.96,12.44,11.92
horizons:risque:57,horizons,rn,11.2,horizons,24.38,23.7,23.02,22.34,21.64,20.96,20.28
horizons:risque:58,horizons,ps,9.6,horizons,16.36,15.8,15.22,14.64,14.06,13.48,12.9
horizons:risque:59,horizons,ps,1.6,horizons,6.96,6.86,6.78,6.68,6.58,6.48,6.38
horizons:risque:60,horizons,ps,5.8,horizons,14.8,14.44,14.1,13.74,13.38,13.04,12.68
horizons:risque:61,horizons,lfi,9.4,horizons,17.84,17.3,16.76,16.2,15.66,15.12,14.56
horizons:risque:62,horizons,rn,9.2,horizons,19.26,18.7,18.14,17.6,17.04,16.48,15.92
horizons:risque:63,horizons,rn,10.2,horizons,22.38,21.78,21.16,20.56,19.94,19.32,18.72
horizons:risque:64,horizons,rn,3.2,horizons,14.32,14.14,13.96,13.76,13.58,13.38,13.2
horizons:risque:65,horizons,rn,1.2,horizons,12.16,12.08,12,11.92,11.84,11.76,11.68
horizons:risque:66,horizons,rn,2.3,horizons,11.38,11.24,11.12,10.98,10.84,10.72,10.58
horizons:risque:67,horizons,rn,8.7,horizons,20.08,19.56,19.04,18.52,18,17.46,16.94
horizons:risque:68,horizons,rn,2.6,horizons,8.58,8.44,8.28,8.12,7.96,7.8,7.66
horizons:risque:69,horizons,rn,13,horizons,23.54,22.76,21.96,21.18,20.38,19.6,18.8
horizons:ideologiquement_coherent:0,horizons,rn,7.2,horizons,16.96,16.52,16.1,15.66,15.22,14.78,14.34
horizons:ideologiquement_coherent:1,horizons,ps,8.5,horizons,12.64,12.14,11.66,11.18,10.7,10.22,9.72
horizons:ideologiquement_coherent:2,horizons,rn,5.4,horizons,13.72,13.4,13.1,12.78,12.46,12.14,11.84
horizons:ideologiquement_coherent:3,horizons,rn,5,horizons,15.56,15.26,14.96,14.66,14.38,14.08,13.78
horizons:ideologiquement_coherent:4,horizons,nouvelle_energie,6.3,horizons,7.78,7.4,7.04,6.66,6.28,5.9,5.52
horizons:ideologiquement_coherent:5,horizons,rn,3.8,horizons,14.84,14.6,14.38,14.16,13.94,13.72,13.5
horizons:ideologiquement_coherent:6,horizons,ps,6,horizons,12.74,12.38,12.02,11.66,11.3,10.94,10.6
horizons:ideologiquement_coherent:7,horizons,rn,4.4,horizons,15.32,15.06,14.78,14.52,14.24,13.98,13.72
horizons:ideologiquement_coherent:8,horizons,ps,2.8,horizons,8.04,7.88,7.72,7.56,7.38,7.22,7.06
horizons:ideologiquement_coherent:9,horizons,rn,5.9,horizons,14.82,14.48,14.14,13.78,13.44,13.1,12.76
horizons:ideologiquement_coherent:10,horizons,ps,8.9,horizons,14.42,13.88,13.34,12.8,12.26,11.72,11.2
horizons:ideologiquement_coherent:11,horizons,ps,6.7,horizons,10.08,9.68,9.3,8.9,8.5,8.1,7.72
horizons:ideologiquement_coherent:12,horizons,rn,5.4,horizons,12.74,12.42,12.1,11.78,11.48,11.16,10.84
horizons:ideologiquement_coherent:13,horizons,ps,3.1,horizons,6.86,6.68,6.5,6.32,6.12,5.94,5.76
horizons:ideologiquement_coherent:14,horizons,ps,6.7,horizons,12.38,11.96,11.56,11.16,10.76,10.36,9.96
horizons:ideologiquement_coherent:15,horizons,rn,4.4,horizons,14.54,14.26,14,13.72,13.46,13.18,12.92
horizons:ideologiquement_coherent:16,horizons,rn,4.4,horizons,15.16,14.9,14.64,14.4,14.14,13.88,13.62
horizons:ideologiquement_coherent:17,horizons,ps,9,horizons,12.8,12.28,11.74,11.22,10.68,10.16,9.64
horizons:ideologiquement_coherent:18,horizons,rn,3.4,horizons,14.16,13.96,13.74,13.54,13.34,13.12,12.92
horizons:ideologiquement_coherent:19,horizons,rn,7.9,horizons,18.84,18.38,17.9,17.42,16.96,16.48,16
horizons:ideologiquement_coherent:20,horizons,rn,7,horizons,18.78,18.34,17.92,17.5,17.06,16.64,16.22
horizons:ideologiquement_coherent:21,horizons,nouvelle_energie,7.8,horizons,9.42,8.98,8.54,8.1,7.68,7.24,6.8
horizons:ideologiquement_coherent:22,horizons,rn,8.1,horizons,19.32,18.84,18.36,17.86,17.38,16.9,16.42
horizons:ideologiquement_coherent:23,horizons,rn,9,horizons,20.28,19.72,19.16,18.6,18.04,17.48,16.92
horizons:ideologiquement_coherent:24,horizons,rn,7,horizons,21.46,21.04,20.62,20.2,19.78,19.36,18.94
horizons:ideologiquement_coherent:25,horizons,rn,6.2,horizons,15.24,14.86,14.48,14.1,13.72,13.34,12.96
horizons:ideologiquement_coherent:26,horizons,rn,4.8,horizons,14.5,14.22,13.94,13.68,13.4,13.12,12.86
horizons:ideologiquement_coherent:27,horizons,ps,8.1,horizons,13.94,13.44,12.96,12.48,11.98,11.5,11
horizons:ideologiquement_coherent:28,rn,horizons,0.4,rn,10.48,10.5,10.54,10.56,10.58,10.62,10.64
horizons:ideologiquement_coherent:29,horizons,rn,10,horizons,19.18,18.6,18.02,17.42,16.84,16.24,15.66
horizons:ideologiquement_coherent:30,horizons,rn,2.1,horizons,12.24,12.1,11.96,11.82,11.68,11.54,11.4
horizons:ideologiquement_coherent:31,rn,horizons,0.1,rn,10.66,10.66,10.68,10.68,10.7,10.7,10.72
horizons:ideologiquement_coherent:32,horizons,ps,9.9,horizons,13.84,13.26,12.68,12.1,11.52,10.96,10.38
horizons:ideologiquement_coherent:33,horizons,rn,10.6,horizons,22.66,22.04,21.4,20.76,20.12,19.48,18.84
horizons:ideologiquement_coherent:34,horizons,ps,1.3,horizons,6.26,6.18,6.12,6.04,5.98,5.9,5.84
horizons:ideologiquement_coherent:35,horizons,ps,6.3,horizons,10.4,10.04,9.66,9.28,8.92,8.54,8.18
horizons:ideologiquement_coherent:36,horizons,ps,2.3,horizons,5.08,4.94,4.8,4.66,4.54,4.4,4.26
horizons:ideologiquement_coherent:37,horizons,nouvelle_energie,7.3,horizons,9.86,9.46,9.04,8.62,8.22,7.8,7.4
horizons:ideologiquement_coherent:38,horizons,ps,5.2,horizons,9.94,9.62,9.32,9.02,8.7,8.4,8.08
horizons:ideologiquement_coherent:39,horizons,rn,7.5,horizons,18.1,17.66,17.2,16.76,16.3,15.86,15.42
horizons:ideologiquement_coherent:40,horizons,rn,7.9,horizons,16.26,15.78,15.3,14.82,14.36,13.88,13.4
horizons:ideologiquement_coherent:41,horizons,rn,3.4,horizons,15.68,15.48,15.28,15.08,14.88,14.68,14.48
horizons:ideologiquement_coherent:42,horizons,renaissance,11.7,horizons,17.9,17.16,16.42,15.68,14.94,14.22,13.48
horizons:ideologiquement_coherent:43,horizons,ps,7.2,horizons,12.86,12.44,12,11.58,11.16,10.72,10.3
horizons:ideologiquement_coherent:44,horizons,rn,5.7,horizons,19.12,18.78,18.44,18.1,17.76,17.44,17.1
horizons:ideologiquement_coherent:45,horizons,ps,4.7,horizons,8.88,8.58,8.3,8.02,7.72,7.44,7.14
horizons:ideologiquement_coherent:46,horizons,nouvelle_energie,4.6,horizons,7.1,6.84,6.56,6.3,6.02,5.76,5.5
horizons:ideologiquement_coherent:47,horizons,ps,9.3,horizons,12.06,11.52,10.98,10.44,9.9,9.36,8.82
horizons:ideologiquement_coherent:48,horizons,rn,6.2,horizons,16.1,15.72,15.34,14.96,14.58,14.2,13.84
horizons:ideologiquement_coherent:49,horizons,rn,2.3,horizons,13.16,13.04,12.9,12.78,12.66,12.54,12.4
horizons:ideologiquement_coherent:50,horizons,rn,6.7,horizons,18.28,17.88,17.46,17.06,16.66,16.24,15.84
horizons:ideologiquement_coherent:51,horizons,rn,7.5,horizons,19.48,19.04,18.58,18.14,17.68,17.24,16.78
horizons:ideologiquement_coherent:52,horizons,rn,6.2,horizons,18.9,18.54,18.2,17.84,17.48,17.12,16.76
horizons:ideologiquement_coherent:53,horizons,ps,6.7,horizons,11.1,10.68,10.28,9.88,9.48,9.08,8.68
horizons:ideologiquement_coherent:54,horizons,nouvelle_energie,7.2,horizons,8.24,7.82,7.4,6.98,6.56,6.14,5.72
horizons:ideologiquement_coherent:55,rn,horizons,0.4,rn,8.5,8.54,8.56,8.6,8.64,8.68,8.7
horizons:ideologiquement_coherent:56,horizons,nouvelle_energie,6.5,horizons,9.16,8.76,8.38,8,7.62,7.22,6.84
horizons:ideologiquement_coherent:57,horizons,renaissance,11.7,horizons,18.36,17.64,16.92,16.18,15.46,14.74,14
horizons:ideologiquement_coherent:58,horizons,renaissance,7.7,horizons,13.22,12.74,12.26,11.78,11.32,10.84,10.36
horizons:ideologiquement_coherent:59,horizons,rn,5.5,horizons,17.46,17.12,16.8,16.46,16.14,15.8,15.46
horizons:ideologiquement_coherent:60,horizons,rn,3,horizons,13.84,13.66,13.48,13.3,13.1,12.92,12.74
horizons:ideologiquement_coherent:61,horizons,rn,7.6,horizons,18.5,18.04,17.58,17.12,16.66,16.2,15.74
horizons:ideologiquement_coherent:62,horizons,rn,6,horizons,18.14,17.76,17.4,17.02,16.66,16.28,15.92
horizons:ideologiquement_coherent:63,horizons,rn,6,horizons,18.58,18.22,17.86,17.48,17.12,16.74,16.38
horizons:ideologiquement_coherent:64,horizons,rn,6,horizons,17.66,17.3,16.96,16.6,16.26,15.9,15.56
horizons:ideologiquement_coherent:65,horizons,ps,9.5,horizons,13.08,12.5,11.92,11.34,10.76,10.18,9.6
horizons:ideologiquement_coherent:66,horizons,rn,7.4,horizons,19.26,18.8,18.36,17.92,17.46,17.02,16.56
horizons:ideologiquement_coherent:67,horizons,rn,7.5,horizons,19.2,18.76,18.3,17.84,17.4,16.94,16.48
horizons:ideologiquement_coherent:68,horizons,rn,5.1,horizons,15,14.72,14.42,14.12,13.84,13.54,13.26
horizons:ideologiquement_coherent:69,horizons,rn,5.2,horizons,16.04,15.72,15.42,15.12,14.8,14.5,14.18
horizons:opportuniste_electoral:0,horizons,rn,12.4,horizons,25,24.24,23.46,22.7,21.92,21.16,20.38
horizons:opportuniste_electoral:1,horizons,lr,7.8,horizons,14.36,13.9,13.42,12.96,12.48,12,11.54
horizons:opportuniste_electoral:2,horizons,lfi,12.9,horizons,19.88,19.12,18.36,17.6,16.86,16.1,15.34
horizons:opportuniste_electoral:3,horizons,rn,6.4,horizons,15.32,14.92,14.54,14.14,13.74,13.36,12.96
horizons:opportuniste_electoral:4,horizons,ps,8.7,horizons,12.52,12,11.48,10.98,10.46,9.94,9.42
horizons:opportuniste_electoral:5,rn,horizons,0.1,rn,10.06,10.04,10.02,10,9.98,9.98,9.96
horizons:opportuniste_electoral:6,horizons,lfi,0.6,horizons,8.38,8.36,8.34,8.32,8.3,8.28,8.24
horizons:opportuniste_electoral:7,horizons,lr,2.4,horizons,4,3.86,3.72,3.58,3.44,3.32,3.18
horizons:opportuniste_electoral:8,rn,nouvelle_energie,3.2,rn,3.4,3.58,3.78,3.96,4.16,4.34,4.54
horizons:opportuniste_electoral:9,horizons,renaissance,0,horizons,2.28,2.28,2.28,2.28,2.28,2.28,2.26
horizons:opportuniste_electoral:10,horizons,rn,0.3,horizons,9.44,9.42,9.4,9.38,9.36,9.34,9.32
horizons:opportuniste_electoral:11,horizons,nouvelle_energie,6.2,horizons,8.64,8.26,7.88,7.52,7.14,6.76,6.38
horizons:opportuniste_electoral:12,horizons,rn,5,horizons,14.16,13.86,13.58,13.28,12.98,12.7,12.4
horizons:opportuniste_electoral:13,horizons,rn,1.1,horizons,9.54,9.46,9.4,9.34,9.26,9.2,9.14
horizons:opportuniste_electoral:14,horizons,rn,5,horizons,14.46,14.14,13.82,13.52,13.2,12.88,12.58
horizons:opportuniste_electoral:15,horizons,nouvelle_energie,8.9,horizons,9.84,9.32,8.78,8.26,7.72,7.18,6.66
horizons:opportuniste_electoral:16,horizons,ps,2.1,horizons,8.92,8.78,8.66,8.52,8.38,8.26,8.12
horizons:opportuniste_electoral:17,horizons,rn,4.5,horizons,16.28,16.02,15.74,15.46,15.2,14.92,14.66
horizons:opportuniste_electoral:18,rn,horizons,1.5,rn,7.84,7.92,8,8.1,8.18,8.26,8.34
horizons:opportuniste_electoral:19,horizons,rn,0.2,horizons,10.8,10.78,10.76,10.74,10.74,10.72,10.7
horizons:opportuniste_electoral:20,horizons,renaissance,7.8,horizons,12.1,11.6,11.08,10.58,10.08,9.56,9.06
horizons:opportuniste_electoral:21,horizons,rn,4,horizons,15.18,14.92,14.66,14.42,14.16,13.92,13.66
horizons:opportuniste_electoral:22,horizons,rn,6.1,horizons,16.2,15.82,15.44,15.06,14.68,14.32,13.94
horizons:opportuniste_electoral:23,horizons,rn,11.9,horizons,25.16,24.44,23.7,22.98,22.24,21.5,20.78
horizons:opportuniste_electoral:24,horizons,rn,5.3,horizons,15.88,15.56,15.24,14.92,14.6,14.28,13.96
horizons:opportuniste_electoral:25,horizons,lfi,7.9,horizons,13.54,13.06,12.6,12.12,11.66,11.2,10.72
horizons:opportuniste_electoral:26,horizons,ps,4.7,horizons,7.88,7.6,7.32,7.04,6.76,6.48,6.18
horizons:opportuniste_electoral:27,horizons,rn,4,horizons,12.42,12.18,11.96,11.72,11.5,11.26,11.04
horizons:opportuniste_electoral:28,horizons,rn,9.2,horizons,19.12,18.56,17.98,17.42,16.84,16.28,15.7
horizons:opportuniste_electoral:29,horizons,ps,9.1,horizons,13.08,12.52,11.94,11.38,10.82,10.26,9.7
horizons:opportuniste_electoral:30,horizons,rn,15,horizons,27.84,26.92,26,25.08,24.16,23.24,22.34
horizons:opportuniste_electoral:31,horizons,ps,5.8,horizons,13.42,13.06,12.7,12.34,12,11.64,11.28
horizons:opportuniste_electoral:32,horizons,rn,2.7,horizons,11.82,11.66,11.52,11.36,11.2,11.06,10.9
horizons:opportuniste_electoral:33,horizons,rn,4.7,horizons,13.22,12.92,12.62,12.32,12.02,11.72,11.42
horizons:opportuniste_electoral:34,rn,lfi,2,rn,0.62,0.74,0.86,0.98,1.1,1.22,1.34
horizons:opportuniste_electoral:35,horizons,ps,5.6,horizons,10.18,9.84,9.5,9.18,8.84,8.5,8.16
horizons:opportuniste_electoral:36,horizons,ps,0.9,horizons,5.08,5,4.94,4.88,4.8,4.74,4.66
horizons:opportuniste_electoral:37,horizons,rn,3.2,horizons,13.68,13.48,13.28,13.1,12.9,12.72,12.52
horizons:opportuniste_electoral:38,horizons,rn,1.3,horizons,8.48,8.4,8.3,8.22,8.14,8.06,7.98
horizons:opportuniste_electoral:39,horizons,rn,7.7,horizons,19.94,19.46,18.98,18.48,18,17.52,17.04
horizons:opportuniste_electoral:40,horizons,rn,0.5,horizons,11.08,11,10.94,10.88,10.82,10.76,10.7
horizons:opportuniste_electoral:41,horizons,rn,8.8,horizons,22.7,22.16,21.62,21.06,20.52,19.96,19.42
horizons:opportuniste_electoral:42,horizons,renaissance,1.9,horizons,3.7,3.58,3.48,3.38,3.28,3.18,3.06
horizons:opportuniste_electoral:43,horizons,nouvelle_energie,2.7,horizons,2.66,2.52,2.38,2.22,2.08,1.94,1.8
horizons:opportuniste_electoral:44,horizons,rn,4.3,horizons,13.56,13.3,13.04,12.78,12.52,12.28,12.02
horizons:opportuniste_electoral:45,horizons,ps,5.2,horizons,10.92,10.6,10.26,9.94,9.62,9.3,8.98
horizons:opportuniste_electoral:46,horizons,rn,3.6,horizons,13,12.78,12.56,12.34,12.12,11.92,11.7
horizons:opportuniste_electoral:47,horizons,rn,6,horizons,16.42,16.04,15.68,15.3,14.94,14.56,14.2
horizons:opportuniste_electoral:48,horizons,nouvelle_energie,10.4,horizons,10.7,10.1,9.52,8.92,8.34,7.76,7.16
horizons:opportuniste_electoral:49,horizons,rn,2.7,horizons,13.62,13.44,13.28,13.1,12.94,12.76,12.58
horizons:opportuniste_electoral:50,horizons,rn,9,horizons,19.46,18.9,18.32,17.76,17.2,16.62,16.06
horizons:opportuniste_electoral:51,horizons,rn,4.5,horizons,15.56,15.28,15.02,14.74,14.48,14.2,13.92
horizons:opportuniste_electoral:52,horizons,ps,3.6,horizons,7.9,7.66,7.44,7.2,6.96,6.74,6.5
horizons:opportuniste_electoral:53,horizons,rn,2.6,horizons,15.06,14.88,14.72,14.54,14.38,14.2,14.04
horizons:opportuniste_electoral:54,rn,horizons,5.4,rn,3.32,3.68,4.02,4.36,4.72,5.06,5.4
horizons:opportuniste_electoral:55,horizons,rn,0.6,horizons,10.4,10.34,10.3,10.24,10.2,10.16,10.1
horizons:opportuniste_electoral:56,horizons,ps,6.1,horizons,7.36,6.98,6.6,6.24,5.86,5.48,5.1
horizons:opportuniste_electoral:57,horizons,nouvelle_energie,8.5,horizons,10.74,10.22,9.72,9.22,8.72,8.22,7.7
horizons:opportuniste_electoral:58,horizons,nouvelle_energie,9.2,horizons,12.5,11.98,11.44,10.9,10.36,9.84,9.3
horizons:opportuniste_electoral:59,horizons,rn,6.6,horizons,17.86,17.44,17.04,16.64,16.22,15.82,15.42
horizons:opportuniste_electoral:60,horizons,rn,3,horizons,12.74,12.52,12.3,12.1,11.88,11.66,11.44
horizons:opportuniste_electoral:61,horizons,ps,4.4,horizons,8.06,7.78,7.5,7.2,6.92,6.64,6.36
horizons:opportuniste_electoral:62,horizons,rn,19.5,horizons,31.1,29.96,28.8,27.64,26.5,25.34,24.18
horizons:opportuniste_electoral:63,horizons,nouvelle_energie,4.9,horizons,4.54,4.26,3.98,3.7,3.4,3.12,2.84
horizons:opportuniste_electoral:64,horizons,rn,0.2,horizons,11.1,11.08,11.04,11.02,10.98,10.96,10.92
horizons:opportuniste_electoral:65,horizons,rn,1.4,horizons,11.2,11.1,11,10.92,10.82,10.72,10.64
horizons:opportuniste_electoral:66,horizons,lr,7.5,horizons,11.86,11.4,10.92,10.46,10,9.54,9.08
horizons:opportuniste_electoral:67,horizons,rn,9.9,horizons,22.46,21.88,21.28,20.7,20.1,19.52,18.94
horizons:opportuniste_electoral:68,horizons,rn,5.8,horizons,13.84,13.5,13.14,12.8,12.46,12.12,11.76
horizons:opportuniste_electoral:69,horizons,nouvelle_energie,5.8,horizons,8.92,8.56,8.22,7.86,7.5,7.14,6.78
horizons:parti_dabord:0,horizons,ps,4.9,horizons,9.18,8.84,8.52,8.2,7.88,7.56,7.22
horizons:parti_dabord:1,horizons,rn,9.3,horizons,23.3,22.7,22.08,21.48,20.86,20.26,19.64
horizons:parti_dabord:2,horizons,ps,9.8,horizons,14.6,14,13.38,12.78,12.18,11.58,10.98
horizons:parti_dabord:3,horizons,rn,6.9,horizons,20.46,20,19.56,19.1,18.64,18.2,17.74
horizons:parti_dabord:4,horizons,ps,8.7,horizons,14.68,14.12,13.54,12.98,12.42,11.86,11.28
horizons:parti_dabord:5,rn,horizons,0.1,rn,10.22,10.2,10.18,10.14,10.12,10.1,10.06
horizons:parti_dabord:6,horizons,rn,2.8,horizons,14.08,13.88,13.68,13.48,13.26,13.06,12.86
horizons:parti_dabord:7,horizons,rn,6.9,horizons,18.46,18.02,17.56,17.1,16.66,16.2,15.74
horizons:parti_dabord:8,horizons,rn,8.8,horizons,19.34,18.78,18.2,17.64,17.08,16.52,15.94
horizons:parti_dabord:9,horizons,ps,0.1,horizons,4.2,4.16,4.12,4.1,4.06,4.02,3.98
horizons:parti_dabord:10,horizons,ps,7.2,horizons,11.24,10.78,10.3,9.84,9.36,8.9,8.42
horizons:parti_dabord:11,horizons,rn,7.2,horizons,17.7,17.24,16.76,16.28,15.82,15.34,14.86
horizons:parti_dabord:12,horizons,rn,2.7,horizons,15.92,15.74,15.54,15.36,15.18,14.98,14.8
horizons:parti_dabord:13,rn,horizons,0.3,rn,6.24,6.26,6.28,6.28,6.3,6.32,6.32
horizons:parti_dabord:14,horizons,rn,8,horizons,19.44,18.94,18.44,17.92,17.42,16.92,16.42
horizons:parti_dabord:15,horizons,rn,3.1,horizons,11.4,11.18,10.94,10.72,10.48,10.24,10.02
horizons:parti_dabord:16,horizons,ps,0.2,horizons,5.74,5.7,5.64,5.6,5.56,5.52,5.48
horizons:parti_dabord:17,horizons,rn,6.6,horizons,15.98,15.54,15.1,14.66,14.22,13.78,13.34
horizons:parti_dabord:18,horizons,rn,2.4,horizons,12.02,11.84,11.68,11.5,11.32,11.14,10.96
horizons:parti_dabord:19,horizons,rn,5.9,horizons,16.4,16,15.6,15.2,14.78,14.38,13.98
horizons:parti_dabord:20,horizons,rn,4.9,horizons,14.32,13.98,13.64,13.28,12.94,12.6,12.24
horizons:parti_dabord:21,horizons,rn,0.4,horizons,12.44,12.4,12.36,12.34,12.3,12.26,12.22
horizons:parti_dabord:22,horizons,rn,2.1,horizons,9.76,9.6,9.42,9.26,9.1,8.94,8.78
horizons:parti_dabord:23,horizons,nouvelle_energie,10.1,horizons,14.48,13.86,13.22,12.6,11.96,11.34,10.7
horizons:parti_dabord:24,horizons,nouvelle_energie,3.7,horizons,6.6,6.36,6.12,5.86,5.62,5.36,5.12
horizons:parti_dabord:25,horizons,rn,5.4,horizons,18.12,17.76,17.38,17.02,16.64,16.26,15.9
horizons:parti_dabord:26,horizons,rn,4.4,horizons,16.04,15.74,15.44,15.14,14.84,14.54,14.22
horizons:parti_dabord:27,horizons,rn,4.6,horizons,12.76,12.46,12.14,11.84,11.54,11.24,10.94
horizons:parti_dabord:28,rn,horizons,1.7,rn,6.42,6.5,6.58,6.66,6.74,6.82,6.9
horizons:parti_dabord:29,horizons,rn,3.3,horizons,14.7,14.46,14.24,14,13.76,13.52,13.28
horizons:parti_dabord:30,horizons,rn,5.2,horizons,16.24,15.88,15.54,15.18,14.82,14.46,14.1
horizons:parti_dabord:31,horizons,rn,7.1,horizons,18.52,18.04,17.56,17.08,16.6,16.12,15.64
horizons:parti_dabord:32,horizons,ps,4.6,horizons,8.86,8.54,8.22,7.92,7.6,7.3,6.98
horizons:parti_dabord:33,horizons,ps,8.3,horizons,13.54,13,12.48,11.94,11.4,10.86,10.34
horizons:parti_dabord:34,horizons,rn,5,horizons,18.38,18.06,17.72,17.38,17.06,16.72,16.4
horizons:parti_dabord:35,horizons,rn,2.7,horizons,11.38,11.2,11,10.82,10.62,10.44,10.24
horizons:parti_dabord:36,horizons,ps,10.4,horizons,15.52,14.88,14.24,13.6,12.94,12.3,11.66
horizons:parti_dabord:37,horizons,rn,11.3,horizons,20.46,19.74,19.02,18.3,17.58,16.86,16.14
horizons:parti_dabord:38,horizons,nouvelle_energie,6.3,horizons,10.88,10.48,10.08,9.68,9.26,8.86,8.46
horizons:parti_dabord:39,horizons,ps,1.2,horizons,4.08,3.96,3.86,3.76,3.64,3.54,3.44
horizons:parti_dabord:40,horizons,rn,7.2,horizons,18.72,18.24,17.74,17.26,16.78,16.28,15.8
horizons:parti_dabord:41,horizons,ps,10.2,horizons,16.96,16.32,15.66,15.02,14.36,13.7,13.06
horizons:parti_dabord:42,horizons,rn,2.3,horizons,11.02,10.84,10.68,10.52,10.34,10.18,10
horizons:parti_dabord:43,horizons,rn,11.9,horizons,22.98,22.22,21.46,20.7,19.92,19.16,18.4
horizons:parti_dabord:44,ps,horizons,2.5,ps,1.22,1.1,0.98,0.86,0.72,0.6,0.48
horizons:parti_dabord:45,horizons,rn,1.2,horizons,9.2,9.1,8.98,8.86,8.76,8.64,8.52
horizons:parti_dabord:46,horizons,rn,4.5,horizons,16.48,16.18,15.86,15.56,15.26,14.96,14.64
horizons:parti_dabord:47,horizons,rn,9,horizons,18.98,18.42,17.84,17.28,16.7,16.14,15.58
horizons:parti_dabord:48,horizons,rn,7.2,horizons,19.9,19.44,18.96,18.5,18.04,17.56,17.1
horizons:parti_dabord:49,horizons,rn,12.5,horizons,25.78,24.98,24.16,23.36,22.54,21.74,20.92
horizons:parti_dabord:50,rn,horizons,1.1,rn,7.78,7.82,7.86,7.9,7.94,7.98,8.02
horizons:parti_dabord:51,horizons,lfi,8.6,horizons,20.84,20.3,19.76,19.22,18.7,18.16,17.62
horizons:parti_dabord:52,horizons,rn,5.9,horizons,16.06,15.68,15.28,14.9,14.5,14.12,13.72
horizons:parti_dabord:53,horizons,rn,7.9,horizons,20.78,20.26,19.74,19.24,18.72,18.2,17.68
horizons:parti_dabord:54,horizons,renaissance,9.6,horizons,16.34,15.68,15.04,14.38,13.72,13.06,12.4
horizons:parti_dabord:55,horizons,rn,2.8,horizons,15.42,15.2,15,14.78,14.56,14.36,14.14
horizons:parti_dabord:56,horizons,ps,0.9,horizons,4.34,4.26,4.16,4.06,3.98,3.88,3.78
horizons:parti_dabord:57,horizons,ps,3.7,horizons,6.08,5.84,5.6,5.34,5.1,4.86,4.62
horizons:parti_dabord:58,horizons,lr,11.5,horizons,16.04,15.3,14.58,13.84,13.12,12.4,11.66
horizons:parti_dabord:59,horizons,rn,4.8,horizons,16.34,16,15.68,15.34,15.02,14.68,14.36
horizons:parti_dabord:60,horizons,rn,5.2,horizons,17.14,16.78,16.44,16.08,15.72,15.38,15.02
horizons:parti_dabord:61,horizons,rn,9,horizons,19.14,18.58,18,17.42,16.86,16.28,15.72
horizons:parti_dabord:62,horizons,nouvelle_energie,9.8,horizons,13.16,12.54,11.94,11.34,10.72,10.12,9.5
horizons:parti_dabord:63,horizons,rn,7.8,horizons,16.82,16.32,15.8,15.3,14.8,14.28,13.78
horizons:parti_dabord:64,horizons,rn,5.3,horizons,14.64,14.28,13.92,13.54,13.18,12.82,12.44
horizons:parti_dabord:65,horizons,lr,8.2,horizons,13.86,13.32,12.76,12.22,11.68,11.12,10.58
horizons:parti_dabord:66,horizons,lfi,9.8,horizons,19.34,18.74,18.12,17.52,16.92,16.3,15.7
horizons:parti_dabord:67,horizons,ps,0.1,horizons,4.32,4.28,4.24,4.22,4.18,4.14,4.1
horizons:parti_dabord:68,horizons,rn,3.9,horizons,15.2,14.94,14.68,14.42,14.16,13.88,13.62
horizons:parti_dabord:69,horizons,rn,1.1,horizons,11.9,11.8,11.68,11.58,11.48,11.38,11.28
horizons:mediatique:0,horizons,lr,1.5,horizons,2.54,2.42,2.3,2.18,2.06,1.94,1.82
horizons:mediatique:1,ps,horizons,0.2,ps,2.28,2.3,2.3,2.3,2.32,2.32,2.34
horizons:mediatique:2,horizons,rn,1.8,horizons,7.08,6.98,6.86,6.76,6.64,6.54,6.44
horizons:mediatique:3,horizons,ps,1.8,horizons,4.02,3.88,3.76,3.62,3.5,3.38,3.24
horizons:mediatique:4,rn,horizons,3.1,rn,5.44,5.64,5.84,6.04,6.24,6.44,6.62
horizons:mediatique:5,horizons,rn,5.9,horizons,14.3,13.9,13.5,13.12,12.72,12.32,11.92
horizons:mediatique:6,horizons,rn,1.6,horizons,11.96,11.86,11.74,11.62,11.5,11.38,11.26
horizons:mediatique:7,horizons,rn,2.6,horizons,7.88,7.7,7.54,7.38,7.22,7.06,6.9
horizons:mediatique:8,horizons,rn,1.8,horizons,10.42,10.3,10.18,10.04,9.92,9.8,9.68
horizons:mediatique:9,nouvelle_energie,horizons,1.1,nouvelle_energie,5.02,4.96,4.9,4.84,4.78,4.72,4.66
horizons:mediatique:10,horizons,ps,2.3,horizons,3.48,3.32,3.16,3,2.84,2.68,2.52
horizons:mediatique:11,horizons,renaissance,0.1,horizons,2.6,2.6,2.58,2.56,2.54,2.52,2.5
horizons:mediatique:12,horizons,rn,3.6,horizons,11.24,11.02,10.78,10.56,10.32,10.1,9.88
horizons:mediatique:13,rn,ecologistes,0.5,rn,3.36,3.38,3.42,3.44,3.46,3.48,3.52
horizons:mediatique:14,horizons,rn,4.3,horizons,11.84,11.56,11.28,11,10.7,10.42,10.14
horizons:mediatique:15,rn,horizons,2.5,rn,5.56,5.72,5.86,6.02,6.16,6.32,6.46
horizons:mediatique:16,horizons,rn,1,horizons,8.2,8.14,8.08,8,7.94,7.88,7.8
horizons:mediatique:17,horizons,rn,2.1,horizons,7.76,7.62,7.5,7.36,7.24,7.1,6.98
horizons:mediatique:18,horizons,rn,2,horizons,11.9,11.78,11.66,11.52,11.4,11.28,11.16
horizons:mediatique:19,ps,horizons,0.4,ps,2.86,2.88,2.88,2.9,2.92,2.92,2.94
horizons:mediatique:20,horizons,rn,9.7,horizons,20.1,19.48,18.88,18.26,17.64,17.04,16.42
horizons:mediatique:21,horizons,rn,9.4,horizons,20.52,19.94,19.34,18.74,18.16,17.56,16.98
horizons:mediatique:22,rn,horizons,0.9,rn,3.28,3.36,3.42,3.48,3.54,3.62,3.68
horizons:mediatique:23,horizons,rn,7.6,horizons,14.72,14.22,13.74,13.26,12.78,12.3,11.82
horizons:mediatique:24,rn,ps,2.5,rn,4.38,4.54,4.7,4.86,5.02,5.18,5.34
horizons:mediatique:25,horizons,nouvelle_energie,0.1,horizons,0.94,0.92,0.92,0.9,0.9,0.88,0.86
horizons:mediatique:26,ps,horizons,1.9,ps,0.46,0.36,0.24,0.14,0.04,0.08,0.18
horizons:mediatique:27,rn,horizons,0.3,rn,5.08,5.1,5.14,5.16,5.18,5.2,5.24
horizons:mediatique:28,horizons,rn,1.9,horizons,11.04,10.9,10.76,10.64,10.5,10.38,10.24
horizons:mediatique:29,rn,horizons,0.8,rn,9.84,9.9,9.96,10.02,10.06,10.12,10.18
horizons:mediatique:30,horizons,rn,5.7,horizons,14.6,14.24,13.88,13.52,13.16,12.8,12.44
horizons:mediatique:31,horizons,ps,2,horizons,4.74,4.62,4.5,4.38,4.28,4.16,4.04
horizons:mediatique:32,horizons,rn,10.2,horizons,20.12,19.5,18.86,18.22,17.6,16.96,16.32
horizons:mediatique:33,horizons,rn,5.1,horizons,14.56,14.24,13.92,13.6,13.28,12.96,12.64
horizons:mediatique:34,horizons,rn,9.8,horizons,19.18,18.54,17.9,17.26,16.62,15.98,15.34
horizons:mediatique:35,horizons,rn,3.8,horizons,11.26,11,10.76,10.5,10.26,10,9.76
horizons:mediatique:36,rn,horizons,0.3,rn,7.68,7.7,7.7,7.7,7.72,7.72,7.72
horizons:mediatique:37,horizons,rn,0.2,horizons,7.64,7.62,7.62,7.6,7.6,7.58,7.58
horizons:mediatique:38,rn,horizons,0.6,rn,6.44,6.48,6.52,6.54,6.58,6.6,6.64
horizons:mediatique:39,rn,nouvelle_energie,0.7,rn,8.78,8.82,8.86,8.9,8.94,8.98,9.02
horizons:mediatique:40,horizons,rn,1.3,horizons,11.34,11.24,11.14,11.04,10.92,10.82,10.72
horizons:mediatique:41,horizons,rn,5.3,horizons,15.52,15.2,14.86,14.54,14.2,13.88,13.56
horizons:mediatique:42,horizons,rn,1.5,horizons,6.46,6.38,6.3,6.2,6.12,6.04,5.94
horizons:mediatique:43,horizons,rn,3.4,horizons,11.98,11.76,11.54,11.32,11.1,10.86,10.64
horizons:mediatique:44,ps,horizons,1,ps,2.24,2.3,2.36,2.4,2.46,2.52,2.58
horizons:mediatique:45,horizons,rn,2.6,horizons,10.5,10.34,10.16,10,9.84,9.68,9.52
horizons:mediatique:46,horizons,ps,1.7,horizons,5.4,5.28,5.14,5.02,4.88,4.76,4.64
horizons:mediatique:47,rn,horizons,2.5,rn,4.02,4.18,4.34,4.48,4.64,4.8,4.94
horizons:mediatique:48,horizons,rn,9.1,horizons,18.6,18,17.42,16.82,16.24,15.64,15.04
horizons:mediatique:49,horizons,rn,2.6,horizons,11.34,11.16,10.98,10.8,10.62,10.44,10.26
horizons:mediatique:50,rn,horizons,2,rn,2.16,2.26,2.36,2.46,2.56,2.66,2.76
horizons:mediatique:51,horizons,renaissance,3,horizons,5.52,5.3,5.08,4.88,4.66,4.46,4.24
horizons:mediatique:52,horizons,ps,13.1,horizons,17.66,16.88,16.1,15.3,14.52,13.74,12.96
horizons:mediatique:53,horizons,rn,5,horizons,14.64,14.32,14,13.68,13.36,13.04,12.72
horizons:mediatique:54,horizons,rn,9.8,horizons,19.86,19.26,18.64,18.04,17.42,16.8,16.2
horizons:mediatique:55,rn,ecologistes,2.7,rn,0.38,0.22,0.06,0.12,0.28,0.44,0.62
horizons:mediatique:56,rn,horizons,0.6,rn,6.24,6.28,6.32,6.36,6.4,6.44,6.48
horizons:mediatique:57,horizons,rn,4.6,horizons,12.28,12,11.7,11.42,11.14,10.86,10.58
horizons:mediatique:58,horizons,renaissance,10,horizons,14.92,14.26,13.58,12.9,12.22,11.54,10.86
horizons:mediatique:59,rn,lr,3.9,rn,1.24,1.48,1.72,1.96,2.2,2.44,2.68
horizons:mediatique:60,lr,rn,0,lr,6.36,6.36,6.36,6.36,6.36,6.36,6.36
horizons:mediatique:61,rn,lfi,1.9,rn,0.42,0.32,0.22,0.12,0.02,0.08,0.18
horizons:mediatique:62,horizons,nouvelle_energie,2.5,horizons,0.96,0.8,0.66,0.5,0.36,0.22,0.06
horizons:mediatique:63,horizons,rn,1.5,horizons,10.68,10.58,10.48,10.36,10.26,10.16,10.06
horizons:mediatique:64,horizons,rn,8,horizons,20.04,19.54,19.06,18.56,18.06,17.58,17.08
horizons:mediatique:65,horizons,ps,12.2,horizons,13.5,12.78,12.04,11.32,10.58,9.84,9.12
horizons:mediatique:66,rn,ps,1.1,rn,2.78,2.86,2.92,3,3.08,3.16,3.22
horizons:mediatique:67,rn,horizons,0.3,rn,6.08,6.1,6.1,6.12,6.12,6.14,6.14
horizons:mediatique:68,horizons,nouvelle_energie,2.1,horizons,1.14,1,0.86,0.74,0.6,0.46,0.34
horizons:mediatique:69,rn,renaissance,1.6,rn,3.9,4,4.12,4.22,4.34,4.44,4.56
horizons:contrarien:0,horizons,rn,0.4,horizons,9.58,9.54,9.52,9.48,9.44,9.42,9.38
horizons:contrarien:1,rn,ps,0.3,rn,5.68,5.7,5.72,5.76,5.78,5.8,5.84
horizons:contrarien:2,rn,horizons,0.3,rn,7.62,7.62,7.64,7.64,7.66,7.66,7.68
horizons:contrarien:3,horizons,rn,1.6,horizons,12.24,12.12,12.02,11.9,11.78,11.66,11.56
horizons:contrarien:4,rn,lfi,5,rn,1.72,1.42,1.12,0.82,0.52,0.22,0.1
horizons:contrarien:5,ps,rn,2,ps,6.84,6.72,6.6,6.48,6.36,6.24,6.12
horizons:contrarien:6,rn,ps,7,rn,2.68,2.24,1.78,1.32,0.88,0.42,0.04
horizons:contrarien:7,horizons,rn,3.2,horizons,12.46,12.26,12.08,11.9,11.72,11.52,11.34
horizons:contrarien:8,rn,nouvelle_energie,4.9,rn,2.34,2.64,2.94,3.24,3.54,3.84,4.14
horizons:contrarien:9,rn,horizons,2.7,rn,3.76,3.92,4.1,4.26,4.42,4.6,4.76
horizons:contrarien:10,horizons,rn,2,horizons,8.76,8.62,8.48,8.34,8.2,8.06,7.92
horizons:contrarien:11,rn,renaissance,4.6,rn,1.2,1.52,1.82,2.14,2.44,2.76,3.06
horizons:contrarien:12,horizons,rn,7.5,horizons,13.08,12.64,12.18,11.74,11.28,10.84,10.38
horizons:contrarien:13,horizons,ps,1.1,horizons,2.86,2.76,2.68,2.6,2.52,2.44,2.36
horizons:contrarien:14,rn,horizons,1.1,rn,8.9,8.96,9.04,9.1,9.18,9.24,9.32
horizons:contrarien:15,ps,horizons,1.1,ps,0.26,0.32,0.38,0.42,0.48,0.52,0.58
horizons:contrarien:16,ps,rn,2.7,ps,10.36,10.18,10.02,9.86,9.68,9.52,9.34
horizons:contrarien:17,renaissance,rn,0.3,renaissance,8.28,8.26,8.26,8.24,8.22,8.22,8.2
horizons:contrarien:18,horizons,rn,1.6,horizons,10.2,10.1,10,9.9,9.8,9.7,9.6
horizons:contrarien:19,rn,lfi,5.4,rn,2.22,1.9,1.58,1.26,0.94,0.62,0.32
horizons:contrarien:20,nouvelle_energie,ps,0.3,nouvelle_energie,2.96,2.92,2.9,2.86,2.84,2.8,2.76
horizons:contrarien:21,ps,rn,0.3,ps,7.36,7.34,7.34,7.32,7.3,7.28,7.28
horizons:contrarien:22,rn,ps,2.1,rn,4.04,4.18,4.32,4.46,4.6,4.74,4.88
horizons:contrarien:23,rn,ps,0.1,rn,6.96,6.98,6.98,7,7,7,7.02
horizons:contrarien:24,rn,lfi,5.2,rn,0.58,0.26,0.04,0.36,0.68,1,1.3
horizons:contrarien:25,rn,horizons,6.1,rn,2.14,2.5,2.86,3.22,3.58,3.94,4.3
horizons:contrarien:26,horizons,nouvelle_energie,4.1,horizons,5.92,5.68,5.44,5.2,4.94,4.7,4.46
horizons:contrarien:27,ps,horizons,2.6,ps,1.06,0.92,0.78,0.62,0.48,0.34,0.18
horizons:contrarien:28,ps,nouvelle_energie,3.8,ps,1.56,1.34,1.12,0.9,0.68,0.48,0.26
horizons:contrarien:29,rn,horizons,1.2,rn,6.98,7.04,7.12,7.2,7.26,7.34,7.42
horizons:contrarien:30,horizons,rn,5.8,horizons,17.96,17.58,17.22,16.84,16.48,16.1,15.74
horizons:contrarien:31,rn,renaissance,1.2,rn,5.52,5.6,5.7,5.78,5.86,5.96,6.04
horizons:contrarien:32,rn,ps,0.2,rn,3.2,3.22,3.24,3.26,3.28,3.3,3.32
horizons:contrarien:33,rn,nouvelle_energie,1.3,rn,6.78,6.86,6.94,7.02,7.1,7.18,7.26
horizons:contrarien:34,ps,rn,0.9,ps,7.68,7.64,7.58,7.52,7.48,7.42,7.36
horizons:contrarien:35,rn,horizons,4.5,rn,1.06,1.32,1.58,1.84,2.1,2.36,2.64
horizons:contrarien:36,rn,renaissance,2.8,rn,3.42,3.6,3.8,3.98,4.18,4.36,4.56
horizons:contrarien:37,nouvelle_energie,lr,0.2,nouvelle_energie,0.42,0.4,0.4,0.38,0.36,0.36,0.34
horizons:contrarien:38,rn,horizons,1.1,rn,8.34,8.42,8.48,8.56,8.62,8.7,8.76
horizons:contrarien:39,ps,rn,0.2,ps,5.88,5.88,5.86,5.86,5.86,5.86,5.84
horizons:contrarien:40,horizons,rn,3,horizons,13.02,12.82,12.6,12.4,12.18,11.98,11.76
horizons:contrarien:41,rn,lfi,0.7,rn,3.02,3.06,3.08,3.12,3.14,3.16,3.2
horizons:contrarien:42,ps,horizons,2.1,ps,2.3,2.2,2.08,1.96,1.84,1.74,1.62
horizons:contrarien:43,ps,rn,0.9,ps,4.56,4.5,4.46,4.4,4.34,4.3,4.24
horizons:contrarien:44,rn,horizons,1.4,rn,8.94,9,9.06,9.12,9.18,9.26,9.32
horizons:contrarien:45,rn,horizons,2.5,rn,3.64,3.78,3.92,4.06,4.18,4.32,4.46
horizons:contrarien:46,rn,renaissance,0.7,rn,6.1,6.14,6.2,6.26,6.32,6.36,6.42
horizons:contrarien:47,nouvelle_energie,horizons,1.9,nouvelle_energie,0.92,0.8,0.68,0.56,0.42,0.3,0.18
horizons:contrarien:48,rn,horizons,2.2,rn,9.12,9.24,9.38,9.5,9.64,9.76,9.9
horizons:contrarien:49,ps,rn,1.1,ps,8.78,8.72,8.66,8.6,8.54,8.48,8.4
horizons:contrarien:50,rn,horizons,1.6,rn,8.94,9.02,9.12,9.22,9.3,9.4,9.48
horizons:contrarien:51,rn,renaissance,4.1,rn,1.38,1.64,1.92,2.18,2.46,2.72,2.98
horizons:contrarien:52,rn,horizons,2.1,rn,2.96,3.1,3.22,3.36,3.48,3.62,3.76
horizons:contrarien:53,horizons,ps,7.1,horizons,7,6.58,6.16,5.74,5.34,4.92,4.5
horizons:contrarien:54,horizons,ps,6.1,horizons,13.44,13.04,12.66,12.26,11.86,11.46,11.06
horizons:contrarien:55,rn,horizons,4.8,rn,3.74,4.02,4.28,4.56,4.84,5.1,5.38
horizons:contrarien:56,ps,rn,0.4,ps,5.92,5.9,5.88,5.86,5.82,5.8,5.78
horizons:contrarien:57,rn,renaissance,1.7,rn,5.78,5.9,6.02,6.14,6.24,6.36,6.48
horizons:contrarien:58,horizons,rn,1.1,horizons,8.8,8.74,8.66,8.58,8.5,8.44,8.36
horizons:contrarien:59,rn,horizons,0.7,rn,11.6,11.62,11.64,11.66,11.68,11.7,11.72
horizons:contrarien:60,ps,lfi,0.3,ps,4.32,4.32,4.32,4.32,4.32,4.34,4.34
horizons:contrarien:61,rn,lfi,2,rn,1.04,1.14,1.26,1.36,1.48,1.58,1.7
horizons:contrarien:62,rn,horizons,0.1,rn,7.6,7.6,7.58,7.58,7.56,7.56,7.54
horizons:contrarien:63,rn,renaissance,2.7,rn,3.72,3.9,4.08,4.26,4.44,4.62,4.8
horizons:contrarien:64,horizons,rn,2,horizons,12.58,12.44,12.32,12.18,12.04,11.9,11.76
horizons:contrarien:65,horizons,lr,0.9,horizons,3.3,3.24,3.18,3.12,3.06,3,2.94
horizons:contrarien:66,rn,lfi,3.9,rn,0.98,0.74,0.52,0.28,0.04,0.2,0.44
horizons:contrarien:67,horizons,rn,3.5,horizons,11.44,11.2,10.96,10.74,10.5,10.28,10.04
horizons:contrarien:68,rn,ps,2.1,rn,2.9,3.04,3.18,3.34,3.48,3.64,3.78
horizons:contrarien:69,horizons,rn,2.4,horizons,14.78,14.62,14.46,14.3,14.14,13.98,13.82
lr:aleatoire:0,lr,rn,1.4,lr,11.82,11.7,11.6,11.48,11.36,11.24,11.14
lr:aleatoire:1,lr,nouvelle_energie,6.5,lr,9.24,8.84,8.44,8.04,7.62,7.22,6.82
lr:aleatoire:2,lr,rn,4.4,lr,14.2,13.92,13.62,13.32,13.04,12.74,12.46
lr:aleatoire:3,ps,rn,1.7,ps,8.18,8.08,7.98,7.88,7.78,7.68,7.58
lr:aleatoire:4,lr,rn,4.4,lr,13.66,13.36,13.04,12.74,12.42,12.1,11.8
lr:aleatoire:5,rn,lr,0.3,rn,10.14,10.12,10.1,10.1,10.08,10.06,10.06
lr:aleatoire:6,lr,renaissance,6.3,lr,6.8,6.38,5.98,5.58,5.18,4.78,4.38
lr:aleatoire:7,lr,ps,8.8,lr,13.5,12.96,12.42,11.88,11.34,10.8,10.26
lr:aleatoire:8,horizons,lr,0.2,horizons,2,2,2,1.98,1.98,1.96,1.96
lr:aleatoire:9,rn,lr,1,rn,6.92,6.98,7.02,7.06,7.1,7.14,7.18
lr:aleatoire:10,lr,rn,0.9,lr,6.6,6.52,6.44,6.36,6.28,6.2,6.12
lr:aleatoire:11,lr,ps,0.5,lr,4.6,4.54,4.48,4.42,4.36,4.3,4.24
lr:aleatoire:12,lr,renaissance,5.6,lr,8.42,8.04,7.68,7.3,6.92,6.54,6.18
lr:aleatoire:13,lr,rn,0.1,lr,8.54,8.54,8.52,8.5,8.48,8.48,8.46
lr:aleatoire:14,rn,lr,0.3,rn,7.36,7.34,7.34,7.34,7.34,7.32,7.32
lr:aleatoire:15,lr,rn,2.2,lr,10.94,10.8,10.64,10.48,10.32,10.16,10.02
lr:aleatoire:16,lr,nouvelle_energie,1.3,lr,2.06,1.98,1.9,1.82,1.74,1.68,1.6
lr:aleatoire:17,lr,rn,3.1,lr,10.66,10.48,10.3,10.12,9.92,9.74,9.56
lr:aleatoire:18,lr,nouvelle_energie,6.5,lr,9.2,8.8,8.38,7.98,7.56,7.16,6.74
lr:aleatoire:19,rn,horizons,2.4,rn,4.4,4.56,4.72,4.86,5.02,5.16,5.32
lr:aleatoire:20,lr,ps,3.8,lr,7.16,6.9,6.64,6.4,6.14,5.88,5.62
lr:aleatoire:21,lr,rn,0.9,lr,11.8,11.72,11.62,11.54,11.46,11.38,11.28
lr:aleatoire:22,rn,lr,0.5,rn,5.08,5.1,5.12,5.16,5.18,5.2,5.22
lr:aleatoire:23,rn,horizons,3.9,rn,5.98,6.22,6.46,6.72,6.96,7.2,7.44
lr:aleatoire:24,lr,rn,2.1,lr,12.46,12.32,12.18,12.04,11.9,11.76,11.62
lr:aleatoire:25,nouvelle_energie,ps,1.6,nouvelle_energie,4.28,4.18,4.06,3.96,3.86,3.76,3.66
lr:aleatoire:26,ps,rn,0.1,ps,5.28,5.28,5.28,5.28,5.28,5.28,5.28
lr:aleatoire:27,lr,rn,5.4,lr,13.1,12.74,12.36,12,11.64,11.26,10.9
lr:aleatoire:28,lr,lfi,3,lr,8.42,8.24,8.06,7.88,7.68,7.5,7.32
lr:aleatoire:29,lr,horizons,3.8,lr,5.94,5.68,5.42,5.14,4.88,4.62,4.36
lr:aleatoire:30,lr,rn,7.9,lr,18.94,18.4,17.88,17.34,16.8,16.28,15.74
lr:aleatoire:31,ps,nouvelle_energie,0.8,ps,0.56,0.6,0.64,0.68,0.72,0.76,0.8
lr:aleatoire:32,lr,rn,2.3,lr,14.3,14.14,13.98,13.84,13.68,13.52,13.36
lr:aleatoire:33,lr,lfi,5.9,lr,16.48,16.14,15.78,15.42,15.06,14.7,14.34
lr:aleatoire:34,rn,lr,1.7,rn,5.7,5.78,5.88,5.98,6.08,6.18,6.28
lr:aleatoire:35,rn,ps,0.3,rn,5.14,5.16,5.18,5.2,5.24,5.26,5.28
lr:aleatoire:36,ps,rn,1.6,ps,8.36,8.26,8.16,8.08,7.98,7.88,7.78
lr:aleatoire:37,lr,rn,1.8,lr,11.76,11.62,11.48,11.36,11.22,11.08,10.94
lr:aleatoire:38,lr,rn,3.5,lr,11.68,11.44,11.18,10.94,10.7,10.44,10.2
lr:aleatoire:39,lr,rn,5.4,lr,15.18,14.82,14.46,14.12,13.76,13.4,13.04
lr:aleatoire:40,lr,rn,3.6,lr,13.48,13.24,13,12.76,12.54,12.3,12.06
lr:aleatoire:41,lr,rn,3.6,lr,12.76,12.5,12.24,12,11.74,11.48,11.24
lr:aleatoire:42,lr,rn,7.4,lr,15.44,14.96,14.48,14.02,13.54,13.06,12.58
lr:aleatoire:43,lr,rn,1.4,lr,6.62,6.52,6.4,6.3,6.2,6.08,5.98
lr:aleatoire:44,lr,rn,1.2,lr,8.46,8.38,8.3,8.24,8.16,8.1,8.02
lr:aleatoire:45,lr,rn,7.6,lr,16.46,15.96,15.48,14.98,14.5,14,13.52
lr:aleatoire:46,lr,rn,2.8,lr,10.6,10.42,10.24,10.06,9.88,9.7,9.52
lr:aleatoire:47,lr,rn,0.1,lr,4.66,4.66,4.64,4.64,4.64,4.64,4.64
lr:aleatoire:48,lr,nouvelle_energie,7.8,lr,9.56,9.08,8.58,8.08,7.6,7.1,6.62
lr:aleatoire:49,rn,horizons,2.6,rn,3.82,3.98,4.16,4.32,4.48,4.66,4.82
lr:aleatoire:50,rn,horizons,2.2,rn,7.18,7.34,7.48,7.62,7.76,7.92,8.06
lr:aleatoire:51,horizons,lr,0.2,horizons,1.1,1.08,1.08,1.06,1.06,1.04,1.04
lr:aleatoire:52,lr,rn,9,lr,15.44,14.86,14.28,13.72,13.14,12.56,11.98
lr:aleatoire:53,nouvelle_energie,renaissance,0.4,nouvelle_energie,1.04,1,0.94,0.9,0.86,0.8,0.76
lr:aleatoire:54,lr,lfi,2.9,lr,9.3,9.14,9,8.84,8.7,8.54,8.38
lr:aleatoire:55,lr,rn,1.2,lr,10.74,10.64,10.56,10.46,10.38,10.3,10.2
lr:aleatoire:56,rn,lr,2.8,rn,4.66,4.84,5,5.18,5.34,5.5,5.68
lr:aleatoire:57,lr,ps,4.5,lr,8.62,8.34,8.04,7.76,7.46,7.18,6.9
lr:aleatoire:58,ps,rn,2.1,ps,8.82,8.68,8.56,8.44,8.3,8.18,8.04
lr:aleatoire:59,rn,lr,0.3,rn,9.84,9.84,9.84,9.86,9.86,9.86,9.86
lr:aleatoire:60,rn,lr,2.7,rn,5.14,5.3,5.48,5.64,5.8,5.96,6.12
lr:aleatoire:61,lr,rn,0.9,lr,8.12,8.06,7.98,7.92,7.86,7.78,7.72
lr:aleatoire:62,lr,rn,5.3,lr,11.84,11.5,11.14,10.8,10.44,10.1,9.74
lr:aleatoire:63,lr,horizons,1.6,lr,3,2.88,2.78,2.66,2.54,2.42,2.3
lr:aleatoire:64,rn,ps,0.2,rn,6.22,6.24,6.26,6.28,6.3,6.32,6.34
lr:aleatoire:65,lr,horizons,3,lr,0.98,0.76,0.56,0.34,0.12,0.08,0.3
lr:aleatoire:66,rn,lfi,1,rn,0.14,0.2,0.24,0.28,0.34,0.38,0.44
lr:aleatoire:67,rn,lr,2.8,rn,5.1,5.24,5.4,5.56,5.72,5.86,6.02
lr:aleatoire:68,nouvelle_energie,renaissance,3.2,nouvelle_energie,5.2,4.98,4.78,4.58,4.36,4.16,3.96
lr:aleatoire:69,rn,horizons,1.3,rn,6.84,6.92,7,7.08,7.18,7.26,7.34
lr:prudent:0,lr,nouvelle_energie,6.8,lr,10.36,9.92,9.5,9.06,8.62,8.2,7.76
lr:prudent:1,rn,lr,0.7,rn,6.86,6.9,6.94,6.98,7.02,7.04,7.08
lr:prudent:2,lr,rn,2.8,lr,10.56,10.36,10.18,10,9.82,9.64,9.44
lr:prudent:3,lr,rn,4.6,lr,14.92,14.62,14.3,14,13.7,13.4,13.1
lr:prudent:4,lr,ps,1,lr,6.44,6.36,6.3,6.22,6.16,6.08,6.02
lr:prudent:5,lr,rn,7.2,lr,19.2,18.74,18.28,17.82,17.36,16.9,16.42
lr:prudent:6,lr,rn,2.2,lr,13.56,13.4,13.26,13.1,12.96,12.8,12.66
lr:prudent:7,lr,rn,3,lr,11.52,11.32,11.12,10.9,10.7,10.5,10.3
lr:prudent:8,lr,ps,4.9,lr,10.52,10.2,9.9,9.58,9.26,8.96,8.64
lr:prudent:9,lr,lfi,6.2,lr,14.54,14.2,13.84,13.5,13.14,12.8,12.44
lr:prudent:10,lr,rn,3.4,lr,13.82,13.58,13.34,13.1,12.86,12.62,12.38
lr:prudent:11,lr,rn,3.5,lr,15.46,15.24,15.02,14.8,14.56,14.34,14.12
lr:prudent:12,lr,ps,3.8,lr,9.24,9,8.76,8.54,8.3,8.08,7.84
lr:prudent:13,lr,horizons,0.7,lr,1.8,1.74,1.68,1.62,1.56,1.52,1.46
lr:prudent:14,lr,rn,4.7,lr,13.98,13.68,13.36,13.06,12.76,12.44,12.14
lr:prudent:15,lr,lfi,9.3,lr,18.02,17.48,16.92,16.38,15.82,15.28,14.72
lr:prudent:16,lr,rn,1,lr,11.86,11.78,11.7,11.62,11.54,11.46,11.38
lr:prudent:17,lr,horizons,3.5,lr,3.96,3.76,3.54,3.32,3.1,2.88,2.66
lr:prudent:18,lr,rn,5.7,lr,16.84,16.48,16.12,15.76,15.38,15.02,14.66
lr:prudent:19,lr,rn,6.3,lr,16.6,16.2,15.8,15.4,15,14.6,14.2
lr:prudent:20,lr,rn,0.3,lr,8.84,8.78,8.74,8.68,8.64,8.58,8.52
lr:prudent:21,lr,rn,2.4,lr,10.52,10.36,10.2,10.06,9.9,9.76,9.6
lr:prudent:22,lr,rn,2.2,lr,12.1,11.94,11.8,11.64,11.5,11.36,11.2
lr:prudent:23,lr,rn,1.6,lr,11.6,11.48,11.36,11.22,11.1,10.98,10.84
lr:prudent:24,lr,rn,3,lr,12.96,12.74,12.54,12.32,12.1,11.9,11.68
lr:prudent:25,lr,rn,3.4,lr,10.96,10.72,10.48,10.24,10,9.76,9.52
lr:prudent:26,rn,lr,1.7,rn,6.22,6.32,6.42,6.52,6.62,6.72,6.82
lr:prudent:27,lr,lfi,2.7,lr,9.7,9.54,9.4,9.24,9.08,8.92,8.76
lr:prudent:28,lr,ps,1.5,lr,3.5,3.4,3.3,3.2,3.1,3,2.9
lr:prudent:29,lr,rn,0.9,lr,12.66,12.6,12.54,12.48,12.4,12.34,12.28
lr:prudent:30,lr,rn,1.9,lr,11.52,11.38,11.26,11.12,11,10.88,10.74
lr:prudent:31,lr,rn,6.3,lr,18.56,18.14,17.72,17.3,16.88,16.46,16.04
lr:prudent:32,lr,renaissance,6.7,lr,9.72,9.3,8.88,8.46,8.04,7.62,7.2
lr:prudent:33,lr,ps,7.5,lr,13.16,12.7,12.24,11.78,11.32,10.86,10.4
lr:prudent:34,lr,rn,3.4,lr,13.1,12.88,12.64,12.42,12.2,11.98,11.74
lr:prudent:35,rn,lr,1,rn,7.46,7.5,7.54,7.6,7.64,7.68,7.72
lr:prudent:36,lr,ps,0.9,lr,1.5,1.44,1.38,1.34,1.28,1.22,1.18
lr:prudent:37,lr,horizons,8.9,lr,12.74,12.18,11.64,11.1,10.54,10,9.46
lr:prudent:38,rn,lr,0.1,rn,10.1,10.1,10.1,10.08,10.08,10.06,10.06
lr:prudent:39,lr,ps,4.8,lr,12.18,11.88,11.58,11.28,10.98,10.68,10.38
lr:prudent:40,lr,rn,3.9,lr,13.42,13.14,12.88,12.6,12.32,12.04,11.76
lr:prudent:41,lr,rn,3.4,lr,10.5,10.28,10.04,9.82,9.6,9.36,9.14
lr:prudent:42,lr,rn,13.5,lr,25.86,25.02,24.16,23.32,22.48,21.62,20.78
lr:prudent:43,lr,rn,0.8,lr,8.4,8.34,8.28,8.2,8.14,8.08,8.02
lr:prudent:44,lr,nouvelle_energie,9.1,lr,13.32,12.76,12.2,11.64,11.08,10.52,9.96
lr:prudent:45,lr,rn,2.2,lr,12.22,12.06,11.9,11.74,11.58,11.42,11.26
lr:prudent:46,lr,rn,3.3,lr,13.96,13.74,13.52,13.3,13.08,12.88,12.66
lr:prudent:47,lr,rn,5.4,lr,13.72,13.38,13.02,12.68,12.32,11.98,11.62
lr:prudent:48,lr,rn,3.8,lr,12.76,12.5,12.24,11.98,11.72,11.44,11.18
lr:prudent:49,lr,rn,0.8,lr,10.1,10.04,9.96,9.9,9.82,9.76,9.7
lr:prudent:50,lr,rn,3,lr,13.02,12.8,12.6,12.38,12.16,11.94,11.72
lr:prudent:51,lr,rn,5.8,lr,16.88,16.5,16.12,15.74,15.38,15,14.62
lr:prudent:52,lr,ps,2,lr,2.44,2.3,2.16,2.02,1.9,1.76,1.62
lr:prudent:53,lr,rn,7.4,lr,18.5,18.04,17.58,17.12,16.66,16.2,15.74
lr:prudent:54,lr,nouvelle_energie,0.1,lr,1.7,1.68,1.68,1.68,1.68,1.68,1.68
lr:prudent:55,lr,ps,5.4,lr,8.06,7.7,7.36,7.02,6.68,6.32,5.98
lr:prudent:56,lr,rn,1.5,lr,12.18,12.08,12,11.9,11.8,11.72,11.62
lr:prudent:57,lr,rn,3.3,lr,11.04,10.84,10.62,10.42,10.2,9.98,9.78
lr:prudent:58,lr,nouvelle_energie,3.9,lr,5.02,4.76,4.5,4.24,3.98,3.72,3.46
lr:prudent:59,lr,rn,0.8,lr,14.16,14.1,14.04,13.98,13.94,13.88,13.82
lr:prudent:60,lr,ps,4.7,lr,10.7,10.38,10.08,9.78,9.48,9.16,8.86
lr:prudent:61,lr,rn,7.7,lr,19.94,19.42,18.92,18.42,17.92,17.4,16.9
lr:prudent:62,lr,horizons,5.7,lr,9.7,9.32,8.96,8.6,8.22,7.86,7.48
lr:prudent:63,nouvelle_energie,rn,0.8,nouvelle_energie,9.68,9.64,9.58,9.52,9.46,9.42,9.36
lr:prudent:64,lr,ps,4.1,lr,9.3,9.04,8.78,8.52,8.26,8,7.74
lr:prudent:65,lr,ps,4,lr,8.66,8.4,8.14,7.88,7.62,7.36,7.1
lr:prudent:66,lr,horizons,3.1,lr,4.42,4.22,4,3.8,3.6,3.4,3.18
lr:prudent:67,lr,rn,3.4,lr,15.56,15.34,15.12,14.9,14.68,14.48,14.26
lr:prudent:68,lr,horizons,4.5,lr,10,9.7,9.42,9.14,8.86,8.58,8.28
lr:prudent:69,lr,lfi,7.9,lr,16.44,15.96,15.46,14.98,14.5,14.02,13.54
lr:risque:0,lr,rn,7.5,lr,16.62,16.12,15.62,15.14,14.64,14.14,13.64
lr:risque:1,lr,nouvelle_energie,3.1,lr,7.32,7.12,6.92,6.72,6.54,6.34,6.14
lr:risque:2,lr,ps,10.7,lr,15.58,14.92,14.28,13.62,12.96,12.32,11.66
lr:risque:3,lr,rn,10.4,lr,20.22,19.54,18.86,18.18,17.5,16.82,16.14
lr:risque:4,lr,rn,2,lr,13.42,13.28,13.14,13,12.88,12.74,12.6
lr:risque:5,lr,rn,4.9,lr,13.68,13.34,13,12.66,12.32,12,11.66
lr:risque:6,lr,rn,3.5,lr,11.06,10.84,10.64,10.42,10.22,10,9.78
lr:risque:7,lr,ps,2,lr,5.66,5.54,5.4,5.28,5.14,5.02,4.88
lr:risque:8,lr,rn,0.9,lr,8.2,8.16,8.1,8.04,7.98,7.94,7.88
lr:risque:9,lr,rn,6.1,lr,15.4,15,14.62,14.22,13.82,13.42,13.02
lr:risque:10,lr,rn,4.7,lr,14.22,13.9,13.58,13.26,12.94,12.62,12.3
lr:risque:11,lr,rn,3.4,lr,14.14,13.92,13.68,13.46,13.22,13,12.76
lr:risque:12,lr,nouvelle_energie,11.4,lr,15.52,14.84,14.16,13.48,12.8,12.1,11.42
lr:risque:13,rn,lr,0.7,rn,6.84,6.88,6.92,6.94,6.98,7,7.04
lr:risque:14,lr,ps,14.7,lr,21.66,20.76,19.88,19,18.12,17.22,16.34
lr:risque:15,lr,horizons,6.7,lr,8.3,7.84,7.4,6.96,6.52,6.08,5.62
lr:risque:16,lr,ps,2,lr,7.7,7.54,7.4,7.24,7.1,6.96,6.8
lr:risque:17,lr,nouvelle_energie,6.8,lr,10.24,9.8,9.36,8.9,8.46,8.02,7.58
lr:risque:18,lr,rn,11.9,lr,22.34,21.6,20.86,20.1,19.36,18.62,17.88
lr:risque:19,lr,horizons,5.2,lr,6.72,6.4,6.08,5.76,5.42,5.1,4.78
lr:risque:20,lr,rn,5.2,lr,14.26,13.9,13.54,13.16,12.8,12.42,12.06
lr:risque:21,lr,ps,6.4,lr,11.06,10.66,10.26,9.86,9.46,9.06,8.66
lr:risque:22,lr,rn,2.8,lr,12.22,12.04,11.86,11.68,11.5,11.32,11.14
lr:risque:23,lr,ps,5.4,lr,11.08,10.76,10.42,10.08,9.74,9.42,9.08
lr:risque:24,lr,ps,1.6,lr,7.54,7.42,7.3,7.18,7.06,6.94,6.82
lr:risque:25,lr,rn,7.5,lr,17.14,16.64,16.14,15.64,15.14,14.64,14.14
lr:risque:26,lr,rn,6.6,lr,18.16,17.72,17.28,16.84,16.4,15.96,15.52
lr:risque:27,lr,rn,7.2,lr,17.2,16.78,16.34,15.92,15.48,15.06,14.62
lr:risque:28,lr,rn,1.5,lr,12.4,12.3,12.2,12.08,11.98,11.88,11.76
lr:risque:29,lr,nouvelle_energie,6.8,lr,9.34,8.9,8.46,8.02,7.58,7.14,6.7
lr:risque:30,lr,rn,7.3,lr,17.62,17.12,16.64,16.14,15.66,15.16,14.68
lr:risque:31,lr,rn,6.3,lr,16.64,16.24,15.84,15.44,15.04,14.64,14.24
lr:risque:32,lr,rn,4.6,lr,12.26,11.98,11.7,11.42,11.14,10.86,10.58
lr:risque:33,lr,nouvelle_energie,8,lr,9.5,9,8.48,7.98,7.48,6.96,6.46
lr:risque:34,rn,lr,0.2,rn,8.62,8.62,8.64,8.66,8.66,8.68,8.68
lr:risque:35,lr,ps,3,lr,6.1,5.92,5.72,5.52,5.32,5.14,4.94
lr:risque:36,lr,rn,7,lr,19.42,18.96,18.5,18.06,17.6,17.14,16.68
lr:risque:37,lr,ps,1.3,lr,4.96,4.84,4.74,4.62,4.52,4.4,4.3
lr:risque:38,lr,rn,0.7,lr,7.88,7.84,7.78,7.74,7.68,7.64,7.58
lr:risque:39,rn,lr,0.3,rn,5.3,5.3,5.3,5.32,5.32,5.32,5.34
lr:risque:40,lr,ps,2,lr,6.72,6.6,6.46,6.34,6.2,6.06,5.94
lr:risque:41,lr,rn,0.3,lr,6.06,6.04,6.02,5.98,5.96,5.94,5.9
lr:risque:42,lr,ps,1.6,lr,4.32,4.22,4.12,4.02,3.92,3.82,3.72
lr:risque:43,ps,lr,0.1,ps,0.14,0.14,0.16,0.16,0.18,0.18,0.18
lr:risque:44,lr,rn,2.9,lr,10.22,10.04,9.84,9.64,9.46,9.26,9.06
lr:risque:45,lr,ps,9.9,lr,16.48,15.86,15.24,14.62,14,13.38,12.76
lr:risque:46,lr,rn,0.7,lr,8.16,8.1,8.04,7.96,7.9,7.84,7.78
lr:risque:47,lr,horizons,9.7,lr,11.8,11.2,10.6,10,9.4,8.8,8.2
lr:risque:48,lr,ps,4.2,lr,5.7,5.42,5.12,4.84,4.54,4.26,3.96
lr:risque:49,lr,rn,7.1,lr,17.04,16.56,16.1,15.62,15.14,14.68,14.2
lr:risque:50,lr,ps,6.4,lr,10.06,9.66,9.28,8.9,8.5,8.12,7.72
lr:risque:51,lr,rn,9.9,lr,22.36,21.72,21.08,20.42,19.78,19.14,18.48
lr:risque:52,lr,ps,4.9,lr,7.38,7.06,6.76,6.44,6.14,5.84,5.52
lr:risque:53,lr,ps,0.1,lr,3.38,3.36,3.32,3.3,3.26,3.24,3.22
lr:risque:54,lr,ps,9.9,lr,15.08,14.46,13.86,13.26,12.64,12.04,11.44
lr:risque:55,lr,ps,9.1,lr,15.28,14.72,14.16,13.6,13.04,12.48,11.92
lr:risque:56,lr,rn,4.7,lr,13.62,13.3,13,12.68,12.36,12.06,11.74
lr:risque:57,lr,rn,1.4,lr,9.76,9.66,9.56,9.46,9.36,9.26,9.16
lr:risque:58,lr,rn,1.8,lr,11.24,11.12,11,10.88,10.76,10.64,10.5
lr:risque:59,lr,rn,11.4,lr,23.58,22.88,22.16,21.46,20.74,20.04,19.34
lr:risque:60,lr,rn,1.6,lr,12.76,12.64,12.54,12.44,12.32,12.22,12.1
lr:risque:61,rn,lr,1.7,rn,3.82,3.92,4.02,4.12,4.22,4.3,4.4
lr:risque:62,lr,rn,8.4,lr,18.06,17.54,17,16.46,15.94,15.4,14.88
lr:risque:63,lr,ps,8,lr,11,10.52,10.04,9.56,9.06,8.58,8.1
lr:risque:64,lr,rn,3.7,lr,13.16,12.9,12.64,12.4,12.14,11.88,11.64
lr:risque:65,lr,ps,6,lr,12.56,12.18,11.8,11.44,11.06,10.68,10.32
lr:risque:66,lr,rn,7,lr,18.38,17.92,17.48,17.02,16.56,16.12,15.66
lr:risque:67,lr,ps,6.6,lr,11.08,10.68,10.26,9.86,9.44,9.04,8.64
lr:risque:68,lr,nouvelle_energie,3.5,lr,5,4.76,4.54,4.3,4.08,3.84,3.6
lr:risque:69,lr,rn,1.2,lr,9.98,9.88,9.78,9.68,9.58,9.48,9.38
lr:ideologiquement_coherent:0,rn,ps,0.6,rn,2.94,3,3.04,3.08,3.14,3.18,3.24
lr:ideologiquement_coherent:1,lr,ps,2.2,lr,5.28,5.14,5,4.86,4.72,4.58,4.44
lr:ideologiquement_coherent:2,lr,rn,3.3,lr,11.4,11.2,10.98,10.76,10.56,10.34,10.12
lr:ideologiquement_coherent:3,lr,rn,3.8,lr,12.22,11.98,11.74,11.5,11.26,11.04,10.8
lr:ideologiquement_coherent:4,lr,ps,6.3,lr,11.84,11.46,11.08,10.72,10.34,9.98,9.6
lr:ideologiquement_coherent:5,lr,rn,9.3,lr,18.38,17.78,17.2,16.6,16,15.42,14.82
lr:ideologiquement_coherent:6,lr,ps,2,lr,7.42,7.28,7.16,7.02,6.9,6.78,6.64
lr:ideologiquement_coherent:7,rn,lr,0.3,rn,5.32,5.36,5.38,5.4,5.42,5.44,5.46
lr:ideologiquement_coherent:8,lr,rn,4.6,lr,13.3,13.02,12.74,12.46,12.18,11.9,11.62
lr:ideologiquement_coherent:9,lr,rn,2.1,lr,10.6,10.48,10.34,10.22,10.08,9.96,9.82
lr:ideologiquement_coherent:10,lr,rn,1.3,lr,10.22,10.12,10.04,9.94,9.86,9.76,9.68
lr:ideologiquement_coherent:11,lr,nouvelle_energie,3.2,lr,4.04,3.84,3.64,3.44,3.24,3.04,2.84
lr:ideologiquement_coherent:12,lr,ps,3.7,lr,7.44,7.22,6.98,6.74,6.52,6.28,6.06
lr:ideologiquement_coherent:13,lr,ps,6,lr,11.02,10.64,10.28,9.92,9.54,9.18,8.8
lr:ideologiquement_coherent:14,lr,rn,2.4,lr,11.84,11.7,11.54,11.38,11.22,11.06,10.92
lr:ideologiquement_coherent:15,lr,rn,1.9,lr,12.18,12.06,11.92,11.8,11.66,11.54,11.42
lr:ideologiquement_coherent:16,lr,rn,2.5,lr,11.36,11.18,11.02,10.86,10.68,10.52,10.34
lr:ideologiquement_coherent:17,lr,rn,0.2,lr,8.2,8.18,8.16,8.14,8.14,8.12,8.1
lr:ideologiquement_coherent:18,lr,rn,7.9,lr,17.88,17.38,16.88,16.38,15.88,15.4,14.9
lr:ideologiquement_coherent:19,lr,rn,1.3,lr,9.48,9.4,9.3,9.22,9.14,9.06,8.98
lr:ideologiquement_coherent:20,lr,rn,1.4,lr,9.68,9.6,9.5,9.4,9.3,9.2,9.1
lr:ideologiquement_coherent:21,lr,rn,1.8,lr,9.24,9.12,9.02,8.9,8.78,8.68,8.56
lr:ideologiquement_coherent:22,lr,rn,4.5,lr,14.46,14.18,13.88,13.6,13.32,13.04,12.74
lr:ideologiquement_coherent:23,lr,ps,6.4,lr,10.56,10.18,9.8,9.42,9.02,8.64,8.26
lr:ideologiquement_coherent:24,lr,rn,6.8,lr,14.08,13.64,13.2,12.76,12.34,11.9,11.46
lr:ideologiquement_coherent:25,lr,ps,3.7,lr,6.78,6.56,6.32,6.08,5.84,5.62,5.38
lr:ideologiquement_coherent:26,lr,horizons,6,lr,9.66,9.3,8.92,8.54,8.18,7.8,7.42
lr:ideologiquement_coherent:27,lr,rn,1.6,lr,9.9,9.8,9.72,9.62,9.54,9.46,9.36
lr:ideologiquement_coherent:28,lr,rn,2.8,lr,11.92,11.74,11.56,11.38,11.2,11.02,10.84
lr:ideologiquement_coherent:29,lr,rn,1.9,lr,9.98,9.84,9.72,9.58,9.46,9.32,9.2
lr:ideologiquement_coherent:30,lr,rn,2.7,lr,11.78,11.6,11.42,11.22,11.04,10.86,10.68
lr:ideologiquement_coherent:31,lr,ps,4.9,lr,5.92,5.62,5.32,5.02,4.72,4.42,4.1
lr:ideologiquement_coherent:32,lr,rn,8.8,lr,20.86,20.3,19.74,19.2,18.64,18.1,17.54
lr:ideologiquement_coherent:33,lr,rn,4.6,lr,14.62,14.32,14.04,13.74,13.46,13.16,12.86
lr:ideologiquement_coherent:34,lr,rn,6.2,lr,15.32,14.94,14.54,14.16,13.78,13.38,13
lr:ideologiquement_coherent:35,lr,horizons,8.2,lr,12.2,11.68,11.18,10.68,10.16,9.66,9.16
lr:ideologiquement_coherent:36,lr,rn,5.4,lr,14.76,14.42,14.1,13.76,13.42,13.1,12.76
lr:ideologiquement_coherent:37,lr,lfi,11,lr,18.02,17.4,16.76,16.12,15.5,14.86,14.24
lr:ideologiquement_coherent:38,lr,rn,10.7,lr,21.06,20.4,19.74,19.08,18.42,17.76,17.1
lr:ideologiquement_coherent:39,lr,ps,6.6,lr,13.3,12.9,12.5,12.1,11.7,11.28,10.88
lr:ideologiquement_coherent:40,lr,horizons,6.1,lr,8.06,7.66,7.28,6.88,6.5,6.12,5.72
lr:ideologiquement_coherent:41,lr,rn,0.3,lr,8.18,8.16,8.14,8.12,8.1,8.08,8.06
lr:ideologiquement_coherent:42,lr,ps,4.8,lr,7.56,7.28,6.98,6.7,6.4,6.12,5.82
lr:ideologiquement_coherent:43,lr,rn,6,lr,16.16,15.78,15.4,15.02,14.66,14.28,13.9
lr:ideologiquement_coherent:44,lr,ps,0.7,lr,8.6,8.56,8.52,8.46,8.42,8.38,8.32
lr:ideologiquement_coherent:45,lr,rn,3.1,lr,13.86,13.66,13.46,13.26,13.06,12.86,12.66
lr:ideologiquement_coherent:46,lr,ps,9.5,lr,12.96,12.4,11.82,11.26,10.68,10.12,9.56
lr:ideologiquement_coherent:47,lr,rn,2.8,lr,12.44,12.28,12.1,11.92,11.74,11.56,11.38
lr:ideologiquement_coherent:48,lr,rn,1.8,lr,10.86,10.74,10.62,10.5,10.38,10.26,10.14
lr:ideologiquement_coherent:49,lr,ps,4,lr,10.26,10.02,9.76,9.52,9.28,9.04,8.8
lr:ideologiquement_coherent:50,lr,ps,3.6,lr,5.6,5.36,5.12,4.86,4.62,4.38,4.14
lr:ideologiquement_coherent:51,lr,rn,4.7,lr,16.02,15.72,15.42,15.12,14.84,14.54,14.24
lr:ideologiquement_coherent:52,lr,ps,9.3,lr,16.86,16.3,15.76,15.2,14.66,14.1,13.56
lr:ideologiquement_coherent:53,lr,horizons,7.2,lr,11.96,11.5,11.06,10.6,10.16,9.7,9.26
lr:ideologiquement_coherent:54,lr,horizons,6.9,lr,11.76,11.34,10.9,10.48,10.06,9.64,9.22
lr:ideologiquement_coherent:55,lr,rn,2,lr,9.5,9.36,9.22,9.06,8.92,8.78,8.64
lr:ideologiquement_coherent:56,lr,ps,5,lr,7.96,7.66,7.36,7.06,6.74,6.44,6.14
lr:ideologiquement_coherent:57,lr,rn,6.4,lr,17.44,17.04,16.64,16.22,15.82,15.42,15.02
lr:ideologiquement_coherent:58,lr,rn,6.5,lr,17.92,17.5,17.08,16.66,16.24,15.84,15.42
lr:ideologiquement_coherent:59,lr,horizons,1.2,lr,4.38,4.3,4.2,4.12,4.04,3.96,3.88
lr:ideologiquement_coherent:60,lr,rn,1.1,lr,8.36,8.28,8.18,8.1,8.02,7.94,7.86
lr:ideologiquement_coherent:61,lr,rn,6.2,lr,17.4,17,16.58,16.18,15.76,15.36,14.94
lr:ideologiquement_coherent:62,lr,rn,4.5,lr,12.04,11.74,11.46,11.16,10.88,10.58,10.3
lr:ideologiquement_coherent:63,lr,lfi,1.7,lr,7.9,7.82,7.72,7.64,7.54,7.46,7.36
lr:ideologiquement_coherent:64,ps,lr,0.2,ps,1.6,1.6,1.62,1.64,1.66,1.68,1.68
lr:ideologiquement_coherent:65,lr,rn,2.6,lr,11.28,11.1,10.92,10.76,10.58,10.42,10.24
lr:ideologiquement_coherent:66,lr,rn,7.8,lr,18.64,18.14,17.64,17.14,16.66,16.16,15.66
lr:ideologiquement_coherent:67,lr,rn,6.2,lr,15.82,15.44,15.04,14.64,14.24,13.84,13.46
lr:ideologiquement_coherent:68,lr,renaissance,3.9,lr,5.9,5.64,5.4,5.16,4.92,4.66,4.42
lr:ideologiquement_coherent:69,lr,ps,5.7,lr,10.1,9.76,9.42,9.08,8.74,8.4,8.04
lr:opportuniste_electoral:0,lr,rn,4.3,lr,12.9,12.6,12.32,12.02,11.74,11.44,11.14
lr:opportuniste_electoral:1,lr,ps,2.5,lr,3.14,3,2.84,2.7,2.54,2.38,2.24
lr:opportuniste_electoral:2,lr,nouvelle_energie,6.3,lr,8.06,7.66,7.26,6.86,6.46,6.08,5.68
lr:opportuniste_electoral:3,ps,horizons,0.3,ps,0.58,0.6,0.62,0.64,0.66,0.66,0.68
lr:opportuniste_electoral:4,lr,rn,2.8,lr,13.46,13.3,13.12,12.94,12.76,12.58,12.4
lr:opportuniste_electoral:5,rn,lr,1.8,rn,8.2,8.28,8.38,8.46,8.54,8.64,8.72
lr:opportuniste_electoral:6,rn,ps,4,rn,0.44,0.18,0.08,0.34,0.6,0.86,1.12
lr:opportuniste_electoral:7,horizons,rn,0,horizons,8.58,8.6,8.6,8.6,8.62,8.62,8.62
lr:opportuniste_electoral:8,rn,horizons,0.8,rn,8.56,8.62,8.66,8.72,8.78,8.82,8.88
lr:opportuniste_electoral:9,lr,rn,6.8,lr,20.42,19.98,19.54,19.1,18.68,18.24,17.8
lr:opportuniste_electoral:10,ps,horizons,1.2,ps,1.22,1.3,1.36,1.44,1.5,1.58,1.66
lr:opportuniste_electoral:11,rn,nouvelle_energie,2,rn,3.28,3.4,3.52,3.66,3.78,3.9,4.02
lr:opportuniste_electoral:12,lr,rn,3.3,lr,10.44,10.22,10,9.78,9.54,9.32,9.1
lr:opportuniste_electoral:13,nouvelle_energie,renaissance,1.2,nouvelle_energie,1.6,1.5,1.42,1.32,1.24,1.14,1.06
lr:opportuniste_electoral:14,rn,ps,0.3,rn,8.2,8.22,8.24,8.28,8.3,8.32,8.34
lr:opportuniste_electoral:15,rn,ps,2.6,rn,2.42,2.58,2.76,2.94,3.12,3.3,3.48
lr:opportuniste_electoral:16,lr,lfi,5.2,lr,13.06,12.76,12.46,12.16,11.86,11.56,11.26
lr:opportuniste_electoral:17,rn,lr,5.6,rn,1.66,1.28,0.92,0.56,0.2,0.16,0.54
lr:opportuniste_electoral:18,rn,lr,1.1,rn,9.84,9.9,9.96,10.02,10.08,10.14,10.2
lr:opportuniste_electoral:19,lr,ps,1.7,lr,6.82,6.7,6.56,6.44,6.3,6.16,6.04
lr:opportuniste_electoral:20,lr,ps,4.4,lr,9.6,9.32,9.04,8.74,8.46,8.18,7.9
lr:opportuniste_electoral:21,ps,lfi,0.2,ps,4.76,4.78,4.8,4.8,4.82,4.84,4.86
lr:opportuniste_electoral:22,ps,rn,1.8,ps,6.66,6.56,6.46,6.36,6.24,6.14,6.04
lr:opportuniste_electoral:23,lr,rn,1.1,lr,10.86,10.8,10.72,10.66,10.58,10.52,10.46
lr:opportuniste_electoral:24,rn,horizons,0.9,rn,6.98,7.04,7.1,7.16,7.22,7.28,7.34
lr:opportuniste_electoral:25,ps,lr,1.8,ps,2.58,2.66,2.74,2.8,2.88,2.96,3.02
lr:opportuniste_electoral:26,lr,rn,5.9,lr,18.84,18.46,18.08,17.68,17.3,16.92,16.54
lr:opportuniste_electoral:27,rn,horizons,0.9,rn,8.5,8.56,8.62,8.68,8.74,8.8,8.88
lr:opportuniste_electoral:28,nouvelle_energie,rn,0.5,nouvelle_energie,7.18,7.14,7.1,7.06,7.02,6.98,6.94
lr:opportuniste_electoral:29,rn,horizons,2.7,rn,3.6,3.78,3.96,4.14,4.32,4.5,4.68
lr:opportuniste_electoral:30,rn,nouvelle_energie,1.7,rn,5.64,5.74,5.84,5.94,6.04,6.14,6.24
lr:opportuniste_electoral:31,lr,rn,0.2,lr,8.16,8.16,8.14,8.14,8.14,8.12,8.12
lr:opportuniste_electoral:32,lr,rn,6,lr,16.92,16.54,16.16,15.76,15.38,14.98,14.6
lr:opportuniste_electoral:33,nouvelle_energie,rn,0.1,nouvelle_energie,8.28,8.28,8.26,8.26,8.26,8.26,8.24
lr:opportuniste_electoral:34,horizons,lr,1.8,horizons,2.76,2.66,2.56,2.44,2.34,2.24,2.14
lr:opportuniste_electoral:35,rn,lr,2,rn,4.84,4.96,5.08,5.2,5.32,5.44,5.56
lr:opportuniste_electoral:36,rn,lr,0.2,rn,9,9,9.02,9.04,9.04,9.06,9.08
lr:opportuniste_electoral:37,rn,lr,0.6,rn,7.62,7.66,7.7,7.76,7.8,7.84,7.88
lr:opportuniste_electoral:38,lr,ps,0.4,lr,2.42,2.38,2.36,2.32,2.3,2.26,2.22
lr:opportuniste_electoral:39,rn,lr,0.3,rn,9.62,9.64,9.66,9.68,9.7,9.7,9.72
lr:opportuniste_electoral:40,lr,rn,4.6,lr,17.22,16.9,16.58,16.26,15.94,15.62,15.3
lr:opportuniste_electoral:41,lr,rn,2.4,lr,11.94,11.8,11.64,11.48,11.32,11.18,11.02
lr:opportuniste_electoral:42,nouvelle_energie,horizons,0.9,nouvelle_energie,1.48,1.54,1.6,1.66,1.72,1.78,1.84
lr:opportuniste_electoral:43,lr,rn,1,lr,10.22,10.14,10.06,9.98,9.92,9.84,9.76
lr:opportuniste_electoral:44,lr,horizons,0.9,lr,4.7,4.62,4.56,4.48,4.42,4.34,4.26
lr:opportuniste_electoral:45,rn,horizons,1.3,rn,6.98,7.06,7.16,7.24,7.32,7.42,7.5
lr:opportuniste_electoral:46,lr,rn,2,lr,13.2,13.06,12.92,12.78,12.64,12.5,12.36
lr:opportuniste_electoral:47,rn,lr,0.2,rn,10.24,10.22,10.22,10.22,10.22,10.2,10.2
lr:opportuniste_electoral:48,rn,lr,2.8,rn,6.26,6.42,6.58,6.74,6.92,7.08,7.24
lr:opportuniste_electoral:49,rn,lr,1.6,rn,6.54,6.64,6.76,6.86,6.96,7.06,7.16
lr:opportuniste_electoral:50,lr,rn,5.4,lr,17.82,17.46,17.1,16.74,16.38,16,15.64
lr:opportuniste_electoral:51,ps,rn,1.5,ps,7.34,7.26,7.18,7.08,7,6.92,6.82
lr:opportuniste_electoral:52,ps,rn,1.3,ps,9.88,9.82,9.74,9.66,9.6,9.52,9.44
lr:opportuniste_electoral:53,horizons,rn,2.3,horizons,13.04,12.9,12.76,12.62,12.48,12.36,12.22
lr:opportuniste_electoral:54,lr,rn,4.7,lr,16.18,15.88,15.56,15.26,14.96,14.66,14.34
lr:opportuniste_electoral:55,ps,rn,1.3,ps,9.86,9.78,9.7,9.62,9.54,9.46,9.38
lr:opportuniste_electoral:56,lr,horizons,1.5,lr,4.9,4.78,4.68,4.58,4.46,4.36,4.24
lr:opportuniste_electoral:57,rn,lr,0.1,rn,8.44,8.44,8.44,8.42,8.42,8.42,8.4
lr:opportuniste_electoral:58,rn,horizons,1,rn,9.46,9.52,9.6,9.66,9.72,9.78,9.86
lr:opportuniste_electoral:59,rn,lr,0.1,rn,7.12,7.1,7.1,7.1,7.1,7.08,7.08
lr:opportuniste_electoral:60,lr,rn,1,lr,7.24,7.18,7.1,7.04,6.96,6.9,6.82
lr:opportuniste_electoral:61,horizons,lr,1.9,horizons,0.28,0.18,0.08,0.04,0.14,0.24,0.36
lr:opportuniste_electoral:62,rn,ps,0.9,rn,5.64,5.7,5.76,5.82,5.88,5.94,6
lr:opportuniste_electoral:63,ps,rn,0,ps,6.76,6.76,6.78,6.78,6.78,6.8,6.8
lr:opportuniste_electoral:64,lr,rn,0.2,lr,9.48,9.48,9.46,9.44,9.44,9.42,9.4
lr:opportuniste_electoral:65,rn,ps,2.9,rn,2.34,2.54,2.72,2.92,3.1,3.3,3.5
lr:opportuniste_electoral:66,rn,ps,2.4,rn,2.5,2.66,2.82,3,3.16,3.32,3.5
lr:opportuniste_electoral:67,lr,renaissance,5.3,lr,8.9,8.56,8.24,7.9,7.58,7.24,6.9
lr:opportuniste_electoral:68,lr,horizons,0.9,lr,2,1.94,1.88,1.8,1.74,1.68,1.6
lr:opportuniste_electoral:69,lr,horizons,2.4,lr,3.78,3.62,3.46,3.3,3.14,2.98,2.82
lr:parti_dabord:0,lr,rn,6.2,lr,15.2,14.76,14.3,13.86,13.42,12.98,12.54
lr:parti_dabord:1,rn,lr,1,rn,3.72,3.76,3.78,3.82,3.86,3.88,3.92
lr:parti_dabord:2,lr,ps,5.3,lr,8.26,7.9,7.54,7.2,6.84,6.5,6.14
lr:parti_dabord:3,lr,rn,4.5,lr,12.1,11.78,11.46,11.14,10.82,10.5,10.2
lr:parti_dabord:4,rn,lr,1.5,rn,7.54,7.62,7.68,7.76,7.82,7.9,7.96
lr:parti_dabord:5,lr,ps,5.4,lr,8.2,7.84,7.48,7.1,6.74,6.38,6.02
lr:parti_dabord:6,lr,rn,8.2,lr,15.98,15.42,14.86,14.3,13.74,13.18,12.62
lr:parti_dabord:7,lr,horizons,0.6,lr,1.3,1.36,1.42,1.5,1.56,1.62,1.7
lr:parti_dabord:8,lr,ps,6.5,lr,11.58,11.14,10.72,10.3,9.88,9.46,9.02
lr:parti_dabord:9,lr,rn,2.7,lr,10.5,10.28,10.08,9.88,9.66,9.46,9.26
lr:parti_dabord:10,rn,lr,1.8,rn,8.08,8.16,8.24,8.34,8.42,8.5,8.6
lr:parti_dabord:11,lr,horizons,4.9,lr,5.16,4.82,4.48,4.14,3.82,3.48,3.14
lr:parti_dabord:12,lr,rn,5.3,lr,14.62,14.26,13.88,13.52,13.14,12.78,12.4
lr:parti_dabord:13,rn,lr,1.6,rn,4.34,4.42,4.5,4.58,4.66,4.72,4.8
lr:parti_dabord:14,lr,rn,6.2,lr,14.48,14.04,13.62,13.18,12.74,12.32,11.88
lr:parti_dabord:15,lr,ps,4.2,lr,7.22,6.92,6.64,6.34,6.06,5.76,5.48
lr:parti_dabord:16,lr,ps,5.6,lr,12.08,11.72,11.36,10.98,10.62,10.26,9.9
lr:parti_dabord:17,lr,lfi,8,lr,16.22,15.72,15.24,14.74,14.26,13.76,13.28
lr:parti_dabord:18,lr,rn,4.8,lr,15.12,14.78,14.44,14.1,13.76,13.42,13.08
lr:parti_dabord:19,lr,rn,6.5,lr,16.48,16.04,15.6,15.16,14.72,14.28,13.84
lr:parti_dabord:20,lr,rn,8.5,lr,18.22,17.66,17.08,16.52,15.96,15.4,14.84
lr:parti_dabord:21,lr,horizons,4.3,lr,6.1,5.82,5.52,5.22,4.94,4.64,4.34
lr:parti_dabord:22,rn,lr,0.6,rn,6.54,6.56,6.58,6.58,6.6,6.6,6.62
lr:parti_dabord:23,lr,horizons,2.8,lr,6.2,5.98,5.78,5.56,5.36,5.14,4.92
lr:parti_dabord:24,lr,ps,0.1,lr,3.92,3.9,3.86,3.82,3.78,3.76,3.72
lr:parti_dabord:25,lr,horizons,5.5,lr,4.86,4.48,4.1,3.72,3.34,2.98,2.6
lr:parti_dabord:26,ps,rn,2.5,ps,10.56,10.42,10.26,10.12,9.96,9.8,9.66
lr:parti_dabord:27,lr,renaissance,9.7,lr,13.98,13.34,12.7,12.04,11.4,10.76,10.1
lr:parti_dabord:28,lr,ps,3,lr,6.88,6.66,6.44,6.22,6,5.78,5.56
lr:parti_dabord:29,lr,rn,9.3,lr,20.24,19.62,18.98,18.36,17.72,17.1,16.46
lr:parti_dabord:30,lr,rn,1.5,lr,7.98,7.86,7.72,7.58,7.46,7.32,7.2
lr:parti_dabord:31,lr,rn,5,lr,13.3,12.94,12.58,12.24,11.88,11.52,11.18
lr:parti_dabord:32,lr,ps,2.4,lr,6.8,6.64,6.46,6.3,6.12,5.96,5.78
lr:parti_dabord:33,lr,rn,2.9,lr,12.34,12.12,11.9,11.68,11.44,11.22,11
lr:parti_dabord:34,rn,lr,0.8,rn,6.78,6.8,6.82,6.84,6.86,6.88,6.9
lr:parti_dabord:35,lr,ps,3,lr,5.6,5.38,5.16,4.96,4.74,4.52,4.32
lr:parti_dabord:36,lr,ps,4.7,lr,10.4,10.08,9.78,9.46,9.14,8.82,8.52
lr:parti_dabord:37,lr,rn,8.4,lr,20.7,20.14,19.6,19.04,18.48,17.94,17.38
lr:parti_dabord:38,lr,horizons,5.1,lr,6.62,6.26,5.92,5.56,5.2,4.86,4.5
lr:parti_dabord:39,lr,horizons,3.8,lr,6.48,6.2,5.92,5.64,5.36,5.08,4.8
lr:parti_dabord:40,lr,ps,0.9,lr,4.32,4.24,4.14,4.06,3.96,3.88,3.8
lr:parti_dabord:41,lr,rn,5.4,lr,13.18,12.8,12.42,12.04,11.68,11.3,10.92
lr:parti_dabord:42,lr,rn,6.7,lr,15.76,15.3,14.82,14.36,13.9,13.44,12.96
lr:parti_dabord:43,lr,ps,4.9,lr,8.98,8.66,8.34,8.02,7.7,7.38,7.06
lr:parti_dabord:44,lr,ps,7.4,lr,8.66,8.18,7.7,7.2,6.72,6.24,5.76
lr:parti_dabord:45,lr,rn,4.8,lr,11.38,11.04,10.7,10.36,10.02,9.7,9.36
lr:parti_dabord:46,lr,rn,1.6,lr,9.26,9.12,8.98,8.86,8.72,8.58,8.44
lr:parti_dabord:47,lr,rn,4.2,lr,13.26,12.98,12.68,12.38,12.1,11.8,11.52
lr:parti_dabord:48,lr,rn,1.3,lr,9.48,9.36,9.24,9.12,9.02,8.9,8.78
lr:parti_dabord:49,ps,lr,0.2,ps,4.32,4.28,4.26,4.24,4.22,4.18,4.16
lr:parti_dabord:50,lr,rn,5,lr,12.46,12.1,11.74,11.4,11.04,10.68,10.32
lr:parti_dabord:51,lr,rn,0.6,lr,5.88,5.82,5.76,5.68,5.62,5.56,5.5
lr:parti_dabord:52,lr,rn,4.2,lr,11.36,11.06,10.76,10.44,10.14,9.84,9.54
lr:parti_dabord:53,ps,lfi,2.8,ps,7.56,7.4,7.24,7.08,6.9,6.74,6.58
lr:parti_dabord:54,horizons,lr,0.1,horizons,0,0.02,0.06,0.08,0.12,0.14,0.18
lr:parti_dabord:55,ps,lr,0.2,ps,2.56,2.54,2.52,2.5,2.5,2.48,2.46
lr:parti_dabord:56,rn,lr,0.7,rn,5.4,5.42,5.44,5.46,5.46,5.48,5.5
lr:parti_dabord:57,lr,rn,3.5,lr,10.64,10.4,10.14,9.9,9.66,9.4,9.16
lr:parti_dabord:58,lr,ps,3.2,lr,4.68,4.46,4.24,4,3.78,3.54,3.32
lr:parti_dabord:59,lr,rn,6.8,lr,17.04,16.58,16.12,15.66,15.2,14.74,14.28
lr:parti_dabord:60,lr,rn,8.1,lr,16.74,16.18,15.62,15.06,14.52,13.96,13.4
lr:parti_dabord:61,rn,ps,1.3,rn,2.3,2.38,2.48,2.58,2.68,2.76,2.86
lr:parti_dabord:62,lr,rn,8.3,lr,15.7,15.14,14.58,14,13.44,12.88,12.32
lr:parti_dabord:63,lr,rn,4.4,lr,11.84,11.52,11.2,10.88,10.56,10.26,9.94
lr:parti_dabord:64,lr,horizons,1.2,lr,2.84,2.74,2.62,2.5,2.38,2.28,2.16
lr:parti_dabord:65,lr,nouvelle_energie,5.1,lr,6.82,6.48,6.12,5.78,5.42,5.08,4.72
lr:parti_dabord:66,lr,rn,3,lr,9.3,9.08,8.84,8.62,8.38,8.16,7.92
lr:parti_dabord:67,lr,ps,4.6,lr,10.58,10.28,9.96,9.66,9.36,9.04,8.74
lr:parti_dabord:68,lr,rn,7.6,lr,17.36,16.86,16.34,15.84,15.34,14.82,14.32
lr:parti_dabord:69,lr,rn,6.2,lr,16.32,15.88,15.46,15.02,14.58,14.16,13.72
lr:mediatique:0,lr,rn,6.5,lr,13.8,13.34,12.9,12.44,12,11.54,11.1
lr:mediatique:1,horizons,rn,1,horizons,11.62,11.56,11.5,11.44,11.38,11.32,11.26
lr:mediatique:2,nouvelle_energie,renaissance,4.2,nouvelle_energie,5.36,5.08,4.82,4.56,4.28,4.02,3.76
lr:mediatique:3,ps,lr,1.1,ps,0.54,0.5,0.46,0.42,0.38,0.34,0.3
lr:mediatique:4,rn,lfi,2.9,rn,1.78,1.62,1.44,1.28,1.1,0.94,0.76
lr:mediatique:5,lr,rn,2.6,lr,10.7,10.52,10.34,10.14,9.96,9.76,9.58
lr:mediatique:6,lr,rn,7.2,lr,13.38,12.92,12.44,11.96,11.48,11,10.54
lr:mediatique:7,lr,horizons,3.3,lr,4.62,4.4,4.16,3.94,3.7,3.48,3.24
lr:mediatique:8,rn,lr,0.3,rn,4.8,4.78,4.78,4.78,4.76,4.76,4.76
lr:mediatique:9,ps,horizons,4.8,ps,2.46,2.18,1.9,1.62,1.34,1.06,0.78
lr:mediatique:10,ps,lr,0.2,ps,0.74,0.76,0.78,0.78,0.8,0.82,0.84
lr:mediatique:11,lr,ps,0.6,lr,3.34,3.26,3.2,3.12,3.06,2.98,2.92
lr:mediatique:12,lr,rn,0.1,lr,5.54,5.52,5.5,5.46,5.44,5.42,5.4
lr:mediatique:13,lr,rn,3.8,lr,12.18,11.92,11.68,11.42,11.16,10.9,10.64
lr:mediatique:14,rn,horizons,1.4,rn,5.5,5.58,5.66,5.76,5.84,5.92,6.02
lr:mediatique:15,lr,rn,0.9,lr,9.52,9.44,9.36,9.28,9.2,9.12,9.04
lr:mediatique:16,lr,rn,6,lr,17.58,17.18,16.76,16.36,15.94,15.54,15.12
lr:mediatique:17,nouvelle_energie,rn,1.5,nouvelle_energie,12.54,12.44,12.34,12.24,12.14,12.06,11.96
lr:mediatique:18,lr,rn,1.7,lr,6.78,6.64,6.52,6.4,6.28,6.14,6.02
lr:mediatique:19,lr,ps,1.4,lr,3.28,3.18,3.06,2.96,2.86,2.74,2.64
lr:mediatique:20,rn,ps,1.4,rn,5.36,5.44,5.54,5.62,5.72,5.8,5.9
lr:mediatique:21,lr,rn,5.5,lr,14.9,14.52,14.14,13.76,13.38,13,12.64
lr:mediatique:22,lr,rn,3.5,lr,8.16,7.92,7.68,7.46,7.22,6.98,6.76
lr:mediatique:23,ps,rn,0.9,ps,8.52,8.46,8.4,8.34,8.28,8.22,8.16
lr:mediatique:24,ps,rn,2.2,ps,8.06,7.94,7.8,7.66,7.52,7.4,7.26
lr:mediatique:25,lr,rn,0.2,lr,5.38,5.36,5.32,5.28,5.26,5.22,5.2
lr:mediatique:26,ps,lr,0.8,ps,2.22,2.24,2.28,2.3,2.32,2.34,2.36
lr:mediatique:27,lr,nouvelle_energie,4,lr,3.64,3.38,3.14,2.88,2.62,2.38,2.12
lr:mediatique:28,lr,rn,3.2,lr,12.34,12.1,11.86,11.64,11.4,11.16,10.94
lr:mediatique:29,rn,lr,0.3,rn,5.9,5.9,5.92,5.92,5.92,5.94,5.94
lr:mediatique:30,ps,lr,0.4,ps,1.84,1.82,1.82,1.82,1.8,1.8,1.8
lr:mediatique:31,rn,lr,1.4,rn,5.06,5.12,5.18,5.26,5.32,5.38,5.44
lr:mediatique:32,lr,rn,3.2,lr,8.32,8.1,7.86,7.64,7.42,7.2,6.96
lr:mediatique:33,rn,lr,0.6,rn,3.9,3.92,3.94,3.94,3.96,3.98,4
lr:mediatique:34,rn,lr,4.1,rn,1.36,1.6,1.86,2.1,2.36,2.6,2.86
lr:mediatique:35,rn,lr,0.4,rn,3.76,3.76,3.74,3.74,3.74,3.72,3.72
lr:mediatique:36,rn,nouvelle_energie,4.1,rn,3.68,3.94,4.2,4.46,4.72,4.96,5.22
lr:mediatique:37,lr,rn,1.3,lr,6.78,6.66,6.56,6.44,6.34,6.22,6.12
lr:mediatique:38,rn,lr,3.4,rn,1.68,1.88,2.08,2.26,2.46,2.66,2.86
lr:mediatique:39,lr,rn,3.9,lr,11.08,10.8,10.54,10.28,10,9.74,9.48
lr:mediatique:40,lr,ps,1.5,lr,5.04,4.9,4.78,4.66,4.54,4.42,4.3
lr:mediatique:41,lr,lfi,6.8,lr,12.74,12.34,11.94,11.54,11.14,10.74,10.34
lr:mediatique:42,lr,rn,2.4,lr,9.64,9.46,9.3,9.12,8.94,8.76,8.6
lr:mediatique:43,lr,rn,3,lr,11.92,11.7,11.48,11.28,11.06,10.84,10.62
lr:mediatique:44,lr,rn,0.8,lr,10.36,10.3,10.22,10.16,10.1,10.02,9.96
lr:mediatique:45,rn,lr,2.6,rn,2.74,2.9,3.04,3.18,3.32,3.48,3.62
lr:mediatique:46,rn,lr,5.6,rn,0.06,0.3,0.64,1,1.34,1.7,2.06
lr:mediatique:47,lr,ps,0.9,lr,1.72,1.64,1.56,1.48,1.4,1.32,1.24
lr:mediatique:48,lr,rn,7.5,lr,14.96,14.44,13.94,13.42,12.9,12.38,11.86
lr:mediatique:49,lr,horizons,6.1,lr,7.86,7.46,7.04,6.64,6.24,5.82,5.42
lr:mediatique:50,lr,horizons,0.4,lr,1.18,1.12,1.06,1.02,0.96,0.9,0.84
lr:mediatique:51,lr,rn,0.7,lr,7.12,7.04,6.96,6.88,6.8,6.74,6.66
lr:mediatique:52,ps,nouvelle_energie,2.2,ps,3.02,2.9,2.78,2.66,2.54,2.42,2.32
lr:mediatique:53,lr,ps,2.2,lr,3.74,3.58,3.42,3.26,3.1,2.94,2.76
lr:mediatique:54,rn,lr,2.3,rn,2.24,2.36,2.5,2.62,2.74,2.86,3
lr:mediatique:55,ps,lr,2.4,ps,1.56,1.42,1.28,1.14,1,0.86,0.72
lr:mediatique:56,ps,lr,1.7,ps,1.54,1.46,1.36,1.28,1.2,1.12,1.04
lr:mediatique:57,lr,renaissance,3.2,lr,5.92,5.68,5.44,5.22,4.98,4.74,4.52
lr:mediatique:58,rn,lr,0.6,rn,7.1,7.1,7.1,7.12,7.12,7.12,7.12
lr:mediatique:59,lr,renaissance,5.1,lr,7.5,7.16,6.82,6.48,6.14,5.8,5.46
lr:mediatique:60,lr,rn,2.8,lr,10.36,10.14,9.94,9.72,9.5,9.3,9.08
lr:mediatique:61,ps,rn,4,ps,9.26,9.02,8.76,8.5,8.26,8,7.76
lr:mediatique:62,renaissance,nouvelle_energie,0.3,renaissance,0.42,0.42,0.42,0.42,0.42,0.44,0.44
lr:mediatique:63,rn,lr,0.9,rn,2.58,2.62,2.66,2.72,2.76,2.8,2.84
lr:mediatique:64,nouvelle_energie,ps,2.3,nouvelle_energie,6.2,6.06,5.92,5.78,5.64,5.5,5.36
lr:mediatique:65,lr,ps,4.6,lr,5.66,5.34,5.02,4.72,4.4,4.1,3.78
lr:mediatique:66,lr,rn,5,lr,14.24,13.9,13.54,13.2,12.86,12.5,12.16
lr:mediatique:67,ps,horizons,0.3,ps,0.74,0.76,0.78,0.8,0.84,0.86,0.88
lr:mediatique:68,horizons,lr,1.8,horizons,4.94,4.86,4.78,4.7,4.6,4.52,4.44
lr:mediatique:69,rn,lfi,1.3,rn,0.18,0.26,0.32,0.38,0.46,0.52,0.6
lr:contrarien:0,rn,lr,1.6,rn,5.94,6.02,6.1,6.18,6.28,6.36,6.44
lr:contrarien:1,rn,horizons,3.2,rn,3.84,4.04,4.24,4.44,4.66,4.86,5.06
lr:contrarien:2,rn,ps,5.4,rn,1.4,1.04,0.7,0.36,0,0.34,0.68
lr:contrarien:3,ps,rn,0.5,ps,5.52,5.5,5.46,5.44,5.42,5.4,5.38
lr:contrarien:4,horizons,ps,0.9,horizons,0.32,0.36,0.42,0.48,0.52,0.58,0.62
lr:contrarien:5,rn,lr,2.3,rn,4.08,4.22,4.34,4.48,4.62,4.74,4.88
lr:contrarien:6,horizons,rn,1.5,horizons,9.48,9.4,9.32,9.22,9.14,9.06,8.98
lr:contrarien:7,lr,nouvelle_energie,0.6,lr,0.12,0.06,0.02,0.04,0.08,0.14,0.18
lr:contrarien:8,rn,ps,3.1,rn,3.4,3.6,3.8,4,4.2,4.38,4.58
lr:contrarien:9,rn,lr,1,rn,6.18,6.22,6.26,6.32,6.36,6.4,6.46
lr:contrarien:10,lr,rn,0.3,lr,8.6,8.56,8.5,8.44,8.4,8.34,8.3
lr:contrarien:11,lr,rn,2,lr,9.92,9.78,9.62,9.48,9.34,9.18,9.04
lr:contrarien:12,ps,horizons,2.3,ps,0.24,0.38,0.52,0.64,0.78,0.92,1.06
lr:contrarien:13,nouvelle_energie,ps,0,nouvelle_energie,1.32,1.34,1.34,1.36,1.36,1.38,1.38
lr:contrarien:14,ps,horizons,0.1,ps,5.74,5.76,5.76,5.76,5.76,5.78,5.78
lr:contrarien:15,ps,rn,1.1,ps,6.9,6.84,6.78,6.7,6.64,6.58,6.52
lr:contrarien:16,rn,ps,1.1,rn,6.62,6.7,6.78,6.88,6.96,7.04,7.12
lr:contrarien:17,rn,ps,2.6,rn,2.8,2.98,3.14,3.3,3.48,3.64,3.8
lr:contrarien:18,rn,horizons,3.7,rn,4.3,4.52,4.76,5,5.24,5.48,5.7
lr:contrarien:19,ps,rn,1.7,ps,7.96,7.86,7.76,7.66,7.56,7.46,7.36
lr:contrarien:20,lfi,rn,0.9,lfi,3.18,3.1,3.02,2.94,2.86,2.8,2.72
lr:contrarien:21,rn,nouvelle_energie,1.9,rn,5.58,5.68,5.8,5.9,6.02,6.14,6.24
lr:contrarien:22,rn,lr,2.1,rn,1.06,1.16,1.28,1.4,1.52,1.64,1.76
lr:contrarien:23,horizons,ps,1.7,horizons,3.68,3.58,3.48,3.36,3.26,3.16,3.06
lr:contrarien:24,rn,ps,3.1,rn,3.1,3.3,3.5,3.7,3.9,4.12,4.32
lr:contrarien:25,horizons,lfi,0.6,horizons,5.22,5.2,5.2,5.18,5.18,5.16,5.16
lr:contrarien:26,rn,lfi,3.1,rn,3.08,2.9,2.7,2.52,2.32,2.14,1.96
lr:contrarien:27,lr,rn,0.3,lr,6.52,6.48,6.44,6.4,6.36,6.32,6.28
lr:contrarien:28,lr,ps,1.8,lr,6.38,6.26,6.14,6,5.88,5.76,5.62
lr:contrarien:29,rn,ps,1.4,rn,3.58,3.68,3.78,3.88,3.98,4.06,4.16
lr:contrarien:30,rn,lr,1.1,rn,6.92,6.96,7.02,7.06,7.12,7.18,7.22
lr:contrarien:31,rn,ps,1.2,rn,7.62,7.7,7.78,7.86,7.94,8.02,8.1
lr:contrarien:32,rn,ps,1.9,rn,4.48,4.62,4.74,4.86,4.98,5.1,5.22
lr:contrarien:33,rn,horizons,0.5,rn,8.06,8.1,8.12,8.16,8.2,8.22,8.26
lr:contrarien:34,nouvelle_energie,rn,0,nouvelle_energie,10.04,10.04,10.04,10.02,10.02,10.02,10.02
lr:contrarien:35,rn,lr,2.4,rn,3.66,3.8,3.92,4.06,4.2,4.34,4.46
lr:contrarien:36,lr,nouvelle_energie,1.1,lr,1.66,1.58,1.5,1.4,1.32,1.24,1.14
lr:contrarien:37,rn,ps,2.6,rn,0.44,0.6,0.78,0.94,1.12,1.28,1.46
lr:contrarien:38,rn,ps,2.7,rn,4.66,4.84,5.02,5.2,5.38,5.54,5.72
lr:contrarien:39,rn,lr,1,rn,5.62,5.68,5.72,5.78,5.84,5.88,5.94
lr:contrarien:40,ps,lfi,0.7,ps,6.2,6.18,6.16,6.12,6.1,6.08,6.06
lr:contrarien:41,rn,lfi,3.6,rn,3.4,3.2,2.98,2.76,2.54,2.32,2.1
lr:contrarien:42,rn,horizons,5.6,rn,1.58,1.22,0.86,0.5,0.16,0.2,0.56
lr:contrarien:43,rn,lr,3.2,rn,2.78,2.98,3.16,3.36,3.54,3.74,3.92
lr:contrarien:44,rn,lr,4.1,rn,1.26,1.5,1.74,1.96,2.2,2.44,2.68
lr:contrarien:45,rn,renaissance,4.1,rn,3.9,4.18,4.44,4.72,4.98,5.26,5.52
lr:contrarien:46,horizons,rn,5,horizons,12.34,12.04,11.74,11.42,11.12,10.82,10.52
lr:contrarien:47,rn,lr,2.2,rn,2.48,2.6,2.72,2.84,2.98,3.1,3.22
lr:contrarien:48,rn,nouvelle_energie,1.6,rn,5.52,5.62,5.72,5.82,5.9,6,6.1
lr:contrarien:49,rn,ps,3.2,rn,5.16,5.36,5.58,5.8,6,6.22,6.44
lr:contrarien:50,lr,rn,3.7,lr,12.84,12.58,12.32,12.04,11.78,11.52,11.26
lr:contrarien:51,horizons,rn,0,horizons,8.3,8.32,8.32,8.32,8.32,8.32,8.34
lr:contrarien:52,rn,ps,3.7,rn,3.28,3.52,3.76,4,4.24,4.46,4.7
lr:contrarien:53,rn,horizons,4.9,rn,1.14,0.82,0.52,0.2,0.12,0.44,0.74
lr:contrarien:54,lr,horizons,0.4,lr,2.76,2.7,2.64,2.58,2.54,2.48,2.42
lr:contrarien:55,rn,horizons,2.1,rn,5.82,5.94,6.08,6.22,6.34,6.48,6.62
lr:contrarien:56,horizons,rn,0.7,horizons,8.34,8.3,8.26,8.22,8.18,8.14,8.12
lr:contrarien:57,lr,rn,1.7,lr,7.32,7.2,7.08,6.96,6.84,6.72,6.6
lr:contrarien:58,rn,horizons,8.8,rn,2.76,2.22,1.68,1.16,0.62,0.08,0.46
lr:contrarien:59,rn,nouvelle_energie,0.1,rn,8.34,8.34,8.34,8.34,8.34,8.34,8.34
lr:contrarien:60,rn,ps,3.9,rn,0.72,0.46,0.2,0.04,0.3,0.56,0.82
lr:contrarien:61,rn,ps,0.8,rn,2.34,2.38,2.44,2.5,2.54,2.6,2.66
lr:contrarien:62,horizons,rn,3.2,horizons,10.88,10.68,10.5,10.3,10.1,9.92,9.72
lr:contrarien:63,horizons,nouvelle_energie,1.5,horizons,1.78,1.7,1.62,1.54,1.46,1.38,1.3
lr:contrarien:64,rn,horizons,2.2,rn,4.06,4.22,4.36,4.5,4.66,4.8,4.96
lr:contrarien:65,rn,lfi,5.8,rn,3,2.64,2.28,1.92,1.56,1.22,0.86
lr:contrarien:66,rn,ps,4.9,rn,1.76,1.46,1.14,0.82,0.52,0.2,0.12
lr:contrarien:67,ps,nouvelle_energie,1.9,ps,1.2,1.1,1,0.88,0.78,0.68,0.58
lr:contrarien:68,nouvelle_energie,rn,1.9,nouvelle_energie,10.2,10.08,9.96,9.84,9.72,9.6,9.48
lr:contrarien:69,rn,horizons,4.1,rn,3.8,4.06,4.32,4.58,4.84,5.1,5.36
rn:aleatoire:0,rn,rn_dissidence_17,5.6,rn,8.72,8.36,8,7.64,7.28,6.92,6.54
rn:aleatoire:1,rn,ps,12.8,rn,13.82,13,12.18,11.36,10.54,9.72,8.92
rn:aleatoire:2,rn,ps,2.3,rn,1.06,0.88,0.72,0.54,0.38,0.2,0.04
rn:aleatoire:3,rn,ps,9.2,rn,10.92,10.32,9.72,9.14,8.54,7.94,7.34
rn:aleatoire:4,rn,ps,8.5,rn,9.88,9.34,8.8,8.26,7.72,7.18,6.62
rn:aleatoire:5,rn,horizons,6.1,rn,2.9,2.48,2.08,1.68,1.26,0.86,0.46
rn:aleatoire:6,rn,lr,14.6,rn,13.24,12.36,11.46,10.56,9.68,8.78,7.9
rn:aleatoire:7,rn,nouvelle_energie,17.2,rn,18.86,17.8,16.72,15.64,14.56,13.5,12.42
rn:aleatoire:8,rn,ps,14.8,rn,15.48,14.54,13.6,12.68,11.74,10.82,9.88
rn:aleatoire:9,rn,lfi,6.5,rn,6.66,6.26,5.86,5.46,5.04,4.64,4.24
rn:aleatoire:10,rn,horizons,15.2,rn,11.94,11,10.08,9.16,8.24,7.3,6.38
rn:aleatoire:11,rn,horizons,3.5,rn,0.28,0.5,0.74,0.98,1.2,1.44,1.68
rn:aleatoire:12,rn,ps,7.4,rn,8.54,8.06,7.56,7.08,6.58,6.1,5.62
rn:aleatoire:13,rn,ecologistes,9.5,rn,10.14,9.54,8.96,8.36,7.76,7.18,6.58
rn:aleatoire:14,rn,lr,12.1,rn,9.46,8.68,7.9,7.12,6.34,5.56,4.78
rn:aleatoire:15,rn,ps,9.5,rn,6.24,5.62,5,4.38,3.74,3.12,2.5
rn:aleatoire:16,rn,nouvelle_energie,8.6,rn,3.8,3.26,2.7,2.16,1.62,1.08,0.54
rn:aleatoire:17,rn,ps,5.3,rn,0.46,0.1,0.26,0.62,0.98,1.34,1.7
rn:aleatoire:18,rn,horizons,11.3,rn,8.84,8.12,7.4,6.7,5.98,5.26,4.56
rn:aleatoire:19,rn,horizons,3.7,rn,4.36,4.6,4.86,5.12,5.36,5.62,5.86
rn:aleatoire:20,rn,horizons,2,rn,6,6.14,6.3,6.44,6.58,6.74,6.88
rn:aleatoire:21,rn,ps,0.9,rn,1.62,1.7,1.78,1.86,1.92,2,2.08
rn:aleatoire:22,rn,lr,13.8,rn,12.28,11.4,10.54,9.66,8.78,7.92,7.04
rn:aleatoire:23,rn,ps,10.9,rn,12.84,12.16,11.48,10.8,10.12,9.44,8.76
rn:aleatoire:24,rn,nouvelle_energie,10.9,rn,9.28,8.62,7.96,7.28,6.62,5.96,5.28
rn:aleatoire:25,rn,ecologistes,9.8,rn,9.8,9.16,8.54,7.9,7.28,6.64,6.02
rn:aleatoire:26,rn,nouvelle_energie,7.1,rn,3.24,2.78,2.34,1.9,1.44,1,0.56
rn:aleatoire:27,rn,nouvelle_energie,13.2,rn,11.82,11.02,10.2,9.38,8.58,7.76,6.94
rn:aleatoire:28,rn,nouvelle_energie,5.4,rn,0.22,0.58,0.92,1.26,1.62,1.96,2.32
rn:aleatoire:29,rn,ps,9.1,rn,6.78,6.2,5.6,5.02,4.44,3.84,3.26
rn:aleatoire:30,rn,lfi,9.4,rn,11.52,10.92,10.3,9.7,9.08,8.46,7.86
rn:aleatoire:31,rn,lfi,8.9,rn,13.66,13.1,12.54,11.98,11.42,10.86,10.3
rn:aleatoire:32,rn,nouvelle_energie,7.8,rn,1.7,1.2,0.7,0.2,0.28,0.78,1.28
rn:aleatoire:33,rn,ps,9,rn,7.34,6.76,6.16,5.58,4.98,4.38,3.8
rn:aleatoire:34,rn,horizons,13.5,rn,13.48,12.66,11.82,10.98,10.14,9.3,8.48
rn:aleatoire:35,rn,horizons,7.3,rn,7.9,7.42,6.96,6.5,6.02,5.56,5.08
rn:aleatoire:36,rn,ps,4.3,rn,3.2,2.92,2.62,2.34,2.06,1.78,1.5
rn:aleatoire:37,rn,horizons,7.6,rn,2.16,1.68,1.2,0.74,0.26,0.22,0.7
rn:aleatoire:38,rn,horizons,6,rn,1.3,1.7,2.1,2.5,2.88,3.28,3.68
rn:aleatoire:39,rn,ps,4.3,rn,6.6,6.3,6,5.7,5.38,5.08,4.78
rn:aleatoire:40,rn,rn_dissidence_14,2.5,rn,6.74,6.58,6.42,6.26,6.1,5.94,5.78
rn:aleatoire:41,rn,ps,6.9,rn,4.38,3.94,3.48,3.04,2.6,2.14,1.7
rn:aleatoire:42,rn,horizons,11.1,rn,8.12,7.42,6.72,6.02,5.32,4.62,3.92
rn:aleatoire:43,rn,ps,11.1,rn,15.18,14.48,13.78,13.08,12.4,11.7,11
rn:aleatoire:44,rn,ps,11.8,rn,12.54,11.78,11.04,10.28,9.54,8.78,8.04
rn:aleatoire:45,rn,lfi,4.9,rn,5.78,5.48,5.16,4.84,4.54,4.22,3.9
rn:aleatoire:46,rn,renaissance,8.3,rn,5.52,4.98,4.44,3.92,3.38,2.86,2.32
rn:aleatoire:47,rn,renaissance,12.4,rn,12.2,11.4,10.58,9.78,8.98,8.18,7.38
rn:aleatoire:48,rn,lfi,1.7,rn,1.6,1.7,1.78,1.88,1.98,2.08,2.18
rn:aleatoire:49,rn,ps,6.8,rn,7.58,7.14,6.68,6.22,5.76,5.3,4.84
rn:aleatoire:50,rn,horizons,1.7,rn,5.16,5.3,5.42,5.54,5.66,5.8,5.92
rn:aleatoire:51,rn,renaissance,8.5,rn,9.26,8.7,8.12,7.56,7,6.42,5.86
rn:aleatoire:52,rn,ps,7.5,rn,7.06,6.56,6.08,5.6,5.12,4.62,4.14
rn:aleatoire:53,rn,ps,0.6,rn,1.8,1.86,1.92,1.98,2.04,2.1,2.16
rn:aleatoire:54,rn,nouvelle_energie,9.6,rn,7.22,6.62,6.02,5.42,4.8,4.2,3.6
rn:aleatoire:55,rn,ps,2.9,rn,0.68,0.88,1.08,1.28,1.48,1.66,1.86
rn:aleatoire:56,rn,horizons,6.6,rn,3.56,3.14,2.72,2.3,1.88,1.46,1.04
rn:aleatoire:57,rn,horizons,8.5,rn,7.6,7.06,6.52,5.98,5.44,4.9,4.36
rn:aleatoire:58,rn,horizons,11.9,rn,9.36,8.64,7.92,7.18,6.46,5.74,5
rn:aleatoire:59,rn,nouvelle_energie,11,rn,9.88,9.2,8.52,7.84,7.14,6.46,5.78
rn:aleatoire:60,rn,horizons,8.5,rn,6.96,6.4,5.86,5.3,4.76,4.2,3.66
rn:aleatoire:61,rn,nouvelle_energie,6.9,rn,1.76,1.34,0.9,0.48,0.04,0.38,0.8
rn:aleatoire:62,rn,ps,18,rn,20.32,19.2,18.08,16.96,15.82,14.7,13.58
rn:aleatoire:63,rn,horizons,9.5,rn,6.14,5.56,4.98,4.4,3.84,3.26,2.68
rn:aleatoire:64,rn,renaissance,16,rn,17.8,16.8,15.82,14.82,13.82,12.82,11.82
rn:aleatoire:65,rn,ps,6.5,rn,3.66,3.22,2.78,2.34,1.9,1.46,1.02
rn:aleatoire:66,rn,horizons,12.5,rn,11.76,10.96,10.16,9.36,8.56,7.76,6.96
rn:aleatoire:67,rn,ps,12.1,rn,14.54,13.78,13.02,12.24,11.48,10.72,9.94
rn:aleatoire:68,rn,lr,9.5,rn,9.08,8.48,7.88,7.26,6.66,6.04,5.44
rn:aleatoire:69,rn,ps,3,rn,1.42,1.64,1.86,2.08,2.3,2.52,2.72
rn:prudent:0,rn,renaissance,12.6,rn,12.22,11.42,10.62,9.82,9.02,8.22,7.42
rn:prudent:1,rn,nouvelle_energie,10.9,rn,10.32,9.64,8.98,8.32,7.64,6.98,6.3
rn:prudent:2,rn,ps,6.9,rn,8.98,8.5,8.04,7.58,7.12,6.66,6.2
rn:prudent:3,rn,horizons,15,rn,17.96,17.02,16.08,15.14,14.2,13.26,12.32
rn:prudent:4,rn,horizons,4.4,rn,4.88,4.6,4.3,4.02,3.72,3.44,3.16
rn:prudent:5,rn,renaissance,8.1,rn,7.46,6.92,6.38,5.84,5.3,4.76,4.24
rn:prudent:6,rn,lfi,11.1,rn,16.96,16.26,15.56,14.86,14.16,13.46,12.78
rn:prudent:7,rn,horizons,9.8,rn,12.3,11.68,11.06,10.44,9.82,9.2,8.58
rn:prudent:8,rn,ps,16.3,rn,19.96,18.96,17.94,16.94,15.92,14.92,13.9
rn:prudent:9,rn,ps,12.2,rn,15.56,14.8,14.02,13.24,12.48,11.7,10.94
rn:prudent:10,rn,horizons,12.8,rn,14.58,13.76,12.96,12.16,11.34,10.54,9.74
rn:prudent:11,rn,ps,9,rn,12.46,11.88,11.32,10.76,10.18,9.62,9.04
rn:prudent:12,rn,horizons,8.1,rn,5.4,4.86,4.34,3.82,3.3,2.78,2.24
rn:prudent:13,rn,horizons,14.6,rn,17.2,16.3,15.42,14.52,13.62,12.74,11.84
rn:prudent:14,rn,nouvelle_energie,12,rn,11.08,10.34,9.6,8.86,8.12,7.38,6.64
rn:prudent:15,rn,nouvelle_energie,12.3,rn,12.54,11.78,11.02,10.26,9.5,8.74,7.98
rn:prudent:16,rn,ps,13.5,rn,15.56,14.68,13.8,12.94,12.06,11.2,10.32
rn:prudent:17,rn,renaissance,13.1,rn,17.28,16.44,15.62,14.78,13.94,13.12,12.28
rn:prudent:18,rn,ps,11.5,rn,14.44,13.74,13.02,12.3,11.6,10.88,10.16
rn:prudent:19,rn,lfi,17.2,rn,22.78,21.72,20.66,19.6,18.54,17.48,16.42
rn:prudent:20,rn,nouvelle_energie,12.8,rn,12.92,12.14,11.36,10.56,9.78,9,8.22
rn:prudent:21,rn,lr,11.1,rn,14.98,14.28,13.58,12.88,12.18,11.46,10.76
rn:prudent:22,rn,nouvelle_energie,17.1,rn,16.22,15.18,14.16,13.14,12.12,11.08,10.06
rn:prudent:23,rn,ps,12.9,rn,17.42,16.6,15.78,14.94,14.12,13.3,12.48
rn:prudent:24,rn,horizons,13.7,rn,13.44,12.6,11.76,10.92,10.08,9.24,8.4
rn:prudent:25,rn,nouvelle_energie,14.3,rn,15.98,15.08,14.2,13.3,12.4,11.52,10.62
rn:prudent:26,rn,horizons,9.2,rn,11.42,10.86,10.28,9.72,9.14,8.56,8
rn:prudent:27,rn,ps,10.7,rn,11.34,10.68,10,9.32,8.64,7.98,7.3
rn:prudent:28,rn,ps,12.2,rn,15.92,15.16,14.4,13.64,12.88,12.14,11.38
rn:prudent:29,rn,horizons,13.6,rn,16,15.16,14.3,13.46,12.6,11.76,10.9
rn:prudent:30,rn,ps,8.6,rn,10.88,10.32,9.76,9.2,8.64,8.08,7.52
rn:prudent:31,rn,renaissance,12.3,rn,15.22,14.44,13.66,12.88,12.1,11.34,10.56
rn:prudent:32,rn,ps,12.4,rn,13.9,13.12,12.32,11.54,10.74,9.96,9.16
rn:prudent:33,rn,ps,16.9,rn,19.16,18.14,17.1,16.06,15.04,14,12.98
rn:prudent:34,rn,ps,10.5,rn,13.86,13.2,12.52,11.86,11.2,10.52,9.86
rn:prudent:35,rn,ps,10.5,rn,13.18,12.5,11.8,11.12,10.44,9.76,9.08
rn:prudent:36,rn,lfi,13.7,rn,19.54,18.68,17.82,16.94,16.08,15.22,14.34
rn:prudent:37,rn,horizons,7.9,rn,5.18,4.7,4.24,3.76,3.28,2.8,2.32
rn:prudent:38,rn,renaissance,5.7,rn,4.28,3.9,3.52,3.14,2.74,2.36,1.98
rn:prudent:39,rn,ps,10.9,rn,9.4,8.72,8.02,7.34,6.64,5.96,5.26
rn:prudent:40,rn,ps,11.7,rn,10.92,10.18,9.44,8.7,7.96,7.22,6.5
rn:prudent:41,rn,lr,15.7,rn,18.38,17.42,16.44,15.48,14.52,13.56,12.6
rn:prudent:42,rn,ps,13.1,rn,16.12,15.3,14.48,13.66,12.82,12,11.18
rn:prudent:43,rn,nouvelle_energie,12.7,rn,10.2,9.44,8.68,7.92,7.16,6.4,5.64
rn:prudent:44,rn,horizons,9.8,rn,11.24,10.64,10.02,9.42,8.82,8.22,7.62
rn:prudent:45,rn,ps,11.2,rn,12.12,11.42,10.7,10,9.28,8.56,7.86
rn:prudent:46,rn,ps,12,rn,13.04,12.28,11.5,10.74,9.98,9.2,8.44
rn:prudent:47,rn,ps,19,rn,22.88,21.72,20.56,19.4,18.22,17.06,15.9
rn:prudent:48,rn,horizons,8.8,rn,8.12,7.58,7.02,6.46,5.9,5.36,4.8
rn:prudent:49,rn,ps,7.4,rn,8.1,7.62,7.14,6.68,6.2,5.72,5.24
rn:prudent:50,rn,horizons,9.6,rn,10.08,9.48,8.88,8.28,7.68,7.1,6.5
rn:prudent:51,rn,nouvelle_energie,12,rn,13.68,12.96,12.22,11.48,10.76,10.02,9.3
rn:prudent:52,rn,horizons,15.2,rn,16.4,15.46,14.52,13.58,12.64,11.7,10.76
rn:prudent:53,rn,renaissance,15.3,rn,18.54,17.58,16.64,15.68,14.72,13.76,12.8
rn:prudent:54,rn,ps,9.2,rn,7.76,7.18,6.6,6.02,5.44,4.86,4.26
rn:prudent:55,rn,ps,7.3,rn,11.04,10.58,10.1,9.64,9.18,8.7,8.24
rn:prudent:56,rn,renaissance,17,rn,18.04,17,15.98,14.94,13.92,12.88,11.84
rn:prudent:57,rn,ps,14.6,rn,16.26,15.34,14.42,13.5,12.58,11.66,10.74
rn:prudent:58,rn,horizons,10.3,rn,10.06,9.42,8.76,8.12,7.48,6.84,6.18
rn:prudent:59,rn,nouvelle_energie,12.7,rn,14.16,13.4,12.62,11.86,11.08,10.32,9.54
rn:prudent:60,rn,nouvelle_energie,14.8,rn,14.42,13.52,12.62,11.72,10.82,9.9,9
rn:prudent:61,rn,nouvelle_energie,9.2,rn,8.28,7.72,7.14,6.56,6,5.42,4.84
rn:prudent:62,rn,horizons,13.1,rn,13.04,12.2,11.38,10.56,9.72,8.9,8.08
rn:prudent:63,rn,renaissance,15.6,rn,17.02,16.04,15.06,14.08,13.1,12.12,11.14
rn:prudent:64,rn,ps,9.1,rn,10.12,9.54,8.96,8.36,7.78,7.2,6.6
rn:prudent:65,rn,horizons,14.4,rn,16.12,15.22,14.3,13.4,12.5,11.6,10.7
rn:prudent:66,rn,ps,9.8,rn,11.54,10.92,10.3,9.68,9.06,8.44,7.82
rn:prudent:67,rn,nouvelle_energie,7.3,rn,3.28,2.82,2.38,1.92,1.48,1.02,0.58
rn:prudent:68,rn,lfi,10.1,rn,14.42,13.8,13.16,12.54,11.92,11.3,10.66
rn:prudent:69,rn,horizons,10.7,rn,10.34,9.68,9,8.32,7.66,6.98,6.3
rn:risque:0,rn,ps,14.1,rn,17.6,16.72,15.82,14.94,14.04,13.16,12.28
rn:risque:1,rn,renaissance,10.4,rn,10.74,10.08,9.42,8.76,8.1,7.44,6.78
rn:risque:2,rn,horizons,7.2,rn,2.54,2.1,1.64,1.2,0.76,0.3,0.14
rn:risque:3,rn,rn_dissidence_19,0.6,rn,3.16,3.12,3.08,3.06,3.02,3,2.96
rn:risque:4,rn,renaissance,11.6,rn,10.38,9.64,8.92,8.18,7.44,6.72,5.98
rn:risque:5,rn,nouvelle_energie,13.1,rn,12.7,11.92,11.14,10.36,9.58,8.8,8.02
rn:risque:6,rn,ecologistes,8.4,rn,10.6,10.06,9.52,8.98,8.44,7.9,7.36
rn:risque:7,rn,ps,12.8,rn,13.86,13.04,12.22,11.4,10.6,9.78,8.96
rn:risque:8,rn,lfi,12.6,rn,16,15.24,14.46,13.7,12.92,12.16,11.4
rn:risque:9,rn,horizons,9.6,rn,9.06,8.46,7.84,7.24,6.64,6.02,5.42
rn:risque:10,rn,renaissance,16.4,rn,17.94,16.92,15.88,14.84,13.82,12.78,11.74
rn:risque:11,rn,nouvelle_energie,13.9,rn,14,13.14,12.28,11.42,10.58,9.72,8.86
rn:risque:12,rn,ps,8.9,rn,9.68,9.12,8.56,8,7.44,6.88,6.32
rn:risque:13,rn,horizons,11.7,rn,8.8,8.12,7.42,6.72,6.02,5.32,4.62
rn:risque:14,rn,nouvelle_energie,9.5,rn,7.92,7.34,6.76,6.18,5.62,5.04,4.46
rn:risque:15,rn,horizons,16.1,rn,14.62,13.66,12.7,11.74,10.78,9.82,8.86
rn:risque:16,rn,lfi,20,rn,24.02,22.78,21.54,20.3,19.06,17.8,16.56
rn:risque:17,rn,ps,11.3,rn,12.68,11.94,11.22,10.5,9.78,9.04,8.32
rn:risque:18,rn,horizons,8.7,rn,5.24,4.68,4.12,3.56,3.02,2.46,1.9
rn:risque:19,rn,horizons,16.9,rn,19.26,18.26,17.24,16.22,15.2,14.18,13.16
rn:risque:20,rn,lfi,9.3,rn,15.08,14.5,13.92,13.34,12.78,12.2,11.62
rn:risque:21,rn,horizons,16.1,rn,15.66,14.68,13.7,12.72,11.76,10.78,9.8
rn:risque:22,rn,renaissance,11.2,rn,9.14,8.42,7.7,7,6.28,5.58,4.86
rn:risque:23,rn,horizons,8.3,rn,6.56,6.02,5.5,4.98,4.46,3.94,3.4
rn:risque:24,rn,horizons,16.2,rn,17.52,16.54,15.54,14.56,13.56,12.58,11.58
rn:risque:25,rn,renaissance,10.7,rn,8.84,8.16,7.48,6.8,6.12,5.44,4.76
rn:risque:26,rn,ps,15.3,rn,17.68,16.7,15.74,14.78,13.8,12.84,11.86
rn:risque:27,rn,ps,13.8,rn,14.74,13.86,12.98,12.1,11.22,10.34,9.46
rn:risque:28,rn,nouvelle_energie,8.5,rn,3.64,3.12,2.6,2.1,1.58,1.06,0.56
rn:risque:29,rn,nouvelle_energie,6.7,rn,3.06,2.64,2.22,1.8,1.38,0.96,0.54
rn:risque:30,rn,horizons,17.8,rn,15.9,14.84,13.76,12.7,11.64,10.56,9.5
rn:risque:31,rn,horizons,11,rn,9.32,8.62,7.94,7.26,6.58,5.88,5.2
rn:risque:32,rn,ps,14.3,rn,14.3,13.4,12.5,11.58,10.68,9.78,8.88
rn:risque:33,rn,rn_dissidence_16,10.8,rn,17.34,16.64,15.92,15.22,14.5,13.8,13.08
rn:risque:34,rn,ps,15.2,rn,19.18,18.22,17.26,16.32,15.36,14.4,13.44
rn:risque:35,rn,horizons,14.7,rn,13.42,12.52,11.62,10.7,9.8,8.9,8
rn:risque:36,rn,ps,12.7,rn,12.98,12.16,11.34,10.52,9.7,8.88,8.06
rn:risque:37,rn,nouvelle_energie,13.2,rn,14.18,13.38,12.6,11.8,11,10.22,9.42
rn:risque:38,rn,rn_dissidence_22,10,rn,15.12,14.48,13.82,13.18,12.54,11.9,11.24
rn:risque:39,rn,ps,7.9,rn,8.86,8.38,7.88,7.4,6.92,6.42,5.94
rn:risque:40,rn,renaissance,7,rn,3.94,3.48,3.02,2.56,2.1,1.64,1.18
rn:risque:41,rn,horizons,11.1,rn,7.2,6.52,5.84,5.16,4.46,3.78,3.1
rn:risque:42,rn,horizons,10.2,rn,7.26,6.64,6,5.38,4.74,4.12,3.48
rn:risque:43,rn,ps,6.4,rn,5.22,4.82,4.42,4.02,3.62,3.22,2.82
rn:risque:44,rn,horizons,7,rn,5.36,4.92,4.48,4.02,3.58,3.12,2.68
rn:risque:45,rn,ps,15.1,rn,14.06,13.1,12.16,11.22,10.26,9.32,8.36
rn:risque:46,rn,ps,10.6,rn,12.1,11.44,10.78,10.12,9.44,8.78,8.12
rn:risque:47,rn,horizons,11.6,rn,8.7,8,7.32,6.62,5.92,5.24,4.54
rn:risque:48,rn,ps,14.6,rn,14.88,13.98,13.1,12.2,11.32,10.44,9.54
rn:risque:49,rn,nouvelle_energie,11.7,rn,9.2,8.48,7.76,7.06,6.34,5.62,4.9
rn:risque:50,rn,horizons,10.2,rn,5.86,5.24,4.62,4,3.38,2.76,2.14
rn:risque:51,rn,horizons,7.5,rn,7.08,6.6,6.12,5.66,5.18,4.7,4.22
rn:risque:52,rn,ps,15.5,rn,15.96,15,14.04,13.06,12.1,11.14,10.18
rn:risque:53,rn,nouvelle_energie,9.2,rn,2.68,2.12,1.56,1,0.44,0.12,0.68
rn:risque:54,rn,horizons,11.5,rn,9.02,8.34,7.64,6.96,6.26,5.56,4.88
rn:risque:55,rn,lr,6.6,rn,3.98,3.56,3.14,2.72,2.32,1.9,1.48
rn:risque:56,rn,horizons,18,rn,19.3,18.2,17.08,15.98,14.86,13.76,12.66
rn:risque:57,rn,horizons,12.7,rn,11.02,10.22,9.42,8.62,7.84,7.04,6.24
rn:risque:58,rn,horizons,12.6,rn,11.64,10.88,10.14,9.38,8.64,7.88,7.14
rn:risque:59,rn,lr,12.3,rn,16.4,15.62,14.84,14.06,13.28,12.5,11.72
rn:risque:60,rn,nouvelle_energie,6.4,rn,2.36,1.96,1.56,1.16,0.76,0.36,0.04
rn:risque:61,rn,ps,5.1,rn,3.2,2.86,2.52,2.18,1.84,1.5,1.16
rn:risque:62,rn,rn_dissidence_17,9.3,rn,14.74,14.12,13.5,12.88,12.26,11.64,11.02
rn:risque:63,rn,horizons,8.2,rn,5.2,4.68,4.16,3.64,3.14,2.62,2.1
rn:risque:64,rn,ps,17,rn,20,18.94,17.9,16.86,15.82,14.78,13.74
rn:risque:65,rn,ps,6.7,rn,5.7,5.28,4.84,4.42,3.98,3.56,3.12
rn:risque:66,rn,nouvelle_energie,20,rn,22.16,21,19.82,18.66,17.48,16.32,15.14
rn:risque:67,rn,horizons,9.3,rn,4.36,3.78,3.2,2.62,2.04,1.46,0.88
rn:risque:68,rn,nouvelle_energie,8.2,rn,3.94,3.44,2.94,2.42,1.92,1.42,0.92
rn:risque:69,rn,horizons,16,rn,16.1,15.1,14.1,13.12,12.12,11.12,10.14
rn:ideologiquement_coherent:0,rn,nouvelle_energie,15.1,rn,13.86,12.94,12.02,11.12,10.2,9.28,8.38
rn:ideologiquement_coherent:1,rn,ps,16,rn,18.7,17.7,16.72,15.72,14.72,13.72,12.72
rn:ideologiquement_coherent:2,rn,ps,16.8,rn,16.88,15.84,14.8,13.76,12.72,11.68,10.64
rn:ideologiquement_coherent:3,rn,lr,19.6,rn,21.92,20.7,19.48,18.26,17.06,15.84,14.62
rn:ideologiquement_coherent:4,rn,ps,15.7,rn,19.98,19,18.02,17.04,16.04,15.06,14.08
rn:ideologiquement_coherent:5,rn,horizons,9.1,rn,7.42,6.82,6.24,5.66,5.08,4.48,3.9
rn:ideologiquement_coherent:6,rn,nouvelle_energie,14.1,rn,14.62,13.76,12.9,12.04,11.18,10.3,9.44
rn:ideologiquement_coherent:7,rn,lfi,15.5,rn,22.14,21.16,20.2,19.24,18.28,17.3,16.34
rn:ideologiquement_coherent:8,rn,horizons,11.2,rn,11.46,10.76,10.06,9.36,8.66,7.96,7.26
rn:ideologiquement_coherent:9,rn,horizons,15.5,rn,16.1,15.16,14.24,13.3,12.36,11.44,10.5
rn:ideologiquement_coherent:10,rn,ecologistes,10.1,rn,10.92,10.28,9.64,9,8.36,7.7,7.06
rn:ideologiquement_coherent:11,rn,ps,9.6,rn,11.02,10.38,9.74,9.1,8.46,7.82,7.18
rn:ideologiquement_coherent:12,rn,nouvelle_energie,8,rn,7.42,6.92,6.42,5.9,5.4,4.9,4.4
rn:ideologiquement_coherent:13,rn,ps,14.3,rn,14.82,13.92,13.02,12.14,11.24,10.34,9.44
rn:ideologiquement_coherent:14,rn,ps,15.3,rn,15.82,14.86,13.92,12.96,12.02,11.08,10.12
rn:ideologiquement_coherent:15,rn,ps,9.8,rn,10.2,9.58,8.94,8.32,7.68,7.06,6.42
rn:ideologiquement_coherent:16,rn,lfi,16.7,rn,20.12,19.1,18.08,17.06,16.04,15.02,14
rn:ideologiquement_coherent:17,rn,renaissance,9.8,rn,8.98,8.36,7.76,7.16,6.54,5.94,5.34
rn:ideologiquement_coherent:18,rn,ps,11.7,rn,11.96,11.24,10.52,9.78,9.06,8.34,7.6
rn:ideologiquement_coherent:19,rn,ps,6.7,rn,7.38,6.96,6.52,6.08,5.66,5.22,4.78
rn:ideologiquement_coherent:20,rn,horizons,11.9,rn,12.02,11.28,10.54,9.82,9.08,8.34,7.62
rn:ideologiquement_coherent:21,rn,nouvelle_energie,20.2,rn,22.46,21.24,20.02,18.8,17.58,16.36,15.14
rn:ideologiquement_coherent:22,rn,ps,15.2,rn,16.92,15.98,15.02,14.08,13.14,12.2,11.26
rn:ideologiquement_coherent:23,rn,horizons,16.2,rn,12.8,11.84,10.86,9.88,8.9,7.94,6.96
rn:ideologiquement_coherent:24,rn,horizons,15.6,rn,16.78,15.82,14.86,13.9,12.94,11.98,11.02
rn:ideologiquement_coherent:25,rn,ps,15.7,rn,19.44,18.48,17.52,16.56,15.62,14.66,13.7
rn:ideologiquement_coherent:26,rn,renaissance,18.5,rn,21.24,20.1,18.98,17.86,16.74,15.6,14.48
rn:ideologiquement_coherent:27,rn,ps,13,rn,14.4,13.56,12.74,11.9,11.08,10.26,9.42
rn:ideologiquement_coherent:28,rn,nouvelle_energie,22.4,rn,22.94,21.64,20.34,19.04,17.74,16.44,15.12
rn:ideologiquement_coherent:29,rn,renaissance,14.2,rn,13.86,12.98,12.1,11.22,10.34,9.46,8.58
rn:ideologiquement_coherent:30,rn,ps,11.8,rn,9.86,9.1,8.36,7.62,6.88,6.14,5.4
rn:ideologiquement_coherent:31,rn,ps,15.4,rn,16.82,15.86,14.9,13.94,12.98,12.02,11.04
rn:ideologiquement_coherent:32,rn,horizons,11.7,rn,9.28,8.58,7.88,7.16,6.46,5.76,5.06
rn:ideologiquement_coherent:33,rn,nouvelle_energie,15.7,rn,13.64,12.7,11.78,10.86,9.92,9,8.06
rn:ideologiquement_coherent:34,rn,nouvelle_energie,19.8,rn,22.02,20.82,19.62,18.42,17.2,16,14.8
rn:ideologiquement_coherent:35,rn,lr,17.3,rn,20.1,19.04,17.98,16.92,15.86,14.8,13.74
rn:ideologiquement_coherent:36,rn,nouvelle_energie,15.4,rn,13.6,12.66,11.74,10.8,9.86,8.94,8
rn:ideologiquement_coherent:37,rn,ps,11.7,rn,10.48,9.72,8.98,8.24,7.48,6.74,5.98
rn:ideologiquement_coherent:38,rn,renaissance,13.7,rn,13.12,12.28,11.46,10.62,9.78,8.96,8.12
rn:ideologiquement_coherent:39,rn,ps,16.3,rn,15.6,14.6,13.6,12.6,11.6,10.58,9.58
rn:ideologiquement_coherent:40,rn,nouvelle_energie,18.5,rn,19.2,18.1,17,15.9,14.8,13.68,12.58
rn:ideologiquement_coherent:41,rn,nouvelle_energie,15.1,rn,16.4,15.5,14.6,13.68,12.78,11.88,10.98
rn:ideologiquement_coherent:42,rn,nouvelle_energie,14.7,rn,14.6,13.7,12.8,11.9,11.02,10.12,9.22
rn:ideologiquement_coherent:43,rn,nouvelle_energie,13,rn,13.1,12.32,11.54,10.76,9.98,9.2,8.42
rn:ideologiquement_coherent:44,rn,ps,13.2,rn,16.18,15.36,14.54,13.72,12.9,12.08,11.26
rn:ideologiquement_coherent:45,rn,ps,17.8,rn,20.42,19.3,18.18,17.06,15.94,14.82,13.7
rn:ideologiquement_coherent:46,rn,nouvelle_energie,16.8,rn,17.74,16.72,15.7,14.66,13.64,12.62,11.58
rn:ideologiquement_coherent:47,rn,renaissance,19.6,rn,23.22,22.02,20.8,19.58,18.36,17.16,15.94
rn:ideologiquement_coherent:48,rn,ps,14.9,rn,15.94,15,14.06,13.12,12.18,11.24,10.3
rn:ideologiquement_coherent:49,rn,nouvelle_energie,12.8,rn,11.62,10.86,10.08,9.3,8.52,7.74,6.96
rn:ideologiquement_coherent:50,rn,ps,8.9,rn,9.02,8.46,7.88,7.3,6.72,6.14,5.56
rn:ideologiquement_coherent:51,rn,horizons,13.3,rn,10.96,10.16,9.36,8.58,7.78,6.98,6.18
rn:ideologiquement_coherent:52,rn,ps,16.2,rn,16.76,15.74,14.72,13.68,12.66,11.64,10.62
rn:ideologiquement_coherent:53,rn,ps,12.9,rn,12.7,11.9,11.1,10.3,9.48,8.68,7.88
rn:ideologiquement_coherent:54,rn,ps,18.8,rn,20.36,19.18,18.02,16.86,15.68,14.52,13.36
rn:ideologiquement_coherent:55,rn,ps,11.7,rn,13.28,12.52,11.78,11.04,10.3,9.56,8.8
rn:ideologiquement_coherent:56,rn,lfi,12.7,rn,16.52,15.74,14.94,14.16,13.38,12.6,11.82
rn:ideologiquement_coherent:57,rn,ps,15.5,rn,16.3,15.32,14.36,13.38,12.4,11.44,10.46
rn:ideologiquement_coherent:58,rn,renaissance,15.1,rn,14.62,13.7,12.8,11.88,10.96,10.06,9.14
rn:ideologiquement_coherent:59,rn,lfi,15.4,rn,19.82,18.88,17.94,17,16.06,15.12,14.18
rn:ideologiquement_coherent:60,rn,nouvelle_energie,15.8,rn,14.26,13.32,12.38,11.44,10.5,9.56,8.62
rn:ideologiquement_coherent:61,rn,ps,8.8,rn,10.02,9.44,8.88,8.3,7.74,7.16,6.6
rn:ideologiquement_coherent:62,rn,ps,9.8,rn,8.62,8.02,7.4,6.78,6.16,5.54,4.92
rn:ideologiquement_coherent:63,rn,lr,12.8,rn,15.48,14.68,13.88,13.08,12.3,11.5,10.7
rn:ideologiquement_coherent:64,rn,lfi,13.1,rn,17.98,17.18,16.38,15.58,14.78,13.98,13.18
rn:ideologiquement_coherent:65,rn,nouvelle_energie,16.4,rn,15.96,14.98,14,13.02,12.04,11.06,10.08
rn:ideologiquement_coherent:66,rn,lr,16.4,rn,17.5,16.48,15.46,14.44,13.4,12.38,11.36
rn:ideologiquement_coherent:67,rn,ps,20.2,rn,22.2,20.94,19.68,18.42,17.18,15.92,14.66
rn:ideologiquement_coherent:68,rn,ps,10.8,rn,12.96,12.28,11.6,10.92,10.22,9.54,8.86
rn:ideologiquement_coherent:69,rn,horizons,18.6,rn,19.98,18.86,17.74,16.62,15.5,14.38,13.26
rn:opportuniste_electoral:0,lr,ps,0.5,lr,0.56,0.52,0.48,0.46,0.42,0.38,0.34
rn:opportuniste_electoral:1,rn,nouvelle_energie,11.3,rn,7.24,6.56,5.88,5.18,4.5,3.8,3.12
rn:opportuniste_electoral:2,rn,renaissance,8.7,rn,5.56,5,4.42,3.86,3.28,2.7,2.14
rn:opportuniste_electoral:3,rn,nouvelle_energie,11.5,rn,8.32,7.6,6.88,6.16,5.44,4.7,3.98
rn:opportuniste_electoral:4,rn,ecologistes,13.8,rn,17.46,16.62,15.78,14.94,14.08,13.24,12.4
rn:opportuniste_electoral:5,rn,ps,6.7,rn,3.84,3.4,2.94,2.5,2.04,1.6,1.14
rn:opportuniste_electoral:6,rn,horizons,2.5,rn,3.56,3.74,3.92,4.08,4.26,4.42,4.6
rn:opportuniste_electoral:7,rn,lr,12.5,rn,9.08,8.32,7.58,6.82,6.06,5.3,4.54
rn:opportuniste_electoral:8,rn,nouvelle_energie,11.6,rn,11.08,10.36,9.64,8.92,8.2,7.48,6.74
rn:opportuniste_electoral:9,rn,horizons,7.5,rn,4.46,3.98,3.48,2.98,2.5,2,1.52
rn:opportuniste_electoral:10,rn,nouvelle_energie,5.8,rn,3.44,3.06,2.7,2.32,1.94,1.58,1.2
rn:opportuniste_electoral:11,rn,renaissance,12.7,rn,11.26,10.44,9.6,8.78,7.96,7.14,6.32
rn:opportuniste_electoral:12,rn,ps,3.4,rn,1.4,1.18,0.94,0.72,0.5,0.26,0.04
rn:opportuniste_electoral:13,rn,nouvelle_energie,11.8,rn,8.06,7.36,6.66,5.94,5.24,4.54,3.84
rn:opportuniste_electoral:14,rn,horizons,6.5,rn,4.98,4.56,4.16,3.74,3.32,2.92,2.5
rn:opportuniste_electoral:15,rn,lfi,5.6,rn,5.56,5.2,4.82,4.46,4.1,3.72,3.36
rn:opportuniste_electoral:16,rn,ps,13.2,rn,13.86,13.02,12.18,11.34,10.48,9.64,8.8
rn:opportuniste_electoral:17,rn,nouvelle_energie,7.5,rn,4.84,4.36,3.9,3.44,2.96,2.5,2.02
rn:opportuniste_electoral:18,rn,ps,9.4,rn,8.92,8.3,7.7,7.08,6.48,5.86,5.26
rn:opportuniste_electoral:19,rn,renaissance,12.8,rn,11.5,10.7,9.88,9.08,8.28,7.48,6.66
rn:opportuniste_electoral:20,rn,ps,13.6,rn,14.08,13.2,12.34,11.46,10.6,9.72,8.84
rn:opportuniste_electoral:21,rn,ps,14.6,rn,16.5,15.58,14.64,13.7,12.76,11.82,10.88
rn:opportuniste_electoral:22,rn,nouvelle_energie,4.7,rn,1.98,2.28,2.58,2.88,3.18,3.48,3.78
rn:opportuniste_electoral:23,rn,nouvelle_energie,9.7,rn,7.44,6.84,6.24,5.64,5.04,4.44,3.84
rn:opportuniste_electoral:24,rn,horizons,0.8,rn,4.84,4.9,4.96,5.02,5.08,5.14,5.2
rn:opportuniste_electoral:25,rn,horizons,5.8,rn,3.06,2.68,2.3,1.92,1.54,1.18,0.8
rn:opportuniste_electoral:26,rn,ps,8,rn,6.1,5.6,5.08,4.58,4.06,3.56,3.04
rn:opportuniste_electoral:27,rn,ps,8.9,rn,7.42,6.86,6.28,5.72,5.16,4.58,4.02
rn:opportuniste_electoral:28,rn,lr,9.3,rn,6.7,6.1,5.5,4.9,4.3,3.7,3.1
rn:opportuniste_electoral:29,rn,nouvelle_energie,12.1,rn,10.72,10,9.28,8.56,7.82,7.1,6.38
rn:opportuniste_electoral:30,rn,ps,8.2,rn,8.44,7.88,7.32,6.78,6.22,5.66,5.12
rn:opportuniste_electoral:31,rn,nouvelle_energie,11.7,rn,10.3,9.58,8.84,8.1,7.38,6.64,5.9
rn:opportuniste_electoral:32,rn,lfi,6.8,rn,6.74,6.3,5.84,5.4,4.94,4.5,4.04
rn:opportuniste_electoral:33,rn,horizons,14,rn,12.8,11.94,11.08,10.2,9.34,8.46,7.6
rn:opportuniste_electoral:34,rn,nouvelle_energie,13.5,rn,10.44,9.58,8.74,7.9,7.04,6.2,5.34
rn:opportuniste_electoral:35,rn,ps,11.4,rn,12.9,12.18,11.46,10.74,10.02,9.32,8.6
rn:opportuniste_electoral:36,rn,nouvelle_energie,10.8,rn,8.7,8.02,7.36,6.7,6.02,5.36,4.68
rn:opportuniste_electoral:37,rn,renaissance,9.6,rn,8.54,7.92,7.3,6.66,6.04,5.42,4.78
rn:opportuniste_electoral:38,rn,renaissance,3.8,rn,0.1,0.16,0.42,0.68,0.94,1.2,1.46
rn:opportuniste_electoral:39,rn,lr,10,rn,8.62,7.98,7.34,6.72,6.08,5.44,4.8
rn:opportuniste_electoral:40,rn,horizons,5.1,rn,0.6,0.24,0.1,0.44,0.78,1.12,1.46
rn:opportuniste_electoral:41,rn,ps,13.5,rn,14.92,14.06,13.18,12.32,11.46,10.6,9.74
rn:opportuniste_electoral:42,rn,horizons,13.7,rn,13.24,12.38,11.52,10.68,9.82,8.96,8.1
rn:opportuniste_electoral:43,rn,lfi,13,rn,18.28,17.48,16.66,15.84,15.04,14.22,13.4
rn:opportuniste_electoral:44,rn,renaissance,8.7,rn,8.34,7.78,7.22,6.66,6.08,5.52,4.96
rn:opportuniste_electoral:45,rn,horizons,7.4,rn,1.56,1.08,0.62,0.14,0.32,0.8,1.26
rn:opportuniste_electoral:46,rn,horizons,4.5,rn,0.8,0.52,0.22,0.08,0.38,0.68,0.96
rn:opportuniste_electoral:47,rn,horizons,15.1,rn,15.04,14.12,13.2,12.28,11.34,10.42,9.5
rn:opportuniste_electoral:48,rn,ps,11.9,rn,12.22,11.44,10.66,9.88,9.08,8.3,7.52
rn:opportuniste_electoral:49,rn,nouvelle_energie,12.2,rn,9.16,8.44,7.7,6.96,6.22,5.48,4.74
rn:opportuniste_electoral:50,rn,lfi,9.8,rn,14.04,13.4,12.78,12.14,11.52,10.88,10.26
rn:opportuniste_electoral:51,rn,ps,14.4,rn,14.66,13.74,12.82,11.9,10.98,10.06,9.14
rn:opportuniste_electoral:52,rn,ps,4.2,rn,1.86,1.58,1.28,0.98,0.68,0.4,0.1
rn:opportuniste_electoral:53,rn,horizons,10.5,rn,7.32,6.66,6,5.34,4.68,4.02,3.38
rn:opportuniste_electoral:54,rn,nouvelle_energie,13.5,rn,9.86,9.04,8.24,7.42,6.6,5.78,4.96
rn:opportuniste_electoral:55,rn,renaissance,19.9,rn,19.86,18.64,17.4,16.16,14.92,13.68,12.44
rn:opportuniste_electoral:56,rn,renaissance,8.1,rn,6.64,6.1,5.56,5.02,4.5,3.96,3.42
rn:opportuniste_electoral:57,rn,ps,12.1,rn,11.36,10.58,9.8,9.02,8.22,7.44,6.66
rn:opportuniste_electoral:58,rn,horizons,17,rn,14.02,12.96,11.92,10.88,9.84,8.8,7.76
rn:opportuniste_electoral:59,rn,ps,9,rn,8.34,7.74,7.16,6.58,6,5.42,4.84
rn:opportuniste_electoral:60,rn,nouvelle_energie,3,rn,5.92,6.12,6.32,6.52,6.72,6.92,7.12
rn:opportuniste_electoral:61,rn,horizons,7.6,rn,3.8,3.32,2.82,2.32,1.82,1.34,0.84
rn:opportuniste_electoral:62,rn,ps,6.6,rn,5.28,4.82,4.38,3.92,3.48,3.02,2.58
rn:opportuniste_electoral:63,rn,renaissance,13.6,rn,14.4,13.52,12.64,11.76,10.88,10,9.12
rn:opportuniste_electoral:64,rn,horizons,12.1,rn,12.58,11.84,11.08,10.34,9.6,8.86,8.12
rn:opportuniste_electoral:65,rn,ps,8.4,rn,6.12,5.58,5.04,4.5,3.94,3.4,2.86
rn:opportuniste_electoral:66,rn,horizons,1.2,rn,3.6,3.7,3.8,3.9,3.98,4.08,4.18
rn:opportuniste_electoral:67,rn,renaissance,11,rn,6,5.3,4.6,3.9,3.2,2.5,1.78
rn:opportuniste_electoral:68,rn,lfi,15.2,rn,21.46,20.52,19.56,18.6,17.66,16.7,15.74
rn:opportuniste_electoral:69,rn,nouvelle_energie,11.6,rn,10.48,9.74,9.02,8.3,7.56,6.84,6.1
rn:parti_dabord:0,rn,ps,1.6,rn,5.22,5.34,5.48,5.6,5.74,5.86,6
rn:parti_dabord:1,rn,horizons,6.1,rn,2.44,2.84,3.24,3.66,4.06,4.46,4.86
rn:parti_dabord:2,rn,lr,11.2,rn,9.32,8.6,7.88,7.16,6.42,5.7,4.98
rn:parti_dabord:3,rn,horizons,7.7,rn,0.64,0.14,0.36,0.86,1.36,1.86,2.36
rn:parti_dabord:4,rn,horizons,9.4,rn,6.42,5.8,5.18,4.58,3.96,3.36,2.74
rn:parti_dabord:5,rn,renaissance,10.9,rn,6.62,5.9,5.18,4.46,3.74,3.02,2.28
rn:parti_dabord:6,rn,lfi,12.2,rn,16,15.2,14.4,13.6,12.8,12.02,11.22
rn:parti_dabord:7,rn,lfi,8.5,rn,5.96,5.4,4.86,4.3,3.76,3.2,2.66
rn:parti_dabord:8,rn,renaissance,9.3,rn,5.5,4.9,4.28,3.68,3.06,2.46,1.86
rn:parti_dabord:9,rn,ps,2.7,rn,3.04,3.24,3.44,3.64,3.86,4.06,4.26
rn:parti_dabord:10,rn,nouvelle_energie,8.6,rn,4.94,4.38,3.82,3.28,2.72,2.16,1.6
rn:parti_dabord:11,rn,nouvelle_energie,5.6,rn,0.46,0.82,1.2,1.56,1.94,2.3,2.68
rn:parti_dabord:12,rn,renaissance,1.8,rn,2.72,2.88,3.02,3.16,3.3,3.46,3.6
rn:parti_dabord:13,rn,horizons,10.3,rn,4.7,4.02,3.34,2.68,2,1.32,0.66
rn:parti_dabord:14,rn,nouvelle_energie,5.3,rn,0,0.34,0.7,1.04,1.4,1.74,2.1
rn:parti_dabord:15,rn,renaissance,11,rn,10.52,9.8,9.06,8.32,7.58,6.84,6.12
rn:parti_dabord:16,rn,lr,9.6,rn,6.54,5.92,5.3,4.68,4.06,3.44,2.82
rn:parti_dabord:17,rn,nouvelle_energie,9.6,rn,2.54,1.94,1.34,0.76,0.16,0.44,1.04
rn:parti_dabord:18,rn,horizons,5.9,rn,0.94,0.54,0.14,0.26,0.66,1.04,1.44
rn:parti_dabord:19,rn,ps,3.2,rn,0.54,0.78,1.02,1.26,1.5,1.74,1.96
rn:parti_dabord:20,rn,ps,15.8,rn,11.18,10.16,9.14,8.12,7.12,6.1,5.08
rn:parti_dabord:21,rn,lfi,7.4,rn,8.24,7.76,7.26,6.78,6.3,5.82,5.34
rn:parti_dabord:22,rn,ps,11.7,rn,11.9,11.12,10.36,9.58,8.82,8.04,7.28
rn:parti_dabord:23,rn,ps,10.2,rn,7,6.32,5.64,4.96,4.28,3.62,2.94
rn:parti_dabord:24,rn,ps,10.3,rn,8.84,8.14,7.46,6.78,6.08,5.4,4.7
rn:parti_dabord:25,rn,horizons,12.9,rn,9.76,8.94,8.1,7.28,6.46,5.64,4.82
rn:parti_dabord:26,rn,ps,11.8,rn,8.62,7.84,7.06,6.3,5.52,4.74,3.96
rn:parti_dabord:27,rn,lfi,11.7,rn,14.02,13.26,12.5,11.74,10.98,10.2,9.44
rn:parti_dabord:28,rn,ps,7.4,rn,2.02,1.52,1.02,0.5,0,0.5,1.02
rn:parti_dabord:29,rn,ps,14,rn,15.92,15,14.08,13.16,12.24,11.32,10.42
rn:parti_dabord:30,rn,nouvelle_energie,8.2,rn,2.74,2.22,1.7,1.18,0.66,0.14,0.38
rn:parti_dabord:31,rn,ps,13.1,rn,11.22,10.36,9.52,8.66,7.8,6.94,6.08
rn:parti_dabord:32,rn,ps,8.5,rn,6.36,5.78,5.22,4.64,4.06,3.48,2.9
rn:parti_dabord:33,rn,ps,3.6,rn,2.72,3,3.26,3.52,3.8,4.06,4.34
rn:parti_dabord:34,rn,ps,11.4,rn,12.22,11.46,10.7,9.92,9.16,8.4,7.64
rn:parti_dabord:35,rn,lfi,8.6,rn,10.52,9.96,9.38,8.82,8.24,7.68,7.1
rn:parti_dabord:36,rn,renaissance,11.2,rn,9.06,8.34,7.62,6.88,6.16,5.44,4.72
rn:parti_dabord:37,rn,ps,2.4,rn,4.86,5.04,5.22,5.42,5.6,5.78,5.96
rn:parti_dabord:38,rn,ps,11,rn,7.6,6.88,6.18,5.46,4.74,4.04,3.32
rn:parti_dabord:39,rn,ps,6.1,rn,3.08,2.66,2.22,1.8,1.38,0.94,0.52
rn:parti_dabord:40,rn,lr,10.6,rn,8.08,7.4,6.7,6,5.3,4.62,3.92
rn:parti_dabord:41,rn,horizons,8,rn,3.28,2.76,2.24,1.72,1.2,0.68,0.16
rn:parti_dabord:42,rn,renaissance,7.4,rn,4.08,3.58,3.08,2.58,2.08,1.58,1.08
rn:parti_dabord:43,rn,lr,9.8,rn,7.5,6.86,6.22,5.58,4.92,4.28,3.64
rn:parti_dabord:44,rn,ps,10,rn,8.98,8.3,7.62,6.94,6.26,5.58,4.9
rn:parti_dabord:45,rn,ps,5.6,rn,2.68,2.3,1.92,1.54,1.14,0.76,0.38
rn:parti_dabord:46,rn,horizons,2,rn,6.2,6.34,6.5,6.66,6.8,6.96,7.1
rn:parti_dabord:47,rn,lfi,13.4,rn,15.98,15.1,14.24,13.36,12.48,11.62,10.74
rn:parti_dabord:48,rn,renaissance,9.7,rn,7.94,7.3,6.64,6,5.36,4.72,4.06
rn:parti_dabord:49,rn,nouvelle_energie,3.8,rn,2.7,2.94,3.2,3.44,3.7,3.94,4.2
rn:parti_dabord:50,rn,horizons,10.4,rn,7.3,6.64,5.96,5.3,4.62,3.96,3.28
rn:parti_dabord:51,rn,renaissance,6.2,rn,0.86,0.44,0,0.42,0.84,1.26,1.68
rn:parti_dabord:52,rn,ps,4.8,rn,2.88,2.54,2.22,1.88,1.54,1.2,0.86
rn:parti_dabord:53,rn,nouvelle_energie,7.4,rn,0.18,0.28,0.76,1.22,1.68,2.16,2.62
rn:parti_dabord:54,rn,nouvelle_energie,4.5,rn,3.26,3.56,3.86,4.14,4.44,4.74,5.04
rn:parti_dabord:55,rn,renaissance,10.7,rn,8.36,7.66,6.94,6.24,5.54,4.82,4.12
rn:parti_dabord:56,rn,nouvelle_energie,14.3,rn,11.96,11.08,10.18,9.3,8.4,7.5,6.62
rn:parti_dabord:57,rn,ps,9.8,rn,5.52,4.88,4.24,3.58,2.94,2.28,1.64
rn:parti_dabord:58,rn,nouvelle_energie,5.1,rn,4.14,4.48,4.82,5.16,5.48,5.82,6.16
rn:parti_dabord:59,rn,ps,3.6,rn,3.28,3.54,3.8,4.06,4.32,4.58,4.84
rn:parti_dabord:60,rn,horizons,6.6,rn,0.46,0.02,0.42,0.84,1.28,1.72,2.14
rn:parti_dabord:61,rn,horizons,2.8,rn,5.1,5.3,5.5,5.72,5.92,6.12,6.32
rn:parti_dabord:62,rn,ps,6,rn,0.3,0.12,0.54,0.96,1.38,1.8,2.22
rn:parti_dabord:63,rn,horizons,11.4,rn,9.46,8.72,8,7.26,6.52,5.78,5.06
rn:parti_dabord:64,rn,ps,10.7,rn,6.9,6.2,5.5,4.8,4.1,3.38,2.68
rn:parti_dabord:65,rn,horizons,9.4,rn,7.62,7.02,6.4,5.78,5.18,4.56,3.94
rn:parti_dabord:66,rn,ps,10.9,rn,13.66,12.94,12.22,11.5,10.78,10.06,9.34
rn:parti_dabord:67,rn,ps,12.3,rn,10.46,9.66,8.84,8.02,7.22,6.4,5.6
rn:parti_dabord:68,rn,horizons,12.5,rn,7.98,7.18,6.36,5.56,4.76,3.96,3.14
rn:parti_dabord:69,rn,renaissance,6.8,rn,1.2,0.74,0.28,0.18,0.64,1.1,1.56
rn:mediatique:0,rn,ps,7.6,rn,2.56,2.06,1.54,1.04,0.52,0,0.5
rn:mediatique:1,rn,nouvelle_energie,8.5,rn,4.24,3.7,3.16,2.6,2.06,1.52,0.98
rn:mediatique:2,rn,rn_dissidence_16,11.3,rn,15.96,15.2,14.42,13.66,12.88,12.12,11.34
rn:mediatique:3,rn,renaissance,9.3,rn,7.52,6.9,6.28,5.68,5.06,4.44,3.82
rn:mediatique:4,rn,horizons,10.2,rn,5.5,4.84,4.18,3.52,2.86,2.2,1.54
rn:mediatique:5,rn,ps,4.8,rn,3.48,3.14,2.8,2.48,2.14,1.8,1.48
rn:mediatique:6,rn,ps,8.1,rn,2.62,2.08,1.54,1,0.46,0.08,0.62
rn:mediatique:7,rn,nouvelle_energie,2.9,rn,10.24,10.44,10.62,10.82,11.02,11.2,11.4
rn:mediatique:8,rn,lfi,7.7,rn,8.5,7.98,7.48,6.96,6.44,5.94,5.42
rn:mediatique:9,rn,ps,12.1,rn,9.22,8.42,7.64,6.86,6.08,5.28,4.5
rn:mediatique:10,rn,ps,6.8,rn,0,0.44,0.9,1.36,1.82,2.26,2.72
rn:mediatique:11,rn,ps,13.4,rn,14.76,13.9,13.04,12.16,11.3,10.44,9.58
rn:mediatique:12,rn,ps,5.5,rn,0.12,0.5,0.88,1.26,1.64,2,2.38
rn:mediatique:13,rn,renaissance,6.6,rn,1.68,2.12,2.58,3.02,3.48,3.92,4.38
rn:mediatique:14,rn,ps,2.6,rn,3.4,3.6,3.78,3.98,4.18,4.38,4.58
rn:mediatique:15,rn,ps,7.1,rn,5.1,4.62,4.14,3.68,3.2,2.74,2.26
rn:mediatique:16,rn,nouvelle_energie,10.2,rn,3.36,2.72,2.08,1.44,0.8,0.16,0.48
rn:mediatique:17,rn,lr,6,rn,0.22,0.18,0.56,0.96,1.36,1.76,2.16
rn:mediatique:18,rn,ps,5.9,rn,0.24,0.16,0.58,0.98,1.4,1.82,2.22
rn:mediatique:19,rn,ps,5.3,rn,3.56,3.18,2.8,2.44,2.06,1.68,1.3
rn:mediatique:20,rn,horizons,10,rn,5.18,4.54,3.9,3.26,2.62,1.98,1.34
rn:mediatique:21,rn,lfi,10.3,rn,12.36,11.68,11,10.34,9.66,8.98,8.3
rn:mediatique:22,rn,ps,12.5,rn,11.36,10.52,9.7,8.88,8.06,7.24,6.42
rn:mediatique:23,rn,horizons,6.4,rn,0.54,0.96,1.38,1.82,2.24,2.66,3.08
rn:mediatique:24,rn,ps,7.6,rn,4.24,3.72,3.2,2.68,2.16,1.66,1.14
rn:mediatique:25,rn,ps,6.3,rn,1.52,1.96,2.38,2.82,3.24,3.68,4.1
rn:mediatique:26,rn,ps,4.1,rn,0.5,0.2,0.08,0.38,0.66,0.94,1.24
rn:mediatique:27,rn,lfi,4.1,rn,1.78,1.52,1.26,0.98,0.72,0.46,0.18
rn:mediatique:28,rn,nouvelle_energie,2.5,rn,5.68,5.84,6.02,6.18,6.36,6.52,6.68
rn:mediatique:29,rn,nouvelle_energie,10.3,rn,4.2,3.56,2.9,2.26,1.62,0.96,0.32
rn:mediatique:30,rn,ps,4.2,rn,1.12,1.42,1.72,2,2.3,2.6,2.88
rn:mediatique:31,rn,ps,7.9,rn,5.8,5.28,4.76,4.22,3.7,3.18,2.64
rn:mediatique:32,rn,horizons,7.4,rn,2.46,1.98,1.52,1.04,0.56,0.1,0.38
rn:mediatique:33,rn,lfi,7.1,rn,6.88,6.42,5.96,5.5,5.04,4.6,4.14
rn:mediatique:34,rn,ps,9.6,rn,3.26,2.62,1.98,1.34,0.72,0.08,0.56
rn:mediatique:35,rn,lfi,4.3,rn,0.88,0.58,0.28,0,0.3,0.58,0.88
rn:mediatique:36,rn,rn_dissidence_16,8.5,rn,12,11.42,10.82,10.24,9.64,9.06,8.48
rn:mediatique:37,rn,horizons,7.1,rn,1.42,1.88,2.36,2.82,3.28,3.74,4.22
rn:mediatique:38,rn,ps,7.9,rn,5.12,4.58,4.04,3.5,2.96,2.42,1.88
rn:mediatique:39,rn,ps,8.4,rn,5.12,4.56,3.98,3.4,2.84,2.26,1.7
rn:mediatique:40,rn,nouvelle_energie,10.5,rn,5.66,5,4.34,3.68,3,2.34,1.68
rn:mediatique:41,rn,nouvelle_energie,6.3,rn,0.26,0.14,0.54,0.96,1.36,1.76,2.16
rn:mediatique:42,rn,rn_dissidence_16,0.6,rn,0.22,0.28,0.32,0.36,0.4,0.46,0.5
rn:mediatique:43,rn,ps,2.1,rn,8.2,8.36,8.52,8.68,8.84,9,9.14
rn:mediatique:44,rn,nouvelle_energie,13.8,rn,7.74,6.9,6.04,5.2,4.34,3.5,2.64
rn:mediatique:45,rn,renaissance,14.8,rn,13.74,12.78,11.84,10.88,9.92,8.96,8
rn:mediatique:46,rn,renaissance,6.9,rn,0.3,0.16,0.64,1.1,1.56,2.02,2.48
rn:mediatique:47,rn,ps,12.1,rn,10.58,9.8,9,8.2,7.4,6.62,5.82
rn:mediatique:48,rn,ps,12.8,rn,11.48,10.66,9.84,9.02,8.2,7.38,6.56
rn:mediatique:49,rn,horizons,7.9,rn,4.2,3.68,3.16,2.64,2.12,1.62,1.1
rn:mediatique:50,rn,lr,3,rn,7.94,8.14,8.34,8.52,8.72,8.92,9.12
rn:mediatique:51,rn,nouvelle_energie,11.1,rn,8.28,7.6,6.9,6.22,5.52,4.84,4.14
rn:mediatique:52,rn,ps,5.3,rn,1.14,1.5,1.86,2.24,2.6,2.98,3.34
rn:mediatique:53,rn,horizons,3.8,rn,2.88,3.14,3.42,3.68,3.94,4.22,4.48
rn:mediatique:54,rn,nouvelle_energie,1.8,rn,6.66,6.78,6.9,7.02,7.14,7.28,7.4
rn:mediatique:55,rn,lr,3.3,rn,7.3,7.54,7.76,7.98,8.22,8.44,8.68
rn:mediatique:56,rn,horizons,9.8,rn,4.54,3.94,3.32,2.7,2.1,1.48,0.88
rn:mediatique:57,rn,lfi,6.1,rn,6.5,6.1,5.7,5.3,4.9,4.5,4.1
rn:mediatique:58,rn,lr,10.3,rn,4.06,3.4,2.74,2.08,1.42,0.76,0.1
rn:mediatique:59,rn,nouvelle_energie,10.1,rn,6.08,5.46,4.84,4.22,3.6,2.98,2.36
rn:mediatique:60,rn,renaissance,6.1,rn,1.58,1.18,0.76,0.34,0.06,0.48,0.9
rn:mediatique:61,rn,lfi,8.6,rn,10.38,9.82,9.26,8.7,8.12,7.56,7
rn:mediatique:62,rn,horizons,7.6,rn,1.96,1.46,0.98,0.48,0.02,0.5,1
rn:mediatique:63,ps,horizons,3.6,ps,3.5,3.28,3.06,2.86,2.64,2.42,2.22
rn:mediatique:64,rn,renaissance,10.1,rn,7.46,6.82,6.16,5.5,4.84,4.18,3.52
rn:mediatique:65,rn,ps,6.8,rn,3.1,2.64,2.18,1.7,1.24,0.76,0.3
rn:mediatique:66,rn,ps,3.1,rn,2.5,2.72,2.94,3.16,3.38,3.6,3.82
rn:mediatique:67,rn,horizons,3.8,rn,2.9,3.16,3.42,3.68,3.96,4.22,4.48
rn:mediatique:68,rn,ps,5.4,rn,0.38,0.02,0.36,0.74,1.12,1.48,1.86
rn:mediatique:69,rn,ps,1.1,rn,6,6.1,6.2,6.3,6.38,6.48,6.58
rn:contrarien:0,ps,horizons,0.5,ps,2.34,2.38,2.4,2.44,2.48,2.52,2.54
rn:contrarien:1,rn,ps,2.2,rn,0.38,0.22,0.06,0.1,0.26,0.42,0.58
rn:contrarien:2,rn,ps,6,rn,2.32,1.92,1.52,1.14,0.74,0.34,0.06
rn:contrarien:3,ps,horizons,3.5,ps,0.1,0.3,0.52,0.72,0.92,1.14,1.34
rn:contrarien:4,rn,lfi,6.6,rn,7.78,7.36,6.94,6.52,6.1,5.68,5.24
rn:contrarien:5,ps,lfi,0.7,ps,2.48,2.46,2.46,2.44,2.42,2.42,2.4
rn:contrarien:6,rn,ps,0.6,rn,4.46,4.52,4.58,4.64,4.7,4.76,4.82
rn:contrarien:7,rn,ps,15.3,rn,16.12,15.16,14.18,13.22,12.26,11.28,10.32
rn:contrarien:8,ps,rn,1.3,ps,7.66,7.58,7.52,7.46,7.4,7.32,7.26
rn:contrarien:9,horizons,lfi,1.6,horizons,9.94,9.86,9.78,9.7,9.62,9.54,9.46
rn:contrarien:10,ps,lfi,2.5,ps,5.7,5.56,5.42,5.28,5.16,5.02,4.88
rn:contrarien:11,rn,horizons,1.7,rn,4.52,4.66,4.78,4.9,5.02,5.16,5.28
rn:contrarien:12,rn,nouvelle_energie,2.2,rn,7.38,7.52,7.66,7.82,7.96,8.1,8.24
rn:contrarien:13,rn,lfi,3.7,rn,2.48,2.24,2,1.76,1.52,1.3,1.06
rn:contrarien:14,rn,horizons,0.1,rn,7.86,7.88,7.9,7.92,7.94,7.96,7.98
rn:contrarien:15,horizons,nouvelle_energie,1,horizons,1.24,1.3,1.34,1.4,1.44,1.48,1.54
rn:contrarien:16,rn,rn_dissidence_19,0.4,rn,2.14,2.1,2.06,2.02,1.98,1.94,1.9
rn:contrarien:17,rn,renaissance,5.8,rn,1.12,0.7,0.3,0.1,0.52,0.92,1.34
rn:contrarien:18,rn,ps,0.2,rn,5.76,5.78,5.82,5.84,5.88,5.9,5.92
rn:contrarien:19,rn,horizons,2.8,rn,2.28,2.46,2.66,2.86,3.04,3.24,3.44
rn:contrarien:20,ps,ecologistes,1.1,ps,2.72,2.66,2.6,2.54,2.48,2.44,2.38
rn:contrarien:21,rn,ps,4.1,rn,1.82,1.54,1.24,0.96,0.66,0.38,0.08
rn:contrarien:22,horizons,nouvelle_energie,3.9,horizons,5.12,4.9,4.68,4.44,4.22,4,3.78
rn:contrarien:23,rn,lfi,5.1,rn,3.66,3.32,2.98,2.66,2.32,2,1.66
rn:contrarien:24,nouvelle_energie,rn,0.5,nouvelle_energie,6.88,6.86,6.84,6.82,6.8,6.78,6.76
rn:contrarien:25,horizons,rn,0.1,horizons,10.72,10.72,10.74,10.74,10.74,10.76,10.76
rn:contrarien:26,rn,renaissance,9.1,rn,5.42,4.82,4.22,3.64,3.04,2.44,1.84
rn:contrarien:27,rn,horizons,3.4,rn,3.2,3.42,3.66,3.9,4.12,4.36,4.6
rn:contrarien:28,nouvelle_energie,renaissance,0.1,nouvelle_energie,3.3,3.28,3.26,3.26,3.24,3.22,3.2
rn:contrarien:29,rn,rn_dissidence_18,2.2,rn,4.3,4.12,3.96,3.8,3.64,3.46,3.3
rn:contrarien:30,nouvelle_energie,renaissance,1.3,nouvelle_energie,3.34,3.24,3.16,3.06,2.98,2.88,2.8
rn:contrarien:31,rn,renaissance,5.3,rn,2.82,2.46,2.1,1.74,1.38,1.02,0.66
rn:contrarien:32,rn,ps,3.6,rn,0.8,0.54,0.28,0.02,0.24,0.5,0.76
rn:contrarien:33,rn,nouvelle_energie,5.7,rn,1.3,1.66,2,2.36,2.7,3.04,3.4
rn:contrarien:34,rn,renaissance,3.2,rn,0.3,0.06,0.16,0.38,0.6,0.82,1.06
rn:contrarien:35,rn,nouvelle_energie,3.2,rn,2.1,2.3,2.5,2.72,2.92,3.12,3.34
rn:contrarien:36,renaissance,ecologistes,0.9,renaissance,2.68,2.64,2.62,2.58,2.56,2.52,2.5
rn:contrarien:37,nouvelle_energie,rn,1.2,nouvelle_energie,10.68,10.6,10.54,10.48,10.4,10.34,10.28
rn:contrarien:38,rn,horizons,3.3,rn,4.48,4.7,4.92,5.14,5.36,5.56,5.78
rn:contrarien:39,lr,horizons,0.8,lr,2.3,2.36,2.44,2.5,2.56,2.62,2.7
rn:contrarien:40,horizons,ps,0.3,horizons,1.66,1.64,1.62,1.6,1.58,1.56,1.54
rn:contrarien:41,rn,horizons,10.6,rn,9.96,9.28,8.6,7.94,7.26,6.58,5.9
rn:contrarien:42,nouvelle_energie,rn,0.9,nouvelle_energie,10.9,10.86,10.82,10.78,10.74,10.7,10.64
rn:contrarien:43,rn,ps,0.4,rn,5.06,5.1,5.16,5.22,5.26,5.32,5.36
rn:contrarien:44,ps,rn,3.9,ps,12.6,12.36,12.14,11.9,11.66,11.44,11.2
rn:contrarien:45,rn,lr,2.4,rn,3,3.18,3.36,3.52,3.7,3.86,4.04
rn:contrarien:46,ps,horizons,3.2,ps,2.76,2.56,2.38,2.18,2,1.8,1.62
rn:contrarien:47,rn,ps,2.8,rn,4.96,5.16,5.36,5.56,5.76,5.96,6.16
rn:contrarien:48,rn,horizons,5.7,rn,0.92,0.54,0.16,0.22,0.6,0.96,1.34
rn:contrarien:49,ps,lfi,0.7,ps,4.52,4.5,4.46,4.44,4.42,4.38,4.36
rn:contrarien:50,lfi,ps,0.2,lfi,3.72,3.76,3.8,3.82,3.86,3.9,3.92
rn:contrarien:51,rn,renaissance,10.2,rn,8.16,7.52,6.86,6.2,5.56,4.9,4.24
rn:contrarien:52,rn,lfi,3.3,rn,1.06,0.84,0.64,0.44,0.22,0.02,0.18
rn:contrarien:53,ps,lr,6.5,ps,5.14,4.76,4.4,4.02,3.64,3.26,2.88
rn:contrarien:54,renaissance,lr,0.1,renaissance,1.26,1.28,1.28,1.28,1.28,1.3,1.3
rn:contrarien:55,ps,nouvelle_energie,1.1,ps,3.92,3.96,4.02,4.08,4.12,4.18,4.24
rn:contrarien:56,rn,lr,1.5,rn,2.64,2.76,2.86,2.96,3.06,3.18,3.28
rn:contrarien:57,rn,horizons,14.3,rn,11,10.1,9.2,8.32,7.42,6.54,5.64
rn:contrarien:58,lr,rn,0.1,lr,6.26,6.26,6.26,6.26,6.26,6.26,6.26
rn:contrarien:59,nouvelle_energie,lfi,3.2,nouvelle_energie,10.98,10.82,10.64,10.46,10.28,10.1,9.94
rn:contrarien:60,ps,rn,0.1,ps,6.96,6.98,6.98,7,7,7.02,7.04
rn:contrarien:61,ps,lfi,6.5,ps,11.42,11,10.6,10.2,9.78,9.38,8.98
rn:contrarien:62,ps,rn,0.4,ps,3.32,3.28,3.26,3.24,3.22,3.2,3.16
rn:contrarien:63,horizons,renaissance,0.9,horizons,2.84,2.78,2.72,2.66,2.6,2.54,2.48
rn:contrarien:64,rn,nouvelle_energie,10.2,rn,3.02,2.38,1.76,1.12,0.5,0.14,0.76
rn:contrarien:65,rn,horizons,3.5,rn,0.86,1.1,1.34,1.58,1.84,2.08,2.32
rn:contrarien:66,horizons,lr,0.8,horizons,1.82,1.78,1.74,1.68,1.64,1.6,1.56
rn:contrarien:67,rn,horizons,6.5,rn,0.78,0.36,0.06,0.48,0.88,1.3,1.72
rn:contrarien:68,horizons,renaissance,1.5,horizons,3.82,3.72,3.6,3.5,3.38,3.28,3.18
rn:contrarien:69,rn,nouvelle_energie,5.1,rn,1.38,1.7,2.02,2.34,2.66,2.98,3.3
reconquete:aleatoire:0,ps,rn,0.2,ps,3.46,3.46,3.44,3.44,3.44,3.44,3.42
reconquete:aleatoire:1,reconquete,horizons,0.6,reconquete,1.36,1.42,1.48,1.54,1.6,1.66,1.72
reconquete:aleatoire:2,ps,rn,0.4,ps,6.24,6.22,6.22,6.2,6.18,6.18,6.16
reconquete:aleatoire:3,ps,nouvelle_energie,1.2,ps,0.48,0.54,0.6,0.66,0.72,0.78,0.86
reconquete:aleatoire:4,ps,rn,0.1,ps,6.96,6.96,6.96,6.94,6.94,6.94,6.94
reconquete:aleatoire:5,ps,lfi,3.7,ps,8.02,7.8,7.58,7.36,7.12,6.9,6.68
reconquete:aleatoire:6,rn,lr,2.2,rn,7.44,7.58,7.7,7.84,7.98,8.12,8.24
reconquete:aleatoire:7,rn,ps,0.8,rn,4.5,4.56,4.62,4.66,4.72,4.78,4.82
reconquete:aleatoire:8,rn,horizons,0.4,rn,7.94,7.98,8,8.04,8.08,8.12,8.14
reconquete:aleatoire:9,ps,rn,0,ps,3.6,3.62,3.62,3.62,3.64,3.64,3.64
reconquete:aleatoire:10,ps,rn,0.2,ps,4.9,4.9,4.9,4.88,4.88,4.88,4.88
reconquete:aleatoire:11,rn,renaissance,0.8,rn,5.06,5.12,5.18,5.24,5.3,5.36,5.42
reconquete:aleatoire:12,rn,horizons,2.8,rn,5.06,5.24,5.42,5.6,5.78,5.96,6.12
reconquete:aleatoire:13,rn,ps,0.4,rn,3.7,3.74,3.76,3.8,3.84,3.86,3.9
reconquete:aleatoire:14,rn,renaissance,3.2,rn,2.26,2.48,2.68,2.9,3.12,3.34,3.56
reconquete:aleatoire:15,rn,nouvelle_energie,4.8,rn,4.64,4.94,5.22,5.52,5.82,6.12,6.4
reconquete:aleatoire:16,ps,horizons,1,ps,2.42,2.48,2.54,2.6,2.66,2.72,2.78
reconquete:aleatoire:17,horizons,nouvelle_energie,0.7,horizons,0.26,0.22,0.2,0.16,0.12,0.1,0.06
reconquete:aleatoire:18,rn,horizons,3.4,rn,3.72,3.94,4.16,4.38,4.58,4.8,5.02
reconquete:aleatoire:19,rn,lfi,3.5,rn,4.38,4.18,3.96,3.76,3.54,3.34,3.12
reconquete:aleatoire:20,nouvelle_energie,rn,2.8,nouvelle_energie,12.88,12.7,12.52,12.34,12.16,12,11.82
reconquete:aleatoire:21,rn,ps,0.3,rn,3.6,3.64,3.66,3.7,3.72,3.76,3.78
reconquete:aleatoire:22,rn,horizons,3.6,rn,0.98,1.22,1.44,1.68,1.92,2.14,2.38
reconquete:aleatoire:23,lr,rn,0.1,lr,7.54,7.54,7.52,7.52,7.5,7.5,7.5
reconquete:aleatoire:24,rn,horizons,1.5,rn,6.6,6.7,6.8,6.9,7,7.08,7.18
reconquete:aleatoire:25,horizons,ps,0.2,horizons,2.34,2.34,2.32,2.3,2.3,2.28,2.26
reconquete:aleatoire:26,ps,horizons,3,ps,0.02,0.16,0.34,0.52,0.7,0.88,1.06
reconquete:aleatoire:27,renaissance,rn,0.1,renaissance,8.24,8.24,8.26,8.26,8.26,8.26,8.26
reconquete:aleatoire:28,rn,renaissance,2.1,rn,2.3,2.46,2.6,2.74,2.88,3.04,3.18
reconquete:aleatoire:29,rn,nouvelle_energie,0.3,rn,7.76,7.78,7.78,7.8,7.8,7.82,7.82
reconquete:aleatoire:30,rn,ps,2.2,rn,1.4,1.54,1.68,1.84,1.98,2.12,2.28
reconquete:aleatoire:31,rn,ps,0.2,rn,5.54,5.56,5.58,5.6,5.62,5.62,5.64
reconquete:aleatoire:32,ps,rn,1.4,ps,4.92,4.84,4.74,4.66,4.58,4.5,4.42
reconquete:aleatoire:33,rn,ps,2.4,rn,0.5,0.34,0.18,0.04,0.12,0.28,0.44
reconquete:aleatoire:34,rn,nouvelle_energie,3.6,rn,4.6,4.82,5.04,5.26,5.48,5.68,5.9
reconquete:aleatoire:35,ps,rn,1.5,ps,3.3,3.22,3.12,3.04,2.94,2.84,2.76
reconquete:aleatoire:36,rn,horizons,3.5,rn,2.32,2.54,2.76,3,3.22,3.46,3.68
reconquete:aleatoire:37,rn,nouvelle_energie,5.4,rn,3.16,3.5,3.82,4.16,4.48,4.8,5.14
reconquete:aleatoire:38,rn,ps,0.1,rn,3.1,3.12,3.12,3.14,3.14,3.16,3.16
reconquete:aleatoire:39,rn,nouvelle_energie,5.1,rn,3.96,4.26,4.56,4.86,5.16,5.46,5.78
reconquete:aleatoire:40,rn,reconquete,4.2,rn,1.76,1.48,1.22,0.94,0.68,0.4,0.14
reconquete:aleatoire:41,nouvelle_energie,rn,1.2,nouvelle_energie,11.96,11.88,11.8,11.72,11.64,11.56,11.48
reconquete:aleatoire:42,rn,lfi,1.2,rn,2.98,3.04,3.1,3.16,3.22,3.28,3.34
reconquete:aleatoire:43,rn,lr,0.1,rn,7.92,7.92,7.94,7.94,7.94,7.94,7.96
reconquete:aleatoire:44,rn,renaissance,3.1,rn,1.94,2.14,2.34,2.54,2.74,2.94,3.14
reconquete:aleatoire:45,nouvelle_energie,ps,0.4,nouvelle_energie,4.42,4.4,4.36,4.34,4.3,4.28,4.24
reconquete:aleatoire:46,ps,rn,2.6,ps,9.74,9.56,9.4,9.24,9.08,8.9,8.74
reconquete:aleatoire:47,renaissance,ps,1.2,renaissance,2.7,2.62,2.56,2.48,2.42,2.36,2.28
reconquete:aleatoire:48,rn,renaissance,0.5,rn,6.9,6.94,6.98,7.02,7.06,7.12,7.16
reconquete:aleatoire:49,ps,rn,0.1,ps,6.18,6.18,6.18,6.18,6.18,6.18,6.18
reconquete:aleatoire:50,rn,ps,1,rn,2.08,2.14,2.22,2.28,2.36,2.44,2.5
reconquete:aleatoire:51,ps,rn,0,ps,5.46,5.46,5.48,5.48,5.5,5.5,5.5
reconquete:aleatoire:52,rn,ps,3.5,rn,0.46,0.68,0.92,1.16,1.38,1.62,1.86
reconquete:aleatoire:53,rn,reconquete,2.2,rn,0.86,0.72,0.58,0.44,0.3,0.16,0.04
reconquete:aleatoire:54,rn,horizons,0.5,rn,9.22,9.26,9.3,9.34,9.38,9.42,9.46
reconquete:aleatoire:55,ps,rn,0.3,ps,6.7,6.68,6.68,6.66,6.64,6.62,6.6
reconquete:aleatoire:56,rn,ps,1.9,rn,2.36,2.48,2.6,2.72,2.84,2.98,3.1
reconquete:aleatoire:57,ps,horizons,2.5,ps,1.9,1.76,1.6,1.44,1.28,1.14,0.98
reconquete:aleatoire:58,rn,horizons,5.4,rn,3.82,4.14,4.48,4.8,5.12,5.46,5.78
reconquete:aleatoire:59,horizons,rn,0.9,horizons,8.52,8.48,8.44,8.38,8.34,8.28,8.24
reconquete:aleatoire:60,rn,nouvelle_energie,3.8,rn,2.36,2.6,2.84,3.08,3.32,3.56,3.8
reconquete:aleatoire:61,nouvelle_energie,ps,0.6,nouvelle_energie,2.08,2.04,2,1.96,1.9,1.86,1.82
reconquete:aleatoire:62,rn,renaissance,3.6,rn,0.3,0.08,0.16,0.4,0.64,0.86,1.1
reconquete:aleatoire:63,ps,rn,0.9,ps,6.84,6.78,6.74,6.68,6.62,6.58,6.52
reconquete:aleatoire:64,rn,nouvelle_energie,6.5,rn,2.6,2.98,3.38,3.76,4.16,4.54,4.94
reconquete:aleatoire:65,rn,nouvelle_energie,0.1,rn,8.66,8.66,8.66,8.66,8.66,8.66,8.68
reconquete:aleatoire:66,rn,ps,2.3,rn,1.32,1.48,1.62,1.78,1.92,2.08,2.22
reconquete:aleatoire:67,rn,ps,0.2,rn,5.56,5.58,5.6,5.64,5.66,5.68,5.7
reconquete:aleatoire:68,rn,ps,1.7,rn,1.34,1.46,1.56,1.68,1.8,1.9,2.02
reconquete:aleatoire:69,horizons,ps,2.1,horizons,4.82,4.7,4.58,4.46,4.32,4.2,4.08
reconquete:prudent:0,rn,horizons,2.8,rn,1.58,1.76,1.94,2.12,2.3,2.5,2.68
reconquete:prudent:1,rn,horizons,1.9,rn,5.46,5.58,5.72,5.84,5.96,6.08,6.2
reconquete:prudent:2,rn,horizons,3.2,rn,2.26,2.46,2.66,2.86,3.06,3.26,3.46
reconquete:prudent:3,rn,reconquete,3.4,rn,0.74,0.96,1.18,1.4,1.62,1.84,2.06
reconquete:prudent:4,lr,renaissance,0.3,lr,2.16,2.18,2.22,2.24,2.28,2.3,2.34
reconquete:prudent:5,horizons,nouvelle_energie,0.5,horizons,0.5,0.52,0.56,0.58,0.6,0.62,0.64
reconquete:prudent:6,horizons,ps,0.6,horizons,4.06,4.02,3.98,3.94,3.9,3.86,3.84
reconquete:prudent:7,ps,nouvelle_energie,0.9,ps,2.12,2.16,2.2,2.24,2.3,2.34,2.38
reconquete:prudent:8,rn,ps,2.9,rn,1.76,1.58,1.4,1.22,1.02,0.84,0.66
reconquete:prudent:9,ps,lr,2.7,ps,0.28,0.12,0.04,0.2,0.36,0.52,0.68
reconquete:prudent:10,rn,horizons,0.2,rn,5.38,5.4,5.42,5.46,5.48,5.5,5.52
reconquete:prudent:11,rn,nouvelle_energie,4.6,rn,2.1,2.38,2.64,2.92,3.2,3.48,3.74
reconquete:prudent:12,ps,rn,0,ps,2.56,2.56,2.58,2.58,2.58,2.58,2.58
reconquete:prudent:13,horizons,ps,2.4,horizons,4.52,4.38,4.24,4.1,3.96,3.82,3.66
reconquete:prudent:14,reconquete,rn,2.3,reconquete,7.32,7.14,6.98,6.8,6.64,6.46,6.3
reconquete:prudent:15,rn,lr,1,rn,6.74,6.8,6.88,6.94,7,7.06,7.12
reconquete:prudent:16,rn,ps,0.8,rn,2.42,2.46,2.52,2.58,2.64,2.7,2.76
reconquete:prudent:17,rn,nouvelle_energie,1.2,rn,5.52,5.6,5.68,5.74,5.82,5.88,5.96
reconquete:prudent:18,rn,ps,1.7,rn,0.32,0.44,0.54,0.66,0.78,0.9,1
reconquete:prudent:19,reconquete,rn,1,reconquete,7.5,7.4,7.32,7.24,7.16,7.08,6.98
reconquete:prudent:20,rn,ps,1.2,rn,1.96,2.04,2.12,2.2,2.28,2.36,2.44
reconquete:prudent:21,rn,horizons,2.5,rn,4.88,5.04,5.2,5.34,5.5,5.66,5.82
reconquete:prudent:22,ps,rn,0.2,ps,4.56,4.54,4.54,4.52,4.52,4.5,4.48
reconquete:prudent:23,lfi,nouvelle_energie,0.2,lfi,6.4,6.44,6.46,6.48,6.52,6.54,6.56
reconquete:prudent:24,rn,ps,2.4,rn,2.72,2.88,3.04,3.2,3.36,3.52,3.68
reconquete:prudent:25,rn,renaissance,4.1,rn,0.5,0.22,0.04,0.32,0.58,0.86,1.12
reconquete:prudent:26,rn,ps,3.8,rn,0.66,0.92,1.16,1.4,1.66,1.9,2.14
reconquete:prudent:27,rn,horizons,1.8,rn,5.28,5.4,5.52,5.64,5.76,5.86,5.98
reconquete:prudent:28,rn,ps,2,rn,1.98,2.12,2.24,2.38,2.52,2.66,2.78
reconquete:prudent:29,rn,ps,0.7,rn,2.66,2.72,2.76,2.82,2.88,2.92,2.98
reconquete:prudent:30,rn,reconquete,4.3,rn,1.5,1.22,0.96,0.68,0.4,0.12,0.14
reconquete:prudent:31,rn,ps,3,rn,0.36,0.56,0.76,0.94,1.14,1.34,1.54
reconquete:prudent:32,rn,horizons,1.6,rn,6,6.1,6.2,6.32,6.42,6.52,6.64
reconquete:prudent:33,rn,ps,0.8,rn,4.5,4.56,4.62,4.68,4.72,4.78,4.84
reconquete:prudent:34,ps,nouvelle_energie,0.4,ps,4.64,4.66,4.66,4.68,4.68,4.7,4.7
reconquete:prudent:35,ps,lr,5.6,ps,5.04,4.72,4.4,4.06,3.74,3.42,3.1
reconquete:prudent:36,rn,horizons,2.4,rn,3.94,4.1,4.26,4.42,4.56,4.72,4.88
reconquete:prudent:37,rn,ps,2,rn,2.08,2.22,2.34,2.48,2.6,2.74,2.88
reconquete:prudent:38,rn,ps,2.5,rn,2.48,2.66,2.82,2.98,3.14,3.3,3.48
reconquete:prudent:39,rn,ps,0.4,rn,4.8,4.84,4.88,4.9,4.94,4.98,5
reconquete:prudent:40,rn,nouvelle_energie,0.4,rn,4.9,4.92,4.94,4.96,4.98,5,5.02
reconquete:prudent:41,ps,rn,0.8,ps,5.2,5.16,5.1,5.06,5.02,4.96,4.92
reconquete:prudent:42,ps,rn,1.4,ps,6.82,6.74,6.66,6.58,6.5,6.42,6.34
reconquete:prudent:43,reconquete,rn,0.8,reconquete,6.34,6.26,6.18,6.1,6.02,5.94,5.86
reconquete:prudent:44,rn,renaissance,4.8,rn,1.68,1.38,1.06,0.76,0.46,0.14,0.16
reconquete:prudent:45,rn,horizons,1.6,rn,5.84,5.94,6.04,6.16,6.26,6.36,6.48
reconquete:prudent:46,rn,nouvelle_energie,2.9,rn,2.22,2.4,2.58,2.76,2.94,3.12,3.3
reconquete:prudent:47,nouvelle_energie,ps,0.2,nouvelle_energie,6.14,6.12,6.1,6.06,6.04,6.02,6
reconquete:prudent:48,rn,reconquete,2,rn,2.46,2.6,2.72,2.84,2.98,3.1,3.22
reconquete:prudent:49,rn,horizons,5.1,rn,0.56,0.88,1.22,1.54,1.86,2.2,2.52
reconquete:prudent:50,rn,horizons,3.8,rn,0.96,1.2,1.44,1.68,1.92,2.16,2.4
reconquete:prudent:51,rn,nouvelle_energie,3,rn,3.08,3.26,3.44,3.62,3.8,3.98,4.16
reconquete:prudent:52,rn,horizons,0.2,rn,8.88,8.9,8.92,8.94,8.94,8.96,8.98
reconquete:prudent:53,reconquete,ps,2.1,reconquete,1.8,1.66,1.52,1.4,1.26,1.12,0.98
reconquete:prudent:54,rn,reconquete,0.5,rn,5.18,5.2,5.22,5.22,5.24,5.26,5.28
reconquete:prudent:55,rn,horizons,1.8,rn,6.9,7.02,7.14,7.24,7.36,7.48,7.58
reconquete:prudent:56,rn,ps,1.2,rn,4.06,4.16,4.24,4.32,4.4,4.5,4.58
reconquete:prudent:57,nouvelle_energie,ps,0,nouvelle_energie,4.68,4.68,4.68,4.66,4.66,4.66,4.66
reconquete:prudent:58,horizons,rn,1.5,horizons,8.58,8.5,8.42,8.34,8.26,8.18,8.1
reconquete:prudent:59,nouvelle_energie,lr,1.1,nouvelle_energie,4.62,4.54,4.48,4.4,4.32,4.26,4.18
reconquete:prudent:60,rn,nouvelle_energie,1.8,rn,6.68,6.78,6.88,6.98,7.08,7.18,7.28
reconquete:prudent:61,ps,horizons,0.1,ps,3.26,3.26,3.28,3.28,3.28,3.3,3.3
reconquete:prudent:62,ps,nouvelle_energie,1.7,ps,3.34,3.42,3.52,3.6,3.68,3.78,3.86
reconquete:prudent:63,reconquete,renaissance,0.8,reconquete,4.26,4.18,4.1,4.04,3.96,3.88,3.8
reconquete:prudent:64,rn,ps,0.2,rn,2.26,2.28,2.3,2.32,2.32,2.34,2.36
reconquete:prudent:65,ps,nouvelle_energie,1,ps,0.96,1,1.06,1.12,1.18,1.22,1.28
reconquete:prudent:66,rn,ps,1.2,rn,4.68,4.76,4.86,4.94,5.02,5.1,5.18
reconquete:prudent:67,rn,ps,0.1,rn,2.1,2.1,2.12,2.12,2.14,2.14,2.16
reconquete:prudent:68,rn,horizons,1.4,rn,5.92,6.02,6.1,6.2,6.28,6.38,6.46
reconquete:prudent:69,rn,horizons,1.5,rn,7.54,7.62,7.72,7.82,7.92,8.02,8.12
reconquete:risque:0,rn,ps,0.1,rn,3.24,3.26,3.26,3.28,3.3,3.3,3.32
reconquete:risque:1,horizons,renaissance,0.3,horizons,1.94,1.92,1.9,1.88,1.86,1.84,1.82
reconquete:risque:2,rn,lfi,2.3,rn,0.24,0.38,0.52,0.66,0.78,0.92,1.06
reconquete:risque:3,horizons,nouvelle_energie,0,horizons,3.86,3.86,3.84,3.84,3.84,3.84,3.84
reconquete:risque:4,rn,ps,0.5,rn,2.3,2.34,2.38,2.42,2.46,2.5,2.54
reconquete:risque:5,rn,ps,2.4,rn,0.36,0.52,0.68,0.86,1.02,1.18,1.34
reconquete:risque:6,rn,horizons,3.1,rn,4.68,4.88,5.08,5.28,5.48,5.66,5.86
reconquete:risque:7,reconquete,rn,1,reconquete,2.32,2.24,2.16,2.06,1.98,1.88,1.8
reconquete:risque:8,rn,ps,1.8,rn,2.44,2.56,2.68,2.8,2.92,3.04,3.16
reconquete:risque:9,rn,nouvelle_energie,2.6,rn,4.64,4.8,4.96,5.12,5.28,5.44,5.6
reconquete:risque:10,rn,reconquete,3.2,rn,4.1,3.9,3.7,3.5,3.32,3.12,2.92
reconquete:risque:11,rn,horizons,2.3,rn,4.18,4.34,4.48,4.64,4.78,4.94,5.1
reconquete:risque:12,rn,horizons,3.3,rn,2.48,2.7,2.92,3.12,3.34,3.56,3.76
reconquete:risque:13,lr,nouvelle_energie,0.6,lr,3.16,3.2,3.22,3.26,3.28,3.32,3.34
reconquete:risque:14,rn,lr,3,rn,3.62,3.8,3.98,4.16,4.34,4.54,4.72
reconquete:risque:15,nouvelle_energie,ps,0.1,nouvelle_energie,2.38,2.38,2.36,2.34,2.34,2.32,2.3
reconquete:risque:16,rn,horizons,1.9,rn,6.48,6.6,6.72,6.84,6.96,7.08,7.2
reconquete:risque:17,rn,ps,1.1,rn,2.82,2.9,2.96,3.04,3.12,3.2,3.28
reconquete:risque:18,ps,horizons,3,ps,1.66,1.48,1.3,1.12,0.94,0.74,0.56
reconquete:risque:19,reconquete,ps,1.6,reconquete,0.3,0.42,0.54,0.66,0.76,0.88,1
reconquete:risque:20,ps,lfi,2.6,ps,8.04,7.9,7.74,7.6,7.44,7.28,7.14
reconquete:risque:21,nouvelle_energie,rn,0.8,nouvelle_energie,9.02,8.96,8.92,8.88,8.82,8.78,8.74
reconquete:risque:22,reconquete,rn,5.3,reconquete,11.04,10.66,10.28,9.9,9.52,9.14,8.76
reconquete:risque:23,horizons,rn,1.1,horizons,7.36,7.28,7.22,7.16,7.1,7.04,6.98
reconquete:risque:24,horizons,lfi,3.2,horizons,8.06,7.88,7.7,7.52,7.36,7.18,7
reconquete:risque:25,rn,lr,1.8,rn,2.54,2.66,2.76,2.88,3,3.12,3.24
reconquete:risque:26,horizons,reconquete,0.8,horizons,0.04,0.02,0,0.02,0.04,0.08,0.1
reconquete:risque:27,horizons,lr,2.1,horizons,2.94,2.82,2.72,2.6,2.48,2.36,2.24
reconquete:risque:28,rn,nouvelle_energie,1,rn,7.2,7.26,7.32,7.38,7.44,7.48,7.54
reconquete:risque:29,rn,lfi,1.8,rn,1.88,1.76,1.66,1.56,1.46,1.36,1.26
reconquete:risque:30,ps,renaissance,1,ps,0.44,0.38,0.3,0.22,0.16,0.08,0
reconquete:risque:31,reconquete,rn,1.9,reconquete,6.38,6.24,6.1,5.94,5.8,5.64,5.5
reconquete:risque:32,reconquete,rn,0.6,reconquete,4.36,4.3,4.24,4.18,4.12,4.06,4
reconquete:risque:33,rn,reconquete,1.4,rn,0.74,0.82,0.9,0.98,1.08,1.16,1.24
reconquete:risque:34,rn,ps,1.2,rn,2.1,2.18,2.26,2.34,2.42,2.5,2.6
reconquete:risque:35,ps,rn,0.7,ps,3.54,3.52,3.48,3.44,3.4,3.36,3.32
reconquete:risque:36,ps,horizons,4.3,ps,1.56,1.3,1.04,0.78,0.52,0.26,0
reconquete:risque:37,ps,rn,1.1,ps,7.8,7.74,7.66,7.6,7.54,7.46,7.4
reconquete:risque:38,reconquete,ps,2.2,reconquete,1.88,1.72,1.56,1.4,1.22,1.06,0.9
reconquete:risque:39,ps,rn,1.9,ps,7.42,7.3,7.18,7.08,6.96,6.86,6.74
reconquete:risque:40,rn,renaissance,1.4,rn,4.02,4.12,4.24,4.34,4.44,4.54,4.66
reconquete:risque:41,ps,horizons,1.4,ps,3.06,3.16,3.24,3.32,3.4,3.48,3.58
reconquete:risque:42,rn,nouvelle_energie,2.1,rn,8.6,8.72,8.84,8.96,9.08,9.2,9.32
reconquete:risque:43,ps,rn,1.7,ps,6.34,6.24,6.14,6.04,5.92,5.82,5.72
reconquete:risque:44,horizons,lfi,2,horizons,10.92,10.82,10.7,10.6,10.5,10.4,10.3
reconquete:risque:45,rn,lr,1.7,rn,2.34,2.46,2.56,2.68,2.78,2.9,3
reconquete:risque:46,ps,renaissance,1.8,ps,1.28,1.16,1.04,0.92,0.8,0.68,0.56
reconquete:risque:47,lr,ps,0.8,lr,2.16,2.12,2.06,2,1.96,1.9,1.84
reconquete:risque:48,reconquete,nouvelle_energie,0.6,reconquete,6.16,6.2,6.26,6.3,6.36,6.4,6.46
reconquete:risque:49,rn,reconquete,2.1,rn,0.1,0.22,0.36,0.48,0.6,0.72,0.84
reconquete:risque:50,ps,rn,0.1,ps,3.54,3.54,3.54,3.54,3.52,3.52,3.52
reconquete:risque:51,reconquete,horizons,2.3,reconquete,0.36,0.52,0.68,0.84,1,1.18,1.34
reconquete:risque:52,nouvelle_energie,horizons,1.7,nouvelle_energie,2.74,2.62,2.5,2.4,2.28,2.18,2.06
reconquete:risque:53,ps,rn,1.6,ps,8.92,8.82,8.72,8.64,8.54,8.44,8.34
reconquete:risque:54,ps,rn,2.2,ps,9.78,9.64,9.52,9.38,9.26,9.12,9
reconquete:risque:55,nouvelle_energie,ps,0.2,nouvelle_energie,5.74,5.72,5.68,5.66,5.64,5.6,5.58
reconquete:risque:56,reconquete,rn,2.5,reconquete,8.84,8.64,8.46,8.26,8.06,7.86,7.68
reconquete:risque:57,reconquete,rn,1.5,reconquete,4.64,4.52,4.4,4.28,4.16,4.02,3.9
reconquete:risque:58,rn,lr,2.3,rn,2.42,2.56,2.72,2.86,3,3.16,3.3
reconquete:risque:59,rn,nouvelle_energie,0.1,rn,10.78,10.78,10.78,10.78,10.78,10.8,10.8
reconquete:risque:60,rn,reconquete,2,rn,1.16,1.04,0.92,0.82,0.7,0.6,0.48
reconquete:risque:61,ecologistes,renaissance,0.1,ecologistes,0.24,0.26,0.28,0.3,0.32,0.34,0.36
reconquete:risque:62,rn,ps,0.2,rn,4.2,4.22,4.24,4.26,4.3,4.32,4.34
reconquete:risque:63,ps,lr,1.9,ps,0.04,0.08,0.2,0.3,0.42,0.52,0.64
reconquete:risque:64,ps,renaissance,1.7,ps,4.54,4.44,4.32,4.2,4.08,3.98,3.86
reconquete:risque:65,renaissance,ps,0.6,renaissance,1.2,1.16,1.14,1.1,1.08,1.04,1.02
reconquete:risque:66,rn,ps,3.4,rn,0.56,0.78,1,1.22,1.44,1.68,1.9
reconquete:risque:67,reconquete,rn,2.7,reconquete,6.58,6.4,6.2,6,5.8,5.62,5.42
reconquete:risque:68,rn,nouvelle_energie,0.2,rn,8.6,8.6,8.62,8.62,8.62,8.62,8.64
reconquete:risque:69,rn,reconquete,2.4,rn,0.38,0.54,0.68,0.82,0.98,1.12,1.26
reconquete:ideologiquement_coherent:0,ps,horizons,1.8,ps,1.92,2.04,2.14,2.24,2.34,2.46,2.56
reconquete:ideologiquement_coherent:1,ps,rn,1.8,ps,6.68,6.58,6.46,6.36,6.24,6.14,6.02
reconquete:ideologiquement_coherent:2,rn,ps,3.1,rn,1.5,1.72,1.92,2.14,2.34,2.56,2.76
reconquete:ideologiquement_coherent:3,rn,renaissance,1.5,rn,0.96,1.06,1.16,1.26,1.36,1.46,1.56
reconquete:ideologiquement_coherent:4,rn,horizons,0.9,rn,8.3,8.36,8.42,8.48,8.54,8.6,8.66
reconquete:ideologiquement_coherent:5,rn,ps,2.8,rn,0.78,0.58,0.4,0.22,0.02,0.16,0.36
reconquete:ideologiquement_coherent:6,rn,horizons,1.4,rn,5,5.08,5.18,5.28,5.38,5.46,5.56
reconquete:ideologiquement_coherent:7,rn,nouvelle_energie,3,rn,5.16,5.34,5.52,5.7,5.86,6.04,6.22
reconquete:ideologiquement_coherent:8,ps,lfi,0.5,ps,3,2.98,2.98,2.98,2.96,2.96,2.94
reconquete:ideologiquement_coherent:9,rn,ps,0.9,rn,4.48,4.54,4.6,4.66,4.72,4.78,4.84
reconquete:ideologiquement_coherent:10,ps,horizons,1.8,ps,1.22,1.32,1.44,1.54,1.66,1.76,1.88
reconquete:ideologiquement_coherent:11,rn,horizons,2.5,rn,0.92,1.08,1.24,1.42,1.58,1.74,1.9
reconquete:ideologiquement_coherent:12,horizons,rn,0.4,horizons,8.86,8.84,8.82,8.8,8.78,8.76,8.74
reconquete:ideologiquement_coherent:13,rn,reconquete,0.9,rn,1.6,1.64,1.7,1.76,1.8,1.86,1.9
reconquete:ideologiquement_coherent:14,rn,ps,1.1,rn,2.84,2.92,3,3.08,3.16,3.26,3.34
reconquete:ideologiquement_coherent:15,rn,ps,0.9,rn,2.04,2.1,2.16,2.22,2.28,2.34,2.4
reconquete:ideologiquement_coherent:16,ps,ecologistes,0.4,ps,1.42,1.42,1.4,1.38,1.38,1.36,1.34
reconquete:ideologiquement_coherent:17,rn,ps,1.1,rn,0.08,0,0.08,0.16,0.24,0.32,0.4
reconquete:ideologiquement_coherent:18,rn,renaissance,2.5,rn,2.4,2.56,2.74,2.9,3.06,3.22,3.4
reconquete:ideologiquement_coherent:19,horizons,rn,0.1,horizons,4.5,4.52,4.52,4.52,4.54,4.54,4.54
reconquete:ideologiquement_coherent:20,reconquete,ps,1,reconquete,1.8,1.72,1.62,1.54,1.44,1.36,1.26
reconquete:ideologiquement_coherent:21,rn,ps,2.5,rn,0.52,0.7,0.86,1.04,1.2,1.36,1.54
reconquete:ideologiquement_coherent:22,ps,rn,2.5,ps,6.26,6.1,5.96,5.8,5.64,5.48,5.34
reconquete:ideologiquement_coherent:23,rn,lr,2,rn,5.26,5.4,5.52,5.64,5.76,5.9,6.02
reconquete:ideologiquement_coherent:24,rn,nouvelle_energie,1.4,rn,4.92,5,5.08,5.16,5.26,5.34,5.42
reconquete:ideologiquement_coherent:25,rn,horizons,4.3,rn,2.08,2.34,2.6,2.86,3.14,3.4,3.66
reconquete:ideologiquement_coherent:26,reconquete,ecologistes,1.8,reconquete,3.32,3.22,3.1,2.98,2.88,2.76,2.64
reconquete:ideologiquement_coherent:27,rn,ps,4.4,rn,3.56,3.28,2.98,2.7,2.4,2.12,1.82
reconquete:ideologiquement_coherent:28,lr,rn,0.9,lr,9.26,9.2,9.16,9.1,9.04,8.98,8.92
reconquete:ideologiquement_coherent:29,reconquete,lr,0.3,reconquete,0.82,0.82,0.8,0.78,0.76,0.74,0.72
reconquete:ideologiquement_coherent:30,rn,renaissance,2.8,rn,1.78,1.96,2.16,2.36,2.54,2.74,2.94
reconquete:ideologiquement_coherent:31,rn,ps,0.4,rn,4.98,5,5.04,5.06,5.1,5.14,5.16
reconquete:ideologiquement_coherent:32,rn,reconquete,0.3,rn,1.32,1.32,1.32,1.32,1.34,1.34,1.34
reconquete:ideologiquement_coherent:33,rn,horizons,0.6,rn,6.8,6.84,6.9,6.94,6.98,7.04,7.08
reconquete:ideologiquement_coherent:34,rn,horizons,3.7,rn,2.34,2.58,2.8,3.04,3.28,3.52,3.76
reconquete:ideologiquement_coherent:35,ps,rn,2.7,ps,8.36,8.2,8.04,7.86,7.7,7.54,7.38
reconquete:ideologiquement_coherent:36,horizons,nouvelle_energie,0.6,horizons,1.92,1.94,1.98,2,2.04,2.06,2.1
reconquete:ideologiquement_coherent:37,rn,horizons,1.4,rn,5.88,5.96,6.06,6.14,6.24,6.32,6.4
reconquete:ideologiquement_coherent:38,rn,horizons,1.7,rn,3.12,3.24,3.34,3.44,3.56,3.66,3.76
reconquete:ideologiquement_coherent:39,rn,renaissance,2.2,rn,3.8,3.94,4.1,4.26,4.4,4.56,4.7
reconquete:ideologiquement_coherent:40,rn,nouvelle_energie,3.2,rn,3.5,3.7,3.9,4.08,4.28,4.48,4.66
reconquete:ideologiquement_coherent:41,rn,reconquete,0.1,rn,2.72,2.7,2.7,2.7,2.68,2.68,2.68
reconquete:ideologiquement_coherent:42,horizons,rn,0,horizons,9.66,9.66,9.68,9.68,9.68,9.68,9.68
reconquete:ideologiquement_coherent:43,rn,nouvelle_energie,0.9,rn,6.6,6.66,6.7,6.76,6.82,6.88,6.92
reconquete:ideologiquement_coherent:44,ps,reconquete,1.1,ps,0.34,0.3,0.26,0.2,0.16,0.12,0.08
reconquete:ideologiquement_coherent:45,rn,renaissance,1.9,rn,2,2.12,2.26,2.38,2.5,2.64,2.76
reconquete:ideologiquement_coherent:46,rn,ps,1.3,rn,0.7,0.6,0.52,0.42,0.34,0.24,0.14
reconquete:ideologiquement_coherent:47,horizons,lfi,1.5,horizons,9.86,9.78,9.7,9.64,9.56,9.48,9.4
reconquete:ideologiquement_coherent:48,ps,horizons,1.3,ps,0.78,0.86,0.94,1.02,1.1,1.18,1.26
reconquete:ideologiquement_coherent:49,rn,horizons,2,rn,2.62,2.74,2.86,3,3.12,3.26,3.38
reconquete:ideologiquement_coherent:50,rn,ps,1.2,rn,1.16,1.24,1.32,1.4,1.48,1.56,1.64
reconquete:ideologiquement_coherent:51,horizons,nouvelle_energie,4.7,horizons,4.96,4.68,4.42,4.14,3.86,3.6,3.32
reconquete:ideologiquement_coherent:52,ps,renaissance,2.4,ps,1.88,1.72,1.58,1.42,1.26,1.12,0.96
reconquete:ideologiquement_coherent:53,rn,reconquete,3,rn,2.4,2.2,2,1.82,1.62,1.42,1.24
reconquete:ideologiquement_coherent:54,rn,ps,3.9,rn,2.38,2.12,1.86,1.6,1.36,1.1,0.84
reconquete:ideologiquement_coherent:55,rn,horizons,2.5,rn,3.58,3.76,3.92,4.08,4.24,4.4,4.56
reconquete:ideologiquement_coherent:56,reconquete,rn,1.4,reconquete,5.08,4.98,4.86,4.76,4.64,4.54,4.42
reconquete:ideologiquement_coherent:57,ps,rn,0.2,ps,6.3,6.3,6.28,6.28,6.28,6.26,6.26
reconquete:ideologiquement_coherent:58,reconquete,rn,1.5,reconquete,4.46,4.34,4.22,4.1,3.96,3.84,3.72
reconquete:ideologiquement_coherent:59,horizons,reconquete,1.8,horizons,6.12,6.04,5.96,5.88,5.8,5.7,5.62
reconquete:ideologiquement_coherent:60,lr,horizons,1.8,lr,1.32,1.2,1.08,0.96,0.84,0.74,0.62
reconquete:ideologiquement_coherent:61,rn,lfi,0.9,rn,1.44,1.4,1.36,1.3,1.26,1.22,1.18
reconquete:ideologiquement_coherent:62,nouvelle_energie,reconquete,0.9,nouvelle_energie,9.16,9.1,9.06,9,8.96,8.9,8.86
reconquete:ideologiquement_coherent:63,rn,ps,1.7,rn,2.54,2.64,2.76,2.88,3,3.1,3.22
reconquete:ideologiquement_coherent:64,ps,rn,0.9,ps,3.06,3,2.96,2.9,2.86,2.8,2.76
reconquete:ideologiquement_coherent:65,rn,lfi,0.7,rn,0.64,0.62,0.6,0.58,0.54,0.52,0.5
reconquete:ideologiquement_coherent:66,ps,rn,1.1,ps,3.24,3.18,3.12,3.06,3,2.94,2.88
reconquete:ideologiquement_coherent:67,ps,lr,2.1,ps,1.56,1.68,1.8,1.92,2.04,2.14,2.26
reconquete:ideologiquement_coherent:68,rn,nouvelle_energie,2.1,rn,5.38,5.5,5.64,5.76,5.9,6.02,6.16
reconquete:ideologiquement_coherent:69,rn,horizons,3.4,rn,2.26,2.48,2.7,2.92,3.14,3.34,3.56
reconquete:opportuniste_electoral:0,horizons,rn,0.2,horizons,8.02,8,8,7.98,7.98,7.96,7.96
reconquete:opportuniste_electoral:1,rn,ps,3.5,rn,0.92,1.16,1.38,1.62,1.86,2.08,2.32
reconquete:opportuniste_electoral:2,rn,nouvelle_energie,2.7,rn,3.58,3.74,3.9,4.06,4.22,4.38,4.54
reconquete:opportuniste_electoral:3,ps,lfi,0.5,ps,3.32,3.32,3.3,3.28,3.28,3.26,3.26
reconquete:opportuniste_electoral:4,rn,horizons,4.3,rn,1.38,1.64,1.92,2.2,2.46,2.74,3.02
reconquete:opportuniste_electoral:5,ps,horizons,0.5,ps,1.66,1.64,1.62,1.58,1.56,1.54,1.52
reconquete:opportuniste_electoral:6,rn,lfi,1.4,rn,0.12,0.04,0.04,0.12,0.18,0.26,0.34
reconquete:opportuniste_electoral:7,ps,rn,0.4,ps,3.9,3.88,3.86,3.84,3.82,3.82,3.8
reconquete:opportuniste_electoral:8,rn,ps,0.7,rn,3.9,3.96,4,4.06,4.1,4.14,4.2
reconquete:opportuniste_electoral:9,horizons,rn,0.1,horizons,6.86,6.86,6.86,6.86,6.88,6.88,6.88
reconquete:opportuniste_electoral:10,rn,lfi,2.3,rn,1,0.88,0.74,0.6,0.48,0.34,0.22
reconquete:opportuniste_electoral:11,rn,lr,2.4,rn,3.66,3.82,3.96,4.12,4.28,4.42,4.58
reconquete:opportuniste_electoral:12,rn,nouvelle_energie,1.1,rn,9.62,9.68,9.74,9.8,9.86,9.92,9.98
reconquete:opportuniste_electoral:13,rn,horizons,1.3,rn,8.6,8.68,8.76,8.86,8.94,9.02,9.12
reconquete:opportuniste_electoral:14,nouvelle_energie,horizons,3.7,nouvelle_energie,5.9,5.68,5.44,5.2,4.96,4.72,4.48
reconquete:opportuniste_electoral:15,rn,nouvelle_energie,4.8,rn,1.94,2.24,2.54,2.82,3.12,3.42,3.7
reconquete:opportuniste_electoral:16,rn,horizons,2.9,rn,3.98,4.16,4.34,4.52,4.7,4.88,5.06
reconquete:opportuniste_electoral:17,rn,horizons,1.5,rn,5.78,5.88,5.98,6.08,6.18,6.28,6.38
reconquete:opportuniste_electoral:18,horizons,rn,1,horizons,10.1,10.04,9.98,9.94,9.88,9.82,9.76
reconquete:opportuniste_electoral:19,horizons,ps,0.5,horizons,4.38,4.34,4.32,4.28,4.24,4.2,4.18
reconquete:opportuniste_electoral:20,rn,nouvelle_energie,4.2,rn,4.14,4.4,4.66,4.9,5.16,5.42,5.66
reconquete:opportuniste_electoral:21,rn,nouvelle_energie,1.9,rn,8.78,8.88,9,9.1,9.22,9.32,9.44
reconquete:opportuniste_electoral:22,rn,renaissance,2.9,rn,1.34,1.54,1.74,1.94,2.14,2.34,2.52
reconquete:opportuniste_electoral:23,ps,rn,0.1,ps,4.54,4.54,4.54,4.54,4.52,4.52,4.52
reconquete:opportuniste_electoral:24,nouvelle_energie,rn,3.1,nouvelle_energie,11.56,11.36,11.16,10.96,10.76,10.56,10.36
reconquete:opportuniste_electoral:25,ps,rn,1.1,ps,5.12,5.04,4.98,4.9,4.84,4.78,4.7
reconquete:opportuniste_electoral:26,lfi,rn,0,lfi,2.66,2.64,2.62,2.6,2.58,2.56,2.54
reconquete:opportuniste_electoral:27,ps,horizons,0.2,ps,2.3,2.3,2.32,2.32,2.32,2.34,2.34
reconquete:opportuniste_electoral:28,rn,ps,1.7,rn,0.54,0.66,0.78,0.88,1,1.12,1.24
reconquete:opportuniste_electoral:29,rn,nouvelle_energie,0.5,rn,6.5,6.54,6.56,6.6,6.62,6.64,6.68
reconquete:opportuniste_electoral:30,rn,reconquete,3.9,rn,0.94,0.7,0.44,0.2,0.06,0.3,0.56
reconquete:opportuniste_electoral:31,ps,lr,1.8,ps,2.94,3.04,3.14,3.24,3.34,3.44,3.54
reconquete:opportuniste_electoral:32,ps,nouvelle_energie,2.3,ps,2.76,2.88,3.02,3.14,3.26,3.4,3.52
reconquete:opportuniste_electoral:33,nouvelle_energie,renaissance,0.3,nouvelle_energie,1.52,1.48,1.44,1.42,1.38,1.34,1.3
reconquete:opportuniste_electoral:34,rn,horizons,2.8,rn,2.56,2.74,2.92,3.1,3.28,3.46,3.64
reconquete:opportuniste_electoral:35,rn,lr,2.3,rn,4.74,4.88,5.04,5.18,5.32,5.46,5.6
reconquete:opportuniste_electoral:36,rn,ps,2.4,rn,2.04,2.2,2.38,2.54,2.7,2.86,3.02
reconquete:opportuniste_electoral:37,rn,ps,4.4,rn,0.38,0.68,0.96,1.26,1.54,1.82,2.12
reconquete:opportuniste_electoral:38,rn,horizons,4.3,rn,0.84,1.1,1.38,1.66,1.94,2.22,2.5
reconquete:opportuniste_electoral:39,rn,horizons,2.7,rn,3.72,3.88,4.06,4.22,4.4,4.56,4.74
reconquete:opportuniste_electoral:40,reconquete,ps,1.3,reconquete,3.08,2.98,2.88,2.76,2.66,2.56,2.44
reconquete:opportuniste_electoral:41,horizons,nouvelle_energie,0.6,horizons,2.2,2.24,2.26,2.3,2.34,2.36,2.4
reconquete:opportuniste_electoral:42,rn,lr,0.1,rn,6.88,6.88,6.9,6.9,6.9,6.9,6.9
reconquete:opportuniste_electoral:43,rn,renaissance,1.2,rn,5.52,5.6,5.7,5.78,5.88,5.98,6.06
reconquete:opportuniste_electoral:44,rn,ps,0.1,rn,7.06,7.06,7.08,7.1,7.1,7.12,7.14
reconquete:opportuniste_electoral:45,ps,rn,0.2,ps,6.52,6.5,6.48,6.48,6.46,6.46,6.44
reconquete:opportuniste_electoral:46,rn,ps,0.4,rn,2.46,2.5,2.52,2.56,2.58,2.6,2.64
reconquete:opportuniste_electoral:47,horizons,rn,0.4,horizons,9.46,9.44,9.42,9.4,9.38,9.34,9.32
reconquete:opportuniste_electoral:48,rn,horizons,1.4,rn,7.46,7.56,7.66,7.76,7.84,7.94,8.04
reconquete:opportuniste_electoral:49,rn,ps,2,rn,2.3,2.42,2.56,2.7,2.84,2.98,3.1
reconquete:opportuniste_electoral:50,ps,horizons,0.6,ps,1.26,1.24,1.2,1.16,1.14,1.1,1.06
reconquete:opportuniste_electoral:51,nouvelle_energie,lfi,2.1,nouvelle_energie,10.48,10.38,10.26,10.14,10.04,9.92,9.8
reconquete:opportuniste_electoral:52,nouvelle_energie,ps,0.5,nouvelle_energie,4.22,4.18,4.14,4.1,4.06,4.02,3.98
reconquete:opportuniste_electoral:53,ps,renaissance,2.2,ps,2.6,2.46,2.3,2.16,2.02,1.88,1.74
reconquete:opportuniste_electoral:54,ps,rn,0.8,ps,5.52,5.48,5.42,5.38,5.34,5.28,5.24
reconquete:opportuniste_electoral:55,rn,ecologistes,0.2,rn,2.62,2.62,2.64,2.64,2.64,2.64,2.66
reconquete:opportuniste_electoral:56,rn,nouvelle_energie,0.2,rn,8,8,8.02,8.02,8.04,8.04,8.06
reconquete:opportuniste_electoral:57,rn,horizons,0.2,rn,7.16,7.2,7.22,7.24,7.26,7.28,7.32
reconquete:opportuniste_electoral:58,rn,ps,3,rn,0.28,0.08,0.1,0.3,0.5,0.7,0.9
reconquete:opportuniste_electoral:59,ps,horizons,0.2,ps,3.94,3.96,3.98,4,4.02,4.04,4.08
reconquete:opportuniste_electoral:60,lfi,nouvelle_energie,0.1,lfi,7.28,7.3,7.32,7.34,7.36,7.38,7.4
reconquete:opportuniste_electoral:61,rn,ps,1.4,rn,1.8,1.9,2,2.1,2.22,2.32,2.42
reconquete:opportuniste_electoral:62,rn,horizons,0.6,rn,3.88,3.92,3.96,4.02,4.06,4.1,4.16
reconquete:opportuniste_electoral:63,ps,nouvelle_energie,4.5,ps,3.84,3.58,3.34,3.08,2.84,2.58,2.34
reconquete:opportuniste_electoral:64,nouvelle_energie,horizons,1.1,nouvelle_energie,2.44,2.36,2.28,2.22,2.14,2.06,1.98
reconquete:opportuniste_electoral:65,rn,ps,7,rn,5.26,4.82,4.38,3.94,3.5,3.06,2.62
reconquete:opportuniste_electoral:66,ps,rn,0.4,ps,5.54,5.52,5.5,5.48,5.46,5.44,5.42
reconquete:opportuniste_electoral:67,rn,nouvelle_energie,2.3,rn,5,5.14,5.28,5.42,5.56,5.7,5.84
reconquete:opportuniste_electoral:68,rn,lfi,2.2,rn,1.12,1,0.88,0.76,0.64,0.52,0.4
reconquete:opportuniste_electoral:69,ps,rn,2.5,ps,7.88,7.72,7.58,7.42,7.28,7.12,6.96
reconquete:parti_dabord:0,rn,lfi,3.8,rn,3.66,3.42,3.2,2.98,2.74,2.52,2.28
reconquete:parti_dabord:1,rn,horizons,3.4,rn,3.18,3.4,3.6,3.82,4.04,4.24,4.46
reconquete:parti_dabord:2,ps,rn,1.6,ps,6.86,6.76,6.66,6.56,6.46,6.38,6.28
reconquete:parti_dabord:3,ps,lr,4.4,ps,2.84,2.6,2.34,2.08,1.82,1.56,1.3
reconquete:parti_dabord:4,rn,ps,0.1,rn,5.44,5.44,5.46,5.48,5.48,5.5,5.52
reconquete:parti_dabord:5,rn,horizons,0.3,rn,9.02,9.06,9.08,9.1,9.14,9.16,9.18
reconquete:parti_dabord:6,ps,horizons,1.8,ps,0.24,0.14,0.04,0.06,0.16,0.26,0.36
reconquete:parti_dabord:7,rn,renaissance,0.6,rn,5.7,5.74,5.8,5.86,5.9,5.96,6.02
reconquete:parti_dabord:8,rn,lfi,1.7,rn,1.84,1.94,2.04,2.14,2.24,2.34,2.44
reconquete:parti_dabord:9,ps,nouvelle_energie,1.2,ps,4.4,4.46,4.52,4.58,4.64,4.72,4.78
reconquete:parti_dabord:10,rn,horizons,0.5,rn,7.86,7.9,7.94,7.98,8.02,8.06,8.12
reconquete:parti_dabord:11,rn,horizons,4.4,rn,1.18,1.46,1.72,2,2.26,2.54,2.82
reconquete:parti_dabord:12,ps,rn,1.6,ps,9.04,8.96,8.86,8.76,8.66,8.56,8.48
reconquete:parti_dabord:13,rn,horizons,3.5,rn,4.82,5.04,5.26,5.48,5.7,5.92,6.14
reconquete:parti_dabord:14,rn,renaissance,2.8,rn,1.22,1.4,1.58,1.76,1.96,2.14,2.32
reconquete:parti_dabord:15,rn,horizons,2.4,rn,1.46,1.62,1.78,1.92,2.08,2.24,2.38
reconquete:parti_dabord:16,ps,rn,2.2,ps,7.46,7.34,7.2,7.06,6.94,6.8,6.68
reconquete:parti_dabord:17,nouvelle_energie,rn,1.7,nouvelle_energie,10.88,10.78,10.68,10.56,10.46,10.34,10.24
reconquete:parti_dabord:18,ps,rn,0.8,ps,3.38,3.34,3.28,3.24,3.18,3.12,3.08
reconquete:parti_dabord:19,rn,nouvelle_energie,1,rn,6.38,6.46,6.52,6.58,6.64,6.7,6.76
reconquete:parti_dabord:20,rn,nouvelle_energie,1.4,rn,6.32,6.4,6.48,6.56,6.64,6.74,6.82
reconquete:parti_dabord:21,nouvelle_energie,reconquete,0.1,nouvelle_energie,6.34,6.34,6.36,6.38,6.38,6.4,6.4
reconquete:parti_dabord:22,nouvelle_energie,horizons,2.3,nouvelle_energie,4,3.86,3.7,3.56,3.4,3.26,3.1
reconquete:parti_dabord:23,ps,rn,2,ps,7.94,7.82,7.7,7.58,7.46,7.34,7.22
reconquete:parti_dabord:24,renaissance,lr,1.6,renaissance,2.06,1.96,1.88,1.8,1.72,1.64,1.54
reconquete:parti_dabord:25,ps,reconquete,0.1,ps,4.7,4.72,4.74,4.76,4.78,4.8,4.82
reconquete:parti_dabord:26,lr,horizons,1.3,lr,1.8,1.72,1.62,1.54,1.44,1.36,1.26
reconquete:parti_dabord:27,rn,horizons,3.5,rn,4.22,4.46,4.68,4.9,5.14,5.36,5.58
reconquete:parti_dabord:28,rn,reconquete,4.7,rn,8.9,8.6,8.3,8,7.7,7.4,7.1
reconquete:parti_dabord:29,rn,lr,3.3,rn,0.86,1.08,1.28,1.48,1.7,1.9,2.1
reconquete:parti_dabord:30,rn,ps,1.3,rn,2.88,2.96,3.06,3.14,3.24,3.32,3.42
reconquete:parti_dabord:31,ps,horizons,2.7,ps,1.68,1.52,1.36,1.18,1.02,0.86,0.7
reconquete:parti_dabord:32,rn,horizons,1.4,rn,8.12,8.22,8.3,8.4,8.5,8.58,8.68
reconquete:parti_dabord:33,rn,ecologistes,7.8,rn,5.52,5.04,4.56,4.1,3.62,3.14,2.68
reconquete:parti_dabord:34,rn,reconquete,1.8,rn,0.32,0.22,0.12,0.04,0.06,0.16,0.26
reconquete:parti_dabord:35,rn,renaissance,3.4,rn,0.06,0.16,0.4,0.62,0.84,1.06,1.3
reconquete:parti_dabord:36,rn,nouvelle_energie,0.3,rn,8.58,8.58,8.6,8.6,8.62,8.62,8.64
reconquete:parti_dabord:37,ps,rn,1.4,ps,4.96,4.88,4.78,4.7,4.62,4.54,4.46
reconquete:parti_dabord:38,rn,horizons,0.9,rn,7.86,7.92,8,8.06,8.12,8.2,8.26
reconquete:parti_dabord:39,rn,renaissance,1.4,rn,5.22,5.32,5.42,5.52,5.6,5.7,5.8
reconquete:parti_dabord:40,rn,horizons,1.7,rn,4.86,4.96,5.08,5.18,5.28,5.4,5.5
reconquete:parti_dabord:41,ps,reconquete,3.1,ps,2.28,2.1,1.94,1.78,1.6,1.44,1.28
reconquete:parti_dabord:42,rn,renaissance,2.7,rn,1.88,2.06,2.24,2.4,2.58,2.74,2.92
reconquete:parti_dabord:43,rn,lr,4.5,rn,2.2,2.48,2.76,3.06,3.34,3.62,3.9
reconquete:parti_dabord:44,rn,lr,4.3,rn,0.86,0.58,0.32,0.04,0.24,0.5,0.78
reconquete:parti_dabord:45,ps,nouvelle_energie,0.2,ps,3.48,3.5,3.5,3.5,3.5,3.52,3.52
reconquete:parti_dabord:46,ps,rn,0,ps,2.2,2.22,2.22,2.22,2.24,2.24,2.26
reconquete:parti_dabord:47,rn,renaissance,0.7,rn,3.58,3.64,3.68,3.74,3.8,3.86,3.92
reconquete:parti_dabord:48,horizons,rn,1.5,horizons,9.36,9.28,9.2,9.12,9.02,8.94,8.86
reconquete:parti_dabord:49,ps,lfi,0.1,ps,5.5,5.52,5.52,5.54,5.56,5.58,5.58
reconquete:parti_dabord:50,nouvelle_energie,ps,0.6,nouvelle_energie,2.74,2.7,2.64,2.6,2.56,2.52,2.48
reconquete:parti_dabord:51,rn,nouvelle_energie,1.8,rn,4.34,4.46,4.58,4.68,4.8,4.92,5.02
reconquete:parti_dabord:52,reconquete,lfi,0.3,reconquete,2.86,2.88,2.9,2.92,2.96,2.98,3
reconquete:parti_dabord:53,rn,lfi,5.8,rn,5.38,5.02,4.66,4.3,3.94,3.58,3.24
reconquete:parti_dabord:54,nouvelle_energie,lr,1.9,nouvelle_energie,3.48,3.36,3.24,3.12,3,2.88,2.76
reconquete:parti_dabord:55,rn,horizons,0.3,rn,5.98,6.02,6.04,6.06,6.1,6.12,6.14
reconquete:parti_dabord:56,ps,rn,0.4,ps,3.9,3.88,3.86,3.86,3.84,3.82,3.8
reconquete:parti_dabord:57,horizons,lfi,1.8,horizons,9.14,9.04,8.96,8.86,8.76,8.68,8.58
reconquete:parti_dabord:58,rn,nouvelle_energie,0.6,rn,8.86,8.88,8.92,8.94,8.98,9,9.04
reconquete:parti_dabord:59,rn,horizons,6.6,rn,1.64,1.24,0.82,0.42,0,0.4,0.82
reconquete:parti_dabord:60,rn,ps,0.4,rn,3.92,3.96,3.98,4.02,4.06,4.08,4.12
reconquete:parti_dabord:61,renaissance,horizons,0.4,renaissance,2.3,2.32,2.34,2.36,2.38,2.4,2.42
reconquete:parti_dabord:62,rn,reconquete,3.2,rn,4.22,4.02,3.84,3.64,3.46,3.26,3.06
reconquete:parti_dabord:63,ps,horizons,2.4,ps,0.52,0.38,0.22,0.08,0.08,0.22,0.36
reconquete:parti_dabord:64,renaissance,rn,1.3,renaissance,5.96,5.88,5.82,5.74,5.68,5.6,5.54
reconquete:parti_dabord:65,ps,rn,0.5,ps,5.38,5.36,5.34,5.32,5.3,5.26,5.24
reconquete:parti_dabord:66,ps,rn,1.9,ps,6.56,6.44,6.34,6.22,6.1,5.98,5.86
reconquete:parti_dabord:67,horizons,rn,0.4,horizons,5.88,5.86,5.84,5.82,5.78,5.76,5.74
reconquete:parti_dabord:68,rn,ps,3,rn,2.42,2.62,2.82,3.02,3.22,3.42,3.6
reconquete:parti_dabord:69,rn,horizons,1.3,rn,7.26,7.34,7.44,7.52,7.62,7.7,7.78
reconquete:mediatique:0,horizons,nouvelle_energie,2.3,horizons,0.22,0.1,0.02,0.12,0.24,0.36,0.48
reconquete:mediatique:1,rn,renaissance,0.4,rn,6.94,6.98,7.02,7.06,7.1,7.14,7.18
reconquete:mediatique:2,rn,renaissance,0.5,rn,6.72,6.76,6.8,6.84,6.9,6.94,6.98
reconquete:mediatique:3,rn,horizons,4.7,rn,1.24,1.56,1.86,2.16,2.46,2.76,3.06
reconquete:mediatique:4,renaissance,rn,0.3,renaissance,6.9,6.9,6.9,6.9,6.88,6.88,6.88
reconquete:mediatique:5,rn,ps,2.2,rn,5.22,5.36,5.52,5.66,5.82,5.98,6.12
reconquete:mediatique:6,rn,lfi,0.9,rn,1.2,1.24,1.3,1.34,1.4,1.44,1.48
reconquete:mediatique:7,rn,ps,1.4,rn,0.64,0.72,0.82,0.9,1,1.08,1.18
reconquete:mediatique:8,nouvelle_energie,renaissance,2,nouvelle_energie,3.4,3.26,3.14,3,2.86,2.74,2.6
reconquete:mediatique:9,rn,lfi,1.1,rn,0.86,0.9,0.96,1,1.06,1.1,1.16
reconquete:mediatique:10,rn,lfi,3,rn,2.32,2.14,1.96,1.78,1.6,1.4,1.22
reconquete:mediatique:11,horizons,rn,0,horizons,6.32,6.34,6.34,6.34,6.36,6.36,6.36
reconquete:mediatique:12,rn,ps,0.2,rn,4.66,4.68,4.7,4.72,4.74,4.76,4.8
reconquete:mediatique:13,rn,nouvelle_energie,5,rn,1.44,1.76,2.06,2.38,2.68,2.98,3.3
reconquete:mediatique:14,nouvelle_energie,rn,0.3,nouvelle_energie,8.42,8.4,8.38,8.36,8.34,8.32,8.3
reconquete:mediatique:15,ps,rn,0.5,ps,3.46,3.42,3.4,3.36,3.34,3.3,3.28
reconquete:mediatique:16,horizons,rn,0,horizons,8.58,8.58,8.58,8.58,8.58,8.58,8.58
reconquete:mediatique:17,rn,horizons,4.7,rn,1.24,1.52,1.82,2.12,2.4,2.7,3
reconquete:mediatique:18,rn,ps,3,rn,1.72,1.52,1.3,1.1,0.9,0.7,0.5
reconquete:mediatique:19,horizons,ps,3.4,horizons,9.04,8.84,8.62,8.42,8.22,8,7.8
reconquete:mediatique:20,rn,lr,2,rn,3.18,3.3,3.44,3.56,3.68,3.82,3.94
reconquete:mediatique:21,rn,horizons,0.9,rn,5.96,6,6.06,6.12,6.18,6.24,6.3
reconquete:mediatique:22,ps,horizons,0.6,ps,2.24,2.28,2.32,2.34,2.38,2.42,2.46
reconquete:mediatique:23,rn,horizons,1.7,rn,4.52,4.62,4.74,4.86,4.96,5.08,5.18
reconquete:mediatique:24,horizons,rn,3.5,horizons,12,11.8,11.6,11.4,11.18,10.98,10.78
reconquete:mediatique:25,rn,ps,1.3,rn,6.98,7.08,7.16,7.24,7.32,7.42,7.5
reconquete:mediatique:26,lfi,nouvelle_energie,0.8,lfi,6.28,6.34,6.4,6.46,6.52,6.58,6.64
reconquete:mediatique:27,rn,renaissance,2.9,rn,3.54,3.74,3.94,4.14,4.34,4.54,4.74
reconquete:mediatique:28,horizons,nouvelle_energie,0.1,horizons,1.2,1.2,1.2,1.2,1.2,1.2,1.2
reconquete:mediatique:29,rn,renaissance,4.8,rn,0.56,0.88,1.2,1.52,1.84,2.14,2.46
reconquete:mediatique:30,rn,ps,0.3,rn,3.12,3.16,3.18,3.22,3.26,3.28,3.32
reconquete:mediatique:31,horizons,ps,1.4,horizons,2.24,2.16,2.08,2,1.92,1.84,1.76
reconquete:mediatique:32,rn,ps,1.1,rn,4.64,4.72,4.8,4.86,4.94,5.02,5.1
reconquete:mediatique:33,rn,horizons,0.1,rn,9.42,9.42,9.44,9.44,9.46,9.46,9.48
reconquete:mediatique:34,rn,horizons,0.1,rn,7.16,7.18,7.2,7.2,7.22,7.24,7.24
reconquete:mediatique:35,rn,lr,1.4,rn,4.86,4.96,5.04,5.14,5.22,5.32,5.4
reconquete:mediatique:36,horizons,rn,0.9,horizons,10.44,10.4,10.34,10.3,10.26,10.2,10.16
reconquete:mediatique:37,renaissance,rn,0.3,renaissance,5.96,5.96,5.94,5.94,5.92,5.92,5.9
reconquete:mediatique:38,rn,ps,0.2,rn,4.3,4.32,4.34,4.36,4.36,4.38,4.4
reconquete:mediatique:39,horizons,ps,2.5,horizons,5.28,5.12,4.98,4.82,4.68,4.52,4.38
reconquete:mediatique:40,ps,rn,1,ps,6.74,6.68,6.62,6.56,6.52,6.46,6.4
reconquete:mediatique:41,rn,ps,1.7,rn,2.42,2.54,2.66,2.78,2.9,3.02,3.12
reconquete:mediatique:42,rn,nouvelle_energie,5.6,rn,3.32,3.66,4,4.34,4.68,5.02,5.36
reconquete:mediatique:43,rn,lfi,1.9,rn,0.44,0.54,0.64,0.76,0.86,0.98,1.08
reconquete:mediatique:44,nouvelle_energie,rn,0,nouvelle_energie,11.18,11.18,11.18,11.18,11.18,11.18,11.18
reconquete:mediatique:45,rn,renaissance,1.9,rn,1.98,2.12,2.24,2.38,2.52,2.64,2.78
reconquete:mediatique:46,rn,lfi,1.7,rn,0.98,0.88,0.8,0.7,0.6,0.52,0.42
reconquete:mediatique:47,rn,ps,2.7,rn,1.74,1.92,2.1,2.26,2.44,2.62,2.8
reconquete:mediatique:48,rn,ps,0.9,rn,4.1,4.18,4.24,4.3,4.38,4.44,4.52
reconquete:mediatique:49,rn,nouvelle_energie,1.9,rn,5.2,5.32,5.44,5.56,5.68,5.8,5.92
reconquete:mediatique:50,rn,renaissance,2.8,rn,3.08,3.26,3.46,3.64,3.84,4.02,4.22
reconquete:mediatique:51,nouvelle_energie,rn,0,nouvelle_energie,8.8,8.8,8.78,8.78,8.78,8.78,8.78
reconquete:mediatique:52,rn,nouvelle_energie,2.4,rn,6.08,6.22,6.36,6.5,6.64,6.8,6.94
reconquete:mediatique:53,nouvelle_energie,ecologistes,1.4,nouvelle_energie,4.18,4.12,4.04,3.96,3.88,3.8,3.72
reconquete:mediatique:54,rn,ps,3.4,rn,0.42,0.64,0.86,1.08,1.32,1.54,1.76
reconquete:mediatique:55,rn,horizons,0.8,rn,6.42,6.48,6.54,6.6,6.64,6.7,6.76
reconquete:mediatique:56,rn,horizons,4.4,rn,1.64,1.92,2.2,2.48,2.76,3.04,3.32
reconquete:mediatique:57,rn,horizons,1.4,rn,5.66,5.76,5.86,5.94,6.04,6.14,6.24
reconquete:mediatique:58,rn,ps,3.8,rn,0.22,0.48,0.72,0.96,1.22,1.46,1.7
reconquete:mediatique:59,horizons,ps,5.1,horizons,9.44,9.14,8.86,8.56,8.26,7.96,7.66
reconquete:mediatique:60,rn,renaissance,2.4,rn,1.92,2.1,2.26,2.42,2.58,2.76,2.92
reconquete:mediatique:61,horizons,rn,0,horizons,5.92,5.94,5.96,5.96,5.98,5.98,6
reconquete:mediatique:62,rn,nouvelle_energie,0.8,rn,7.48,7.52,7.56,7.6,7.66,7.7,7.74
reconquete:mediatique:63,rn,ps,4.9,rn,2.96,2.64,2.32,2,1.68,1.36,1.04
reconquete:mediatique:64,ps,lr,3.1,ps,3.12,2.92,2.74,2.56,2.38,2.2,2.02
reconquete:mediatique:65,rn,ps,0.4,rn,4.98,5.02,5.04,5.08,5.1,5.14,5.18
reconquete:mediatique:66,horizons,rn,0.7,horizons,8.08,8.04,8,7.96,7.92,7.9,7.86
reconquete:mediatique:67,rn,nouvelle_energie,0.4,rn,6.08,6.1,6.12,6.14,6.16,6.18,6.2
reconquete:mediatique:68,renaissance,rn,0.1,renaissance,6.18,6.18,6.18,6.2,6.2,6.2,6.22
reconquete:mediatique:69,nouvelle_energie,rn,0.5,nouvelle_energie,10.9,10.86,10.82,10.8,10.76,10.72,10.68
reconquete:contrarien:0,ps,rn,1,ps,7.52,7.46,7.4,7.34,7.28,7.22,7.16
reconquete:contrarien:1,ps,renaissance,1.5,ps,1.54,1.62,1.72,1.8,1.9,1.98,2.08
reconquete:contrarien:2,rn,horizons,0.8,rn,8.16,8.2,8.26,8.32,8.36,8.42,8.48
reconquete:contrarien:3,rn,nouvelle_energie,0.6,rn,8.24,8.28,8.32,8.34,8.38,8.4,8.44
reconquete:contrarien:4,ps,rn,1.5,ps,9.18,9.08,9,8.9,8.82,8.72,8.64
reconquete:contrarien:5,lr,nouvelle_energie,0.7,lr,1.88,1.92,1.96,2,2.04,2.08,2.12
reconquete:contrarien:6,ps,rn,0.3,ps,6.88,6.88,6.86,6.84,6.84,6.82,6.8
reconquete:contrarien:7,rn,lfi,1.3,rn,2.04,2.12,2.18,2.24,2.3,2.36,2.42
reconquete:contrarien:8,rn,ps,4.4,rn,0.86,0.56,0.26,0.04,0.32,0.62,0.92
reconquete:contrarien:9,rn,lfi,5.4,rn,7.62,7.28,6.96,6.64,6.3,5.98,5.66
reconquete:contrarien:10,ps,rn,0.4,ps,5.3,5.26,5.24,5.22,5.2,5.16,5.14
reconquete:contrarien:11,rn,nouvelle_energie,1,rn,9.4,9.46,9.52,9.58,9.64,9.7,9.76
reconquete:contrarien:12,rn,lfi,1.1,rn,3.16,3.22,3.26,3.32,3.36,3.42,3.46
reconquete:contrarien:13,rn,nouvelle_energie,0.2,rn,7.02,7.04,7.04,7.06,7.06,7.06,7.08
reconquete:contrarien:14,rn,ps,0.6,rn,5.22,5.26,5.3,5.34,5.38,5.42,5.46
reconquete:contrarien:15,ps,rn,0.3,ps,3.32,3.3,3.3,3.28,3.28,3.26,3.24
reconquete:contrarien:16,rn,ps,0.4,rn,6.74,6.76,6.8,6.84,6.88,6.92,6.96
reconquete:contrarien:17,rn,ps,1,rn,8.6,8.66,8.74,8.8,8.86,8.94,9
reconquete:contrarien:18,rn,horizons,2.9,rn,5.34,5.54,5.72,5.92,6.1,6.28,6.48
reconquete:contrarien:19,nouvelle_energie,lfi,1.9,nouvelle_energie,8.3,8.2,8.1,8,7.9,7.8,7.7
reconquete:contrarien:20,rn,ps,2.8,rn,3.62,3.8,3.98,4.18,4.36,4.54,4.72
reconquete:contrarien:21,rn,ps,1.8,rn,1.12,1.24,1.38,1.5,1.62,1.76,1.88
reconquete:contrarien:22,ps,lr,3.2,ps,2.82,2.64,2.46,2.28,2.08,1.9,1.72
reconquete:contrarien:23,rn,renaissance,0.3,rn,7.68,7.7,7.72,7.74,7.76,7.76,7.78
reconquete:contrarien:24,rn,renaissance,1.2,rn,5.62,5.72,5.8,5.9,6,6.08,6.18
reconquete:contrarien:25,nouvelle_energie,rn,1.1,nouvelle_energie,11.32,11.26,11.18,11.1,11.04,10.96,10.88
reconquete:contrarien:26,nouvelle_energie,horizons,1.6,nouvelle_energie,0.76,0.66,0.56,0.44,0.34,0.24,0.14
reconquete:contrarien:27,rn,ps,4.1,rn,2.46,2.18,1.92,1.66,1.38,1.12,0.86
reconquete:contrarien:28,rn,renaissance,1.4,rn,5.54,5.64,5.74,5.84,5.94,6.04,6.14
reconquete:contrarien:29,rn,ps,3.9,rn,3.22,3.48,3.74,4,4.24,4.5,4.76
reconquete:contrarien:30,rn,lfi,2.9,rn,1.48,1.64,1.8,1.98,2.14,2.32,2.48
reconquete:contrarien:31,rn,lr,2,rn,3.34,3.46,3.58,3.72,3.84,3.96,4.08
reconquete:contrarien:32,rn,ps,2.6,rn,3.22,3.4,3.58,3.76,3.94,4.12,4.3
reconquete:contrarien:33,horizons,rn,0.2,horizons,9.94,9.94,9.94,9.92,9.92,9.9,9.9
reconquete:contrarien:34,rn,horizons,1.3,rn,6.64,6.72,6.8,6.9,6.98,7.06,7.14
reconquete:contrarien:35,rn,nouvelle_energie,2.4,rn,4.56,4.7,4.86,5.02,5.16,5.32,5.46
reconquete:contrarien:36,rn,nouvelle_energie,0.1,rn,8.08,8.08,8.08,8.1,8.1,8.1,8.1
reconquete:contrarien:37,rn,ps,0.1,rn,5.58,5.58,5.6,5.6,5.62,5.62,5.64
reconquete:contrarien:38,rn,horizons,3,rn,4.7,4.9,5.08,5.26,5.44,5.62,5.8
reconquete:contrarien:39,ps,rn,1.7,ps,5.22,5.12,5.02,4.92,4.82,4.72,4.62
reconquete:contrarien:40,rn,lr,0.3,rn,4.68,4.7,4.72,4.74,4.76,4.78,4.8
reconquete:contrarien:41,renaissance,ecologistes,1.3,renaissance,2.74,2.68,2.6,2.54,2.48,2.42,2.36
reconquete:contrarien:42,ps,rn,2.8,ps,12.5,12.32,12.16,11.98,11.82,11.64,11.48
reconquete:contrarien:43,rn,ps,2.1,rn,4.26,4.4,4.54,4.7,4.84,4.98,5.12
reconquete:contrarien:44,rn,renaissance,1.5,rn,6.14,6.24,6.36,6.46,6.56,6.68,6.78
reconquete:contrarien:45,ps,rn,0.7,ps,8.16,8.12,8.08,8.04,8,7.96,7.92
reconquete:contrarien:46,nouvelle_energie,ps,1.8,nouvelle_energie,5.92,5.82,5.7,5.58,5.46,5.36,5.24
reconquete:contrarien:47,rn,renaissance,4.5,rn,0.82,1.1,1.4,1.7,2,2.3,2.58
reconquete:contrarien:48,rn,ps,0.7,rn,2.94,2.98,3.04,3.1,3.14,3.2,3.26
reconquete:contrarien:49,rn,lr,3.3,rn,1.18,1.4,1.6,1.82,2.02,2.24,2.44
reconquete:contrarien:50,ps,horizons,0.7,ps,2.14,2.1,2.06,2.02,1.98,1.94,1.9
reconquete:contrarien:51,rn,ps,2.9,rn,2.22,2.42,2.62,2.8,3,3.18,3.38
reconquete:contrarien:52,lfi,rn,0,lfi,0.48,0.48,0.5,0.52,0.54,0.56,0.56
reconquete:contrarien:53,horizons,lfi,2.2,horizons,9.7,9.58,9.48,9.36,9.24,9.12,9.02
reconquete:contrarien:54,rn,ps,2.2,rn,4.8,4.94,5.08,5.22,5.36,5.5,5.64
reconquete:contrarien:55,rn,ps,1.3,rn,1.1,1.18,1.28,1.36,1.44,1.54,1.62
reconquete:contrarien:56,lr,ps,0.2,lr,3.96,3.94,3.92,3.88,3.86,3.84,3.82
reconquete:contrarien:57,ps,rn,2.4,ps,8.14,8,7.86,7.72,7.56,7.42,7.28
reconquete:contrarien:58,rn,ps,2,rn,3.4,3.54,3.66,3.8,3.92,4.06,4.2
reconquete:contrarien:59,rn,lfi,3,rn,0.12,0.3,0.48,0.66,0.84,1.02,1.2
reconquete:contrarien:60,horizons,rn,2.7,horizons,12.1,11.94,11.78,11.62,11.46,11.3,11.14
reconquete:contrarien:61,horizons,lr,1.1,horizons,3.2,3.14,3.08,3.02,2.96,2.9,2.84
reconquete:contrarien:62,rn,horizons,2.6,rn,4.52,4.68,4.86,5.02,5.18,5.36,5.52
reconquete:contrarien:63,rn,ps,1.1,rn,4.4,4.48,4.56,4.64,4.72,4.8,4.88
reconquete:contrarien:64,ps,rn,0.8,ps,5.5,5.46,5.4,5.36,5.32,5.28,5.24
reconquete:contrarien:65,rn,lfi,5.5,rn,5.5,5.16,4.82,4.48,4.14,3.78,3.44
reconquete:contrarien:66,ps,rn,6.5,ps,16.2,15.8,15.38,14.98,14.58,14.18,13.76
reconquete:contrarien:67,rn,lfi,1.1,rn,0.88,0.94,1,1.06,1.1,1.16,1.22
reconquete:contrarien:68,rn,nouvelle_energie,1.9,rn,7.92,8.02,8.14,8.24,8.34,8.44,8.56
reconquete:contrarien:69,rn,nouvelle_energie,0.3,rn,10.36,10.38,10.38,10.4,10.42,10.42,10.44
nouvelle_energie:aleatoire:0,nouvelle_energie,rn,3.7,nouvelle_energie,17.16,16.9,16.62,16.36,16.08,15.82,15.56
nouvelle_energie:aleatoire:1,ps,nouvelle_energie,0.7,ps,5.72,5.76,5.78,5.82,5.84,5.88,5.9
nouvelle_energie:aleatoire:2,rn,nouvelle_energie,2.6,rn,7.26,7.42,7.58,7.74,7.92,8.08,8.24
nouvelle_energie:aleatoire:3,nouvelle_energie,rn,0.5,nouvelle_energie,11.7,11.64,11.6,11.54,11.5,11.44,11.4
nouvelle_energie:aleatoire:4,nouvelle_energie,rn,1.1,nouvelle_energie,15.2,15.12,15.06,14.98,14.9,14.82,14.76
nouvelle_energie:aleatoire:5,ps,rn,0.2,ps,3.82,3.82,3.82,3.8,3.8,3.8,3.8
nouvelle_energie:aleatoire:6,nouvelle_energie,ps,11.5,nouvelle_energie,18.22,17.54,16.88,16.22,15.54,14.88,14.2
nouvelle_energie:aleatoire:7,nouvelle_energie,horizons,6.3,nouvelle_energie,10.38,9.98,9.58,9.18,8.78,8.38,7.98
nouvelle_energie:aleatoire:8,nouvelle_energie,horizons,5.1,nouvelle_energie,11.12,10.8,10.5,10.18,9.86,9.56,9.24
nouvelle_energie:aleatoire:9,nouvelle_energie,rn,1,nouvelle_energie,12.66,12.6,12.52,12.44,12.38,12.3,12.24
nouvelle_energie:aleatoire:10,horizons,nouvelle_energie,0.2,horizons,2.16,2.14,2.12,2.12,2.1,2.08,2.06
nouvelle_energie:aleatoire:11,rn,nouvelle_energie,2.7,rn,5.7,5.86,6.02,6.18,6.36,6.52,6.68
nouvelle_energie:aleatoire:12,nouvelle_energie,ps,0.7,nouvelle_energie,4.14,4.08,4.02,3.94,3.88,3.82,3.76
nouvelle_energie:aleatoire:13,nouvelle_energie,horizons,4,nouvelle_energie,5.98,5.7,5.44,5.18,4.9,4.64,4.38
nouvelle_energie:aleatoire:14,nouvelle_energie,rn,4,nouvelle_energie,19,18.72,18.46,18.18,17.92,17.66,17.38
nouvelle_energie:aleatoire:15,rn,renaissance,3.3,rn,0.94,1.16,1.38,1.6,1.82,2.04,2.26
nouvelle_energie:aleatoire:16,ps,rn,1.2,ps,10.12,10.04,9.98,9.9,9.82,9.74,9.68
nouvelle_energie:aleatoire:17,nouvelle_energie,rn,5.1,nouvelle_energie,15.08,14.76,14.42,14.1,13.76,13.44,13.1
nouvelle_energie:aleatoire:18,nouvelle_energie,rn,5.6,nouvelle_energie,18.9,18.54,18.18,17.84,17.48,17.12,16.76
nouvelle_energie:aleatoire:19,nouvelle_energie,horizons,9.9,nouvelle_energie,16.7,16.06,15.42,14.8,14.16,13.52,12.9
nouvelle_energie:aleatoire:20,nouvelle_energie,rn,6,nouvelle_energie,17.58,17.18,16.78,16.38,16,15.6,15.2
nouvelle_energie:aleatoire:21,nouvelle_energie,ps,2,nouvelle_energie,10.3,10.16,10,9.86,9.7,9.56,9.4
nouvelle_energie:aleatoire:22,nouvelle_energie,ps,3.6,nouvelle_energie,7.32,7.08,6.86,6.62,6.38,6.16,5.92
nouvelle_energie:aleatoire:23,nouvelle_energie,ps,4.2,nouvelle_energie,11.96,11.68,11.4,11.12,10.84,10.56,10.26
nouvelle_energie:aleatoire:24,nouvelle_energie,rn,3.9,nouvelle_energie,16.46,16.22,15.96,15.72,15.46,15.22,14.98
nouvelle_energie:aleatoire:25,nouvelle_energie,horizons,3.6,nouvelle_energie,7.58,7.34,7.12,6.88,6.66,6.42,6.18
nouvelle_energie:aleatoire:26,nouvelle_energie,rn,3.1,nouvelle_energie,16.66,16.44,16.22,16,15.76,15.54,15.32
nouvelle_energie:aleatoire:27,nouvelle_energie,lr,10.7,nouvelle_energie,19.08,18.4,17.72,17.04,16.36,15.68,15
nouvelle_energie:aleatoire:28,nouvelle_energie,rn,3.4,nouvelle_energie,15.16,14.92,14.68,14.46,14.22,13.98,13.74
nouvelle_energie:aleatoire:29,nouvelle_energie,rn,3.4,nouvelle_energie,16.86,16.64,16.4,16.18,15.96,15.72,15.5
nouvelle_energie:aleatoire:30,nouvelle_energie,rn,3.3,nouvelle_energie,14.42,14.18,13.96,13.74,13.52,13.28,13.06
nouvelle_energie:aleatoire:31,nouvelle_energie,lr,0.2,nouvelle_energie,3.68,3.68,3.68,3.68,3.68,3.68,3.68
nouvelle_energie:aleatoire:32,nouvelle_energie,horizons,6.5,nouvelle_energie,9.56,9.16,8.74,8.34,7.92,7.52,7.1
nouvelle_energie:aleatoire:33,rn,horizons,0.3,rn,6.36,6.4,6.42,6.46,6.48,6.52,6.54
nouvelle_energie:aleatoire:34,rn,horizons,2.6,rn,7.16,7.32,7.48,7.66,7.82,7.98,8.14
nouvelle_energie:aleatoire:35,nouvelle_energie,ps,3.5,nouvelle_energie,10.56,10.34,10.14,9.92,9.72,9.5,9.28
nouvelle_energie:aleatoire:36,nouvelle_energie,rn,4.3,nouvelle_energie,18.62,18.36,18.08,17.82,17.54,17.26,17
nouvelle_energie:aleatoire:37,nouvelle_energie,ps,1.7,nouvelle_energie,9.24,9.12,8.98,8.86,8.74,8.62,8.48
nouvelle_energie:aleatoire:38,nouvelle_energie,rn,0.8,nouvelle_energie,11.74,11.66,11.58,11.5,11.42,11.34,11.26
nouvelle_energie:aleatoire:39,nouvelle_energie,ps,1.8,nouvelle_energie,8.06,7.92,7.78,7.64,7.5,7.38,7.24
nouvelle_energie:aleatoire:40,nouvelle_energie,renaissance,6,nouvelle_energie,13.24,12.84,12.44,12.04,11.64,11.24,10.84
nouvelle_energie:aleatoire:41,rn,nouvelle_energie,0.3,rn,11.9,11.9,11.88,11.88,11.86,11.86,11.84
nouvelle_energie:aleatoire:42,nouvelle_energie,horizons,7.1,nouvelle_energie,10.4,9.96,9.5,9.06,8.6,8.16,7.7
nouvelle_energie:aleatoire:43,nouvelle_energie,rn,3.5,nouvelle_energie,16.08,15.84,15.58,15.32,15.08,14.82,14.56
nouvelle_energie:aleatoire:44,nouvelle_energie,rn,0.7,nouvelle_energie,11.3,11.24,11.18,11.12,11.06,11,10.94
nouvelle_energie:aleatoire:45,nouvelle_energie,ps,6.2,nouvelle_energie,12.92,12.52,12.12,11.72,11.32,10.92,10.52
nouvelle_energie:aleatoire:46,nouvelle_energie,horizons,5.1,nouvelle_energie,8.64,8.32,8,7.66,7.34,7,6.68
nouvelle_energie:aleatoire:47,nouvelle_energie,rn,5.2,nouvelle_energie,20.4,20.06,19.7,19.34,19,18.64,18.3
nouvelle_energie:aleatoire:48,nouvelle_energie,rn,2.9,nouvelle_energie,13.82,13.62,13.42,13.24,13.04,12.84,12.64
nouvelle_energie:aleatoire:49,nouvelle_energie,horizons,5.9,nouvelle_energie,8.22,7.84,7.48,7.12,6.76,6.4,6.04
nouvelle_energie:aleatoire:50,nouvelle_energie,ps,13.1,nouvelle_energie,17.68,16.86,16.06,15.24,14.44,13.62,12.82
nouvelle_energie:aleatoire:51,ps,rn,0.3,ps,10.1,10.1,10.08,10.08,10.06,10.06,10.04
nouvelle_energie:aleatoire:52,nouvelle_energie,rn,5.4,nouvelle_energie,17.48,17.14,16.8,16.46,16.12,15.8,15.46
nouvelle_energie:aleatoire:53,nouvelle_energie,lr,4.6,nouvelle_energie,7.54,7.22,6.9,6.6,6.28,5.96,5.64
nouvelle_energie:aleatoire:54,nouvelle_energie,ps,6,nouvelle_energie,12.24,11.9,11.54,11.18,10.84,10.48,10.12
nouvelle_energie:aleatoire:55,nouvelle_energie,rn,9.6,nouvelle_energie,22.3,21.68,21.08,20.46,19.86,19.26,18.64
nouvelle_energie:aleatoire:56,nouvelle_energie,ps,9,nouvelle_energie,15.04,14.5,13.96,13.42,12.88,12.34,11.8
nouvelle_energie:aleatoire:57,rn,horizons,2.5,rn,5.78,5.94,6.1,6.26,6.42,6.58,6.72
nouvelle_energie:aleatoire:58,nouvelle_energie,ps,4.2,nouvelle_energie,10.04,9.76,9.5,9.24,8.96,8.7,8.44
nouvelle_energie:aleatoire:59,nouvelle_energie,horizons,6.2,nouvelle_energie,12,11.6,11.2,10.8,10.42,10.02,9.62
nouvelle_energie:aleatoire:60,ps,renaissance,3.7,ps,5.66,5.44,5.2,4.96,4.72,4.5,4.26
nouvelle_energie:aleatoire:61,nouvelle_energie,rn,0.1,nouvelle_energie,13.24,13.22,13.2,13.2,13.18,13.16,13.14
nouvelle_energie:aleatoire:62,nouvelle_energie,renaissance,1.5,nouvelle_energie,7.92,7.8,7.7,7.6,7.5,7.38,7.28
nouvelle_energie:aleatoire:63,nouvelle_energie,rn,1.4,nouvelle_energie,11.96,11.86,11.76,11.66,11.58,11.48,11.38
nouvelle_energie:aleatoire:64,nouvelle_energie,rn,5.4,nouvelle_energie,17.88,17.52,17.16,16.82,16.46,16.1,15.74
nouvelle_energie:aleatoire:65,nouvelle_energie,rn,0.5,nouvelle_energie,11.36,11.3,11.24,11.2,11.14,11.08,11.02
nouvelle_energie:aleatoire:66,nouvelle_energie,rn,2.8,nouvelle_energie,15.66,15.48,15.28,15.08,14.88,14.7,14.5
nouvelle_energie:aleatoire:67,nouvelle_energie,lfi,5.4,nouvelle_energie,15.8,15.48,15.18,14.86,14.54,14.24,13.92
nouvelle_energie:aleatoire:68,rn,nouvelle_energie,0.4,rn,14.02,14.02,14.04,14.06,14.06,14.08,14.1
nouvelle_energie:aleatoire:69,nouvelle_energie,horizons,3.9,nouvelle_energie,7.32,7.06,6.82,6.58,6.32,6.08,5.82
nouvelle_energie:prudent:0,nouvelle_energie,lr,7.9,nouvelle_energie,15.22,14.72,14.22,13.72,13.22,12.72,12.22
nouvelle_energie:prudent:1,nouvelle_energie,rn,6.3,nouvelle_energie,19.38,18.98,18.56,18.14,17.74,17.32,16.9
nouvelle_energie:prudent:2,nouvelle_energie,rn,4.1,nouvelle_energie,15.68,15.4,15.12,14.86,14.58,14.3,14.04
nouvelle_energie:prudent:3,nouvelle_energie,rn,3.3,nouvelle_energie,14.8,14.56,14.34,14.1,13.86,13.64,13.4
nouvelle_energie:prudent:4,nouvelle_energie,ps,6.2,nouvelle_energie,14.88,14.5,14.14,13.76,13.38,13,12.62
nouvelle_energie:prudent:5,nouvelle_energie,rn,3.5,nouvelle_energie,18.08,17.84,17.6,17.36,17.12,16.86,16.62
nouvelle_energie:prudent:6,nouvelle_energie,ps,4.9,nouvelle_energie,8.96,8.66,8.36,8.04,7.74,7.42,7.12
nouvelle_energie:prudent:7,nouvelle_energie,rn,7.6,nouvelle_energie,21.86,21.36,20.88,20.38,19.9,19.4,18.92
nouvelle_energie:prudent:8,nouvelle_energie,rn,3.7,nouvelle_energie,16.42,16.16,15.9,15.64,15.38,15.12,14.86
nouvelle_energie:prudent:9,nouvelle_energie,rn,5.6,nouvelle_energie,18.96,18.6,18.22,17.86,17.48,17.12,16.74
nouvelle_energie:prudent:10,nouvelle_energie,horizons,8.5,nouvelle_energie,16.22,15.66,15.12,14.58,14.04,13.48,12.94
nouvelle_energie:prudent:11,nouvelle_energie,ps,5.1,nouvelle_energie,11.76,11.44,11.1,10.78,10.46,10.14,9.82
nouvelle_energie:prudent:12,nouvelle_energie,ps,7.9,nouvelle_energie,13.62,13.14,12.66,12.18,11.7,11.24,10.76
nouvelle_energie:prudent:13,nouvelle_energie,rn,4.8,nouvelle_energie,19.02,18.7,18.38,18.08,17.76,17.44,17.12
nouvelle_energie:prudent:14,nouvelle_energie,rn,6.2,nouvelle_energie,20.8,20.4,20,19.6,19.2,18.8,18.4
nouvelle_energie:prudent:15,nouvelle_energie,ps,1.5,nouvelle_energie,6.88,6.76,6.64,6.52,6.4,6.3,6.18
nouvelle_energie:prudent:16,nouvelle_energie,rn,11.2,nouvelle_energie,23.64,22.96,22.26,21.58,20.88,20.2,19.5
nouvelle_energie:prudent:17,nouvelle_energie,rn,8.1,nouvelle_energie,20.22,19.7,19.2,18.68,18.16,17.64,17.12
nouvelle_energie:prudent:18,nouvelle_energie,horizons,8.5,nouvelle_energie,13.94,13.4,12.86,12.34,11.8,11.28,10.74
nouvelle_energie:prudent:19,nouvelle_energie,rn,7,nouvelle_energie,19.68,19.22,18.76,18.32,17.86,17.4,16.94
nouvelle_energie:prudent:20,nouvelle_energie,ps,6.4,nouvelle_energie,13.9,13.5,13.08,12.68,12.28,11.86,11.46
nouvelle_energie:prudent:21,nouvelle_energie,rn,6,nouvelle_energie,19.9,19.5,19.08,18.68,18.28,17.88,17.48
nouvelle_energie:prudent:22,nouvelle_energie,ps,9.3,nouvelle_energie,15.06,14.5,13.94,13.4,12.84,12.3,11.74
nouvelle_energie:prudent:23,nouvelle_energie,renaissance,6.5,nouvelle_energie,15.36,14.94,14.52,14.1,13.68,13.28,12.86
nouvelle_energie:prudent:24,nouvelle_energie,horizons,2.2,nouvelle_energie,5.94,5.78,5.62,5.48,5.32,5.16,5
nouvelle_energie:prudent:25,nouvelle_energie,ps,4.6,nouvelle_energie,11.36,11.04,10.74,10.42,10.12,9.8,9.5
nouvelle_energie:prudent:26,nouvelle_energie,rn,5.8,nouvelle_energie,22.96,22.6,22.22,21.86,21.48,21.12,20.74
nouvelle_energie:prudent:27,nouvelle_energie,ps,3.5,nouvelle_energie,9.64,9.4,9.18,8.94,8.72,8.5,8.26
nouvelle_energie:prudent:28,nouvelle_energie,rn,7.5,nouvelle_energie,21.94,21.44,20.96,20.48,20,19.52,19.04
nouvelle_energie:prudent:29,nouvelle_energie,rn,5.4,nouvelle_energie,18.5,18.14,17.8,17.44,17.1,16.74,16.4
nouvelle_energie:prudent:30,nouvelle_energie,rn,8.9,nouvelle_energie,23.82,23.22,22.64,22.06,21.48,20.88,20.3
nouvelle_energie:prudent:31,nouvelle_energie,rn,1.2,nouvelle_energie,12.8,12.68,12.58,12.48,12.36,12.26,12.16
nouvelle_energie:prudent:32,nouvelle_energie,rn,3.6,nouvelle_energie,15.32,15.08,14.84,14.58,14.34,14.08,13.84
nouvelle_energie:prudent:33,nouvelle_energie,ps,8.8,nouvelle_energie,17.32,16.8,16.3,15.78,15.26,14.74,14.22
nouvelle_energie:prudent:34,nouvelle_energie,rn,1,nouvelle_energie,13.66,13.58,13.52,13.44,13.36,13.3,13.22
nouvelle_energie:prudent:35,nouvelle_energie,horizons,6.7,nouvelle_energie,11.52,11.08,10.64,10.2,9.76,9.3,8.86
nouvelle_energie:prudent:36,nouvelle_energie,rn,6.3,nouvelle_energie,20.92,20.52,20.12,19.72,19.32,18.92,18.52
nouvelle_energie:prudent:37,nouvelle_energie,lr,10.5,nouvelle_energie,20.06,19.4,18.74,18.08,17.42,16.76,16.12
nouvelle_energie:prudent:38,nouvelle_energie,rn,0.7,nouvelle_energie,13.92,13.86,13.82,13.76,13.7,13.64,13.6
nouvelle_energie:prudent:39,nouvelle_energie,rn,3.6,nouvelle_energie,18.74,18.48,18.24,17.98,17.74,17.48,17.24
nouvelle_energie:prudent:40,nouvelle_energie,horizons,7.3,nouvelle_energie,10.48,10.02,9.56,9.1,8.64,8.18,7.7
nouvelle_energie:prudent:41,nouvelle_energie,rn,5.9,nouvelle_energie,20.02,19.64,19.26,18.86,18.48,18.1,17.72
nouvelle_energie:prudent:42,nouvelle_energie,rn,2.5,nouvelle_energie,13.24,13.06,12.9,12.74,12.56,12.4,12.24
nouvelle_energie:prudent:43,nouvelle_energie,rn,0.3,nouvelle_energie,11.76,11.72,11.68,11.66,11.62,11.58,11.54
nouvelle_energie:prudent:44,nouvelle_energie,ps,3.3,nouvelle_energie,10.82,10.62,10.4,10.2,9.98,9.78,9.56
nouvelle_energie:prudent:45,nouvelle_energie,horizons,6,nouvelle_energie,9.88,9.5,9.12,8.72,8.34,7.96,7.58
nouvelle_energie:prudent:46,nouvelle_energie,rn,0.7,nouvelle_energie,14.74,14.68,14.64,14.58,14.52,14.48,14.42
nouvelle_energie:prudent:47,nouvelle_energie,rn,5,nouvelle_energie,16,15.68,15.36,15.06,14.74,14.44,14.12
nouvelle_energie:prudent:48,nouvelle_energie,horizons,6,nouvelle_energie,9.66,9.26,8.88,8.48,8.1,7.7,7.32
nouvelle_energie:prudent:49,nouvelle_energie,ps,8.7,nouvelle_energie,16.86,16.34,15.82,15.3,14.78,14.28,13.76
nouvelle_energie:prudent:50,nouvelle_energie,rn,2.5,nouvelle_energie,15.08,14.9,14.72,14.52,14.34,14.16,13.98
nouvelle_energie:prudent:51,nouvelle_energie,rn,3.5,nouvelle_energie,15.2,14.98,14.76,14.54,14.32,14.1,13.88
nouvelle_energie:prudent:52,nouvelle_energie,ps,4.7,nouvelle_energie,12.18,11.86,11.56,11.26,10.96,10.66,10.34
nouvelle_energie:prudent:53,nouvelle_energie,rn,5,nouvelle_energie,15.48,15.16,14.82,14.48,14.16,13.82,13.5
nouvelle_energie:prudent:54,nouvelle_energie,rn,3.5,nouvelle_energie,14.74,14.5,14.28,14.04,13.8,13.56,13.32
nouvelle_energie:prudent:55,nouvelle_energie,rn,11,nouvelle_energie,22.58,21.86,21.16,20.46,19.76,19.04,18.34
nouvelle_energie:prudent:56,nouvelle_energie,rn,6.2,nouvelle_energie,19.82,19.44,19.04,18.66,18.26,17.88,17.48
nouvelle_energie:prudent:57,nouvelle_energie,rn,6.9,nouvelle_energie,19.68,19.22,18.76,18.32,17.86,17.4,16.94
nouvelle_energie:prudent:58,nouvelle_energie,ps,7.2,nouvelle_energie,14.72,14.28,13.84,13.4,12.94,12.5,12.06
nouvelle_energie:prudent:59,nouvelle_energie,rn,2.2,nouvelle_energie,15.76,15.6,15.44,15.28,15.12,14.96,14.8
nouvelle_energie:prudent:60,nouvelle_energie,renaissance,5.4,nouvelle_energie,12.68,12.32,11.96,11.58,11.22,10.86,10.5
nouvelle_energie:prudent:61,nouvelle_energie,ps,5,nouvelle_energie,12.18,11.86,11.54,11.22,10.88,10.56,10.24
nouvelle_energie:prudent:62,nouvelle_energie,ps,8.4,nouvelle_energie,13.62,13.12,12.6,12.1,11.6,11.08,10.58
nouvelle_energie:prudent:63,nouvelle_energie,rn,4.6,nouvelle_energie,18.2,17.9,17.6,17.3,17,16.7,16.4
nouvelle_energie:prudent:64,nouvelle_energie,rn,2.9,nouvelle_energie,17.5,17.3,17.1,16.9,16.7,16.5,16.3
nouvelle_energie:prudent:65,nouvelle_energie,rn,11.3,nouvelle_energie,24.38,23.66,22.94,22.22,21.5,20.78,20.06
nouvelle_energie:prudent:66,nouvelle_energie,rn,5.8,nouvelle_energie,20.96,20.6,20.24,19.88,19.52,19.14,18.78
nouvelle_energie:prudent:67,nouvelle_energie,rn,7.6,nouvelle_energie,21.12,20.64,20.16,19.68,19.22,18.74,18.26
nouvelle_energie:prudent:68,nouvelle_energie,ps,3.8,nouvelle_energie,13,12.76,12.5,12.26,12,11.74,11.5
nouvelle_energie:prudent:69,nouvelle_energie,rn,9.7,nouvelle_energie,24.14,23.54,22.94,22.32,21.72,21.12,20.52
nouvelle_energie:risque:0,nouvelle_energie,ps,11.2,nouvelle_energie,15.48,14.8,14.12,13.44,12.76,12.08,11.4
nouvelle_energie:risque:1,nouvelle_energie,rn,5,nouvelle_energie,17.22,16.9,16.58,16.26,15.94,15.62,15.3
nouvelle_energie:risque:2,nouvelle_energie,rn,3.9,nouvelle_energie,15.22,14.98,14.72,14.48,14.24,14,13.76
nouvelle_energie:risque:3,nouvelle_energie,lfi,8.3,nouvelle_energie,17.62,17.14,16.66,16.2,15.72,15.24,14.76
nouvelle_energie:risque:4,nouvelle_energie,rn,1.2,nouvelle_energie,11.08,11,10.94,10.86,10.8,10.72,10.66
nouvelle_energie:risque:5,nouvelle_energie,ps,4.3,nouvelle_energie,4.82,4.56,4.3,4.04,3.76,3.5,3.24
nouvelle_energie:risque:6,rn,lr,2,rn,3.08,3.2,3.34,3.46,3.58,3.7,3.84
nouvelle_energie:risque:7,nouvelle_energie,rn,7,nouvelle_energie,18.6,18.18,17.76,17.34,16.92,16.5,16.08
nouvelle_energie:risque:8,nouvelle_energie,rn,4.3,nouvelle_energie,11.46,11.18,10.92,10.64,10.38,10.1,9.82
nouvelle_energie:risque:9,ps,nouvelle_energie,4.9,ps,1.82,1.54,1.26,0.98,0.7,0.42,0.14
nouvelle_energie:risque:10,nouvelle_energie,rn,11.2,nouvelle_energie,22.84,22.14,21.46,20.76,20.06,19.38,18.68
nouvelle_energie:risque:11,rn,nouvelle_energie,2.6,rn,7.96,8.1,8.26,8.4,8.56,8.72,8.86
nouvelle_energie:risque:12,nouvelle_energie,horizons,4.7,nouvelle_energie,9.58,9.28,8.98,8.68,8.38,8.08,7.78
nouvelle_energie:risque:13,nouvelle_energie,rn,3.2,nouvelle_energie,14.32,14.12,13.92,13.74,13.54,13.36,13.16
nouvelle_energie:risque:14,nouvelle_energie,rn,4.9,nouvelle_energie,17.88,17.58,17.26,16.96,16.66,16.36,16.04
nouvelle_energie:risque:15,nouvelle_energie,ps,12.5,nouvelle_energie,19.84,19.1,18.36,17.6,16.86,16.12,15.38
nouvelle_energie:risque:16,ps,nouvelle_energie,0.5,ps,5.34,5.36,5.36,5.38,5.4,5.4,5.42
nouvelle_energie:risque:17,nouvelle_energie,horizons,9.3,nouvelle_energie,15.14,14.56,14,13.42,12.84,12.28,11.7
nouvelle_energie:risque:18,nouvelle_energie,ps,1.9,nouvelle_energie,6.16,6.02,5.9,5.76,5.64,5.5,5.38
nouvelle_energie:risque:19,nouvelle_energie,ps,2.9,nouvelle_energie,7.88,7.7,7.5,7.3,7.1,6.9,6.7
nouvelle_energie:risque:20,nouvelle_energie,horizons,5.2,nouvelle_energie,6.04,5.7,5.36,5.04,4.7,4.36,4.02
nouvelle_energie:risque:21,nouvelle_energie,rn,4.1,nouvelle_energie,16.92,16.66,16.4,16.14,15.86,15.6,15.34
nouvelle_energie:risque:22,nouvelle_energie,rn,4.1,nouvelle_energie,13.56,13.3,13.04,12.78,12.52,12.26,12
nouvelle_energie:risque:23,ps,rn,1.1,ps,7.72,7.66,7.6,7.54,7.48,7.42,7.36
nouvelle_energie:risque:24,nouvelle_energie,rn,1.9,nouvelle_energie,13.48,13.36,13.24,13.1,12.98,12.84,12.72
nouvelle_energie:risque:25,nouvelle_energie,rn,7.7,nouvelle_energie,20.5,20,19.5,19,18.5,18,17.5
nouvelle_energie:risque:26,rn,nouvelle_energie,0.3,rn,9.36,9.36,9.38,9.4,9.4,9.42,9.44
nouvelle_energie:risque:27,nouvelle_energie,horizons,16,nouvelle_energie,22.8,21.84,20.88,19.92,18.96,18,17.04
nouvelle_energie:risque:28,nouvelle_energie,ps,1.6,nouvelle_energie,7.22,7.12,7,6.9,6.78,6.68,6.56
nouvelle_energie:risque:29,nouvelle_energie,ps,9.5,nouvelle_energie,16.94,16.38,15.82,15.26,14.7,14.14,13.58
nouvelle_energie:risque:30,nouvelle_energie,rn,1.5,nouvelle_energie,12.78,12.68,12.58,12.48,12.38,12.28,12.18
nouvelle_energie:risque:31,nouvelle_energie,rn,1.5,nouvelle_energie,14.3,14.2,14.12,14.02,13.92,13.82,13.72
nouvelle_energie:risque:32,nouvelle_energie,horizons,9.6,nouvelle_energie,12.16,11.58,11,10.42,9.84,9.28,8.7
nouvelle_energie:risque:33,nouvelle_energie,horizons,2.3,nouvelle_energie,6.44,6.28,6.14,5.98,5.84,5.68,5.52
nouvelle_energie:risque:34,nouvelle_energie,rn,2.4,nouvelle_energie,14.2,14.04,13.88,13.74,13.58,13.44,13.28
nouvelle_energie:risque:35,nouvelle_energie,rn,5.5,nouvelle_energie,18.04,17.68,17.32,16.98,16.62,16.26,15.92
nouvelle_energie:risque:36,nouvelle_energie,rn,1.2,nouvelle_energie,13.9,13.82,13.72,13.64,13.54,13.46,13.38
nouvelle_energie:risque:37,nouvelle_energie,ps,10.4,nouvelle_energie,13.8,13.2,12.58,11.96,11.34,10.74,10.12
nouvelle_energie:risque:38,nouvelle_energie,ps,9.1,nouvelle_energie,13.88,13.34,12.78,12.22,11.68,11.12,10.56
nouvelle_energie:risque:39,nouvelle_energie,rn,4.3,nouvelle_energie,16.48,16.2,15.92,15.64,15.36,15.08,14.8
nouvelle_energie:risque:40,nouvelle_energie,rn,3.6,nouvelle_energie,16.62,16.38,16.16,15.92,15.7,15.46,15.24
nouvelle_energie:risque:41,nouvelle_energie,lr,3.7,nouvelle_energie,10.8,10.56,10.32,10.08,9.82,9.58,9.34
nouvelle_energie:risque:42,nouvelle_energie,rn,5.1,nouvelle_energie,16.9,16.6,16.3,15.98,15.68,15.36,15.06
nouvelle_energie:risque:43,nouvelle_energie,rn,3.5,nouvelle_energie,13.48,13.24,13,12.74,12.5,12.26,12.02
nouvelle_energie:risque:44,nouvelle_energie,horizons,11.4,nouvelle_energie,17.24,16.56,15.88,15.18,14.5,13.82,13.12
nouvelle_energie:risque:45,nouvelle_energie,rn,9.6,nouvelle_energie,21.3,20.7,20.08,19.46,18.86,18.24,17.64
nouvelle_energie:risque:46,nouvelle_energie,rn,2.7,nouvelle_energie,14.16,13.98,13.82,13.64,13.48,13.3,13.14
nouvelle_energie:risque:47,nouvelle_energie,rn,5.2,nouvelle_energie,16.36,16.04,15.72,15.4,15.08,14.74,14.42
nouvelle_energie:risque:48,nouvelle_energie,horizons,5.5,nouvelle_energie,10.34,10.02,9.72,9.4,9.1,8.8,8.48
nouvelle_energie:risque:49,rn,nouvelle_energie,0.2,rn,11.82,11.84,11.86,11.86,11.88,11.9,11.9
nouvelle_energie:risque:50,nouvelle_energie,rn,9.9,nouvelle_energie,21.6,20.96,20.32,19.68,19.04,18.4,17.78
nouvelle_energie:risque:51,nouvelle_energie,horizons,5.2,nouvelle_energie,10.56,10.22,9.88,9.54,9.2,8.86,8.5
nouvelle_energie:risque:52,nouvelle_energie,rn,5.1,nouvelle_energie,16.88,16.58,16.26,15.96,15.64,15.32,15.02
nouvelle_energie:risque:53,nouvelle_energie,ps,5.4,nouvelle_energie,9.98,9.66,9.32,9,8.68,8.36,8.02
nouvelle_energie:risque:54,nouvelle_energie,rn,2.6,nouvelle_energie,14.5,14.32,14.14,13.96,13.78,13.62,13.44
nouvelle_energie:risque:55,nouvelle_energie,rn,9.1,nouvelle_energie,23.08,22.52,21.94,21.38,20.8,20.24,19.68
nouvelle_energie:risque:56,nouvelle_energie,horizons,8.6,nouvelle_energie,13.48,12.94,12.42,11.9,11.36,10.84,10.3
nouvelle_energie:risque:57,nouvelle_energie,rn,8.1,nouvelle_energie,21.28,20.78,20.3,19.8,19.32,18.82,18.34
nouvelle_energie:risque:58,nouvelle_energie,lr,0.8,nouvelle_energie,5.42,5.38,5.32,5.28,5.24,5.18,5.14
nouvelle_energie:risque:59,rn,nouvelle_energie,2,rn,8.46,8.58,8.7,8.82,8.92,9.04,9.16
nouvelle_energie:risque:60,nouvelle_energie,rn,1.9,nouvelle_energie,12.76,12.64,12.5,12.36,12.24,12.1,11.96
nouvelle_energie:risque:61,nouvelle_energie,ps,9,nouvelle_energie,13.5,12.98,12.46,11.94,11.42,10.9,10.38
nouvelle_energie:risque:62,nouvelle_energie,rn,9.5,nouvelle_energie,24.44,23.86,23.26,22.68,22.1,21.52,20.92
nouvelle_energie:risque:63,nouvelle_energie,rn,3.7,nouvelle_energie,14.42,14.2,13.98,13.76,13.54,13.32,13.1
nouvelle_energie:risque:64,nouvelle_energie,rn,4.3,nouvelle_energie,17.48,17.22,16.94,16.68,16.42,16.14,15.88
nouvelle_energie:risque:65,nouvelle_energie,rn,4.5,nouvelle_energie,15.18,14.88,14.56,14.26,13.96,13.64,13.34
nouvelle_energie:risque:66,nouvelle_energie,ps,5.5,nouvelle_energie,13.96,13.64,13.32,13,12.68,12.36,12.04
nouvelle_energie:risque:67,nouvelle_energie,ps,9.9,nouvelle_energie,17.34,16.74,16.14,15.56,14.96,14.36,13.78
nouvelle_energie:risque:68,nouvelle_energie,rn,6.5,nouvelle_energie,17.52,17.12,16.72,16.32,15.92,15.52,15.12
nouvelle_energie:risque:69,nouvelle_energie,rn,4.3,nouvelle_energie,17.7,17.44,17.16,16.88,16.6,16.32,16.04
nouvelle_energie:ideologiquement_coherent:0,nouvelle_energie,ps,9.5,nouvelle_energie,19.3,18.74,18.18,17.6,17.04,16.46,15.9
nouvelle_energie:ideologiquement_coherent:1,nouvelle_energie,rn,3.8,nouvelle_energie,16.68,16.44,16.2,15.94,15.7,15.44,15.2
nouvelle_energie:ideologiquement_coherent:2,nouvelle_energie,rn,4.3,nouvelle_energie,16.1,15.8,15.52,15.24,14.96,14.68,14.38
nouvelle_energie:ideologiquement_coherent:3,nouvelle_energie,rn,6,nouvelle_energie,19.24,18.86,18.48,18.1,17.72,17.34,16.96
nouvelle_energie:ideologiquement_coherent:4,nouvelle_energie,rn,2,nouvelle_energie,16.62,16.5,16.36,16.22,16.1,15.96,15.84
nouvelle_energie:ideologiquement_coherent:5,nouvelle_energie,ps,3.5,nouvelle_energie,10.1,9.86,9.64,9.4,9.18,8.94,8.72
nouvelle_energie:ideologiquement_coherent:6,nouvelle_energie,rn,2.7,nouvelle_energie,16.02,15.84,15.68,15.5,15.32,15.14,14.96
nouvelle_energie:ideologiquement_coherent:7,nouvelle_energie,rn,5.1,nouvelle_energie,18.48,18.18,17.86,17.56,17.24,16.94,16.62
nouvelle_energie:ideologiquement_coherent:8,nouvelle_energie,rn,2,nouvelle_energie,14.26,14.12,14,13.86,13.72,13.6,13.46
nouvelle_energie:ideologiquement_coherent:9,nouvelle_energie,rn,4.8,nouvelle_energie,18.7,18.4,18.1,17.8,17.52,17.22,16.92
nouvelle_energie:ideologiquement_coherent:10,nouvelle_energie,rn,6,nouvelle_energie,16.92,16.54,16.14,15.76,15.36,14.98,14.58
nouvelle_energie:ideologiquement_coherent:11,nouvelle_energie,rn,9.8,nouvelle_energie,24.14,23.54,22.92,22.3,21.7,21.08,20.46
nouvelle_energie:ideologiquement_coherent:12,nouvelle_energie,rn,9.6,nouvelle_energie,22.56,21.96,21.36,20.76,20.14,19.54,18.94
nouvelle_energie:ideologiquement_coherent:13,nouvelle_energie,horizons,5.7,nouvelle_energie,10.06,9.72,9.38,9.02,8.68,8.34,8
nouvelle_energie:ideologiquement_coherent:14,nouvelle_energie,rn,8.1,nouvelle_energie,21.72,21.2,20.68,20.18,19.66,19.14,18.64
nouvelle_energie:ideologiquement_coherent:15,nouvelle_energie,ps,3.5,nouvelle_energie,8.2,7.98,7.74,7.52,7.28,7.06,6.82
nouvelle_energie:ideologiquement_coherent:16,nouvelle_energie,rn,3.2,nouvelle_energie,15.92,15.72,15.52,15.3,15.1,14.88,14.68
nouvelle_energie:ideologiquement_coherent:17,nouvelle_energie,horizons,6.8,nouvelle_energie,11.18,10.78,10.38,9.98,9.58,9.18,8.8
nouvelle_energie:ideologiquement_coherent:18,nouvelle_energie,ps,4.4,nouvelle_energie,10.32,10.04,9.78,9.5,9.24,8.96,8.7
nouvelle_energie:ideologiquement_coherent:19,nouvelle_energie,rn,4.4,nouvelle_energie,16.92,16.64,16.36,16.06,15.78,15.48,15.2
nouvelle_energie:ideologiquement_coherent:20,nouvelle_energie,ps,7.7,nouvelle_energie,16.4,15.94,15.46,14.98,14.5,14.02,13.56
nouvelle_energie:ideologiquement_coherent:21,nouvelle_energie,ps,8.4,nouvelle_energie,14.2,13.7,13.2,12.7,12.2,11.7,11.2
nouvelle_energie:ideologiquement_coherent:22,nouvelle_energie,horizons,11,nouvelle_energie,14.18,13.52,12.86,12.2,11.52,10.86,10.2
nouvelle_energie:ideologiquement_coherent:23,nouvelle_energie,rn,3.6,nouvelle_energie,15.7,15.48,15.26,15.02,14.8,14.56,14.34
nouvelle_energie:ideologiquement_coherent:24,nouvelle_energie,horizons,4.5,nouvelle_energie,9.88,9.6,9.32,9.02,8.74,8.44,8.16
nouvelle_energie:ideologiquement_coherent:25,nouvelle_energie,horizons,9.5,nouvelle_energie,14.88,14.3,13.7,13.12,12.52,11.94,11.34
nouvelle_energie:ideologiquement_coherent:26,nouvelle_energie,rn,1.6,nouvelle_energie,13.24,13.12,13.02,12.9,12.8,12.68,12.58
nouvelle_energie:ideologiquement_coherent:27,nouvelle_energie,rn,12.8,nouvelle_energie,27.06,26.26,25.46,24.66,23.88,23.08,22.28
nouvelle_energie:ideologiquement_coherent:28,nouvelle_energie,lfi,7.3,nouvelle_energie,18.6,18.18,17.78,17.36,16.96,16.54,16.14
nouvelle_energie:ideologiquement_coherent:29,nouvelle_energie,rn,8.5,nouvelle_energie,22.48,21.94,21.4,20.88,20.34,19.8,19.28
nouvelle_energie:ideologiquement_coherent:30,nouvelle_energie,ps,6.9,nouvelle_energie,13.44,13.04,12.62,12.2,11.78,11.38,10.96
nouvelle_energie:ideologiquement_coherent:31,rn,nouvelle_energie,0.9,rn,9.64,9.68,9.72,9.76,9.8,9.82,9.86
nouvelle_energie:ideologiquement_coherent:32,nouvelle_energie,horizons,6.4,nouvelle_energie,10.14,9.76,9.36,8.96,8.58,8.18,7.8
nouvelle_energie:ideologiquement_coherent:33,nouvelle_energie,rn,6.6,nouvelle_energie,18.02,17.6,17.2,16.78,16.36,15.94,15.52
nouvelle_energie:ideologiquement_coherent:34,nouvelle_energie,rn,7.3,nouvelle_energie,20.7,20.24,19.76,19.28,18.8,18.32,17.84
nouvelle_energie:ideologiquement_coherent:35,nouvelle_energie,rn,3.2,nouvelle_energie,16.2,15.98,15.76,15.54,15.32,15.08,14.86
nouvelle_energie:ideologiquement_coherent:36,nouvelle_energie,ps,5.7,nouvelle_energie,13.08,12.72,12.38,12.02,11.66,11.32,10.96
nouvelle_energie:ideologiquement_coherent:37,nouvelle_energie,rn,6.9,nouvelle_energie,19.98,19.56,19.12,18.68,18.24,17.82,17.38
nouvelle_energie:ideologiquement_coherent:38,nouvelle_energie,lr,7,nouvelle_energie,15.06,14.62,14.18,13.76,13.32,12.88,12.44
nouvelle_energie:ideologiquement_coherent:39,nouvelle_energie,rn,3.2,nouvelle_energie,16.42,16.22,16.02,15.82,15.62,15.42,15.24
nouvelle_energie:ideologiquement_coherent:40,nouvelle_energie,ps,6.6,nouvelle_energie,13.72,13.32,12.9,12.5,12.1,11.7,11.3
nouvelle_energie:ideologiquement_coherent:41,nouvelle_energie,rn,1.3,nouvelle_energie,13.26,13.16,13.06,12.98,12.88,12.78,12.68
nouvelle_energie:ideologiquement_coherent:42,nouvelle_energie,ps,13.7,nouvelle_energie,21.94,21.14,20.36,19.56,18.76,17.98,17.18
nouvelle_energie:ideologiquement_coherent:43,nouvelle_energie,rn,7.8,nouvelle_energie,20.58,20.1,19.62,19.14,18.66,18.18,17.7
nouvelle_energie:ideologiquement_coherent:44,nouvelle_energie,rn,6.1,nouvelle_energie,19.26,18.86,18.48,18.08,17.68,17.3,16.9
nouvelle_energie:ideologiquement_coherent:45,nouvelle_energie,lfi,5.2,nouvelle_energie,17.2,16.88,16.58,16.28,15.96,15.66,15.36
nouvelle_energie:ideologiquement_coherent:46,nouvelle_energie,rn,6.4,nouvelle_energie,19.92,19.52,19.12,18.72,18.32,17.9,17.5
nouvelle_energie:ideologiquement_coherent:47,nouvelle_energie,ps,7.5,nouvelle_energie,13.18,12.74,12.28,11.82,11.36,10.9,10.46
nouvelle_energie:ideologiquement_coherent:48,nouvelle_energie,rn,5.2,nouvelle_energie,18.22,17.88,17.56,17.22,16.9,16.56,16.24
nouvelle_energie:ideologiquement_coherent:49,nouvelle_energie,renaissance,5.4,nouvelle_energie,9.68,9.34,8.98,8.64,8.28,7.94,7.6
nouvelle_energie:ideologiquement_coherent:50,nouvelle_energie,rn,5.7,nouvelle_energie,17.94,17.58,17.2,16.84,16.46,16.08,15.72
nouvelle_energie:ideologiquement_coherent:51,nouvelle_energie,lfi,4.4,nouvelle_energie,14.84,14.58,14.34,14.08,13.82,13.58,13.32
nouvelle_energie:ideologiquement_coherent:52,nouvelle_energie,horizons,5,nouvelle_energie,7.5,7.2,6.9,6.6,6.3,6,5.7
nouvelle_energie:ideologiquement_coherent:53,rn,nouvelle_energie,0.5,rn,10.56,10.58,10.6,10.6,10.62,10.64,10.64
nouvelle_energie:ideologiquement_coherent:54,nouvelle_energie,horizons,1.6,nouvelle_energie,5.78,5.66,5.54,5.44,5.32,5.22,5.1
nouvelle_energie:ideologiquement_coherent:55,nouvelle_energie,lr,10.6,nouvelle_energie,17.3,16.64,15.98,15.32,14.66,14.02,13.36
nouvelle_energie:ideologiquement_coherent:56,nouvelle_energie,ps,3.2,nouvelle_energie,8.92,8.72,8.5,8.3,8.1,7.88,7.68
nouvelle_energie:ideologiquement_coherent:57,nouvelle_energie,horizons,8.2,nouvelle_energie,9.92,9.4,8.9,8.4,7.9,7.4,6.88
nouvelle_energie:ideologiquement_coherent:58,nouvelle_energie,rn,3.6,nouvelle_energie,14.04,13.8,13.56,13.34,13.1,12.86,12.62
nouvelle_energie:ideologiquement_coherent:59,nouvelle_energie,rn,6,nouvelle_energie,18.08,17.7,17.34,16.96,16.58,16.2,15.84
nouvelle_energie:ideologiquement_coherent:60,nouvelle_energie,renaissance,4.3,nouvelle_energie,11.48,11.18,10.9,10.62,10.34,10.06,9.78
nouvelle_energie:ideologiquement_coherent:61,nouvelle_energie,rn,1.2,nouvelle_energie,13.64,13.56,13.46,13.36,13.26,13.18,13.08
nouvelle_energie:ideologiquement_coherent:62,nouvelle_energie,rn,9.4,nouvelle_energie,21.18,20.6,20.02,19.44,18.88,18.3,17.72
nouvelle_energie:ideologiquement_coherent:63,nouvelle_energie,rn,4,nouvelle_energie,16.9,16.64,16.38,16.12,15.88,15.62,15.36
nouvelle_energie:ideologiquement_coherent:64,nouvelle_energie,renaissance,8.1,nouvelle_energie,13.08,12.58,12.08,11.58,11.06,10.56,10.06
nouvelle_energie:ideologiquement_coherent:65,nouvelle_energie,rn,2.1,nouvelle_energie,14.38,14.24,14.08,13.94,13.8,13.64,13.5
nouvelle_energie:ideologiquement_coherent:66,nouvelle_energie,horizons,5.4,nouvelle_energie,9.78,9.44,9.08,8.74,8.38,8.04,7.7
nouvelle_energie:ideologiquement_coherent:67,nouvelle_energie,rn,9,nouvelle_energie,22.92,22.38,21.82,21.28,20.72,20.18,19.64
nouvelle_energie:ideologiquement_coherent:68,nouvelle_energie,rn,4.7,nouvelle_energie,15.4,15.1,14.8,14.5,14.2,13.9,13.6
nouvelle_energie:ideologiquement_coherent:69,nouvelle_energie,rn,2.9,nouvelle_energie,17.82,17.64,17.44,17.26,17.08,16.9,16.7
nouvelle_energie:opportuniste_electoral:0,rn,ps,1.3,rn,2.76,2.84,2.92,3.02,3.1,3.2,3.28
nouvelle_energie:opportuniste_electoral:1,nouvelle_energie,rn,2.1,nouvelle_energie,13.78,13.64,13.5,13.38,13.24,13.12,12.98
nouvelle_energie:opportuniste_electoral:2,nouvelle_energie,ps,3.5,nouvelle_energie,7.54,7.34,7.14,6.94,6.74,6.54,6.34
nouvelle_energie:opportuniste_electoral:3,nouvelle_energie,ps,7.9,nouvelle_energie,13.12,12.64,12.16,11.68,11.2,10.72,10.24
nouvelle_energie:opportuniste_electoral:4,ps,nouvelle_energie,0.5,ps,5.36,5.36,5.36,5.36,5.36,5.36,5.36
nouvelle_energie:opportuniste_electoral:5,nouvelle_energie,rn,2.1,nouvelle_energie,13.6,13.44,13.28,13.12,12.98,12.82,12.66
nouvelle_energie:opportuniste_electoral:6,nouvelle_energie,rn,0.2,nouvelle_energie,11.3,11.28,11.26,11.24,11.22,11.2,11.18
nouvelle_energie:opportuniste_electoral:7,rn,ps,0.9,rn,4.18,4.26,4.32,4.38,4.44,4.52,4.58
nouvelle_energie:opportuniste_electoral:8,nouvelle_energie,rn,2.1,nouvelle_energie,12.74,12.6,12.46,12.32,12.16,12.02,11.88
nouvelle_energie:opportuniste_electoral:9,nouvelle_energie,rn,8.3,nouvelle_energie,19.74,19.24,18.74,18.24,17.74,17.24,16.72
nouvelle_energie:opportuniste_electoral:10,nouvelle_energie,ps,5.2,nouvelle_energie,9.96,9.62,9.28,8.94,8.6,8.26,7.92
nouvelle_energie:opportuniste_electoral:11,nouvelle_energie,lfi,5.9,nouvelle_energie,13.94,13.6,13.26,12.92,12.58,12.24,11.88
nouvelle_energie:opportuniste_electoral:12,rn,nouvelle_energie,2.5,rn,7.92,8.08,8.22,8.36,8.52,8.66,8.8
nouvelle_energie:opportuniste_electoral:13,nouvelle_energie,rn,2.2,nouvelle_energie,12.84,12.7,12.54,12.38,12.22,12.06,11.92
nouvelle_energie:opportuniste_electoral:14,rn,ps,1.7,rn,1.6,1.72,1.84,1.96,2.08,2.2,2.32
nouvelle_energie:opportuniste_electoral:15,nouvelle_energie,renaissance,2.5,nouvelle_energie,5.5,5.34,5.18,5.02,4.86,4.7,4.54
nouvelle_energie:opportuniste_electoral:16,ps,nouvelle_energie,2.1,ps,5.36,5.48,5.6,5.72,5.86,5.98,6.1
nouvelle_energie:opportuniste_electoral:17,nouvelle_energie,rn,5.7,nouvelle_energie,13.96,13.58,13.22,12.86,12.5,12.14,11.78
nouvelle_energie:opportuniste_electoral:18,nouvelle_energie,rn,4.4,nouvelle_energie,16.14,15.86,15.58,15.3,15.02,14.76,14.48
nouvelle_energie:opportuniste_electoral:19,nouvelle_energie,rn,1.5,nouvelle_energie,13.98,13.86,13.76,13.66,13.54,13.44,13.34
nouvelle_energie:opportuniste_electoral:20,nouvelle_energie,renaissance,1.2,nouvelle_energie,2.28,2.18,2.08,1.98,1.88,1.78,1.68
nouvelle_energie:opportuniste_electoral:21,nouvelle_energie,rn,1.7,nouvelle_energie,16.92,16.8,16.66,16.54,16.4,16.28,16.16
nouvelle_energie:opportuniste_electoral:22,nouvelle_energie,rn,10,nouvelle_energie,21.96,21.32,20.7,20.06,19.44,18.8,18.16
nouvelle_energie:opportuniste_electoral:23,rn,nouvelle_energie,0.4,rn,7.06,7.08,7.08,7.08,7.08,7.08,7.1
nouvelle_energie:opportuniste_electoral:24,rn,nouvelle_energie,0.3,rn,8.94,8.96,8.98,9,9,9.02,9.04
nouvelle_energie:opportuniste_electoral:25,nouvelle_energie,rn,0.3,nouvelle_energie,11.28,11.22,11.18,11.14,11.1,11.06,11.02
nouvelle_energie:opportuniste_electoral:26,nouvelle_energie,rn,3,nouvelle_energie,12.88,12.68,12.5,12.3,12.1,11.92,11.72
nouvelle_energie:opportuniste_electoral:27,nouvelle_energie,horizons,10.3,nouvelle_energie,15.38,14.76,14.14,13.52,12.9,12.3,11.68
nouvelle_energie:opportuniste_electoral:28,nouvelle_energie,rn,5.3,nouvelle_energie,16.3,15.96,15.64,15.3,14.96,14.64,14.3
nouvelle_energie:opportuniste_electoral:29,rn,nouvelle_energie,0.2,rn,12.86,12.86,12.84,12.84,12.84,12.82,12.82
nouvelle_energie:opportuniste_electoral:30,nouvelle_energie,rn,3,nouvelle_energie,13.94,13.72,13.52,13.3,13.08,12.88,12.66
nouvelle_energie:opportuniste_electoral:31,nouvelle_energie,rn,2,nouvelle_energie,14.5,14.36,14.22,14.1,13.96,13.82,13.7
nouvelle_energie:opportuniste_electoral:32,horizons,nouvelle_energie,0.7,horizons,1.58,1.54,1.5,1.46,1.42,1.38,1.34
nouvelle_energie:opportuniste_electoral:33,nouvelle_energie,rn,3.5,nouvelle_energie,14.38,14.16,13.94,13.72,13.5,13.28,13.06
nouvelle_energie:opportuniste_electoral:34,rn,nouvelle_energie,0.3,rn,11.18,11.18,11.18,11.2,11.2,11.22,11.22
nouvelle_energie:opportuniste_electoral:35,nouvelle_energie,rn,4.5,nouvelle_energie,16.22,15.9,15.58,15.28,14.96,14.64,14.32
nouvelle_energie:opportuniste_electoral:36,nouvelle_energie,rn,1.9,nouvelle_energie,13.14,13,12.86,12.72,12.58,12.44,12.32
nouvelle_energie:opportuniste_electoral:37,lr,rn,1.1,lr,9.68,9.6,9.54,9.46,9.4,9.32,9.24
nouvelle_energie:opportuniste_electoral:38,nouvelle_energie,ps,0.8,nouvelle_energie,5.16,5.08,5.02,4.94,4.86,4.78,4.7
nouvelle_energie:opportuniste_electoral:39,nouvelle_energie,rn,5.4,nouvelle_energie,18.64,18.3,17.96,17.6,17.26,16.92,16.56
nouvelle_energie:opportuniste_electoral:40,nouvelle_energie,rn,4.1,nouvelle_energie,14.82,14.58,14.34,14.08,13.84,13.58,13.34
nouvelle_energie:opportuniste_electoral:41,rn,nouvelle_energie,1.3,rn,8.52,8.58,8.66,8.72,8.78,8.86,8.92
nouvelle_energie:opportuniste_electoral:42,ps,nouvelle_energie,0.6,ps,2.1,2.12,2.14,2.16,2.18,2.2,2.22
nouvelle_energie:opportuniste_electoral:43,nouvelle_energie,rn,7.8,nouvelle_energie,19.72,19.24,18.74,18.26,17.76,17.28,16.8
nouvelle_energie:opportuniste_electoral:44,renaissance,rn,0.1,renaissance,6.96,6.96,6.96,6.96,6.96,6.96,6.96
nouvelle_energie:opportuniste_electoral:45,nouvelle_energie,rn,2.5,nouvelle_energie,14.2,14.02,13.84,13.66,13.48,13.32,13.14
nouvelle_energie:opportuniste_electoral:46,nouvelle_energie,ps,8.8,nouvelle_energie,13.78,13.24,12.7,12.16,11.62,11.1,10.56
nouvelle_energie:opportuniste_electoral:47,nouvelle_energie,rn,3,nouvelle_energie,13.68,13.48,13.28,13.08,12.88,12.68,12.46
nouvelle_energie:opportuniste_electoral:48,nouvelle_energie,renaissance,5.6,nouvelle_energie,10.86,10.5,10.14,9.78,9.44,9.08,8.72
nouvelle_energie:opportuniste_electoral:49,nouvelle_energie,ps,4.5,nouvelle_energie,11.5,11.2,10.92,10.62,10.34,10.04,9.74
nouvelle_energie:opportuniste_electoral:50,nouvelle_energie,rn,2.6,nouvelle_energie,12.56,12.38,12.2,12,11.82,11.62,11.44
nouvelle_energie:opportuniste_electoral:51,nouvelle_energie,rn,4.3,nouvelle_energie,16.14,15.86,15.58,15.3,15.02,14.74,14.46
nouvelle_energie:opportuniste_electoral:52,nouvelle_energie,rn,1.2,nouvelle_energie,9.1,9.04,8.96,8.88,8.82,8.74,8.66
nouvelle_energie:opportuniste_electoral:53,nouvelle_energie,horizons,2.5,nouvelle_energie,8.7,8.52,8.34,8.16,7.98,7.82,7.64
nouvelle_energie:opportuniste_electoral:54,nouvelle_energie,rn,1.3,nouvelle_energie,14.94,14.86,14.76,14.66,14.56,14.46,14.36
nouvelle_energie:opportuniste_electoral:55,nouvelle_energie,ps,3,nouvelle_energie,8,7.8,7.6,7.4,7.2,7.02,6.82
nouvelle_energie:opportuniste_electoral:56,nouvelle_energie,rn,4,nouvelle_energie,15.48,15.22,14.96,14.68,14.42,14.14,13.88
nouvelle_energie:opportuniste_electoral:57,nouvelle_energie,ps,2.7,nouvelle_energie,5.98,5.8,5.62,5.46,5.28,5.12,4.94
nouvelle_energie:opportuniste_electoral:58,ps,nouvelle_energie,1.5,ps,1.7,1.78,1.86,1.94,2,2.08,2.16
nouvelle_energie:opportuniste_electoral:59,ps,nouvelle_energie,3.6,ps,2.68,2.48,2.26,2.04,1.84,1.62,1.4
nouvelle_energie:opportuniste_electoral:60,nouvelle_energie,rn,1,nouvelle_energie,9.42,9.34,9.26,9.18,9.1,9.02,8.94
nouvelle_energie:opportuniste_electoral:61,nouvelle_energie,ps,5.3,nouvelle_energie,8.6,8.28,7.96,7.64,7.32,7,6.66
nouvelle_energie:opportuniste_electoral:62,nouvelle_energie,horizons,5,nouvelle_energie,7.94,7.62,7.32,7.02,6.72,6.42,6.12
nouvelle_energie:opportuniste_electoral:63,rn,nouvelle_energie,0.3,rn,9.18,9.18,9.2,9.2,9.22,9.22,9.24
nouvelle_energie:opportuniste_electoral:64,nouvelle_energie,rn,6.8,nouvelle_energie,18.78,18.34,17.9,17.44,17,16.56,16.1
nouvelle_energie:opportuniste_electoral:65,nouvelle_energie,lfi,1.3,nouvelle_energie,9.12,9.04,8.96,8.88,8.8,8.72,8.64
nouvelle_energie:opportuniste_electoral:66,nouvelle_energie,horizons,3.3,nouvelle_energie,5.5,5.3,5.08,4.86,4.64,4.44,4.22
nouvelle_energie:opportuniste_electoral:67,nouvelle_energie,rn,6.3,nouvelle_energie,16.54,16.14,15.72,15.32,14.92,14.5,14.1
nouvelle_energie:opportuniste_electoral:68,rn,nouvelle_energie,1.5,rn,9.84,9.92,10,10.08,10.16,10.26,10.34
nouvelle_energie:opportuniste_electoral:69,rn,nouvelle_energie,2.6,rn,6.98,7.12,7.26,7.4,7.54,7.7,7.84
nouvelle_energie:parti_dabord:0,nouvelle_energie,rn,5.5,nouvelle_energie,16.94,16.56,16.18,15.8,15.42,15.04,14.66
nouvelle_energie:parti_dabord:1,rn,ps,2.6,rn,1.62,1.78,1.96,2.14,2.3,2.48,2.64
nouvelle_energie:parti_dabord:2,nouvelle_energie,rn,5.8,nouvelle_energie,16.5,16.08,15.68,15.28,14.88,14.46,14.06
nouvelle_energie:parti_dabord:3,nouvelle_energie,ps,1.6,nouvelle_energie,9.34,9.2,9.06,8.92,8.78,8.64,8.5
nouvelle_energie:parti_dabord:4,rn,nouvelle_energie,1.7,rn,9.76,9.82,9.86,9.92,9.98,10.04,10.1
nouvelle_energie:parti_dabord:5,nouvelle_energie,rn,3.7,nouvelle_energie,16.04,15.78,15.5,15.22,14.94,14.66,14.38
nouvelle_energie:parti_dabord:6,nouvelle_energie,rn,1.3,nouvelle_energie,10.62,10.48,10.36,10.24,10.12,9.98,9.86
nouvelle_energie:parti_dabord:7,nouvelle_energie,ps,3.8,nouvelle_energie,9.22,8.96,8.7,8.44,8.2,7.94,7.68
nouvelle_energie:parti_dabord:8,nouvelle_energie,rn,1.9,nouvelle_energie,9.78,9.64,9.5,9.34,9.2,9.06,8.92
nouvelle_energie:parti_dabord:9,nouvelle_energie,rn,2.8,nouvelle_energie,15.2,14.98,14.74,14.52,14.28,14.06,13.82
nouvelle_energie:parti_dabord:10,nouvelle_energie,rn,6.7,nouvelle_energie,17.64,17.2,16.74,16.28,15.82,15.38,14.92
nouvelle_energie:parti_dabord:11,rn,nouvelle_energie,1.1,rn,7.62,7.64,7.68,7.72,7.76,7.8,7.84
nouvelle_energie:parti_dabord:12,nouvelle_energie,rn,4.3,nouvelle_energie,16.48,16.16,15.84,15.54,15.22,14.92,14.6
nouvelle_energie:parti_dabord:13,nouvelle_energie,horizons,1.5,nouvelle_energie,4.14,4,3.86,3.7,3.56,3.42,3.28
nouvelle_energie:parti_dabord:14,rn,nouvelle_energie,0.9,rn,11.3,11.3,11.3,11.3,11.3,11.32,11.32
nouvelle_energie:parti_dabord:15,nouvelle_energie,rn,2.6,nouvelle_energie,14.14,13.94,13.74,13.54,13.34,13.14,12.94
nouvelle_energie:parti_dabord:16,nouvelle_energie,rn,3.1,nouvelle_energie,15.16,14.94,14.7,14.48,14.24,14,13.78
nouvelle_energie:parti_dabord:17,nouvelle_energie,ps,3.7,nouvelle_energie,7.78,7.52,7.24,6.98,6.7,6.44,6.18
nouvelle_energie:parti_dabord:18,nouvelle_energie,ps,4.6,nouvelle_energie,9.22,8.9,8.58,8.26,7.94,7.62,7.3
nouvelle_energie:parti_dabord:19,rn,nouvelle_energie,0.5,rn,13.04,13.04,13.02,13.02,13,13,12.98
nouvelle_energie:parti_dabord:20,rn,nouvelle_energie,0.3,rn,9.22,9.18,9.16,9.14,9.1,9.08,9.06
nouvelle_energie:parti_dabord:21,rn,nouvelle_energie,2.6,rn,9.22,9.34,9.48,9.6,9.72,9.84,9.96
nouvelle_energie:parti_dabord:22,nouvelle_energie,rn,5,nouvelle_energie,15.54,15.18,14.82,14.48,14.12,13.76,13.4
nouvelle_energie:parti_dabord:23,nouvelle_energie,ps,4.4,nouvelle_energie,15.04,14.74,14.44,14.14,13.82,13.52,13.22
nouvelle_energie:parti_dabord:24,nouvelle_energie,rn,3,nouvelle_energie,14.7,14.48,14.24,14,13.78,13.54,13.32
nouvelle_energie:parti_dabord:25,nouvelle_energie,renaissance,8.2,nouvelle_energie,14.5,13.96,13.4,12.84,12.28,11.74,11.18
nouvelle_energie:parti_dabord:26,nouvelle_energie,rn,3.3,nouvelle_energie,14.04,13.78,13.54,13.3,13.04,12.8,12.56
nouvelle_energie:parti_dabord:27,nouvelle_energie,horizons,7,nouvelle_energie,11.68,11.22,10.74,10.26,9.78,9.32,8.84
nouvelle_energie:parti_dabord:28,nouvelle_energie,rn,1.1,nouvelle_energie,14.4,14.3,14.2,14.08,13.98,13.88,13.76
nouvelle_energie:parti_dabord:29,nouvelle_energie,rn,7.1,nouvelle_energie,21.66,21.18,20.7,20.2,19.72,19.24,18.76
nouvelle_energie:parti_dabord:30,nouvelle_energie,rn,6.9,nouvelle_energie,18.7,18.22,17.74,17.26,16.8,16.32,15.84
nouvelle_energie:parti_dabord:31,nouvelle_energie,rn,8.3,nouvelle_energie,20.6,20.06,19.5,18.96,18.4,17.86,17.3
nouvelle_energie:parti_dabord:32,nouvelle_energie,rn,1,nouvelle_energie,12.76,12.64,12.54,12.42,12.32,12.22,12.1
nouvelle_energie:parti_dabord:33,nouvelle_energie,rn,4.3,nouvelle_energie,15.94,15.62,15.32,15,14.7,14.38,14.06
nouvelle_energie:parti_dabord:34,ps,nouvelle_energie,0.8,ps,4.8,4.8,4.8,4.8,4.78,4.78,4.78
nouvelle_energie:parti_dabord:35,nouvelle_energie,rn,4.6,nouvelle_energie,16.38,16.04,15.7,15.38,15.04,14.7,14.38
nouvelle_energie:parti_dabord:36,nouvelle_energie,horizons,10.1,nouvelle_energie,15.94,15.28,14.62,13.96,13.28,12.62,11.96
nouvelle_energie:parti_dabord:37,nouvelle_energie,ps,3.9,nouvelle_energie,8.98,8.7,8.42,8.14,7.88,7.6,7.32
nouvelle_energie:parti_dabord:38,nouvelle_energie,rn,6.6,nouvelle_energie,18.82,18.36,17.9,17.44,16.98,16.52,16.06
nouvelle_energie:parti_dabord:39,nouvelle_energie,ps,1.2,nouvelle_energie,8.38,8.26,8.14,8.02,7.9,7.78,7.66
nouvelle_energie:parti_dabord:40,nouvelle_energie,ps,8.9,nouvelle_energie,14.04,13.46,12.9,12.32,11.76,11.18,10.62
nouvelle_energie:parti_dabord:41,nouvelle_energie,ps,0.1,nouvelle_energie,7.22,7.18,7.12,7.06,7.02,6.96,6.9
nouvelle_energie:parti_dabord:42,nouvelle_energie,horizons,6.7,nouvelle_energie,9.34,8.86,8.4,7.94,7.46,7,6.54
nouvelle_energie:parti_dabord:43,nouvelle_energie,horizons,5.8,nouvelle_energie,6.04,5.66,5.26,4.86,4.46,4.06,3.66
nouvelle_energie:parti_dabord:44,nouvelle_energie,rn,5.2,nouvelle_energie,17.84,17.48,17.12,16.78,16.42,16.06,15.7
nouvelle_energie:parti_dabord:45,rn,horizons,1.6,rn,7.74,7.84,7.96,8.06,8.16,8.28,8.38
nouvelle_energie:parti_dabord:46,ps,rn,0.4,ps,5.46,5.44,5.44,5.42,5.4,5.38,5.36
nouvelle_energie:parti_dabord:47,nouvelle_energie,rn,1.8,nouvelle_energie,13.46,13.32,13.16,13.02,12.88,12.72,12.58
nouvelle_energie:parti_dabord:48,nouvelle_energie,ps,9.2,nouvelle_energie,15.42,14.84,14.26,13.68,13.1,12.52,11.94
nouvelle_energie:parti_dabord:49,rn,nouvelle_energie,0.6,rn,9.92,9.92,9.92,9.92,9.92,9.92,9.92
nouvelle_energie:parti_dabord:50,nouvelle_energie,ps,4.1,nouvelle_energie,12.14,11.84,11.56,11.28,11,10.72,10.42
nouvelle_energie:parti_dabord:51,nouvelle_energie,rn,6.5,nouvelle_energie,19.68,19.22,18.78,18.32,17.88,17.42,16.98
nouvelle_energie:parti_dabord:52,nouvelle_energie,rn,6.3,nouvelle_energie,19.82,19.4,18.98,18.54,18.12,17.7,17.26
nouvelle_energie:parti_dabord:53,nouvelle_energie,lr,2.9,nouvelle_energie,4.66,4.44,4.22,4,3.78,3.56,3.34
nouvelle_energie:parti_dabord:54,nouvelle_energie,ps,1.6,nouvelle_energie,8.78,8.64,8.5,8.36,8.22,8.08,7.94
nouvelle_energie:parti_dabord:55,rn,nouvelle_energie,1.6,rn,11.02,11.08,11.14,11.2,11.26,11.32,11.38
nouvelle_energie:parti_dabord:56,nouvelle_energie,ps,4.4,nouvelle_energie,12.24,11.94,11.64,11.34,11.04,10.74,10.44
nouvelle_energie:parti_dabord:57,nouvelle_energie,ps,4.8,nouvelle_energie,8.3,7.98,7.66,7.34,7.02,6.7,6.38
nouvelle_energie:parti_dabord:58,rn,nouvelle_energie,1.4,rn,7.78,7.84,7.9,7.94,8,8.06,8.1
nouvelle_energie:parti_dabord:59,nouvelle_energie,ps,3,nouvelle_energie,7.08,6.84,6.62,6.38,6.16,5.92,5.7
nouvelle_energie:parti_dabord:60,nouvelle_energie,rn,3.9,nouvelle_energie,16.1,15.8,15.52,15.24,14.96,14.66,14.38
nouvelle_energie:parti_dabord:61,nouvelle_energie,rn,3.5,nouvelle_energie,17.32,17.06,16.82,16.58,16.34,16.08,15.84
nouvelle_energie:parti_dabord:62,nouvelle_energie,rn,1.4,nouvelle_energie,10.94,10.82,10.7,10.58,10.46,10.32,10.2
nouvelle_energie:parti_dabord:63,nouvelle_energie,ps,3.6,nouvelle_energie,10.22,9.98,9.72,9.46,9.2,8.94,8.7
nouvelle_energie:parti_dabord:64,ps,nouvelle_energie,2.4,ps,2.32,2.42,2.52,2.62,2.72,2.82,2.92
nouvelle_energie:parti_dabord:65,nouvelle_energie,rn,7.8,nouvelle_energie,20.22,19.68,19.16,18.62,18.08,17.54,17
nouvelle_energie:parti_dabord:66,nouvelle_energie,rn,6.2,nouvelle_energie,18.16,17.72,17.3,16.86,16.42,15.98,15.54
nouvelle_energie:parti_dabord:67,nouvelle_energie,lfi,3.9,nouvelle_energie,13.3,13.06,12.8,12.54,12.28,12.04,11.78
nouvelle_energie:parti_dabord:68,nouvelle_energie,rn,1.8,nouvelle_energie,12.7,12.54,12.38,12.22,12.06,11.9,11.74
nouvelle_energie:parti_dabord:69,nouvelle_energie,rn,5.5,nouvelle_energie,16.78,16.38,16,15.6,15.22,14.84,14.44
nouvelle_energie:mediatique:0,nouvelle_energie,ecologistes,1.1,nouvelle_energie,7.1,7.04,6.98,6.9,6.84,6.78,6.7
nouvelle_energie:mediatique:1,rn,ps,0.3,rn,7.24,7.26,7.28,7.32,7.34,7.36,7.4
nouvelle_energie:mediatique:2,nouvelle_energie,ps,5.2,nouvelle_energie,8.18,7.84,7.52,7.2,6.88,6.56,6.22
nouvelle_energie:mediatique:3,nouvelle_energie,ps,2.7,nouvelle_energie,5.78,5.58,5.4,5.2,5,4.8,4.6
nouvelle_energie:mediatique:4,nouvelle_energie,rn,2.6,nouvelle_energie,12.7,12.52,12.36,12.18,12,11.84,11.66
nouvelle_energie:mediatique:5,nouvelle_energie,rn,0.9,nouvelle_energie,11.72,11.64,11.56,11.5,11.42,11.34,11.26
nouvelle_energie:mediatique:6,rn,nouvelle_energie,1.3,rn,8.36,8.42,8.48,8.54,8.6,8.66,8.72
nouvelle_energie:mediatique:7,nouvelle_energie,ps,0.3,nouvelle_energie,5.02,5,4.98,4.96,4.94,4.92,4.9
nouvelle_energie:mediatique:8,nouvelle_energie,rn,2.1,nouvelle_energie,13.14,13,12.86,12.7,12.56,12.42,12.26
nouvelle_energie:mediatique:9,nouvelle_energie,rn,4.2,nouvelle_energie,15.58,15.32,15.04,14.76,14.48,14.22,13.94
nouvelle_energie:mediatique:10,rn,nouvelle_energie,0.5,rn,7.28,7.28,7.28,7.3,7.3,7.3,7.3
nouvelle_energie:mediatique:11,nouvelle_energie,rn,2.8,nouvelle_energie,13.22,13.02,12.82,12.62,12.42,12.22,12.02
nouvelle_energie:mediatique:12,nouvelle_energie,rn,4.9,nouvelle_energie,11.48,11.16,10.84,10.52,10.2,9.9,9.58
nouvelle_energie:mediatique:13,nouvelle_energie,rn,3.7,nouvelle_energie,11.12,10.88,10.64,10.4,10.16,9.92,9.68
nouvelle_energie:mediatique:14,nouvelle_energie,horizons,0.6,nouvelle_energie,0.26,0.32,0.36,0.42,0.46,0.52,0.56
nouvelle_energie:mediatique:15,rn,horizons,2.6,rn,4.7,4.86,5.04,5.2,5.36,5.54,5.7
nouvelle_energie:mediatique:16,horizons,nouvelle_energie,0.8,horizons,0.7,0.72,0.76,0.78,0.8,0.84,0.86
nouvelle_energie:mediatique:17,nouvelle_energie,rn,2.7,nouvelle_energie,11.6,11.42,11.24,11.04,10.86,10.66,10.48
nouvelle_energie:mediatique:18,rn,horizons,2.1,rn,5.94,6.06,6.2,6.34,6.48,6.6,6.74
nouvelle_energie:mediatique:19,ps,lfi,0.1,ps,3.78,3.8,3.82,3.86,3.88,3.9,3.92
nouvelle_energie:mediatique:20,rn,horizons,1.7,rn,7.82,7.94,8.04,8.16,8.26,8.38,8.48
nouvelle_energie:mediatique:21,ps,nouvelle_energie,0.7,ps,1.98,2,2.02,2.04,2.06,2.1,2.12
nouvelle_energie:mediatique:22,nouvelle_energie,horizons,6.9,nouvelle_energie,7.02,6.58,6.14,5.7,5.26,4.82,4.38
nouvelle_energie:mediatique:23,nouvelle_energie,ps,4.7,nouvelle_energie,10.3,10,9.7,9.42,9.12,8.82,8.54
nouvelle_energie:mediatique:24,rn,ps,2,rn,5.26,5.4,5.54,5.66,5.8,5.94,6.08
nouvelle_energie:mediatique:25,rn,nouvelle_energie,1,rn,9.3,9.34,9.38,9.42,9.46,9.5,9.54
nouvelle_energie:mediatique:26,nouvelle_energie,ps,2.6,nouvelle_energie,3.3,3.14,2.96,2.78,2.62,2.44,2.26
nouvelle_energie:mediatique:27,ps,nouvelle_energie,0.9,ps,1.38,1.42,1.46,1.5,1.54,1.58,1.62
nouvelle_energie:mediatique:28,nouvelle_energie,rn,4.7,nouvelle_energie,15.68,15.36,15.04,14.72,14.4,14.08,13.78
nouvelle_energie:mediatique:29,rn,ps,0.5,rn,4.74,4.78,4.8,4.84,4.88,4.92,4.96
nouvelle_energie:mediatique:30,ps,lfi,0.2,ps,4.54,4.54,4.54,4.56,4.56,4.58,4.58
nouvelle_energie:mediatique:31,rn,ps,0.1,rn,5.92,5.94,5.94,5.96,5.96,5.98,5.98
nouvelle_energie:mediatique:32,rn,horizons,0.3,rn,6.26,6.28,6.32,6.34,6.36,6.4,6.42
nouvelle_energie:mediatique:33,nouvelle_energie,ps,0.4,nouvelle_energie,2,1.96,1.92,1.88,1.84,1.8,1.76
nouvelle_energie:mediatique:34,nouvelle_energie,rn,0.3,nouvelle_energie,8.18,8.14,8.1,8.06,8,7.96,7.92
nouvelle_energie:mediatique:35,rn,lfi,2.7,rn,1.48,1.32,1.16,1,0.84,0.68,0.52
nouvelle_energie:mediatique:36,rn,horizons,2.1,rn,5.24,5.38,5.5,5.64,5.78,5.92,6.06
nouvelle_energie:mediatique:37,nouvelle_energie,ps,9.7,nouvelle_energie,12.8,12.22,11.62,11.04,10.46,9.86,9.28
nouvelle_energie:mediatique:38,nouvelle_energie,horizons,1.3,nouvelle_energie,2.92,2.82,2.74,2.64,2.56,2.46,2.38
nouvelle_energie:mediatique:39,rn,nouvelle_energie,0.3,rn,7.96,7.96,7.94,7.94,7.94,7.94,7.94
nouvelle_energie:mediatique:40,nouvelle_energie,rn,2.5,nouvelle_energie,11.3,11.14,10.96,10.78,10.62,10.44,10.28
nouvelle_energie:mediatique:41,nouvelle_energie,ps,1.8,nouvelle_energie,5.48,5.36,5.24,5.12,5.02,4.9,4.78
nouvelle_energie:mediatique:42,nouvelle_energie,rn,1.4,nouvelle_energie,12.54,12.42,12.3,12.18,12.08,11.96,11.84
nouvelle_energie:mediatique:43,ps,rn,1.5,ps,10.32,10.24,10.14,10.04,9.96,9.86,9.76
nouvelle_energie:mediatique:44,horizons,rn,1.2,horizons,7.92,7.86,7.8,7.74,7.68,7.62,7.56
nouvelle_energie:mediatique:45,rn,horizons,0.7,rn,9.04,9.1,9.14,9.2,9.24,9.28,9.34
nouvelle_energie:mediatique:46,nouvelle_energie,rn,4.4,nouvelle_energie,14.16,13.86,13.54,13.22,12.9,12.58,12.26
nouvelle_energie:mediatique:47,nouvelle_energie,renaissance,2.9,nouvelle_energie,5.96,5.74,5.54,5.32,5.12,4.92,4.7
nouvelle_energie:mediatique:48,nouvelle_energie,rn,1.5,nouvelle_energie,10.12,9.98,9.86,9.74,9.62,9.5,9.38
nouvelle_energie:mediatique:49,horizons,rn,0.7,horizons,9.5,9.46,9.42,9.4,9.36,9.32,9.3
nouvelle_energie:mediatique:50,ps,renaissance,1.3,ps,1.12,1.2,1.28,1.38,1.46,1.54,1.62
nouvelle_energie:mediatique:51,nouvelle_energie,rn,6.2,nouvelle_energie,16.56,16.18,15.78,15.4,15.02,14.64,14.26
nouvelle_energie:mediatique:52,rn,horizons,1.1,rn,6.16,6.24,6.3,6.38,6.46,6.52,6.6
nouvelle_energie:mediatique:53,lr,rn,0.9,lr,6.62,6.56,6.5,6.44,6.38,6.32,6.26
nouvelle_energie:mediatique:54,ps,rn,2.3,ps,7.86,7.72,7.58,7.44,7.3,7.16,7
nouvelle_energie:mediatique:55,nouvelle_energie,ps,2.4,nouvelle_energie,5.44,5.26,5.1,4.92,4.76,4.58,4.4
nouvelle_energie:mediatique:56,nouvelle_energie,ps,5.7,nouvelle_energie,9.56,9.22,8.86,8.5,8.16,7.8,7.44
nouvelle_energie:mediatique:57,nouvelle_energie,rn,2.1,nouvelle_energie,10.16,10.02,9.88,9.72,9.58,9.44,9.3
nouvelle_energie:mediatique:58,nouvelle_energie,ps,2.1,nouvelle_energie,2.02,1.88,1.74,1.6,1.46,1.32,1.2
nouvelle_energie:mediatique:59,rn,horizons,2.2,rn,7.88,8.02,8.16,8.3,8.44,8.6,8.74
nouvelle_energie:mediatique:60,ps,rn,2.4,ps,11.16,11.02,10.88,10.72,10.58,10.44,10.28
nouvelle_energie:mediatique:61,ps,rn,2.2,ps,10.86,10.72,10.58,10.46,10.32,10.18,10.06
nouvelle_energie:mediatique:62,rn,ps,2.5,rn,2.72,2.9,3.06,3.22,3.38,3.54,3.7
nouvelle_energie:mediatique:63,nouvelle_energie,renaissance,6.1,nouvelle_energie,10.72,10.3,9.9,9.48,9.08,8.68,8.26
nouvelle_energie:mediatique:64,horizons,rn,0.1,horizons,8.84,8.82,8.82,8.82,8.82,8.82,8.82
nouvelle_energie:mediatique:65,ps,horizons,4.2,ps,3.08,2.84,2.58,2.34,2.1,1.84,1.6
nouvelle_energie:mediatique:66,rn,nouvelle_energie,3.1,rn,6.5,6.68,6.86,7.02,7.2,7.38,7.56
nouvelle_energie:mediatique:67,rn,ps,1.9,rn,3.02,3.14,3.28,3.4,3.52,3.66,3.78
nouvelle_energie:mediatique:68,nouvelle_energie,renaissance,10.8,nouvelle_energie,13.88,13.2,12.52,11.84,11.16,10.48,9.82
nouvelle_energie:mediatique:69,nouvelle_energie,ps,6,nouvelle_energie,11.08,10.72,10.36,10,9.64,9.26,8.9
nouvelle_energie:contrarien:0,nouvelle_energie,ps,5.8,nouvelle_energie,9.62,9.24,8.86,8.48,8.1,7.72,7.34
nouvelle_energie:contrarien:1,rn,ps,1.4,rn,5.72,5.8,5.9,5.98,6.06,6.16,6.24
nouvelle_energie:contrarien:2,ps,rn,2.8,ps,8.9,8.72,8.56,8.38,8.22,8.04,7.86
nouvelle_energie:contrarien:3,rn,ps,2.7,rn,4.88,5.06,5.24,5.4,5.58,5.76,5.92
nouvelle_energie:contrarien:4,rn,lr,7.2,rn,3.38,2.94,2.48,2.02,1.58,1.12,0.68
nouvelle_energie:contrarien:5,rn,ps,1.7,rn,2.94,3.06,3.18,3.28,3.4,3.52,3.64
nouvelle_energie:contrarien:6,ps,rn,0.1,ps,3.4,3.4,3.4,3.4,3.4,3.4,3.4
nouvelle_energie:contrarien:7,nouvelle_energie,renaissance,1,nouvelle_energie,0.66,0.6,0.52,0.44,0.38,0.3,0.22
nouvelle_energie:contrarien:8,ps,rn,0.6,ps,5.1,5.08,5.04,5,4.98,4.94,4.92
nouvelle_energie:contrarien:9,rn,ps,0.7,rn,6.16,6.22,6.26,6.32,6.36,6.4,6.46
nouvelle_energie:contrarien:10,ps,nouvelle_energie,2.3,ps,1.58,1.68,1.78,1.9,2,2.1,2.22
nouvelle_energie:contrarien:11,lfi,rn,0.3,lfi,0.98,0.94,0.92,0.88,0.84,0.82,0.78
nouvelle_energie:contrarien:12,rn,nouvelle_energie,2.6,rn,6.26,6.4,6.56,6.7,6.86,7,7.16
nouvelle_energie:contrarien:13,rn,nouvelle_energie,3.2,rn,5.06,5.24,5.42,5.62,5.8,5.98,6.16
nouvelle_energie:contrarien:14,rn,ps,2.1,rn,5.26,5.4,5.54,5.68,5.82,5.96,6.12
nouvelle_energie:contrarien:15,rn,nouvelle_energie,1.4,rn,7.06,7.14,7.22,7.3,7.38,7.46,7.52
nouvelle_energie:contrarien:16,rn,ps,3.1,rn,2.2,2.42,2.62,2.82,3.04,3.24,3.44
nouvelle_energie:contrarien:17,rn,ps,1.8,rn,2.56,2.68,2.8,2.92,3.04,3.16,3.28
nouvelle_energie:contrarien:18,rn,ps,0.9,rn,4.28,4.34,4.4,4.46,4.52,4.58,4.66
nouvelle_energie:contrarien:19,rn,nouvelle_energie,1.9,rn,9.12,9.22,9.3,9.4,9.48,9.58,9.66
nouvelle_energie:contrarien:20,rn,nouvelle_energie,2.8,rn,5.26,5.42,5.58,5.74,5.9,6.06,6.2
nouvelle_energie:contrarien:21,horizons,rn,0,horizons,9.64,9.66,9.66,9.68,9.68,9.68,9.7
nouvelle_energie:contrarien:22,lr,ps,0.2,lr,1.98,1.96,1.94,1.92,1.9,1.88,1.86
nouvelle_energie:contrarien:23,rn,ps,1.1,rn,7.82,7.9,7.96,8.04,8.12,8.2,8.28
nouvelle_energie:contrarien:24,ps,rn,0.6,ps,6.82,6.78,6.76,6.72,6.68,6.66,6.62
nouvelle_energie:contrarien:25,rn,ps,4,rn,4.32,4.06,3.8,3.54,3.26,3,2.74
nouvelle_energie:contrarien:26,rn,nouvelle_energie,0.7,rn,11.1,11.12,11.14,11.16,11.2,11.22,11.24
nouvelle_energie:contrarien:27,nouvelle_energie,ps,1.1,nouvelle_energie,4.94,4.86,4.76,4.68,4.6,4.52,4.44
nouvelle_energie:contrarien:28,rn,ecologistes,0.8,rn,6.04,6.08,6.12,6.16,6.2,6.24,6.28
nouvelle_energie:contrarien:29,nouvelle_energie,rn,1.3,nouvelle_energie,11.66,11.54,11.44,11.34,11.22,11.12,11.02
nouvelle_energie:contrarien:30,rn,ps,1.6,rn,2.42,2.54,2.66,2.78,2.9,3.02,3.12
nouvelle_energie:contrarien:31,rn,nouvelle_energie,2.9,rn,5.18,5.34,5.52,5.68,5.84,6.02,6.18
nouvelle_energie:contrarien:32,horizons,rn,0.3,horizons,8.94,8.94,8.92,8.92,8.9,8.9,8.9
nouvelle_energie:contrarien:33,rn,lfi,0.6,rn,5.16,5.18,5.2,5.22,5.24,5.26,5.28
nouvelle_energie:contrarien:34,rn,renaissance,1.9,rn,6.76,6.88,7,7.14,7.26,7.38,7.52
nouvelle_energie:contrarien:35,rn,nouvelle_energie,1.4,rn,6.36,6.44,6.5,6.58,6.66,6.72,6.8
nouvelle_energie:contrarien:36,rn,nouvelle_energie,1.2,rn,7.5,7.56,7.62,7.68,7.74,7.82,7.88
nouvelle_energie:contrarien:37,ps,nouvelle_energie,0.8,ps,0.04,0.06,0.08,0.1,0.14,0.16,0.18
nouvelle_energie:contrarien:38,horizons,rn,2.6,horizons,12.44,12.28,12.12,11.96,11.8,11.64,11.46
nouvelle_energie:contrarien:39,rn,nouvelle_energie,0.5,rn,9.24,9.26,9.3,9.32,9.34,9.36,9.4
nouvelle_energie:contrarien:40,rn,ps,0.2,rn,7.64,7.66,7.68,7.68,7.7,7.72,7.74
nouvelle_energie:contrarien:41,ps,rn,1.1,ps,8.42,8.36,8.3,8.24,8.16,8.1,8.04
nouvelle_energie:contrarien:42,ps,renaissance,0.5,ps,1.16,1.2,1.22,1.26,1.28,1.32,1.36
nouvelle_energie:contrarien:43,ps,horizons,3.7,ps,4.7,4.48,4.26,4.04,3.82,3.6,3.38
nouvelle_energie:contrarien:44,rn,ps,5,rn,0.78,0.44,0.12,0.22,0.54,0.86,1.2
nouvelle_energie:contrarien:45,ps,renaissance,0.7,ps,0.78,0.74,0.68,0.64,0.6,0.56,0.52
nouvelle_energie:contrarien:46,nouvelle_energie,rn,5,nouvelle_energie,14.1,13.78,13.48,13.18,12.86,12.56,12.26
nouvelle_energie:contrarien:47,rn,nouvelle_energie,0.9,rn,6.88,6.92,6.94,6.98,7.02,7.04,7.08
nouvelle_energie:contrarien:48,ps,nouvelle_energie,0.1,ps,0.38,0.4,0.42,0.44,0.46,0.5,0.52
nouvelle_energie:contrarien:49,rn,renaissance,1.2,rn,4.32,4.42,4.5,4.6,4.68,4.76,4.86
nouvelle_energie:contrarien:50,renaissance,rn,1.1,renaissance,9.54,9.48,9.42,9.36,9.32,9.26,9.2
nouvelle_energie:contrarien:51,rn,lfi,4,rn,3.34,3.1,2.84,2.6,2.36,2.1,1.86
nouvelle_energie:contrarien:52,ps,renaissance,4.3,ps,4.54,4.28,4.02,3.76,3.5,3.24,3
nouvelle_energie:contrarien:53,lfi,renaissance,1.2,lfi,2.88,2.98,3.08,3.18,3.28,3.38,3.48
nouvelle_energie:contrarien:54,nouvelle_energie,rn,0.5,nouvelle_energie,10.88,10.84,10.8,10.76,10.72,10.68,10.64
nouvelle_energie:contrarien:55,rn,lr,0.1,rn,6.6,6.6,6.6,6.6,6.6,6.6,6.6
nouvelle_energie:contrarien:56,ps,renaissance,1.4,ps,0.08,0.16,0.26,0.34,0.42,0.5,0.6
nouvelle_energie:contrarien:57,nouvelle_energie,rn,0.5,nouvelle_energie,11.94,11.9,11.84,11.78,11.74,11.68,11.62
nouvelle_energie:contrarien:58,rn,lr,2.6,rn,4.96,5.14,5.3,5.48,5.64,5.82,5.98
nouvelle_energie:contrarien:59,rn,horizons,1.2,rn,7.04,7.12,7.2,7.28,7.36,7.44,7.52
nouvelle_energie:contrarien:60,rn,horizons,4.3,rn,3.54,3.82,4.1,4.36,4.64,4.9,5.18
nouvelle_energie:contrarien:61,horizons,rn,1.1,horizons,9.62,9.54,9.48,9.42,9.36,9.3,9.24
nouvelle_energie:contrarien:62,rn,ps,2.3,rn,1.96,2.12,2.28,2.42,2.58,2.74,2.9
nouvelle_energie:contrarien:63,rn,renaissance,1.2,rn,5.66,5.74,5.84,5.92,6.02,6.1,6.18
nouvelle_energie:contrarien:64,ps,rn,0.6,ps,7.18,7.16,7.12,7.08,7.04,7.02,6.98
nouvelle_energie:contrarien:65,horizons,nouvelle_energie,2.2,horizons,2.78,2.68,2.58,2.46,2.36,2.24,2.14
nouvelle_energie:contrarien:66,rn,ps,1.1,rn,5.52,5.6,5.68,5.76,5.84,5.92,5.98
nouvelle_energie:contrarien:67,rn,nouvelle_energie,0.9,rn,6.1,6.12,6.16,6.2,6.22,6.26,6.3
nouvelle_energie:contrarien:68,rn,horizons,0.7,rn,5.98,6.04,6.08,6.14,6.2,6.24,6.3
nouvelle_energie:contrarien:69,rn,ps,2.3,rn,4.42,4.56,4.7,4.86,5,5.14,5.3
