variant,partyId,profile,seedIndex,decisions,finalScore,qualified,won,firstRoundScore,eventIdSetSize,eventIdSetHash,rankVolatility,pollStdev,rareOrChainOrConflictMoments,ideologyMoveTotal,actorMemoryEntries
A_baseline,lfi,strategist,0,29,65,true,false,13.4,29,e3483ce7,0.207,1.22,3,13.9,3
B1_no_opportunistic_randomness,lfi,strategist,0,29,70,true,false,14.6,29,e81a2c6a,0.276,2.2,2,16.47,2
B2_no_rare_events,lfi,strategist,0,29,70,true,false,15.5,29,1ad04531,0.207,1.07,1,14.28,1
C_no_narrative_memory,lfi,strategist,0,31,76,true,true,14.5,31,9264f7df,0.194,1.79,3,17.4,0
E_no_ideology_effects,lfi,strategist,0,31,78,true,true,18.4,31,654b4f6e,0.161,1.32,0,0,1
F_no_delayed_consequences,lfi,strategist,0,31,79,true,true,16.2,31,d076f973,0.065,1.35,2,21.12,2
A_baseline,lfi,strategist,1,31,77,true,true,15.5,31,6272abc,0.258,0.97,6,11.39,3
B1_no_opportunistic_randomness,lfi,strategist,1,29,71,true,false,16.8,29,6053bd8a,0.172,1.98,3,2.32,3
B2_no_rare_events,lfi,strategist,1,29,70,true,false,15.1,29,d497038f,0.448,1.38,3,13.6,4
C_no_narrative_memory,lfi,strategist,1,29,68,true,false,14.1,29,8efff3fe,0.241,1.66,1,14.06,0
E_no_ideology_effects,lfi,strategist,1,29,63,true,false,13.2,29,f523b2cc,0.345,1.06,2,0,1
F_no_delayed_consequences,lfi,strategist,1,29,76,true,false,17.6,29,a9fa2e88,0.31,2.1,2,16.41,3
A_baseline,lfi,strategist,2,31,87,true,true,20.1,31,256eb46f,0.29,1.83,1,17.39,1
B1_no_opportunistic_randomness,lfi,strategist,2,29,67,true,false,13.4,29,8a7e3357,0.241,1.57,2,12.64,3
B2_no_rare_events,lfi,strategist,2,29,68,true,false,14.1,29,8a9ed647,0.172,1.55,1,12.2,2
C_no_narrative_memory,lfi,strategist,2,25,54,false,false,13,25,bd2cce29,0.12,1.18,1,13.56,0
E_no_ideology_effects,lfi,strategist,2,31,73,true,true,14.3,31,253ef68c,0.323,1.45,0,0,1
F_no_delayed_consequences,lfi,strategist,2,25,55,false,false,14,25,c284e956,0.44,1.36,0,12.88,0
A_baseline,lfi,strategist,3,31,77,true,true,14.7,31,2a63b042,0.29,1.82,2,18.31,3
B1_no_opportunistic_randomness,lfi,strategist,3,31,74,true,true,13.3,31,5ef19c4f,0.29,1.14,3,19.67,1
B2_no_rare_events,lfi,strategist,3,25,54,false,false,13.1,25,cf8ffda9,0.48,1,3,12.81,3
C_no_narrative_memory,lfi,strategist,3,29,73,true,false,15.7,29,1874dc1f,0.207,1.44,1,10.27,0
E_no_ideology_effects,lfi,strategist,3,29,65,true,false,14.4,29,ac87e308,0.31,1.39,0,0,2
F_no_delayed_consequences,lfi,strategist,3,31,80,true,true,17,31,9427f358,0.194,1.42,4,7.41,5
A_baseline,lfi,strategist,4,31,85,true,true,18.8,31,cb0020a7,0.194,2.11,3,17.02,2
B1_no_opportunistic_randomness,lfi,strategist,4,25,54,false,false,13,25,2e8fe1e3,0.52,1.06,0,15.12,0
B2_no_rare_events,lfi,strategist,4,31,80,true,true,16.9,31,c74d359,0.387,1.27,2,16.98,1
C_no_narrative_memory,lfi,strategist,4,31,73,true,true,14.2,31,e914d0aa,0.516,1.66,1,27.6,0
E_no_ideology_effects,lfi,strategist,4,25,50,false,false,13,25,5143f821,0.2,0.73,2,0,1
F_no_delayed_consequences,lfi,strategist,4,31,74,true,true,15.3,31,d6ce1525,0.355,1,1,11.71,2
A_baseline,lfi,strategist,5,31,81,true,true,17.3,31,f5216efb,0.419,1.02,1,16.28,1
B1_no_opportunistic_randomness,lfi,strategist,5,29,70,true,false,13.9,29,7aa0cc1b,0.207,1.28,3,15.18,2
B2_no_rare_events,lfi,strategist,5,29,66,true,false,13.5,29,610f48df,0.483,0.93,1,8.07,2
C_no_narrative_memory,lfi,strategist,5,25,55,false,false,14.1,25,f7fd17d,0.4,1.09,2,12.68,0
E_no_ideology_effects,lfi,strategist,5,29,70,true,false,17.5,29,a0a79db7,0.379,1.37,3,0,1
F_no_delayed_consequences,lfi,strategist,5,31,83,true,true,18.1,31,68ed1870,0.419,1.39,0,21.38,1
A_baseline,lfi,strategist,6,25,53,false,false,12.8,25,c4f0efa2,0.4,1.58,7,13.09,5
B1_no_opportunistic_randomness,lfi,strategist,6,29,74,true,false,16.2,29,94d65d3d,0.241,1.92,3,20.43,1
B2_no_rare_events,lfi,strategist,6,29,75,true,false,18.6,29,2a4fa474,0.31,1.32,3,13.95,3
C_no_narrative_memory,lfi,strategist,6,31,74,true,true,14.8,31,f19eb060,0.161,0.81,2,7.57,0
E_no_ideology_effects,lfi,strategist,6,31,75,true,true,16.6,31,5a31ca6c,0.323,0.97,2,0,1
F_no_delayed_consequences,lfi,strategist,6,29,69,true,false,15,29,eff5951b,0.172,1.09,1,20.17,1
A_baseline,lfi,strategist,7,31,83,true,true,18.1,31,36379536,0.258,1.5,1,13.75,3
B1_no_opportunistic_randomness,lfi,strategist,7,29,69,true,false,15.1,29,c1db146c,0.138,1.64,2,19.03,1
B2_no_rare_events,lfi,strategist,7,29,69,true,false,15.8,29,ca62bea6,0.31,1.42,1,8.44,1
C_no_narrative_memory,lfi,strategist,7,31,81,true,true,18.9,31,87fdb555,0.226,1.08,0,11.32,0
E_no_ideology_effects,lfi,strategist,7,25,51,false,false,13.3,25,3bc3afa3,0.32,1.13,0,0,3
F_no_delayed_consequences,lfi,strategist,7,31,80,true,true,15.4,31,332acc3b,0.29,1.83,0,24.33,0
A_baseline,lfi,cautious,0,31,77,true,true,15.3,31,e56e28d1,0.097,1.3,2,18.3,4
B1_no_opportunistic_randomness,lfi,cautious,0,29,70,true,false,14.3,29,63d0674e,0.276,2.15,3,14.51,2
B2_no_rare_events,lfi,cautious,0,29,73,true,false,16.3,29,7418aa3b,0.138,1.37,0,18,0
C_no_narrative_memory,lfi,cautious,0,31,76,true,true,14.1,31,755cddac,0.258,1.72,3,20.13,0
E_no_ideology_effects,lfi,cautious,0,31,83,true,true,19.4,31,d353eda5,0.161,1.7,0,0,1
F_no_delayed_consequences,lfi,cautious,0,31,81,true,true,16.1,31,7c26c558,0.161,1.48,3,9.64,4
A_baseline,lfi,cautious,1,31,84,true,true,18.4,31,b0cc33d3,0.032,1.39,2,19.38,1
B1_no_opportunistic_randomness,lfi,cautious,1,29,79,true,false,17.6,29,32c3db80,0.172,2.24,3,24.95,1
B2_no_rare_events,lfi,cautious,1,31,84,true,true,18.8,31,ca53f10e,0.226,1.58,2,14.13,4
C_no_narrative_memory,lfi,cautious,1,25,49,false,false,12.4,25,f18635af,0.24,1.47,1,13.34,0
E_no_ideology_effects,lfi,cautious,1,29,67,true,false,14.4,29,c130dcc5,0.172,1.22,2,0,1
F_no_delayed_consequences,lfi,cautious,1,29,78,true,false,17.6,29,3fc3b93e,0.31,2.17,2,12.43,3
A_baseline,lfi,cautious,2,31,89,true,true,20.6,31,cecb9148,0.161,1.99,2,12.9,1
B1_no_opportunistic_randomness,lfi,cautious,2,29,66,true,false,13.1,29,78c8187f,0.241,1.55,3,17.73,3
B2_no_rare_events,lfi,cautious,2,29,71,true,false,15.1,29,bebe25c7,0.103,1.81,3,23.99,3
C_no_narrative_memory,lfi,cautious,2,29,73,true,false,15,29,4e1e7d26,0.103,1.6,1,19.21,0
E_no_ideology_effects,lfi,cautious,2,31,73,true,true,14.2,31,253ef68c,0.226,1.5,0,0,1
F_no_delayed_consequences,lfi,cautious,2,29,73,true,false,15.5,29,76d684e2,0.276,1.93,1,15.23,0
A_baseline,lfi,cautious,3,31,75,true,true,14.5,31,748b4237,0.226,1.7,2,13.86,3
B1_no_opportunistic_randomness,lfi,cautious,3,31,84,true,true,18.2,31,f0887518,0.129,1.79,3,12.92,2
B2_no_rare_events,lfi,cautious,3,31,73,true,true,14.2,31,454eed18,0.161,1.24,5,15.49,4
C_no_narrative_memory,lfi,cautious,3,31,79,true,true,15.6,31,468f6a6e,0.194,1.48,1,14.59,0
E_no_ideology_effects,lfi,cautious,3,29,68,true,false,14.3,29,d2381437,0.207,1.39,0,0,2
F_no_delayed_consequences,lfi,cautious,3,31,86,true,true,18.8,31,40056c6,0.226,1.95,2,17.9,3
A_baseline,lfi,cautious,4,31,85,true,true,18.5,31,ddb22b36,0.194,2.18,3,20.2,2
B1_no_opportunistic_randomness,lfi,cautious,4,31,78,true,true,14.4,31,f3261389,0.129,1.54,1,18.37,1
B2_no_rare_events,lfi,cautious,4,31,82,true,true,18.1,31,6637387a,0.194,1.55,2,17.45,1
C_no_narrative_memory,lfi,cautious,4,31,76,true,true,15.4,31,478f6daf,0.258,1.86,1,18.28,0
E_no_ideology_effects,lfi,cautious,4,31,73,true,true,14.5,31,21472000,0.161,0.96,1,0,2
F_no_delayed_consequences,lfi,cautious,4,31,76,true,true,15.9,31,1f767cc6,0.226,1.14,1,11.02,2
A_baseline,lfi,cautious,5,31,83,true,true,18.6,31,4e458281,0.065,1.17,3,13.44,3
B1_no_opportunistic_randomness,lfi,cautious,5,29,73,true,false,15.3,29,143aa69d,0.138,1.6,4,18.3,3
B2_no_rare_events,lfi,cautious,5,31,78,true,true,15.2,31,e7af9893,0.161,1.48,1,17.45,2
C_no_narrative_memory,lfi,cautious,5,29,72,true,false,16.4,29,c038c872,0.207,1.81,0,15.79,0
E_no_ideology_effects,lfi,cautious,5,31,79,true,true,17.7,31,f162f235,0.29,1.69,2,0,1
F_no_delayed_consequences,lfi,cautious,5,31,82,true,true,18.3,31,f3dfde5a,0.29,1.47,0,13.22,1
A_baseline,lfi,cautious,6,29,71,true,false,17,29,88584322,0.31,1.37,6,9.66,4
B1_no_opportunistic_randomness,lfi,cautious,6,31,75,true,true,15.5,31,2f1468f8,0.161,1.58,3,20.81,0
B2_no_rare_events,lfi,cautious,6,31,86,true,true,19.8,31,1fe6ddb8,0.194,1.64,3,12.18,2
C_no_narrative_memory,lfi,cautious,6,29,71,true,false,15.3,29,b4a31f03,0.172,1.16,0,18.2,0
E_no_ideology_effects,lfi,cautious,6,31,78,true,true,17.2,31,5a31ca6c,0.226,1.28,2,0,1
F_no_delayed_consequences,lfi,cautious,6,31,83,true,true,17.2,31,b180a810,0.097,1.68,3,17.99,0
A_baseline,lfi,cautious,7,31,81,true,true,17.6,31,908c1e85,0.226,1.39,1,15.04,3
B1_no_opportunistic_randomness,lfi,cautious,7,31,78,true,true,15.8,31,872da574,0.097,1.96,1,10.75,3
B2_no_rare_events,lfi,cautious,7,31,80,true,true,16.9,31,509ae51f,0.226,1.77,3,10.16,4
C_no_narrative_memory,lfi,cautious,7,31,80,true,true,18.8,31,cb4c3842,0.452,1.16,2,7.8,0
E_no_ideology_effects,lfi,cautious,7,25,53,false,false,14.2,25,3bc3afa3,0.28,1.28,0,0,3
F_no_delayed_consequences,lfi,cautious,7,29,63,true,false,13.4,29,2894c3a8,0.414,1.24,2,16.76,0
A_baseline,lfi,beginner,0,31,80,true,true,16.2,31,1cf764b0,0.129,1.78,2,13.52,4
B1_no_opportunistic_randomness,lfi,beginner,0,29,73,true,false,15.4,29,e81a2c6a,0.241,2.48,2,20.44,2
B2_no_rare_events,lfi,beginner,0,29,73,true,false,15.9,29,939880ae,0.172,1.33,0,11.22,1
C_no_narrative_memory,lfi,beginner,0,29,73,true,false,15,29,9ce1319b,0.345,2.05,3,16.8,0
E_no_ideology_effects,lfi,beginner,0,31,82,true,true,19.4,31,654b4f6e,0.161,1.61,0,0,1
F_no_delayed_consequences,lfi,beginner,0,31,83,true,true,16.7,31,d7ff31d,0.065,1.52,2,14.7,1
A_baseline,lfi,beginner,1,31,83,true,true,17.5,31,b0cc33d3,0.032,1.18,2,16.41,1
B1_no_opportunistic_randomness,lfi,beginner,1,31,80,true,true,17.2,31,93b3fca8,0.194,1.87,4,17.49,1
B2_no_rare_events,lfi,beginner,1,29,74,true,false,16,29,db041337,0.241,1.56,3,17.58,5
C_no_narrative_memory,lfi,beginner,1,31,79,true,true,15,31,8e2d6790,0.226,2.1,1,8.3,0
E_no_ideology_effects,lfi,beginner,1,29,69,true,false,14.7,29,f523b2cc,0.172,1.32,2,0,1
F_no_delayed_consequences,lfi,beginner,1,29,74,true,false,17.1,29,fc9d8c9f,0.31,2.03,2,20.52,3
A_baseline,lfi,beginner,2,31,90,true,true,21.2,31,23e1d2a9,0.161,2.15,1,22.18,1
B1_no_opportunistic_randomness,lfi,beginner,2,29,67,true,false,13.1,29,4201d283,0.172,1.58,3,15.33,4
B2_no_rare_events,lfi,beginner,2,29,73,true,false,15.7,29,69cd5b5f,0.103,1.99,4,17.94,3
C_no_narrative_memory,lfi,beginner,2,29,74,true,false,15,29,c9400d8,0.103,1.6,1,18.18,0
E_no_ideology_effects,lfi,beginner,2,31,75,true,true,14.2,31,253ef68c,0.258,1.69,0,0,1
F_no_delayed_consequences,lfi,beginner,2,29,70,true,false,14.8,29,d455232e,0.207,1.9,1,19.31,0
A_baseline,lfi,beginner,3,31,79,true,true,15.3,31,2904d433,0.161,1.9,2,10.02,3
B1_no_opportunistic_randomness,lfi,beginner,3,31,85,true,true,17.7,31,72f226c5,0.29,1.71,2,17.44,2
B2_no_rare_events,lfi,beginner,3,31,74,true,true,13.9,31,914973d8,0.161,1.18,3,7.56,2
C_no_narrative_memory,lfi,beginner,3,31,82,true,true,16.6,31,3014ad8d,0.226,1.78,1,14.73,0
E_no_ideology_effects,lfi,beginner,3,29,67,true,false,14.9,29,ac87e308,0.241,1.4,0,0,2
F_no_delayed_consequences,lfi,beginner,3,31,83,true,true,18.5,31,a0115aea,0.194,2.09,3,7.17,4
A_baseline,lfi,beginner,4,31,84,true,true,18.2,31,39dc993e,0.226,2.11,3,14.25,1
B1_no_opportunistic_randomness,lfi,beginner,4,29,71,true,false,14.3,29,79a95890,0.241,1.45,0,17.72,0
B2_no_rare_events,lfi,beginner,4,31,77,true,true,16.4,31,4c6e579a,0.323,1.21,0,16.33,2
C_no_narrative_memory,lfi,beginner,4,31,74,true,true,14.9,31,fccebdd6,0.258,1.71,1,14.31,0
E_no_ideology_effects,lfi,beginner,4,31,74,true,true,15.4,31,7979419d,0.194,1.34,1,0,2
F_no_delayed_consequences,lfi,beginner,4,31,82,true,true,17.5,31,aa41f6f0,0.097,1.47,2,10.99,2
A_baseline,lfi,beginner,5,31,88,true,true,19.1,31,71ccee14,0.194,1.59,3,10.34,3
B1_no_opportunistic_randomness,lfi,beginner,5,29,73,true,false,15.2,29,86647fd0,0.172,1.64,2,15.53,2
B2_no_rare_events,lfi,beginner,5,31,80,true,true,15.9,31,e7af9893,0.129,1.78,1,5.36,2
C_no_narrative_memory,lfi,beginner,5,29,76,true,false,17,29,3beeb3ae,0.241,1.99,0,20.22,0
E_no_ideology_effects,lfi,beginner,5,31,80,true,true,18.2,31,f841bd43,0.258,1.76,3,0,1
F_no_delayed_consequences,lfi,beginner,5,31,86,true,true,19.1,31,68ed1870,0.226,1.74,0,18.63,1
A_baseline,lfi,beginner,6,25,50,false,false,13.1,25,16fb80f5,0.4,1.71,7,12.09,5
B1_no_opportunistic_randomness,lfi,beginner,6,31,80,true,true,16.1,31,83e06cc9,0.194,1.88,3,15.36,0
B2_no_rare_events,lfi,beginner,6,31,88,true,true,20.3,31,25b0eb01,0.194,1.84,3,14.37,3
C_no_narrative_memory,lfi,beginner,6,31,79,true,true,16.7,31,4443f181,0.097,1.46,2,16.11,0
E_no_ideology_effects,lfi,beginner,6,31,79,true,true,17.3,31,5a31ca6c,0.194,1.27,2,0,1
F_no_delayed_consequences,lfi,beginner,6,31,85,true,true,17.4,31,3ce8be67,0.097,1.79,2,13.7,0
A_baseline,lfi,beginner,7,31,86,true,true,18.4,31,b6d36e0a,0.258,1.73,1,17.13,3
B1_no_opportunistic_randomness,lfi,beginner,7,29,70,true,false,15.8,29,c1db146c,0.103,2.03,2,22.23,1
B2_no_rare_events,lfi,beginner,7,31,77,true,true,15.8,31,34203b52,0.258,1.47,4,14.09,2
C_no_narrative_memory,lfi,beginner,7,31,87,true,true,20.4,31,cb4c3842,0.194,1.56,2,12.96,0
E_no_ideology_effects,lfi,beginner,7,25,54,false,false,13.9,25,3bc3afa3,0.28,1.27,0,0,3
F_no_delayed_consequences,lfi,beginner,7,31,82,true,true,15.8,31,332acc3b,0.226,2,0,16.05,0
A_baseline,ps,strategist,0,31,91,true,true,16.7,31,783fd6bb,0.29,1.87,2,18.89,3
B1_no_opportunistic_randomness,ps,strategist,0,31,89,true,true,16.6,31,c3a3343c,0.161,1.48,0,14.81,0
B2_no_rare_events,ps,strategist,0,31,87,true,true,15.3,31,fc91e32e,0.065,1.62,0,3.07,0
C_no_narrative_memory,ps,strategist,0,31,91,true,true,17.4,31,6a72f4c6,0.129,1.47,4,21.63,0
E_no_ideology_effects,ps,strategist,0,31,86,true,true,16.5,31,9775a26,0.452,1.47,0,0,0
F_no_delayed_consequences,ps,strategist,0,31,91,true,true,16.3,31,8330dbfe,0.129,1.77,4,18.13,3
A_baseline,ps,strategist,1,31,86,true,true,15,31,67bdc098,0.161,1.85,4,11.12,3
B1_no_opportunistic_randomness,ps,strategist,1,31,85,true,true,13.5,31,31b0fc97,0.29,1.93,2,6.93,3
B2_no_rare_events,ps,strategist,1,25,65,false,false,12.6,25,c13396c3,0.36,1.34,0,9.82,1
C_no_narrative_memory,ps,strategist,1,31,87,true,true,15.4,31,11ce0353,0.161,1.8,1,9.29,0
E_no_ideology_effects,ps,strategist,1,29,77,true,false,15,29,bf0ef24d,0.207,1.18,5,0,2
F_no_delayed_consequences,ps,strategist,1,29,86,true,false,17.3,29,68761189,0.207,2.15,2,4.78,3
A_baseline,ps,strategist,2,31,92,true,true,18.4,31,481f6f06,0.129,1.94,1,24.25,1
B1_no_opportunistic_randomness,ps,strategist,2,31,94,true,true,18.4,31,8bbc8d1e,0.097,1.76,2,14.04,1
B2_no_rare_events,ps,strategist,2,29,84,true,false,17.2,29,c880470f,0.138,1.58,1,5.43,3
C_no_narrative_memory,ps,strategist,2,31,94,true,true,20,31,2261ca13,0.129,2.29,3,7.88,0
E_no_ideology_effects,ps,strategist,2,29,81,true,false,18.3,29,bbe8123b,0.069,2.08,2,0,2
F_no_delayed_consequences,ps,strategist,2,31,91,true,true,17.3,31,d5d24d9,0.097,2.03,0,13.46,0
A_baseline,ps,strategist,3,31,90,true,true,16.3,31,f70d55c1,0.161,1.75,3,14.71,4
B1_no_opportunistic_randomness,ps,strategist,3,31,87,true,true,14.4,31,1b13c368,0.194,2.09,2,16.47,2
B2_no_rare_events,ps,strategist,3,31,84,true,true,13.8,31,dbf9980a,0.129,1.34,3,11.31,1
C_no_narrative_memory,ps,strategist,3,31,87,true,true,14.8,31,37a4c61f,0.355,1.75,5,3.46,0
E_no_ideology_effects,ps,strategist,3,25,61,false,false,13.5,25,e8e5610b,0.24,1.18,1,0,3
F_no_delayed_consequences,ps,strategist,3,31,90,true,true,16.5,31,37374722,0.194,1.82,4,2.97,4
A_baseline,ps,strategist,4,31,90,true,true,16.3,31,6c778a25,0.29,2.03,2,17.11,3
B1_no_opportunistic_randomness,ps,strategist,4,29,86,true,false,18,29,66ae7b7,0.276,2.19,2,10.13,0
B2_no_rare_events,ps,strategist,4,29,83,true,false,16.2,29,9433e8e0,0.172,1.99,0,13.48,0
C_no_narrative_memory,ps,strategist,4,31,86,true,true,15,31,332ff8d7,0.355,1.79,1,14.22,0
E_no_ideology_effects,ps,strategist,4,31,83,true,true,14.8,31,f7957b18,0.387,1.08,3,0,3
F_no_delayed_consequences,ps,strategist,4,29,80,true,false,15.2,29,711305e5,0.276,1.39,4,9.48,3
A_baseline,ps,strategist,5,31,88,true,true,17.1,31,7b776e2,0.161,1.39,2,14.44,1
B1_no_opportunistic_randomness,ps,strategist,5,31,91,true,true,16.4,31,e258d40a,0.29,1.32,2,16.42,3
B2_no_rare_events,ps,strategist,5,31,87,true,true,15.7,31,a8a6e409,0.29,1.25,2,16.58,2
C_no_narrative_memory,ps,strategist,5,31,90,true,true,16.8,31,2ac22791,0.129,2.14,4,15.13,0
E_no_ideology_effects,ps,strategist,5,31,87,true,true,18,31,dc354cd,0.161,1.38,2,0,1
F_no_delayed_consequences,ps,strategist,5,31,95,true,true,21,31,7241e3ca,0.194,1.86,5,5.36,6
A_baseline,ps,strategist,6,31,90,true,true,17.8,31,e82bf910,0.258,1.13,6,3.25,7
B1_no_opportunistic_randomness,ps,strategist,6,31,93,true,true,17.7,31,f5611999,0.258,1.91,5,12.56,2
B2_no_rare_events,ps,strategist,6,31,87,true,true,13.9,31,4cffa700,0.129,1.06,3,16.8,3
C_no_narrative_memory,ps,strategist,6,31,87,true,true,15.1,31,14999d94,0.29,1.45,2,6.76,0
E_no_ideology_effects,ps,strategist,6,31,86,true,true,17.3,31,9425b716,0.226,1.59,3,0,2
F_no_delayed_consequences,ps,strategist,6,31,88,true,true,14.6,31,d2e96dc7,0.29,1.86,2,10.97,1
A_baseline,ps,strategist,7,31,91,true,true,17.8,31,9669da23,0.129,2.2,5,12.54,3
B1_no_opportunistic_randomness,ps,strategist,7,31,93,true,true,18.3,31,c1ba7432,0.194,1.92,2,4.5,1
B2_no_rare_events,ps,strategist,7,29,80,true,false,13.8,29,75ed297,0.069,1.45,2,11.44,3
C_no_narrative_memory,ps,strategist,7,31,84,true,true,14.3,31,c05ebf7c,0.129,0.96,0,10.15,0
E_no_ideology_effects,ps,strategist,7,31,89,true,true,20.8,31,2113536c,0.194,1.91,0,0,2
F_no_delayed_consequences,ps,strategist,7,31,90,true,true,16.7,31,681d282a,0.29,2.02,3,10.98,3
A_baseline,ps,cautious,0,31,93,true,true,17.7,31,52336b91,0.194,2.19,2,8.01,3
B1_no_opportunistic_randomness,ps,cautious,0,31,88,true,true,16,31,d4cdd901,0.161,1.44,0,13.55,0
B2_no_rare_events,ps,cautious,0,31,90,true,true,16.1,31,fc91e32e,0.065,2.09,0,3.57,0
C_no_narrative_memory,ps,cautious,0,31,94,true,true,18.3,31,fed51a5,0.129,2.01,4,14.47,0
E_no_ideology_effects,ps,cautious,0,31,87,true,true,16.1,31,d2177c3c,0.355,1.54,3,0,2
F_no_delayed_consequences,ps,cautious,0,31,87,true,true,14.8,31,507e6e8c,0.129,1.53,4,11.74,3
A_baseline,ps,cautious,1,29,76,true,false,13.6,29,7b1e2a73,0.138,1.34,4,5.75,3
B1_no_opportunistic_randomness,ps,cautious,1,25,64,false,false,12.4,25,6e5bd461,0.4,1.75,2,3.71,3
B2_no_rare_events,ps,cautious,1,25,54,false,false,10.6,25,d1c99892,0.28,1.02,2,8.52,1
C_no_narrative_memory,ps,cautious,1,31,86,true,true,15,31,11ce0353,0.161,1.75,1,6.45,0
E_no_ideology_effects,ps,cautious,1,29,78,true,false,14.9,29,a01ddb46,0.241,1.39,5,0,1
F_no_delayed_consequences,ps,cautious,1,29,83,true,false,16.3,29,a8548e3a,0.241,1.83,2,7.78,3
A_baseline,ps,cautious,2,31,91,true,true,16.9,31,9e049e36,0.097,1.75,3,8.91,1
B1_no_opportunistic_randomness,ps,cautious,2,31,88,true,true,16.5,31,39a85dc,0.097,1.5,1,5.2,2
B2_no_rare_events,ps,cautious,2,29,80,true,false,16,29,e6d16cfc,0.069,1.07,1,15.21,3
C_no_narrative_memory,ps,cautious,2,31,95,true,true,19.7,31,2261ca13,0.129,2.26,3,5.54,0
E_no_ideology_effects,ps,cautious,2,29,81,true,false,17.1,29,bbe8123b,0.069,1.88,2,0,2
F_no_delayed_consequences,ps,cautious,2,31,91,true,true,17.9,31,da09b29b,0.097,2.31,0,6.77,1
A_baseline,ps,cautious,3,31,92,true,true,17.2,31,2ff4ff10,0.129,2.14,3,9,4
B1_no_opportunistic_randomness,ps,cautious,3,31,87,true,true,14.3,31,751c44af,0.258,2.37,2,12.28,2
B2_no_rare_events,ps,cautious,3,31,89,true,true,15.4,31,e9ae4baf,0.161,1.74,2,12.06,2
C_no_narrative_memory,ps,cautious,3,31,85,true,true,14.7,31,d192fc8c,0.355,1.85,4,2.09,0
E_no_ideology_effects,ps,cautious,3,31,83,true,true,13.7,31,1084a9f2,0.065,1.58,1,0,3
F_no_delayed_consequences,ps,cautious,3,31,87,true,true,15.2,31,12d3519f,0.194,1.69,3,3.52,3
A_baseline,ps,cautious,4,31,88,true,true,16.2,31,8d16e772,0.097,1.89,3,5.13,3
B1_no_opportunistic_randomness,ps,cautious,4,29,84,true,false,17.9,29,dc707846,0.345,2.32,1,12.23,0
B2_no_rare_events,ps,cautious,4,29,79,true,false,14.4,29,9433e8e0,0.103,1.48,0,5.95,0
C_no_narrative_memory,ps,cautious,4,31,91,true,true,16.5,31,9db19024,0.226,2.11,1,12.58,0
E_no_ideology_effects,ps,cautious,4,31,81,true,true,13.4,31,cf2eed17,0.355,0.98,3,0,2
F_no_delayed_consequences,ps,cautious,4,31,91,true,true,17.3,31,a8c093d,0.29,2.05,2,9.27,1
A_baseline,ps,cautious,5,31,89,true,true,17.3,31,c99f01df,0.097,1.5,2,6.01,1
B1_no_opportunistic_randomness,ps,cautious,5,29,82,true,false,15,29,d3524b,0.069,1.59,3,5.58,3
B2_no_rare_events,ps,cautious,5,25,62,false,false,12.1,25,6f8057dd,0.28,1.52,1,8.5,1
C_no_narrative_memory,ps,cautious,5,31,86,true,true,14.3,31,2ac22791,0.194,1.67,4,8.21,0
E_no_ideology_effects,ps,cautious,5,31,89,true,true,18.3,31,8c4e1530,0.161,1.64,1,0,1
F_no_delayed_consequences,ps,cautious,5,31,93,true,true,19.5,31,54f48f74,0.129,1.48,6,5.95,3
A_baseline,ps,cautious,6,31,87,true,true,16.8,31,60f1f4c,0.161,1.08,1,5.51,2
B1_no_opportunistic_randomness,ps,cautious,6,31,90,true,true,17,31,6ac09f91,0.161,1.54,1,6.87,1
B2_no_rare_events,ps,cautious,6,31,83,true,true,14.3,31,ccd2a69d,0.065,1.39,3,3.41,3
C_no_narrative_memory,ps,cautious,6,29,83,true,false,16.2,29,a866b159,0.138,1.38,4,3.04,0
E_no_ideology_effects,ps,cautious,6,31,85,true,true,16,31,9425b716,0.29,1.33,3,0,2
F_no_delayed_consequences,ps,cautious,6,31,85,true,true,13.3,31,d2e96dc7,0.29,1.59,2,1.89,1
A_baseline,ps,cautious,7,31,93,true,true,18.2,31,5ebb76ce,0.129,2.38,5,6.41,3
B1_no_opportunistic_randomness,ps,cautious,7,31,89,true,true,16,31,28b893f1,0.194,1.3,0,15.24,1
B2_no_rare_events,ps,cautious,7,29,81,true,false,14.3,29,2c9a49a9,0.069,1.64,2,10,3
C_no_narrative_memory,ps,cautious,7,29,78,true,false,14.2,29,4f2d000a,0.345,0.99,0,7.95,0
E_no_ideology_effects,ps,cautious,7,31,91,true,true,20.2,31,2113536c,0.194,1.88,0,0,2
F_no_delayed_consequences,ps,cautious,7,29,77,true,false,13.5,29,a320c0c9,0.345,1.89,3,2.15,1
A_baseline,ps,beginner,0,31,86,true,true,14.5,31,58ca13d,0.484,1.21,3,4.58,3
B1_no_opportunistic_randomness,ps,beginner,0,31,91,true,true,16.8,31,d4cdd901,0.161,1.62,0,6.36,0
B2_no_rare_events,ps,beginner,0,31,92,true,true,15.8,31,6bb600e9,0.097,2.09,0,9.27,0
C_no_narrative_memory,ps,beginner,0,31,94,true,true,18.5,31,50198313,0.129,2.16,4,10.89,0
E_no_ideology_effects,ps,beginner,0,31,90,true,true,17.8,31,b0bd4633,0.419,1.86,0,0,1
F_no_delayed_consequences,ps,beginner,0,31,92,true,true,16.1,31,93560e25,0.129,1.7,6,7.51,0
A_baseline,ps,beginner,1,31,88,true,true,14.8,31,f22b8281,0.129,1.82,4,9.81,4
B1_no_opportunistic_randomness,ps,beginner,1,31,85,true,true,13,31,799a3d7b,0.355,1.87,2,10.03,3
B2_no_rare_events,ps,beginner,1,31,85,true,true,13.1,31,44082441,0.226,1.85,0,9.07,2
C_no_narrative_memory,ps,beginner,1,31,89,true,true,16,31,11ce0353,0.161,1.99,1,4.26,0
E_no_ideology_effects,ps,beginner,1,29,82,true,false,15.4,29,80ec5c81,0.241,1.34,3,0,2
F_no_delayed_consequences,ps,beginner,1,29,87,true,false,17,29,f112d217,0.172,2.02,3,14.22,3
A_baseline,ps,beginner,2,31,94,true,true,18,31,682a8a8e,0.129,2.22,3,10.84,1
B1_no_opportunistic_randomness,ps,beginner,2,31,94,true,true,19.2,31,6239074,0.097,2.19,1,4.08,2
B2_no_rare_events,ps,beginner,2,29,80,true,false,14.9,29,b1c890d3,0.207,0.91,1,13.1,2
C_no_narrative_memory,ps,beginner,2,31,92,true,true,17.8,31,d0053e04,0.129,1.84,1,3.85,0
E_no_ideology_effects,ps,beginner,2,29,84,true,false,17.4,29,bbe8123b,0.069,1.84,2,0,2
F_no_delayed_consequences,ps,beginner,2,31,94,true,true,18.7,31,9b81fb53,0.097,2.38,0,14.63,1
A_baseline,ps,beginner,3,31,95,true,true,19.3,31,83c00132,0.161,1.89,3,10.09,4
B1_no_opportunistic_randomness,ps,beginner,3,29,79,true,false,13.4,29,dd5df5e,0.276,1.86,2,5.51,3
B2_no_rare_events,ps,beginner,3,31,89,true,true,15,31,8ff441e6,0.161,1.67,1,2.83,0
C_no_narrative_memory,ps,beginner,3,31,91,true,true,15.3,31,29814991,0.258,1.84,3,4.92,0
E_no_ideology_effects,ps,beginner,3,25,63,false,false,13.4,25,e8e5610b,0.32,1.23,1,0,3
F_no_delayed_consequences,ps,beginner,3,31,84,true,true,13.7,31,591b90f6,0.226,1.4,6,3.33,3
A_baseline,ps,beginner,4,31,94,true,true,18.3,31,a9aa08e1,0.097,2.42,4,7.15,3
B1_no_opportunistic_randomness,ps,beginner,4,29,89,true,false,18.8,29,42e01aa8,0.276,2.54,0,8.15,0
B2_no_rare_events,ps,beginner,4,29,82,true,false,15.4,29,21435125,0.103,1.9,1,8.32,1
C_no_narrative_memory,ps,beginner,4,31,92,true,true,16,31,9db19024,0.258,2.17,1,14.72,0
E_no_ideology_effects,ps,beginner,4,31,86,true,true,14.9,31,18e1c912,0.258,1.26,3,0,2
F_no_delayed_consequences,ps,beginner,4,31,93,true,true,17.7,31,6325e13f,0.258,2.18,2,10.36,1
A_baseline,ps,beginner,5,31,92,true,true,17.4,31,7b776e2,0.097,1.63,2,5.06,1
B1_no_opportunistic_randomness,ps,beginner,5,31,93,true,true,17.3,31,bf6b9580,0.161,1.61,2,12.37,3
B2_no_rare_events,ps,beginner,5,25,65,false,false,12.2,25,6f8057dd,0.28,1.42,1,10.4,2
C_no_narrative_memory,ps,beginner,5,31,88,true,true,15.2,31,9848a2be,0.129,1.87,2,10.94,0
E_no_ideology_effects,ps,beginner,5,31,90,true,true,17.4,31,d718e37d,0.161,1.37,2,0,1
F_no_delayed_consequences,ps,beginner,5,31,92,true,true,19,31,c4518e49,0.194,1.41,6,2.92,3
A_baseline,ps,beginner,6,31,92,true,true,17.5,31,a0bf0474,0.194,1.19,1,8.14,4
B1_no_opportunistic_randomness,ps,beginner,6,31,95,true,true,18.6,31,207b7eba,0.226,2.35,4,12.25,2
B2_no_rare_events,ps,beginner,6,31,88,true,true,13.8,31,4f654eb8,0.129,1.21,3,5.77,4
C_no_narrative_memory,ps,beginner,6,31,90,true,true,16.5,31,976e328f,0.129,1.47,4,7.05,0
E_no_ideology_effects,ps,beginner,6,31,87,true,true,16.1,31,1eac6c5,0.226,1.36,3,0,2
F_no_delayed_consequences,ps,beginner,6,31,87,true,true,13.8,31,64dced03,0.29,1.7,1,5.39,1
A_baseline,ps,beginner,7,31,95,true,true,18.8,31,d05ce873,0.129,2.75,4,10.64,3
B1_no_opportunistic_randomness,ps,beginner,7,31,92,true,true,18,31,860c1bbd,0.194,1.9,1,14.25,1
B2_no_rare_events,ps,beginner,7,31,86,true,true,13.6,31,b9db716f,0.065,1.47,3,10.07,2
C_no_narrative_memory,ps,beginner,7,31,92,true,true,16.3,31,9051b8ba,0.129,1.49,0,11.08,0
E_no_ideology_effects,ps,beginner,7,31,90,true,true,19.4,31,2113536c,0.194,1.71,0,0,2
F_no_delayed_consequences,ps,beginner,7,31,92,true,true,16.6,31,c2acf397,0.29,2.06,4,8.38,2
A_baseline,ecologistes,strategist,0,31,87,true,true,16,31,f7e2d605,0.194,1.91,2,26.56,2
B1_no_opportunistic_randomness,ecologistes,strategist,0,25,49,false,false,10.5,25,3cfa9e0d,0.68,1.66,2,19.81,0
B2_no_rare_events,ecologistes,strategist,0,29,70,true,false,12.7,29,2c23a419,0.414,1.2,0,15.72,1
C_no_narrative_memory,ecologistes,strategist,0,31,82,true,true,13.9,31,5f54db57,0.29,2.24,4,23.73,0
E_no_ideology_effects,ecologistes,strategist,0,31,82,true,true,15.9,31,abc728e6,0.258,1.87,1,0,2
F_no_delayed_consequences,ecologistes,strategist,0,31,82,true,true,14.3,31,43202a32,0.323,1.69,5,23.61,0
A_baseline,ecologistes,strategist,1,31,86,true,true,16,31,de35e6cd,0.161,1.88,3,22.98,2
B1_no_opportunistic_randomness,ecologistes,strategist,1,29,83,true,false,16.8,29,a6070c42,0.207,1.5,2,10.21,2
B2_no_rare_events,ecologistes,strategist,1,31,85,true,true,16.2,31,c0453263,0.484,1.65,1,17.07,3
C_no_narrative_memory,ecologistes,strategist,1,31,88,true,true,17.6,31,961dfb37,0.355,1.83,1,11.27,0
E_no_ideology_effects,ecologistes,strategist,1,31,80,true,true,15,31,85474126,0.258,1.39,1,0,1
F_no_delayed_consequences,ecologistes,strategist,1,29,83,true,false,18.4,29,52d8835c,0.276,1.45,2,13.09,3
A_baseline,ecologistes,strategist,2,31,87,true,true,16.3,31,831979b5,0.29,1.4,1,12.38,0
B1_no_opportunistic_randomness,ecologistes,strategist,2,29,80,true,false,15.9,29,7605d16c,0.207,2.24,6,23.4,3
B2_no_rare_events,ecologistes,strategist,2,31,82,true,true,14.1,31,3768138e,0.29,1.32,0,13.61,1
C_no_narrative_memory,ecologistes,strategist,2,29,78,true,false,15.4,29,f9024a7a,0.345,1.68,2,17.29,0
E_no_ideology_effects,ecologistes,strategist,2,31,77,true,true,13.7,31,c91ab36b,0.484,1.47,2,0,4
F_no_delayed_consequences,ecologistes,strategist,2,29,79,true,false,16.6,29,2f539430,0.345,1.74,1,12.11,3
A_baseline,ecologistes,strategist,3,25,65,false,false,15,25,c6527df5,0.28,1.93,2,14.98,3
B1_no_opportunistic_randomness,ecologistes,strategist,3,25,61,false,false,12.7,25,109a9eea,0.36,1.89,3,17.44,2
B2_no_rare_events,ecologistes,strategist,3,29,84,true,false,18.2,29,60de5b11,0.345,1.47,0,15.97,0
C_no_narrative_memory,ecologistes,strategist,3,31,84,true,true,15.1,31,c263180c,0.419,1.48,2,8.86,0
E_no_ideology_effects,ecologistes,strategist,3,25,53,false,false,11.2,25,b8ae6f4b,0.6,1.3,1,0,4
F_no_delayed_consequences,ecologistes,strategist,3,31,87,true,true,15.8,31,cf6c535e,0.387,1.44,2,9.89,4
A_baseline,ecologistes,strategist,4,31,83,true,true,14.5,31,a29fcd69,0.258,1.72,3,19.05,2
B1_no_opportunistic_randomness,ecologistes,strategist,4,31,86,true,true,15.3,31,f9016c52,0.194,1.88,0,9,0
B2_no_rare_events,ecologistes,strategist,4,29,72,true,false,13.8,29,55c59fc,0.552,1.55,0,6.5,0
C_no_narrative_memory,ecologistes,strategist,4,29,73,true,false,12.5,29,6681713a,0.414,1.31,2,17.28,0
E_no_ideology_effects,ecologistes,strategist,4,25,55,false,false,11.9,25,33ab76df,0.44,1.51,1,0,2
F_no_delayed_consequences,ecologistes,strategist,4,31,73,true,true,12.9,31,73d45b7b,0.677,1.31,0,15.86,1
A_baseline,ecologistes,strategist,5,25,61,false,false,12.5,25,a0fb9292,0.44,1.62,1,12.04,1
B1_no_opportunistic_randomness,ecologistes,strategist,5,31,89,true,true,17.4,31,4789aa8,0.323,1.72,3,26.65,3
B2_no_rare_events,ecologistes,strategist,5,31,91,true,true,17.6,31,4b68a202,0.323,1.99,3,11.1,2
C_no_narrative_memory,ecologistes,strategist,5,31,85,true,true,16.3,31,505ed2d3,0.452,1.46,4,13.76,0
E_no_ideology_effects,ecologistes,strategist,5,25,47,false,false,10.2,25,9261af6c,0.64,1.48,1,0,0
F_no_delayed_consequences,ecologistes,strategist,5,25,60,false,false,12.6,25,d7e2ea4a,0.36,2.27,0,4.01,1
A_baseline,ecologistes,strategist,6,25,60,false,false,12.4,25,877058e,0.48,1.47,3,23.71,2
B1_no_opportunistic_randomness,ecologistes,strategist,6,31,76,true,true,13,31,1fb0e497,0.226,1.22,2,6.79,1
B2_no_rare_events,ecologistes,strategist,6,31,89,true,true,16.6,31,edd425ce,0.387,1.66,3,20.49,5
C_no_narrative_memory,ecologistes,strategist,6,29,74,true,false,13.6,29,82439cb,0.345,1.51,1,11.16,0
E_no_ideology_effects,ecologistes,strategist,6,31,80,true,true,14.5,31,bab2e103,0.387,1.9,2,0,2
F_no_delayed_consequences,ecologistes,strategist,6,31,78,true,true,13.1,31,32d4c5fb,0.194,1.45,0,5.9,2
A_baseline,ecologistes,strategist,7,31,89,true,true,17.4,31,4d4f26e1,0.161,1.7,5,15.66,3
B1_no_opportunistic_randomness,ecologistes,strategist,7,31,89,true,true,16.7,31,f3867e28,0.194,2.06,0,23.25,1
B2_no_rare_events,ecologistes,strategist,7,31,82,true,true,15.3,31,6585a8f7,0.548,1.71,2,15.64,3
C_no_narrative_memory,ecologistes,strategist,7,29,70,true,false,13.3,29,dd8293a5,0.621,1.23,0,15.06,0
E_no_ideology_effects,ecologistes,strategist,7,25,58,false,false,13.6,25,d2bdd16e,0.24,1.64,0,0,3
F_no_delayed_consequences,ecologistes,strategist,7,25,59,false,false,13.2,25,2eb3ac0e,0.56,1.12,2,17.75,2
A_baseline,ecologistes,cautious,0,31,88,true,true,16.2,31,b3e56fd3,0.194,1.94,4,15.56,4
B1_no_opportunistic_randomness,ecologistes,cautious,0,25,51,false,false,10.9,25,1c980f2b,0.56,1.86,2,13.98,0
B2_no_rare_events,ecologistes,cautious,0,29,73,true,false,13.2,29,72c0a0c3,0.241,1.4,1,9.31,1
C_no_narrative_memory,ecologistes,cautious,0,31,81,true,true,13.1,31,6cc0b146,0.29,2.13,3,25.41,0
E_no_ideology_effects,ecologistes,cautious,0,31,87,true,true,17.1,31,112c8f19,0.29,2.28,2,0,1
F_no_delayed_consequences,ecologistes,cautious,0,31,85,true,true,14.5,31,fc98963f,0.226,1.9,2,27.72,0
A_baseline,ecologistes,cautious,1,31,85,true,true,15.1,31,bfc32bb6,0.161,1.72,2,16.52,4
B1_no_opportunistic_randomness,ecologistes,cautious,1,31,85,true,true,14.5,31,654fe9f2,0.452,1.14,3,17.52,2
B2_no_rare_events,ecologistes,cautious,1,31,89,true,true,16.9,31,b878331d,0.419,1.69,5,21.56,3
C_no_narrative_memory,ecologistes,cautious,1,31,87,true,true,16.4,31,f7f14b9f,0.355,1.7,2,13.26,0
E_no_ideology_effects,ecologistes,cautious,1,31,81,true,true,14.5,31,85474126,0.29,1.36,1,0,1
F_no_delayed_consequences,ecologistes,cautious,1,29,81,true,false,17.3,29,fc89a466,0.483,1.32,2,15.08,4
A_baseline,ecologistes,cautious,2,31,92,true,true,17,31,4501c8ed,0.29,1.64,3,18.78,0
B1_no_opportunistic_randomness,ecologistes,cautious,2,31,85,true,true,14.5,31,7200a88,0.161,1.73,4,16.23,2
B2_no_rare_events,ecologistes,cautious,2,31,83,true,true,14,31,7d3959a4,0.129,1.46,0,25.61,0
C_no_narrative_memory,ecologistes,cautious,2,29,81,true,false,15.7,29,3e87230,0.241,1.86,3,12.86,0
E_no_ideology_effects,ecologistes,cautious,2,31,80,true,true,14.1,31,95264b8b,0.484,1.52,2,0,4
F_no_delayed_consequences,ecologistes,cautious,2,29,80,true,false,16.6,29,c69677fc,0.207,1.8,1,10.8,2
A_baseline,ecologistes,cautious,3,25,68,false,false,14.9,25,bc3e7919,0.2,2.01,4,10.66,3
B1_no_opportunistic_randomness,ecologistes,cautious,3,25,60,false,false,12.2,25,5da663f2,0.36,1.68,3,9.58,2
B2_no_rare_events,ecologistes,cautious,3,25,62,false,false,13.6,25,139583c3,0.48,1.29,3,18.34,2
C_no_narrative_memory,ecologistes,cautious,3,31,81,true,true,13.8,31,9df9fc85,0.323,1.56,5,10.06,0
E_no_ideology_effects,ecologistes,cautious,3,25,55,false,false,11.2,25,ccacf440,0.36,1.59,1,0,4
F_no_delayed_consequences,ecologistes,cautious,3,31,82,true,true,14.2,31,641306f3,0.419,1.4,4,8.77,3
A_baseline,ecologistes,cautious,4,31,85,true,true,14,31,8b6f2280,0.258,1.72,2,25.43,2
B1_no_opportunistic_randomness,ecologistes,cautious,4,31,85,true,true,13.9,31,43d75463,0.323,1.71,0,20.14,0
B2_no_rare_events,ecologistes,cautious,4,29,74,true,false,14,29,ea9e6dd8,0.448,1.55,1,22.24,0
C_no_narrative_memory,ecologistes,cautious,4,31,86,true,true,15.2,31,60905300,0.194,1.77,1,15.22,0
E_no_ideology_effects,ecologistes,cautious,4,25,54,false,false,11.6,25,83f92ecc,0.48,1.34,2,0,2
F_no_delayed_consequences,ecologistes,cautious,4,25,60,false,false,12.7,25,3244629d,0.36,1.85,1,17.42,2
A_baseline,ecologistes,cautious,5,25,63,false,false,13.2,25,b34a5030,0.44,1.89,2,7.55,1
B1_no_opportunistic_randomness,ecologistes,cautious,5,31,91,true,true,17.4,31,980d5b6e,0.387,1.68,2,14.21,3
B2_no_rare_events,ecologistes,cautious,5,31,88,true,true,16.7,31,99ecd994,0.323,1.95,2,10.91,2
C_no_narrative_memory,ecologistes,cautious,5,25,60,false,false,12.8,25,306fafe3,0.32,1.88,5,22.5,0
E_no_ideology_effects,ecologistes,cautious,5,25,54,false,false,11.6,25,e2e3c89,0.4,1.99,1,0,0
F_no_delayed_consequences,ecologistes,cautious,5,31,80,true,true,13,31,cf03d9fd,0.226,2.6,0,11.8,2
A_baseline,ecologistes,cautious,6,25,50,false,false,10.1,25,16f51371,0.6,1.02,2,14.77,4
B1_no_opportunistic_randomness,ecologistes,cautious,6,29,77,true,false,14.1,29,ac5919f7,0.241,1.65,3,17.46,1
B2_no_rare_events,ecologistes,cautious,6,31,84,true,true,15,31,bfd2def6,0.419,1.16,4,16.67,6
C_no_narrative_memory,ecologistes,cautious,6,25,51,false,false,9.9,25,843f7059,0.6,1.27,0,10.11,0
E_no_ideology_effects,ecologistes,cautious,6,31,83,true,true,15.2,31,bab2e103,0.419,2.14,2,0,2
F_no_delayed_consequences,ecologistes,cautious,6,31,80,true,true,12.8,31,43803cf0,0.226,1.57,0,12.82,1
A_baseline,ecologistes,cautious,7,31,88,true,true,16.8,31,1831a7d0,0.161,1.7,5,19.95,3
B1_no_opportunistic_randomness,ecologistes,cautious,7,31,85,true,true,15.6,31,7ff57032,0.161,1.87,1,19.8,2
B2_no_rare_events,ecologistes,cautious,7,31,86,true,true,15.5,31,18cf6f54,0.355,1.72,3,10.09,4
C_no_narrative_memory,ecologistes,cautious,7,29,72,true,false,13.6,29,23b9fb95,0.483,1.3,0,8.62,0
E_no_ideology_effects,ecologistes,cautious,7,25,60,false,false,13.4,25,d2bdd16e,0.24,1.66,0,0,3
F_no_delayed_consequences,ecologistes,cautious,7,25,59,false,false,13.2,25,9078d751,0.48,1.35,1,25.79,2
A_baseline,ecologistes,beginner,0,31,86,true,true,15.3,31,79d487c1,0.355,1.67,6,8.91,2
B1_no_opportunistic_randomness,ecologistes,beginner,0,25,63,false,false,12.7,25,3cfa9e0d,0.52,2.29,2,18.56,0
B2_no_rare_events,ecologistes,beginner,0,29,77,true,false,14.2,29,743bfb44,0.241,1.63,0,22.17,0
C_no_narrative_memory,ecologistes,beginner,0,31,85,true,true,13.6,31,7febdbea,0.323,2.45,5,13.36,0
E_no_ideology_effects,ecologistes,beginner,0,31,88,true,true,17.1,31,7976b5d4,0.29,2.24,1,0,1
F_no_delayed_consequences,ecologistes,beginner,0,31,88,true,true,15.3,31,d14c2a03,0.194,2.21,5,18.04,1
A_baseline,ecologistes,beginner,1,31,86,true,true,15.4,31,9a289cb,0.161,1.77,3,17.54,3
B1_no_opportunistic_randomness,ecologistes,beginner,1,29,82,true,false,16.2,29,a6070c42,0.207,1.41,2,17.99,2
B2_no_rare_events,ecologistes,beginner,1,31,90,true,true,17.1,31,8b13eeb0,0.452,1.82,1,23.26,2
C_no_narrative_memory,ecologistes,beginner,1,31,91,true,true,18.2,31,961dfb37,0.226,2.24,1,9.33,0
E_no_ideology_effects,ecologistes,beginner,1,31,83,true,true,15.5,31,85474126,0.258,1.67,1,0,1
F_no_delayed_consequences,ecologistes,beginner,1,29,81,true,false,17.5,29,496733b7,0.655,1.23,2,13.02,3
A_baseline,ecologistes,beginner,2,31,83,true,true,13.5,31,fb4d5750,0.323,1.84,3,13.12,2
B1_no_opportunistic_randomness,ecologistes,beginner,2,31,89,true,true,15.7,31,46c82176,0.161,2.26,3,15.26,3
B2_no_rare_events,ecologistes,beginner,2,31,84,true,true,13.9,31,42ee0ca2,0.29,1.49,0,13.85,1
C_no_narrative_memory,ecologistes,beginner,2,29,80,true,false,15.3,29,471bb7a7,0.276,1.79,1,9.39,0
E_no_ideology_effects,ecologistes,beginner,2,31,80,true,true,13.6,31,95264b8b,0.419,1.4,2,0,4
F_no_delayed_consequences,ecologistes,beginner,2,29,84,true,false,16.6,29,550a0c8c,0.138,1.71,2,8.71,3
A_baseline,ecologistes,beginner,3,29,83,true,false,15.7,29,2276e86d,0.172,2.2,2,13.51,4
B1_no_opportunistic_randomness,ecologistes,beginner,3,31,84,true,true,14.6,31,6d760a89,0.226,1.74,3,23.95,3
B2_no_rare_events,ecologistes,beginner,3,31,87,true,true,15.4,31,834b84fb,0.323,1.96,0,7.89,0
C_no_narrative_memory,ecologistes,beginner,3,31,89,true,true,15.8,31,7d5fda87,0.29,2.45,3,13.85,0
E_no_ideology_effects,ecologistes,beginner,3,25,58,false,false,12.2,25,b8ae6f4b,0.36,1.61,1,0,4
F_no_delayed_consequences,ecologistes,beginner,3,31,90,true,true,16,31,781b913d,0.387,1.69,3,9.65,3
A_baseline,ecologistes,beginner,4,31,82,true,true,13.7,31,14335c00,0.323,1.94,2,13.81,3
B1_no_opportunistic_randomness,ecologistes,beginner,4,25,58,false,false,11.9,25,49c0991e,0.56,0.79,0,8.33,0
B2_no_rare_events,ecologistes,beginner,4,29,81,true,false,15.3,29,55c59fc,0.483,1.98,0,9.3,0
C_no_narrative_memory,ecologistes,beginner,4,31,87,true,true,15.1,31,f0200f49,0.29,1.83,4,16.17,0
E_no_ideology_effects,ecologistes,beginner,4,25,56,false,false,11.7,25,83f92ecc,0.52,1.33,2,0,2
F_no_delayed_consequences,ecologistes,beginner,4,25,61,false,false,13.1,25,96814f7,0.4,1.89,1,20.25,2
A_baseline,ecologistes,beginner,5,29,78,true,false,13.8,29,9ba7d4f1,0.31,2.17,1,12.25,1
B1_no_opportunistic_randomness,ecologistes,beginner,5,31,92,true,true,17.4,31,5701a0ee,0.484,1.81,2,6.19,3
B2_no_rare_events,ecologistes,beginner,5,31,90,true,true,16.8,31,47a601e7,0.323,1.83,4,7.13,3
C_no_narrative_memory,ecologistes,beginner,5,31,85,true,true,14.6,31,b6578373,0.226,2.37,2,15.6,0
E_no_ideology_effects,ecologistes,beginner,5,25,54,false,false,11.7,25,9261af6c,0.36,1.95,1,0,0
F_no_delayed_consequences,ecologistes,beginner,5,31,83,true,true,13.3,31,a906feb3,0.194,2.58,0,20.55,1
A_baseline,ecologistes,beginner,6,25,55,false,false,11.3,25,fa87ba49,0.56,0.99,3,14.68,1
B1_no_opportunistic_randomness,ecologistes,beginner,6,31,82,true,true,13.1,31,45847a29,0.226,2.19,4,24.72,2
B2_no_rare_events,ecologistes,beginner,6,31,92,true,true,17.7,31,27d00cac,0.323,1.91,5,16.94,3
C_no_narrative_memory,ecologistes,beginner,6,25,55,false,false,10.9,25,5c1cece6,0.44,1.6,3,12.69,0
E_no_ideology_effects,ecologistes,beginner,6,31,81,true,true,14.1,31,fea7ce1b,0.452,1.79,4,0,2
F_no_delayed_consequences,ecologistes,beginner,6,31,85,true,true,14.1,31,da330006,0.258,1.93,1,10.7,0
A_baseline,ecologistes,beginner,7,31,89,true,true,17.1,31,c5c1f5e1,0.194,1.92,5,18.73,3
B1_no_opportunistic_randomness,ecologistes,beginner,7,31,88,true,true,15.9,31,d2093794,0.258,2.12,0,9.55,1
B2_no_rare_events,ecologistes,beginner,7,31,90,true,true,16.2,31,b73ddfea,0.419,2.02,2,23.16,3
C_no_narrative_memory,ecologistes,beginner,7,31,86,true,true,14.3,31,a7d123bc,0.387,1.85,0,14.43,0
E_no_ideology_effects,ecologistes,beginner,7,25,60,false,false,13.1,25,d2bdd16e,0.2,1.62,0,0,3
F_no_delayed_consequences,ecologistes,beginner,7,31,83,true,true,14,31,4cbecf5c,0.484,1.76,2,14.16,2
A_baseline,renaissance,strategist,0,31,80,true,true,16.2,31,9c879321,0.194,1.82,1,12.1,2
B1_no_opportunistic_randomness,renaissance,strategist,0,31,77,true,true,13.8,31,2038a432,0.161,1.9,3,25.06,1
B2_no_rare_events,renaissance,strategist,0,29,65,true,false,14.5,29,11f159c,0.138,1.28,5,12.57,3
C_no_narrative_memory,renaissance,strategist,0,31,79,true,true,17,31,7cce5ebb,0.129,1.52,6,11.18,0
E_no_ideology_effects,renaissance,strategist,0,29,63,true,false,13.5,29,cfea9480,0.138,0.95,6,0,3
F_no_delayed_consequences,renaissance,strategist,0,31,79,true,true,17,31,2aef3989,0.323,1.56,5,18.95,3
A_baseline,renaissance,strategist,1,25,54,false,false,13,25,29d66016,0.2,1.46,2,15.85,3
B1_no_opportunistic_randomness,renaissance,strategist,1,31,78,true,true,16.5,31,43e93b75,0.065,1.41,1,15.92,2
B2_no_rare_events,renaissance,strategist,1,31,75,true,true,15.1,31,721a58e5,0.065,1.79,4,8.27,3
C_no_narrative_memory,renaissance,strategist,1,31,81,true,true,18.8,31,f0be7524,0.194,1.39,1,9.65,0
E_no_ideology_effects,renaissance,strategist,1,25,49,false,false,12.5,25,e54e6c3b,0.16,1.49,2,0,0
F_no_delayed_consequences,renaissance,strategist,1,31,77,true,true,14.3,31,135bb4dc,0.194,1.65,5,18.21,3
A_baseline,renaissance,strategist,2,29,68,true,false,14.5,29,d08c6717,0.241,1.35,0,14.56,1
B1_no_opportunistic_randomness,renaissance,strategist,2,31,79,true,true,16.8,31,27b69c05,0.226,1.7,2,10.42,1
B2_no_rare_events,renaissance,strategist,2,31,78,true,true,15.3,31,bf709ab6,0.194,1.65,3,22.15,4
C_no_narrative_memory,renaissance,strategist,2,31,79,true,true,16.2,31,12ea464,0.226,1.63,4,18.96,0
E_no_ideology_effects,renaissance,strategist,2,25,50,false,false,12.8,25,8f961f0f,0.52,1.47,5,0,4
F_no_delayed_consequences,renaissance,strategist,2,29,73,true,false,16.3,29,88cd9144,0.069,1.82,4,15.35,4
A_baseline,renaissance,strategist,3,25,57,false,false,14.6,25,20770ea,0.36,1.63,6,4.26,2
B1_no_opportunistic_randomness,renaissance,strategist,3,31,84,true,true,19,31,fe3cd80f,0.097,2.32,6,11.81,3
B2_no_rare_events,renaissance,strategist,3,29,72,true,false,16.2,29,353d637c,0.207,1.85,3,18.29,0
C_no_narrative_memory,renaissance,strategist,3,25,44,false,false,11,25,bc84ccc7,0.28,0.81,2,14.3,0
E_no_ideology_effects,renaissance,strategist,3,29,66,true,false,14.6,29,10707032,0.069,1.16,3,0,3
F_no_delayed_consequences,renaissance,strategist,3,31,76,true,true,15.5,31,5bbfba4a,0.226,1.58,3,10.98,1
A_baseline,renaissance,strategist,4,29,62,true,false,12.9,29,c38d390e,0.414,1.44,2,15.66,0
B1_no_opportunistic_randomness,renaissance,strategist,4,31,76,true,true,14.6,31,99f22a13,0.226,1.46,3,14.08,1
B2_no_rare_events,renaissance,strategist,4,31,80,true,true,17.3,31,b0d93c1b,0.129,1.38,0,17.44,0
C_no_narrative_memory,renaissance,strategist,4,31,76,true,true,15.6,31,a14b3056,0.226,1.16,2,17.23,0
E_no_ideology_effects,renaissance,strategist,4,31,74,true,true,16.9,31,eabd846d,0.065,1.54,0,0,0
F_no_delayed_consequences,renaissance,strategist,4,29,70,true,false,14.9,29,92129942,0.276,1.76,3,14.85,3
A_baseline,renaissance,strategist,5,25,54,false,false,12.8,25,37ee2390,0.24,1.45,1,15.49,1
B1_no_opportunistic_randomness,renaissance,strategist,5,31,83,true,true,18.9,31,9a471c1c,0.194,1.37,6,16.48,4
B2_no_rare_events,renaissance,strategist,5,29,65,true,false,15,29,68eff4d,0.207,1.42,0,13.31,0
C_no_narrative_memory,renaissance,strategist,5,31,76,true,true,15.1,31,d0258b63,0.129,1.77,2,15.74,0
E_no_ideology_effects,renaissance,strategist,5,25,49,false,false,13.1,25,4d08ba93,0.24,1.07,4,0,2
F_no_delayed_consequences,renaissance,strategist,5,25,51,false,false,12.7,25,9c79ca22,0.08,1.19,3,21.44,2
A_baseline,renaissance,strategist,6,31,82,true,true,17.9,31,a7ecc134,0.161,1.53,5,12.86,7
B1_no_opportunistic_randomness,renaissance,strategist,6,25,50,false,false,13.1,25,8382ee2f,0.4,0.81,4,25.59,1
B2_no_rare_events,renaissance,strategist,6,31,79,true,true,16.2,31,27987349,0.161,1.57,2,10.82,1
C_no_narrative_memory,renaissance,strategist,6,31,82,true,true,17.7,31,eadd4b26,0.065,1.67,1,18.03,0
E_no_ideology_effects,renaissance,strategist,6,31,75,true,true,17,31,1ff80c89,0.323,1.45,1,0,3
F_no_delayed_consequences,renaissance,strategist,6,31,70,true,true,13.3,31,e694bdaa,0.129,1.5,1,15.2,0
A_baseline,renaissance,strategist,7,31,74,true,true,16,31,e1450ccb,0.129,1.57,1,14.59,1
B1_no_opportunistic_randomness,renaissance,strategist,7,31,84,true,true,18,31,d6e16bcd,0.226,1.83,4,24.34,1
B2_no_rare_events,renaissance,strategist,7,31,76,true,true,15,31,1a4a4d90,0.226,1.83,0,9.75,2
C_no_narrative_memory,renaissance,strategist,7,31,78,true,true,17.5,31,6652d4ea,0.161,1.8,2,14.59,0
E_no_ideology_effects,renaissance,strategist,7,31,71,true,true,14.6,31,5081b0eb,0.194,1,2,0,1
F_no_delayed_consequences,renaissance,strategist,7,31,76,true,true,15.6,31,6a1133fd,0.161,1.58,1,8.51,0
A_baseline,renaissance,cautious,0,31,80,true,true,15.8,31,9c1dc353,0.194,1.62,1,8.96,1
B1_no_opportunistic_randomness,renaissance,cautious,0,25,55,false,false,12.6,25,74e3aefe,0.2,1.79,2,14.4,1
B2_no_rare_events,renaissance,cautious,0,29,69,true,false,13.7,29,40e04a9,0.207,1.22,3,12.21,1
C_no_narrative_memory,renaissance,cautious,0,31,75,true,true,15.1,31,ddbc6225,0.194,1.07,4,10.72,0
E_no_ideology_effects,renaissance,cautious,0,31,73,true,true,13,31,e4d760ab,0.129,1.32,3,0,2
F_no_delayed_consequences,renaissance,cautious,0,31,83,true,true,17.7,31,d52b89ff,0.323,2.03,4,12.22,3
A_baseline,renaissance,cautious,1,25,52,false,false,12.8,25,51aa325d,0.24,1.54,2,4.52,2
B1_no_opportunistic_randomness,renaissance,cautious,1,31,78,true,true,15.9,31,3def7dc1,0.129,1.34,1,7.69,2
B2_no_rare_events,renaissance,cautious,1,31,78,true,true,15.1,31,9e290e2f,0.065,1.89,3,13.89,2
C_no_narrative_memory,renaissance,cautious,1,31,81,true,true,17.1,31,93f7bae2,0.194,1.1,0,7.4,0
E_no_ideology_effects,renaissance,cautious,1,25,46,false,false,11.4,25,e54e6c3b,0.28,1.3,2,0,0
F_no_delayed_consequences,renaissance,cautious,1,25,51,false,false,12.5,25,1bbbad6f,0.24,1.26,3,8.41,1
A_baseline,renaissance,cautious,2,29,72,true,false,14.4,29,2023b3cf,0.172,1.44,2,7.89,1
B1_no_opportunistic_randomness,renaissance,cautious,2,31,76,true,true,14.8,31,8af1b319,0.29,1.4,4,7.87,1
B2_no_rare_events,renaissance,cautious,2,25,53,false,false,12.3,25,618836d0,0.28,1.3,4,6.61,3
C_no_narrative_memory,renaissance,cautious,2,31,77,true,true,15.3,31,e2c7d7f3,0.226,1.56,4,10.99,0
E_no_ideology_effects,renaissance,cautious,2,25,51,false,false,12.4,25,e768630b,0.44,1.64,1,0,3
F_no_delayed_consequences,renaissance,cautious,2,31,75,true,true,13.1,31,84a1c719,0.065,1.5,2,9.69,4
A_baseline,renaissance,cautious,3,25,55,false,false,14.6,25,743d9420,0.48,1.78,3,7.82,1
B1_no_opportunistic_randomness,renaissance,cautious,3,31,81,true,true,18,31,86dccf04,0.065,2.02,4,9.15,1
B2_no_rare_events,renaissance,cautious,3,31,79,true,true,15.5,31,d4169069,0.161,1.7,2,8.31,2
C_no_narrative_memory,renaissance,cautious,3,25,51,false,false,11.6,25,8da4700c,0.28,1.07,2,8.64,0
E_no_ideology_effects,renaissance,cautious,3,29,69,true,false,15.5,29,ca8fa746,0.069,1.59,2,0,3
F_no_delayed_consequences,renaissance,cautious,3,31,78,true,true,15.4,31,5a185881,0.194,1.66,2,8.8,1
A_baseline,renaissance,cautious,4,31,77,true,true,13.6,31,376e6df8,0.161,1.66,1,5.8,0
B1_no_opportunistic_randomness,renaissance,cautious,4,29,71,true,false,14.6,29,fb022f00,0.31,1.5,2,13.61,1
B2_no_rare_events,renaissance,cautious,4,31,82,true,true,17.6,31,a84fd9fd,0.129,1.47,1,11.51,1
C_no_narrative_memory,renaissance,cautious,4,31,79,true,true,16,31,1b3db930,0.258,1.54,2,6.75,0
E_no_ideology_effects,renaissance,cautious,4,31,75,true,true,15.7,31,eabd846d,0.065,1.39,0,0,0
F_no_delayed_consequences,renaissance,cautious,4,31,82,true,true,16.8,31,12193f80,0.258,1.8,3,13.21,1
A_baseline,renaissance,cautious,5,25,56,false,false,12.6,25,3e9b4a13,0.2,1.65,3,13.03,0
B1_no_opportunistic_randomness,renaissance,cautious,5,31,81,true,true,15.7,31,9c7d2d2d,0.129,1.42,2,9.44,1
B2_no_rare_events,renaissance,cautious,5,31,79,true,true,15.6,31,97a7587b,0.129,1.77,0,4.1,0
C_no_narrative_memory,renaissance,cautious,5,31,78,true,true,14.5,31,f80858b3,0.161,1.68,3,2.59,0
E_no_ideology_effects,renaissance,cautious,5,25,47,false,false,12.3,25,c75120b,0.24,1.02,4,0,3
F_no_delayed_consequences,renaissance,cautious,5,29,70,true,false,14,29,3c50a31a,0.103,1.55,3,14.82,2
A_baseline,renaissance,cautious,6,31,79,true,true,15.5,31,4dec692e,0.097,1.38,2,8.42,1
B1_no_opportunistic_randomness,renaissance,cautious,6,31,81,true,true,16.1,31,560fc311,0.129,1.58,1,13.31,0
B2_no_rare_events,renaissance,cautious,6,31,79,true,true,15.3,31,490e4017,0.194,1.51,2,12,1
C_no_narrative_memory,renaissance,cautious,6,31,77,true,true,14.7,31,12d8c2e4,0.194,1.16,4,7.36,0
E_no_ideology_effects,renaissance,cautious,6,31,76,true,true,16.8,31,1ff80c89,0.323,1.44,1,0,3
F_no_delayed_consequences,renaissance,cautious,6,31,78,true,true,15.2,31,9c76aad,0.065,1.75,0,12.85,2
A_baseline,renaissance,cautious,7,31,74,true,true,14.7,31,7cf6e51d,0.129,1.3,2,8.24,2
B1_no_opportunistic_randomness,renaissance,cautious,7,29,69,true,false,12.8,29,d689b0f8,0.31,1.63,4,8.66,2
B2_no_rare_events,renaissance,cautious,7,25,51,false,false,11.8,25,c861b5bd,0.36,1.32,1,9.47,3
C_no_narrative_memory,renaissance,cautious,7,31,78,true,true,16.2,31,6652d4ea,0.323,1.53,2,8.82,0
E_no_ideology_effects,renaissance,cautious,7,31,74,true,true,14.7,31,72b387b4,0.161,1.12,2,0,1
F_no_delayed_consequences,renaissance,cautious,7,31,79,true,true,16.2,31,ee500dab,0.194,1.89,2,11.29,1
A_baseline,renaissance,beginner,0,31,81,true,true,16.3,31,9c879321,0.258,1.82,1,5.15,2
B1_no_opportunistic_randomness,renaissance,beginner,0,31,77,true,true,13.9,31,2038a432,0.161,1.87,3,10.84,1
B2_no_rare_events,renaissance,beginner,0,29,71,true,false,15,29,bbab0228,0.138,1.55,5,13.55,2
C_no_narrative_memory,renaissance,beginner,0,31,83,true,true,17.2,31,de7ea5e8,0.194,1.77,2,12.5,0
E_no_ideology_effects,renaissance,beginner,0,31,68,true,true,12.7,31,64b39dc,0.323,0.92,6,0,2
F_no_delayed_consequences,renaissance,beginner,0,31,82,true,true,17.6,31,a0c79890,0.323,1.86,1,20.74,2
A_baseline,renaissance,beginner,1,31,75,true,true,13.6,31,cded4488,0.161,1.73,3,16.63,3
B1_no_opportunistic_randomness,renaissance,beginner,1,31,82,true,true,17,31,43e93b75,0.065,1.55,1,11.33,3
B2_no_rare_events,renaissance,beginner,1,31,75,true,true,14.1,31,fd8ddd57,0.065,1.55,1,14.57,1
C_no_narrative_memory,renaissance,beginner,1,31,86,true,true,19,31,67485987,0.065,1.6,3,17.2,0
E_no_ideology_effects,renaissance,beginner,1,25,51,false,false,12,25,26e45ae9,0.16,1.42,1,0,0
F_no_delayed_consequences,renaissance,beginner,1,31,76,true,true,14.7,31,5317850a,0.129,1.53,4,15.87,3
A_baseline,renaissance,beginner,2,29,70,true,false,14.5,29,8a6722d8,0.241,1.42,1,10.42,1
B1_no_opportunistic_randomness,renaissance,beginner,2,31,80,true,true,15.7,31,6698b2e5,0.226,1.6,1,14.3,1
B2_no_rare_events,renaissance,beginner,2,31,78,true,true,14.5,31,d0a7dd7b,0.323,1.59,4,10.31,3
C_no_narrative_memory,renaissance,beginner,2,31,78,true,true,15.8,31,e2c7d7f3,0.226,1.7,4,18.78,0
E_no_ideology_effects,renaissance,beginner,2,25,51,false,false,12.2,25,8f961f0f,0.52,1.49,5,0,3
F_no_delayed_consequences,renaissance,beginner,2,31,74,true,true,13.3,31,8c8f349a,0.065,1.61,2,10.47,5
A_baseline,renaissance,beginner,3,25,53,false,false,14.4,25,a04cc496,0.36,1.53,6,5.01,2
B1_no_opportunistic_randomness,renaissance,beginner,3,31,82,true,true,18,31,f0d2c539,0.097,2.12,3,15.36,5
B2_no_rare_events,renaissance,beginner,3,31,79,true,true,15.7,31,f2825223,0.161,1.76,1,13.27,0
C_no_narrative_memory,renaissance,beginner,3,25,56,false,false,11.9,25,e82e2c43,0.28,1.21,1,10.96,0
E_no_ideology_effects,renaissance,beginner,3,29,68,true,false,15.3,29,10707032,0.069,1.41,3,0,3
F_no_delayed_consequences,renaissance,beginner,3,31,83,true,true,16.9,31,9b2627ed,0.258,1.96,2,13.24,2
A_baseline,renaissance,beginner,4,31,82,true,true,17.8,31,36d34cbc,0.226,1.82,2,5.08,3
B1_no_opportunistic_randomness,renaissance,beginner,4,31,76,true,true,14.9,31,cb108f0b,0.161,1.59,2,6.32,1
B2_no_rare_events,renaissance,beginner,4,31,83,true,true,17.8,31,b0d93c1b,0.065,1.49,0,14.56,0
C_no_narrative_memory,renaissance,beginner,4,31,77,true,true,15.8,31,a14b3056,0.226,1.32,2,10.75,0
E_no_ideology_effects,renaissance,beginner,4,31,76,true,true,15.9,31,eabd846d,0.065,1.49,0,0,1
F_no_delayed_consequences,renaissance,beginner,4,31,86,true,true,18.9,31,cd44f7a7,0.194,1.9,4,18.92,3
A_baseline,renaissance,beginner,5,25,56,false,false,13,25,91750d0e,0.24,1.69,3,16.25,1
B1_no_opportunistic_randomness,renaissance,beginner,5,29,70,true,false,13.3,29,9cfb8c44,0.138,1.37,6,12.82,3
B2_no_rare_events,renaissance,beginner,5,31,80,true,true,15.5,31,204ce18,0.129,1.71,0,8.68,0
C_no_narrative_memory,renaissance,beginner,5,31,76,true,true,14.8,31,6b4ead3e,0.194,1.65,1,11.24,0
E_no_ideology_effects,renaissance,beginner,5,25,51,false,false,12.6,25,8657634c,0.32,1.01,1,0,0
F_no_delayed_consequences,renaissance,beginner,5,29,74,true,false,15.1,29,c1e03d25,0.034,1.76,1,13.48,2
A_baseline,renaissance,beginner,6,29,68,true,false,15,29,e7a30749,0.103,1.15,3,6.76,3
B1_no_opportunistic_randomness,renaissance,beginner,6,31,76,true,true,15.4,31,7c2589c8,0.194,1.35,3,3.22,1
B2_no_rare_events,renaissance,beginner,6,31,80,true,true,16,31,fb1134a0,0.194,1.77,4,9.8,4
C_no_narrative_memory,renaissance,beginner,6,31,80,true,true,16.3,31,4686428f,0.129,1.52,6,11.13,0
E_no_ideology_effects,renaissance,beginner,6,31,78,true,true,16.9,31,5370c001,0.323,1.44,1,0,2
F_no_delayed_consequences,renaissance,beginner,6,31,78,true,true,14.6,31,e694bdaa,0.065,1.61,1,16.17,0
A_baseline,renaissance,beginner,7,31,81,true,true,16.6,31,275d502,0.129,1.91,1,13.9,1
B1_no_opportunistic_randomness,renaissance,beginner,7,31,82,true,true,17.1,31,b80ae106,0.226,1.57,2,14.74,1
B2_no_rare_events,renaissance,beginner,7,31,79,true,true,14.6,31,a5b1ea75,0.323,2,2,12.11,2
C_no_narrative_memory,renaissance,beginner,7,31,83,true,true,18.3,31,6652d4ea,0.161,2.05,2,9.02,0
E_no_ideology_effects,renaissance,beginner,7,31,73,true,true,14.7,31,5081b0eb,0.097,1.11,2,0,1
F_no_delayed_consequences,renaissance,beginner,7,31,80,true,true,15.7,31,6a1133fd,0.226,1.83,1,11.61,0
A_baseline,horizons,strategist,0,31,88,true,true,16,31,84b6def4,0.194,1.31,1,14.94,2
B1_no_opportunistic_randomness,horizons,strategist,0,31,88,true,true,16.5,31,def826d9,0.194,1.52,2,13.89,0
B2_no_rare_events,horizons,strategist,0,31,94,true,true,19.8,31,c676c716,0.226,2.41,0,18.7,1
C_no_narrative_memory,horizons,strategist,0,31,89,true,true,15.4,31,6aca4ad0,0.129,1.45,3,16.42,0
E_no_ideology_effects,horizons,strategist,0,31,85,true,true,15.2,31,c7b20223,0.194,1.35,2,0,4
F_no_delayed_consequences,horizons,strategist,0,25,62,false,false,13.1,25,f0048a80,0.16,0.99,2,20.77,2
A_baseline,horizons,strategist,1,25,60,false,false,11.8,25,38088c15,0.52,1.11,0,19.04,1
B1_no_opportunistic_randomness,horizons,strategist,1,25,62,false,false,11.9,25,3879260c,0.12,1.21,5,18.06,1
B2_no_rare_events,horizons,strategist,1,29,86,true,false,16.1,29,760d9ad3,0.207,1.67,1,17.17,1
C_no_narrative_memory,horizons,strategist,1,31,87,true,true,17,31,fbbd2448,0.29,1.63,3,11.57,0
E_no_ideology_effects,horizons,strategist,1,31,88,true,true,16.3,31,e884ce03,0.387,1.29,2,0,0
F_no_delayed_consequences,horizons,strategist,1,31,92,true,true,18.2,31,4c7d302c,0.161,1.42,0,9.56,1
A_baseline,horizons,strategist,2,25,61,false,false,12.1,25,d94bf063,0.2,0.85,3,11.93,1
B1_no_opportunistic_randomness,horizons,strategist,2,31,87,true,true,13.7,31,4da5cd67,0.194,1.61,1,19.68,1
B2_no_rare_events,horizons,strategist,2,31,89,true,true,17.4,31,26645450,0.129,1.17,2,12.38,2
C_no_narrative_memory,horizons,strategist,2,25,66,false,false,12.8,25,d2b962d1,0.24,0.95,2,17.31,0
E_no_ideology_effects,horizons,strategist,2,31,90,true,true,18,31,a11701f9,0.258,1.62,2,0,4
F_no_delayed_consequences,horizons,strategist,2,31,80,true,true,13.1,31,1f2fdba6,0.129,0.93,0,15.64,4
A_baseline,horizons,strategist,3,31,89,true,true,17.4,31,a0c0f96e,0.29,1.52,0,14.88,0
B1_no_opportunistic_randomness,horizons,strategist,3,31,92,true,true,17.7,31,63eddc4c,0.194,1.92,3,23.09,4
B2_no_rare_events,horizons,strategist,3,31,95,true,true,21.1,31,c8d4da26,0.226,1.83,2,21.87,1
C_no_narrative_memory,horizons,strategist,3,29,81,true,false,15.8,29,870212ad,0.31,1.51,2,16.35,0
E_no_ideology_effects,horizons,strategist,3,31,83,true,true,14.5,31,732e1aff,0.29,1.54,3,0,5
F_no_delayed_consequences,horizons,strategist,3,31,87,true,true,14.1,31,f992e569,0.129,1.53,2,9.96,4
A_baseline,horizons,strategist,4,31,83,true,true,15.3,31,cca4e891,0.484,1.09,1,15.68,1
B1_no_opportunistic_randomness,horizons,strategist,4,31,92,true,true,19.5,31,7682ad6,0.161,1.65,2,14.99,1
B2_no_rare_events,horizons,strategist,4,29,80,true,false,13.6,29,3dbd3c15,0.345,1.61,3,19.74,3
C_no_narrative_memory,horizons,strategist,4,31,88,true,true,15.6,31,f5977cea,0.194,1.97,0,21.21,0
E_no_ideology_effects,horizons,strategist,4,25,57,false,false,12.2,25,78523627,0.28,1.3,1,0,1
F_no_delayed_consequences,horizons,strategist,4,31,87,true,true,15.4,31,520b439c,0.194,0.9,2,12.15,1
A_baseline,horizons,strategist,5,31,88,true,true,16.1,31,c911f72,0.258,1.31,1,25.37,1
B1_no_opportunistic_randomness,horizons,strategist,5,31,87,true,true,14.3,31,366ecd36,0.129,1.34,2,12.74,2
B2_no_rare_events,horizons,strategist,5,31,91,true,true,15.9,31,b94fd826,0.161,2,0,14.14,1
C_no_narrative_memory,horizons,strategist,5,25,66,false,false,12.9,25,f692dc47,0.24,1.42,2,14.78,0
E_no_ideology_effects,horizons,strategist,5,31,85,true,true,15.3,31,6b8485bf,0.323,1.9,1,0,1
F_no_delayed_consequences,horizons,strategist,5,31,94,true,true,18.3,31,aa95a1bd,0.065,1.77,1,12.9,2
A_baseline,horizons,strategist,6,25,66,false,false,13.9,25,15909c78,0.16,1.29,5,13.07,7
B1_no_opportunistic_randomness,horizons,strategist,6,31,89,true,true,15.1,31,97ae952a,0.323,2.1,3,22.81,0
B2_no_rare_events,horizons,strategist,6,31,84,true,true,12.7,31,9474d411,0.065,1.32,1,7.61,1
C_no_narrative_memory,horizons,strategist,6,31,89,true,true,17.6,31,7072218e,0.129,1.64,0,12.54,0
E_no_ideology_effects,horizons,strategist,6,31,86,true,true,16.5,31,f02ecf80,0.161,1,0,0,1
F_no_delayed_consequences,horizons,strategist,6,31,88,true,true,17,31,240e9866,0.129,1.45,0,15.92,2
A_baseline,horizons,strategist,7,31,91,true,true,16.7,31,95237e3e,0.161,2.01,2,13.23,2
B1_no_opportunistic_randomness,horizons,strategist,7,31,92,true,true,18.3,31,735d7ce2,0.065,1.42,1,14.71,1
B2_no_rare_events,horizons,strategist,7,31,92,true,true,16.3,31,6deef9e6,0.226,1.69,3,13.73,3
C_no_narrative_memory,horizons,strategist,7,31,90,true,true,15.7,31,468edbef,0.258,1.85,3,14.66,0
E_no_ideology_effects,horizons,strategist,7,31,86,true,true,17,31,a0194326,0.194,1.33,2,0,1
F_no_delayed_consequences,horizons,strategist,7,31,89,true,true,16.2,31,d7a6fcf8,0.065,1.82,0,6.65,0
A_baseline,horizons,cautious,0,31,89,true,true,16.4,31,c6a5bf51,0.194,1.5,1,2.47,2
B1_no_opportunistic_randomness,horizons,cautious,0,31,90,true,true,16.7,31,8b692cb0,0.194,1.74,0,16.17,0
B2_no_rare_events,horizons,cautious,0,31,92,true,true,16.6,31,deb956ba,0.226,1.72,1,14.07,3
C_no_narrative_memory,horizons,cautious,0,31,88,true,true,15.5,31,2988c273,0.129,1.32,4,5.93,0
E_no_ideology_effects,horizons,cautious,0,31,86,true,true,14.7,31,79213e44,0.194,1.31,4,0,3
F_no_delayed_consequences,horizons,cautious,0,31,86,true,true,13.7,31,122c0f91,0.065,1.09,3,8.8,0
A_baseline,horizons,cautious,1,31,90,true,true,17.3,31,944d3aab,0.194,1.48,0,9.13,2
B1_no_opportunistic_randomness,horizons,cautious,1,31,85,true,true,12.5,31,647af994,0.097,1.77,5,15.47,1
B2_no_rare_events,horizons,cautious,1,31,91,true,true,16.4,31,faaaa21d,0.161,1.8,1,14.61,1
C_no_narrative_memory,horizons,cautious,1,31,87,true,true,16.8,31,b45780c7,0.323,1.62,3,10.88,0
E_no_ideology_effects,horizons,cautious,1,25,61,false,false,12.6,25,4931fdf6,0.36,1.72,1,0,0
F_no_delayed_consequences,horizons,cautious,1,31,95,true,true,19.3,31,7728502c,0.097,1.94,0,15.03,1
A_baseline,horizons,cautious,2,31,88,true,true,15,31,d21946ef,0.161,1.85,1,9.94,1
B1_no_opportunistic_randomness,horizons,cautious,2,31,85,true,true,13.3,31,e1806dc6,0.129,1.77,0,7.27,0
B2_no_rare_events,horizons,cautious,2,31,90,true,true,18,31,7d77e9ea,0.065,1.34,2,8.54,2
C_no_narrative_memory,horizons,cautious,2,25,69,false,false,13.4,25,19ab1157,0.16,1.27,2,10.76,0
E_no_ideology_effects,horizons,cautious,2,29,81,true,false,17,29,e7f783e0,0.379,1.41,2,0,4
F_no_delayed_consequences,horizons,cautious,2,31,86,true,true,14.2,31,f5b51f7b,0.129,1.18,0,8.61,5
A_baseline,horizons,cautious,3,25,65,false,false,14.8,25,8f14fe38,0.44,1.21,0,8.51,1
B1_no_opportunistic_randomness,horizons,cautious,3,31,88,true,true,16.3,31,b266dd16,0.129,1.82,4,10.16,3
B2_no_rare_events,horizons,cautious,3,31,95,true,true,19.9,31,657c902e,0.226,1.51,4,8.21,2
C_no_narrative_memory,horizons,cautious,3,29,84,true,false,15.6,29,6dd85e29,0.31,1.42,1,8.53,0
E_no_ideology_effects,horizons,cautious,3,31,86,true,true,15.3,31,f7eec73c,0.194,1.83,1,0,2
F_no_delayed_consequences,horizons,cautious,3,31,84,true,true,13.5,31,619981ad,0.097,1.47,2,4.79,5
A_baseline,horizons,cautious,4,31,91,true,true,17.7,31,c6829d64,0.129,1.26,1,4.44,1
B1_no_opportunistic_randomness,horizons,cautious,4,31,93,true,true,18.5,31,7682ad6,0.226,1.59,2,9.41,1
B2_no_rare_events,horizons,cautious,4,29,82,true,false,13.8,29,d1d272a8,0.31,1.71,4,14.96,3
C_no_narrative_memory,horizons,cautious,4,31,89,true,true,15.4,31,de0ef2e8,0.065,1.55,1,11.66,0
E_no_ideology_effects,horizons,cautious,4,25,57,false,false,11.9,25,78523627,0.24,1.29,1,0,1
F_no_delayed_consequences,horizons,cautious,4,31,93,true,true,17.9,31,bf87cdb6,0.129,1.38,0,13.41,1
A_baseline,horizons,cautious,5,31,92,true,true,17.8,31,97e7bd1f,0.194,1.74,4,13.71,0
B1_no_opportunistic_randomness,horizons,cautious,5,31,89,true,true,14.7,31,f0f294f5,0.129,1.77,1,12.67,1
B2_no_rare_events,horizons,cautious,5,31,90,true,true,15.9,31,1ad0355d,0.161,2.11,0,9.94,1
C_no_narrative_memory,horizons,cautious,5,25,64,false,false,12.3,25,911f22db,0.24,1.34,2,11.64,0
E_no_ideology_effects,horizons,cautious,5,31,87,true,true,16.5,31,9bb5b517,0.194,1.66,1,0,1
F_no_delayed_consequences,horizons,cautious,5,31,93,true,true,17.8,31,548e1388,0.129,1.62,1,8.01,1
A_baseline,horizons,cautious,6,25,69,false,false,13.8,25,b21dbd9,0.2,1.37,4,7.48,4
B1_no_opportunistic_randomness,horizons,cautious,6,25,59,false,false,10.9,25,e99ab5e0,0.44,1.49,1,4.55,1
B2_no_rare_events,horizons,cautious,6,31,84,true,true,12.6,31,9d7ff56c,0.065,1.45,1,11.82,1
C_no_narrative_memory,horizons,cautious,6,25,64,false,false,12.1,25,90035e4d,0.32,0.99,0,4.65,0
E_no_ideology_effects,horizons,cautious,6,31,82,true,true,13.7,31,3d08426c,0.194,1.06,0,0,2
F_no_delayed_consequences,horizons,cautious,6,31,89,true,true,16.4,31,240e9866,0.129,1.42,0,8.5,2
A_baseline,horizons,cautious,7,31,93,true,true,18.1,31,3727250d,0.194,2.37,2,14.01,2
B1_no_opportunistic_randomness,horizons,cautious,7,31,93,true,true,17.6,31,c26f02cd,0.065,1.38,3,12.92,1
B2_no_rare_events,horizons,cautious,7,31,89,true,true,15.7,31,cbd64a8,0.161,1.68,3,10.99,2
C_no_narrative_memory,horizons,cautious,7,25,63,false,false,12.8,25,29ff9400,0.4,1.3,3,9.07,0
E_no_ideology_effects,horizons,cautious,7,31,88,true,true,17.4,31,d54a6b56,0.129,1.69,2,0,2
F_no_delayed_consequences,horizons,cautious,7,31,91,true,true,17.1,31,5d7ada0a,0.065,2.14,0,5.81,0
A_baseline,horizons,beginner,0,31,91,true,true,16.7,31,2f3e41e0,0.194,1.71,2,8.7,1
B1_no_opportunistic_randomness,horizons,beginner,0,31,91,true,true,16.6,31,5db33b4d,0.194,1.71,2,12.48,0
B2_no_rare_events,horizons,beginner,0,31,91,true,true,16.4,31,4d4e2ae0,0.226,1.67,1,16.81,1
C_no_narrative_memory,horizons,beginner,0,31,89,true,true,15.3,31,5a3b9601,0.129,1.37,1,14.65,0
E_no_ideology_effects,horizons,beginner,0,31,87,true,true,15.3,31,f9aec5de,0.258,1.51,2,0,1
F_no_delayed_consequences,horizons,beginner,0,31,89,true,true,14.8,31,21b96701,0.065,1.57,2,20.21,2
A_baseline,horizons,beginner,1,31,88,true,true,16.7,31,944d3aab,0.258,1.31,0,11.75,2
B1_no_opportunistic_randomness,horizons,beginner,1,31,86,true,true,13.5,31,455c05d8,0.129,1.63,1,14.04,1
B2_no_rare_events,horizons,beginner,1,31,88,true,true,15.5,31,484689a6,0.129,1.45,2,10.41,2
C_no_narrative_memory,horizons,beginner,1,31,90,true,true,17.6,31,d8047259,0.387,1.97,3,16.41,0
E_no_ideology_effects,horizons,beginner,1,31,82,true,true,13.4,31,1d51aa64,0.29,1.95,1,0,0
F_no_delayed_consequences,horizons,beginner,1,31,94,true,true,18.9,31,2ef779e7,0.097,1.71,0,19.17,1
A_baseline,horizons,beginner,2,29,85,true,false,17.1,29,59d64dd8,0.172,1.58,3,7.15,2
B1_no_opportunistic_randomness,horizons,beginner,2,31,89,true,true,14.3,31,1dbaa0d1,0.129,1.96,1,12.78,1
B2_no_rare_events,horizons,beginner,2,31,93,true,true,18.1,31,e5a6d69f,0.065,1.54,2,13.7,2
C_no_narrative_memory,horizons,beginner,2,31,88,true,true,14,31,2a70bdb2,0.129,1.44,3,10.18,0
E_no_ideology_effects,horizons,beginner,2,31,89,true,true,17.8,31,44f3bf4d,0.258,1.7,3,0,3
F_no_delayed_consequences,horizons,beginner,2,31,81,true,true,13.1,31,dd18ac3c,0.258,0.76,0,10.92,4
A_baseline,horizons,beginner,3,31,92,true,true,17.5,31,c4ac6b6e,0.323,1.66,1,18.97,2
B1_no_opportunistic_randomness,horizons,beginner,3,31,90,true,true,16.4,31,dfb36212,0.194,1.83,4,14.7,3
B2_no_rare_events,horizons,beginner,3,29,85,true,false,15.5,29,e8c9b0b8,0.276,1.7,4,8.92,2
C_no_narrative_memory,horizons,beginner,3,29,86,true,false,16.4,29,8fa29e84,0.241,1.66,1,5.52,0
E_no_ideology_effects,horizons,beginner,3,31,86,true,true,15.4,31,f7eec73c,0.194,1.7,1,0,3
F_no_delayed_consequences,horizons,beginner,3,31,89,true,true,14.5,31,31c3eb40,0.129,1.82,2,16.22,5
A_baseline,horizons,beginner,4,31,92,true,true,17.7,31,cca4e891,0.129,1.18,1,4.87,1
B1_no_opportunistic_randomness,horizons,beginner,4,31,94,true,true,18.7,31,3e0f1771,0.226,1.6,2,13.44,1
B2_no_rare_events,horizons,beginner,4,29,82,true,false,14.2,29,6e303530,0.276,1.81,2,15.32,0
C_no_narrative_memory,horizons,beginner,4,31,87,true,true,14.5,31,c66d5f01,0.065,1.42,4,9.04,0
E_no_ideology_effects,horizons,beginner,4,25,57,false,false,12.1,25,78523627,0.2,1.21,1,0,1
F_no_delayed_consequences,horizons,beginner,4,31,90,true,true,16.8,31,64d7ed3c,0.065,1.14,3,17.62,0
A_baseline,horizons,beginner,5,31,91,true,true,17.3,31,bbe11268,0.194,1.65,1,19.84,1
B1_no_opportunistic_randomness,horizons,beginner,5,31,90,true,true,14.5,31,e366ace7,0.129,1.87,1,19.72,1
B2_no_rare_events,horizons,beginner,5,31,92,true,true,16.4,31,7f7c58ae,0.194,2.2,0,14.36,2
C_no_narrative_memory,horizons,beginner,5,25,64,false,false,12.6,25,f692dc47,0.24,1.42,2,19.71,0
E_no_ideology_effects,horizons,beginner,5,31,88,true,true,16.5,31,9bb5b517,0.258,1.64,1,0,1
F_no_delayed_consequences,horizons,beginner,5,31,94,true,true,18.3,31,548e1388,0.065,1.77,1,9.17,1
A_baseline,horizons,beginner,6,25,71,false,false,14.8,25,15909c78,0.12,1.47,5,5.12,6
B1_no_opportunistic_randomness,horizons,beginner,6,25,66,false,false,12.2,25,70d73368,0.44,1.78,0,11.97,0
B2_no_rare_events,horizons,beginner,6,31,87,true,true,13.1,31,db7b4407,0.065,1.5,1,11.74,1
C_no_narrative_memory,horizons,beginner,6,31,88,true,true,14.1,31,92956d7a,0.129,1.44,2,14.43,0
E_no_ideology_effects,horizons,beginner,6,31,87,true,true,17.1,31,f02ecf80,0.129,1.25,0,0,1
F_no_delayed_consequences,horizons,beginner,6,31,88,true,true,15.9,31,2e241390,0.129,1.28,1,16.31,2
A_baseline,horizons,beginner,7,31,89,true,true,16,31,e0b67010,0.194,1.76,2,16.53,3
B1_no_opportunistic_randomness,horizons,beginner,7,31,94,true,true,18.2,31,735d7ce2,0.065,1.59,1,14.51,1
B2_no_rare_events,horizons,beginner,7,31,92,true,true,15.7,31,5779d127,0.161,1.61,4,14.61,3
C_no_narrative_memory,horizons,beginner,7,31,91,true,true,14.9,31,8f6a099a,0.194,1.66,2,5.9,0
E_no_ideology_effects,horizons,beginner,7,31,87,true,true,16.9,31,6ac00bef,0.194,1.51,3,0,2
F_no_delayed_consequences,horizons,beginner,7,31,92,true,true,16.7,31,c40491c2,0.065,1.92,0,11.57,1
A_baseline,lr,strategist,0,31,86,true,true,16.9,31,2484c713,0.323,1.78,2,22.79,3
B1_no_opportunistic_randomness,lr,strategist,0,31,86,true,true,16.3,31,c226bb43,0.258,1.61,2,15.01,0
B2_no_rare_events,lr,strategist,0,29,79,true,false,15.7,29,abe0c8f7,0.207,1.5,1,20.54,0
C_no_narrative_memory,lr,strategist,0,25,59,false,false,12.9,25,57d86098,0.44,1.26,2,21.33,0
E_no_ideology_effects,lr,strategist,0,31,83,true,true,16.9,31,8c92add7,0.258,1.31,5,0,6
F_no_delayed_consequences,lr,strategist,0,31,83,true,true,15.9,31,ba69f99d,0.258,1.23,1,13.45,0
A_baseline,lr,strategist,1,31,88,true,true,16.8,31,c1f9db6,0.387,1.46,1,22.71,2
B1_no_opportunistic_randomness,lr,strategist,1,31,83,true,true,13.9,31,8dc87349,0.323,1.75,2,12.2,2
B2_no_rare_events,lr,strategist,1,31,80,true,true,15.4,31,86e6931,0.581,1.07,0,24.77,1
C_no_narrative_memory,lr,strategist,1,25,52,false,false,11.8,25,ebcb04e6,0.6,1.07,2,8.53,0
E_no_ideology_effects,lr,strategist,1,31,76,true,true,14.2,31,abc2adca,0.419,1.13,3,0,1
F_no_delayed_consequences,lr,strategist,1,29,76,true,false,15.2,29,99f59811,0.621,1.27,2,15,3
A_baseline,lr,strategist,2,29,72,true,false,13.1,29,b3620d45,0.379,1.4,4,9.63,5
B1_no_opportunistic_randomness,lr,strategist,2,31,95,true,true,20.7,31,f627597d,0.065,2.05,3,23.19,2
B2_no_rare_events,lr,strategist,2,31,81,true,true,15.1,31,fa6bae5e,0.226,1.15,1,11.87,2
C_no_narrative_memory,lr,strategist,2,25,59,false,false,13.1,25,7273f6ef,0.52,1,0,18.46,0
E_no_ideology_effects,lr,strategist,2,31,81,true,true,15.8,31,a47cb41e,0.194,1.31,2,0,4
F_no_delayed_consequences,lr,strategist,2,31,84,true,true,16.9,31,53de2c83,0.161,1.59,2,8.48,4
A_baseline,lr,strategist,3,25,61,false,false,13.5,25,4eb1a21f,0.24,1.64,2,8.1,4
B1_no_opportunistic_randomness,lr,strategist,3,31,84,true,true,15,31,fd28cb25,0.323,1.97,0,23.07,1
B2_no_rare_events,lr,strategist,3,31,85,true,true,17.6,31,b0c70fcf,0.516,1.32,4,18.36,3
C_no_narrative_memory,lr,strategist,3,25,62,false,false,12.6,25,be43a4b7,0.32,1.32,2,22.16,0
E_no_ideology_effects,lr,strategist,3,31,76,true,true,13.4,31,b70c15d5,0.581,1.17,1,0,2
F_no_delayed_consequences,lr,strategist,3,31,84,true,true,15.4,31,4e295d9e,0.323,1.72,2,19.04,1
A_baseline,lr,strategist,4,31,85,true,true,15.8,31,933d5ed,0.355,2.16,1,15.07,1
B1_no_opportunistic_randomness,lr,strategist,4,31,92,true,true,19,31,c03669a2,0.258,1.55,1,15.02,1
B2_no_rare_events,lr,strategist,4,29,79,true,false,16.4,29,c234aec,0.207,1.64,2,12.62,3
C_no_narrative_memory,lr,strategist,4,31,84,true,true,15.2,31,958850ed,0.226,2,2,17.55,0
E_no_ideology_effects,lr,strategist,4,31,77,true,true,15.1,31,2fe8be2e,0.419,1.77,1,0,1
F_no_delayed_consequences,lr,strategist,4,31,84,true,true,17.1,31,d464cb36,0.258,1.29,0,11.88,3
A_baseline,lr,strategist,5,25,49,false,false,10.1,25,2ed65dbc,0.48,0.61,3,13.25,2
B1_no_opportunistic_randomness,lr,strategist,5,29,77,true,false,15,29,533799e7,0.414,1.75,3,15.04,3
B2_no_rare_events,lr,strategist,5,29,72,true,false,13.3,29,71973f91,0.483,1.4,2,14.89,4
C_no_narrative_memory,lr,strategist,5,31,84,true,true,15.9,31,79e7149b,0.194,1.11,3,22.81,0
E_no_ideology_effects,lr,strategist,5,25,52,false,false,12.5,25,2f28d6e5,0.56,1.21,3,0,1
F_no_delayed_consequences,lr,strategist,5,29,78,true,false,15.7,29,b54cba24,0.276,1.56,0,22.87,2
A_baseline,lr,strategist,6,31,82,true,true,15.8,31,a5be69a0,0.129,1.5,2,19.99,2
B1_no_opportunistic_randomness,lr,strategist,6,31,88,true,true,16.7,31,bef23ae8,0.355,1.42,0,22.98,0
B2_no_rare_events,lr,strategist,6,31,83,true,true,15.7,31,d23a8611,0.29,1.13,0,14.04,2
C_no_narrative_memory,lr,strategist,6,31,77,true,true,13.5,31,27c04bc0,0.29,0.9,1,21.75,0
E_no_ideology_effects,lr,strategist,6,31,79,true,true,15.2,31,6ac92d8e,0.226,1.22,1,0,2
F_no_delayed_consequences,lr,strategist,6,25,55,false,false,11.2,25,292bf162,0.48,1.42,0,16.67,0
A_baseline,lr,strategist,7,31,82,true,true,14.3,31,6fadce4f,0.097,1.55,2,23.44,4
B1_no_opportunistic_randomness,lr,strategist,7,29,74,true,false,13.7,29,c3c4518f,0.207,1.74,0,18.05,2
B2_no_rare_events,lr,strategist,7,31,89,true,true,17.9,31,f28cc147,0.484,2.36,2,15.04,2
C_no_narrative_memory,lr,strategist,7,31,86,true,true,17.1,31,67fababe,0.355,1.55,1,19.48,0
E_no_ideology_effects,lr,strategist,7,31,74,true,true,12.8,31,23af85b,0.226,1.25,0,0,1
F_no_delayed_consequences,lr,strategist,7,31,86,true,true,17,31,4b3db533,0.323,2.58,0,11.48,1
A_baseline,lr,cautious,0,31,87,true,true,17,31,2484c713,0.29,1.93,2,8.78,2
B1_no_opportunistic_randomness,lr,cautious,0,31,83,true,true,15.5,31,c226bb43,0.29,1.57,2,16.99,0
B2_no_rare_events,lr,cautious,0,31,85,true,true,16,31,9e4c39b8,0.258,1.53,1,12.25,1
C_no_narrative_memory,lr,cautious,0,31,85,true,true,15.2,31,a319bc81,0.226,1.72,4,10.9,0
E_no_ideology_effects,lr,cautious,0,31,80,true,true,15.1,31,503f712c,0.387,1.29,3,0,4
F_no_delayed_consequences,lr,cautious,0,31,83,true,true,16,31,f91ed533,0.258,1.35,2,11.49,0
A_baseline,lr,cautious,1,31,84,true,true,15.1,31,9cbea5d9,0.29,1.37,0,10.66,1
B1_no_opportunistic_randomness,lr,cautious,1,25,54,false,false,11.4,25,cce60401,0.36,1.13,2,8.72,1
B2_no_rare_events,lr,cautious,1,31,87,true,true,17,31,f3b286c4,0.194,1.39,0,16.16,1
C_no_narrative_memory,lr,cautious,1,25,57,false,false,13.4,25,33d5506d,0.48,1.44,0,8.18,0
E_no_ideology_effects,lr,cautious,1,31,76,true,true,14,31,8dd658a1,0.419,1.23,3,0,0
F_no_delayed_consequences,lr,cautious,1,29,78,true,false,15.8,29,27f5b5af,0.241,1.43,2,9.82,2
A_baseline,lr,cautious,2,25,60,false,false,13,25,61758d32,0.28,1.29,3,7.94,2
B1_no_opportunistic_randomness,lr,cautious,2,31,88,true,true,17.1,31,740f665a,0.065,1.44,3,13.25,2
B2_no_rare_events,lr,cautious,2,31,86,true,true,17,31,8b932508,0.097,1.54,1,17.76,3
C_no_narrative_memory,lr,cautious,2,31,81,true,true,14.4,31,df154bc1,0.29,1.48,0,13.87,0
E_no_ideology_effects,lr,cautious,2,29,70,true,false,13.9,29,3a55f38b,0.552,1.22,2,0,2
F_no_delayed_consequences,lr,cautious,2,29,77,true,false,16.3,29,8c5c4ef9,0.138,1.54,2,9.88,1
A_baseline,lr,cautious,3,25,57,false,false,12.6,25,24821f1d,0.32,1.39,2,15.67,3
B1_no_opportunistic_randomness,lr,cautious,3,31,85,true,true,15.4,31,fd28cb25,0.29,2.29,0,12.59,1
B2_no_rare_events,lr,cautious,3,31,84,true,true,15.8,31,6dad129d,0.29,1.43,5,7.53,4
C_no_narrative_memory,lr,cautious,3,25,56,false,false,12.2,25,be43a4b7,0.28,1.35,2,11.69,0
E_no_ideology_effects,lr,cautious,3,29,74,true,false,15.3,29,ffdf5f31,0.345,1.03,0,0,2
F_no_delayed_consequences,lr,cautious,3,31,85,true,true,16.1,31,2e6386b4,0.226,1.9,2,13.85,1
A_baseline,lr,cautious,4,31,85,true,true,15.7,31,10c7b3f4,0.29,1.45,1,6.25,2
B1_no_opportunistic_randomness,lr,cautious,4,31,91,true,true,18.3,31,e06b745d,0.194,1.49,0,16.52,1
B2_no_rare_events,lr,cautious,4,31,86,true,true,16,31,6d002cef,0.258,1.74,2,15.72,2
C_no_narrative_memory,lr,cautious,4,31,82,true,true,14.9,31,68b3c771,0.194,2.05,3,18.53,0
E_no_ideology_effects,lr,cautious,4,31,78,true,true,14.9,31,d524eaaf,0.258,1.57,3,0,2
F_no_delayed_consequences,lr,cautious,4,31,89,true,true,17.6,31,f158523c,0.194,1.54,0,8.69,2
A_baseline,lr,cautious,5,25,55,false,false,11.8,25,c4dcaa87,0.16,0.91,2,9.97,2
B1_no_opportunistic_randomness,lr,cautious,5,29,78,true,false,15,29,76f390df,0.345,1.74,3,19.28,2
B2_no_rare_events,lr,cautious,5,29,73,true,false,13.2,29,a9084f6c,0.276,1.45,3,14.04,2
C_no_narrative_memory,lr,cautious,5,31,84,true,true,16.1,31,2b9d747c,0.258,1.19,5,16.44,0
E_no_ideology_effects,lr,cautious,5,25,52,false,false,12.5,25,cb839f76,0.4,1.22,2,0,1
F_no_delayed_consequences,lr,cautious,5,31,85,true,true,16.1,31,7035d97a,0.194,1.76,0,22.09,2
A_baseline,lr,cautious,6,31,83,true,true,15.1,31,55ce0ab1,0.129,1.67,5,8.08,3
B1_no_opportunistic_randomness,lr,cautious,6,31,83,true,true,15.7,31,55bc1286,0.258,1.08,0,10.77,0
B2_no_rare_events,lr,cautious,6,31,84,true,true,15.7,31,9445a62c,0.29,1.28,0,9.53,1
C_no_narrative_memory,lr,cautious,6,29,74,true,false,14.4,29,d998908a,0.172,1.17,0,9.91,0
E_no_ideology_effects,lr,cautious,6,25,50,false,false,11.3,25,b9a99963,0.24,1.13,1,0,2
F_no_delayed_consequences,lr,cautious,6,31,87,true,true,17.3,31,360c5c5f,0.419,1.88,1,12.89,0
A_baseline,lr,cautious,7,31,84,true,true,15,31,39962f85,0.097,1.29,2,13.46,2
B1_no_opportunistic_randomness,lr,cautious,7,29,74,true,false,13.2,29,94945fd,0.207,1.65,0,18.55,2
B2_no_rare_events,lr,cautious,7,31,78,true,true,13.8,31,84b7654b,0.419,1.86,0,13.52,0
C_no_narrative_memory,lr,cautious,7,31,77,true,true,14.8,31,23fc5e11,0.452,1.19,0,10.56,0
E_no_ideology_effects,lr,cautious,7,25,54,false,false,12.5,25,17f55e48,0.44,1.27,0,0,0
F_no_delayed_consequences,lr,cautious,7,31,87,true,true,17,31,7317ffa1,0.29,1.32,2,12,1
A_baseline,lr,beginner,0,31,90,true,true,17.6,31,31bb2ee5,0.323,2.13,3,18.12,3
B1_no_opportunistic_randomness,lr,beginner,0,31,85,true,true,16,31,c226bb43,0.323,1.57,2,16.9,0
B2_no_rare_events,lr,beginner,0,31,87,true,true,16.1,31,abc35640,0.226,1.58,1,16.26,0
C_no_narrative_memory,lr,beginner,0,25,62,false,false,13.5,25,5b51d340,0.4,1.45,0,17.47,0
E_no_ideology_effects,lr,beginner,0,31,86,true,true,17.5,31,8c92add7,0.226,1.49,5,0,5
F_no_delayed_consequences,lr,beginner,0,31,87,true,true,16.2,31,ba69f99d,0.258,1.39,1,17.79,0
A_baseline,lr,beginner,1,31,85,true,true,15.9,31,9cbea5d9,0.29,1.56,0,16.97,2
B1_no_opportunistic_randomness,lr,beginner,1,29,76,true,false,14.1,29,5bf89b47,0.31,1.97,4,8.92,3
B2_no_rare_events,lr,beginner,1,31,86,true,true,16.3,31,7bbd75f1,0.29,1.22,0,9.43,2
C_no_narrative_memory,lr,beginner,1,29,81,true,false,16.3,29,1a1ebc7a,0.276,1.97,0,16.15,0
E_no_ideology_effects,lr,beginner,1,31,82,true,true,15.4,31,8dd658a1,0.419,1.46,3,0,0
F_no_delayed_consequences,lr,beginner,1,31,91,true,true,17.6,31,df15ac38,0.226,1.8,2,21.42,3
A_baseline,lr,beginner,2,25,57,false,false,12,25,6545c2a6,0.56,1.11,2,13.22,2
B1_no_opportunistic_randomness,lr,beginner,2,31,95,true,true,19.8,31,c332dfa9,0.065,2.11,4,23.2,2
B2_no_rare_events,lr,beginner,2,31,84,true,true,15.8,31,fa6bae5e,0.097,1.31,1,9.87,2
C_no_narrative_memory,lr,beginner,2,31,85,true,true,15,31,df154bc1,0.226,1.72,0,18.27,0
E_no_ideology_effects,lr,beginner,2,31,81,true,true,15.2,31,2fa15797,0.323,1.29,2,0,4
F_no_delayed_consequences,lr,beginner,2,31,88,true,true,17.8,31,f2c4a8ac,0.129,1.79,2,15.17,4
A_baseline,lr,beginner,3,25,64,false,false,14.6,25,24821f1d,0.24,1.97,2,20.34,4
B1_no_opportunistic_randomness,lr,beginner,3,31,81,true,true,14.2,31,fd28cb25,0.29,2.01,0,15.53,1
B2_no_rare_events,lr,beginner,3,31,89,true,true,18.2,31,b0c70fcf,0.419,1.42,4,10.26,2
C_no_narrative_memory,lr,beginner,3,25,62,false,false,13.3,25,c90b7d17,0.28,1.55,3,8.77,0
E_no_ideology_effects,lr,beginner,3,31,79,true,true,13.9,31,b70c15d5,0.452,1.3,1,0,2
F_no_delayed_consequences,lr,beginner,3,31,85,true,true,15.9,31,4e295d9e,0.226,1.86,2,17.11,1
A_baseline,lr,beginner,4,31,85,true,true,15.3,31,4ad55e99,0.29,1.31,0,11.63,1
B1_no_opportunistic_randomness,lr,beginner,4,31,92,true,true,19.2,31,e06b745d,0.161,1.67,0,16.45,1
B2_no_rare_events,lr,beginner,4,31,88,true,true,16.8,31,91000401,0.258,1.94,2,14.98,3
C_no_narrative_memory,lr,beginner,4,31,85,true,true,15.8,31,958850ed,0.161,2.12,2,18.47,0
E_no_ideology_effects,lr,beginner,4,31,80,true,true,15.2,31,2fe8be2e,0.387,1.8,1,0,1
F_no_delayed_consequences,lr,beginner,4,31,89,true,true,17.5,31,69cedf4e,0.129,1.37,0,16.81,1
A_baseline,lr,beginner,5,29,79,true,false,14.6,29,b4f07d00,0.138,1.99,3,20.45,2
B1_no_opportunistic_randomness,lr,beginner,5,29,80,true,false,15.6,29,533799e7,0.345,2.11,3,15.11,3
B2_no_rare_events,lr,beginner,5,31,84,true,true,14.6,31,b68d475f,0.161,1.77,3,17.49,4
C_no_narrative_memory,lr,beginner,5,31,84,true,true,16.3,31,14888d17,0.258,1.14,3,17.99,0
E_no_ideology_effects,lr,beginner,5,25,58,false,false,13.4,25,2f28d6e5,0.4,1.42,3,0,1
F_no_delayed_consequences,lr,beginner,5,31,85,true,true,16.1,31,9f07b7de,0.194,1.73,0,15.28,2
A_baseline,lr,beginner,6,31,89,true,true,17.6,31,95c1b944,0.129,1.93,3,17.44,3
B1_no_opportunistic_randomness,lr,beginner,6,31,85,true,true,16.2,31,8c943f50,0.258,1.34,0,19.07,0
B2_no_rare_events,lr,beginner,6,31,87,true,true,16.7,31,c5b24a4e,0.29,1.5,0,17.66,2
C_no_narrative_memory,lr,beginner,6,31,81,true,true,14.4,31,27c04bc0,0.161,1.24,1,16.4,0
E_no_ideology_effects,lr,beginner,6,31,80,true,true,15.3,31,6ac92d8e,0.258,1.38,1,0,2
F_no_delayed_consequences,lr,beginner,6,31,88,true,true,17.4,31,5e35718f,0.387,1.93,0,13.7,0
A_baseline,lr,beginner,7,31,83,true,true,14.3,31,e0cfc054,0.097,1.82,2,17.58,4
B1_no_opportunistic_randomness,lr,beginner,7,31,83,true,true,13.7,31,c60c5b6a,0.226,1.83,0,21.55,2
B2_no_rare_events,lr,beginner,7,31,85,true,true,15.2,31,99399d74,0.419,2.25,2,21.34,2
C_no_narrative_memory,lr,beginner,7,31,82,true,true,15.7,31,71ebfa40,0.484,1.48,1,13.92,0
E_no_ideology_effects,lr,beginner,7,31,78,true,true,13.7,31,85fc5711,0.323,1.52,0,0,0
F_no_delayed_consequences,lr,beginner,7,31,88,true,true,17.3,31,61f055eb,0.29,1.49,3,11.22,2
A_baseline,rn,strategist,0,31,78,true,true,16.2,31,6f12b80,0.129,1.1,3,7.26,3
B1_no_opportunistic_randomness,rn,strategist,0,29,69,true,false,15.7,29,ce5c25ae,0,1.2,8,10.95,3
B2_no_rare_events,rn,strategist,0,29,65,true,false,14.7,29,b5435ad,0.138,1.54,4,8.45,4
C_no_narrative_memory,rn,strategist,0,29,75,true,false,18.2,29,38e8fef9,0.034,1.27,2,11.53,0
E_no_ideology_effects,rn,strategist,0,29,67,true,false,16.5,29,2d8735fa,0.138,1.31,5,3,7
F_no_delayed_consequences,rn,strategist,0,29,72,true,false,16.8,29,9fabfdf7,0,0.84,2,12.14,2
A_baseline,rn,strategist,1,31,75,true,true,14.3,31,dcb0d67c,0.032,1.25,0,15.42,1
B1_no_opportunistic_randomness,rn,strategist,1,31,77,true,true,16.4,31,26372f7,0,1.18,2,17.3,2
B2_no_rare_events,rn,strategist,1,31,70,true,true,14.8,31,7d5a6162,0.161,1.16,2,16.62,3
C_no_narrative_memory,rn,strategist,1,29,71,true,false,17.1,29,2210abec,0,1.26,0,12.23,0
E_no_ideology_effects,rn,strategist,1,29,69,true,false,17.5,29,61ab2682,0.069,1.17,1,3,0
F_no_delayed_consequences,rn,strategist,1,29,70,true,false,15.4,29,44a37f72,0.138,1.74,4,11.81,3
A_baseline,rn,strategist,2,29,63,true,false,11.7,29,f3fc6945,0,1.03,5,16.53,4
B1_no_opportunistic_randomness,rn,strategist,2,31,81,true,true,18.4,31,faeee761,0.065,1.29,1,12.91,1
B2_no_rare_events,rn,strategist,2,31,78,true,true,17.4,31,f53ff328,0.097,1.59,2,10.07,3
C_no_narrative_memory,rn,strategist,2,29,75,true,false,18.5,29,5a512c2,0.172,1.83,0,15.4,0
E_no_ideology_effects,rn,strategist,2,29,69,true,false,16.5,29,1d2eb8b,0,1.14,2,0,3
F_no_delayed_consequences,rn,strategist,2,29,68,true,false,17.4,29,df6e4e9b,0.172,1.45,4,11.86,5
A_baseline,rn,strategist,3,29,77,true,false,18.7,29,c01c0ddb,0,1.01,2,14.84,3
B1_no_opportunistic_randomness,rn,strategist,3,31,77,true,true,16.1,31,70162a68,0.032,1.62,3,18.59,1
B2_no_rare_events,rn,strategist,3,25,50,false,false,13.1,25,c3685693,0.2,0.83,4,13.22,5
C_no_narrative_memory,rn,strategist,3,29,71,true,false,15,29,baaaa574,0.172,1.63,1,13.27,0
E_no_ideology_effects,rn,strategist,3,29,67,true,false,16.6,29,4963d211,0.276,1.23,1,3,1
F_no_delayed_consequences,rn,strategist,3,29,75,true,false,19.4,29,38ad6db1,0.172,1.35,4,13.97,4
A_baseline,rn,strategist,4,31,82,true,true,18.5,31,98481143,0.032,1.44,1,8.69,4
B1_no_opportunistic_randomness,rn,strategist,4,29,70,true,false,14,29,649c4cf3,0.069,1.33,2,19.54,1
B2_no_rare_events,rn,strategist,4,31,84,true,true,18.8,31,f57ecfe8,0.065,1.47,1,15.29,1
C_no_narrative_memory,rn,strategist,4,31,76,true,true,14,31,d232b405,0.097,1.72,0,11.26,0
E_no_ideology_effects,rn,strategist,4,29,66,true,false,15.7,29,e6b2c64,0,1.31,1,0,1
F_no_delayed_consequences,rn,strategist,4,29,72,true,false,16.4,29,bf0f0d9d,0.069,1.18,0,26.48,0
A_baseline,rn,strategist,5,25,52,false,false,13,25,1691b09a,0,1.31,3,16.17,3
B1_no_opportunistic_randomness,rn,strategist,5,25,52,false,false,13,25,c7621ce,0.36,1.34,3,27.52,2
B2_no_rare_events,rn,strategist,5,31,80,true,true,17,31,45a671a3,0.065,1.34,2,23.93,4
C_no_narrative_memory,rn,strategist,5,29,72,true,false,18.3,29,46ee80a1,0.172,1.34,4,11.52,0
E_no_ideology_effects,rn,strategist,5,29,70,true,false,17.8,29,fa4e574d,0.241,1.37,2,3,3
F_no_delayed_consequences,rn,strategist,5,29,71,true,false,17.4,29,ee54ef02,0,1.07,2,22.14,2
A_baseline,rn,strategist,6,31,89,true,true,21.7,31,a57a6eff,0,1.32,2,14.41,3
B1_no_opportunistic_randomness,rn,strategist,6,31,76,true,true,15.7,31,11894e58,0.065,1.28,0,20.37,1
B2_no_rare_events,rn,strategist,6,31,72,true,true,13.9,31,6ca8eed1,0,1.02,3,15.08,3
C_no_narrative_memory,rn,strategist,6,31,82,true,true,18.9,31,9b9fa2e3,0.065,1.34,0,28.9,0
E_no_ideology_effects,rn,strategist,6,29,67,true,false,15.1,29,f0ac815c,0,1.38,1,0,2
F_no_delayed_consequences,rn,strategist,6,29,76,true,false,18.8,29,b6efe757,0,1.19,0,13.29,1
A_baseline,rn,strategist,7,29,71,true,false,15.1,29,cac0ebd7,0.034,1.78,2,16.75,3
B1_no_opportunistic_randomness,rn,strategist,7,29,69,true,false,16.3,29,228adab9,0.207,1.59,0,14.26,0
B2_no_rare_events,rn,strategist,7,29,71,true,false,16.3,29,631a6903,0,1.2,1,15.6,2
C_no_narrative_memory,rn,strategist,7,31,78,true,true,16.4,31,6faf02bc,0,1.49,0,11.95,0
E_no_ideology_effects,rn,strategist,7,31,78,true,true,19.2,31,9d0dc6fd,0,1.05,0,0,1
F_no_delayed_consequences,rn,strategist,7,31,81,true,true,17.5,31,b9a321be,0.065,1.44,2,18.18,2
A_baseline,rn,cautious,0,31,84,true,true,18.3,31,57e9ed3d,0,1.66,4,13.89,4
B1_no_opportunistic_randomness,rn,cautious,0,29,74,true,false,17,29,f0f0be9,0,1.54,6,8.52,3
B2_no_rare_events,rn,cautious,0,29,75,true,false,17,29,5526683,0,1.9,4,11.99,4
C_no_narrative_memory,rn,cautious,0,31,86,true,true,20.1,31,909388b0,0.032,1.75,3,7.43,0
E_no_ideology_effects,rn,cautious,0,31,79,true,true,17.7,31,546279f,0.065,1.67,3,0,3
F_no_delayed_consequences,rn,cautious,0,29,77,true,false,17.7,29,7e71533f,0,1.03,2,6.22,2
A_baseline,rn,cautious,1,29,65,true,false,13.2,29,bf0e142a,0.034,1.15,0,7.06,1
B1_no_opportunistic_randomness,rn,cautious,1,31,79,true,true,16.1,31,d428641c,0,1.2,2,4.49,2
B2_no_rare_events,rn,cautious,1,29,73,true,false,16.8,29,7aafad67,0.103,2.02,2,10.63,4
C_no_narrative_memory,rn,cautious,1,29,75,true,false,18,29,7605bf68,0,1.35,0,7.3,0
E_no_ideology_effects,rn,cautious,1,31,78,true,true,17.7,31,ce15750d,0,1.32,1,0,0
F_no_delayed_consequences,rn,cautious,1,29,68,true,false,14.7,29,a1c5da82,0.138,1.82,4,10.96,3
A_baseline,rn,cautious,2,31,79,true,true,15.6,31,49e463ea,0,1.31,2,17.83,4
B1_no_opportunistic_randomness,rn,cautious,2,31,87,true,true,20.3,31,f2cff6e5,0,1.84,0,7.77,0
B2_no_rare_events,rn,cautious,2,31,81,true,true,18,31,fed35d69,0.097,1.9,2,11.6,3
C_no_narrative_memory,rn,cautious,2,31,84,true,true,18,31,667569d7,0.097,1.92,0,7.06,0
E_no_ideology_effects,rn,cautious,2,31,77,true,true,17.4,31,3fe28a7d,0,1.36,2,0,3
F_no_delayed_consequences,rn,cautious,2,29,73,true,false,16.4,29,236a326e,0.172,2.49,2,8.87,3
A_baseline,rn,cautious,3,29,76,true,false,19.6,29,d8815fee,0,1.41,4,15.99,3
B1_no_opportunistic_randomness,rn,cautious,3,31,80,true,true,16,31,70162a68,0.032,1.98,3,5.57,1
B2_no_rare_events,rn,cautious,3,29,71,true,false,15.3,29,8eee765f,0.034,1.6,4,7.71,3
C_no_narrative_memory,rn,cautious,3,29,69,true,false,14.4,29,3edd1d86,0.172,1.59,3,6.71,0
E_no_ideology_effects,rn,cautious,3,29,68,true,false,15.3,29,77c4d361,0.276,1.12,0,0,1
F_no_delayed_consequences,rn,cautious,3,31,84,true,true,20.2,31,84fa37ef,0.097,1.49,3,9.46,4
A_baseline,rn,cautious,4,31,84,true,true,19.5,31,7d4e837f,0.032,1.57,2,7.8,3
B1_no_opportunistic_randomness,rn,cautious,4,25,55,false,false,13.9,25,de6c5763,0,1.14,1,6.33,1
B2_no_rare_events,rn,cautious,4,31,81,true,true,18.4,31,16bc98f4,0.065,1.53,2,10.42,1
C_no_narrative_memory,rn,cautious,4,31,72,true,true,13.3,31,efdc9ad0,0.097,1.65,0,13.64,0
E_no_ideology_effects,rn,cautious,4,29,70,true,false,16.8,29,e6b2c64,0,1.46,1,0,1
F_no_delayed_consequences,rn,cautious,4,31,75,true,true,15.2,31,46687acd,0.065,1.08,0,12.26,0
A_baseline,rn,cautious,5,29,72,true,false,15.1,29,9767712c,0,1.92,1,14.58,2
B1_no_opportunistic_randomness,rn,cautious,5,31,82,true,true,16.8,31,d82affc3,0.161,2.16,2,11.77,2
B2_no_rare_events,rn,cautious,5,31,82,true,true,18.1,31,c4465467,0.065,1.71,2,4.53,3
C_no_narrative_memory,rn,cautious,5,31,83,true,true,18.5,31,f84f4988,0.161,1.68,7,8.02,0
E_no_ideology_effects,rn,cautious,5,25,51,false,false,12.9,25,31b44f82,0.2,1.59,2,0,3
F_no_delayed_consequences,rn,cautious,5,31,85,true,true,19,31,a6cb707d,0,1.7,2,8.7,2
A_baseline,rn,cautious,6,31,79,true,true,19.2,31,a950be68,0,0.78,2,8.54,3
B1_no_opportunistic_randomness,rn,cautious,6,31,82,true,true,16.9,31,f36ea5ec,0.065,1.73,0,6.94,1
B2_no_rare_events,rn,cautious,6,31,76,true,true,14.7,31,a3e4c308,0,1.27,3,13.32,4
C_no_narrative_memory,rn,cautious,6,31,78,true,true,15.7,31,306c0fd0,0.065,1.49,0,7.42,0
E_no_ideology_effects,rn,cautious,6,31,73,true,true,15.2,31,2495f1ee,0,1.31,1,0,2
F_no_delayed_consequences,rn,cautious,6,29,80,true,false,19.9,29,e7ee8537,0,1.54,0,9.27,1
A_baseline,rn,cautious,7,31,84,true,true,19.6,31,433ba9ae,0.032,1.7,2,6.81,4
B1_no_opportunistic_randomness,rn,cautious,7,29,73,true,false,16.7,29,1a0dca3,0,1.72,1,7.9,1
B2_no_rare_events,rn,cautious,7,29,73,true,false,16.8,29,b9147ff9,0.069,1.51,1,7.83,1
C_no_narrative_memory,rn,cautious,7,29,62,true,false,13.5,29,e863523b,0,1.04,0,11.65,0
E_no_ideology_effects,rn,cautious,7,31,82,true,true,19.4,31,9d0dc6fd,0,1.22,0,0,1
F_no_delayed_consequences,rn,cautious,7,31,82,true,true,18.1,31,1da57b0e,0.065,1.67,1,8.84,2
A_baseline,rn,beginner,0,31,84,true,true,18.2,31,a5a3fd31,0,1.87,2,13.3,4
B1_no_opportunistic_randomness,rn,beginner,0,29,76,true,false,17.8,29,1988c05a,0,1.78,5,17.48,2
B2_no_rare_events,rn,beginner,0,29,76,true,false,17.5,29,5526683,0,2.08,4,16.96,4
C_no_narrative_memory,rn,beginner,0,31,84,true,true,19.8,31,45a0416a,0.032,1.72,4,1.92,0
E_no_ideology_effects,rn,beginner,0,31,78,true,true,17.8,31,eb23c3b4,0.065,1.78,6,0,5
F_no_delayed_consequences,rn,beginner,0,29,80,true,false,18.5,29,d0c8ab59,0,1.23,2,15.96,2
A_baseline,rn,beginner,1,31,72,true,true,13.6,31,dcb0d67c,0.032,1.3,0,9.2,1
B1_no_opportunistic_randomness,rn,beginner,1,31,77,true,true,16.2,31,29126505,0,1.25,2,8.86,3
B2_no_rare_events,rn,beginner,1,29,73,true,false,15.9,29,c07bdabb,0.103,2.07,4,13.53,4
C_no_narrative_memory,rn,beginner,1,29,77,true,false,18.3,29,33c5e43c,0,1.48,0,12.98,0
E_no_ideology_effects,rn,beginner,1,31,80,true,true,18.2,31,ce15750d,0,1.4,1,0,0
F_no_delayed_consequences,rn,beginner,1,29,69,true,false,15,29,7ae7e0f0,0.138,1.79,3,13.08,2
A_baseline,rn,beginner,2,31,76,true,true,16.6,31,bdfa4d5e,0.065,1.59,5,19.32,3
B1_no_opportunistic_randomness,rn,beginner,2,31,86,true,true,19.7,31,faeee761,0,1.87,1,13.55,1
B2_no_rare_events,rn,beginner,2,31,78,true,true,17.1,31,6aee6e5f,0.097,1.74,1,16.03,2
C_no_narrative_memory,rn,beginner,2,31,83,true,true,18.4,31,ed6fb486,0.032,1.98,0,6.14,0
E_no_ideology_effects,rn,beginner,2,31,77,true,true,17.2,31,a9fb63b0,0,1.47,2,0,3
F_no_delayed_consequences,rn,beginner,2,29,74,true,false,16.4,29,c5e75d9b,0.103,2.56,3,12.42,3
A_baseline,rn,beginner,3,31,85,true,true,20,31,f50ca9fa,0,1.75,5,16.68,3
B1_no_opportunistic_randomness,rn,beginner,3,31,76,true,true,15,31,951fc030,0.032,1.62,4,19.36,4
B2_no_rare_events,rn,beginner,3,29,73,true,false,15.9,29,5a202cd2,0.034,1.84,5,17.58,5
C_no_narrative_memory,rn,beginner,3,29,72,true,false,14.8,29,46185746,0.172,1.73,3,6.16,0
E_no_ideology_effects,rn,beginner,3,29,71,true,false,16.5,29,626ca08b,0.276,1.27,1,0,2
F_no_delayed_consequences,rn,beginner,3,31,85,true,true,21,31,81f6739a,0.032,1.6,4,17.91,5
A_baseline,rn,beginner,4,29,67,true,false,15,29,242f40cd,0.034,1.38,1,9.54,2
B1_no_opportunistic_randomness,rn,beginner,4,31,76,true,true,14.7,31,6ca5ac7c,0,1.59,1,19.75,1
B2_no_rare_events,rn,beginner,4,29,71,true,false,15,29,d722aab2,0.069,1.62,3,11.97,3
C_no_narrative_memory,rn,beginner,4,31,78,true,true,14.1,31,d232b405,0.032,1.93,0,10.71,0
E_no_ideology_effects,rn,beginner,4,29,70,true,false,16.9,29,a7b69adf,0,1.48,2,0,2
F_no_delayed_consequences,rn,beginner,4,31,79,true,true,16.2,31,a535ce04,0.065,1.3,0,11.44,0
A_baseline,rn,beginner,5,29,71,true,false,14.5,29,fb8ff3ea,0.069,1.58,4,13.84,3
B1_no_opportunistic_randomness,rn,beginner,5,31,80,true,true,15.9,31,42301228,0.161,2.16,2,9.48,4
B2_no_rare_events,rn,beginner,5,31,85,true,true,18.5,31,f848baec,0.065,1.94,2,20.47,4
C_no_narrative_memory,rn,beginner,5,31,84,true,true,18.7,31,ec3cacf4,0.161,1.83,5,7.75,0
E_no_ideology_effects,rn,beginner,5,29,74,true,false,19.2,29,fa4e574d,0.172,1.79,2,0,3
F_no_delayed_consequences,rn,beginner,5,31,82,true,true,18.4,31,47a3c085,0,1.47,2,21.52,2
A_baseline,rn,beginner,6,31,84,true,true,20.9,31,8d877e31,0,1.2,3,13.67,5
B1_no_opportunistic_randomness,rn,beginner,6,31,81,true,true,17.3,31,f36ea5ec,0.065,1.82,0,13.54,1
B2_no_rare_events,rn,beginner,6,31,76,true,true,14.4,31,91650d5a,0,1.35,3,15.59,3
C_no_narrative_memory,rn,beginner,6,31,86,true,true,19.4,31,502653a7,0.065,1.73,1,6.14,0
E_no_ideology_effects,rn,beginner,6,31,74,true,true,15,31,acbd6ee1,0,1.19,1,0,3
F_no_delayed_consequences,rn,beginner,6,29,76,true,false,19.2,29,e7ee8537,0,1.28,0,16.71,1
A_baseline,rn,beginner,7,29,71,true,false,14.8,29,c1877147,0.034,1.8,2,13.26,4
B1_no_opportunistic_randomness,rn,beginner,7,29,73,true,false,17.1,29,d0348f87,0.069,1.87,0,8.82,1
B2_no_rare_events,rn,beginner,7,31,82,true,true,17.1,31,2245a3d4,0,1.82,1,7.06,2
C_no_narrative_memory,rn,beginner,7,31,78,true,true,15.8,31,13150fa2,0,1.77,0,18.73,0
E_no_ideology_effects,rn,beginner,7,31,83,true,true,20.1,31,9d0dc6fd,0,1.52,0,0,1
F_no_delayed_consequences,rn,beginner,7,31,82,true,true,18.4,31,a1a8fbcb,0,1.76,2,9.17,2
A_baseline,reconquete,strategist,0,25,49,false,false,8.7,25,b826cdff,0.08,1.65,0,16.1,1
B1_no_opportunistic_randomness,reconquete,strategist,0,25,63,false,false,11.3,25,ece28c4b,0.24,1.43,4,16.61,2
B2_no_rare_events,reconquete,strategist,0,31,80,true,true,11.9,31,4f50f7bb,0.258,2.14,1,21.18,1
C_no_narrative_memory,reconquete,strategist,0,25,46,false,false,7.7,25,76feed9d,0.16,1.41,4,19.97,0
E_no_ideology_effects,reconquete,strategist,0,25,51,false,false,10,25,ce7937f1,0.12,0.99,3,0,3
F_no_delayed_consequences,reconquete,strategist,0,25,52,false,false,8.3,25,641935d8,0.24,1.49,0,21.33,1
A_baseline,reconquete,strategist,1,25,52,false,false,8.6,25,569d011b,0.16,0.96,1,19.32,2
B1_no_opportunistic_randomness,reconquete,strategist,1,31,88,true,true,14.6,31,c20dfac8,0.355,2.23,2,18.2,3
B2_no_rare_events,reconquete,strategist,1,25,58,false,false,10.9,25,b7c6bdb8,0.04,1.19,3,26.06,3
C_no_narrative_memory,reconquete,strategist,1,25,46,false,false,7.5,25,93ed79b1,0,1.12,1,6.17,0
E_no_ideology_effects,reconquete,strategist,1,25,49,false,false,9.6,25,fe448dfb,0,1.3,3,0,2
F_no_delayed_consequences,reconquete,strategist,1,25,49,false,false,8.2,25,20638d3,0.08,1.14,5,18.07,3
A_baseline,reconquete,strategist,2,25,62,false,false,11.6,25,606a487a,0.32,1.83,2,19.84,0
B1_no_opportunistic_randomness,reconquete,strategist,2,31,83,true,true,13.7,31,2c2cff09,0.226,1.63,6,16.32,4
B2_no_rare_events,reconquete,strategist,2,25,58,false,false,10.7,25,e62780ee,0.16,1.24,4,13.98,3
C_no_narrative_memory,reconquete,strategist,2,25,57,false,false,11.7,25,78f78634,0,1.46,0,22.82,0
E_no_ideology_effects,reconquete,strategist,2,25,54,false,false,10.7,25,2b8e9234,0.08,1.43,5,0,5
F_no_delayed_consequences,reconquete,strategist,2,25,49,false,false,9.1,25,72b28c84,0.08,0.93,0,15.38,1
A_baseline,reconquete,strategist,3,25,49,false,false,7.5,25,ccf025c6,0,1.51,3,23.67,3
B1_no_opportunistic_randomness,reconquete,strategist,3,31,86,true,true,14.7,31,98b78c0d,0.387,1.76,2,12.14,1
B2_no_rare_events,reconquete,strategist,3,25,47,false,false,7.1,25,1a698690,0.32,1.4,1,15.25,2
C_no_narrative_memory,reconquete,strategist,3,25,53,false,false,10.1,25,1c73073,0.16,1.28,0,10.21,0
E_no_ideology_effects,reconquete,strategist,3,25,51,false,false,9.9,25,2c72a6b6,0.16,0.88,2,0,1
F_no_delayed_consequences,reconquete,strategist,3,25,51,false,false,9.7,25,faaf9410,0.08,0.86,2,12.31,0
A_baseline,reconquete,strategist,4,25,47,false,false,8.1,25,b9b20263,0,0.85,1,14.64,2
B1_no_opportunistic_randomness,reconquete,strategist,4,25,56,false,false,10.8,25,441493ac,0.24,1.37,0,13.64,1
B2_no_rare_events,reconquete,strategist,4,25,64,false,false,12.2,25,228251fb,0.2,1.8,2,11.76,3
C_no_narrative_memory,reconquete,strategist,4,29,78,true,false,12.8,29,f6918508,0.345,2.13,0,21.63,0
E_no_ideology_effects,reconquete,strategist,4,25,48,false,false,9.5,25,15d00c94,0.08,0.79,1,0,2
F_no_delayed_consequences,reconquete,strategist,4,25,56,false,false,10.2,25,5da11b52,0.16,1.44,1,14.68,2
A_baseline,reconquete,strategist,5,25,65,false,false,12.7,25,1f364f10,0.24,1.2,5,16.53,5
B1_no_opportunistic_randomness,reconquete,strategist,5,25,49,false,false,8.6,25,5869bace,0,0.94,6,25.25,3
B2_no_rare_events,reconquete,strategist,5,25,63,false,false,13,25,2923755b,0,1.06,3,14.57,4
C_no_narrative_memory,reconquete,strategist,5,25,56,false,false,10.1,25,b9010dd5,0.04,1.44,1,24.09,0
E_no_ideology_effects,reconquete,strategist,5,29,74,true,false,13,29,a3ea4992,0.241,1.33,3,0,1
F_no_delayed_consequences,reconquete,strategist,5,25,57,false,false,10.3,25,19bfda76,0.16,1.92,6,25.55,3
A_baseline,reconquete,strategist,6,25,64,false,false,12.2,25,4ca182b,0.2,1.65,0,19.94,2
B1_no_opportunistic_randomness,reconquete,strategist,6,25,55,false,false,9.9,25,3724874c,0.08,1.14,0,24.02,1
B2_no_rare_events,reconquete,strategist,6,25,51,false,false,8.2,25,b7c67719,0.04,1.33,2,11.99,3
C_no_narrative_memory,reconquete,strategist,6,25,57,false,false,9.8,25,67a1df4,0.24,1.73,0,27.12,0
E_no_ideology_effects,reconquete,strategist,6,25,50,false,false,9.1,25,3deffb53,0,1.02,2,0,3
F_no_delayed_consequences,reconquete,strategist,6,25,64,false,false,12.6,25,3fbd1b44,0.12,1.44,2,14.25,2
A_baseline,reconquete,strategist,7,25,58,false,false,11.1,25,49b7cac0,0.28,1.63,2,20.5,4
B1_no_opportunistic_randomness,reconquete,strategist,7,25,53,false,false,8.9,25,22dc5280,0.12,1.9,2,20.5,1
B2_no_rare_events,reconquete,strategist,7,25,47,false,false,8.9,25,1b4fe1c0,0,1.02,3,20.61,3
C_no_narrative_memory,reconquete,strategist,7,25,50,false,false,8.8,25,47431218,0.24,1.51,2,19.22,0
E_no_ideology_effects,reconquete,strategist,7,25,50,false,false,8.6,25,d2fae198,0.16,1.51,0,0,0
F_no_delayed_consequences,reconquete,strategist,7,25,48,false,false,9,25,6ff41da,0.08,0.88,6,20.02,4
A_baseline,reconquete,cautious,0,29,77,true,false,12.4,29,ace3f474,0.345,2.51,4,10.12,2
B1_no_opportunistic_randomness,reconquete,cautious,0,25,55,false,false,10.4,25,8f349513,0.36,1.35,3,9.93,2
B2_no_rare_events,reconquete,cautious,0,25,58,false,false,11.2,25,aaf738f6,0.28,1.99,4,15.58,3
C_no_narrative_memory,reconquete,cautious,0,25,46,false,false,7.6,25,e8d1120a,0.08,1.31,3,16.48,0
E_no_ideology_effects,reconquete,cautious,0,29,77,true,false,14.2,29,30fd733,0.241,1.32,0,0,0
F_no_delayed_consequences,reconquete,cautious,0,25,50,false,false,7.7,25,641935d8,0.12,1.6,0,19.62,1
A_baseline,reconquete,cautious,1,25,53,false,false,8.9,25,753e9dbe,0.28,1.16,4,6.5,3
B1_no_opportunistic_randomness,reconquete,cautious,1,25,60,false,false,12.3,25,b5290343,0.32,1.75,2,8.79,2
B2_no_rare_events,reconquete,cautious,1,25,59,false,false,11.4,25,123f9077,0.28,1.26,3,13.27,3
C_no_narrative_memory,reconquete,cautious,1,25,48,false,false,7.8,25,6a73c4c3,0.04,1.27,0,2.78,0
E_no_ideology_effects,reconquete,cautious,1,25,54,false,false,10.7,25,fe448dfb,0.12,1.58,3,0,2
F_no_delayed_consequences,reconquete,cautious,1,25,48,false,false,8.4,25,da668da5,0.08,1.25,5,16.24,4
A_baseline,reconquete,cautious,2,29,80,true,false,13.8,29,1e26b0b5,0.31,1.69,1,15.25,1
B1_no_opportunistic_randomness,reconquete,cautious,2,29,79,true,false,13.9,29,ac9ade62,0.31,2.05,6,4.98,2
B2_no_rare_events,reconquete,cautious,2,31,88,true,true,14,31,a148b1fd,0.387,2.07,4,16.34,3
C_no_narrative_memory,reconquete,cautious,2,31,84,true,true,13.1,31,d79463ca,0.323,2.22,0,14.78,0
E_no_ideology_effects,reconquete,cautious,2,25,59,false,false,12.1,25,3089417a,0.16,1.53,5,0,4
F_no_delayed_consequences,reconquete,cautious,2,25,54,false,false,10.8,25,e5c21cc7,0.4,1.3,6,14.05,5
A_baseline,reconquete,cautious,3,25,49,false,false,7.8,25,6e715e1e,0.08,1.7,4,18.28,1
B1_no_opportunistic_randomness,reconquete,cautious,3,31,89,true,true,15.9,31,4886a0e8,0.484,2.29,3,17.83,1
B2_no_rare_events,reconquete,cautious,3,25,55,false,false,9.9,25,9ccb135,0.52,2.06,1,22.16,2
C_no_narrative_memory,reconquete,cautious,3,25,62,false,false,11.7,25,d27a8397,0.32,1.45,1,8.7,0
E_no_ideology_effects,reconquete,cautious,3,25,53,false,false,9.7,25,1d7f8ce2,0.2,1.46,0,0,1
F_no_delayed_consequences,reconquete,cautious,3,31,83,true,true,12.5,31,ae166df7,0.258,1.69,3,13.29,0
A_baseline,reconquete,cautious,4,25,53,false,false,9.2,25,2a1623e6,0.08,1.35,2,14.88,2
B1_no_opportunistic_randomness,reconquete,cautious,4,25,54,false,false,10.9,25,9f848a13,0.2,1.51,2,8.1,2
B2_no_rare_events,reconquete,cautious,4,25,51,false,false,10.2,25,d99cd36b,0,1.23,2,11.73,3
C_no_narrative_memory,reconquete,cautious,4,25,63,false,false,11.9,25,14d31928,0.36,1.75,0,20.79,0
E_no_ideology_effects,reconquete,cautious,4,25,53,false,false,10.5,25,15d00c94,0.2,1.07,1,0,2
F_no_delayed_consequences,reconquete,cautious,4,25,58,false,false,10.4,25,63a143c4,0.24,1.4,1,16.97,0
A_baseline,reconquete,cautious,5,25,58,false,false,10.7,25,da623bd1,0.36,1.8,3,18.62,1
B1_no_opportunistic_randomness,reconquete,cautious,5,25,55,false,false,9.6,25,4c20d67e,0.28,1.68,6,16.9,2
B2_no_rare_events,reconquete,cautious,5,31,90,true,true,16,31,e173385a,0.323,1.91,2,10.4,3
C_no_narrative_memory,reconquete,cautious,5,25,65,false,false,11.9,25,e3f4c74a,0.24,1.82,2,9.36,0
E_no_ideology_effects,reconquete,cautious,5,25,52,false,false,9.2,25,aaf04c9b,0.16,1.37,1,0,1
F_no_delayed_consequences,reconquete,cautious,5,25,62,false,false,12.2,25,86eba91e,0.32,2.45,3,22.65,2
A_baseline,reconquete,cautious,6,25,67,false,false,13.2,25,479c7b6e,0.32,1.91,2,4.99,2
B1_no_opportunistic_randomness,reconquete,cautious,6,25,52,false,false,8.9,25,256c6858,0.24,1.22,0,11.86,1
B2_no_rare_events,reconquete,cautious,6,25,56,false,false,9.7,25,4f686e57,0.32,1.88,2,19.19,3
C_no_narrative_memory,reconquete,cautious,6,25,52,false,false,8.9,25,d23aa682,0.04,1.63,1,17.42,0
E_no_ideology_effects,reconquete,cautious,6,25,51,false,false,9.4,25,3deffb53,0.08,1.18,2,0,3
F_no_delayed_consequences,reconquete,cautious,6,25,63,false,false,12.8,25,3fbd1b44,0.24,1.63,2,15.85,2
A_baseline,reconquete,cautious,7,25,53,false,false,10,25,c9d2ae10,0.24,1.46,2,7.43,4
B1_no_opportunistic_randomness,reconquete,cautious,7,25,54,false,false,10.2,25,f11f9f32,0.08,1.74,2,15.27,2
B2_no_rare_events,reconquete,cautious,7,25,48,false,false,9.4,25,e09c8407,0.24,1.18,3,12.84,2
C_no_narrative_memory,reconquete,cautious,7,25,52,false,false,8.9,25,3ed642c1,0.24,1.81,1,12.07,0
E_no_ideology_effects,reconquete,cautious,7,25,46,false,false,7.3,25,d2fae198,0.08,1.2,0,0,0
F_no_delayed_consequences,reconquete,cautious,7,25,55,false,false,10.6,25,2eb2163a,0.24,1.16,6,11.06,3
A_baseline,reconquete,beginner,0,25,54,false,false,9.8,25,bae2c1e7,0.16,1.93,0,10.96,1
B1_no_opportunistic_randomness,reconquete,beginner,0,31,84,true,true,12.3,31,558cd368,0.387,1.88,4,12.38,2
B2_no_rare_events,reconquete,beginner,0,29,80,true,false,12.9,29,e6f8925f,0.31,2.51,1,21.51,2
C_no_narrative_memory,reconquete,beginner,0,25,53,false,false,9.7,25,6ee766f8,0.24,1.63,1,14.81,0
E_no_ideology_effects,reconquete,beginner,0,25,60,false,false,11.2,25,ce7937f1,0.24,1.24,3,0,2
F_no_delayed_consequences,reconquete,beginner,0,25,51,false,false,7.8,25,641935d8,0.32,1.48,0,21,1
A_baseline,reconquete,beginner,1,25,54,false,false,9,25,753e9dbe,0.24,1.19,4,4.75,3
B1_no_opportunistic_randomness,reconquete,beginner,1,31,88,true,true,14.6,31,78b33ec,0.323,2.32,2,17.57,3
B2_no_rare_events,reconquete,beginner,1,25,57,false,false,10.9,25,6b2b659b,0.12,1.14,2,18,3
C_no_narrative_memory,reconquete,beginner,1,25,48,false,false,7.8,25,18a3324e,0.12,1.27,0,15.68,0
E_no_ideology_effects,reconquete,beginner,1,25,54,false,false,10.2,25,9a92547c,0.08,1.51,3,0,1
F_no_delayed_consequences,reconquete,beginner,1,25,58,false,false,10.3,25,cfb0c2c0,0.28,1.66,4,9.14,5
A_baseline,reconquete,beginner,2,25,52,false,false,10,25,606a487a,0.16,1.37,2,18.77,0
B1_no_opportunistic_randomness,reconquete,beginner,2,29,81,true,false,14.4,29,b55fcbf2,0.483,1.96,6,19.42,3
B2_no_rare_events,reconquete,beginner,2,25,62,false,false,12,25,32b64378,0.2,1.62,5,15.74,3
C_no_narrative_memory,reconquete,beginner,2,25,61,false,false,12.3,25,cb086bcb,0.2,1.75,0,13.97,0
E_no_ideology_effects,reconquete,beginner,2,25,54,false,false,10.7,25,2b8e9234,0.16,1.51,5,0,4
F_no_delayed_consequences,reconquete,beginner,2,29,78,true,false,12.8,29,313e1eef,0.448,1.93,3,21.67,4
A_baseline,reconquete,beginner,3,25,54,false,false,8.4,25,bb431ce3,0.12,1.82,3,21.98,1
B1_no_opportunistic_randomness,reconquete,beginner,3,31,89,true,true,14.6,31,e90511d,0.355,1.93,3,17.22,1
B2_no_rare_events,reconquete,beginner,3,25,59,false,false,10.1,25,75e1f188,0.64,1.97,1,22.62,1
C_no_narrative_memory,reconquete,beginner,3,25,55,false,false,11.2,25,1c73073,0.16,1.28,0,6.95,0
E_no_ideology_effects,reconquete,beginner,3,25,60,false,false,11.5,25,2c72a6b6,0.2,1.2,2,0,1
F_no_delayed_consequences,reconquete,beginner,3,25,61,false,false,11.2,25,6ac3a76a,0.08,1.06,3,16.34,1
A_baseline,reconquete,beginner,4,25,52,false,false,8.8,25,f2282406,0.16,1.1,4,17.99,3
B1_no_opportunistic_randomness,reconquete,beginner,4,25,50,false,false,9,25,7650f759,0.16,1.14,3,12.76,2
B2_no_rare_events,reconquete,beginner,4,31,88,true,true,13.4,31,804311f7,0.226,2.44,2,17.57,3
C_no_narrative_memory,reconquete,beginner,4,31,84,true,true,12.6,31,9f657c51,0.323,2.07,0,16.71,0
E_no_ideology_effects,reconquete,beginner,4,25,55,false,false,11.1,25,15d00c94,0.28,1.14,1,0,2
F_no_delayed_consequences,reconquete,beginner,4,25,57,false,false,10,25,6d31c661,0.16,1.31,2,18.97,0
A_baseline,reconquete,beginner,5,29,84,true,false,14.6,29,e24aff7d,0.586,1.88,5,15.59,6
B1_no_opportunistic_randomness,reconquete,beginner,5,25,57,false,false,10,25,bb1f4f21,0.32,1.63,4,10.24,2
B2_no_rare_events,reconquete,beginner,5,29,82,true,false,14.9,29,2390dbb9,0.345,1.76,3,20.05,4
C_no_narrative_memory,reconquete,beginner,5,25,65,false,false,11.8,25,2bb7f641,0.28,1.82,1,14.68,0
E_no_ideology_effects,reconquete,beginner,5,29,75,true,false,13.1,29,a3ea4992,0.207,1.37,3,0,1
F_no_delayed_consequences,reconquete,beginner,5,25,58,false,false,11.6,25,cba106e2,0.36,2.21,3,15.88,3
A_baseline,reconquete,beginner,6,25,66,false,false,12.4,25,479c7b6e,0.24,1.71,2,13.41,2
B1_no_opportunistic_randomness,reconquete,beginner,6,25,56,false,false,10.4,25,b427adf7,0.36,1.37,2,11.86,1
B2_no_rare_events,reconquete,beginner,6,25,54,false,false,8.9,25,90a0ec32,0.28,1.58,2,15.04,3
C_no_narrative_memory,reconquete,beginner,6,25,51,false,false,8.8,25,cfc09877,0,1.66,2,29.39,0
E_no_ideology_effects,reconquete,beginner,6,25,55,false,false,10.3,25,3deffb53,0.16,1.35,2,0,3
F_no_delayed_consequences,reconquete,beginner,6,31,84,true,true,13.5,31,7ad5df01,0.452,1.8,2,16.77,2
A_baseline,reconquete,beginner,7,25,64,false,false,12.3,25,a8d6535a,0.44,1.93,2,19.84,4
B1_no_opportunistic_randomness,reconquete,beginner,7,25,45,false,false,6.9,25,2e743c65,0,1.48,0,15.39,1
B2_no_rare_events,reconquete,beginner,7,25,60,false,false,11.2,25,3908a7a9,0.2,1.43,3,18.26,3
C_no_narrative_memory,reconquete,beginner,7,25,60,false,false,10.9,25,89559fee,0.32,1.99,1,22.04,0
E_no_ideology_effects,reconquete,beginner,7,25,50,false,false,8.5,25,d2fae198,0.2,1.55,0,0,1
F_no_delayed_consequences,reconquete,beginner,7,25,62,false,false,11.8,25,f98577b4,0.28,1.52,5,14.44,3
A_baseline,nouvelle_energie,strategist,0,31,89,true,true,15.6,31,7937ae81,0.161,1.48,2,15.68,2
B1_no_opportunistic_randomness,nouvelle_energie,strategist,0,31,93,true,true,18.7,31,ba7a6331,0.226,1.76,3,16.07,0
B2_no_rare_events,nouvelle_energie,strategist,0,31,88,true,true,16.2,31,6f846a,0.258,2.05,4,21.26,3
C_no_narrative_memory,nouvelle_energie,strategist,0,31,87,true,true,15.8,31,bab5c4d8,0.355,1.16,1,17.96,0
E_no_ideology_effects,nouvelle_energie,strategist,0,31,84,true,true,14,31,4c0baa5a,0.355,1.12,0,0,2
F_no_delayed_consequences,nouvelle_energie,strategist,0,25,64,false,false,12.4,25,eb0b9925,0.4,1.13,0,16.27,2
A_baseline,nouvelle_energie,strategist,1,31,86,true,true,16.3,31,4f515b92,0.29,1.17,3,22.24,3
B1_no_opportunistic_randomness,nouvelle_energie,strategist,1,31,89,true,true,15.8,31,9e23b927,0.29,1.61,2,20.94,2
B2_no_rare_events,nouvelle_energie,strategist,1,31,86,true,true,14.2,31,74542e22,0.129,1.35,4,11.89,5
C_no_narrative_memory,nouvelle_energie,strategist,1,31,81,true,true,13.6,31,17074b05,0.419,0.97,0,14.63,0
E_no_ideology_effects,nouvelle_energie,strategist,1,31,84,true,true,15,31,f0435322,0.194,1.57,2,0,2
F_no_delayed_consequences,nouvelle_energie,strategist,1,25,62,false,false,12.9,25,949f0884,0.32,1.2,4,15.39,3
A_baseline,nouvelle_energie,strategist,2,25,58,false,false,11.8,25,c1bd400d,0.24,0.65,3,17.58,1
B1_no_opportunistic_randomness,nouvelle_energie,strategist,2,31,87,true,true,14.3,31,71296504,0.032,1.71,1,18.76,1
B2_no_rare_events,nouvelle_energie,strategist,2,31,83,true,true,13.5,31,711e7c20,0.29,1.23,0,24.03,1
C_no_narrative_memory,nouvelle_energie,strategist,2,25,65,false,false,12.6,25,f5fd4977,0.24,1.51,0,27.68,0
E_no_ideology_effects,nouvelle_energie,strategist,2,31,87,true,true,17.2,31,41fc9d19,0.387,1.18,2,0,2
F_no_delayed_consequences,nouvelle_energie,strategist,2,31,85,true,true,13.3,31,43f8b88c,0.097,1.11,2,25.79,1
A_baseline,nouvelle_energie,strategist,3,29,77,true,false,13,29,21e80b59,0.31,1.1,2,16.91,3
B1_no_opportunistic_randomness,nouvelle_energie,strategist,3,31,89,true,true,17.3,31,a969d6b0,0.226,1.49,0,25.85,1
B2_no_rare_events,nouvelle_energie,strategist,3,31,89,true,true,16.8,31,21424663,0.29,1.49,3,18.45,4
C_no_narrative_memory,nouvelle_energie,strategist,3,31,85,true,true,15.7,31,9da2e684,0.452,1.46,0,18.09,0
E_no_ideology_effects,nouvelle_energie,strategist,3,31,86,true,true,17.1,31,b1a28021,0.323,1.23,5,0,4
F_no_delayed_consequences,nouvelle_energie,strategist,3,31,83,true,true,13.4,31,702eb688,0.29,1.43,4,20.77,3
A_baseline,nouvelle_energie,strategist,4,25,57,false,false,11.8,25,365ab6b7,0.68,1.46,1,10.45,2
B1_no_opportunistic_randomness,nouvelle_energie,strategist,4,31,88,true,true,14.8,31,b0070ab6,0.161,1.74,1,16.74,1
B2_no_rare_events,nouvelle_energie,strategist,4,31,88,true,true,17.1,31,47aa0adb,0.29,1.16,2,7.67,2
C_no_narrative_memory,nouvelle_energie,strategist,4,31,89,true,true,15.3,31,2b6235a3,0.258,1.41,0,28.35,0
E_no_ideology_effects,nouvelle_energie,strategist,4,31,83,true,true,14.6,31,2b3dd43e,0.29,0.95,0,0,0
F_no_delayed_consequences,nouvelle_energie,strategist,4,31,85,true,true,14.1,31,c757b82,0.194,1.08,1,11.46,2
A_baseline,nouvelle_energie,strategist,5,29,81,true,false,15.9,29,687f9e8b,0.241,1.82,2,19.92,1
B1_no_opportunistic_randomness,nouvelle_energie,strategist,5,31,87,true,true,17.6,31,6ccb5cea,0.258,1.42,3,10.86,3
B2_no_rare_events,nouvelle_energie,strategist,5,31,89,true,true,16.1,31,aaf4e16d,0.194,1.85,0,21.24,2
C_no_narrative_memory,nouvelle_energie,strategist,5,25,66,false,false,13.7,25,7b264b45,0.28,1.33,1,14.48,0
E_no_ideology_effects,nouvelle_energie,strategist,5,29,74,true,false,12.3,29,2ba95710,0.345,1.42,0,0,1
F_no_delayed_consequences,nouvelle_energie,strategist,5,31,87,true,true,17.3,31,2a31062f,0.355,1.66,2,18.06,2
A_baseline,nouvelle_energie,strategist,6,31,87,true,true,16.5,31,e891a351,0.161,1.03,0,12.62,3
B1_no_opportunistic_randomness,nouvelle_energie,strategist,6,25,66,false,false,12.5,25,97c54086,0.28,1.32,0,27.53,1
B2_no_rare_events,nouvelle_energie,strategist,6,31,86,true,true,15.2,31,70c9bccb,0.258,1.3,1,23.25,3
C_no_narrative_memory,nouvelle_energie,strategist,6,31,84,true,true,14.5,31,a5e0826c,0.484,1.13,2,22.57,0
E_no_ideology_effects,nouvelle_energie,strategist,6,31,85,true,true,15.8,31,63f859a,0.323,1.57,0,0,4
F_no_delayed_consequences,nouvelle_energie,strategist,6,31,83,true,true,15.3,31,860ce9fa,0.194,1.37,3,22.89,3
A_baseline,nouvelle_energie,strategist,7,31,89,true,true,15.5,31,ab653114,0.194,1.58,2,17.4,2
B1_no_opportunistic_randomness,nouvelle_energie,strategist,7,31,91,true,true,16.4,31,fb6313b6,0.129,2.4,2,20.71,1
B2_no_rare_events,nouvelle_energie,strategist,7,31,89,true,true,15.9,31,ec882af,0.129,1.43,0,18.66,2
C_no_narrative_memory,nouvelle_energie,strategist,7,31,88,true,true,15.2,31,d1ea8f04,0.29,1.43,0,13.94,0
E_no_ideology_effects,nouvelle_energie,strategist,7,31,85,true,true,14.7,31,6d639dc7,0.29,1.94,1,0,1
F_no_delayed_consequences,nouvelle_energie,strategist,7,31,86,true,true,14.1,31,2fec6681,0.387,1.63,3,5.45,1
A_baseline,nouvelle_energie,cautious,0,31,91,true,true,16.6,31,583f01fc,0.194,1.75,3,7.17,2
B1_no_opportunistic_randomness,nouvelle_energie,cautious,0,31,90,true,true,17.5,31,bd08f3ea,0.29,1.41,2,14.08,0
B2_no_rare_events,nouvelle_energie,cautious,0,31,91,true,true,16.4,31,45e5627c,0.161,2.24,0,14.16,0
C_no_narrative_memory,nouvelle_energie,cautious,0,31,93,true,true,17.2,31,3b69e349,0.226,1.57,3,18.09,0
E_no_ideology_effects,nouvelle_energie,cautious,0,31,85,true,true,13.9,31,52613ac0,0.161,1.18,0,0,1
F_no_delayed_consequences,nouvelle_energie,cautious,0,25,59,false,false,11.8,25,a3cce03a,0.16,1.34,1,11.68,0
A_baseline,nouvelle_energie,cautious,1,31,87,true,true,16,31,5103d118,0.258,1.09,3,16.49,3
B1_no_opportunistic_randomness,nouvelle_energie,cautious,1,29,78,true,false,13.5,29,792a7d9f,0.207,1.41,2,11.37,2
B2_no_rare_events,nouvelle_energie,cautious,1,31,93,true,true,17.3,31,ba997384,0.097,1.7,2,13.7,4
C_no_narrative_memory,nouvelle_energie,cautious,1,31,84,true,true,14,31,114a2c0c,0.194,1.02,0,10.64,0
E_no_ideology_effects,nouvelle_energie,cautious,1,31,86,true,true,14.8,31,f0435322,0.194,1.64,2,0,2
F_no_delayed_consequences,nouvelle_energie,cautious,1,25,67,false,false,13.1,25,e2b538b,0.2,1.35,1,10.56,2
A_baseline,nouvelle_energie,cautious,2,29,81,true,false,13.6,29,6253824d,0.103,1.2,3,14.22,1
B1_no_opportunistic_randomness,nouvelle_energie,cautious,2,31,88,true,true,13.8,31,1858ccdf,0.032,1.57,0,6.49,0
B2_no_rare_events,nouvelle_energie,cautious,2,31,90,true,true,14.2,31,f9d40d6c,0.129,1.57,0,16.32,1
C_no_narrative_memory,nouvelle_energie,cautious,2,25,66,false,false,12.6,25,f5fd4977,0.16,1.71,0,11.87,0
E_no_ideology_effects,nouvelle_energie,cautious,2,31,89,true,true,17.4,31,41fc9d19,0.129,1.22,2,0,2
F_no_delayed_consequences,nouvelle_energie,cautious,2,31,90,true,true,14.2,31,40f46952,0.032,1.46,1,13.61,1
A_baseline,nouvelle_energie,cautious,3,29,77,true,false,12.8,29,21e80b59,0.172,1.18,2,11.34,3
B1_no_opportunistic_randomness,nouvelle_energie,cautious,3,31,92,true,true,17.9,31,a969d6b0,0.29,1.88,0,12.38,1
B2_no_rare_events,nouvelle_energie,cautious,3,31,92,true,true,17.2,31,d27f0531,0.226,1.56,5,8.67,6
C_no_narrative_memory,nouvelle_energie,cautious,3,31,90,true,true,16.8,31,2d2d55e1,0.452,1.65,1,16.2,0
E_no_ideology_effects,nouvelle_energie,cautious,3,31,89,true,true,17.5,31,f234f758,0.161,1.33,3,0,2
F_no_delayed_consequences,nouvelle_energie,cautious,3,31,88,true,true,13.9,31,d9347db5,0.226,1.52,4,5.41,3
A_baseline,nouvelle_energie,cautious,4,31,91,true,true,15.6,31,815f770a,0.258,1.69,1,12.79,3
B1_no_opportunistic_randomness,nouvelle_energie,cautious,4,25,70,false,false,13.9,25,2c7a13e0,0.2,1.65,0,14.99,0
B2_no_rare_events,nouvelle_energie,cautious,4,31,90,true,true,15.3,31,8e96ccdc,0.194,1.7,3,5.34,2
C_no_narrative_memory,nouvelle_energie,cautious,4,31,90,true,true,16.1,31,227c6a99,0.065,1.55,0,20,0
E_no_ideology_effects,nouvelle_energie,cautious,4,31,83,true,true,13.6,31,2b3dd43e,0.258,0.84,0,0,0
F_no_delayed_consequences,nouvelle_energie,cautious,4,31,86,true,true,14.8,31,16c28798,0.258,1.03,1,9.73,3
A_baseline,nouvelle_energie,cautious,5,29,83,true,false,15.4,29,687f9e8b,0.276,1.81,2,15.67,1
B1_no_opportunistic_randomness,nouvelle_energie,cautious,5,31,94,true,true,18.4,31,cc27c8a0,0.097,1.69,5,12.62,2
B2_no_rare_events,nouvelle_energie,cautious,5,31,89,true,true,15,31,e3de9f4d,0.129,1.56,0,7.52,1
C_no_narrative_memory,nouvelle_energie,cautious,5,25,70,false,false,14.4,25,15ce238b,0.28,1.63,1,14.87,0
E_no_ideology_effects,nouvelle_energie,cautious,5,29,75,true,false,13,29,82215400,0.241,1.58,0,0,3
F_no_delayed_consequences,nouvelle_energie,cautious,5,31,90,true,true,17.2,31,2a31062f,0.29,1.57,2,19.65,2
A_baseline,nouvelle_energie,cautious,6,31,87,true,true,15.6,31,3ede3d7f,0.161,0.89,1,9.9,4
B1_no_opportunistic_randomness,nouvelle_energie,cautious,6,25,67,false,false,13,25,82f2564c,0.04,1.48,0,13.04,1
B2_no_rare_events,nouvelle_energie,cautious,6,31,91,true,true,16.3,31,dd615207,0.161,1.62,0,18.76,0
C_no_narrative_memory,nouvelle_energie,cautious,6,31,89,true,true,14.5,31,3ec171ac,0.323,1.29,2,9.03,0
E_no_ideology_effects,nouvelle_energie,cautious,6,31,88,true,true,15.6,31,82d049d6,0.129,1.6,0,0,2
F_no_delayed_consequences,nouvelle_energie,cautious,6,31,92,true,true,15.7,31,4b3d81b8,0.194,2.13,0,15.63,1
A_baseline,nouvelle_energie,cautious,7,31,87,true,true,13.9,31,ba600d75,0.065,1.17,2,13.63,2
B1_no_opportunistic_randomness,nouvelle_energie,cautious,7,31,90,true,true,14.4,31,69185bb5,0.129,1.95,1,13.29,1
B2_no_rare_events,nouvelle_energie,cautious,7,31,91,true,true,15.8,31,8e5a6776,0.226,1.49,0,12.73,1
C_no_narrative_memory,nouvelle_energie,cautious,7,25,57,false,false,11.8,25,86fab27f,0.56,1.29,0,9.98,0
E_no_ideology_effects,nouvelle_energie,cautious,7,25,63,false,false,13,25,95e62435,0.36,1.54,1,0,1
F_no_delayed_consequences,nouvelle_energie,cautious,7,31,90,true,true,15,31,c81c82dd,0.323,1.94,3,13.92,1
A_baseline,nouvelle_energie,beginner,0,25,67,false,false,12.6,25,bd54ef4d,0.24,1.57,2,10.25,3
B1_no_opportunistic_randomness,nouvelle_energie,beginner,0,31,94,true,true,18.7,31,ba7a6331,0.226,1.77,3,13.23,0
B2_no_rare_events,nouvelle_energie,beginner,0,31,91,true,true,16.8,31,cb4694ce,0.161,2.29,2,22.83,2
C_no_narrative_memory,nouvelle_energie,beginner,0,31,91,true,true,17.2,31,2b1b4fb9,0.194,1.5,2,20.73,0
E_no_ideology_effects,nouvelle_energie,beginner,0,31,86,true,true,14.6,31,4c0baa5a,0.355,1.52,0,0,2
F_no_delayed_consequences,nouvelle_energie,beginner,0,31,89,true,true,14,31,6585b66b,0.129,1.8,1,12.38,2
A_baseline,nouvelle_energie,beginner,1,31,89,true,true,16.8,31,1f08d1ca,0.258,1.3,3,12.68,4
B1_no_opportunistic_randomness,nouvelle_energie,beginner,1,31,87,true,true,15.8,31,9a3ee49b,0.129,1.65,2,16.46,3
B2_no_rare_events,nouvelle_energie,beginner,1,31,91,true,true,17.4,31,27053783,0.129,1.7,2,15.5,3
C_no_narrative_memory,nouvelle_energie,beginner,1,29,78,true,false,14.8,29,139871b3,0.138,1.1,0,21.32,0
E_no_ideology_effects,nouvelle_energie,beginner,1,31,87,true,true,15.5,31,4b443b45,0.194,1.7,2,0,3
F_no_delayed_consequences,nouvelle_energie,beginner,1,25,56,false,false,11.4,25,d6870579,0.16,1.17,2,15.23,1
A_baseline,nouvelle_energie,beginner,2,31,81,true,true,12.9,31,9f6ae262,0.097,1.09,2,25.42,1
B1_no_opportunistic_randomness,nouvelle_energie,beginner,2,31,83,true,true,12.8,31,9ffebfcf,0.032,1.32,1,12.8,1
B2_no_rare_events,nouvelle_energie,beginner,2,31,88,true,true,14.9,31,711e7c20,0.194,1.73,0,24.11,1
C_no_narrative_memory,nouvelle_energie,beginner,2,25,63,false,false,12.4,25,288a786,0.16,1.6,0,19.4,0
E_no_ideology_effects,nouvelle_energie,beginner,2,31,89,true,true,18.3,31,4ca428c9,0.194,1.6,2,0,2
F_no_delayed_consequences,nouvelle_energie,beginner,2,31,88,true,true,15.1,31,db4a79c8,0.097,1.75,1,18.69,1
A_baseline,nouvelle_energie,beginner,3,29,79,true,false,13.5,29,b54a8944,0.276,1.53,5,9.2,3
B1_no_opportunistic_randomness,nouvelle_energie,beginner,3,31,89,true,true,17,31,a969d6b0,0.194,1.64,0,15.49,1
B2_no_rare_events,nouvelle_energie,beginner,3,31,91,true,true,17.6,31,cc203242,0.258,1.86,3,17.81,3
C_no_narrative_memory,nouvelle_energie,beginner,3,31,89,true,true,17.3,31,dad1994,0.387,1.71,0,14.49,0
E_no_ideology_effects,nouvelle_energie,beginner,3,31,87,true,true,17.4,31,f234f758,0.194,1.26,3,0,2
F_no_delayed_consequences,nouvelle_energie,beginner,3,31,85,true,true,14.8,31,2dea363a,0.226,1.83,4,13.34,2
A_baseline,nouvelle_energie,beginner,4,31,88,true,true,15.3,31,4c3b14e0,0.323,1.6,3,16.32,3
B1_no_opportunistic_randomness,nouvelle_energie,beginner,4,31,87,true,true,15,31,d68ad056,0.161,1.79,1,19.04,1
B2_no_rare_events,nouvelle_energie,beginner,4,31,88,true,true,16.3,31,6f77bae,0.258,1.9,3,6.01,2
C_no_narrative_memory,nouvelle_energie,beginner,4,31,88,true,true,15.7,31,2331a1ec,0.129,1.62,0,16.55,0
E_no_ideology_effects,nouvelle_energie,beginner,4,31,87,true,true,15.2,31,2b3dd43e,0.194,1.17,0,0,1
F_no_delayed_consequences,nouvelle_energie,beginner,4,31,86,true,true,15.5,31,e408fd50,0.194,1.4,4,4.85,4
A_baseline,nouvelle_energie,beginner,5,29,83,true,false,15.4,29,687f9e8b,0.241,1.99,2,20.26,1
B1_no_opportunistic_randomness,nouvelle_energie,beginner,5,31,88,true,true,16.9,31,18932a2d,0.258,1.47,2,20.13,3
B2_no_rare_events,nouvelle_energie,beginner,5,31,90,true,true,15.8,31,1473e3e3,0.194,1.77,0,22.13,1
C_no_narrative_memory,nouvelle_energie,beginner,5,25,72,false,false,14.2,25,e2497fac,0.28,1.61,0,13.52,0
E_no_ideology_effects,nouvelle_energie,beginner,5,29,75,true,false,12.7,29,2ba95710,0.241,1.56,0,0,1
F_no_delayed_consequences,nouvelle_energie,beginner,5,31,89,true,true,17.5,31,f0bd62d1,0.258,1.8,3,25.72,2
A_baseline,nouvelle_energie,beginner,6,31,87,true,true,16.3,31,e891a351,0.161,1.05,0,24.3,3
B1_no_opportunistic_randomness,nouvelle_energie,beginner,6,31,88,true,true,13.7,31,60e9d7fd,0.032,1.68,0,18.67,1
B2_no_rare_events,nouvelle_energie,beginner,6,31,89,true,true,15.9,31,57e290f2,0.161,1.56,2,21.5,3
C_no_narrative_memory,nouvelle_energie,beginner,6,31,84,true,true,14.8,31,7c9bcfbd,0.323,1.3,2,14.96,0
E_no_ideology_effects,nouvelle_energie,beginner,6,31,89,true,true,17,31,63f859a,0.129,1.88,0,0,5
F_no_delayed_consequences,nouvelle_energie,beginner,6,31,87,true,true,16.2,31,860ce9fa,0.194,1.65,3,18.86,2
A_baseline,nouvelle_energie,beginner,7,31,88,true,true,15,31,904aa9c3,0.065,1.42,2,22.52,4
B1_no_opportunistic_randomness,nouvelle_energie,beginner,7,31,87,true,true,15.3,31,60873730,0.065,1.97,4,24.1,1
B2_no_rare_events,nouvelle_energie,beginner,7,31,88,true,true,16,31,ec882af,0.065,1.37,0,19.86,2
C_no_narrative_memory,nouvelle_energie,beginner,7,31,89,true,true,14.7,31,836163d4,0.258,1.85,2,12.93,0
E_no_ideology_effects,nouvelle_energie,beginner,7,31,84,true,true,13.8,31,6d639dc7,0.226,1.79,1,0,1
F_no_delayed_consequences,nouvelle_energie,beginner,7,31,88,true,true,14.2,31,f9929ec0,0.387,1.7,3,7.03,0
