runKey,partyId,partyProfile,partyKind,profile,agent,seedIndex,seed,methodId,decisions,qualified,won,endingId,finalScore,firstRoundScore,secondRoundScore,progressionNormalized,startingPolling,playerRank,rivalPartyId,minPolling,maxPolling,minRank,maxRank,qualificationZoneCrossings,marginToNextCandidateFirstRound,achievementsCount,alliancesFormed,candidateReplacementsObserved,actorMemoryEntries,statementCount,contradictionCount,abruptReversalCount,narrativeThreadsStarted,narrativeThreadsResolved,narrativeThreadsFailed,ideologyMoveEconomy,ideologyMoveSociety,ideologyMoveEurope,ideologyMoveEcology,ideologyMoveAuthority,ideologyMoveImmigration,ideologyMoveTotal,rareEventEncountered,rareEventCount,chainEventCount,secondRoundReached,ownRejectionAtSecondRound,opponentRejectionAtSecondRound,hasOpponentConflict,isComeback,isCollapse,resultCategory,weakCardCount,maxWeakCardStreak,memorableSignalCount,opponentActionsTotal,opponentActionsStrategy,opponentActionsCrisis,opponentActionsAlliance,opponentActionsEndorsement,opponentActionsReplacement,opponentActionsOther,totalNarrativeChars,bestDecisionIndex,costliestDecisionIndex
lfi:strategist:0,lfi,lfi,existing,strategist,parti_dabord,0,fun-audit-0,field_first,25,false,false,kingmaker,55,12.6,,-0.031,13.9,3,rn,9.1,15.1,1,8,6,0.9,12,0,0,1,8,0,0,3,1,0,3.51,1.68,0,0,3.01,4.3,12.5,false,0,3,false,,,true,false,false,elimination_precoce,1,1,3,63,54,5,1,3,0,0,12325,16,14
lfi:strategist:1,lfi,lfi,existing,strategist,parti_dabord,1,fun-audit-1,presidential,25,false,false,kingmaker,54,13.1,,0.007,8,3,nouvelle_energie,8,14.45,1,8,5,0.6,12,0,0,3,8,1,0,1,0,0,2.98,2.4,0.35,0,0.7,4.3,10.73,false,0,2,false,,,true,false,false,elimination_precoce,2,1,3,58,49,4,2,3,0,0,12832,18,
lfi:strategist:2,lfi,lfi,existing,strategist,parti_dabord,2,fun-audit-2,rupture,31,true,true,president,85,18.5,54.1,0.367,14.2,1,horizons,10.2,16.36,1,7,8,5.4,19,0,0,3,8,0,0,1,1,0,1.91,2.55,3.4,0,1.99,8.25,18.1,true,1,2,true,76,47.1,true,false,false,victoire_serree,2,1,4,73,63,6,2,2,0,0,15736,22,
lfi:strategist:3,lfi,lfi,existing,strategist,parti_dabord,3,fun-audit-3,digital,29,true,false,runoff_defeat,69,15,42.9,0.133,9.9,1,horizons,9.2,15.8,1,8,5,3.2,14,0,0,2,9,0,0,0,0,0,3.18,2.55,3.83,2.13,2.2,5.01,18.9,true,1,0,true,79.60189059188419,47.4,true,false,false,defaite_lourde,2,1,3,71,66,4,0,1,0,0,14345,5,22
lfi:strategist:4,lfi,lfi,existing,strategist,parti_dabord,4,fun-audit-4,union,31,true,true,president,77,16,53.8,0.2,11.9,1,rn,9,16.6,1,8,5,2.6,18,0,0,0,10,0,0,0,0,0,0.4,2.02,3.4,4.41,5.23,3.6,19.06,true,1,0,true,72,86.80000000000003,true,false,false,victoire_serree,1,1,3,76,69,4,1,2,0,0,15728,17,28
lfi:strategist:5,lfi,lfi,existing,strategist,parti_dabord,5,fun-audit-5,field_first,29,true,false,runoff_defeat,72,17.9,46.3,0.327,7.6,1,horizons,7.6,18,1,8,3,3.8,11,0,0,3,6,0,0,1,1,0,0.58,1.68,3.05,0,0.35,6.29,11.95,false,0,2,true,73,48.699999999999996,true,true,false,remontee_spectaculaire,3,1,5,76,67,6,0,2,0,1,14512,23,8
lfi:strategist:6,lfi,lfi,existing,strategist,parti_dabord,6,fun-audit-6,presidential,31,true,true,president,78,15.4,54.9,0.16,7.7,1,ps,7.6,15.8,1,8,5,3.3,16,0,0,2,8,0,0,1,1,0,2.03,1.68,0.35,4.41,2.84,4.3,15.61,false,0,2,true,74,71.20000000000002,true,false,false,victoire_serree,2,2,4,80,73,5,2,0,0,0,15584,18,23
lfi:strategist:7,lfi,lfi,existing,strategist,parti_dabord,7,fun-audit-7,rupture,29,true,false,runoff_defeat,73,16.5,48.7,0.233,9.6,1,nouvelle_energie,9.6,17.5,1,8,3,4.5,15,0,1,2,11,0,0,0,0,0,5.8,1.68,0.35,4.41,0.35,6.29,18.88,true,1,0,true,78.74810342963193,28.599999999999998,true,false,false,defaite_serree,3,1,5,67,57,5,1,3,1,0,14405,17,26
lfi:strategist:8,lfi,lfi,existing,strategist,parti_dabord,8,fun-audit-8,digital,31,true,true,president,77,15.3,55.7,0.153,14.7,1,rn,9,14.75,1,8,8,3,17,0,0,0,6,0,0,1,1,0,1.16,2.55,0,2.13,5.26,3.6,14.7,true,1,2,true,66,86.60000000000002,true,false,false,victoire_serree,0,0,3,68,60,6,1,1,0,0,15753,17,27
lfi:strategist:9,lfi,lfi,existing,strategist,parti_dabord,9,fun-audit-9,union,31,true,true,president,74,15.4,55.3,0.16,7.9,1,rn,7.9,16.6,1,8,7,3.8,17,0,0,2,8,1,0,0,0,0,0.76,0.27,0,2.48,2.66,7.48,13.65,false,0,0,true,78.74869748763318,87.3,true,false,false,victoire_serree,3,1,4,80,71,7,2,0,0,0,15455,13,23
lfi:strategist:10,lfi,lfi,existing,strategist,parti_dabord,10,fun-audit-10,field_first,31,true,true,president,77,15.9,54,0.193,12,1,rn,11.66,14.13,1,4,6,3,15,0,0,3,5,0,0,1,1,0,1.3,1.44,3.4,0,2.84,0,8.98,false,0,2,true,76.94831496260039,88.29999999999998,true,false,false,victoire_serree,4,1,4,80,73,3,3,1,0,0,15726,22,29
lfi:strategist:11,lfi,lfi,existing,strategist,parti_dabord,11,fun-audit-11,presidential,29,true,false,runoff_defeat,69,15.3,49.3,0.153,14.8,2,rn,10.4,16.3,1,6,6,1.1,14,0,0,3,6,0,0,2,1,0,1.97,2.55,0,2.48,2.13,5.01,14.14,false,0,2,true,75,85,true,false,false,defaite_serree,2,1,4,63,59,3,1,0,0,0,14948,20,14
lfi:strategist:12,lfi,lfi,existing,strategist,parti_dabord,12,fun-audit-12,rupture,29,true,false,runoff_defeat,71,15.4,44.9,0.16,11.5,1,nouvelle_energie,11.5,19.2,1,6,1,2.5,14,0,0,1,6,0,0,0,0,0,2.76,0,0.35,2.13,0,8.18,13.42,false,0,0,true,75,28.8,true,false,false,defaite_lourde,3,1,2,70,66,3,1,0,0,0,14580,9,
lfi:strategist:13,lfi,lfi,existing,strategist,parti_dabord,13,fun-audit-13,digital,31,true,true,president,78,16,56.1,0.2,12.1,1,rn,11.64,18.2,1,5,6,3.5,16,0,0,1,10,0,0,0,0,0,1.1,6.35,0,2.13,2.2,0,11.78,false,0,0,true,69,85,true,false,false,victoire_confortable,3,1,2,74,69,3,2,0,0,0,15698,19,21
lfi:strategist:14,lfi,lfi,existing,strategist,parti_dabord,14,fun-audit-14,union,29,true,false,runoff_defeat,71,16.1,47.2,0.207,13,1,horizons,9.3,14.62,1,8,8,3,11,0,0,3,7,0,0,1,0,0,4.61,3.78,2.34,0,1.75,2.2,14.68,false,0,2,true,67,47.300000000000004,true,false,false,defaite_serree,1,1,3,67,61,1,3,2,0,0,14696,23,11
lfi:strategist:15,lfi,lfi,existing,strategist,parti_dabord,15,fun-audit-15,field_first,29,true,false,runoff_defeat,75,18.3,48.2,0.353,13.8,1,ps,11.6,17.4,1,4,8,5.5,11,0,0,3,6,0,0,1,1,0,0.88,0,3.4,2.13,2.66,7.55,16.62,false,0,3,true,71,72.6,true,false,false,defaite_serree,3,2,4,68,63,3,1,1,0,0,14367,23,27
lfi:strategist:16,lfi,lfi,existing,strategist,parti_dabord,16,fun-audit-16,presidential,25,false,false,kingmaker,55,12.7,,-0.023,11.3,3,rn,10.5,15.14,1,7,5,0.6,14,0,0,6,7,0,0,2,2,0,0.84,0,0.35,2.48,2.31,8.88,14.86,false,0,5,false,,,true,false,false,elimination_precoce,1,1,3,59,54,1,1,3,0,0,12756,17,
lfi:strategist:17,lfi,lfi,existing,strategist,parti_dabord,17,fun-audit-17,rupture,31,true,true,president,75,14.8,51.4,0.12,12.8,1,nouvelle_energie,9,14.72,1,8,8,2,17,0,0,0,9,0,0,0,0,0,0.14,4.07,3.83,0,1.05,8.11,17.2,false,0,0,true,72,29.900000000000002,true,false,false,victoire_serree,3,2,2,79,70,2,2,5,0,0,15779,10,27
lfi:strategist:18,lfi,lfi,existing,strategist,parti_dabord,18,fun-audit-18,digital,29,true,false,runoff_defeat,71,16,42.9,0.2,10.7,1,ps,10.4,18.9,1,8,3,3.8,12,0,0,2,6,0,0,3,0,0,5.62,0,0.35,0,3.01,4.3,13.28,true,1,3,true,68,70.4,true,false,false,defaite_lourde,2,1,3,68,62,3,2,1,0,0,14823,14,13
lfi:strategist:19,lfi,lfi,existing,strategist,parti_dabord,19,fun-audit-19,union,31,true,true,president,77,16.2,56.7,0.213,10,1,rn,10,19.6,1,8,5,5.1,17,0,1,4,6,0,0,1,0,0,7.52,2.55,0,0,0.35,2.2,12.62,false,0,1,true,68,89.69999999999999,true,false,false,victoire_confortable,3,1,3,80,72,6,1,0,1,0,15306,10,20
lfi:roleplayer:0,lfi,lfi,existing,roleplayer,ideologiquement_coherent,0,fun-audit-0,field_first,31,true,true,president,80,15.1,51.8,0.14,13.9,2,rn,10.1,21.1,1,8,4,2,18,0,0,0,11,0,0,0,0,0,6.98,0.8,0,1.96,0.35,2.93,13.02,false,0,0,true,60,86.40000000000002,true,false,false,victoire_serree,2,1,2,76,67,6,1,2,0,0,15211,3,
lfi:roleplayer:1,lfi,lfi,existing,roleplayer,ideologiquement_coherent,1,fun-audit-1,presidential,31,true,true,president,76,14.3,51.8,0.087,8,1,nouvelle_energie,8,16.38,1,8,5,0.8,16,0,0,2,10,0,0,1,0,0,6.1,0.74,0,0,0,1.15,7.99,true,2,2,true,66,28,true,false,false,victoire_serree,3,1,5,77,65,5,2,5,0,0,15738,11,8
lfi:roleplayer:2,lfi,lfi,existing,roleplayer,ideologiquement_coherent,2,fun-audit-2,rupture,31,true,true,president,88,19.5,57.3,0.382,14.2,1,horizons,10,17.24,1,8,8,6.5,18,0,0,3,11,0,0,1,1,0,6.81,0.95,1.3,1.26,1.43,0.77,12.52,false,0,2,true,60,47.1,true,false,false,victoire_confortable,2,1,3,74,63,6,2,3,0,0,15481,7,28
lfi:roleplayer:3,lfi,lfi,existing,roleplayer,ideologiquement_coherent,3,fun-audit-3,digital,31,true,true,president,78,14.6,56.8,0.107,9.9,2,rn,9.9,16.7,1,8,3,1.5,17,0,0,1,11,0,0,0,0,0,7.52,1.65,1.94,1.96,0.04,2.34,15.45,false,0,0,true,58,86.5,true,false,false,victoire_confortable,2,1,2,73,69,2,1,1,0,0,15762,22,25
lfi:roleplayer:4,lfi,lfi,existing,roleplayer,ideologiquement_coherent,4,fun-audit-4,union,31,true,true,president,83,17.1,56.5,0.241,11.9,1,rn,9.2,18.3,1,8,5,3.8,17,0,0,0,12,0,0,0,0,0,4.26,2.77,0.35,5.64,1.43,0.95,15.4,true,1,0,true,57,86.80000000000003,true,false,false,victoire_confortable,4,2,2,76,69,4,1,2,0,0,15616,3,17
lfi:roleplayer:5,lfi,lfi,existing,roleplayer,ideologiquement_coherent,5,fun-audit-5,field_first,31,true,true,president,88,20,52.1,0.412,7.6,1,horizons,7.6,19.2,1,8,1,6.2,17,0,0,3,9,0,0,1,1,0,5.55,0.8,1.3,0,1.43,0.77,9.85,false,0,2,true,56,48.699999999999996,true,true,false,remontee_spectaculaire,4,1,6,80,68,6,1,4,0,1,15464,14,25
lfi:roleplayer:6,lfi,lfi,existing,roleplayer,ideologiquement_coherent,6,fun-audit-6,presidential,31,true,true,president,83,16.6,57.6,0.24,7.7,1,renaissance,7.7,17.1,1,8,7,4.9,16,0,0,2,12,0,0,2,2,0,6.41,0.8,0,0,1.47,0,8.68,false,0,3,true,65,62.99999999999999,true,true,false,remontee_spectaculaire,1,1,5,77,71,4,2,0,0,0,15895,9,13
lfi:roleplayer:7,lfi,lfi,existing,roleplayer,ideologiquement_coherent,7,fun-audit-7,rupture,31,true,true,president,83,17,59.6,0.267,9.6,1,rn,9.6,19,1,8,3,5,18,0,1,1,16,0,0,1,1,0,3.72,0.13,2.03,9,0.7,3.02,18.6,true,1,1,true,76.79454424813076,88,true,false,false,victoire_confortable,3,1,5,70,63,5,1,0,1,0,15578,8,3
lfi:roleplayer:8,lfi,lfi,existing,roleplayer,ideologiquement_coherent,8,fun-audit-8,digital,31,true,true,president,82,16.3,57.7,0.22,14.7,1,rn,9.2,16.02,1,8,6,4.1,17,0,0,0,11,0,0,1,0,0,4.01,1.01,0,1.96,1.43,0.77,9.18,true,1,1,true,62,87.00000000000003,true,false,false,victoire_confortable,2,1,2,68,60,6,1,1,0,0,15741,9,16
lfi:roleplayer:9,lfi,lfi,existing,roleplayer,ideologiquement_coherent,9,fun-audit-9,union,31,true,true,president,84,18.2,56.2,0.306,7.9,1,ps,7.9,18.7,1,8,3,6.4,16,0,0,3,8,0,0,0,0,0,4.68,2.17,0,0,1.43,1.35,9.63,false,0,0,true,54,70.60000000000001,true,true,false,remontee_spectaculaire,4,1,4,80,72,6,2,0,0,0,15407,3,22
lfi:roleplayer:10,lfi,lfi,existing,roleplayer,ideologiquement_coherent,10,fun-audit-10,field_first,31,true,true,president,84,17.2,57.1,0.28,12,1,rn,11.66,16.08,1,4,2,4.4,17,0,0,3,9,0,0,1,1,0,2.61,1.58,1.3,0,0.04,0,5.53,false,0,2,true,62,88.29999999999998,true,false,false,victoire_confortable,5,1,3,80,72,3,3,2,0,0,15724,12,
lfi:roleplayer:11,lfi,lfi,existing,roleplayer,ideologiquement_coherent,11,fun-audit-11,presidential,31,true,true,president,81,16.1,57.1,0.207,14.8,1,rn,11.2,18.4,1,5,6,3.2,16,0,1,3,11,0,0,1,0,0,1.24,0.61,0,2.66,1.47,2.34,8.32,true,1,1,true,69,85,true,false,false,victoire_confortable,2,1,4,72,65,4,2,0,1,0,15877,8,
lfi:roleplayer:12,lfi,lfi,existing,roleplayer,ideologiquement_coherent,12,fun-audit-12,rupture,29,true,false,runoff_defeat,75,16.5,46.5,0.233,11.5,1,nouvelle_energie,11.5,20.6,1,6,1,3.7,12,0,0,1,8,0,0,0,0,0,0.94,0.6,0,4.07,0.35,1.85,7.81,false,0,0,true,68,28.8,true,false,false,defaite_serree,2,1,3,70,66,3,1,0,0,0,14505,11,
lfi:roleplayer:13,lfi,lfi,existing,roleplayer,ideologiquement_coherent,13,fun-audit-13,digital,31,true,true,president,86,18.7,59.5,0.38,12.1,1,rn,11.68,20.9,1,5,2,6.6,17,0,0,2,13,0,0,1,0,0,6.12,4.58,0,0,1.43,0,12.13,false,0,1,true,61,85,true,false,false,victoire_confortable,2,1,2,75,70,3,2,0,0,0,15766,11,
lfi:roleplayer:14,lfi,lfi,existing,roleplayer,ideologiquement_coherent,14,fun-audit-14,union,29,true,false,runoff_defeat,78,18.3,49.6,0.312,13,1,horizons,9.5,17.05,1,8,6,6.2,12,0,0,1,9,0,0,0,0,0,6.03,0.63,0,1.26,0,0,7.92,false,0,0,true,55,47.300000000000004,true,false,false,defaite_serree,0,0,3,69,63,1,3,2,0,0,14476,4,23
lfi:roleplayer:15,lfi,lfi,existing,roleplayer,ideologiquement_coherent,15,fun-audit-15,field_first,31,true,true,president,85,18.5,53.8,0.367,13.8,1,rn,11.65,18.2,1,4,2,5.8,17,0,0,2,6,0,0,1,0,0,0,0,3.51,1.96,1.28,0.77,7.52,false,0,1,true,63,87.40000000000002,true,false,false,victoire_serree,4,2,3,76,70,3,2,1,0,0,15251,17,
lfi:roleplayer:16,lfi,lfi,existing,roleplayer,ideologiquement_coherent,16,fun-audit-16,presidential,31,true,true,president,83,17.4,56.1,0.259,11.3,1,ps,11.3,16.8,1,6,1,5.6,15,0,0,6,9,0,0,2,1,0,7.88,0,0,0,0.04,0.8,8.72,false,0,4,true,58,74.1,true,false,false,victoire_confortable,2,2,3,77,71,1,4,1,0,0,15922,6,22
lfi:roleplayer:17,lfi,lfi,existing,roleplayer,ideologiquement_coherent,17,fun-audit-17,rupture,31,true,true,president,81,16.7,54.1,0.218,12.8,1,nouvelle_energie,11.1,16.9,1,5,6,4.1,17,0,0,0,12,0,0,1,1,0,7.71,0.85,1.94,0,0,2.34,12.84,false,0,1,true,68,29.900000000000002,true,false,false,victoire_serree,3,2,2,80,70,2,2,6,0,0,15678,7,4
lfi:roleplayer:18,lfi,lfi,existing,roleplayer,ideologiquement_coherent,18,fun-audit-18,digital,29,true,false,runoff_defeat,75,17,47.9,0.235,10.7,1,nouvelle_energie,9.9,16.18,1,8,1,3.4,13,0,0,4,7,0,0,3,1,0,2.61,0.7,0,0,1.43,4.3,9.04,true,1,5,true,60,28,true,false,false,defaite_serree,1,1,5,76,65,5,2,4,0,0,14964,6,17
lfi:roleplayer:19,lfi,lfi,existing,roleplayer,ideologiquement_coherent,19,fun-audit-19,union,31,true,true,president,77,14.7,59.8,0.113,10,1,rn,10,18.1,1,8,3,2.7,16,0,1,3,6,0,0,0,0,0,4.75,0.95,1.05,0,0,0.95,7.7,false,0,0,true,59,89.6,true,false,false,victoire_confortable,7,2,3,80,68,7,1,3,1,0,15451,9,12
lfi:opportunist:0,lfi,lfi,existing,opportunist,opportuniste_electoral,0,fun-audit-0,field_first,31,true,true,president,79,14.2,52.2,0.08,13.9,2,rn,9.5,20,1,8,4,0.9,20,2,0,0,9,0,0,0,0,0,5.2,0.8,4.13,0,3.01,4.3,17.44,false,0,0,true,63,86.40000000000002,true,false,false,victoire_serree,1,1,3,76,67,6,1,2,0,0,15538,3,2
lfi:opportunist:1,lfi,lfi,existing,opportunist,opportuniste_electoral,1,fun-audit-1,presidential,25,false,false,kingmaker,54,13.5,,0.033,8,3,nouvelle_energie,8,15.18,1,8,5,0.1,15,0,0,3,8,1,0,1,0,0,5.18,1.62,4.45,0,0.7,4.3,16.25,false,0,2,false,,,true,false,false,elimination_precoce,2,1,3,58,49,4,2,3,0,0,12950,18,15
lfi:opportunist:2,lfi,lfi,existing,opportunist,opportuniste_electoral,2,fun-audit-2,rupture,31,true,true,president,87,19.4,56.4,0.376,14.2,1,renaissance,10.2,17.11,1,7,6,6.4,20,2,0,3,10,0,0,1,1,0,5.15,2.55,0.63,0,1.91,3.6,13.84,true,1,2,true,70,63.2,true,false,false,victoire_confortable,1,1,5,75,63,6,2,4,0,0,15685,24,12
lfi:opportunist:3,lfi,lfi,existing,opportunist,opportuniste_electoral,3,fun-audit-3,digital,29,true,false,runoff_defeat,72,15.2,46.2,0.147,9.9,1,horizons,9.5,15.8,1,8,5,3.4,12,2,0,2,9,1,0,0,0,0,2.9,2.55,4.87,2.13,2.2,5.01,19.66,true,1,0,true,73,47.4,true,false,false,defaite_serree,1,1,6,71,66,4,0,1,0,0,14460,20,16
lfi:opportunist:4,lfi,lfi,existing,opportunist,opportuniste_electoral,4,fun-audit-4,union,25,false,false,kingmaker,49,13.2,,0.012,11.9,4,rn,9.2,12.6,2,8,6,0.5,14,0,0,0,11,0,3,0,0,0,6.63,2.53,1.57,4.91,4.98,0.95,21.57,true,1,0,false,,,true,false,false,elimination_precoce,3,2,3,61,55,4,0,2,0,0,12536,3,24
lfi:opportunist:5,lfi,lfi,existing,opportunist,opportuniste_electoral,5,fun-audit-5,field_first,31,true,true,president,78,16.2,50.4,0.168,7.6,1,horizons,7.6,17.3,1,8,5,1.9,14,2,0,3,7,0,1,1,1,0,2.21,0.8,2.03,0,0,3.45,8.49,false,0,2,true,74,48.699999999999996,true,true,false,remontee_spectaculaire,4,1,8,80,69,6,0,4,0,1,15624,23,20
lfi:opportunist:6,lfi,lfi,existing,opportunist,opportuniste_electoral,6,fun-audit-6,presidential,31,true,true,president,80,15.5,56.9,0.167,7.7,1,renaissance,7.7,16.5,1,8,9,3.7,17,2,0,2,9,0,0,2,2,0,5.56,0.8,0,0,5.56,0,11.92,false,0,3,true,71,62.99999999999999,true,false,false,victoire_confortable,2,1,5,77,71,4,2,0,0,0,15931,18,17
lfi:opportunist:7,lfi,lfi,existing,opportunist,opportuniste_electoral,7,fun-audit-7,rupture,29,true,false,runoff_defeat,72,15.6,49.4,0.153,9.6,1,nouvelle_energie,9.6,17,1,8,3,3.5,14,2,1,2,10,0,1,0,0,0,4.6,0.8,1.4,4.06,0,3.45,14.31,true,1,0,true,76,28.599999999999998,true,false,false,defaite_serree,5,2,7,67,57,5,1,3,1,0,14547,9,13
lfi:opportunist:8,lfi,lfi,existing,opportunist,opportuniste_electoral,8,fun-audit-8,digital,31,true,true,president,72,13.7,56.1,0.047,14.7,1,rn,9.3,14.7,1,8,8,1.1,15,2,0,0,7,1,1,1,1,0,1.86,0.13,0,0,3.12,3.6,8.71,true,1,2,true,69,86.60000000000002,true,false,false,victoire_confortable,0,0,6,68,60,6,1,1,0,0,15835,17,8
lfi:opportunist:9,lfi,lfi,existing,opportunist,opportuniste_electoral,9,fun-audit-9,union,31,true,true,president,82,17.1,58.5,0.241,7.9,1,rn,7.9,17.2,1,8,5,5.7,18,2,0,2,8,0,0,0,0,0,1.84,1.15,0,2.13,2.66,7.48,15.26,false,0,0,true,69,87.3,true,true,false,remontee_spectaculaire,3,1,5,79,70,7,2,0,0,0,15580,3,12
lfi:opportunist:10,lfi,lfi,existing,opportunist,opportuniste_electoral,10,fun-audit-10,field_first,31,true,true,president,75,14.7,55.2,0.113,12,1,rn,11.6,13.4,1,5,12,1.6,15,2,0,4,7,0,1,1,1,0,4.05,5.2,0.63,0,2.1,0,11.98,false,0,2,true,78.58908849626152,88.29999999999998,true,false,false,victoire_serree,4,1,5,80,73,3,3,1,0,0,15753,22,17
lfi:opportunist:11,lfi,lfi,existing,opportunist,opportuniste_electoral,11,fun-audit-11,presidential,31,true,true,president,79,15.7,57.6,0.159,14.8,1,rn,11.5,17.7,1,5,8,2.6,16,2,1,1,9,0,0,2,2,0,4.42,2.55,0,0,4.93,5.01,16.91,true,1,3,true,69,85,true,false,false,victoire_confortable,1,1,6,72,65,4,2,0,1,0,15720,13,14
lfi:opportunist:12,lfi,lfi,existing,opportunist,opportuniste_electoral,12,fun-audit-12,rupture,29,true,false,runoff_defeat,73,14.8,46.5,0.12,11.5,1,nouvelle_energie,11.5,19.1,1,6,1,1.8,13,2,0,1,6,0,0,0,0,0,1.03,0,0.35,2.13,0,8.18,11.69,false,0,0,true,70,28.8,true,false,false,defaite_serree,1,1,4,70,66,3,1,0,0,0,14670,11,3
lfi:opportunist:13,lfi,lfi,existing,opportunist,opportuniste_electoral,13,fun-audit-13,digital,31,true,true,president,75,13.7,57.5,0.047,12.1,1,rn,11.64,15.9,1,5,2,2.4,19,2,0,2,11,1,0,1,1,0,11.84,4.21,0,0,2.38,0,18.43,false,0,2,true,69,85.60000000000001,true,false,false,victoire_confortable,2,1,5,80,73,2,3,2,0,0,15679,23,15
lfi:opportunist:14,lfi,lfi,existing,opportunist,opportuniste_electoral,14,fun-audit-14,union,29,true,false,runoff_defeat,75,16.7,49.4,0.218,13,1,horizons,9.5,15.6,1,8,6,3.7,11,2,0,3,7,0,0,2,0,0,4.61,3.78,6.58,2.13,0.7,0,17.8,false,0,3,true,63,47.300000000000004,true,false,false,defaite_serree,1,1,4,67,61,1,3,2,0,0,14595,4,9
lfi:opportunist:15,lfi,lfi,existing,opportunist,opportuniste_electoral,15,fun-audit-15,field_first,31,true,true,president,86,18.9,51.5,0.393,13.8,1,ps,11.65,18.1,1,4,2,6.3,17,2,0,2,7,0,0,1,1,0,0.52,3.78,0.63,2.13,1.95,3.6,12.61,false,0,3,true,59,72.6,true,false,false,victoire_serree,2,2,5,76,69,3,3,1,0,0,15391,8,21
lfi:opportunist:16,lfi,lfi,existing,opportunist,opportuniste_electoral,16,fun-audit-16,presidential,25,false,false,kingmaker,48,12.1,,-0.069,11.3,5,rn,10.2,14.98,1,8,3,0.5,12,0,0,5,7,0,1,2,2,0,8.56,0,0,2.13,2.34,3.6,16.63,false,0,5,false,,,true,false,false,elimination_precoce,2,1,4,59,54,1,1,3,0,0,12818,24,20
lfi:opportunist:17,lfi,lfi,existing,opportunist,opportuniste_electoral,17,fun-audit-17,rupture,31,true,true,president,74,15.3,55.2,0.135,12.8,1,nouvelle_energie,10.1,15.2,1,7,10,2.6,16,2,0,0,10,1,0,0,0,0,4.74,3.28,4.87,0,1.05,8.11,22.05,false,0,0,true,71,29.900000000000002,true,false,false,victoire_serree,3,2,3,80,70,2,2,6,0,0,15965,20,11
lfi:opportunist:18,lfi,lfi,existing,opportunist,opportuniste_electoral,18,fun-audit-18,digital,29,true,false,runoff_defeat,68,15.6,47.4,0.153,10.7,1,nouvelle_energie,10.4,14.78,1,8,5,1.8,13,2,0,4,7,0,1,2,2,0,1.86,0,4.45,3.18,3.01,8.18,20.68,true,1,4,true,66,28,true,false,false,defaite_serree,0,0,7,75,65,5,2,3,0,0,15000,19,16
lfi:opportunist:19,lfi,lfi,existing,opportunist,opportuniste_electoral,19,fun-audit-19,union,25,false,false,kingmaker,44,11,,-0.154,10,3,ps,10,14.4,1,8,8,0.5,10,0,1,2,5,0,2,0,0,0,7.96,0,1.4,0,0.35,3.45,13.16,false,0,0,false,,,true,false,false,elimination_precoce,4,1,4,65,56,5,2,1,1,0,12311,3,4
lfi:chaos:0,lfi,lfi,existing,chaos,contrarien,0,fun-audit-0,field_first,25,false,false,kingmaker,47,11.1,,-0.146,13.9,5,rn,8.8,14.8,1,8,6,0.6,9,1,0,0,7,0,1,0,0,0,2.91,0,4.13,3.34,1.63,4.3,16.31,false,0,0,false,,,true,false,false,elimination_precoce,1,1,3,63,54,5,1,3,0,0,12393,24,4
lfi:chaos:1,lfi,lfi,existing,chaos,contrarien,1,fun-audit-1,presidential,25,false,false,honorable_campaign,34,8.7,,-0.331,8,8,nouvelle_energie,7.1,13.5,1,8,4,1.3,8,0,0,0,7,2,0,2,0,0,8.39,5.7,1.94,0,1.4,5.31,22.74,true,1,2,false,,,true,false,false,elimination_precoce,3,1,3,60,51,4,2,3,0,0,12444,9,20
lfi:chaos:2,lfi,lfi,existing,chaos,contrarien,2,fun-audit-2,rupture,25,false,false,kingmaker,34,10.7,,-0.177,14.2,7,horizons,7.2,16.2,1,8,5,0.2,11,0,0,2,8,0,3,1,1,0,10.76,5.7,0.36,0,1.75,3.56,22.13,false,0,2,false,,,true,false,false,elimination_precoce,2,1,4,57,50,5,1,1,0,0,12116,25,10
lfi:chaos:3,lfi,lfi,existing,chaos,contrarien,3,fun-audit-3,digital,25,false,false,honorable_campaign,40,9.3,,-0.285,9.9,7,rn,9.9,15.6,1,8,6,0.6,9,1,0,3,8,1,1,1,1,0,1.58,5.7,4.87,3.18,4.9,5.01,25.24,false,0,1,false,,,true,false,false,elimination_precoce,4,2,6,61,57,2,0,2,0,0,12434,5,24
lfi:chaos:4,lfi,lfi,existing,chaos,contrarien,4,fun-audit-4,union,25,false,false,kingmaker,40,11,,-0.154,11.9,5,rn,9,12.63,2,8,8,0.3,13,1,0,0,11,1,3,0,0,0,6.63,4.91,0.31,5.38,1.21,4.83,23.27,true,1,0,false,,,true,false,false,elimination_precoce,1,1,5,61,55,4,0,2,0,0,12560,10,21
lfi:chaos:5,lfi,lfi,existing,chaos,contrarien,5,fun-audit-5,field_first,25,false,false,kingmaker,37,9,,-0.308,7.6,7,nouvelle_energie,7.6,14.6,1,8,10,1.7,9,1,0,3,7,0,2,1,1,0,15.43,0,0.69,0,1.4,0,17.52,false,0,2,false,,,true,false,false,elimination_precoce,4,1,5,69,61,6,1,0,0,1,12361,21,17
lfi:chaos:6,lfi,lfi,existing,chaos,contrarien,6,fun-audit-6,presidential,25,false,false,kingmaker,52,14,,0.067,7.7,3,rn,7.7,14.9,1,8,10,0.1,10,0,0,3,7,1,1,1,1,0,1.5,0,0.35,2.13,3.84,4.68,12.5,false,0,2,false,,,true,false,false,elimination_precoce,2,1,5,59,55,2,2,0,0,0,12540,6,15
lfi:chaos:7,lfi,lfi,existing,chaos,contrarien,7,fun-audit-7,rupture,25,false,false,kingmaker,45,11.8,,-0.092,9.6,4,nouvelle_energie,9.6,16.3,1,8,6,0.3,11,0,1,1,10,0,2,0,0,0,10.71,0,2.66,4.58,1.75,8.22,27.92,true,2,0,false,,,true,false,false,elimination_precoce,1,1,5,59,50,4,1,3,1,0,12373,9,12
lfi:chaos:8,lfi,lfi,existing,chaos,contrarien,8,fun-audit-8,digital,31,true,true,secret_fragmentation,75,14.1,55.7,0.073,14.7,1,rn,9,14.7,1,8,6,1.6,15,2,0,0,8,0,0,1,1,0,11.01,5.7,3.01,5.3,1.75,5.01,31.78,true,1,2,true,73,86.60000000000002,true,false,false,victoire_serree,2,1,4,67,60,6,1,0,0,0,15610,21,6
lfi:chaos:9,lfi,lfi,existing,chaos,contrarien,9,fun-audit-9,union,31,true,true,president,75,15,57.1,0.133,7.9,1,rn,7.9,17.4,1,8,11,3.4,16,2,0,2,10,0,1,0,0,0,8.9,5.53,3.01,3.71,3.01,1.7,25.86,false,0,0,true,83.32482755676304,87.3,true,false,false,victoire_confortable,3,1,5,80,70,7,2,1,0,0,15441,12,2
lfi:chaos:10,lfi,lfi,existing,chaos,contrarien,10,fun-audit-10,field_first,25,false,false,kingmaker,41,11.5,,-0.115,12,6,ps,10.07,14.4,1,8,5,0.1,12,0,0,4,11,0,3,1,1,0,12.78,3.78,0.34,2.31,5.04,0,24.25,false,0,2,false,,,true,false,false,elimination_precoce,3,1,4,59,56,3,0,0,0,0,12611,19,15
lfi:chaos:11,lfi,lfi,existing,chaos,contrarien,11,fun-audit-11,presidential,25,false,false,kingmaker,51,13.2,,0.013,14.8,3,rn,9.5,15.6,1,8,7,0.2,12,0,0,2,8,0,1,2,1,0,12.66,5.7,0,3.71,2.47,5.01,29.55,true,1,4,false,,,true,false,false,elimination_precoce,3,1,5,58,54,2,1,1,0,0,12650,7,14
lfi:chaos:12,lfi,lfi,existing,chaos,contrarien,12,fun-audit-12,rupture,25,false,false,kingmaker,45,11,,-0.154,11.5,5,nouvelle_energie,10.84,15.8,1,7,8,1.1,9,0,0,1,7,0,1,0,0,0,7.37,5.53,3.01,2.31,0,1.7,19.92,false,0,0,false,,,true,false,false,elimination_precoce,1,1,3,63,59,3,1,0,0,0,12390,24,7
lfi:chaos:13,lfi,lfi,existing,chaos,contrarien,13,fun-audit-13,digital,29,true,false,runoff_defeat,62,11.6,45,-0.108,12.1,2,rn,11,13.61,1,6,4,0,12,2,0,3,10,1,1,1,1,0,11,8.27,3.01,2.31,4.62,0,29.21,false,0,1,true,78,85.2,true,false,false,defaite_lourde,3,1,6,69,63,2,2,2,0,0,14583,22,17
lfi:chaos:14,lfi,lfi,existing,chaos,contrarien,14,fun-audit-14,union,25,false,false,kingmaker,45,12.1,,-0.069,13,4,horizons,8.9,13,2,8,9,0.5,9,0,0,3,7,0,1,0,0,0,12.87,3.78,6.58,3.71,1.05,0,27.99,false,0,0,false,,,true,false,false,elimination_precoce,2,1,3,59,55,1,1,2,0,0,12410,10,11
lfi:chaos:15,lfi,lfi,existing,chaos,contrarien,15,fun-audit-15,field_first,25,false,false,kingmaker,51,14,,0.067,13.8,4,nouvelle_energie,11.2,14.1,1,6,5,0.3,11,0,0,1,8,1,2,1,0,0,0,0,7.15,3.18,1.23,5.01,16.57,true,1,2,false,,,true,false,false,elimination_precoce,4,2,5,60,56,2,0,2,0,0,12325,8,16
lfi:chaos:16,lfi,lfi,existing,chaos,contrarien,16,fun-audit-16,presidential,25,false,false,honorable_campaign,41,9.7,,-0.254,11.3,7,rn,9.6,14,1,8,6,0.2,10,0,0,2,8,0,2,1,0,0,9,0,0.35,2.31,4.66,3.1,19.42,false,0,1,false,,,true,false,false,elimination_precoce,2,1,3,52,52,0,0,0,0,0,12691,18,22
lfi:chaos:17,lfi,lfi,existing,chaos,contrarien,17,fun-audit-17,rupture,25,false,false,divided_party,38,10.1,,-0.223,12.8,6,nouvelle_energie,7.6,12.8,2,8,1,1.2,10,0,0,0,8,1,2,0,0,0,11.29,5.7,4.87,0,1.75,3.73,27.34,false,0,0,false,,,true,false,false,elimination_precoce,2,2,3,60,54,2,2,2,0,0,12602,10,17
lfi:chaos:18,lfi,lfi,existing,chaos,contrarien,18,fun-audit-18,digital,25,false,false,kingmaker,43,11.5,,-0.115,10.7,5,nouvelle_energie,9,13.7,1,8,6,0.1,11,1,0,2,7,0,2,2,1,0,6.84,5.7,6.9,0,1.96,4.3,25.7,true,1,3,false,,,true,false,false,elimination_precoce,2,2,6,65,57,5,2,1,0,0,12776,4,14
lfi:chaos:19,lfi,lfi,existing,chaos,contrarien,19,fun-audit-19,union,31,true,true,president,66,11.7,54.4,-0.1,10,2,ps,10,13.6,1,8,8,0.3,16,2,1,2,7,0,1,0,0,0,10.78,0,0.71,2.48,1.75,4.3,20.02,false,0,0,true,81.17960328701695,73.4,true,false,false,victoire_serree,3,1,5,80,72,5,2,0,1,0,15520,23,3
lfi:cautious:0,lfi,lfi,existing,cautious,prudent,0,fun-audit-0,field_first,25,false,false,kingmaker,55,13.3,,0.02,13.9,3,rn,9.8,15.7,1,8,4,0.1,12,0,0,1,7,0,0,2,1,0,9.99,0,0,0,1.43,0.8,12.22,false,0,2,false,,,true,false,false,elimination_precoce,4,1,3,63,54,5,1,3,0,0,12374,3,24
lfi:cautious:1,lfi,lfi,existing,cautious,prudent,1,fun-audit-1,presidential,25,false,false,kingmaker,54,13.3,,0.02,8,3,nouvelle_energie,8,15.1,1,8,5,0.3,14,0,0,2,8,1,0,1,0,0,8.8,0.07,0.35,0,0,4.68,13.9,true,2,2,false,,,true,false,false,elimination_precoce,5,2,4,59,50,4,2,3,0,0,12670,11,16
lfi:cautious:2,lfi,lfi,existing,cautious,prudent,2,fun-audit-2,rupture,31,true,true,president,87,19.3,55.7,0.371,14.2,1,renaissance,10.4,16.73,1,7,6,6.3,18,0,0,3,9,0,0,1,1,0,9.26,2.55,1.3,1.78,1.08,0.06,16.03,false,0,2,true,65,63.2,true,false,false,victoire_serree,3,1,3,75,63,6,2,4,0,0,15641,7,
lfi:cautious:3,lfi,lfi,existing,cautious,prudent,3,fun-audit-3,digital,31,true,true,president,76,14.1,56,0.073,9.9,2,rn,9.9,16.33,1,8,1,0.9,17,0,0,3,8,0,0,0,0,0,7.39,2.55,1.3,1.96,3.96,0.63,17.79,false,0,0,true,63,86.5,true,false,false,victoire_confortable,4,2,2,73,69,2,1,1,0,0,15871,22,
lfi:cautious:4,lfi,lfi,existing,cautious,prudent,4,fun-audit-4,union,31,true,true,president,83,17.9,56.7,0.288,11.9,1,rn,9.4,19,1,8,3,4.7,18,0,0,0,11,0,0,0,0,0,3.35,4.7,2.24,5.77,1.43,4.83,22.32,true,1,0,true,60,86.80000000000003,true,false,false,victoire_confortable,2,1,2,76,69,4,1,2,0,0,15655,3,17
lfi:cautious:5,lfi,lfi,existing,cautious,prudent,5,fun-audit-5,field_first,31,true,true,president,86,20,52.3,0.368,7.6,1,horizons,7.6,19,1,8,1,6.3,18,0,0,3,9,0,0,1,1,0,9.33,0,2.34,0,1.43,4.83,17.93,false,0,2,true,62,48.699999999999996,true,true,false,remontee_spectaculaire,4,1,6,80,68,6,1,4,0,1,15547,14,
lfi:cautious:6,lfi,lfi,existing,cautious,prudent,6,fun-audit-6,presidential,31,true,true,president,75,15.2,56.4,0.147,7.7,1,renaissance,7.7,16.13,1,8,9,3.3,15,0,0,2,8,0,1,1,1,0,7.43,0,0,4.18,1.84,0,13.45,false,0,2,true,65,62.99999999999999,true,false,false,victoire_confortable,1,1,5,77,71,4,2,0,0,0,15659,12,10
lfi:cautious:7,lfi,lfi,existing,cautious,prudent,7,fun-audit-7,rupture,29,true,false,runoff_defeat,70,15.6,48.6,0.153,9.6,1,nouvelle_energie,9.6,17.5,1,8,3,3.5,14,0,1,1,10,0,1,0,0,0,7.31,0,1.05,7.76,0.35,3.85,20.32,true,1,0,true,74,28.599999999999998,true,false,false,defaite_serree,3,1,6,67,57,5,1,3,1,0,14686,9,12
lfi:cautious:8,lfi,lfi,existing,cautious,prudent,8,fun-audit-8,digital,31,true,true,president,80,15.3,57,0.153,14.7,1,rn,9.1,15.46,1,8,6,3,16,0,0,0,8,0,0,1,1,0,6.55,2.73,0,1.96,2.55,0.77,14.56,true,1,2,true,61,86.60000000000002,true,false,false,victoire_confortable,2,1,3,68,60,6,1,1,0,0,15750,3,
lfi:cautious:9,lfi,lfi,existing,cautious,prudent,9,fun-audit-9,union,31,true,true,president,80,17.7,55.2,0.276,7.9,1,ps,7.9,18.8,1,8,3,5.8,16,0,0,3,7,1,0,0,0,0,5.06,2.73,0.35,0,1.43,5.03,14.6,false,0,0,true,59,70.60000000000001,true,true,false,remontee_spectaculaire,4,1,5,80,72,6,2,0,0,0,15431,3,22
lfi:cautious:10,lfi,lfi,existing,cautious,prudent,10,fun-audit-10,field_first,31,true,true,president,82,17.5,56.7,0.3,12,1,rn,11.97,16.1,1,2,0,4.8,16,0,0,4,6,0,0,2,2,0,7.65,2.67,1.3,0,3.64,0,15.26,false,0,3,true,59,88.29999999999998,true,false,false,victoire_confortable,4,2,3,80,73,3,3,1,0,0,15832,12,23
lfi:cautious:11,lfi,lfi,existing,cautious,prudent,11,fun-audit-11,presidential,31,true,true,president,81,16.7,57.6,0.218,14.8,1,rn,11.76,19,1,3,2,3.9,16,0,1,5,6,0,0,2,1,0,3.35,2.55,0,2.66,3.99,0.63,13.18,false,0,3,true,62,85,true,false,false,victoire_confortable,3,1,4,75,68,4,2,0,1,0,15801,8,24
lfi:cautious:12,lfi,lfi,existing,cautious,prudent,12,fun-audit-12,rupture,29,true,false,runoff_defeat,69,14.6,45.2,0.107,11.5,1,nouvelle_energie,11.5,19.5,1,6,1,1.6,13,0,0,1,6,1,0,0,0,0,4.19,0,0.35,1.78,3.64,5.03,14.99,false,0,0,true,69,28.8,true,false,false,defaite_lourde,3,1,3,70,66,3,1,0,0,0,14594,11,19
lfi:cautious:13,lfi,lfi,existing,cautious,prudent,13,fun-audit-13,digital,31,true,true,president,85,18.5,59.6,0.367,12.1,1,rn,11.68,20.9,1,5,2,6.3,18,0,0,0,11,0,0,0,0,0,14.29,3.12,3.95,0.7,0,0.77,22.83,false,0,0,true,59,85,true,false,false,victoire_confortable,3,1,1,75,70,3,2,0,0,0,15734,11,19
lfi:cautious:14,lfi,lfi,existing,cautious,prudent,14,fun-audit-14,union,29,true,false,runoff_defeat,77,18,49.3,0.294,13,1,horizons,9.3,16.73,1,8,6,5.9,13,0,0,1,8,0,0,0,0,0,8.66,0.63,3.95,0.7,0.35,0.63,14.92,false,0,0,true,59,47.300000000000004,true,false,false,defaite_serree,2,1,3,69,63,1,3,2,0,0,14543,4,19
lfi:cautious:15,lfi,lfi,existing,cautious,prudent,15,fun-audit-15,field_first,31,true,true,president,85,18.9,54,0.347,13.8,1,rn,11.5,18.5,1,5,4,6.3,18,0,0,2,6,0,0,1,0,0,3.17,0,1.3,1.96,1.43,0.77,8.63,false,0,1,true,60,87.40000000000002,true,false,false,victoire_serree,3,2,3,76,70,3,2,1,0,0,15299,17,
lfi:cautious:16,lfi,lfi,existing,cautious,prudent,16,fun-audit-16,presidential,31,true,true,president,81,17.5,56.1,0.265,11.3,1,ps,11.3,16.7,1,6,1,5.7,16,0,0,5,6,0,0,1,1,0,5.67,0,0.7,1.96,0,8.7,17.03,false,0,2,true,62,74.1,true,false,false,victoire_confortable,3,2,3,78,71,2,4,1,0,0,16034,10,13
lfi:cautious:17,lfi,lfi,existing,cautious,prudent,17,fun-audit-17,rupture,31,true,true,president,79,16.1,53.6,0.182,12.8,1,nouvelle_energie,10.8,16.4,1,6,8,3.5,16,0,0,0,7,0,0,1,1,0,10.67,2.55,1.3,0,0.35,0.63,15.5,false,0,1,true,72,29.900000000000002,true,false,false,victoire_serree,2,1,3,79,70,2,2,5,0,0,15891,5,20
lfi:cautious:18,lfi,lfi,existing,cautious,prudent,18,fun-audit-18,digital,31,true,true,president,77,15.6,54.5,0.153,10.7,2,rn,10.1,16.34,1,8,3,3.2,17,0,0,4,7,1,0,3,0,0,4.59,0,4.27,0.7,1.08,4.5,15.14,true,1,3,true,62,89.4,true,false,false,victoire_serree,2,2,4,80,70,5,2,3,0,0,15956,6,16
lfi:cautious:19,lfi,lfi,existing,cautious,prudent,19,fun-audit-19,union,31,true,true,president,77,14.4,59.2,0.082,10,1,rn,10,17.8,1,8,5,2.4,16,0,1,3,7,0,0,0,0,0,7.81,2.55,1.05,2.66,0,4.83,18.9,false,0,0,true,60,89.6,true,false,false,victoire_confortable,6,2,3,80,69,7,1,2,1,0,15410,10,
lfi:narrative:0,lfi,lfi,existing,narrative,mediatique,0,fun-audit-0,field_first,25,false,false,kingmaker,57,13.3,,0.02,13.9,3,rn,9,15.3,1,8,4,0.1,13,0,0,1,9,0,0,0,0,0,2.75,0.8,4.13,0,3.01,4.3,14.99,false,0,0,false,,,true,false,false,elimination_precoce,0,0,2,63,54,5,1,3,0,0,12386,10,2
lfi:narrative:1,lfi,lfi,existing,narrative,mediatique,1,fun-audit-1,presidential,25,false,false,kingmaker,53,12.5,,-0.038,8,3,nouvelle_energie,8,14.23,1,8,7,1.3,13,0,0,3,9,0,0,1,0,0,1.84,1.45,6.84,0,0.7,8.81,19.64,false,0,2,false,,,true,false,false,elimination_precoce,4,1,2,58,49,4,2,3,0,0,12914,18,20
lfi:narrative:2,lfi,lfi,existing,narrative,mediatique,2,fun-audit-2,rupture,31,true,true,president,76,15.3,53.1,0.135,14.2,1,horizons,8.4,16.4,1,8,10,1.7,17,2,0,3,11,0,1,1,1,0,5.45,5.7,0.69,1.26,3.33,9.51,25.94,false,0,2,true,84.8459792350508,47.1,true,false,false,victoire_serree,1,1,6,73,63,6,2,2,0,0,15587,7,11
lfi:narrative:3,lfi,lfi,existing,narrative,mediatique,3,fun-audit-3,digital,25,false,false,narrow_elimination,48,10.9,,-0.162,9.9,6,horizons,9.9,15.6,1,8,5,0.6,10,0,0,6,9,0,0,1,1,0,1.28,5.7,3.4,1.96,1.57,5.01,18.92,false,0,2,false,,,true,false,false,elimination_precoce,1,1,3,62,58,3,0,1,0,0,12423,5,24
lfi:narrative:4,lfi,lfi,existing,narrative,mediatique,4,fun-audit-4,union,25,false,false,kingmaker,38,10.5,,-0.192,11.9,6,rn,9,12.16,2,8,4,0.6,12,0,0,0,11,0,3,0,0,0,7.2,1.65,4.34,4.77,5.26,4.83,28.05,true,1,0,false,,,true,false,false,elimination_precoce,2,1,3,61,55,4,0,2,0,0,12589,18,19
lfi:narrative:5,lfi,lfi,existing,narrative,mediatique,5,fun-audit-5,field_first,25,false,false,kingmaker,53,14.3,,0.076,7.6,3,horizons,7.6,15.5,1,8,10,0.3,9,0,0,5,7,0,1,1,1,0,1.46,0.8,1.74,0,3.01,4.83,11.84,false,0,2,false,,,true,false,false,elimination_precoce,6,1,4,70,60,6,1,2,0,1,12278,14,18
lfi:narrative:6,lfi,lfi,existing,narrative,mediatique,6,fun-audit-6,presidential,31,true,true,president,79,15,56.3,0.133,7.7,1,renaissance,7.7,15.5,1,8,9,3.1,20,2,0,3,11,0,0,1,1,0,3.36,0.8,0,0,5.56,0,9.72,false,0,2,true,69,62.99999999999999,true,false,false,victoire_confortable,2,1,5,76,71,4,1,0,0,0,16024,18,16
lfi:narrative:7,lfi,lfi,existing,narrative,mediatique,7,fun-audit-7,rupture,29,true,false,runoff_defeat,73,15.4,49.1,0.16,9.6,1,nouvelle_energie,9.6,18,1,8,3,3.3,15,2,1,2,13,0,0,0,0,0,8.83,0.13,0.7,3.9,0,8.65,22.21,true,1,0,true,79.6479976631477,28.599999999999998,true,false,false,defaite_serree,3,1,6,67,57,5,1,3,1,0,14510,9,21
lfi:narrative:8,lfi,lfi,existing,narrative,mediatique,8,fun-audit-8,digital,29,true,false,runoff_defeat,67,13.1,49,0.007,14.7,2,rn,8.7,14.7,1,8,7,0.4,13,2,0,2,12,0,1,1,1,0,0.57,6.76,3.01,0,1.68,5.01,17.03,true,1,2,true,76,86.60000000000002,true,false,false,defaite_serree,0,0,7,61,54,5,1,1,0,0,14737,20,6
lfi:narrative:9,lfi,lfi,existing,narrative,mediatique,9,fun-audit-9,union,31,true,true,president,76,15.2,56.5,0.129,7.9,1,rn,7.9,16.7,1,8,7,3.6,19,2,0,2,9,0,0,1,0,0,6.31,2.17,3.01,0,2.31,8.88,22.68,false,0,1,true,78,87.3,true,false,false,victoire_confortable,3,1,4,80,71,7,2,0,0,0,15488,13,2
lfi:narrative:10,lfi,lfi,existing,narrative,mediatique,10,fun-audit-10,field_first,25,false,false,divided_party,37,9.8,,-0.246,12,8,rn,7.96,12.2,2,8,5,0.6,10,0,0,5,8,1,2,2,2,0,1.06,1.73,0.69,0,2.84,0,6.32,false,0,3,false,,,true,false,false,elimination_precoce,5,1,5,64,58,3,2,1,0,0,12601,22,16
lfi:narrative:11,lfi,lfi,existing,narrative,mediatique,11,fun-audit-11,presidential,31,true,true,president,73,14,54.5,0.067,14.8,1,rn,9.8,15.6,1,8,13,0.7,15,2,1,3,9,0,0,2,2,0,1.87,5.7,0,0,4.3,5.01,16.88,true,1,3,true,77,85,true,false,false,victoire_serree,1,1,6,71,64,4,2,0,1,0,15692,13,14
lfi:narrative:12,lfi,lfi,existing,narrative,mediatique,12,fun-audit-12,rupture,29,true,false,runoff_defeat,68,13.9,44.7,0.06,11.5,1,nouvelle_energie,11.5,18.2,1,6,1,0.8,14,2,0,3,7,0,0,1,1,0,6.7,0.6,3.33,0,1.05,12.3,23.98,false,0,1,true,81.90616376116813,28.8,true,false,false,defaite_lourde,2,1,4,70,66,3,1,0,0,0,14585,18,7
lfi:narrative:13,lfi,lfi,existing,narrative,mediatique,13,fun-audit-13,digital,31,true,true,president,74,14.9,56.2,0.127,12.1,1,rn,11.58,16.8,1,5,6,2.2,15,2,0,2,13,1,1,1,1,0,2.81,4.21,3.01,2.14,1.68,5.01,18.86,false,0,2,true,77.89727212406538,85,true,false,false,victoire_confortable,2,1,6,75,70,3,2,0,0,0,15869,11,2
lfi:narrative:14,lfi,lfi,existing,narrative,mediatique,14,fun-audit-14,union,29,true,false,runoff_defeat,67,14.9,47.1,0.112,13,1,horizons,8.8,13.53,1,8,12,1.7,11,2,0,3,9,1,0,1,0,0,4.11,3.78,7.88,0,0.7,4.83,21.3,false,0,2,true,71,47.300000000000004,true,false,false,defaite_serree,1,1,5,67,61,1,3,2,0,0,14657,23,11
lfi:narrative:15,lfi,lfi,existing,narrative,mediatique,15,fun-audit-15,field_first,29,true,false,runoff_defeat,73,16.5,47.6,0.233,13.8,1,ps,11.69,15.7,1,4,11,3.5,13,2,0,5,6,0,0,1,1,0,0,3.78,3.4,1.96,2.3,5.01,16.45,false,0,3,true,77,72.6,true,false,false,defaite_serree,2,2,5,68,63,3,1,1,0,0,14319,8,18
lfi:narrative:16,lfi,lfi,existing,narrative,mediatique,16,fun-audit-16,presidential,25,false,false,kingmaker,49,11.4,,-0.123,11.3,5,nouvelle_energie,10.5,14.2,1,7,3,1.3,12,0,0,5,6,0,0,2,1,0,3.71,5.7,0,2.14,1.99,0,13.54,false,0,4,false,,,true,false,false,elimination_precoce,2,1,3,59,54,1,1,3,0,0,12749,23,5
lfi:narrative:17,lfi,lfi,existing,narrative,mediatique,17,fun-audit-17,rupture,25,false,false,kingmaker,43,11.2,,-0.138,12.8,5,nouvelle_energie,6.9,12.8,2,8,1,0.3,11,0,0,2,9,0,2,0,0,0,0.21,6.43,1.1,0,1.4,9.33,18.47,false,0,0,false,,,true,false,false,elimination_precoce,2,2,3,59,54,2,2,1,0,0,12674,10,18
lfi:narrative:18,lfi,lfi,existing,narrative,mediatique,18,fun-audit-18,digital,31,true,true,president,70,13.4,52,0.024,10.7,2,rn,10.4,14.06,1,8,5,0.8,16,0,0,5,6,0,0,3,2,0,2.62,0,0.35,0,2.31,8.88,14.16,true,1,6,true,63,90.5,true,false,false,victoire_serree,1,1,5,80,69,6,2,3,0,0,16250,22,15
lfi:narrative:19,lfi,lfi,existing,narrative,mediatique,19,fun-audit-19,union,25,false,false,kingmaker,45,11.3,,-0.131,10,3,ps,10,14.4,1,8,10,0.1,11,0,1,4,6,0,1,0,0,0,7.96,0,1.96,2.14,0.35,4.83,17.24,false,0,0,false,,,true,false,false,elimination_precoce,3,1,4,65,56,5,2,1,1,0,12338,18,8
lfi:beginner:0,lfi,lfi,existing,beginner,debutant_heuristic,0,fun-audit-0,field_first,31,true,true,president,76,14.1,51.4,0.073,13.9,2,rn,10,20.1,1,8,4,0.8,17,0,0,0,10,1,0,3,2,0,10.81,0,0,0,3.01,0.8,14.62,false,0,4,true,65,86.40000000000002,true,false,false,victoire_serree,2,1,4,76,67,6,1,2,0,0,15629,3,
lfi:beginner:1,lfi,lfi,existing,beginner,debutant_heuristic,1,fun-audit-1,presidential,31,true,true,president,78,14.5,52.1,0.1,8,1,nouvelle_energie,8,16.61,1,8,3,1.1,17,0,0,3,8,0,0,1,0,0,8.26,4.97,0,0,0.7,0.63,14.56,false,0,2,true,61,28,true,false,false,victoire_serree,4,1,4,76,64,5,2,5,0,0,15951,18,
lfi:beginner:2,lfi,lfi,existing,beginner,debutant_heuristic,2,fun-audit-2,rupture,31,true,true,president,82,18.1,55.4,0.34,14.2,1,renaissance,10.6,16.3,1,6,8,5,17,0,0,4,8,0,1,1,1,0,2.89,1.85,1.3,1.78,2.7,0.9,11.42,false,0,2,true,69,63.2,true,false,false,victoire_serree,1,1,4,75,63,6,2,4,0,0,15624,7,28
lfi:beginner:3,lfi,lfi,existing,beginner,debutant_heuristic,3,fun-audit-3,digital,31,true,true,president,80,14.6,56.4,0.107,9.9,2,rn,9.9,16.81,1,8,1,1.5,17,0,0,2,11,0,0,0,0,0,3.95,1.85,1.94,4.23,4.31,2.34,18.62,false,0,0,true,59,86.5,true,false,false,victoire_confortable,3,1,2,73,69,2,1,1,0,0,15621,5,25
lfi:beginner:4,lfi,lfi,existing,beginner,debutant_heuristic,4,fun-audit-4,union,31,true,true,president,80,17.2,57,0.28,11.9,1,rn,9.2,18.4,1,8,3,3.9,18,0,0,0,11,1,0,0,0,0,1.22,8.58,0.63,7.13,2.43,3.6,23.59,true,1,0,true,59,86.80000000000003,true,false,false,victoire_confortable,1,1,3,76,69,4,1,2,0,0,15674,3,26
lfi:beginner:5,lfi,lfi,existing,beginner,debutant_heuristic,5,fun-audit-5,field_first,31,true,true,president,87,20,53,0.368,7.6,1,horizons,7.6,19.4,1,8,1,6.2,16,0,0,3,7,0,0,1,1,0,3.15,0.8,0.25,0,0,0.22,4.42,false,0,2,true,54,48.699999999999996,true,true,false,remontee_spectaculaire,4,1,6,80,69,6,0,4,0,1,15515,28,25
lfi:beginner:6,lfi,lfi,existing,beginner,debutant_heuristic,6,fun-audit-6,presidential,31,true,true,president,83,17.5,58,0.3,7.7,1,renaissance,7.7,17.96,1,8,7,5.9,17,0,0,4,9,0,0,2,2,0,9.49,0,0,0,3.04,0,12.53,false,0,4,true,59,62.99999999999999,true,true,false,remontee_spectaculaire,1,1,5,77,71,4,2,0,0,0,15870,5,13
lfi:beginner:7,lfi,lfi,existing,beginner,debutant_heuristic,7,fun-audit-7,rupture,31,true,true,president,85,18,51.2,0.333,9.6,1,nouvelle_energie,9.6,19.1,1,8,3,6.2,20,0,1,1,13,0,0,0,0,0,6.86,0.8,4.55,5.94,0,0.22,18.37,true,1,0,true,70,28.999999999999996,true,true,false,remontee_spectaculaire,4,1,6,76,64,6,1,4,1,0,15527,8,3
lfi:beginner:8,lfi,lfi,existing,beginner,debutant_heuristic,8,fun-audit-8,digital,31,true,true,president,82,16.3,57.1,0.22,14.7,1,rn,9.2,16.34,1,8,8,4.1,16,0,0,0,6,0,0,1,1,0,1.86,7.83,0,0,3.69,3.6,16.98,true,1,2,true,59,87.00000000000003,true,false,false,victoire_confortable,2,1,3,68,60,6,1,1,0,0,15856,11,
lfi:beginner:9,lfi,lfi,existing,beginner,debutant_heuristic,9,fun-audit-9,union,31,true,true,president,78,16.7,58.2,0.218,7.9,1,rn,7.9,18.5,1,8,5,5.3,16,0,0,2,8,0,1,0,0,0,2.89,5.78,0,2.14,2.66,4.33,17.8,false,0,0,true,64,87.3,true,true,false,remontee_spectaculaire,3,1,5,80,70,7,2,1,0,0,15463,3,22
lfi:beginner:10,lfi,lfi,existing,beginner,debutant_heuristic,10,fun-audit-10,field_first,31,true,true,president,82,17.3,58.4,0.287,12,1,rn,11.97,16.11,1,2,0,4.5,16,0,0,3,6,0,0,1,1,0,6.06,5.01,0.63,2.31,0.32,0,14.33,false,0,2,true,62,88.29999999999998,true,false,false,victoire_confortable,5,2,3,80,72,3,3,2,0,0,15683,22,
lfi:beginner:11,lfi,lfi,existing,beginner,debutant_heuristic,11,fun-audit-11,presidential,31,true,true,president,81,16.3,57.6,0.194,14.8,1,rn,11.8,18.8,1,3,6,3.3,15,1,1,1,8,1,0,2,2,0,4.96,2.55,0,0,2.73,0.63,10.87,true,1,3,true,66,85,true,false,false,victoire_confortable,3,1,7,72,65,4,2,0,1,0,15766,8,
lfi:beginner:12,lfi,lfi,existing,beginner,debutant_heuristic,12,fun-audit-12,rupture,29,true,false,runoff_defeat,75,16.7,47.3,0.247,11.5,1,nouvelle_energie,11.5,20.6,1,6,1,4,15,0,0,1,7,0,0,0,0,0,1.03,0,0,4.23,0,1.35,6.61,false,0,0,true,63,28.8,true,false,false,defaite_serree,2,1,3,70,66,3,1,0,0,0,14536,11,
lfi:beginner:13,lfi,lfi,existing,beginner,debutant_heuristic,13,fun-audit-13,digital,31,true,true,president,84,17.7,59,0.313,12.1,1,rn,11.71,20.4,1,5,2,5.4,16,0,0,0,9,0,0,0,0,0,6.29,5.01,0,0,0.28,0.63,12.21,false,0,0,true,64,85,true,false,false,victoire_confortable,3,1,1,74,69,3,2,0,0,0,15793,11,
lfi:beginner:14,lfi,lfi,existing,beginner,debutant_heuristic,14,fun-audit-14,union,29,true,false,runoff_defeat,75,18.1,49.7,0.3,13,1,horizons,9.5,16.76,1,8,6,5.8,11,0,0,2,7,0,0,1,0,0,5.3,2.73,3.95,0.7,0.35,0,13.03,false,0,1,true,52,47.300000000000004,true,false,false,defaite_serree,1,1,3,68,62,1,3,2,0,0,14436,4,28
lfi:beginner:15,lfi,lfi,existing,beginner,debutant_heuristic,15,fun-audit-15,field_first,31,true,true,president,89,19.9,54.7,0.46,13.8,1,rn,11.69,19.5,1,4,2,7.4,18,0,0,2,6,0,0,1,0,0,2.26,0,1.3,2.13,2.66,3.6,11.95,false,0,1,true,59,87.40000000000002,true,false,false,victoire_serree,3,2,2,76,70,3,2,1,0,0,15351,17,
lfi:beginner:16,lfi,lfi,existing,beginner,debutant_heuristic,16,fun-audit-16,presidential,29,true,false,runoff_defeat,68,13.8,49.9,0.047,11.3,1,ps,11.3,17.9,1,6,1,1.6,12,0,0,4,6,0,0,2,1,0,4.17,0,0,2.13,0,0,6.3,true,1,3,true,59,75.29999999999998,true,false,false,defaite_serree,6,2,5,64,58,3,1,2,0,0,14531,18,9
lfi:beginner:17,lfi,lfi,existing,beginner,debutant_heuristic,17,fun-audit-17,rupture,31,true,true,president,79,16.4,53.6,0.2,12.8,1,nouvelle_energie,11.3,16.8,1,4,8,3.8,17,0,0,0,11,0,1,0,0,0,9.65,2.65,1.94,0,0.35,1.49,16.08,false,0,0,true,74,29.900000000000002,true,false,false,victoire_serree,4,2,3,79,70,2,2,5,0,0,15714,7,
lfi:beginner:18,lfi,lfi,existing,beginner,debutant_heuristic,18,fun-audit-18,digital,31,true,true,president,85,18.6,50,0.373,10.7,1,nouvelle_energie,10.4,17.27,1,8,3,5.2,17,0,0,4,8,0,0,2,2,0,6.25,0,0,3.71,3.01,1.37,14.34,true,1,4,true,54,28,true,false,false,victoire_serree,1,1,5,80,69,5,2,4,0,0,15905,19,9
lfi:beginner:19,lfi,lfi,existing,beginner,debutant_heuristic,19,fun-audit-19,union,31,true,true,president,80,14.9,60.3,0.112,10,1,rn,10,18.4,1,8,5,3,17,1,1,3,7,0,0,0,0,0,7.27,2.55,1.05,2.14,0,0.95,13.96,false,0,0,true,61,89.6,true,false,false,victoire_confortable,7,2,4,80,68,7,1,3,1,0,15240,10,12
lfi:neutral_baseline:0,lfi,lfi,existing,neutral_baseline,aleatoire,0,fun-audit-0,field_first,25,false,false,kingmaker,52,12.3,,-0.054,13.9,4,rn,9.2,15,1,8,4,0.1,11,0,0,0,5,0,0,0,0,0,2,0,0,2.13,3.01,0.8,7.94,false,0,0,false,,,true,false,false,elimination_precoce,1,1,1,63,54,5,1,3,0,0,12506,3,4
lfi:neutral_baseline:1,lfi,lfi,existing,neutral_baseline,aleatoire,1,fun-audit-1,presidential,25,false,false,kingmaker,48,11.4,,-0.123,8,4,nouvelle_energie,8,13.5,1,8,7,0.2,8,0,0,1,7,1,0,2,0,0,3.21,1.62,0,2.14,0.7,0.63,8.3,true,1,2,false,,,true,false,false,elimination_precoce,3,1,4,60,51,4,2,3,0,0,12489,11,18
lfi:neutral_baseline:2,lfi,lfi,existing,neutral_baseline,aleatoire,2,fun-audit-2,rupture,31,true,true,president,77,16.5,53.4,0.206,14.2,1,renaissance,9.6,16.1,1,8,12,3.2,16,2,0,3,11,0,1,1,1,0,6.63,5.7,0.69,2.13,2.65,9.51,27.31,false,0,2,true,80.31182059664903,63.2,true,false,false,victoire_serree,1,1,6,74,63,6,2,3,0,0,15598,7,1
lfi:neutral_baseline:3,lfi,lfi,existing,neutral_baseline,aleatoire,3,fun-audit-3,digital,25,false,false,kingmaker,55,12.7,,-0.023,9.9,4,rn,9.9,15.8,1,8,1,0.6,9,0,0,1,8,0,0,1,1,0,3.24,0.95,3.83,1.96,3.96,0.63,14.57,false,0,1,false,,,true,false,false,elimination_precoce,6,1,3,60,56,2,0,2,0,0,12328,5,21
lfi:neutral_baseline:4,lfi,lfi,existing,neutral_baseline,aleatoire,4,fun-audit-4,union,25,false,false,kingmaker,51,13,,0,11.9,4,rn,9.2,12.7,2,8,8,0.7,14,0,0,0,11,0,2,0,0,0,5.93,2.53,1.57,5.79,3.56,0.95,20.33,true,1,0,false,,,true,false,false,elimination_precoce,2,2,3,61,55,4,0,2,0,0,12519,3,21
lfi:neutral_baseline:5,lfi,lfi,existing,neutral_baseline,aleatoire,5,fun-audit-5,field_first,25,false,false,kingmaker,44,11.6,,-0.108,7.6,5,nouvelle_energie,7.6,17.4,1,8,4,0.4,9,0,0,3,7,0,2,1,1,0,9.42,1.68,3.4,0,0.35,0,14.85,false,0,2,false,,,true,false,false,elimination_precoce,3,1,4,69,61,6,1,0,0,1,12288,21,17
lfi:neutral_baseline:6,lfi,lfi,existing,neutral_baseline,aleatoire,6,fun-audit-6,presidential,31,true,true,president,82,17.8,52.3,0.32,7.7,1,rn,7.7,18,1,8,11,4.6,15,2,0,4,10,0,0,1,1,0,7.89,2.14,0,1.96,0.9,0.63,13.52,false,0,2,true,65,87.7,true,true,false,remontee_spectaculaire,2,1,7,76,70,2,2,2,0,0,15603,17,12
lfi:neutral_baseline:7,lfi,lfi,existing,neutral_baseline,aleatoire,7,fun-audit-7,rupture,29,true,false,runoff_defeat,69,15.5,48.2,0.167,9.6,1,nouvelle_energie,9.6,18.1,1,8,3,3.4,12,0,1,2,10,0,1,0,0,0,6.53,0,1.05,3.9,0.7,3.55,15.73,true,1,0,true,79.69181637219614,28.599999999999998,true,false,false,defaite_serree,4,1,6,67,57,5,1,3,1,0,14764,9,26
lfi:neutral_baseline:8,lfi,lfi,existing,neutral_baseline,aleatoire,8,fun-audit-8,digital,31,true,true,president,81,15.4,56.8,0.16,14.7,1,rn,9.1,15.59,1,8,6,3.1,16,0,0,0,8,0,0,1,1,0,2.09,2.03,4.13,1.96,3.28,5.01,18.5,true,1,2,true,70,86.60000000000002,true,false,false,victoire_confortable,2,1,3,68,60,6,1,1,0,0,15719,17,8
lfi:neutral_baseline:9,lfi,lfi,existing,neutral_baseline,aleatoire,9,fun-audit-9,union,31,true,true,president,76,16.1,56.6,0.207,7.9,1,rn,7.9,17.8,1,8,5,4.6,17,0,0,3,7,1,0,0,0,0,3.73,2.03,0,0,1.12,4.5,11.38,false,0,0,true,77,87.3,true,true,false,remontee_spectaculaire,4,1,5,79,70,7,2,0,0,0,15532,15,24
lfi:neutral_baseline:10,lfi,lfi,existing,neutral_baseline,aleatoire,10,fun-audit-10,field_first,31,true,true,president,78,16.1,55.6,0.207,12,1,rn,11.7,14.43,1,4,8,3.2,14,2,0,4,8,1,0,1,1,0,9.11,1.97,3.4,0,3.99,0,18.47,false,0,2,true,73,88.29999999999998,true,false,false,victoire_serree,3,2,5,80,73,3,3,1,0,0,15682,12,3
lfi:neutral_baseline:11,lfi,lfi,existing,neutral_baseline,aleatoire,11,fun-audit-11,presidential,31,true,true,president,80,15.8,53.5,0.187,14.8,1,ps,10.5,18.2,1,7,6,2.3,16,2,1,4,6,0,0,1,1,0,5.39,0.95,1.4,0,3.64,1.51,12.89,false,0,2,true,63,70.80000000000001,true,false,false,victoire_serree,0,0,6,74,67,3,2,1,1,0,15739,13,16
lfi:neutral_baseline:12,lfi,lfi,existing,neutral_baseline,aleatoire,12,fun-audit-12,rupture,31,true,true,president,74,14.5,51.1,0.1,11.5,1,nouvelle_energie,11.5,18.8,1,6,1,1.5,16,0,0,2,7,0,0,1,1,0,6.7,0.6,3.33,0,1.4,11.02,23.05,false,0,1,true,74,28.8,true,false,false,victoire_serree,2,1,4,75,70,4,1,0,0,0,15711,11,28
lfi:neutral_baseline:13,lfi,lfi,existing,neutral_baseline,aleatoire,13,fun-audit-13,digital,31,true,true,president,80,16.7,58.7,0.247,12.1,1,rn,11.71,19.1,1,5,2,4.3,16,2,0,0,11,0,1,0,0,0,7.93,3.26,0,0,2.98,3.6,17.77,false,0,0,true,69,85,true,false,false,victoire_confortable,5,2,3,75,70,3,2,0,0,0,15809,13,21
lfi:neutral_baseline:14,lfi,lfi,existing,neutral_baseline,aleatoire,14,fun-audit-14,union,29,true,false,runoff_defeat,74,16.9,48.3,0.217,13,1,horizons,9.3,15.56,1,8,8,4.6,12,0,0,1,10,0,0,1,0,0,16.04,2.73,3.95,3.01,0.35,0,26.08,false,0,2,true,66,47.300000000000004,true,false,false,defaite_serree,2,1,3,67,61,1,3,2,0,0,14512,4,11
lfi:neutral_baseline:15,lfi,lfi,existing,neutral_baseline,aleatoire,15,fun-audit-15,field_first,31,true,true,president,87,19,50.4,0.4,13.8,1,ps,11.69,18.8,1,4,2,6.4,19,0,0,3,7,0,0,1,1,0,1.16,2.73,1.3,1.96,0.29,3.6,11.04,false,0,3,true,65,72.6,true,false,false,victoire_serree,2,2,4,76,69,3,3,1,0,0,15339,8,10
lfi:neutral_baseline:16,lfi,lfi,existing,neutral_baseline,aleatoire,16,fun-audit-16,presidential,25,false,false,kingmaker,54,12.6,,-0.031,11.3,3,ps,11.1,15.6,1,6,3,0.9,10,0,0,4,7,0,0,3,2,0,4.13,0,6.58,4.74,0,0.63,16.08,false,0,4,false,,,true,false,false,elimination_precoce,5,1,3,51,50,0,1,0,0,0,12454,12,20
lfi:neutral_baseline:17,lfi,lfi,existing,neutral_baseline,aleatoire,17,fun-audit-17,rupture,31,true,true,president,74,14.1,53.3,0.065,12.8,1,nouvelle_energie,9.6,14.4,1,8,10,1.2,15,2,0,0,9,1,0,0,0,0,4.68,0.95,2.83,0,0.7,4.17,13.33,false,0,0,true,73,29.900000000000002,true,false,false,victoire_serree,2,1,4,80,70,2,2,6,0,0,15929,10,17
lfi:neutral_baseline:18,lfi,lfi,existing,neutral_baseline,aleatoire,18,fun-audit-18,digital,29,true,false,runoff_defeat,72,16.7,44.4,0.247,10.7,1,ps,10.2,19.7,1,8,1,4.5,11,0,0,3,6,0,0,2,1,0,8.51,0,3.95,0.7,3.01,2.17,18.34,true,1,3,true,70,70.4,true,false,false,defaite_lourde,4,1,4,68,62,3,2,1,0,0,14711,19,16
lfi:neutral_baseline:19,lfi,lfi,existing,neutral_baseline,aleatoire,19,fun-audit-19,union,29,true,false,runoff_defeat,63,13,48.5,0,10,2,rn,10,16.8,1,8,5,0.8,12,0,1,2,4,0,0,0,0,0,3.21,0,1.05,0,0,1.62,5.88,false,0,0,true,63,89.19999999999999,true,false,false,defaite_serree,5,1,4,76,63,8,1,3,1,0,14143,10,4
lfi:risk_seeking_ref:0,lfi,lfi,existing,risk_seeking_ref,risque,0,fun-audit-0,field_first,29,true,false,runoff_defeat,68,13.9,48.8,0.06,13.9,2,rn,10,15.9,1,8,4,0.6,18,2,0,2,12,1,0,0,0,0,14.97,1.68,3.08,2.13,0,5.55,27.41,false,0,0,true,67,86.00000000000001,true,false,false,defaite_serree,3,1,5,69,60,5,2,2,0,0,14088,3,20
lfi:risk_seeking_ref:1,lfi,lfi,existing,risk_seeking_ref,risque,1,fun-audit-1,presidential,25,false,false,kingmaker,55,12.9,,-0.008,8,3,nouvelle_energie,8,14.56,1,8,5,0.8,14,0,0,2,10,1,0,1,0,0,7.28,7.7,4.45,3.71,0.35,4.3,27.79,false,0,2,false,,,true,false,false,elimination_precoce,4,2,3,58,49,4,2,3,0,0,12649,11,13
lfi:risk_seeking_ref:2,lfi,lfi,existing,risk_seeking_ref,risque,2,fun-audit-2,rupture,31,true,true,president,80,17.2,54.3,0.3,14.2,1,renaissance,9.8,16.6,1,8,8,4,20,2,0,3,9,0,0,1,1,0,13.8,2.55,3.4,0,0.7,3.87,24.32,false,0,2,true,69,64.3,true,false,false,victoire_serree,1,1,4,73,62,6,2,3,0,0,15369,15,10
lfi:risk_seeking_ref:3,lfi,lfi,existing,risk_seeking_ref,risque,3,fun-audit-3,digital,31,true,true,president,76,13.5,50.9,0.033,9.9,1,renaissance,9.9,16,1,8,3,0.1,17,2,1,5,10,0,0,2,2,0,12.43,2.55,3.83,2.13,0.28,0.63,21.85,true,1,4,true,69,63.9,true,false,false,victoire_serree,1,1,7,80,72,5,1,1,1,0,15495,5,23
lfi:risk_seeking_ref:4,lfi,lfi,existing,risk_seeking_ref,risque,4,fun-audit-4,union,31,true,true,president,82,17,56.1,0.267,11.9,1,rn,9.5,17.6,1,8,5,3.7,21,2,0,0,12,0,0,0,0,0,8.38,8.8,4.34,5.44,2.7,4.83,34.49,true,1,0,true,65,86.80000000000003,true,false,false,victoire_confortable,1,1,3,76,69,4,1,2,0,0,15630,3,29
lfi:risk_seeking_ref:5,lfi,lfi,existing,risk_seeking_ref,risque,5,fun-audit-5,field_first,31,true,true,president,85,18,50.7,0.294,7.6,1,horizons,7.6,17.3,1,8,5,4.2,18,2,0,4,9,0,0,1,1,0,12.32,1.68,3.4,0,0,0,17.4,false,0,2,true,67,48.699999999999996,true,true,false,remontee_spectaculaire,3,1,7,76,68,5,0,2,0,1,15397,22,17
lfi:risk_seeking_ref:6,lfi,lfi,existing,risk_seeking_ref,risque,6,fun-audit-6,presidential,31,true,true,president,80,15.2,57.4,0.147,7.7,1,renaissance,7.7,15.8,1,8,9,3.3,18,2,0,4,11,1,0,1,1,0,9.17,0,0,2.13,2.69,3.6,17.59,false,0,2,true,62,62.99999999999999,true,false,false,victoire_confortable,1,1,6,78,72,4,2,0,0,0,15694,5,15
lfi:risk_seeking_ref:7,lfi,lfi,existing,risk_seeking_ref,risque,7,fun-audit-7,rupture,31,true,true,president,83,17.3,51.6,0.253,9.6,1,nouvelle_energie,9.6,18.7,1,8,3,5.4,20,2,1,2,13,0,0,0,0,0,10.83,1.68,0.7,7.43,0,8.65,29.29,true,1,0,true,68,28.999999999999996,true,false,false,victoire_serree,2,1,6,75,64,6,1,3,1,0,15367,9,14
lfi:risk_seeking_ref:8,lfi,lfi,existing,risk_seeking_ref,risque,8,fun-audit-8,digital,31,true,true,president,82,16.3,58.8,0.22,14.7,1,rn,9.3,16,1,8,8,4.1,19,2,0,0,9,0,0,1,1,0,9.95,2.55,0,2.13,3.69,3.6,21.92,true,1,2,true,57,87.00000000000003,true,false,false,victoire_confortable,0,0,4,68,60,6,1,1,0,0,15715,11,16
lfi:risk_seeking_ref:9,lfi,lfi,existing,risk_seeking_ref,risque,9,fun-audit-9,union,31,true,true,president,80,16.6,58.8,0.24,7.9,1,rn,7.9,18.1,1,8,3,5.2,19,2,0,3,8,1,0,0,0,0,4.78,2.73,0.35,3.71,3.01,5.03,19.61,false,0,0,true,72,87.3,true,true,false,remontee_spectaculaire,2,1,6,80,70,7,2,1,0,0,15436,3,16
lfi:risk_seeking_ref:10,lfi,lfi,existing,risk_seeking_ref,risque,10,fun-audit-10,field_first,31,true,true,president,78,15.4,51.8,0.171,12,1,ps,11.81,18.5,1,4,2,3.5,21,2,0,6,9,1,0,2,1,0,13.9,5.99,3.4,3.78,0.32,0,27.39,false,0,3,true,68,74.5,true,false,false,victoire_serree,3,1,6,70,67,3,0,0,0,0,15608,21,15
lfi:risk_seeking_ref:11,lfi,lfi,existing,risk_seeking_ref,risque,11,fun-audit-11,presidential,31,true,true,president,78,14.8,57.5,0.113,14.8,1,rn,11,16.9,1,5,6,1.8,17,2,1,4,7,1,0,2,2,0,3.52,4.48,0,3.71,2.41,0.63,14.75,true,1,5,true,63,85,true,false,false,victoire_confortable,2,1,7,71,64,4,2,0,1,0,15820,8,25
lfi:risk_seeking_ref:12,lfi,lfi,existing,risk_seeking_ref,risque,12,fun-audit-12,rupture,29,true,false,runoff_defeat,68,14.6,45.9,0.107,11.5,1,nouvelle_energie,11.5,18.9,1,6,1,1.6,14,2,0,5,7,1,0,1,1,0,12.36,0,0.35,0,0,5.03,17.74,false,0,1,true,72,28.8,true,false,false,defaite_lourde,2,1,5,70,66,3,1,0,0,0,14542,11,14
lfi:risk_seeking_ref:13,lfi,lfi,existing,risk_seeking_ref,risque,13,fun-audit-13,digital,31,true,true,president,88,19.1,61.2,0.407,12.1,1,rn,11.68,21.4,1,5,2,7,19,2,0,3,13,0,0,1,1,0,16.78,4.58,0,0,3.01,0,24.37,false,0,2,true,61,85,true,false,false,victoire_confortable,2,1,4,75,70,3,2,0,0,0,15727,11,21
lfi:risk_seeking_ref:14,lfi,lfi,existing,risk_seeking_ref,risque,14,fun-audit-14,union,29,true,false,runoff_defeat,76,17,49.3,0.267,13,1,horizons,9.6,15.28,1,8,6,4,15,2,0,3,11,0,0,1,0,0,14.19,0.63,2.34,3.71,1.05,3.6,25.52,false,0,2,true,68,47.300000000000004,true,false,false,defaite_serree,1,1,4,67,61,1,3,2,0,0,14600,4,11
lfi:risk_seeking_ref:15,lfi,lfi,existing,risk_seeking_ref,risque,15,fun-audit-15,field_first,31,true,true,president,84,18,50.3,0.333,13.8,1,ps,11.65,17.8,1,4,6,5.2,19,2,0,3,7,0,0,1,1,0,6.35,0,3.4,2.13,2.66,4.05,18.59,false,0,3,true,64,72.6,true,false,false,victoire_serree,2,2,5,76,69,3,3,1,0,0,15285,8,10
lfi:risk_seeking_ref:16,lfi,lfi,existing,risk_seeking_ref,risque,16,fun-audit-16,presidential,31,true,true,president,77,13.8,54.6,0.053,11.3,1,ps,11.3,17.1,1,6,1,0.6,19,2,0,4,10,0,0,1,1,0,13.06,0,0,4.06,0.35,3.6,21.07,false,0,2,true,64,73.4,true,false,false,victoire_serree,2,1,4,72,67,3,2,0,0,0,15938,8,19
lfi:risk_seeking_ref:17,lfi,lfi,existing,risk_seeking_ref,risque,17,fun-audit-17,rupture,29,true,false,runoff_defeat,72,15.4,49.4,0.16,12.8,1,nouvelle_energie,10.3,18,1,6,8,2.7,16,2,0,3,12,0,0,1,1,0,17.88,4.07,3.83,0,0.35,0.63,26.76,false,0,1,true,68,29.900000000000002,true,false,false,defaite_serree,2,1,5,66,59,2,2,3,0,0,14660,7,22
lfi:risk_seeking_ref:18,lfi,lfi,existing,risk_seeking_ref,risque,18,fun-audit-18,digital,29,true,false,runoff_defeat,75,16.6,49.5,0.24,10.7,1,nouvelle_energie,10.4,15.03,1,8,5,2.8,17,2,0,2,9,0,0,2,2,0,11.03,0.63,2.03,0,2.31,4.3,20.3,true,1,4,true,63,28.4,true,false,false,defaite_serree,0,0,6,76,65,5,2,4,0,0,14770,6,14
lfi:risk_seeking_ref:19,lfi,lfi,existing,risk_seeking_ref,risque,19,fun-audit-19,union,31,true,true,president,80,15.8,59,0.187,10,1,rn,10,19.7,1,8,3,4.7,20,2,1,4,7,0,0,0,0,0,11.42,0,1.05,0,3.01,4.83,20.31,false,0,0,true,66,89.69999999999999,true,false,false,victoire_confortable,2,1,4,80,71,6,1,1,1,0,15301,10,22
ps:strategist:0,ps,ps,existing,strategist,parti_dabord,0,fun-audit-0,field_first,31,true,true,president,91,15.6,56.4,0.541,11.2,1,rn,10.4,16.7,1,8,5,1.1,24,2,0,3,10,0,0,2,1,0,4.4,0.7,0,1.85,3.05,7.95,17.95,false,0,3,true,82.5622950960134,86.5,true,false,false,victoire_confortable,3,2,4,78,67,7,1,3,0,0,15514,10,29
ps:strategist:1,ps,ps,existing,strategist,parti_dabord,1,fun-audit-1,presidential,29,true,false,runoff_defeat,77,13.5,44.4,0.439,12.7,1,nouvelle_energie,11.6,16,1,4,4,1.3,15,2,0,2,7,0,1,2,1,0,4.04,3.57,0.35,1.85,2.16,3.81,15.78,true,2,3,true,85.28644527891498,28,true,false,false,defaite_lourde,5,2,6,70,61,4,2,3,0,0,14578,12,
ps:strategist:2,ps,ps,existing,strategist,parti_dabord,2,fun-audit-2,rupture,31,true,true,president,91,16.4,57,0.58,15.4,1,horizons,10.6,18.85,1,7,4,3.2,24,2,0,2,7,0,0,1,1,0,0.67,0.28,0,0,1.05,7.32,9.32,true,1,2,true,83.81611297930073,47.1,true,false,false,victoire_confortable,1,1,5,71,61,5,2,3,0,0,15643,22,
ps:strategist:3,ps,ps,existing,strategist,parti_dabord,3,fun-audit-3,digital,25,false,false,kingmaker,62,12.7,,0.4,10.8,3,nouvelle_energie,8.2,17.9,1,8,3,0,14,0,0,2,5,0,0,1,0,0,0.42,2.34,0,1.51,3.05,4.52,11.84,true,1,1,false,,,true,false,false,elimination_precoce,4,1,3,59,55,3,0,1,0,0,12399,8,19
ps:strategist:4,ps,ps,existing,strategist,parti_dabord,4,fun-audit-4,union,25,false,false,kingmaker,63,13.1,,0.42,13.2,4,rn,9.7,16.4,1,8,8,0.4,15,0,0,0,10,1,0,0,0,0,3.59,0.5,0.35,3.21,2.97,7.95,18.57,true,1,0,false,,,true,false,false,elimination_precoce,1,1,3,61,55,4,0,2,0,0,12616,21,9
ps:strategist:5,ps,ps,existing,strategist,parti_dabord,5,fun-audit-5,field_first,31,true,true,president,90,17.9,57.5,0.654,13.8,1,rn,10.9,19,1,7,4,5.5,20,2,0,2,6,0,0,0,0,0,3.64,0.28,0.35,0,0.35,6.62,11.24,false,0,0,true,73,88.10000000000001,true,false,false,victoire_confortable,1,1,3,80,71,6,1,1,0,1,15613,27,19
ps:strategist:6,ps,ps,existing,strategist,parti_dabord,6,fun-audit-6,presidential,25,false,false,kingmaker,62,12.4,,0.385,9.3,4,lfi,9.3,15.8,1,8,5,0.8,12,0,0,3,7,0,1,2,2,0,4.87,2.38,0,0,2.26,3.81,13.32,false,0,4,false,,,true,false,false,elimination_precoce,2,1,4,53,49,3,1,0,0,0,12580,15,9
ps:strategist:7,ps,ps,existing,strategist,parti_dabord,7,fun-audit-7,rupture,29,true,false,runoff_defeat,87,19,50,0.707,17.2,1,nouvelle_energie,11.5,17.84,1,4,2,5.5,17,2,1,3,9,0,0,2,1,0,1.34,3.57,0.35,3.21,1.4,8.01,17.88,false,0,2,true,84.923280504431,28.4,true,false,false,defaite_serree,2,1,6,70,60,6,0,3,1,0,14366,17,
ps:strategist:8,ps,ps,existing,strategist,parti_dabord,8,fun-audit-8,digital,31,true,true,president,87,14.7,57.3,0.498,7.9,1,rn,7.9,17,1,8,1,2.2,22,2,0,0,7,0,0,1,1,0,4.48,0.7,0,0,3.01,4.52,12.71,true,1,2,true,77.89727212406538,86.20000000000002,true,false,false,victoire_confortable,4,1,5,71,64,6,0,1,0,0,15491,25,13
ps:strategist:9,ps,ps,existing,strategist,parti_dabord,9,fun-audit-9,union,31,true,true,president,87,15,58.4,0.512,11.1,1,rn,11.1,17.37,1,6,3,2.8,23,2,0,2,6,0,0,0,0,0,3.57,2.87,0,0,1.05,5.15,12.64,false,0,0,true,79.60189059188419,86.2,true,false,false,victoire_confortable,1,1,3,79,70,7,1,1,0,0,15457,22,16
ps:strategist:10,ps,ps,existing,strategist,parti_dabord,10,fun-audit-10,field_first,29,true,false,runoff_defeat,84,17.8,48.9,0.649,13.1,1,renaissance,10.5,16.1,1,7,8,5.1,17,2,0,5,5,0,0,1,1,0,4.81,5.56,0,1.51,0.7,0,12.58,false,0,2,true,77.89727212406538,63.2,true,false,false,defaite_serree,3,1,5,72,65,5,1,1,0,0,14434,22,11
ps:strategist:11,ps,ps,existing,strategist,parti_dabord,11,fun-audit-11,presidential,31,true,true,president,90,16.1,57.5,0.566,13.9,1,rn,11.6,17.8,1,4,4,4.4,22,2,1,2,8,0,0,3,1,0,2.58,0.7,0,1.51,2.97,4.52,12.28,true,1,4,true,78.74869748763318,85,true,false,false,victoire_confortable,2,1,6,74,67,6,0,0,1,0,15495,27,14
ps:strategist:12,ps,ps,existing,strategist,parti_dabord,12,fun-audit-12,rupture,29,true,false,runoff_defeat,84,17.1,48.6,0.615,16.5,1,nouvelle_energie,12,17.78,1,3,2,4.3,18,2,0,1,6,0,0,0,0,0,3.3,0,0.35,0,0.7,10.97,15.32,false,0,0,true,83.1508513866204,29,true,false,false,defaite_serree,2,1,4,72,67,4,1,0,0,0,14578,17,13
ps:strategist:13,ps,ps,existing,strategist,parti_dabord,13,fun-audit-13,digital,31,true,true,president,89,15.2,58,0.522,9.2,1,rn,9.2,15.24,1,8,5,2.4,23,2,0,1,10,0,0,0,0,0,1.32,5.56,5.7,1.51,2.41,0,16.5,false,0,0,true,83.95529453756956,85,true,false,false,victoire_confortable,3,2,3,75,70,4,1,0,0,0,15862,17,29
ps:strategist:14,ps,ps,existing,strategist,parti_dabord,14,fun-audit-14,union,31,true,true,president,87,14.8,57.1,0.502,7.7,1,rn,7.7,14.8,1,8,3,0.5,20,2,0,3,6,0,0,3,2,0,1.18,2.94,0,1.85,2.31,4.52,12.8,true,1,6,true,77.89727212406538,87.30000000000001,true,false,false,victoire_confortable,1,1,6,77,71,3,1,2,0,0,15657,28,25
ps:strategist:15,ps,ps,existing,strategist,parti_dabord,15,fun-audit-15,field_first,31,true,true,president,87,18.1,53.5,0.663,14.3,1,lfi,11.87,18.3,1,4,2,5.8,20,2,0,0,5,1,0,0,0,0,2.08,0.02,0,0,0,0,2.1,false,0,0,true,79.69378182916644,60.99999999999999,true,false,false,victoire_serree,2,1,4,76,70,4,1,1,0,0,15457,16,20
ps:strategist:16,ps,ps,existing,strategist,parti_dabord,16,fun-audit-16,presidential,31,true,true,president,94,17.8,58.5,0.649,11.4,1,rn,10.3,17.04,1,7,7,4.9,22,2,1,1,8,0,0,1,0,0,6.74,1.71,0,1.85,0.7,4.52,15.52,false,0,1,true,76,86.4,true,false,false,victoire_confortable,2,1,4,76,68,4,2,1,1,0,15857,26,19
ps:strategist:17,ps,ps,existing,strategist,parti_dabord,17,fun-audit-17,rupture,29,true,false,runoff_defeat,81,15.1,47.1,0.517,15.7,1,rn,11.5,15.99,1,3,2,2.3,16,2,0,2,5,0,0,2,2,0,0.51,2.38,0,1.5,0.7,4.52,9.61,true,1,3,true,86.98393237243606,88.30000000000001,true,false,false,defaite_serree,4,2,6,65,59,3,1,2,0,0,14435,10,26
ps:strategist:18,ps,ps,existing,strategist,parti_dabord,18,fun-audit-18,digital,25,false,false,kingmaker,59,11.5,,0.341,8.8,5,rn,8.8,19.7,1,8,5,0.3,12,0,0,3,7,0,0,2,0,0,3.61,0.7,0.35,1.85,0,3.81,10.32,true,1,2,false,,,true,false,true,effondrement,1,1,4,64,56,3,1,4,0,0,12611,9,14
ps:strategist:19,ps,ps,existing,strategist,parti_dabord,19,fun-audit-19,union,31,true,true,president,92,19.1,52.6,0.712,9,1,lfi,8.3,19.6,1,8,3,6.6,21,2,1,2,6,0,0,1,0,0,4.07,2.38,0,1.85,0.35,3.12,11.77,false,0,1,true,82.56379151301418,63.7,true,true,false,remontee_spectaculaire,3,1,6,77,65,8,2,1,1,0,15438,22,21
ps:roleplayer:0,ps,ps,existing,roleplayer,ideologiquement_coherent,0,fun-audit-0,field_first,31,true,true,president,93,16.9,58.1,0.605,11.2,1,rn,10.3,17.5,1,8,5,2.6,21,1,0,3,13,0,0,1,1,0,7.46,1.44,1.29,2.28,0.35,2,14.82,false,0,2,true,75,86.5,false,false,false,victoire_confortable,5,2,3,79,67,7,1,4,0,0,15472,8,
ps:roleplayer:1,ps,ps,existing,roleplayer,ideologiquement_coherent,1,fun-audit-1,presidential,29,true,false,runoff_defeat,83,14.8,46.2,0.502,12.7,1,nouvelle_energie,11.7,16.3,1,4,4,2.8,15,1,0,2,8,0,0,3,0,0,2.22,0.42,0.63,1.33,0,0.14,4.74,true,1,4,true,65,28,true,false,false,defaite_serree,4,2,5,70,61,4,2,3,0,0,14721,2,20
ps:roleplayer:2,ps,ps,existing,roleplayer,ideologiquement_coherent,2,fun-audit-2,rupture,31,true,true,president,93,16.9,57.1,0.551,15.4,1,horizons,10.7,18.94,1,7,2,3.8,19,0,0,2,13,0,0,1,1,0,1.84,0.28,0.28,0,1.75,0.99,5.14,true,1,2,true,73.45465026119939,47.1,true,false,false,victoire_confortable,2,1,4,71,61,5,2,3,0,0,15521,7,28
ps:roleplayer:3,ps,ps,existing,roleplayer,ideologiquement_coherent,3,fun-audit-3,digital,31,true,true,president,93,18.2,58.5,0.668,10.8,1,rn,8.2,22.3,1,8,1,4.5,17,1,0,4,7,0,0,1,0,0,2.15,1.16,0.59,0.7,0.56,0.14,5.3,true,1,2,true,66,86.5,true,false,false,victoire_confortable,2,1,4,76,70,4,1,1,0,0,15761,13,23
ps:roleplayer:4,ps,ps,existing,roleplayer,ideologiquement_coherent,4,fun-audit-4,union,31,true,true,president,88,14.1,50.7,0.427,13.2,2,rn,9.7,17.5,1,8,6,0.3,22,1,0,2,13,0,0,1,1,0,7.47,4,0,2.7,0,1.26,15.43,true,1,2,true,67,86.80000000000003,true,false,false,victoire_serree,2,1,6,76,69,4,1,2,0,0,15567,6,26
ps:roleplayer:5,ps,ps,existing,roleplayer,ideologiquement_coherent,5,fun-audit-5,field_first,31,true,true,president,94,18.1,57.1,0.663,13.8,1,rn,10.9,19.8,1,7,4,5.8,19,1,0,1,11,0,0,0,0,0,2.2,1.16,1.11,0,0,0.82,5.29,false,0,0,true,68,88.10000000000001,true,false,false,victoire_confortable,1,1,3,80,71,6,1,1,0,1,15560,16,
ps:roleplayer:6,ps,ps,existing,roleplayer,ideologiquement_coherent,6,fun-audit-6,presidential,31,true,true,president,94,17.8,56.2,0.649,9.3,1,lfi,9.3,17.9,1,8,3,5.2,19,0,0,3,13,0,0,2,1,0,5.29,0.7,0.77,2.03,0.88,0.31,9.98,false,0,3,true,60,60.599999999999994,true,true,false,remontee_spectaculaire,0,0,4,71,69,1,1,0,0,0,15533,13,19
ps:roleplayer:7,ps,ps,existing,roleplayer,ideologiquement_coherent,7,fun-audit-7,rupture,31,true,true,president,91,15.8,50.4,0.551,17.2,1,nouvelle_energie,11.8,19,1,2,0,3.6,20,1,1,1,11,0,0,2,0,0,3.77,0,1.05,5.19,2.1,2.55,14.66,true,1,2,true,76.94831496260039,28.999999999999996,true,false,false,victoire_serree,5,2,6,76,64,6,1,4,1,0,15438,8,3
ps:roleplayer:8,ps,ps,existing,roleplayer,ideologiquement_coherent,8,fun-audit-8,digital,31,true,true,president,89,14.6,57.2,0.449,7.9,1,rn,7.9,16.5,1,8,1,2.1,20,1,0,0,12,0,0,2,1,0,2.46,3.73,0.35,0,0,0.82,7.36,true,1,2,true,69,86.20000000000002,true,false,false,victoire_confortable,4,2,5,71,64,6,0,1,0,0,15679,22,13
ps:roleplayer:9,ps,ps,existing,roleplayer,ideologiquement_coherent,9,fun-audit-9,union,31,true,true,president,90,14.9,58.2,0.507,11.1,1,rn,11.1,17.18,1,6,1,2.7,20,1,0,2,9,0,0,2,0,0,2.99,0.28,0.35,0,0,0.31,3.93,false,0,2,true,70,86.2,true,false,false,victoire_confortable,1,1,3,79,70,7,1,1,0,0,15686,7,28
ps:roleplayer:10,ps,ps,existing,roleplayer,ideologiquement_coherent,10,fun-audit-10,field_first,31,true,true,president,90,15.2,57.3,0.522,13.1,1,rn,11.1,17.03,1,6,4,2.4,21,0,0,4,10,0,0,2,1,0,5.73,0.42,0.35,5.53,0,0,12.03,false,0,3,true,72,88.29999999999998,true,false,false,victoire_confortable,2,1,3,80,73,3,2,2,0,0,15544,12,22
ps:roleplayer:11,ps,ps,existing,roleplayer,ideologiquement_coherent,11,fun-audit-11,presidential,31,true,true,president,90,15.8,57.2,0.551,13.9,1,rn,11.6,18.2,1,4,4,2.5,19,0,1,2,10,0,0,3,2,0,2.42,1.16,0.7,5.74,2.45,0,12.47,true,1,4,true,69,85,true,false,false,victoire_confortable,2,1,5,73,65,5,2,0,1,0,15542,7,20
ps:roleplayer:12,ps,ps,existing,roleplayer,ideologiquement_coherent,12,fun-audit-12,rupture,29,true,false,runoff_defeat,85,17.7,48.3,0.644,16.5,1,nouvelle_energie,12.82,18.7,1,2,0,5,16,0,0,3,10,0,0,0,0,0,2.75,0.43,0.28,0,0.35,0.52,4.33,false,0,0,true,78.2015376686386,29,true,false,false,defaite_serree,1,1,3,72,67,4,1,0,0,0,14492,9,12
ps:roleplayer:13,ps,ps,existing,roleplayer,ideologiquement_coherent,13,fun-audit-13,digital,31,true,true,president,91,16.8,58.9,0.6,9.2,1,rn,9.2,16.99,1,8,1,4.3,19,0,0,0,14,0,0,0,0,0,4.05,0.42,0.28,2.35,0.35,0,7.45,false,0,0,true,71,85,true,false,false,victoire_confortable,4,2,1,76,71,4,1,0,0,0,15530,22,17
ps:roleplayer:14,ps,ps,existing,roleplayer,ideologiquement_coherent,14,fun-audit-14,union,29,true,false,runoff_defeat,87,17.5,49.3,0.578,7.7,1,horizons,7.7,19.1,1,8,1,5.4,17,0,0,3,10,0,0,2,2,0,5.8,0.99,0.35,0,2.59,0.14,9.87,false,0,5,true,65,47.300000000000004,true,true,false,remontee_spectaculaire,0,0,5,68,62,1,3,2,0,0,14577,5,10
ps:roleplayer:15,ps,ps,existing,roleplayer,ideologiquement_coherent,15,fun-audit-15,field_first,31,true,true,president,92,18.5,53.3,0.683,14.3,1,lfi,12.04,19.3,1,2,0,6.2,18,0,0,1,8,0,0,2,1,0,3.04,3.42,0.99,0,0,0.31,7.76,false,0,2,true,68,60.99999999999999,true,false,false,victoire_serree,3,2,4,76,70,4,1,1,0,0,15568,2,28
ps:roleplayer:16,ps,ps,existing,roleplayer,ideologiquement_coherent,16,fun-audit-16,presidential,31,true,true,president,92,17,57.1,0.556,11.4,1,rn,10.1,16.26,1,8,7,4,20,0,1,0,13,0,1,2,2,0,4.35,0.7,0.7,1.9,5.23,0.14,13.02,false,0,3,true,75,86.4,true,false,false,victoire_confortable,3,3,4,76,68,4,2,1,1,0,16087,6,7
ps:roleplayer:17,ps,ps,existing,roleplayer,ideologiquement_coherent,17,fun-audit-17,rupture,31,true,true,president,97,21.1,50.8,0.738,15.7,1,horizons,12.1,20.6,1,2,0,6.9,19,0,0,4,7,0,0,1,0,0,1.43,1.16,0.7,0.63,0.35,0.14,4.41,true,1,1,true,68.89662992520078,47.599999999999994,true,false,false,victoire_serree,4,2,4,75,67,3,1,4,0,0,15381,5,17
ps:roleplayer:18,ps,ps,existing,roleplayer,ideologiquement_coherent,18,fun-audit-18,digital,31,true,true,president,94,18.2,50.1,0.609,8.8,1,renaissance,8.8,20.5,1,8,3,5.5,20,1,0,4,11,0,0,3,1,0,4.51,0.7,0,2.03,2.77,0.14,10.15,true,1,4,true,69,63.3,true,true,false,remontee_spectaculaire,1,1,7,78,69,6,3,0,0,0,15956,6,22
ps:roleplayer:19,ps,ps,existing,roleplayer,ideologiquement_coherent,19,fun-audit-19,union,31,true,true,president,95,19.2,53.1,0.717,9,1,lfi,8.3,20,1,8,3,6.7,21,1,1,3,8,0,0,1,0,0,5.32,2.38,0.35,2.03,0,1.26,11.34,false,0,1,true,63,63.7,true,true,false,remontee_spectaculaire,5,2,6,77,65,8,2,1,1,0,15397,4,8
ps:opportunist:0,ps,ps,existing,opportunist,opportuniste_electoral,0,fun-audit-0,field_first,31,true,true,president,93,17.8,54.4,0.649,11.2,1,rn,9.7,15.54,1,8,7,5.4,23,2,0,2,9,0,0,1,0,0,0.05,0.7,0.77,1.51,0,3.81,6.84,false,0,1,true,74,86.40000000000002,true,false,false,victoire_serree,2,1,3,76,69,5,0,2,0,0,15349,10,13
ps:opportunist:1,ps,ps,existing,opportunist,opportuniste_electoral,1,fun-audit-1,presidential,29,true,false,runoff_defeat,80,13.4,49.5,0.434,12.7,1,rn,11.6,15.2,1,5,4,1.2,16,2,0,4,5,0,0,2,1,0,2.78,3.57,1.09,0,0.7,3.81,11.95,false,0,4,true,76.79454424813076,87.00000000000001,true,false,false,defaite_serree,6,2,5,70,62,4,2,2,0,0,14476,12,23
ps:opportunist:2,ps,ps,existing,opportunist,opportuniste_electoral,2,fun-audit-2,rupture,25,false,false,kingmaker,56,12.6,,0.36,15.4,5,horizons,9.9,15.4,1,8,4,0.3,11,0,0,2,5,0,1,2,2,0,2.66,4.27,0,0,1.05,3.12,11.1,false,0,4,false,,,true,false,false,elimination_precoce,3,2,4,59,52,6,0,1,0,0,12246,3,11
ps:opportunist:3,ps,ps,existing,opportunist,opportuniste_electoral,3,fun-audit-3,digital,25,false,false,kingmaker,65,12.6,,0.36,10.8,3,nouvelle_energie,8.2,18.1,1,8,5,0.2,11,1,0,3,6,0,0,1,0,0,1.34,2.34,3.22,0,3.05,4.52,14.47,true,1,2,false,,,true,false,false,elimination_precoce,5,1,4,60,56,3,0,1,0,0,12531,13,18
ps:opportunist:4,ps,ps,existing,opportunist,opportuniste_electoral,4,fun-audit-4,union,25,false,false,kingmaker,50,9.2,,0.209,13.2,6,rn,8,13.7,1,8,7,2.4,14,1,0,3,12,1,2,1,1,0,2.74,0.5,3.22,2.86,0.7,3.12,13.14,true,1,2,false,,,true,false,false,elimination_precoce,3,1,7,62,56,4,0,2,0,0,12557,24,9
ps:opportunist:5,ps,ps,existing,opportunist,opportuniste_electoral,5,fun-audit-5,field_first,31,true,true,president,83,14.7,53.2,0.498,13.8,1,renaissance,10.5,17.1,1,7,6,3.2,21,2,0,3,8,2,1,1,0,0,2.29,4.27,0,0,2.73,3.12,12.41,false,0,2,true,88.70602486474019,62.300000000000004,true,false,false,victoire_serree,0,0,6,80,70,6,1,2,0,1,15752,25,3
ps:opportunist:6,ps,ps,existing,opportunist,opportuniste_electoral,6,fun-audit-6,presidential,31,true,true,president,89,16.2,52.4,0.571,9.3,1,lfi,9.3,17,1,8,5,3.5,24,2,0,4,10,0,1,2,0,0,4.88,2.38,0,0,3.32,0,10.58,true,1,2,true,87.94552395306332,59.4,true,false,false,victoire_serree,0,0,6,69,67,0,1,1,0,0,15589,6,5
ps:opportunist:7,ps,ps,existing,opportunist,opportuniste_electoral,7,fun-audit-7,rupture,31,true,true,president,89,16,51.3,0.561,17.2,1,nouvelle_energie,12.2,18.6,1,2,0,3.9,24,2,1,1,9,1,0,1,1,0,1.5,2.38,1.05,2.86,0.35,1.82,9.96,true,1,2,true,83.58246188436107,28.999999999999996,true,false,false,victoire_serree,3,1,8,76,64,6,1,4,1,0,15446,23,19
ps:opportunist:8,ps,ps,existing,opportunist,opportuniste_electoral,8,fun-audit-8,digital,31,true,true,president,85,14,56.9,0.422,7.9,1,rn,7.9,17.2,1,8,5,1.4,22,2,0,0,10,1,0,0,0,0,0.43,3.64,1.05,1.51,0.7,1.37,8.7,true,1,0,true,75,86.20000000000002,true,false,false,victoire_confortable,5,3,5,70,64,6,0,0,0,0,15722,25,21
ps:opportunist:9,ps,ps,existing,opportunist,opportuniste_electoral,9,fun-audit-9,union,31,true,true,president,83,13.2,50,0.424,11.1,2,rn,11.1,15.77,1,6,3,0.7,21,2,0,1,8,0,1,0,0,0,4.28,2.87,1.05,1.51,0.7,2,12.41,false,0,0,true,85.86202529831623,86.2,true,false,false,victoire_serree,1,1,5,80,71,7,1,1,0,0,15438,7,24
ps:opportunist:10,ps,ps,existing,opportunist,opportuniste_electoral,10,fun-audit-10,field_first,25,false,false,kingmaker,62,12.1,,0.371,13.1,4,rn,10.5,14.31,1,7,6,0.3,13,0,0,7,4,0,0,2,1,0,0.15,3.57,0,1.51,0.7,0,5.93,false,0,4,false,,,true,false,false,elimination_precoce,3,1,3,62,56,3,2,1,0,0,12380,24,5
ps:opportunist:11,ps,ps,existing,opportunist,opportuniste_electoral,11,fun-audit-11,presidential,31,true,true,president,89,15.5,50.6,0.489,13.9,1,ecologistes,11.3,17.7,1,6,2,2.9,20,2,0,2,10,1,0,3,2,0,0.68,0,0,2.86,5.95,0,9.49,false,0,4,true,77.69378182916644,40.3,true,false,false,victoire_serree,2,1,6,73,68,5,0,0,0,0,15414,25,16
ps:opportunist:12,ps,ps,existing,opportunist,opportuniste_electoral,12,fun-audit-12,rupture,29,true,false,runoff_defeat,83,16,47.7,0.561,16.5,1,nouvelle_energie,11.4,17.9,1,3,2,3.1,18,2,0,2,8,1,0,0,0,0,3.27,3.57,3.22,0.63,0.7,3.81,15.2,false,0,0,true,86.47880391454399,29,true,false,false,defaite_serree,0,0,5,72,67,4,1,0,0,0,14577,18,21
ps:opportunist:13,ps,ps,existing,opportunist,opportuniste_electoral,13,fun-audit-13,digital,31,true,true,president,86,15.3,57.8,0.527,9.2,1,rn,9.2,15.25,1,8,3,2.6,21,2,0,1,11,1,1,1,0,0,5.24,0.2,3.91,0,0.7,0,10.05,false,0,1,true,82.39986986838534,85,true,false,false,victoire_confortable,5,2,5,76,71,4,1,0,0,0,15623,26,29
ps:opportunist:14,ps,ps,existing,opportunist,opportuniste_electoral,14,fun-audit-14,union,29,true,false,runoff_defeat,81,16.4,50,0.529,7.7,1,horizons,7.7,15.5,1,8,1,3.9,15,2,0,2,11,0,1,4,3,0,3.72,8.76,0,0,5.39,4.52,22.39,false,0,8,true,83.08077267937854,49.099999999999994,true,true,false,remontee_spectaculaire,0,0,7,70,64,1,3,2,0,0,14580,26,14
ps:opportunist:15,ps,ps,existing,opportunist,opportuniste_electoral,15,fun-audit-15,field_first,31,true,true,president,84,15.7,51.1,0.546,14.3,1,lfi,11.87,16.7,1,4,2,3,18,2,0,0,4,1,1,0,0,0,1.61,3.66,0,0,0.35,0,5.62,false,0,0,true,85.35898695552382,60.99999999999999,true,false,false,victoire_serree,2,1,5,76,70,4,1,1,0,0,15397,25,20
ps:opportunist:16,ps,ps,existing,opportunist,opportuniste_electoral,16,fun-audit-16,presidential,31,true,true,president,93,16.8,58.6,0.547,11.4,1,rn,9.7,16.2,1,8,7,3.7,19,2,1,1,8,0,0,1,1,0,4.09,2.94,0,1.51,1.4,4.52,14.46,false,0,2,true,74,86.4,true,false,false,victoire_confortable,3,3,5,77,68,4,2,2,1,0,15934,26,4
ps:opportunist:17,ps,ps,existing,opportunist,opportuniste_electoral,17,fun-audit-17,rupture,25,false,false,kingmaker,60,13.1,,0.382,15.7,3,rn,11.8,15.7,1,2,0,0,11,0,0,1,7,1,1,1,0,0,1.64,2.38,0,2.07,0.7,4.52,11.31,true,1,1,false,,,true,false,false,elimination_precoce,3,2,5,58,52,3,1,2,0,0,12577,1,17
ps:opportunist:18,ps,ps,existing,opportunist,opportuniste_electoral,18,fun-audit-18,digital,31,true,true,president,87,15,53.6,0.467,8.8,2,renaissance,8.8,18.2,1,8,3,1.6,20,2,0,2,10,0,1,2,1,0,1.97,3.01,1.4,0,0,2,8.38,true,1,3,true,79.69378182916644,62.199999999999996,true,false,false,victoire_serree,1,1,7,74,66,4,3,1,0,0,15802,20,21
ps:opportunist:19,ps,ps,existing,opportunist,opportuniste_electoral,19,fun-audit-19,union,29,true,false,runoff_defeat,75,13.4,49.3,0.434,9,2,rn,7.7,15.7,1,8,5,0.7,17,2,1,1,8,0,2,0,0,0,2.66,0,1.4,1.51,3.82,2.52,11.91,false,0,0,true,87.35853300877059,89.19999999999999,true,false,false,defaite_serree,4,2,6,75,62,9,1,2,1,0,14467,20,11
ps:chaos:0,ps,ps,existing,chaos,contrarien,0,fun-audit-0,field_first,31,true,true,president,84,15,50.7,0.512,11.2,2,rn,7.5,14.21,1,8,9,2.2,18,0,0,2,8,0,1,2,0,0,10.96,0,0,0,4.13,3.81,18.9,false,0,2,true,85.36761124033536,86.40000000000002,true,false,false,victoire_serree,1,1,4,76,69,5,0,2,0,0,15420,14,4
ps:chaos:1,ps,ps,existing,chaos,contrarien,1,fun-audit-1,presidential,25,false,false,narrow_elimination,53,10.9,,0.312,12.7,6,nouvelle_energie,9.8,12.7,2,8,7,0.8,8,0,0,1,4,0,0,2,1,0,3.42,3.57,0.35,0,0.7,3.81,11.85,true,1,4,false,,,true,false,false,elimination_precoce,4,2,4,60,53,4,1,2,0,0,12615,20,16
ps:chaos:2,ps,ps,existing,chaos,contrarien,2,fun-audit-2,rupture,25,false,false,kingmaker,54,11.6,,0.346,15.4,5,lfi,10.4,15.4,1,8,4,1.4,12,0,0,2,5,1,0,2,2,0,8.49,4.27,0,0,1.4,4.52,18.68,false,0,4,false,,,true,false,false,elimination_precoce,3,1,4,59,52,6,0,1,0,0,11992,25,11
ps:chaos:3,ps,ps,existing,chaos,contrarien,3,fun-audit-3,digital,25,false,false,kingmaker,48,11.2,,0.327,10.8,4,rn,8.7,15.5,1,8,8,1,13,0,0,3,9,0,3,0,0,0,8.55,5.49,9.3,3.08,3.5,4.52,34.44,false,0,0,false,,,true,false,false,elimination_precoce,1,1,3,60,55,3,0,2,0,0,12497,22,5
ps:chaos:4,ps,ps,existing,chaos,contrarien,4,fun-audit-4,union,25,false,false,kingmaker,39,6.2,,0.083,13.2,9,rn,7.9,13.4,1,8,7,0.4,13,0,0,4,11,1,3,1,1,0,2.52,2.23,5.7,3.38,1.75,1.23,16.81,true,1,2,false,,,true,false,true,effondrement,1,1,7,62,56,4,0,2,0,0,12442,4,16
ps:chaos:5,ps,ps,existing,chaos,contrarien,5,fun-audit-5,field_first,31,true,true,president,81,14.5,50.8,0.488,13.8,2,rn,10,16.7,1,7,8,1.6,17,0,0,0,7,0,1,0,0,0,8.7,4.27,6.34,3.15,2.1,4.34,28.9,false,0,0,true,87.80711681297346,88.10000000000001,true,false,false,victoire_serree,1,1,3,80,71,6,1,1,0,1,15556,12,24
ps:chaos:6,ps,ps,existing,chaos,contrarien,6,fun-audit-6,presidential,25,false,false,divided_party,42,7.3,,0.137,9.3,9,lfi,9.3,15,1,8,6,1.1,11,0,0,4,9,2,1,3,2,0,4.01,3.98,0.35,3.08,2.8,3.75,17.97,false,0,4,false,,,true,false,true,effondrement,1,1,6,54,50,2,2,0,0,0,12428,22,13
ps:chaos:7,ps,ps,existing,chaos,contrarien,7,fun-audit-7,rupture,25,false,false,divided_party,45,9.7,,0.221,17.2,7,horizons,10,17.2,1,8,3,0.4,11,0,1,5,6,0,2,1,1,0,4.72,0,0.7,3.38,0,6.2,15,false,0,2,false,,,true,false,true,effondrement,1,1,7,58,50,6,0,1,1,0,12215,8,21
ps:chaos:8,ps,ps,existing,chaos,contrarien,8,fun-audit-8,digital,25,false,false,kingmaker,50,10.1,,0.238,7.9,6,rn,7.9,15.7,1,8,4,1.2,14,0,0,1,10,2,1,1,1,0,10.28,0.7,0,3.08,0.33,4.38,18.77,false,0,3,false,,,true,false,false,elimination_precoce,4,1,5,57,50,5,0,2,0,0,12461,23,18
ps:chaos:9,ps,ps,existing,chaos,contrarien,9,fun-audit-9,union,25,false,false,kingmaker,61,12.3,,0.38,11.1,3,rn,10.9,15.3,1,6,5,0.3,12,0,0,1,9,0,1,0,0,0,2.23,2.87,1.05,1.85,0.7,2,10.7,false,0,0,false,,,true,false,false,elimination_precoce,1,1,3,65,58,6,0,1,0,0,12219,8,24
ps:chaos:10,ps,ps,existing,chaos,contrarien,10,fun-audit-10,field_first,31,true,true,president,76,13.5,52.6,0.439,13.1,2,renaissance,8.9,13.41,1,8,10,0.3,18,0,0,5,5,0,2,1,1,0,1.81,2.06,0,1.51,0.7,0,6.08,false,0,2,true,82.07281723570917,63.2,true,false,false,victoire_serree,2,1,5,80,72,5,2,1,0,0,15369,24,11
ps:chaos:11,ps,ps,existing,chaos,contrarien,11,fun-audit-11,presidential,25,false,false,kingmaker,62,12.9,,0.41,13.9,3,ecologistes,11.5,15.9,1,6,7,0,13,0,0,4,5,0,0,3,2,0,4.08,0,0,3.38,3.5,0,10.96,false,0,4,false,,,true,false,false,elimination_precoce,1,1,3,57,53,2,0,2,0,0,12291,7,17
ps:chaos:12,ps,ps,existing,chaos,contrarien,12,fun-audit-12,rupture,25,false,false,kingmaker,52,11.4,,0.337,16.5,5,nouvelle_energie,10.9,17.7,1,6,7,0.7,11,0,0,0,5,0,2,0,0,0,5.06,0.7,0.35,0,0,4.35,10.46,false,0,0,false,,,true,false,false,elimination_precoce,1,1,2,63,59,3,1,0,0,0,12406,14,7
ps:chaos:13,ps,ps,existing,chaos,contrarien,13,fun-audit-13,digital,25,false,false,strengthened_party,43,9.5,,0.244,9.2,7,rn,8.77,13.22,1,8,2,1,12,0,0,2,10,1,3,0,0,0,9.59,2.06,4.36,0,4.38,0,20.39,false,0,0,false,,,true,false,false,elimination_precoce,4,2,4,58,56,2,0,0,0,0,12565,5,19
ps:chaos:14,ps,ps,existing,chaos,contrarien,14,fun-audit-14,union,25,false,false,divided_party,46,10.3,,0.247,7.7,6,horizons,7.7,15.9,1,8,4,1.2,13,0,0,1,10,0,4,2,2,0,3.41,6.46,0,0,4.44,4.52,18.83,false,0,5,false,,,true,false,false,elimination_precoce,1,1,4,58,54,1,1,2,0,0,12599,4,18
ps:chaos:15,ps,ps,existing,chaos,contrarien,15,fun-audit-15,field_first,25,false,false,kingmaker,59,12.9,,0.41,14.3,3,lfi,10.93,16,1,7,9,0.1,12,0,0,0,6,1,1,0,0,0,2.2,2.69,0.35,0,2.38,3.81,11.43,false,0,0,false,,,true,false,false,elimination_precoce,1,1,3,61,57,3,0,1,0,0,12331,16,7
ps:chaos:16,ps,ps,existing,chaos,contrarien,16,fun-audit-16,presidential,25,false,false,kingmaker,64,13.2,,0.37,11.4,3,rn,6.6,12.4,2,9,2,0.6,13,0,0,1,8,0,1,1,1,0,12.35,2.94,0,1.51,2.45,4.52,23.77,false,0,2,false,,,true,false,false,elimination_precoce,2,1,4,59,53,3,0,3,0,0,12717,20,22
ps:chaos:17,ps,ps,existing,chaos,contrarien,17,fun-audit-17,rupture,31,true,true,president,88,17.9,53.3,0.654,15.7,1,rn,11,17.4,1,6,6,3.1,20,0,0,3,4,0,0,2,2,0,1.16,5.32,0,1.5,0.7,4.52,13.2,true,1,3,true,83.4913898304079,88.10000000000002,true,false,false,victoire_serree,3,2,5,71,66,3,1,1,0,0,15544,10,17
ps:chaos:18,ps,ps,existing,chaos,contrarien,18,fun-audit-18,digital,25,false,false,kingmaker,47,9.1,,0.224,8.8,7,nouvelle_energie,8.8,14.3,1,8,6,0.3,12,0,0,4,9,0,3,1,1,0,7.73,3.64,4.08,0,1.4,3.81,20.66,false,0,2,false,,,true,false,false,elimination_precoce,2,2,4,57,52,3,1,1,0,0,12435,9,24
ps:chaos:19,ps,ps,existing,chaos,contrarien,19,fun-audit-19,union,25,false,false,kingmaker,55,12.4,,0.385,9,3,rn,7.1,15.2,1,8,4,0.3,11,0,1,2,8,1,1,0,0,0,4.37,0,0,4.82,2.1,4.38,15.67,false,0,0,false,,,true,false,false,elimination_precoce,3,2,5,66,55,6,1,3,1,0,12104,4,19
ps:cautious:0,ps,ps,existing,cautious,prudent,0,fun-audit-0,field_first,31,true,true,president,89,15,50.9,0.512,11.2,2,rn,10.4,16.3,1,8,5,0.4,22,0,0,3,10,0,1,2,1,0,0.1,0.7,0.7,2.03,3.12,0.42,7.07,false,0,3,true,74.94831496260039,86.5,true,false,false,victoire_serree,4,2,5,79,67,7,1,4,0,0,15536,5,10
ps:cautious:1,ps,ps,existing,cautious,prudent,1,fun-audit-1,presidential,29,true,false,runoff_defeat,80,14.1,45.1,0.468,12.7,1,nouvelle_energie,11.7,15.6,1,4,4,2,15,0,0,2,6,0,0,1,1,0,1.03,0.28,0.35,0,0,3.81,5.47,true,1,2,true,68,28,true,false,false,defaite_lourde,5,2,4,69,60,4,2,3,0,0,14748,20,8
ps:cautious:2,ps,ps,existing,cautious,prudent,2,fun-audit-2,rupture,31,true,true,president,89,16,56.3,0.511,15.4,1,horizons,11,18.2,1,6,2,2.7,21,0,0,2,10,0,1,1,1,0,3.25,0.28,0.7,0,0.35,0.99,5.57,true,1,2,true,81.89662992520078,47.1,true,false,false,victoire_confortable,0,0,5,71,61,5,2,3,0,0,15637,7,17
ps:cautious:3,ps,ps,existing,cautious,prudent,3,fun-audit-3,digital,31,true,true,president,90,17.7,58,0.644,10.8,1,rn,8.7,22,1,8,3,3.9,18,0,0,3,6,0,0,1,0,0,0.99,2.34,0.59,0.7,3.12,0.14,7.88,true,1,2,true,72,86.5,true,false,false,victoire_confortable,3,1,3,76,70,4,1,1,0,0,15709,10,23
ps:cautious:4,ps,ps,existing,cautious,prudent,4,fun-audit-4,union,31,true,true,president,88,14.8,51.3,0.458,13.2,2,rn,9.9,18.6,1,8,6,1.1,22,0,0,3,12,0,0,1,1,0,1.58,3.91,0.7,3.23,0,1.26,10.68,true,1,2,true,69,86.80000000000003,true,false,false,victoire_serree,2,1,5,76,69,4,1,2,0,0,15481,7,22
ps:cautious:5,ps,ps,existing,cautious,prudent,5,fun-audit-5,field_first,31,true,true,president,91,17.5,56.9,0.634,13.8,1,rn,11.5,19.6,1,4,4,5.1,18,0,0,0,7,0,0,0,0,0,0.07,0.28,0.35,3.15,0,4.34,8.19,false,0,0,true,66,88.10000000000001,true,false,false,victoire_confortable,1,1,1,80,71,6,1,1,0,1,15638,16,22
ps:cautious:6,ps,ps,existing,cautious,prudent,6,fun-audit-6,presidential,31,true,true,president,92,17.5,55.8,0.634,9.3,1,lfi,9.3,17.4,1,8,3,5,20,0,0,3,10,0,0,2,1,0,0.89,0.7,0.59,1.4,2.8,0,6.38,false,0,3,true,68,60.199999999999996,true,true,false,remontee_spectaculaire,1,1,4,72,70,1,1,0,0,0,15711,14,20
ps:cautious:7,ps,ps,existing,cautious,prudent,7,fun-audit-7,rupture,29,true,false,runoff_defeat,76,13.7,46.6,0.449,17.2,2,nouvelle_energie,11.9,17.2,1,2,0,1.4,16,0,0,2,6,0,1,1,0,0,0.82,2.52,1.05,1.33,0,2.65,8.37,false,0,1,true,84.16451630157947,28.2,true,false,false,defaite_serree,1,1,4,67,58,4,1,4,0,0,14310,2,12
ps:cautious:8,ps,ps,existing,cautious,prudent,8,fun-audit-8,digital,29,true,false,runoff_defeat,75,13,49.2,0.378,7.9,2,rn,7.9,17.3,1,8,1,0.2,18,0,0,0,10,1,1,0,0,0,4.67,0.91,0.35,2.03,0,2.68,10.64,true,1,0,true,76,86.20000000000002,true,false,false,defaite_serree,6,3,5,63,58,5,0,0,0,0,14693,3,11
ps:cautious:9,ps,ps,existing,cautious,prudent,9,fun-audit-9,union,29,true,false,runoff_defeat,75,13.2,49.9,0.424,11.1,2,rn,11,15.75,1,6,3,0.7,17,0,0,3,7,1,0,0,0,0,0.36,0.28,0,2.03,0,0.31,2.98,false,0,0,true,72,86.2,true,false,false,defaite_serree,2,1,4,71,63,7,0,1,0,0,14517,5,20
ps:cautious:10,ps,ps,existing,cautious,prudent,10,fun-audit-10,field_first,31,true,true,president,85,14,50.9,0.463,13.1,2,rn,11.2,16.54,1,6,4,1,21,0,0,5,7,0,1,1,1,0,2.45,0.42,0.7,1.33,0,0,4.9,false,0,2,true,77,88.29999999999998,true,false,false,victoire_serree,3,1,5,80,73,3,2,2,0,0,15506,6,3
ps:cautious:11,ps,ps,existing,cautious,prudent,11,fun-audit-11,presidential,31,true,true,president,88,15.5,57.1,0.537,13.9,1,rn,11.6,17.9,1,4,4,2.3,19,0,1,1,7,0,0,2,1,0,1.25,0.7,0.7,1.33,1.75,0.14,5.87,true,1,3,true,71,85,true,false,false,victoire_confortable,2,1,5,74,66,5,2,0,1,0,15698,3,23
ps:cautious:12,ps,ps,existing,cautious,prudent,12,fun-audit-12,rupture,29,true,false,runoff_defeat,83,16.6,47.8,0.59,16.5,1,nouvelle_energie,12.3,18.8,1,2,0,3.7,16,0,0,2,8,1,0,0,0,0,0.86,0.42,1.58,0.7,0.35,4.2,8.11,false,0,0,true,77.85025813171937,29,true,false,false,defaite_serree,2,1,4,72,67,4,1,0,0,0,14482,9,12
ps:cautious:13,ps,ps,existing,cautious,prudent,13,fun-audit-13,digital,31,true,true,president,87,15.6,57.6,0.541,9.2,1,rn,9.2,16.22,1,8,3,2.9,19,0,0,0,12,1,0,0,0,0,4.25,2.27,0.7,0,0,0,7.22,false,0,0,true,73,85,true,false,false,victoire_confortable,5,2,2,76,71,4,1,0,0,0,15581,1,14
ps:cautious:14,ps,ps,existing,cautious,prudent,14,fun-audit-14,union,29,true,false,runoff_defeat,82,16.2,48.2,0.52,7.7,1,horizons,7.7,18.7,1,8,1,3.9,17,0,0,3,8,1,0,2,2,0,1.26,0.21,1.58,1.33,0.35,3.94,8.67,false,0,5,true,73,47.300000000000004,true,true,false,remontee_spectaculaire,2,1,6,68,62,1,3,2,0,0,14670,5,10
ps:cautious:15,ps,ps,existing,cautious,prudent,15,fun-audit-15,field_first,31,true,true,president,90,17.7,53,0.644,14.3,1,lfi,11.87,18.6,1,4,4,5.3,19,0,0,0,5,0,0,0,0,0,0.76,4.39,0,0,0,0,5.15,false,0,0,true,67,60.99999999999999,true,false,false,victoire_serree,4,2,2,76,70,4,1,1,0,0,15344,13,18
ps:cautious:16,ps,ps,existing,cautious,prudent,16,fun-audit-16,presidential,31,true,true,president,91,16.7,57.9,0.542,11.4,1,rn,10.1,15.68,1,8,7,3.7,19,0,1,1,7,0,0,1,0,0,7.55,1.71,0,2.03,0.35,0.14,11.78,false,0,1,true,70,86.4,true,false,false,victoire_confortable,3,3,3,77,68,4,2,2,1,0,15897,19,13
ps:cautious:17,ps,ps,existing,cautious,prudent,17,fun-audit-17,rupture,31,true,true,president,93,20.4,52.2,0.707,15.7,1,horizons,12.1,17.39,1,2,0,6,18,1,0,2,7,0,0,1,1,0,1.46,2.52,0.7,3.07,0.35,0.14,8.24,true,1,2,true,74.89662992520078,47.599999999999994,true,false,false,victoire_serree,5,2,6,71,65,3,1,2,0,0,15642,1,20
ps:cautious:18,ps,ps,existing,cautious,prudent,18,fun-audit-18,digital,25,false,false,kingmaker,62,13.3,,0.391,8.8,3,nouvelle_energie,8.8,17.2,1,8,3,0.1,14,0,0,5,10,1,1,4,2,0,1.02,0.7,1.05,0,0,3.75,6.52,true,1,7,false,,,true,false,false,elimination_precoce,1,1,6,60,53,4,2,1,0,0,12745,11,23
ps:cautious:19,ps,ps,existing,cautious,prudent,19,fun-audit-19,union,31,true,true,president,92,18.8,52.9,0.698,9,1,lfi,8.5,19.8,1,8,3,6.2,19,0,1,3,7,0,0,1,0,0,2.02,2.52,0,2.03,0,1.26,7.83,false,0,1,true,69,63.7,true,true,false,remontee_spectaculaire,4,2,5,77,65,8,2,1,1,0,15457,23,8
ps:narrative:0,ps,ps,existing,narrative,mediatique,0,fun-audit-0,field_first,31,true,true,president,87,15.7,52.1,0.546,11.2,2,rn,9,14.41,1,8,7,3.2,22,2,0,4,11,0,1,1,0,0,1.65,1.44,5.47,0,0.7,14.18,23.44,false,0,1,true,89.0248055685357,86.40000000000002,true,false,false,victoire_serree,2,1,5,73,66,5,0,2,0,0,15385,8,13
ps:narrative:1,ps,ps,existing,narrative,mediatique,1,fun-audit-1,presidential,25,false,false,kingmaker,60,12.3,,0.38,12.7,4,lfi,10.2,14.3,1,7,8,0.1,10,0,0,2,4,0,0,3,2,0,1.29,3.57,0,0,0.7,3.81,9.37,false,0,5,false,,,true,false,false,elimination_precoce,6,2,3,63,54,4,1,4,0,0,12464,1,23
ps:narrative:2,ps,ps,existing,narrative,mediatique,2,fun-audit-2,rupture,25,false,false,kingmaker,54,11.9,,0.329,15.4,5,horizons,9.5,15.4,1,8,4,1.2,12,0,0,4,5,0,1,2,2,0,4.08,3.4,0.77,0,1.05,4.52,13.82,false,0,4,false,,,true,false,false,elimination_precoce,1,1,4,59,52,6,0,1,0,0,12471,22,11
ps:narrative:3,ps,ps,existing,narrative,mediatique,3,fun-audit-3,digital,25,false,false,kingmaker,62,12.5,,0.39,10.8,3,nouvelle_energie,8.1,18.1,1,8,3,0.3,13,0,0,3,6,0,0,1,0,0,1.05,5.49,0,2.7,2.41,4.52,16.17,true,1,1,false,,,true,false,false,elimination_precoce,3,1,3,59,55,3,0,1,0,0,12500,8,17
ps:narrative:4,ps,ps,existing,narrative,mediatique,4,fun-audit-4,union,25,false,false,kingmaker,45,8.5,,0.178,13.2,7,rn,7.4,13.2,1,8,7,0.5,13,0,0,3,12,0,3,1,1,0,2.37,2.65,3.22,2.7,1.75,4.52,17.21,true,1,2,false,,,true,false,false,elimination_precoce,3,1,5,62,56,4,0,2,0,0,12547,24,16
ps:narrative:5,ps,ps,existing,narrative,mediatique,5,fun-audit-5,field_first,31,true,true,president,87,16.5,56.2,0.585,13.8,1,rn,9.7,18,1,8,4,3.9,18,2,0,2,9,1,0,0,0,0,2.36,3.4,0.34,0,1.05,4.52,11.67,false,0,0,true,83.81100241713547,88.10000000000001,true,false,false,victoire_confortable,1,1,4,80,71,6,1,1,0,1,15595,27,1
ps:narrative:6,ps,ps,existing,narrative,mediatique,6,fun-audit-6,presidential,31,true,true,president,89,16.4,52,0.58,9.3,1,lfi,9.3,16.7,1,8,5,3.7,21,2,0,6,8,0,0,3,1,0,0.24,5.49,3.22,0,2.97,0,11.92,true,1,4,true,83.74809960192758,59.4,true,false,false,victoire_serree,0,0,6,69,67,0,1,1,0,0,15499,6,5
ps:narrative:7,ps,ps,existing,narrative,mediatique,7,fun-audit-7,rupture,29,true,false,runoff_defeat,79,14.4,47.5,0.483,17.2,2,nouvelle_energie,12.1,18.2,1,2,0,2.1,18,2,1,3,9,0,1,1,0,0,4.6,0.8,0.7,1.83,0,7.72,15.65,true,1,1,true,90.39650975766624,28.599999999999998,true,false,false,defaite_serree,2,1,7,68,57,5,1,4,1,0,14509,17,21
ps:narrative:8,ps,ps,existing,narrative,mediatique,8,fun-audit-8,digital,25,false,false,kingmaker,65,12.8,,0.369,7.9,3,nouvelle_energie,7.9,12.77,1,8,5,0.2,16,0,0,4,8,0,0,3,3,0,5.09,1.51,0.35,0,3.05,4.52,14.52,true,1,7,false,,,true,false,false,elimination_precoce,6,2,4,58,50,5,0,3,0,0,12409,24,17
ps:narrative:9,ps,ps,existing,narrative,mediatique,9,fun-audit-9,union,31,true,true,president,87,14.5,57.9,0.488,11.1,1,rn,11.1,18.06,1,6,5,2.2,24,2,0,2,8,0,0,2,0,0,1.65,2.87,0.35,0,0.7,3.81,9.38,false,0,2,true,85.9816243653171,87,true,false,false,victoire_confortable,1,1,3,78,70,6,1,1,0,0,15611,15,16
ps:narrative:10,ps,ps,existing,narrative,mediatique,10,fun-audit-10,field_first,25,false,false,kingmaker,65,13.1,,0.42,13.1,3,rn,9.9,15.09,1,8,12,0,13,0,0,4,6,0,0,2,0,0,4.1,3.57,0.35,1.33,0.7,0,10.05,false,0,2,false,,,true,false,false,elimination_precoce,2,1,2,62,57,3,1,1,0,0,12493,3,12
ps:narrative:11,ps,ps,existing,narrative,mediatique,11,fun-audit-11,presidential,31,true,true,president,87,15.5,50.1,0.489,13.9,1,ecologistes,11.5,17.6,1,6,4,2.9,21,2,0,4,9,1,0,3,2,0,0.48,0,0,2.7,8.05,0,11.23,false,0,4,true,84.88366948813196,40.3,true,false,false,victoire_serree,3,1,6,73,68,5,0,0,0,0,15341,20,16
ps:narrative:12,ps,ps,existing,narrative,mediatique,12,fun-audit-12,rupture,29,true,false,runoff_defeat,84,16.9,47.8,0.605,16.5,1,nouvelle_energie,12.2,17.95,1,3,2,4.1,18,2,0,2,9,0,0,1,1,0,0.18,0.8,0.03,0.63,0.35,7.25,9.24,false,0,1,true,89.9589171770382,29,true,false,false,defaite_serree,1,1,5,72,67,4,1,0,0,0,14447,23,7
ps:narrative:13,ps,ps,existing,narrative,mediatique,13,fun-audit-13,digital,31,true,true,president,81,14.2,56.6,0.473,9.2,1,rn,9.2,15.5,1,8,3,1.3,22,2,0,2,12,1,2,0,0,0,1.18,0.2,1.4,1.33,1.05,4.34,9.5,false,0,0,true,90.14079361647535,85,true,false,false,victoire_confortable,4,1,5,76,71,4,1,0,0,0,15677,26,19
ps:narrative:14,ps,ps,existing,narrative,mediatique,14,fun-audit-14,union,25,false,false,divided_party,46,10.1,,0.249,7.7,7,horizons,7.7,14.1,1,8,2,0.1,13,0,0,3,11,0,5,4,3,0,0.37,4.06,0,0,2.45,4.52,11.4,false,0,8,false,,,true,false,false,elimination_precoce,1,1,4,60,55,1,2,2,0,0,12654,2,21
ps:narrative:15,ps,ps,existing,narrative,mediatique,15,fun-audit-15,field_first,31,true,true,president,89,17.5,53,0.634,14.3,1,lfi,11.87,18,1,4,2,5.1,20,2,0,1,8,0,0,1,0,0,0.12,8.55,0.77,0,1.4,4.52,15.36,false,0,1,true,83.2853247247223,60.99999999999999,true,false,false,victoire_serree,3,1,4,76,70,4,1,1,0,0,15494,2,10
ps:narrative:16,ps,ps,existing,narrative,mediatique,16,fun-audit-16,presidential,31,true,true,president,88,15.5,56.5,0.489,11.4,1,rn,8.7,15.64,1,8,7,2.3,20,2,1,2,11,0,1,1,1,0,4.96,4.86,0,1.98,0.7,0,12.5,false,0,2,true,86.33955345199259,86.4,true,false,false,victoire_confortable,3,3,6,76,68,4,2,1,1,0,16148,23,8
ps:narrative:17,ps,ps,existing,narrative,mediatique,17,fun-audit-17,rupture,29,true,false,runoff_defeat,82,17.8,49.1,0.591,15.7,1,horizons,11.8,15.89,1,2,0,3,16,2,0,5,8,0,1,0,0,0,0.32,5.49,0.35,2.07,1.75,7.88,17.86,true,1,0,true,90.54492909154611,46.8,true,false,false,defaite_serree,3,1,6,67,61,3,1,2,0,0,14693,5,4
ps:narrative:18,ps,ps,existing,narrative,mediatique,18,fun-audit-18,digital,25,false,false,kingmaker,57,12.3,,0.347,8.8,5,nouvelle_energie,8.8,14.9,1,8,3,0.1,11,0,0,4,11,0,1,3,2,0,6.85,0.7,2.35,1.33,3.67,3.81,18.71,true,1,4,false,,,true,false,false,elimination_precoce,1,1,5,58,52,3,2,1,0,0,12543,6,13
ps:narrative:19,ps,ps,existing,narrative,mediatique,19,fun-audit-19,union,31,true,true,president,87,16,50.7,0.561,9,1,lfi,7.7,16.9,1,8,3,3,19,2,1,4,7,0,0,1,0,0,0.75,2.38,0.35,1.51,1.05,4.52,10.56,false,0,1,true,83.88192578042865,62.6,true,false,false,victoire_serree,4,2,5,78,66,8,2,1,1,0,15488,28,13
ps:beginner:0,ps,ps,existing,beginner,debutant_heuristic,0,fun-audit-0,field_first,31,true,true,president,91,15.6,57.5,0.541,11.2,1,rn,10.4,16.6,1,8,5,1.1,21,1,0,3,10,0,0,2,1,0,1.39,0,0.7,1.51,0.88,0.42,4.9,false,0,3,true,70,86.5,true,false,false,victoire_confortable,2,2,4,79,67,7,1,4,0,0,15456,10,16
ps:beginner:1,ps,ps,existing,beginner,debutant_heuristic,1,fun-audit-1,presidential,25,false,false,kingmaker,67,12.9,,0.41,12.7,3,nouvelle_energie,11.9,16.3,1,4,4,0.8,14,1,0,3,7,0,0,2,0,0,1.82,2.52,0,0,0.7,2.37,7.41,true,1,3,false,,,true,false,false,elimination_precoce,6,2,4,58,50,4,1,3,0,0,12621,18,
ps:beginner:2,ps,ps,existing,beginner,debutant_heuristic,2,fun-audit-2,rupture,31,true,true,president,91,15.1,55.6,0.517,15.4,1,horizons,11.1,18.51,1,5,2,1.7,19,0,0,2,10,0,0,1,1,0,0.35,4.27,0.7,0,1.05,2.94,9.31,true,1,2,true,71,47.1,true,false,false,victoire_serree,2,1,4,71,61,5,2,3,0,0,15462,7,12
ps:beginner:3,ps,ps,existing,beginner,debutant_heuristic,3,fun-audit-3,digital,31,true,true,president,85,12.8,52.7,0.369,10.8,2,nouvelle_energie,8.1,18.6,1,8,3,0.1,19,1,1,4,6,0,0,1,0,0,1.34,1.64,0.59,0.7,0.88,2.84,7.99,true,1,2,true,64,28.599999999999998,true,false,false,victoire_serree,4,1,6,77,69,4,1,2,1,0,15483,8,14
ps:beginner:4,ps,ps,existing,beginner,debutant_heuristic,4,fun-audit-4,union,31,true,true,president,88,13.9,51.8,0.459,13.2,2,rn,9.9,17.9,1,8,8,0.1,23,2,0,0,11,0,0,0,0,0,0.52,3.98,0,4.97,0.88,0.14,10.49,true,1,0,true,65,86.80000000000003,true,false,false,victoire_serree,1,1,4,76,69,4,1,2,0,0,15571,7,20
ps:beginner:5,ps,ps,existing,beginner,debutant_heuristic,5,fun-audit-5,field_first,31,true,true,president,94,18.1,57.3,0.663,13.8,1,rn,11.3,20,1,4,4,5.7,19,1,0,2,8,0,0,0,0,0,1.35,2.34,0.7,1.68,0.35,3.12,9.54,false,0,0,true,67,88.10000000000001,true,false,false,victoire_confortable,3,1,3,80,71,6,1,1,0,1,15537,17,22
ps:beginner:6,ps,ps,existing,beginner,debutant_heuristic,6,fun-audit-6,presidential,31,true,true,president,93,17.4,56.4,0.629,9.3,1,lfi,9.3,17.4,1,8,5,4.8,21,2,0,3,12,1,0,2,1,0,0.16,0,0.59,0.88,0.88,2.24,4.75,false,0,3,true,69,60.599999999999994,true,true,false,remontee_spectaculaire,0,0,6,71,69,1,1,0,0,0,15457,26,18
ps:beginner:7,ps,ps,existing,beginner,debutant_heuristic,7,fun-audit-7,rupture,29,true,false,runoff_defeat,85,18.3,49.4,0.613,17.2,1,nouvelle_energie,11.8,17.2,1,2,0,4.7,17,1,1,3,9,1,0,2,0,0,2.87,2.34,1.05,3.03,0.35,1.96,11.6,false,0,2,true,79,28.4,true,false,false,defaite_serree,3,1,6,70,60,6,0,3,1,0,14261,8,3
ps:beginner:8,ps,ps,existing,beginner,debutant_heuristic,8,fun-audit-8,digital,31,true,true,president,86,13.9,57.1,0.459,7.9,1,rn,7.9,17.1,1,8,1,1.3,21,2,0,0,9,1,0,1,0,0,1.74,3.4,1.05,3.03,3.5,1.37,14.09,true,1,1,true,75,86.20000000000002,true,false,false,victoire_confortable,4,1,5,71,64,6,0,1,0,0,15472,22,21
ps:beginner:9,ps,ps,existing,beginner,debutant_heuristic,9,fun-audit-9,union,31,true,true,president,87,14.1,59.2,0.468,11.1,1,rn,11.1,16.67,1,6,3,1.8,21,2,0,1,9,0,0,0,0,0,1.04,2.52,1.05,1.51,0,1.15,7.27,false,0,0,true,63,86.2,true,false,false,victoire_confortable,4,1,3,80,71,7,1,1,0,0,15279,18,22
ps:beginner:10,ps,ps,existing,beginner,debutant_heuristic,10,fun-audit-10,field_first,25,false,false,kingmaker,65,13,,0.415,13.1,3,rn,10.6,15.05,1,7,6,0.1,15,0,0,5,6,0,1,1,1,0,2.26,2.52,0,3.03,0.35,0,8.16,false,0,2,false,,,true,false,false,elimination_precoce,4,1,4,63,58,3,1,1,0,0,12346,22,8
ps:beginner:11,ps,ps,existing,beginner,debutant_heuristic,11,fun-audit-11,presidential,31,true,true,president,91,16.3,57.6,0.576,13.9,1,rn,11.6,18.5,1,4,4,3.1,19,0,1,4,9,0,0,4,1,0,1.72,2.34,0.7,3.03,2.45,0,10.24,true,1,5,true,68,85,true,false,false,victoire_confortable,3,1,5,73,66,4,2,0,1,0,15972,7,
ps:beginner:12,ps,ps,existing,beginner,debutant_heuristic,12,fun-audit-12,rupture,29,true,false,runoff_defeat,87,16.7,48.7,0.595,16.5,1,nouvelle_energie,12.6,18.4,1,2,0,3.8,17,2,0,3,8,0,0,0,0,0,2.24,2.52,2.48,1.05,0.35,1.31,9.95,false,0,0,true,76.79454424813076,29,true,false,false,defaite_serree,2,1,4,72,67,4,1,0,0,0,14408,27,11
ps:beginner:13,ps,ps,existing,beginner,debutant_heuristic,13,fun-audit-13,digital,31,true,true,president,93,16.9,59.7,0.605,9.2,1,rn,9.2,17.35,1,8,1,4.4,21,2,0,1,12,0,0,0,0,0,0.17,4.09,1.23,0.7,0.7,0,6.89,false,0,0,true,74,85,true,false,false,victoire_confortable,4,2,3,75,70,4,1,0,0,0,15739,11,
ps:beginner:14,ps,ps,existing,beginner,debutant_heuristic,14,fun-audit-14,union,29,true,false,runoff_defeat,85,16.8,48.7,0.547,7.7,1,horizons,7.7,18.9,1,8,1,4.6,17,0,0,2,8,0,0,2,1,0,0.07,2.52,1.4,1.68,3.5,1.02,10.19,false,0,4,true,66,47.300000000000004,true,true,false,remontee_spectaculaire,1,1,5,68,62,1,3,2,0,0,14461,12,28
ps:beginner:15,ps,ps,existing,beginner,debutant_heuristic,15,fun-audit-15,field_first,31,true,true,president,91,18.8,54.4,0.698,14.3,1,lfi,11.87,19.4,1,4,2,6.6,19,0,0,0,6,0,0,0,0,0,0.64,9.88,0,0,0,0,10.52,false,0,0,true,66,60.99999999999999,true,false,false,victoire_serree,4,1,1,76,70,4,1,1,0,0,15294,16,13
ps:beginner:16,ps,ps,existing,beginner,debutant_heuristic,16,fun-audit-16,presidential,31,true,true,president,92,17.4,58.8,0.573,11.4,1,rn,10.3,17.07,1,7,7,4.4,19,0,1,1,8,0,0,1,0,0,7.49,1.82,0,1.16,0,0,10.47,false,0,1,true,68,86.4,true,false,false,victoire_confortable,4,3,3,77,68,4,2,2,1,0,15824,22,18
ps:beginner:17,ps,ps,existing,beginner,debutant_heuristic,17,fun-audit-17,rupture,31,true,true,president,93,19,50.8,0.644,15.7,1,horizons,11.6,16.2,1,4,2,4.3,18,1,0,1,4,0,0,2,2,0,0.45,4.69,0,1.16,0,2.84,9.14,true,1,3,true,78.79454424813076,47.599999999999994,false,false,false,victoire_serree,6,2,5,71,65,3,1,2,0,0,15485,10,20
ps:beginner:18,ps,ps,existing,beginner,debutant_heuristic,18,fun-audit-18,digital,29,true,false,runoff_defeat,85,15.1,49.3,0.517,8.8,1,nouvelle_energie,8.8,19.7,1,8,3,2.1,18,2,0,5,10,0,0,4,3,0,2.65,0,0.7,1.51,0.35,0.14,5.35,true,1,8,true,65,28.4,true,false,false,defaite_serree,0,0,6,73,61,5,3,4,0,0,14768,12,16
ps:beginner:19,ps,ps,existing,beginner,debutant_heuristic,19,fun-audit-19,union,31,true,true,president,94,18.4,53.4,0.678,9,1,lfi,8.4,19.3,1,8,3,5.8,19,2,1,2,7,0,0,1,0,0,3.63,2.34,1.05,1.51,0,1.44,9.97,false,0,1,true,61,63.7,true,true,false,remontee_spectaculaire,3,2,6,77,65,8,2,1,1,0,15383,26,8
ps:neutral_baseline:0,ps,ps,existing,neutral_baseline,aleatoire,0,fun-audit-0,field_first,25,false,false,kingmaker,61,13,,0.415,11.2,3,rn,10.4,15.06,1,8,5,2.1,15,1,0,3,7,1,1,1,1,0,2.88,0.7,1.05,1.68,0.35,2.04,8.7,false,0,2,false,,,true,false,false,elimination_precoce,3,2,6,60,53,6,0,1,0,0,12307,5,4
ps:neutral_baseline:1,ps,ps,existing,neutral_baseline,aleatoire,1,fun-audit-1,presidential,25,false,false,honorable_campaign,47,8.4,,0.19,12.7,8,nouvelle_energie,10.1,13.2,2,8,9,1.1,8,0,0,2,5,0,1,2,1,0,0.59,2.41,0,1.5,0.7,0.14,5.34,true,1,3,false,,,true,false,false,elimination_precoce,6,2,5,58,50,4,1,3,0,0,12524,1,16
ps:neutral_baseline:2,ps,ps,existing,neutral_baseline,aleatoire,2,fun-audit-2,rupture,25,false,false,kingmaker,62,13.3,,0.391,15.4,3,horizons,10.7,15.7,1,7,4,0.3,11,0,0,2,9,0,1,1,1,0,4,4.27,0.35,0,2.34,4.52,15.48,true,1,2,false,,,true,false,false,elimination_precoce,5,2,5,57,50,5,1,1,0,0,12469,7,12
ps:neutral_baseline:3,ps,ps,existing,neutral_baseline,aleatoire,3,fun-audit-3,digital,31,true,true,president,81,15,56.2,0.512,10.8,2,rn,8.7,17.1,1,8,5,0.9,18,0,0,1,10,1,1,0,0,0,4.23,1.16,8.77,2.38,0.7,0.14,17.38,false,0,0,true,85.33155700337669,86.5,true,false,false,victoire_confortable,2,1,4,73,68,3,1,1,0,0,15593,3,5
ps:neutral_baseline:4,ps,ps,existing,neutral_baseline,aleatoire,4,fun-audit-4,union,25,false,false,strengthened_party,50,9.7,,0.254,13.2,6,rn,7.4,13.5,1,8,5,1.9,14,0,0,4,11,1,2,1,1,0,1.95,0.5,0.59,2,1.75,8.58,15.37,true,1,2,false,,,true,false,false,elimination_precoce,2,1,6,62,56,4,0,2,0,0,12469,22,9
ps:neutral_baseline:5,ps,ps,existing,neutral_baseline,aleatoire,5,fun-audit-5,field_first,31,true,true,president,90,16.8,56.9,0.6,13.8,1,rn,11.1,18.3,1,6,4,4.3,20,1,0,2,9,0,0,0,0,0,2.01,2.34,0.7,1.68,0.7,4.52,11.95,false,0,0,true,71,88.10000000000001,true,false,false,victoire_confortable,1,1,3,80,71,6,1,1,0,1,15462,17,22
ps:neutral_baseline:6,ps,ps,existing,neutral_baseline,aleatoire,6,fun-audit-6,presidential,25,false,false,kingmaker,68,13.1,,0.42,9.3,3,lfi,9.3,16.9,1,8,3,0.9,14,1,0,2,9,0,0,3,3,0,6.17,0,0,1.51,0.61,3.81,12.1,false,0,5,false,,,true,false,false,elimination_precoce,0,0,4,53,49,3,1,0,0,0,12521,10,17
ps:neutral_baseline:7,ps,ps,existing,neutral_baseline,aleatoire,7,fun-audit-7,rupture,31,true,true,president,87,15.7,50.2,0.477,17.2,1,nouvelle_energie,11.6,18.7,1,4,2,3.6,21,0,1,1,8,0,0,1,0,0,1.51,0,1.05,1.33,2.1,2.55,8.54,true,1,1,true,78.8012271472921,28.999999999999996,true,false,false,victoire_serree,2,1,5,76,64,6,1,4,1,0,15672,21,26
ps:neutral_baseline:8,ps,ps,existing,neutral_baseline,aleatoire,8,fun-audit-8,digital,25,false,false,kingmaker,61,12.7,,0.322,7.9,3,rn,7.9,16.6,1,8,1,0.1,13,0,0,0,13,1,1,0,0,0,3.79,4.27,0,3.35,0.7,4.2,16.31,true,1,0,false,,,true,false,false,elimination_precoce,5,3,4,57,50,5,0,2,0,0,12663,22,21
ps:neutral_baseline:9,ps,ps,existing,neutral_baseline,aleatoire,9,fun-audit-9,union,31,true,true,president,87,14.6,58.1,0.493,11.1,1,rn,11.1,16.89,1,6,3,2.3,20,0,0,3,8,0,0,0,0,0,0.2,2.52,0,1.51,0,3.81,8.04,false,0,0,true,76,86.2,true,false,false,victoire_confortable,3,1,2,79,70,7,1,1,0,0,15431,7,12
ps:neutral_baseline:10,ps,ps,existing,neutral_baseline,aleatoire,10,fun-audit-10,field_first,31,true,true,president,83,13.9,51.1,0.459,13.1,2,rn,10.9,16.07,1,6,4,0.9,19,0,0,4,9,0,0,2,1,0,6.76,2.52,0,4.43,0.35,0,14.06,false,0,3,true,78.74810342963193,88.29999999999998,true,false,false,victoire_serree,2,1,4,79,72,3,2,2,0,0,15423,13,11
ps:neutral_baseline:11,ps,ps,existing,neutral_baseline,aleatoire,11,fun-audit-11,presidential,31,true,true,president,90,14.9,52.2,0.507,13.9,2,rn,11.4,16.7,1,6,2,2.3,19,0,1,2,8,0,0,2,1,0,1.98,0.7,0,2.88,4.02,2.84,12.42,true,1,3,true,76,85,true,false,false,victoire_serree,3,1,6,75,66,4,2,2,1,0,15550,7,14
ps:neutral_baseline:12,ps,ps,existing,neutral_baseline,aleatoire,12,fun-audit-12,rupture,29,true,false,runoff_defeat,84,16.4,48.4,0.58,16.5,1,nouvelle_energie,12.1,18,1,3,2,3.5,16,2,0,2,7,0,0,0,0,0,3.21,2.52,2.91,0,1.4,6.53,16.57,false,0,0,true,74.89662992520078,29,true,false,false,defaite_serree,1,1,4,72,67,4,1,0,0,0,14437,27,19
ps:neutral_baseline:13,ps,ps,existing,neutral_baseline,aleatoire,13,fun-audit-13,digital,31,true,true,president,88,15.7,58.1,0.546,9.2,1,rn,9.2,16.14,1,8,3,3,20,0,0,1,11,1,0,1,0,0,1.74,4.79,1.29,0.7,0,0,8.52,false,0,1,true,75,85,true,false,false,victoire_confortable,4,2,3,76,71,4,1,0,0,0,15516,24,19
ps:neutral_baseline:14,ps,ps,existing,neutral_baseline,aleatoire,14,fun-audit-14,union,31,true,true,president,83,14.5,50.9,0.488,7.7,2,horizons,7.7,17.6,1,8,2,2,22,2,0,4,9,3,0,2,2,0,4.48,0.9,3.22,0,1.4,6.3,16.3,false,0,5,true,86.80331935767325,47.300000000000004,false,false,false,victoire_serree,3,1,6,78,70,3,3,2,0,0,15508,26,28
ps:neutral_baseline:15,ps,ps,existing,neutral_baseline,aleatoire,15,fun-audit-15,field_first,31,true,true,president,89,17,52.6,0.61,14.3,1,lfi,11.87,17.7,1,4,6,4.5,20,0,0,1,4,0,0,0,0,0,0.45,8.09,0,0,0.7,0,9.24,false,0,0,true,70,60.99999999999999,true,false,false,victoire_serree,3,1,3,76,70,4,1,1,0,0,15286,16,7
ps:neutral_baseline:16,ps,ps,existing,neutral_baseline,aleatoire,16,fun-audit-16,presidential,31,true,true,president,91,16.5,57,0.585,11.4,1,rn,9.2,16.15,1,8,7,3.5,18,0,1,1,7,0,0,1,0,0,0.21,4.69,0,1.85,0,0,6.75,false,0,1,true,75.89662992520078,86.4,true,false,false,victoire_confortable,2,2,3,77,69,4,2,1,1,0,15877,20,8
ps:neutral_baseline:17,ps,ps,existing,neutral_baseline,aleatoire,17,fun-audit-17,rupture,31,true,true,president,90,18.7,54.3,0.631,15.7,1,rn,11.3,18.9,1,5,2,4,15,0,0,2,5,0,0,2,2,0,1.29,2.52,0.35,1.16,0.35,0.14,5.81,true,1,3,true,73,88.10000000000002,false,false,false,victoire_serree,4,1,3,71,66,3,1,1,0,0,15652,10,17
ps:neutral_baseline:18,ps,ps,existing,neutral_baseline,aleatoire,18,fun-audit-18,digital,31,true,true,president,81,12.5,52.8,0.39,8.8,2,rn,8.8,20.8,1,8,3,0.3,21,0,0,3,10,1,0,3,0,0,1.48,0.7,0,1.85,0,2.66,6.69,true,2,3,true,85.69472987745249,87.70000000000002,true,false,true,effondrement,3,1,6,77,70,4,1,2,0,0,15806,6,21
ps:neutral_baseline:19,ps,ps,existing,neutral_baseline,aleatoire,19,fun-audit-19,union,31,true,true,president,89,17,51.6,0.61,9,1,lfi,7.7,18.7,1,8,5,4.2,18,2,1,2,5,0,0,1,0,0,0.89,5.49,1.05,1.51,0.7,1.44,11.08,false,0,1,true,80.45465026119939,62.6,true,true,false,remontee_spectaculaire,3,2,6,77,65,8,2,1,1,0,15359,22,3
ps:risk_seeking_ref:0,ps,ps,existing,risk_seeking_ref,risque,0,fun-audit-0,field_first,31,true,true,president,87,16.3,56.7,0.605,11.2,1,rn,10.3,17.27,1,8,5,1.9,22,2,0,5,10,0,2,1,1,0,0.92,0.7,4.21,4.28,0.35,0.42,10.88,false,0,2,true,91.52993578442884,86.5,true,false,false,victoire_confortable,3,2,5,79,68,7,1,3,0,0,15215,10,26
ps:risk_seeking_ref:1,ps,ps,existing,risk_seeking_ref,risque,1,fun-audit-1,presidential,29,true,false,runoff_defeat,81,14.3,48.4,0.503,12.7,1,lfi,11.3,15.6,1,5,4,2.2,18,2,0,6,7,0,0,3,2,0,4.9,4.27,0.35,1.51,0.35,3.81,15.19,false,0,5,true,76,60.99999999999999,true,false,false,defaite_serree,3,2,5,67,60,4,2,1,0,0,14590,12,19
ps:risk_seeking_ref:2,ps,ps,existing,risk_seeking_ref,risque,2,fun-audit-2,rupture,31,true,true,president,90,16.4,57.3,0.58,15.4,1,horizons,11.6,19.96,1,2,0,3.2,24,2,0,2,12,0,1,1,1,0,6.95,4.27,0.7,0,1.05,2.94,15.91,true,1,2,true,83.52516567603212,47.1,true,false,false,victoire_confortable,0,0,6,71,61,5,2,3,0,0,15540,25,17
ps:risk_seeking_ref:3,ps,ps,existing,risk_seeking_ref,risque,3,fun-audit-3,digital,29,true,false,runoff_defeat,73,13.1,45.3,0.42,10.8,2,horizons,8.9,18.6,1,8,3,0.4,17,2,0,4,13,1,1,1,0,0,5.99,6.38,7.57,3.08,1.4,0.14,24.56,false,0,1,true,85.11960276371792,47.2,true,false,false,defaite_lourde,1,1,5,69,63,3,0,3,0,0,14452,27,5
ps:risk_seeking_ref:4,ps,ps,existing,risk_seeking_ref,risque,4,fun-audit-4,union,31,true,true,president,89,15.7,56.5,0.546,13.2,1,rn,10.8,19.1,1,6,2,2.2,22,2,0,3,13,0,1,1,1,0,3.1,3.91,0.7,2.86,0.35,3.12,14.04,true,1,2,true,81,86.80000000000003,true,false,false,victoire_confortable,1,1,6,76,69,4,1,2,0,0,15487,7,29
ps:risk_seeking_ref:5,ps,ps,existing,risk_seeking_ref,risque,5,fun-audit-5,field_first,31,true,true,president,93,18.7,58.1,0.693,13.8,1,rn,11.3,20.3,1,4,6,6.4,23,2,0,2,10,0,0,0,0,0,6.91,4.27,0,3.15,0.35,7.72,22.4,false,0,0,true,77,88.10000000000001,true,false,false,victoire_confortable,0,0,3,80,71,6,1,1,0,1,15461,19,3
ps:risk_seeking_ref:6,ps,ps,existing,risk_seeking_ref,risque,6,fun-audit-6,presidential,31,true,true,president,92,17.4,53.7,0.629,9.3,1,lfi,9.3,18.7,1,8,5,4.8,20,2,0,5,11,0,0,3,1,0,7.82,2.34,5.7,0,0.18,0,16.04,true,1,4,true,77,59.4,true,true,false,remontee_spectaculaire,0,0,7,69,67,0,1,1,0,0,15466,6,5
ps:risk_seeking_ref:7,ps,ps,existing,risk_seeking_ref,risque,7,fun-audit-7,rupture,31,true,true,president,94,17.6,52.7,0.639,17.2,1,nouvelle_energie,12.5,20,1,2,0,5.8,24,2,1,1,10,0,0,1,1,0,0.97,2.52,1.05,5.72,0.35,7.02,17.63,true,1,2,true,78.74810342963193,28.999999999999996,true,false,false,victoire_serree,3,1,7,76,64,6,1,4,1,0,15299,23,
ps:risk_seeking_ref:8,ps,ps,existing,risk_seeking_ref,risque,8,fun-audit-8,digital,31,true,true,president,90,16,58.6,0.561,7.9,1,rn,7.9,18.1,1,8,1,3.7,22,2,0,0,12,1,0,0,0,0,9.95,3.64,0.35,1.51,0.7,6.62,22.77,true,1,0,true,77,86.20000000000002,true,true,false,remontee_spectaculaire,4,1,6,71,64,6,0,1,0,0,15738,23,11
ps:risk_seeking_ref:9,ps,ps,existing,risk_seeking_ref,risque,9,fun-audit-9,union,31,true,true,president,82,13.6,50.1,0.467,11.1,2,rn,11.1,16,1,6,3,1.2,22,2,0,1,10,2,0,0,0,0,5.33,0.28,1.05,0,0,4.62,11.28,false,0,0,true,80.45283261249796,86.2,true,false,false,victoire_serree,4,1,5,80,71,7,1,1,0,0,15325,7,27
ps:risk_seeking_ref:10,ps,ps,existing,risk_seeking_ref,risque,10,fun-audit-10,field_first,31,true,true,president,81,13.2,51.1,0.446,13.1,2,rn,10.4,16.95,1,7,8,0.2,21,2,0,5,10,0,2,1,1,0,9.18,0.42,0.7,4.43,0,0,14.73,false,0,2,true,83.30485496086224,88.29999999999998,true,false,false,victoire_serree,3,1,6,80,73,3,2,2,0,0,15376,13,11
ps:risk_seeking_ref:11,ps,ps,existing,risk_seeking_ref,risque,11,fun-audit-11,presidential,31,true,true,president,93,17.4,56.1,0.662,13.9,1,horizons,11.5,19.3,1,6,4,4.3,20,2,1,2,7,0,0,2,0,0,0.94,0,0,2.86,0.35,3.12,7.27,false,0,2,true,70,46.8,true,false,false,victoire_confortable,2,1,4,73,66,4,1,1,1,0,15586,16,25
ps:risk_seeking_ref:12,ps,ps,existing,risk_seeking_ref,risque,12,fun-audit-12,rupture,29,true,false,runoff_defeat,85,17,49,0.556,16.5,1,nouvelle_energie,12.5,18.4,1,2,0,4.2,18,2,0,3,10,0,0,0,0,0,5.26,0.42,0.7,0,0.56,0.42,7.36,false,0,0,true,79.60076505006556,29,true,false,false,defaite_serree,1,1,4,72,67,4,1,0,0,0,14386,18,29
ps:risk_seeking_ref:13,ps,ps,existing,risk_seeking_ref,risque,13,fun-audit-13,digital,31,true,true,president,89,16.8,52.1,0.6,9.2,1,lfi,9.2,19.3,1,8,1,5.5,22,2,0,0,12,1,0,0,0,0,11.4,2.27,0.7,0,0,0,14.37,false,0,0,true,79.60076505006556,60.300000000000004,true,false,false,victoire_serree,2,1,4,75,71,2,1,1,0,0,15396,11,21
ps:risk_seeking_ref:14,ps,ps,existing,risk_seeking_ref,risque,14,fun-audit-14,union,31,true,true,president,91,17.8,51,0.649,7.7,1,horizons,7.7,16.5,1,8,1,5.5,20,2,0,2,11,1,0,2,2,0,11.43,4.08,0.7,0,0.7,0.14,17.05,false,0,5,true,81.21825866544981,49.099999999999994,true,true,false,remontee_spectaculaire,1,1,8,80,72,3,3,2,0,0,15520,18,28
ps:risk_seeking_ref:15,ps,ps,existing,risk_seeking_ref,risque,15,fun-audit-15,field_first,31,true,true,president,91,17.9,53.9,0.654,14.3,1,lfi,12.04,17.9,1,2,0,5.5,22,2,0,1,8,0,0,0,0,0,3.83,8.07,0.77,0,0.35,0,13.02,false,0,0,true,70,60.99999999999999,true,false,false,victoire_serree,2,1,4,75,70,3,1,1,0,0,15331,16,9
ps:risk_seeking_ref:16,ps,ps,existing,risk_seeking_ref,risque,16,fun-audit-16,presidential,31,true,true,president,94,18.1,59.5,0.663,11.4,1,rn,10.3,17.2,1,7,7,5.2,21,2,1,1,8,0,0,1,1,0,10.28,0.21,0,1.51,0.35,0.14,12.49,false,0,2,true,72,86.4,true,false,false,victoire_confortable,3,2,5,77,68,4,2,2,1,0,15888,20,4
ps:risk_seeking_ref:17,ps,ps,existing,risk_seeking_ref,risque,17,fun-audit-17,rupture,29,true,false,runoff_defeat,84,15.5,49.1,0.564,15.7,1,rn,12.3,17.3,1,2,0,2.7,18,2,0,2,8,0,0,2,1,0,6.28,2.52,0.7,1.16,0.35,0.14,11.15,true,1,2,true,80.36739474279008,88.30000000000001,true,false,false,defaite_serree,3,1,6,65,60,3,1,1,0,0,14456,10,22
ps:risk_seeking_ref:18,ps,ps,existing,risk_seeking_ref,risque,18,fun-audit-18,digital,29,true,false,runoff_defeat,80,15,47,0.512,8.8,1,nouvelle_energie,8.8,19.4,1,8,1,1.9,19,0,0,6,10,0,1,4,3,0,1.99,0.7,1.05,1.51,0,3.81,9.06,true,1,8,true,83.52516567603212,28.4,true,false,false,defaite_serree,1,1,6,73,61,5,3,4,0,0,14714,14,13
ps:risk_seeking_ref:19,ps,ps,existing,risk_seeking_ref,risque,19,fun-audit-19,union,31,true,true,president,90,18.2,52,0.668,9,1,lfi,8.1,18.3,1,8,1,5.5,20,2,1,4,9,0,1,2,1,0,4.94,2.52,0,1.51,0.35,3.12,12.44,false,0,2,true,79,62.6,true,true,false,remontee_spectaculaire,4,2,8,77,65,8,2,1,1,0,15492,21,24
ecologistes:strategist:0,ecologistes,ecologistes,existing,strategist,parti_dabord,0,fun-audit-0,field_first,31,true,true,president,91,19.1,57.4,0.933,12.6,1,rn,10.84,17.2,1,8,4,7.8,19,2,0,2,7,0,0,2,1,0,0.59,3.04,0.77,11.32,0,4.9,20.62,false,0,3,true,45,85.4,true,false,false,victoire_confortable,4,1,4,76,67,5,2,2,0,0,15678,13,22
ecologistes:strategist:1,ecologistes,ecologistes,existing,strategist,parti_dabord,1,fun-audit-1,presidential,31,true,true,president,92,17.9,50.9,0.844,10.4,1,lfi,9.4,19.2,1,8,1,6.4,19,2,0,2,6,0,0,1,1,0,2.37,0,0.35,0,1.05,16.66,20.43,true,2,2,true,49,60.599999999999994,true,false,false,victoire_serree,4,1,6,78,69,5,4,0,0,0,15790,18,20
ecologistes:strategist:2,ecologistes,ecologistes,existing,strategist,parti_dabord,2,fun-audit-2,rupture,31,true,true,president,87,16,57.1,0.704,10.8,1,lfi,9.8,20.7,1,8,1,3,19,2,0,5,8,0,0,3,0,0,2.12,4.91,0.35,7.14,0.7,10.01,25.23,false,0,4,true,54,61.2,true,false,false,victoire_confortable,3,1,3,71,64,5,2,0,0,0,15467,13,10
ecologistes:strategist:3,ecologistes,ecologistes,existing,strategist,parti_dabord,3,fun-audit-3,digital,29,true,false,runoff_defeat,78,15.5,49.5,0.667,13,1,rn,7.3,13.73,1,8,6,0.8,14,2,0,4,7,0,0,2,0,0,0,1.68,0,5.79,5.12,0,12.59,true,1,3,true,51,86.5,true,false,false,defaite_serree,3,2,5,67,63,3,0,1,0,0,14593,10,15
ecologistes:strategist:4,ecologistes,ecologistes,existing,strategist,parti_dabord,4,fun-audit-4,union,31,true,true,president,86,15.7,53.9,0.681,9.4,1,ps,9.4,18,1,8,3,0.8,19,2,0,0,8,0,0,0,0,0,1.68,0,9.88,5.79,1.99,4.9,24.24,true,1,0,true,50,73,true,false,false,victoire_serree,1,1,4,73,68,4,0,1,0,0,15695,17,26
ecologistes:strategist:5,ecologistes,ecologistes,existing,strategist,parti_dabord,5,fun-audit-5,field_first,31,true,true,president,86,16.1,56.5,0.711,10.1,1,rn,9,15.43,1,8,7,2.7,20,2,0,2,4,0,0,0,0,0,3.19,0.42,0.35,0,0,4.9,8.86,false,0,0,true,38,88.10000000000001,true,false,false,victoire_confortable,1,1,3,80,71,6,1,1,0,1,15544,14,28
ecologistes:strategist:6,ecologistes,ecologistes,existing,strategist,parti_dabord,6,fun-audit-6,presidential,31,true,true,president,84,14.5,53.9,0.593,9,1,lfi,9,16.7,1,8,3,2.1,19,2,0,2,7,0,0,3,1,0,0.97,0,6.2,11.92,2.06,0,21.15,false,0,4,true,51,60.199999999999996,true,false,false,victoire_serree,1,1,5,72,70,1,1,0,0,0,15715,13,11
ecologistes:strategist:7,ecologistes,ecologistes,existing,strategist,parti_dabord,7,fun-audit-7,rupture,31,true,true,president,80,13.3,52.4,0.504,10.8,2,nouvelle_energie,10.8,16.5,1,8,5,0,18,2,0,0,9,0,0,0,0,0,1.28,3.42,0,3.4,2.38,8.68,19.16,false,0,0,true,60,29.799999999999997,true,false,false,victoire_serree,2,1,3,78,69,6,2,1,0,0,15551,9,21
ecologistes:strategist:8,ecologistes,ecologistes,existing,strategist,parti_dabord,8,fun-audit-8,digital,25,false,false,kingmaker,61,12.7,,0.459,13.5,3,rn,10.69,13.9,1,8,10,0.2,13,0,0,0,8,0,0,1,0,0,1.87,2.17,0.77,2.7,2.7,9.31,19.52,true,1,1,false,,,true,false,false,elimination_precoce,2,1,2,55,49,5,0,1,0,0,12712,17,13
ecologistes:strategist:9,ecologistes,ecologistes,existing,strategist,parti_dabord,9,fun-audit-9,union,29,true,false,runoff_defeat,72,12.6,49.6,0.452,10,2,rn,8.4,15.1,1,8,7,0.2,16,2,0,3,3,0,0,0,0,0,0,0.42,0,3.05,0,4.9,8.37,false,0,0,true,46,86.2,true,false,false,defaite_serree,2,1,4,72,63,7,1,1,0,0,14530,22,16
ecologistes:strategist:10,ecologistes,ecologistes,existing,strategist,parti_dabord,10,fun-audit-10,field_first,31,true,true,president,88,16.6,57.9,0.748,13.3,1,rn,9.3,19.1,1,8,4,3.8,20,2,0,3,7,0,0,2,2,0,1.69,2.55,0.45,9.25,0,0,13.94,false,0,3,true,40,88.29999999999998,true,false,false,victoire_confortable,2,1,4,79,72,3,2,2,0,0,15559,12,14
ecologistes:strategist:11,ecologistes,ecologistes,existing,strategist,parti_dabord,11,fun-audit-11,presidential,31,true,true,president,82,15.2,53.3,0.644,7.4,1,ps,7.4,16.2,1,8,7,1.8,16,2,1,4,6,1,0,2,2,0,0.03,0.27,0.35,0,1.99,9.94,12.58,true,1,5,true,52,73,true,false,false,victoire_serree,0,0,9,74,67,4,2,0,1,0,15927,8,27
ecologistes:strategist:12,ecologistes,ecologistes,existing,strategist,parti_dabord,12,fun-audit-12,rupture,31,true,true,president,82,14.9,50,0.622,11.4,1,rn,9.7,15.2,1,8,7,2.1,21,2,0,7,6,0,0,2,2,0,1.51,4.27,0,9.88,0.7,0,16.36,false,0,5,true,54,87.10000000000001,true,false,false,victoire_serree,1,1,5,77,72,4,1,0,0,0,15341,10,
ecologistes:strategist:13,ecologistes,ecologistes,existing,strategist,parti_dabord,13,fun-audit-13,digital,31,true,true,president,83,13.4,56.4,0.511,7.1,1,rn,7.1,16.73,1,8,3,1,17,2,0,1,9,0,0,0,0,0,2.34,0.42,6.2,3.05,1.05,2.8,15.86,false,0,0,true,45,85.4,true,false,false,victoire_confortable,2,1,4,75,72,2,1,0,0,0,15595,5,19
ecologistes:strategist:14,ecologistes,ecologistes,existing,strategist,parti_dabord,14,fun-audit-14,union,31,true,true,president,83,16.2,50.8,0.719,12.4,1,ps,8.3,14.2,1,8,4,3.8,18,2,0,4,8,0,1,3,2,0,3.39,0.42,5.61,12.09,2.03,0,23.54,false,0,6,true,52,71.00000000000001,true,false,false,victoire_serree,1,1,6,77,72,3,2,0,0,0,15820,21,18
ecologistes:strategist:15,ecologistes,ecologistes,existing,strategist,parti_dabord,15,fun-audit-15,field_first,31,true,true,president,90,19.2,53.7,0.941,12.8,1,lr,9,15.1,1,8,6,7.6,18,2,0,3,7,0,0,1,0,0,0,8.78,0,0,0.7,0,9.48,false,0,2,true,40,63.8,true,false,false,victoire_serree,2,1,4,80,70,4,2,4,0,0,15493,16,27
ecologistes:strategist:16,ecologistes,ecologistes,existing,strategist,parti_dabord,16,fun-audit-16,presidential,31,true,true,president,87,16.3,57.9,0.726,7.6,1,rn,7.6,15.9,1,8,1,3.4,20,2,1,0,8,1,0,1,1,0,3.15,0.27,0,6.1,2.03,0,11.55,false,0,2,true,44,86.4,true,true,false,remontee_spectaculaire,1,1,7,78,69,4,2,2,1,0,15948,14,13
ecologistes:strategist:17,ecologistes,ecologistes,existing,strategist,parti_dabord,17,fun-audit-17,rupture,31,true,true,president,87,17.1,54,0.785,11.5,1,nouvelle_energie,10.9,16.4,1,8,7,4.1,19,2,0,0,7,1,0,1,1,0,1.71,0.66,0,6.14,0.7,5.6,14.81,true,1,1,true,57,29.900000000000002,true,false,false,victoire_serree,1,1,6,77,69,2,1,5,0,0,15787,17,19
ecologistes:strategist:18,ecologistes,ecologistes,existing,strategist,parti_dabord,18,fun-audit-18,digital,29,true,false,runoff_defeat,77,15.3,45.7,0.652,13,1,ps,10.73,16.4,1,8,4,2.8,14,2,0,4,6,1,0,1,1,0,1.26,0.27,0.35,7.14,0.35,8.61,17.98,false,0,2,true,42,70.60000000000001,true,false,false,defaite_lourde,1,1,5,68,65,2,1,0,0,0,14386,11,14
ecologistes:strategist:19,ecologistes,ecologistes,existing,strategist,parti_dabord,19,fun-audit-19,union,31,true,true,president,79,12.8,56.4,0.467,7.7,2,lfi,7.7,15,1,8,9,0.3,18,2,1,3,6,0,0,0,0,0,0.26,1.68,0,3.4,0.35,4.2,9.89,false,0,0,true,51,62.4,true,false,false,victoire_confortable,4,1,5,78,66,8,2,1,1,0,15189,10,21
ecologistes:roleplayer:0,ecologistes,ecologistes,existing,roleplayer,ideologiquement_coherent,0,fun-audit-0,field_first,31,true,true,president,90,17,53.1,0.778,12.6,1,rn,10.38,17.2,1,8,4,3.3,17,0,0,1,9,0,0,1,0,0,2.28,3.18,0.36,6.64,0,0,12.46,false,0,1,true,35,86.80000000000001,true,false,false,victoire_serree,1,1,3,74,68,4,0,2,0,0,15448,17,6
ecologistes:roleplayer:1,ecologistes,ecologistes,existing,roleplayer,ideologiquement_coherent,1,fun-audit-1,presidential,29,true,false,runoff_defeat,82,16.2,49.6,0.719,10.4,1,lfi,9.1,17.6,1,8,5,4.4,13,0,0,1,9,1,0,1,0,0,0.36,1.22,0.3,1.4,0,1.07,4.35,true,1,1,true,39,60.599999999999994,true,false,false,defaite_serree,2,1,5,68,61,4,3,0,0,0,14414,18,9
ecologistes:roleplayer:2,ecologistes,ecologistes,existing,roleplayer,ideologiquement_coherent,2,fun-audit-2,rupture,31,true,true,president,89,15.7,55.9,0.594,10.8,1,lfi,9.7,20.7,1,8,1,2.5,17,0,0,6,12,0,0,2,1,0,0.26,0.69,1.06,3.74,2.7,1.58,10.03,false,0,4,true,52,61.2,true,false,false,victoire_serree,2,1,3,70,63,5,2,0,0,0,15564,17,22
ecologistes:roleplayer:3,ecologistes,ecologistes,existing,roleplayer,ideologiquement_coherent,3,fun-audit-3,digital,31,true,true,president,87,16.1,56.2,0.711,13,1,rn,7.7,14.88,1,8,8,2,17,0,0,4,10,0,1,2,0,0,0.69,2.7,0,7.83,5.12,0,16.34,true,1,3,true,47,86.5,true,false,false,victoire_confortable,2,2,4,77,72,3,1,1,0,0,15708,21,23
ecologistes:roleplayer:4,ecologistes,ecologistes,existing,roleplayer,ideologiquement_coherent,4,fun-audit-4,union,31,true,true,president,92,17.2,55.1,0.69,9.4,1,ps,9.4,20,1,8,1,2.5,19,0,0,2,13,0,0,1,1,0,0.75,0,2.73,19.24,2.7,0.17,25.59,true,1,2,true,39,73,true,false,false,victoire_serree,2,1,4,73,68,4,0,1,0,0,15787,13,28
ecologistes:roleplayer:5,ecologistes,ecologistes,existing,roleplayer,ideologiquement_coherent,5,fun-audit-5,field_first,31,true,true,president,89,16.1,55.4,0.711,10.1,1,rn,8.9,16.26,1,8,5,2.3,17,0,0,1,6,0,0,1,0,0,0.22,0.81,0.28,1.4,0,1.58,4.29,false,0,1,true,36,88.10000000000001,true,false,false,victoire_serree,2,1,2,80,71,6,1,1,0,1,15516,14,19
ecologistes:roleplayer:6,ecologistes,ecologistes,existing,roleplayer,ideologiquement_coherent,6,fun-audit-6,presidential,31,true,true,president,87,14.7,54,0.566,9,1,lfi,9,17.9,1,8,5,2.3,17,0,0,2,12,0,0,2,1,0,1.76,4.05,2.91,2.94,0,0,11.66,false,0,3,true,30,60.599999999999994,true,false,false,victoire_serree,0,0,4,71,69,1,1,0,0,0,15641,6,25
ecologistes:roleplayer:7,ecologistes,ecologistes,existing,roleplayer,ideologiquement_coherent,7,fun-audit-7,rupture,29,true,false,runoff_defeat,81,15.1,49.1,0.593,10.8,1,nouvelle_energie,10.1,17.8,1,8,7,3,13,0,1,1,13,1,0,0,0,0,0.14,0.05,0.39,1.4,2.7,0.17,4.85,true,1,0,true,52,28.599999999999998,true,false,false,defaite_serree,3,1,6,69,58,5,1,4,1,0,14546,9,
ecologistes:roleplayer:8,ecologistes,ecologistes,existing,roleplayer,ideologiquement_coherent,8,fun-audit-8,digital,31,true,true,president,82,13.4,56.4,0.418,13.5,1,rn,10.52,16.1,1,8,10,0.6,17,0,0,2,12,0,0,3,1,0,0.69,2.07,0.48,0,0,1.59,4.83,true,1,5,true,42,86.20000000000002,true,false,false,victoire_confortable,2,1,4,70,63,6,0,1,0,0,15710,5,16
ecologistes:roleplayer:9,ecologistes,ecologistes,existing,roleplayer,ideologiquement_coherent,9,fun-audit-9,union,31,true,true,president,82,13.3,50.4,0.469,10,2,rn,8.4,15.7,1,8,7,1,18,0,0,3,8,0,0,2,0,0,0.13,0.81,0.84,3.57,0,1.4,6.75,false,0,2,true,29,86.2,true,false,false,victoire_serree,1,1,3,80,70,7,2,1,0,0,15515,3,22
ecologistes:roleplayer:10,ecologistes,ecologistes,existing,roleplayer,ideologiquement_coherent,10,fun-audit-10,field_first,31,true,true,president,92,17,58.3,0.778,13.3,1,rn,9.1,19.4,1,8,4,4.3,17,0,0,4,11,0,0,2,1,0,0.8,1.67,0.01,4.52,2.7,0,9.7,true,1,3,true,33,88.29999999999998,true,false,false,victoire_confortable,3,1,4,79,72,3,2,2,0,0,15722,7,17
ecologistes:roleplayer:11,ecologistes,ecologistes,existing,roleplayer,ideologiquement_coherent,11,fun-audit-11,presidential,31,true,true,president,85,14.3,51.9,0.578,7.4,1,ps,7.4,15.9,1,8,7,0.8,17,0,1,2,8,0,0,2,1,0,1.51,1.14,0,0,2.7,3.15,8.5,true,1,4,true,54,71.9,true,false,false,victoire_serree,2,1,7,74,67,4,2,0,1,0,15932,8,20
ecologistes:roleplayer:12,ecologistes,ecologistes,existing,roleplayer,ideologiquement_coherent,12,fun-audit-12,rupture,29,true,false,runoff_defeat,85,17.2,48.4,0.738,11.4,1,nouvelle_energie,10.1,17.25,1,8,1,4.6,15,0,0,3,10,0,0,1,1,0,1.41,1.12,0.31,3.22,0,0,6.06,false,0,3,true,41,29,true,false,false,defaite_serree,0,0,4,72,67,4,1,0,0,0,14547,17,9
ecologistes:roleplayer:13,ecologistes,ecologistes,existing,roleplayer,ideologiquement_coherent,13,fun-audit-13,digital,31,true,true,president,85,14,56.3,0.517,7.1,1,rn,7.1,17,1,8,3,1.6,16,0,0,1,13,0,0,0,0,0,1.86,0.81,0.28,1.4,2.7,1.4,8.45,false,0,0,true,35,85.4,true,false,false,victoire_confortable,1,1,3,75,72,2,1,0,0,0,15594,5,24
ecologistes:roleplayer:14,ecologistes,ecologistes,existing,roleplayer,ideologiquement_coherent,14,fun-audit-14,union,31,true,true,president,87,16.1,50.1,0.619,12.4,1,ps,8.4,16.2,1,8,6,3.1,19,0,0,4,9,1,0,2,1,0,1.23,0.27,0,8.19,2.7,1.58,13.97,false,0,4,true,41,71.20000000000002,true,false,false,victoire_serree,2,1,5,74,68,3,3,0,0,0,15713,6,18
ecologistes:roleplayer:15,ecologistes,ecologistes,existing,roleplayer,ideologiquement_coherent,15,fun-audit-15,field_first,29,true,false,runoff_defeat,79,14.4,47.9,0.545,12.8,1,lr,9.6,18.5,1,8,4,0.7,13,0,0,2,12,0,0,2,1,0,1.54,1.18,0.43,2.45,2.7,0,8.3,true,1,3,true,39,62.6,true,false,false,defaite_serree,1,1,5,70,63,3,2,2,0,0,14238,16,29
ecologistes:roleplayer:16,ecologistes,ecologistes,existing,roleplayer,ideologiquement_coherent,16,fun-audit-16,presidential,31,true,true,president,89,15.9,57.4,0.606,7.6,1,rn,7.6,16,1,8,1,3,17,0,1,0,10,0,0,1,1,0,0.88,0.73,0,3.57,1.93,0,7.11,false,0,2,true,34,86.4,true,true,false,remontee_spectaculaire,2,2,5,78,69,4,2,2,1,0,16085,14,18
ecologistes:roleplayer:17,ecologistes,ecologistes,existing,roleplayer,ideologiquement_coherent,17,fun-audit-17,rupture,31,true,true,president,92,18.1,55.1,0.703,11.5,1,nouvelle_energie,11.34,17.9,1,6,1,5.2,17,0,0,0,12,0,1,0,0,0,2.76,1.06,0,13.32,0,0,17.14,false,0,0,true,47,29.900000000000002,true,false,false,victoire_serree,3,2,2,78,69,2,1,6,0,0,15696,11,20
ecologistes:roleplayer:18,ecologistes,ecologistes,existing,roleplayer,ideologiquement_coherent,18,fun-audit-18,digital,31,true,true,president,95,20,50.5,0.871,13,1,renaissance,10.56,19.6,1,8,2,8.5,19,0,0,4,10,0,0,3,2,0,4.12,0.59,0,0,1.12,3.17,9,true,1,4,true,36,63.3,true,false,false,victoire_serree,2,1,5,78,69,6,3,0,0,0,15899,16,17
ecologistes:roleplayer:19,ecologistes,ecologistes,existing,roleplayer,ideologiquement_coherent,19,fun-audit-19,union,31,true,true,president,87,15,55.5,0.63,7.7,2,ps,7.7,16.84,1,8,7,2.5,19,0,1,4,10,0,0,1,0,0,1.84,0.02,0.84,15.21,0,0.17,18.08,false,0,1,true,34,72.20000000000002,true,false,false,victoire_serree,4,2,4,77,66,8,2,0,1,0,15390,23,22
ecologistes:opportunist:0,ecologistes,ecologistes,existing,opportunist,opportuniste_electoral,0,fun-audit-0,field_first,29,true,false,runoff_defeat,79,15.9,49.1,0.648,12.6,1,rn,10.26,15.4,1,8,4,4.2,13,2,0,2,8,0,1,1,1,0,1.36,1.3,0.35,10.69,0,9.31,23.01,false,0,2,true,52,85,true,false,false,defaite_serree,2,1,6,69,59,5,1,4,0,0,14544,13,4
ecologistes:opportunist:1,ecologistes,ecologistes,existing,opportunist,opportuniste_electoral,1,fun-audit-1,presidential,25,false,false,kingmaker,60,13,,0.481,10.4,3,nouvelle_energie,9.4,16.9,1,8,6,0.9,10,0,0,2,6,0,1,2,1,0,0.89,3.2,0,1.4,1.4,9.94,16.83,false,0,4,false,,,true,false,false,elimination_precoce,3,1,4,59,51,4,1,3,0,0,12693,18,10
ecologistes:opportunist:2,ecologistes,ecologistes,existing,opportunist,opportuniste_electoral,2,fun-audit-2,rupture,25,false,false,kingmaker,57,12.4,,0.381,10.8,4,horizons,9.9,15.2,1,8,1,0.1,8,0,0,5,10,1,1,3,1,0,6.53,2.44,0.35,10.29,0.35,4.9,24.86,false,0,5,false,,,true,false,false,elimination_precoce,4,1,5,64,53,7,2,2,0,0,12256,13,8
ecologistes:opportunist:3,ecologistes,ecologistes,existing,opportunist,opportuniste_electoral,3,fun-audit-3,digital,31,true,true,president,84,14.9,56.1,0.622,13,2,rn,7,13.4,1,8,4,0.1,16,2,0,4,10,0,1,2,0,0,1.34,2.7,0,8.01,3.55,0,15.6,true,1,3,true,53,87.3,true,false,false,victoire_confortable,2,2,5,73,69,3,0,1,0,0,15640,21,18
ecologistes:opportunist:4,ecologistes,ecologistes,existing,opportunist,opportuniste_electoral,4,fun-audit-4,union,31,true,true,president,88,16.3,55,0.632,9.4,1,ps,9.4,18.8,1,8,1,1.5,20,2,0,2,11,0,0,1,1,0,4.43,0,2.73,11.94,2.34,4.2,25.64,true,1,2,true,50,73,true,false,false,victoire_serree,2,1,5,73,68,4,0,1,0,0,15773,13,18
ecologistes:opportunist:5,ecologistes,ecologistes,existing,opportunist,opportuniste_electoral,5,fun-audit-5,field_first,31,true,true,president,82,14.5,53.1,0.516,10.1,1,ps,7.6,13.82,1,8,5,2.4,15,2,0,2,7,0,1,1,0,0,4.47,3.28,0.59,1.4,1.4,10.01,21.15,false,0,2,true,47,70,true,false,false,victoire_serree,0,0,5,80,71,6,1,1,0,1,15682,14,3
ecologistes:opportunist:6,ecologistes,ecologistes,existing,opportunist,opportuniste_electoral,6,fun-audit-6,presidential,31,true,true,president,84,14.2,52.5,0.531,9,1,lfi,9,16,1,8,3,1.8,16,2,0,2,10,0,0,3,0,0,5.52,7.71,2.74,1.75,0.77,0,18.49,true,1,3,true,38,60.199999999999996,true,false,false,victoire_serree,1,1,5,69,67,0,1,1,0,0,15649,10,11
ecologistes:opportunist:7,ecologistes,ecologistes,existing,opportunist,opportuniste_electoral,7,fun-audit-7,rupture,29,true,false,runoff_defeat,78,14.4,49.2,0.545,10.8,2,nouvelle_energie,9.7,17.3,1,8,7,2.3,15,2,1,0,14,0,1,1,0,0,5.81,3.2,0.71,1.4,1.68,4.2,17,true,1,1,true,57,29.7,true,false,false,defaite_serree,2,1,6,70,58,5,1,5,1,0,14554,17,12
ecologistes:opportunist:8,ecologistes,ecologistes,existing,opportunist,opportuniste_electoral,8,fun-audit-8,digital,25,false,false,narrow_elimination,55,11.7,,0.297,13.5,6,ps,10.69,14.6,1,8,10,0.1,8,1,0,2,4,0,0,3,3,0,4.45,1.3,0.35,0,0,4.9,11,true,1,7,false,,,true,false,false,elimination_precoce,4,1,5,55,50,5,0,0,0,0,12418,23,20
ecologistes:opportunist:9,ecologistes,ecologistes,existing,opportunist,opportuniste_electoral,9,fun-audit-9,union,31,true,true,president,80,12.9,50.7,0.474,10,2,rn,8.4,15.5,1,8,9,0.5,16,2,0,2,6,1,0,1,0,0,2.63,4.97,0,3.92,0.35,4.9,16.77,false,0,1,true,44,87,true,false,false,victoire_serree,2,1,5,79,70,6,2,1,0,0,15605,15,9
ecologistes:opportunist:10,ecologistes,ecologistes,existing,opportunist,opportuniste_electoral,10,fun-audit-10,field_first,31,true,true,president,87,15.4,57.6,0.659,13.3,1,rn,8.8,18.4,1,8,2,2.5,20,2,0,3,6,0,0,2,2,0,4.19,4.27,0,11.46,0.7,0,20.62,false,0,3,true,39,88.29999999999998,true,false,false,victoire_confortable,2,1,4,78,71,3,2,2,0,0,15548,12,14
ecologistes:opportunist:11,ecologistes,ecologistes,existing,opportunist,opportuniste_electoral,11,fun-audit-11,presidential,31,true,true,president,86,15.1,54.8,0.637,7.4,1,ps,7.4,16.4,1,8,5,1.8,18,2,1,2,9,0,0,2,2,0,2.55,0.51,0.35,0,1.99,9.94,15.34,true,1,5,true,46,72.6,true,false,false,victoire_serree,2,1,7,74,67,4,2,0,1,0,15920,8,24
ecologistes:opportunist:12,ecologistes,ecologistes,existing,opportunist,opportuniste_electoral,12,fun-audit-12,rupture,25,false,false,honorable_campaign,52,11.2,,0.348,11.4,6,nouvelle_energie,7.9,15.4,1,8,4,0.4,8,1,0,6,7,0,2,2,2,0,1.58,2.65,0.28,10.49,0.7,0,15.7,false,0,5,false,,,true,false,false,elimination_precoce,2,1,5,61,57,3,1,0,0,0,12225,10,11
ecologistes:opportunist:13,ecologistes,ecologistes,existing,opportunist,opportuniste_electoral,13,fun-audit-13,digital,25,false,false,kingmaker,62,12.3,,0.4,7.1,3,rn,7.1,15.4,1,8,3,0.3,11,0,0,1,12,0,1,0,0,0,3.93,3.28,0.63,4.31,2.03,8.61,22.79,false,0,0,false,,,true,false,false,elimination_precoce,4,2,3,60,57,2,0,1,0,0,12663,5,23
ecologistes:opportunist:14,ecologistes,ecologistes,existing,opportunist,opportuniste_electoral,14,fun-audit-14,union,25,false,false,kingmaker,61,12,,0.355,12.4,3,lr,8.2,14.3,1,8,6,1.1,11,0,0,2,8,0,0,2,2,0,0.88,8.74,0,2.17,5.43,0,17.22,false,0,5,false,,,true,false,false,elimination_precoce,1,1,3,64,58,1,2,3,0,0,12620,18,14
ecologistes:opportunist:15,ecologistes,ecologistes,existing,opportunist,opportuniste_electoral,15,fun-audit-15,field_first,31,true,true,president,89,18.2,53.3,0.807,12.8,1,lr,9.6,15.8,1,8,4,6.4,18,2,0,3,11,1,1,1,0,0,0.95,10.09,0,3.15,1.05,0,15.24,false,0,2,true,46,63.8,true,false,false,victoire_serree,3,1,6,80,70,4,2,4,0,0,15606,16,19
ecologistes:opportunist:16,ecologistes,ecologistes,existing,opportunist,opportuniste_electoral,16,fun-audit-16,presidential,31,true,true,president,82,14,51.4,0.484,7.6,2,rn,7.6,14.4,1,8,5,0.8,15,2,1,1,9,0,1,1,1,0,3.03,4.21,0,4.91,0,0,12.15,false,0,2,true,48,86.4,true,false,false,victoire_serree,2,2,8,78,69,4,2,2,1,0,16226,14,24
ecologistes:opportunist:17,ecologistes,ecologistes,existing,opportunist,opportuniste_electoral,17,fun-audit-17,rupture,31,true,true,president,88,16.9,54.9,0.671,11.5,1,nouvelle_energie,11.34,17.7,1,6,1,3.8,20,2,0,0,9,0,1,1,1,0,1.56,1.68,0,6.42,5.11,5.6,20.37,true,1,1,true,53,29.900000000000002,true,false,false,victoire_serree,5,2,5,78,69,2,1,6,0,0,15821,26,17
ecologistes:opportunist:18,ecologistes,ecologistes,existing,opportunist,opportuniste_electoral,18,fun-audit-18,digital,25,false,false,kingmaker,52,10.9,,0.284,13,5,nouvelle_energie,10.73,16.9,1,8,2,1.5,10,0,0,3,9,0,2,3,2,0,3.9,1.3,3.05,7.14,0.77,4.9,21.06,true,1,4,false,,,true,false,false,elimination_precoce,2,1,5,59,53,3,2,1,0,0,12686,11,16
ecologistes:opportunist:19,ecologistes,ecologistes,existing,opportunist,opportuniste_electoral,19,fun-audit-19,union,25,false,false,kingmaker,60,11.9,,0.4,7.7,4,lfi,7.7,13.96,1,8,7,0.7,10,0,1,3,7,0,1,0,0,0,3.2,2.75,0,6.06,0.7,4.2,16.91,false,0,0,false,,,true,false,false,elimination_precoce,6,1,4,58,51,5,1,0,1,0,12255,18,21
ecologistes:chaos:0,ecologistes,ecologistes,existing,chaos,contrarien,0,fun-audit-0,field_first,25,false,false,kingmaker,53,11.4,,0.363,12.6,4,rn,10.05,13.9,1,8,5,0.9,8,0,0,1,7,0,1,2,1,0,4.33,4.27,0.35,10.99,0.7,4.9,25.54,false,0,3,false,,,true,false,false,elimination_precoce,1,1,4,61,55,4,0,2,0,0,12389,17,10
ecologistes:chaos:1,ecologistes,ecologistes,existing,chaos,contrarien,1,fun-audit-1,presidential,25,false,false,divided_party,40,9.5,,0.182,10.4,8,rn,7.9,16.5,1,8,6,0.6,7,0,0,1,6,1,1,0,0,0,5.04,0,0,0,1.4,9.4,15.84,true,2,0,false,,,true,false,true,effondrement,3,1,6,60,54,4,1,1,0,0,12344,24,8
ecologistes:chaos:2,ecologistes,ecologistes,existing,chaos,contrarien,2,fun-audit-2,rupture,25,false,false,kingmaker,49,11,,0.333,10.8,5,renaissance,9.8,15,1,8,2,2.1,12,0,0,3,9,1,2,1,1,0,10.31,6.87,5.88,4.69,1.75,4.9,34.4,false,0,2,false,,,true,false,false,elimination_precoce,7,1,5,56,50,5,1,0,0,0,12225,16,8
ecologistes:chaos:3,ecologistes,ecologistes,existing,chaos,contrarien,3,fun-audit-3,digital,25,false,false,kingmaker,51,11.8,,0.393,13,4,rn,7.5,13,1,8,3,1.9,9,0,0,1,9,0,2,2,0,0,0.57,4.23,6.2,6.87,1.41,0,19.28,true,1,3,false,,,true,false,false,elimination_precoce,5,2,4,60,57,2,0,1,0,0,12506,21,9
ecologistes:chaos:4,ecologistes,ecologistes,existing,chaos,contrarien,4,fun-audit-4,union,25,false,false,kingmaker,47,10.6,,0.304,9.4,5,ps,9.4,13,1,8,2,0.4,11,0,0,0,9,0,2,0,0,0,3.43,0.7,4.81,3.05,4.48,2.66,19.13,true,1,0,false,,,true,false,false,elimination_precoce,1,1,3,61,56,4,0,1,0,0,12443,13,21
ecologistes:chaos:5,ecologistes,ecologistes,existing,chaos,contrarien,5,fun-audit-5,field_first,25,false,false,kingmaker,50,10.9,,0.326,10.1,5,rn,6.3,10.63,8,9,0,1.9,9,0,0,1,5,0,1,0,0,0,5.55,3.28,0.35,1.4,0.7,4.9,16.18,false,0,0,false,,,true,false,false,elimination_precoce,3,1,3,67,60,5,1,0,0,1,12395,7,23
ecologistes:chaos:6,ecologistes,ecologistes,existing,chaos,contrarien,6,fun-audit-6,presidential,25,false,false,kingmaker,44,10.7,,0.311,9,6,horizons,8.9,14.4,1,8,4,1.5,10,0,0,0,7,0,3,1,0,0,6.3,0,5.3,4.69,1.05,0,17.34,true,1,1,false,,,true,false,false,elimination_precoce,2,1,3,61,56,1,1,3,0,0,12340,3,8
ecologistes:chaos:7,ecologistes,ecologistes,existing,chaos,contrarien,7,fun-audit-7,rupture,25,false,false,kingmaker,48,9.9,,0.252,10.8,7,horizons,10.8,14.1,1,8,4,0.4,9,0,0,0,9,1,1,0,0,0,1.28,2.79,0,3.4,4.76,6.44,18.67,false,0,0,false,,,true,false,false,elimination_precoce,2,1,3,62,55,5,1,1,0,0,12389,9,14
ecologistes:chaos:8,ecologistes,ecologistes,existing,chaos,contrarien,8,fun-audit-8,digital,25,false,false,kingmaker,46,9.4,,0.215,13.5,7,rn,9.2,13.5,1,8,7,1.6,8,0,0,1,6,1,0,2,2,0,2.42,6.02,0.35,7.7,0.7,4.9,22.09,false,0,5,false,,,true,false,false,elimination_precoce,0,0,4,55,49,5,0,1,0,0,12518,23,24
ecologistes:chaos:9,ecologistes,ecologistes,existing,chaos,contrarien,9,fun-audit-9,union,25,false,false,kingmaker,50,11,,0.333,10,5,rn,8.2,12.94,2,8,3,0.6,9,0,0,2,5,0,0,1,0,0,4.92,4.97,0,3.05,0.35,4.9,18.19,false,0,1,false,,,true,false,false,elimination_precoce,1,1,2,66,58,6,1,1,0,0,12234,8,2
ecologistes:chaos:10,ecologistes,ecologistes,existing,chaos,contrarien,10,fun-audit-10,field_first,25,false,false,kingmaker,58,12.8,,0.467,13.3,3,rn,8.7,13.3,1,8,3,0.5,9,0,0,3,4,1,0,1,1,0,3.12,5.14,0,3.05,0.7,0,12.01,true,1,2,false,,,true,false,false,elimination_precoce,4,2,5,61,56,3,1,1,0,0,12444,6,14
ecologistes:chaos:11,ecologistes,ecologistes,existing,chaos,contrarien,11,fun-audit-11,presidential,25,false,false,honorable_campaign,40,7,,0.03,7.4,8,rn,7.4,13.8,1,8,8,3.2,10,0,0,1,9,1,2,1,0,0,7.8,6.72,0,3.22,4.48,5.6,27.82,true,1,1,false,,,true,false,false,elimination_precoce,4,1,5,57,53,3,1,0,0,0,12391,7,17
ecologistes:chaos:12,ecologistes,ecologistes,existing,chaos,contrarien,12,fun-audit-12,rupture,25,false,false,honorable_campaign,45,9.7,,0.237,11.4,8,nouvelle_energie,8.5,14.8,1,8,4,0.5,9,0,0,1,8,0,3,1,0,0,2.05,8.14,0,4.45,1.4,4.9,20.94,false,0,1,false,,,true,false,false,elimination_precoce,1,1,3,63,59,3,1,0,0,0,12279,19,14
ecologistes:chaos:13,ecologistes,ecologistes,existing,chaos,contrarien,13,fun-audit-13,digital,25,false,false,divided_party,46,9.2,,0.164,7.1,8,rn,7.1,13.5,1,8,5,0.7,7,0,0,1,11,0,2,0,0,0,5.03,3.28,1.05,11.2,8.1,5.42,34.08,false,0,0,false,,,true,false,false,elimination_precoce,4,2,3,60,57,2,0,1,0,0,12562,16,19
ecologistes:chaos:14,ecologistes,ecologistes,existing,chaos,contrarien,14,fun-audit-14,union,25,false,false,kingmaker,46,10.9,,0.326,12.4,5,ps,7.2,14.2,1,8,3,0.8,11,0,0,3,9,0,3,3,3,0,6.14,10.23,0,3.05,5.5,0,24.92,false,0,6,false,,,true,false,false,elimination_precoce,1,1,4,56,52,1,1,2,0,0,12656,23,18
ecologistes:chaos:15,ecologistes,ecologistes,existing,chaos,contrarien,15,fun-audit-15,field_first,25,false,false,kingmaker,40,7,,0.037,12.8,8,rn,8.7,12.9,2,8,5,2.4,10,0,0,2,7,2,1,1,1,0,2.55,9.48,6.2,6.09,1.05,0,25.37,true,1,2,false,,,true,false,false,elimination_precoce,2,1,6,63,55,3,2,3,0,0,12089,23,7
ecologistes:chaos:16,ecologistes,ecologistes,existing,chaos,contrarien,16,fun-audit-16,presidential,25,false,false,kingmaker,54,12.6,,0.452,7.6,4,rn,7.6,13.9,1,8,4,0.6,10,0,0,1,10,2,1,1,1,0,8.83,7.86,0,11.62,0.7,0,29.01,false,0,2,false,,,true,false,false,elimination_precoce,0,0,5,60,54,3,0,3,0,0,12825,15,8
ecologistes:chaos:17,ecologistes,ecologistes,existing,chaos,contrarien,17,fun-audit-17,rupture,29,true,false,runoff_defeat,76,15.3,49.1,0.652,11.5,1,nouvelle_energie,10.6,15.9,1,8,7,2.1,11,0,0,1,7,0,0,1,1,0,1.54,6.02,0,6.31,5.11,5.6,24.58,true,1,1,true,52,29.900000000000002,true,false,false,defaite_serree,3,2,5,68,61,2,1,4,0,0,14694,10,22
ecologistes:chaos:18,ecologistes,ecologistes,existing,chaos,contrarien,18,fun-audit-18,digital,25,false,false,kingmaker,44,10.1,,0.267,13,6,ps,9.38,14.9,1,8,7,0.5,8,0,0,4,5,1,1,2,2,0,1.4,7.97,1.4,7.7,0,4.06,22.53,false,0,3,false,,,true,false,false,elimination_precoce,0,0,5,61,56,2,1,2,0,0,12169,25,20
ecologistes:chaos:19,ecologistes,ecologistes,existing,chaos,contrarien,19,fun-audit-19,union,25,false,false,honorable_campaign,39,8,,0.111,7.7,8,lfi,7.7,12.8,2,8,4,2.6,8,0,1,3,6,0,2,0,0,0,3.41,6.02,0,3.4,1.05,5.6,19.48,false,0,0,false,,,true,false,false,elimination_precoce,3,2,4,58,51,5,1,0,1,0,12041,16,3
ecologistes:cautious:0,ecologistes,ecologistes,existing,cautious,prudent,0,fun-audit-0,field_first,31,true,true,president,88,16.4,52.8,0.733,12.6,1,rn,10.75,16.8,1,8,4,2.6,17,0,0,1,6,0,0,2,1,0,2.04,1.43,0,7.7,3.78,0,14.95,false,0,2,true,36,86.80000000000001,true,false,false,victoire_serree,3,1,4,74,68,4,0,2,0,0,15506,14,
ecologistes:cautious:1,ecologistes,ecologistes,existing,cautious,prudent,1,fun-audit-1,presidential,29,true,false,runoff_defeat,78,15.3,48.6,0.652,10.4,1,lfi,9.4,18,1,8,3,3.4,13,0,0,1,6,0,1,1,1,0,1.98,1.97,0,1.4,0.35,2.5,8.2,true,1,2,true,43,60.599999999999994,true,false,false,defaite_serree,3,1,6,68,61,4,3,0,0,0,14609,20,10
ecologistes:cautious:2,ecologistes,ecologistes,existing,cautious,prudent,2,fun-audit-2,rupture,31,true,true,president,89,16.5,57.5,0.645,10.8,1,lfi,10.1,21.8,1,8,1,3.4,18,0,0,3,9,0,0,2,2,0,4.55,3.04,0.35,11.92,0,4.9,24.76,false,0,3,true,41,61.2,true,false,false,victoire_confortable,5,1,3,68,61,5,2,0,0,0,15409,20,11
ecologistes:cautious:3,ecologistes,ecologistes,existing,cautious,prudent,3,fun-audit-3,digital,29,true,false,runoff_defeat,81,16.1,49.2,0.711,13,1,rn,8.4,16.4,1,8,4,2,14,1,0,2,10,0,1,2,1,0,1.29,1.71,0,9.47,2.28,0,14.75,true,1,2,true,42,86.5,true,false,false,defaite_serree,5,2,7,67,63,2,1,1,0,0,14569,10,9
ecologistes:cautious:4,ecologistes,ecologistes,existing,cautious,prudent,4,fun-audit-4,union,31,true,true,president,86,15.5,53.9,0.581,9.4,1,ps,9.4,18.8,1,8,1,0.6,19,1,0,2,11,1,0,2,1,0,4.51,0,0.1,12.26,3.78,0.17,20.82,true,1,3,true,45,73,true,false,false,victoire_serree,1,1,7,73,68,4,0,1,0,0,15701,24,17
ecologistes:cautious:5,ecologistes,ecologistes,existing,cautious,prudent,5,fun-audit-5,field_first,31,true,true,president,85,15.5,55.5,0.581,10.1,1,rn,8.8,16.12,1,8,5,2,20,0,0,2,5,0,0,0,0,0,2.05,0.81,0.35,1.4,0,4.9,9.51,false,0,0,true,35,88.10000000000001,true,false,false,victoire_serree,2,1,2,80,71,6,1,1,0,1,15489,14,22
ecologistes:cautious:6,ecologistes,ecologistes,existing,cautious,prudent,6,fun-audit-6,presidential,31,true,true,president,84,13.6,53.5,0.526,9,1,lfi,9,17,1,8,3,1.1,15,1,0,4,7,0,0,3,2,0,8.52,1.19,0.1,8.47,0,0,18.28,false,0,6,true,37,60.199999999999996,true,false,false,victoire_serree,1,1,5,72,70,1,1,0,0,0,15837,6,20
ecologistes:cautious:7,ecologistes,ecologistes,existing,cautious,prudent,7,fun-audit-7,rupture,29,true,false,runoff_defeat,79,14.5,47.4,0.593,10.8,2,nouvelle_energie,10.8,17.3,1,8,5,2.3,15,0,1,1,9,1,0,0,0,0,5.99,0.05,0,5.95,3.78,0.17,15.94,true,1,0,true,48,28.599999999999998,true,false,false,defaite_serree,2,1,6,69,58,5,1,4,1,0,14484,14,13
ecologistes:cautious:8,ecologistes,ecologistes,existing,cautious,prudent,8,fun-audit-8,digital,29,true,false,runoff_defeat,74,13,49.9,0.419,13.5,2,rn,10.69,16,1,8,4,0.2,15,0,0,0,9,0,1,2,1,0,7.83,0,0.35,0,1.12,4.23,13.53,true,1,3,true,40,86.20000000000002,true,false,false,defaite_serree,1,1,5,62,57,5,0,0,0,0,14905,5,21
ecologistes:cautious:9,ecologistes,ecologistes,existing,cautious,prudent,9,fun-audit-9,union,31,true,true,president,77,12.8,50.1,0.467,10,2,rn,8.4,15.4,1,8,7,0.4,18,0,0,3,6,1,0,0,0,0,0.03,0.42,0,13.1,0,1.4,14.95,false,0,0,true,37,86.2,true,false,false,victoire_serree,2,1,4,80,70,7,2,1,0,0,15456,3,18
ecologistes:cautious:10,ecologistes,ecologistes,existing,cautious,prudent,10,fun-audit-10,field_first,31,true,true,president,88,15.4,56.9,0.659,13.3,1,rn,9.2,18.4,1,8,4,2.5,17,1,0,2,7,0,0,2,2,0,5.33,0.42,0,3.57,2.28,0,11.6,true,1,4,true,34,88.29999999999998,true,false,false,victoire_confortable,4,1,5,78,71,3,2,2,0,0,15577,23,
ecologistes:cautious:11,ecologistes,ecologistes,existing,cautious,prudent,11,fun-audit-11,presidential,31,true,true,president,90,16.6,55.7,0.748,7.4,1,ps,7.4,17.9,1,8,5,3.5,19,1,1,2,8,0,0,1,1,0,5.22,3.04,0,11.62,4.13,1.23,25.24,true,1,2,true,37,73,true,true,false,remontee_spectaculaire,1,1,8,74,67,4,2,0,1,0,15625,8,23
ecologistes:cautious:12,ecologistes,ecologistes,existing,cautious,prudent,12,fun-audit-12,rupture,29,true,false,runoff_defeat,73,13.3,48.4,0.504,11.4,1,rn,9.9,15.7,1,8,5,0.3,15,0,0,4,8,1,1,1,1,0,3.3,2.88,0.1,3.4,0,0,9.68,false,0,3,true,52,87.10000000000001,true,false,false,defaite_serree,0,0,6,72,67,4,1,0,0,0,14515,1,22
ecologistes:cautious:13,ecologistes,ecologistes,existing,cautious,prudent,13,fun-audit-13,digital,25,false,false,kingmaker,59,11.7,,0.385,7.1,4,rn,7.1,15.2,1,8,3,0.3,10,0,0,1,13,1,1,0,0,0,6.25,0.81,0.35,11.76,3.78,4.23,27.18,false,0,0,false,,,true,false,false,elimination_precoce,4,2,4,60,57,2,0,1,0,0,12525,5,24
ecologistes:cautious:14,ecologistes,ecologistes,existing,cautious,prudent,14,fun-audit-14,union,31,true,true,president,85,16.2,50.3,0.626,12.4,1,ps,8.2,15.4,1,8,8,3.3,18,0,0,2,7,2,0,2,2,0,1.16,0.42,0.35,12.68,3.78,4.9,23.29,false,0,5,true,43,71.20000000000002,true,false,false,victoire_serree,2,1,5,74,68,3,3,0,0,0,15641,2,18
ecologistes:cautious:15,ecologistes,ecologistes,existing,cautious,prudent,15,fun-audit-15,field_first,25,false,false,kingmaker,62,13.4,,0.511,12.8,3,lr,9.6,16.5,1,8,4,0.4,13,0,0,0,9,1,0,0,0,0,2.92,2.28,0,8.49,0,1.4,15.09,false,0,0,false,,,true,false,false,elimination_precoce,1,1,2,63,55,3,2,3,0,0,12448,8,19
ecologistes:cautious:16,ecologistes,ecologistes,existing,cautious,prudent,16,fun-audit-16,presidential,31,true,true,president,85,15.4,57.2,0.574,7.6,1,rn,7.6,15.8,1,8,3,1.7,17,0,1,0,7,1,0,1,0,0,6.11,3.22,0,10.5,0.35,1.23,21.41,false,0,1,true,38,86.4,true,false,false,victoire_confortable,3,1,4,78,69,4,2,2,1,0,15828,14,23
ecologistes:cautious:17,ecologistes,ecologistes,existing,cautious,prudent,17,fun-audit-17,rupture,31,true,true,president,87,17,54.7,0.677,11.5,1,nouvelle_energie,10.96,18,1,8,1,3.9,18,0,0,0,9,2,0,1,1,0,3.24,5.94,0,12.68,0,0,21.86,false,0,1,true,45,29.900000000000002,true,false,false,victoire_serree,5,2,3,78,69,2,1,6,0,0,15740,5,20
ecologistes:cautious:18,ecologistes,ecologistes,existing,cautious,prudent,18,fun-audit-18,digital,25,false,false,kingmaker,60,12.7,,0.4,13,3,nouvelle_energie,10.73,17,1,8,2,0.4,11,0,0,5,7,1,0,4,3,0,5.7,0,0.35,7.7,0.35,5.63,19.73,true,1,7,false,,,true,false,false,elimination_precoce,2,1,5,60,53,4,2,1,0,0,12776,6,16
ecologistes:cautious:19,ecologistes,ecologistes,existing,cautious,prudent,19,fun-audit-19,union,31,true,true,president,83,13.5,54.6,0.519,7.7,2,ps,7.7,15.5,1,8,7,0.8,17,1,1,5,5,0,0,2,1,0,1.73,1.19,0,1.4,0,0.17,4.49,false,0,4,true,35,71.40000000000002,true,false,false,victoire_serree,4,2,6,76,65,8,2,0,1,0,15488,3,17
ecologistes:narrative:0,ecologistes,ecologistes,existing,narrative,mediatique,0,fun-audit-0,field_first,29,true,false,runoff_defeat,81,16.9,48.8,0.77,12.6,1,rn,10.14,15.8,1,8,4,5.3,15,2,0,3,5,0,0,1,1,0,1.89,0,0.35,7.14,1.4,14.61,25.39,false,0,2,true,49,85,true,false,false,defaite_serree,2,1,5,68,59,5,1,3,0,0,14626,18,4
ecologistes:narrative:1,ecologistes,ecologistes,existing,narrative,mediatique,1,fun-audit-1,presidential,25,false,false,kingmaker,52,10.7,,0.311,10.4,4,nouvelle_energie,9.4,16.9,1,8,6,1.9,11,0,0,3,8,0,2,2,1,0,1.83,2.62,0.84,1.4,0.7,9.94,17.33,false,0,4,false,,,true,false,false,elimination_precoce,2,1,4,59,51,4,1,3,0,0,12744,18,10
ecologistes:narrative:2,ecologistes,ecologistes,existing,narrative,mediatique,2,fun-audit-2,rupture,31,true,true,president,78,13.7,53.6,0.465,10.8,1,lfi,9.8,15.1,1,8,3,0.4,15,2,0,4,13,0,2,3,0,0,5.66,4.28,0.52,10.29,1.75,4.9,27.4,false,0,4,true,74,60.7,true,false,false,victoire_serree,3,1,5,74,66,5,2,1,0,0,15594,13,8
ecologistes:narrative:3,ecologistes,ecologistes,existing,narrative,mediatique,3,fun-audit-3,digital,25,false,false,kingmaker,60,13.3,,0.504,13,4,rn,7.2,13,2,8,3,0.2,12,0,0,5,9,0,1,2,0,0,0.16,2.7,0,7.83,5.12,0,15.81,true,1,3,false,,,true,false,false,elimination_precoce,2,2,4,59,56,2,0,1,0,0,12613,21,17
ecologistes:narrative:4,ecologistes,ecologistes,existing,narrative,mediatique,4,fun-audit-4,union,25,false,false,kingmaker,63,13.9,,0.477,9.4,3,ps,9.4,13.9,1,8,3,1.2,11,0,0,2,10,0,0,1,1,0,2.28,0,2.73,11.8,1.99,5.6,24.4,true,1,2,false,,,true,false,false,elimination_precoce,2,1,4,61,56,4,0,1,0,0,12618,13,22
ecologistes:narrative:5,ecologistes,ecologistes,existing,narrative,mediatique,5,fun-audit-5,field_first,25,false,false,kingmaker,53,12.1,,0.415,10.1,5,rn,6.5,11.32,4,9,0,0.5,9,0,0,2,6,0,1,0,0,0,3.25,2.5,0.3,1.4,0.35,4.9,12.7,false,0,0,false,,,true,false,false,elimination_precoce,1,1,3,66,59,5,1,0,0,1,12355,14,1
ecologistes:narrative:6,ecologistes,ecologistes,existing,narrative,mediatique,6,fun-audit-6,presidential,25,false,false,kingmaker,56,12.4,,0.437,9,4,horizons,9,14.5,1,8,6,0,10,0,0,2,7,0,2,1,0,0,2.25,5.12,3.56,5.71,0.7,0,17.34,true,1,1,false,,,true,false,false,elimination_precoce,1,1,4,61,56,1,1,3,0,0,12408,17,8
ecologistes:narrative:7,ecologistes,ecologistes,existing,narrative,mediatique,7,fun-audit-7,rupture,29,true,false,runoff_defeat,74,13,45.7,0.481,10.8,2,nouvelle_energie,8.7,15.9,1,8,5,0.7,14,2,1,0,12,0,1,1,0,0,1.65,3.2,0.28,1.4,1.36,5.6,13.49,true,1,1,true,71,28.599999999999998,true,false,false,defaite_lourde,3,1,5,68,57,5,1,4,1,0,14580,17,12
ecologistes:narrative:8,ecologistes,ecologistes,existing,narrative,mediatique,8,fun-audit-8,digital,25,false,false,honorable_campaign,52,10.6,,0.265,13.5,8,ps,10.69,14,1,8,9,0.4,10,0,0,5,6,0,0,3,3,0,4.12,1.06,0.52,0,0,4.9,10.6,true,1,7,false,,,true,false,false,elimination_precoce,5,2,4,56,51,5,0,0,0,0,12501,23,17
ecologistes:narrative:9,ecologistes,ecologistes,existing,narrative,mediatique,9,fun-audit-9,union,25,false,false,kingmaker,58,11.9,,0.4,10,3,rn,8.1,13.63,1,8,5,0.6,10,0,0,3,7,0,1,1,0,0,1.06,2.5,0.84,3.57,0,4.9,12.87,false,0,1,false,,,true,false,false,elimination_precoce,2,1,3,66,58,6,1,1,0,0,12567,15,16
ecologistes:narrative:10,ecologistes,ecologistes,existing,narrative,mediatique,10,fun-audit-10,field_first,31,true,true,president,83,14.4,50.5,0.585,13.3,2,rn,8.5,17.2,1,8,2,1.3,19,2,0,3,9,1,0,2,2,0,1.49,4.98,0.84,8.71,2.7,0,18.72,false,0,3,true,51,88.29999999999998,true,false,false,victoire_serree,1,1,6,78,71,3,2,2,0,0,15681,22,14
ecologistes:narrative:11,ecologistes,ecologistes,existing,narrative,mediatique,11,fun-audit-11,presidential,25,false,false,honorable_campaign,52,10.3,,0.281,7.4,6,rn,7.4,15.8,1,8,5,0.4,11,0,0,4,7,0,0,2,1,0,0.81,0.51,0.35,0,1.99,9.94,13.6,true,1,4,false,,,true,false,false,elimination_precoce,1,1,4,56,53,3,0,0,0,0,12881,8,
ecologistes:narrative:12,ecologistes,ecologistes,existing,narrative,mediatique,12,fun-audit-12,rupture,25,false,false,kingmaker,51,11.5,,0.37,11.4,5,nouvelle_energie,8.1,15.4,1,8,4,0.8,8,0,0,8,8,0,2,2,2,0,0.69,2.65,0.48,10.49,0.7,0,15.01,false,0,5,false,,,true,false,false,elimination_precoce,0,0,4,61,57,3,1,0,0,0,12412,10,11
ecologistes:narrative:13,ecologistes,ecologistes,existing,narrative,mediatique,13,fun-audit-13,digital,31,true,true,president,81,13.4,51.1,0.511,7.1,2,rn,7.1,14.7,1,8,5,0.3,17,2,0,2,9,0,1,2,1,0,0.98,1.7,0.84,7.14,2.7,0,13.36,false,0,3,true,61,86.5,true,false,false,victoire_serree,2,1,7,76,71,3,1,1,0,0,15770,22,2
ecologistes:narrative:14,ecologistes,ecologistes,existing,narrative,mediatique,14,fun-audit-14,union,25,false,false,honorable_campaign,44,8.5,,0.129,12.4,7,lr,7.2,14.3,1,8,3,0.8,9,0,0,3,9,0,2,2,2,0,2.36,7.49,0,2.17,5.11,0,17.13,false,0,5,false,,,true,false,false,elimination_precoce,0,0,4,64,58,1,2,3,0,0,12649,18,17
ecologistes:narrative:15,ecologistes,ecologistes,existing,narrative,mediatique,15,fun-audit-15,field_first,31,true,true,president,86,17.1,52,0.785,12.8,1,lr,8.9,14.2,1,8,2,5,17,2,0,5,10,0,1,1,0,0,0.29,8.06,0,3.15,0.7,4.9,17.1,false,0,2,true,50,63.8,true,false,false,victoire_serree,3,1,5,80,70,4,2,4,0,0,15578,16,7
ecologistes:narrative:16,ecologistes,ecologistes,existing,narrative,mediatique,16,fun-audit-16,presidential,25,false,false,kingmaker,56,13,,0.419,7.6,4,rn,7.6,13.4,1,8,6,0.2,11,0,0,1,9,0,2,1,1,0,2.73,7.15,0,4.91,0.7,0,15.49,false,0,2,false,,,true,false,false,elimination_precoce,3,2,4,60,54,3,0,3,0,0,13037,14,24
ecologistes:narrative:17,ecologistes,ecologistes,existing,narrative,mediatique,17,fun-audit-17,rupture,31,true,true,president,87,16.8,53.8,0.665,11.5,1,nouvelle_energie,11.34,17.3,1,6,3,3.7,19,2,0,0,10,0,1,1,1,0,1.56,1.68,0.84,6.42,5.11,5.6,21.21,true,1,1,true,56,29.900000000000002,true,false,false,victoire_serree,4,2,6,77,69,2,1,5,0,0,15773,10,23
ecologistes:narrative:18,ecologistes,ecologistes,existing,narrative,mediatique,18,fun-audit-18,digital,25,false,false,kingmaker,49,10.3,,0.245,13,5,nouvelle_energie,10.73,15.2,1,8,8,2.1,9,0,0,3,9,0,2,3,2,0,2.74,1.3,0.35,7.14,2.34,4.9,18.77,true,1,4,false,,,true,false,false,elimination_precoce,2,1,5,58,52,3,2,1,0,0,12673,11,13
ecologistes:narrative:19,ecologistes,ecologistes,existing,narrative,mediatique,19,fun-audit-19,union,25,false,false,kingmaker,62,12.4,,0.437,7.7,4,lfi,7.7,14.43,1,8,5,0.1,10,0,1,3,10,0,0,0,0,0,1.59,0.02,0.84,8.49,0.7,5.6,17.24,false,0,0,false,,,true,false,false,elimination_precoce,5,2,3,58,51,5,1,0,1,0,12199,10,13
ecologistes:beginner:0,ecologistes,ecologistes,existing,beginner,debutant_heuristic,0,fun-audit-0,field_first,31,true,true,president,89,16,53.8,0.704,12.6,2,rn,10.5,16.6,1,8,4,2.2,18,1,0,2,7,0,0,2,1,0,1.77,3.04,0.45,2.52,0.1,1.23,9.11,false,0,2,true,33,86.80000000000001,true,false,false,victoire_serree,3,1,5,75,68,4,0,3,0,0,15597,22,6
ecologistes:beginner:1,ecologistes,ecologistes,existing,beginner,debutant_heuristic,1,fun-audit-1,presidential,29,true,false,runoff_defeat,76,14,45.7,0.556,10.4,2,nouvelle_energie,9.3,17.1,1,8,9,0.2,15,2,0,2,8,0,1,2,0,0,0.24,2.15,0,7.09,1.05,5.21,15.74,true,1,3,true,46,28,true,false,false,defaite_lourde,3,1,5,68,58,4,1,5,0,0,14637,21,10
ecologistes:beginner:2,ecologistes,ecologistes,existing,beginner,debutant_heuristic,2,fun-audit-2,rupture,31,true,true,president,88,15.9,56.6,0.696,10.8,1,lfi,10.1,21.5,1,8,1,2.4,18,1,0,3,11,0,1,1,0,0,2.77,1.55,0.24,10.29,0,1.23,16.08,false,0,1,true,44,61.2,true,false,false,victoire_confortable,5,1,4,68,61,5,2,0,0,0,15392,18,16
ecologistes:beginner:3,ecologistes,ecologistes,existing,beginner,debutant_heuristic,3,fun-audit-3,digital,31,true,true,president,87,15.9,57.8,0.696,13,1,rn,8,15.04,1,8,10,1.2,18,2,0,5,10,2,0,2,0,0,0.86,1.08,0,8.48,0.74,0,11.16,true,1,3,true,36,86.5,true,false,false,victoire_confortable,2,2,5,76,71,3,1,1,0,0,15481,26,9
ecologistes:beginner:4,ecologistes,ecologistes,existing,beginner,debutant_heuristic,4,fun-audit-4,union,31,true,true,president,92,17.1,56.3,0.785,9.4,1,ps,9.4,20.3,1,8,1,2.4,20,2,0,0,10,0,0,0,0,0,1.05,0,0.55,9.07,0.1,1.23,12,true,1,0,true,32,73,true,false,false,victoire_confortable,1,1,3,73,68,4,0,1,0,0,15625,7,28
ecologistes:beginner:5,ecologistes,ecologistes,existing,beginner,debutant_heuristic,5,fun-audit-5,field_first,31,true,true,president,84,14.6,54.2,0.523,10.1,1,rn,8.5,15.37,1,8,7,0.7,17,1,0,1,5,0,1,1,0,0,0.24,2.5,0.28,1.4,0,1.23,5.65,false,0,1,true,43,88.10000000000001,true,false,false,victoire_serree,2,1,4,80,71,6,1,1,0,1,15579,17,11
ecologistes:beginner:6,ecologistes,ecologistes,existing,beginner,debutant_heuristic,6,fun-audit-6,presidential,31,true,true,president,83,13.3,53.5,0.469,9,2,lfi,9,16.7,1,8,5,0.7,18,2,0,2,11,0,1,2,1,0,2.54,1.71,0.1,14.22,0.42,0,18.99,false,0,3,true,41,60.599999999999994,true,false,false,victoire_serree,1,1,6,71,69,1,1,0,0,0,15466,13,19
ecologistes:beginner:7,ecologistes,ecologistes,existing,beginner,debutant_heuristic,7,fun-audit-7,rupture,29,true,false,runoff_defeat,78,13.7,48.7,0.533,10.8,1,nouvelle_energie,10.8,18,1,8,1,0.5,13,1,0,0,11,0,0,0,0,0,2.31,10.48,0,4.31,1.12,4.2,22.42,false,0,0,true,44,29.599999999999998,true,false,false,defaite_serree,5,1,3,71,61,6,2,2,0,0,14562,20,21
ecologistes:beginner:8,ecologistes,ecologistes,existing,beginner,debutant_heuristic,8,fun-audit-8,digital,31,true,true,president,83,13.2,53.1,0.496,13.5,2,rn,10.72,16.2,1,8,8,0.4,18,3,0,0,9,0,0,2,1,0,2.8,3.69,0,5.96,5.18,5.3,22.93,true,1,3,true,40,86.20000000000002,true,false,false,victoire_serree,2,1,5,71,63,6,0,2,0,0,15425,22,13
ecologistes:beginner:9,ecologistes,ecologistes,existing,beginner,debutant_heuristic,9,fun-audit-9,union,31,true,true,president,83,13.6,58.6,0.49,10,1,rn,8.4,16,1,8,7,1.4,18,2,0,2,8,0,0,2,0,0,3.1,4.97,0,4.45,0.35,1.4,14.27,false,0,2,true,41,87,true,false,false,victoire_confortable,1,1,3,80,70,6,2,2,0,0,15342,26,22
ecologistes:beginner:10,ecologistes,ecologistes,existing,beginner,debutant_heuristic,10,fun-audit-10,field_first,31,true,true,president,90,17.2,58.6,0.793,13.3,1,rn,9.1,20.4,1,8,4,4.5,17,0,0,3,6,0,0,2,2,0,1.21,3.22,0,13.53,0.35,0,18.31,false,0,3,true,35,88.29999999999998,true,false,false,victoire_confortable,4,1,3,79,72,3,2,2,0,0,15548,12,11
ecologistes:beginner:11,ecologistes,ecologistes,existing,beginner,debutant_heuristic,11,fun-audit-11,presidential,31,true,true,president,86,15.4,54.9,0.659,7.4,1,ps,7.4,17,1,8,5,2.1,19,3,1,2,9,0,1,1,1,0,3.85,9.51,0,3.22,0.46,1.23,18.27,true,1,2,true,49,73,true,true,false,remontee_spectaculaire,1,1,9,74,67,4,2,0,1,0,15656,26,
ecologistes:beginner:12,ecologistes,ecologistes,existing,beginner,debutant_heuristic,12,fun-audit-12,rupture,25,false,false,kingmaker,59,12.7,,0.459,11.4,4,nouvelle_energie,9.2,15.7,1,8,5,0.3,10,0,0,6,6,1,1,2,2,0,3.95,1.71,0.24,10.97,0.35,0,17.22,false,0,5,false,,,true,false,false,elimination_precoce,4,1,5,61,57,3,1,0,0,0,12250,10,17
ecologistes:beginner:13,ecologistes,ecologistes,existing,beginner,debutant_heuristic,13,fun-audit-13,digital,25,false,false,retirement,60,11.8,,0.366,7.1,4,rn,7.1,14.98,1,8,3,0.2,9,1,0,2,10,0,1,0,0,0,3.7,7.54,0,1.4,0.35,4.2,17.19,false,0,0,false,,,true,false,false,elimination_precoce,2,1,4,60,57,2,0,1,0,0,12302,3,23
ecologistes:beginner:14,ecologistes,ecologistes,existing,beginner,debutant_heuristic,14,fun-audit-14,union,31,true,true,president,92,17.3,52.3,0.697,12.4,1,ps,8.5,16.7,1,8,6,4.5,17,0,0,3,8,0,0,3,1,0,2.01,4.09,0,2.7,4.49,4.2,17.49,false,0,5,true,28,70.80000000000001,true,false,false,victoire_serree,2,1,4,72,67,3,2,0,0,0,15664,20,14
ecologistes:beginner:15,ecologistes,ecologistes,existing,beginner,debutant_heuristic,15,fun-audit-15,field_first,25,false,false,kingmaker,61,12.8,,0.434,12.8,4,lr,9.6,16.2,1,8,4,0.1,11,1,0,2,11,1,1,0,0,0,0.84,5.75,0.24,3.15,0.42,0,10.4,false,0,0,false,,,true,false,false,elimination_precoce,0,0,5,63,55,3,2,3,0,0,12455,20,19
ecologistes:beginner:16,ecologistes,ecologistes,existing,beginner,debutant_heuristic,16,fun-audit-16,presidential,31,true,true,president,88,16.6,58.1,0.652,7.6,1,rn,7.6,16.5,1,8,1,3.8,18,0,1,0,8,0,0,1,1,0,2.03,3.69,0,5.94,0.35,0,12.01,false,0,2,true,34,86.4,true,true,false,remontee_spectaculaire,2,2,5,78,69,4,2,2,1,0,15974,20,18
ecologistes:beginner:17,ecologistes,ecologistes,existing,beginner,debutant_heuristic,17,fun-audit-17,rupture,31,true,true,president,93,18.1,55.4,0.748,11.5,1,nouvelle_energie,11.34,18.4,1,6,1,5.2,17,0,0,1,8,0,0,1,1,0,3.59,8.46,0,6.89,0,0,18.94,false,0,1,true,43,29.900000000000002,true,false,false,victoire_serree,5,2,3,78,69,2,1,6,0,0,15673,1,13
ecologistes:beginner:18,ecologistes,ecologistes,existing,beginner,debutant_heuristic,18,fun-audit-18,digital,31,true,true,president,95,19.7,51.8,0.978,13,1,renaissance,10.76,19.6,1,8,2,8.2,19,1,0,4,9,0,0,3,2,0,2.69,1.3,0,7.14,1.12,1.23,13.48,true,1,4,true,30,63.3,true,false,false,victoire_serree,2,1,6,78,69,6,3,0,0,0,15829,11,17
ecologistes:beginner:19,ecologistes,ecologistes,existing,beginner,debutant_heuristic,19,fun-audit-19,union,31,true,true,president,81,12.9,54,0.474,7.7,2,ps,7.7,15.34,1,8,9,0.1,16,1,1,4,7,0,1,1,0,0,0.05,4.95,0,6.06,0.35,4.2,15.61,false,0,1,true,40,71.40000000000002,true,false,false,victoire_serree,5,3,7,77,66,8,2,0,1,0,15247,10,25
ecologistes:neutral_baseline:0,ecologistes,ecologistes,existing,neutral_baseline,aleatoire,0,fun-audit-0,field_first,31,true,true,president,84,14.6,53,0.6,12.6,2,rn,9.2,15.4,1,8,8,0.5,17,1,0,1,5,0,0,2,1,0,0.59,6.19,0.1,7,0.7,1.23,15.81,false,0,2,true,41,86.80000000000001,true,false,false,victoire_serree,4,1,5,75,68,4,0,3,0,0,15469,17,4
ecologistes:neutral_baseline:1,ecologistes,ecologistes,existing,neutral_baseline,aleatoire,1,fun-audit-1,presidential,25,false,false,honorable_campaign,42,10.4,,0.289,10.4,6,rn,8.3,15.4,1,8,6,1.4,8,0,0,1,6,0,2,0,0,0,2.08,0.7,0,0,0,1.1,3.88,true,2,0,false,,,true,false,false,elimination_precoce,5,1,4,60,54,4,1,1,0,0,12348,24,8
ecologistes:neutral_baseline:2,ecologistes,ecologistes,existing,neutral_baseline,aleatoire,2,fun-audit-2,rupture,31,true,true,president,87,15,56.2,0.548,10.8,1,lfi,9.7,20.7,1,8,1,1.7,18,1,0,4,11,0,0,2,2,0,5.16,6.19,1.97,1.75,1.05,2.33,18.45,false,0,4,true,43,61.2,true,false,false,victoire_confortable,3,1,4,68,61,5,2,0,0,0,15524,17,1
ecologistes:neutral_baseline:3,ecologistes,ecologistes,existing,neutral_baseline,aleatoire,3,fun-audit-3,digital,31,true,true,president,85,15.5,57.3,0.667,13,1,rn,6.1,14.45,1,9,6,1.3,16,2,0,4,11,0,1,2,0,0,2.87,2.52,0.1,9.84,3.26,0,18.59,true,1,3,true,49,86.5,true,false,false,victoire_confortable,2,1,5,76,71,3,1,1,0,0,15561,10,17
ecologistes:neutral_baseline:4,ecologistes,ecologistes,existing,neutral_baseline,aleatoire,4,fun-audit-4,union,31,true,true,president,87,16,54.5,0.704,9.4,1,ps,9.4,18.7,1,8,1,1.1,18,1,0,2,12,0,0,1,1,0,0.62,0,0.1,17.42,4.48,5.6,28.22,true,1,2,true,46,73,true,false,false,victoire_serree,1,1,5,73,68,4,0,1,0,0,15773,13,21
ecologistes:neutral_baseline:5,ecologistes,ecologistes,existing,neutral_baseline,aleatoire,5,fun-audit-5,field_first,31,true,true,president,81,14,52.2,0.484,10.1,2,rn,7.8,13.92,1,8,3,0,18,2,0,1,7,0,1,1,0,0,2.31,2.5,0.28,1.4,0,1.58,8.07,false,0,1,true,47,88.10000000000001,true,false,false,victoire_serree,2,1,5,80,71,6,1,1,0,1,15455,27,11
ecologistes:neutral_baseline:6,ecologistes,ecologistes,existing,neutral_baseline,aleatoire,6,fun-audit-6,presidential,25,false,false,narrow_elimination,55,12,,0.379,9,6,lfi,9,16.2,1,8,5,0.4,10,1,0,2,11,0,2,2,2,0,0.69,2.15,5.3,13.27,1.4,1.23,24.04,false,0,4,false,,,true,false,false,elimination_precoce,1,1,5,56,55,0,1,0,0,0,12349,13,20
ecologistes:neutral_baseline:7,ecologistes,ecologistes,existing,neutral_baseline,aleatoire,7,fun-audit-7,rupture,29,true,false,runoff_defeat,75,13.7,46.4,0.533,10.8,2,nouvelle_energie,10.8,16.7,1,8,5,1.4,11,1,1,0,10,0,1,1,0,0,0.48,0.22,0,1.4,2.57,8.68,13.35,true,1,1,true,57,28.599999999999998,true,false,false,defaite_serree,1,1,6,69,58,5,1,4,1,0,14625,2,24
ecologistes:neutral_baseline:8,ecologistes,ecologistes,existing,neutral_baseline,aleatoire,8,fun-audit-8,digital,31,true,true,president,82,12.9,51.9,0.388,13.5,2,rn,10.69,15.9,1,8,10,0.1,17,1,0,0,9,0,0,2,0,0,3.36,2.17,0.35,3.4,3.78,9.31,22.37,true,1,2,true,45,86.20000000000002,true,false,false,victoire_serree,1,1,4,70,63,6,0,1,0,0,15928,17,16
ecologistes:neutral_baseline:9,ecologistes,ecologistes,existing,neutral_baseline,aleatoire,9,fun-audit-9,union,25,false,false,kingmaker,51,11.2,,0.348,10,5,rn,8.3,13.6,1,8,11,0.4,13,1,0,3,9,0,2,0,0,0,2.81,4.97,0,6.75,0.35,4.23,19.11,false,0,0,false,,,true,false,false,elimination_precoce,1,1,4,66,58,6,1,1,0,0,12205,3,24
ecologistes:neutral_baseline:10,ecologistes,ecologistes,existing,neutral_baseline,aleatoire,10,fun-audit-10,field_first,31,true,true,president,83,14.8,56,0.615,13.3,1,rn,8.6,16.8,1,8,2,1.8,16,1,0,3,8,0,1,2,1,0,8.73,0.42,0,1.75,3.78,0,14.68,true,1,3,true,49,88.29999999999998,true,false,false,victoire_confortable,4,1,6,78,71,3,2,2,0,0,15661,8,27
ecologistes:neutral_baseline:11,ecologistes,ecologistes,existing,neutral_baseline,aleatoire,11,fun-audit-11,presidential,31,true,true,president,91,16.5,54.3,0.741,7.4,1,ps,7.4,17.9,1,8,5,3.4,18,0,1,2,10,0,0,1,1,0,4.97,4.47,1.4,7.7,4.13,2.1,24.77,true,1,2,true,46,73,true,true,false,remontee_spectaculaire,2,1,7,74,67,4,2,0,1,0,15516,4,22
ecologistes:neutral_baseline:12,ecologistes,ecologistes,existing,neutral_baseline,aleatoire,12,fun-audit-12,rupture,29,true,false,runoff_defeat,76,14,44.4,0.6,11.4,1,horizons,9.9,15.7,1,8,5,1,11,0,0,2,9,1,0,1,0,0,0.45,11.92,0.56,3.05,1.75,6.51,24.24,false,0,1,true,48,48.6,true,false,false,defaite_lourde,1,1,3,69,64,3,1,1,0,0,14396,14,7
ecologistes:neutral_baseline:13,ecologistes,ecologistes,existing,neutral_baseline,aleatoire,13,fun-audit-13,digital,25,false,false,retirement,59,11.7,,0.359,7.1,4,rn,7.1,14.79,1,8,3,0.3,7,1,0,1,11,0,1,0,0,0,2.16,2.5,0.28,1.4,0.11,1.4,7.85,false,0,0,false,,,true,false,false,elimination_precoce,3,2,4,60,57,2,0,1,0,0,12460,3,23
ecologistes:neutral_baseline:14,ecologistes,ecologistes,existing,neutral_baseline,aleatoire,14,fun-audit-14,union,29,true,false,runoff_defeat,76,15.6,47.5,0.674,12.4,1,horizons,7.3,14.3,1,8,6,2,13,0,0,2,8,0,1,2,2,0,1.4,3.58,0.28,9.67,3.78,1.58,20.29,false,0,5,true,53,47.7,true,false,false,defaite_serree,1,1,5,66,60,1,3,2,0,0,14581,16,28
ecologistes:neutral_baseline:15,ecologistes,ecologistes,existing,neutral_baseline,aleatoire,15,fun-audit-15,field_first,25,false,false,kingmaker,57,11.6,,0.352,12.8,5,lr,9.5,15.9,1,8,4,0.2,12,1,0,2,11,0,1,1,1,0,1.19,6.73,0,14.34,1.05,1.58,24.89,false,0,2,false,,,true,false,false,elimination_precoce,3,1,5,62,54,3,2,3,0,0,12067,17,7
ecologistes:neutral_baseline:16,ecologistes,ecologistes,existing,neutral_baseline,aleatoire,16,fun-audit-16,presidential,31,true,true,president,85,15.3,57.1,0.652,7.6,1,rn,7.6,15.3,1,8,3,1.6,16,0,1,0,7,1,0,1,0,0,3.34,6.02,0,10.5,0.7,5.6,26.16,false,0,1,true,38,86.4,true,false,false,victoire_confortable,2,1,4,78,69,4,2,2,1,0,15870,16,19
ecologistes:neutral_baseline:17,ecologistes,ecologistes,existing,neutral_baseline,aleatoire,17,fun-audit-17,rupture,31,true,true,president,90,17.9,55.4,0.735,11.5,1,nouvelle_energie,10.96,17.5,1,8,3,4.9,16,0,0,0,8,0,0,0,0,0,0.91,4.19,0.84,6,0.35,1.23,13.52,true,1,0,true,45,29.900000000000002,true,false,false,victoire_serree,5,2,2,78,69,2,1,6,0,0,15792,10,16
ecologistes:neutral_baseline:18,ecologistes,ecologistes,existing,neutral_baseline,aleatoire,18,fun-audit-18,digital,25,false,false,kingmaker,60,12.7,,0.459,13,3,nouvelle_energie,10.56,17,1,8,2,0.4,11,1,0,6,6,1,0,4,3,0,1.23,0,0,14.07,0.35,1.91,17.56,true,1,7,false,,,true,false,false,elimination_precoce,1,1,6,60,53,4,2,1,0,0,12714,11,17
ecologistes:neutral_baseline:19,ecologistes,ecologistes,existing,neutral_baseline,aleatoire,19,fun-audit-19,union,29,true,false,runoff_defeat,74,13,49.3,0.481,7.7,1,lfi,7.7,15.56,1,8,5,0.6,15,2,1,2,5,0,0,0,0,0,1.61,2.52,0,3.05,0.7,4.2,12.08,false,0,0,true,49,62.4,true,false,false,defaite_serree,6,3,5,69,58,8,1,1,1,0,14047,10,
ecologistes:risk_seeking_ref:0,ecologistes,ecologistes,existing,risk_seeking_ref,risque,0,fun-audit-0,field_first,31,true,true,president,94,19.2,52,0.941,12.6,1,rn,10.38,18,1,8,2,8.2,20,2,0,3,11,0,0,1,1,0,1.83,3.18,0.28,15.71,0,0,21,true,1,2,true,44,86.1,true,false,false,victoire_serree,2,1,6,75,69,5,1,0,0,0,15455,13,16
ecologistes:risk_seeking_ref:1,ecologistes,ecologistes,existing,risk_seeking_ref,risque,1,fun-audit-1,presidential,31,true,true,secret_civil_unrest,84,14.7,50.3,0.656,10.4,1,rn,9.3,17.8,1,8,7,2.7,20,2,0,2,7,0,1,1,1,0,5.13,1.97,0,5.88,0.35,2.5,15.83,true,1,2,true,45,87.7,true,false,false,victoire_serree,3,1,7,77,68,5,3,1,0,0,15454,27,10
ecologistes:risk_seeking_ref:2,ecologistes,ecologistes,existing,risk_seeking_ref,risque,2,fun-audit-2,rupture,31,true,true,president,88,16.9,56,0.77,10.8,1,renaissance,10.5,22.2,1,8,1,3.6,18,2,0,3,14,1,1,1,0,0,7.01,3.23,0.35,17.68,0,4.9,33.17,false,0,1,true,60,63.2,true,false,false,victoire_confortable,3,1,5,71,61,5,2,3,0,0,15301,13,16
ecologistes:risk_seeking_ref:3,ecologistes,ecologistes,existing,risk_seeking_ref,risque,3,fun-audit-3,digital,31,true,true,president,87,16,57.9,0.704,13,1,rn,8,14.63,1,8,8,1.3,18,2,0,5,11,0,1,2,0,0,3.26,1.71,0,12.4,1.03,0,18.4,true,1,3,true,45,86.5,true,false,false,victoire_confortable,1,1,5,76,71,3,1,1,0,0,15424,22,9
ecologistes:risk_seeking_ref:4,ecologistes,ecologistes,existing,risk_seeking_ref,risque,4,fun-audit-4,union,31,true,true,president,90,16.3,55.4,0.726,9.4,1,ps,9.4,19,1,8,1,1.5,21,2,0,2,11,0,0,1,1,0,4.26,0,6.2,17.93,1.16,4.2,33.75,true,1,2,true,45,73,true,false,false,victoire_serree,1,1,5,73,68,4,0,1,0,0,15786,13,27
ecologistes:risk_seeking_ref:5,ecologistes,ecologistes,existing,risk_seeking_ref,risque,5,fun-audit-5,field_first,31,true,true,president,82,14.3,52.4,0.503,10.1,2,rn,8.1,15.13,1,8,5,0.7,19,2,0,2,7,0,1,0,0,0,6.07,3.28,0.59,1.4,0.35,4.9,16.59,false,0,0,true,47,88.10000000000001,true,false,false,victoire_serree,2,1,5,80,71,6,1,1,0,1,15372,14,3
ecologistes:risk_seeking_ref:6,ecologistes,ecologistes,existing,risk_seeking_ref,risque,6,fun-audit-6,presidential,31,true,true,president,78,12.9,55.9,0.474,9,2,lfi,9,15.6,1,8,7,0.3,17,2,0,2,10,0,2,3,1,0,7.69,5,11.6,3.15,0.7,0,28.14,true,1,4,true,58,59.4,true,false,false,victoire_serree,0,0,6,70,68,0,1,1,0,0,15561,17,20
ecologistes:risk_seeking_ref:7,ecologistes,ecologistes,existing,risk_seeking_ref,risque,7,fun-audit-7,rupture,29,true,false,runoff_defeat,75,13.4,48,0.511,10.8,2,nouvelle_energie,10.8,17,1,8,5,1.1,15,2,1,1,11,2,0,0,0,0,4.6,0.05,4.37,5.95,0.42,4.2,19.59,true,1,0,true,51,28.599999999999998,true,false,false,defaite_serree,2,1,7,69,58,5,1,4,1,0,14522,9,21
ecologistes:risk_seeking_ref:8,ecologistes,ecologistes,existing,risk_seeking_ref,risque,8,fun-audit-8,digital,31,true,true,president,87,14.6,59.6,0.648,13.5,1,rn,10.69,17.9,1,8,6,2,20,2,0,0,11,0,0,1,1,0,9.75,5.17,0.35,7.7,0.35,8.61,31.93,true,1,2,true,35,86.20000000000002,true,false,false,victoire_confortable,0,0,4,71,63,6,0,2,0,0,15744,18,19
ecologistes:risk_seeking_ref:9,ecologistes,ecologistes,existing,risk_seeking_ref,risque,9,fun-audit-9,union,31,true,true,president,77,13,50.2,0.52,10,2,rn,8.4,15.1,1,8,7,0.7,19,2,0,2,9,2,0,2,0,0,9.04,4.97,0,11.7,0.35,1.4,27.46,false,0,2,true,47,87,true,false,false,victoire_serree,1,1,5,79,70,6,2,1,0,0,15314,3,28
ecologistes:risk_seeking_ref:10,ecologistes,ecologistes,existing,risk_seeking_ref,risque,10,fun-audit-10,field_first,31,true,true,president,87,16.2,57.4,0.776,13.3,1,rn,9.4,19.1,1,8,4,3.4,19,2,0,4,9,0,1,2,2,0,9.41,4.97,0,12.72,0.46,0,27.56,false,0,3,true,47,88.29999999999998,true,false,false,victoire_confortable,2,1,5,78,71,3,2,2,0,0,15707,12,24
ecologistes:risk_seeking_ref:11,ecologistes,ecologistes,existing,risk_seeking_ref,risque,11,fun-audit-11,presidential,25,false,false,retirement,59,11.6,,0.378,7.4,4,rn,7.4,17.3,1,8,7,0.5,11,0,0,2,9,0,0,1,0,0,4.43,5.17,0,11.62,0.46,1.23,22.91,true,1,1,false,,,true,false,false,elimination_precoce,2,1,3,57,53,3,1,0,0,0,12477,8,24
ecologistes:risk_seeking_ref:12,ecologistes,ecologistes,existing,risk_seeking_ref,risque,12,fun-audit-12,rupture,31,true,true,president,80,13.9,50,0.548,11.4,1,rn,9.9,15.8,1,8,5,1,20,2,0,7,9,2,0,2,2,0,9.03,0.18,0.28,14.56,0,0,24.05,false,0,5,true,49,87.10000000000001,true,false,false,victoire_serree,0,0,6,77,72,4,1,0,0,0,15436,27,29
ecologistes:risk_seeking_ref:13,ecologistes,ecologistes,existing,risk_seeking_ref,risque,13,fun-audit-13,digital,29,true,false,runoff_defeat,79,14.4,49.4,0.585,7.1,1,ps,7.1,19.8,1,8,3,2.3,14,2,0,0,11,0,0,1,0,0,11.25,4.97,0.28,7.7,0.42,0,24.62,false,0,1,true,45,70.80000000000001,true,false,false,defaite_serree,3,1,3,66,63,2,1,0,0,0,14359,5,21
ecologistes:risk_seeking_ref:14,ecologistes,ecologistes,existing,risk_seeking_ref,risque,14,fun-audit-14,union,25,false,false,retirement,56,12.1,,0.415,12.4,3,lr,8.3,14.4,1,8,4,1,9,0,0,2,8,2,0,2,2,0,4.82,5.59,0,10.13,0.35,0,20.89,false,0,5,false,,,true,false,false,elimination_precoce,1,1,4,64,58,1,2,3,0,0,12633,18,24
ecologistes:risk_seeking_ref:15,ecologistes,ecologistes,existing,risk_seeking_ref,risque,15,fun-audit-15,field_first,31,true,true,president,90,19,54.9,0.926,12.8,1,lr,9.8,15.57,1,8,6,7,18,2,0,1,12,1,1,0,0,0,6.34,5.28,0,8.67,0.35,4.2,24.84,false,0,0,true,50,63.099999999999994,true,false,false,victoire_serree,1,1,5,77,67,4,2,4,0,0,15427,8,19
ecologistes:risk_seeking_ref:16,ecologistes,ecologistes,existing,risk_seeking_ref,risque,16,fun-audit-16,presidential,31,true,true,president,89,16.3,58.8,0.726,7.6,1,rn,7.6,16.4,1,8,1,3.4,20,2,1,1,11,0,0,1,1,0,12.29,5,0.28,9.97,0,0,27.54,false,0,2,true,39,86.4,true,true,false,remontee_spectaculaire,1,1,7,78,69,4,2,2,1,0,16048,14,29
ecologistes:risk_seeking_ref:17,ecologistes,ecologistes,existing,risk_seeking_ref,risque,17,fun-audit-17,rupture,31,true,true,president,90,19,51.5,1,11.5,1,nouvelle_energie,11.34,19,1,6,1,6.2,18,2,0,2,12,1,1,1,1,0,7.53,5,0,15.55,0,0,28.08,false,0,1,true,53,29.900000000000002,true,false,false,victoire_serree,4,1,7,73,66,2,2,3,0,0,15484,25,22
ecologistes:risk_seeking_ref:18,ecologistes,ecologistes,existing,risk_seeking_ref,risque,18,fun-audit-18,digital,29,true,false,runoff_defeat,86,17.6,48.9,0.822,13,1,ps,10.73,18.25,1,8,2,5.4,16,2,0,3,13,0,0,2,2,0,9.85,5,0.35,18.76,0,4.9,38.86,true,1,4,true,40,70.60000000000001,true,false,false,defaite_serree,0,0,6,68,65,2,1,0,0,0,14560,11,13
ecologistes:risk_seeking_ref:19,ecologistes,ecologistes,existing,risk_seeking_ref,risque,19,fun-audit-19,union,31,true,true,president,86,15.3,57,0.652,7.7,1,ps,7.7,16.5,1,8,9,2.4,20,2,1,7,9,0,1,2,2,0,6.39,1.19,0,10.15,0.35,4.2,22.28,false,0,5,true,47,71.80000000000001,true,false,false,victoire_confortable,2,1,7,79,69,8,0,1,1,0,15422,16,28
renaissance:strategist:0,renaissance,renaissance,existing,strategist,parti_dabord,0,fun-audit-0,field_first,25,false,false,kingmaker,45,12.5,,-0.107,13,3,rn,11.46,14.2,1,5,5,2.5,13,0,0,1,8,0,3,1,1,0,3.67,0,9.95,1.98,0,2.55,18.15,true,1,2,false,,,false,false,false,elimination_precoce,6,2,4,61,55,4,0,2,0,0,12197,24,7
renaissance:strategist:1,renaissance,renaissance,existing,strategist,parti_dabord,1,fun-audit-1,presidential,31,true,true,president,80,15.9,51.4,0.112,10.8,1,lfi,10.8,18.4,1,7,1,4.3,16,1,0,2,9,0,0,2,1,0,8.12,2.31,1.57,1.16,0.25,4.15,17.56,true,1,3,true,61,61.39999999999999,false,false,false,victoire_serree,2,1,5,80,68,5,3,4,0,0,15646,18,12
renaissance:strategist:2,renaissance,renaissance,existing,strategist,parti_dabord,2,fun-audit-2,rupture,31,true,true,president,75,14.2,53.3,0.012,10.5,2,ps,10.5,15.56,1,8,1,0.3,18,1,0,1,7,0,0,0,0,0,11.09,1.08,1.26,1.16,0,2.55,17.14,false,0,0,true,70,72.3,false,false,false,victoire_serree,3,1,3,69,66,1,0,2,0,0,15240,3,26
renaissance:strategist:3,renaissance,renaissance,existing,strategist,parti_dabord,3,fun-audit-3,digital,25,false,false,kingmaker,54,13.3,,-0.05,11.4,4,rn,11.4,16.7,1,6,1,0.1,10,0,0,2,7,0,0,1,1,0,9.52,0.56,0,2.54,0.7,3.25,16.57,false,0,1,false,,,false,false,false,elimination_precoce,3,1,2,61,56,3,0,2,0,0,12583,20,19
renaissance:strategist:4,renaissance,renaissance,existing,strategist,parti_dabord,4,fun-audit-4,union,25,false,false,kingmaker,57,14.3,,0.018,11.2,3,rn,11.2,15.8,1,6,1,0.5,10,0,0,3,9,0,0,1,1,0,7.07,4.82,1.61,2.54,5.42,2.55,24.01,false,0,2,false,,,false,false,false,elimination_precoce,1,1,2,63,57,4,1,1,0,0,12402,21,16
renaissance:strategist:5,renaissance,renaissance,existing,strategist,parti_dabord,5,fun-audit-5,field_first,31,true,true,president,75,16,56.2,0.118,13.9,1,rn,11.6,17.2,1,3,2,2.7,14,1,0,2,7,0,1,1,0,0,7.55,5.03,0.35,0,0,2.55,15.48,false,0,1,true,71,87.00000000000001,false,false,false,victoire_confortable,2,1,3,80,71,5,0,3,0,1,15735,22,23
renaissance:strategist:6,renaissance,renaissance,existing,strategist,parti_dabord,6,fun-audit-6,presidential,31,true,true,president,73,16.1,51.2,0.124,14.6,1,horizons,9.1,20.7,1,8,4,3.4,15,1,0,2,8,1,1,2,0,0,4.66,2.66,6.67,0.7,5.42,0,20.11,true,1,2,true,83.41061805778203,46.4,false,false,false,victoire_serree,1,1,6,77,73,2,1,1,0,0,15553,20,29
renaissance:strategist:7,renaissance,renaissance,existing,strategist,parti_dabord,7,fun-audit-7,rupture,31,true,true,president,80,17.3,51.5,0.194,8.7,1,nouvelle_energie,8.7,15.93,1,8,3,5.3,15,1,1,1,7,0,0,2,0,0,6.56,0,0,2.19,1.05,3.66,13.46,false,0,2,true,73,28.599999999999998,false,true,false,remontee_spectaculaire,1,1,5,71,63,5,0,2,1,0,15435,15,26
renaissance:strategist:8,renaissance,renaissance,existing,strategist,parti_dabord,8,fun-audit-8,digital,31,true,true,president,75,13.8,57.7,-0.014,12.3,1,rn,10.7,16.7,1,7,6,1,15,1,0,1,8,0,0,1,0,0,7.16,0,1.03,0.52,0.35,4.22,13.28,false,0,1,true,68,86.20000000000002,false,false,false,victoire_confortable,3,1,2,72,65,6,0,1,0,0,15789,17,27
renaissance:strategist:9,renaissance,renaissance,existing,strategist,parti_dabord,9,fun-audit-9,union,25,false,false,kingmaker,51,12.7,,-0.093,11,4,rn,8.9,14.57,1,8,9,0.5,11,0,0,3,9,0,1,0,0,0,7.9,2.31,4.05,2.19,1.05,4.15,21.65,false,0,0,false,,,false,false,false,elimination_precoce,2,1,2,64,59,2,1,2,0,0,12425,7,16
renaissance:strategist:10,renaissance,renaissance,existing,strategist,parti_dabord,10,fun-audit-10,field_first,31,true,true,president,81,16.5,52.2,0.147,11.7,1,rn,11.7,16.7,1,3,1,3.7,15,1,0,3,7,0,0,3,0,0,5.08,1.54,1.17,0.7,5.42,0,13.91,false,0,3,true,70,88.8,false,false,false,victoire_serree,3,1,3,80,71,4,2,3,0,0,15825,22,
renaissance:strategist:11,renaissance,renaissance,existing,strategist,parti_dabord,11,fun-audit-11,presidential,31,true,true,president,78,16.7,55.2,0.159,10.5,1,horizons,8.8,16.1,1,8,7,4.2,14,1,1,4,5,0,0,3,1,0,6.68,0,12.66,2.54,0.7,0,22.58,false,0,4,true,72,47,false,false,false,victoire_serree,2,1,4,75,67,6,1,0,1,0,15340,20,10
renaissance:strategist:12,renaissance,renaissance,existing,strategist,parti_dabord,12,fun-audit-12,rupture,29,true,false,runoff_defeat,66,13.8,47.2,-0.014,10.6,1,nouvelle_energie,9.2,14.46,1,8,11,1.6,10,1,0,2,5,0,0,2,2,0,5.55,2.31,0,0,1.4,5.55,14.81,true,1,4,true,80.22348683734948,29.4,false,false,false,defaite_serree,1,1,5,72,68,3,0,1,0,0,14567,5,25
renaissance:strategist:13,renaissance,renaissance,existing,strategist,parti_dabord,13,fun-audit-13,digital,31,true,true,president,72,13.1,50,-0.064,10.7,2,rn,10.7,17.5,1,7,3,0.3,18,1,0,1,7,1,0,0,0,0,7.53,0.54,0,1.5,4.79,0,14.36,true,2,0,true,77.45503751882298,85.4,false,false,false,victoire_serree,1,1,5,75,72,3,0,0,0,0,15517,23,16
renaissance:strategist:14,renaissance,renaissance,existing,strategist,parti_dabord,14,fun-audit-14,union,31,true,true,president,76,16.9,58.9,0.171,8.8,1,rn,8.8,17.2,1,8,3,3.3,16,1,0,5,6,0,1,3,3,0,1.92,2.31,4.05,0,0.56,3.25,12.09,false,0,7,true,67,87.10000000000001,false,true,false,remontee_spectaculaire,3,1,5,72,68,2,0,2,0,0,15526,11,6
renaissance:strategist:15,renaissance,renaissance,existing,strategist,parti_dabord,15,fun-audit-15,field_first,31,true,true,president,74,15.8,52,0.106,9.1,1,ecologistes,9.1,16.3,1,8,7,3.9,15,1,0,0,7,0,1,2,1,0,2.6,0.56,5.71,0.7,0.7,0,10.27,false,0,3,true,75.84689091458323,37.4,false,false,false,victoire_serree,1,1,4,77,69,3,2,3,0,0,15903,20,16
renaissance:strategist:16,renaissance,renaissance,existing,strategist,parti_dabord,16,fun-audit-16,presidential,31,true,true,president,75,16.3,54.5,0.135,13.9,1,rn,9.1,15.2,1,8,6,2.9,14,1,0,3,6,0,1,2,0,0,12.33,0,0,0,5.11,1.86,19.3,false,0,2,true,74,86.5,false,false,false,victoire_serree,1,1,3,74,69,3,1,1,0,0,15775,12,13
renaissance:strategist:17,renaissance,renaissance,existing,strategist,parti_dabord,17,fun-audit-17,rupture,31,true,true,president,77,14.5,54.3,0.029,10.2,1,nouvelle_energie,10.2,19.1,1,8,1,1.6,15,1,0,3,7,0,0,1,1,0,9.19,1.08,0.11,0.87,0.7,3.25,15.2,false,0,2,true,73,29.900000000000002,false,false,false,victoire_serree,3,1,3,75,68,2,1,4,0,0,15542,10,27
renaissance:strategist:18,renaissance,renaissance,existing,strategist,parti_dabord,18,fun-audit-18,digital,29,true,false,runoff_defeat,68,14.2,49.5,0.012,16,2,nouvelle_energie,12.17,16.8,1,2,0,0.9,14,1,0,4,5,0,0,2,1,0,5.3,0,1.57,0,0.7,2.55,10.12,true,1,4,true,68,28,false,false,false,defaite_serree,1,1,5,74,65,5,3,1,0,0,14751,16,15
renaissance:strategist:19,renaissance,renaissance,existing,strategist,parti_dabord,19,fun-audit-19,union,31,true,true,president,76,14.8,55.3,0.047,14.2,2,ps,10,18.7,1,8,2,2.3,15,1,1,2,4,0,0,0,0,0,1.16,1.08,6.75,0,0.7,0,9.69,false,0,0,true,64,72.00000000000001,false,false,false,victoire_serree,3,1,3,76,65,8,1,1,1,0,15552,11,8
renaissance:roleplayer:0,renaissance,renaissance,existing,roleplayer,ideologiquement_coherent,0,fun-audit-0,field_first,31,true,true,president,78,15.9,54.2,0.112,13,2,rn,12.1,16.3,1,2,0,1.3,15,1,0,1,12,1,0,1,1,0,4.47,0,0.46,1.36,0.35,0.98,7.62,true,1,2,true,62,86.80000000000001,false,false,false,victoire_serree,6,2,5,74,68,4,0,2,0,0,15408,5,24
renaissance:roleplayer:1,renaissance,renaissance,existing,roleplayer,ideologiquement_coherent,1,fun-audit-1,presidential,31,true,true,president,75,14.5,50.4,0.029,10.8,1,lfi,10.8,18.3,1,7,1,2.7,16,1,0,0,16,1,0,0,0,0,4.23,1.54,0.13,4.47,0.35,3.53,14.25,true,1,0,true,65,60.599999999999994,false,false,false,victoire_serree,2,1,4,79,69,5,3,2,0,0,15582,20,18
renaissance:roleplayer:2,renaissance,renaissance,existing,roleplayer,ideologiquement_coherent,2,fun-audit-2,rupture,25,false,false,kingmaker,59,13.7,,-0.021,10.5,3,ps,10.5,15.07,1,8,1,0.4,12,1,0,1,7,0,0,0,0,0,4.03,2.24,1.26,0,0.35,0.98,8.86,false,0,0,false,,,false,false,false,elimination_precoce,5,1,2,55,53,1,0,1,0,0,11982,21,
renaissance:roleplayer:3,renaissance,renaissance,existing,roleplayer,ideologiquement_coherent,3,fun-audit-3,digital,31,true,true,president,77,14.2,58.1,0.012,11.4,2,rn,11.4,17.1,1,6,1,0.1,16,1,0,3,11,0,0,0,0,0,2.95,3.11,1.4,2.04,0,0.24,9.74,false,0,0,true,59,86.5,false,false,false,victoire_confortable,2,1,2,74,69,3,1,1,0,0,15669,18,2
renaissance:roleplayer:4,renaissance,renaissance,existing,roleplayer,ideologiquement_coherent,4,fun-audit-4,union,31,true,true,president,80,15.5,59,0.079,11.2,1,rn,11.2,19.9,1,6,1,0.6,14,1,0,3,14,0,0,1,1,0,6.03,2.64,1.26,4.56,1.37,1.12,16.98,false,0,2,true,53,86.60000000000002,false,false,false,victoire_confortable,2,1,3,76,68,4,1,3,0,0,15490,7,19
renaissance:roleplayer:5,renaissance,renaissance,existing,roleplayer,ideologiquement_coherent,5,fun-audit-5,field_first,31,true,true,president,79,15.7,56.6,0.085,13.9,1,rn,11.5,17.1,1,3,2,2.5,14,1,0,0,9,0,0,1,0,0,3.9,3.8,0.92,0,0.35,1.86,10.83,false,0,1,true,58,87.40000000000002,false,false,false,victoire_confortable,1,1,1,80,71,4,0,4,0,1,15892,21,22
renaissance:roleplayer:6,renaissance,renaissance,existing,roleplayer,ideologiquement_coherent,6,fun-audit-6,presidential,31,true,true,president,82,17.4,54.2,0.17,14.6,1,lfi,11.7,22.4,1,3,2,5.2,14,1,0,2,10,0,0,2,0,0,3.59,0,1.3,1.05,1.4,0.98,8.32,false,0,2,true,60,59.8,false,false,false,victoire_serree,1,1,2,75,71,2,1,1,0,0,15641,22,8
renaissance:roleplayer:7,renaissance,renaissance,existing,roleplayer,ideologiquement_coherent,7,fun-audit-7,rupture,31,true,true,president,82,16.9,53.2,0.171,8.7,1,nouvelle_energie,8.7,16.11,1,8,1,4.8,15,1,1,1,12,0,0,2,0,0,7.79,0,1.4,5.56,0.35,0.16,15.26,false,0,2,true,68,28.599999999999998,false,true,false,remontee_spectaculaire,3,1,5,72,63,5,0,3,1,0,15341,13,
renaissance:roleplayer:8,renaissance,renaissance,existing,roleplayer,ideologiquement_coherent,8,fun-audit-8,digital,25,false,false,kingmaker,56,12.4,,-0.114,12.3,3,rn,10.1,16.1,1,8,6,0.6,12,1,0,0,10,0,0,1,1,0,1.85,1.54,0,0.28,0.04,1.86,5.57,false,0,2,false,,,false,false,false,elimination_precoce,4,2,2,58,51,5,0,2,0,0,12575,19,
renaissance:roleplayer:9,renaissance,renaissance,existing,roleplayer,ideologiquement_coherent,9,fun-audit-9,union,31,true,true,president,77,14.1,58.6,0.006,11,2,rn,9.2,18.9,1,8,7,0.6,15,1,0,3,12,0,0,0,0,0,5.6,0.84,1.03,1.69,0.7,2.74,12.6,false,0,0,true,56,86.60000000000001,false,false,false,victoire_confortable,1,1,2,80,72,3,1,4,0,0,15494,19,11
renaissance:roleplayer:10,renaissance,renaissance,existing,roleplayer,ideologiquement_coherent,10,fun-audit-10,field_first,31,true,true,president,80,15.5,58.4,0.088,11.7,1,rn,11.7,16.5,1,3,1,2.5,16,1,0,1,11,0,0,0,0,0,3.46,1.54,0.1,1.05,1.05,0,7.2,false,0,0,true,58,88.29999999999998,false,false,false,victoire_confortable,5,1,2,78,71,3,2,2,0,0,15571,15,17
renaissance:roleplayer:11,renaissance,renaissance,existing,roleplayer,ideologiquement_coherent,11,fun-audit-11,presidential,31,true,true,president,82,16.6,56.1,0.153,10.5,1,horizons,8.8,16.4,1,8,9,4.1,14,1,1,2,12,0,0,2,1,0,11.07,1.54,1.4,4.79,0.35,1.17,20.32,false,0,3,true,56,47,false,false,false,victoire_confortable,1,1,4,77,68,7,1,0,1,0,15618,7,19
renaissance:roleplayer:12,renaissance,renaissance,existing,roleplayer,ideologiquement_coherent,12,fun-audit-12,rupture,31,true,true,president,79,15.5,51.2,0.075,10.6,1,rn,9.5,16.2,1,8,9,2.6,15,1,0,2,8,0,0,2,2,0,2.93,0.84,1.4,0,1.02,0.64,6.83,false,0,4,true,68,87.10000000000001,false,false,false,victoire_serree,1,1,4,78,74,4,0,0,0,0,15324,17,
renaissance:roleplayer:13,renaissance,renaissance,existing,roleplayer,ideologiquement_coherent,13,fun-audit-13,digital,31,true,true,president,75,13.7,51.9,-0.021,10.7,2,rn,10.7,18.2,1,7,3,0.9,16,1,0,2,11,0,0,2,1,0,3.58,2.3,1.68,0.42,0.35,0.98,9.31,true,2,2,true,62,85.4,false,false,false,victoire_serree,2,1,5,75,72,3,0,0,0,0,15502,21,20
renaissance:roleplayer:14,renaissance,renaissance,existing,roleplayer,ideologiquement_coherent,14,fun-audit-14,union,31,true,true,president,75,13.1,51.1,-0.064,8.8,2,ps,8.8,17.9,1,8,1,0.1,16,1,0,2,11,0,0,2,1,0,4.79,0.33,1.49,0.7,0.35,0.24,7.9,false,0,4,true,53,71.20000000000002,false,false,false,victoire_serree,2,2,4,75,69,2,2,2,0,0,15490,19,10
renaissance:roleplayer:15,renaissance,renaissance,existing,roleplayer,ideologiquement_coherent,15,fun-audit-15,field_first,29,true,false,runoff_defeat,71,14.7,49.1,0.041,9.1,1,lr,9.1,17,1,8,5,0.7,13,1,0,2,9,0,0,2,2,0,0.05,2.23,2.58,0.7,0,1.12,6.68,false,0,4,true,53,62.6,false,false,false,defaite_serree,1,1,4,68,63,3,1,1,0,0,14374,8,29
renaissance:roleplayer:16,renaissance,renaissance,existing,roleplayer,ideologiquement_coherent,16,fun-audit-16,presidential,31,true,true,president,74,13.4,51.5,-0.043,13.9,2,rn,9.6,15.93,1,8,8,0.3,15,1,1,3,10,1,0,1,0,0,1.67,0,0,2.72,0,0.46,4.85,false,0,1,true,59,86.4,false,false,false,victoire_serree,1,1,5,79,70,4,2,2,1,0,15659,14,18
renaissance:roleplayer:17,renaissance,renaissance,existing,roleplayer,ideologiquement_coherent,17,fun-audit-17,rupture,29,true,false,runoff_defeat,70,13.3,45.8,-0.05,10.2,2,nouvelle_energie,10.2,19,1,8,3,0.2,13,1,0,3,9,0,0,1,1,0,3.53,1.08,0.23,1.05,0,0.24,6.13,false,0,2,true,59,29.900000000000002,false,false,false,defaite_lourde,4,2,3,67,60,2,1,4,0,0,14388,15,28
renaissance:roleplayer:18,renaissance,renaissance,existing,roleplayer,ideologiquement_coherent,18,fun-audit-18,digital,31,true,true,president,89,20.6,53.1,0.347,16,1,ecologistes,12.03,19.2,1,2,0,9.1,16,1,0,2,10,0,0,2,0,0,2.2,2.24,1.26,2.04,0.35,1.12,9.21,false,0,2,true,59,37.8,false,false,false,victoire_serree,2,1,3,77,69,6,2,0,0,0,15813,12,
renaissance:roleplayer:19,renaissance,renaissance,existing,roleplayer,ideologiquement_coherent,19,fun-audit-19,union,31,true,true,president,75,13.9,55.3,-0.007,14.2,2,ps,10.4,18.7,1,8,2,1.3,15,1,1,2,6,0,0,0,0,0,1.47,0.84,1.82,0.7,0,0,4.83,false,0,0,true,53,72.00000000000001,false,false,false,victoire_serree,5,3,3,76,65,8,1,1,1,0,15583,10,25
renaissance:opportunist:0,renaissance,renaissance,existing,opportunist,opportuniste_electoral,0,fun-audit-0,field_first,31,true,true,president,77,15.3,52.7,0.076,13,2,rn,11.8,15.8,1,3,2,0.6,17,1,0,1,9,0,1,1,1,0,4.16,0,0.65,1.41,0,2.55,8.77,true,1,2,true,72,86.80000000000001,false,false,false,victoire_serree,4,1,6,74,68,4,0,2,0,0,15476,5,24
renaissance:opportunist:1,renaissance,renaissance,existing,opportunist,opportuniste_electoral,1,fun-audit-1,presidential,31,true,true,president,80,15.4,51.3,0.082,10.8,1,lfi,10.8,18.4,1,7,1,3.8,14,1,0,2,12,0,0,3,1,0,12.74,2.31,1.57,2.19,1.05,4.15,24.01,true,1,4,true,61,61.39999999999999,false,false,false,victoire_serree,2,1,5,80,68,5,3,4,0,0,15577,2,12
renaissance:opportunist:2,renaissance,renaissance,existing,opportunist,opportuniste_electoral,2,fun-audit-2,rupture,25,false,false,kingmaker,54,12.4,,-0.114,10.5,3,ps,10.5,14.4,1,8,3,1.8,11,1,0,0,7,1,0,0,0,0,8.96,2.66,1.26,0,0,2.55,15.43,false,0,0,false,,,false,false,false,elimination_precoce,4,2,2,56,53,1,0,2,0,0,12128,21,
renaissance:opportunist:3,renaissance,renaissance,existing,opportunist,opportuniste_electoral,3,fun-audit-3,digital,25,false,false,kingmaker,56,13.1,,-0.064,11.4,4,rn,11.4,16.5,1,6,1,0.3,11,1,0,2,9,0,0,0,0,0,8.39,3.99,0,2.19,1.05,3.25,18.87,false,0,0,false,,,false,false,false,elimination_precoce,3,1,2,61,56,3,0,2,0,0,12708,16,7
renaissance:opportunist:4,renaissance,renaissance,existing,opportunist,opportuniste_electoral,4,fun-audit-4,union,25,false,false,kingmaker,44,10.2,,-0.271,11.2,6,rn,10.2,13.1,1,8,4,0.5,10,1,0,1,10,0,2,1,1,0,9.35,3.64,1.61,1.16,5.11,2.55,23.42,false,0,2,false,,,false,false,false,elimination_precoce,2,1,4,64,58,4,1,1,0,0,12496,21,12
renaissance:opportunist:5,renaissance,renaissance,existing,opportunist,opportuniste_electoral,5,fun-audit-5,field_first,31,true,true,president,81,16.4,57.9,0.141,13.9,1,rn,11.2,16.7,1,5,2,3.3,14,1,0,1,8,0,0,1,0,0,2.86,3.79,1.57,0,0.35,2.55,11.12,false,0,1,true,62,87.40000000000002,false,false,false,victoire_confortable,1,1,2,80,71,4,0,4,0,1,15722,19,3
renaissance:opportunist:6,renaissance,renaissance,existing,opportunist,opportuniste_electoral,6,fun-audit-6,presidential,31,true,true,president,78,16.1,53.3,0.124,14.6,1,lfi,8.7,21.4,1,8,4,3.5,14,1,0,2,8,0,0,1,1,0,3.71,2.31,0,0,4.72,2.55,13.29,true,1,2,true,64,59.4,false,false,false,victoire_serree,1,1,5,75,71,2,1,1,0,0,15765,13,7
renaissance:opportunist:7,renaissance,renaissance,existing,opportunist,opportuniste_electoral,7,fun-audit-7,rupture,29,true,false,runoff_defeat,71,14.5,48.5,0.029,8.7,1,nouvelle_energie,8.7,15.56,1,8,3,1.2,12,1,0,1,11,0,0,1,0,0,7.98,3.99,2.77,2.19,2.07,2.7,21.7,false,0,1,true,66,30.7,false,false,false,defaite_serree,2,1,3,64,57,6,1,0,0,0,14698,2,23
renaissance:opportunist:8,renaissance,renaissance,existing,opportunist,opportuniste_electoral,8,fun-audit-8,digital,25,false,false,kingmaker,56,12.2,,-0.129,12.3,3,rn,10.1,16.2,1,8,4,0.8,11,1,0,0,8,0,0,1,1,0,3.4,3.01,1.26,0.28,2.42,1.86,12.23,false,0,2,false,,,false,false,false,elimination_precoce,4,2,2,58,51,5,0,2,0,0,12522,21,13
renaissance:opportunist:9,renaissance,renaissance,existing,opportunist,opportuniste_electoral,9,fun-audit-9,union,25,false,false,kingmaker,48,12,,-0.143,11,5,rn,8.9,14.68,1,8,9,0.2,11,0,0,3,9,0,1,0,0,0,7.2,2.31,1.03,1.32,1.05,4.15,17.06,false,0,0,false,,,false,false,false,elimination_precoce,2,1,2,65,60,2,1,2,0,0,12490,7,19
renaissance:opportunist:10,renaissance,renaissance,existing,opportunist,opportuniste_electoral,10,fun-audit-10,field_first,31,true,true,president,78,14.6,57.1,0.035,11.7,1,rn,11.7,15.8,1,3,1,1.5,13,1,0,1,5,0,0,2,2,0,4.1,3.01,0,0,5.07,0,12.18,false,0,3,true,72,88.29999999999998,false,false,false,victoire_confortable,3,1,3,78,71,3,2,2,0,0,15449,12,19
renaissance:opportunist:11,renaissance,renaissance,existing,opportunist,opportuniste_electoral,11,fun-audit-11,presidential,31,true,true,president,79,15.6,52.9,0.084,10.5,1,ps,8.5,16.5,1,8,7,2.9,15,1,0,3,6,0,0,1,0,0,4.7,3.64,0,2.19,0,0,10.53,true,1,1,true,62,71.7,false,false,false,victoire_serree,1,1,4,74,67,6,1,0,0,0,15589,8,24
renaissance:opportunist:12,renaissance,renaissance,existing,opportunist,opportuniste_electoral,12,fun-audit-12,rupture,31,true,true,president,77,14.6,51.5,0.035,10.6,1,rn,8.9,15.2,1,8,9,1.6,14,1,0,2,5,0,0,2,2,0,0.28,2.31,0,0.28,1.4,5.55,9.82,false,0,4,true,77.63456856058308,87.10000000000001,false,false,false,victoire_serree,0,0,4,79,74,4,0,1,0,0,15566,5,10
renaissance:opportunist:13,renaissance,renaissance,existing,opportunist,opportuniste_electoral,13,fun-audit-13,digital,31,true,true,president,76,13.6,51.7,-0.029,10.7,2,rn,10.7,18.6,1,7,3,0.8,17,1,0,2,8,0,0,1,0,0,7.49,5.09,0,0,2.87,2.55,18,true,3,1,true,63,85.4,false,false,false,victoire_serree,1,1,4,75,72,3,0,0,0,0,15553,3,24
renaissance:opportunist:14,renaissance,renaissance,existing,opportunist,opportuniste_electoral,14,fun-audit-14,union,25,false,false,kingmaker,48,13.5,,-0.036,8.8,3,rn,8.8,15.5,1,8,2,0.5,11,0,0,4,7,0,1,2,2,0,2.19,3.16,1.03,0,1.75,3.25,11.38,false,0,5,false,,,false,false,false,elimination_precoce,2,1,3,58,55,1,0,2,0,0,12614,23,14
renaissance:opportunist:15,renaissance,renaissance,existing,opportunist,opportuniste_electoral,15,fun-audit-15,field_first,31,true,true,president,77,14.6,53.3,0.035,9.1,2,rn,8.9,18.8,1,8,5,3.1,17,1,0,1,7,0,0,2,0,0,5.9,5.02,0.28,0,1.4,1.86,14.46,true,1,2,true,63,86.9,false,false,false,victoire_serree,1,1,4,72,66,5,1,0,0,0,15736,18,5
renaissance:opportunist:16,renaissance,renaissance,existing,opportunist,opportuniste_electoral,16,fun-audit-16,presidential,25,false,false,kingmaker,47,11.7,,-0.164,13.9,5,rn,9.2,14.55,1,8,6,0.3,10,0,0,2,7,0,1,1,1,0,6.08,0.27,0,0,2.1,0,8.45,false,0,2,false,,,false,false,false,elimination_precoce,2,1,3,60,55,3,0,2,0,0,12512,14,4
renaissance:opportunist:17,renaissance,renaissance,existing,opportunist,opportuniste_electoral,17,fun-audit-17,rupture,29,true,false,runoff_defeat,68,14.3,47.6,0.016,10.2,1,nouvelle_energie,10.2,17.2,1,8,3,1.6,12,1,0,4,6,0,0,2,2,0,8.49,1.08,0,1.16,0.7,3.25,14.68,false,0,5,true,68,30.200000000000003,false,false,false,defaite_serree,2,1,4,65,62,1,1,1,0,0,14746,22,11
renaissance:opportunist:18,renaissance,renaissance,existing,opportunist,opportuniste_electoral,18,fun-audit-18,digital,31,true,true,president,78,15.6,55.4,0.084,16,1,ps,11.2,17.1,1,6,6,3.1,15,1,0,1,5,0,0,2,1,0,0.7,3.01,1.57,1.16,2.1,2.55,11.09,false,0,3,true,67,70.2,false,false,false,victoire_serree,3,1,3,79,72,2,1,4,0,0,15492,12,15
renaissance:opportunist:19,renaissance,renaissance,existing,opportunist,opportuniste_electoral,19,fun-audit-19,union,25,false,false,kingmaker,53,12.4,,-0.114,14.2,4,ps,9.8,17.7,1,8,6,0.3,11,1,1,2,4,0,0,0,0,0,0,2.31,1.67,0,0.7,0,4.68,false,0,0,false,,,false,false,false,elimination_precoce,5,3,3,56,50,5,0,0,1,0,12497,9,4
renaissance:chaos:0,renaissance,renaissance,existing,chaos,contrarien,0,fun-audit-0,field_first,25,false,false,secret_civil_unrest,46,12.7,,-0.093,13,3,rn,11.5,15.5,1,4,3,2.4,10,0,0,1,5,0,1,1,0,0,4.31,0,0,2.74,0,2.55,9.6,true,1,1,false,,,false,false,false,elimination_precoce,2,1,3,61,55,4,0,2,0,0,12190,7,21
renaissance:chaos:1,renaissance,renaissance,existing,chaos,contrarien,1,fun-audit-1,presidential,25,false,false,narrow_elimination,45,11.2,,-0.2,10.8,6,rn,10.3,15.7,1,7,8,0.4,9,0,0,3,9,0,1,1,1,0,12.52,2.31,0,2.72,1.4,0.27,19.22,true,1,1,false,,,false,false,false,elimination_precoce,3,1,4,62,55,4,1,2,0,0,12454,1,19
renaissance:chaos:2,renaissance,renaissance,existing,chaos,contrarien,2,fun-audit-2,rupture,25,false,false,honorable_campaign,45,11.8,,-0.157,10.5,6,ps,10,14.3,1,8,3,0.2,9,0,0,0,6,0,1,0,0,0,9.86,2.97,0,0,4.79,0,17.62,false,0,0,false,,,false,false,false,elimination_precoce,4,2,1,55,53,1,0,1,0,0,12099,3,19
renaissance:chaos:3,renaissance,renaissance,existing,chaos,contrarien,3,fun-audit-3,digital,25,false,false,kingmaker,46,11.9,,-0.15,11.4,5,nouvelle_energie,11.4,16.6,1,6,6,0.4,11,0,0,2,10,0,1,1,0,0,10.64,0.46,0.81,4.6,0.7,4.09,21.3,false,0,1,false,,,false,false,false,elimination_precoce,1,1,2,60,56,3,0,1,0,0,12393,6,5
renaissance:chaos:4,renaissance,renaissance,existing,chaos,contrarien,4,fun-audit-4,union,25,false,false,kingmaker,40,10,,-0.286,11.2,7,ps,9.3,13.5,1,8,2,0.7,11,0,0,3,8,0,2,1,1,0,5.8,4.06,6.75,1.16,3.71,3.25,24.73,false,0,2,false,,,false,false,false,elimination_precoce,1,1,3,64,58,4,1,1,0,0,12208,3,19
renaissance:chaos:5,renaissance,renaissance,existing,chaos,contrarien,5,fun-audit-5,field_first,31,true,true,president,68,14.5,52,0.029,13.9,2,rn,10.8,16,1,7,5,1,14,0,0,3,8,0,1,1,1,0,7.14,2.31,0,4.66,1.4,3.25,18.76,false,0,2,true,78,87.00000000000001,false,false,false,victoire_serree,2,1,4,80,71,5,0,3,0,1,15406,12,21
renaissance:chaos:6,renaissance,renaissance,existing,chaos,contrarien,6,fun-audit-6,presidential,31,true,true,president,73,14.7,50.1,0.041,14.6,1,horizons,8.3,19.4,1,8,4,1.9,14,0,0,3,9,0,1,1,0,0,11.1,2.31,0,2.8,5.07,4.09,25.37,false,0,1,true,80.45337826236144,46.8,false,false,false,victoire_serree,1,1,3,75,71,2,1,1,0,0,15551,15,7
renaissance:chaos:7,renaissance,renaissance,existing,chaos,contrarien,7,fun-audit-7,rupture,25,false,false,kingmaker,40,11.5,,-0.179,8.7,5,nouvelle_energie,8.7,14.1,1,8,6,0,10,0,1,2,7,0,2,2,2,0,5.42,0,1.05,3.99,5.42,2.7,18.58,true,1,4,false,,,false,false,false,elimination_precoce,2,1,5,58,51,4,0,2,1,0,12081,23,14
renaissance:chaos:8,renaissance,renaissance,existing,chaos,contrarien,8,fun-audit-8,digital,25,false,false,kingmaker,43,10,,-0.286,12.3,7,rn,9.4,16.4,1,8,5,0.9,12,0,0,2,8,2,0,1,1,0,13.5,0,0,0,4.1,5.04,22.64,false,0,3,false,,,false,false,false,elimination_precoce,1,1,3,58,51,5,0,2,0,0,12767,5,19
renaissance:chaos:9,renaissance,renaissance,existing,chaos,contrarien,9,fun-audit-9,union,25,false,false,collapse,32,8.9,,-0.364,11,6,rn,8.3,13,2,8,6,3.5,7,0,0,4,7,1,1,0,0,0,6.86,2.31,0,1.16,1.05,2.55,13.93,false,0,0,false,,,false,false,false,elimination_precoce,1,1,3,63,58,3,0,2,0,0,12580,3,2
renaissance:chaos:10,renaissance,renaissance,existing,chaos,contrarien,10,fun-audit-10,field_first,25,false,false,kingmaker,49,12.6,,-0.1,11.7,3,rn,11.7,15.6,1,3,5,0.7,9,0,0,0,6,0,1,0,0,0,4.89,3.01,0,4.14,5.07,0,17.11,false,0,0,false,,,false,false,false,elimination_precoce,2,1,1,61,56,3,1,1,0,0,12429,18,23
renaissance:chaos:11,renaissance,renaissance,existing,chaos,contrarien,11,fun-audit-11,presidential,25,false,false,honorable_campaign,41,9.8,,-0.3,10.5,7,horizons,8.5,14.5,1,8,12,0.2,11,0,0,4,3,0,0,2,1,0,5.28,4.06,0,1.16,0,0,10.5,false,0,4,false,,,false,false,false,elimination_precoce,1,1,2,57,54,2,0,1,0,0,12565,22,17
renaissance:chaos:12,renaissance,renaissance,existing,chaos,contrarien,12,fun-audit-12,rupture,25,false,false,kingmaker,43,12.2,,-0.129,10.6,5,nouvelle_energie,7.2,12.43,2,8,2,0.2,9,0,0,2,5,0,1,2,1,0,8.34,1.68,0,0,0.7,1.8,12.52,false,0,3,false,,,false,false,false,elimination_precoce,1,1,3,63,59,3,0,1,0,0,12234,18,12
renaissance:chaos:13,renaissance,renaissance,existing,chaos,contrarien,13,fun-audit-13,digital,25,false,false,narrow_elimination,40,11.1,,-0.207,10.7,6,rn,10.7,17,1,7,3,0.5,7,0,0,1,7,0,1,2,1,0,9.93,2.31,0,1.5,4.45,0,18.19,true,1,3,false,,,false,false,false,elimination_precoce,2,1,4,60,57,2,0,1,0,0,12454,24,15
renaissance:chaos:14,renaissance,renaissance,existing,chaos,contrarien,14,fun-audit-14,union,25,false,false,honorable_campaign,38,9.3,,-0.336,8.8,8,ps,8.8,14,1,8,6,0.6,8,0,0,2,6,0,1,2,2,0,9,1.68,0,1.5,1.4,0.43,14.01,false,0,3,false,,,false,false,false,elimination_precoce,1,1,3,57,53,1,1,2,0,0,12365,23,11
renaissance:chaos:15,renaissance,renaissance,existing,chaos,contrarien,15,fun-audit-15,field_first,25,false,false,kingmaker,47,11.9,,-0.15,9.1,6,rn,8.7,13.81,1,8,9,0.3,10,0,0,0,6,1,0,0,0,0,3.26,1.87,0,1.33,5.11,3.92,15.49,true,1,0,false,,,false,false,false,elimination_precoce,1,1,2,62,55,3,1,3,0,0,12429,13,7
renaissance:chaos:16,renaissance,renaissance,existing,chaos,contrarien,16,fun-audit-16,presidential,29,true,false,runoff_defeat,60,13,48.5,-0.071,13.9,2,rn,9.1,13.9,1,8,5,0.6,11,0,0,2,7,0,1,1,1,0,11.62,1.5,0,1.5,0.35,4.09,19.06,true,1,1,true,75,87.20000000000002,false,false,false,defaite_serree,2,1,5,69,62,2,2,3,0,0,14872,18,21
renaissance:chaos:17,renaissance,renaissance,existing,chaos,contrarien,17,fun-audit-17,rupture,25,false,false,kingmaker,43,11.2,,-0.2,10.2,5,nouvelle_energie,10.1,15.5,1,8,5,0.1,12,0,0,4,4,0,0,1,1,0,4.65,3.61,0,2.73,0.7,4.09,15.78,false,0,2,false,,,false,false,false,elimination_precoce,1,1,2,56,52,2,1,1,0,0,12320,10,17
renaissance:chaos:18,renaissance,renaissance,existing,chaos,contrarien,18,fun-audit-18,digital,29,true,false,runoff_defeat,61,13.9,45.6,-0.007,16,2,ps,10.3,16,1,7,5,1.2,10,0,0,3,4,0,0,2,1,0,3.05,4.06,0,2.73,0,3.92,13.76,false,0,3,true,75,70.2,false,false,false,defaite_lourde,2,1,2,69,64,2,1,2,0,0,14268,6,15
renaissance:chaos:19,renaissance,renaissance,existing,chaos,contrarien,19,fun-audit-19,union,25,false,false,honorable_campaign,39,9.7,,-0.307,14.2,7,ps,9.5,14.9,1,8,7,0.5,10,0,1,3,4,0,1,0,0,0,1.75,0,6.36,1.5,0.7,3.92,14.23,false,0,0,false,,,false,false,false,elimination_precoce,3,2,3,56,50,5,0,0,1,0,12492,17,8
renaissance:cautious:0,renaissance,renaissance,existing,cautious,prudent,0,fun-audit-0,field_first,31,true,true,president,80,16,54,0.118,13,2,rn,12.1,16.25,1,2,0,1.2,16,1,0,1,6,0,0,1,0,0,2.72,0,0.85,0,0.35,1.97,5.89,true,1,1,true,59,86.80000000000001,false,false,false,victoire_serree,7,2,4,75,69,4,0,2,0,0,15119,9,11
renaissance:cautious:1,renaissance,renaissance,existing,cautious,prudent,1,fun-audit-1,presidential,29,true,false,runoff_defeat,67,13.2,49.9,-0.057,10.8,1,lfi,10.8,17.3,1,7,1,1.2,12,1,0,2,8,1,0,0,0,0,2.99,1.08,1.57,0,0,1.35,6.99,true,1,0,true,62,60.599999999999994,false,false,false,defaite_serree,2,1,5,70,62,4,2,2,0,0,14382,23,10
renaissance:cautious:2,renaissance,renaissance,existing,cautious,prudent,2,fun-audit-2,rupture,25,false,false,kingmaker,55,12.8,,-0.086,10.5,3,ps,10.5,14.6,1,8,3,1.4,11,0,0,0,6,0,0,0,0,0,0.02,2.24,1.26,0,0,0.95,4.47,false,0,0,false,,,false,false,false,elimination_precoce,4,2,0,56,53,1,0,2,0,0,11990,3,18
renaissance:cautious:3,renaissance,renaissance,existing,cautious,prudent,3,fun-audit-3,digital,25,false,false,kingmaker,53,14.1,,0.006,11.4,3,rn,11.4,17.1,1,6,1,0,11,0,0,2,8,0,0,0,0,0,0.54,0.56,0,2.56,0.35,1.12,5.13,false,0,0,false,,,false,false,false,elimination_precoce,3,1,1,61,56,3,0,2,0,0,12501,6,5
renaissance:cautious:4,renaissance,renaissance,existing,cautious,prudent,4,fun-audit-4,union,25,false,false,kingmaker,55,14.3,,0.016,11.2,3,rn,11.2,16.28,1,6,1,0.6,11,0,0,2,10,0,0,1,1,0,5.89,0.29,1.26,2.56,1.05,0,11.05,false,0,2,false,,,false,false,false,elimination_precoce,2,1,2,63,57,4,1,1,0,0,12278,7,17
renaissance:cautious:5,renaissance,renaissance,existing,cautious,prudent,5,fun-audit-5,field_first,31,true,true,president,79,16,57.7,0.118,13.9,1,rn,11.4,17,1,4,4,2.8,15,1,0,1,8,0,0,1,0,0,0.09,0.33,1.26,4.2,0,2.52,8.4,false,0,1,true,51,87.40000000000002,false,false,false,victoire_confortable,2,1,2,80,71,4,0,4,0,1,15658,10,11
renaissance:cautious:6,renaissance,renaissance,existing,cautious,prudent,6,fun-audit-6,presidential,31,true,true,president,83,17.5,53.4,0.206,14.6,1,horizons,10,23.1,1,8,4,5,15,1,0,1,7,0,0,2,0,0,7.31,0,0,3.68,1.05,0,12.04,true,1,2,true,49,46.4,false,false,false,victoire_serree,1,1,4,77,73,2,1,1,0,0,15530,15,20
renaissance:cautious:7,renaissance,renaissance,existing,cautious,prudent,7,fun-audit-7,rupture,29,true,false,runoff_defeat,71,14.8,48,0.047,8.7,1,nouvelle_energie,8.7,16.17,1,8,3,1.6,13,1,0,1,8,0,0,1,0,0,1.53,0.56,1.05,2.56,1.05,3.08,9.83,false,0,1,true,67,30.7,false,false,false,defaite_serree,1,1,3,65,57,6,2,0,0,0,14657,5,18
renaissance:cautious:8,renaissance,renaissance,existing,cautious,prudent,8,fun-audit-8,digital,25,false,false,kingmaker,48,11.6,,-0.171,12.3,5,rn,10.5,17.1,1,7,4,0.3,11,0,0,0,9,0,1,1,0,0,5.73,1.54,1.05,1.68,0,0.81,10.81,false,0,1,false,,,false,false,false,elimination_precoce,4,2,1,58,51,5,0,2,0,0,12478,5,
renaissance:cautious:9,renaissance,renaissance,existing,cautious,prudent,9,fun-audit-9,union,25,false,false,kingmaker,54,13.5,,-0.036,11,3,rn,9.3,15.77,1,8,7,0.1,12,0,0,3,8,0,0,0,0,0,3.8,0.84,1.26,1.69,0,3.37,10.96,false,0,0,false,,,false,false,false,elimination_precoce,2,1,1,64,59,2,1,2,0,0,12393,19,11
renaissance:cautious:10,renaissance,renaissance,existing,cautious,prudent,10,fun-audit-10,field_first,31,true,true,president,78,15.1,58.5,0.065,11.7,1,rn,11.7,16.3,1,3,1,2.1,16,1,0,0,5,0,0,1,1,0,1.07,1.08,0,0,1.05,0,3.2,false,0,1,true,46,88.29999999999998,false,false,false,victoire_confortable,4,1,2,79,71,3,2,3,0,0,15637,14,17
renaissance:cautious:11,renaissance,renaissance,existing,cautious,prudent,11,fun-audit-11,presidential,25,false,false,kingmaker,47,11.8,,-0.157,10.5,5,rn,8.9,15.42,1,8,9,0,11,0,0,2,4,0,0,2,1,0,4.71,0,0.45,0.28,0,0,5.44,false,0,3,false,,,false,false,false,elimination_precoce,2,1,2,60,55,3,1,1,0,0,12232,13,17
renaissance:cautious:12,renaissance,renaissance,existing,cautious,prudent,12,fun-audit-12,rupture,31,true,true,president,79,15.1,51.5,0.065,10.6,1,rn,9.5,16,1,8,9,2.2,15,1,0,1,6,0,0,3,2,0,4.53,0.84,0,0,0.35,1.97,7.69,false,0,4,true,62,87.10000000000001,false,false,false,victoire_serree,1,1,4,78,74,4,0,0,0,0,15262,9,12
renaissance:cautious:13,renaissance,renaissance,existing,cautious,prudent,13,fun-audit-13,digital,31,true,true,president,78,14.3,57.8,0.018,10.7,1,rn,10.7,19.4,1,7,3,1.6,16,1,0,1,8,0,0,3,1,0,3.53,2.3,0,0.98,0,0,6.81,true,3,3,true,55,85.4,false,false,false,victoire_confortable,3,1,4,75,72,3,0,0,0,0,15545,19,23
renaissance:cautious:14,renaissance,renaissance,existing,cautious,prudent,14,fun-audit-14,union,25,false,false,kingmaker,53,12.3,,-0.121,8.8,3,ps,8.8,15.5,1,8,1,0.8,12,0,0,3,5,0,0,2,2,0,0.7,0.5,1.26,1.68,0.35,1.12,5.61,true,1,5,false,,,false,false,false,elimination_precoce,3,2,3,57,53,1,1,2,0,0,12637,23,10
renaissance:cautious:15,renaissance,renaissance,existing,cautious,prudent,15,fun-audit-15,field_first,31,true,true,president,75,15.2,51.7,0.071,9.1,1,ecologistes,8.9,19,1,8,5,2.2,15,1,0,1,4,0,1,1,0,0,0,2.23,0.35,0,0,0.29,2.87,true,1,1,true,62,37.4,false,false,false,victoire_serree,1,1,5,80,71,4,2,3,0,0,15911,8,17
renaissance:cautious:16,renaissance,renaissance,existing,cautious,prudent,16,fun-audit-16,presidential,31,true,true,president,80,16.7,56.4,0.142,13.9,1,rn,9.8,17,1,8,6,3.3,14,1,0,1,7,0,0,3,1,0,4.43,1.54,0,1.68,0.35,1.12,9.12,true,1,3,true,49,86.5,false,false,false,victoire_confortable,4,1,4,72,67,3,1,1,0,0,15710,6,18
renaissance:cautious:17,renaissance,renaissance,existing,cautious,prudent,17,fun-audit-17,rupture,25,false,false,kingmaker,53,13.1,,-0.064,10.2,3,nouvelle_energie,10.2,15.8,1,8,3,0,11,0,0,2,6,0,0,1,1,0,3.56,1.08,1.26,1.68,0.35,1.12,9.05,false,0,2,false,,,false,false,false,elimination_precoce,5,2,2,56,52,2,1,1,0,0,12317,5,1
renaissance:cautious:18,renaissance,renaissance,existing,cautious,prudent,18,fun-audit-18,digital,31,true,true,president,83,19.1,52.4,0.268,16,1,ecologistes,12.17,18.1,1,2,0,7.2,16,1,0,3,7,1,0,3,2,0,3.57,0,1.57,1.68,0.35,1.46,8.63,false,0,5,true,58,38.199999999999996,false,false,false,victoire_serree,4,1,5,80,71,6,3,0,0,0,15956,6,16
renaissance:cautious:19,renaissance,renaissance,existing,cautious,prudent,19,fun-audit-19,union,25,false,false,kingmaker,51,12.3,,-0.121,14.2,4,ps,10.2,17.6,1,8,2,0.4,11,0,1,2,3,0,0,1,1,0,2.2,1.08,0.45,0.7,0,0,4.43,false,0,1,false,,,false,false,false,elimination_precoce,5,2,3,56,50,5,0,0,1,0,12595,14,11
renaissance:narrative:0,renaissance,renaissance,existing,narrative,mediatique,0,fun-audit-0,field_first,31,true,true,secret_fragmentation,77,15.5,51.4,0.088,13,2,rn,11.5,15.2,1,4,4,0.5,16,0,0,2,7,0,0,2,1,0,12.77,0,0.28,0,0,2.55,15.6,true,1,3,true,77.89727212406538,86.00000000000001,false,false,false,victoire_serree,4,1,4,74,68,4,0,2,0,0,15398,21,2
renaissance:narrative:1,renaissance,renaissance,existing,narrative,mediatique,1,fun-audit-1,presidential,25,false,false,narrow_elimination,45,11.5,,-0.179,10.8,6,lfi,10.8,17.2,1,7,4,0.1,10,0,0,1,11,0,2,1,1,0,10.4,2.13,7.53,1.41,0.7,5.55,27.72,false,0,1,false,,,false,false,false,elimination_precoce,4,1,3,62,55,4,1,2,0,0,12485,23,8
renaissance:narrative:2,renaissance,renaissance,existing,narrative,mediatique,2,fun-audit-2,rupture,29,true,false,runoff_defeat,69,14.5,48.5,0.026,10.5,1,ps,10.5,15.44,1,8,1,0.6,14,0,0,1,8,0,0,0,0,0,15.64,6.12,0,0,4.17,0,25.93,false,0,0,true,81.21658327939105,72.3,false,false,false,defaite_serree,5,2,2,62,59,1,0,2,0,0,14164,3,26
renaissance:narrative:3,renaissance,renaissance,existing,narrative,mediatique,3,fun-audit-3,digital,25,false,false,kingmaker,50,11.8,,-0.157,11.4,4,rn,11.4,16.5,1,6,1,1.8,10,0,0,3,9,0,1,0,0,0,10.48,5.95,0,2.04,1.4,3.25,23.12,false,0,0,false,,,false,false,false,elimination_precoce,2,1,2,61,56,3,0,2,0,0,12618,20,24
renaissance:narrative:4,renaissance,renaissance,existing,narrative,mediatique,4,fun-audit-4,union,25,false,false,kingmaker,35,9,,-0.357,11.2,8,rn,10,13.3,1,8,4,0,12,0,0,4,10,0,2,1,1,0,4.92,3.64,2.17,0.98,4.41,3.25,19.37,false,0,2,false,,,false,false,false,elimination_precoce,1,1,3,64,58,4,1,1,0,0,12319,21,12
renaissance:narrative:5,renaissance,renaissance,existing,narrative,mediatique,5,fun-audit-5,field_first,31,true,true,president,75,14.9,54.1,0.053,13.9,1,rn,10.9,16,1,7,6,1.4,14,0,0,1,8,0,1,0,0,0,4.09,1.72,1.09,0,0,2.55,9.45,false,0,0,true,81.94408567156005,87.00000000000001,false,false,false,victoire_serree,2,1,2,80,71,5,0,3,0,1,15583,22,1
renaissance:narrative:6,renaissance,renaissance,existing,narrative,mediatique,6,fun-audit-6,presidential,29,true,false,runoff_defeat,68,14.8,47.2,0.047,14.6,1,horizons,8.8,16.1,1,8,4,2,10,0,0,3,8,0,1,1,1,0,7.04,2.31,0,0,4.72,2.55,16.62,true,1,2,true,82.63158675068208,46.8,false,false,false,defaite_serree,1,1,5,66,64,1,1,0,0,0,14657,5,8
renaissance:narrative:7,renaissance,renaissance,existing,narrative,mediatique,7,fun-audit-7,rupture,29,true,false,runoff_defeat,64,15.1,47.2,0.065,8.7,2,nouvelle_energie,8.7,14.6,1,8,9,2.7,13,0,1,2,8,0,1,3,2,0,3.01,0,7.68,0.98,0.7,6.03,18.4,true,1,5,true,82.88425175479318,28.599999999999998,false,false,false,defaite_serree,5,1,6,66,58,5,0,2,1,0,14345,15,14
renaissance:narrative:8,renaissance,renaissance,existing,narrative,mediatique,8,fun-audit-8,digital,25,false,false,kingmaker,40,9.6,,-0.314,12.3,7,rn,8.2,15.2,1,8,7,1.3,9,0,0,0,8,0,1,1,1,0,7.41,2.13,1.4,0.28,2.38,3.25,16.85,false,0,2,false,,,false,false,false,elimination_precoce,4,2,2,58,51,5,0,2,0,0,12545,21,13
renaissance:narrative:9,renaissance,renaissance,existing,narrative,mediatique,9,fun-audit-9,union,25,false,false,honorable_campaign,36,9.4,,-0.329,11,6,rn,8.5,13.3,1,8,8,3,7,0,0,4,6,0,1,0,0,0,6.16,2.31,0,0.98,1.05,2.55,13.05,false,0,0,false,,,false,false,false,elimination_precoce,3,1,2,63,58,3,0,2,0,0,12612,7,2
renaissance:narrative:10,renaissance,renaissance,existing,narrative,mediatique,10,fun-audit-10,field_first,31,true,true,president,73,14.3,51.6,0.018,11.7,2,rn,11.7,15.9,1,3,1,1.2,15,0,0,1,9,0,1,0,0,0,5.97,2.13,1.54,1.16,5.42,0,16.22,false,0,0,true,77.89727212406538,88.29999999999998,false,false,false,victoire_serree,3,1,3,79,71,3,2,3,0,0,15537,8,20
renaissance:narrative:11,renaissance,renaissance,existing,narrative,mediatique,11,fun-audit-11,presidential,31,true,true,president,75,14.6,54.3,0.032,10.5,1,horizons,8.4,17.3,1,8,7,1.7,15,0,0,7,5,0,0,2,1,0,5.8,0,2.17,0.98,0,0,8.95,false,0,4,true,75,47.8,false,false,false,victoire_serree,1,1,2,70,66,3,1,0,0,0,15608,8,24
renaissance:narrative:12,renaissance,renaissance,existing,narrative,mediatique,12,fun-audit-12,rupture,31,true,true,president,75,14.6,50.9,0.035,10.6,1,rn,9.1,15,1,8,9,1.6,14,0,0,2,8,0,0,2,1,0,7.8,6.31,1.4,0,2.1,5.55,23.16,false,0,3,true,76,87.10000000000001,false,false,false,victoire_serree,2,1,3,79,74,4,0,1,0,0,15475,18,10
renaissance:narrative:13,renaissance,renaissance,existing,narrative,mediatique,13,fun-audit-13,digital,25,false,false,narrow_elimination,42,11.1,,-0.207,10.7,6,rn,10.7,16.7,1,7,5,0.5,11,0,0,2,10,0,2,3,0,0,7.59,4.21,1.4,0,9.74,2.55,25.49,true,2,3,false,,,false,false,false,elimination_precoce,1,1,3,59,57,2,0,0,0,0,12385,21,15
renaissance:narrative:14,renaissance,renaissance,existing,narrative,mediatique,14,fun-audit-14,union,25,false,false,honorable_campaign,40,9.7,,-0.307,8.8,8,ps,8.8,14.2,1,8,8,0.2,8,0,0,1,4,0,0,2,2,0,8.65,2.31,0,0,1.4,3.25,15.61,false,0,3,false,,,false,false,false,elimination_precoce,3,2,2,57,53,1,1,2,0,0,12515,6,9
renaissance:narrative:15,renaissance,renaissance,existing,narrative,mediatique,15,fun-audit-15,field_first,25,false,false,kingmaker,52,12.3,,-0.121,9.1,4,lr,8.6,14.39,1,8,9,1,11,0,0,1,7,0,0,0,0,0,2.68,4.23,0,0,4.1,3.25,14.26,true,1,0,false,,,false,false,false,elimination_precoce,1,1,2,61,54,3,1,3,0,0,12502,21,7
renaissance:narrative:16,renaissance,renaissance,existing,narrative,mediatique,16,fun-audit-16,presidential,25,false,false,honorable_campaign,42,10.7,,-0.236,13.9,6,rn,9,13.9,1,8,6,0.4,8,0,0,2,7,0,2,1,1,0,12.33,1.14,0,0,1.75,0,15.22,false,0,2,false,,,false,false,false,elimination_precoce,2,1,3,60,55,3,0,2,0,0,12538,20,4
renaissance:narrative:17,renaissance,renaissance,existing,narrative,mediatique,17,fun-audit-17,rupture,29,true,false,runoff_defeat,67,14.3,45.1,0.016,10.2,1,nouvelle_energie,10.2,16.8,1,8,3,1.6,11,0,0,5,7,0,0,2,2,0,11.15,4.23,0,1.16,1.4,3.25,21.19,false,0,5,true,78,30.200000000000003,false,false,false,defaite_lourde,1,1,2,65,62,1,1,1,0,0,14626,10,11
renaissance:narrative:18,renaissance,renaissance,existing,narrative,mediatique,18,fun-audit-18,digital,29,true,false,runoff_defeat,65,14.1,47.1,0.005,16,2,ps,9.4,16,1,8,7,1.4,10,0,0,3,4,0,0,2,1,0,0,4.23,0.35,1.16,2.45,2.55,10.74,false,0,3,true,72,70.2,false,false,false,defaite_serree,2,1,3,71,64,2,1,4,0,0,14494,11,15
renaissance:narrative:19,renaissance,renaissance,existing,narrative,mediatique,19,fun-audit-19,union,25,false,false,kingmaker,49,11.6,,-0.171,14.2,4,ps,9.2,16.7,1,8,6,1.2,11,0,1,4,5,0,0,0,0,0,0,2.31,0.54,0,0.7,0,3.55,false,0,0,false,,,false,false,false,elimination_precoce,5,3,2,56,50,5,0,0,1,0,12445,22,3
renaissance:beginner:0,renaissance,renaissance,existing,beginner,debutant_heuristic,0,fun-audit-0,field_first,25,false,false,kingmaker,55,14.5,,0.029,13,3,rn,11.68,14.3,1,5,4,0.3,10,1,0,1,9,0,2,1,1,0,3.07,0,3.65,1.31,0,0.95,8.98,true,1,2,false,,,false,false,false,elimination_precoce,5,2,5,61,55,4,0,2,0,0,12098,5,7
renaissance:beginner:1,renaissance,renaissance,existing,beginner,debutant_heuristic,1,fun-audit-1,presidential,31,true,true,president,80,15.4,51.2,0.082,10.8,1,lfi,10.8,18.1,1,7,1,3.8,14,1,0,2,10,0,0,0,0,0,10.67,1.26,1.26,2.19,0.7,0.85,16.93,true,1,0,true,61,60.599999999999994,false,false,false,victoire_serree,2,1,4,80,69,5,3,3,0,0,15615,14,12
renaissance:beginner:2,renaissance,renaissance,existing,beginner,debutant_heuristic,2,fun-audit-2,rupture,31,true,true,president,78,14.1,52.6,0.006,10.5,2,ps,10.5,16.06,1,8,1,0.1,17,1,0,1,9,0,0,0,0,0,5.2,1.54,1.26,1.33,0.7,0.98,11.01,false,0,0,true,67,72.3,false,false,false,victoire_serree,4,3,3,69,66,1,0,2,0,0,15073,21,
renaissance:beginner:3,renaissance,renaissance,existing,beginner,debutant_heuristic,3,fun-audit-3,digital,25,false,false,kingmaker,58,13.5,,-0.036,11.4,3,rn,11.4,16.8,1,6,1,0.7,12,1,0,3,9,0,0,0,0,0,9.26,3.36,0,2.19,0.35,4.09,19.25,false,0,0,false,,,false,false,false,elimination_precoce,2,1,2,61,56,3,0,2,0,0,12551,16,
renaissance:beginner:4,renaissance,renaissance,existing,beginner,debutant_heuristic,4,fun-audit-4,union,31,true,true,president,80,15.4,58.7,0.082,11.2,1,rn,11.2,19.9,1,6,1,0.5,14,1,0,3,10,0,0,1,1,0,4.6,3.51,1.26,2.19,1.96,1.12,14.64,false,0,2,true,52,86.60000000000002,false,false,false,victoire_confortable,1,1,3,76,68,4,1,3,0,0,15508,7,19
renaissance:beginner:5,renaissance,renaissance,existing,beginner,debutant_heuristic,5,fun-audit-5,field_first,31,true,true,president,80,16.4,58.4,0.141,13.9,1,rn,11.5,17.2,1,3,2,3.3,14,1,0,0,6,0,0,1,0,0,3.06,3.01,1.26,0,0,1.12,8.45,false,0,1,true,51,87.40000000000002,false,false,false,victoire_confortable,2,1,1,80,71,4,0,4,0,1,15740,12,11
renaissance:beginner:6,renaissance,renaissance,existing,beginner,debutant_heuristic,6,fun-audit-6,presidential,31,true,true,president,83,17.1,54.4,0.182,14.6,1,lfi,11.3,22.4,1,4,2,4.9,14,1,0,2,8,0,0,2,1,0,6.95,2.13,0.9,0.52,2.27,0.98,13.75,false,0,3,true,50,59.8,false,false,false,victoire_serree,0,0,3,75,71,2,1,1,0,0,15491,5,12
renaissance:beginner:7,renaissance,renaissance,existing,beginner,debutant_heuristic,7,fun-audit-7,rupture,31,true,true,president,82,17.1,53.3,0.182,8.7,1,nouvelle_energie,8.7,16.41,1,8,1,5,15,1,1,1,10,0,0,2,0,0,6.35,0,1.05,2.94,0.35,3.55,14.24,false,0,2,true,64,28.599999999999998,false,true,false,remontee_spectaculaire,2,1,5,72,63,5,0,3,1,0,15384,13,3
renaissance:beginner:8,renaissance,renaissance,existing,beginner,debutant_heuristic,8,fun-audit-8,digital,25,false,false,kingmaker,58,12.9,,-0.079,12.3,3,rn,10.5,16.8,1,7,4,0,12,1,0,0,9,0,0,1,1,0,4.26,2.13,1.26,2.05,2.07,1.86,13.63,false,0,2,false,,,false,false,false,elimination_precoce,2,1,2,58,51,5,0,2,0,0,12531,3,
renaissance:beginner:9,renaissance,renaissance,existing,beginner,debutant_heuristic,9,fun-audit-9,union,25,false,false,kingmaker,46,12.2,,-0.129,11,5,rn,9.2,14.69,1,8,9,1,10,0,0,3,10,1,1,0,0,0,9.16,1.26,4.05,1.84,0.7,1,18.01,false,0,0,false,,,false,false,false,elimination_precoce,4,1,3,65,60,2,1,2,0,0,12360,24,16
renaissance:beginner:10,renaissance,renaissance,existing,beginner,debutant_heuristic,10,fun-audit-10,field_first,31,true,true,president,80,16.2,59,0.129,11.7,1,rn,11.7,16.93,1,3,1,3.3,14,1,0,2,6,0,0,1,1,0,1.64,2.13,0.28,2.37,2.63,0,9.05,false,0,2,true,46,88.29999999999998,false,false,false,victoire_confortable,4,1,3,78,71,3,2,2,0,0,15452,18,8
renaissance:beginner:11,renaissance,renaissance,existing,beginner,debutant_heuristic,11,fun-audit-11,presidential,31,true,true,president,82,16.7,55.9,0.159,10.5,1,horizons,8.8,16.85,1,8,7,4.3,15,1,1,2,9,0,0,2,1,0,8.44,3.01,0,2.94,2.07,0.95,17.41,false,0,3,true,58,47,false,false,false,victoire_serree,2,1,4,74,66,6,1,0,1,0,15636,7,
renaissance:beginner:12,renaissance,renaissance,existing,beginner,debutant_heuristic,12,fun-audit-12,rupture,31,true,true,president,79,15.9,52.3,0.112,10.6,1,rn,9.6,16.5,1,8,9,3.1,14,0,0,3,6,0,0,3,3,0,4.3,1.26,0.46,0.8,0.35,1.1,8.27,false,0,5,true,62,87.10000000000001,false,false,false,victoire_serree,0,0,3,79,74,4,0,1,0,0,15445,3,17
renaissance:beginner:13,renaissance,renaissance,existing,beginner,debutant_heuristic,13,fun-audit-13,digital,31,true,true,president,73,13.5,51.8,-0.036,10.7,2,rn,10.7,18.3,1,7,3,0.7,15,1,0,1,7,0,0,0,0,0,4.68,4.14,0,3.27,0.7,0,12.79,true,2,0,true,55,85.4,false,false,false,victoire_serree,2,1,4,75,72,3,0,0,0,0,15458,22,23
renaissance:beginner:14,renaissance,renaissance,existing,beginner,debutant_heuristic,14,fun-audit-14,union,25,false,false,honorable_campaign,45,10.9,,-0.221,8.8,6,ps,8.8,14.4,1,8,5,0.5,9,0,0,2,8,1,1,2,1,0,1.92,2.22,3.08,0.7,2.07,0.24,10.23,false,0,4,false,,,false,false,false,elimination_precoce,3,1,4,57,53,1,1,2,0,0,12482,20,6
renaissance:beginner:15,renaissance,renaissance,existing,beginner,debutant_heuristic,15,fun-audit-15,field_first,29,true,false,runoff_defeat,71,14.8,48.7,0.047,9.1,1,lr,9,17.16,1,8,5,0.8,12,0,0,3,7,0,0,2,2,0,1.92,3.18,0.68,0.63,0.35,0.95,7.71,true,1,4,true,56,62.6,false,false,false,defaite_serree,1,1,4,68,63,3,1,1,0,0,14329,20,29
renaissance:beginner:16,renaissance,renaissance,existing,beginner,debutant_heuristic,16,fun-audit-16,presidential,31,true,true,president,74,14,56.9,0,13.9,1,rn,9.4,16.14,1,8,6,1,15,0,1,2,8,0,1,1,0,0,6.88,0,0.45,0.45,0.35,1.86,9.99,false,0,1,true,62,86.4,false,false,false,victoire_confortable,1,1,3,79,70,4,2,2,1,0,15745,20,17
renaissance:beginner:17,renaissance,renaissance,existing,beginner,debutant_heuristic,17,fun-audit-17,rupture,31,true,true,president,79,14.5,54.2,0.026,10.2,1,nouvelle_energie,10.2,20,1,8,1,1.5,15,1,0,3,8,0,0,1,1,0,4.54,1.08,1.26,1.16,2.07,1.12,11.23,false,0,2,true,59,29.900000000000002,false,false,false,victoire_serree,4,2,3,74,68,2,1,3,0,0,15455,10,28
renaissance:beginner:18,renaissance,renaissance,existing,beginner,debutant_heuristic,18,fun-audit-18,digital,31,true,true,president,90,21.1,53.8,0.418,16,1,ecologistes,12.23,19.4,1,2,0,9.6,16,0,0,2,10,0,0,2,0,0,10.51,1.08,1.26,1.16,0.61,1.12,15.74,false,0,2,true,56,37.8,false,false,false,victoire_serree,0,0,2,77,69,6,2,0,0,0,15774,19,12
renaissance:beginner:19,renaissance,renaissance,existing,beginner,debutant_heuristic,19,fun-audit-19,union,31,true,true,president,75,13.6,54.9,-0.029,14.2,2,ps,10.3,18.6,1,8,2,0.9,14,1,1,2,5,1,0,0,0,0,5.34,1.08,0.45,0.7,0,0,7.57,false,0,0,true,56,72.00000000000001,false,false,false,victoire_serree,4,3,4,76,65,8,1,1,1,0,15495,9,14
renaissance:neutral_baseline:0,renaissance,renaissance,existing,neutral_baseline,aleatoire,0,fun-audit-0,field_first,25,false,false,kingmaker,54,14.7,,0.041,13,3,rn,11.6,15.2,1,4,2,0.1,11,0,0,0,4,0,0,0,0,0,10.3,0,0,0,0,0.95,11.25,false,0,0,false,,,false,false,false,elimination_precoce,4,2,0,61,55,4,0,2,0,0,12174,18,4
renaissance:neutral_baseline:1,renaissance,renaissance,existing,neutral_baseline,aleatoire,1,fun-audit-1,presidential,29,true,false,runoff_defeat,64,12.6,49.3,-0.1,10.8,1,rn,10.8,16.8,1,7,7,0.6,13,0,0,1,9,1,0,2,1,0,6.36,0,0,2.19,0.35,2.2,11.1,true,1,3,true,65,86.60000000000001,false,false,false,defaite_serree,2,1,5,70,62,4,2,2,0,0,14428,24,16
renaissance:neutral_baseline:2,renaissance,renaissance,existing,neutral_baseline,aleatoire,2,fun-audit-2,rupture,25,false,false,honorable_campaign,49,11.9,,-0.15,10.5,6,ps,10.1,14.2,1,8,3,0.2,9,0,0,0,8,1,0,0,0,0,2.25,4.37,1.26,0,1.05,2.55,11.48,false,0,0,false,,,false,false,false,elimination_precoce,6,3,1,55,53,1,0,1,0,0,12013,22,19
renaissance:neutral_baseline:3,renaissance,renaissance,existing,neutral_baseline,aleatoire,3,fun-audit-3,digital,25,false,false,kingmaker,53,12,,-0.143,11.4,4,rn,11.4,17,1,6,1,1.6,13,1,0,2,9,0,1,0,0,0,9.67,1.61,0,3.44,0.7,1.12,16.54,false,0,0,false,,,false,false,false,elimination_precoce,3,1,3,61,56,3,0,2,0,0,12418,16,23
renaissance:neutral_baseline:4,renaissance,renaissance,existing,neutral_baseline,aleatoire,4,fun-audit-4,union,25,false,false,kingmaker,43,10.7,,-0.236,11.2,5,rn,10.6,13.3,1,7,4,1,11,0,0,4,11,0,2,1,1,0,7.33,3.64,6.75,0.98,3.71,3.25,25.66,false,0,2,false,,,false,false,false,elimination_precoce,0,0,3,64,58,4,1,1,0,0,12255,3,12
renaissance:neutral_baseline:5,renaissance,renaissance,existing,neutral_baseline,aleatoire,5,fun-audit-5,field_first,31,true,true,president,79,16.4,57.8,0.141,13.9,1,rn,11.5,16.9,1,3,2,3.1,15,1,0,1,6,0,0,1,0,0,2.7,2.13,0,0.98,0,3.92,9.73,false,0,1,true,60,87.00000000000001,false,false,false,victoire_confortable,3,1,2,80,70,5,0,4,0,1,15509,19,9
renaissance:neutral_baseline:6,renaissance,renaissance,existing,neutral_baseline,aleatoire,6,fun-audit-6,presidential,31,true,true,president,80,17.4,52.5,0.2,14.6,1,horizons,9,22.5,1,8,4,4.9,15,0,0,1,7,0,0,2,1,0,6.31,4.23,0,2.8,2.36,0,15.7,false,0,3,true,62,46.4,false,false,false,victoire_serree,1,1,3,76,73,2,1,0,0,0,15528,20,12
renaissance:neutral_baseline:7,renaissance,renaissance,existing,neutral_baseline,aleatoire,7,fun-audit-7,rupture,29,true,false,runoff_defeat,69,13.8,47.6,-0.014,8.7,1,nouvelle_energie,8.7,15.6,1,8,3,0.4,13,1,0,1,9,0,0,1,0,0,7.47,4.23,3.11,2.04,0.7,2.7,20.25,false,0,1,true,67,30.7,false,false,false,defaite_serree,3,1,3,64,57,6,1,0,0,0,14803,2,23
renaissance:neutral_baseline:8,renaissance,renaissance,existing,neutral_baseline,aleatoire,8,fun-audit-8,digital,25,false,false,kingmaker,46,10.5,,-0.25,12.3,7,rn,9.7,16,1,8,7,0.3,13,0,0,3,9,0,1,1,1,0,4.3,1.26,1.05,3.96,1.05,0.23,11.85,false,0,3,false,,,false,false,false,elimination_precoce,4,2,3,58,51,5,0,2,0,0,12627,17,21
renaissance:neutral_baseline:9,renaissance,renaissance,existing,neutral_baseline,aleatoire,9,fun-audit-9,union,25,false,false,kingmaker,56,13.3,,-0.05,11,3,rn,8.9,15.42,1,8,9,0.3,12,0,0,3,9,0,0,0,0,0,7.2,1.26,1.03,1.69,1.05,5.55,17.78,false,0,0,false,,,false,false,false,elimination_precoce,4,1,1,65,60,2,1,2,0,0,12444,7,11
renaissance:neutral_baseline:10,renaissance,renaissance,existing,neutral_baseline,aleatoire,10,fun-audit-10,field_first,31,true,true,president,77,14.9,57.1,0.053,11.7,1,rn,11.7,15.9,1,3,1,1.8,15,1,0,1,9,1,0,1,1,0,5.12,1.54,1.26,1.16,1.05,0,10.13,true,1,1,true,67,88.29999999999998,false,false,false,victoire_confortable,5,1,5,78,70,3,2,3,0,0,15614,12,24
renaissance:neutral_baseline:11,renaissance,renaissance,existing,neutral_baseline,aleatoire,11,fun-audit-11,presidential,31,true,true,president,79,16,56,0.118,10.5,1,horizons,8.6,16.1,1,8,9,3.4,15,1,1,3,7,0,0,2,1,0,8.75,0,2.61,0.28,0,0,11.64,false,0,3,true,60,47,false,false,false,victoire_confortable,1,1,4,74,66,6,1,0,1,0,15513,13,23
renaissance:neutral_baseline:12,renaissance,renaissance,existing,neutral_baseline,aleatoire,12,fun-audit-12,rupture,31,true,true,president,76,14.5,51.2,0.029,10.6,1,rn,8.6,15.6,1,8,9,1.5,13,1,0,3,7,0,0,2,1,0,4.13,2.22,1.4,0,1.4,4.14,13.29,false,0,3,true,66,87.10000000000001,false,false,false,victoire_serree,2,1,4,79,74,4,0,1,0,0,15368,18,10
renaissance:neutral_baseline:13,renaissance,renaissance,existing,neutral_baseline,aleatoire,13,fun-audit-13,digital,31,true,true,president,74,13.3,50.3,-0.05,10.7,2,rn,10.7,18.4,1,7,3,0.5,16,0,0,1,7,0,0,0,0,0,6.79,4.14,2.17,0,0.7,0,13.8,true,2,0,true,66,85.4,false,false,false,victoire_serree,1,1,3,75,72,3,0,0,0,0,15487,24,23
renaissance:neutral_baseline:14,renaissance,renaissance,existing,neutral_baseline,aleatoire,14,fun-audit-14,union,25,false,false,kingmaker,50,12.4,,-0.114,8.8,3,ps,8.8,15.5,1,8,5,0.7,14,0,0,3,10,1,1,2,2,0,2.98,2.22,3.92,4.41,1.05,3.25,17.83,true,1,5,false,,,false,false,false,elimination_precoce,4,2,5,57,53,1,1,2,0,0,12557,19,6
renaissance:neutral_baseline:15,renaissance,renaissance,existing,neutral_baseline,aleatoire,15,fun-audit-15,field_first,31,true,true,president,73,12.8,51.9,-0.086,9.1,2,rn,8.5,17.6,1,8,5,1.1,17,1,0,1,6,0,0,2,0,0,1.16,3.97,0,2.53,1.05,1.86,10.57,true,1,2,true,61,86.9,false,false,false,victoire_serree,0,0,4,72,66,5,1,0,0,0,15539,22,7
renaissance:neutral_baseline:16,renaissance,renaissance,existing,neutral_baseline,aleatoire,16,fun-audit-16,presidential,31,true,true,president,78,16.4,55,0.141,13.9,1,rn,9.3,15.7,1,8,6,3,15,0,0,4,5,0,0,2,0,0,10.44,0,0,0,2.31,1.86,14.61,false,0,2,true,68,86.5,false,false,false,victoire_serree,1,1,1,74,69,3,1,1,0,0,15675,9,28
renaissance:neutral_baseline:17,renaissance,renaissance,existing,neutral_baseline,aleatoire,17,fun-audit-17,rupture,25,false,false,kingmaker,45,11.2,,-0.2,10.2,5,nouvelle_energie,10.2,15.5,1,8,5,0.1,10,0,0,6,5,0,0,2,2,0,2.91,3.04,1.4,0,0,4.81,12.16,false,0,5,false,,,false,false,false,elimination_precoce,3,1,2,56,52,2,1,1,0,0,12660,10,17
renaissance:neutral_baseline:18,renaissance,renaissance,existing,neutral_baseline,aleatoire,18,fun-audit-18,digital,31,true,true,president,82,19.1,51,0.3,16,1,ecologistes,12.04,17.3,1,2,0,7.2,13,0,0,3,7,0,1,1,1,0,3.9,0,0,1.16,0.7,0.27,6.03,false,0,2,true,74,37.8,false,false,false,victoire_serree,2,1,4,78,70,6,2,0,0,0,15805,15,19
renaissance:neutral_baseline:19,renaissance,renaissance,existing,neutral_baseline,aleatoire,19,fun-audit-19,union,25,false,false,kingmaker,50,11.9,,-0.15,14.2,4,ps,9,17.2,1,8,6,0.8,13,0,1,3,3,0,0,0,0,0,0,0.84,0.45,0.7,0,0,1.99,false,0,0,false,,,false,false,false,elimination_precoce,5,2,2,56,50,5,0,0,1,0,12380,22,8
renaissance:risk_seeking_ref:0,renaissance,renaissance,existing,risk_seeking_ref,risque,0,fun-audit-0,field_first,31,true,true,president,77,15.4,52.8,0.088,13,2,rn,11.9,15.2,1,2,0,0.4,17,1,0,3,7,0,1,2,1,0,5.17,0,10.22,0,0,0.95,16.34,true,1,3,true,69,86.40000000000002,false,false,false,victoire_serree,6,2,6,74,68,4,0,2,0,0,15278,20,7
renaissance:risk_seeking_ref:1,renaissance,renaissance,existing,risk_seeking_ref,risque,1,fun-audit-1,presidential,31,true,true,president,75,13.5,50.1,-0.036,10.8,1,rn,10.8,17.2,1,7,3,1.6,17,1,0,4,11,1,0,1,0,0,4.39,0,0.35,3.61,2.63,1.35,12.33,false,0,1,true,66,87.7,false,false,false,victoire_serree,2,1,4,78,68,5,3,2,0,0,15491,20,10
renaissance:risk_seeking_ref:2,renaissance,renaissance,existing,risk_seeking_ref,risque,2,fun-audit-2,rupture,29,true,false,runoff_defeat,73,15.2,50,0.071,10.5,1,ps,10.5,16.83,1,8,1,1.4,14,1,0,1,11,0,0,0,0,0,5.54,1.08,0.85,3.77,0,0.95,12.19,false,0,0,true,64,72.3,false,false,false,defaite_serree,3,1,3,62,59,1,0,2,0,0,13932,20,10
renaissance:risk_seeking_ref:3,renaissance,renaissance,existing,risk_seeking_ref,risque,3,fun-audit-3,digital,31,true,true,president,78,14.4,57.8,0.024,11.4,2,rn,11.4,17.2,1,6,1,0.4,17,1,0,2,11,0,0,0,0,0,2.47,2.24,0,3.61,0.35,1.12,9.79,false,0,0,true,61,86.5,false,false,false,victoire_confortable,1,1,2,74,69,3,1,1,0,0,15554,22,29
renaissance:risk_seeking_ref:4,renaissance,renaissance,existing,risk_seeking_ref,risque,4,fun-audit-4,union,31,true,true,president,80,15.6,58.4,0.094,11.2,1,rn,11.2,19.4,1,6,1,0.9,14,1,0,3,14,0,0,1,1,0,5.32,2.22,1.61,4.71,2.63,2.55,19.04,false,0,2,true,62,86.60000000000002,false,false,false,victoire_confortable,0,0,3,77,69,4,1,3,0,0,15505,7,27
renaissance:risk_seeking_ref:5,renaissance,renaissance,existing,risk_seeking_ref,risque,5,fun-audit-5,field_first,31,true,true,president,82,17.2,58,0.188,13.9,1,rn,11.2,17.07,1,5,2,4,15,1,0,3,9,0,0,0,0,0,1.12,0.5,0,3.67,0.35,1.86,7.5,false,0,0,true,62,87.00000000000001,false,false,false,victoire_confortable,1,1,2,80,70,5,0,4,0,1,15384,12,3
renaissance:risk_seeking_ref:6,renaissance,renaissance,existing,risk_seeking_ref,risque,6,fun-audit-6,presidential,31,true,true,president,82,16.8,51.9,0.165,14.6,1,lfi,9.2,18.9,1,8,4,4.3,15,1,0,3,10,0,0,2,1,0,5.67,0.33,0,2.8,2.63,0,11.43,true,1,3,true,68,59.4,false,false,false,victoire_serree,1,1,5,75,72,1,1,1,0,0,15718,13,7
renaissance:risk_seeking_ref:7,renaissance,renaissance,existing,risk_seeking_ref,risque,7,fun-audit-7,rupture,31,true,true,president,73,14.4,51.3,0.024,8.7,1,rn,8.7,15.7,1,8,3,0.8,16,1,1,1,11,1,1,3,2,0,2.76,0,7.68,2.19,0.7,3.34,16.67,false,0,5,true,78.4963975165162,86.20000000000002,false,false,false,victoire_serree,3,1,7,75,68,4,1,1,1,0,15477,21,15
renaissance:risk_seeking_ref:8,renaissance,renaissance,existing,risk_seeking_ref,risque,8,fun-audit-8,digital,25,false,false,kingmaker,56,12.8,,-0.086,12.3,3,rn,10.4,16.9,1,8,4,0.1,12,0,0,0,9,0,0,0,0,0,4.39,1.26,1.61,1.16,0.35,4.22,12.99,false,0,0,false,,,false,false,false,elimination_precoce,3,1,0,58,51,5,0,2,0,0,12567,22,13
renaissance:risk_seeking_ref:9,renaissance,renaissance,existing,risk_seeking_ref,risque,9,fun-audit-9,union,25,false,false,kingmaker,47,12,,-0.143,11,5,rn,9,14.35,1,8,9,0.4,11,0,0,3,12,1,1,0,0,0,7.44,0.5,4.05,1.84,0.35,1,15.18,false,0,0,false,,,false,false,false,elimination_precoce,2,1,3,65,60,2,1,2,0,0,12456,7,2
renaissance:risk_seeking_ref:10,renaissance,renaissance,existing,risk_seeking_ref,risque,10,fun-audit-10,field_first,31,true,true,president,81,15.9,58.2,0.112,11.7,1,rn,11.7,16.08,1,3,1,3,14,1,0,1,10,0,0,1,1,0,2.76,3.01,0,3.61,2.27,0,11.65,false,0,2,true,66,88.29999999999998,false,false,false,victoire_confortable,2,1,3,79,71,3,2,3,0,0,15430,23,14
renaissance:risk_seeking_ref:11,renaissance,renaissance,existing,risk_seeking_ref,risque,11,fun-audit-11,presidential,31,true,true,president,78,15.6,56.1,0.1,10.5,1,horizons,8.6,18.2,1,8,7,2.8,16,1,0,6,6,0,0,2,1,0,3.72,0,6.75,1.16,0.7,0,12.33,false,0,4,true,63,47.8,false,false,false,victoire_confortable,2,1,3,70,66,3,1,0,0,0,15646,8,12
renaissance:risk_seeking_ref:12,renaissance,renaissance,existing,risk_seeking_ref,risque,12,fun-audit-12,rupture,29,true,false,runoff_defeat,70,14,46,0,10.6,1,nouvelle_energie,9.8,15.09,1,8,11,1.8,12,1,0,2,7,0,0,2,2,0,1.17,0.84,0,2.8,0.35,1.97,7.13,true,1,4,true,61,29.4,false,false,false,defaite_serree,2,1,5,74,67,4,0,3,0,0,14250,9,14
renaissance:risk_seeking_ref:13,renaissance,renaissance,existing,risk_seeking_ref,risque,13,fun-audit-13,digital,31,true,true,president,74,13.7,51.4,-0.021,10.7,2,rn,10.7,18.2,1,7,3,0.9,17,1,0,1,10,1,0,1,1,0,4.49,2.25,0,1.16,0.7,1.86,10.46,true,3,1,true,63,85.4,false,false,false,victoire_serree,3,1,6,75,72,3,0,0,0,0,15396,19,15
renaissance:risk_seeking_ref:14,renaissance,renaissance,existing,risk_seeking_ref,risque,14,fun-audit-14,union,31,true,true,president,74,15.5,57.2,0.088,8.8,1,rn,8.8,16.2,1,8,3,1.8,16,1,0,5,9,0,1,3,3,0,0.5,0.84,4.05,3.61,0.35,1.12,10.47,false,0,7,true,65,87.8,false,false,false,victoire_confortable,2,1,4,73,70,2,0,1,0,0,15452,24,6
renaissance:risk_seeking_ref:15,renaissance,renaissance,existing,risk_seeking_ref,risque,15,fun-audit-15,field_first,25,false,false,kingmaker,51,12.6,,-0.1,9.1,4,lr,8.9,14.75,1,8,7,0.6,13,0,0,1,10,1,1,0,0,0,5.57,1.87,5.27,0,1.05,2.55,16.31,true,1,0,false,,,false,false,false,elimination_precoce,1,1,4,61,54,3,1,3,0,0,12416,12,16
renaissance:risk_seeking_ref:16,renaissance,renaissance,existing,risk_seeking_ref,risque,16,fun-audit-16,presidential,31,true,true,president,77,15.3,56.7,0.076,13.9,1,rn,9.8,14.81,1,8,8,3.2,16,1,0,2,9,0,0,2,1,0,0.92,0.5,0,0,3.53,1.12,6.07,true,1,2,true,64,87.20000000000002,false,false,false,victoire_confortable,3,1,4,77,69,2,3,3,0,0,15834,16,11
renaissance:risk_seeking_ref:17,renaissance,renaissance,existing,risk_seeking_ref,risque,17,fun-audit-17,rupture,25,false,false,kingmaker,56,12.8,,-0.086,10.2,3,nouvelle_energie,10.2,16.3,1,8,1,0.4,12,0,0,4,8,0,0,2,2,0,1.74,1.08,1.26,2.73,0.35,1.95,9.11,false,0,3,false,,,false,false,false,elimination_precoce,3,1,2,57,53,2,1,1,0,0,12364,10,13
renaissance:risk_seeking_ref:18,renaissance,renaissance,existing,risk_seeking_ref,risque,18,fun-audit-18,digital,31,true,true,president,75,14.8,54.2,0.047,16,1,ps,10.6,16.4,1,7,6,2.2,14,1,0,1,7,0,1,2,1,0,0.42,1.26,3.76,2.73,0,2.55,10.72,false,0,3,true,65,70.2,false,false,false,victoire_serree,2,1,4,78,71,2,1,4,0,0,15290,6,15
renaissance:risk_seeking_ref:19,renaissance,renaissance,existing,risk_seeking_ref,risque,19,fun-audit-19,union,31,true,true,president,73,12.9,53.8,-0.079,14.2,2,ps,10,17.7,1,8,6,0.1,16,1,1,3,6,0,0,0,0,0,1.02,1.08,6.75,0,0.7,0,9.55,false,0,0,true,66,72.00000000000001,false,false,false,victoire_serree,3,2,4,76,65,8,1,1,1,0,15480,21,8
horizons:strategist:0,horizons,horizons,existing,strategist,parti_dabord,0,fun-audit-0,field_first,25,false,false,kingmaker,63,12.7,,0.497,9.8,3,rn,9.3,16.9,1,8,5,0.5,17,1,0,6,3,0,0,3,1,0,0,0,9.51,0,0.7,2.17,12.38,false,0,5,false,,,false,false,false,elimination_precoce,2,1,3,62,56,3,0,3,0,0,12218,5,17
horizons:strategist:1,horizons,horizons,existing,strategist,parti_dabord,1,fun-audit-1,presidential,31,true,true,president,89,16.2,52.7,0.709,15.7,1,lfi,11.9,17.1,1,2,0,4.4,22,2,0,3,5,0,0,0,0,0,8.19,1.57,0,0.59,0.7,0,11.05,false,0,0,true,47,60.599999999999994,false,false,false,victoire_serree,3,1,3,80,69,5,3,3,0,0,15465,18,12
horizons:strategist:2,horizons,horizons,existing,strategist,parti_dabord,2,fun-audit-2,rupture,31,true,true,president,94,19.1,55.4,0.885,8.4,1,lfi,8.4,21.6,1,8,1,5.5,23,2,1,0,7,0,0,1,0,0,4.19,6.62,0.35,0.59,1.33,2.17,15.25,false,0,1,true,57,61.2,false,true,false,remontee_spectaculaire,3,1,3,70,63,3,1,2,1,0,15305,24,
horizons:strategist:3,horizons,horizons,existing,strategist,parti_dabord,3,fun-audit-3,digital,31,true,true,president,89,17.3,53.1,0.776,12.2,1,rn,9.4,16.9,1,8,6,4.5,19,1,0,2,7,0,0,1,1,0,7.21,6.42,0,0.59,1.33,0,15.55,false,0,2,true,56,87.3,false,false,false,victoire_serree,3,2,4,73,66,4,0,3,0,0,15634,5,19
horizons:strategist:4,horizons,horizons,existing,strategist,parti_dabord,4,fun-audit-4,union,31,true,true,president,93,18.9,59.8,0.873,9.8,1,rn,9.8,17.3,1,8,1,4.1,21,1,0,1,7,0,0,1,1,0,3.67,4.48,5.98,0.59,0.38,3.49,18.59,false,0,2,true,54,86.60000000000002,false,true,false,remontee_spectaculaire,0,0,4,76,68,4,1,3,0,0,15465,6,22
horizons:strategist:5,horizons,horizons,existing,strategist,parti_dabord,5,fun-audit-5,field_first,25,false,false,kingmaker,59,12,,0.455,12.8,4,rn,11,15.9,1,6,4,0,14,0,0,3,5,0,1,2,2,0,0.7,0,0.35,0.95,6.83,2.23,11.06,false,0,3,false,,,false,false,false,elimination_precoce,2,1,3,66,58,4,1,2,0,1,12368,9,
horizons:strategist:6,horizons,horizons,existing,strategist,parti_dabord,6,fun-audit-6,presidential,29,true,false,runoff_defeat,79,14,47.6,0.576,14.5,1,renaissance,9.7,16.8,1,8,4,0.3,17,0,0,3,8,0,0,3,0,0,16.07,1.57,0,0,5.21,0,22.85,true,1,3,true,58,62.599999999999994,false,false,false,defaite_serree,2,2,3,67,62,3,2,0,0,0,14572,5,23
horizons:strategist:7,horizons,horizons,existing,strategist,parti_dabord,7,fun-audit-7,rupture,31,true,true,president,86,13.9,51.1,0.57,12.6,1,ps,9.4,18.9,1,8,2,0.8,21,2,0,3,6,0,0,2,2,0,7.65,0,0.66,0.11,0.35,1.47,10.24,false,0,4,true,58,71.40000000000002,false,false,false,victoire_serree,3,1,4,75,69,4,0,2,0,0,15387,24,27
horizons:strategist:8,horizons,horizons,existing,strategist,parti_dabord,8,fun-audit-8,digital,31,true,true,president,86,15.3,52.6,0.655,10.7,1,rn,10.7,16.2,1,7,5,2.8,21,2,0,2,6,0,1,3,2,0,11.81,0,0,0.95,6.23,1.47,20.46,true,1,4,true,62,86.40000000000002,false,false,false,victoire_serree,2,1,6,78,67,6,1,4,0,0,15651,17,18
horizons:strategist:9,horizons,horizons,existing,strategist,parti_dabord,9,fun-audit-9,union,31,true,true,president,91,16.1,60.4,0.703,14.9,1,rn,11.7,19.7,1,3,2,1.8,21,2,0,2,10,0,0,1,1,0,8.91,0.24,0,0,4.58,4.82,18.55,false,0,2,true,54,86.20000000000002,false,false,false,victoire_confortable,0,0,3,77,73,2,1,1,0,0,15864,21,11
horizons:strategist:10,horizons,horizons,existing,strategist,parti_dabord,10,fun-audit-10,field_first,31,true,true,president,91,16.5,55.7,0.727,9.4,1,renaissance,9.4,18.4,1,8,3,1.6,21,2,0,3,7,0,0,2,1,0,7.94,6.41,0,0.95,5.91,0,21.21,false,0,3,true,59,62.5,false,false,false,victoire_serree,3,1,3,68,63,4,0,1,0,0,15544,19,
horizons:strategist:11,horizons,horizons,existing,strategist,parti_dabord,11,fun-audit-11,presidential,31,true,true,president,91,16.7,54.8,0.739,15.9,1,ps,11.1,16.8,1,6,2,3.5,21,1,1,4,7,0,0,2,1,0,6.66,1.47,0.35,0.59,0,4.75,13.82,false,0,3,true,55,72.10000000000001,true,false,false,victoire_serree,1,1,5,80,71,5,1,2,1,0,15658,23,19
horizons:strategist:12,horizons,horizons,existing,strategist,parti_dabord,12,fun-audit-12,rupture,31,true,true,president,88,17.3,52.3,0.776,10.1,1,rn,9.7,18.8,1,8,3,4.4,20,1,0,4,5,0,0,2,1,0,3.19,2.38,0,0,0.7,4.82,11.09,false,0,4,true,64,87.10000000000001,true,false,false,victoire_serree,0,0,5,76,72,4,0,0,0,0,15715,5,20
horizons:strategist:13,horizons,horizons,existing,strategist,parti_dabord,13,fun-audit-13,digital,31,true,true,president,90,16.4,56.1,0.721,11.9,1,rn,11.9,16.31,1,3,1,5.2,20,1,0,3,6,0,0,3,1,0,12.11,1.47,0,0,1.05,0.07,14.7,true,1,3,true,56,86.3,false,false,false,victoire_confortable,6,3,4,73,70,2,0,1,0,0,15285,3,
horizons:strategist:14,horizons,horizons,existing,strategist,parti_dabord,14,fun-audit-14,union,31,true,true,president,89,17.1,57.8,0.764,14.8,1,ps,11.3,15.45,1,5,6,5.1,19,1,0,0,8,0,0,2,1,0,11.85,1.47,0.66,0.7,1.05,2.02,17.75,false,0,2,true,56,70.80000000000001,false,false,false,victoire_confortable,2,1,2,75,68,2,2,3,0,0,15467,14,29
horizons:strategist:15,horizons,horizons,existing,strategist,parti_dabord,15,fun-audit-15,field_first,29,true,false,runoff_defeat,81,16,48.9,0.697,10.5,1,lr,10.2,17.9,1,8,3,1.9,16,1,0,3,6,0,1,3,1,0,2.55,2.38,5.39,0.7,0.28,1.47,12.77,true,1,4,true,60,62.2,false,false,false,defaite_serree,2,1,6,68,63,3,1,1,0,0,14471,11,16
horizons:strategist:16,horizons,horizons,existing,strategist,parti_dabord,16,fun-audit-16,presidential,31,true,true,president,94,18.3,60.6,0.836,9.6,1,rn,8,19.5,1,8,3,5.9,23,2,0,3,8,0,0,1,1,0,14.7,0,0,1.48,0.35,1.47,18,false,0,2,true,54,86.80000000000001,false,true,false,remontee_spectaculaire,2,1,4,79,69,4,3,3,0,0,15655,22,25
horizons:strategist:17,horizons,horizons,existing,strategist,parti_dabord,17,fun-audit-17,rupture,31,true,true,president,90,18.1,55.9,0.824,16.8,1,rn,12.78,17.2,1,2,0,4.4,19,2,0,1,8,0,1,1,1,0,3.85,1.47,0.66,0.31,6.54,2.87,15.7,true,1,2,true,69,91.50000000000001,false,false,false,victoire_serree,2,1,5,69,65,2,1,1,0,0,15678,11,29
horizons:strategist:18,horizons,horizons,existing,strategist,parti_dabord,18,fun-audit-18,digital,31,true,true,president,85,13.5,51,0.545,10.8,1,nouvelle_energie,10.8,15.9,1,7,3,2.4,20,1,0,3,6,0,0,2,0,0,6.85,0,0.35,1.45,1.33,2.17,12.15,false,0,2,true,58,28,false,false,false,victoire_serree,2,1,3,80,70,6,1,3,0,0,15539,24,26
horizons:strategist:19,horizons,horizons,existing,strategist,parti_dabord,19,fun-audit-19,union,25,false,false,kingmaker,67,14.1,,0.582,13.9,3,rn,9.5,17.5,1,8,2,1,12,1,1,3,4,0,0,1,1,0,3.15,6.41,0,0,5.91,0,15.47,false,0,2,false,,,false,false,false,elimination_precoce,3,1,4,54,46,5,1,1,1,0,12738,17,
horizons:roleplayer:0,horizons,horizons,existing,roleplayer,ideologiquement_coherent,0,fun-audit-0,field_first,25,false,false,kingmaker,67,13.3,,0.476,9.8,3,rn,9.5,17.9,1,8,5,0.2,13,0,0,2,4,0,0,3,0,0,0.7,0.42,0.35,0.24,1.02,2.17,4.9,false,0,3,false,,,false,false,false,elimination_precoce,4,2,1,62,56,3,0,3,0,0,12493,21,19
horizons:roleplayer:1,horizons,horizons,existing,roleplayer,ideologiquement_coherent,1,fun-audit-1,presidential,31,true,true,president,90,15.4,51.4,0.661,15.7,1,lfi,11.7,16.4,1,3,2,3.5,19,0,0,2,9,0,0,1,0,0,4.57,0.62,0.63,1.29,0.35,0,7.46,true,1,1,true,51,60.599999999999994,false,false,false,victoire_serree,4,1,3,80,69,5,3,3,0,0,15553,11,
horizons:roleplayer:2,horizons,horizons,existing,roleplayer,ideologiquement_coherent,2,fun-audit-2,rupture,29,true,false,runoff_defeat,84,16.1,49.2,0.627,8.4,1,ps,8.4,16.8,1,8,1,2.2,16,0,1,1,10,0,0,0,0,0,1.63,1.29,0,3.35,0.95,0.59,7.81,false,0,0,true,47,71.5,false,false,false,defaite_serree,1,1,3,64,59,2,0,2,1,0,13933,5,28
horizons:roleplayer:3,horizons,horizons,existing,roleplayer,ideologiquement_coherent,3,fun-audit-3,digital,25,false,false,retirement,67,13.1,,0.521,12.2,4,rn,9.6,17.2,1,8,4,0.3,13,0,0,0,9,0,0,1,0,0,6.39,1.52,1.4,0.97,0.7,0.63,11.61,false,0,1,false,,,false,false,false,elimination_precoce,3,1,0,61,56,3,0,2,0,0,12577,18,21
horizons:roleplayer:4,horizons,horizons,existing,roleplayer,ideologiquement_coherent,4,fun-audit-4,union,31,true,true,president,94,18.8,59.5,0.773,9.8,1,rn,9.8,17.5,1,8,1,3.9,20,0,0,0,10,0,0,1,0,0,0.42,0.42,3.29,0.42,1.72,5.31,11.58,false,0,1,true,44,86.60000000000002,false,true,false,remontee_spectaculaire,3,1,1,76,68,4,1,3,0,0,15594,22,28
horizons:roleplayer:5,horizons,horizons,existing,roleplayer,ideologiquement_coherent,5,fun-audit-5,field_first,31,true,true,president,88,13.9,53.9,0.57,12.8,2,rn,11.7,17.6,1,2,0,0.2,19,0,0,2,8,0,0,1,0,0,0.25,0.42,0.25,0.39,1.37,2.23,4.91,true,1,1,true,43,87.00000000000001,false,false,false,victoire_serree,1,1,3,80,70,5,0,4,0,1,15624,9,12
horizons:roleplayer:6,horizons,horizons,existing,roleplayer,ideologiquement_coherent,6,fun-audit-6,presidential,31,true,true,president,88,15.4,50.1,0.559,14.5,1,renaissance,9.7,15,1,8,4,2.9,21,0,0,2,11,0,0,3,0,0,1.98,0.24,0,2.35,0.51,0.07,5.15,false,0,3,true,48,61.4,false,false,false,victoire_serree,2,2,2,76,73,2,1,0,0,0,15677,21,18
horizons:roleplayer:7,horizons,horizons,existing,roleplayer,ideologiquement_coherent,7,fun-audit-7,rupture,25,false,false,kingmaker,66,13,,0.436,12.6,3,ps,9.6,15.8,1,8,4,0.3,14,0,0,4,10,0,0,2,1,0,4.29,0,0.66,0.34,0.35,1.47,7.11,false,0,3,false,,,false,false,false,elimination_precoce,4,1,2,60,55,3,0,2,0,0,12255,12,17
horizons:roleplayer:8,horizons,horizons,existing,roleplayer,ideologiquement_coherent,8,fun-audit-8,digital,31,true,true,president,89,15.2,58.9,0.498,10.7,1,rn,10.7,16.5,1,7,7,2.7,18,0,0,2,11,0,0,2,2,0,1.37,0,0.1,0,0.94,1.47,3.88,false,0,4,true,49,86.40000000000002,false,false,false,victoire_confortable,6,2,2,77,67,6,0,4,0,0,15441,24,
horizons:roleplayer:9,horizons,horizons,existing,roleplayer,ideologiquement_coherent,9,fun-audit-9,union,31,true,true,president,91,16.6,53.7,0.733,14.9,1,rn,12.26,18.2,1,2,0,3,18,0,0,2,11,0,0,1,0,0,8.44,1.92,1.4,0,0.7,0.09,12.55,false,0,1,true,44,86.60000000000001,false,false,false,victoire_serree,1,1,2,80,72,3,1,4,0,0,15369,8,11
horizons:roleplayer:10,horizons,horizons,existing,roleplayer,ideologiquement_coherent,10,fun-audit-10,field_first,31,true,true,president,90,15.6,58,0.673,9.4,1,rn,9.4,18.3,1,8,3,2.7,19,0,0,1,10,0,0,0,0,0,0.91,0.42,0.75,1.21,0.21,0,3.5,true,1,0,true,43,88.29999999999998,false,false,false,victoire_confortable,4,2,2,80,72,4,2,2,0,0,15619,14,17
horizons:roleplayer:11,horizons,horizons,existing,roleplayer,ideologiquement_coherent,11,fun-audit-11,presidential,31,true,true,president,91,16.3,54.5,0.715,15.9,1,ps,11.3,16.8,1,6,2,3,19,0,1,2,10,0,0,2,1,0,6.37,0,1.92,0.45,0.64,2.07,11.45,false,0,4,true,47,72.10000000000001,false,false,false,victoire_serree,1,1,3,79,70,5,1,2,1,0,15885,7,20
horizons:roleplayer:12,horizons,horizons,existing,roleplayer,ideologiquement_coherent,12,fun-audit-12,rupture,31,true,true,president,90,17.2,53.4,0.77,10.1,1,rn,9.8,19,1,8,3,4.3,18,0,0,4,6,0,0,2,1,0,2.45,0.42,1.23,0.7,0.7,0.09,5.59,false,0,4,true,49,87.10000000000001,false,false,false,victoire_serree,3,2,3,79,74,4,0,1,0,0,15766,19,9
horizons:roleplayer:13,horizons,horizons,existing,roleplayer,ideologiquement_coherent,13,fun-audit-13,digital,31,true,true,president,88,14.1,58.3,0.492,11.9,1,rn,11.9,19.8,1,3,1,1.5,18,0,0,1,10,0,0,2,0,0,5.87,0.42,1.15,0.7,0.35,0.63,9.12,false,0,2,true,46,85,false,false,false,victoire_confortable,6,3,1,74,69,4,0,1,0,0,15811,18,24
horizons:roleplayer:14,horizons,horizons,existing,roleplayer,ideologiquement_coherent,14,fun-audit-14,union,31,true,true,president,89,16.3,57.3,0.549,14.8,1,ps,11.2,14.8,1,5,6,4.3,19,0,0,1,9,0,0,2,1,0,2.1,0.42,0,0,1.05,0.61,4.18,false,0,2,true,41,70.80000000000001,false,false,false,victoire_confortable,1,1,2,74,68,2,1,3,0,0,15289,14,25
horizons:roleplayer:15,horizons,horizons,existing,roleplayer,ideologiquement_coherent,15,fun-audit-15,field_first,31,true,true,president,90,16.5,50,0.649,10.5,1,lr,10.1,16.15,1,8,3,2.5,20,0,0,0,8,0,0,0,0,0,0.88,0.42,0,2.71,1.37,0.59,5.97,true,1,0,true,42,63.7,false,false,false,victoire_serree,4,3,2,75,69,3,2,1,0,0,15235,2,8
horizons:roleplayer:16,horizons,horizons,existing,roleplayer,ideologiquement_coherent,16,fun-audit-16,presidential,25,false,false,kingmaker,64,12.3,,0.363,9.6,4,rn,8,15.8,1,8,5,0.7,12,0,0,3,9,1,0,1,1,0,0.77,0,2.94,1.34,0,1.47,6.52,false,0,2,false,,,false,false,false,elimination_precoce,3,2,3,60,55,3,0,2,0,0,12466,18,15
horizons:roleplayer:17,horizons,horizons,existing,roleplayer,ideologiquement_coherent,17,fun-audit-17,rupture,31,true,true,president,94,18.9,56.3,0.778,16.8,1,rn,12.78,18.4,1,2,0,5.3,18,0,0,2,8,0,0,1,0,0,2,0.42,2.06,0.49,1.33,0.63,6.93,true,1,1,true,51,91.50000000000001,false,false,false,victoire_confortable,4,2,2,69,65,2,1,1,0,0,15650,15,4
horizons:roleplayer:18,horizons,horizons,existing,roleplayer,ideologiquement_coherent,18,fun-audit-18,digital,31,true,true,president,89,15.5,53.9,0.595,10.8,1,renaissance,10.8,18.3,1,7,3,3.5,19,0,0,2,7,0,0,2,1,0,0.41,0,0.35,2.91,1.33,2.17,7.17,false,0,2,true,44,62.9,false,false,false,victoire_serree,3,1,3,78,72,4,2,0,0,0,15732,4,11
horizons:roleplayer:19,horizons,horizons,existing,roleplayer,ideologiquement_coherent,19,fun-audit-19,union,29,true,false,runoff_defeat,83,16.1,47.7,0.703,13.9,1,ps,10.2,18.7,1,8,2,3.4,14,0,1,2,8,0,0,2,1,0,4.65,0.42,0.08,0,0.28,0,5.43,false,0,4,true,48,71.60000000000001,false,false,false,defaite_serree,6,3,4,68,57,8,0,2,1,0,15036,8,17
horizons:opportunist:0,horizons,horizons,existing,opportunist,opportuniste_electoral,0,fun-audit-0,field_first,25,false,false,kingmaker,63,12.7,,0.443,9.8,3,rn,8.7,16.7,1,8,7,0.5,14,0,0,5,3,0,0,3,1,0,0,0,3.59,0,0,2.17,5.76,false,0,5,false,,,false,false,false,elimination_precoce,3,1,2,62,56,3,0,3,0,0,12411,24,16
horizons:opportunist:1,horizons,horizons,existing,opportunist,opportuniste_electoral,1,fun-audit-1,presidential,31,true,true,president,89,14.5,51.8,0.606,15.7,1,rn,11.5,16.4,1,3,4,2.5,19,1,0,3,6,0,0,1,1,0,9.96,1.57,0,0.59,0.7,0,12.82,true,1,2,true,49,87.7,false,false,false,victoire_serree,3,1,5,79,69,5,3,2,0,0,15532,18,12
horizons:opportunist:2,horizons,horizons,existing,opportunist,opportuniste_electoral,2,fun-audit-2,rupture,31,true,true,president,92,18.7,55,0.768,8.4,1,lfi,8.4,21.3,1,8,1,5,21,2,1,0,7,0,1,1,0,0,3.94,2.53,0.35,0.28,1.02,2.17,10.29,false,0,1,true,58,61.2,false,true,false,remontee_spectaculaire,1,1,4,70,63,3,1,2,1,0,15433,24,
horizons:opportunist:3,horizons,horizons,existing,opportunist,opportuniste_electoral,3,fun-audit-3,digital,29,true,false,runoff_defeat,76,14.1,49,0.582,12.2,2,rn,9.4,15.1,1,8,10,0.9,16,0,0,3,7,0,1,1,1,0,7.21,2.33,0,0.59,1.02,0,11.15,false,0,2,true,63,86.5,false,false,false,defaite_serree,2,1,4,67,60,3,1,3,0,0,14642,16,22
horizons:opportunist:4,horizons,horizons,existing,opportunist,opportuniste_electoral,4,fun-audit-4,union,31,true,true,president,89,17.5,58.3,0.703,9.8,1,rn,9.8,17.01,1,8,3,2.5,18,0,0,1,7,1,0,1,1,0,5.46,4.48,3.99,0.59,0.35,1.76,16.63,false,0,2,true,51,86.60000000000002,false,false,false,victoire_confortable,2,1,3,76,68,4,1,3,0,0,15372,4,24
horizons:opportunist:5,horizons,horizons,existing,opportunist,opportuniste_electoral,5,fun-audit-5,field_first,25,false,false,kingmaker,62,12,,0.405,12.8,4,rn,10.2,15.1,1,8,4,0.8,12,0,0,3,6,0,1,1,0,0,3.35,0,1.4,0.6,0.98,0.6,6.93,true,1,1,false,,,false,false,false,elimination_precoce,4,1,3,66,58,4,1,2,0,1,12502,9,6
horizons:opportunist:6,horizons,horizons,existing,opportunist,opportuniste_electoral,6,fun-audit-6,presidential,25,false,false,kingmaker,62,12.7,,0.497,14.5,3,renaissance,12.2,15.9,1,2,0,0.2,15,0,0,3,8,0,2,1,1,0,8.37,0,0,0.26,7.35,0,15.98,false,0,3,false,,,false,false,false,elimination_precoce,4,2,3,53,48,4,1,0,0,0,12757,20,21
horizons:opportunist:7,horizons,horizons,existing,opportunist,opportuniste_electoral,7,fun-audit-7,rupture,31,true,true,president,91,17.8,50.2,0.806,12.6,1,nouvelle_energie,9.5,19.1,1,8,2,4.5,19,1,0,3,7,0,0,1,1,0,5.52,2.39,0,0.59,0,1.47,9.97,false,0,2,true,56,29.799999999999997,false,false,false,victoire_serree,2,1,4,76,68,6,2,0,0,0,15495,17,28
horizons:opportunist:8,horizons,horizons,existing,opportunist,opportuniste_electoral,8,fun-audit-8,digital,31,true,true,president,87,14.7,52.4,0.551,10.7,1,rn,10.7,17.8,1,7,5,1.8,16,0,0,4,6,0,0,3,2,0,9.08,0,0,0,0.35,1.47,10.9,false,0,5,true,56,86.20000000000002,false,false,false,victoire_serree,3,1,3,77,67,5,2,3,0,0,15700,17,13
horizons:opportunist:9,horizons,horizons,existing,opportunist,opportuniste_electoral,9,fun-audit-9,union,31,true,true,president,88,15.5,52.1,0.667,14.9,1,rn,11.5,17.16,1,4,2,1.9,19,1,0,4,10,0,0,3,2,0,11.73,2.2,0.49,0,4.97,4.82,24.21,false,0,5,true,54,86.60000000000001,false,false,false,victoire_serree,0,0,4,80,73,3,1,3,0,0,15768,17,1
horizons:opportunist:10,horizons,horizons,existing,opportunist,opportuniste_electoral,10,fun-audit-10,field_first,31,true,true,president,91,15.7,57.9,0.679,9.4,1,rn,9.4,19.4,1,8,3,2.8,19,0,0,3,6,0,0,1,1,0,6.53,4.48,0.49,0.6,5.91,0,18.01,false,0,2,true,52,88.29999999999998,false,false,false,victoire_confortable,4,1,2,79,71,4,2,2,0,0,15559,1,5
horizons:opportunist:11,horizons,horizons,existing,opportunist,opportuniste_electoral,11,fun-audit-11,presidential,31,true,true,president,88,14.9,53.3,0.562,15.9,1,ps,10.8,16.6,1,7,6,1.4,21,0,1,4,8,0,0,2,1,0,8.27,1.47,0.35,0.59,0,4.75,15.43,true,1,3,true,54,72.10000000000001,true,false,false,victoire_serree,1,1,6,80,71,5,1,2,1,0,15762,18,21
horizons:opportunist:12,horizons,horizons,existing,opportunist,opportuniste_electoral,12,fun-audit-12,rupture,31,true,true,president,93,18.2,58.5,0.783,10.1,1,rn,9.7,20.5,1,8,3,4.5,19,2,0,3,10,0,0,1,1,0,10.83,0,1.5,0,2.26,4.82,19.41,false,0,3,true,64,87.30000000000001,false,true,false,remontee_spectaculaire,1,1,4,70,64,4,0,2,0,0,15667,22,13
horizons:opportunist:13,horizons,horizons,existing,opportunist,opportuniste_electoral,13,fun-audit-13,digital,31,true,true,president,93,17.2,56.5,0.77,11.9,1,rn,11.9,18.78,1,3,1,6.1,18,0,0,3,8,0,0,3,1,0,13.23,1.47,1.05,0,0.7,3.08,19.53,false,0,3,true,57,86.3,false,false,false,victoire_confortable,6,1,2,72,69,2,0,1,0,0,15360,21,14
horizons:opportunist:14,horizons,horizons,existing,opportunist,opportuniste_electoral,14,fun-audit-14,union,31,true,true,president,88,15.7,56.5,0.605,14.8,1,ps,11.2,14.8,1,5,6,3.6,16,1,0,0,7,0,1,2,1,0,10.61,1.47,1.05,0,0.7,1.13,14.96,false,0,2,true,60,70.4,false,false,false,victoire_confortable,1,1,3,73,67,2,1,3,0,0,15484,14,21
horizons:opportunist:15,horizons,horizons,existing,opportunist,opportuniste_electoral,15,fun-audit-15,field_first,29,true,false,runoff_defeat,83,15.6,49.3,0.6,10.5,1,lr,10.1,17.07,1,8,3,1.4,15,1,0,3,5,0,0,3,3,0,6.67,2.17,0,0,1.02,0,9.86,false,0,7,true,49,61.5,false,false,false,defaite_serree,2,2,4,67,61,3,2,1,0,0,14574,11,21
horizons:opportunist:16,horizons,horizons,existing,opportunist,opportuniste_electoral,16,fun-audit-16,presidential,25,false,false,kingmaker,58,11.7,,0.389,9.6,5,rn,8,16.4,1,8,3,0.2,12,0,0,3,9,0,2,1,1,0,4.88,0,2.94,0.34,0,1.47,9.63,false,0,2,false,,,false,false,false,elimination_precoce,2,1,3,60,55,3,0,2,0,0,12565,18,22
horizons:opportunist:17,horizons,horizons,existing,opportunist,opportuniste_electoral,17,fun-audit-17,rupture,31,true,true,president,94,19.3,57.3,0.759,16.8,1,rn,12.78,18.4,1,2,0,5.8,19,1,0,1,8,0,0,1,1,0,7.14,1.47,2.94,0.6,5.54,0,17.69,true,1,2,true,55,91.50000000000001,false,false,false,victoire_confortable,5,2,4,70,65,2,1,2,0,0,15624,15,13
horizons:opportunist:18,horizons,horizons,existing,opportunist,opportuniste_electoral,18,fun-audit-18,digital,31,true,true,president,90,15.4,54.3,0.589,10.8,1,renaissance,10.8,17.8,1,7,3,3.5,18,1,0,1,7,0,0,1,0,0,8.98,0,0.35,0.6,0.98,3.42,14.33,true,1,1,true,50,62.9,true,false,false,victoire_serree,3,1,4,77,71,4,2,0,0,0,15532,12,9
horizons:opportunist:19,horizons,horizons,existing,opportunist,opportuniste_electoral,19,fun-audit-19,union,29,true,false,runoff_defeat,84,16.3,47.6,0.674,13.9,1,ps,10,18.5,1,8,2,3.7,15,1,1,3,4,0,0,1,1,0,6.2,4.48,0,0,5.91,0,16.59,false,0,2,true,53,71.60000000000001,false,false,false,defaite_serree,2,1,5,67,57,8,0,1,1,0,14842,17,21
horizons:chaos:0,horizons,horizons,existing,chaos,contrarien,0,fun-audit-0,field_first,25,false,false,kingmaker,63,11.6,,0.43,9.8,3,rn,8,13.52,1,8,9,3.3,11,1,0,3,4,0,0,2,2,0,7.88,1.68,0,0,0,4.3,13.86,false,0,5,false,,,false,false,false,elimination_precoce,0,0,3,61,55,4,0,2,0,0,12311,12,4
horizons:chaos:1,horizons,horizons,existing,chaos,contrarien,1,fun-audit-1,presidential,25,false,false,strengthened_party,47,9.9,,0.327,15.7,7,nouvelle_energie,8,15.7,1,8,1,0.2,11,0,0,3,6,2,1,1,0,0,9.26,1.88,0,0.59,0,0,11.73,true,1,1,false,,,false,false,false,elimination_precoce,3,1,4,63,55,4,1,3,0,0,12359,24,12
horizons:chaos:2,horizons,horizons,existing,chaos,contrarien,2,fun-audit-2,rupture,31,true,true,president,87,15.7,52.5,0.679,8.4,1,lfi,8.4,17.8,1,8,3,1.5,21,2,1,0,6,0,1,0,0,0,6.27,1.08,0,0.59,0,4.3,12.24,false,0,0,true,75,61.2,false,false,false,victoire_serree,0,0,4,70,63,3,1,2,1,0,15252,5,
horizons:chaos:3,horizons,horizons,existing,chaos,contrarien,3,fun-audit-3,digital,25,false,false,honorable_campaign,43,8.3,,0.23,12.2,8,rn,9.3,15.4,1,8,9,0.8,9,1,0,4,6,0,3,1,1,0,4.34,5.16,0,0.59,0.7,0,10.79,false,0,2,false,,,false,false,true,effondrement,2,1,5,61,56,3,0,2,0,0,12476,5,21
horizons:chaos:4,horizons,horizons,existing,chaos,contrarien,4,fun-audit-4,union,25,false,false,kingmaker,64,14.5,,0.606,9.8,3,rn,9.8,16.3,1,8,6,0.9,13,0,0,2,7,1,1,1,1,0,5.23,4.48,5.63,0.59,0,0.44,16.37,false,0,2,false,,,false,false,false,elimination_precoce,1,1,4,64,58,4,1,1,0,0,12295,4,8
horizons:chaos:5,horizons,horizons,existing,chaos,contrarien,5,fun-audit-5,field_first,25,false,false,kingmaker,58,11.8,,0.442,12.8,5,rn,9.6,15.3,1,8,4,0.2,10,1,0,3,5,0,1,1,0,0,9.46,0,1.4,0.95,0,0.6,12.41,true,1,1,false,,,false,false,false,elimination_precoce,3,1,4,66,58,4,1,2,0,1,12269,14,3
horizons:chaos:6,horizons,horizons,existing,chaos,contrarien,6,fun-audit-6,presidential,25,false,false,kingmaker,58,10.5,,0.364,14.5,4,renaissance,9.5,15.3,1,8,5,2.9,10,0,0,2,7,0,1,2,0,0,5.77,1.68,1.05,0,8.96,0.1,17.56,true,1,2,false,,,false,false,false,elimination_precoce,3,1,3,61,56,3,2,0,0,0,12600,5,11
horizons:chaos:7,horizons,horizons,existing,chaos,contrarien,7,fun-audit-7,rupture,31,true,true,president,85,14.4,55.6,0.6,12.6,2,rn,9.2,16.6,1,8,6,1.3,19,1,0,2,8,2,0,1,1,0,10.48,2.38,5.98,0.59,0,2.91,22.34,false,0,2,true,76,86.20000000000002,false,false,false,victoire_serree,1,1,4,74,67,4,1,2,0,0,15414,18,22
horizons:chaos:8,horizons,horizons,existing,chaos,contrarien,8,fun-audit-8,digital,25,false,false,kingmaker,60,12.9,,0.509,10.7,3,rn,10.7,15,1,7,7,0.4,13,0,0,4,8,1,0,3,2,0,4.88,3.26,0,3.07,0,2.91,14.12,false,0,4,false,,,false,false,false,elimination_precoce,3,1,3,58,51,5,0,2,0,0,12283,5,13
horizons:chaos:9,horizons,horizons,existing,chaos,contrarien,9,fun-audit-9,union,31,true,true,president,80,14,56.6,0.576,14.9,2,rn,10.1,16,1,8,4,0.3,19,0,0,3,8,1,1,3,1,0,4.9,1.25,5.98,0.95,3.95,1.67,18.7,false,0,5,true,74,86.60000000000001,false,false,false,victoire_confortable,1,1,4,79,71,4,1,3,0,0,15971,13,2
horizons:chaos:10,horizons,horizons,existing,chaos,contrarien,10,fun-audit-10,field_first,31,true,true,president,84,14.1,51.3,0.582,9.4,2,rn,9.4,17.6,1,8,3,1,18,0,0,3,4,0,0,1,1,0,6.12,4.48,0,0.95,5.91,0,17.46,false,0,2,true,62,88.29999999999998,false,false,false,victoire_serree,2,1,3,78,70,4,2,2,0,0,15537,22,23
horizons:chaos:11,horizons,horizons,existing,chaos,contrarien,11,fun-audit-11,presidential,25,false,false,kingmaker,64,13.3,,0.533,15.9,3,ps,10.5,16.6,1,7,3,0.5,13,0,0,3,6,0,1,2,1,0,7.29,2.31,0.35,0.59,0,1.86,12.4,false,0,3,false,,,false,false,false,elimination_precoce,2,1,3,60,56,3,0,1,0,0,12433,7,14
horizons:chaos:12,horizons,horizons,existing,chaos,contrarien,12,fun-audit-12,rupture,31,true,true,president,83,14.5,58.5,0.606,10.1,1,rn,9.4,16,1,8,11,1.7,15,0,0,2,8,1,1,5,0,0,10.77,0,0,0,9.1,1.4,21.27,true,1,5,true,71,87.10000000000001,false,false,false,victoire_confortable,2,1,4,78,75,3,0,0,0,0,15814,10,14
horizons:chaos:13,horizons,horizons,existing,chaos,contrarien,13,fun-audit-13,digital,29,true,false,runoff_defeat,80,15.7,49.2,0.679,11.9,2,rn,11.7,14.64,1,6,3,2.8,15,2,0,3,8,0,1,1,0,0,12.77,1.68,4.72,0.31,0.7,2.91,23.09,false,0,1,true,68,85,false,false,false,defaite_serree,2,1,4,59,58,1,0,0,0,0,14486,21,3
horizons:chaos:14,horizons,horizons,existing,chaos,contrarien,14,fun-audit-14,union,25,false,false,kingmaker,62,13.7,,0.558,14.8,4,rn,10.7,14.8,1,7,5,0.7,11,1,0,1,8,1,1,0,0,0,12.74,1.68,0,3.07,0,0,17.49,false,0,0,false,,,false,false,false,elimination_precoce,1,1,4,55,51,2,1,1,0,0,12257,2,14
horizons:chaos:15,horizons,horizons,existing,chaos,contrarien,15,fun-audit-15,field_first,31,true,true,president,86,14.3,58.8,0.594,10.5,2,rn,9.8,14.04,1,8,7,0,19,1,0,0,7,0,0,1,0,0,7.83,2.38,0,3.07,5.91,1.33,20.52,false,0,2,true,59,88.20000000000003,false,false,false,victoire_confortable,0,0,1,75,68,3,2,2,0,0,15249,11,10
horizons:chaos:16,horizons,horizons,existing,chaos,contrarien,16,fun-audit-16,presidential,25,false,false,kingmaker,59,13.9,,0.57,9.6,4,ps,7.9,14.9,1,8,8,0.5,11,1,0,3,6,0,2,1,0,0,8.85,0,0,0.59,0.35,2.91,12.7,false,0,1,false,,,false,false,false,elimination_precoce,1,1,3,61,57,3,1,0,0,0,12144,11,24
horizons:chaos:17,horizons,horizons,existing,chaos,contrarien,17,fun-audit-17,rupture,31,true,true,president,87,15.8,53.8,0.685,16.8,1,rn,12.51,16.8,1,2,0,1.8,16,1,0,1,5,0,0,1,1,0,6.3,1.68,5.98,0.95,5.28,0,20.19,true,1,2,true,71,91.50000000000001,false,false,false,victoire_serree,4,1,5,69,65,2,1,1,0,0,15513,20,17
horizons:chaos:18,horizons,horizons,existing,chaos,contrarien,18,fun-audit-18,digital,29,true,false,runoff_defeat,74,12.5,49.3,0.485,10.8,2,renaissance,10.3,15.45,1,8,9,0.1,16,0,0,5,5,0,0,4,2,0,9.38,0,0,2.24,0,4.3,15.92,false,0,5,true,64,62.9,false,false,false,defaite_serree,3,1,3,69,64,4,1,0,0,0,14526,8,20
horizons:chaos:19,horizons,horizons,existing,chaos,contrarien,19,fun-audit-19,union,25,false,false,kingmaker,58,11.6,,0.43,13.9,4,ps,9.6,13.9,1,8,6,0.7,10,1,1,2,7,2,0,1,1,0,9.39,0,0,2.24,6.55,1.33,19.51,true,1,2,false,,,false,false,false,elimination_precoce,5,2,6,65,56,6,1,1,1,0,12495,5,3
horizons:cautious:0,horizons,horizons,existing,cautious,prudent,0,fun-audit-0,field_first,31,true,true,president,86,13.6,51.3,0.492,9.8,2,rn,9.4,18.8,1,8,5,0.4,21,1,0,3,5,0,0,3,0,0,5.48,3.82,0.35,0,0,2.17,11.82,false,0,3,true,49,85.2,false,false,false,victoire_serree,3,1,3,78,72,4,1,1,0,0,15640,19,23
horizons:cautious:1,horizons,horizons,existing,cautious,prudent,1,fun-audit-1,presidential,31,true,true,president,88,15,51.8,0.636,15.7,1,lfi,11.6,16.3,1,3,2,3,19,0,0,3,5,0,0,1,0,0,4.66,1.72,0,0,0.56,0,6.94,false,0,2,true,41,61.39999999999999,false,false,false,victoire_serree,4,2,2,80,69,5,3,3,0,0,15644,24,23
horizons:cautious:2,horizons,horizons,existing,cautious,prudent,2,fun-audit-2,rupture,29,true,false,runoff_defeat,83,15.8,49.3,0.611,8.4,1,ps,8.4,16.6,1,8,1,1.9,15,0,1,1,7,0,0,0,0,0,2.52,1.72,0.35,1.34,1.33,2.17,9.43,false,0,0,true,52,71.5,false,false,false,defaite_serree,2,1,3,64,59,2,0,2,1,0,14151,5,17
horizons:cautious:3,horizons,horizons,existing,cautious,prudent,3,fun-audit-3,digital,25,false,false,kingmaker,65,12.5,,0.485,12.2,4,rn,9.6,17,1,8,4,0.9,12,0,0,2,7,0,0,1,1,0,0.18,1.52,0,0.42,1.33,0,3.45,false,0,2,false,,,false,false,false,elimination_precoce,3,1,2,61,56,3,0,2,0,0,12447,16,22
horizons:cautious:4,horizons,horizons,existing,cautious,prudent,4,fun-audit-4,union,31,true,true,president,89,16.7,58.3,0.659,9.8,1,rn,9.8,16.7,1,8,1,1.6,19,1,0,1,6,0,1,1,1,0,0.38,0.42,0.66,0.28,0.7,0.44,2.88,false,0,2,true,54,86.60000000000002,false,false,false,victoire_confortable,3,1,4,76,68,4,1,3,0,0,15364,4,22
horizons:cautious:5,horizons,horizons,existing,cautious,prudent,5,fun-audit-5,field_first,31,true,true,president,85,13.7,53.7,0.497,12.8,2,rn,11.9,17.4,1,2,0,0,21,0,0,3,5,0,0,2,2,0,0.7,0,0.7,1.12,0.64,4.6,7.76,false,0,3,true,46,87.00000000000001,false,false,false,victoire_serree,3,1,3,80,70,5,0,4,0,1,15732,10,12
horizons:cautious:6,horizons,horizons,existing,cautious,prudent,6,fun-audit-6,presidential,31,true,true,president,88,14.6,58.1,0.612,14.5,1,renaissance,12.52,16.8,1,2,0,1.9,20,0,0,4,6,0,0,1,1,0,1.49,0,0,0.62,1.53,0,3.64,false,0,3,true,48,62.4,false,false,false,victoire_confortable,4,2,2,69,65,3,1,0,0,0,15876,8,9
horizons:cautious:7,horizons,horizons,existing,cautious,prudent,7,fun-audit-7,rupture,29,true,false,runoff_defeat,85,17.4,49.6,0.782,12.6,1,nouvelle_energie,9.4,19.2,1,8,2,4,16,0,0,3,7,0,0,1,1,0,4.67,2.16,0,0.42,0.7,2.91,10.86,false,0,2,true,56,29.599999999999998,false,false,false,defaite_serree,2,1,3,68,60,6,2,0,0,0,14433,5,24
horizons:cautious:8,horizons,horizons,existing,cautious,prudent,8,fun-audit-8,digital,31,true,true,president,90,16.3,60,0.638,10.7,1,rn,10.7,17.1,1,7,5,4,19,0,0,4,9,0,0,2,2,0,10.28,0,0,1.12,0.7,2.91,15.01,false,0,4,true,44,86.40000000000002,false,false,false,victoire_confortable,5,2,2,77,67,6,0,4,0,0,15397,5,
horizons:cautious:9,horizons,horizons,existing,cautious,prudent,9,fun-audit-9,union,31,true,true,president,91,16.7,53.9,0.739,14.9,1,rn,12.26,18.2,1,2,0,3.1,20,1,0,2,10,0,0,1,1,0,7.89,3.39,0,0,0.88,2.7,14.86,false,0,2,true,44,86.60000000000001,false,false,false,victoire_serree,0,0,4,80,72,3,1,4,0,0,15754,8,24
horizons:cautious:10,horizons,horizons,existing,cautious,prudent,10,fun-audit-10,field_first,31,true,true,president,91,15.9,58.4,0.691,9.4,1,rn,9.4,18.9,1,8,3,3.1,19,1,0,3,7,0,0,3,1,0,8.82,0.42,0,0,0.56,0,9.8,false,0,4,true,44,88.29999999999998,false,false,false,victoire_confortable,3,1,3,80,72,4,2,2,0,0,15509,24,18
horizons:cautious:11,horizons,horizons,existing,cautious,prudent,11,fun-audit-11,presidential,25,false,false,kingmaker,60,11.8,,0.395,15.9,4,ps,11.3,16.9,1,6,4,0.8,12,0,0,4,6,2,0,3,2,0,2.1,0,0.35,0.42,1.02,0.6,4.49,false,0,4,false,,,false,false,false,elimination_precoce,4,1,3,61,56,4,1,0,0,0,12592,21,16
horizons:cautious:12,horizons,horizons,existing,cautious,prudent,12,fun-audit-12,rupture,31,true,true,president,93,18.2,54.6,0.83,10.1,1,rn,9.8,20,1,8,3,5.8,20,1,0,4,9,0,0,2,1,0,5.71,1.68,0,2.24,0.35,2.7,12.68,false,0,4,true,50,87.10000000000001,false,true,false,remontee_spectaculaire,1,1,4,79,75,3,0,1,0,0,15486,16,9
horizons:cautious:13,horizons,horizons,existing,cautious,prudent,13,fun-audit-13,digital,31,true,true,president,90,15.2,58.7,0.648,11.9,1,rn,11.9,17.3,1,3,1,2,19,1,0,2,7,0,0,3,1,0,6.73,1.68,0.31,0.7,0,0,9.42,true,1,3,true,41,86.60000000000001,false,false,false,victoire_confortable,5,3,4,71,69,1,1,0,0,0,15409,21,24
horizons:cautious:14,horizons,horizons,existing,cautious,prudent,14,fun-audit-14,union,31,true,true,president,88,16,56.8,0.622,14.8,1,ps,11.2,14.93,1,5,4,4,19,0,0,1,6,1,0,2,1,0,6.52,1.68,1.05,0,0,1.5,10.75,false,0,2,true,47,71.20000000000002,false,false,false,victoire_confortable,2,1,3,76,69,2,2,3,0,0,15492,5,18
horizons:cautious:15,horizons,horizons,existing,cautious,prudent,15,fun-audit-15,field_first,31,true,true,president,91,16.3,53.4,0.638,10.5,1,ecologistes,10.3,18.5,1,7,3,4.6,19,0,0,3,7,0,0,1,1,0,2.34,1.09,0,1.12,2.03,2.91,9.49,false,0,2,true,44,37.4,false,false,false,victoire_serree,3,1,3,76,68,3,1,4,0,0,15450,2,
horizons:cautious:16,horizons,horizons,existing,cautious,prudent,16,fun-audit-16,presidential,31,true,true,president,91,17.1,59.8,0.681,9.6,1,rn,7.9,19.2,1,8,3,4.6,20,0,0,3,8,0,0,1,1,0,6.02,0,0,1.34,0.7,2.91,10.97,false,0,2,true,46,86.80000000000001,false,false,false,victoire_confortable,2,2,2,79,69,4,3,3,0,0,15584,10,8
horizons:cautious:17,horizons,horizons,existing,cautious,prudent,17,fun-audit-17,rupture,31,true,true,president,93,18.5,56,0.757,16.8,1,rn,12.78,18.7,1,2,0,4.9,18,0,0,1,7,0,0,1,1,0,2.1,1.68,0.31,0.49,6.1,0,10.68,true,1,2,true,53,91.50000000000001,false,false,false,victoire_confortable,5,2,3,69,65,2,1,1,0,0,15564,5,4
horizons:cautious:18,horizons,horizons,existing,cautious,prudent,18,fun-audit-18,digital,31,true,true,president,89,15.1,54.5,0.573,10.8,1,renaissance,10.8,18.1,1,7,3,3.1,21,1,0,4,8,0,0,2,0,0,7.58,0,0.35,3.14,1.33,2.17,14.57,false,0,3,true,44,62.9,false,false,false,victoire_serree,3,1,2,77,72,4,1,0,0,0,15349,8,23
horizons:cautious:19,horizons,horizons,existing,cautious,prudent,19,fun-audit-19,union,29,true,false,runoff_defeat,84,16.6,49.1,0.733,13.9,1,ps,10.1,18.8,1,8,2,4,16,1,1,4,5,0,0,2,2,0,7.73,0.42,0.31,0.7,0,0,9.16,false,0,5,true,46,71.60000000000001,false,false,false,defaite_serree,3,2,5,68,57,8,0,2,1,0,14803,13,17
horizons:narrative:0,horizons,horizons,existing,narrative,mediatique,0,fun-audit-0,field_first,25,false,false,kingmaker,61,12.9,,0.454,9.8,5,renaissance,9.1,15.02,2,8,9,1.3,13,1,0,6,3,0,0,3,2,0,2.55,0,0.35,0.28,0,2.17,5.35,false,0,6,false,,,false,false,false,elimination_precoce,1,1,3,61,56,5,0,0,0,0,12407,12,15
horizons:narrative:1,horizons,horizons,existing,narrative,mediatique,1,fun-audit-1,presidential,25,false,false,narrow_elimination,56,11.7,,0.436,15.7,6,rn,9.7,16,1,8,3,0,10,0,0,3,6,0,1,1,0,0,7.91,3.31,0.63,0,5.91,0,17.76,true,1,1,false,,,false,false,false,elimination_precoce,3,1,3,62,55,4,1,2,0,0,12554,18,2
horizons:narrative:2,horizons,horizons,existing,narrative,mediatique,2,fun-audit-2,rupture,25,false,false,kingmaker,69,14.7,,0.551,8.4,3,lfi,8.4,19.9,1,8,1,0.6,14,1,0,1,9,0,1,0,0,0,8.73,3.31,0.35,0.28,0.7,4.82,18.19,false,0,0,false,,,false,false,false,elimination_precoce,1,1,3,53,49,2,1,1,0,0,12366,21,
horizons:narrative:3,horizons,horizons,existing,narrative,mediatique,3,fun-audit-3,digital,31,true,true,president,86,16.8,52.6,0.745,12.2,1,nouvelle_energie,9.2,18.55,1,8,8,4.7,20,0,0,3,9,0,1,1,1,0,7.98,0.56,3.38,0.42,0.7,0,13.04,false,0,2,true,68,28.999999999999996,true,false,false,victoire_serree,1,1,5,76,70,4,1,1,0,0,15681,5,19
horizons:narrative:4,horizons,horizons,existing,narrative,mediatique,4,fun-audit-4,union,31,true,true,president,87,16.9,57.3,0.67,9.8,1,rn,9.8,16.9,1,8,5,1.8,19,0,0,3,6,0,0,1,1,0,3.74,4.48,2.94,0.42,0.7,4.75,17.03,false,0,2,true,63,86.60000000000002,false,false,false,victoire_confortable,1,1,2,77,69,4,1,3,0,0,15329,24,8
horizons:narrative:5,horizons,horizons,existing,narrative,mediatique,5,fun-audit-5,field_first,31,true,true,president,85,14.1,52.7,0.519,12.8,2,rn,11.2,16.9,1,4,2,0.4,20,0,0,4,7,0,0,2,2,0,6.37,4.48,0.7,0.59,1.26,4.6,18,true,1,4,true,63,87.00000000000001,false,false,false,victoire_serree,4,1,4,80,70,5,0,4,0,1,15515,10,6
horizons:narrative:6,horizons,horizons,existing,narrative,mediatique,6,fun-audit-6,presidential,31,true,true,president,84,13.8,55.1,0.564,14.5,2,renaissance,9.5,17.08,1,8,4,0,19,0,0,3,8,0,0,3,1,0,14.85,2.62,0,0,5.21,0,22.68,true,1,4,true,54,62.599999999999994,false,false,false,victoire_serree,2,2,3,75,70,3,2,0,0,0,15607,5,23
horizons:narrative:7,horizons,horizons,existing,narrative,mediatique,7,fun-audit-7,rupture,29,true,false,runoff_defeat,79,13.9,49.6,0.57,12.6,1,ps,9.2,19.3,1,8,4,0.8,13,0,0,3,7,0,0,2,1,0,10.83,0,0,0.42,5.28,2.87,19.4,false,0,3,true,72,71.20000000000002,false,false,false,defaite_serree,3,1,3,68,62,4,0,2,0,0,14547,11,2
horizons:narrative:8,horizons,horizons,existing,narrative,mediatique,8,fun-audit-8,digital,25,false,false,kingmaker,59,12.1,,0.411,10.7,4,rn,10.7,14.4,1,7,8,0.5,11,0,0,2,8,0,1,2,2,0,12.62,0,0.63,0,1.89,4.75,19.89,false,0,4,false,,,false,false,false,elimination_precoce,5,2,3,58,51,5,0,2,0,0,12421,21,12
horizons:narrative:9,horizons,horizons,existing,narrative,mediatique,9,fun-audit-9,union,31,true,true,president,90,17.4,52.8,0.782,14.9,1,rn,11,18.89,1,5,2,4,18,1,0,4,10,0,0,3,2,0,11.73,4.56,0.49,0,4.65,4.82,26.25,false,0,5,true,64,86.60000000000001,false,false,false,victoire_serree,1,1,4,80,73,3,1,3,0,0,15832,17,2
horizons:narrative:10,horizons,horizons,existing,narrative,mediatique,10,fun-audit-10,field_first,31,true,true,president,88,14.8,57,0.624,9.4,1,rn,9.4,17.4,1,8,3,1.8,20,0,0,4,5,0,0,1,1,0,6.53,1.47,0.63,0,5.21,0,13.84,false,0,2,true,57,88.29999999999998,true,false,false,victoire_confortable,2,1,3,79,71,4,2,2,0,0,15245,18,5
horizons:narrative:11,horizons,horizons,existing,narrative,mediatique,11,fun-audit-11,presidential,29,true,false,runoff_defeat,78,14.3,48.5,0.53,15.9,2,ps,10.7,16.6,1,7,8,0.7,14,0,0,4,6,0,0,2,1,0,6.72,1.47,0.35,0.42,1.4,4.75,15.11,false,0,3,true,62,72.10000000000001,true,false,false,defaite_serree,2,1,4,68,63,3,1,1,0,0,14757,20,14
horizons:narrative:12,horizons,horizons,existing,narrative,mediatique,12,fun-audit-12,rupture,25,false,false,kingmaker,59,13,,0.515,10.1,5,rn,9.4,16,1,8,9,0.5,12,1,0,5,9,0,2,1,1,0,1.03,0,5.46,0,4.71,4.82,16.02,false,0,3,false,,,false,false,false,elimination_precoce,2,1,4,57,53,3,0,1,0,0,12562,20,24
horizons:narrative:13,horizons,horizons,existing,narrative,mediatique,13,fun-audit-13,digital,31,true,true,president,93,19.1,58.4,0.885,11.9,1,rn,11.9,18.97,1,3,1,6.8,19,1,0,2,9,0,0,1,0,0,16.19,1.47,1.02,0,0.7,2.7,22.08,false,0,1,true,57,86.1,true,false,false,victoire_confortable,4,1,3,67,65,2,0,0,0,0,15613,21,3
horizons:narrative:14,horizons,horizons,existing,narrative,mediatique,14,fun-audit-14,union,31,true,true,president,90,16.8,57,0.665,14.8,1,ps,11.1,15.28,1,5,6,4.8,19,0,0,0,8,0,0,2,1,0,13.63,1.47,1.05,0,0.7,4.65,21.5,false,0,2,true,61,70.4,false,false,false,victoire_confortable,1,1,1,73,67,2,1,3,0,0,15429,14,29
horizons:narrative:15,horizons,horizons,existing,narrative,mediatique,15,fun-audit-15,field_first,29,true,false,runoff_defeat,79,15.2,48.4,0.578,10.5,1,lr,10,16.25,1,8,5,1,13,1,0,4,3,0,0,3,3,0,4.33,1.29,0,0,0,0,5.62,false,0,7,true,54,61.5,false,false,false,defaite_serree,2,2,4,67,62,3,1,1,0,0,14685,11,10
horizons:narrative:16,horizons,horizons,existing,narrative,mediatique,16,fun-audit-16,presidential,29,true,false,runoff_defeat,73,13.4,47.6,0.481,9.6,2,ps,8,15.7,1,8,8,0.7,14,0,1,3,8,0,2,2,0,0,8.24,1.47,0,0.34,1.75,2.87,14.67,false,0,2,true,73,73.8,true,false,false,defaite_serree,1,1,5,72,64,4,1,2,1,0,14490,8,14
horizons:narrative:17,horizons,horizons,existing,narrative,mediatique,17,fun-audit-17,rupture,31,true,true,president,90,17.7,54.5,0.714,16.8,1,rn,12.51,17.2,1,2,0,4,17,0,0,1,5,0,0,1,1,0,4.9,1.47,2.94,0.59,5.28,0,15.18,true,1,2,true,70,91.50000000000001,false,false,false,victoire_serree,4,2,3,69,65,2,1,1,0,0,15552,6,11
horizons:narrative:18,horizons,horizons,existing,narrative,mediatique,18,fun-audit-18,digital,31,true,true,president,84,14.6,52.2,0.546,10.8,1,renaissance,10.6,18.1,1,7,5,2.5,17,0,0,5,5,0,0,4,2,0,8.67,0,0.35,0.59,0,2.17,11.78,false,0,5,true,62,62.5,false,false,false,victoire_serree,2,1,3,77,71,4,2,0,0,0,15547,17,14
horizons:narrative:19,horizons,horizons,existing,narrative,mediatique,19,fun-audit-19,union,31,true,true,president,86,14.9,54.5,0.63,13.9,2,ps,9.6,17.76,1,8,2,2.1,20,1,1,4,4,0,0,1,1,0,3.5,4.48,0.63,0,5.91,0,14.52,false,0,2,true,57,72.00000000000001,false,false,false,victoire_serree,3,1,4,76,65,8,1,1,1,0,16021,17,21
horizons:beginner:0,horizons,horizons,existing,beginner,debutant_heuristic,0,fun-audit-0,field_first,31,true,true,president,85,13.5,52.1,0.486,9.8,2,rn,9.5,18,1,8,5,0.1,21,2,0,5,3,0,0,4,1,0,0,0,0.31,0.7,4.34,1.51,6.86,true,1,6,true,39,85.2,false,false,false,victoire_serree,3,1,5,74,69,3,1,1,0,0,15518,24,18
horizons:beginner:1,horizons,horizons,existing,beginner,debutant_heuristic,1,fun-audit-1,presidential,31,true,true,president,87,14.5,51.1,0.606,15.7,1,lfi,11.3,16.4,1,5,4,2.5,19,2,0,3,7,1,0,1,1,0,7.22,3.48,0,0.77,0.35,0,11.82,true,1,2,true,44,60.599999999999994,false,false,false,victoire_serree,4,1,6,80,69,5,3,3,0,0,15399,18,14
horizons:beginner:2,horizons,horizons,existing,beginner,debutant_heuristic,2,fun-audit-2,rupture,31,true,true,president,91,16.3,50.5,0.715,8.4,1,ps,8.4,16.8,1,8,1,2.4,21,2,0,1,11,1,0,0,0,0,10.09,2.17,0,1.31,4.34,0.59,18.5,false,0,0,true,55,72.3,false,false,false,victoire_serree,2,1,4,69,66,1,0,2,0,0,15082,21,
horizons:beginner:3,horizons,horizons,existing,beginner,debutant_heuristic,3,fun-audit-3,digital,25,false,false,kingmaker,64,12.5,,0.485,12.2,4,rn,9.8,17,1,8,4,0.9,14,0,0,0,9,0,0,1,0,0,10.75,2.39,0,1.13,0,1.51,15.78,false,0,1,false,,,false,false,false,elimination_precoce,3,1,0,61,56,3,0,2,0,0,12566,5,21
horizons:beginner:4,horizons,horizons,existing,beginner,debutant_heuristic,4,fun-audit-4,union,31,true,true,president,94,18.8,59.7,0.867,9.8,1,rn,9.8,17.2,1,8,1,3.9,20,1,0,0,10,1,0,1,0,0,8.69,0.28,0.31,0.11,1.05,0.43,10.87,false,0,1,true,42,86.60000000000002,false,true,false,remontee_spectaculaire,1,1,3,76,68,4,1,3,0,0,15445,6,28
horizons:beginner:5,horizons,horizons,existing,beginner,debutant_heuristic,5,fun-audit-5,field_first,31,true,true,president,90,14.4,58.1,0.6,12.8,1,rn,11.7,17.7,1,2,0,0.8,19,2,0,2,6,0,0,1,0,0,0.25,0.42,2.45,0,1.68,4.48,9.28,true,1,1,true,41,87.00000000000001,false,false,false,victoire_confortable,4,1,3,80,70,5,0,4,0,1,15468,9,28
horizons:beginner:6,horizons,horizons,existing,beginner,debutant_heuristic,6,fun-audit-6,presidential,31,true,true,president,91,15.6,51.9,0.673,14.5,1,renaissance,9.9,15.75,1,8,2,3.2,19,2,0,3,6,0,0,2,1,0,9.28,0,1.05,0,3.11,3.08,16.52,false,0,4,true,44,61.8,false,false,false,victoire_serree,3,1,4,75,73,1,1,0,0,0,15694,5,20
horizons:beginner:7,horizons,horizons,existing,beginner,debutant_heuristic,7,fun-audit-7,rupture,25,false,false,kingmaker,65,12.6,,0.491,12.6,3,ps,9.6,15.55,1,8,4,0.7,13,0,0,3,8,1,0,2,2,0,9.18,0,0.66,0.11,0.35,1.47,11.77,false,0,4,false,,,false,false,false,elimination_precoce,6,1,3,60,55,3,0,2,0,0,12216,12,17
horizons:beginner:8,horizons,horizons,existing,beginner,debutant_heuristic,8,fun-audit-8,digital,31,true,true,president,89,15.3,59.3,0.655,10.7,1,rn,10.7,16.3,1,7,7,2.8,18,1,0,2,5,0,0,3,2,0,7.26,0,0,0.59,0.35,1.47,9.67,true,1,4,true,52,86.40000000000002,false,false,false,victoire_confortable,3,1,4,77,67,6,0,4,0,0,15570,19,
horizons:beginner:9,horizons,horizons,existing,beginner,debutant_heuristic,9,fun-audit-9,union,31,true,true,president,83,13.7,53.4,0.558,14.9,2,rn,11.3,20.5,1,5,2,0,18,2,0,3,8,1,1,2,0,0,6.41,4.33,0,0,0.7,3.64,15.08,false,0,2,true,58,86.20000000000002,false,false,false,victoire_serree,1,1,5,80,71,4,1,4,0,0,15542,12,11
horizons:beginner:10,horizons,horizons,existing,beginner,debutant_heuristic,10,fun-audit-10,field_first,31,true,true,president,90,15.6,58.1,0.673,9.4,1,rn,9.4,19.2,1,8,3,2.7,19,0,0,2,9,1,0,3,0,0,8.57,3.22,0.66,0.7,4.76,0,17.91,true,1,3,true,51,88.29999999999998,false,false,false,victoire_confortable,3,1,3,80,72,4,2,2,0,0,15561,1,
horizons:beginner:11,horizons,horizons,existing,beginner,debutant_heuristic,11,fun-audit-11,presidential,31,true,true,president,91,16.5,54.4,0.727,15.9,1,ps,11.5,16.9,1,4,2,3.2,18,0,1,1,8,0,0,1,0,0,2.73,3.22,0,1.77,1.02,2.86,11.6,false,0,1,true,48,72.10000000000001,false,false,false,victoire_serree,3,1,2,79,70,5,1,2,1,0,15827,7,17
horizons:beginner:12,horizons,horizons,existing,beginner,debutant_heuristic,12,fun-audit-12,rupture,31,true,true,president,91,17.4,53.5,0.737,10.1,1,rn,9.5,18.7,1,8,3,4.5,17,0,0,4,9,0,0,1,1,0,6.61,0,2.2,0.7,0.7,1.83,12.04,false,0,3,true,54,87.10000000000001,false,false,false,victoire_serree,0,0,3,77,72,4,0,1,0,0,15429,22,17
horizons:beginner:13,horizons,horizons,existing,beginner,debutant_heuristic,13,fun-audit-13,digital,31,true,true,president,90,14.5,59,0.571,11.9,1,rn,11.9,20.2,1,3,1,1.9,19,0,0,2,12,0,0,4,1,0,13.95,3.6,0,0.77,6.86,1.51,26.69,true,1,4,true,48,85,false,false,false,victoire_confortable,3,1,3,74,69,4,0,1,0,0,15812,18,
horizons:beginner:14,horizons,horizons,existing,beginner,debutant_heuristic,14,fun-audit-14,union,31,true,true,president,91,17,58,0.676,14.8,1,ps,11.3,15.57,1,5,4,5.1,18,0,0,1,8,0,0,2,1,0,12.07,0.42,1.05,0,0.35,4.28,18.17,false,0,2,true,41,70.80000000000001,false,false,false,victoire_confortable,2,1,2,74,68,2,1,3,0,0,15330,12,25
horizons:beginner:15,horizons,horizons,existing,beginner,debutant_heuristic,15,fun-audit-15,field_first,31,true,true,president,88,15.7,50.2,0.679,10.5,1,lr,10.1,15.81,1,8,3,1.5,21,2,0,1,6,1,0,3,0,0,2.55,1.29,0,0.59,3.96,1.47,9.86,false,0,3,true,44,63.7,false,false,false,victoire_serree,2,1,4,75,69,3,2,1,0,0,15570,11,29
horizons:beginner:16,horizons,horizons,existing,beginner,debutant_heuristic,16,fun-audit-16,presidential,31,true,true,president,92,17.9,60.1,0.724,9.6,1,rn,8,19.5,1,8,3,5.5,20,0,0,3,9,0,0,1,1,0,14.43,0,0,1.5,0.35,1.47,17.75,false,0,2,true,46,86.80000000000001,false,true,false,remontee_spectaculaire,4,2,3,79,69,4,3,3,0,0,15512,15,19
horizons:beginner:17,horizons,horizons,existing,beginner,debutant_heuristic,17,fun-audit-17,rupture,31,true,true,president,96,19.6,57.3,0.774,16.8,1,rn,12.78,18.8,1,2,0,6.1,20,2,0,1,8,0,0,1,0,0,7.81,0.42,0.31,0.03,1.65,0,10.22,true,1,1,true,51,91.50000000000001,false,false,false,victoire_confortable,7,2,3,69,65,2,1,1,0,0,15626,11,27
horizons:beginner:18,horizons,horizons,existing,beginner,debutant_heuristic,18,fun-audit-18,digital,31,true,true,president,93,16.7,55.5,0.739,10.8,1,renaissance,10.8,19.4,1,7,3,4.9,20,2,0,2,7,0,0,1,0,0,7.24,0,0,1.29,1.33,1.51,11.37,false,0,1,true,44,62.9,false,false,false,victoire_serree,4,1,2,78,72,4,2,0,0,0,15698,4,11
horizons:beginner:19,horizons,horizons,existing,beginner,debutant_heuristic,19,fun-audit-19,union,29,true,false,runoff_defeat,85,16.2,49.4,0.669,13.9,1,ps,10.1,18.4,1,8,2,3.6,16,2,1,2,7,0,0,2,0,0,6.87,0,0,0.77,1.76,1.47,10.87,true,1,2,true,37,71.60000000000001,false,false,false,defaite_serree,5,2,5,68,57,8,0,2,1,0,14805,24,25
horizons:neutral_baseline:0,horizons,horizons,existing,neutral_baseline,aleatoire,0,fun-audit-0,field_first,31,true,true,president,85,14.1,50.5,0.582,9.8,2,rn,9.1,18.9,1,8,7,1.1,21,1,0,4,4,0,0,3,1,0,6.44,0.28,0.35,0,0.35,2.17,9.59,false,0,5,true,56,85.2,false,false,false,victoire_serree,2,1,4,78,72,4,1,1,0,0,15607,5,23
horizons:neutral_baseline:1,horizons,horizons,existing,neutral_baseline,aleatoire,1,fun-audit-1,presidential,31,true,true,president,84,13.6,50.5,0.552,15.7,1,lfi,10.4,16.1,1,8,4,1.4,18,2,0,3,5,0,0,1,0,0,6.62,4.72,0,0.59,1.4,0,13.33,true,1,1,true,51,60.599999999999994,false,false,false,victoire_serree,3,1,4,80,69,5,3,3,0,0,15491,2,12
horizons:neutral_baseline:2,horizons,horizons,existing,neutral_baseline,aleatoire,2,fun-audit-2,rupture,31,true,true,president,91,15.7,50,0.605,8.4,1,ps,8.4,16.5,1,8,1,1.7,21,2,0,1,11,0,0,0,0,0,6.07,1.67,0,2.48,0.66,1.51,12.39,false,0,0,true,54,72.3,false,false,false,victoire_serree,1,1,3,69,66,1,0,2,0,0,15082,21,1
horizons:neutral_baseline:3,horizons,horizons,existing,neutral_baseline,aleatoire,3,fun-audit-3,digital,31,true,true,president,91,17.5,58.9,0.788,12.2,1,rn,9.4,17.6,1,8,4,4.7,18,0,0,4,9,0,0,1,1,0,9.73,4.36,0,3.06,1.33,0,18.48,false,0,2,true,58,86.5,false,false,false,victoire_confortable,2,1,2,75,68,3,1,3,0,0,15489,5,7
horizons:neutral_baseline:4,horizons,horizons,existing,neutral_baseline,aleatoire,4,fun-audit-4,union,31,true,true,president,90,17.3,58.7,0.776,9.8,1,rn,9.8,16.5,1,8,1,2.3,19,1,0,2,5,0,0,1,1,0,0.35,4.48,5.98,0.42,0.7,6.92,18.85,false,0,2,true,51,86.60000000000002,false,false,false,victoire_confortable,2,1,3,77,69,4,1,3,0,0,15411,24,8
horizons:neutral_baseline:5,horizons,horizons,existing,neutral_baseline,aleatoire,5,fun-audit-5,field_first,25,false,false,kingmaker,63,13.2,,0.527,12.8,3,rn,10.8,17.1,1,7,2,0.6,13,0,0,4,4,1,0,2,1,0,0.35,4.48,0,0.6,0.35,4.24,10.02,true,1,3,false,,,false,false,false,elimination_precoce,3,1,4,66,58,4,1,2,0,1,12165,14,18
horizons:neutral_baseline:6,horizons,horizons,existing,neutral_baseline,aleatoire,6,fun-audit-6,presidential,25,false,false,kingmaker,67,13.2,,0.527,14.5,3,renaissance,9.9,16.7,1,8,4,0.7,11,0,0,2,7,0,0,2,0,0,5.77,0.42,0,0,5.78,2.93,14.9,true,1,2,false,,,false,false,false,elimination_precoce,2,1,2,60,55,3,2,0,0,0,12551,5,11
horizons:neutral_baseline:7,horizons,horizons,existing,neutral_baseline,aleatoire,7,fun-audit-7,rupture,25,false,false,kingmaker,65,12.8,,0.405,12.6,3,ps,9.6,15.35,1,8,4,0.5,12,1,0,3,9,0,1,2,1,0,10.52,0,0,0.42,5.6,1.47,18.01,false,0,3,false,,,false,false,false,elimination_precoce,3,1,4,60,55,3,0,2,0,0,12425,2,17
horizons:neutral_baseline:8,horizons,horizons,existing,neutral_baseline,aleatoire,8,fun-audit-8,digital,31,true,true,president,90,15.4,60,0.589,10.7,1,rn,10.7,15.9,1,7,7,2.9,21,2,0,2,6,0,0,2,1,0,10.75,0,0,2.9,0.7,2.87,17.22,true,1,3,true,53,86.40000000000002,false,false,false,victoire_confortable,5,2,4,77,67,6,0,4,0,0,15519,17,20
horizons:neutral_baseline:9,horizons,horizons,existing,neutral_baseline,aleatoire,9,fun-audit-9,union,31,true,true,president,91,16.1,53.1,0.703,14.9,1,rn,12.1,17.9,1,2,0,2.4,20,2,0,2,9,0,0,1,0,0,9.26,4.83,1.4,0,0.7,1.32,17.51,false,0,1,true,58,86.60000000000001,false,false,false,victoire_serree,2,1,3,80,72,3,1,4,0,0,15427,8,11
horizons:neutral_baseline:10,horizons,horizons,existing,neutral_baseline,aleatoire,10,fun-audit-10,field_first,31,true,true,president,84,14.7,56.5,0.618,9.4,1,rn,9.4,18.6,1,8,3,1.7,18,0,0,5,8,1,0,3,2,0,3.49,4.48,0,0,0.56,0,8.53,false,0,5,true,53,88.29999999999998,false,false,false,victoire_confortable,1,1,3,79,71,4,2,2,0,0,15311,19,18
horizons:neutral_baseline:11,horizons,horizons,existing,neutral_baseline,aleatoire,11,fun-audit-11,presidential,31,true,true,president,91,16.6,54.6,0.733,15.9,1,ps,10.9,16.63,1,6,2,3.4,19,0,1,4,8,0,0,2,1,0,7.47,0.42,1.75,1.15,0.35,1.6,12.74,true,1,3,true,53,72.10000000000001,false,false,false,victoire_serree,2,1,4,79,70,5,1,2,1,0,15705,7,6
horizons:neutral_baseline:12,horizons,horizons,existing,neutral_baseline,aleatoire,12,fun-audit-12,rupture,31,true,true,president,86,15.2,50,0.648,10.1,1,rn,9.6,17.5,1,8,3,2,17,0,0,2,9,0,1,3,0,0,6.59,1.47,0.63,2.24,1.75,0.16,12.84,true,1,3,true,59,87.10000000000001,false,false,false,victoire_serree,2,1,4,77,74,3,0,0,0,0,15778,12,17
horizons:neutral_baseline:13,horizons,horizons,existing,neutral_baseline,aleatoire,13,fun-audit-13,digital,31,true,true,president,87,13.4,57.9,0.509,11.9,1,rn,11.9,19.1,1,3,1,0.7,19,0,0,1,10,0,0,4,1,0,11.59,0.42,0,0.42,8.43,1.51,22.37,true,1,4,true,53,85,false,false,false,victoire_confortable,4,2,3,74,69,4,0,1,0,0,15808,22,3
horizons:neutral_baseline:14,horizons,horizons,existing,neutral_baseline,aleatoire,14,fun-audit-14,union,31,true,true,president,90,15.9,56.9,0.585,14.8,1,ps,10.9,14.8,1,6,10,3.8,18,1,0,3,7,0,0,1,1,0,2.4,0.8,2.94,0,0.35,0,6.49,false,0,1,true,50,71.20000000000002,false,false,false,victoire_confortable,0,0,3,76,69,2,2,3,0,0,15304,12,11
horizons:neutral_baseline:15,horizons,horizons,existing,neutral_baseline,aleatoire,15,fun-audit-15,field_first,31,true,true,president,93,17.1,50.9,0.764,10.5,1,lr,10.4,17.35,1,7,3,3.2,19,1,0,3,7,0,0,1,1,0,6.95,0.42,0,1.32,2.8,2.87,14.36,false,0,2,true,57,61.5,false,false,false,victoire_serree,2,1,4,76,70,3,2,1,0,0,15155,13,5
horizons:neutral_baseline:16,horizons,horizons,existing,neutral_baseline,aleatoire,16,fun-audit-16,presidential,31,true,true,president,88,13.6,52.3,0.552,9.6,2,rn,7.9,18.1,1,8,3,0.4,19,1,1,4,10,0,0,1,1,0,7.94,0,2.94,3.55,0.35,1.47,16.25,false,0,2,true,50,86.4,false,false,false,victoire_serree,2,2,5,79,70,4,2,2,1,0,15496,12,19
horizons:neutral_baseline:17,horizons,horizons,existing,neutral_baseline,aleatoire,17,fun-audit-17,rupture,31,true,true,president,94,18.3,57,0.746,16.8,1,rn,12.78,17.9,1,2,0,4.6,19,1,0,1,7,0,0,1,0,0,7.24,1.68,0.31,0.04,1.96,0,11.23,true,1,1,true,51,91.50000000000001,false,false,false,victoire_confortable,6,2,3,70,65,2,1,2,0,0,15567,15,17
horizons:neutral_baseline:18,horizons,horizons,existing,neutral_baseline,aleatoire,18,fun-audit-18,digital,31,true,true,president,88,15.3,54.2,0.655,10.8,1,renaissance,10.4,18.9,1,7,5,3.3,19,0,0,5,7,0,0,2,1,0,2.52,1.47,0,3.22,0.7,4.3,12.21,false,0,3,true,49,62.9,false,false,false,victoire_serree,3,2,2,79,72,4,2,1,0,0,15198,20,14
horizons:neutral_baseline:19,horizons,horizons,existing,neutral_baseline,aleatoire,19,fun-audit-19,union,29,true,false,runoff_defeat,83,17.2,49.1,0.77,13.9,1,ps,10.2,19.2,1,8,2,4.7,13,1,1,3,5,0,0,1,1,0,6.52,0.28,0,0,3.4,0,10.2,false,0,2,true,54,71.60000000000001,false,false,false,defaite_serree,3,2,5,68,57,8,0,2,1,0,14758,8,
horizons:risk_seeking_ref:0,horizons,horizons,existing,risk_seeking_ref,risque,0,fun-audit-0,field_first,31,true,true,president,87,15,54.9,0.677,9.8,1,rn,9.6,20,1,8,5,2.1,20,0,0,7,3,0,0,3,1,0,5.81,0,0.35,0,0,2.17,8.33,false,0,5,true,53,85.2,false,false,false,victoire_serree,0,0,2,78,72,4,1,1,0,0,15550,21,25
horizons:risk_seeking_ref:1,horizons,horizons,existing,risk_seeking_ref,risque,1,fun-audit-1,presidential,29,true,false,runoff_defeat,78,13.6,49.3,0.552,15.7,1,lfi,11.3,16.1,1,5,4,1.4,14,1,0,2,8,1,0,1,1,0,5.98,0.27,11.2,2.17,1.05,0,20.67,true,1,2,true,66,60.599999999999994,false,false,false,defaite_serree,2,1,6,72,63,4,2,3,0,0,14474,8,2
horizons:risk_seeking_ref:2,horizons,horizons,existing,risk_seeking_ref,risque,2,fun-audit-2,rupture,31,true,true,president,93,18,50.5,0.871,8.4,1,ps,8.4,18.79,1,8,1,4.4,22,1,0,1,8,0,0,0,0,0,4.73,2.37,0.35,0.82,0.35,2.17,10.79,false,0,0,true,54,71.5,false,true,false,remontee_spectaculaire,2,1,4,71,67,1,1,2,0,0,15035,5,17
horizons:risk_seeking_ref:3,horizons,horizons,existing,risk_seeking_ref,risque,3,fun-audit-3,digital,31,true,true,president,87,17,52.8,0.758,12.2,1,nouvelle_energie,9.6,19.3,1,8,4,5,20,0,0,2,10,0,1,1,1,0,3.63,2.57,5.54,2.71,1.05,0,15.5,false,0,2,true,65,28.999999999999996,true,false,false,victoire_serree,1,1,5,75,70,4,1,0,0,0,15626,5,24
horizons:risk_seeking_ref:4,horizons,horizons,existing,risk_seeking_ref,risque,4,fun-audit-4,union,31,true,true,president,91,19.3,58.8,0.897,9.8,1,rn,9.8,18.61,1,8,1,4.5,21,0,0,2,9,0,0,2,1,0,4.06,0.42,5.98,0.59,1.05,0.01,12.11,false,0,3,true,56,86.60000000000002,false,true,false,remontee_spectaculaire,0,0,3,75,68,4,1,2,0,0,15218,22,8
horizons:risk_seeking_ref:5,horizons,horizons,existing,risk_seeking_ref,risque,5,fun-audit-5,field_first,31,true,true,president,89,16.3,57.2,0.715,12.8,1,rn,11,19.62,1,6,2,2.9,22,0,0,4,5,0,0,2,2,0,1.23,0.42,0.7,0.6,0,4.6,7.55,true,1,4,true,62,87.00000000000001,false,false,false,victoire_confortable,2,1,3,80,70,5,0,4,0,1,15493,23,
horizons:risk_seeking_ref:6,horizons,horizons,existing,risk_seeking_ref,risque,6,fun-audit-6,presidential,31,true,true,president,91,17.5,51.3,0.788,14.5,1,renaissance,10.1,19.53,1,8,2,5.1,19,0,0,2,7,0,0,3,2,0,2.7,0,0.49,0.24,3.12,0,6.55,false,0,4,true,47,61.4,false,false,false,victoire_serree,3,2,3,76,73,3,0,0,0,0,15767,5,24
horizons:risk_seeking_ref:7,horizons,horizons,existing,risk_seeking_ref,risque,7,fun-audit-7,rupture,31,true,true,president,90,14.9,52.5,0.63,12.6,1,ps,9.5,20.8,1,8,2,1.9,18,1,0,4,6,0,0,2,2,0,10.61,0,0,0.59,0.35,1.47,13.02,false,0,4,true,60,71.40000000000002,false,false,false,victoire_serree,3,1,4,76,69,4,0,3,0,0,15177,18,2
horizons:risk_seeking_ref:8,horizons,horizons,existing,risk_seeking_ref,risque,8,fun-audit-8,digital,31,true,true,president,90,15.9,53.1,0.691,10.7,1,rn,10.7,18.3,1,7,5,3.5,18,1,0,3,9,0,0,3,1,0,10.88,0,0,2.55,0.35,1.47,15.25,false,0,3,true,53,86.40000000000002,false,false,false,victoire_serree,3,1,4,76,65,6,1,4,0,0,15526,5,13
horizons:risk_seeking_ref:9,horizons,horizons,existing,risk_seeking_ref,risque,9,fun-audit-9,union,31,true,true,president,92,17.9,53.7,0.812,14.9,1,rn,12.2,19.57,1,2,0,4.6,20,1,0,4,10,0,0,2,1,0,6.57,2.2,0.49,0,2.48,2.7,14.44,false,0,4,true,56,86.60000000000001,false,false,false,victoire_serree,0,0,4,80,73,3,1,3,0,0,15795,8,29
horizons:risk_seeking_ref:10,horizons,horizons,existing,risk_seeking_ref,risque,10,fun-audit-10,field_first,31,true,true,president,89,16.3,58,0.715,9.4,1,rn,9.4,20.4,1,8,3,3.5,20,0,0,4,7,0,0,1,1,0,3.25,0.42,0.56,0,3.12,2.7,10.05,false,0,2,true,54,88.29999999999998,false,false,false,victoire_confortable,2,1,2,79,71,4,2,2,0,0,15368,4,11
horizons:risk_seeking_ref:11,horizons,horizons,existing,risk_seeking_ref,risque,11,fun-audit-11,presidential,25,false,false,narrow_elimination,53,10.8,,0.406,15.9,6,ps,11.1,16.8,1,6,6,0.5,10,1,0,5,5,2,0,3,2,0,3.43,0,0.35,0.59,0.35,0.6,5.32,false,0,4,false,,,false,false,false,elimination_precoce,3,1,4,61,56,4,1,0,0,0,12536,7,17
horizons:risk_seeking_ref:12,horizons,horizons,existing,risk_seeking_ref,risque,12,fun-audit-12,rupture,29,true,false,runoff_defeat,82,17.4,48.7,0.782,10.1,1,nouvelle_energie,9.7,19.3,1,8,3,4.5,14,1,0,4,9,0,1,1,1,0,0.98,0,14.15,2.24,1.05,2.7,21.12,false,0,3,true,69,29,false,false,false,defaite_serree,0,0,5,69,65,4,0,0,0,0,14397,17,29
horizons:risk_seeking_ref:13,horizons,horizons,existing,risk_seeking_ref,risque,13,fun-audit-13,digital,31,true,true,president,91,17,60.6,0.758,11.9,1,rn,11.9,17.77,1,3,1,5.9,20,0,0,4,10,0,0,5,2,0,8.55,1.68,0,0,0,1.33,11.56,false,0,6,true,49,85.4,false,false,false,victoire_confortable,3,1,2,72,68,2,1,1,0,0,15471,24,16
horizons:risk_seeking_ref:14,horizons,horizons,existing,risk_seeking_ref,risque,14,fun-audit-14,union,31,true,true,president,91,17.5,58,0.839,14.8,1,ps,11.4,16.13,1,4,2,5.5,19,1,0,4,7,0,0,1,1,0,5.15,1.09,5.98,0,0.7,0,12.92,false,0,1,true,54,70.80000000000001,false,false,false,victoire_confortable,2,1,3,75,68,2,2,3,0,0,15389,12,23
horizons:risk_seeking_ref:15,horizons,horizons,existing,risk_seeking_ref,risque,15,fun-audit-15,field_first,31,true,true,president,93,18.7,51.8,0.861,10.5,1,lr,10.3,19.11,1,7,3,5.1,21,1,0,3,8,0,0,1,1,0,2.02,1.09,0,1.13,0.35,1.47,6.06,false,0,2,true,53,61.5,false,true,false,remontee_spectaculaire,2,1,5,76,70,3,2,1,0,0,15198,24,5
horizons:risk_seeking_ref:16,horizons,horizons,existing,risk_seeking_ref,risque,16,fun-audit-16,presidential,31,true,true,president,93,17.4,60.1,0.782,9.6,1,rn,8.1,19.1,1,8,3,4.9,19,1,0,3,9,0,0,1,1,0,6.65,0,0,2.75,0.35,1.47,11.22,false,0,2,true,51,86.80000000000001,false,false,false,victoire_confortable,2,1,3,79,69,4,3,3,0,0,15617,15,27
horizons:risk_seeking_ref:17,horizons,horizons,existing,risk_seeking_ref,risque,17,fun-audit-17,rupture,31,true,true,president,95,19.4,56.8,0.903,16.8,1,rn,12.78,18.4,1,2,0,5.9,21,1,0,1,7,0,0,1,1,0,3.5,1.68,5.98,2.71,4.34,0,18.21,true,1,2,true,59,91.50000000000001,false,false,false,victoire_confortable,2,1,4,69,65,2,1,1,0,0,15716,24,11
horizons:risk_seeking_ref:18,horizons,horizons,existing,risk_seeking_ref,risque,18,fun-audit-18,digital,31,true,true,president,88,14.5,52,0.606,10.8,1,nouvelle_energie,10.6,18.5,1,7,3,3.5,22,0,0,4,9,0,0,2,0,0,9.94,0,0.35,2.24,0.7,2.17,15.4,false,0,2,true,55,28,false,false,false,victoire_serree,1,1,2,80,69,6,1,4,0,0,15570,8,18
horizons:risk_seeking_ref:19,horizons,horizons,existing,risk_seeking_ref,risque,19,fun-audit-19,union,31,true,true,president,90,15.8,58.5,0.685,13.9,1,ps,10.3,19.02,1,8,2,2.9,19,1,1,4,7,0,0,2,2,0,10,0,5.98,0,0.7,0,16.68,false,0,5,true,49,71.60000000000001,false,false,false,victoire_confortable,2,1,4,80,67,8,1,3,1,0,15669,13,17
lr:strategist:0,lr,lr,existing,strategist,parti_dabord,0,fun-audit-0,field_first,31,true,true,president,80,13.6,53.7,0.346,11.2,2,rn,11.2,15.3,1,7,5,1.6,19,1,0,4,5,0,0,1,1,0,10.48,0,0.35,0.24,0,0.8,11.87,true,1,2,true,71,87.19999999999999,false,false,false,victoire_serree,4,2,5,71,64,5,0,2,0,0,15707,23,24
lr:strategist:1,lr,lr,existing,strategist,parti_dabord,1,fun-audit-1,presidential,31,true,true,president,85,17.2,52.3,0.522,8.8,1,ps,8.5,18.14,1,8,5,4,19,2,0,1,5,0,0,1,1,0,10.49,0,0,0,0.7,1.2,12.39,true,1,1,true,67,71.00000000000001,false,true,false,remontee_spectaculaire,2,1,6,75,68,4,1,2,0,0,15263,1,23
lr:strategist:2,lr,lr,existing,strategist,parti_dabord,2,fun-audit-2,rupture,25,false,false,kingmaker,62,13,,0.317,9.7,3,ps,9.7,19.1,1,8,5,0.7,14,0,0,1,10,0,0,1,0,0,14.21,0.25,0,0,4.77,2.16,21.39,true,1,1,false,,,false,false,false,elimination_precoce,3,1,2,56,53,1,1,1,0,0,12492,18,
lr:strategist:3,lr,lr,existing,strategist,parti_dabord,3,fun-audit-3,digital,25,false,false,kingmaker,55,11.9,,0.263,11.7,4,rn,11.21,15.6,1,7,1,1.6,15,0,0,2,8,1,0,0,0,0,9.04,9.51,0,0.6,0.35,0,19.5,false,0,0,false,,,false,false,false,elimination_precoce,2,1,2,63,58,3,0,2,0,0,12268,8,5
lr:strategist:4,lr,lr,existing,strategist,parti_dabord,4,fun-audit-4,union,31,true,true,president,85,15.6,57.4,0.444,11.9,1,rn,11.39,17.9,1,6,1,0.8,21,1,0,1,9,0,0,2,0,0,10.14,0.98,0,0.78,5.97,0.8,18.67,true,1,2,true,70,86.20000000000002,false,false,false,victoire_confortable,1,1,3,77,69,5,1,2,0,0,15765,21,29
lr:strategist:5,lr,lr,existing,strategist,parti_dabord,5,fun-audit-5,field_first,25,false,false,honorable_campaign,50,10.4,,0.19,11.8,6,rn,11.12,13.5,1,7,7,0.6,10,0,0,1,6,1,0,1,0,0,10.51,0.25,0,0,6.16,1.3,18.22,true,1,1,false,,,false,false,false,elimination_precoce,3,1,3,67,60,4,1,1,0,1,12313,9,15
lr:strategist:6,lr,lr,existing,strategist,parti_dabord,6,fun-audit-6,presidential,25,false,false,kingmaker,61,12.1,,0.273,13.8,3,renaissance,11.5,17.4,1,4,4,0.2,12,1,0,3,7,0,0,1,1,0,14.75,0,0,0.6,1.57,1.3,18.22,false,0,2,false,,,false,false,false,elimination_precoce,2,1,3,58,53,1,2,2,0,0,12477,18,7
lr:strategist:7,lr,lr,existing,strategist,parti_dabord,7,fun-audit-7,rupture,31,true,true,president,81,15.3,51.2,0.429,13.1,1,ps,11.63,16.3,1,4,2,2.2,19,1,0,0,7,0,0,0,0,0,6.99,5.7,0,0,1.4,0.55,14.64,true,1,0,true,74,71.40000000000002,false,false,false,victoire_serree,2,2,3,75,68,4,0,3,0,0,15507,20,27
lr:strategist:8,lr,lr,existing,strategist,parti_dabord,8,fun-audit-8,digital,31,true,true,president,80,14,51,0.366,7.5,1,horizons,7.5,15.3,1,8,9,0.8,19,1,0,2,10,0,1,2,1,0,13.12,3.6,1.93,0.7,4.25,1.3,24.9,false,0,2,true,71,47.5,false,false,false,victoire_serree,1,1,6,72,64,6,0,2,0,0,15229,20,16
lr:strategist:9,lr,lr,existing,strategist,parti_dabord,9,fun-audit-9,union,31,true,true,president,85,17.3,54.9,0.527,10,1,rn,9.3,16.4,1,8,5,5.4,18,1,1,3,6,0,0,2,1,0,6.17,0.25,0,0.6,1.89,0.8,9.71,false,0,4,true,62,87.00000000000001,false,false,false,victoire_serree,2,1,4,79,71,4,0,3,1,0,15706,19,11
lr:strategist:10,lr,lr,existing,strategist,parti_dabord,10,fun-audit-10,field_first,31,true,true,president,82,13.6,51.1,0.346,9.1,2,rn,9.1,19.8,1,8,3,0.7,19,1,0,4,7,0,0,1,1,0,6.93,0.98,1.93,1.41,0.35,0.8,12.4,false,0,2,true,77.89727212406538,88.29999999999998,false,false,false,victoire_serree,4,1,4,80,72,4,2,2,0,0,15381,22,24
lr:strategist:11,lr,lr,existing,strategist,parti_dabord,11,fun-audit-11,presidential,31,true,true,president,85,16.7,51.1,0.498,9.1,1,rn,8.9,16.6,1,8,1,2.8,19,2,0,4,4,0,0,1,1,0,7.66,5.7,0,0.6,0,0,13.96,false,0,2,true,67,85.60000000000001,false,false,false,victoire_serree,2,1,4,69,64,3,1,1,0,0,15333,13,10
lr:strategist:12,lr,lr,existing,strategist,parti_dabord,12,fun-audit-12,rupture,29,true,false,runoff_defeat,76,15.3,46.2,0.429,15.5,1,horizons,9.8,16.4,1,8,6,2.4,17,1,0,9,3,0,0,2,2,0,5.14,0.98,0.35,0,0,0.8,7.27,false,0,5,true,75,47.7,true,false,false,defaite_serree,3,1,5,72,65,4,1,2,0,0,14382,10,20
lr:strategist:13,lr,lr,existing,strategist,parti_dabord,13,fun-audit-13,digital,31,true,true,president,82,15,56.7,0.415,15,1,rn,11.16,17.6,1,7,6,2.1,19,1,0,2,7,1,0,0,0,0,11.98,3.38,0,0,1.96,0.8,18.12,false,0,0,true,70,85.4,false,false,false,victoire_confortable,3,2,3,75,73,2,0,0,0,0,15448,2,22
lr:strategist:14,lr,lr,existing,strategist,parti_dabord,14,fun-audit-14,union,25,false,false,kingmaker,59,12.3,,0.283,12.9,3,horizons,10.1,13.77,1,7,6,1.3,10,1,0,2,6,0,0,2,0,0,11.2,0,0,0,0.35,0.57,12.12,false,0,2,false,,,false,false,false,elimination_precoce,3,1,2,56,52,1,1,2,0,0,12383,2,
lr:strategist:15,lr,lr,existing,strategist,parti_dabord,15,fun-audit-15,field_first,25,false,false,kingmaker,54,11.7,,0.254,8,4,lfi,8,15.3,1,8,1,0.8,12,0,0,3,7,2,0,2,1,0,4.48,3,1.93,0.7,1.05,1.51,12.67,false,0,4,false,,,false,false,false,elimination_precoce,1,1,3,60,57,3,0,0,0,0,12479,12,19
lr:strategist:16,lr,lr,existing,strategist,parti_dabord,16,fun-audit-16,presidential,31,true,true,president,84,14.7,57.4,0.4,14.6,1,rn,11.42,18.1,1,6,2,2.5,19,2,0,3,7,0,0,2,1,0,14.3,0,0,0,1.96,1.51,17.77,false,0,4,true,62,86.4,false,false,false,victoire_confortable,3,1,3,75,68,2,3,2,0,0,16097,18,11
lr:strategist:17,lr,lr,existing,strategist,parti_dabord,17,fun-audit-17,rupture,25,false,false,kingmaker,55,11.3,,0.234,10.6,4,rn,10.6,15,1,7,3,2.7,13,0,0,1,9,0,1,0,0,0,11.21,0.98,7.24,0.87,0.35,0,20.65,true,1,0,false,,,true,false,false,elimination_precoce,5,2,4,58,53,4,0,1,0,0,12493,20,12
lr:strategist:18,lr,lr,existing,strategist,parti_dabord,18,fun-audit-18,digital,29,true,false,runoff_defeat,72,13,48.2,0.317,8.5,2,nouvelle_energie,8.5,15.33,1,8,3,0.1,15,0,1,5,7,0,0,4,3,0,15.07,3.6,0,0,1.57,0.1,20.34,true,1,6,true,72,28,false,false,false,defaite_serree,1,1,5,70,61,6,1,1,1,0,14692,11,13
lr:strategist:19,lr,lr,existing,strategist,parti_dabord,19,fun-audit-19,union,31,true,true,president,79,12.8,57,0.307,15.7,1,lfi,10.4,15.7,1,7,8,1.5,17,1,1,1,6,0,0,0,0,0,9.23,3.6,4.72,0.24,0.35,0,18.14,false,0,0,true,73,60.5,false,false,false,victoire_confortable,4,1,3,76,66,7,0,2,1,0,15440,4,25
lr:roleplayer:0,lr,lr,existing,roleplayer,ideologiquement_coherent,0,fun-audit-0,field_first,31,true,true,president,78,13.2,53.8,0.327,11.2,2,rn,11.2,15.7,1,7,3,1.1,17,0,0,4,5,0,0,1,1,0,1.39,0,3.78,0.7,0.35,0.8,7.02,false,0,2,true,62,87.19999999999999,true,false,false,victoire_serree,4,2,4,71,64,5,0,2,0,0,15655,13,11
lr:roleplayer:1,lr,lr,existing,roleplayer,ideologiquement_coherent,1,fun-audit-1,presidential,31,true,true,president,73,12.4,50.1,0.251,8.8,1,lfi,8.4,16.2,1,8,5,0.2,18,0,0,2,10,0,1,2,0,0,4.05,0.53,0.98,0,1.05,2.16,8.77,true,1,2,true,64,61.39999999999999,false,false,false,victoire_serree,4,1,4,80,68,5,2,5,0,0,15650,10,26
lr:roleplayer:2,lr,lr,existing,roleplayer,ideologiquement_coherent,2,fun-audit-2,rupture,25,false,false,kingmaker,62,13,,0.289,9.7,3,ps,9.7,19.5,1,8,5,0.8,13,0,0,2,13,0,0,1,0,0,10.35,0.25,0,1.22,2.94,0.8,15.56,true,1,1,false,,,false,false,false,elimination_precoce,5,2,2,56,53,1,1,1,0,0,12202,16,17
lr:roleplayer:3,lr,lr,existing,roleplayer,ideologiquement_coherent,3,fun-audit-3,digital,25,false,false,retirement,51,11.6,,0.237,11.7,5,rn,11,14.3,1,7,3,0,13,0,0,2,10,0,1,0,0,0,5.95,1.54,0,0.13,0.35,0,7.97,false,0,0,false,,,false,false,false,elimination_precoce,2,1,2,63,58,3,0,2,0,0,12398,5,20
lr:roleplayer:4,lr,lr,existing,roleplayer,ideologiquement_coherent,4,fun-audit-4,union,25,false,false,retirement,60,14,,0.294,11.9,4,rn,11.23,17.1,1,7,1,0.2,11,0,0,2,10,1,0,2,0,0,2.34,3.95,0,1.11,1.39,0,8.79,true,1,2,false,,,false,false,false,elimination_precoce,4,1,3,65,57,5,1,2,0,0,12407,6,20
lr:roleplayer:5,lr,lr,existing,roleplayer,ideologiquement_coherent,5,fun-audit-5,field_first,25,false,false,kingmaker,59,11.9,,0.263,11.8,4,rn,11.41,15.2,1,6,3,0.7,12,0,0,0,8,0,0,1,0,0,0.4,0.66,0.98,0.9,1.05,2,5.99,true,1,1,false,,,false,false,false,elimination_precoce,4,2,1,67,60,4,1,1,0,1,12332,10,
lr:roleplayer:6,lr,lr,existing,roleplayer,ideologiquement_coherent,6,fun-audit-6,presidential,25,false,false,kingmaker,61,12.3,,0.283,13.8,3,renaissance,11.5,17.7,1,4,4,0,12,0,0,3,11,0,0,2,2,0,4.26,0.66,0.98,0.76,3.3,2.7,12.66,false,0,3,false,,,false,false,false,elimination_precoce,1,1,2,58,53,1,2,2,0,0,12476,20,
lr:roleplayer:7,lr,lr,existing,roleplayer,ideologiquement_coherent,7,fun-audit-7,rupture,31,true,true,president,78,14.2,50.4,0.328,13.1,1,ps,11.76,15.6,1,4,4,1,17,0,0,0,9,0,0,1,0,0,0.86,1.13,0.98,1.12,1.4,3.94,9.43,false,0,1,true,66,71.40000000000002,false,false,false,victoire_serree,3,1,1,75,68,4,0,3,0,0,15592,15,28
lr:roleplayer:8,lr,lr,existing,roleplayer,ideologiquement_coherent,8,fun-audit-8,digital,31,true,true,president,85,15.7,53.9,0.391,7.5,1,horizons,7.5,17.8,1,8,5,2.7,20,0,0,1,15,0,0,1,0,0,9.75,0,1.64,0.56,0.91,2,14.86,false,0,1,true,54,47.5,false,true,false,remontee_spectaculaire,3,1,4,73,64,6,0,3,0,0,15359,18,23
lr:roleplayer:9,lr,lr,existing,roleplayer,ideologiquement_coherent,9,fun-audit-9,union,25,false,false,kingmaker,58,12.5,,0.293,10,4,rn,9.1,15.3,1,8,3,0.9,12,0,0,3,9,0,0,1,1,0,0.25,0.44,1.57,2.42,1.05,0.8,6.53,false,0,3,false,,,false,false,false,elimination_precoce,2,1,2,63,58,3,0,2,0,0,12601,16,17
lr:roleplayer:10,lr,lr,existing,roleplayer,ideologiquement_coherent,10,fun-audit-10,field_first,31,true,true,president,80,13.4,51.1,0.337,9.1,2,rn,9.1,20.5,1,8,3,0.4,17,0,0,4,8,0,0,1,1,0,1.35,2.17,2.49,1.64,1.4,0.8,9.85,false,0,2,true,70,88.29999999999998,false,false,true,effondrement,4,1,4,80,72,4,2,2,0,0,15487,12,
lr:roleplayer:11,lr,lr,existing,roleplayer,ideologiquement_coherent,11,fun-audit-11,presidential,25,false,false,kingmaker,52,11.3,,0.188,9.1,5,ps,8.7,13.8,1,8,5,0.7,11,0,0,5,7,0,0,1,1,0,4.92,1.99,1.75,1.11,0,0,9.77,false,0,2,false,,,true,false,false,elimination_precoce,2,1,3,60,55,3,1,1,0,0,12270,7,19
lr:roleplayer:12,lr,lr,existing,roleplayer,ideologiquement_coherent,12,fun-audit-12,rupture,29,true,false,runoff_defeat,78,15.8,47.5,0.433,15.5,1,horizons,10.6,17.1,1,7,4,3,16,0,0,5,11,0,0,1,1,0,9.69,0.53,0.95,0.42,0.35,0.8,12.74,false,0,3,true,66,47.7,true,false,false,defaite_serree,2,1,4,74,67,4,1,2,0,0,14498,15,9
lr:roleplayer:13,lr,lr,existing,roleplayer,ideologiquement_coherent,13,fun-audit-13,digital,31,true,true,president,82,14.8,57.1,0.353,15,1,rn,11.16,17.6,1,7,4,1.8,17,0,0,2,12,0,0,0,0,0,2.82,0.19,3.99,0.7,3.01,0.83,11.54,false,0,0,true,62,85.4,true,false,false,victoire_confortable,3,3,2,75,73,2,0,0,0,0,15488,11,17
lr:roleplayer:14,lr,lr,existing,roleplayer,ideologiquement_coherent,14,fun-audit-14,union,25,false,false,kingmaker,54,11.6,,0.2,12.9,5,horizons,9.7,13.88,1,8,8,0.1,13,0,0,2,12,0,0,2,0,0,1.74,0,0,0.29,0.77,0.8,3.6,false,0,2,false,,,false,false,false,elimination_precoce,4,1,1,57,53,1,1,2,0,0,12445,22,17
lr:roleplayer:15,lr,lr,existing,roleplayer,ideologiquement_coherent,15,fun-audit-15,field_first,25,false,false,kingmaker,59,12.3,,0.258,8,4,lfi,8,15.1,1,8,3,0.2,12,0,0,3,12,1,0,1,0,0,6.28,1.13,0,0.08,1.08,0.8,9.37,false,0,1,false,,,true,false,false,elimination_precoce,3,1,3,60,57,3,0,0,0,0,12230,2,23
lr:roleplayer:16,lr,lr,existing,roleplayer,ideologiquement_coherent,16,fun-audit-16,presidential,31,true,true,president,82,14.9,57.5,0.329,14.6,1,rn,11.43,17.8,1,6,4,1.3,17,0,0,3,9,0,0,1,1,0,2.9,2.17,1.05,0.42,2.91,1.33,10.78,false,0,3,true,57,87.4,false,false,false,victoire_confortable,2,2,2,76,68,4,2,2,0,0,16128,5,18
lr:roleplayer:17,lr,lr,existing,roleplayer,ideologiquement_coherent,17,fun-audit-17,rupture,25,false,false,kingmaker,61,13.6,,0.302,10.6,4,rn,10.6,16.9,1,7,1,0.1,13,0,0,2,10,0,0,0,0,0,6.59,2.17,4.73,1.33,0.35,0,15.17,true,1,0,false,,,true,false,false,elimination_precoce,5,2,3,58,53,4,0,1,0,0,12392,7,23
lr:roleplayer:18,lr,lr,existing,roleplayer,ideologiquement_coherent,18,fun-audit-18,digital,29,true,false,runoff_defeat,79,16.7,48.7,0.453,8.5,1,renaissance,8.5,17.8,1,8,1,3.2,15,0,0,3,11,0,0,2,1,0,8.2,0,1.05,0.09,2.94,2.68,14.96,true,1,3,true,68,64.6,false,true,false,remontee_spectaculaire,2,2,5,74,65,6,2,1,0,0,14584,6,19
lr:roleplayer:19,lr,lr,existing,roleplayer,ideologiquement_coherent,19,fun-audit-19,union,31,true,true,president,82,15.1,56,0.42,15.7,2,ps,11.29,16.1,1,7,4,2.4,18,0,1,3,8,0,0,1,0,0,0.78,0.53,2.14,0.35,0.7,0,4.5,false,0,1,true,57,72.20000000000002,false,false,false,victoire_confortable,4,3,2,79,65,8,1,4,1,0,15415,10,8
lr:opportunist:0,lr,lr,existing,opportunist,opportuniste_electoral,0,fun-audit-0,field_first,31,true,true,president,81,14.1,50,0.353,11.2,2,ps,9.8,15.8,1,7,9,0.4,18,1,0,1,7,0,0,1,0,0,9.12,0,6.06,0,0.07,0.8,16.05,false,0,1,true,66,72.90000000000002,false,false,false,victoire_serree,3,1,3,77,70,4,1,2,0,0,15203,4,12
lr:opportunist:1,lr,lr,existing,opportunist,opportuniste_electoral,1,fun-audit-1,presidential,25,false,false,honorable_campaign,44,10.3,,0.185,8.8,7,nouvelle_energie,8.2,12.4,2,8,2,0.5,8,1,0,2,6,1,1,2,0,0,0.25,0.35,1.05,0,1.75,2.41,5.81,true,1,2,false,,,false,false,false,elimination_precoce,4,1,5,62,55,4,1,2,0,0,12306,15,10
lr:opportunist:2,lr,lr,existing,opportunist,opportuniste_electoral,2,fun-audit-2,rupture,25,false,false,kingmaker,55,11.6,,0.227,9.7,6,ps,9.7,18.2,1,8,5,0.2,14,0,0,1,9,0,0,1,1,0,14.68,0.25,0,0.6,5.84,2.16,23.53,true,1,2,false,,,false,false,false,elimination_precoce,4,1,3,56,53,1,1,1,0,0,12477,20,21
lr:opportunist:3,lr,lr,existing,opportunist,opportuniste_electoral,3,fun-audit-3,digital,25,false,false,kingmaker,50,11.2,,0.219,11.7,5,rn,10.73,14.1,1,7,3,0.4,13,1,0,2,10,1,1,0,0,0,9.62,6.44,0,0.6,0.35,0,17.01,false,0,0,false,,,false,false,false,elimination_precoce,3,1,4,63,58,3,0,2,0,0,12229,6,4
lr:opportunist:4,lr,lr,existing,opportunist,opportuniste_electoral,4,fun-audit-4,union,25,false,false,kingmaker,56,12.4,,0.262,11.9,4,rn,11.39,16.2,1,6,6,2,10,1,0,3,6,0,1,2,2,0,5.3,0.98,0,0.6,11.64,0,18.52,true,1,4,false,,,false,false,false,elimination_precoce,3,1,5,65,57,5,1,2,0,0,12477,4,13
lr:opportunist:5,lr,lr,existing,opportunist,opportuniste_electoral,5,fun-audit-5,field_first,25,false,false,kingmaker,56,11.1,,0.224,11.8,5,rn,11.12,13.9,1,7,5,0.7,12,1,0,2,8,0,0,2,0,0,4.02,0.44,2.7,0,11.36,4.45,22.97,true,1,2,false,,,false,false,false,elimination_precoce,3,1,3,67,60,4,1,1,0,1,12480,11,19
lr:opportunist:6,lr,lr,existing,opportunist,opportuniste_electoral,6,fun-audit-6,presidential,31,true,true,president,83,16.4,55.6,0.44,13.8,2,rn,11,17.6,1,7,8,2.7,18,2,0,2,6,0,0,0,0,0,9.06,0.66,0,0.6,0.35,0,10.67,false,0,0,true,67,86.60000000000001,true,false,false,victoire_serree,2,1,3,68,67,0,0,1,0,0,15147,1,7
lr:opportunist:7,lr,lr,existing,opportunist,opportuniste_electoral,7,fun-audit-7,rupture,25,false,false,kingmaker,56,12.8,,0.307,13.1,3,ps,11.1,15.5,1,6,8,0.7,12,1,0,1,9,1,1,1,1,0,6.65,5.8,1.05,0,4.87,2.7,21.07,true,1,2,false,,,false,false,false,elimination_precoce,4,3,6,58,54,3,0,1,0,0,12604,24,13
lr:opportunist:8,lr,lr,existing,opportunist,opportuniste_electoral,8,fun-audit-8,digital,25,false,false,kingmaker,55,12.6,,0.271,7.5,4,horizons,7.5,15.8,1,8,6,0.2,12,1,0,2,6,1,1,2,2,0,9.4,0,1.05,0,0.35,3.2,14,false,0,3,false,,,false,false,false,elimination_precoce,3,1,5,58,50,5,0,3,0,0,12048,9,16
lr:opportunist:9,lr,lr,existing,opportunist,opportuniste_electoral,9,fun-audit-9,union,31,true,true,president,84,16.1,54.5,0.468,10,1,rn,8.9,15.4,1,8,5,4,18,1,1,2,6,0,0,2,1,0,3.65,0.44,0,0.6,1.05,0.8,6.54,false,0,4,true,66,87.00000000000001,false,false,false,victoire_serree,2,1,4,79,71,4,0,3,1,0,15585,19,22
lr:opportunist:10,lr,lr,existing,opportunist,opportuniste_electoral,10,fun-audit-10,field_first,25,false,false,kingmaker,59,12.3,,0.283,9.1,3,rn,9.1,19.2,1,8,3,0.7,12,0,0,2,5,0,0,1,1,0,0.63,0.98,0.35,1.47,0.35,1.53,5.31,false,0,2,false,,,false,false,false,elimination_precoce,5,1,2,64,58,4,1,1,0,0,12350,23,12
lr:opportunist:11,lr,lr,existing,opportunist,opportuniste_electoral,11,fun-audit-11,presidential,31,true,true,president,82,15.2,58.4,0.37,9.1,2,rn,8.9,14.84,1,8,7,0.6,17,2,0,3,7,0,0,2,2,0,12.84,0,0,0.6,0.77,1.51,15.72,false,0,3,true,69,86.1,false,false,false,victoire_confortable,1,1,3,69,64,4,0,1,0,0,15420,3,13
lr:opportunist:12,lr,lr,existing,opportunist,opportuniste_electoral,12,fun-audit-12,rupture,31,true,true,president,81,14.1,50.7,0.371,15.5,1,rn,9.7,15.5,1,8,8,0.8,16,1,0,5,6,0,0,2,2,0,10.9,0.66,0.35,0,7.11,0.8,19.82,false,0,5,true,75,86.9,false,false,false,victoire_serree,3,1,4,73,70,2,1,0,0,0,15524,5,8
lr:opportunist:13,lr,lr,existing,opportunist,opportuniste_electoral,13,fun-audit-13,digital,25,false,false,kingmaker,53,11.4,,0.239,15,5,rn,11.16,15.1,1,7,6,0.8,14,2,0,2,5,0,0,0,0,0,2.23,0,0.35,0,0.35,1.53,4.46,false,0,0,false,,,false,false,false,elimination_precoce,3,2,2,53,52,1,0,0,0,0,12711,17,4
lr:opportunist:14,lr,lr,existing,opportunist,opportuniste_electoral,14,fun-audit-14,union,25,false,false,honorable_campaign,53,10.5,,0.178,12.9,6,horizons,9.1,12.9,2,8,1,0.9,10,1,0,3,8,0,0,2,0,0,5.64,0,1.75,0,0.28,0.8,8.47,false,0,2,false,,,false,false,false,elimination_precoce,4,1,2,57,53,1,1,2,0,0,12408,21,22
lr:opportunist:15,lr,lr,existing,opportunist,opportuniste_electoral,15,fun-audit-15,field_first,31,true,true,president,80,12.8,56.6,0.28,8,2,lfi,8,17.7,1,8,1,0.1,17,1,0,2,6,0,0,3,2,0,8.17,1.38,0,0,0.35,0,9.9,false,0,5,true,67,60.99999999999999,false,false,false,victoire_confortable,3,1,4,79,73,4,1,1,0,0,15397,17,14
lr:opportunist:16,lr,lr,existing,opportunist,opportuniste_electoral,16,fun-audit-16,presidential,31,true,true,president,84,15.6,58,0.404,14.6,1,rn,11.43,18.4,1,6,4,2.1,16,1,0,2,7,0,0,0,0,0,12.7,0.95,0,0,0.35,0,14,false,0,0,true,71,87.4,false,false,false,victoire_confortable,1,1,2,76,68,4,2,2,0,0,16267,23,4
lr:opportunist:17,lr,lr,existing,opportunist,opportuniste_electoral,17,fun-audit-17,rupture,25,false,false,kingmaker,48,10.4,,0.166,10.6,5,rn,10.6,14.7,1,7,3,0.1,12,1,0,1,9,0,2,0,0,0,11.31,0.98,5.53,0.6,0,0,18.42,true,1,0,false,,,true,false,false,elimination_precoce,4,1,5,58,53,4,0,1,0,0,12416,6,19
lr:opportunist:18,lr,lr,existing,opportunist,opportuniste_electoral,18,fun-audit-18,digital,25,false,false,kingmaker,48,10.2,,0.164,8.5,5,nouvelle_energie,8.5,14.3,1,8,5,2.5,10,1,1,5,7,0,1,5,2,0,10.91,0,1.75,0,0.7,0.1,13.46,true,1,7,false,,,true,false,false,elimination_precoce,0,0,7,66,57,5,2,1,1,0,12600,3,11
lr:opportunist:19,lr,lr,existing,opportunist,opportuniste_electoral,19,fun-audit-19,union,25,false,false,kingmaker,63,14.7,,0.4,15.7,3,rn,9.5,15.7,1,8,4,0.7,14,2,1,1,6,0,0,0,0,0,0.63,0.56,0,0.6,6.41,0,8.2,false,0,0,false,,,false,false,false,elimination_precoce,3,1,3,55,46,5,2,1,1,0,12626,12,14
lr:chaos:0,lr,lr,existing,chaos,contrarien,0,fun-audit-0,field_first,29,true,false,runoff_defeat,74,14.4,49.6,0.385,11.2,2,ps,10.3,16,1,7,7,0.8,15,1,0,1,5,0,0,1,0,0,11.2,0,4.72,0,0.7,5.67,22.29,false,0,1,true,76,72.90000000000002,false,false,false,defaite_serree,2,1,3,70,63,4,1,2,0,0,14255,3,4
lr:chaos:1,lr,lr,existing,chaos,contrarien,1,fun-audit-1,presidential,25,false,false,secret_fragmentation,44,10.1,,0.176,8.8,7,nouvelle_energie,8.3,12.4,2,8,6,0.8,12,0,0,3,6,0,1,2,1,0,11.17,0,1.05,0.24,0,2.51,14.97,true,2,2,false,,,false,false,false,elimination_precoce,2,1,4,61,55,4,1,1,0,0,12350,23,19
lr:chaos:2,lr,lr,existing,chaos,contrarien,2,fun-audit-2,rupture,25,false,false,honorable_campaign,46,9,,0.122,9.7,8,ps,9.1,15.5,1,8,6,1.3,13,0,0,1,8,0,1,1,1,0,9.79,3.61,0,0.24,7.11,4.46,25.21,true,1,2,false,,,false,false,false,elimination_precoce,2,1,4,56,53,1,1,1,0,0,12360,18,21
lr:chaos:3,lr,lr,existing,chaos,contrarien,3,fun-audit-3,digital,25,false,false,kingmaker,48,11,,0.22,11.7,6,rn,11.21,15.2,1,7,4,2.3,10,1,0,2,7,0,1,1,0,0,10.79,1.07,0,0.6,6.48,0,18.94,true,1,1,false,,,false,false,false,elimination_precoce,3,2,4,60,56,3,0,1,0,0,12329,8,5
lr:chaos:4,lr,lr,existing,chaos,contrarien,4,fun-audit-4,union,25,false,false,kingmaker,57,12.4,,0.288,11.9,4,rn,11.24,16.5,1,7,2,2,12,0,0,3,6,0,0,2,2,0,7.26,4.48,0,0.6,11.92,0,24.26,true,1,4,false,,,false,false,false,elimination_precoce,3,1,3,65,57,5,1,2,0,0,12366,15,22
lr:chaos:5,lr,lr,existing,chaos,contrarien,5,fun-audit-5,field_first,25,false,false,honorable_campaign,47,9.8,,0.161,11.8,7,rn,11.09,13.6,1,7,6,0.6,10,0,0,1,6,1,0,1,0,0,10.51,2.91,1.05,0,7.11,4.45,26.03,true,1,1,false,,,false,false,false,elimination_precoce,3,1,3,67,60,4,1,1,0,1,12316,9,23
lr:chaos:6,lr,lr,existing,chaos,contrarien,6,fun-audit-6,presidential,31,true,true,president,80,16.4,55.7,0.421,13.8,2,rn,10.6,17.2,1,7,10,2.5,18,2,0,3,7,0,1,3,2,0,11.84,3.6,1.05,0.6,0,4.45,21.54,false,0,4,true,71,90.3,false,false,false,victoire_serree,2,1,4,77,70,4,2,1,0,0,15373,1,11
lr:chaos:7,lr,lr,existing,chaos,contrarien,7,fun-audit-7,rupture,25,false,false,secret_fragmentation,38,8.6,,0.102,13.1,8,ps,9.5,15.2,1,8,3,1.2,12,0,0,1,7,0,3,1,1,0,7.15,5.8,1.05,0,1.75,2.5,18.25,true,1,2,false,,,false,false,false,elimination_precoce,3,1,4,58,54,3,0,1,0,0,12251,21,24
lr:chaos:8,lr,lr,existing,chaos,contrarien,8,fun-audit-8,digital,25,false,false,narrow_elimination,50,11.7,,0.254,7.5,6,ps,7.5,14.1,1,8,2,0.4,10,0,0,2,7,1,1,2,2,0,15.75,0,1.05,0,0,4.45,21.25,true,1,3,false,,,false,false,false,elimination_precoce,2,1,5,58,50,5,0,3,0,0,12412,16,13
lr:chaos:9,lr,lr,existing,chaos,contrarien,9,fun-audit-9,union,25,false,false,honorable_campaign,50,11.3,,0.234,10,6,rn,9,15.1,1,8,4,0,10,1,0,1,5,1,0,1,1,0,5.15,1.67,0,0.6,0.35,2.7,10.47,false,0,3,false,,,false,false,false,elimination_precoce,2,1,4,63,58,3,0,2,0,0,12473,24,1
lr:chaos:10,lr,lr,existing,chaos,contrarien,10,fun-audit-10,field_first,25,false,false,honorable_campaign,45,10,,0.171,9.1,7,rn,9.1,18.5,1,8,6,0.6,10,0,0,3,5,1,0,1,1,0,1.4,4.48,0,1.47,1.05,2.7,11.1,false,0,2,false,,,false,false,true,effondrement,2,1,4,62,56,4,1,1,0,0,12394,23,14
lr:chaos:11,lr,lr,existing,chaos,contrarien,11,fun-audit-11,presidential,25,false,false,kingmaker,63,14.2,,0.376,9.1,3,rn,8.7,14.6,1,8,4,0.1,12,2,0,3,5,0,0,1,1,0,9.46,0.7,0,0.6,0,5.84,16.6,false,0,2,false,,,false,false,false,elimination_precoce,4,1,3,57,53,3,0,1,0,0,12402,3,13
lr:chaos:12,lr,lr,existing,chaos,contrarien,12,fun-audit-12,rupture,29,true,false,runoff_defeat,64,12.1,48.8,0.273,15.5,2,rn,9.5,15.5,1,8,12,0.9,12,1,0,0,5,0,1,1,0,0,7.71,5.7,0,0,0,4.3,17.71,false,0,1,true,89.10829308086672,88.50000000000001,false,false,false,defaite_serree,2,1,3,74,64,6,1,3,0,0,14327,3,7
lr:chaos:13,lr,lr,existing,chaos,contrarien,13,fun-audit-13,digital,29,true,false,runoff_defeat,65,13.5,49.6,0.341,15,2,rn,11.28,15.7,1,7,6,0.4,14,1,0,3,9,0,2,0,0,0,16.09,3.09,0,0,0.35,2.7,22.23,false,0,0,true,82.02960169778876,85.4,true,false,false,defaite_serree,2,2,5,67,65,2,0,0,0,0,14428,20,4
lr:chaos:14,lr,lr,existing,chaos,contrarien,14,fun-audit-14,union,25,false,false,honorable_campaign,41,9.1,,0.127,12.9,8,horizons,9.8,13.04,1,8,9,0.1,10,0,0,0,6,1,1,0,0,0,11.53,0,0,0,0.7,0.92,13.15,false,0,0,false,,,false,false,false,elimination_precoce,2,1,2,56,52,1,1,2,0,0,12284,4,24
lr:chaos:15,lr,lr,existing,chaos,contrarien,15,fun-audit-15,field_first,31,true,true,president,75,15.2,56.1,0.424,8,2,rn,8,15.3,1,8,9,1.1,21,2,0,1,8,1,2,1,1,0,8.31,2.91,0.35,1.74,0,3.04,16.35,false,0,3,true,83.13380461812899,85.4,false,false,false,victoire_confortable,0,0,6,73,67,3,1,2,0,0,15745,21,24
lr:chaos:16,lr,lr,existing,chaos,contrarien,16,fun-audit-16,presidential,31,true,true,president,83,16.7,55.9,0.498,14.6,1,ps,11.42,17.9,1,6,7,1.6,19,2,0,1,8,0,1,0,0,0,19.01,4.48,0,0,0.35,0,23.84,false,0,0,true,74,72.8,false,false,false,victoire_serree,1,1,3,75,69,4,1,1,0,0,15726,15,13
lr:chaos:17,lr,lr,existing,chaos,contrarien,17,fun-audit-17,rupture,25,false,false,divided_party,39,8,,0.073,10.6,9,rn,8.5,12.8,2,8,8,0.3,10,0,0,1,7,0,2,0,0,0,9.99,4.48,2.5,0.24,1.05,0,18.26,true,1,0,false,,,false,false,false,elimination_precoce,2,1,3,59,53,4,0,2,0,0,12363,20,17
lr:chaos:18,lr,lr,existing,chaos,contrarien,18,fun-audit-18,digital,25,false,false,secret_fragmentation,54,12.6,,0.298,8.5,3,renaissance,8.5,14.3,1,8,6,1.5,13,0,0,3,8,1,1,3,3,0,11.75,0,0,0.24,7.11,3.04,22.14,true,1,5,false,,,false,false,false,elimination_precoce,1,1,5,63,55,4,2,2,0,0,12604,16,10
lr:chaos:19,lr,lr,existing,chaos,contrarien,19,fun-audit-19,union,25,false,false,kingmaker,45,10.1,,0.176,15.7,5,lfi,8.8,15.7,1,8,3,0,11,0,1,1,6,1,0,0,0,0,6.53,3.6,4.72,0.24,1.75,0,16.84,false,0,0,false,,,false,false,false,elimination_precoce,4,1,3,59,51,5,0,2,1,0,12336,4,8
lr:cautious:0,lr,lr,existing,cautious,prudent,0,fun-audit-0,field_first,31,true,true,president,78,12.9,53.5,0.312,11.2,2,rn,11.2,15.3,1,7,3,0.7,18,0,0,2,4,0,0,1,1,0,6.78,0,0.35,0,0,0.8,7.93,false,0,2,true,63,87.19999999999999,false,false,false,victoire_serree,4,2,3,71,64,5,0,2,0,0,15512,13,
lr:cautious:1,lr,lr,existing,cautious,prudent,1,fun-audit-1,presidential,31,true,true,president,77,13.2,51.6,0.327,8.8,1,lfi,8.7,17.1,1,8,5,1.1,16,1,0,2,7,0,1,1,1,0,7.63,4.2,0.35,0,0,3.04,15.22,true,1,2,true,66,60.599999999999994,false,false,false,victoire_serree,5,1,6,80,67,5,2,6,0,0,15558,1,8
lr:cautious:2,lr,lr,existing,cautious,prudent,2,fun-audit-2,rupture,25,false,false,kingmaker,59,12.3,,0.258,9.7,3,ps,9.7,19.1,1,8,5,1.6,13,0,0,2,9,0,0,1,0,0,8.29,2.91,0,0.09,1.26,2.7,15.25,true,1,1,false,,,false,false,false,elimination_precoce,4,1,2,56,53,1,1,1,0,0,12180,16,17
lr:cautious:3,lr,lr,existing,cautious,prudent,3,fun-audit-3,digital,29,true,false,runoff_defeat,76,15.7,49.1,0.449,11.7,1,nouvelle_energie,11.21,18,1,7,1,2.5,15,0,1,2,8,0,0,0,0,0,6.15,4.5,0,0.76,0.35,0,11.76,false,0,0,true,62,28.599999999999998,false,false,false,defaite_serree,2,1,3,72,65,4,1,1,1,0,14275,2,20
lr:cautious:4,lr,lr,existing,cautious,prudent,4,fun-audit-4,union,31,true,true,president,83,15,52.2,0.378,11.9,2,rn,11.39,17.7,1,6,1,0,19,1,0,1,8,0,0,2,0,0,7.11,0.98,1.57,1.47,0.5,0,11.63,true,1,2,true,60,86.20000000000002,false,false,false,victoire_serree,3,1,4,77,69,5,1,2,0,0,15631,13,
lr:cautious:5,lr,lr,existing,cautious,prudent,5,fun-audit-5,field_first,25,false,false,honorable_campaign,49,10.7,,0.205,11.8,6,rn,11.43,14.6,1,5,3,0.2,10,0,0,4,4,1,0,2,1,0,3.68,0.66,1.05,0,0,1.5,6.89,false,0,3,false,,,false,false,false,elimination_precoce,3,1,3,66,60,3,0,2,0,1,12207,9,10
lr:cautious:6,lr,lr,existing,cautious,prudent,6,fun-audit-6,presidential,25,false,false,narrow_elimination,55,11.3,,0.234,13.8,6,renaissance,11.4,16.9,1,4,6,0.2,11,0,0,2,9,0,0,0,0,0,6.02,0.66,0.35,0.77,0.22,0.8,8.82,false,0,0,false,,,false,false,false,elimination_precoce,2,1,1,59,54,1,2,2,0,0,12484,21,24
lr:cautious:7,lr,lr,existing,cautious,prudent,7,fun-audit-7,rupture,25,false,false,kingmaker,56,12.9,,0.312,13.1,3,ps,11.76,15.6,1,4,8,0.5,11,0,0,1,9,0,1,1,1,0,5.57,1.39,1.05,0.07,5.53,5.46,19.07,true,1,2,false,,,false,false,false,elimination_precoce,4,3,4,58,54,3,0,1,0,0,12500,6,12
lr:cautious:8,lr,lr,existing,cautious,prudent,8,fun-audit-8,digital,29,true,false,runoff_defeat,72,13.9,49.5,0.329,7.5,1,ps,7.5,17.2,1,8,5,0.7,15,0,0,2,10,0,1,2,1,0,11.18,0,1.05,0,0.91,3.07,16.21,false,0,2,true,66,70.60000000000001,false,false,false,defaite_serree,3,1,4,66,57,5,0,4,0,0,14381,20,24
lr:cautious:9,lr,lr,existing,cautious,prudent,9,fun-audit-9,union,25,false,false,kingmaker,58,12.6,,0.298,10,4,rn,9.2,16,1,8,3,0.7,13,1,0,3,7,0,0,1,1,0,3.75,3.28,1.57,1.39,0,2.7,12.69,false,0,3,false,,,false,false,false,elimination_precoce,2,1,3,62,57,3,0,2,0,0,12595,6,17
lr:cautious:10,lr,lr,existing,cautious,prudent,10,fun-audit-10,field_first,31,true,true,president,80,13.4,51.4,0.337,9.1,2,rn,9.1,20.4,1,8,3,0.4,18,0,0,4,6,0,0,1,1,0,2.43,0.98,0,0.92,0.35,2.7,7.38,false,0,2,true,60,88.29999999999998,false,false,false,victoire_serree,4,1,3,80,72,4,2,2,0,0,15209,12,3
lr:cautious:11,lr,lr,existing,cautious,prudent,11,fun-audit-11,presidential,25,false,false,kingmaker,50,10.7,,0.187,9.1,5,ps,9.1,14.4,1,8,3,1.4,12,0,0,3,5,0,0,1,1,0,5.83,0.8,0,0.77,0,0,7.4,false,0,2,false,,,false,false,false,elimination_precoce,2,1,2,60,55,3,1,1,0,0,12254,13,12
lr:cautious:12,lr,lr,existing,cautious,prudent,12,fun-audit-12,rupture,29,true,false,runoff_defeat,78,15,47.2,0.415,15.5,1,horizons,10.6,16.2,1,7,4,2.1,16,0,0,3,9,0,0,1,1,0,9.05,0.66,0.35,1.05,0.94,0.8,12.85,false,0,3,true,66,47.7,false,false,false,defaite_serree,2,1,3,74,67,4,1,2,0,0,14556,15,9
lr:cautious:13,lr,lr,existing,cautious,prudent,13,fun-audit-13,digital,31,true,true,president,83,15.4,58,0.434,15,1,rn,11.28,18,1,7,4,2.3,18,0,0,1,9,0,0,0,0,0,7.89,3.9,0,0,0,2.7,14.49,false,0,0,true,57,85.4,false,false,false,victoire_confortable,2,2,1,74,72,2,0,0,0,0,15687,21,2
lr:cautious:14,lr,lr,existing,cautious,prudent,14,fun-audit-14,union,25,false,false,kingmaker,54,11.7,,0.231,12.9,4,horizons,10.8,13.98,1,7,6,0.3,12,1,0,1,7,1,0,2,0,0,5.77,0,0.35,0,0,1.62,7.74,false,0,2,false,,,false,false,false,elimination_precoce,4,1,3,57,53,1,1,2,0,0,12497,2,19
lr:cautious:15,lr,lr,existing,cautious,prudent,15,fun-audit-15,field_first,31,true,true,president,79,13.1,55.6,0.293,8,2,lfi,8,17.8,1,8,1,0.4,18,0,0,2,7,0,0,1,0,0,6.13,0.66,1.57,0.7,0.35,2.7,12.11,false,0,1,true,63,60.99999999999999,false,false,false,victoire_serree,3,1,2,80,73,4,1,2,0,0,15345,2,11
lr:cautious:16,lr,lr,existing,cautious,prudent,16,fun-audit-16,presidential,31,true,true,president,86,16.7,59.3,0.453,14.6,1,rn,11.43,19.4,1,6,4,3.4,19,0,0,3,9,0,0,1,1,0,9.51,2.91,0,0.77,1.26,0,14.45,false,0,3,true,58,87.4,false,false,false,victoire_confortable,3,2,2,76,68,4,2,2,0,0,16179,15,18
lr:cautious:17,lr,lr,existing,cautious,prudent,17,fun-audit-17,rupture,25,false,false,kingmaker,60,13.2,,0.298,10.6,4,rn,10.6,16.9,1,7,1,0.5,13,0,0,1,8,0,0,0,0,0,7.97,0.98,3.17,0.7,0.35,0,13.17,true,1,0,false,,,false,false,false,elimination_precoce,7,3,2,58,53,4,0,1,0,0,12423,12,23
lr:cautious:18,lr,lr,existing,cautious,prudent,18,fun-audit-18,digital,29,true,false,runoff_defeat,77,16.2,48.9,0.431,8.5,1,renaissance,8.5,17.7,1,8,1,2.7,16,0,0,1,9,0,0,1,0,0,4.21,4.06,0,0.77,1.26,4.27,14.57,false,0,1,true,57,64.6,false,false,false,defaite_serree,1,1,2,73,65,6,1,1,0,0,14623,6,17
lr:cautious:19,lr,lr,existing,cautious,prudent,19,fun-audit-19,union,31,true,true,president,81,14.8,55.6,0.405,15.7,2,ps,11,16.3,1,7,4,2.1,18,0,1,3,5,0,0,1,0,0,3.06,4.2,1.57,0.7,0.35,0,9.88,false,0,1,true,58,72.20000000000002,false,false,false,victoire_serree,5,3,2,79,66,8,1,3,1,0,15393,23,8
lr:narrative:0,lr,lr,existing,narrative,mediatique,0,fun-audit-0,field_first,25,false,false,kingmaker,55,12.1,,0.273,11.2,3,rn,11.06,14,1,7,8,2.8,12,0,0,2,5,0,1,1,1,0,8.47,0,2.69,0,0,0.8,11.96,false,0,1,false,,,false,false,false,elimination_precoce,2,1,3,59,54,4,0,1,0,0,12394,3,20
lr:narrative:1,lr,lr,existing,narrative,mediatique,1,fun-audit-1,presidential,25,false,false,kingmaker,50,12.4,,0.288,8.8,5,ps,8.3,12.4,2,8,8,0.8,12,1,0,2,8,0,1,2,0,0,5.9,0.53,0.98,0,1.05,2.16,10.62,true,1,2,false,,,false,false,false,elimination_precoce,4,1,4,61,54,4,1,2,0,0,12589,18,20
lr:narrative:2,lr,lr,existing,narrative,mediatique,2,fun-audit-2,rupture,25,false,false,kingmaker,60,12.2,,0.253,9.7,3,ps,9.7,17.8,1,8,5,1.7,14,0,0,1,10,0,0,1,0,0,17.2,0.25,0,0.59,5.84,2.16,26.04,true,1,1,false,,,false,false,false,elimination_precoce,5,1,2,56,53,1,1,1,0,0,12462,20,
lr:narrative:3,lr,lr,existing,narrative,mediatique,3,fun-audit-3,digital,25,false,false,kingmaker,51,12.3,,0.283,11.7,6,rn,10.49,13.9,1,8,6,0.8,13,1,0,3,8,0,1,1,0,0,7.13,1.63,0,0.77,6.16,0,15.69,true,1,1,false,,,false,false,false,elimination_precoce,1,1,4,60,56,3,0,1,0,0,12483,8,5
lr:narrative:4,lr,lr,existing,narrative,mediatique,4,fun-audit-4,union,25,false,false,kingmaker,58,13.3,,0.302,11.9,4,rn,11.23,16.3,1,7,9,1.1,13,0,0,3,9,0,1,3,1,0,6.5,2.2,0,0.77,11.95,0,21.42,true,1,4,false,,,false,false,false,elimination_precoce,2,1,4,65,57,5,1,2,0,0,12559,13,22
lr:narrative:5,lr,lr,existing,narrative,mediatique,5,fun-audit-5,field_first,25,false,false,kingmaker,59,11.9,,0.24,11.8,4,rn,11.41,14.9,1,6,3,0.7,12,0,0,1,7,0,0,0,0,0,8.58,0.44,0.8,0,6.48,1.33,17.63,true,1,0,false,,,false,false,false,elimination_precoce,4,1,2,66,59,4,1,1,0,1,12322,11,
lr:narrative:6,lr,lr,existing,narrative,mediatique,6,fun-audit-6,presidential,25,false,false,kingmaker,59,12.1,,0.273,13.8,3,renaissance,11.5,17.5,1,4,4,0.2,13,0,0,2,9,0,0,3,2,0,16.92,0.66,1.05,0.77,0.07,1.33,20.8,false,0,4,false,,,false,false,false,elimination_precoce,2,1,2,58,53,1,2,2,0,0,12336,13,5
lr:narrative:7,lr,lr,existing,narrative,mediatique,7,fun-audit-7,rupture,29,true,false,runoff_defeat,72,14,49.7,0.366,13.1,1,ps,11.63,15.73,1,4,6,0.7,14,1,0,0,9,0,1,0,0,0,6.51,5.8,0.8,0.59,1.4,3.94,19.04,true,1,0,true,84.14527289638391,71.20000000000002,false,false,false,defaite_serree,3,2,4,68,61,4,0,3,0,0,14561,12,22
lr:narrative:8,lr,lr,existing,narrative,mediatique,8,fun-audit-8,digital,31,true,true,president,78,13.7,50.4,0.32,7.5,1,horizons,7.5,15.1,1,8,3,0.4,20,1,0,2,8,0,0,1,0,0,17.05,0.07,0.32,0,0,1.33,18.77,false,0,1,true,77,47.5,false,false,false,victoire_serree,3,1,4,72,64,6,0,2,0,0,15435,20,17
lr:narrative:9,lr,lr,existing,narrative,mediatique,9,fun-audit-9,union,31,true,true,president,84,16.8,53.7,0.502,10,1,rn,8.9,15.7,1,8,5,4.8,17,1,1,4,7,0,0,1,1,0,3.02,0.44,1.05,0.77,1.05,2.05,8.38,false,0,3,true,70,87.00000000000001,false,false,false,victoire_serree,2,1,5,78,71,4,0,2,1,0,15627,19,24
lr:narrative:10,lr,lr,existing,narrative,mediatique,10,fun-audit-10,field_first,25,false,false,kingmaker,52,11.4,,0.239,9.1,5,rn,9.1,18.4,1,8,7,0.6,11,0,0,4,5,0,0,1,1,0,5.04,2.17,0.63,1.47,0.7,0.8,10.81,false,0,2,false,,,false,false,false,elimination_precoce,4,1,2,62,56,4,1,1,0,0,12306,22,11
lr:narrative:11,lr,lr,existing,narrative,mediatique,11,fun-audit-11,presidential,25,false,false,kingmaker,49,10.2,,0.164,9.1,5,ps,8.8,17.9,1,8,1,0.3,11,0,0,4,4,0,0,1,1,0,7.1,5.7,0,0.77,0,0,13.57,false,0,2,false,,,false,false,true,effondrement,1,1,3,59,55,4,0,0,0,0,12279,13,11
lr:narrative:12,lr,lr,existing,narrative,mediatique,12,fun-audit-12,rupture,29,true,false,runoff_defeat,69,13.7,44.9,0.351,15.5,1,horizons,9.9,15.5,1,8,8,0.6,14,1,0,7,6,0,1,2,2,0,9.25,6.3,0.95,0,0,0.8,17.3,false,0,5,true,81.12078819324684,47.7,true,false,false,defaite_lourde,3,1,5,72,65,4,1,2,0,0,14501,10,8
lr:narrative:13,lr,lr,existing,narrative,mediatique,13,fun-audit-13,digital,25,false,false,kingmaker,63,13.8,,0.356,15,3,rn,11.16,15.86,1,7,6,0.4,13,1,0,1,8,0,0,0,0,0,15.12,0,0.63,0.59,0.7,2.23,19.27,false,0,0,false,,,true,false,false,elimination_precoce,3,3,3,54,53,1,0,0,0,0,12536,16,4
lr:narrative:14,lr,lr,existing,narrative,mediatique,14,fun-audit-14,union,25,false,false,honorable_campaign,50,10.4,,0.173,12.9,7,horizons,9.7,13.07,1,8,11,0.2,11,0,0,3,8,0,1,2,0,0,8.65,0,1.75,0,1.82,0.8,13.02,false,0,2,false,,,false,false,false,elimination_precoce,4,1,2,57,53,1,1,2,0,0,12480,21,22
lr:narrative:15,lr,lr,existing,narrative,mediatique,15,fun-audit-15,field_first,31,true,true,president,77,13.1,55.4,0.293,8,2,lfi,8,17.7,1,8,1,0.5,17,1,0,4,6,0,0,3,2,0,12.09,1.77,0,0,1.4,0,15.26,false,0,5,true,75,60.99999999999999,true,false,false,victoire_serree,2,1,5,78,73,4,1,0,0,0,15352,23,9
lr:narrative:16,lr,lr,existing,narrative,mediatique,16,fun-audit-16,presidential,31,true,true,president,87,16.3,58.2,0.436,14.6,1,rn,11.43,19.2,1,6,4,2.9,21,1,0,2,8,0,0,0,0,0,22.14,0.07,0,0,0,0,22.21,false,0,0,true,71,87.4,false,false,false,victoire_confortable,1,1,2,76,68,4,2,2,0,0,16275,23,4
lr:narrative:17,lr,lr,existing,narrative,mediatique,17,fun-audit-17,rupture,25,false,false,honorable_campaign,43,9,,0.111,10.6,8,rn,9.2,13.1,2,8,6,0.1,9,0,0,1,7,0,2,0,0,0,8.73,2.17,0.77,0.59,1.05,0,13.31,true,1,0,false,,,true,false,false,elimination_precoce,4,1,4,58,53,4,0,1,0,0,12412,6,23
lr:narrative:18,lr,lr,existing,narrative,mediatique,18,fun-audit-18,digital,25,false,false,kingmaker,49,10.9,,0.196,8.5,5,nouvelle_energie,8.5,14,1,8,7,2,11,0,1,3,7,0,0,4,2,0,17.91,0.25,0,0,1.4,1.51,21.07,true,1,5,false,,,false,false,false,elimination_precoce,0,0,4,63,54,6,1,1,1,0,12571,11,13
lr:narrative:19,lr,lr,existing,narrative,mediatique,19,fun-audit-19,union,31,true,true,president,75,13.5,53.4,0.341,15.7,2,ps,10,15.7,1,8,8,0.6,19,1,1,4,4,0,0,1,0,0,6.37,0.66,4.77,0,0,0,11.8,false,0,1,true,74,72.20000000000002,false,false,false,victoire_serree,4,1,4,77,65,8,1,2,1,0,15444,22,20
lr:beginner:0,lr,lr,existing,beginner,debutant_heuristic,0,fun-audit-0,field_first,31,true,true,president,84,14.7,55.8,0.381,11.2,2,rn,11.2,16.5,1,7,3,2.7,20,1,0,4,6,0,0,1,1,0,10.94,0,0,0.42,0,2.87,14.23,false,0,2,true,57,87.19999999999999,true,false,false,victoire_serree,5,2,4,71,64,5,0,2,0,0,15457,13,21
lr:beginner:1,lr,lr,existing,beginner,debutant_heuristic,1,fun-audit-1,presidential,31,true,true,president,77,13.5,52.1,0.341,8.8,1,lfi,8.4,17.2,1,8,3,1.4,16,2,0,2,6,1,0,2,1,0,5.15,1.16,1.05,0,0.35,9.76,17.47,true,1,3,true,60,61.39999999999999,false,false,false,victoire_serree,3,1,6,80,68,5,2,5,0,0,15170,11,10
lr:beginner:2,lr,lr,existing,beginner,debutant_heuristic,2,fun-audit-2,rupture,31,true,true,president,84,13.9,53.9,0.361,9.7,2,ps,9.7,20.1,1,8,3,0.3,20,1,1,1,11,0,0,1,0,0,16.08,0.8,1.4,0,2.57,2.57,23.42,true,1,1,true,60,71.5,false,false,false,victoire_serree,4,1,5,74,66,3,1,3,1,0,15418,18,28
lr:beginner:3,lr,lr,existing,beginner,debutant_heuristic,3,fun-audit-3,digital,25,false,false,kingmaker,61,13.1,,0.307,11.7,4,rn,11.26,16,1,7,1,0.2,13,1,0,2,10,0,0,0,0,0,11.91,2.24,0,0.6,0.35,0,15.1,false,0,0,false,,,false,false,false,elimination_precoce,3,1,2,63,58,3,0,2,0,0,12241,8,21
lr:beginner:4,lr,lr,existing,beginner,debutant_heuristic,4,fun-audit-4,union,31,true,true,president,87,15.9,59,0.459,11.9,1,rn,11.39,18.1,1,6,1,1,18,1,0,1,10,0,0,1,0,0,11.43,0.98,0,0.96,2.82,0.77,16.96,true,1,1,true,52,86.20000000000002,false,false,false,victoire_confortable,2,2,3,78,69,5,1,3,0,0,15386,6,28
lr:beginner:5,lr,lr,existing,beginner,debutant_heuristic,5,fun-audit-5,field_first,25,false,false,kingmaker,63,12.5,,0.293,11.8,4,rn,11.41,15.4,1,6,3,0,13,1,0,1,8,0,0,1,0,0,13.04,1.39,2.7,0,3.99,4.45,25.57,true,1,1,false,,,false,false,false,elimination_precoce,7,2,3,67,60,4,1,1,0,1,12347,11,7
lr:beginner:6,lr,lr,existing,beginner,debutant_heuristic,6,fun-audit-6,presidential,31,true,true,president,81,12.8,52.7,0.293,13.8,2,renaissance,11.4,18.1,1,4,2,0.6,18,0,0,4,11,0,0,2,1,0,15.8,0.66,1.93,1.29,1.57,0.1,21.35,false,0,3,true,63,61.8,false,false,false,victoire_serree,2,1,3,72,68,2,2,0,0,0,15563,13,
lr:beginner:7,lr,lr,existing,beginner,debutant_heuristic,7,fun-audit-7,rupture,31,true,true,president,78,13.6,54.5,0.346,13.1,2,ps,11.76,15.3,1,4,2,0.3,17,1,0,0,11,0,1,1,0,0,11.13,2.72,1.05,0.42,0.7,8.76,24.78,false,0,1,true,69,71.40000000000002,false,false,false,victoire_serree,4,1,2,74,68,4,0,2,0,0,15480,6,28
lr:beginner:8,lr,lr,existing,beginner,debutant_heuristic,8,fun-audit-8,digital,31,true,true,president,86,15.4,53.2,0.434,7.5,1,horizons,7.5,17,1,8,5,2.4,20,1,0,2,10,0,0,2,1,0,9.99,0.07,1.05,0,0.19,4.45,15.75,false,0,2,true,54,47.5,false,false,false,victoire_serree,2,1,5,72,64,6,0,2,0,0,15207,20,25
lr:beginner:9,lr,lr,existing,beginner,debutant_heuristic,9,fun-audit-9,union,31,true,true,president,81,13.6,59,0.346,10,2,rn,9.4,16.2,1,8,5,0.1,17,1,0,3,9,0,0,1,1,0,4.45,1.39,1.57,2.3,0.35,2.7,12.76,false,0,3,true,55,87.00000000000001,false,false,false,victoire_confortable,2,1,3,79,71,4,0,4,0,0,15612,16,18
lr:beginner:10,lr,lr,existing,beginner,debutant_heuristic,10,fun-audit-10,field_first,31,true,true,president,82,14.1,51.9,0.371,9.1,2,rn,9.1,20.9,1,8,5,1.2,17,0,0,4,5,0,0,1,1,0,0,0.98,0,1.45,0.35,2.87,5.65,false,0,2,true,63,88.29999999999998,false,false,false,victoire_serree,4,1,3,80,72,4,2,2,0,0,15362,12,
lr:beginner:11,lr,lr,existing,beginner,debutant_heuristic,11,fun-audit-11,presidential,25,false,false,kingmaker,60,12.8,,0.307,9.1,3,ps,9,14.95,1,8,3,0.2,12,0,0,4,6,0,0,1,1,0,6.97,1.99,0,0.96,0,0,9.92,false,0,2,false,,,false,false,false,elimination_precoce,2,1,2,60,55,3,1,1,0,0,12365,7,19
lr:beginner:12,lr,lr,existing,beginner,debutant_heuristic,12,fun-audit-12,rupture,29,true,false,runoff_defeat,79,15.9,48,0.437,15.5,1,horizons,10.4,17.1,1,7,4,3.1,17,1,0,7,7,0,0,2,2,0,11.33,0.66,1.23,0,0,2.87,16.09,false,0,5,true,67,47.7,false,false,false,defaite_serree,3,1,4,72,65,4,1,2,0,0,14522,10,17
lr:beginner:13,lr,lr,existing,beginner,debutant_heuristic,13,fun-audit-13,digital,31,true,true,president,85,15.6,58.7,0.444,15,1,rn,11.28,18.3,1,7,4,2.8,18,1,0,2,10,0,0,0,0,0,14.25,0.78,0,0,1.61,2.7,19.34,false,0,0,true,59,85.4,false,false,false,victoire_confortable,3,2,2,75,73,2,0,0,0,0,15417,21,
lr:beginner:14,lr,lr,existing,beginner,debutant_heuristic,14,fun-audit-14,union,25,false,false,kingmaker,59,12.1,,0.249,12.9,3,horizons,10.3,14.19,1,7,6,1.4,11,0,0,3,9,0,0,2,0,0,10.09,0,1.75,0,5.01,0.77,17.62,false,0,2,false,,,false,false,false,elimination_precoce,5,1,1,57,53,1,1,2,0,0,12293,4,
lr:beginner:15,lr,lr,existing,beginner,debutant_heuristic,15,fun-audit-15,field_first,31,true,true,president,81,13.1,57.3,0.322,8,2,lfi,8,17.7,1,8,1,0.5,18,0,0,2,8,0,0,3,2,0,9.92,2.23,0,0.42,0,0,12.57,false,0,5,true,56,60.99999999999999,false,false,false,victoire_confortable,2,1,3,79,73,4,1,1,0,0,15432,17,10
lr:beginner:16,lr,lr,existing,beginner,debutant_heuristic,16,fun-audit-16,presidential,31,true,true,president,87,16.6,59.2,0.449,14.6,1,rn,11.43,18.9,1,6,2,3.3,18,1,0,1,9,0,0,0,0,0,7.22,1.51,0,0.97,1.61,5.84,17.15,false,0,0,true,57,87.4,false,false,false,victoire_confortable,3,2,2,76,68,4,2,2,0,0,16074,8,18
lr:beginner:17,lr,lr,existing,beginner,debutant_heuristic,17,fun-audit-17,rupture,25,false,false,kingmaker,65,14,,0.319,10.6,3,rn,10.6,17,1,7,1,0,12,1,0,1,9,0,0,0,0,0,10.95,0.98,3.17,1.22,0.35,0,16.67,true,1,0,false,,,false,false,false,elimination_precoce,7,3,3,58,53,4,0,1,0,0,12466,12,23
lr:beginner:18,lr,lr,existing,beginner,debutant_heuristic,18,fun-audit-18,digital,31,true,true,president,81,14.1,52.3,0.371,8.5,2,nouvelle_energie,8.5,17.42,1,8,1,1.3,19,2,1,4,9,0,0,4,3,0,15.97,0.07,0,0,1.57,0.1,17.71,true,1,6,true,57,28,false,false,false,victoire_serree,1,1,6,78,69,6,1,1,1,0,15769,11,23
lr:beginner:19,lr,lr,existing,beginner,debutant_heuristic,19,fun-audit-19,union,31,true,true,president,81,14.1,55.9,0.371,15.7,2,ps,10.6,15.7,1,7,6,1.3,16,1,1,2,5,0,0,1,0,0,0.63,0.53,0,0.59,4.66,0,6.41,false,0,1,true,50,72.20000000000002,false,false,false,victoire_serree,5,2,3,78,65,8,1,3,1,0,15434,23,8
lr:neutral_baseline:0,lr,lr,existing,neutral_baseline,aleatoire,0,fun-audit-0,field_first,25,false,false,kingmaker,58,12.7,,0.302,11.2,3,rn,11.2,16,1,7,5,2.5,13,0,0,2,6,0,0,1,0,0,9.77,0,0.35,1.15,0,0.8,12.07,false,0,1,false,,,false,false,false,elimination_precoce,4,2,1,59,54,4,0,1,0,0,12355,22,4
lr:neutral_baseline:1,lr,lr,existing,neutral_baseline,aleatoire,1,fun-audit-1,presidential,29,true,false,runoff_defeat,67,12.3,48.7,0.283,8.8,1,rn,8.5,16.1,1,8,11,0.1,14,1,0,2,7,0,1,2,1,0,5.51,1.37,1.05,0.6,0.35,4.56,13.44,true,1,4,true,73,86.60000000000001,false,false,false,defaite_serree,4,1,6,70,63,4,1,2,0,0,14344,10,8
lr:neutral_baseline:2,lr,lr,existing,neutral_baseline,aleatoire,2,fun-audit-2,rupture,25,false,false,kingmaker,60,12.4,,0.262,9.7,3,ps,9.7,18.7,1,8,5,1.4,13,0,0,2,12,0,0,1,0,0,11.21,0.25,0,0.17,2.94,0.8,15.37,true,1,1,false,,,false,false,false,elimination_precoce,3,1,2,56,53,1,1,1,0,0,12215,11,17
lr:neutral_baseline:3,lr,lr,existing,neutral_baseline,aleatoire,3,fun-audit-3,digital,25,false,false,kingmaker,53,11.7,,0.254,11.7,4,rn,11.21,15.5,1,7,1,1.8,12,0,0,2,9,1,0,0,0,0,9.04,8.7,0,0.77,0,0,18.51,false,0,0,false,,,false,false,false,elimination_precoce,3,1,2,63,58,3,0,2,0,0,12255,2,5
lr:neutral_baseline:4,lr,lr,existing,neutral_baseline,aleatoire,4,fun-audit-4,union,25,false,false,kingmaker,62,13.6,,0.346,11.9,4,rn,11.23,16,1,7,9,0.7,14,1,0,2,10,0,0,3,1,0,4.31,2.02,0,1.25,12.65,0,20.23,true,1,4,false,,,false,false,false,elimination_precoce,3,1,4,65,57,5,1,2,0,0,12543,21,8
lr:neutral_baseline:5,lr,lr,existing,neutral_baseline,aleatoire,5,fun-audit-5,field_first,25,false,false,kingmaker,61,12,,0.268,11.8,4,rn,11.43,15,1,5,3,0.6,12,1,0,1,6,0,0,1,0,0,8.47,0.25,1.75,0,6.16,1.3,17.93,true,1,1,false,,,false,false,false,elimination_precoce,4,1,3,67,60,4,1,1,0,1,12237,12,19
lr:neutral_baseline:6,lr,lr,existing,neutral_baseline,aleatoire,6,fun-audit-6,presidential,25,false,false,kingmaker,52,10.5,,0.195,13.8,7,renaissance,11.2,16.5,1,5,8,0.6,12,1,0,1,10,0,0,0,0,0,7.64,2.17,1.93,1.76,0.35,0,13.85,false,0,0,false,,,false,false,false,elimination_precoce,3,1,2,59,54,1,2,2,0,0,12336,14,5
lr:neutral_baseline:7,lr,lr,existing,neutral_baseline,aleatoire,7,fun-audit-7,rupture,29,true,false,runoff_defeat,75,15.6,48.5,0.387,13.1,1,nouvelle_energie,11.3,15.7,1,5,12,2.1,15,1,0,0,7,0,1,1,0,0,1.34,4.89,1.05,0.42,1.4,4.45,13.55,false,0,1,true,72,29.599999999999998,false,false,false,defaite_serree,3,1,3,65,59,5,1,0,0,0,14457,18,15
lr:neutral_baseline:8,lr,lr,existing,neutral_baseline,aleatoire,8,fun-audit-8,digital,29,true,false,runoff_defeat,74,14.9,48.2,0.373,7.5,1,horizons,7.5,16.9,1,8,3,1.8,16,0,0,2,7,0,0,1,1,0,15.71,0,0,0,0.7,1.94,18.35,false,0,2,true,62,47.5,false,false,false,defaite_serree,3,1,3,65,56,5,0,4,0,0,14080,3,20
lr:neutral_baseline:9,lr,lr,existing,neutral_baseline,aleatoire,9,fun-audit-9,union,25,false,false,kingmaker,57,13,,0.317,10,4,rn,9.1,16.1,1,8,3,0.3,13,0,0,4,8,0,0,1,1,0,4.45,0.8,1.57,1.95,0.35,0.8,9.92,false,0,3,false,,,false,false,false,elimination_precoce,4,2,2,62,57,3,0,2,0,0,12577,16,18
lr:neutral_baseline:10,lr,lr,existing,neutral_baseline,aleatoire,10,fun-audit-10,field_first,25,false,false,honorable_campaign,46,9.8,,0.161,9.1,7,rn,9.1,19.1,1,8,4,0.8,11,0,0,3,8,1,1,1,1,0,1.22,0.98,1.93,2.55,1.05,0.77,8.5,false,0,2,false,,,false,false,true,effondrement,3,1,5,62,56,4,1,1,0,0,12334,23,22
lr:neutral_baseline:11,lr,lr,existing,neutral_baseline,aleatoire,11,fun-audit-11,presidential,31,true,true,president,80,16.2,50.3,0.38,9.1,1,ps,8.5,16.8,1,8,9,2.6,16,1,1,5,7,1,0,2,1,0,5.62,0.8,0,0.77,0,0,7.19,false,0,4,true,75,73.4,false,false,false,victoire_serree,2,1,6,76,67,5,1,2,1,0,15474,13,31
lr:neutral_baseline:12,lr,lr,existing,neutral_baseline,aleatoire,12,fun-audit-12,rupture,25,false,false,kingmaker,52,12.9,,0.298,15.5,4,horizons,9.6,15.5,1,8,8,0.1,12,0,0,0,7,0,1,1,0,0,5.32,1.99,0.63,0,1.05,4.3,13.29,false,0,1,false,,,false,false,false,elimination_precoce,4,1,1,64,59,3,1,1,0,0,12231,19,7
lr:neutral_baseline:13,lr,lr,existing,neutral_baseline,aleatoire,13,fun-audit-13,digital,31,true,true,president,79,14.1,56.5,0.371,15,1,rn,11.28,17.2,1,7,2,1.1,16,1,0,2,8,1,0,0,0,0,11.34,2.39,0,0,2.1,0.92,16.75,false,0,0,true,75,85.4,false,false,false,victoire_confortable,2,2,3,75,73,2,0,0,0,0,15315,22,19
lr:neutral_baseline:14,lr,lr,existing,neutral_baseline,aleatoire,14,fun-audit-14,union,25,false,false,honorable_campaign,51,11.1,,0.196,12.9,6,horizons,8.7,13.05,2,8,5,0.2,10,1,0,2,8,0,1,2,0,0,9.07,0,1.93,0.41,0,0.8,12.21,false,0,2,false,,,false,false,false,elimination_precoce,5,1,3,57,53,1,1,2,0,0,12289,18,7
lr:neutral_baseline:15,lr,lr,existing,neutral_baseline,aleatoire,15,fun-audit-15,field_first,29,true,false,runoff_defeat,73,13.5,48.7,0.341,8,1,lfi,8,18.2,1,8,3,0.9,13,0,0,3,6,0,0,1,1,0,3.4,1.4,0,0,0.07,6.7,11.57,true,1,1,true,71,60.99999999999999,false,false,false,defaite_serree,1,1,4,71,65,4,0,2,0,0,14110,2,7
lr:neutral_baseline:16,lr,lr,existing,neutral_baseline,aleatoire,16,fun-audit-16,presidential,31,true,true,president,85,16.5,58.1,0.488,14.6,1,rn,11.42,18.8,1,6,4,3.2,19,0,0,1,9,0,0,0,0,0,7.86,2.91,0,0.45,1.96,1.51,14.69,false,0,0,true,64,87.4,false,false,false,victoire_confortable,2,2,1,76,68,4,2,2,0,0,16236,8,27
lr:neutral_baseline:17,lr,lr,existing,neutral_baseline,aleatoire,17,fun-audit-17,rupture,25,false,false,kingmaker,56,11.3,,0.213,10.6,4,rn,10.6,15.3,1,7,3,2.7,12,0,0,1,8,0,1,0,0,0,7.31,4.48,3.17,1.22,0,0,16.18,true,1,0,false,,,false,false,false,elimination_precoce,4,1,3,58,53,4,0,1,0,0,12438,6,17
lr:neutral_baseline:18,lr,lr,existing,neutral_baseline,aleatoire,18,fun-audit-18,digital,31,true,true,president,90,18.1,54,0.566,8.5,1,rn,8.5,17.06,1,8,1,3.7,20,1,1,3,8,0,0,2,1,0,7.81,4.48,0,0.56,3.17,1.51,17.53,true,1,3,true,76,87.20000000000003,false,true,false,remontee_spectaculaire,0,0,7,77,66,7,2,1,1,0,15433,17,19
lr:neutral_baseline:19,lr,lr,existing,neutral_baseline,aleatoire,19,fun-audit-19,union,31,true,true,president,78,13.6,54.6,0.346,15.7,2,ps,10.1,15.7,1,8,8,0.7,17,1,1,2,4,0,0,1,0,0,0,3.6,0,0.59,4.65,0,8.84,false,0,1,true,65,72.20000000000002,false,false,false,victoire_serree,5,2,3,78,65,8,1,3,1,0,15453,23,28
lr:risk_seeking_ref:0,lr,lr,existing,risk_seeking_ref,risque,0,fun-audit-0,field_first,31,true,true,president,82,13.9,54.7,0.379,11.2,2,rn,11.2,15.95,1,7,3,1.9,17,1,0,4,7,0,0,1,1,0,4.62,0,2.07,0.6,0,0.8,8.09,true,1,2,true,57,87.19999999999999,false,false,false,victoire_serree,3,2,4,71,64,5,0,2,0,0,15849,13,22
lr:risk_seeking_ref:1,lr,lr,existing,risk_seeking_ref,risque,1,fun-audit-1,presidential,31,true,true,president,80,13.8,51.5,0.374,8.8,1,lfi,8.6,17.5,1,8,3,1.8,16,1,0,3,7,0,0,1,1,0,7.63,0.35,0.35,0,0.7,0.9,9.93,true,1,2,true,66,60.599999999999994,false,false,false,victoire_serree,3,1,5,80,67,5,2,6,0,0,15607,24,18
lr:risk_seeking_ref:2,lr,lr,existing,risk_seeking_ref,risque,2,fun-audit-2,rupture,29,true,false,runoff_defeat,77,14.7,49.2,0.421,9.7,1,ps,9.7,20.9,1,8,3,1.2,15,1,1,2,12,0,0,1,0,0,10.43,2.91,0,0.73,1.26,2.7,18.03,true,1,1,true,67,71.5,false,false,false,defaite_serree,2,1,5,66,59,2,1,3,1,0,14172,11,19
lr:risk_seeking_ref:3,lr,lr,existing,risk_seeking_ref,risque,3,fun-audit-3,digital,29,true,false,runoff_defeat,77,16.2,49.4,0.473,11.7,1,nouvelle_energie,11.26,18.5,1,7,1,3,16,1,1,5,8,0,0,1,0,0,5.41,0.81,0,0.6,0,0,6.82,false,0,1,true,61,28.599999999999998,false,false,false,defaite_serree,1,1,4,72,65,4,1,1,1,0,14166,8,5
lr:risk_seeking_ref:4,lr,lr,existing,risk_seeking_ref,risque,4,fun-audit-4,union,31,true,true,president,87,17,57.8,0.538,11.9,1,rn,11.39,18.2,1,6,1,2.4,22,1,0,2,11,0,0,2,0,0,9.72,0.98,0.35,0.6,3.17,0.8,15.62,true,1,2,true,65,86.20000000000002,false,false,false,victoire_confortable,1,1,3,76,69,5,1,1,0,0,15530,13,8
lr:risk_seeking_ref:5,lr,lr,existing,risk_seeking_ref,risque,5,fun-audit-5,field_first,25,false,false,kingmaker,52,11.2,,0.229,11.8,5,rn,11.12,14.5,1,7,3,0.9,13,0,0,4,4,1,0,2,1,0,3.68,0.66,1.05,0,0,1.5,6.89,false,0,3,false,,,false,false,false,elimination_precoce,3,2,3,66,60,3,1,1,0,1,12356,9,10
lr:risk_seeking_ref:6,lr,lr,existing,risk_seeking_ref,risque,6,fun-audit-6,presidential,25,false,false,kingmaker,57,12,,0.268,13.8,4,renaissance,11.5,17.7,1,4,4,1.1,11,0,0,3,8,1,0,3,2,0,6.59,0.66,1.05,1.48,1.26,1.33,12.37,false,0,4,false,,,false,false,false,elimination_precoce,4,1,3,60,55,3,2,0,0,0,12339,7,11
lr:risk_seeking_ref:7,lr,lr,existing,risk_seeking_ref,risque,7,fun-audit-7,rupture,31,true,true,president,83,15.4,51.8,0.434,13.1,1,ps,11.76,17.39,1,4,2,2.3,20,1,0,0,10,0,0,0,0,0,9.57,1.39,0.8,0.6,0.7,1.7,14.76,true,1,0,true,73,71.40000000000002,false,false,false,victoire_serree,2,2,3,74,67,4,0,3,0,0,15447,6,20
lr:risk_seeking_ref:8,lr,lr,existing,risk_seeking_ref,risque,8,fun-audit-8,digital,29,true,false,runoff_defeat,73,15,49.6,0.415,7.5,1,ps,7.5,16.7,1,8,5,2,15,1,0,3,9,2,0,1,1,0,6.07,0,0.7,0,1.61,0.7,9.08,false,0,1,true,68,70.2,false,false,false,defaite_serree,1,1,5,65,57,5,0,3,0,0,14514,5,13
lr:risk_seeking_ref:9,lr,lr,existing,risk_seeking_ref,risque,9,fun-audit-9,union,31,true,true,president,86,17,54.6,0.512,10,1,rn,9.4,16.4,1,8,5,5,20,1,1,2,10,0,0,1,1,0,3.02,3.28,0,0.13,0.5,2.7,9.63,false,0,3,true,66,87.00000000000001,false,false,false,victoire_serree,0,0,4,79,71,4,0,3,1,0,15578,21,29
lr:risk_seeking_ref:10,lr,lr,existing,risk_seeking_ref,risque,10,fun-audit-10,field_first,31,true,true,president,79,13.1,51.8,0.338,9.1,2,rn,9.1,20,1,8,3,0.1,18,1,0,6,8,0,0,1,1,0,1.21,0.98,0,1.45,0.35,2.7,6.69,false,0,2,true,59,88.29999999999998,false,false,false,victoire_serree,3,1,4,80,72,4,2,2,0,0,15351,12,14
lr:risk_seeking_ref:11,lr,lr,existing,risk_seeking_ref,risque,11,fun-audit-11,presidential,31,true,true,president,77,11.5,52.8,0.244,9.1,2,ps,8.9,19,1,8,1,0.7,19,1,0,5,5,0,0,1,1,0,9.03,0.8,0,0.6,0,0,10.43,false,0,2,true,64,73.4,false,false,true,effondrement,1,1,5,75,69,4,0,2,0,0,15404,13,23
lr:risk_seeking_ref:12,lr,lr,existing,risk_seeking_ref,risque,12,fun-audit-12,rupture,29,true,false,runoff_defeat,76,15.5,47.1,0.439,15.5,1,horizons,10.4,16.7,1,7,4,2.7,16,1,0,8,7,0,0,2,2,0,7.78,1.58,0.35,0,0,0.8,10.51,false,0,5,true,69,47.7,true,false,false,defaite_serree,1,1,5,72,65,4,1,2,0,0,14536,10,19
lr:risk_seeking_ref:13,lr,lr,existing,risk_seeking_ref,risque,13,fun-audit-13,digital,31,true,true,president,85,15.9,58.4,0.459,15,1,rn,11.28,18.9,1,7,4,3.1,18,1,0,2,11,0,0,0,0,0,5.36,0.78,0,0,1.61,2.7,10.45,false,0,0,true,61,85.4,false,false,false,victoire_confortable,2,2,2,75,73,2,0,0,0,0,15496,18,4
lr:risk_seeking_ref:14,lr,lr,existing,risk_seeking_ref,risque,14,fun-audit-14,union,29,true,false,runoff_defeat,74,13.9,47.6,0.361,12.9,2,horizons,11,16.32,1,6,4,0.6,15,1,0,2,8,0,0,2,0,0,3.7,0,0,0.29,0,2.7,6.69,false,0,2,true,63,46.2,false,false,false,defaite_serree,3,1,3,65,60,1,1,3,0,0,14387,18,11
lr:risk_seeking_ref:15,lr,lr,existing,risk_seeking_ref,risque,15,fun-audit-15,field_first,31,true,true,president,82,13.9,50.3,0.361,8,1,lfi,8,18.7,1,8,1,1.4,18,1,0,5,8,0,0,2,2,0,3.38,0.66,0,0,9.57,2.7,16.31,true,1,3,true,66,60.99999999999999,true,false,false,victoire_serree,0,0,7,80,73,4,1,2,0,0,15554,21,16
lr:risk_seeking_ref:16,lr,lr,existing,risk_seeking_ref,risque,16,fun-audit-16,presidential,31,true,true,president,84,14.7,57.4,0.4,14.6,1,rn,11.53,17.8,1,5,4,2.5,18,1,0,2,8,0,0,1,1,0,10.35,0.66,0,0,1.61,0.1,12.72,false,0,3,true,66,86.4,false,false,false,victoire_confortable,3,1,3,75,68,2,3,2,0,0,16121,22,4
lr:risk_seeking_ref:17,lr,lr,existing,risk_seeking_ref,risque,17,fun-audit-17,rupture,25,false,false,kingmaker,64,13.9,,0.379,10.6,3,rn,10.6,16.7,1,7,1,0.1,14,0,0,1,8,0,0,0,0,0,8.54,0.98,8.8,0.6,0.35,0,19.27,true,1,0,false,,,true,false,false,elimination_precoce,5,2,3,58,53,4,0,1,0,0,12551,12,23
lr:risk_seeking_ref:18,lr,lr,existing,risk_seeking_ref,risque,18,fun-audit-18,digital,31,true,true,president,83,13.9,50.8,0.361,8.5,2,nouvelle_energie,8.5,17.6,1,8,1,1.5,22,1,0,4,9,0,0,2,2,0,5.8,2.91,1.05,0.95,1.57,1.42,13.7,true,1,4,true,64,28.4,false,false,false,victoire_serree,1,1,5,78,71,5,1,1,0,0,16038,6,19
lr:risk_seeking_ref:19,lr,lr,existing,risk_seeking_ref,risque,19,fun-audit-19,union,31,true,true,president,76,11.8,56.8,0.259,15.7,1,lfi,9.9,15.7,1,8,6,0.4,17,1,1,3,6,0,0,0,0,0,1.77,0.66,4.72,0.98,0.35,0,8.48,false,0,0,true,72,60.5,false,false,false,victoire_confortable,2,1,3,76,66,7,0,2,1,0,15201,12,21
rn:strategist:0,rn,rn,existing,strategist,parti_dabord,0,fun-audit-0,field_first,31,true,true,president,83,19.8,51.6,0.286,13.8,1,ecologistes,11.6,16.9,1,4,2,8.2,19,1,0,3,7,0,0,2,0,0,0.4,0,0.35,0,7.28,0.24,8.27,false,0,3,true,93.21883020568934,37,true,false,false,victoire_serree,3,2,4,73,65,5,1,2,0,0,15506,5,4
rn:strategist:1,rn,rn,existing,strategist,parti_dabord,1,fun-audit-1,presidential,31,true,true,president,82,17.7,53.7,0.204,16.2,1,renaissance,11.3,16.63,1,5,4,5.3,19,1,0,0,8,0,0,1,0,0,4.76,6.58,0,1.61,7.28,2.34,22.57,true,1,1,true,92.33117361921528,62.900000000000006,true,false,false,victoire_serree,3,1,4,70,63,3,3,1,0,0,15391,2,
rn:strategist:2,rn,rn,existing,strategist,parti_dabord,2,fun-audit-2,rupture,29,true,false,runoff_defeat,65,14.7,44.7,0.086,11.6,1,lfi,10.2,15.1,1,8,5,2.6,15,0,0,2,5,1,0,2,1,0,2.53,4.66,0,0,1.4,0.45,9.04,false,0,3,true,95.48019252575729,60.1,true,false,false,defaite_lourde,1,1,4,67,64,1,1,1,0,0,14539,10,7
rn:strategist:3,rn,rn,existing,strategist,parti_dabord,3,fun-audit-3,digital,29,true,false,runoff_defeat,72,18.1,43.1,0.22,12.2,1,nouvelle_energie,10.9,14.84,1,7,6,4.1,14,0,0,1,7,0,1,0,0,0,5.71,4.48,1.4,0,3.41,4.57,19.57,false,0,0,true,98.00921502243597,28.599999999999998,true,false,false,defaite_lourde,1,1,3,67,64,1,0,2,0,0,14660,8,5
rn:strategist:4,rn,rn,existing,strategist,parti_dabord,4,fun-audit-4,union,31,true,true,president,86,21.1,57.2,0.337,13,1,lfi,10.7,22.3,1,6,2,8,20,0,0,1,6,0,0,1,1,0,4.77,6.58,0,0,7.59,0,18.94,true,1,2,true,90.08599259185016,60.9,true,true,false,remontee_spectaculaire,2,2,5,73,64,6,2,1,0,0,15528,5,13
rn:strategist:5,rn,rn,existing,strategist,parti_dabord,5,fun-audit-5,field_first,31,true,true,president,82,18,51.3,0.216,12.5,1,lfi,10.7,18.4,1,6,6,5.1,17,1,0,6,6,0,0,3,2,0,0.26,0.63,3.25,0.7,4.41,2.97,12.22,false,0,5,true,93.7000644214642,59,true,false,false,victoire_serree,4,1,5,80,70,8,0,1,0,1,15564,21,
rn:strategist:6,rn,rn,existing,strategist,parti_dabord,6,fun-audit-6,presidential,29,true,false,runoff_defeat,70,16.5,48,0.157,13,1,lfi,13,18.5,1,1,0,2.7,13,1,0,1,8,0,1,1,0,0,3.92,2.73,1.4,1.02,3.76,5.8,18.63,false,0,1,true,99.54885650295849,61.1,true,false,false,defaite_serree,3,1,5,66,60,3,2,1,0,0,14494,10,26
rn:strategist:7,rn,rn,existing,strategist,parti_dabord,7,fun-audit-7,rupture,29,true,false,runoff_defeat,74,17.5,49.2,0.196,11.9,1,nouvelle_energie,11.1,18,1,6,3,5.4,16,1,1,0,7,0,0,0,0,0,3.13,4.48,4.65,1.71,0.7,3.06,17.73,true,1,0,true,93.27406119373276,29.3,true,false,false,defaite_serree,2,1,5,70,58,6,2,3,1,0,14392,2,26
rn:strategist:8,rn,rn,existing,strategist,parti_dabord,8,fun-audit-8,digital,29,true,false,runoff_defeat,76,16.6,44.8,0.161,11.3,1,ps,11.3,17.5,1,6,1,3.6,13,1,0,2,7,0,0,2,1,0,5.38,1.86,1.4,0,3.39,0.45,12.48,false,0,2,true,93.53070514160787,70,true,false,false,defaite_lourde,2,1,4,65,59,4,0,2,0,0,14188,3,
rn:strategist:9,rn,rn,existing,strategist,parti_dabord,9,fun-audit-9,union,31,true,true,president,77,17,51,0.176,16.1,1,lfi,12.7,18.6,1,1,0,5.3,17,1,0,3,7,0,0,1,0,0,1.59,0.63,0.35,0,6.33,0.23,9.13,false,0,2,true,93.19693929017176,60.199999999999996,true,false,false,victoire_serree,3,1,4,75,73,2,0,0,0,0,15312,10,8
rn:strategist:10,rn,rn,existing,strategist,parti_dabord,10,fun-audit-10,field_first,31,true,true,president,82,19.3,52.6,0.267,12,1,nouvelle_energie,12,18.5,1,1,0,6.9,20,0,0,4,10,1,0,2,1,0,5.29,7.26,3.25,1.3,3.71,2.8,23.61,false,0,3,true,94.08648519510739,30.699999999999996,true,false,false,victoire_serree,4,2,5,74,70,2,2,0,0,0,15459,21,9
rn:strategist:11,rn,rn,existing,strategist,parti_dabord,11,fun-audit-11,presidential,31,true,true,president,72,15.3,50.2,0.11,12.2,1,ps,12.2,18.5,1,1,0,2,18,0,1,7,8,1,1,2,1,0,5.61,0,2.19,1.71,0.7,0,10.21,false,0,3,true,97.93324874148026,72.10000000000001,true,false,false,victoire_serree,2,1,7,77,68,6,1,1,1,0,15362,3,16
rn:strategist:12,rn,rn,existing,strategist,parti_dabord,12,fun-audit-12,rupture,29,true,false,runoff_defeat,66,13.6,41,0.043,10.9,1,renaissance,10.9,16.2,1,7,1,0.9,16,0,0,7,7,0,0,2,1,0,7.05,0,0.35,1.02,0.7,3.15,12.27,false,0,5,true,94.151553897777,64,true,false,false,defaite_lourde,2,1,3,68,63,2,2,1,0,0,14411,23,18
rn:strategist:13,rn,rn,existing,strategist,parti_dabord,13,fun-audit-13,digital,31,true,true,president,81,16.8,53.1,0.169,15.4,1,lr,13.1,16.53,1,1,0,5,19,1,0,3,8,0,0,1,1,0,8.05,0,0,0.66,7.59,2.76,19.06,false,0,1,true,94.57331557753525,61.1,true,false,false,victoire_serree,3,2,5,74,70,1,2,1,0,0,15485,14,15
rn:strategist:14,rn,rn,existing,strategist,parti_dabord,14,fun-audit-14,union,29,true,false,runoff_defeat,72,16.9,42.8,0.173,14.5,1,nouvelle_energie,13.36,19.4,1,1,0,4.3,15,0,0,1,8,0,0,1,0,0,6.27,7.45,0,0,0.7,2.67,17.09,false,0,1,true,92.33058207176833,28,true,false,false,defaite_lourde,3,1,2,68,61,2,2,3,0,0,14486,11,
rn:strategist:15,rn,rn,existing,strategist,parti_dabord,15,fun-audit-15,field_first,29,true,false,runoff_defeat,68,15.7,46,0.125,13.7,1,lfi,11.9,16.8,1,3,2,3.4,16,0,0,4,8,1,0,2,1,0,2.33,5.89,1.4,0,4.06,3.63,17.31,false,0,4,true,94.96842563017717,60.99999999999999,true,false,false,defaite_serree,1,1,5,71,66,4,0,1,0,0,14382,12,20
rn:strategist:16,rn,rn,existing,strategist,parti_dabord,16,fun-audit-16,presidential,31,true,true,president,82,18.4,52.5,0.231,11.8,1,nouvelle_energie,11.8,17.9,1,3,1,5.7,20,0,0,1,7,0,0,1,1,0,9.72,4.48,0,0.66,0,0,14.86,false,0,1,true,91.53771970283645,28.799999999999997,true,false,false,victoire_serree,1,1,4,77,69,4,2,2,0,0,15977,8,21
rn:strategist:17,rn,rn,existing,strategist,parti_dabord,17,fun-audit-17,rupture,29,true,false,runoff_defeat,72,16.4,46.9,0.153,10.5,1,lr,10.5,15.85,1,7,1,3.3,14,1,0,2,7,1,0,2,0,0,3.07,9.04,1.4,0,3.78,2.97,20.26,true,1,2,true,95.38170355639036,65.69999999999999,true,false,false,defaite_serree,4,2,6,68,61,4,1,2,0,0,14492,16,
rn:strategist:18,rn,rn,existing,strategist,parti_dabord,18,fun-audit-18,digital,29,true,false,runoff_defeat,70,16.1,45,0.141,13.3,1,nouvelle_energie,9.5,17.3,1,8,4,2.8,14,1,1,4,5,0,0,3,1,0,0.05,4.48,2,0,1.05,0.95,8.53,true,1,4,true,92.55864106126947,28,true,false,false,defaite_lourde,0,0,6,70,60,6,2,1,1,0,14563,12,13
rn:strategist:19,rn,rn,existing,strategist,parti_dabord,19,fun-audit-19,union,29,true,false,runoff_defeat,74,17,43.7,0.176,11.9,1,ps,10.9,17.1,1,6,5,4.4,15,1,1,4,6,0,0,2,1,0,6.36,6.58,1.4,0,3.39,1.85,19.58,false,0,2,true,93.340000766939,71.80000000000001,true,false,false,defaite_lourde,2,1,5,69,57,8,1,2,1,0,14322,9,
rn:roleplayer:0,rn,rn,existing,roleplayer,ideologiquement_coherent,0,fun-audit-0,field_first,31,true,true,president,90,20.9,54.1,0.329,13.8,1,ecologistes,12.2,18.35,1,1,0,9.7,22,0,0,3,11,0,0,2,1,0,2.75,0,1.68,0.84,1.05,1.17,7.49,false,0,4,true,73.70488049067737,37,true,false,false,victoire_serree,3,2,3,73,65,5,1,2,0,0,15514,7,20
rn:roleplayer:1,rn,rn,existing,roleplayer,ideologiquement_coherent,1,fun-audit-1,presidential,29,true,false,runoff_defeat,79,19.1,46.9,0.259,16.2,1,nouvelle_energie,11.7,18.16,1,4,2,6.8,14,0,0,0,13,0,0,1,0,0,1.73,0,0,1.01,0.49,0.45,3.68,true,1,1,true,78.33204803502244,29,true,false,false,defaite_serree,2,1,3,67,59,3,2,3,0,0,14639,13,27
rn:roleplayer:2,rn,rn,existing,roleplayer,ideologiquement_coherent,2,fun-audit-2,rupture,29,true,false,runoff_defeat,76,18.1,49.9,0.204,11.6,1,lfi,11.3,18,1,6,3,6.2,17,0,0,2,12,0,0,2,1,0,0.15,0.57,0,0.84,1.75,0.45,3.76,false,0,3,true,78.08850192159875,60.1,true,false,false,defaite_serree,3,1,4,67,64,1,1,1,0,0,14382,13,26
rn:roleplayer:3,rn,rn,existing,roleplayer,ideologiquement_coherent,3,fun-audit-3,digital,29,true,false,runoff_defeat,80,19.6,47.9,0.278,12.2,1,nouvelle_energie,12.2,17.16,1,1,0,5.8,12,0,0,3,9,0,0,2,1,0,0.43,0.07,0,1.01,0.11,0.35,1.97,true,1,2,true,71.02950064053292,28.599999999999998,true,false,false,defaite_serree,3,1,5,67,64,1,0,2,0,0,14671,16,20
rn:roleplayer:4,rn,rn,existing,roleplayer,ideologiquement_coherent,4,fun-audit-4,union,31,true,true,president,89,20.8,57.8,0.325,13,1,lfi,11.4,22.7,1,4,2,7.7,20,0,0,2,10,0,0,1,0,0,1.52,1.12,2,0.62,0.7,0.24,6.2,true,2,1,true,76.7544986285104,60.9,true,false,false,victoire_confortable,3,2,3,73,64,6,2,1,0,0,15452,5,21
rn:roleplayer:5,rn,rn,existing,roleplayer,ideologiquement_coherent,5,fun-audit-5,field_first,31,true,true,president,86,19.5,54.1,0.275,12.5,1,lfi,11.7,20.2,1,3,2,6.8,23,0,0,4,9,0,0,1,1,0,2.74,0,2.45,0.84,3.08,2.33,11.44,false,0,3,true,79.32356847382172,61.6,true,false,false,victoire_serree,5,1,3,80,71,7,0,1,0,1,15337,20,9
rn:roleplayer:6,rn,rn,existing,roleplayer,ideologiquement_coherent,6,fun-audit-6,presidential,31,true,true,president,82,18.2,52.4,0.224,13,1,lfi,13,20.9,1,1,0,4.7,17,0,0,2,10,0,0,1,0,0,3.71,0,0,1.64,0.42,0.35,6.12,false,0,1,true,80.86202529831623,60,true,false,false,victoire_serree,5,2,3,75,68,3,2,2,0,0,15633,22,5
rn:roleplayer:7,rn,rn,existing,roleplayer,ideologiquement_coherent,7,fun-audit-7,rupture,29,true,false,runoff_defeat,78,17.8,49.6,0.208,11.9,1,nouvelle_energie,11.1,18.8,1,6,3,5.8,16,0,1,1,9,0,0,0,0,0,2.78,1.3,0.7,1.91,0.28,0.01,6.98,true,1,0,true,84.20123722302588,29.3,true,false,false,defaite_serree,2,1,5,70,58,6,2,3,1,0,14312,18,27
rn:roleplayer:8,rn,rn,existing,roleplayer,ideologiquement_coherent,8,fun-audit-8,digital,29,true,false,runoff_defeat,72,16.3,47.5,0.138,11.3,1,ps,11.3,17.5,1,6,1,3.2,15,0,0,1,14,0,0,1,0,0,0.87,0.07,1.05,0.89,1.05,0.6,4.53,false,0,1,true,76.96810700139152,70,true,false,false,defaite_serree,3,1,3,65,59,4,0,2,0,0,14256,5,27
rn:roleplayer:9,rn,rn,existing,roleplayer,ideologiquement_coherent,9,fun-audit-9,union,31,true,true,president,87,20.7,52.1,0.322,16.1,1,lfi,13.3,20.8,1,1,0,7.8,20,0,0,3,9,0,0,1,0,0,1.15,0.63,0.35,2.42,0.7,0.24,5.49,false,0,2,true,73.51475032026646,59.8,true,false,false,victoire_serree,3,1,3,77,73,2,1,1,0,0,15326,7,26
rn:roleplayer:10,rn,rn,existing,roleplayer,ideologiquement_coherent,10,fun-audit-10,field_first,31,true,true,president,85,19.7,54.8,0.282,12,1,nouvelle_energie,12,19.7,1,1,0,7.3,18,0,0,4,11,0,0,3,1,0,2.88,0.07,0,0.14,1.05,0.13,4.27,false,0,4,true,76.02950064053292,30.699999999999996,true,false,false,victoire_serree,2,2,3,74,70,2,2,0,0,0,15498,14,26
rn:roleplayer:11,rn,rn,existing,roleplayer,ideologiquement_coherent,11,fun-audit-11,presidential,31,true,true,president,83,17.7,54.5,0.189,12.2,1,ps,12.2,21.6,1,1,0,4.7,18,0,1,5,9,0,0,3,2,0,1.3,0,0,2.4,0,0,3.7,false,0,4,true,71.51475032026646,72.10000000000001,true,false,false,victoire_serree,5,2,4,76,67,5,2,1,1,0,15460,16,12
rn:roleplayer:12,rn,rn,existing,roleplayer,ideologiquement_coherent,12,fun-audit-12,rupture,29,true,false,runoff_defeat,72,15.4,46,0.114,10.9,1,renaissance,10.9,18.5,1,7,1,2.9,15,0,0,3,10,0,0,1,1,0,5.42,0,0.35,0,1.4,0.56,7.73,false,0,3,true,75.48868657588703,64,true,false,false,defaite_serree,1,1,4,70,65,2,2,1,0,0,14575,22,3
rn:roleplayer:13,rn,rn,existing,roleplayer,ideologiquement_coherent,13,fun-audit-13,digital,31,true,true,president,84,17.9,55.9,0.212,15.4,1,lr,13.29,18.53,1,1,0,6.2,18,0,0,2,12,0,0,2,0,0,2.42,1.12,0,0,0.42,0.23,4.19,false,0,2,true,76.96810700139152,61.1,true,false,false,victoire_serree,2,1,2,73,69,1,2,1,0,0,15361,4,26
rn:roleplayer:14,rn,rn,existing,roleplayer,ideologiquement_coherent,14,fun-audit-14,union,29,true,false,runoff_defeat,75,17.4,45.6,0.178,14.5,1,nouvelle_energie,13.39,19.9,1,1,0,4.8,14,0,0,1,10,0,0,1,0,0,3.77,1.37,0,0,0.7,0.24,6.08,false,0,1,true,69.21141119331462,28,true,false,false,defaite_lourde,4,1,2,68,61,2,2,3,0,0,14534,20,22
rn:roleplayer:15,rn,rn,existing,roleplayer,ideologiquement_coherent,15,fun-audit-15,field_first,31,true,true,president,84,18.4,51.2,0.231,13.7,1,lfi,13.41,19.6,1,1,0,6.4,18,0,0,3,11,0,0,1,1,0,1.14,0.63,1.4,0.89,3.71,2.8,10.57,false,0,3,true,77.93872029086998,62.099999999999994,true,false,false,victoire_serree,2,1,4,80,74,4,2,0,0,0,15301,8,10
rn:roleplayer:16,rn,rn,existing,roleplayer,ideologiquement_coherent,16,fun-audit-16,presidential,31,true,true,president,87,19.6,55.3,0.258,11.8,1,nouvelle_energie,11.8,18.91,1,3,1,6.9,20,0,0,0,13,0,0,0,0,0,2.26,0.07,0,0.84,1.05,0.45,4.67,false,0,0,true,72,28.799999999999997,true,false,false,victoire_serree,1,1,1,77,69,4,2,2,0,0,16017,6,18
rn:roleplayer:17,rn,rn,existing,roleplayer,ideologiquement_coherent,17,fun-audit-17,rupture,31,true,true,president,87,20.1,51.4,0.276,10.5,1,horizons,10.5,18.01,1,7,1,6.1,20,0,0,2,11,0,0,2,1,0,4.49,1.3,1.4,0,3.78,2.8,13.77,true,1,3,true,76.30711696228218,50.19999999999999,true,true,false,remontee_spectaculaire,6,2,6,76,67,4,2,3,0,0,15513,6,20
rn:roleplayer:18,rn,rn,existing,roleplayer,ideologiquement_coherent,18,fun-audit-18,digital,29,true,false,runoff_defeat,75,17.2,47.3,0.171,13.3,1,nouvelle_energie,9.9,19.1,1,8,4,4,17,0,1,5,10,0,0,4,2,0,3.83,1.12,0,0.14,0.7,0.16,5.95,true,1,7,true,82.00463879156732,28,true,false,false,defaite_serree,2,1,6,70,60,6,2,1,1,0,14746,6,18
rn:roleplayer:19,rn,rn,existing,roleplayer,ideologiquement_coherent,19,fun-audit-19,union,29,true,false,runoff_defeat,74,17.2,46.7,0.184,11.9,1,ps,11.8,17.8,1,3,1,4.6,16,0,1,4,9,0,0,2,1,0,4.05,1.12,0,0,1.4,0.76,7.33,false,0,2,true,73.86296464770213,71.80000000000001,true,false,false,defaite_serree,3,1,5,69,57,8,1,2,1,0,14359,10,8
rn:opportunist:0,rn,rn,existing,opportunist,opportuniste_electoral,0,fun-audit-0,field_first,31,true,true,president,87,20.4,52.5,0.31,13.8,1,ecologistes,11.7,17.89,1,3,2,8.8,20,0,0,4,8,0,0,3,2,0,0.48,3.61,4.8,1.89,0,2.53,13.31,false,0,4,true,84.36044091627409,37,true,false,false,victoire_serree,2,1,4,73,65,5,1,2,0,0,15481,11,4
rn:opportunist:1,rn,rn,existing,opportunist,opportuniste_electoral,1,fun-audit-1,presidential,31,true,true,president,76,16.3,52.9,0.149,16.2,1,renaissance,10.4,16.3,1,8,4,3.7,15,0,0,0,10,0,2,1,0,0,0.16,6.58,1.05,2.8,5.71,5.49,21.79,true,1,1,true,89.90285838989806,62.900000000000006,true,false,false,victoire_serree,1,1,4,69,63,3,3,0,0,0,15433,4,21
rn:opportunist:2,rn,rn,existing,opportunist,opportuniste_electoral,2,fun-audit-2,rupture,29,true,false,runoff_defeat,74,16.4,47.8,0.142,11.6,1,lfi,11.2,17.1,1,6,5,4.3,15,0,0,2,6,0,0,2,1,0,1.88,0.57,0,0,1.75,0.45,4.65,false,0,3,true,87.23717469878046,60.1,true,false,false,defaite_serree,1,1,4,67,64,1,1,1,0,0,14523,10,26
rn:opportunist:3,rn,rn,existing,opportunist,opportuniste_electoral,3,fun-audit-3,digital,29,true,false,runoff_defeat,75,18.3,44.3,0.227,12.2,1,nouvelle_energie,11.4,15.93,1,5,4,4.3,13,0,0,2,8,0,1,1,1,0,0.22,0.07,1.05,1.01,3.19,5.28,10.82,false,0,1,true,90.96443904266283,28.599999999999998,true,false,false,defaite_lourde,1,1,4,67,64,1,0,2,0,0,14797,11,5
rn:opportunist:4,rn,rn,existing,opportunist,opportuniste_electoral,4,fun-audit-4,union,31,true,true,president,87,21.9,58.6,0.369,13,1,lfi,11.1,23.4,1,5,2,8.9,19,0,0,1,8,0,0,1,1,0,4.14,6.58,0,0,6.02,0,16.74,true,1,2,true,82.2173575376549,60.9,true,true,false,remontee_spectaculaire,1,1,5,73,64,6,2,1,0,0,15635,15,25
rn:opportunist:5,rn,rn,existing,opportunist,opportuniste_electoral,5,fun-audit-5,field_first,31,true,true,president,85,18.6,52.4,0.239,12.5,1,lfi,10.3,19.7,1,8,6,5.8,22,0,0,5,6,0,0,3,2,0,1.35,0.63,1.4,1.89,3.71,2.8,11.78,false,0,5,true,85.84314294264634,59,true,false,false,victoire_serree,3,1,4,80,70,8,0,1,0,1,15388,12,13
rn:opportunist:6,rn,rn,existing,opportunist,opportuniste_electoral,6,fun-audit-6,presidential,29,true,false,runoff_defeat,71,16.3,49.2,0.149,13,1,lfi,13,19,1,1,0,2.5,13,0,0,1,8,0,1,1,0,0,3.29,3.61,1.4,1.89,3.76,5.8,19.75,false,0,1,true,90.98920384658128,61.1,true,false,false,defaite_serree,3,1,4,66,60,3,2,1,0,0,14622,5,18
rn:opportunist:7,rn,rn,existing,opportunist,opportuniste_electoral,7,fun-audit-7,rupture,29,true,false,runoff_defeat,71,16.4,49,0.153,11.9,1,nouvelle_energie,11.1,17.3,1,6,5,4.2,13,0,1,1,8,0,1,0,0,0,3.44,5.1,1.4,1.02,0.42,5.19,16.57,true,1,0,true,90.90138779651441,29.3,true,false,false,defaite_serree,4,2,6,70,58,6,2,3,1,0,14447,9,13
rn:opportunist:8,rn,rn,existing,opportunist,opportuniste_electoral,8,fun-audit-8,digital,29,true,false,runoff_defeat,73,16.1,46,0.131,11.3,1,ps,11.3,17.6,1,6,1,3,15,0,0,2,7,0,0,2,1,0,0.86,1.86,0.35,0,3.08,2.69,8.84,false,0,2,true,86.28807779322439,70,true,false,false,defaite_serree,2,1,4,65,59,4,0,2,0,0,14287,11,24
rn:opportunist:9,rn,rn,existing,opportunist,opportuniste_electoral,9,fun-audit-9,union,29,true,false,runoff_defeat,67,17.1,48.4,0.167,16.1,1,lfi,11.4,17.4,1,5,2,3.6,11,0,0,3,9,0,2,1,0,0,1.3,2.42,0.35,1.89,1.05,0.24,7.25,false,0,2,true,93.57335908113849,60.599999999999994,true,false,false,defaite_serree,2,1,4,71,67,2,1,1,0,0,14179,5,23
rn:opportunist:10,rn,rn,existing,opportunist,opportuniste_electoral,10,fun-audit-10,field_first,31,true,true,president,84,19.2,53,0.263,12,1,nouvelle_energie,12,19.3,1,1,0,6.8,19,0,0,4,8,1,0,3,1,0,4.75,3.42,1.4,0,4.06,2.8,16.43,false,0,4,true,86.29577861028038,30.699999999999996,true,false,false,victoire_serree,5,2,5,74,70,2,2,0,0,0,15499,22,6
rn:opportunist:11,rn,rn,existing,opportunist,opportuniste_electoral,11,fun-audit-11,presidential,31,true,true,president,75,16.2,52.1,0.135,12.2,1,ps,12.2,19.7,1,1,0,3,18,0,1,3,8,0,1,3,2,0,0.5,0,4.48,1.93,0.35,0,7.26,false,0,4,true,87.93428940877239,72.10000000000001,true,false,false,victoire_serree,2,1,6,76,67,5,2,1,1,0,15434,3,11
rn:opportunist:12,rn,rn,existing,opportunist,opportuniste_electoral,12,fun-audit-12,rupture,29,true,false,runoff_defeat,70,14.1,43.8,0.063,10.9,1,renaissance,10.9,17.3,1,7,1,1.5,15,0,0,6,5,0,0,2,1,0,3.16,0,0.35,1.89,1.05,3.15,9.6,false,0,5,true,86.84054246960825,64,true,false,false,defaite_lourde,3,1,3,68,63,2,2,1,0,0,14490,3,8
rn:opportunist:13,rn,rn,existing,opportunist,opportuniste_electoral,13,fun-audit-13,digital,31,true,true,president,79,17.1,55.2,0.18,15.4,1,lr,12.9,17.16,1,1,0,5.3,19,0,0,3,9,0,0,1,1,0,0.06,0,6.93,1.01,7.59,2.76,18.35,false,0,1,true,85.45210410551236,61.1,true,false,false,victoire_serree,1,1,3,74,70,1,2,1,0,0,15655,11,24
rn:opportunist:14,rn,rn,existing,opportunist,opportuniste_electoral,14,fun-audit-14,union,29,true,false,runoff_defeat,67,15.3,42,0.102,14.5,1,nouvelle_energie,13.39,18.9,1,1,0,2.4,12,0,0,1,7,1,1,1,0,0,3.38,3.68,0,0,1.05,2.67,10.78,false,0,1,true,94.92458614037318,28,true,false,false,defaite_lourde,3,1,4,68,61,2,2,3,0,0,14620,11,26
rn:opportunist:15,rn,rn,existing,opportunist,opportuniste_electoral,15,fun-audit-15,field_first,29,true,false,runoff_defeat,73,16.8,48.1,0.169,13.7,1,lfi,13.45,18,1,1,0,4.7,16,0,0,3,9,0,1,2,1,0,2.04,1.79,0.35,0,4.02,0.48,8.68,false,0,4,true,90.99250090909379,60.99999999999999,true,false,false,defaite_serree,0,0,5,71,66,4,0,1,0,0,14352,12,20
rn:opportunist:16,rn,rn,existing,opportunist,opportuniste_electoral,16,fun-audit-16,presidential,31,true,true,president,79,17.6,53.2,0.185,11.8,1,horizons,11.8,18,1,3,1,5.6,16,0,0,2,8,0,1,1,1,0,2.66,0,4.48,1.01,0.35,0.24,8.74,false,0,3,true,89.57357620221738,46.8,true,false,false,victoire_serree,1,1,5,77,70,2,2,3,0,0,15972,18,4
rn:opportunist:17,rn,rn,existing,opportunist,opportuniste_electoral,17,fun-audit-17,rupture,29,true,false,runoff_defeat,77,18,46.9,0.2,10.5,1,horizons,10.5,17.1,1,7,1,3.5,15,0,0,1,8,0,0,1,1,0,3.34,9.82,1.4,0,3.78,2.97,21.31,true,1,2,true,87.67876476304053,47.4,true,false,false,defaite_serree,5,2,5,67,60,4,1,2,0,0,14608,9,4
rn:opportunist:18,rn,rn,existing,opportunist,opportuniste_electoral,18,fun-audit-18,digital,29,true,false,runoff_defeat,74,17.9,48.9,0.196,13.3,1,nouvelle_energie,10.3,19.9,1,7,2,5,16,0,0,3,5,0,0,3,2,0,3.8,0,0,0,0.35,0.95,5.1,true,1,5,true,78.31182059664903,28.4,true,false,false,defaite_serree,1,1,5,71,63,4,3,1,0,0,14403,20,13
rn:opportunist:19,rn,rn,existing,opportunist,opportuniste_electoral,19,fun-audit-19,union,31,true,true,president,75,15.4,53.1,0.114,11.9,2,ps,9.7,16.4,1,8,7,2.5,20,0,1,3,5,0,1,2,1,0,1.74,6.58,0.35,0,3.39,2.69,14.75,false,0,2,true,87.75145746163203,72.20000000000002,true,false,false,victoire_serree,2,1,6,77,65,8,1,2,1,0,15444,17,13
rn:chaos:0,rn,rn,existing,chaos,contrarien,0,fun-audit-0,field_first,29,true,false,runoff_defeat,67,16.8,45.2,0.169,13.8,1,ecologistes,11.1,16.1,1,7,4,5,11,0,0,4,5,0,1,3,1,0,3.12,3.61,4.48,0,0,6.29,17.5,false,0,4,true,95.80004735041632,37,true,false,false,defaite_lourde,3,2,4,67,60,4,1,2,0,0,14325,3,4
rn:chaos:1,rn,rn,existing,chaos,contrarien,1,fun-audit-1,presidential,25,false,false,kingmaker,46,12.9,,0.016,16.2,3,renaissance,9.8,16.2,1,8,11,0.1,10,0,0,0,6,0,2,1,0,0,1.48,6.58,1.05,0.66,1.05,4.49,15.31,true,1,1,false,,,true,false,false,elimination_precoce,3,2,3,57,52,3,2,0,0,0,12382,4,20
rn:chaos:2,rn,rn,existing,chaos,contrarien,2,fun-audit-2,rupture,31,true,true,president,66,14.7,53.3,0.113,11.6,1,lfi,9.6,14.7,1,8,7,3.1,14,0,0,4,6,2,0,3,2,0,1.04,7.8,0,0,1.75,0,10.59,true,2,5,true,96.9503069676186,61.6,true,false,false,victoire_serree,0,0,6,80,75,2,2,1,0,0,15232,5,19
rn:chaos:3,rn,rn,existing,chaos,contrarien,3,fun-audit-3,digital,29,true,false,runoff_defeat,66,16.1,40.6,0.141,12.2,1,nouvelle_energie,9.5,14.2,1,8,6,2.2,11,0,0,3,8,0,2,0,0,0,1.66,4.48,1.4,0.66,3.76,0.2,12.16,false,0,0,true,100,28.599999999999998,true,false,false,defaite_lourde,1,1,3,69,65,2,0,2,0,0,14549,8,5
rn:chaos:4,rn,rn,existing,chaos,contrarien,4,fun-audit-4,union,31,true,true,president,76,17.4,51.9,0.192,13,1,lfi,9,19.1,1,8,6,3.9,16,0,0,3,5,0,0,1,1,0,1.63,6.58,4.48,1.02,0,3,16.71,false,0,1,true,93.5477978478772,62.6,true,false,false,victoire_serree,2,1,4,74,67,5,1,1,0,0,15419,5,15
rn:chaos:5,rn,rn,existing,chaos,contrarien,5,fun-audit-5,field_first,31,true,true,president,69,14.3,58.8,0.071,12.5,1,lfi,10.4,14.4,1,8,4,2.9,14,0,0,4,5,0,1,2,0,0,3.43,0,2.55,0,3.76,2.8,12.54,false,0,3,true,95.38525909484866,61.2,true,false,false,victoire_confortable,3,1,3,80,68,8,1,2,0,1,14986,20,8
rn:chaos:6,rn,rn,existing,chaos,contrarien,6,fun-audit-6,presidential,25,false,false,kingmaker,48,13.6,,0.039,13,3,lfi,11.8,16.6,1,3,4,0.6,10,0,0,1,8,0,2,1,0,0,5.79,3.61,3.39,2.59,3.44,5.8,24.62,false,0,1,false,,,true,false,false,elimination_precoce,4,2,3,58,53,3,2,0,0,0,12524,5,21
rn:chaos:7,rn,rn,existing,chaos,contrarien,7,fun-audit-7,rupture,29,true,false,runoff_defeat,64,14.1,44.1,0.063,11.9,2,nouvelle_energie,11,15.5,1,6,7,1.6,13,0,1,0,7,0,1,0,0,0,2.04,4.48,5.6,1.71,0.7,4.49,19.02,true,1,0,true,95.46106695496695,29.3,true,false,false,defaite_lourde,3,1,4,70,58,6,2,3,1,0,14254,15,19
rn:chaos:8,rn,rn,existing,chaos,contrarien,8,fun-audit-8,digital,29,true,false,runoff_defeat,59,12.7,39.6,0.008,11.3,2,ps,10.39,15.3,1,6,6,0.4,12,0,0,4,7,1,1,1,1,0,4.28,0,3.45,0,0.7,4.6,13.03,false,0,1,true,95.93631444021138,71.5,true,false,false,defaite_lourde,2,1,5,70,63,4,0,3,0,0,14568,23,19
rn:chaos:9,rn,rn,existing,chaos,contrarien,9,fun-audit-9,union,25,false,false,kingmaker,43,13.3,,0.031,16.1,3,lfi,10.2,16.1,1,8,5,0.7,10,0,0,1,8,1,3,1,0,0,0.23,3.78,0,0,6.65,8.78,19.44,false,0,2,false,,,true,false,false,elimination_precoce,1,1,4,64,59,3,1,1,0,0,12242,5,18
rn:chaos:10,rn,rn,existing,chaos,contrarien,10,fun-audit-10,field_first,25,false,false,divided_party,26,6.9,,-0.448,12,10,horizons,9.44,16.4,1,8,3,1.3,10,0,0,3,10,3,3,3,2,0,0.29,3.87,6.82,0,1.05,9.61,21.64,true,1,5,false,,,true,false,true,effondrement,3,1,7,63,58,1,2,2,0,0,12515,14,18
rn:chaos:11,rn,rn,existing,chaos,contrarien,11,fun-audit-11,presidential,31,true,true,president,63,12.2,53.4,-0.024,12.2,1,renaissance,8.4,14.83,1,8,4,1.2,13,0,0,5,5,0,1,2,2,0,0.78,0,4.65,1.71,0,3,10.14,true,1,4,true,94.90690638418519,62.2,true,false,false,victoire_serree,4,2,6,77,72,3,1,1,0,0,15046,23,17
rn:chaos:12,rn,rn,existing,chaos,contrarien,12,fun-audit-12,rupture,25,false,false,honorable_campaign,38,10.4,,-0.168,10.9,7,ps,10.8,15.1,1,7,8,0.4,12,0,0,1,9,1,3,1,0,0,1.03,0.7,2.1,0,3.08,10.73,17.64,false,0,1,false,,,true,false,false,elimination_precoce,3,2,4,63,59,2,2,0,0,0,12409,3,17
rn:chaos:13,rn,rn,existing,chaos,contrarien,13,fun-audit-13,digital,31,true,true,president,74,14.5,51.2,0.078,15.4,1,lr,13.3,15.89,1,1,0,2.4,15,0,0,2,7,0,1,1,0,0,0.69,3.61,1.03,0,6.89,3.74,15.96,false,0,2,true,94.15368200044202,61.1,true,false,false,victoire_serree,3,1,4,74,70,1,2,1,0,0,15419,2,17
rn:chaos:14,rn,rn,existing,chaos,contrarien,14,fun-audit-14,union,29,true,false,runoff_defeat,60,13.6,38.9,0.039,14.5,1,nouvelle_energie,12.48,17.4,1,2,0,0.5,11,0,0,1,6,1,1,1,0,0,1.55,3.33,0,0,0.35,0.83,6.06,false,0,1,true,98.7370976178828,28,true,false,false,defaite_lourde,2,1,4,68,61,2,2,3,0,0,14422,6,14
rn:chaos:15,rn,rn,existing,chaos,contrarien,15,fun-audit-15,field_first,31,true,true,president,66,13.2,50.1,0.025,13.7,2,lfi,9.9,15.5,1,8,2,0.3,15,0,0,3,7,0,2,2,1,0,1.78,3.78,1.4,1.89,6.86,5.8,21.51,false,0,2,true,100,60.99999999999999,true,false,false,victoire_serree,1,1,5,80,73,4,2,1,0,0,15459,12,5
rn:chaos:16,rn,rn,existing,chaos,contrarien,16,fun-audit-16,presidential,31,true,true,president,72,15.4,51.2,0.114,11.8,1,ps,11.8,17.4,1,3,1,2.2,15,0,0,2,7,0,1,1,0,0,1.01,3.61,0,1.79,0.35,6.72,13.48,false,0,1,true,96.39935293675198,73.4,true,false,false,victoire_serree,2,1,4,77,68,4,3,2,0,0,15886,8,19
rn:chaos:17,rn,rn,existing,chaos,contrarien,17,fun-audit-17,rupture,25,false,false,kingmaker,45,13.6,,0.043,10.5,3,horizons,10.5,13.99,1,7,2,1.2,12,0,0,2,8,0,3,1,1,0,0.83,2.75,3.14,0,0.7,6.58,14,true,1,3,false,,,true,false,false,elimination_precoce,2,1,5,62,53,4,1,4,0,0,12520,10,22
rn:chaos:18,rn,rn,existing,chaos,contrarien,18,fun-audit-18,digital,29,true,false,runoff_defeat,65,14.9,48.2,0.094,13.3,2,nouvelle_energie,9.5,16.8,1,8,4,1.6,11,0,0,2,5,0,0,3,2,0,1.74,6.58,6.93,0,1.05,5.32,21.62,true,1,5,true,89.95648279410108,28.4,true,false,false,defaite_serree,1,1,5,63,56,3,3,1,0,0,14498,4,10
rn:chaos:19,rn,rn,existing,chaos,contrarien,19,fun-audit-19,union,25,false,false,narrow_elimination,39,11.4,,-0.088,11.9,6,lfi,9,16.3,1,8,4,0.6,7,0,1,4,6,0,2,1,1,0,0.45,5.35,4.41,0,0.35,2.49,13.05,false,0,1,false,,,true,false,false,elimination_precoce,3,1,5,59,51,5,1,1,1,0,11984,24,16
rn:cautious:0,rn,rn,existing,cautious,prudent,0,fun-audit-0,field_first,31,true,true,president,84,19.7,53,0.282,13.8,1,ecologistes,12.2,17,1,1,0,8.1,17,0,0,3,7,1,0,2,0,0,3.99,3.78,0.35,0,0,3.97,12.09,false,0,3,true,79.94118377277897,37,true,false,false,victoire_serree,5,2,4,73,65,5,1,2,0,0,15473,3,11
rn:cautious:1,rn,rn,existing,cautious,prudent,1,fun-audit-1,presidential,31,true,true,president,85,19,53.8,0.255,16.2,1,nouvelle_energie,11.7,18.42,1,4,2,6.7,20,1,0,0,9,0,0,1,1,0,1.71,0,0,2.77,0,5.32,9.8,true,1,2,true,78.51475032026646,29.4,true,false,false,victoire_serree,3,1,5,74,65,3,3,3,0,0,15462,16,27
rn:cautious:2,rn,rn,existing,cautious,prudent,2,fun-audit-2,rupture,29,true,false,runoff_defeat,75,17.5,49.8,0.182,11.6,1,lfi,11.4,17.7,1,5,3,5.5,16,0,0,2,8,0,0,1,0,0,0.92,7.81,0,0.49,0.7,0.35,10.27,false,0,1,true,81.08850192159875,60.1,true,false,false,defaite_serree,2,1,3,67,64,1,1,1,0,0,14460,7,17
rn:cautious:3,rn,rn,existing,cautious,prudent,3,fun-audit-3,digital,31,true,true,president,85,19.8,55.8,0.286,12.2,1,nouvelle_energie,12.2,17.2,1,1,0,6,19,1,0,4,8,0,0,2,1,0,0.43,4.48,0,0,0.42,0.35,5.68,true,1,4,true,80,28.599999999999998,true,false,false,victoire_serree,2,1,5,78,73,2,1,2,0,0,15755,16,23
rn:cautious:4,rn,rn,existing,cautious,prudent,4,fun-audit-4,union,31,true,true,president,84,19.3,53.9,0.267,13,1,ps,11.5,17.5,1,4,2,5.7,17,0,0,3,6,0,0,1,1,0,0.86,1.68,0,0,0.49,0.35,3.38,false,0,1,true,77.21141119331462,73.4,true,false,false,victoire_serree,2,2,4,77,69,5,1,2,0,0,15589,23,14
rn:cautious:5,rn,rn,existing,cautious,prudent,5,fun-audit-5,field_first,31,true,true,president,78,17.2,52.5,0.184,12.5,1,lfi,11.7,18.4,1,3,2,4.2,19,0,0,4,6,2,0,1,1,0,0.66,0,1.05,0,0.7,2.81,5.22,false,0,3,true,84,61.6,true,false,false,victoire_serree,4,1,5,80,71,7,0,1,0,1,15356,20,14
rn:cautious:6,rn,rn,existing,cautious,prudent,6,fun-audit-6,presidential,31,true,true,president,81,17.4,51.8,0.192,13,1,lfi,13,20.7,1,1,0,4.1,16,0,0,2,8,0,0,3,0,0,2.51,1.68,0,1.37,0.42,0.35,6.33,false,0,3,true,74,60,true,false,false,victoire_serree,4,2,3,75,68,3,2,2,0,0,15434,6,5
rn:cautious:7,rn,rn,existing,cautious,prudent,7,fun-audit-7,rupture,29,true,false,runoff_defeat,75,17,49.6,0.176,11.9,1,nouvelle_energie,11.1,18.2,1,6,3,4.9,15,0,1,1,7,0,0,0,0,0,1.77,4.48,0.7,1.19,0,0.01,8.15,false,0,0,true,84.20123722302588,29.3,true,false,false,defaite_serree,2,1,4,70,58,6,2,3,1,0,14361,8,27
rn:cautious:8,rn,rn,existing,cautious,prudent,8,fun-audit-8,digital,29,true,false,runoff_defeat,68,14.3,45.9,0.065,11.3,1,ps,11.3,16.2,1,6,1,0.9,13,0,0,2,8,0,1,2,2,0,3.02,0,1.05,0,0.7,4.78,9.55,false,0,4,true,81,70,true,false,false,defaite_lourde,4,1,4,65,59,4,0,2,0,0,14488,16,18
rn:cautious:9,rn,rn,existing,cautious,prudent,9,fun-audit-9,union,31,true,true,president,82,19.6,51.2,0.258,16.1,1,lfi,12.7,19.8,1,1,0,6.5,20,0,0,3,8,1,0,1,0,0,1.45,3.78,0.35,0,0.35,4.14,10.07,false,0,2,true,81,59.8,true,false,false,victoire_serree,3,1,4,77,73,2,1,1,0,0,15303,7,12
rn:cautious:10,rn,rn,existing,cautious,prudent,10,fun-audit-10,field_first,31,true,true,president,79,18.5,54.5,0.218,12,1,nouvelle_energie,12,18.3,1,1,0,6,18,0,0,3,5,1,0,2,1,0,0.78,4.48,0,0,0.7,3.02,8.98,false,0,3,true,78,30.699999999999996,true,false,false,victoire_serree,2,2,4,74,70,2,2,0,0,0,15750,7,8
rn:cautious:11,rn,rn,existing,cautious,prudent,11,fun-audit-11,presidential,31,true,true,president,83,18.5,52.4,0.218,12.2,1,ps,12.2,18.9,1,1,0,5.8,18,0,0,3,7,0,0,2,0,0,0.52,0,0,1.56,0,0,2.08,false,0,3,true,76.51475032026646,73.2,true,false,false,victoire_serree,4,2,3,76,69,6,0,1,0,0,15452,16,12
rn:cautious:12,rn,rn,existing,cautious,prudent,12,fun-audit-12,rupture,29,true,false,runoff_defeat,66,13.2,44.1,0.027,10.9,1,renaissance,10.9,16.6,1,7,1,0.4,14,0,0,3,8,2,0,1,1,0,0.5,0,4.62,0.7,1.05,3.38,10.25,false,0,3,true,85.08850192159875,64,true,false,false,defaite_lourde,1,1,4,70,65,2,2,1,0,0,14574,10,11
rn:cautious:13,rn,rn,existing,cautious,prudent,13,fun-audit-13,digital,31,true,true,president,83,17.5,56.1,0.196,15.4,1,lr,13.4,18.12,1,1,0,5.8,17,0,0,2,8,0,0,0,0,0,0.08,0,0,0,1.12,3.74,4.94,false,0,0,true,78,61.1,true,false,false,victoire_confortable,4,1,2,74,70,1,2,1,0,0,15509,23,21
rn:cautious:14,rn,rn,existing,cautious,prudent,14,fun-audit-14,union,29,true,false,runoff_defeat,74,17,45.3,0.164,14.5,1,nouvelle_energie,13.39,19.7,1,1,0,4.4,15,0,0,1,7,0,0,1,0,0,0.4,7.88,0,0,0,3.74,12.02,false,0,1,true,78,28,true,false,false,defaite_lourde,3,1,2,68,61,2,2,3,0,0,14567,8,6
rn:cautious:15,rn,rn,existing,cautious,prudent,15,fun-audit-15,field_first,31,true,true,president,83,17.9,50.6,0.183,13.7,1,lfi,13.44,19.2,1,1,0,5.6,19,0,0,3,9,0,0,2,1,0,0.97,3.78,0,2.42,0.49,0.35,8.01,false,0,2,true,77.58796059058106,60.99999999999999,true,false,false,victoire_serree,4,1,4,80,73,4,2,1,0,0,15512,19,15
rn:cautious:16,rn,rn,existing,cautious,prudent,16,fun-audit-16,presidential,31,true,true,president,86,19.1,56.3,0.24,11.8,1,ps,11.8,18.5,1,3,1,6.3,19,0,0,2,10,0,0,2,2,0,2.13,1.86,0,0.49,0.35,3.92,8.75,false,0,5,true,80,73,true,false,false,victoire_confortable,1,1,3,77,69,4,2,2,0,0,16144,12,16
rn:cautious:17,rn,rn,existing,cautious,prudent,17,fun-audit-17,rupture,31,true,true,president,80,18.4,50.2,0.215,10.5,1,horizons,10.5,17.1,1,7,1,4.2,18,0,0,3,7,0,0,1,1,0,1.89,1.86,0,0.63,0.7,0.35,5.43,true,1,3,true,83.08850192159875,49.79999999999999,true,false,false,victoire_serree,7,2,5,72,65,4,1,2,0,0,15628,7,20
rn:cautious:18,rn,rn,existing,cautious,prudent,18,fun-audit-18,digital,29,true,false,runoff_defeat,75,17.4,48.5,0.178,13.3,1,nouvelle_energie,9.9,19.3,1,8,4,4.2,16,0,1,4,6,0,0,3,1,0,0.41,4.48,4.3,0.7,0,5.32,15.21,true,1,4,true,76.54425096079937,28,true,false,false,defaite_serree,2,1,6,70,60,6,2,1,1,0,14690,21,18
rn:cautious:19,rn,rn,existing,cautious,prudent,19,fun-audit-19,union,29,true,false,runoff_defeat,70,16.1,45.8,0.141,11.9,1,ps,11.7,16.9,1,3,1,3.3,14,0,1,4,7,0,1,2,1,0,1.95,1.68,0,0,0.7,4.44,8.77,false,0,2,true,82,71.80000000000001,true,false,false,defaite_lourde,3,1,5,69,57,8,1,2,1,0,14385,11,19
rn:narrative:0,rn,rn,existing,narrative,mediatique,0,fun-audit-0,field_first,31,true,true,president,85,19.7,51.5,0.282,13.8,1,ecologistes,11.6,17.2,1,4,2,8,21,0,0,5,9,0,0,2,1,0,4.02,0,4.8,0,0,0.47,9.29,false,0,4,true,90.74103229674057,37,true,false,false,victoire_serree,0,0,4,72,65,4,1,2,0,0,15650,18,4
rn:narrative:1,rn,rn,existing,narrative,mediatique,1,fun-audit-1,presidential,29,true,false,runoff_defeat,69,15.6,43.5,0.113,16.2,1,renaissance,10.6,16.2,1,6,10,2.9,13,0,0,0,10,1,1,0,0,0,7.92,3.61,0,0,6.65,0.45,18.63,true,1,0,true,97.98938155560379,62.7,true,false,false,defaite_lourde,2,1,4,65,60,3,2,0,0,0,14547,12,22
rn:narrative:2,rn,rn,existing,narrative,mediatique,2,fun-audit-2,rupture,29,true,false,runoff_defeat,70,16,45.8,0.127,11.6,1,lfi,11.1,16.74,1,6,5,3.9,13,0,0,2,9,1,0,2,1,0,6.84,1.35,0,1.89,0.7,0,10.78,false,0,3,true,95.87609144080415,60.1,true,false,false,defaite_lourde,1,1,4,67,64,1,1,1,0,0,14507,10,19
rn:narrative:3,rn,rn,existing,narrative,mediatique,3,fun-audit-3,digital,25,false,false,kingmaker,51,12.7,,0.008,12.2,4,nouvelle_energie,9.8,14.2,1,8,4,0.2,11,0,0,2,10,1,1,1,0,0,2.74,4.33,1.4,1.19,3.8,2.8,16.26,true,1,1,false,,,true,false,false,elimination_precoce,3,1,5,63,59,2,0,2,0,0,12627,8,5
rn:narrative:4,rn,rn,existing,narrative,mediatique,4,fun-audit-4,union,31,true,true,president,86,20.7,56.5,0.322,13,1,lfi,10.5,22.1,1,7,2,7.5,20,0,0,1,10,0,0,1,1,0,6.82,6.58,0,0,7.59,0,20.99,true,1,2,true,92.68654040977404,60.9,true,false,false,victoire_confortable,1,1,4,73,64,6,2,1,0,0,15587,14,10
rn:narrative:5,rn,rn,existing,narrative,mediatique,5,fun-audit-5,field_first,31,true,true,president,80,17.6,50.5,0.2,12.5,1,lfi,10.6,18.1,1,7,6,4.7,20,0,0,7,7,0,0,3,2,0,0.59,0.63,1.4,1.89,3.71,2.8,11.02,false,0,5,true,92.45709424554121,59,true,false,false,victoire_serree,4,1,4,80,70,8,0,1,0,1,15403,12,24
rn:narrative:6,rn,rn,existing,narrative,mediatique,6,fun-audit-6,presidential,29,true,false,runoff_defeat,70,16.4,48.1,0.153,13,1,lfi,13,18.6,1,1,0,2.6,12,0,0,1,8,0,1,1,0,0,3.29,3.61,1.4,1.89,3.76,5.8,19.75,false,0,1,true,98.03956890532932,61.1,true,false,false,defaite_serree,2,1,4,66,60,3,2,1,0,0,14598,23,18
rn:narrative:7,rn,rn,existing,narrative,mediatique,7,fun-audit-7,rupture,29,true,false,runoff_defeat,72,17,47.8,0.176,11.9,1,nouvelle_energie,11,17.6,1,6,3,4.9,14,0,1,1,7,0,0,0,0,0,2.01,1.3,0.7,1.19,0.28,0.01,5.49,true,1,0,true,93.38662771430634,29.3,true,false,false,defaite_serree,2,1,5,70,58,6,2,3,1,0,14276,18,13
rn:narrative:8,rn,rn,existing,narrative,mediatique,8,fun-audit-8,digital,29,true,false,runoff_defeat,71,15.5,43.2,0.109,11.3,1,ps,11.3,16.6,1,6,3,2.3,15,0,0,3,9,0,0,1,1,0,9.21,0.8,1.02,0,3.08,3.08,17.19,false,0,1,true,93.8193752149207,70,true,false,false,defaite_lourde,3,1,3,64,59,4,0,1,0,0,14370,11,19
rn:narrative:9,rn,rn,existing,narrative,mediatique,9,fun-audit-9,union,29,true,false,runoff_defeat,65,16,46.3,0.137,16.1,1,lfi,10.8,16.1,1,7,4,2.3,11,0,0,3,10,0,2,1,0,0,0.77,0.63,0.35,2.89,0.52,0.24,5.4,false,0,2,true,100,60.8,true,false,false,defaite_serree,3,1,4,68,63,3,0,2,0,0,14300,5,24
rn:narrative:10,rn,rn,existing,narrative,mediatique,10,fun-audit-10,field_first,31,true,true,president,77,15.6,52.9,0.16,12,1,rn_dissidence_21,12,17.5,1,1,0,3.9,15,0,0,1,9,1,0,2,2,0,9.11,4.05,1.96,0,3.08,2.56,20.76,true,1,4,true,94.67555711187333,94.24656635646133,true,false,false,victoire_serree,6,2,6,77,73,1,2,1,0,0,15515,21,22
rn:narrative:11,rn,rn,existing,narrative,mediatique,11,fun-audit-11,presidential,29,true,false,runoff_defeat,60,13.7,45.8,0.057,12.2,2,ps,11.1,15.22,1,2,0,2,11,0,0,3,6,0,1,2,2,0,0.02,0,0,2.09,0.35,0,2.46,true,1,4,true,95.1100656508182,72.8,true,false,false,defaite_lourde,2,1,5,69,63,4,1,1,0,0,14224,14,19
rn:narrative:12,rn,rn,existing,narrative,mediatique,12,fun-audit-12,rupture,29,true,false,runoff_defeat,69,17.5,49.7,0.257,10.9,1,rn_dissidence_20,10.9,15.84,1,7,1,6.5,11,0,0,7,6,0,0,3,3,0,2.39,0,3.68,0,0.7,3.15,9.92,true,1,7,true,92.88728729336304,92.50380032583385,true,false,false,defaite_serree,2,1,5,71,67,3,1,0,0,0,14389,22,18
rn:narrative:13,rn,rn,existing,narrative,mediatique,13,fun-audit-13,digital,31,true,true,president,78,16.9,52.8,0.173,15.4,1,lr,13.2,17.09,1,1,0,5.1,18,0,0,2,12,2,0,1,0,0,6.25,6.58,3.36,0,7.59,0.24,24.02,false,0,1,true,95.84277753144366,61.1,true,false,false,victoire_serree,2,1,4,73,69,1,2,1,0,0,15401,2,19
rn:narrative:14,rn,rn,existing,narrative,mediatique,14,fun-audit-14,union,29,true,false,runoff_defeat,68,16,41.1,0.127,14.5,1,nouvelle_energie,13.39,19,1,1,0,3.2,14,0,0,1,8,2,0,1,0,0,6.27,4.56,0,0,0.7,2.67,14.2,false,0,1,true,97.07160148469362,28,true,false,false,defaite_lourde,4,1,3,68,61,2,2,3,0,0,14621,11,19
rn:narrative:15,rn,rn,existing,narrative,mediatique,15,fun-audit-15,field_first,29,true,false,runoff_defeat,74,17.2,47.1,0.184,13.7,1,lfi,13.39,17.7,1,1,0,5.1,15,0,0,4,9,0,0,2,1,0,2.04,0.57,2.45,0,4.41,6.25,15.72,false,0,4,true,93.52925703909416,60.99999999999999,true,false,false,defaite_serree,0,0,4,71,66,4,0,1,0,0,14349,23,9
rn:narrative:16,rn,rn,existing,narrative,mediatique,16,fun-audit-16,presidential,31,true,true,president,84,18.6,52.1,0.222,11.8,1,nouvelle_energie,11.8,18.05,1,3,1,5.9,18,0,0,1,9,0,0,1,1,0,7.42,0.8,0,0,0,0,8.22,false,0,1,true,92.497101012777,28.799999999999997,true,false,false,victoire_serree,1,1,4,77,69,4,2,2,0,0,16005,8,20
rn:narrative:17,rn,rn,existing,narrative,mediatique,17,fun-audit-17,rupture,29,true,false,runoff_defeat,75,16.9,46.8,0.16,10.5,1,lr,10.5,16.81,1,7,1,3.8,16,0,0,3,9,0,0,2,1,0,6.14,9.82,1.4,0,3.78,2.97,24.11,true,1,3,true,93.37678978093224,65.69999999999999,true,false,false,defaite_serree,4,2,5,68,61,4,1,2,0,0,14583,10,4
rn:narrative:18,rn,rn,existing,narrative,mediatique,18,fun-audit-18,digital,29,true,false,runoff_defeat,71,16.3,46,0.138,13.3,1,nouvelle_energie,10.1,17.6,1,8,4,3.3,13,0,0,2,9,0,0,2,1,0,5.25,0,0,1.02,6.96,3.45,16.68,true,1,4,true,92.07930455382821,28.4,true,false,false,defaite_serree,1,1,5,68,61,3,3,1,0,0,14484,6,13
rn:narrative:19,rn,rn,existing,narrative,mediatique,19,fun-audit-19,union,29,true,false,runoff_defeat,60,13.7,43.9,0.047,11.9,1,lfi,9.9,16.6,1,8,7,0.8,11,0,1,5,7,0,2,2,1,0,0.89,6.58,2.31,0,0.35,3.28,13.41,false,0,2,true,100,61.6,true,false,false,defaite_lourde,3,1,5,68,58,7,1,1,1,0,14245,17,13
rn:beginner:0,rn,rn,existing,beginner,debutant_heuristic,0,fun-audit-0,field_first,31,true,true,president,87,20.5,53.5,0.314,13.8,1,ecologistes,12.2,18.27,1,1,0,9,18,0,0,4,10,1,0,2,1,0,1.15,0,4.3,1.54,0.7,5.76,13.45,false,0,3,true,74,37,true,false,false,victoire_serree,3,2,5,74,66,5,1,2,0,0,15548,23,13
rn:beginner:1,rn,rn,existing,beginner,debutant_heuristic,1,fun-audit-1,presidential,31,true,true,president,85,18.8,53.6,0.247,16.2,1,nouvelle_energie,11.5,18.27,1,4,2,6.5,21,1,0,0,9,0,0,1,1,0,5.41,0,0,3.1,0.35,0.95,9.81,true,1,2,true,78,29.4,true,false,false,victoire_serree,3,1,5,74,65,3,3,3,0,0,15427,12,27
rn:beginner:2,rn,rn,existing,beginner,debutant_heuristic,2,fun-audit-2,rupture,29,true,false,runoff_defeat,77,17.8,49.9,0.208,11.6,1,lfi,11.3,17.7,1,6,3,5.9,15,0,0,3,9,0,0,1,0,0,0.68,3.31,0,0.84,0.7,0,5.53,false,0,2,true,75.48868657588703,60.1,true,false,false,defaite_serree,2,1,3,67,64,1,1,1,0,0,14423,5,8
rn:beginner:3,rn,rn,existing,beginner,debutant_heuristic,3,fun-audit-3,digital,31,true,true,president,86,19.5,57.4,0.275,12.2,1,ps,12.2,17.2,1,1,0,5.6,19,1,0,5,8,0,0,2,1,0,1.89,0.07,0,0,3.82,0.35,6.13,true,1,4,true,77.05900128106583,72.50000000000001,true,false,false,victoire_confortable,3,1,5,78,73,2,1,2,0,0,15699,24,23
rn:beginner:4,rn,rn,existing,beginner,debutant_heuristic,4,fun-audit-4,union,31,true,true,president,92,22.6,59.2,0.396,13,1,lfi,11.3,24.7,1,4,2,9.7,21,0,0,1,10,0,0,1,1,0,5.01,2.38,0,0.84,5.71,0,13.94,true,1,2,true,73,60.9,true,true,false,remontee_spectaculaire,2,1,5,73,64,6,2,1,0,0,15405,15,25
rn:beginner:5,rn,rn,existing,beginner,debutant_heuristic,5,fun-audit-5,field_first,31,true,true,president,81,17.9,54.5,0.212,12.5,1,lfi,11.6,19,1,4,2,5,18,0,0,4,7,1,0,1,1,0,0.66,0,1.05,0.84,0.7,8.58,11.83,false,0,3,true,76,61.6,true,false,false,victoire_serree,5,1,4,80,70,7,0,2,0,1,15355,20,14
rn:beginner:6,rn,rn,existing,beginner,debutant_heuristic,6,fun-audit-6,presidential,31,true,true,president,83,17.9,51.8,0.212,13,1,lfi,13,21,1,1,0,4.3,18,0,0,1,9,0,0,1,0,0,2.81,0,0,2.07,4.11,0.35,9.34,false,0,1,true,79.81711678997192,60,true,false,false,victoire_serree,5,2,3,74,68,3,2,1,0,0,15554,6,5
rn:beginner:7,rn,rn,existing,beginner,debutant_heuristic,7,fun-audit-7,rupture,31,true,true,president,85,18.3,50.5,0.227,11.9,1,nouvelle_energie,11.2,19.3,1,6,3,6.4,20,0,1,1,8,0,0,0,0,0,2.64,1.86,1.05,1.75,0.42,8.87,16.59,true,1,0,true,83.08850192159875,29.5,true,false,false,victoire_serree,4,1,5,76,64,6,2,3,1,0,15192,18,27
rn:beginner:8,rn,rn,existing,beginner,debutant_heuristic,8,fun-audit-8,digital,29,true,false,runoff_defeat,70,15.5,47.1,0.118,11.3,1,ps,11.3,17,1,6,3,2.3,12,0,0,2,10,0,1,1,1,0,6.8,1.86,1.05,0,0.7,4.6,15.01,false,0,1,true,79.02950064053292,70,true,false,false,defaite_serree,3,1,5,65,59,4,0,2,0,0,14250,21,11
rn:beginner:9,rn,rn,existing,beginner,debutant_heuristic,9,fun-audit-9,union,31,true,true,president,84,19.7,51.3,0.282,16.1,1,lfi,13.4,20.3,1,1,0,6.6,18,0,0,2,9,1,0,2,1,0,4.57,1.68,0,2.24,0.35,7.27,16.11,false,0,3,true,76,59.8,true,false,false,victoire_serree,3,1,5,77,73,2,1,1,0,0,15122,7,16
rn:beginner:10,rn,rn,existing,beginner,debutant_heuristic,10,fun-audit-10,field_first,31,true,true,president,86,20,55.2,0.294,12,1,nouvelle_energie,12,20.1,1,1,0,7.7,19,0,0,3,7,0,0,2,1,0,4.61,3.1,0,1.01,1.4,1.29,11.41,true,1,3,true,73,30.699999999999996,true,true,false,remontee_spectaculaire,5,2,5,74,70,2,2,0,0,0,15519,1,13
rn:beginner:11,rn,rn,existing,beginner,debutant_heuristic,11,fun-audit-11,presidential,31,true,true,president,83,17.6,54.3,0.2,12.2,1,ps,12.2,21.7,1,1,0,4.6,20,0,1,4,8,0,0,2,1,0,5.5,0,4.65,1.71,0,0,11.86,false,0,3,true,71,72.10000000000001,true,false,false,victoire_serree,5,2,4,77,68,5,2,1,1,0,15507,23,13
rn:beginner:12,rn,rn,existing,beginner,debutant_heuristic,12,fun-audit-12,rupture,29,true,false,runoff_defeat,68,14.8,47.2,0.09,10.9,1,ps,10.9,18.1,1,7,1,2.2,13,0,0,7,6,0,0,2,1,0,0.05,0,9,0.7,0,6.57,16.32,false,0,5,true,74.31161918908211,71.60000000000001,true,false,false,defaite_serree,1,1,4,66,62,2,2,0,0,0,14469,22,10
rn:beginner:13,rn,rn,existing,beginner,debutant_heuristic,13,fun-audit-13,digital,31,true,true,president,85,18,56.7,0.216,15.4,1,lr,13.4,18.98,1,1,0,6.3,19,0,0,0,11,0,0,0,0,0,6.87,2.38,1.05,0,4.45,8.87,23.62,false,0,0,true,76,61.1,true,false,false,victoire_confortable,4,1,1,74,70,1,2,1,0,0,15327,2,19
rn:beginner:14,rn,rn,existing,beginner,debutant_heuristic,14,fun-audit-14,union,29,true,false,runoff_defeat,71,16.5,44.1,0.145,14.5,1,nouvelle_energie,13.39,19.8,1,1,0,3.8,13,0,0,1,8,1,0,1,0,0,1.39,5.41,0,0,0.7,1.82,9.32,false,0,1,true,76,28,true,false,false,defaite_lourde,5,1,3,68,61,2,2,3,0,0,14594,2,19
rn:beginner:15,rn,rn,existing,beginner,debutant_heuristic,15,fun-audit-15,field_first,29,true,false,runoff_defeat,69,15.6,48.8,0.122,13.7,1,lfi,12.6,18.1,1,1,0,3.3,13,0,0,4,10,0,2,2,1,0,2.18,3.21,1.05,0.84,0.7,10.76,18.74,false,0,4,true,84.54425096079937,60.99999999999999,true,false,false,defaite_serree,1,1,5,71,66,4,0,1,0,0,14351,12,20
rn:beginner:16,rn,rn,existing,beginner,debutant_heuristic,16,fun-audit-16,presidential,31,true,true,president,81,17.8,55.2,0.193,11.8,1,horizons,11.8,18.76,1,3,1,5.9,19,0,0,2,9,0,0,1,1,0,5.87,0.8,8.69,0.7,0,0,16.06,true,1,3,true,72,46.8,true,false,false,victoire_serree,1,1,4,80,69,4,3,4,0,0,16017,8,18
rn:beginner:17,rn,rn,existing,beginner,debutant_heuristic,17,fun-audit-17,rupture,29,true,false,runoff_defeat,72,17.5,48.2,0.182,10.5,1,horizons,10.5,15.79,1,7,1,3.2,14,0,0,1,9,0,2,1,1,0,2.75,2.75,0,0,0.7,6.58,12.78,true,1,2,true,95,48.199999999999996,true,false,false,defaite_serree,6,2,6,66,59,4,1,2,0,0,14347,7,26
rn:beginner:18,rn,rn,existing,beginner,debutant_heuristic,18,fun-audit-18,digital,29,true,false,runoff_defeat,76,17.3,49.1,0.188,13.3,1,nouvelle_energie,10.3,19.9,1,7,2,4.3,13,0,0,4,6,0,0,3,2,0,1.94,0,1.4,0,0.35,3.9,7.59,true,1,5,true,72,28.4,true,false,false,defaite_serree,3,1,5,71,63,4,3,1,0,0,14353,18,11
rn:beginner:19,rn,rn,existing,beginner,debutant_heuristic,19,fun-audit-19,union,29,true,false,runoff_defeat,72,17.1,46.5,0.18,11.9,1,ps,11.6,17.9,1,3,1,4.5,14,0,1,4,6,0,0,2,1,0,2.42,1.12,0,0,1.05,0.5,5.09,false,0,2,true,72.41475795533964,71.00000000000001,true,false,false,defaite_serree,4,2,5,69,57,8,1,2,1,0,14295,10,23
rn:neutral_baseline:0,rn,rn,existing,neutral_baseline,aleatoire,0,fun-audit-0,field_first,31,true,true,president,84,19.6,51.2,0.278,13.8,1,ecologistes,11.7,17.17,1,3,2,7.9,18,1,0,4,5,0,0,2,1,0,1.45,0,0.35,0.84,0,0.47,3.11,false,0,3,true,92.33088529923907,37,true,false,false,victoire_serree,3,2,5,72,65,4,1,2,0,0,15342,5,10
rn:neutral_baseline:1,rn,rn,existing,neutral_baseline,aleatoire,1,fun-audit-1,presidential,29,true,false,runoff_defeat,71,16.6,43.4,0.167,16.2,1,nouvelle_energie,11.4,16.2,1,4,4,4,12,1,0,0,9,0,1,1,0,0,3.5,0,0,3.45,0.35,0.95,8.25,true,1,1,true,94.84429880085392,29,true,false,false,defaite_lourde,2,1,4,68,59,3,2,4,0,0,14410,2,21
rn:neutral_baseline:2,rn,rn,existing,neutral_baseline,aleatoire,2,fun-audit-2,rupture,29,true,false,runoff_defeat,69,16.7,48.1,0.153,11.6,1,lfi,10.4,16.8,1,8,5,4.8,16,0,0,2,7,1,0,1,0,0,1.1,3.72,0,0.14,0.35,0,5.31,false,0,1,true,88.9187183863166,60.1,true,false,false,defaite_serree,3,1,4,67,64,1,1,1,0,0,14317,5,26
rn:neutral_baseline:3,rn,rn,existing,neutral_baseline,aleatoire,3,fun-audit-3,digital,29,true,false,runoff_defeat,72,18.5,46.1,0.235,12.2,1,nouvelle_energie,12,15.85,1,1,0,4.5,12,0,0,1,7,0,0,0,0,0,1.49,4.48,0,0,6.19,0.77,12.93,false,0,0,true,82.0549081069866,28.599999999999998,true,false,false,defaite_serree,1,1,3,67,64,1,0,2,0,0,14672,20,5
rn:neutral_baseline:4,rn,rn,existing,neutral_baseline,aleatoire,4,fun-audit-4,union,31,true,true,president,85,19.7,52.4,0.282,13,1,ps,10.8,16.75,1,6,4,6.1,20,0,0,3,9,0,0,0,0,0,3.71,6.58,1.4,2.47,3.08,2.8,20.04,true,1,0,true,90.00189008792694,73.4,true,false,false,victoire_serree,3,2,4,76,69,5,1,1,0,0,15368,21,27
rn:neutral_baseline:5,rn,rn,existing,neutral_baseline,aleatoire,5,fun-audit-5,field_first,31,true,true,president,76,15.5,50.8,0.105,12.5,1,nouvelle_energie,11.7,17.2,1,3,2,3.3,17,1,0,5,5,2,0,1,1,0,3.49,0,2.45,0,3.08,0.82,9.84,false,0,3,true,92.1842130022163,28.4,true,false,false,victoire_serree,7,2,6,80,70,7,0,2,0,1,15425,20,22
rn:neutral_baseline:6,rn,rn,existing,neutral_baseline,aleatoire,6,fun-audit-6,presidential,29,true,false,runoff_defeat,68,16.4,48.8,0.153,13,1,lfi,13,18.6,1,1,0,2.6,12,1,0,2,10,0,2,1,0,0,0.97,0,1.4,2.54,1.24,2.8,8.95,false,0,1,true,100,60,true,false,false,defaite_serree,4,1,5,66,60,3,2,1,0,0,14499,10,18
rn:neutral_baseline:7,rn,rn,existing,neutral_baseline,aleatoire,7,fun-audit-7,rupture,29,true,false,runoff_defeat,74,17.5,49.7,0.204,11.9,1,nouvelle_energie,11.2,18.2,1,6,3,5.4,15,1,1,0,8,0,0,0,0,0,2.84,0.8,5.6,1.89,0,10.27,21.4,true,1,0,true,89.98456445545943,29.3,true,false,false,defaite_serree,3,1,5,70,58,6,2,3,1,0,14379,2,19
rn:neutral_baseline:8,rn,rn,existing,neutral_baseline,aleatoire,8,fun-audit-8,digital,29,true,false,runoff_defeat,73,15.6,48.5,0.113,11.3,1,ps,11.3,16.4,1,6,1,4,15,0,0,2,9,0,0,3,1,0,1.02,0,1.4,0,3.39,0.45,6.26,false,0,5,true,85.05976047192745,70,true,false,false,defaite_serree,5,1,4,67,61,4,0,2,0,0,14359,11,26
rn:neutral_baseline:9,rn,rn,existing,neutral_baseline,aleatoire,9,fun-audit-9,union,31,true,true,president,77,16.8,52.6,0.169,16.1,1,lfi,12.6,18.4,1,1,0,5.1,17,0,0,3,7,0,0,1,0,0,3.98,2.38,0,0,4.48,12.94,23.78,false,0,2,true,79.6513055833632,60.99999999999999,true,false,false,victoire_serree,2,1,3,76,74,2,0,0,0,0,15337,12,18
rn:neutral_baseline:10,rn,rn,existing,neutral_baseline,aleatoire,10,fun-audit-10,field_first,31,true,true,president,80,19,52.7,0.255,12,1,nouvelle_energie,12,18.2,1,1,0,6.5,20,0,0,2,10,2,0,2,1,0,8.22,1.68,7.41,1.64,4.48,0.94,24.37,false,0,3,true,95.33611549427246,30.699999999999996,true,false,false,victoire_serree,0,0,5,74,70,2,2,0,0,0,15639,14,24
rn:neutral_baseline:11,rn,rn,existing,neutral_baseline,aleatoire,11,fun-audit-11,presidential,31,true,true,president,73,14.8,51.6,0.075,12.2,1,ps,12.2,18.5,1,1,0,1.4,13,0,1,5,6,0,1,2,2,0,1.67,0,4.65,1.89,0,0,8.21,true,1,4,true,87.58578416464157,72.10000000000001,true,false,false,victoire_serree,5,2,7,77,68,6,1,1,1,0,15329,20,13
rn:neutral_baseline:12,rn,rn,existing,neutral_baseline,aleatoire,12,fun-audit-12,rupture,29,true,false,runoff_defeat,68,14.2,42.9,0.069,10.9,1,renaissance,10.9,16.9,1,7,1,1.6,13,0,0,1,10,0,1,2,0,0,1.78,0,2.1,0,4.06,3.18,11.12,false,0,2,true,91.99536878937978,64,true,false,false,defaite_lourde,3,2,3,70,65,2,2,1,0,0,14496,9,3
rn:neutral_baseline:13,rn,rn,existing,neutral_baseline,aleatoire,13,fun-audit-13,digital,31,true,true,president,78,16.7,54.6,0.165,15.4,1,lr,13.2,17.24,1,1,0,4.9,18,1,0,2,10,0,1,1,1,0,1.89,0,0,0.66,4.45,3.74,10.74,false,0,1,true,91.34253312246248,61.1,true,false,false,victoire_serree,3,1,5,74,70,1,2,1,0,0,15551,14,26
rn:neutral_baseline:14,rn,rn,existing,neutral_baseline,aleatoire,14,fun-audit-14,union,29,true,false,runoff_defeat,71,16.1,42.7,0.141,14.5,1,nouvelle_energie,13.36,18.4,1,1,0,3.3,15,0,0,2,7,0,0,0,0,0,2.27,0.39,0,1.01,0.35,3.74,7.76,false,0,0,true,89.33661952970739,28,true,false,false,defaite_lourde,3,1,2,68,61,2,2,3,0,0,14617,8,7
rn:neutral_baseline:15,rn,rn,existing,neutral_baseline,aleatoire,15,fun-audit-15,field_first,29,true,false,runoff_defeat,74,16.9,48.3,0.173,13.7,1,lfi,13.44,18.4,1,1,0,4.5,14,0,0,3,10,0,1,4,3,0,3.09,1.68,1.4,1.37,1.74,5.8,15.08,false,0,5,true,90.37879468972186,60.99999999999999,true,false,false,defaite_serree,1,1,5,70,65,4,0,1,0,0,14724,12,5
rn:neutral_baseline:16,rn,rn,existing,neutral_baseline,aleatoire,16,fun-audit-16,presidential,31,true,true,president,84,19.1,55.3,0.259,11.8,1,ps,11.8,18,1,3,1,6.4,19,0,0,2,7,0,0,1,0,0,4.24,0,0,1.61,0.35,0.95,7.15,false,0,1,true,84.73784545283718,73.2,true,false,false,victoire_serree,2,1,2,78,69,4,3,2,0,0,15939,8,27
rn:neutral_baseline:17,rn,rn,existing,neutral_baseline,aleatoire,17,fun-audit-17,rupture,29,true,false,runoff_defeat,74,17,49.9,0.164,10.5,1,lfi,10.5,17.8,1,7,1,5.1,16,0,0,2,8,0,0,1,1,0,2.9,5.35,0,0.63,1.75,0.35,10.98,true,1,3,true,80.71490487823345,61.400000000000006,true,false,false,defaite_serree,4,2,5,68,61,5,1,1,0,0,14631,7,23
rn:neutral_baseline:18,rn,rn,existing,neutral_baseline,aleatoire,18,fun-audit-18,digital,29,true,false,runoff_defeat,69,15.7,46.6,0.116,13.3,1,nouvelle_energie,9.4,18.1,1,8,4,2.5,15,2,0,3,6,1,0,3,2,0,6.8,0,0,0.54,1.05,3.51,11.9,true,1,5,true,91.95775491760996,28.4,true,false,false,defaite_serree,0,0,7,71,63,4,3,1,0,0,14166,12,11
rn:neutral_baseline:19,rn,rn,existing,neutral_baseline,aleatoire,19,fun-audit-19,union,29,true,false,runoff_defeat,75,17.2,45.6,0.184,11.9,1,ps,11.4,17.9,1,3,3,4.6,15,1,1,4,6,0,0,2,1,0,2.21,2.38,0.35,0,3.39,2.69,11.02,false,0,2,true,84.50107854093933,71.00000000000001,true,false,false,defaite_lourde,3,2,5,69,57,8,1,2,1,0,14224,9,23
rn:risk_seeking_ref:0,rn,rn,existing,risk_seeking_ref,risque,0,fun-audit-0,field_first,31,true,true,president,83,19.4,56.9,0.282,13.8,1,ecologistes,11.9,18.6,1,1,0,7.7,19,0,0,5,7,1,0,3,1,0,5.53,0,4.8,0,0,3.97,14.3,false,0,4,true,81,37,true,false,false,victoire_confortable,2,2,4,71,66,4,0,1,0,0,15596,14,4
rn:risk_seeking_ref:1,rn,rn,existing,risk_seeking_ref,risque,1,fun-audit-1,presidential,31,true,true,president,83,18.4,55,0.241,16.2,1,renaissance,11.6,17.82,1,4,2,6.1,20,0,0,1,11,0,0,1,1,0,0.23,0,0,3.1,0.35,0.95,4.63,true,1,2,true,82.31535285367208,62.900000000000006,true,false,false,victoire_serree,2,1,4,72,65,3,3,1,0,0,15541,6,12
rn:risk_seeking_ref:2,rn,rn,existing,risk_seeking_ref,risque,2,fun-audit-2,rupture,29,true,false,runoff_defeat,73,18,48.5,0.216,11.6,1,lfi,11.5,17.65,1,3,3,6.1,16,0,0,2,9,1,0,1,0,0,1.97,3.72,1.4,1.01,3.39,2.8,14.29,false,0,1,true,89.4217387622564,60.1,true,false,false,defaite_serree,0,0,4,67,64,1,1,1,0,0,14526,14,19
rn:risk_seeking_ref:3,rn,rn,existing,risk_seeking_ref,risque,3,fun-audit-3,digital,29,true,false,runoff_defeat,66,14.5,49.2,0.078,12.2,1,horizons,9.3,14.81,1,7,4,3.5,14,0,0,4,9,1,1,1,1,0,1.73,2.67,1.4,0,0.95,2.8,9.55,true,1,2,true,94.0761245898486,46.2,true,false,false,defaite_serree,2,1,7,71,66,4,0,1,0,0,14440,8,5
rn:risk_seeking_ref:4,rn,rn,existing,risk_seeking_ref,risque,4,fun-audit-4,union,31,true,true,president,85,20.3,54.4,0.318,13,1,ps,11.2,17.9,1,5,4,6.8,22,0,0,4,8,0,0,3,1,0,2.4,5.67,0,0,0,3.74,11.81,true,1,5,true,80.9067133622501,74.20000000000002,true,false,false,victoire_serree,1,1,4,73,66,5,0,2,0,0,15595,5,27
rn:risk_seeking_ref:5,rn,rn,existing,risk_seeking_ref,risque,5,fun-audit-5,field_first,31,true,true,president,84,18.8,54.2,0.247,12.5,1,lfi,10.7,20.2,1,6,6,6,20,0,0,6,7,0,0,3,2,0,5.03,3.78,1.4,1.37,3.08,2.8,17.46,false,0,5,true,84.314622903538,59,true,false,false,victoire_serree,4,1,3,80,69,8,0,2,0,1,15514,11,24
rn:risk_seeking_ref:6,rn,rn,existing,risk_seeking_ref,risque,6,fun-audit-6,presidential,29,true,false,runoff_defeat,70,16.9,49.6,0.173,13,1,lfi,13,20,1,1,0,3.6,13,0,0,3,11,0,1,0,0,0,2.46,1.68,2.1,0.67,1.24,2.33,10.48,false,0,0,true,88.65031490856333,60,true,false,false,defaite_serree,3,1,4,66,60,3,2,1,0,0,14372,22,18
rn:risk_seeking_ref:7,rn,rn,existing,risk_seeking_ref,risque,7,fun-audit-7,rupture,31,true,true,president,84,18.2,50.7,0.224,11.9,1,nouvelle_energie,11.1,19.4,1,6,3,6.2,20,0,1,1,8,0,0,0,0,0,4.04,1.86,0.7,1.02,0,0.01,7.63,true,1,0,true,83.85139607202817,29.5,true,false,false,victoire_serree,0,0,5,76,64,6,2,3,1,0,15289,18,21
rn:risk_seeking_ref:8,rn,rn,existing,risk_seeking_ref,risque,8,fun-audit-8,digital,31,true,true,president,81,17.4,53.3,0.178,11.3,1,horizons,11.3,18,1,6,3,4.9,19,0,0,3,11,0,1,2,2,0,5.91,3.78,2.45,0,2.02,3.08,17.24,false,0,4,true,89.60325224186519,47.7,true,false,false,victoire_serree,2,1,5,76,68,5,1,2,0,0,15538,22,12
rn:risk_seeking_ref:9,rn,rn,existing,risk_seeking_ref,risque,9,fun-audit-9,union,31,true,true,president,79,17,52.4,0.164,16.1,1,lfi,13.2,19.1,1,1,0,5.3,18,0,0,2,9,1,0,1,0,0,1.14,3.78,0.35,2.24,0,0.24,7.75,false,0,2,true,85.14891828355506,60.199999999999996,true,false,false,victoire_serree,2,1,4,78,74,3,0,1,0,0,15261,7,23
rn:risk_seeking_ref:10,rn,rn,existing,risk_seeking_ref,risque,10,fun-audit-10,field_first,31,true,true,president,76,15.7,54.1,0.165,12,1,rn_dissidence_21,12,18.2,1,1,0,4,20,0,0,4,10,1,0,3,2,0,7.4,5.54,1.4,0,3.43,2.8,20.57,true,1,5,true,87.93646185911845,92.70325224186519,true,false,false,victoire_serree,1,1,5,77,73,1,2,1,0,0,15466,6,12
rn:risk_seeking_ref:11,rn,rn,existing,risk_seeking_ref,risque,11,fun-audit-11,presidential,31,true,true,president,81,17.6,50.4,0.208,12.2,1,ps,12.2,18.1,1,1,0,4.8,17,0,0,3,7,0,0,2,0,0,1.34,0,0,1.93,0,0,3.27,false,0,3,true,81.33784678662823,72.8,true,false,false,victoire_serree,2,1,3,75,69,6,0,0,0,0,15452,16,11
rn:risk_seeking_ref:12,rn,rn,existing,risk_seeking_ref,risque,12,fun-audit-12,rupture,31,true,true,president,77,17.3,50.2,0.247,10.9,1,rn_dissidence_20,10.9,16.25,1,7,1,6.3,17,0,0,6,7,1,0,3,3,0,0.75,0,0.35,0.56,0.35,4.14,6.15,true,1,7,true,86.76013133948638,92.583571965998,true,false,false,victoire_serree,1,1,6,79,74,3,2,0,0,0,15482,23,18
rn:risk_seeking_ref:13,rn,rn,existing,risk_seeking_ref,risque,13,fun-audit-13,digital,31,true,true,president,85,17.9,56.5,0.22,15.4,1,lr,13.4,18.2,1,1,0,6.2,18,0,0,2,9,0,0,0,0,0,1.11,0,0,0,4.8,3.74,9.65,false,0,0,true,77.39986986838534,61.1,true,false,false,victoire_confortable,2,1,2,74,70,1,2,1,0,0,15486,2,25
rn:risk_seeking_ref:14,rn,rn,existing,risk_seeking_ref,risque,14,fun-audit-14,union,29,true,false,runoff_defeat,69,16.3,43.8,0.149,14.5,1,nouvelle_energie,13.53,19.8,1,1,0,3.6,15,0,0,1,8,1,0,1,0,0,1.86,5.45,0,0,0.35,3.74,11.4,false,0,1,true,85.72791676286745,28,true,false,false,defaite_lourde,2,1,3,68,61,2,2,3,0,0,14513,8,27
rn:risk_seeking_ref:15,rn,rn,existing,risk_seeking_ref,risque,15,fun-audit-15,field_first,29,true,false,runoff_defeat,71,17.2,48.6,0.192,13.7,1,lfi,13.44,19,1,1,0,5,13,0,0,2,10,1,1,2,1,0,3.8,3.78,1.4,2.24,2.02,2.8,16.04,false,0,2,true,91.44400845066198,60.599999999999994,true,false,false,defaite_serree,2,1,6,70,65,4,0,1,0,0,14355,10,5
rn:risk_seeking_ref:16,rn,rn,existing,risk_seeking_ref,risque,16,fun-audit-16,presidential,31,true,true,president,85,19.1,54.4,0.259,11.8,1,horizons,11.8,18.7,1,3,1,7.3,20,0,0,2,9,0,0,1,1,0,0.14,3.78,0,0,0,0,3.92,false,0,3,true,82.43741018182081,46.8,true,false,false,victoire_serree,0,0,3,76,69,2,2,3,0,0,15906,6,4
rn:risk_seeking_ref:17,rn,rn,existing,risk_seeking_ref,risque,17,fun-audit-17,rupture,29,true,false,runoff_defeat,76,17.7,49.9,0.204,10.5,1,lfi,10.5,19.1,1,7,1,5.9,19,0,0,4,9,0,0,1,1,0,1.57,4.14,1.4,0.63,3.43,1.4,12.57,true,1,3,true,87.20213044634009,61.400000000000006,true,false,false,defaite_serree,3,2,5,68,61,5,1,1,0,0,14544,7,13
rn:risk_seeking_ref:18,rn,rn,existing,risk_seeking_ref,risque,18,fun-audit-18,digital,29,true,false,runoff_defeat,78,17.9,48.8,0.212,13.3,1,nouvelle_energie,10.6,19.7,1,7,2,5.3,18,0,0,2,11,0,0,3,2,0,1.1,0,2,0.17,1.05,0.95,5.27,true,1,5,true,81.33930549206019,28.4,true,false,false,defaite_serree,0,0,5,63,56,3,3,1,0,0,14358,14,10
rn:risk_seeking_ref:19,rn,rn,existing,risk_seeking_ref,risque,19,fun-audit-19,union,29,true,false,runoff_defeat,73,17.3,46.5,0.188,11.9,1,ps,11.6,18.3,1,3,1,4.8,15,0,1,4,9,0,0,1,1,0,1.11,1.68,0,0,0.35,0.95,4.09,false,0,1,true,81.51662772496204,71.60000000000001,true,false,false,defaite_serree,2,1,5,69,57,8,1,2,1,0,14303,10,16
reconquete:strategist:0,reconquete,reconquete,existing,strategist,parti_dabord,0,fun-audit-0,field_first,25,false,false,honorable_campaign,51,9.3,,0.358,5.7,7,rn,5.4,10.8,7,9,0,0.4,10,0,0,3,4,0,0,4,2,0,0.47,3.43,0.35,0,0,0.52,4.77,false,0,5,false,,,true,false,false,elimination_precoce,2,1,3,57,53,4,0,0,0,0,12398,11,5
reconquete:strategist:1,reconquete,reconquete,existing,strategist,parti_dabord,1,fun-audit-1,presidential,31,true,true,president,85,13,53.8,0.667,10.5,2,rn,7.38,14.3,1,9,7,0.4,20,0,0,0,9,0,0,0,0,0,8.79,0,1.4,3.13,3.08,3.73,20.13,true,1,0,true,85.79921928992862,86.1,true,false,false,victoire_serree,2,1,3,75,67,4,3,1,0,0,15583,15,2
reconquete:strategist:2,reconquete,reconquete,existing,strategist,parti_dabord,2,fun-audit-2,rupture,25,false,false,kingmaker,59,11.5,,0.542,8.4,4,lfi,6.83,12.3,2,9,2,0.1,12,1,0,2,6,2,0,1,0,0,0.48,12.05,1.4,0,2.38,0,16.31,true,1,1,false,,,true,false,false,elimination_precoce,3,1,5,62,58,1,1,2,0,0,12498,10,15
reconquete:strategist:3,reconquete,reconquete,existing,strategist,parti_dabord,3,fun-audit-3,digital,25,false,false,kingmaker,56,10,,0.417,7.7,5,rn,4.6,9.98,8,9,0,1.1,11,1,0,4,7,0,0,1,0,0,5.96,7.28,1.05,1.65,2.38,0,18.32,false,0,1,false,,,true,false,false,elimination_precoce,1,1,3,60,58,1,0,1,0,0,12690,14,15
reconquete:strategist:4,reconquete,reconquete,existing,strategist,parti_dabord,4,fun-audit-4,union,29,true,false,runoff_defeat,81,14.9,47.6,0.825,8.8,2,rn,6.6,14.4,1,9,2,1.6,16,1,0,0,7,0,0,1,1,0,7.31,3.43,1.4,1.65,2.73,2.63,19.15,false,0,1,true,84.7576038840082,85.60000000000001,true,false,false,defaite_serree,3,2,4,67,59,6,2,0,0,0,14417,9,16
reconquete:strategist:5,reconquete,reconquete,existing,strategist,parti_dabord,5,fun-audit-5,field_first,25,false,false,kingmaker,57,11.4,,0.533,7.2,5,lfi,5.5,11.4,5,9,0,1.2,12,0,0,2,6,0,0,0,0,0,5.17,7.28,0.35,0,0.35,2.89,16.04,true,1,0,false,,,true,false,false,elimination_precoce,4,1,3,69,59,7,0,2,0,1,12249,8,14
reconquete:strategist:6,reconquete,reconquete,existing,strategist,parti_dabord,6,fun-audit-6,presidential,29,true,false,runoff_defeat,80,14.1,46.4,0.758,5.6,1,rn,3.7,10.87,7,9,0,0.5,15,0,0,4,8,0,0,2,0,0,9.11,3.43,1.51,1.3,1.4,0.52,17.27,false,0,3,true,88.60093451910112,85.4,true,true,false,remontee_spectaculaire,3,2,4,62,58,3,1,0,0,0,14536,17,10
reconquete:strategist:7,reconquete,reconquete,existing,strategist,parti_dabord,7,fun-audit-7,rupture,25,false,false,kingmaker,62,11.7,,0.558,5.4,4,nouvelle_energie,5.4,12.1,3,9,0,0.5,12,1,1,1,10,0,1,1,1,0,9.38,3.43,1.54,0,7.1,1,22.45,false,0,1,false,,,true,false,false,elimination_precoce,4,2,6,60,51,5,2,1,1,0,12267,12,2
reconquete:strategist:8,reconquete,reconquete,existing,strategist,parti_dabord,8,fun-audit-8,digital,25,false,false,honorable_campaign,50,8,,0.25,7.9,8,ps,4.9,10.3,9,9,0,1.8,11,0,0,1,9,0,1,1,0,0,11.82,5.18,0.35,0,0.7,0.3,18.35,false,0,1,false,,,true,false,false,elimination_precoce,2,1,3,59,52,4,0,3,0,0,12332,21,3
reconquete:strategist:9,reconquete,reconquete,existing,strategist,parti_dabord,9,fun-audit-9,union,25,false,false,kingmaker,58,11.4,,0.533,10.2,4,lfi,6.99,13.6,1,9,2,0.9,13,0,0,2,7,0,1,1,0,0,3.43,11.94,1.4,0,2.38,0,19.15,true,1,1,false,,,true,false,false,elimination_precoce,3,1,4,61,57,2,1,1,0,0,12323,18,17
reconquete:strategist:10,reconquete,reconquete,existing,strategist,parti_dabord,10,fun-audit-10,field_first,25,false,false,honorable_campaign,55,9.7,,0.392,8.2,8,rn,6.7,11.7,3,9,0,0,9,1,0,1,5,0,0,0,0,0,6.23,5.64,1.4,1.65,2.38,0,17.3,false,0,0,false,,,true,false,false,elimination_precoce,4,2,3,62,58,2,2,0,0,0,12419,22,24
reconquete:strategist:11,reconquete,reconquete,existing,strategist,parti_dabord,11,fun-audit-11,presidential,29,true,false,runoff_defeat,78,13.7,49.5,0.725,7.8,1,ps,7.13,11.7,2,9,2,0.7,15,0,0,4,8,0,0,2,2,0,4.4,3.43,1.86,0,1.05,2.63,13.37,false,0,3,true,83.00948440065751,72.10000000000001,true,false,false,defaite_serree,2,1,4,66,60,4,1,1,0,0,14443,10,28
reconquete:strategist:12,reconquete,reconquete,existing,strategist,parti_dabord,12,fun-audit-12,rupture,25,false,false,honorable_campaign,50,9.8,,0.4,5.3,9,ps,5.3,10.4,8,9,0,0.2,9,0,0,1,7,1,1,0,0,0,3.01,6.38,0.35,1.65,0.7,0.52,12.61,false,0,0,false,,,true,false,false,elimination_precoce,3,3,4,63,59,2,2,0,0,0,12327,18,9
reconquete:strategist:13,reconquete,reconquete,existing,strategist,parti_dabord,13,fun-audit-13,digital,31,true,true,president,84,12.9,54.3,0.658,4.7,1,rn,4.7,15.6,1,9,1,0.9,17,0,0,1,8,0,0,0,0,0,12.86,5.18,1.4,1.65,2.38,0,23.47,false,0,0,true,79,87.8,true,true,false,remontee_spectaculaire,3,2,4,74,71,1,2,0,0,0,15181,5,21
reconquete:strategist:14,reconquete,reconquete,existing,strategist,parti_dabord,14,fun-audit-14,union,25,false,false,kingmaker,61,11.9,,0.575,4.4,4,nouvelle_energie,4.4,12.8,2,9,2,0.1,11,0,0,2,7,0,0,0,0,0,6.43,3.75,0,1.3,1.75,2.63,15.86,false,0,0,false,,,true,false,false,elimination_precoce,5,2,2,59,53,1,1,4,0,0,12358,18,6
reconquete:strategist:15,reconquete,reconquete,existing,strategist,parti_dabord,15,fun-audit-15,field_first,29,true,false,runoff_defeat,80,14.3,47.2,0.775,6.7,1,lfi,6.7,11.16,4,9,0,1,14,1,0,4,6,0,0,1,1,0,3.65,5.18,1.4,0,3.01,0.52,13.76,false,0,2,true,85.90248452103071,60.99999999999999,true,false,false,defaite_serree,2,1,5,69,65,4,0,0,0,0,14203,19,10
reconquete:strategist:16,reconquete,reconquete,existing,strategist,parti_dabord,16,fun-audit-16,presidential,25,false,false,kingmaker,62,11.6,,0.55,9.5,5,rn,7.13,11.16,4,9,0,0,13,0,0,0,9,0,0,0,0,0,13.81,0,3.11,1.65,3.08,0.52,22.17,false,0,0,false,,,true,false,false,elimination_precoce,2,1,1,59,54,2,2,1,0,0,12695,20,14
reconquete:strategist:17,reconquete,reconquete,existing,strategist,parti_dabord,17,fun-audit-17,rupture,25,false,false,kingmaker,65,13.6,,0.717,5,4,rn,3.8,13,1,9,2,0.5,13,0,0,3,5,1,0,1,1,0,2.38,10.37,0,1.65,0.7,0,15.1,false,0,2,false,,,true,true,false,remontee_spectaculaire,2,1,5,60,54,4,1,1,0,0,12337,20,16
reconquete:strategist:18,reconquete,reconquete,existing,strategist,parti_dabord,18,fun-audit-18,digital,25,false,false,kingmaker,65,13,,0.667,7.8,3,nouvelle_energie,4.8,9.9,7,9,0,0.3,15,0,1,2,7,0,0,2,2,0,9.82,5.18,1.4,0,2.38,0,18.78,true,1,3,false,,,true,false,false,elimination_precoce,2,1,5,62,52,6,2,1,1,0,12476,16,23
reconquete:strategist:19,reconquete,reconquete,existing,strategist,parti_dabord,19,fun-audit-19,union,29,true,false,runoff_defeat,76,13.6,48.8,0.717,10.5,2,ps,7.21,11.5,5,9,0,1.9,18,0,1,7,6,0,1,2,2,0,3.43,5.18,0,0,0.35,1.23,10.19,false,0,5,true,84.81996991106173,71.60000000000001,true,false,false,defaite_serree,3,1,6,74,63,9,1,0,1,0,14285,10,8
reconquete:roleplayer:0,reconquete,reconquete,existing,roleplayer,ideologiquement_coherent,0,fun-audit-0,field_first,25,false,false,kingmaker,61,10.8,,0.414,5.7,4,rn,5.6,11.9,2,9,2,0.5,13,1,0,3,5,0,0,3,1,0,0.73,0,0.35,0.49,0,0.52,2.09,false,0,4,false,,,true,false,false,elimination_precoce,2,1,4,57,53,4,0,0,0,0,12413,9,
reconquete:roleplayer:1,reconquete,reconquete,existing,roleplayer,ideologiquement_coherent,1,fun-audit-1,presidential,29,true,false,runoff_defeat,82,13.6,46.1,0.717,10.5,1,rn,7.29,14.4,1,9,7,1.3,15,1,0,1,13,0,0,1,0,0,1.67,0.42,1.4,1.64,2.77,0,7.9,true,2,1,true,75.58908849626152,86.1,true,false,false,defaite_serree,2,1,5,66,60,3,2,1,0,0,14485,16,26
reconquete:roleplayer:2,reconquete,reconquete,existing,roleplayer,ideologiquement_coherent,2,fun-audit-2,rupture,25,false,false,honorable_campaign,56,9,,0.333,8.4,8,ps,6.74,13.2,1,9,4,0.3,10,0,0,4,7,0,0,2,0,0,0.4,0.96,1.4,1.64,2.43,0,6.83,true,1,3,false,,,true,false,false,elimination_precoce,4,1,3,60,58,1,0,1,0,0,12495,12,24
reconquete:roleplayer:3,reconquete,reconquete,existing,roleplayer,ideologiquement_coherent,3,fun-audit-3,digital,25,false,false,retirement,59,11,,0.5,7.7,5,rn,5.6,11,6,9,0,0,12,0,0,3,10,0,0,1,0,0,3.83,0.42,2.45,3.35,2.38,0,12.43,false,0,1,false,,,true,false,false,elimination_precoce,1,1,2,60,58,1,0,1,0,0,12534,22,17
reconquete:roleplayer:4,reconquete,reconquete,existing,roleplayer,ideologiquement_coherent,4,fun-audit-4,union,31,true,true,president,92,16.3,54.6,0.807,8.8,1,rn,6.8,16.3,1,9,5,3.1,20,1,0,1,10,0,0,0,0,0,10.26,0,2.45,2.95,2.38,0,18.04,false,0,0,true,68,85.80000000000001,true,false,false,victoire_serree,4,2,3,73,65,6,2,0,0,0,15484,4,7
reconquete:roleplayer:5,reconquete,reconquete,existing,roleplayer,ideologiquement_coherent,5,fun-audit-5,field_first,25,false,false,kingmaker,62,12.2,,0.6,7.2,5,lfi,5.6,11.6,3,9,0,0.4,12,0,0,2,9,0,0,0,0,0,4.27,0.42,0,0.49,0,1,6.18,true,1,0,false,,,true,false,false,elimination_precoce,4,2,3,69,59,7,0,2,0,1,12261,16,24
reconquete:roleplayer:6,reconquete,reconquete,existing,roleplayer,ideologiquement_coherent,6,fun-audit-6,presidential,29,true,false,runoff_defeat,83,14.9,49,0.825,5.6,1,rn,3.8,11.9,2,9,3,1.3,15,1,0,2,10,0,0,1,1,0,5.03,0,3.61,2.09,3.01,0,13.74,false,0,1,true,74,85.80000000000001,true,true,false,remontee_spectaculaire,2,1,6,65,60,3,2,0,0,0,14604,9,24
reconquete:roleplayer:7,reconquete,reconquete,existing,roleplayer,ideologiquement_coherent,7,fun-audit-7,rupture,29,true,false,runoff_defeat,84,14.9,48.7,0.825,5.4,1,nouvelle_energie,5.4,13.6,1,9,5,3,16,1,1,0,11,0,0,0,0,0,5.96,0,0.35,1.65,0.98,1.7,10.64,false,0,0,true,73,29.3,true,true,false,remontee_spectaculaire,3,1,5,70,58,6,2,3,1,0,14390,22,21
reconquete:roleplayer:8,reconquete,reconquete,existing,roleplayer,ideologiquement_coherent,8,fun-audit-8,digital,25,false,false,narrow_elimination,59,10.9,,0.421,7.9,8,ps,5.1,10.89,5,9,0,0.1,12,1,0,2,11,0,0,3,1,0,6.75,0,0,0.49,0,0.52,7.76,false,0,5,false,,,true,false,false,elimination_precoce,4,2,4,63,55,4,0,4,0,0,12324,18,24
reconquete:roleplayer:9,reconquete,reconquete,existing,roleplayer,ideologiquement_coherent,9,fun-audit-9,union,31,true,true,president,87,13.7,55.1,0.725,10.2,2,lfi,6.99,14.7,1,9,1,0.3,21,1,0,2,10,0,0,1,0,0,4.16,0.15,1.4,0,2.69,0,8.4,true,1,1,true,69,61.599999999999994,true,false,false,victoire_serree,1,1,4,76,71,3,1,1,0,0,15375,24,17
reconquete:roleplayer:10,reconquete,reconquete,existing,roleplayer,ideologiquement_coherent,10,fun-audit-10,field_first,25,false,false,honorable_campaign,56,9.9,,0.408,8.2,7,rn,7.05,12.1,2,9,2,0.1,9,0,0,1,7,0,0,0,0,0,4.42,0.59,0.35,0,0.7,0,6.06,false,0,0,false,,,true,false,false,elimination_precoce,4,2,2,62,58,2,2,0,0,0,12220,12,22
reconquete:roleplayer:11,reconquete,reconquete,existing,roleplayer,ideologiquement_coherent,11,fun-audit-11,presidential,31,true,true,president,87,13.7,51.3,0.621,7.8,1,ps,7.13,12.15,2,9,3,0.7,21,1,1,6,9,0,0,1,1,0,5.07,0,1.86,1.47,0.7,0,9.1,false,0,2,true,73,72.10000000000001,true,false,false,victoire_serree,3,1,7,75,66,5,2,1,1,0,15487,13,17
reconquete:roleplayer:12,reconquete,reconquete,existing,roleplayer,ideologiquement_coherent,12,fun-audit-12,rupture,31,true,true,president,85,12.6,54.2,0.633,5.3,2,ps,5.3,12,3,9,0,0,19,1,0,1,10,0,0,0,0,0,0.64,2.7,0.35,2.95,0,0,6.64,false,0,0,true,71.69378182916644,72.00000000000001,true,false,false,victoire_serree,4,3,4,76,72,2,2,0,0,0,15306,24,17
reconquete:roleplayer:13,reconquete,reconquete,existing,roleplayer,ideologiquement_coherent,13,fun-audit-13,digital,29,true,false,runoff_defeat,78,12.4,48.3,0.617,4.7,2,rn,4.7,15.6,1,9,1,0.4,17,1,0,1,10,0,0,0,0,0,13.22,0.15,1.4,1.47,2.69,0,18.93,false,0,0,true,71,87.8,true,false,false,defaite_serree,3,2,4,66,64,1,1,0,0,0,14130,16,22
reconquete:roleplayer:14,reconquete,reconquete,existing,roleplayer,ideologiquement_coherent,14,fun-audit-14,union,29,true,false,runoff_defeat,77,12.6,47.6,0.543,4.4,2,nouvelle_energie,4.4,13.6,1,9,2,0.4,16,1,0,1,8,0,0,0,0,0,0.63,1.33,0.35,1.65,2.1,0.52,6.58,false,0,0,true,75,28.2,true,true,false,remontee_spectaculaire,5,2,5,66,60,1,3,2,0,0,14546,11,17
reconquete:roleplayer:15,reconquete,reconquete,existing,roleplayer,ideologiquement_coherent,15,fun-audit-15,field_first,29,true,false,runoff_defeat,79,14.3,48.4,0.664,6.7,1,lfi,6.7,11.6,4,9,0,1,14,1,0,4,10,1,0,2,2,0,2.12,1.9,1.75,0,4.34,0,10.11,false,0,3,true,69,60.99999999999999,true,false,false,defaite_serree,1,1,6,69,65,4,0,0,0,0,14223,10,18
reconquete:roleplayer:16,reconquete,reconquete,existing,roleplayer,ideologiquement_coherent,16,fun-audit-16,presidential,25,false,false,kingmaker,61,11.2,,0.365,9.5,5,rn,7.14,11.09,5,9,0,0.5,14,1,0,0,12,1,0,1,0,0,2.9,0,3.11,2.97,2.21,0,11.19,false,0,1,false,,,true,false,false,elimination_precoce,5,2,3,59,54,2,2,1,0,0,12717,9,10
reconquete:roleplayer:17,reconquete,reconquete,existing,roleplayer,ideologiquement_coherent,17,fun-audit-17,rupture,25,false,false,kingmaker,67,13.7,,0.621,5,4,rn,3.8,13.7,1,9,2,0.4,13,0,0,1,6,0,0,0,0,0,1.33,0.42,0.35,1.55,0.7,0,4.35,true,1,0,false,,,true,true,false,remontee_spectaculaire,5,2,4,60,54,4,1,1,0,0,12523,12,13
reconquete:roleplayer:18,reconquete,reconquete,existing,roleplayer,ideologiquement_coherent,18,fun-audit-18,digital,29,true,false,runoff_defeat,84,15.5,45.9,0.75,7.8,1,nouvelle_energie,4.7,15.6,1,9,1,2.8,16,1,1,1,10,0,0,0,0,0,1.57,0,3.11,2.09,3.08,0,9.85,true,1,0,true,73.69181637219614,28,true,false,false,defaite_lourde,2,2,5,70,60,6,2,1,1,0,14452,6,20
reconquete:roleplayer:19,reconquete,reconquete,existing,roleplayer,ideologiquement_coherent,19,fun-audit-19,union,25,false,false,kingmaker,59,10.7,,0.475,10.5,5,ps,7.21,12.1,2,9,2,1.1,13,1,1,6,9,0,0,2,1,0,9.34,0,0.35,0.07,0,0,9.76,false,0,4,false,,,true,false,false,elimination_precoce,3,1,5,57,50,5,1,0,1,0,12330,18,17
reconquete:opportunist:0,reconquete,reconquete,existing,opportunist,opportuniste_electoral,0,fun-audit-0,field_first,25,false,false,kingmaker,63,11.4,,0.457,5.7,4,rn,5.7,10.08,8,9,0,0.5,11,1,0,2,5,0,0,1,0,0,6.55,4.31,1.05,0,2.38,0,14.29,false,0,1,false,,,true,false,false,elimination_precoce,2,1,3,59,52,5,0,2,0,0,12645,20,5
reconquete:opportunist:1,reconquete,reconquete,existing,opportunist,opportuniste_electoral,1,fun-audit-1,presidential,25,false,false,kingmaker,59,11.2,,0.443,10.5,4,rn,7.38,13.7,1,9,4,1.4,11,0,0,0,9,1,1,0,0,0,5.08,0,0.35,3.91,2.73,6.88,18.95,true,1,0,false,,,true,false,false,elimination_precoce,3,1,4,58,53,3,2,0,0,0,12483,4,17
reconquete:opportunist:2,reconquete,reconquete,existing,opportunist,opportuniste_electoral,2,fun-audit-2,rupture,25,false,false,kingmaker,61,11.7,,0.558,8.4,3,lfi,6.65,12.1,2,9,2,0.3,12,0,0,3,7,1,0,1,1,0,2.63,12.93,1.05,0,3.08,0.52,20.21,false,0,2,false,,,true,false,false,elimination_precoce,3,1,4,62,58,1,1,2,0,0,12439,10,21
reconquete:opportunist:3,reconquete,reconquete,existing,opportunist,opportuniste_electoral,3,fun-audit-3,digital,25,false,false,kingmaker,56,9.6,,0.383,7.7,5,rn,4.6,9.75,8,9,0,1.6,9,1,0,3,7,0,0,1,1,0,2.18,7.28,1.05,2.52,2.38,0,15.41,false,0,2,false,,,true,false,false,elimination_precoce,2,1,4,59,57,1,0,1,0,0,12307,14,8
reconquete:opportunist:4,reconquete,reconquete,existing,opportunist,opportuniste_electoral,4,fun-audit-4,union,29,true,false,runoff_defeat,82,14.5,47.8,0.792,8.8,2,rn,6.5,14.2,1,9,2,1.2,14,1,0,0,8,0,0,1,1,0,9.73,4.31,0.35,1.65,2.38,5.77,24.19,false,0,1,true,86.82867924033884,85.60000000000001,true,false,false,defaite_serree,2,1,4,67,59,6,2,0,0,0,14440,9,16
reconquete:opportunist:5,reconquete,reconquete,existing,opportunist,opportuniste_electoral,5,fun-audit-5,field_first,25,false,false,kingmaker,53,9.4,,0.314,7.2,7,lfi,5,10.4,9,9,0,1.1,11,1,0,2,6,0,1,0,0,0,5,7.28,5.88,0,0,5.72,23.88,true,1,0,false,,,true,false,false,elimination_precoce,3,2,5,69,59,7,0,2,0,1,12280,18,3
reconquete:opportunist:6,reconquete,reconquete,existing,opportunist,opportuniste_electoral,6,fun-audit-6,presidential,31,true,true,president,90,14.3,56.3,0.775,5.6,1,rn,3.9,13.7,1,9,1,0.8,21,0,0,4,9,0,0,2,0,0,9.48,4.31,7.42,1.64,0.7,0.52,24.07,false,0,3,true,85.22738480921863,85.4,true,true,false,remontee_spectaculaire,2,1,4,72,66,4,2,0,0,0,15562,17,10
reconquete:opportunist:7,reconquete,reconquete,existing,opportunist,opportuniste_electoral,7,fun-audit-7,rupture,29,true,false,runoff_defeat,77,12.3,43.3,0.608,5.4,2,nouvelle_energie,5.4,12,3,9,0,0.1,15,1,1,1,8,0,0,1,1,0,3.23,4.31,7.39,0,7.8,1,23.73,false,0,1,true,90.53840025458808,29.3,true,false,false,defaite_lourde,5,2,5,70,58,6,2,3,1,0,14461,12,2
reconquete:opportunist:8,reconquete,reconquete,existing,opportunist,opportuniste_electoral,8,fun-audit-8,digital,25,false,false,honorable_campaign,43,7.1,,0.15,7.9,9,ps,4.8,10.3,9,9,0,0.6,10,0,0,1,9,0,2,1,1,0,9.92,0,1.4,0,0,6.25,17.57,false,0,2,false,,,true,false,false,elimination_precoce,2,1,4,63,55,4,0,4,0,0,12100,5,23
reconquete:opportunist:9,reconquete,reconquete,existing,opportunist,opportuniste_electoral,9,fun-audit-9,union,25,false,false,honorable_campaign,44,8.2,,0.267,10.2,9,renaissance,5.2,11,7,9,0,0.4,11,0,0,3,7,0,3,1,1,0,2.1,7.85,1.4,0,3.04,0,14.39,true,1,2,false,,,true,false,false,elimination_precoce,3,1,5,61,57,2,1,1,0,0,12523,18,1
reconquete:opportunist:10,reconquete,reconquete,existing,opportunist,opportuniste_electoral,10,fun-audit-10,field_first,25,false,false,strengthened_party,58,10,,0.417,8.2,6,rn,7.15,12.2,2,9,2,0,10,1,0,1,6,0,0,0,0,0,6.9,6.43,1.4,1.65,2.38,0,18.76,false,0,0,false,,,true,false,false,elimination_precoce,6,2,3,63,59,2,2,0,0,0,12415,22,
reconquete:opportunist:11,reconquete,reconquete,existing,opportunist,opportuniste_electoral,11,fun-audit-11,presidential,25,false,false,kingmaker,62,12.1,,0.507,7.8,4,ps,6.9,10.6,8,9,0,0.8,12,0,0,5,7,0,0,2,1,0,3.44,4.31,8.12,0,0,5.77,21.64,false,0,3,false,,,true,false,false,elimination_precoce,4,2,3,59,53,3,0,3,0,0,12362,16,7
reconquete:opportunist:12,reconquete,reconquete,existing,opportunist,opportuniste_electoral,12,fun-audit-12,rupture,29,true,false,runoff_defeat,80,12.8,41.7,0.65,5.3,1,renaissance,5.3,12.1,2,9,2,0.3,14,0,0,2,8,0,0,0,0,0,2.85,1.83,0,2.52,0.7,1.23,9.13,false,0,0,true,86.6670463707297,64,true,false,false,defaite_lourde,3,3,2,70,65,2,2,1,0,0,14383,9,3
reconquete:opportunist:13,reconquete,reconquete,existing,opportunist,opportuniste_electoral,13,fun-audit-13,digital,25,false,false,strengthened_party,54,10.1,,0.425,4.7,7,rn,4.7,10.05,8,9,0,0.8,9,0,0,1,7,0,1,0,0,0,7.41,0.63,1.4,1.65,3.04,0,14.13,false,0,0,false,,,true,false,false,elimination_precoce,3,2,3,58,56,1,1,0,0,0,12124,5,21
reconquete:opportunist:14,reconquete,reconquete,existing,opportunist,opportuniste_electoral,14,fun-audit-14,union,25,false,false,kingmaker,60,11.4,,0.457,4.4,4,nouvelle_energie,4.4,12.5,3,9,0,0.7,12,0,0,1,7,0,0,0,0,0,4.45,1.33,0.35,1.65,1.75,1.63,11.16,false,0,0,false,,,true,false,false,elimination_precoce,4,2,2,59,53,1,1,4,0,0,12574,18,4
reconquete:opportunist:15,reconquete,reconquete,existing,opportunist,opportuniste_electoral,15,fun-audit-15,field_first,25,false,false,kingmaker,69,13.2,,0.586,6.7,3,lfi,6.4,10.5,8,9,0,0.3,14,1,0,4,8,0,0,2,2,0,7.51,0.63,1.4,0,2.65,0,12.19,false,0,3,false,,,true,false,false,elimination_precoce,1,1,4,60,57,3,0,0,0,0,12339,12,11
reconquete:opportunist:16,reconquete,reconquete,existing,opportunist,opportuniste_electoral,16,fun-audit-16,presidential,25,false,false,kingmaker,58,11,,0.429,9.5,5,rn,6.5,11.1,5,9,0,0.7,12,0,0,0,10,0,1,0,0,0,10.96,0,5.81,1.65,2.73,0.52,21.67,false,0,0,false,,,true,false,false,elimination_precoce,2,1,2,59,54,2,2,1,0,0,12737,9,
reconquete:opportunist:17,reconquete,reconquete,existing,opportunist,opportuniste_electoral,17,fun-audit-17,rupture,25,false,false,kingmaker,63,12.2,,0.514,5,4,rn,3.8,13.3,1,9,2,2.1,12,0,0,3,8,0,1,1,1,0,5.7,11.15,0,3.91,0,0,20.76,false,0,2,false,,,true,false,false,elimination_precoce,5,2,4,60,54,4,1,1,0,0,12402,9,22
reconquete:opportunist:18,reconquete,reconquete,existing,opportunist,opportuniste_electoral,18,fun-audit-18,digital,29,true,false,runoff_defeat,78,13.5,45.5,0.607,7.8,2,nouvelle_energie,4.8,13.8,1,9,2,0.3,16,0,1,2,7,0,0,2,2,0,10.08,0.63,1.4,0,2.73,0,14.84,true,1,3,true,85.12213780372677,28,true,false,false,defaite_lourde,1,1,5,70,60,6,2,1,1,0,14417,16,23
reconquete:opportunist:19,reconquete,reconquete,existing,opportunist,opportuniste_electoral,19,fun-audit-19,union,25,false,false,kingmaker,56,11,,0.5,10.5,4,ps,6.37,11.3,6,9,0,0.2,12,0,1,6,7,0,2,2,2,0,0.54,0.63,0,0,6.83,1.23,9.23,false,0,5,false,,,true,false,false,elimination_precoce,4,1,5,63,55,6,1,0,1,0,12355,18,3
reconquete:chaos:0,reconquete,reconquete,existing,chaos,contrarien,0,fun-audit-0,field_first,25,false,false,honorable_campaign,51,9.5,,0.375,5.7,8,rn,5.7,9.35,8,9,0,0.3,8,1,0,1,7,0,1,3,0,0,10.7,3.45,0,0,2.73,7,23.88,false,0,3,false,,,true,false,false,elimination_precoce,2,1,4,60,53,5,0,2,0,0,12576,4,5
reconquete:chaos:1,reconquete,reconquete,existing,chaos,contrarien,1,fun-audit-1,presidential,25,false,false,honorable_campaign,41,6.6,,0.133,10.5,9,rn,4.8,11.7,5,9,0,1.5,9,1,0,0,8,0,2,2,0,0,4.48,7.35,3.05,1.12,7.1,6.46,29.56,true,3,2,false,,,true,false,false,elimination_precoce,1,1,4,58,53,3,2,0,0,0,12291,1,11
reconquete:chaos:2,reconquete,reconquete,existing,chaos,contrarien,2,fun-audit-2,rupture,25,false,false,honorable_campaign,38,6.5,,0.125,8.4,9,lfi,5.08,10.4,9,9,0,3.2,7,0,0,3,6,0,2,1,1,0,2.55,8.83,0,2.52,0,7,20.9,false,0,2,false,,,true,false,false,elimination_precoce,2,1,4,62,58,1,1,2,0,0,12366,23,22
reconquete:chaos:3,reconquete,reconquete,existing,chaos,contrarien,3,fun-audit-3,digital,25,false,false,honorable_campaign,48,7.5,,0.208,7.7,9,rn,4,8.6,9,9,0,0.7,9,1,0,5,6,0,0,2,2,0,6.54,7.28,0,2.52,2.73,7,26.07,false,0,4,false,,,true,false,false,elimination_precoce,2,1,4,59,57,1,0,1,0,0,12344,10,5
reconquete:chaos:4,reconquete,reconquete,existing,chaos,contrarien,4,fun-audit-4,union,25,false,false,kingmaker,61,11.6,,0.55,8.8,4,rn,6.5,11.4,5,9,0,1.8,10,0,0,0,7,0,0,0,0,0,6.7,4.31,1.05,1.82,2.73,5.77,22.38,false,0,0,false,,,true,false,false,elimination_precoce,4,2,1,63,53,6,2,2,0,0,12413,1,16
reconquete:chaos:5,reconquete,reconquete,existing,chaos,contrarien,5,fun-audit-5,field_first,25,false,false,kingmaker,41,6.6,,0.133,7.2,9,lfi,3.2,9.3,9,9,0,1.2,8,1,0,2,7,0,2,0,0,0,5.13,6.06,3.74,0,0.7,6.13,21.76,true,1,0,false,,,true,false,false,elimination_precoce,3,1,5,69,59,7,0,2,0,1,12236,23,1
reconquete:chaos:6,reconquete,reconquete,existing,chaos,contrarien,6,fun-audit-6,presidential,25,false,false,divided_party,51,10,,0.417,5.6,6,rn,3.9,10,9,9,0,0.3,10,0,0,3,7,0,1,2,0,0,7.66,4.94,6.72,0,0,7.17,26.49,false,0,3,false,,,true,false,false,elimination_precoce,1,1,3,59,53,3,2,1,0,0,12408,2,21
reconquete:chaos:7,reconquete,reconquete,existing,chaos,contrarien,7,fun-audit-7,rupture,25,false,false,honorable_campaign,46,9,,0.333,5.4,8,nouvelle_energie,5.35,9,9,9,0,0.8,8,0,1,2,7,0,1,1,1,0,5.51,5.18,4.09,0,7.1,6.13,28.01,false,0,2,false,,,true,false,false,elimination_precoce,3,1,5,60,51,5,2,1,1,0,12077,21,15
reconquete:chaos:8,reconquete,reconquete,existing,chaos,contrarien,8,fun-audit-8,digital,25,false,false,divided_party,39,4.8,,-0.04,7.9,9,ps,3.3,10.1,9,9,0,3.1,11,0,0,4,8,1,1,3,2,0,7.13,6.06,2.87,0,0,7,23.06,false,0,4,false,,,true,false,false,elimination_precoce,1,1,5,59,52,4,0,3,0,0,12295,22,13
reconquete:chaos:9,reconquete,reconquete,existing,chaos,contrarien,9,fun-audit-9,union,25,false,false,divided_party,29,3.8,,-0.24,10.2,9,lfi,3.1,11,7,9,0,5.3,9,0,0,3,7,0,4,1,1,0,4.79,4.24,0,0,0.35,0,9.38,true,1,2,false,,,true,false,true,effondrement,1,1,6,62,58,2,1,1,0,0,12385,21,2
reconquete:chaos:10,reconquete,reconquete,existing,chaos,contrarien,10,fun-audit-10,field_first,25,false,false,divided_party,42,6.3,,0.108,8.2,9,rn,3.9,10.2,9,9,0,2.4,9,1,0,2,9,1,1,1,0,0,9.7,3.28,2.87,2.93,7.17,0,25.95,true,1,1,false,,,true,false,false,elimination_precoce,4,2,6,62,58,2,2,0,0,0,12454,23,14
reconquete:chaos:11,reconquete,reconquete,existing,chaos,contrarien,11,fun-audit-11,presidential,25,false,false,kingmaker,55,10.9,,0.492,7.8,5,ps,7,11.5,5,9,0,1.1,11,0,0,7,6,0,1,1,1,0,2.01,4.31,8.12,0,0,5.77,20.21,false,0,2,false,,,true,false,false,elimination_precoce,3,2,4,59,53,3,0,3,0,0,12231,10,17
reconquete:chaos:12,reconquete,reconquete,existing,chaos,contrarien,12,fun-audit-12,rupture,25,false,false,kingmaker,60,11.3,,0.525,5.3,3,renaissance,5.3,9.9,9,9,0,1.4,12,0,0,3,8,1,0,0,0,0,8.18,4.66,3.5,2.52,2.38,0,21.24,false,0,0,false,,,true,false,false,elimination_precoce,1,1,3,63,59,2,2,0,0,0,12316,22,3
reconquete:chaos:13,reconquete,reconquete,existing,chaos,contrarien,13,fun-audit-13,digital,25,false,false,honorable_campaign,42,8.1,,0.258,4.7,9,rn,4.7,8.17,9,9,0,1.4,8,0,0,0,6,1,1,0,0,0,4.34,4.24,3.5,0,0.35,0,12.43,false,0,0,false,,,true,false,false,elimination_precoce,6,4,3,58,56,1,1,0,0,0,12250,3,2
reconquete:chaos:14,reconquete,reconquete,existing,chaos,contrarien,14,fun-audit-14,union,25,false,false,honorable_campaign,42,7.4,,0.2,4.4,9,nouvelle_energie,4.4,10.3,8,9,0,1.2,9,0,0,1,7,0,2,0,0,0,8.67,5.11,0,1.82,0.7,12.65,28.95,false,0,0,false,,,true,false,false,elimination_precoce,3,3,3,59,53,1,1,4,0,0,12317,20,4
reconquete:chaos:15,reconquete,reconquete,existing,chaos,contrarien,15,fun-audit-15,field_first,25,false,false,divided_party,42,8.1,,0.258,6.7,9,rn,4,9.1,9,9,0,0.5,11,1,0,5,7,0,3,2,2,0,6.13,5.88,0.35,0,0.35,7.17,19.88,false,0,3,false,,,true,false,false,elimination_precoce,1,1,5,62,58,3,0,1,0,0,12236,2,11
reconquete:chaos:16,reconquete,reconquete,existing,chaos,contrarien,16,fun-audit-16,presidential,25,false,false,divided_party,48,8.2,,0.267,9.5,9,rn,5.4,11,7,9,0,0.1,10,0,0,0,10,0,2,0,0,0,14.34,0,7.07,1.82,0.35,4.02,27.6,false,0,0,false,,,true,false,false,elimination_precoce,1,1,2,59,54,2,2,1,0,0,12774,20,23
reconquete:chaos:17,reconquete,reconquete,existing,chaos,contrarien,17,fun-audit-17,rupture,25,false,false,secret_civil_unrest,58,11.1,,0.508,5,4,rn,3.8,11.8,3,9,0,3.3,11,0,0,2,7,0,1,1,1,0,8.3,4.08,0,2.52,0,7.17,22.07,true,1,1,false,,,true,false,false,elimination_precoce,2,1,5,61,54,4,1,2,0,0,12454,10,17
reconquete:chaos:18,reconquete,reconquete,existing,chaos,contrarien,18,fun-audit-18,digital,25,false,false,kingmaker,51,9.5,,0.375,7.8,6,nouvelle_energie,4.4,7.8,9,9,0,0.2,10,1,1,5,5,0,0,2,1,0,7.08,7.28,0,0,0,4.02,18.38,true,1,2,false,,,true,false,false,elimination_precoce,1,1,6,62,52,6,2,1,1,0,12358,25,15
reconquete:chaos:19,reconquete,reconquete,existing,chaos,contrarien,19,fun-audit-19,union,25,false,false,honorable_campaign,41,6.7,,0.142,10.5,9,ps,5.8,11,7,9,0,2.4,9,1,1,2,7,0,1,1,0,0,6.9,6.06,2.34,1.12,0.7,5.77,22.89,false,0,1,false,,,true,false,false,elimination_precoce,5,2,5,57,50,5,1,0,1,0,12402,11,8
reconquete:cautious:0,reconquete,reconquete,existing,cautious,prudent,0,fun-audit-0,field_first,25,false,false,strengthened_party,55,10.2,,0.371,5.7,6,rn,5.6,11.9,2,9,2,0,11,1,0,2,4,0,0,1,1,0,0.33,0,0.35,0,1.33,0.52,2.53,false,0,2,false,,,true,false,false,elimination_precoce,2,1,4,57,53,4,0,0,0,0,12590,13,21
reconquete:cautious:1,reconquete,reconquete,existing,cautious,prudent,1,fun-audit-1,presidential,29,true,false,runoff_defeat,80,13.6,46.8,0.614,10.5,1,rn,7.29,15,1,9,5,1.2,16,1,0,1,9,0,0,0,0,0,3.16,2.38,0,1.12,0.35,9.38,16.39,true,2,0,true,70,86.1,true,false,false,defaite_serree,3,1,5,66,60,3,2,1,0,0,14491,16,24
reconquete:cautious:2,reconquete,reconquete,existing,cautious,prudent,2,fun-audit-2,rupture,25,false,false,honorable_campaign,50,8,,0.25,8.4,8,ps,6.83,12.8,1,9,4,1.4,11,1,0,2,5,0,0,1,0,0,4.33,4.68,0,0,0,0,9.01,true,1,1,false,,,true,false,false,elimination_precoce,6,2,4,60,58,1,0,1,0,0,12332,8,20
reconquete:cautious:3,reconquete,reconquete,existing,cautious,prudent,3,fun-audit-3,digital,25,false,false,kingmaker,61,11.1,,0.508,7.7,4,rn,5.6,11.35,4,9,0,2.6,11,0,0,4,7,0,0,1,0,0,2.9,2.38,0,2,1.33,5.6,14.21,false,0,1,false,,,true,false,false,elimination_precoce,1,1,2,60,58,1,0,1,0,0,12647,22,13
reconquete:cautious:4,reconquete,reconquete,existing,cautious,prudent,4,fun-audit-4,union,29,true,false,runoff_defeat,80,14.3,49.6,0.775,8.8,2,rn,6.8,15.2,1,9,2,0.9,15,1,0,1,7,0,0,0,0,0,3.12,0,1.05,3.63,0,0,7.8,false,0,0,true,74,85.60000000000001,true,false,false,defaite_serree,2,2,4,67,59,6,2,0,0,0,14076,9,7
reconquete:cautious:5,reconquete,reconquete,existing,cautious,prudent,5,fun-audit-5,field_first,25,false,false,kingmaker,58,11.5,,0.542,7.2,5,lfi,5.6,11.9,2,9,2,1.2,12,0,0,1,6,1,0,0,0,0,1.71,5.18,0.35,2,0,0,9.24,true,1,0,false,,,true,false,false,elimination_precoce,4,2,4,68,58,7,0,2,0,1,12382,10,24
reconquete:cautious:6,reconquete,reconquete,existing,cautious,prudent,6,fun-audit-6,presidential,31,true,true,president,91,15.5,50.2,0.875,5.6,1,rn,4.3,12.91,1,9,3,2,20,1,0,0,12,0,0,1,1,0,2.58,0,3.05,4.4,0,0,10.03,false,0,1,true,69,86.20000000000002,true,true,false,remontee_spectaculaire,0,0,6,74,69,2,3,0,0,0,15422,10,18
reconquete:cautious:7,reconquete,reconquete,existing,cautious,prudent,7,fun-audit-7,rupture,25,false,false,kingmaker,63,11.9,,0.575,5.4,4,nouvelle_energie,5.4,12.2,3,9,0,0.3,13,1,1,0,9,0,1,0,0,0,3.05,2.56,0.35,0,1.33,6.07,13.36,false,0,0,false,,,true,false,false,elimination_precoce,4,2,4,60,51,5,2,1,1,0,12333,9,12
reconquete:cautious:8,reconquete,reconquete,existing,cautious,prudent,8,fun-audit-8,digital,25,false,false,honorable_campaign,54,9.3,,0.307,7.9,8,horizons,5,10.85,5,9,0,0.3,12,1,0,0,10,0,1,1,1,0,2.36,4.48,0,1.12,0,0.52,8.48,false,0,1,false,,,true,false,false,elimination_precoce,3,1,4,59,52,4,0,3,0,0,12165,19,24
reconquete:cautious:9,reconquete,reconquete,existing,cautious,prudent,9,fun-audit-9,union,25,false,false,kingmaker,53,11.2,,0.517,10.2,5,lfi,6.99,13,1,9,2,0.1,11,0,0,2,7,0,1,1,0,0,5.65,7.04,0,0,0,0,12.69,true,1,1,false,,,true,false,false,elimination_precoce,3,1,4,61,57,2,1,1,0,0,12453,12,17
reconquete:cautious:10,reconquete,reconquete,existing,cautious,prudent,10,fun-audit-10,field_first,25,false,false,honorable_campaign,56,9.8,,0.4,8.2,7,rn,7.21,12.7,2,9,2,0.2,10,1,0,1,6,0,0,0,0,0,1.6,2.56,0.35,0,1.33,0,5.84,false,0,0,false,,,true,false,false,elimination_precoce,3,1,3,63,59,2,2,0,0,0,12258,7,22
reconquete:cautious:11,reconquete,reconquete,existing,cautious,prudent,11,fun-audit-11,presidential,31,true,true,president,86,14.2,52.1,0.657,7.8,1,horizons,7.13,14.4,1,9,5,1.2,20,1,1,3,7,0,0,1,1,0,4.84,0,4.45,0.7,0,0,9.99,false,0,2,true,72,46.2,true,false,false,victoire_serree,3,1,7,76,67,4,3,1,1,0,15595,16,12
reconquete:cautious:12,reconquete,reconquete,existing,cautious,prudent,12,fun-audit-12,rupture,25,false,false,kingmaker,62,12.1,,0.592,5.3,3,renaissance,5.3,11.19,6,9,0,0.5,12,1,0,2,9,0,1,0,0,0,3.49,9.21,0,2,0,0.52,15.22,false,0,0,false,,,true,false,false,elimination_precoce,4,1,4,63,59,2,2,0,0,0,12324,14,18
reconquete:cautious:13,reconquete,reconquete,existing,cautious,prudent,13,fun-audit-13,digital,25,false,false,narrow_elimination,57,10.9,,0.492,4.7,6,rn,4.7,10.42,8,9,0,0.2,10,1,0,1,6,0,0,0,0,0,7.96,5.18,0,1.82,0,0,14.96,false,0,0,false,,,true,false,false,elimination_precoce,5,2,3,58,56,1,1,0,0,0,12040,23,22
reconquete:cautious:14,reconquete,reconquete,existing,cautious,prudent,14,fun-audit-14,union,25,false,false,kingmaker,61,11.7,,0.479,4.4,4,nouvelle_energie,4.4,12.8,2,9,2,0.3,12,1,0,2,7,1,0,0,0,0,0.6,6.59,1.05,1.12,0.35,3.78,13.49,false,0,0,false,,,true,false,false,elimination_precoce,5,2,4,59,53,1,1,4,0,0,12411,5,21
reconquete:cautious:15,reconquete,reconquete,existing,cautious,prudent,15,fun-audit-15,field_first,31,true,true,president,86,14.6,50.3,0.686,6.7,1,lfi,6.7,12.38,2,9,3,1.3,19,1,0,4,7,0,0,1,1,0,5.26,9.14,0.35,0,0.35,4.2,19.3,false,0,2,true,67,60.99999999999999,true,false,false,victoire_serree,1,1,6,78,72,4,2,0,0,0,15245,8,18
reconquete:cautious:16,reconquete,reconquete,existing,cautious,prudent,16,fun-audit-16,presidential,25,false,false,kingmaker,61,11.6,,0.471,9.5,5,rn,7.14,11.97,3,9,0,0,13,1,0,0,8,0,0,1,0,0,7.66,0,0,0,0.98,4.2,12.84,false,0,1,false,,,true,false,false,elimination_precoce,5,2,2,59,54,2,2,1,0,0,12786,24,8
reconquete:cautious:17,reconquete,reconquete,existing,cautious,prudent,17,fun-audit-17,rupture,31,true,true,president,89,15.2,51.3,0.729,5,1,rn,3.8,14.8,1,9,7,1.3,19,1,0,1,7,0,0,1,0,0,7.96,0,0.35,1.82,0.35,4.2,14.68,true,1,1,true,78.84689091458323,89.40000000000002,true,true,false,remontee_spectaculaire,7,2,7,72,66,4,1,1,0,0,15639,9,13
reconquete:cautious:18,reconquete,reconquete,existing,cautious,prudent,18,fun-audit-18,digital,29,true,false,runoff_defeat,81,14.2,49.6,0.657,7.8,2,nouvelle_energie,4.4,15.5,1,9,1,1.1,16,1,1,2,8,0,0,1,0,0,4.82,5.18,0,0,6.23,4.02,20.25,true,1,1,true,67,28,true,false,false,defaite_serree,3,2,6,70,60,6,2,1,1,0,14380,6,17
reconquete:cautious:19,reconquete,reconquete,existing,cautious,prudent,19,fun-audit-19,union,25,false,false,honorable_campaign,52,9.7,,0.392,10.5,7,ps,7.21,11.8,3,9,0,0.2,10,1,1,5,6,0,1,2,1,0,1.82,0,0.35,0,0,5.6,7.77,false,0,4,false,,,true,false,false,elimination_precoce,5,2,6,57,50,5,1,0,1,0,12440,10,17
reconquete:narrative:0,reconquete,reconquete,existing,narrative,mediatique,0,fun-audit-0,field_first,25,false,false,kingmaker,56,10.4,,0.386,5.7,5,rn,5.4,9.12,9,9,0,0.5,11,0,0,3,5,0,0,1,0,0,6.55,4.31,1.05,0,2.38,0,14.29,false,0,1,false,,,true,false,false,elimination_precoce,2,1,2,59,52,5,0,2,0,0,12589,4,22
reconquete:narrative:1,reconquete,reconquete,existing,narrative,mediatique,1,fun-audit-1,presidential,25,false,false,strengthened_party,55,10.1,,0.364,10.5,7,rn,7.38,13.1,1,9,4,0,12,0,0,2,10,0,1,0,0,0,10.45,7.28,2.45,3.91,2.14,0,26.23,true,1,0,false,,,true,false,false,elimination_precoce,2,1,4,58,53,3,2,0,0,0,12524,12,8
reconquete:narrative:2,reconquete,reconquete,existing,narrative,mediatique,2,fun-audit-2,rupture,25,false,false,narrow_elimination,52,10.3,,0.442,8.4,7,lfi,6.65,11.5,6,9,0,0.6,10,0,0,4,6,0,1,1,1,0,0,10.38,1.05,0,3.71,0.52,15.66,false,0,2,false,,,true,false,false,elimination_precoce,2,1,4,62,58,1,1,2,0,0,12581,10,12
reconquete:narrative:3,reconquete,reconquete,existing,narrative,mediatique,3,fun-audit-3,digital,25,false,false,honorable_campaign,54,9.1,,0.342,7.7,8,horizons,5.5,9.5,9,9,0,0.4,9,0,0,6,7,0,0,2,1,0,6.23,7.28,1.05,2.52,1.81,0,18.89,true,1,3,false,,,true,false,false,elimination_precoce,0,0,4,62,58,2,0,2,0,0,12237,14,22
reconquete:narrative:4,reconquete,reconquete,existing,narrative,mediatique,4,fun-audit-4,union,25,false,false,kingmaker,64,12.6,,0.633,8.8,4,rn,6.7,12.7,2,9,2,0.7,12,0,0,1,5,0,0,0,0,0,6.2,0,2.45,1.82,2.38,0,12.85,false,0,0,false,,,true,false,false,elimination_precoce,1,1,2,63,53,6,2,2,0,0,12466,9,13
reconquete:narrative:5,reconquete,reconquete,existing,narrative,mediatique,5,fun-audit-5,field_first,25,false,false,kingmaker,54,9.8,,0.343,7.2,7,lfi,5.2,10.4,9,9,0,0.7,11,1,0,3,6,0,0,0,0,0,8.98,0,2.91,0,0,0.52,12.41,true,1,0,false,,,true,false,false,elimination_precoce,2,1,4,69,59,7,0,2,0,1,12179,18,14
reconquete:narrative:6,reconquete,reconquete,existing,narrative,mediatique,6,fun-audit-6,presidential,25,false,false,kingmaker,69,13,,0.667,5.6,4,rn,3.9,10.5,8,9,0,0.5,13,0,0,5,9,0,0,2,0,0,9.65,4.31,7.42,1.64,0.7,0.52,24.24,false,0,3,false,,,true,false,false,elimination_precoce,2,1,2,56,51,3,1,1,0,0,12580,17,18
reconquete:narrative:7,reconquete,reconquete,existing,narrative,mediatique,7,fun-audit-7,rupture,29,true,false,runoff_defeat,75,12.4,42.4,0.617,5.4,2,nouvelle_energie,5.4,12.2,3,9,0,0.2,15,0,1,1,8,0,0,1,0,0,6.53,0,0.35,1.82,7.1,0.3,16.1,false,0,1,true,90.22106705736985,29.3,true,false,false,defaite_lourde,2,1,3,68,56,6,2,3,1,0,14358,12,18
reconquete:narrative:8,reconquete,reconquete,existing,narrative,mediatique,8,fun-audit-8,digital,25,false,false,honorable_campaign,51,7.6,,0.186,7.9,9,ps,4.5,10.4,8,9,0,0,11,0,0,2,9,0,0,1,1,0,9.62,4.31,3.81,0,1.05,0.3,19.09,false,0,1,false,,,true,false,false,elimination_precoce,3,1,3,59,52,4,0,3,0,0,12463,24,17
reconquete:narrative:9,reconquete,reconquete,existing,narrative,mediatique,9,fun-audit-9,union,25,false,false,divided_party,40,5.9,,0.075,10.2,9,rn,3.2,10.8,8,9,0,2.6,9,0,0,4,10,0,3,2,1,0,9.24,8.63,1.4,0,5.35,0,24.62,true,3,3,false,,,true,false,false,elimination_precoce,2,1,5,61,56,4,0,1,0,0,12261,10,2
reconquete:narrative:10,reconquete,reconquete,existing,narrative,mediatique,10,fun-audit-10,field_first,25,false,false,honorable_campaign,46,7.2,,0.183,8.2,9,rn,5.2,10.7,8,9,0,1.4,10,0,0,2,9,0,2,1,0,0,8.3,3.28,2.1,3.28,5.1,0,22.06,true,1,1,false,,,true,false,false,elimination_precoce,5,2,4,63,59,2,2,0,0,0,12456,23,14
reconquete:narrative:11,reconquete,reconquete,existing,narrative,mediatique,11,fun-audit-11,presidential,25,false,false,kingmaker,57,11.3,,0.45,7.8,5,ps,6.6,10.7,8,9,0,0.6,13,0,0,7,6,0,0,2,1,0,6.99,4.31,6.02,0,0,0,17.32,false,0,3,false,,,true,false,false,elimination_precoce,2,1,3,59,53,3,0,3,0,0,12327,10,7
reconquete:narrative:12,reconquete,reconquete,existing,narrative,mediatique,12,fun-audit-12,rupture,25,false,false,honorable_campaign,53,9.7,,0.392,5.3,9,ps,5.3,9.8,9,9,0,0.3,10,0,0,2,8,0,1,0,0,0,0.88,9.71,3.5,2.52,7.8,0,24.41,false,0,0,false,,,true,false,false,elimination_precoce,3,1,3,63,59,2,2,0,0,0,12217,15,12
reconquete:narrative:13,reconquete,reconquete,existing,narrative,mediatique,13,fun-audit-13,digital,25,false,false,honorable_campaign,49,8.8,,0.317,4.7,9,rn,4.7,9.83,9,9,0,0.6,10,0,0,3,10,0,2,0,0,0,9.24,8.63,6.64,0,2.73,0,27.24,false,0,0,false,,,true,false,false,elimination_precoce,3,2,3,58,56,1,1,0,0,0,12147,9,19
reconquete:narrative:14,reconquete,reconquete,existing,narrative,mediatique,14,fun-audit-14,union,25,false,false,kingmaker,56,10.9,,0.421,4.4,5,nouvelle_energie,4.4,12,4,9,0,0.1,11,0,0,2,7,0,0,0,0,0,8.32,1.33,0.35,1.82,2.1,0.52,14.44,false,0,0,false,,,true,false,false,elimination_precoce,4,2,2,59,53,1,1,4,0,0,12553,18,4
reconquete:narrative:15,reconquete,reconquete,existing,narrative,mediatique,15,fun-audit-15,field_first,25,false,false,kingmaker,60,11.8,,0.486,6.7,5,rn,5.6,9.7,9,9,0,0.5,13,0,0,4,8,0,0,2,2,0,10.34,1.5,1.4,0,2.36,0,15.6,false,0,3,false,,,true,false,false,elimination_precoce,2,1,3,60,57,3,0,0,0,0,12360,12,11
reconquete:narrative:16,reconquete,reconquete,existing,narrative,mediatique,16,fun-audit-16,presidential,25,false,false,honorable_campaign,55,9.9,,0.35,9.5,7,rn,6.5,11.1,7,9,0,0.3,11,0,0,0,10,0,1,0,0,0,13.09,0,5.81,1.82,2.73,0.52,23.97,false,0,0,false,,,true,false,false,elimination_precoce,2,1,2,59,54,2,2,1,0,0,12805,20,
reconquete:narrative:17,reconquete,reconquete,existing,narrative,mediatique,17,fun-audit-17,rupture,25,false,false,kingmaker,60,11.6,,0.471,5,4,rn,3.8,12.9,2,9,2,2.7,12,0,0,3,8,0,1,1,1,0,5.7,11.15,0,3.91,0,0,20.76,false,0,2,false,,,true,false,false,elimination_precoce,5,2,4,61,54,4,1,2,0,0,12372,9,4
reconquete:narrative:18,reconquete,reconquete,existing,narrative,mediatique,18,fun-audit-18,digital,25,false,false,kingmaker,60,12.2,,0.514,7.8,5,nouvelle_energie,4.8,9.13,9,9,0,0.4,12,0,1,3,7,0,0,2,2,0,10.08,1.5,1.4,0,2.38,0,15.36,true,1,3,false,,,true,false,false,elimination_precoce,1,1,5,62,52,6,2,1,1,0,12447,16,13
reconquete:narrative:19,reconquete,reconquete,existing,narrative,mediatique,19,fun-audit-19,union,25,false,false,honorable_campaign,48,7.3,,0.192,10.5,9,ps,6.2,11.3,6,9,0,1.7,11,0,1,5,7,0,1,1,0,0,3.52,0.59,2.45,1.64,1.05,0,9.25,false,0,1,false,,,true,false,false,elimination_precoce,3,1,4,58,51,5,1,0,1,0,12212,16,8
reconquete:beginner:0,reconquete,reconquete,existing,beginner,debutant_heuristic,0,fun-audit-0,field_first,25,false,false,kingmaker,62,11.2,,0.443,5.7,4,rn,5.6,12.2,2,9,2,3.1,11,1,0,3,5,0,0,4,2,0,5.68,0,0,0,0,4.2,9.88,false,0,5,false,,,true,false,false,elimination_precoce,4,1,4,57,53,4,0,0,0,0,12433,4,17
reconquete:beginner:1,reconquete,reconquete,existing,beginner,debutant_heuristic,1,fun-audit-1,presidential,31,true,true,president,84,13.1,56.2,0.675,10.5,2,rn,7.36,14.4,1,9,5,0.5,19,1,0,0,11,2,0,0,0,0,6.53,0,0.35,4.57,2.73,6.88,21.06,true,1,0,true,75.39986986838534,86.1,true,false,false,victoire_confortable,2,1,4,75,67,4,3,1,0,0,15512,13,17
reconquete:beginner:2,reconquete,reconquete,existing,beginner,debutant_heuristic,2,fun-audit-2,rupture,25,false,false,honorable_campaign,58,9.8,,0.4,8.4,7,ps,6.65,13.8,1,9,4,0.9,10,0,0,1,9,0,0,2,1,0,8.74,6.35,2.84,0,2.73,0,20.66,true,1,3,false,,,true,false,false,elimination_precoce,4,1,4,60,58,1,0,1,0,0,12257,13,21
reconquete:beginner:3,reconquete,reconquete,existing,beginner,debutant_heuristic,3,fun-audit-3,digital,25,false,false,kingmaker,62,11.2,,0.517,7.7,4,rn,6.6,11.73,4,9,0,2.4,13,0,0,5,11,0,1,3,0,0,7.84,3.08,1.4,2,2.69,1.4,18.41,false,0,4,false,,,true,false,false,elimination_precoce,1,1,3,60,57,1,0,2,0,0,12569,22,23
reconquete:beginner:4,reconquete,reconquete,existing,beginner,debutant_heuristic,4,fun-audit-4,union,31,true,true,president,90,16.2,54.8,0.8,8.8,1,rn,6.9,15.8,1,9,5,3,18,1,0,1,8,0,0,0,0,0,11.59,0,0.35,2.95,2.38,5.77,23.04,false,0,0,true,67,85.80000000000001,true,false,false,victoire_serree,3,1,3,73,65,6,2,0,0,0,15455,4,24
reconquete:beginner:5,reconquete,reconquete,existing,beginner,debutant_heuristic,5,fun-audit-5,field_first,25,false,false,kingmaker,60,12.2,,0.514,7.2,5,lfi,5.7,11.51,3,9,0,0.4,11,0,0,2,7,1,0,0,0,0,3.49,0.42,5.25,0,0,9.4,18.56,true,1,0,false,,,true,false,false,elimination_precoce,4,2,4,69,59,7,0,2,0,1,12265,8,6
reconquete:beginner:6,reconquete,reconquete,existing,beginner,debutant_heuristic,6,fun-audit-6,presidential,29,true,false,runoff_defeat,81,13.8,46.6,0.733,5.6,2,rn,4.4,13.5,1,9,1,0.2,15,1,0,4,11,0,1,2,0,0,9.18,4.31,5.49,2.27,0,7.19,28.44,false,0,3,true,71,85.4,true,true,false,remontee_spectaculaire,3,1,6,64,59,4,1,0,0,0,14389,17,22
reconquete:beginner:7,reconquete,reconquete,existing,beginner,debutant_heuristic,7,fun-audit-7,rupture,29,true,false,runoff_defeat,84,14.7,49,0.808,5.4,1,nouvelle_energie,5.4,13.5,1,9,5,2.8,14,1,1,0,12,0,0,0,0,0,11.71,4.31,0,2.97,4.66,5.88,29.53,true,1,0,true,75,29.3,true,true,false,remontee_spectaculaire,4,1,6,70,58,6,2,3,1,0,14357,17,21
reconquete:beginner:8,reconquete,reconquete,existing,beginner,debutant_heuristic,8,fun-audit-8,digital,25,false,false,honorable_campaign,46,7.4,,0.2,7.9,9,ps,5.1,10.3,9,9,0,0.3,10,1,0,1,11,0,2,1,1,0,7.77,0,1.05,0,0.35,7.62,16.79,false,0,2,false,,,true,false,false,elimination_precoce,2,1,5,59,52,4,0,3,0,0,12218,6,
reconquete:beginner:9,reconquete,reconquete,existing,beginner,debutant_heuristic,9,fun-audit-9,union,25,false,false,kingmaker,62,12.3,,0.608,10.2,3,lfi,6.99,13.8,1,9,2,1.2,13,0,0,2,8,0,1,1,0,0,8.41,3.65,1.4,0,3.01,0,16.47,true,1,1,false,,,true,false,false,elimination_precoce,2,1,4,61,57,2,1,1,0,0,12301,24,17
reconquete:beginner:10,reconquete,reconquete,existing,beginner,debutant_heuristic,10,fun-audit-10,field_first,25,false,false,honorable_campaign,53,9.6,,0.383,8.2,8,rn,7.21,12.6,2,9,2,0.1,9,0,0,2,7,0,1,0,0,0,2.21,2.56,1.75,0,2.12,0,8.64,false,0,0,false,,,true,false,false,elimination_precoce,5,2,3,63,59,2,2,0,0,0,12307,17,
reconquete:beginner:11,reconquete,reconquete,existing,beginner,debutant_heuristic,11,fun-audit-11,presidential,31,true,true,president,89,14.5,52.3,0.792,7.8,1,ps,7.13,13.37,1,9,7,1.9,20,1,1,6,6,0,0,1,1,0,4.04,0,4.45,2.1,0,0,10.59,false,0,2,true,68,72.10000000000001,true,false,false,victoire_serree,1,1,7,75,66,5,2,1,1,0,15456,19,17
reconquete:beginner:12,reconquete,reconquete,existing,beginner,debutant_heuristic,12,fun-audit-12,rupture,25,false,false,kingmaker,61,11.5,,0.542,5.3,3,ps,5.3,10.67,6,9,0,1.2,11,1,0,1,10,0,1,0,0,0,5.88,2.77,0.35,3.27,0.03,0,12.3,false,0,0,false,,,true,false,false,elimination_precoce,4,2,4,63,59,2,2,0,0,0,12294,5,17
reconquete:beginner:13,reconquete,reconquete,existing,beginner,debutant_heuristic,13,fun-audit-13,digital,29,true,false,runoff_defeat,80,12.6,48.5,0.633,4.7,2,rn,4.7,15.9,1,9,1,0.6,14,1,0,1,9,0,0,0,0,0,12.48,4.43,1.4,1.47,2.73,0,22.51,false,0,0,true,72,87.8,true,false,false,defaite_serree,3,2,4,66,64,1,1,0,0,0,14081,5,17
reconquete:beginner:14,reconquete,reconquete,existing,beginner,debutant_heuristic,14,fun-audit-14,union,29,true,false,runoff_defeat,76,12.3,48.4,0.521,4.4,2,nouvelle_energie,4.4,13.6,1,9,2,0.1,14,1,0,1,7,0,0,0,0,0,5.4,2.38,1.4,1.65,0.7,8,19.53,false,0,0,true,73,28.2,true,false,false,defaite_serree,6,1,4,66,60,1,3,2,0,0,14444,20,2
reconquete:beginner:15,reconquete,reconquete,existing,beginner,debutant_heuristic,15,fun-audit-15,field_first,29,true,false,runoff_defeat,81,14.7,49.2,0.808,6.7,1,lfi,6.7,12.75,2,9,3,1.4,15,1,0,4,10,0,1,2,2,0,11.64,4.36,1.75,0,2.73,4.38,24.86,false,0,3,true,74,60.99999999999999,true,false,false,defaite_serree,2,1,6,69,65,4,0,0,0,0,14194,22,28
reconquete:beginner:16,reconquete,reconquete,existing,beginner,debutant_heuristic,16,fun-audit-16,presidential,31,true,true,president,88,14.2,57.2,0.657,9.5,1,rn,7.14,16.2,1,9,1,2.4,20,1,0,0,11,0,0,0,0,0,19.85,0,7.66,0.7,2.38,0,30.59,false,0,0,true,67,85,true,false,false,victoire_confortable,2,1,2,78,70,4,3,1,0,0,15756,11,19
reconquete:beginner:17,reconquete,reconquete,existing,beginner,debutant_heuristic,17,fun-audit-17,rupture,31,true,true,president,89,14.4,52.3,0.671,5,2,rn,3.8,14.8,1,9,5,0.4,20,1,0,1,9,0,0,2,1,0,10.68,0.7,0.35,1.65,0,7.17,20.55,true,1,3,true,83.94535851599129,89.40000000000002,true,true,false,remontee_spectaculaire,5,1,8,72,66,4,1,1,0,0,15341,20,23
reconquete:beginner:18,reconquete,reconquete,existing,beginner,debutant_heuristic,18,fun-audit-18,digital,29,true,false,runoff_defeat,83,14.6,49.3,0.8,7.8,2,nouvelle_energie,4.9,15.4,1,9,1,1.5,16,1,1,2,7,0,0,2,2,0,9.38,1.5,1.4,0,2.38,1.22,15.88,true,1,3,true,67,28,true,false,false,defaite_serree,0,0,7,70,60,6,2,1,1,0,14447,16,10
reconquete:beginner:19,reconquete,reconquete,existing,beginner,debutant_heuristic,19,fun-audit-19,union,31,true,true,president,87,14.3,52.2,0.775,10.5,2,ps,7.25,12.44,2,9,1,2.7,20,1,1,6,6,0,1,2,2,0,3.69,1.5,0,0,0.35,1.23,6.77,false,0,5,true,73,71.60000000000001,true,false,false,victoire_serree,5,1,7,80,69,9,1,0,1,0,15211,10,22
reconquete:neutral_baseline:0,reconquete,reconquete,existing,neutral_baseline,aleatoire,0,fun-audit-0,field_first,25,false,false,narrow_elimination,54,10.2,,0.433,5.7,6,rn,5.3,8.86,9,9,0,0,11,0,0,1,4,0,0,1,0,0,6.62,0,0.35,0.49,0,0.52,7.98,false,0,1,false,,,true,false,false,elimination_precoce,2,1,2,59,52,5,0,2,0,0,12535,10,5
reconquete:neutral_baseline:1,reconquete,reconquete,existing,neutral_baseline,aleatoire,1,fun-audit-1,presidential,25,false,false,retirement,60,12,,0.538,10.5,4,rn,7.36,13.8,1,9,2,0.5,12,0,0,1,8,0,1,1,0,0,3.49,2.38,4.09,1.3,0.7,5,16.96,true,2,1,false,,,true,false,false,elimination_precoce,3,1,4,57,52,3,2,0,0,0,12573,20,21
reconquete:neutral_baseline:2,reconquete,reconquete,existing,neutral_baseline,aleatoire,2,fun-audit-2,rupture,25,false,false,honorable_campaign,49,9.6,,0.383,8.4,8,lfi,6.65,11.7,3,9,0,0.5,11,0,0,1,8,1,1,2,1,0,3.72,4.61,0,0,0.7,0,9.03,true,1,3,false,,,true,false,false,elimination_precoce,3,1,6,62,58,1,1,2,0,0,12340,7,18
reconquete:neutral_baseline:3,reconquete,reconquete,existing,neutral_baseline,aleatoire,3,fun-audit-3,digital,25,false,false,honorable_campaign,51,9.3,,0.358,7.7,6,rn,4.8,9.98,8,9,0,0.2,8,0,0,3,7,0,1,1,0,0,6.54,3.08,1.4,2.52,3.39,3.61,20.54,false,0,1,false,,,true,false,false,elimination_precoce,2,1,3,60,58,1,0,1,0,0,12536,14,5
reconquete:neutral_baseline:4,reconquete,reconquete,existing,neutral_baseline,aleatoire,4,fun-audit-4,union,31,true,true,president,86,14.7,52.1,0.808,8.8,2,rn,6.6,14.3,1,9,2,1.4,20,0,0,1,8,0,0,1,1,0,8.34,3.43,0,2.95,0.35,2.63,17.7,false,0,1,true,79,85.60000000000001,true,false,false,victoire_serree,4,2,4,76,67,7,2,0,0,0,15412,4,24
reconquete:neutral_baseline:5,reconquete,reconquete,existing,neutral_baseline,aleatoire,5,fun-audit-5,field_first,25,false,false,strengthened_party,54,10.3,,0.482,7.2,7,lfi,5.6,11,7,9,0,0.1,9,1,0,2,7,2,0,0,0,0,3.84,2.38,4.3,0,0.35,9.36,20.23,true,1,0,false,,,true,false,false,elimination_precoce,3,1,5,69,59,7,0,2,0,1,12123,15,14
reconquete:neutral_baseline:6,reconquete,reconquete,existing,neutral_baseline,aleatoire,6,fun-audit-6,presidential,25,false,false,kingmaker,62,12.1,,0.645,5.6,4,rn,3.7,10.3,8,9,0,1.6,11,0,0,3,10,0,1,1,0,0,3.66,4.31,0.81,0,1.05,5.62,15.45,false,0,1,false,,,true,false,false,elimination_precoce,3,1,3,60,54,3,2,1,0,0,12289,17,21
reconquete:neutral_baseline:7,reconquete,reconquete,existing,neutral_baseline,aleatoire,7,fun-audit-7,rupture,25,false,false,kingmaker,56,10.9,,0.393,5.4,5,nouvelle_energie,5.4,12.1,3,9,0,0.8,12,0,1,0,9,0,0,0,0,0,3.23,7.28,0,0,1.33,9.38,21.22,false,0,0,false,,,true,false,false,elimination_precoce,4,1,2,60,51,5,2,1,1,0,12221,14,19
reconquete:neutral_baseline:8,reconquete,reconquete,existing,neutral_baseline,aleatoire,8,fun-audit-8,digital,25,false,false,honorable_campaign,54,9.6,,0.329,7.9,8,ps,4.5,10.2,8,9,0,1.6,11,1,0,1,11,1,0,1,1,0,12.62,0,0.7,0,0,0.47,13.79,false,0,2,false,,,true,false,false,elimination_precoce,5,2,5,63,55,4,0,4,0,0,12107,18,12
reconquete:neutral_baseline:9,reconquete,reconquete,existing,neutral_baseline,aleatoire,9,fun-audit-9,union,25,false,false,kingmaker,44,7.5,,0.208,10.2,9,ps,4.2,11.2,7,9,0,1.2,10,1,0,4,8,1,1,1,0,0,0.05,6.37,8.48,0,1.4,0,16.3,true,1,1,false,,,true,false,false,elimination_precoce,1,1,6,65,59,3,1,2,0,0,12283,20,22
reconquete:neutral_baseline:10,reconquete,reconquete,existing,neutral_baseline,aleatoire,10,fun-audit-10,field_first,25,false,false,honorable_campaign,49,8.6,,0.3,8.2,8,rn,6.6,12.3,2,9,2,1.3,7,0,0,1,7,0,1,0,0,0,4.66,2.56,1.75,0,2.12,0,11.09,false,0,0,false,,,true,false,false,elimination_precoce,2,1,3,62,58,2,2,0,0,0,12324,7,14
reconquete:neutral_baseline:11,reconquete,reconquete,existing,neutral_baseline,aleatoire,11,fun-audit-11,presidential,25,false,false,kingmaker,62,12.3,,0.429,7.8,4,ps,7.13,11.6,4,9,0,0.6,11,0,0,4,5,0,0,2,1,0,5.94,0,1.86,0,0.7,0,8.5,false,0,3,false,,,true,false,false,elimination_precoce,3,1,3,59,53,3,0,3,0,0,12360,19,12
reconquete:neutral_baseline:12,reconquete,reconquete,existing,neutral_baseline,aleatoire,12,fun-audit-12,rupture,25,false,false,kingmaker,60,11.5,,0.591,5.3,4,renaissance,5.3,10.32,8,9,0,0.2,13,0,0,3,9,1,0,0,0,0,1.18,1.84,3.5,1.65,1.75,0,9.92,false,0,0,false,,,true,false,false,elimination_precoce,2,2,3,62,58,2,2,0,0,0,12374,14,3
reconquete:neutral_baseline:13,reconquete,reconquete,existing,neutral_baseline,aleatoire,13,fun-audit-13,digital,25,false,false,strengthened_party,54,10.1,,0.425,4.7,7,rn,4.7,10.16,8,9,0,0.8,11,0,0,1,7,0,1,0,0,0,5.22,1.5,1.4,1.82,2.73,0,12.67,false,0,0,false,,,true,false,false,elimination_precoce,2,2,3,58,56,1,1,0,0,0,12108,5,2
reconquete:neutral_baseline:14,reconquete,reconquete,existing,neutral_baseline,aleatoire,14,fun-audit-14,union,25,false,false,honorable_campaign,52,9.8,,0.4,4.4,8,nouvelle_energie,4.4,11.3,5,9,0,0.1,10,0,0,1,7,0,1,0,0,0,4.8,2.38,0,1.65,1.05,12.04,21.92,false,0,0,false,,,true,false,false,elimination_precoce,6,3,3,59,53,1,1,4,0,0,12349,21,14
reconquete:neutral_baseline:15,reconquete,reconquete,existing,neutral_baseline,aleatoire,15,fun-audit-15,field_first,29,true,false,runoff_defeat,81,13.6,46.3,0.717,6.7,1,lfi,6.7,12.7,2,9,1,0.2,16,1,0,4,10,0,1,2,2,0,8.22,1.33,1.75,0.49,1.8,4.38,17.97,false,0,3,true,87.68746442253696,60.99999999999999,true,false,false,defaite_serree,2,1,6,69,65,4,0,0,0,0,14185,8,
reconquete:neutral_baseline:16,reconquete,reconquete,existing,neutral_baseline,aleatoire,16,fun-audit-16,presidential,25,false,false,strengthened_party,58,10.7,,0.475,9.5,6,rn,7,10.9,6,9,0,0.1,11,0,0,0,10,1,0,1,0,0,7.18,0.7,5.81,2.44,0.81,7.17,24.11,false,0,1,false,,,true,false,false,elimination_precoce,5,2,2,59,54,2,2,1,0,0,12702,9,10
reconquete:neutral_baseline:17,reconquete,reconquete,existing,neutral_baseline,aleatoire,17,fun-audit-17,rupture,25,false,false,kingmaker,63,12.5,,0.536,5,4,horizons,3.6,13,1,9,2,1.9,12,0,0,1,5,0,0,0,0,0,5.54,2.38,0,1.64,0.35,4.2,14.11,false,0,0,false,,,true,false,false,elimination_precoce,4,3,2,59,53,4,1,1,0,0,12388,10,17
reconquete:neutral_baseline:18,reconquete,reconquete,existing,neutral_baseline,aleatoire,18,fun-audit-18,digital,25,false,false,kingmaker,52,10.6,,0.467,7.8,5,nouvelle_energie,4.5,8.36,9,9,0,2.2,10,0,1,0,6,0,1,1,0,0,1.34,0,7.07,2.09,0.7,2.1,13.3,true,1,1,false,,,true,false,false,elimination_precoce,2,1,4,62,52,6,2,1,1,0,12336,21,10
reconquete:neutral_baseline:19,reconquete,reconquete,existing,neutral_baseline,aleatoire,19,fun-audit-19,union,25,false,false,strengthened_party,55,10.2,,0.433,10.5,6,ps,7.21,11.4,5,9,0,0.1,10,0,1,6,4,0,0,2,1,0,4.84,3.43,1.05,0,0,5.77,15.09,false,0,4,false,,,true,false,false,elimination_precoce,7,3,4,57,50,5,1,0,1,0,12375,10,18
reconquete:risk_seeking_ref:0,reconquete,reconquete,existing,risk_seeking_ref,risque,0,fun-audit-0,field_first,25,false,false,kingmaker,64,12.4,,0.617,5.7,3,rn,5.7,12.81,1,9,3,1.2,12,0,0,2,8,0,1,3,2,0,2.99,3.43,0.35,1.65,0,0.52,8.94,false,0,5,false,,,true,false,false,elimination_precoce,1,1,4,57,53,4,0,0,0,0,12461,4,5
reconquete:risk_seeking_ref:1,reconquete,reconquete,existing,risk_seeking_ref,risque,1,fun-audit-1,presidential,29,true,false,runoff_defeat,80,13.4,44.6,0.764,10.5,1,rn,7.36,14.2,1,9,6,0.8,16,1,0,1,11,0,0,0,0,0,1.66,2.38,1.4,1.64,3.08,5,15.16,true,2,0,true,77,86.1,true,false,false,defaite_lourde,2,1,4,66,60,3,2,1,0,0,14509,16,8
reconquete:risk_seeking_ref:2,reconquete,reconquete,existing,risk_seeking_ref,risque,2,fun-audit-2,rupture,25,false,false,strengthened_party,59,10.4,,0.491,8.4,7,ps,6.83,15.2,1,9,7,0.5,14,0,0,3,8,0,0,3,1,0,3.76,4.68,3.11,1.64,3.08,0,16.27,true,1,4,false,,,true,false,false,elimination_precoce,4,2,4,60,58,1,0,1,0,0,12403,12,
reconquete:risk_seeking_ref:3,reconquete,reconquete,existing,risk_seeking_ref,risque,3,fun-audit-3,digital,25,false,false,retirement,56,10.7,,0.475,7.7,5,rn,5.6,10.77,6,9,0,0.3,12,0,0,5,9,0,1,1,0,0,3.25,2.38,1.4,3.44,1.84,0,12.31,false,0,1,false,,,true,false,false,elimination_precoce,1,1,3,60,58,1,0,1,0,0,12555,6,24
reconquete:risk_seeking_ref:4,reconquete,reconquete,existing,risk_seeking_ref,risque,4,fun-audit-4,union,29,true,false,runoff_defeat,83,15.3,49.6,0.936,8.8,2,rn,6.7,14.8,1,9,5,2,17,1,0,1,7,0,0,0,0,0,9.93,0,2.45,1.65,2.38,0,16.41,false,0,0,true,77,85.60000000000001,true,false,false,defaite_serree,2,1,4,67,59,6,2,0,0,0,14381,9,16
reconquete:risk_seeking_ref:5,reconquete,reconquete,existing,risk_seeking_ref,risque,5,fun-audit-5,field_first,25,false,false,honorable_campaign,55,9.9,,0.408,7.2,7,lfi,5.1,10.2,9,9,0,0.3,10,1,0,1,8,1,0,0,0,0,4,5.64,4.62,2,0,0,16.26,true,1,0,false,,,true,false,false,elimination_precoce,2,1,5,68,58,7,0,2,0,1,12025,8,3
reconquete:risk_seeking_ref:6,reconquete,reconquete,existing,risk_seeking_ref,risque,6,fun-audit-6,presidential,25,false,false,kingmaker,66,13.4,,0.7,5.6,3,rn,3.9,10.6,7,9,0,0,16,0,0,4,11,1,1,1,1,0,3.3,0,1.86,4.27,1.05,4.2,14.68,false,0,1,false,,,true,false,false,elimination_precoce,0,0,5,60,54,2,3,1,0,0,12340,2,21
reconquete:risk_seeking_ref:7,reconquete,reconquete,existing,risk_seeking_ref,risque,7,fun-audit-7,rupture,29,true,false,runoff_defeat,81,13.6,45.8,0.717,5.4,2,nouvelle_energie,5.4,12.88,1,9,5,1.6,17,1,1,0,11,0,1,0,0,0,4.53,2.56,4.94,0.07,4.66,1.7,18.46,false,0,0,true,85.62902379557364,29.3,true,true,false,remontee_spectaculaire,3,1,5,70,58,6,2,3,1,0,14373,24,15
reconquete:risk_seeking_ref:8,reconquete,reconquete,existing,risk_seeking_ref,risque,8,fun-audit-8,digital,25,false,false,honorable_campaign,52,8.7,,0.308,7.9,8,horizons,4.8,10.4,7,9,0,1,12,0,0,1,8,0,1,0,0,0,1.82,0,0.35,0,0.35,1.7,4.22,false,0,0,false,,,true,false,false,elimination_precoce,1,1,3,59,52,4,0,3,0,0,12344,19,3
reconquete:risk_seeking_ref:9,reconquete,reconquete,existing,risk_seeking_ref,risque,9,fun-audit-9,union,25,false,false,honorable_campaign,51,9.7,,0.392,10.2,7,ps,6.1,11.1,7,9,0,1,11,0,0,4,11,0,2,1,0,0,7.69,5.21,1.4,0,2.69,0,16.99,true,1,1,false,,,true,false,false,elimination_precoce,1,1,4,65,59,3,1,2,0,0,12217,12,15
reconquete:risk_seeking_ref:10,reconquete,reconquete,existing,risk_seeking_ref,risque,10,fun-audit-10,field_first,25,false,false,kingmaker,67,12.2,,0.655,8.2,3,rn,7.05,12.7,1,9,3,0.4,13,0,0,1,10,0,0,0,0,0,6.44,5.47,1.4,3.13,2.38,0,18.82,false,0,0,false,,,true,false,false,elimination_precoce,3,1,2,64,60,2,2,0,0,0,12506,12,15
reconquete:risk_seeking_ref:11,reconquete,reconquete,existing,risk_seeking_ref,risque,11,fun-audit-11,presidential,25,false,false,retirement,56,10.2,,0.433,7.8,7,rn,7.13,11.5,5,9,0,0.8,13,0,0,7,7,0,0,2,2,0,7.89,3.43,2.91,0,0.7,0,14.93,false,0,3,false,,,true,false,false,elimination_precoce,2,1,3,55,51,3,0,1,0,0,12575,10,17
reconquete:risk_seeking_ref:12,reconquete,reconquete,existing,risk_seeking_ref,risque,12,fun-audit-12,rupture,25,false,false,kingmaker,59,11.3,,0.573,5.3,3,renaissance,5.3,10.8,6,9,0,1.4,12,0,0,2,9,1,1,0,0,0,6.28,4.66,0.35,2,0.35,0.52,14.16,false,0,0,false,,,true,false,false,elimination_precoce,2,1,4,63,59,2,2,0,0,0,12390,14,19
reconquete:risk_seeking_ref:13,reconquete,reconquete,existing,risk_seeking_ref,risque,13,fun-audit-13,digital,25,false,false,kingmaker,63,11.5,,0.542,4.7,4,rn,4.7,10.83,8,9,0,0.3,14,0,0,2,9,0,0,0,0,0,13.12,0.63,1.4,1.65,2.69,0,19.49,false,0,0,false,,,true,false,false,elimination_precoce,3,2,2,58,56,1,1,0,0,0,12070,5,19
reconquete:risk_seeking_ref:14,reconquete,reconquete,existing,risk_seeking_ref,risque,14,fun-audit-14,union,25,false,false,kingmaker,60,11.4,,0.533,4.4,4,nouvelle_energie,4.4,12.6,3,9,0,0.7,13,0,0,2,7,0,0,0,0,0,1.13,4.48,1.05,1.65,0.7,4.5,13.51,false,0,0,false,,,true,false,false,elimination_precoce,5,1,2,59,53,1,1,4,0,0,12371,11,6
reconquete:risk_seeking_ref:15,reconquete,reconquete,existing,risk_seeking_ref,risque,15,fun-audit-15,field_first,29,true,false,runoff_defeat,84,16.1,49.9,0.925,6.7,1,lfi,6.7,13.62,1,9,3,3,16,1,0,6,9,0,0,2,2,0,6.93,0.63,1.4,0,3.01,1.4,13.37,false,0,3,true,78.84494488780118,60.99999999999999,true,true,false,remontee_spectaculaire,1,1,6,69,65,4,0,0,0,0,14241,8,11
reconquete:risk_seeking_ref:16,reconquete,reconquete,existing,risk_seeking_ref,risque,16,fun-audit-16,presidential,31,true,true,secret_civil_unrest,90,14.3,55.8,0.775,9.5,1,rn,7.14,16.2,1,9,1,2.4,23,1,0,0,10,0,0,0,0,0,7.96,0,3.11,0,3.08,4.02,18.17,true,1,0,true,81.21658327939105,85,true,false,false,victoire_serree,0,0,3,78,70,4,3,1,0,0,15824,14,29
reconquete:risk_seeking_ref:17,reconquete,reconquete,existing,risk_seeking_ref,risque,17,fun-audit-17,rupture,31,true,true,secret_civil_unrest,92,16.5,52,0.958,5,1,rn,4.2,16.5,1,9,1,2.7,23,1,0,3,9,0,0,1,1,0,5.68,5.47,0,2,0.35,4.2,17.7,true,1,1,true,85.66645840052462,89.40000000000002,true,true,false,remontee_spectaculaire,3,1,8,73,68,4,1,0,0,0,15446,10,22
reconquete:risk_seeking_ref:18,reconquete,reconquete,existing,risk_seeking_ref,risque,18,fun-audit-18,digital,29,true,false,runoff_defeat,85,15.7,46.8,0.892,7.8,1,nouvelle_energie,4.9,16.4,1,9,1,3.1,17,1,1,2,10,0,0,1,0,0,3.41,0.63,1.4,0,3.77,1.22,10.43,true,1,1,true,73,28,true,false,false,defaite_serree,0,0,6,70,60,6,2,1,1,0,14459,6,15
reconquete:risk_seeking_ref:19,reconquete,reconquete,existing,risk_seeking_ref,risque,19,fun-audit-19,union,31,true,true,president,87,14.6,51.5,0.8,10.5,2,ps,7.25,11.74,3,9,0,3.1,22,1,1,6,9,0,1,2,2,0,7.5,4.48,0,0.07,0.35,1.23,13.63,false,0,5,true,82.63464048245481,71.60000000000001,true,false,false,victoire_serree,2,1,7,80,69,9,1,0,1,0,15263,10,8
nouvelle_energie:strategist:0,nouvelle_energie,nouvelle_energie,existing,strategist,parti_dabord,0,fun-audit-0,field_first,31,true,true,president,88,16.2,55.6,0.807,10,1,rn,10,17.1,1,8,3,4,22,2,0,3,5,0,0,1,1,0,9.49,0,0,0.11,0.7,0.27,10.57,false,0,2,true,39,85.4,false,false,false,victoire_serree,1,1,3,71,64,5,0,2,0,0,15551,4,22
nouvelle_energie:strategist:1,nouvelle_energie,nouvelle_energie,existing,strategist,parti_dabord,1,fun-audit-1,presidential,31,true,true,president,89,17.4,54.6,0.89,8.7,1,rn,8.7,17.7,1,8,3,5,22,3,0,1,4,0,0,0,0,0,9.14,0,0,0,1.05,1.27,11.46,true,1,0,true,35,86.5,false,true,false,remontee_spectaculaire,2,1,4,80,71,4,2,3,0,0,15684,9,
nouvelle_energie:strategist:2,nouvelle_energie,nouvelle_energie,existing,strategist,parti_dabord,2,fun-audit-2,rupture,31,true,true,president,88,14.9,57.1,0.717,13.2,2,ps,10.1,17.2,1,8,2,1.1,21,2,0,2,6,0,0,1,0,0,16.08,5.46,0,0,0.35,0.8,22.69,false,0,1,true,39,73.39999999999999,false,false,false,victoire_confortable,3,1,2,72,66,2,1,3,0,0,15384,27,26
nouvelle_energie:strategist:3,nouvelle_energie,nouvelle_energie,existing,strategist,parti_dabord,3,fun-audit-3,digital,31,true,true,president,88,16,51.5,0.793,11.8,1,rn,9.5,15.5,1,8,5,1.8,21,3,0,2,5,0,0,1,0,0,8.19,0.73,0,0,1.05,2.39,12.36,false,0,1,true,41,86.40000000000002,false,false,false,victoire_serree,2,1,3,76,72,1,0,3,0,0,16037,20,18
nouvelle_energie:strategist:4,nouvelle_energie,nouvelle_energie,existing,strategist,parti_dabord,4,fun-audit-4,union,25,false,false,kingmaker,65,12.8,,0.572,12.1,4,rn,11,15.9,1,6,8,0.4,16,1,0,2,5,0,0,1,1,0,12.02,5.46,0,0.46,0,0,17.94,false,0,2,false,,,false,false,false,elimination_precoce,3,2,3,63,54,6,1,2,0,0,12095,11,7
nouvelle_energie:strategist:5,nouvelle_energie,nouvelle_energie,existing,strategist,parti_dabord,5,fun-audit-5,field_first,25,false,false,kingmaker,58,12.1,,0.524,11.5,5,lfi,9.8,16.8,1,8,1,0.9,13,0,0,1,8,1,1,0,0,0,12.93,5.46,2.1,0.7,0.35,1.76,23.3,true,1,0,false,,,false,false,false,elimination_precoce,4,1,4,68,59,7,0,1,0,1,12464,16,19
nouvelle_energie:strategist:6,nouvelle_energie,nouvelle_energie,existing,strategist,parti_dabord,6,fun-audit-6,presidential,31,true,true,president,86,14.4,52.1,0.683,14.5,1,rn,11.2,17.1,1,6,6,0.8,18,3,0,1,7,1,0,0,0,0,10.79,0,1.79,1.16,6.76,0,20.5,false,0,0,true,42,85.80000000000001,false,false,false,victoire_serree,3,2,4,72,68,3,1,0,0,0,15685,17,26
nouvelle_energie:strategist:7,nouvelle_energie,nouvelle_energie,existing,strategist,parti_dabord,7,fun-audit-7,rupture,31,true,true,president,86,14.8,58.2,0.71,13.3,1,ecologistes,11.3,18.1,1,5,2,3.6,22,2,1,3,7,1,0,2,1,0,6.79,6.12,0,0.46,1.05,1.27,15.69,true,1,4,true,47,38.5,false,false,false,victoire_confortable,2,1,6,79,67,6,3,2,1,0,15580,21,19
nouvelle_energie:strategist:8,nouvelle_energie,nouvelle_energie,existing,strategist,parti_dabord,8,fun-audit-8,digital,31,true,true,president,85,14.8,50.6,0.71,14.6,1,ps,10.2,16,1,8,8,1.4,20,3,0,0,7,1,1,0,0,0,5.39,0,2.73,1.08,0.35,1.83,11.38,false,0,0,true,46,71.1,false,false,false,victoire_serree,3,1,4,75,66,5,0,4,0,0,15437,23,
nouvelle_energie:strategist:9,nouvelle_energie,nouvelle_energie,existing,strategist,parti_dabord,9,fun-audit-9,union,25,false,false,kingmaker,66,13.6,,0.628,10.1,3,lfi,10.1,15.2,1,8,5,0.1,16,0,0,4,6,0,0,1,0,0,8.86,0.49,0,0.11,6.13,1.3,16.89,true,1,1,false,,,false,false,false,elimination_precoce,2,1,2,60,57,2,1,0,0,0,12344,18,
nouvelle_energie:strategist:10,nouvelle_energie,nouvelle_energie,existing,strategist,parti_dabord,10,fun-audit-10,field_first,31,true,true,president,91,18,59.7,0.931,12.6,1,rn,10.3,16.9,1,7,6,5.7,22,2,0,4,6,0,0,1,1,0,6.58,8.48,1.79,0.73,0,0,17.58,false,0,2,true,36,88.10000000000001,false,false,false,victoire_confortable,3,1,3,78,73,2,2,1,0,0,15662,15,14
nouvelle_energie:strategist:11,nouvelle_energie,nouvelle_energie,existing,strategist,parti_dabord,11,fun-audit-11,presidential,29,true,false,runoff_defeat,77,12.8,49.3,0.572,10.3,2,lr,9.7,16.1,1,8,3,0.4,18,2,0,3,6,0,0,2,2,0,11.37,0,0,0.86,0.35,0.8,13.38,false,0,3,true,46,61.1,false,false,false,defaite_serree,2,1,4,63,61,1,1,0,0,0,14444,24,16
nouvelle_energie:strategist:12,nouvelle_energie,nouvelle_energie,existing,strategist,parti_dabord,12,fun-audit-12,rupture,29,true,false,runoff_defeat,82,14.4,49.9,0.683,10.8,1,ps,10.8,15.7,1,7,5,1.7,15,2,0,0,7,0,0,0,0,0,5.14,0.73,4.55,0,1.4,4.14,15.96,false,0,0,true,50,72.00000000000001,true,false,false,defaite_serree,4,2,3,71,66,2,1,2,0,0,14398,17,13
nouvelle_energie:strategist:13,nouvelle_energie,nouvelle_energie,existing,strategist,parti_dabord,13,fun-audit-13,digital,31,true,true,president,89,15.6,59.8,0.766,14.1,1,rn,11.77,16.7,1,4,2,3.5,19,2,0,0,7,0,0,0,0,0,11.51,0.29,0,0,6.13,0,17.93,false,0,0,true,41,87.8,false,false,false,victoire_confortable,4,3,1,75,71,1,2,1,0,0,15630,17,27
nouvelle_energie:strategist:14,nouvelle_energie,nouvelle_energie,existing,strategist,parti_dabord,14,fun-audit-14,union,31,true,true,president,93,18.4,57.5,0.959,12.8,1,lfi,8.4,17.9,1,8,8,6.3,20,2,0,2,6,0,0,0,0,0,13.53,0.73,4.55,0,0.7,1.3,20.81,false,0,0,true,35,60.199999999999996,false,false,false,victoire_confortable,1,1,2,77,67,3,2,5,0,0,15560,6,
nouvelle_energie:strategist:15,nouvelle_energie,nouvelle_energie,existing,strategist,parti_dabord,15,fun-audit-15,field_first,31,true,true,president,86,14.6,53.5,0.697,12.4,1,rn,8.4,15.8,1,8,8,1.1,20,3,0,3,5,0,0,1,1,0,1.75,3.36,1.79,0.7,0.7,3.09,11.39,false,0,3,true,40,89.00000000000001,true,false,false,victoire_serree,1,1,5,80,72,4,2,2,0,0,15428,19,11
nouvelle_energie:strategist:16,nouvelle_energie,nouvelle_energie,existing,strategist,parti_dabord,16,fun-audit-16,presidential,31,true,true,president,93,17.6,60.6,0.903,12.2,1,rn,9.8,16.9,1,8,4,4.9,23,3,0,0,8,0,0,0,0,0,13.57,5.46,0,0.92,6.76,0,26.71,false,0,0,true,40,85.4,false,false,false,victoire_confortable,2,1,1,76,69,4,1,2,0,0,15855,19,21
nouvelle_energie:strategist:17,nouvelle_energie,nouvelle_energie,existing,strategist,parti_dabord,17,fun-audit-17,rupture,25,false,false,kingmaker,62,13.3,,0.607,9.4,4,horizons,9.3,15.4,1,8,7,0.9,13,1,0,0,10,0,2,1,1,0,12.59,0.17,3.08,0.7,12.2,0,28.74,true,1,2,false,,,false,false,false,elimination_precoce,4,1,4,57,53,2,1,1,0,0,12408,16,
nouvelle_energie:strategist:18,nouvelle_energie,nouvelle_energie,existing,strategist,parti_dabord,18,fun-audit-18,digital,31,true,true,president,87,14.6,55,0.697,11.6,2,renaissance,11.6,17.5,1,5,3,1.4,21,2,0,4,6,0,0,1,1,0,18.62,0.73,0,0,0.35,0.59,20.29,false,0,3,true,37,65,false,false,false,victoire_serree,0,0,3,74,65,7,1,1,0,0,15774,25,29
nouvelle_energie:strategist:19,nouvelle_energie,nouvelle_energie,existing,strategist,parti_dabord,19,fun-audit-19,union,31,true,true,president,86,15.6,52.1,0.766,8.7,1,lfi,8.7,15.9,1,8,1,3.1,19,2,1,3,4,1,0,0,0,0,5.5,3.36,4.87,0,0.7,0,14.43,false,0,0,true,41,61.6,true,false,false,victoire_serree,3,1,6,78,65,8,1,3,1,0,15368,12,21
nouvelle_energie:roleplayer:0,nouvelle_energie,nouvelle_energie,existing,roleplayer,ideologiquement_coherent,0,fun-audit-0,field_first,31,true,true,president,90,15.5,54.8,0.759,10,1,rn,10,16.8,1,8,3,3.5,20,2,0,1,5,0,0,1,0,0,1.28,0,1.79,0.98,0,1.99,6.04,false,0,1,true,34,85.4,false,false,false,victoire_serree,3,1,2,71,64,5,0,2,0,0,15462,5,
nouvelle_energie:roleplayer:1,nouvelle_energie,nouvelle_energie,existing,roleplayer,ideologiquement_coherent,1,fun-audit-1,presidential,31,true,true,president,93,17.9,55.2,0.812,8.7,1,rn,8.7,18.1,1,8,3,5.6,19,2,0,0,12,0,0,0,0,0,7.92,0,1.05,0.17,0,4.55,13.69,true,1,0,true,30,86.5,false,true,false,remontee_spectaculaire,3,1,3,80,71,4,2,3,0,0,15804,7,26
nouvelle_energie:roleplayer:2,nouvelle_energie,nouvelle_energie,existing,roleplayer,ideologiquement_coherent,2,fun-audit-2,rupture,31,true,true,president,91,15.4,55.8,0.752,13.2,2,ps,10.6,18.1,1,6,2,1.7,20,2,0,0,11,0,0,1,0,0,4.83,2.24,1.05,0.45,0.21,1.82,10.6,false,0,1,true,39,73.39999999999999,false,false,false,victoire_serree,3,1,1,71,66,2,1,2,0,0,15573,13,
nouvelle_energie:roleplayer:3,nouvelle_energie,nouvelle_energie,existing,roleplayer,ideologiquement_coherent,3,fun-audit-3,digital,31,true,true,president,92,16.9,52,0.855,11.8,1,rn,9.9,16.3,1,8,5,2.8,19,2,0,4,10,0,0,1,1,0,3.94,2.41,1.05,0.07,0.7,3.62,11.79,false,0,2,true,33,86.40000000000002,false,false,false,victoire_serree,3,1,4,75,71,1,0,3,0,0,15559,2,
nouvelle_energie:roleplayer:4,nouvelle_energie,nouvelle_energie,existing,roleplayer,ideologiquement_coherent,4,fun-audit-4,union,25,false,false,kingmaker,65,12.2,,0.531,12.1,4,rn,11.1,16.1,1,6,6,1,11,0,0,2,7,0,0,1,0,0,2.2,2.24,1.79,0.98,0,0,7.21,true,1,1,false,,,false,false,false,elimination_precoce,4,2,2,63,54,6,1,2,0,0,12216,16,
nouvelle_energie:roleplayer:5,nouvelle_energie,nouvelle_energie,existing,roleplayer,ideologiquement_coherent,5,fun-audit-5,field_first,31,true,true,president,89,13.8,55.4,0.641,11.5,1,lfi,10.3,17.5,1,8,3,0.7,21,2,0,1,8,0,0,0,0,0,1.36,0,1.42,0.7,0.28,2.99,6.75,true,1,0,true,23,61.6,false,false,false,victoire_serree,3,1,3,80,70,7,0,2,0,1,15494,16,29
nouvelle_energie:roleplayer:6,nouvelle_energie,nouvelle_energie,existing,roleplayer,ideologiquement_coherent,6,fun-audit-6,presidential,25,false,false,kingmaker,66,13.7,,0.526,14.5,3,rn,10.8,14.9,1,7,4,0.2,12,0,0,1,7,0,0,1,1,0,1.44,0,0,0.12,0.07,0,1.63,false,0,1,false,,,false,false,false,elimination_precoce,5,2,2,58,53,3,1,1,0,0,12562,10,24
nouvelle_energie:roleplayer:7,nouvelle_energie,nouvelle_energie,existing,roleplayer,ideologiquement_coherent,7,fun-audit-7,rupture,31,true,true,president,95,18.8,60.8,0.923,13.3,1,rn,11.6,18.8,1,4,2,6.8,21,2,1,2,12,0,0,0,0,0,5.1,2.41,0.66,1.2,0.35,3.63,13.35,false,0,0,true,43,87.70000000000002,false,false,false,victoire_confortable,4,2,3,73,63,5,2,2,1,0,15234,6,14
nouvelle_energie:roleplayer:8,nouvelle_energie,nouvelle_energie,existing,roleplayer,ideologiquement_coherent,8,fun-audit-8,digital,31,true,true,president,91,15.8,51.4,0.779,14.6,1,ps,10.3,17.5,1,8,6,2.5,20,2,0,1,9,0,0,0,0,0,1.13,0,3.57,1.43,1.05,3.09,10.27,false,0,0,true,30,71.1,false,false,false,victoire_serree,3,1,3,73,65,5,0,3,0,0,15331,11,12
nouvelle_energie:roleplayer:9,nouvelle_energie,nouvelle_energie,existing,roleplayer,ideologiquement_coherent,9,fun-audit-9,union,25,false,false,kingmaker,65,12.8,,0.572,10.1,3,lfi,10.1,15.9,1,8,5,1,12,0,0,5,7,1,0,2,1,0,1.89,0.49,0,0.28,0.35,1.3,4.31,true,1,3,false,,,false,false,false,elimination_precoce,2,1,4,61,58,2,1,0,0,0,12463,13,12
nouvelle_energie:roleplayer:10,nouvelle_energie,nouvelle_energie,existing,roleplayer,ideologiquement_coherent,10,fun-audit-10,field_first,31,true,true,president,93,17.2,59.1,0.876,12.6,1,rn,10.9,17.2,1,6,6,4.7,19,2,0,5,8,0,0,1,1,0,1.34,3.31,3.44,1.4,0.35,0,9.84,false,0,2,true,31,88.10000000000001,false,false,false,victoire_confortable,2,1,3,78,73,2,2,1,0,0,15383,16,
nouvelle_energie:roleplayer:11,nouvelle_energie,nouvelle_energie,existing,roleplayer,ideologiquement_coherent,11,fun-audit-11,presidential,25,false,false,kingmaker,61,11.5,,0.4,10.3,4,lr,9.4,15.7,1,8,3,0,11,0,0,3,7,0,0,1,1,0,2.38,0,1.05,0.4,0,1.82,5.65,false,0,2,false,,,false,false,false,elimination_precoce,5,1,2,59,55,1,2,1,0,0,12217,4,
nouvelle_energie:roleplayer:12,nouvelle_energie,nouvelle_energie,existing,roleplayer,ideologiquement_coherent,12,fun-audit-12,rupture,31,true,true,president,89,14.9,50.9,0.717,10.8,1,ps,10.8,16.52,1,7,3,2.2,20,2,0,1,11,0,0,0,0,0,1.13,2.41,3.24,0,1.75,4.14,12.67,false,0,0,true,38,72.00000000000001,true,false,false,victoire_serree,2,2,4,78,73,2,1,2,0,0,15500,8,13
nouvelle_energie:roleplayer:13,nouvelle_energie,nouvelle_energie,existing,roleplayer,ideologiquement_coherent,13,fun-audit-13,digital,31,true,true,president,91,15.8,60.3,0.729,14.1,1,rn,11.77,17.6,1,4,2,3.7,19,2,0,1,10,0,0,0,0,0,13.23,0.29,2.23,0.7,0.35,0,16.8,false,0,0,true,25,87.8,false,false,false,victoire_confortable,3,1,2,75,71,1,2,1,0,0,15575,21,22
nouvelle_energie:roleplayer:14,nouvelle_energie,nouvelle_energie,existing,roleplayer,ideologiquement_coherent,14,fun-audit-14,union,31,true,true,president,93,17.2,55.8,0.651,12.8,1,lfi,8.5,17.5,1,8,10,5,19,2,0,2,11,0,0,1,0,0,8.53,2.41,0.35,0,0.73,1.3,13.32,false,0,1,true,35,60.199999999999996,false,false,false,victoire_serree,1,1,2,75,66,3,2,4,0,0,15494,22,
nouvelle_energie:roleplayer:15,nouvelle_energie,nouvelle_energie,existing,roleplayer,ideologiquement_coherent,15,fun-audit-15,field_first,31,true,true,president,90,15.2,53.7,0.738,12.4,1,rn,8.6,16.6,1,8,6,1.8,19,2,0,3,7,0,0,1,1,0,1.14,1.19,1.79,0.7,0.35,1.99,7.16,false,0,3,true,25,87.90000000000002,true,false,false,victoire_serree,2,1,5,80,72,4,2,2,0,0,15567,25,18
nouvelle_energie:roleplayer:16,nouvelle_energie,nouvelle_energie,existing,roleplayer,ideologiquement_coherent,16,fun-audit-16,presidential,31,true,true,president,93,17,60.3,0.641,12.2,1,rn,10,17.1,1,8,4,4.2,20,2,0,0,11,0,0,0,0,0,2.38,2.24,0,1.24,0.56,0,6.42,false,0,0,true,27,85.4,false,false,false,victoire_confortable,4,3,1,76,69,4,1,2,0,0,15773,21,29
nouvelle_energie:roleplayer:17,nouvelle_energie,nouvelle_energie,existing,roleplayer,ideologiquement_coherent,17,fun-audit-17,rupture,31,true,true,president,89,15.3,50.9,0.655,9.4,1,horizons,9.4,17.2,1,8,5,0.9,20,2,0,0,11,0,0,1,0,0,9.02,2.66,5.66,0.7,1.05,0,19.09,true,1,1,true,39,49.39999999999999,false,false,false,victoire_serree,5,2,3,70,66,2,1,1,0,0,15371,16,
nouvelle_energie:roleplayer:18,nouvelle_energie,nouvelle_energie,existing,roleplayer,ideologiquement_coherent,18,fun-audit-18,digital,31,true,true,president,95,19.4,54,0.903,11.6,1,horizons,11.6,17.6,1,5,1,6.9,22,2,0,2,9,0,0,1,0,0,2.57,2.41,1.44,0.01,0.42,1.99,8.84,false,0,1,true,34,48.699999999999996,false,false,false,victoire_serree,3,1,3,76,67,6,1,2,0,0,15579,23,
nouvelle_energie:roleplayer:19,nouvelle_energie,nouvelle_energie,existing,roleplayer,ideologiquement_coherent,19,fun-audit-19,union,31,true,true,president,89,14.8,57.3,0.624,8.7,2,ps,8.7,16.9,1,8,1,2.2,20,2,1,3,8,0,0,1,0,0,6.34,1.19,1.88,0.56,0.35,0,10.32,false,0,1,true,28,71.80000000000003,false,false,false,victoire_confortable,5,3,3,77,64,8,1,3,1,0,15515,11,25
nouvelle_energie:opportunist:0,nouvelle_energie,nouvelle_energie,existing,opportunist,opportuniste_electoral,0,fun-audit-0,field_first,31,true,true,president,88,14.8,56.6,0.665,10,2,rn,10,16.3,1,8,3,2.7,21,0,0,4,6,0,0,1,0,0,10.64,0,5.51,0,0.35,0.59,17.09,false,0,1,true,33,85.4,false,false,false,victoire_confortable,1,1,1,71,64,5,0,2,0,0,15740,23,20
nouvelle_energie:opportunist:1,nouvelle_energie,nouvelle_energie,existing,opportunist,opportuniste_electoral,1,fun-audit-1,presidential,31,true,true,president,84,14.9,51.4,0.63,8.7,1,rn,8.4,15.5,1,8,7,2.2,17,0,0,1,7,0,2,0,0,0,8.36,0,1.05,0,1.08,1.56,12.05,true,1,0,true,47,86.5,false,false,false,victoire_serree,2,1,4,80,71,4,2,3,0,0,15631,9,10
nouvelle_energie:opportunist:2,nouvelle_energie,nouvelle_energie,existing,opportunist,opportuniste_electoral,2,fun-audit-2,rupture,25,false,false,kingmaker,68,12.8,,0.535,13.2,3,ps,9.3,14.9,1,8,2,1.3,11,0,0,4,5,0,0,1,1,0,12.72,5.46,1.05,0,0,3.95,23.18,false,0,2,false,,,false,false,false,elimination_precoce,5,2,2,58,55,2,0,1,0,0,12192,20,10
nouvelle_energie:opportunist:3,nouvelle_energie,nouvelle_energie,existing,opportunist,opportuniste_electoral,3,fun-audit-3,digital,31,true,true,president,89,15.6,59.5,0.766,11.8,2,rn,9.4,14.9,1,8,5,1.3,17,1,0,4,6,0,0,2,1,0,15.63,0.73,0,0,0.7,1.99,19.05,false,0,3,true,37,86.40000000000002,false,false,false,victoire_confortable,0,0,3,76,72,1,0,3,0,0,15776,15,8
nouvelle_energie:opportunist:4,nouvelle_energie,nouvelle_energie,existing,opportunist,opportuniste_electoral,4,fun-audit-4,union,25,false,false,kingmaker,62,11.9,,0.51,12.1,4,ps,10.7,15.3,1,6,10,1.8,12,0,0,2,7,1,0,3,2,0,13.47,5.65,0,0.46,0,0,19.58,false,0,6,false,,,false,false,false,elimination_precoce,2,1,3,65,57,5,0,3,0,0,12740,4,24
nouvelle_energie:opportunist:5,nouvelle_energie,nouvelle_energie,existing,opportunist,opportuniste_electoral,5,fun-audit-5,field_first,31,true,true,president,86,13.3,53.9,0.607,11.5,2,lfi,9.8,16.9,1,8,1,0.1,21,0,0,1,7,1,0,0,0,0,11.63,5.46,0.35,0,0.35,1.76,19.55,true,1,0,true,39,61.6,false,false,false,victoire_serree,2,1,4,80,70,7,0,2,0,1,15443,16,19
nouvelle_energie:opportunist:6,nouvelle_energie,nouvelle_energie,existing,opportunist,opportuniste_electoral,6,fun-audit-6,presidential,25,false,false,kingmaker,67,12.8,,0.572,14.5,4,rn,10.5,14.5,1,7,8,0.6,10,0,0,4,5,0,0,2,2,0,11.08,0,0,0,6.41,0,17.49,false,0,3,false,,,false,false,false,elimination_precoce,4,2,2,57,52,3,1,1,0,0,12473,15,8
nouvelle_energie:opportunist:7,nouvelle_energie,nouvelle_energie,existing,opportunist,opportuniste_electoral,7,fun-audit-7,rupture,31,true,true,president,86,16.8,58.9,0.794,13.3,1,rn,11.1,17.1,1,5,2,4.6,18,0,1,1,8,1,1,0,0,0,14.58,0.73,2.55,0.46,0,3.95,22.27,true,1,0,true,49,87.70000000000002,true,false,false,victoire_confortable,3,1,6,73,63,5,2,2,1,0,15251,5,11
nouvelle_energie:opportunist:8,nouvelle_energie,nouvelle_energie,existing,opportunist,opportuniste_electoral,8,fun-audit-8,digital,31,true,true,president,91,17,50.2,0.862,14.6,1,ps,10.4,16.9,1,7,6,5.6,21,0,0,1,8,1,0,0,0,0,10.32,0,4.38,1.33,0.35,1.83,18.21,false,0,0,true,33,70,false,false,false,victoire_serree,4,2,3,80,70,7,0,3,0,0,15348,10,20
nouvelle_energie:opportunist:9,nouvelle_energie,nouvelle_energie,existing,opportunist,opportuniste_electoral,9,fun-audit-9,union,25,false,false,kingmaker,67,12.8,,0.572,10.1,3,lfi,10.1,15.2,1,8,7,1,13,0,0,5,6,0,0,2,1,0,0.31,0.49,0,0.46,10.41,1.3,12.97,true,1,3,false,,,false,false,false,elimination_precoce,3,1,3,61,58,2,1,0,0,0,12602,19,8
nouvelle_energie:opportunist:10,nouvelle_energie,nouvelle_energie,existing,opportunist,opportuniste_electoral,10,fun-audit-10,field_first,31,true,true,president,87,15.4,51.9,0.752,12.6,2,rn,9.4,15.2,1,8,8,2.7,18,0,0,3,6,0,1,1,1,0,10.14,4.39,0,0.46,0.35,0,15.34,false,0,2,true,41,88.10000000000001,false,false,false,victoire_serree,3,2,4,78,73,2,2,1,0,0,15514,22,15
nouvelle_energie:opportunist:11,nouvelle_energie,nouvelle_energie,existing,opportunist,opportuniste_electoral,11,fun-audit-11,presidential,25,false,false,strengthened_party,54,10.7,,0.428,10.3,6,rn,8.4,14.3,1,8,12,1.3,10,0,0,3,6,0,1,1,1,0,10.8,0,1.05,1.74,0,3.95,17.54,false,0,2,false,,,false,false,false,elimination_precoce,3,1,3,58,55,1,1,1,0,0,12345,20,6
nouvelle_energie:opportunist:12,nouvelle_energie,nouvelle_energie,existing,opportunist,opportuniste_electoral,12,fun-audit-12,rupture,29,true,false,runoff_defeat,81,14.3,49.7,0.676,10.8,1,ps,10.8,15.81,1,7,7,1.5,13,0,0,0,7,0,0,0,0,0,5.14,0.73,4.38,0,0.7,4.14,15.09,false,0,0,true,47,72.00000000000001,true,false,false,defaite_serree,4,2,2,71,66,2,1,2,0,0,14503,17,13
nouvelle_energie:opportunist:13,nouvelle_energie,nouvelle_energie,existing,opportunist,opportuniste_electoral,13,fun-audit-13,digital,31,true,true,president,89,15.3,59.5,0.697,14.1,1,rn,11.77,16.5,1,4,4,3.1,18,0,0,1,10,0,0,0,0,0,19.9,0.29,1.61,0,6.13,0,27.93,false,0,0,true,42,87.8,false,false,false,victoire_confortable,3,1,1,75,71,1,2,1,0,0,15660,23,27
nouvelle_energie:opportunist:14,nouvelle_energie,nouvelle_energie,existing,opportunist,opportuniste_electoral,14,fun-audit-14,union,31,true,true,president,90,17.2,56.5,0.77,12.8,1,lfi,8.5,18.2,1,8,10,5,18,0,0,3,8,0,0,2,1,0,14.2,0.73,0.35,0,0.42,1.3,17,false,0,4,true,35,60.8,false,false,false,victoire_confortable,2,1,2,77,68,3,1,5,0,0,15733,2,4
nouvelle_energie:opportunist:15,nouvelle_energie,nouvelle_energie,existing,opportunist,opportuniste_electoral,15,fun-audit-15,field_first,25,false,false,narrow_elimination,56,11.1,,0.455,12.4,7,ecologistes,10.3,16.5,1,7,8,0.4,10,1,0,3,8,1,1,1,1,0,7.04,0,1.05,0,5.74,1.17,15,true,1,2,false,,,false,false,false,elimination_precoce,3,1,6,61,55,5,0,1,0,0,12429,15,23
nouvelle_energie:opportunist:16,nouvelle_energie,nouvelle_energie,existing,opportunist,opportuniste_electoral,16,fun-audit-16,presidential,31,true,true,president,88,15.1,58.2,0.642,12.2,1,rn,9.8,15.3,1,8,6,2.1,19,1,0,0,9,0,1,0,0,0,8.81,5.46,0,1.94,6.41,0,22.62,false,0,0,true,47,85.4,false,false,false,victoire_confortable,4,3,2,76,69,4,1,2,0,0,15942,19,4
nouvelle_energie:opportunist:17,nouvelle_energie,nouvelle_energie,existing,opportunist,opportuniste_electoral,17,fun-audit-17,rupture,25,false,false,kingmaker,69,14.4,,0.6,9.4,3,horizons,9.2,15.5,1,8,7,0.2,13,1,0,0,11,0,1,1,1,0,17.85,0.17,0,0.46,4.23,0,22.71,true,1,2,false,,,false,false,false,elimination_precoce,6,2,4,57,53,2,1,1,0,0,12409,12,
nouvelle_energie:opportunist:18,nouvelle_energie,nouvelle_energie,existing,opportunist,opportuniste_electoral,18,fun-audit-18,digital,31,true,true,president,90,15.7,50,0.679,11.6,1,renaissance,11.6,18.2,1,5,1,2.6,21,0,0,3,8,0,0,1,1,0,17.49,0.73,0,0,0.73,0.59,19.54,false,0,3,true,32,65,false,false,false,victoire_serree,0,0,3,74,65,7,1,1,0,0,15793,4,12
nouvelle_energie:opportunist:19,nouvelle_energie,nouvelle_energie,existing,opportunist,opportuniste_electoral,19,fun-audit-19,union,31,true,true,president,85,14.3,55.6,0.56,8.7,2,ps,8.7,16.3,1,8,1,1.7,18,0,1,3,5,1,0,1,0,0,9.06,1.19,4.06,0,0.35,0,14.66,false,0,1,true,32,71.80000000000003,false,false,false,victoire_serree,4,1,3,76,64,8,1,2,1,0,15496,12,4
nouvelle_energie:chaos:0,nouvelle_energie,nouvelle_energie,existing,chaos,contrarien,0,fun-audit-0,field_first,31,true,true,president,81,13.3,54.9,0.607,10,2,rn,10,16,1,8,9,0.8,18,0,0,3,5,0,1,2,2,0,7.51,0,0,1.42,0,3.78,12.71,false,0,5,true,47,85.4,false,false,false,victoire_serree,2,1,3,71,64,5,0,2,0,0,15808,3,19
nouvelle_energie:chaos:1,nouvelle_energie,nouvelle_energie,existing,chaos,contrarien,1,fun-audit-1,presidential,25,false,false,strengthened_party,47,10.5,,0.414,8.7,7,rn,8.4,13.1,2,8,8,0.1,10,1,0,1,5,0,3,0,0,0,9.41,0,1.05,0,1.05,1.56,13.07,true,1,0,false,,,false,false,false,elimination_precoce,1,1,4,62,57,4,1,0,0,0,12493,14,10
nouvelle_energie:chaos:2,nouvelle_energie,nouvelle_energie,existing,chaos,contrarien,2,fun-audit-2,rupture,25,false,false,strengthened_party,52,10.4,,0.381,13.2,6,ps,9.4,14.3,1,8,5,1.3,8,1,0,2,7,1,1,1,0,0,13.69,5.46,1.05,0,0.7,1.56,22.46,false,0,1,false,,,false,false,false,elimination_precoce,3,2,4,58,55,2,0,1,0,0,12227,12,17
nouvelle_energie:chaos:3,nouvelle_energie,nouvelle_energie,existing,chaos,contrarien,3,fun-audit-3,digital,25,false,false,kingmaker,60,12.6,,0.559,11.8,3,rn,8.7,13,2,8,6,2,9,1,0,3,6,0,1,2,0,0,12.57,4.93,0.35,0,0,3.52,21.37,false,0,2,false,,,false,false,false,elimination_precoce,2,1,3,62,59,2,0,1,0,0,12631,9,18
nouvelle_energie:chaos:4,nouvelle_energie,nouvelle_energie,existing,chaos,contrarien,4,fun-audit-4,union,25,false,false,kingmaker,49,9.4,,0.338,12.1,7,rn,9.4,15.2,1,8,5,0.2,7,1,0,1,6,0,1,3,1,0,20.42,5.46,0,0,0,0,25.88,false,0,4,false,,,false,false,false,elimination_precoce,2,1,4,62,53,6,1,2,0,0,12299,21,6
nouvelle_energie:chaos:5,nouvelle_energie,nouvelle_energie,existing,chaos,contrarien,5,fun-audit-5,field_first,25,false,false,kingmaker,44,8.1,,0.248,11.5,7,lfi,9.7,15.2,1,8,4,1.8,10,0,0,1,8,1,2,0,0,0,16.43,0,0,0.46,0.7,2.67,20.26,true,1,0,false,,,false,false,true,effondrement,3,1,5,68,59,7,0,1,0,1,12281,20,15
nouvelle_energie:chaos:6,nouvelle_energie,nouvelle_energie,existing,chaos,contrarien,6,fun-audit-6,presidential,25,false,false,kingmaker,59,11.1,,0.455,14.5,4,rn,10.1,14.5,1,8,7,2.5,10,1,0,2,7,2,0,1,0,0,14.89,0,0,1.33,6.76,0,22.98,false,0,1,false,,,false,false,false,elimination_precoce,2,1,3,58,53,3,1,1,0,0,12403,1,18
nouvelle_energie:chaos:7,nouvelle_energie,nouvelle_energie,existing,chaos,contrarien,7,fun-audit-7,rupture,31,true,true,president,82,15.3,57.4,0.745,13.3,1,rn,10.9,16.5,1,6,2,2.9,17,0,1,1,7,1,1,2,0,0,10.07,3.36,1.05,0.46,0.7,1.56,17.2,true,1,2,true,53,87.70000000000002,false,false,false,victoire_confortable,3,1,5,73,63,5,2,2,1,0,15376,25,11
nouvelle_energie:chaos:8,nouvelle_energie,nouvelle_energie,existing,chaos,contrarien,8,fun-audit-8,digital,25,false,false,kingmaker,63,12.7,,0.566,14.6,4,ps,10.1,14.6,1,8,5,0.3,11,1,0,1,5,0,1,0,0,0,8.02,0,0,1.33,0,2.11,11.46,false,0,0,false,,,false,false,false,elimination_precoce,3,1,3,59,53,4,0,2,0,0,12293,23,15
nouvelle_energie:chaos:9,nouvelle_energie,nouvelle_energie,existing,chaos,contrarien,9,fun-audit-9,union,25,false,false,strengthened_party,55,11,,0.448,10.1,6,lfi,10.1,14.6,1,8,5,0.5,9,0,0,5,6,0,0,1,0,0,9.42,2.66,0,0.11,6.76,2.2,21.15,true,1,1,false,,,false,false,false,elimination_precoce,2,1,2,60,57,2,1,0,0,0,12268,3,23
nouvelle_energie:chaos:10,nouvelle_energie,nouvelle_energie,existing,chaos,contrarien,10,fun-audit-10,field_first,31,true,true,president,84,15.2,51,0.738,12.6,2,rn,7.7,14.3,1,8,6,2.5,17,0,0,4,4,0,1,2,1,0,10.73,0.78,0,0,0,0,11.51,false,0,3,true,47,88.10000000000001,false,false,false,victoire_serree,3,1,4,78,73,2,2,1,0,0,15565,12,15
nouvelle_energie:chaos:11,nouvelle_energie,nouvelle_energie,existing,chaos,contrarien,11,fun-audit-11,presidential,25,false,false,honorable_campaign,44,8.2,,0.255,10.3,9,lr,8,12.19,2,8,4,0.7,6,1,0,5,7,0,2,2,1,0,12.88,0,0,0.87,0,3.78,17.53,false,0,3,false,,,true,false,false,elimination_precoce,0,0,5,59,55,1,2,1,0,0,12429,9,8
nouvelle_energie:chaos:12,nouvelle_energie,nouvelle_energie,existing,chaos,contrarien,12,fun-audit-12,rupture,25,false,false,strengthened_party,51,10.3,,0.4,10.8,8,ps,9.7,15.5,1,8,2,0,9,0,0,2,8,1,1,0,0,0,12.95,3.36,0,0,0.7,5.17,22.18,false,0,0,false,,,true,false,false,elimination_precoce,3,1,4,63,60,2,1,0,0,0,12233,18,19
nouvelle_energie:chaos:13,nouvelle_energie,nouvelle_energie,existing,chaos,contrarien,13,fun-audit-13,digital,25,false,false,strengthened_party,52,10.3,,0.4,14.1,6,rn,10.04,15.1,1,8,5,0.8,9,2,0,2,6,0,2,0,0,0,7.47,0.02,0,0,5.7,0,13.19,false,0,0,false,,,false,false,false,elimination_precoce,1,1,3,57,56,1,0,0,0,0,12189,14,19
nouvelle_energie:chaos:14,nouvelle_energie,nouvelle_energie,existing,chaos,contrarien,14,fun-audit-14,union,31,true,true,president,79,13.7,53.4,0.634,12.8,1,lfi,8.4,16.4,1,8,7,1,16,0,0,2,6,0,1,1,0,0,13.45,5.46,0,0,0.35,5.18,24.44,false,0,2,true,56,60.199999999999996,false,false,false,victoire_serree,0,0,3,76,67,3,2,4,0,0,15530,2,4
nouvelle_energie:chaos:15,nouvelle_energie,nouvelle_energie,existing,chaos,contrarien,15,fun-audit-15,field_first,25,false,false,kingmaker,51,10.6,,0.421,12.4,5,rn,8.6,13.29,1,8,9,1.2,11,1,0,1,8,0,3,1,1,0,11.68,0.02,0,1.48,0.7,5.18,19.06,false,0,3,false,,,false,false,false,elimination_precoce,1,1,4,62,58,3,0,1,0,0,12542,4,16
nouvelle_energie:chaos:16,nouvelle_energie,nouvelle_energie,existing,chaos,contrarien,16,fun-audit-16,presidential,31,true,true,president,86,15.3,57.9,0.745,12.2,1,rn,9.5,14.71,1,8,8,2.3,19,1,0,0,9,1,0,0,0,0,18.94,0,4.87,0.72,6.05,0,30.58,false,0,0,true,51,85.4,false,false,false,victoire_confortable,2,1,2,76,69,4,1,2,0,0,15872,13,19
nouvelle_energie:chaos:17,nouvelle_energie,nouvelle_energie,existing,chaos,contrarien,17,fun-audit-17,rupture,25,false,false,kingmaker,64,13.1,,0.593,9.4,4,horizons,9.1,14.7,1,8,5,1.2,12,1,0,0,8,0,1,1,1,0,16.5,3.32,0,0,6.05,0,25.87,true,1,2,false,,,false,false,false,elimination_precoce,3,1,4,57,53,2,1,1,0,0,12288,8,20
nouvelle_energie:chaos:18,nouvelle_energie,nouvelle_energie,existing,chaos,contrarien,18,fun-audit-18,digital,29,true,false,runoff_defeat,76,16.2,50,0.807,11.6,1,horizons,10.4,17.3,1,7,5,3.4,13,0,0,3,7,0,2,4,3,0,7.86,0,3.54,0,6.05,1.58,19.03,true,1,6,true,57,48.3,false,false,false,defaite_serree,1,1,5,64,57,4,2,1,0,0,14536,4,10
nouvelle_energie:chaos:19,nouvelle_energie,nouvelle_energie,existing,chaos,contrarien,19,fun-audit-19,union,31,true,true,president,83,14.4,50.8,0.683,8.7,1,lfi,8.7,14.9,1,8,7,1.7,17,0,1,5,6,1,0,0,0,0,9.79,3.36,4.87,0.11,0.7,0,18.83,false,0,0,true,48,62.4,false,false,false,victoire_serree,3,1,4,78,65,8,1,3,1,0,15419,22,8
nouvelle_energie:cautious:0,nouvelle_energie,nouvelle_energie,existing,cautious,prudent,0,fun-audit-0,field_first,25,false,false,kingmaker,66,13.4,,0.614,10,4,rn,10,16.4,1,8,1,0.3,14,0,0,3,5,0,0,1,1,0,3.1,0,0,0.5,0,3.78,7.38,false,0,2,false,,,false,false,false,elimination_precoce,7,1,2,59,53,3,0,3,0,0,12220,16,10
nouvelle_energie:cautious:1,nouvelle_energie,nouvelle_energie,existing,cautious,prudent,1,fun-audit-1,presidential,31,true,true,president,91,16.9,54.5,0.855,8.7,1,rn,8.7,17.8,1,8,3,4.5,19,2,0,0,6,1,0,0,0,0,1.25,0,0.35,0,0.59,0.85,3.04,true,1,0,true,28,86.5,false,true,false,remontee_spectaculaire,2,1,4,79,70,4,2,3,0,0,15572,7,11
nouvelle_energie:cautious:2,nouvelle_energie,nouvelle_energie,existing,cautious,prudent,2,fun-audit-2,rupture,31,true,true,president,89,14.9,55.9,0.717,13.2,2,ps,10.8,17.8,1,6,2,1.1,21,2,0,1,8,1,0,1,0,0,3.22,0.56,1.05,1.25,0.7,1.82,8.6,false,0,1,true,39,73.39999999999999,false,false,false,victoire_serree,3,1,3,71,66,2,1,2,0,0,15397,12,
nouvelle_energie:cautious:3,nouvelle_energie,nouvelle_energie,existing,cautious,prudent,3,fun-audit-3,digital,31,true,true,president,93,17,54.1,0.862,11.8,1,rn,10.3,16.7,1,7,5,2.9,20,3,0,4,10,0,0,2,0,0,9.78,0.73,0,0.65,0.35,2.38,13.89,false,0,2,true,30,86.40000000000002,false,false,false,victoire_serree,1,1,2,77,71,3,0,3,0,0,15707,2,17
nouvelle_energie:cautious:4,nouvelle_energie,nouvelle_energie,existing,cautious,prudent,4,fun-audit-4,union,25,false,false,kingmaker,64,11.8,,0.503,12.1,4,rn,11.2,16.2,1,6,4,1.5,13,1,0,2,5,0,0,1,1,0,6.32,0.56,0,0.8,0,0,7.68,false,0,2,false,,,false,false,false,elimination_precoce,3,2,3,63,54,6,1,2,0,0,11949,16,20
nouvelle_energie:cautious:5,nouvelle_energie,nouvelle_energie,existing,cautious,prudent,5,fun-audit-5,field_first,25,false,false,kingmaker,66,13.2,,0.6,11.5,3,lfi,10.3,17.5,1,8,3,0.1,13,0,0,1,6,1,0,1,0,0,10.41,3.36,0,0,0,2.2,15.97,true,1,1,false,,,false,false,false,elimination_precoce,3,1,3,68,59,7,0,1,0,1,12283,20,18
nouvelle_energie:cautious:6,nouvelle_energie,nouvelle_energie,existing,cautious,prudent,6,fun-audit-6,presidential,31,true,true,president,89,14.3,52.8,0.676,14.5,1,rn,11.6,18.1,1,4,2,0.5,19,2,0,4,5,0,0,1,1,0,7.56,0,1.44,0.7,0.28,0,9.98,false,0,2,true,26,85.80000000000001,false,false,false,victoire_serree,4,2,4,71,67,3,1,0,0,0,15529,10,24
nouvelle_energie:cautious:7,nouvelle_energie,nouvelle_energie,existing,cautious,prudent,7,fun-audit-7,rupture,31,true,true,president,90,16.8,59.4,0.848,13.3,1,rn,11.5,17.5,1,4,2,4.5,20,3,1,2,10,2,0,2,1,0,6.66,0.73,1.05,0.63,0.35,0.74,10.16,false,0,4,true,45,87.70000000000002,false,false,false,victoire_confortable,4,1,5,73,63,5,2,2,1,0,15352,6,22
nouvelle_energie:cautious:8,nouvelle_energie,nouvelle_energie,existing,cautious,prudent,8,fun-audit-8,digital,31,true,true,president,88,15.3,51,0.745,14.6,1,ps,10.3,16.3,1,8,10,1.9,21,2,0,0,8,0,1,0,0,0,6.79,0,1.75,1.5,0,2.11,12.15,false,0,0,true,34,71.1,false,false,false,victoire_serree,5,2,3,74,66,5,0,3,0,0,15257,11,13
nouvelle_energie:cautious:9,nouvelle_energie,nouvelle_energie,existing,cautious,prudent,9,fun-audit-9,union,31,true,true,president,90,14.8,54.3,0.71,10.1,1,lfi,10.1,17.1,1,8,5,1.3,20,3,0,3,7,0,0,1,0,0,7.82,2.66,0,0,0.7,2.2,13.38,true,1,1,true,30,61.199999999999996,false,false,false,victoire_serree,1,1,3,78,71,3,1,3,0,0,15325,13,
nouvelle_energie:cautious:10,nouvelle_energie,nouvelle_energie,existing,cautious,prudent,10,fun-audit-10,field_first,31,true,true,president,91,16.8,59.1,0.848,12.6,1,rn,10.8,16.8,1,6,6,4.3,20,2,0,3,6,0,0,1,1,0,7.96,3.58,0,0.07,0,0,11.61,false,0,2,true,24,88.10000000000001,false,false,false,victoire_confortable,4,2,3,78,73,2,2,1,0,0,15613,18,17
nouvelle_energie:cautious:11,nouvelle_energie,nouvelle_energie,existing,cautious,prudent,11,fun-audit-11,presidential,31,true,true,president,92,16.5,56,0.828,10.3,1,ps,10,16.5,1,8,3,4.5,20,2,0,5,7,0,0,2,1,0,6.95,3.36,0,1.37,0,0,11.68,false,0,4,true,32,71.1,false,false,false,victoire_confortable,2,1,3,68,64,2,1,1,0,0,15463,6,8
nouvelle_energie:cautious:12,nouvelle_energie,nouvelle_energie,existing,cautious,prudent,12,fun-audit-12,rupture,31,true,true,president,89,14.6,51,0.697,10.8,1,ps,10.8,15.97,1,7,3,1.9,20,2,0,0,9,1,0,0,0,0,4.64,0.73,1.75,0.49,0.35,2.63,10.59,false,0,0,true,37,72.00000000000001,false,false,false,victoire_serree,3,2,3,78,73,2,1,2,0,0,15367,8,12
nouvelle_energie:cautious:13,nouvelle_energie,nouvelle_energie,existing,cautious,prudent,13,fun-audit-13,digital,31,true,true,president,91,15.3,60.4,0.745,14.1,1,rn,11.84,17,1,4,2,3.1,20,2,0,1,9,0,0,0,0,0,13.34,2.66,1.44,0.7,0.98,0,19.12,false,0,0,true,31,87.8,false,false,false,victoire_confortable,2,1,2,75,71,1,2,1,0,0,15561,14,22
nouvelle_energie:cautious:14,nouvelle_energie,nouvelle_energie,existing,cautious,prudent,14,fun-audit-14,union,31,true,true,president,93,17.9,57,0.812,12.8,1,lfi,8.5,18.2,1,8,8,5.8,20,2,0,2,6,0,0,0,0,0,6.47,0.73,1.75,0.7,0,1.3,10.95,false,0,0,true,28,60.199999999999996,false,false,false,victoire_confortable,2,1,2,76,67,3,2,4,0,0,15535,6,11
nouvelle_energie:cautious:15,nouvelle_energie,nouvelle_energie,existing,cautious,prudent,15,fun-audit-15,field_first,31,true,true,president,87,13.4,52.4,0.614,12.4,1,ecologistes,10.6,17.3,1,7,4,1.1,20,2,0,2,9,1,0,1,0,0,7.76,0,1.75,1.33,0.28,1.3,12.42,false,0,1,true,34,37,false,false,false,victoire_serree,2,1,4,79,70,5,1,3,0,0,15480,9,22
nouvelle_energie:cautious:16,nouvelle_energie,nouvelle_energie,existing,cautious,prudent,16,fun-audit-16,presidential,31,true,true,president,92,17,60.4,0.758,12.2,1,rn,9.8,16.8,1,8,4,4.2,21,3,0,0,9,1,0,0,0,0,5.71,0.56,0,1.22,0.91,0,8.4,false,0,0,true,32,85.4,false,false,false,victoire_confortable,4,3,2,76,69,4,1,2,0,0,15880,15,9
nouvelle_energie:cautious:17,nouvelle_energie,nouvelle_energie,existing,cautious,prudent,17,fun-audit-17,rupture,31,true,true,president,90,15.8,51.8,0.685,9.4,1,horizons,9.4,17.4,1,8,5,1.4,20,2,0,0,11,1,0,0,0,0,17.61,4.02,0,1.19,0.28,0,23.1,false,0,0,true,38,49.39999999999999,false,false,false,victoire_serree,5,2,3,71,66,2,1,2,0,0,15435,8,
nouvelle_energie:cautious:18,nouvelle_energie,nouvelle_energie,existing,cautious,prudent,18,fun-audit-18,digital,31,true,true,president,89,17.1,53,0.764,11.6,1,horizons,11.1,17.6,1,6,3,4.4,20,3,0,4,8,1,1,3,3,0,11.46,0,0.35,0,0.7,2.11,14.62,true,1,6,true,41,48.699999999999996,false,false,false,victoire_serree,1,1,7,76,67,6,1,2,0,0,15483,12,
nouvelle_energie:cautious:19,nouvelle_energie,nouvelle_energie,existing,cautious,prudent,19,fun-audit-19,union,31,true,true,president,87,14.2,57.1,0.588,8.7,2,ps,8.7,16.6,1,8,1,1.5,20,3,1,5,7,1,0,1,0,0,7.15,3.36,1.44,0.56,0,0,12.51,false,0,1,true,34,72.60000000000002,false,false,false,victoire_confortable,3,1,4,77,64,8,1,3,1,0,15281,11,
nouvelle_energie:narrative:0,nouvelle_energie,nouvelle_energie,existing,narrative,mediatique,0,fun-audit-0,field_first,25,false,false,kingmaker,60,11.8,,0.503,10,4,rn,9.6,16,1,8,6,0.6,10,0,0,5,2,0,0,1,0,0,0,0,1.61,0,0.7,1.99,4.3,false,0,1,false,,,false,false,false,elimination_precoce,1,1,1,60,52,5,0,3,0,0,12302,3,21
nouvelle_energie:narrative:1,nouvelle_energie,nouvelle_energie,existing,narrative,mediatique,1,fun-audit-1,presidential,31,true,true,president,83,13.6,59.2,0.628,8.7,2,rn,8.4,14.8,1,8,13,0.4,17,0,0,1,8,0,1,1,1,0,7.42,0,3.11,0,2.48,1.82,14.83,true,2,2,true,50,86.5,false,false,false,victoire_confortable,1,1,4,80,71,4,2,3,0,0,15489,9,10
nouvelle_energie:narrative:2,nouvelle_energie,nouvelle_energie,existing,narrative,mediatique,2,fun-audit-2,rupture,25,false,false,kingmaker,67,13.1,,0.593,13.2,3,ps,9.4,14.9,1,8,2,0.9,11,0,0,3,5,0,0,1,1,0,13.25,5.46,1.05,0,0,1.82,21.58,false,0,2,false,,,false,false,false,elimination_precoce,3,1,2,58,55,2,0,1,0,0,12275,20,23
nouvelle_energie:narrative:3,nouvelle_energie,nouvelle_energie,existing,narrative,mediatique,3,fun-audit-3,digital,25,false,false,kingmaker,57,10.4,,0.407,11.8,5,rn,9.4,13.9,1,8,7,0,12,0,0,5,6,0,0,2,1,0,11.69,2.41,0,0,1.4,1.99,17.49,true,1,4,false,,,false,false,false,elimination_precoce,1,1,3,65,61,2,0,2,0,0,12504,2,8
nouvelle_energie:narrative:4,nouvelle_energie,nouvelle_energie,existing,narrative,mediatique,4,fun-audit-4,union,25,false,false,kingmaker,45,8,,0.241,12.1,8,ps,9.4,15.4,1,8,5,1.2,8,0,0,3,7,0,2,3,2,0,16.48,2.5,0,0.45,0.7,0,20.13,false,0,6,false,,,false,false,true,effondrement,3,1,4,65,57,5,0,3,0,0,12750,22,6
nouvelle_energie:narrative:5,nouvelle_energie,nouvelle_energie,existing,narrative,mediatique,5,fun-audit-5,field_first,25,false,false,kingmaker,58,11.4,,0.476,11.5,5,lfi,10.2,16,1,8,3,1.7,11,0,0,0,6,0,0,0,0,0,9.93,0,0.84,0.63,0.7,3.16,15.26,true,1,0,false,,,true,false,false,elimination_precoce,2,1,2,68,59,7,0,1,0,1,12324,8,19
nouvelle_energie:narrative:6,nouvelle_energie,nouvelle_energie,existing,narrative,mediatique,6,fun-audit-6,presidential,25,false,false,kingmaker,65,12.5,,0.552,14.5,4,rn,10.6,14.5,1,7,8,0.9,13,0,0,1,5,0,0,0,0,0,5.91,0,0,1.33,6.41,0,13.65,false,0,0,false,,,false,false,false,elimination_precoce,3,2,1,58,53,3,1,1,0,0,12562,17,8
nouvelle_energie:narrative:7,nouvelle_energie,nouvelle_energie,existing,narrative,mediatique,7,fun-audit-7,rupture,31,true,true,president,90,17.2,58.8,0.876,13.3,1,rn,11.3,16.8,1,5,2,5,20,0,1,2,10,0,0,1,0,0,9.15,2.41,0.66,0.63,1.4,4.63,18.88,false,0,1,true,54,87.70000000000002,false,false,false,victoire_confortable,3,1,2,71,61,5,2,2,1,0,15253,6,11
nouvelle_energie:narrative:8,nouvelle_energie,nouvelle_energie,existing,narrative,mediatique,8,fun-audit-8,digital,29,true,false,runoff_defeat,82,15.7,48.3,0.772,14.6,1,horizons,10.2,16.9,1,8,6,2.3,16,0,0,1,6,0,0,1,0,0,2.16,0,0.35,0,5.49,4.78,12.78,false,0,1,true,44,46.4,false,false,false,defaite_serree,3,2,2,64,58,4,0,2,0,0,14617,23,15
nouvelle_energie:narrative:9,nouvelle_energie,nouvelle_energie,existing,narrative,mediatique,9,fun-audit-9,union,31,true,true,president,86,14.7,57.4,0.703,10.1,2,rn,9.3,14.26,1,8,9,1.2,19,0,0,7,8,0,0,2,1,0,3.38,2.86,0,0.45,5.11,1.3,13.1,true,1,3,true,59,88.79999999999998,false,false,false,victoire_confortable,1,1,3,77,71,2,1,3,0,0,15250,14,2
nouvelle_energie:narrative:10,nouvelle_energie,nouvelle_energie,existing,narrative,mediatique,10,fun-audit-10,field_first,31,true,true,president,87,15.3,51.9,0.745,12.6,2,rn,9,14.6,1,8,8,2.6,20,0,0,5,7,0,1,1,1,0,8.46,5.18,2.05,0,6.76,0,22.45,false,0,2,true,45,88.10000000000001,false,false,false,victoire_serree,2,1,4,78,73,2,2,1,0,0,15425,22,14
nouvelle_energie:narrative:11,nouvelle_energie,nouvelle_energie,existing,narrative,mediatique,11,fun-audit-11,presidential,25,false,false,honorable_campaign,49,9.3,,0.331,10.3,8,lr,8.5,14.2,1,8,10,0.7,8,0,0,4,6,0,1,1,1,0,10.29,0,1.05,1.9,0,1.82,15.06,false,0,2,false,,,true,false,false,elimination_precoce,3,1,4,59,55,1,2,1,0,0,12295,9,6
nouvelle_energie:narrative:12,nouvelle_energie,nouvelle_energie,existing,narrative,mediatique,12,fun-audit-12,rupture,29,true,false,runoff_defeat,81,14.8,49.6,0.71,10.8,1,ps,10.8,16.97,1,7,3,2.1,16,0,0,2,9,0,0,0,0,0,8.73,0.32,2.33,0,0.7,4.14,16.22,false,0,0,true,51,72.00000000000001,true,false,false,defaite_serree,2,1,3,71,66,2,1,2,0,0,14417,17,19
nouvelle_energie:narrative:13,nouvelle_energie,nouvelle_energie,existing,narrative,mediatique,13,fun-audit-13,digital,31,true,true,president,88,15.2,58.2,0.738,14.1,1,rn,11.77,17.1,1,4,2,3,20,0,0,2,8,0,0,0,0,0,14.41,2.86,0.49,0,5.42,0,23.18,false,0,0,true,46,87.8,false,false,false,victoire_confortable,3,1,1,75,71,1,2,1,0,0,15514,14,15
nouvelle_energie:narrative:14,nouvelle_energie,nouvelle_energie,existing,narrative,mediatique,14,fun-audit-14,union,31,true,true,president,89,17.8,56,0.806,12.8,1,lfi,8.4,17.8,1,8,8,5.7,17,0,0,3,8,0,0,2,1,0,18.31,2.41,0.35,0,1.12,1.3,23.49,false,0,4,true,41,60.4,false,false,false,victoire_confortable,2,1,2,77,67,3,2,5,0,0,15686,2,4
nouvelle_energie:narrative:15,nouvelle_energie,nouvelle_energie,existing,narrative,mediatique,15,fun-audit-15,field_first,31,true,true,president,86,15.2,52.9,0.648,12.4,1,rn,8.5,16.5,1,8,6,1.8,19,0,0,3,6,0,0,1,1,0,9.84,0.49,0.35,0,2.77,1.3,14.75,false,0,3,true,39,89.00000000000001,true,false,false,victoire_serree,2,1,4,80,72,4,2,2,0,0,15354,18,9
nouvelle_energie:narrative:16,nouvelle_energie,nouvelle_energie,existing,narrative,mediatique,16,fun-audit-16,presidential,31,true,true,president,87,15.7,57.8,0.679,12.2,1,rn,9.8,15.87,1,8,4,2.7,19,0,0,0,9,0,1,0,0,0,12.36,5.46,0,2.12,6.41,0,26.35,false,0,0,true,50,85.4,false,false,false,victoire_confortable,4,3,1,76,69,4,1,2,0,0,15951,19,4
nouvelle_energie:narrative:17,nouvelle_energie,nouvelle_energie,existing,narrative,mediatique,17,fun-audit-17,rupture,25,false,false,kingmaker,55,11.1,,0.4,9.4,5,horizons,8.8,16.7,1,8,7,2.2,12,0,0,1,6,0,1,2,1,0,6.22,0.32,4.25,0.63,0,0,11.42,true,1,2,false,,,false,false,false,elimination_precoce,6,2,4,57,53,2,1,1,0,0,12416,20,24
nouvelle_energie:narrative:18,nouvelle_energie,nouvelle_energie,existing,narrative,mediatique,18,fun-audit-18,digital,31,true,true,president,87,14.9,54.3,0.63,11.6,2,renaissance,11.6,18.1,1,5,3,1.7,20,0,0,5,8,0,0,1,1,0,20.33,2.41,0,0,1.68,1.99,26.41,false,0,3,true,42,65,false,false,false,victoire_serree,0,0,2,74,65,7,1,1,0,0,15743,4,11
nouvelle_energie:narrative:19,nouvelle_energie,nouvelle_energie,existing,narrative,mediatique,19,fun-audit-19,union,31,true,true,president,87,15.2,50.5,0.648,8.7,1,lfi,8.7,15.8,1,8,1,2.7,19,0,1,3,6,0,0,0,0,0,3.57,0.32,4.5,0.45,0,0,8.84,false,0,0,true,40,61.6,true,false,false,victoire_serree,5,1,4,77,65,8,1,2,1,0,15513,12,9
nouvelle_energie:beginner:0,nouvelle_energie,nouvelle_energie,existing,beginner,debutant_heuristic,0,fun-audit-0,field_first,31,true,true,president,92,16.4,56.1,0.821,10,1,rn,10,17.8,1,8,1,4.4,19,2,0,2,6,0,0,1,0,0,6.11,0,1.79,0.98,0.35,0.59,9.82,false,0,1,true,26,85.4,false,false,false,victoire_confortable,4,1,2,71,64,5,0,2,0,0,15395,4,
nouvelle_energie:beginner:1,nouvelle_energie,nouvelle_energie,existing,beginner,debutant_heuristic,1,fun-audit-1,presidential,31,true,true,president,91,17.9,55.8,0.924,8.7,1,rn,8.7,17.3,1,8,3,5.6,20,2,0,1,8,0,1,1,0,0,14.17,0,1.05,0,0.35,6.1,21.67,true,1,1,true,24,86.5,false,true,false,remontee_spectaculaire,3,1,5,80,71,4,2,3,0,0,15682,2,17
nouvelle_energie:beginner:2,nouvelle_energie,nouvelle_energie,existing,beginner,debutant_heuristic,2,fun-audit-2,rupture,25,false,false,kingmaker,69,13.7,,0.594,13.2,3,ps,10.9,16.4,1,6,2,0.3,13,0,0,0,10,0,1,1,1,0,12.31,1.26,2.45,0.28,0.1,5.06,21.46,false,0,2,false,,,false,false,false,elimination_precoce,5,2,2,58,55,2,0,1,0,0,12333,7,22
nouvelle_energie:beginner:3,nouvelle_energie,nouvelle_energie,existing,beginner,debutant_heuristic,3,fun-audit-3,digital,31,true,true,president,92,17.6,52.2,0.903,11.8,1,rn,9.8,16.8,1,8,5,3.6,18,0,0,4,7,0,0,1,1,0,5.33,1.44,1.05,0.46,0.7,8.77,17.75,false,0,2,true,35,86.40000000000002,false,false,false,victoire_serree,3,1,3,75,71,1,0,3,0,0,15604,3,
nouvelle_energie:beginner:4,nouvelle_energie,nouvelle_energie,existing,beginner,debutant_heuristic,4,fun-audit-4,union,25,false,false,kingmaker,68,13,,0.586,12.1,4,rn,11.2,16.3,1,6,6,0.1,14,1,0,1,6,0,0,1,1,0,7.13,1.26,1.79,0.98,0.35,0,11.51,true,1,2,false,,,false,false,false,elimination_precoce,4,1,4,63,54,6,1,2,0,0,12025,4,
nouvelle_energie:beginner:5,nouvelle_energie,nouvelle_energie,existing,beginner,debutant_heuristic,5,fun-audit-5,field_first,31,true,true,president,88,13.7,55.1,0.634,11.5,1,lfi,10.3,17.5,1,8,3,0.5,19,2,0,1,6,1,0,0,0,0,9.27,2.24,0,0,0.35,1.55,13.41,true,1,0,true,29,61.6,false,false,false,victoire_serree,3,1,4,80,70,7,0,2,0,1,15416,25,29
nouvelle_energie:beginner:6,nouvelle_energie,nouvelle_energie,existing,beginner,debutant_heuristic,6,fun-audit-6,presidential,25,false,false,kingmaker,64,13.2,,0.6,14.5,4,rn,11.3,15.2,1,4,4,0.1,11,1,0,2,7,2,0,1,0,0,14.27,0,0,0.8,3.96,0,19.03,false,0,1,false,,,false,false,false,elimination_precoce,4,1,3,59,54,3,1,1,0,0,12371,10,
nouvelle_energie:beginner:7,nouvelle_energie,nouvelle_energie,existing,beginner,debutant_heuristic,7,fun-audit-7,rupture,31,true,true,president,91,18.1,60.4,0.877,13.3,1,rn,11.5,18.2,1,4,2,6,20,2,1,2,9,2,0,3,1,0,14.73,0.73,1.05,1.21,0,3.95,21.67,false,0,5,true,40,87.70000000000002,false,false,false,victoire_confortable,5,1,5,69,59,5,2,2,1,0,15290,2,20
nouvelle_energie:beginner:8,nouvelle_energie,nouvelle_energie,existing,beginner,debutant_heuristic,8,fun-audit-8,digital,31,true,true,president,92,17.1,51.8,0.869,14.6,1,horizons,10.5,17.6,1,7,6,4,19,2,0,0,7,0,0,0,0,0,4.4,0,2.49,1.5,0.35,5.62,14.36,false,0,0,true,23,46.4,false,false,false,victoire_serree,8,2,2,71,64,5,0,2,0,0,15226,3,13
nouvelle_energie:beginner:9,nouvelle_energie,nouvelle_energie,existing,beginner,debutant_heuristic,9,fun-audit-9,union,31,true,true,president,86,14.8,54,0.71,10.1,1,lfi,10.1,17.2,1,8,5,1.2,19,0,0,5,6,0,0,1,1,0,6.18,0.56,0,0.28,0.35,2.2,9.57,true,1,2,true,23,62.099999999999994,false,false,false,victoire_serree,2,1,4,79,72,3,1,3,0,0,15417,12,25
nouvelle_energie:beginner:10,nouvelle_energie,nouvelle_energie,existing,beginner,debutant_heuristic,10,fun-audit-10,field_first,31,true,true,president,93,18.2,59.1,0.945,12.6,1,rn,11.1,17.5,1,6,6,5.9,19,0,0,3,7,0,0,1,1,0,10.84,3.31,1.61,0.46,0.35,0,16.57,false,0,2,true,35,88.10000000000001,false,false,false,victoire_confortable,3,2,2,78,73,2,2,1,0,0,15335,22,
nouvelle_energie:beginner:11,nouvelle_energie,nouvelle_energie,existing,beginner,debutant_heuristic,11,fun-audit-11,presidential,31,true,true,president,87,13.3,57.7,0.607,10.3,1,lr,9.8,16.5,1,8,3,0.9,17,0,0,2,8,0,0,2,2,0,14.69,0,0,1.43,0,2.38,18.5,false,0,3,true,26,61.1,false,false,false,victoire_confortable,3,1,2,70,67,2,1,0,0,0,15393,4,28
nouvelle_energie:beginner:12,nouvelle_energie,nouvelle_energie,existing,beginner,debutant_heuristic,12,fun-audit-12,rupture,31,true,true,president,87,14.8,50.9,0.665,10.8,1,ps,10.8,16.61,1,7,3,2.1,18,0,0,1,10,1,0,0,0,0,13.47,0.73,2.34,0,0,5.52,22.06,false,0,0,true,33,72.00000000000001,false,false,false,victoire_serree,2,2,3,78,73,2,1,2,0,0,15354,18,27
nouvelle_energie:beginner:13,nouvelle_energie,nouvelle_energie,existing,beginner,debutant_heuristic,13,fun-audit-13,digital,31,true,true,president,91,15.7,60.8,0.723,14.1,1,rn,11.85,17.6,1,4,2,3.6,19,2,0,0,9,0,0,0,0,0,14.37,1.24,0,0,4.34,0,19.95,false,0,0,true,28,87.8,false,false,false,victoire_confortable,3,1,1,75,71,1,2,1,0,0,15635,17,
nouvelle_energie:beginner:14,nouvelle_energie,nouvelle_energie,existing,beginner,debutant_heuristic,14,fun-audit-14,union,31,true,true,president,93,18.1,57.4,0.824,12.8,1,lfi,8.6,18.5,1,8,8,6,19,2,0,2,8,0,0,1,0,0,13.07,0.73,0,0,3.58,2.38,19.76,false,0,1,true,32,60.199999999999996,false,false,false,victoire_confortable,1,1,2,75,66,3,2,4,0,0,15520,6,
nouvelle_energie:beginner:15,nouvelle_energie,nouvelle_energie,existing,beginner,debutant_heuristic,15,fun-audit-15,field_first,31,true,true,president,86,15,53.9,0.724,12.4,1,rn,8.7,16.2,1,8,6,1.6,18,1,0,3,7,2,0,2,1,0,9.97,0.56,0,0,0,0.28,10.81,false,0,4,true,30,89.00000000000001,true,false,false,victoire_serree,2,1,6,80,72,4,2,2,0,0,15473,8,22
nouvelle_energie:beginner:16,nouvelle_energie,nouvelle_energie,existing,beginner,debutant_heuristic,16,fun-audit-16,presidential,31,true,true,president,90,16.7,59.9,0.739,12.2,1,rn,9.8,16.3,1,8,4,3.9,19,1,0,0,12,0,1,0,0,0,23.67,0,1.44,1.41,4.59,0,31.11,false,0,0,true,31,85.4,false,false,false,victoire_confortable,4,3,2,76,69,4,1,2,0,0,15780,15,19
nouvelle_energie:beginner:17,nouvelle_energie,nouvelle_energie,existing,beginner,debutant_heuristic,17,fun-audit-17,rupture,31,true,true,president,89,15.6,50.5,0.673,9.4,1,horizons,9.4,17.1,1,8,5,1.2,20,1,0,0,9,1,0,1,0,0,14.88,1.22,1.79,0.7,3.6,0,22.19,true,1,1,true,41,49.39999999999999,false,false,false,victoire_serree,5,2,4,70,66,2,1,1,0,0,15517,8,
nouvelle_energie:beginner:18,nouvelle_energie,nouvelle_energie,existing,beginner,debutant_heuristic,18,fun-audit-18,digital,31,true,true,president,91,18.6,54.5,0.972,11.6,1,horizons,11.6,17.9,1,5,1,6,20,2,0,2,9,0,1,1,0,0,9.8,0.73,1.44,1.16,4.27,0.59,17.99,false,0,1,true,34,48.699999999999996,false,false,false,victoire_serree,1,1,3,76,67,6,1,2,0,0,15621,23,22
nouvelle_energie:beginner:19,nouvelle_energie,nouvelle_energie,existing,beginner,debutant_heuristic,19,fun-audit-19,union,31,true,true,president,87,14.8,57.2,0.589,8.7,2,ps,8.7,16.8,1,8,1,2.2,19,1,1,3,5,1,0,1,0,0,9.06,0.32,1.44,0.7,0,0,11.52,false,0,1,true,24,71.80000000000003,false,false,false,victoire_confortable,5,2,4,77,64,8,1,3,1,0,15488,9,25
nouvelle_energie:neutral_baseline:0,nouvelle_energie,nouvelle_energie,existing,neutral_baseline,aleatoire,0,fun-audit-0,field_first,31,true,true,president,85,15,56.6,0.724,10,2,rn,10,16.7,1,8,5,2.7,21,1,0,3,4,1,0,1,1,0,1.4,0,1.61,0.9,0,3.78,7.69,false,0,2,true,38,85.4,false,false,false,victoire_confortable,4,1,4,71,64,5,0,2,0,0,15448,5,21
nouvelle_energie:neutral_baseline:1,nouvelle_energie,nouvelle_energie,existing,neutral_baseline,aleatoire,1,fun-audit-1,presidential,31,true,true,president,90,16.9,54.6,0.919,8.7,1,rn,8.7,17.3,1,8,3,4.5,20,2,0,0,8,1,0,1,0,0,5.94,0,0.35,0.11,0.19,0.85,7.44,true,1,1,true,32,86.5,false,true,false,remontee_spectaculaire,1,1,4,79,70,4,2,3,0,0,15615,13,23
nouvelle_energie:neutral_baseline:2,nouvelle_energie,nouvelle_energie,existing,neutral_baseline,aleatoire,2,fun-audit-2,rupture,25,false,false,kingmaker,67,13.5,,0.621,13.2,3,ps,10.7,16.5,1,6,2,0.5,13,0,0,1,8,0,1,1,1,0,10.68,0.56,1.05,1.12,0.21,3.95,17.57,false,0,2,false,,,false,false,false,elimination_precoce,4,2,3,58,55,2,0,1,0,0,12204,14,1
nouvelle_energie:neutral_baseline:3,nouvelle_energie,nouvelle_energie,existing,neutral_baseline,aleatoire,3,fun-audit-3,digital,31,true,true,president,89,16,59.8,0.793,11.8,2,rn,9.4,15.5,1,8,5,1.8,20,0,0,2,9,0,0,1,0,0,14.74,4.93,0,0.8,0,5.35,25.82,false,0,1,true,37,86.40000000000002,true,false,false,victoire_confortable,1,1,2,76,72,1,0,3,0,0,15713,2,8
nouvelle_energie:neutral_baseline:4,nouvelle_energie,nouvelle_energie,existing,neutral_baseline,aleatoire,4,fun-audit-4,union,25,false,false,kingmaker,63,11.5,,0.483,12.1,4,rn,10.9,15.9,1,6,6,1.8,12,0,0,2,7,0,0,1,0,0,8.11,5.46,1.79,0.98,0,0,16.34,true,1,1,false,,,false,false,false,elimination_precoce,4,2,2,63,54,6,1,2,0,0,12252,16,24
nouvelle_energie:neutral_baseline:5,nouvelle_energie,nouvelle_energie,existing,neutral_baseline,aleatoire,5,fun-audit-5,field_first,25,false,false,kingmaker,63,12.5,,0.552,11.5,5,lfi,10.3,16.3,1,8,3,0.4,11,0,0,0,6,0,0,0,0,0,6.53,2.41,0.7,0.7,0.7,2.99,14.03,true,1,0,false,,,false,false,false,elimination_precoce,3,1,1,68,59,7,0,1,0,1,12323,20,
nouvelle_energie:neutral_baseline:6,nouvelle_energie,nouvelle_energie,existing,neutral_baseline,aleatoire,6,fun-audit-6,presidential,31,true,true,president,87,14.2,52.4,0.719,14.5,1,rn,11.4,17,1,4,2,0.4,18,2,0,2,7,0,0,1,0,0,10.16,0,0,1.33,3.96,0,15.45,false,0,1,true,29,85.80000000000001,false,false,false,victoire_serree,3,1,3,73,69,3,1,0,0,0,15364,10,18
nouvelle_energie:neutral_baseline:7,nouvelle_energie,nouvelle_energie,existing,neutral_baseline,aleatoire,7,fun-audit-7,rupture,31,true,true,president,89,17.8,60.1,0.917,13.3,1,rn,11.2,17.5,1,5,2,5.7,19,0,1,1,6,0,0,0,0,0,9.98,0.32,1.05,0.13,0,3.95,15.43,true,1,0,true,41,87.70000000000002,false,false,false,victoire_confortable,3,1,3,73,63,5,2,2,1,0,15230,22,21
nouvelle_energie:neutral_baseline:8,nouvelle_energie,nouvelle_energie,existing,neutral_baseline,aleatoire,8,fun-audit-8,digital,31,true,true,president,88,15.5,50.1,0.629,14.6,1,ps,10.3,16.5,1,8,12,3.8,20,2,0,1,6,2,0,0,0,0,1.15,0,4.06,0,1.4,1.47,8.08,false,0,0,true,38,70,false,false,false,victoire_serree,5,2,4,80,72,6,0,2,0,0,15165,11,10
nouvelle_energie:neutral_baseline:9,nouvelle_energie,nouvelle_energie,existing,neutral_baseline,aleatoire,9,fun-audit-9,union,31,true,true,president,87,15.2,52.5,0.738,10.1,1,lfi,10.1,17.5,1,8,3,1.7,20,0,0,4,6,0,0,1,1,0,6.38,0.56,0,0,0.35,1.3,8.59,false,0,2,true,42,62.099999999999994,false,false,false,victoire_serree,3,2,3,78,72,3,1,2,0,0,15396,3,22
nouvelle_energie:neutral_baseline:10,nouvelle_energie,nouvelle_energie,existing,neutral_baseline,aleatoire,10,fun-audit-10,field_first,31,true,true,president,83,15.3,51.8,0.745,12.6,2,rn,8.1,14.5,1,8,6,2.6,17,0,0,3,7,1,1,1,1,0,3.43,4.39,3.22,0.7,0.04,0,11.78,false,0,2,true,42,88.10000000000001,false,false,false,victoire_serree,1,1,5,78,73,2,2,1,0,0,15508,12,14
nouvelle_energie:neutral_baseline:11,nouvelle_energie,nouvelle_energie,existing,neutral_baseline,aleatoire,11,fun-audit-11,presidential,25,false,false,kingmaker,63,11.4,,0.476,10.3,3,rn,9.1,15.1,1,8,5,0.4,12,0,0,3,8,0,0,1,1,0,13.67,0,0.35,1.02,0,1.3,16.34,false,0,2,false,,,true,false,false,elimination_precoce,2,1,3,60,55,1,0,4,0,0,12472,22,8
nouvelle_energie:neutral_baseline:12,nouvelle_energie,nouvelle_energie,existing,neutral_baseline,aleatoire,12,fun-audit-12,rupture,29,true,false,runoff_defeat,76,13.3,48.5,0.568,10.8,1,ps,10.8,15.8,1,7,3,0.4,14,0,0,0,9,1,0,0,0,0,5.64,2.41,4.78,1.19,1.75,2.86,18.63,false,0,0,true,46,72.00000000000001,true,false,false,defaite_serree,3,2,3,71,66,2,1,2,0,0,14360,18,23
nouvelle_energie:neutral_baseline:13,nouvelle_energie,nouvelle_energie,existing,neutral_baseline,aleatoire,13,fun-audit-13,digital,31,true,true,president,91,15.9,60.8,0.735,14.1,1,rn,11.85,17.7,1,4,2,3.8,20,3,0,0,12,0,0,1,0,0,18.49,0.56,2.88,0.7,4.34,0,26.97,false,0,1,true,34,87.8,false,false,false,victoire_confortable,2,1,1,75,71,1,2,1,0,0,15646,19,
nouvelle_energie:neutral_baseline:14,nouvelle_energie,nouvelle_energie,existing,neutral_baseline,aleatoire,14,fun-audit-14,union,31,true,true,president,90,16.9,56.2,0.709,12.8,1,lfi,8.2,17.3,1,8,10,4.6,18,2,0,2,6,0,0,0,0,0,3.16,4.23,1.75,0.7,0,1.3,11.14,false,0,0,true,33,60.199999999999996,false,false,false,victoire_confortable,1,1,2,76,67,3,2,4,0,0,15514,6,7
nouvelle_energie:neutral_baseline:15,nouvelle_energie,nouvelle_energie,existing,neutral_baseline,aleatoire,15,fun-audit-15,field_first,25,false,false,kingmaker,65,13.7,,0.634,12.4,3,rn,8.7,15.1,1,8,6,0,10,1,0,1,7,1,1,1,1,0,4.73,0.56,0,0.5,0.35,0.85,6.99,false,0,3,false,,,false,false,false,elimination_precoce,2,1,5,60,57,3,0,0,0,0,12580,21,24
nouvelle_energie:neutral_baseline:16,nouvelle_energie,nouvelle_energie,existing,neutral_baseline,aleatoire,16,fun-audit-16,presidential,31,true,true,president,86,15.6,58,0.766,12.2,1,rn,9.8,16.6,1,8,6,2.6,18,1,0,0,12,1,1,0,0,0,12.6,2.24,0,0.45,0.91,0,16.2,false,0,0,true,50,85.4,false,false,false,victoire_confortable,2,2,3,76,69,4,1,2,0,0,15758,13,27
nouvelle_energie:neutral_baseline:17,nouvelle_energie,nouvelle_energie,existing,neutral_baseline,aleatoire,17,fun-audit-17,rupture,25,false,false,kingmaker,64,13.1,,0.521,9.4,4,horizons,9.3,16,1,8,5,1.2,13,1,0,0,9,1,1,1,0,0,10.72,3.5,3.24,1.19,6.76,0,25.41,true,1,1,false,,,false,false,false,elimination_precoce,5,2,4,57,53,2,1,1,0,0,12260,16,14
nouvelle_energie:neutral_baseline:18,nouvelle_energie,nouvelle_energie,existing,neutral_baseline,aleatoire,18,fun-audit-18,digital,31,true,true,president,91,17.7,51.7,0.91,11.6,1,horizons,11.6,17.7,1,5,1,4.9,19,1,0,2,10,0,1,1,0,0,8.96,2.41,4.06,0.46,6.05,1.99,23.93,false,0,1,true,47,48.699999999999996,false,false,false,victoire_serree,1,1,4,75,67,6,1,1,0,0,15467,9,22
nouvelle_energie:neutral_baseline:19,nouvelle_energie,nouvelle_energie,existing,neutral_baseline,aleatoire,19,fun-audit-19,union,31,true,true,president,86,15,52.2,0.636,8.7,1,lfi,8.7,15.9,1,8,1,2.5,17,2,1,3,5,1,0,0,0,0,4.68,3.36,1.44,0.7,0,0,10.18,false,0,0,true,37,61.6,true,false,false,victoire_serree,6,2,6,78,65,8,1,3,1,0,15318,11,17
nouvelle_energie:risk_seeking_ref:0,nouvelle_energie,nouvelle_energie,existing,risk_seeking_ref,risque,0,fun-audit-0,field_first,31,true,true,president,84,14.3,56.3,0.726,10,2,rn,10,16.6,1,8,3,2.1,18,1,0,5,7,0,1,1,0,0,7.27,0,3.42,0,1.05,0.59,12.33,false,0,1,true,39,85.4,false,false,false,victoire_confortable,3,1,3,71,64,5,0,2,0,0,15566,4,24
nouvelle_energie:risk_seeking_ref:1,nouvelle_energie,nouvelle_energie,existing,risk_seeking_ref,risque,1,fun-audit-1,presidential,31,true,true,president,86,16.4,53.1,0.881,8.7,1,rn,8.7,17.1,1,8,3,3.9,18,1,0,1,7,1,0,0,0,0,8.5,0,1.05,0,0.35,0.74,10.64,true,1,0,true,41,86.5,false,false,false,victoire_serree,1,1,5,80,71,4,2,3,0,0,15622,7,21
nouvelle_energie:risk_seeking_ref:2,nouvelle_energie,nouvelle_energie,existing,risk_seeking_ref,risque,2,fun-audit-2,rupture,31,true,true,president,91,17.4,55.1,0.89,13.2,1,lfi,10,18.9,1,8,2,3.1,18,0,1,2,6,0,0,1,1,0,4.46,0.56,1.05,1.19,0,1.82,9.08,false,0,2,true,42,60.1,false,false,false,victoire_serree,3,1,3,73,66,3,0,3,1,0,15397,8,10
nouvelle_energie:risk_seeking_ref:3,nouvelle_energie,nouvelle_energie,existing,risk_seeking_ref,risque,3,fun-audit-3,digital,25,false,false,kingmaker,65,11.4,,0.476,11.8,3,rn,10,15.2,1,8,5,1,13,1,0,5,8,0,0,2,1,0,12.23,0.73,0,0,0.35,2.38,15.69,true,1,4,false,,,false,false,false,elimination_precoce,2,1,4,65,61,2,0,2,0,0,12661,2,8
nouvelle_energie:risk_seeking_ref:4,nouvelle_energie,nouvelle_energie,existing,risk_seeking_ref,risque,4,fun-audit-4,union,25,false,false,kingmaker,64,12,,0.517,12.1,4,ps,11.2,15.9,1,6,6,1.7,13,2,0,2,8,0,0,3,2,0,8.02,1.24,0,0.46,0,0,9.72,false,0,6,false,,,false,false,false,elimination_precoce,2,1,3,65,57,5,0,3,0,0,12620,7,6
nouvelle_energie:risk_seeking_ref:5,nouvelle_energie,nouvelle_energie,existing,risk_seeking_ref,risque,5,fun-audit-5,field_first,31,true,true,president,85,13.3,53.9,0.607,11.5,2,lfi,10,16.97,1,8,1,0.1,20,0,0,2,9,1,0,1,1,0,10.47,1.19,0,1.12,0.35,2.2,15.33,true,1,2,true,39,61.6,false,false,false,victoire_serree,2,1,5,80,70,7,0,2,0,1,15348,8,15
nouvelle_energie:risk_seeking_ref:6,nouvelle_energie,nouvelle_energie,existing,risk_seeking_ref,risque,6,fun-audit-6,presidential,25,false,false,kingmaker,69,13.6,,0.628,14.5,3,rn,11.6,15.2,1,3,2,0.4,12,1,0,4,5,0,0,1,1,0,2.94,0.73,1.61,0.8,3.95,0,10.03,true,1,1,false,,,true,false,false,elimination_precoce,4,2,5,58,53,3,1,1,0,0,12370,10,13
nouvelle_energie:risk_seeking_ref:7,nouvelle_energie,nouvelle_energie,existing,risk_seeking_ref,risque,7,fun-audit-7,rupture,31,true,true,president,90,17.9,59.9,0.924,13.3,1,rn,11.7,17.8,1,3,2,5.7,21,1,1,2,10,2,0,0,0,0,8.79,0.73,1.02,0.71,0,2.93,14.18,false,0,0,true,48,87.70000000000002,false,false,false,victoire_confortable,1,1,4,70,61,5,1,2,1,0,15299,6,11
nouvelle_energie:risk_seeking_ref:8,nouvelle_energie,nouvelle_energie,existing,risk_seeking_ref,risque,8,fun-audit-8,digital,31,true,true,president,90,16.9,51,0.919,14.6,1,horizons,10.6,17.9,1,7,6,3.7,22,2,0,1,11,1,0,0,0,0,9.74,0,5.6,0.8,1.05,3.47,20.66,false,0,0,true,39,46.4,false,false,false,victoire_serree,3,2,4,72,64,5,0,3,0,0,15415,11,15
nouvelle_energie:risk_seeking_ref:9,nouvelle_energie,nouvelle_energie,existing,risk_seeking_ref,risque,9,fun-audit-9,union,31,true,true,president,89,16,53.2,0.793,10.1,1,rn,10.1,20,1,8,9,2.7,20,1,0,7,9,0,0,3,2,0,6.21,3.13,0,1.19,3.95,2.2,16.68,true,1,4,true,44,86.89999999999999,false,false,false,victoire_serree,1,1,5,75,68,3,1,3,0,0,15321,14,23
nouvelle_energie:risk_seeking_ref:10,nouvelle_energie,nouvelle_energie,existing,risk_seeking_ref,risque,10,fun-audit-10,field_first,31,true,true,president,91,17.5,58.6,0.897,12.6,1,rn,11.2,17.34,1,5,4,5.1,20,0,0,4,8,0,0,1,1,0,7.58,0.51,1.61,0.46,0.35,0,10.51,false,0,2,true,30,88.10000000000001,false,false,false,victoire_confortable,3,2,2,78,73,2,2,1,0,0,15378,15,19
nouvelle_energie:risk_seeking_ref:11,nouvelle_energie,nouvelle_energie,existing,risk_seeking_ref,risque,11,fun-audit-11,presidential,29,true,false,runoff_defeat,74,12.6,48.5,0.6,10.3,2,lr,9.3,15.9,1,8,5,0.1,15,0,0,4,9,2,0,2,1,0,6.99,1.19,1.61,1.55,0.35,0,11.69,false,0,4,true,39,61.1,false,false,false,defaite_serree,2,1,4,64,62,1,1,0,0,0,14424,16,8
nouvelle_energie:risk_seeking_ref:12,nouvelle_energie,nouvelle_energie,existing,risk_seeking_ref,risque,12,fun-audit-12,rupture,29,true,false,runoff_defeat,77,13.5,48.1,0.621,10.8,1,ps,10.8,16.1,1,7,3,0.6,14,0,0,0,10,1,0,0,0,0,3.97,0.73,4.55,1.19,1.05,2.63,14.12,false,0,0,true,49,72.00000000000001,true,false,false,defaite_serree,3,2,3,71,66,2,1,2,0,0,14289,8,29
nouvelle_energie:risk_seeking_ref:13,nouvelle_energie,nouvelle_energie,existing,risk_seeking_ref,risque,13,fun-audit-13,digital,31,true,true,president,91,15.4,60.1,0.752,14.1,1,rn,11.84,17.6,1,4,2,3.2,20,2,0,1,9,0,0,0,0,0,16.22,2.95,1.61,0,3.95,0,24.73,false,0,0,true,33,87.8,false,false,false,victoire_confortable,2,1,2,75,71,1,2,1,0,0,15671,17,25
nouvelle_energie:risk_seeking_ref:14,nouvelle_energie,nouvelle_energie,existing,risk_seeking_ref,risque,14,fun-audit-14,union,31,true,true,president,92,18.3,56.7,0.952,12.8,1,lfi,8.8,18.7,1,8,6,6.3,19,1,0,3,7,0,0,0,0,0,6.12,0.73,0.35,0,3.95,1.3,12.45,false,0,0,true,28,60.199999999999996,false,false,false,victoire_confortable,1,1,2,76,67,3,2,4,0,0,15705,6,22
nouvelle_energie:risk_seeking_ref:15,nouvelle_energie,nouvelle_energie,existing,risk_seeking_ref,risque,15,fun-audit-15,field_first,31,true,true,president,85,15.6,53.2,0.766,12.4,1,rn,8.8,17.1,1,8,6,2.3,18,0,0,2,8,2,0,1,1,0,11.49,2.66,1.61,0,0,2.2,17.96,false,0,3,true,42,89.00000000000001,true,false,false,victoire_serree,1,1,5,80,72,4,2,2,0,0,15379,2,22
nouvelle_energie:risk_seeking_ref:16,nouvelle_energie,nouvelle_energie,existing,risk_seeking_ref,risque,16,fun-audit-16,presidential,31,true,true,president,92,17.5,60,0.897,12.2,1,rn,9.8,17,1,8,4,4.8,20,1,0,0,10,0,0,0,0,0,9.21,0.56,0,0.54,3.95,0,14.26,false,0,0,true,39,85.4,false,false,false,victoire_confortable,2,2,1,76,69,4,1,2,0,0,15729,21,4
nouvelle_energie:risk_seeking_ref:17,nouvelle_energie,nouvelle_energie,existing,risk_seeking_ref,risque,17,fun-audit-17,rupture,25,false,false,kingmaker,65,14.3,,0.676,9.4,3,horizons,9.4,18.1,1,8,3,0.3,12,1,0,4,10,1,1,1,1,0,15.52,0.73,3.24,0.78,0,0,20.27,true,1,1,false,,,false,false,false,elimination_precoce,3,1,6,57,53,2,1,1,0,0,12469,8,17
nouvelle_energie:risk_seeking_ref:18,nouvelle_energie,nouvelle_energie,existing,risk_seeking_ref,risque,18,fun-audit-18,digital,31,true,true,president,96,21.4,55.4,1.166,11.6,1,horizons,11.6,19.82,1,5,1,9.3,21,0,0,4,8,0,0,3,3,0,11.58,2.66,0,0.46,0.35,0.59,15.64,true,1,6,true,33,48.3,false,true,false,remontee_spectaculaire,1,1,4,75,66,6,1,2,0,0,15900,12,19
nouvelle_energie:risk_seeking_ref:19,nouvelle_energie,nouvelle_energie,existing,risk_seeking_ref,risque,19,fun-audit-19,union,31,true,true,president,88,16.3,52.7,0.814,8.7,1,lfi,8.7,16.7,1,8,1,3.9,18,1,1,4,8,1,0,0,0,0,6.46,1.19,4.87,0.46,1.05,0,14.03,false,0,0,true,39,61.6,false,false,false,victoire_serree,2,1,5,78,65,8,1,3,1,0,15408,11,8
coherent_left_green:strategist:0,custom_party,coherent_left_green,custom,strategist,parti_dabord,0,fun-audit-custom-coherent_left_green-0,field_first,25,false,false,kingmaker,64,11.2,,0.843,7.4,3,ps,5.8,10.23,4,10,0,0.6,14,0,0,1,7,0,0,2,0,0,8.37,0,0.35,0,1.08,8.61,18.41,false,0,2,false,,,true,false,false,elimination_precoce,3,1,2,68,59,6,1,2,0,0,12740,16,18
coherent_left_green:strategist:1,custom_party,coherent_left_green,custom,strategist,parti_dabord,1,fun-audit-custom-coherent_left_green-1,presidential,25,false,false,kingmaker,63,11.4,,0.861,5,5,ps,5,11.35,3,10,0,0.6,12,0,0,1,5,0,0,1,0,0,4.3,1.93,0,0,0.35,2.07,8.65,false,0,1,false,,,true,false,false,elimination_precoce,5,2,2,66,58,3,2,3,0,0,12439,9,12
coherent_left_green:strategist:2,custom_party,coherent_left_green,custom,strategist,parti_dabord,2,fun-audit-custom-coherent_left_green-2,rupture,31,true,true,president,83,12.8,52,1.189,9.2,1,ps,6.9,12.05,2,9,3,0.7,17,0,0,0,6,0,0,0,0,0,5.42,2.8,0,3.33,0.35,2.07,13.97,true,1,0,true,45,72.10000000000001,true,false,false,victoire_serree,4,1,3,80,71,5,4,0,0,0,15739,17,28
coherent_left_green:strategist:3,custom_party,coherent_left_green,custom,strategist,parti_dabord,3,fun-audit-custom-coherent_left_green-3,digital,29,true,false,runoff_defeat,77,13,46.3,1.211,6.2,2,lfi,5.8,12.5,1,10,4,1.6,17,0,0,5,8,0,0,1,0,0,5.66,3.15,0,6.32,0.7,4.16,19.99,false,0,2,true,39,60.199999999999996,true,false,false,defaite_serree,3,1,3,72,66,3,3,0,0,0,14739,18,27
coherent_left_green:strategist:4,custom_party,coherent_left_green,custom,strategist,parti_dabord,4,fun-audit-custom-coherent_left_green-4,union,29,true,false,runoff_defeat,76,12.3,49.4,0.939,4.8,2,renaissance,4.8,13.1,1,10,3,0.4,15,0,0,4,6,0,0,1,1,0,9.79,0,0,3.33,0,0,13.12,false,0,3,true,40,61.4,true,false,false,defaite_serree,4,4,4,71,67,0,1,3,0,0,14677,7,
coherent_left_green:strategist:5,custom_party,coherent_left_green,custom,strategist,parti_dabord,5,fun-audit-custom-coherent_left_green-5,field_first,25,false,false,kingmaker,65,11.5,,1.053,9.5,3,ps,5.6,13.7,1,10,4,0.8,14,0,0,1,5,0,0,1,0,0,6.27,0.7,0,0,0,4.16,11.13,false,0,1,false,,,true,false,false,elimination_precoce,4,1,2,65,59,3,2,1,0,0,12553,24,15
coherent_left_green:roleplayer:0,custom_party,coherent_left_green,custom,roleplayer,ideologiquement_coherent,0,fun-audit-custom-coherent_left_green-0,field_first,31,true,true,president,88,13,52.1,1.211,7.4,2,ps,5.7,13.02,1,10,5,1.4,18,0,0,2,11,0,0,0,0,0,3.06,1.4,1.69,6.33,0.66,4.56,17.7,false,0,0,true,36,72.70000000000002,true,false,false,victoire_serree,2,1,4,80,71,7,1,1,0,0,15532,19,11
coherent_left_green:roleplayer:1,custom_party,coherent_left_green,custom,roleplayer,ideologiquement_coherent,1,fun-audit-custom-coherent_left_green-1,presidential,25,false,false,retirement,66,12.2,,1.126,5,4,ps,5,12.12,1,10,3,0.1,12,0,0,1,9,0,0,0,0,0,7.07,4.1,1.05,0,0,1.08,13.3,false,0,0,false,,,true,false,false,elimination_precoce,5,1,2,66,58,3,2,3,0,0,12325,18,4
coherent_left_green:roleplayer:2,custom_party,coherent_left_green,custom,roleplayer,ideologiquement_coherent,2,fun-audit-custom-coherent_left_green-2,rupture,25,false,false,retirement,61,9.6,,0.853,9.2,7,horizons,7.3,13.2,1,9,3,0.2,11,0,0,0,7,1,0,1,1,0,6.54,0,1.05,6.06,0,1.08,14.73,true,1,1,false,,,true,false,false,elimination_precoce,5,3,4,62,56,3,1,2,0,0,12526,20,17
coherent_left_green:roleplayer:3,custom_party,coherent_left_green,custom,roleplayer,ideologiquement_coherent,3,fun-audit-custom-coherent_left_green-3,digital,29,true,false,runoff_defeat,77,11.7,49.1,0.887,6.2,2,horizons,5.8,17.9,1,10,5,0,16,0,0,5,9,0,0,1,0,0,6.33,0,0,5.81,0,0.66,12.8,true,1,2,true,24,50.1,true,false,false,defaite_serree,2,1,4,75,68,3,3,1,0,0,14700,12,23
coherent_left_green:roleplayer:4,custom_party,coherent_left_green,custom,roleplayer,ideologiquement_coherent,4,fun-audit-custom-coherent_left_green-4,union,29,true,false,runoff_defeat,76,12.1,49.5,1.116,4.8,2,renaissance,4.8,13.2,1,10,1,0,15,0,0,4,8,1,0,1,0,0,5.48,0,0.14,6.06,0.66,0,12.34,false,0,1,true,33,61.4,true,false,false,defaite_serree,6,2,4,73,68,0,2,3,0,0,14511,4,20
coherent_left_green:roleplayer:5,custom_party,coherent_left_green,custom,roleplayer,ideologiquement_coherent,5,fun-audit-custom-coherent_left_green-5,field_first,25,false,false,kingmaker,64,11.7,,0.887,9.5,3,ps,5.9,14.4,1,10,5,0.7,14,0,0,1,6,0,0,0,0,0,1.91,3.43,0.98,0,0,0,6.32,false,0,0,false,,,true,false,false,elimination_precoce,4,1,2,65,59,3,2,1,0,0,12320,5,24
coherent_left_green:opportunist:0,custom_party,coherent_left_green,custom,opportunist,opportuniste_electoral,0,fun-audit-custom-coherent_left_green-0,field_first,29,true,false,runoff_defeat,80,11.8,44.9,1.084,7.4,2,ps,5.8,12.3,1,10,2,0.1,16,0,0,1,7,0,0,1,1,0,8.14,3.85,0,3.33,1.36,0,16.68,false,0,2,true,38,72.30000000000001,true,false,false,defaite_lourde,0,0,3,77,68,7,2,0,0,0,14737,18,24
coherent_left_green:opportunist:1,custom_party,coherent_left_green,custom,opportunist,opportuniste_electoral,1,fun-audit-custom-coherent_left_green-1,presidential,25,false,false,strengthened_party,51,7.4,,0.621,5,8,rn,5,11.1,2,10,4,0,10,0,0,1,9,0,1,1,1,0,11.88,1.93,1.05,0,0.7,3.89,19.45,false,0,2,false,,,true,false,false,elimination_precoce,3,2,4,66,60,3,2,1,0,0,12554,9,10
coherent_left_green:opportunist:2,custom_party,coherent_left_green,custom,opportunist,opportuniste_electoral,2,fun-audit-custom-coherent_left_green-2,rupture,31,true,true,president,89,13.7,54.9,1.284,9.2,1,ps,7.5,12.9,1,9,3,1.7,17,0,0,0,7,0,0,0,0,0,12.34,2.8,1.05,2.45,0,1.08,19.72,true,1,0,true,35,72.10000000000001,true,false,false,victoire_serree,4,1,2,80,71,5,4,0,0,0,15710,17,15
coherent_left_green:opportunist:3,custom_party,coherent_left_green,custom,opportunist,opportuniste_electoral,3,fun-audit-custom-coherent_left_green-3,digital,29,true,false,runoff_defeat,74,11.5,46.9,0.87,6.2,2,lfi,6,13,1,10,2,0,15,0,0,5,8,0,1,1,0,0,12.49,3.15,0,5.44,0.7,4.16,25.94,false,0,2,true,37,60.199999999999996,true,false,false,defaite_serree,2,1,4,72,66,3,3,0,0,0,14891,1,18
coherent_left_green:opportunist:4,custom_party,coherent_left_green,custom,opportunist,opportuniste_electoral,4,fun-audit-custom-coherent_left_green-4,union,25,false,false,strengthened_party,56,9.4,,0.832,4.8,6,renaissance,4.8,11,4,10,0,0.6,10,0,0,3,6,0,1,2,1,0,9.21,0,1.05,0,0.7,3.29,14.25,false,0,4,false,,,true,false,false,elimination_precoce,1,1,4,63,59,0,1,3,0,0,12554,7,9
coherent_left_green:opportunist:5,custom_party,coherent_left_green,custom,opportunist,opportuniste_electoral,5,fun-audit-custom-coherent_left_green-5,field_first,25,false,false,kingmaker,59,10.3,,0.765,9.5,5,ps,5.6,13.8,1,10,4,0.3,12,0,0,1,6,0,1,0,0,0,1.91,0.66,0.98,0,0.35,0,3.9,false,0,0,false,,,true,false,false,elimination_precoce,3,1,3,65,59,3,2,1,0,0,12384,5,25
coherent_left_green:cautious:0,custom_party,coherent_left_green,custom,cautious,prudent,0,fun-audit-custom-coherent_left_green-0,field_first,31,true,true,president,85,12.7,53.4,1.179,7.4,2,ps,5.8,12.12,1,10,5,1.1,20,0,0,0,9,1,0,2,0,0,20,0.7,0.35,0,0,4.41,25.46,false,0,2,true,29,72.70000000000002,true,false,false,victoire_serree,2,1,4,80,71,7,1,1,0,0,15869,8,20
coherent_left_green:cautious:1,custom_party,coherent_left_green,custom,cautious,prudent,1,fun-audit-custom-coherent_left_green-1,presidential,25,false,false,kingmaker,67,12.5,,1.158,5,3,ps,5,12.46,1,10,5,0.6,13,0,0,1,6,0,0,1,1,0,13.57,1.93,1.05,0,0,4.69,21.24,false,0,2,false,,,true,false,false,elimination_precoce,5,2,3,66,58,3,2,3,0,0,12439,1,12
coherent_left_green:cautious:2,custom_party,coherent_left_green,custom,cautious,prudent,2,fun-audit-custom-coherent_left_green-2,rupture,25,false,false,strengthened_party,59,9.2,,0.811,9.2,8,horizons,7.6,13.3,1,9,3,0,11,0,0,0,5,0,0,1,1,0,10.17,0,1.05,2.98,0,4.69,18.89,true,1,1,false,,,true,false,false,elimination_precoce,6,3,3,62,56,3,1,2,0,0,12583,5,7
coherent_left_green:cautious:3,custom_party,coherent_left_green,custom,cautious,prudent,3,fun-audit-custom-coherent_left_green-3,digital,25,false,false,kingmaker,63,11.5,,0.87,6.2,4,horizons,6.1,13.4,1,10,7,0.1,15,0,0,5,9,0,0,1,0,0,16.5,0,0,5.81,0,0.66,22.97,true,1,2,false,,,true,false,false,elimination_precoce,3,1,3,67,61,3,2,1,0,0,12653,12,10
coherent_left_green:cautious:4,custom_party,coherent_left_green,custom,cautious,prudent,4,fun-audit-custom-coherent_left_green-4,union,31,true,true,president,85,12.7,52,1.179,4.8,2,renaissance,4.8,13.8,1,10,1,0.7,18,0,0,4,6,0,0,1,0,0,11.57,0,0,2.98,0,0,14.55,false,0,1,true,27,61.8,true,false,false,victoire_serree,5,2,4,80,75,0,2,3,0,0,15651,7,15
coherent_left_green:cautious:5,custom_party,coherent_left_green,custom,cautious,prudent,5,fun-audit-custom-coherent_left_green-5,field_first,25,false,false,kingmaker,63,10.8,,0.809,9.5,4,ps,5.8,13.7,1,10,4,0.7,14,0,0,1,5,0,0,1,0,0,8.72,0.7,0,0,0,0.66,10.08,false,0,1,false,,,true,false,false,elimination_precoce,5,1,2,65,59,3,2,1,0,0,12403,13,14
coherent_left_green:beginner:0,custom_party,coherent_left_green,custom,beginner,debutant_heuristic,0,fun-audit-custom-coherent_left_green-0,field_first,31,true,true,president,84,12.5,51.8,1.158,7.4,2,ps,5.9,12.4,1,10,5,0.9,19,0,0,1,9,1,0,1,1,0,13.13,3.85,0,0,1.71,3.03,21.72,false,0,2,true,35,72.70000000000002,true,false,false,victoire_serree,2,1,6,80,71,7,1,1,0,0,15652,22,
coherent_left_green:beginner:1,custom_party,coherent_left_green,custom,beginner,debutant_heuristic,1,fun-audit-custom-coherent_left_green-1,presidential,25,false,false,kingmaker,64,11.4,,1.042,5,5,ps,5,11.81,1,10,3,0.6,12,0,0,1,8,0,0,1,1,0,15.09,1.93,1.05,0,0,1.08,19.15,false,0,2,false,,,true,false,false,elimination_precoce,4,2,3,66,58,3,2,3,0,0,12330,9,5
coherent_left_green:beginner:2,custom_party,coherent_left_green,custom,beginner,debutant_heuristic,2,fun-audit-custom-coherent_left_green-2,rupture,25,false,false,strengthened_party,62,9.3,,0.821,9.2,7,horizons,7.2,13.1,1,9,3,0,11,0,0,0,7,0,0,1,1,0,6.33,0,1.05,6,0,1.08,14.46,true,1,1,false,,,true,false,false,elimination_precoce,4,1,3,62,56,3,1,2,0,0,12608,22,1
coherent_left_green:beginner:3,custom_party,coherent_left_green,custom,beginner,debutant_heuristic,3,fun-audit-custom-coherent_left_green-3,digital,29,true,false,runoff_defeat,80,13.2,48,1.232,6.2,2,lfi,6,13.2,1,10,5,1.9,16,0,0,5,9,1,0,1,0,0,11.67,2.1,0,5.97,0.7,2.59,23.03,false,0,2,true,36,60.199999999999996,true,false,false,defaite_serree,5,1,4,73,67,3,3,0,0,0,14675,12,23
coherent_left_green:beginner:4,custom_party,coherent_left_green,custom,beginner,debutant_heuristic,4,fun-audit-custom-coherent_left_green-4,union,31,true,true,president,85,12.6,51.9,0.965,4.8,2,renaissance,4.8,13.4,1,10,1,0.7,19,0,0,3,8,0,0,1,1,0,11.57,0,0,6.18,0,0,17.75,false,0,3,true,32,61.8,true,false,false,victoire_serree,5,2,5,80,76,0,1,3,0,0,15654,19,16
coherent_left_green:beginner:5,custom_party,coherent_left_green,custom,beginner,debutant_heuristic,5,fun-audit-custom-coherent_left_green-5,field_first,25,false,false,kingmaker,67,12.2,,1.126,9.5,3,ps,5.9,14.4,1,10,5,0.1,13,0,0,1,6,0,0,0,0,0,5.05,4.86,0.98,0,0.7,0,11.59,false,0,0,false,,,true,false,false,elimination_precoce,4,1,2,65,59,3,2,1,0,0,12337,14,
coherent_conservative:strategist:0,custom_party,coherent_conservative,custom,strategist,parti_dabord,0,fun-audit-custom-coherent_conservative-0,field_first,31,true,true,president,82,10.8,51.5,0.809,11.6,1,lfi,9.07,14.9,1,9,10,0.4,17,0,1,3,5,0,0,2,2,0,13.81,0,2.38,0.8,0.7,1.5,19.19,false,0,4,true,45,61.2,false,false,false,victoire_serree,1,1,4,80,64,8,2,4,1,1,15913,18,20
coherent_conservative:strategist:1,custom_party,coherent_conservative,custom,strategist,parti_dabord,1,fun-audit-custom-coherent_conservative-1,presidential,31,true,true,president,83,14,58.5,1.316,9.1,1,rn,8.1,15.5,1,9,1,1.9,17,0,0,3,9,0,0,1,1,0,18.77,0,0.35,1.84,1.05,2.76,24.77,true,1,2,true,49,88,true,false,false,victoire_confortable,4,2,4,80,72,4,2,2,0,0,15500,17,25
coherent_conservative:strategist:2,custom_party,coherent_conservative,custom,strategist,parti_dabord,2,fun-audit-custom-coherent_conservative-2,rupture,31,true,true,president,83,13.8,55.7,1.295,7.1,1,ecologistes,7.1,12.7,1,9,5,1.9,14,0,0,1,7,1,0,0,0,0,9.01,0.14,0,1.16,6.02,2.2,18.53,false,0,0,true,51,40,true,false,false,victoire_serree,2,1,4,76,73,1,1,1,0,0,15677,7,24
coherent_conservative:strategist:3,custom_party,coherent_conservative,custom,strategist,parti_dabord,3,fun-audit-custom-coherent_conservative-3,digital,31,true,true,president,85,12.8,50.6,0.983,9.8,1,ps,6.3,14.2,1,9,1,2.4,18,0,0,1,7,0,0,2,1,0,9.28,0.52,0.35,1.16,7.35,2.86,21.52,false,0,2,true,42,72.7,false,false,false,victoire_serree,2,2,3,80,74,0,4,2,0,0,15849,21,26
coherent_conservative:strategist:4,custom_party,coherent_conservative,custom,strategist,parti_dabord,4,fun-audit-custom-coherent_conservative-4,union,25,false,false,strengthened_party,53,7.9,,0.674,11.7,9,lfi,6.6,12.2,1,9,5,0.1,11,0,0,4,4,0,0,1,0,0,6.65,0,2.34,0,1.4,3.49,13.88,false,0,2,false,,,true,false,false,elimination_precoce,1,1,2,67,59,6,1,1,0,0,12519,6,12
coherent_conservative:strategist:5,custom_party,coherent_conservative,custom,strategist,parti_dabord,5,fun-audit-custom-coherent_conservative-5,field_first,25,false,false,kingmaker,63,10.1,,0.905,10.3,4,nouvelle_energie,9.06,14.1,1,9,1,0,13,0,0,0,5,0,0,2,1,0,11.46,0,2.38,0,1.4,3.56,18.8,true,1,2,false,,,true,false,false,elimination_precoce,4,2,3,65,59,5,0,1,0,0,12587,4,20
coherent_conservative:roleplayer:0,custom_party,coherent_conservative,custom,roleplayer,ideologiquement_coherent,0,fun-audit-custom-coherent_conservative-0,field_first,31,true,true,president,86,13.3,56.2,1.242,11.6,1,ps,9.1,15.8,1,9,8,1,16,0,1,3,5,0,0,2,2,0,4.84,0,0,1.15,0,0,5.99,false,0,4,true,27,72.30000000000001,true,false,false,victoire_confortable,2,1,4,80,69,6,2,2,1,0,16145,6,11
coherent_conservative:roleplayer:1,custom_party,coherent_conservative,custom,roleplayer,ideologiquement_coherent,1,fun-audit-custom-coherent_conservative-1,presidential,31,true,true,president,88,14.1,59.3,1.096,9.1,1,rn,8,15.9,1,9,1,2.1,17,0,0,1,10,0,0,1,0,0,8.87,0,0.7,2.19,0.7,5.12,17.58,true,1,1,true,36,88,true,false,false,victoire_confortable,5,4,3,80,72,4,2,2,0,0,15738,14,
coherent_conservative:roleplayer:2,custom_party,coherent_conservative,custom,roleplayer,ideologiquement_coherent,2,fun-audit-custom-coherent_conservative-2,rupture,31,true,true,president,90,15.8,57.9,1.505,7.1,1,ecologistes,7.1,14.7,1,9,5,4.2,18,0,0,1,9,0,0,0,0,0,5.03,3.17,0,0.55,0.46,2.2,11.41,false,0,0,true,36,40,true,true,false,remontee_spectaculaire,3,1,4,76,73,1,1,1,0,0,15444,15,1
coherent_conservative:roleplayer:3,custom_party,coherent_conservative,custom,roleplayer,ideologiquement_coherent,3,fun-audit-custom-coherent_conservative-3,digital,31,true,true,president,87,12.8,51.1,0.779,9.8,1,ps,6.3,14.7,1,9,1,2.4,17,0,0,1,8,0,0,2,1,0,8.52,0.52,0.35,1.33,0.88,2.86,14.46,false,0,2,true,29,72.7,false,false,false,victoire_serree,6,2,3,80,74,0,4,2,0,0,15651,23,29
coherent_conservative:roleplayer:4,custom_party,coherent_conservative,custom,roleplayer,ideologiquement_coherent,4,fun-audit-custom-coherent_conservative-4,union,25,false,false,strengthened_party,61,9.7,,0.656,11.7,7,ps,6.8,13.7,1,9,6,0.2,13,0,0,3,6,0,0,1,0,0,1.24,0,2.34,1.15,1.4,3.49,9.62,false,0,1,false,,,true,false,false,elimination_precoce,2,1,2,67,59,6,1,1,0,0,12666,17,16
coherent_conservative:roleplayer:5,custom_party,coherent_conservative,custom,roleplayer,ideologiquement_coherent,5,fun-audit-custom-coherent_conservative-5,field_first,25,false,false,kingmaker,66,10.6,,0.791,10.3,4,nouvelle_energie,9.04,14.9,1,9,1,0.3,14,0,0,0,6,0,0,1,0,0,0.65,0,2.38,0.98,1.4,3.56,8.97,true,1,1,false,,,false,false,false,elimination_precoce,5,2,1,65,59,5,0,1,0,0,12541,22,13
coherent_conservative:opportunist:0,custom_party,coherent_conservative,custom,opportunist,opportuniste_electoral,0,fun-audit-custom-coherent_conservative-0,field_first,29,true,false,runoff_defeat,78,12.5,47.5,1.158,11.6,2,ps,8.6,15.9,1,9,10,0.1,13,0,1,2,7,0,1,0,0,0,9.75,0,5.14,1.15,0,2.39,18.43,true,1,0,true,44,72.30000000000001,true,false,false,defaite_serree,1,1,6,80,69,6,2,2,1,0,14783,1,18
coherent_conservative:opportunist:1,custom_party,coherent_conservative,custom,opportunist,opportuniste_electoral,1,fun-audit-custom-coherent_conservative-1,presidential,25,false,false,kingmaker,56,10.2,,0.757,9.1,3,rn,8.2,13.5,1,9,6,2.3,12,0,0,2,8,0,3,1,1,0,15.06,0,1.4,2.98,0.7,0.08,20.22,true,1,2,false,,,true,false,false,elimination_precoce,5,2,5,62,56,3,2,1,0,0,12496,3,14
coherent_conservative:opportunist:2,custom_party,coherent_conservative,custom,opportunist,opportuniste_electoral,2,fun-audit-custom-coherent_conservative-2,rupture,31,true,true,president,88,14,57.5,1.316,7.1,1,ecologistes,7.1,12.9,1,9,1,2.1,16,0,0,1,8,0,0,0,0,0,11.96,3.96,0,2.03,5.7,2.2,25.85,false,0,0,true,43,40,true,false,false,victoire_confortable,3,1,3,76,73,1,1,1,0,0,15656,15,22
coherent_conservative:opportunist:3,custom_party,coherent_conservative,custom,opportunist,opportuniste_electoral,3,fun-audit-custom-coherent_conservative-3,digital,31,true,true,president,87,12.8,51.7,0.983,9.8,1,ps,6.5,14.4,1,9,1,2.4,16,0,0,1,7,0,0,2,1,0,9.28,0.52,0.35,1.16,7.35,2.86,21.52,false,0,2,true,40,72.7,false,false,false,victoire_serree,3,2,3,80,74,0,4,2,0,0,15794,21,20
coherent_conservative:opportunist:4,custom_party,coherent_conservative,custom,opportunist,opportuniste_electoral,4,fun-audit-custom-coherent_conservative-4,union,25,false,false,strengthened_party,55,8.1,,0.695,11.7,8,lfi,6.2,12.5,1,9,5,0.8,10,0,0,4,4,0,0,1,0,0,1.58,0,6.58,0,0.7,3.49,12.35,false,0,2,false,,,true,false,false,elimination_precoce,1,1,2,67,59,6,1,1,0,0,12719,17,12
coherent_conservative:opportunist:5,custom_party,coherent_conservative,custom,opportunist,opportuniste_electoral,5,fun-audit-custom-coherent_conservative-5,field_first,25,false,false,strengthened_party,61,9.3,,0.678,10.3,6,nouvelle_energie,9.1,13.4,1,9,7,0.8,9,0,0,0,5,0,0,2,1,0,10.04,0,6.54,0,0.7,3.56,20.84,true,1,2,false,,,true,false,false,elimination_precoce,4,2,3,65,59,5,0,1,0,0,12504,22,5
coherent_conservative:cautious:0,custom_party,coherent_conservative,custom,cautious,prudent,0,fun-audit-custom-coherent_conservative-0,field_first,31,true,true,president,87,14.2,57.9,1.337,11.6,1,ps,9.26,16.1,1,9,8,2,18,0,1,3,5,0,0,1,1,0,10.45,0,1.05,0,0,2.03,13.53,false,0,3,true,25,72.30000000000001,true,false,false,victoire_confortable,2,1,4,80,69,6,2,2,1,0,15822,20,6
coherent_conservative:cautious:1,custom_party,coherent_conservative,custom,cautious,prudent,1,fun-audit-custom-coherent_conservative-1,presidential,31,true,true,president,86,14,60.5,1.087,9.1,1,rn,8.3,15.9,1,9,1,1.9,17,1,0,2,8,1,0,1,1,0,12.21,0,0.7,1.98,0.35,1.57,16.81,true,1,2,true,28,88,true,false,false,victoire_confortable,5,2,6,80,72,4,2,2,0,0,15573,18,27
coherent_conservative:cautious:2,custom_party,coherent_conservative,custom,cautious,prudent,2,fun-audit-custom-coherent_conservative-2,rupture,31,true,true,president,88,15.4,58,1.463,7.1,1,ecologistes,7.1,14.1,1,9,5,3.7,18,0,0,1,10,2,0,0,0,0,11.44,3.29,1.05,0.86,0.56,0.08,17.28,false,0,0,true,39,40,true,true,false,remontee_spectaculaire,3,1,5,76,73,1,1,1,0,0,15465,24,1
coherent_conservative:cautious:3,custom_party,coherent_conservative,custom,cautious,prudent,3,fun-audit-custom-coherent_conservative-3,digital,31,true,true,president,86,12.7,51.6,0.974,9.8,1,ps,6.7,15.4,1,9,1,2.3,18,0,0,1,8,1,0,2,1,0,9.43,0.52,0.35,1.33,0.88,0.29,12.8,false,0,2,true,31,72.7,true,false,false,victoire_serree,5,2,5,80,74,0,4,2,0,0,15725,12,13
coherent_conservative:cautious:4,custom_party,coherent_conservative,custom,cautious,prudent,4,fun-audit-custom-coherent_conservative-4,union,25,false,false,strengthened_party,58,9.5,,0.842,11.7,7,ps,6.9,14.5,1,9,4,0.7,13,0,0,4,8,0,1,1,0,0,11.21,0,2.55,0.14,0.35,2.94,17.19,false,0,1,false,,,true,false,false,elimination_precoce,2,1,3,67,59,6,1,1,0,0,12520,23,6
coherent_conservative:cautious:5,custom_party,coherent_conservative,custom,cautious,prudent,5,fun-audit-custom-coherent_conservative-5,field_first,25,false,false,kingmaker,67,11.5,,0.87,10.3,3,nouvelle_energie,9.04,15.4,1,9,1,0.9,13,0,0,0,5,0,0,1,0,0,4.11,0,3.92,1.96,0,1.5,11.49,true,1,1,false,,,true,false,false,elimination_precoce,5,2,2,65,59,5,0,1,0,0,12543,16,13
coherent_conservative:beginner:0,custom_party,coherent_conservative,custom,beginner,debutant_heuristic,0,fun-audit-custom-coherent_conservative-0,field_first,31,true,true,president,87,13.4,57.2,1.253,11.6,1,ps,9,15.5,1,9,12,1.2,16,0,1,2,5,0,0,2,2,0,11.82,0,0,1.15,0,0,12.97,false,0,4,true,26,72.30000000000001,true,false,false,victoire_confortable,1,1,4,80,69,6,2,2,1,0,16124,1,11
coherent_conservative:beginner:1,custom_party,coherent_conservative,custom,beginner,debutant_heuristic,1,fun-audit-custom-coherent_conservative-1,presidential,31,true,true,president,87,13.8,60.4,1.07,9.1,1,rn,8.3,16.1,1,9,1,1.7,17,1,0,2,8,0,0,1,1,0,13.59,0.7,1.05,2.51,0,9.71,27.56,true,1,2,true,33,88,true,false,false,victoire_confortable,6,2,5,80,72,4,2,2,0,0,15295,2,
coherent_conservative:beginner:2,custom_party,coherent_conservative,custom,beginner,debutant_heuristic,2,fun-audit-custom-coherent_conservative-2,rupture,31,true,true,president,91,15.4,59.1,1.463,7.1,1,ecologistes,7.1,14.8,1,9,7,3.7,18,0,0,1,11,0,0,0,0,0,15.22,2.73,5.46,1.51,4.24,4.91,34.07,false,0,0,true,34,40,true,true,false,remontee_spectaculaire,5,2,4,77,73,1,1,2,0,0,15352,5,1
coherent_conservative:beginner:3,custom_party,coherent_conservative,custom,beginner,debutant_heuristic,3,fun-audit-custom-coherent_conservative-3,digital,31,true,true,president,88,13.6,52.9,1.274,9.8,1,ps,6.7,15.3,1,9,1,3.3,18,0,0,1,9,0,0,2,1,0,14.24,0.52,0,1.16,4.24,2.23,22.39,false,0,2,true,25,72.7,false,false,false,victoire_serree,3,2,3,80,74,0,4,2,0,0,15764,21,29
coherent_conservative:beginner:4,custom_party,coherent_conservative,custom,beginner,debutant_heuristic,4,fun-audit-custom-coherent_conservative-4,union,25,false,false,strengthened_party,59,10,,0.895,11.7,7,lfi,6.9,14.2,1,9,4,0.3,13,0,0,5,4,0,0,1,0,0,6.65,0,4.86,0.7,0,3.34,15.55,false,0,2,false,,,true,false,false,elimination_precoce,1,1,2,67,59,6,1,1,0,0,12452,6,23
coherent_conservative:beginner:5,custom_party,coherent_conservative,custom,beginner,debutant_heuristic,5,fun-audit-custom-coherent_conservative-5,field_first,25,false,false,kingmaker,65,10.4,,0.937,10.3,4,nouvelle_energie,9.06,15.1,1,9,1,0.5,13,0,0,0,6,0,0,1,0,0,8.31,0.7,3.6,1.61,0,7.1,21.32,true,1,1,false,,,false,false,false,elimination_precoce,4,2,1,65,59,5,0,1,0,0,12500,4,
contradictory_hybrid:strategist:0,custom_party,contradictory_hybrid,custom,strategist,parti_dabord,0,fun-audit-custom-contradictory_hybrid-0,field_first,25,false,false,kingmaker,66,12,,0.913,7.4,3,nouvelle_energie,6.7,12.9,1,9,3,0.8,13,0,1,2,5,0,0,0,0,0,2.75,1.16,0,0,0.35,7.28,11.54,false,0,0,false,,,false,false,false,elimination_precoce,1,1,2,65,57,4,1,2,1,0,12407,23,7
contradictory_hybrid:strategist:1,custom_party,contradictory_hybrid,custom,strategist,parti_dabord,1,fun-audit-custom-contradictory_hybrid-1,presidential,29,true,false,runoff_defeat,79,13.4,46.2,1.035,9.2,1,lfi,7.8,15.8,1,9,3,1.3,15,0,0,2,7,0,0,0,0,0,3.85,1.16,0.35,0,5.98,11.22,22.56,false,0,0,true,42,59.4,false,false,false,defaite_serree,5,1,2,80,69,7,2,2,0,0,14746,12,27
contradictory_hybrid:strategist:2,custom_party,contradictory_hybrid,custom,strategist,parti_dabord,2,fun-audit-custom-contradictory_hybrid-2,rupture,25,false,false,narrow_elimination,58,9.6,,0.853,8.7,7,horizons,6,11.6,1,10,4,0.1,11,0,0,3,3,0,0,0,0,0,0.03,3.57,0,2.59,0,0,6.19,true,1,0,false,,,false,false,false,elimination_precoce,3,1,2,68,65,0,2,1,0,0,12227,9,10
contradictory_hybrid:strategist:3,custom_party,contradictory_hybrid,custom,strategist,parti_dabord,3,fun-audit-custom-contradictory_hybrid-3,digital,31,true,true,president,87,15.4,52.2,1.209,9.7,1,lr,7.6,12.77,1,9,9,4.1,17,0,0,3,6,0,0,2,1,0,1.05,1.16,0,2.94,5.98,6.44,17.57,false,0,4,true,39,62.199999999999996,false,false,false,victoire_serree,2,1,3,80,70,6,2,2,0,0,15664,18,29
contradictory_hybrid:strategist:4,custom_party,contradictory_hybrid,custom,strategist,parti_dabord,4,fun-audit-custom-contradictory_hybrid-4,union,25,false,false,kingmaker,63,10.7,,0.968,10.2,5,nouvelle_energie,7.6,12.44,1,9,5,0.2,14,0,0,3,9,0,0,0,0,0,6.82,3.57,4.95,0,0.7,4.16,20.2,false,0,0,false,,,false,false,false,elimination_precoce,6,2,1,63,59,0,1,3,0,0,12487,21,12
contradictory_hybrid:strategist:5,custom_party,contradictory_hybrid,custom,strategist,parti_dabord,5,fun-audit-custom-contradictory_hybrid-5,field_first,29,true,false,runoff_defeat,77,13.9,49,1.305,6.8,1,rn,6.8,15.9,1,9,7,2.3,13,0,0,2,5,0,1,1,0,0,4.14,0.83,0,0,1.05,2.07,8.09,true,1,1,true,44,88.80000000000001,false,false,false,defaite_serree,5,2,4,77,71,3,3,0,0,0,14500,7,13
contradictory_hybrid:roleplayer:0,custom_party,contradictory_hybrid,custom,roleplayer,ideologiquement_coherent,0,fun-audit-custom-contradictory_hybrid-0,field_first,25,false,false,kingmaker,69,12.6,,0.965,7.4,3,nouvelle_energie,6.8,14.3,1,9,3,0.1,13,0,1,2,6,0,0,1,0,0,1.48,2.37,0,0,0.35,0.91,5.11,false,0,1,false,,,false,false,false,elimination_precoce,3,1,2,63,55,4,1,2,1,0,12330,23,
contradictory_hybrid:roleplayer:1,custom_party,contradictory_hybrid,custom,roleplayer,ideologiquement_coherent,1,fun-audit-custom-contradictory_hybrid-1,presidential,29,true,false,runoff_defeat,81,13.4,45.9,1.035,9.2,1,lfi,8.3,16.5,1,9,5,1.3,14,0,0,1,8,0,0,0,0,0,1.58,0.53,0,0,0.7,3.15,5.96,false,0,0,true,36,59.4,false,false,false,defaite_lourde,4,1,1,80,69,7,2,2,0,0,14754,17,19
contradictory_hybrid:roleplayer:2,custom_party,contradictory_hybrid,custom,roleplayer,ideologiquement_coherent,2,fun-audit-custom-contradictory_hybrid-2,rupture,29,true,false,runoff_defeat,80,11.3,46.1,1.032,8.7,2,nouvelle_energie,7.8,13.5,1,9,9,0.1,15,0,0,4,5,0,0,2,0,0,2.12,0.07,0,1.72,0.35,2.48,6.74,true,2,3,true,32,28.999999999999996,false,false,false,defaite_serree,3,1,3,76,71,0,2,3,0,0,14456,4,22
contradictory_hybrid:roleplayer:3,custom_party,contradictory_hybrid,custom,roleplayer,ideologiquement_coherent,3,fun-audit-custom-contradictory_hybrid-3,digital,25,false,false,kingmaker,63,10.4,,0.937,9.7,5,lr,9.17,15.7,1,9,5,0,12,0,0,2,6,0,0,1,0,0,4.57,1.16,0,0,0.35,1.09,7.17,false,0,1,false,,,false,false,false,elimination_precoce,1,1,1,68,56,11,1,0,0,0,12449,20,23
contradictory_hybrid:roleplayer:4,custom_party,contradictory_hybrid,custom,roleplayer,ideologiquement_coherent,4,fun-audit-custom-contradictory_hybrid-4,union,25,false,false,kingmaker,62,10.3,,0.926,10.2,5,nouvelle_energie,8.2,12.46,1,9,7,0.6,13,0,0,3,7,0,0,0,0,0,2.87,1.72,5.71,0,1.05,0,11.35,false,0,0,false,,,false,false,false,elimination_precoce,7,2,1,63,59,0,1,3,0,0,12098,12,
contradictory_hybrid:roleplayer:5,custom_party,contradictory_hybrid,custom,roleplayer,ideologiquement_coherent,5,fun-audit-custom-contradictory_hybrid-5,field_first,29,true,false,runoff_defeat,84,15.7,46.2,1.495,6.8,1,renaissance,6.8,16.1,1,9,7,4.2,14,0,0,2,5,0,0,1,0,0,2.22,1.9,1.05,0,0.7,1.08,6.95,true,1,1,true,27,61.8,false,true,false,remontee_spectaculaire,5,2,4,75,66,3,3,3,0,0,14449,1,28
contradictory_hybrid:opportunist:0,custom_party,contradictory_hybrid,custom,opportunist,opportuniste_electoral,0,fun-audit-custom-contradictory_hybrid-0,field_first,25,false,false,kingmaker,61,10.8,,0.809,7.4,6,nouvelle_energie,6.6,12.3,1,9,5,0.4,12,0,1,2,6,1,0,1,1,0,7.86,1.16,1.05,0,0.35,2.03,12.45,false,0,2,false,,,false,false,false,elimination_precoce,1,1,4,63,55,4,1,2,1,0,12426,23,14
contradictory_hybrid:opportunist:1,custom_party,contradictory_hybrid,custom,opportunist,opportuniste_electoral,1,fun-audit-custom-contradictory_hybrid-1,presidential,25,false,false,kingmaker,66,11.9,,0.904,9.2,3,lfi,7.8,14.5,1,9,4,0.4,10,0,0,1,8,0,1,0,0,0,6.48,1.16,0,0,4.77,7.84,20.25,false,0,0,false,,,false,false,false,elimination_precoce,5,1,2,70,60,6,2,2,0,0,12842,12,9
contradictory_hybrid:opportunist:2,custom_party,contradictory_hybrid,custom,opportunist,opportuniste_electoral,2,fun-audit-custom-contradictory_hybrid-2,rupture,29,true,false,runoff_defeat,76,10.6,47.4,0.958,8.7,1,horizons,7.3,13,1,9,7,0,14,0,0,3,3,0,0,0,0,0,0.59,3.57,0,1.72,0,0,5.88,true,1,0,true,38,48.699999999999996,false,false,false,defaite_serree,3,1,3,78,74,0,2,2,0,0,14410,20,11
contradictory_hybrid:opportunist:3,custom_party,contradictory_hybrid,custom,opportunist,opportuniste_electoral,3,fun-audit-custom-contradictory_hybrid-3,digital,31,true,true,president,85,12.9,50,1.2,9.7,1,lr,7.4,12.3,1,9,6,1.4,16,0,0,3,8,0,1,3,2,0,7.74,1.16,1.05,2.59,6.34,3.29,22.17,false,0,6,true,49,61.8,false,false,false,victoire_serree,3,1,4,80,69,7,2,2,0,0,15481,5,15
contradictory_hybrid:opportunist:4,custom_party,contradictory_hybrid,custom,opportunist,opportuniste_electoral,4,fun-audit-custom-contradictory_hybrid-4,union,25,false,false,kingmaker,64,10.3,,0.926,10.2,5,nouvelle_energie,7.7,12.59,1,9,5,0.6,11,0,0,3,8,0,0,0,0,0,8.82,3.57,12.54,0,0,4.16,29.09,false,0,0,false,,,false,false,false,elimination_precoce,6,2,1,63,59,0,1,3,0,0,12540,17,12
contradictory_hybrid:opportunist:5,custom_party,contradictory_hybrid,custom,opportunist,opportuniste_electoral,5,fun-audit-custom-contradictory_hybrid-5,field_first,25,false,false,strengthened_party,59,9.3,,0.821,6.8,6,rn,6.8,15.4,1,9,6,0.3,8,0,0,0,6,0,1,2,2,0,6.09,0.83,0,0,0.7,0,7.62,true,1,3,false,,,false,false,false,elimination_precoce,5,1,3,62,58,1,2,1,0,0,12510,1,13
contradictory_hybrid:cautious:0,custom_party,contradictory_hybrid,custom,cautious,prudent,0,fun-audit-custom-contradictory_hybrid-0,field_first,25,false,false,kingmaker,66,11.5,,0.87,7.4,4,nouvelle_energie,6.9,13.5,1,9,3,0,14,0,1,2,5,0,0,0,0,0,6.44,1.16,0,0,0,0.15,7.75,false,0,0,false,,,false,false,false,elimination_precoce,5,2,2,63,55,4,1,2,1,0,12232,22,7
contradictory_hybrid:cautious:1,custom_party,contradictory_hybrid,custom,cautious,prudent,1,fun-audit-custom-contradictory_hybrid-1,presidential,29,true,false,runoff_defeat,82,13.8,47.7,1.07,9.2,1,lfi,8.8,16.5,1,9,7,1.8,14,0,0,2,7,0,0,0,0,0,4.27,1.47,0,2.42,0.18,0.47,8.81,false,0,0,true,24,59.4,false,false,false,defaite_serree,4,1,2,80,69,7,2,2,0,0,14736,5,19
contradictory_hybrid:cautious:2,custom_party,contradictory_hybrid,custom,cautious,prudent,2,fun-audit-custom-contradictory_hybrid-2,rupture,29,true,false,runoff_defeat,78,11.3,47.3,1.032,8.7,2,nouvelle_energie,7.9,13.4,1,9,9,0.1,16,0,0,4,5,0,0,2,0,0,6.57,1.33,0,2.24,0.35,0.49,10.98,true,2,3,true,30,28.999999999999996,false,false,false,defaite_serree,3,1,3,76,71,0,2,3,0,0,14468,4,22
contradictory_hybrid:cautious:3,custom_party,contradictory_hybrid,custom,cautious,prudent,3,fun-audit-custom-contradictory_hybrid-3,digital,25,false,false,kingmaker,63,10.6,,0.958,9.7,5,lr,9.18,15.6,1,9,5,0.5,13,0,0,2,7,0,0,1,0,0,8.6,0.27,0,0,0.35,0.49,9.71,false,0,1,false,,,false,false,false,elimination_precoce,3,1,1,68,56,11,1,0,0,0,12733,9,
contradictory_hybrid:cautious:4,custom_party,contradictory_hybrid,custom,cautious,prudent,4,fun-audit-custom-contradictory_hybrid-4,union,25,false,false,kingmaker,68,11.4,,1.042,10.2,3,lr,9.1,13.64,1,9,5,0,15,0,0,3,8,0,0,0,0,0,15.47,1.33,7.37,0.7,0,4.16,29.03,false,0,0,false,,,false,false,false,elimination_precoce,8,2,1,62,59,0,1,2,0,0,12449,1,
contradictory_hybrid:cautious:5,custom_party,contradictory_hybrid,custom,cautious,prudent,5,fun-audit-custom-contradictory_hybrid-5,field_first,31,true,true,president,90,15.4,52.8,1.463,6.8,1,rn,6.8,16.3,1,9,5,3.9,18,0,0,2,8,0,0,2,0,0,12.86,1.33,0,4.23,0,0.91,19.33,false,0,2,true,27,89.20000000000002,false,true,false,remontee_spectaculaire,5,2,4,80,72,4,3,1,0,0,15755,5,1
contradictory_hybrid:beginner:0,custom_party,contradictory_hybrid,custom,beginner,debutant_heuristic,0,fun-audit-custom-contradictory_hybrid-0,field_first,25,false,false,kingmaker,63,11.4,,0.861,7.4,5,nouvelle_energie,6.8,13.4,1,9,5,0.2,13,0,1,2,7,1,0,1,1,0,7.52,1.16,1.05,0,0.35,2.03,12.11,false,0,2,false,,,false,false,false,elimination_precoce,2,1,4,63,55,4,1,2,1,0,12408,4,14
contradictory_hybrid:beginner:1,custom_party,contradictory_hybrid,custom,beginner,debutant_heuristic,1,fun-audit-custom-contradictory_hybrid-1,presidential,29,true,false,runoff_defeat,81,13,47.2,1,9.2,1,lfi,8,15.8,1,9,7,0.9,14,0,0,1,9,0,0,0,0,0,2.06,1.16,3.6,2.06,3.1,3.91,15.89,false,0,0,true,35,59.4,false,false,false,defaite_serree,5,1,2,80,69,7,2,2,0,0,14708,17,
contradictory_hybrid:beginner:2,custom_party,contradictory_hybrid,custom,beginner,debutant_heuristic,2,fun-audit-custom-contradictory_hybrid-2,rupture,25,false,false,kingmaker,67,11,,1,8.7,4,nouvelle_energie,7.5,12.5,1,9,9,0.2,13,0,0,4,5,0,0,2,0,0,5.52,0.63,1.4,2.24,0.35,1.37,11.51,true,2,3,false,,,false,false,false,elimination_precoce,3,1,2,68,64,0,1,3,0,0,12395,4,6
contradictory_hybrid:beginner:3,custom_party,contradictory_hybrid,custom,beginner,debutant_heuristic,3,fun-audit-custom-contradictory_hybrid-3,digital,31,true,true,president,92,16,53.8,1.526,9.7,1,lr,8,13.53,1,9,5,4.8,18,0,0,3,7,0,0,1,1,0,1.54,1.16,4.2,2.59,3.85,0.64,13.98,false,0,3,true,25,62.199999999999996,false,false,false,victoire_serree,4,3,3,80,70,6,2,2,0,0,15530,24,14
contradictory_hybrid:beginner:4,custom_party,contradictory_hybrid,custom,beginner,debutant_heuristic,4,fun-audit-custom-contradictory_hybrid-4,union,29,true,false,runoff_defeat,80,11.6,45.2,1.063,10.2,1,nouvelle_energie,8.8,15.7,1,9,9,0.2,15,0,0,3,9,0,0,0,0,0,7.87,0.63,7.02,0.7,0.35,0.66,17.23,false,0,0,true,30,29.5,false,false,false,defaite_lourde,6,2,1,70,67,0,1,2,0,0,14504,21,
contradictory_hybrid:beginner:5,custom_party,contradictory_hybrid,custom,beginner,debutant_heuristic,5,fun-audit-custom-contradictory_hybrid-5,field_first,31,true,true,president,89,15,51.3,1.421,6.8,1,rn,6.8,15.9,1,9,7,3.5,19,0,0,2,5,0,0,0,0,0,6.76,5.05,3.26,0,0.35,0,15.42,true,1,0,true,32,89.20000000000002,false,true,false,remontee_spectaculaire,6,2,5,80,73,4,3,0,0,0,15374,1,
centrist_technocratic:strategist:0,custom_party,centrist_technocratic,custom,strategist,parti_dabord,0,fun-audit-custom-centrist_technocratic-0,field_first,25,false,false,strengthened_party,59,9.5,,0.696,9.9,6,rn,7.4,14.7,1,9,9,1.2,12,0,0,5,3,0,0,2,2,0,3.43,0,4.3,0,1.05,2.07,10.85,false,0,4,false,,,false,false,false,elimination_precoce,3,1,2,65,62,1,0,2,0,0,12604,1,12
centrist_technocratic:strategist:1,custom_party,centrist_technocratic,custom,strategist,parti_dabord,1,fun-audit-custom-centrist_technocratic-1,presidential,25,false,false,kingmaker,63,10.9,,0.989,6.2,3,rn,6,12.3,1,10,5,3.1,10,0,0,0,7,0,1,2,1,0,6.68,2.63,0.35,0,0.7,5.25,15.61,false,0,2,false,,,false,false,false,elimination_precoce,4,2,2,68,62,5,0,1,0,0,12309,7,14
centrist_technocratic:strategist:2,custom_party,centrist_technocratic,custom,strategist,parti_dabord,2,fun-audit-custom-centrist_technocratic-2,rupture,31,true,true,president,80,11.3,50.5,0.852,11.7,2,rn,7.3,15.7,1,9,4,0.8,19,0,0,4,6,1,0,1,1,0,3.64,3.73,0,2.94,0.35,0.67,11.33,true,1,3,true,54,88.89999999999999,false,false,false,victoire_serree,1,1,5,80,74,3,2,1,0,0,15571,21,19
centrist_technocratic:strategist:3,custom_party,centrist_technocratic,custom,strategist,parti_dabord,3,fun-audit-custom-centrist_technocratic-3,digital,31,true,true,president,86,15.2,54.3,1.442,6.6,1,renaissance,6.6,17.2,1,9,5,2.9,19,0,0,2,4,0,0,0,0,0,8.34,0,0,1.37,0.35,2.07,12.13,true,1,0,true,37,62.1,false,true,false,remontee_spectaculaire,1,1,4,80,71,6,2,1,0,0,15923,17,3
centrist_technocratic:strategist:4,custom_party,centrist_technocratic,custom,strategist,parti_dabord,4,fun-audit-custom-centrist_technocratic-4,union,25,false,false,kingmaker,64,11.4,,0.861,11.5,3,rn,7.2,15,1,9,4,1.6,12,0,0,1,5,0,0,0,0,0,5.13,0,0,2.91,0.7,3.46,12.2,false,0,0,false,,,false,false,false,elimination_precoce,4,1,1,65,60,2,2,1,0,0,12699,24,16
centrist_technocratic:strategist:5,custom_party,centrist_technocratic,custom,strategist,parti_dabord,5,fun-audit-custom-centrist_technocratic-5,field_first,31,true,true,president,87,14.3,56.1,1.347,11.5,1,lr,8,15.2,1,9,6,2.2,18,0,0,1,5,0,0,0,0,0,6.88,1.75,0,1.71,1.4,3.46,15.2,false,0,0,true,45,60.8,false,false,false,victoire_confortable,3,1,1,80,74,3,1,2,0,0,15534,1,19
centrist_technocratic:roleplayer:0,custom_party,centrist_technocratic,custom,roleplayer,ideologiquement_coherent,0,fun-audit-custom-centrist_technocratic-0,field_first,25,false,false,strengthened_party,62,10.2,,0.916,9.9,6,rn,8.6,14.8,1,9,7,0.5,13,0,0,4,7,0,0,1,1,0,6.24,0,0,0,0.35,2.07,8.66,false,0,3,false,,,false,false,false,elimination_precoce,4,1,2,66,63,1,0,2,0,0,12653,21,9
centrist_technocratic:roleplayer:1,custom_party,centrist_technocratic,custom,roleplayer,ideologiquement_coherent,1,fun-audit-custom-centrist_technocratic-1,presidential,25,false,false,kingmaker,70,13.4,,1.253,6.2,3,rn,6.1,13.99,1,9,3,0.4,13,0,0,2,10,0,0,1,0,0,5.17,2.12,0,0,0,1.55,8.84,false,0,1,false,,,false,false,false,elimination_precoce,7,2,1,68,62,5,0,1,0,0,12368,17,14
centrist_technocratic:roleplayer:2,custom_party,centrist_technocratic,custom,roleplayer,ideologiquement_coherent,2,fun-audit-custom-centrist_technocratic-2,rupture,29,true,false,runoff_defeat,79,12.3,48.3,0.939,11.7,2,ps,9,14.92,1,9,4,0,16,0,0,3,9,0,0,1,1,0,1.95,0,2,1.26,1.33,0.67,7.21,false,0,3,true,38,71.20000000000002,false,false,false,defaite_serree,3,1,3,68,62,4,1,1,0,0,14684,20,10
centrist_technocratic:roleplayer:3,custom_party,centrist_technocratic,custom,roleplayer,ideologiquement_coherent,3,fun-audit-custom-centrist_technocratic-3,digital,31,true,true,president,89,16,55,1.261,6.6,1,renaissance,6.6,18.1,1,9,5,3.8,17,0,0,3,7,0,0,0,0,0,1.2,0,2,0.7,0.35,2.07,6.32,true,1,0,true,30,62.1,false,true,false,remontee_spectaculaire,2,1,4,80,72,6,2,0,0,0,16030,1,16
centrist_technocratic:roleplayer:4,custom_party,centrist_technocratic,custom,roleplayer,ideologiquement_coherent,4,fun-audit-custom-centrist_technocratic-4,union,25,false,false,kingmaker,65,11.4,,1.042,11.5,3,rn,7.3,15.5,1,9,4,1.6,12,0,0,0,5,0,0,0,0,0,0.62,0,1.4,1.89,0.35,2.03,6.29,false,0,0,false,,,false,false,false,elimination_precoce,4,1,0,65,60,2,2,1,0,0,12669,16,6
centrist_technocratic:roleplayer:5,custom_party,centrist_technocratic,custom,roleplayer,ideologiquement_coherent,5,fun-audit-custom-centrist_technocratic-5,field_first,31,true,true,president,89,14.5,57.1,1.368,11.5,1,lr,8.1,15.5,1,9,6,2.4,18,0,0,2,8,0,0,0,0,0,0.39,0.7,1.4,1.89,0.35,0.04,4.77,false,0,0,true,30,60.8,false,false,false,victoire_confortable,5,2,1,80,74,3,1,2,0,0,15448,5,22
centrist_technocratic:opportunist:0,custom_party,centrist_technocratic,custom,opportunist,opportuniste_electoral,0,fun-audit-custom-centrist_technocratic-0,field_first,25,false,false,strengthened_party,60,9.5,,0.842,9.9,6,rn,8.4,14.8,1,9,9,1.2,11,0,0,4,6,0,1,1,1,0,4.62,0,0,1.37,0.7,2.07,8.76,false,0,3,false,,,false,false,false,elimination_precoce,3,1,3,65,62,1,0,2,0,0,12648,1,13
centrist_technocratic:opportunist:1,custom_party,centrist_technocratic,custom,opportunist,opportuniste_electoral,1,fun-audit-custom-centrist_technocratic-1,presidential,25,false,false,kingmaker,69,12.2,,1.126,6.2,3,rn,6,12.87,1,10,3,1.7,13,0,0,0,8,0,0,2,1,0,1.81,4.02,0.35,0.49,4.1,5.25,16.02,false,0,2,false,,,false,false,false,elimination_precoce,2,1,1,68,62,5,0,1,0,0,12330,7,14
centrist_technocratic:opportunist:2,custom_party,centrist_technocratic,custom,opportunist,opportuniste_electoral,2,fun-audit-custom-centrist_technocratic-2,rupture,31,true,true,president,81,10.8,51.2,0.809,11.7,2,rn,7.8,14.7,1,9,5,0.3,16,0,0,3,7,1,1,1,1,0,2.38,3.73,1.05,1.81,0,2.49,11.46,true,1,3,true,52,88.89999999999999,false,false,false,victoire_serree,4,1,6,80,74,3,2,1,0,0,15540,24,21
centrist_technocratic:opportunist:3,custom_party,centrist_technocratic,custom,opportunist,opportuniste_electoral,3,fun-audit-custom-centrist_technocratic-3,digital,31,true,true,president,87,14.6,54.4,1.139,6.6,1,renaissance,6.6,16.4,1,9,5,2.2,17,0,0,2,5,0,0,0,0,0,0.43,0,0,1.37,3.43,2.07,7.3,true,1,0,true,39,62.1,false,true,false,remontee_spectaculaire,2,1,4,80,72,6,2,0,0,0,16082,17,3
centrist_technocratic:opportunist:4,custom_party,centrist_technocratic,custom,opportunist,opportuniste_electoral,4,fun-audit-custom-centrist_technocratic-4,union,25,false,false,kingmaker,65,10.7,,0.968,11.5,3,rn,6.9,15,1,9,4,2.4,12,0,0,0,5,0,0,0,0,0,1.76,0,0,1.37,1.05,5.18,9.36,false,0,0,false,,,false,false,false,elimination_precoce,4,1,0,65,60,2,2,1,0,0,12770,23,
centrist_technocratic:opportunist:5,custom_party,centrist_technocratic,custom,opportunist,opportuniste_electoral,5,fun-audit-custom-centrist_technocratic-5,field_first,29,true,false,runoff_defeat,83,13.6,46.7,1.274,11.5,2,lr,7.6,14.9,1,9,6,1.4,14,0,0,1,5,0,0,0,0,0,1.06,1.75,0,1.37,1.4,3.46,9.04,false,0,0,true,41,60.8,false,false,false,defaite_serree,3,1,2,75,70,3,0,2,0,0,14475,5,19
centrist_technocratic:cautious:0,custom_party,centrist_technocratic,custom,cautious,prudent,0,fun-audit-custom-centrist_technocratic-0,field_first,25,false,false,strengthened_party,59,9.5,,0.842,9.9,6,rn,8.4,14.8,1,9,5,1.3,13,0,0,5,4,0,0,1,1,0,0.81,2.1,0,0,0,2.31,5.22,false,0,3,false,,,false,false,false,elimination_precoce,2,1,2,66,63,1,0,2,0,0,12327,7,9
centrist_technocratic:cautious:1,custom_party,centrist_technocratic,custom,cautious,prudent,1,fun-audit-custom-centrist_technocratic-1,presidential,25,false,false,kingmaker,67,12.7,,1.179,6.2,3,rn,6,13.41,1,10,1,1.2,14,0,0,1,10,1,0,1,0,0,4.15,1.19,0.35,0,0,1.75,7.44,false,0,1,false,,,false,false,false,elimination_precoce,7,3,2,68,62,5,0,1,0,0,12373,17,7
centrist_technocratic:cautious:2,custom_party,centrist_technocratic,custom,cautious,prudent,2,fun-audit-custom-centrist_technocratic-2,rupture,25,false,false,kingmaker,66,11.4,,0.861,11.7,4,rn,8.2,13.4,1,9,6,0,14,0,0,3,6,0,0,1,1,0,2.97,0,1.05,1.26,0,3.29,8.57,false,0,3,false,,,false,false,false,elimination_precoce,3,1,2,59,54,4,1,0,0,0,12616,11,10
centrist_technocratic:cautious:3,custom_party,centrist_technocratic,custom,cautious,prudent,3,fun-audit-custom-centrist_technocratic-3,digital,31,true,true,president,88,15.7,55.7,1.235,6.6,1,renaissance,6.6,17.7,1,9,5,3.4,18,0,0,3,6,0,0,0,0,0,2,0,2,0.7,0,2.31,7.01,true,1,0,true,29,62.1,false,true,false,remontee_spectaculaire,2,1,4,80,72,6,2,0,0,0,16078,19,1
centrist_technocratic:cautious:4,custom_party,centrist_technocratic,custom,cautious,prudent,4,fun-audit-custom-centrist_technocratic-4,union,25,false,false,kingmaker,65,11.5,,1.053,11.5,3,rn,7.4,15.4,1,9,4,1.5,13,0,0,1,5,0,0,0,0,0,1.39,0,0,2.89,0.35,0.91,5.54,false,0,0,false,,,false,false,false,elimination_precoce,4,1,1,65,60,2,2,1,0,0,12651,23,16
centrist_technocratic:cautious:5,custom_party,centrist_technocratic,custom,cautious,prudent,5,fun-audit-custom-centrist_technocratic-5,field_first,31,true,true,president,90,14.8,58.1,1.4,11.5,1,lr,8.3,16.2,1,9,6,2.8,18,0,0,1,6,0,0,0,0,0,1.02,1.4,0,1.89,0.35,0.91,5.57,false,0,0,true,26,60.8,false,false,false,victoire_confortable,5,2,1,80,74,3,1,2,0,0,15534,12,5
centrist_technocratic:beginner:0,custom_party,centrist_technocratic,custom,beginner,debutant_heuristic,0,fun-audit-custom-centrist_technocratic-0,field_first,25,false,false,strengthened_party,62,10.1,,0.905,9.9,6,rn,8.2,14.9,1,9,9,0.5,12,0,0,4,5,0,0,1,1,0,6.86,0,0,1.37,0.35,2.07,10.65,false,0,3,false,,,false,false,false,elimination_precoce,3,1,2,65,62,1,0,2,0,0,12617,1,9
centrist_technocratic:beginner:1,custom_party,centrist_technocratic,custom,beginner,debutant_heuristic,1,fun-audit-custom-centrist_technocratic-1,presidential,25,false,false,kingmaker,70,13,,1.211,6.2,3,rn,6,13.65,1,10,3,0.8,13,0,0,0,8,0,0,0,0,0,6.21,1.57,0,1.37,0,1.55,10.7,false,0,0,false,,,false,false,false,elimination_precoce,8,3,0,68,62,5,0,1,0,0,12205,2,14
centrist_technocratic:beginner:2,custom_party,centrist_technocratic,custom,beginner,debutant_heuristic,2,fun-audit-custom-centrist_technocratic-2,rupture,25,false,false,retirement,61,10.2,,0.757,11.7,6,ps,7.7,12.5,1,9,6,0,12,0,0,3,4,0,0,2,2,0,3.9,0.52,1.05,0,0,2.49,7.96,true,1,4,false,,,false,false,false,elimination_precoce,4,1,3,66,60,4,2,0,0,0,12488,20,22
centrist_technocratic:beginner:3,custom_party,centrist_technocratic,custom,beginner,debutant_heuristic,3,fun-audit-custom-centrist_technocratic-3,digital,31,true,true,president,89,15.7,55.8,1.495,6.6,1,renaissance,6.6,17.8,1,9,5,3.4,17,0,0,2,8,0,0,1,1,0,0.78,0,2,2.3,0.35,2.07,7.5,true,1,1,true,30,62.1,false,true,false,remontee_spectaculaire,1,1,5,80,72,6,2,0,0,0,15844,22,16
centrist_technocratic:beginner:4,custom_party,centrist_technocratic,custom,beginner,debutant_heuristic,4,fun-audit-custom-centrist_technocratic-4,union,25,false,false,kingmaker,66,11.3,,1.032,11.5,3,rn,7.2,15.3,1,9,4,1.7,12,0,0,0,5,0,0,0,0,0,2.7,0,1.4,1.37,0.35,2.03,7.85,false,0,0,false,,,false,false,false,elimination_precoce,6,1,0,65,60,2,2,1,0,0,12609,8,6
centrist_technocratic:beginner:5,custom_party,centrist_technocratic,custom,beginner,debutant_heuristic,5,fun-audit-custom-centrist_technocratic-5,field_first,29,true,false,runoff_defeat,81,13.7,47.9,1.284,11.5,2,lr,7.5,15.3,1,9,8,1.5,14,0,0,0,5,0,0,0,0,0,1.33,0.7,0,1.54,0.63,2.07,6.27,false,0,0,true,23,60.8,false,false,false,defaite_serree,6,2,1,75,70,3,0,2,0,0,14381,1,14
extreme_gauche:strategist:0,custom_party,extreme_gauche,custom,strategist,parti_dabord,0,fun-audit-custom-extreme_gauche-0,field_first,25,false,false,strengthened_party,58,8.6,,0.747,10.7,7,horizons,4.8,11.47,2,10,3,1,11,0,1,1,5,0,0,1,1,0,0.89,3.15,0,0,1.05,5.81,10.9,true,1,1,false,,,true,false,false,elimination_precoce,1,1,5,68,58,4,2,3,1,0,12444,1,15
extreme_gauche:strategist:1,custom_party,extreme_gauche,custom,strategist,parti_dabord,1,fun-audit-custom-extreme_gauche-1,presidential,25,false,false,strengthened_party,59,9.1,,0.8,5,7,rn,5,13.2,1,10,3,0.8,10,0,0,2,7,0,0,1,0,0,7.43,0,0.35,0,1.99,7.91,17.68,false,0,1,false,,,true,false,false,elimination_precoce,1,1,2,67,60,3,2,2,0,0,12756,15,12
extreme_gauche:strategist:2,custom_party,extreme_gauche,custom,strategist,parti_dabord,2,fun-audit-custom-extreme_gauche-2,rupture,25,false,false,strengthened_party,56,8.1,,0.574,8.4,8,ps,6.2,12.5,1,9,2,0,10,0,0,4,6,0,0,1,1,0,3.1,1.93,0,4.26,0,4.16,13.45,true,1,3,false,,,true,false,false,elimination_precoce,1,1,4,62,55,4,1,2,0,0,12722,10,
extreme_gauche:strategist:3,custom_party,extreme_gauche,custom,strategist,parti_dabord,3,fun-audit-custom-extreme_gauche-3,digital,25,false,false,strengthened_party,59,10.4,,0.774,5.7,6,rn,5.2,10.7,4,10,0,0.5,9,0,0,1,6,1,0,0,0,0,2.93,1.07,2.7,0,0.7,4.16,11.56,false,0,0,false,,,true,false,false,elimination_precoce,2,2,3,72,63,4,2,3,0,0,12485,23,20
extreme_gauche:strategist:4,custom_party,extreme_gauche,custom,strategist,parti_dabord,4,fun-audit-custom-extreme_gauche-4,union,25,false,false,kingmaker,67,11.2,,1.021,4.2,3,lfi,4.2,12.15,1,10,3,0.2,12,0,0,0,9,0,0,0,0,0,6.36,3.15,0,2.59,1.05,2.07,15.22,false,0,0,false,,,true,false,false,elimination_precoce,6,2,1,63,62,0,0,1,0,0,12117,23,
extreme_gauche:strategist:5,custom_party,extreme_gauche,custom,strategist,parti_dabord,5,fun-audit-custom-extreme_gauche-5,field_first,25,false,false,strengthened_party,58,8.6,,0.747,11.5,8,rn,6.5,12.3,1,9,3,0.9,11,0,0,3,6,0,0,1,1,0,5.49,0,0,4.26,0,4.16,13.91,true,2,2,false,,,true,false,false,elimination_precoce,3,2,4,69,64,1,2,2,0,0,12467,14,12
extreme_gauche:roleplayer:0,custom_party,extreme_gauche,custom,roleplayer,ideologiquement_coherent,0,fun-audit-custom-extreme_gauche-0,field_first,25,false,false,kingmaker,66,11,,1,10.7,3,rn,5,12.99,1,10,3,0.2,12,0,1,2,6,0,0,0,0,0,1.15,0,0,0,0.35,2.66,4.16,false,0,0,false,,,true,false,false,elimination_precoce,2,1,3,69,59,4,2,3,1,0,12624,1,
extreme_gauche:roleplayer:1,custom_party,extreme_gauche,custom,roleplayer,ideologiquement_coherent,1,fun-audit-custom-extreme_gauche-1,presidential,25,false,false,strengthened_party,62,9.9,,0.884,5,6,rn,5,13.1,1,10,5,0,12,0,0,2,9,0,0,1,0,0,5.54,0,0,2.06,1.64,3.04,12.28,false,0,1,false,,,true,false,false,elimination_precoce,2,1,2,67,60,3,2,2,0,0,12405,16,
extreme_gauche:roleplayer:2,custom_party,extreme_gauche,custom,roleplayer,ideologiquement_coherent,2,fun-audit-custom-extreme_gauche-2,rupture,25,false,false,strengthened_party,55,8.3,,0.716,8.4,7,rn,5.9,12.3,1,10,3,0.8,11,0,0,2,7,0,1,1,1,0,1.16,1.57,0,6.78,0.94,0.91,11.36,true,1,3,false,,,true,false,false,elimination_precoce,2,1,5,64,56,4,1,3,0,0,12681,15,11
extreme_gauche:roleplayer:3,custom_party,extreme_gauche,custom,roleplayer,ideologiquement_coherent,3,fun-audit-custom-extreme_gauche-3,digital,29,true,false,runoff_defeat,81,13.1,49.2,1.221,5.7,2,rn,5.5,12.36,1,10,3,0,14,0,0,1,6,0,0,0,0,0,2.93,1.57,2.7,2.06,0.7,0.66,10.62,false,0,0,true,37,86.9,true,false,false,defaite_serree,3,1,3,74,69,3,1,1,0,0,14568,21,
extreme_gauche:roleplayer:4,custom_party,extreme_gauche,custom,roleplayer,ideologiquement_coherent,4,fun-audit-custom-extreme_gauche-4,union,31,true,true,president,88,12.2,50.8,1.126,4.2,2,lfi,4.2,17.6,1,10,5,0.9,19,0,0,1,8,0,0,1,0,0,6.29,0,1.05,1.36,0,1.08,9.78,false,0,1,true,23,62.49999999999999,true,false,false,victoire_serree,6,4,4,76,74,0,1,1,0,0,15191,1,4
extreme_gauche:roleplayer:5,custom_party,extreme_gauche,custom,roleplayer,ideologiquement_coherent,5,fun-audit-custom-extreme_gauche-5,field_first,25,false,false,retirement,64,10.1,,0.748,11.5,6,rn,6.6,13.9,1,9,2,0.3,11,0,0,2,7,0,0,2,1,0,1.77,0,0,2.06,1.64,1.09,6.56,true,2,3,false,,,true,false,false,elimination_precoce,2,1,4,69,64,1,2,2,0,0,12346,6,
extreme_gauche:opportunist:0,custom_party,extreme_gauche,custom,opportunist,opportuniste_electoral,0,fun-audit-custom-extreme_gauche-0,field_first,25,false,false,honorable_campaign,46,6,,0.474,10.7,9,horizons,3.4,10.7,4,10,0,1.5,6,0,1,2,6,0,1,0,0,0,4.04,3.15,1.05,0,5.81,2.66,16.71,false,0,0,false,,,true,false,false,elimination_precoce,1,1,4,68,58,4,2,3,1,0,12571,1,4
extreme_gauche:opportunist:1,custom_party,extreme_gauche,custom,opportunist,opportuniste_electoral,1,fun-audit-custom-extreme_gauche-1,presidential,25,false,false,kingmaker,49,6.5,,0.526,5,9,rn,5,11.2,2,10,2,0.7,9,0,0,3,9,0,1,1,1,0,12.9,0,0.35,0,1.68,7.91,22.84,false,0,2,false,,,true,false,false,elimination_precoce,1,1,4,69,62,3,2,2,0,0,12581,15,5
extreme_gauche:opportunist:2,custom_party,extreme_gauche,custom,opportunist,opportuniste_electoral,2,fun-audit-custom-extreme_gauche-2,rupture,25,false,false,strengthened_party,54,7.2,,0.6,8.4,10,ps,6.3,12.2,1,9,2,0.1,12,0,0,3,9,0,1,1,1,0,5.01,1.93,7.47,3.47,1.99,4.16,24.03,true,1,3,false,,,true,false,false,elimination_precoce,0,0,5,63,56,4,1,2,0,0,12937,6,18
extreme_gauche:opportunist:3,custom_party,extreme_gauche,custom,opportunist,opportuniste_electoral,3,fun-audit-custom-extreme_gauche-3,digital,25,false,false,kingmaker,62,11,,1,5.7,5,rn,5.7,10.9,3,10,0,1,11,0,0,1,6,1,0,0,0,0,8.01,1.07,6.23,0,0,4.16,19.47,false,0,0,false,,,true,false,false,elimination_precoce,3,2,3,72,63,4,2,3,0,0,12399,23,20
extreme_gauche:opportunist:4,custom_party,extreme_gauche,custom,opportunist,opportuniste_electoral,4,fun-audit-custom-extreme_gauche-4,union,25,false,false,kingmaker,68,10.6,,0.958,4.2,4,lfi,4.2,12.02,1,10,3,0.5,12,0,0,0,8,0,0,0,0,0,10.65,3.15,4.72,0,0.7,1.08,20.3,false,0,0,false,,,true,false,false,elimination_precoce,6,3,1,63,62,0,0,1,0,0,12099,1,2
extreme_gauche:opportunist:5,custom_party,extreme_gauche,custom,opportunist,opportuniste_electoral,5,fun-audit-custom-extreme_gauche-5,field_first,25,false,false,strengthened_party,51,7,,0.478,11.5,9,rn,5.7,11.5,2,10,1,1.1,8,0,0,1,7,0,1,2,1,0,6.46,0,0,3.38,0.28,8.61,18.73,true,2,3,false,,,true,false,false,elimination_precoce,3,2,5,69,64,1,2,2,0,0,12432,22,3
extreme_gauche:cautious:0,custom_party,extreme_gauche,custom,cautious,prudent,0,fun-audit-custom-extreme_gauche-0,field_first,25,false,false,kingmaker,62,10.4,,0.937,10.7,5,rn,4.4,12.71,1,10,3,0.2,14,0,1,2,8,1,0,1,0,0,13.62,0,1.05,2.77,0,5.29,22.73,false,0,1,false,,,true,false,false,elimination_precoce,3,1,4,70,60,4,2,3,1,0,12502,1,16
extreme_gauche:cautious:1,custom_party,extreme_gauche,custom,cautious,prudent,1,fun-audit-custom-extreme_gauche-1,presidential,25,false,false,strengthened_party,59,9.7,,0.863,5,7,rn,5,13,1,10,5,0.2,13,0,0,3,8,1,0,1,0,0,9.98,0,3.92,0.7,4.48,4.76,23.84,false,0,1,false,,,true,false,false,elimination_precoce,2,1,3,67,60,3,2,2,0,0,12451,18,19
extreme_gauche:cautious:2,custom_party,extreme_gauche,custom,cautious,prudent,2,fun-audit-custom-extreme_gauche-2,rupture,25,false,false,strengthened_party,59,8.8,,0.768,8.4,7,rn,6.2,12.9,1,9,3,0.3,12,0,0,2,6,0,0,1,1,0,6.25,1.93,0,3.77,0,0.91,12.86,true,1,3,false,,,true,false,false,elimination_precoce,3,1,4,64,56,4,1,3,0,0,12622,10,11
extreme_gauche:cautious:3,custom_party,extreme_gauche,custom,cautious,prudent,3,fun-audit-custom-extreme_gauche-3,digital,31,true,true,president,86,13.3,51.1,1.242,5.7,2,rn,5.7,12.12,1,10,3,0.3,19,0,0,1,6,0,0,0,0,0,6.83,1.93,3.6,4.99,0,0.66,18.01,false,0,0,true,27,86.9,true,false,false,victoire_serree,4,1,4,80,76,2,1,1,0,0,15420,21,9
extreme_gauche:cautious:4,custom_party,extreme_gauche,custom,cautious,prudent,4,fun-audit-custom-extreme_gauche-4,union,31,true,true,president,84,12.1,53.3,1.116,4.2,2,lfi,4.2,13.24,1,10,7,0.8,18,0,0,1,8,0,0,0,0,0,15.11,0,1.05,0,0,4.69,20.85,false,0,0,true,24,63.599999999999994,true,false,false,victoire_serree,7,3,4,80,76,1,2,1,0,0,15413,19,4
extreme_gauche:cautious:5,custom_party,extreme_gauche,custom,cautious,prudent,5,fun-audit-custom-extreme_gauche-5,field_first,25,false,false,strengthened_party,61,9.4,,0.687,11.5,8,rn,6.6,13.2,1,9,4,0.1,10,1,0,1,6,0,0,2,1,0,7.51,0,0,5.74,0.35,1.09,14.69,true,2,3,false,,,true,false,false,elimination_precoce,3,1,5,69,64,1,2,2,0,0,12613,6,11
extreme_gauche:beginner:0,custom_party,extreme_gauche,custom,beginner,debutant_heuristic,0,fun-audit-custom-extreme_gauche-0,field_first,31,true,true,president,86,12.3,59.2,1.137,10.7,1,lfi,5.1,15.8,1,10,3,1.6,17,0,1,3,6,0,0,1,0,0,9.19,2.1,1.05,0,5.49,0.49,18.32,false,0,2,true,25,60.1,true,false,false,victoire_confortable,2,1,3,80,68,6,3,2,1,0,15643,11,26
extreme_gauche:beginner:1,custom_party,extreme_gauche,custom,beginner,debutant_heuristic,1,fun-audit-custom-extreme_gauche-1,presidential,25,false,false,kingmaker,64,10.3,,0.926,5,4,rn,5,13.5,1,10,7,0,13,0,0,2,11,0,0,2,1,0,12.72,0.7,0,0,5.9,1.51,20.83,false,0,3,false,,,true,false,false,elimination_precoce,2,2,3,67,60,3,2,2,0,0,12362,4,24
extreme_gauche:beginner:2,custom_party,extreme_gauche,custom,beginner,debutant_heuristic,2,fun-audit-custom-extreme_gauche-2,rupture,25,false,false,strengthened_party,60,9.2,,0.811,8.4,6,rn,6.4,13,1,9,3,0.2,11,0,0,2,6,1,0,1,1,0,2.28,1.93,3.78,3.94,0.35,3.46,15.74,true,1,3,false,,,true,false,false,elimination_precoce,3,1,5,64,56,4,1,3,0,0,12597,18,20
extreme_gauche:beginner:3,custom_party,extreme_gauche,custom,beginner,debutant_heuristic,3,fun-audit-custom-extreme_gauche-3,digital,31,true,true,president,87,13.1,50.9,1.221,5.7,2,rn,5.7,12.02,1,10,5,0.1,17,0,0,1,6,0,0,0,0,0,6.26,1.93,3.6,1.61,0,0.66,14.06,false,0,0,true,34,86.9,true,false,false,victoire_serree,5,2,4,80,76,2,1,1,0,0,15487,22,
extreme_gauche:beginner:4,custom_party,extreme_gauche,custom,beginner,debutant_heuristic,4,fun-audit-custom-extreme_gauche-4,union,31,true,true,president,86,11.5,51.7,1.053,4.2,2,lfi,4.2,13.03,1,10,7,0.2,19,0,0,0,9,0,0,0,0,0,10.68,2.1,1.05,2.24,0.35,1.08,17.5,false,0,0,true,34,63.599999999999994,true,false,false,victoire_serree,5,3,3,80,76,1,2,1,0,0,15233,20,27
extreme_gauche:beginner:5,custom_party,extreme_gauche,custom,beginner,debutant_heuristic,5,fun-audit-custom-extreme_gauche-5,field_first,29,true,false,runoff_defeat,77,12.3,44.8,1.137,11.5,1,horizons,6.5,12.9,1,9,6,0.7,14,0,0,3,8,1,0,3,0,0,9.11,0,0,5.86,0,0.66,15.63,true,1,4,true,42,47.9,true,false,false,defaite_lourde,2,2,4,79,72,2,3,2,0,0,14624,6,
extreme_droite:strategist:0,custom_party,extreme_droite,custom,strategist,parti_dabord,0,fun-audit-custom-extreme_droite-0,field_first,31,true,true,president,82,12,50,1.105,8.4,1,lr,6.9,15.5,1,9,1,0.5,18,0,0,1,7,0,0,0,0,0,11.76,0.21,2.7,0,1.4,0,16.07,false,0,0,true,39,62.3,true,false,false,victoire_serree,2,1,3,80,69,9,1,1,0,0,15983,3,16
extreme_droite:strategist:1,custom_party,extreme_droite,custom,strategist,parti_dabord,1,fun-audit-custom-extreme_droite-1,presidential,31,true,true,president,86,13.7,57.9,1.061,12.1,2,rn,9.48,15.1,1,9,4,0,20,0,1,3,8,0,0,1,1,0,16.28,0,0,1.16,6.69,0.13,24.26,false,0,3,true,39,87.00000000000003,true,false,false,victoire_confortable,1,1,4,80,70,6,1,2,1,0,15994,20,
extreme_droite:strategist:2,custom_party,extreme_droite,custom,strategist,parti_dabord,2,fun-audit-custom-extreme_droite-2,rupture,25,false,false,kingmaker,67,12.3,,1.137,6.6,3,rn,5,11.76,3,10,0,0.8,12,0,0,4,8,0,0,1,0,0,12.27,0.52,3.55,0,6.72,1.5,24.56,false,0,2,false,,,true,false,false,elimination_precoce,3,1,2,64,61,0,2,1,0,0,12362,1,10
extreme_droite:strategist:3,custom_party,extreme_droite,custom,strategist,parti_dabord,3,fun-audit-custom-extreme_droite-3,digital,25,false,false,kingmaker,63,11.9,,1.095,8.5,3,nouvelle_energie,6.7,10.06,5,9,0,1.2,10,0,0,3,5,1,0,1,1,0,7.21,3.25,2.38,0,0.7,1.5,15.04,true,1,3,false,,,true,false,false,elimination_precoce,1,1,5,63,59,1,2,1,0,0,12785,19,12
extreme_droite:strategist:4,custom_party,extreme_droite,custom,strategist,parti_dabord,4,fun-audit-custom-extreme_droite-4,union,25,false,false,kingmaker,60,10.2,,0.757,5.7,5,nouvelle_energie,5.7,10.87,4,10,0,0.6,12,0,0,1,7,0,0,1,0,0,6.31,0,2.7,1.16,2.1,2.04,14.31,false,0,1,false,,,true,false,false,elimination_precoce,2,1,2,62,59,0,0,3,0,0,12628,4,12
extreme_droite:strategist:5,custom_party,extreme_droite,custom,strategist,parti_dabord,5,fun-audit-custom-extreme_droite-5,field_first,25,false,false,narrow_elimination,60,9.6,,0.704,9,6,rn,6.4,11.54,2,9,5,0.4,12,0,0,1,5,0,0,0,0,0,10.43,4.2,0.35,0.8,0,1.5,17.28,false,0,0,false,,,true,false,false,elimination_precoce,3,2,2,72,66,2,2,2,0,0,12554,18,14
extreme_droite:roleplayer:0,custom_party,extreme_droite,custom,roleplayer,ideologiquement_coherent,0,fun-audit-custom-extreme_droite-0,field_first,31,true,true,president,85,12.6,51.6,1.168,8.4,1,lr,7.7,16.3,1,9,3,1.2,17,0,0,0,7,0,0,0,0,0,4.28,2.61,2.7,0,0.84,0,10.43,false,0,0,true,27,62.3,true,false,false,victoire_serree,5,1,2,80,69,9,1,1,0,0,16042,3,19
extreme_droite:roleplayer:1,custom_party,extreme_droite,custom,roleplayer,ideologiquement_coherent,1,fun-audit-custom-extreme_droite-1,presidential,25,false,false,kingmaker,69,13.4,,1.253,12.1,3,rn,9.32,15.1,1,9,4,0.4,12,0,0,2,7,0,0,1,1,0,1.45,0.7,0,1.33,0.21,2.23,5.92,false,0,3,false,,,true,false,false,elimination_precoce,4,1,3,66,60,4,1,1,0,0,12642,19,13
extreme_droite:roleplayer:2,custom_party,extreme_droite,custom,roleplayer,ideologiquement_coherent,2,fun-audit-custom-extreme_droite-2,rupture,25,false,false,kingmaker,69,12.5,,0.88,6.6,3,horizons,4.9,12.24,1,10,3,0.6,13,0,0,5,10,0,0,1,0,0,11.56,1.17,2.7,0.78,0.7,1.5,18.41,false,0,2,false,,,true,false,false,elimination_precoce,4,1,2,62,59,0,2,1,0,0,12269,17,22
extreme_droite:roleplayer:3,custom_party,extreme_droite,custom,roleplayer,ideologiquement_coherent,3,fun-audit-custom-extreme_droite-3,digital,31,true,true,president,86,11.4,50.6,0.861,8.5,2,lfi,7.7,14,1,9,3,0.6,20,0,0,3,9,0,0,1,0,0,1.54,0,2.38,1.16,1.4,1.5,7.98,false,0,1,true,34,61.1,true,false,false,victoire_serree,4,2,3,80,76,0,3,1,0,0,15593,23,15
extreme_droite:roleplayer:4,custom_party,extreme_droite,custom,roleplayer,ideologiquement_coherent,4,fun-audit-custom-extreme_droite-4,union,25,false,false,kingmaker,64,11,,1,5.7,3,nouvelle_energie,5.7,11.88,1,10,1,0.3,12,0,0,3,6,0,0,1,0,0,0.56,0,3.64,1.16,2.1,4.67,12.13,false,0,1,false,,,true,false,false,elimination_precoce,2,1,2,62,59,0,0,3,0,0,12601,4,17
extreme_droite:roleplayer:5,custom_party,extreme_droite,custom,roleplayer,ideologiquement_coherent,5,fun-audit-custom-extreme_droite-5,field_first,31,true,true,president,88,13,52.7,0.793,9,1,ps,6.6,13.36,1,9,5,2,16,0,0,1,7,0,0,0,0,0,7,0,0.35,1.15,0.14,1.5,10.14,false,0,0,true,27,72.30000000000001,true,false,false,victoire_serree,6,2,3,80,71,2,2,5,0,0,15706,24,14
extreme_droite:opportunist:0,custom_party,extreme_droite,custom,opportunist,opportuniste_electoral,0,fun-audit-custom-extreme_droite-0,field_first,31,true,true,president,85,11.8,51.4,1.084,8.4,1,lr,7.1,15.7,1,9,1,0.3,17,0,0,0,9,0,0,0,0,0,11.11,4.34,9.39,0,0.8,0,25.64,false,0,0,true,33,62.3,true,false,false,victoire_serree,2,1,2,80,69,9,1,1,0,0,16036,3,16
extreme_droite:opportunist:1,custom_party,extreme_droite,custom,opportunist,opportuniste_electoral,1,fun-audit-custom-extreme_droite-1,presidential,25,false,false,kingmaker,70,12.8,,1.189,12.1,3,rn,9.48,14.6,1,9,6,1,12,0,0,3,7,0,0,2,1,0,9.73,0,3.78,1.16,7.03,0.8,22.5,false,0,4,false,,,true,false,false,elimination_precoce,1,1,3,67,61,4,1,1,0,0,12975,19,17
extreme_droite:opportunist:2,custom_party,extreme_droite,custom,opportunist,opportuniste_electoral,2,fun-audit-custom-extreme_droite-2,rupture,31,true,true,president,87,12.3,52.8,1.137,6.6,1,horizons,5.4,13.91,1,10,7,0.3,16,0,0,4,7,0,0,1,0,0,9.43,1.75,9.56,0,6.72,1.5,28.96,false,0,2,true,46,48.1,true,false,false,victoire_serree,1,1,4,80,75,1,3,1,0,0,15413,1,9
extreme_droite:opportunist:3,custom_party,extreme_droite,custom,opportunist,opportuniste_electoral,3,fun-audit-custom-extreme_droite-3,digital,29,true,false,runoff_defeat,76,12.1,46.3,1.116,8.5,2,nouvelle_energie,6.6,10.6,2,9,2,0.2,13,0,0,3,5,1,0,1,1,0,4.06,3.25,6.54,0,0,1.5,15.35,true,1,3,true,37,29.9,true,false,false,defaite_serree,1,1,6,71,68,1,2,0,0,0,14750,21,12
extreme_droite:opportunist:4,custom_party,extreme_droite,custom,opportunist,opportuniste_electoral,4,fun-audit-custom-extreme_droite-4,union,25,false,false,kingmaker,56,9.2,,0.811,5.7,7,nouvelle_energie,5.7,10.32,4,10,0,0.5,9,0,0,2,7,0,1,1,0,0,0.14,0,10.24,2.03,1.4,1.11,14.92,false,0,1,false,,,true,false,false,elimination_precoce,1,1,3,62,59,0,0,3,0,0,12688,4,7
extreme_droite:opportunist:5,custom_party,extreme_droite,custom,opportunist,opportuniste_electoral,5,fun-audit-custom-extreme_droite-5,field_first,31,true,true,president,86,12.7,52.6,1.179,9,1,ps,8.2,12.9,1,9,11,1.4,17,0,0,0,7,0,0,1,0,0,4.59,4.2,7.47,1.16,0,2.86,20.28,false,0,1,true,35,73,true,false,false,victoire_serree,1,1,2,80,72,3,1,4,0,0,15609,15,14
extreme_droite:cautious:0,custom_party,extreme_droite,custom,cautious,prudent,0,fun-audit-custom-extreme_droite-0,field_first,31,true,true,president,86,13,52.9,1.211,8.4,1,lr,7.8,16.6,1,9,3,1.7,18,0,0,1,7,0,0,0,0,0,10.01,2.63,0,0,0.35,2.17,15.16,false,0,0,true,25,62.3,true,false,false,victoire_serree,5,1,3,80,69,9,1,1,0,0,15916,22,19
extreme_droite:cautious:1,custom_party,extreme_droite,custom,cautious,prudent,1,fun-audit-custom-extreme_droite-1,presidential,31,true,true,president,88,14.3,52.1,1.347,12.1,1,rn,9.48,16.1,1,9,4,0.6,19,0,1,2,8,0,0,1,1,0,8.87,1.4,0,1.33,0.88,5.21,17.69,false,0,3,true,29,87.00000000000003,true,false,false,victoire_serree,2,1,5,80,70,6,1,2,1,0,15726,2,13
extreme_droite:cautious:2,custom_party,extreme_droite,custom,cautious,prudent,2,fun-audit-custom-extreme_droite-2,rupture,25,false,false,kingmaker,69,12.9,,1.2,6.6,3,horizons,5.4,12.85,1,10,9,0.2,14,0,0,4,9,0,0,1,0,0,15.79,0.52,3.6,0.7,0.88,2,23.49,false,0,2,false,,,true,false,false,elimination_precoce,6,2,2,62,59,0,2,1,0,0,12328,21,16
extreme_droite:cautious:3,custom_party,extreme_droite,custom,cautious,prudent,3,fun-audit-custom-extreme_droite-3,digital,31,true,true,president,87,14.3,50.3,1.347,8.5,1,horizons,7.8,13.24,1,9,7,1.3,19,0,0,2,7,0,0,0,0,0,7.29,1.47,0.35,1.33,0,1.5,11.94,false,0,0,true,27,46.6,true,false,false,victoire_serree,1,1,3,80,76,2,2,0,0,0,15551,8,25
extreme_droite:cautious:4,custom_party,extreme_droite,custom,cautious,prudent,4,fun-audit-custom-extreme_droite-4,union,25,false,false,kingmaker,61,10.7,,0.968,5.7,4,nouvelle_energie,5.7,11.74,1,10,1,0.1,13,0,0,1,11,2,0,1,0,0,13.58,0,3.92,1.76,0.35,3.34,22.95,false,0,1,false,,,true,false,false,elimination_precoce,3,1,3,62,59,0,0,3,0,0,12473,6,17
extreme_droite:cautious:5,custom_party,extreme_droite,custom,cautious,prudent,5,fun-audit-custom-extreme_droite-5,field_first,31,true,true,president,85,13.5,53.9,1.043,9,1,ps,7.1,13.28,1,9,7,2.5,17,0,0,1,7,1,0,0,0,0,10.01,0.7,0.35,0.63,0.35,0.82,12.86,false,0,0,true,30,72.30000000000001,true,false,false,victoire_serree,5,2,4,80,71,2,2,5,0,0,15829,4,10
extreme_droite:beginner:0,custom_party,extreme_droite,custom,beginner,debutant_heuristic,0,fun-audit-custom-extreme_droite-0,field_first,31,true,true,president,86,13,52.4,1.211,8.4,1,lr,7.6,16.6,1,9,3,1.7,17,0,0,0,8,0,0,0,0,0,4.63,3.49,7.02,0.7,0.49,0,16.33,false,0,0,true,27,62.3,true,false,false,victoire_serree,3,1,2,80,69,9,1,1,0,0,15918,3,29
extreme_droite:beginner:1,custom_party,extreme_droite,custom,beginner,debutant_heuristic,1,fun-audit-custom-extreme_droite-1,presidential,25,false,false,kingmaker,70,13.5,,1.263,12.1,3,rn,9.48,15.5,1,9,4,0.3,14,0,0,2,8,0,0,1,1,0,7.47,0.7,3.78,1.16,3.89,1.27,18.27,false,0,3,false,,,true,false,false,elimination_precoce,4,2,3,66,60,4,1,1,0,0,12647,2,13
extreme_droite:beginner:2,custom_party,extreme_droite,custom,beginner,debutant_heuristic,2,fun-audit-custom-extreme_droite-2,rupture,25,false,false,kingmaker,69,12.8,,1.189,6.6,3,horizons,5.5,12.59,1,10,5,0.3,13,0,0,5,8,0,0,1,0,0,10.3,0.52,3.6,2.76,4.24,0.07,21.49,false,0,2,false,,,true,false,false,elimination_precoce,3,1,2,62,59,0,2,1,0,0,12396,23,22
extreme_droite:beginner:3,custom_party,extreme_droite,custom,beginner,debutant_heuristic,3,fun-audit-custom-extreme_droite-3,digital,31,true,true,president,89,14.7,50.5,1.389,8.5,1,horizons,7.7,13.79,1,9,7,1.8,18,0,0,5,6,0,0,1,1,0,5.68,3.68,3.6,0.7,0,2.17,15.83,true,1,3,true,27,46.6,true,false,false,victoire_serree,3,1,5,80,76,2,2,0,0,0,15800,24,14
extreme_droite:beginner:4,custom_party,extreme_droite,custom,beginner,debutant_heuristic,4,fun-audit-custom-extreme_droite-4,union,25,false,false,kingmaker,63,10.9,,0.989,5.7,3,nouvelle_energie,5.7,11.79,1,10,1,0.3,12,0,0,2,8,0,1,1,0,0,10.06,0.7,4.55,2.21,0.35,7.72,25.59,false,0,1,false,,,true,false,false,elimination_precoce,3,1,3,62,59,0,0,3,0,0,12597,10,12
extreme_droite:beginner:5,custom_party,extreme_droite,custom,beginner,debutant_heuristic,5,fun-audit-custom-extreme_droite-5,field_first,31,true,true,president,85,12.7,52.8,0.974,9,1,ps,6.5,12.94,1,9,7,1.6,18,0,0,1,8,0,0,0,0,0,11.65,2.8,0,2.54,0,7.1,24.09,false,0,0,true,30,72.30000000000001,true,false,false,victoire_serree,2,2,3,80,72,2,2,4,0,0,15531,15,14
libertarien:strategist:0,custom_party,libertarien,custom,strategist,parti_dabord,0,fun-audit-custom-libertarien-0,field_first,31,true,true,president,84,13.8,52.9,1.07,8.2,1,ecologistes,5.6,13.1,1,10,7,2.3,19,0,0,1,7,0,0,0,0,0,18.29,0,0.35,1.16,0.7,8.61,29.11,false,0,0,true,39,38,true,false,false,victoire_serree,4,1,3,78,74,2,1,1,0,0,15460,16,19
libertarien:strategist:1,custom_party,libertarien,custom,strategist,parti_dabord,1,fun-audit-custom-libertarien-1,presidential,31,true,true,president,85,12.6,54.1,0.965,11.5,2,horizons,8.7,13.2,1,9,8,0.6,18,0,0,1,7,0,0,0,0,0,17.73,1.16,0,0,0,4.16,23.05,true,1,0,true,40,48.400000000000006,false,false,false,victoire_serree,2,1,2,76,71,4,0,1,0,0,15475,1,
libertarien:strategist:2,custom_party,libertarien,custom,strategist,parti_dabord,2,fun-audit-custom-libertarien-2,rupture,29,true,false,runoff_defeat,78,13.4,44.8,1.253,5.8,1,nouvelle_energie,5.8,13.65,1,10,7,2.1,14,0,0,1,6,0,0,1,0,0,18.15,0,0,1.16,0.35,3.46,23.12,false,0,1,true,50,28.4,true,false,false,defaite_lourde,2,1,2,78,66,7,2,3,0,0,14855,6,10
libertarien:strategist:3,custom_party,libertarien,custom,strategist,parti_dabord,3,fun-audit-custom-libertarien-3,digital,29,true,false,runoff_defeat,76,12.4,48.7,1.147,7.2,2,rn,7.2,14.9,1,9,5,0.7,14,0,0,1,6,0,0,2,1,0,10.37,3.57,0,0,1.05,11.22,26.21,false,0,2,true,39,86.60000000000002,true,false,false,defaite_serree,4,2,4,74,70,2,1,1,0,0,14480,7,13
libertarien:strategist:4,custom_party,libertarien,custom,strategist,parti_dabord,4,fun-audit-custom-libertarien-4,union,25,false,false,kingmaker,60,10.9,,0.989,10,5,rn,7.8,12.9,1,9,4,0.5,12,0,0,1,4,0,0,0,0,0,0,0,0,0,0.88,10.29,11.17,false,0,0,false,,,true,false,false,elimination_precoce,6,2,2,62,56,3,1,2,0,0,12326,16,14
libertarien:strategist:5,custom_party,libertarien,custom,strategist,parti_dabord,5,fun-audit-custom-libertarien-5,field_first,29,true,false,runoff_defeat,76,11.7,46.7,1.074,7.8,2,horizons,6.6,11.8,2,9,4,0,15,0,0,2,6,0,0,1,0,0,6.76,1.47,3.96,1.16,0.7,4.16,18.21,false,0,1,true,42,47,true,false,false,defaite_serree,4,2,3,70,66,1,1,2,0,0,14500,24,13
libertarien:roleplayer:0,custom_party,libertarien,custom,roleplayer,ideologiquement_coherent,0,fun-audit-custom-libertarien-0,field_first,31,true,true,president,87,14.1,53.2,1.096,8.2,1,ecologistes,5.2,13.7,1,10,5,2.6,17,0,0,2,10,1,0,1,0,0,10.83,0,3.12,1.49,0.35,2.31,18.1,false,0,2,true,37,38,false,false,false,victoire_serree,4,2,3,80,76,1,2,1,0,0,15552,16,22
libertarien:roleplayer:1,custom_party,libertarien,custom,roleplayer,ideologiquement_coherent,1,fun-audit-custom-libertarien-1,presidential,25,false,false,kingmaker,67,11.9,,0.904,11.5,3,horizons,8.38,12.9,1,9,6,0.3,12,0,0,1,8,1,0,0,0,0,6.26,1.16,0,0.87,0.35,0.66,9.3,true,1,0,false,,,false,false,false,elimination_precoce,5,1,3,61,57,4,0,0,0,0,12257,13,
libertarien:roleplayer:2,custom_party,libertarien,custom,roleplayer,ideologiquement_coherent,2,fun-audit-custom-libertarien-2,rupture,29,true,false,runoff_defeat,76,11.5,42.6,0.8,5.8,2,nouvelle_energie,5.8,14.3,1,10,1,0,15,0,0,2,8,0,1,1,0,0,4.38,0,0,2.18,0.35,0.91,7.82,false,0,1,true,44,28.2,false,false,false,defaite_lourde,3,2,2,76,65,6,2,3,0,0,14770,12,10
libertarien:roleplayer:3,custom_party,libertarien,custom,roleplayer,ideologiquement_coherent,3,fun-audit-custom-libertarien-3,digital,29,true,false,runoff_defeat,80,12.4,49.2,1.147,7.2,2,rn,7.2,14.7,1,9,5,0.7,15,0,0,1,8,0,0,1,1,0,8.12,0.63,0,0.49,0.35,1.09,10.68,false,0,1,true,32,86.60000000000002,false,false,false,defaite_serree,4,2,3,74,70,2,1,1,0,0,14462,23,24
libertarien:roleplayer:4,custom_party,libertarien,custom,roleplayer,ideologiquement_coherent,4,fun-audit-custom-libertarien-4,union,25,false,false,kingmaker,67,11.5,,1.053,10,4,rn,7.7,13.8,1,9,1,0.8,13,0,0,2,6,0,0,2,1,0,0.17,0.77,2,0.42,1.92,1.08,6.36,false,0,2,false,,,false,false,false,elimination_precoce,10,3,2,61,55,3,1,2,0,0,12285,13,2
libertarien:roleplayer:5,custom_party,libertarien,custom,roleplayer,ideologiquement_coherent,5,fun-audit-custom-libertarien-5,field_first,25,false,false,kingmaker,68,11.3,,0.784,7.8,3,horizons,7.3,12.1,1,9,2,0,14,0,0,2,10,0,0,1,0,0,1.83,0.63,2.85,1.61,1.61,1.41,9.94,true,1,1,false,,,false,false,false,elimination_precoce,3,1,2,63,59,1,2,1,0,0,12515,2,
libertarien:opportunist:0,custom_party,libertarien,custom,opportunist,opportuniste_electoral,0,fun-audit-custom-libertarien-0,field_first,29,true,false,runoff_defeat,77,12.4,48.8,0.948,8.2,2,ecologistes,5.2,12.3,1,10,6,0.7,14,0,0,1,7,0,1,0,0,0,10.23,0,0.35,2.03,1.05,8.61,22.27,true,1,0,true,44,37.8,false,false,false,defaite_serree,4,1,4,70,66,2,1,1,0,0,14524,16,13
libertarien:opportunist:1,custom_party,libertarien,custom,opportunist,opportuniste_electoral,1,fun-audit-custom-libertarien-1,presidential,25,false,false,kingmaker,66,11.2,,0.843,11.5,4,horizons,8.38,12.1,2,9,5,0.3,11,0,0,1,7,0,1,0,0,0,16.84,1.16,0,0,0.35,4.16,22.51,true,1,0,false,,,false,false,false,elimination_precoce,3,2,3,61,57,4,0,0,0,0,12298,8,11
libertarien:opportunist:2,custom_party,libertarien,custom,opportunist,opportuniste_electoral,2,fun-audit-custom-libertarien-2,rupture,25,false,false,kingmaker,64,11.2,,1.021,5.8,4,nouvelle_energie,5.8,10.6,5,10,0,0.2,9,0,0,1,8,0,1,1,1,0,14.26,0,0,2.19,0.7,3.46,20.61,false,0,2,false,,,true,false,false,elimination_precoce,2,1,4,66,58,6,1,1,0,0,12806,1,11
libertarien:opportunist:3,custom_party,libertarien,custom,opportunist,opportuniste_electoral,3,fun-audit-custom-libertarien-3,digital,25,false,false,kingmaker,63,11,,1,7.2,5,rn,7.2,12.8,1,9,7,0,11,0,0,1,6,0,0,2,1,0,5.29,3.57,0,0,1.05,11.22,21.13,false,0,2,false,,,true,false,false,elimination_precoce,4,1,3,67,63,2,1,1,0,0,12362,16,5
libertarien:opportunist:4,custom_party,libertarien,custom,opportunist,opportuniste_electoral,4,fun-audit-custom-libertarien-4,union,25,false,false,strengthened_party,54,8.3,,0.716,10,7,rn,7.7,11.1,4,9,0,1.2,8,0,0,1,4,0,1,0,0,0,0,0,1.05,0,1.22,7.73,10,false,0,0,false,,,true,false,false,elimination_precoce,7,2,3,62,56,3,1,2,0,0,12384,16,14
libertarien:opportunist:5,custom_party,libertarien,custom,opportunist,opportuniste_electoral,5,fun-audit-custom-libertarien-5,field_first,25,false,false,kingmaker,65,10.4,,0.937,7.8,4,horizons,6.7,11.5,2,9,2,0.6,12,0,0,2,6,0,0,2,1,0,6.58,3.08,4.97,1.16,0.35,4.16,20.3,false,0,3,false,,,true,false,false,elimination_precoce,4,2,3,61,58,1,1,1,0,0,12346,16,13
libertarien:cautious:0,custom_party,libertarien,custom,cautious,prudent,0,fun-audit-custom-libertarien-0,field_first,31,true,true,president,85,14.3,54.4,1.113,8.2,1,ecologistes,5.7,14.7,1,10,3,2.8,18,0,0,1,10,2,0,0,0,0,15.91,0,0.35,1.37,0.35,4.24,22.22,false,0,0,true,33,38,false,false,false,victoire_serree,4,2,2,78,74,2,1,1,0,0,15501,8,24
libertarien:cautious:1,custom_party,libertarien,custom,cautious,prudent,1,fun-audit-custom-libertarien-1,presidential,31,true,true,president,87,12.7,55.9,0.974,11.5,2,horizons,8.7,14,1,9,10,0.7,19,0,0,1,8,0,0,0,0,0,17.17,1.16,0.35,0.49,0,4.16,23.33,true,1,0,true,27,48.400000000000006,false,false,false,victoire_serree,6,2,2,76,71,4,0,1,0,0,15416,2,26
libertarien:cautious:2,custom_party,libertarien,custom,cautious,prudent,2,fun-audit-custom-libertarien-2,rupture,31,true,true,president,87,13.5,52.1,1.263,5.8,1,nouvelle_energie,5.8,15.4,1,10,7,2.2,17,0,0,1,7,0,0,1,0,0,13.34,0,0,1.33,0,0.91,15.58,false,0,1,true,32,28.2,false,false,false,victoire_serree,5,2,3,80,69,6,2,3,0,0,15843,9,21
libertarien:cautious:3,custom_party,libertarien,custom,cautious,prudent,3,fun-audit-custom-libertarien-3,digital,25,false,false,kingmaker,62,11.4,,1.042,7.2,5,rn,7.2,13.6,1,9,5,0.1,13,0,0,0,6,1,0,1,1,0,8,1.33,0.35,0.49,0,4.76,14.93,false,0,1,false,,,false,false,false,elimination_precoce,5,2,2,67,63,2,1,1,0,0,12453,9,24
libertarien:cautious:4,custom_party,libertarien,custom,cautious,prudent,4,fun-audit-custom-libertarien-4,union,25,false,false,kingmaker,67,12,,1.105,10,4,rn,8,14.3,1,9,3,0.2,13,0,0,1,5,0,0,0,0,0,3.8,0.77,1.05,0,4.55,4.69,14.86,false,0,0,false,,,false,false,false,elimination_precoce,9,3,1,61,55,3,1,2,0,0,12140,13,22
libertarien:cautious:5,custom_party,libertarien,custom,cautious,prudent,5,fun-audit-custom-libertarien-5,field_first,29,true,false,runoff_defeat,79,12.3,48.9,1.137,7.8,2,horizons,7.6,13,1,9,3,0.6,15,0,0,2,6,0,0,1,1,0,6.13,1.47,2.35,1.96,0,4.16,16.07,false,0,1,true,21,47,false,false,false,defaite_serree,5,2,3,71,67,1,1,2,0,0,14596,2,19
libertarien:beginner:0,custom_party,libertarien,custom,beginner,debutant_heuristic,0,fun-audit-custom-libertarien-0,field_first,31,true,true,president,91,15.6,55,1.226,8.2,1,ecologistes,5.8,14.6,1,10,3,4.3,17,0,0,3,9,0,0,1,0,0,19.68,0,3.65,0,0.35,0.93,24.61,false,0,2,true,27,38,false,false,false,victoire_serree,4,1,1,80,76,1,2,1,0,0,15563,8,22
libertarien:beginner:1,custom_party,libertarien,custom,beginner,debutant_heuristic,1,fun-audit-custom-libertarien-1,presidential,29,true,false,runoff_defeat,82,13.4,46.4,1.035,11.5,1,horizons,8.7,14.2,1,9,8,1.4,14,0,0,1,8,0,0,0,0,0,20.99,1.16,0,0,0,0.49,22.64,true,1,0,true,23,48.400000000000006,false,false,false,defaite_serree,4,1,3,69,64,4,0,1,0,0,14429,2,25
libertarien:beginner:2,custom_party,libertarien,custom,beginner,debutant_heuristic,2,fun-audit-custom-libertarien-2,rupture,31,true,true,president,87,13.3,51.6,1.242,5.8,1,nouvelle_energie,5.8,16.3,1,10,5,1.9,18,0,0,2,10,0,0,1,0,0,24.84,0,0,2.02,0.35,3.46,30.67,false,0,1,true,37,28.2,true,false,false,victoire_serree,4,1,4,80,70,5,2,3,0,0,15708,6,17
libertarien:beginner:3,custom_party,libertarien,custom,beginner,debutant_heuristic,3,fun-audit-custom-libertarien-3,digital,29,true,false,runoff_defeat,79,12,49.2,1.105,7.2,2,rn,7.2,14.8,1,9,5,0.3,14,0,0,0,6,0,0,1,1,0,6.65,4.13,3.04,0,0.35,5.23,19.4,false,0,1,true,37,86.60000000000002,false,false,false,defaite_serree,6,2,2,74,70,2,1,1,0,0,14506,23,13
libertarien:beginner:4,custom_party,libertarien,custom,beginner,debutant_heuristic,4,fun-audit-custom-libertarien-4,union,25,false,false,kingmaker,61,10.4,,0.937,10,5,rn,7.9,12.9,1,9,4,1.1,12,0,0,1,4,0,0,0,0,0,0,0,2.45,0,0.88,1.08,4.41,false,0,0,false,,,false,false,false,elimination_precoce,8,2,1,61,55,3,1,2,0,0,12246,14,4
libertarien:beginner:5,custom_party,libertarien,custom,beginner,debutant_heuristic,5,fun-audit-custom-libertarien-5,field_first,29,true,false,runoff_defeat,82,13,48.6,1.211,7.8,2,horizons,7.4,13.5,1,9,3,1.4,17,0,0,3,10,0,0,1,0,0,17.25,4.13,2,1.61,0.35,1.11,26.45,true,1,1,true,29,47.7,false,false,false,defaite_serree,4,1,3,73,68,1,2,2,0,0,14493,2,29
ecologiste_radical:strategist:0,custom_party,ecologiste_radical,custom,strategist,parti_dabord,0,fun-audit-custom-ecologiste_radical-0,field_first,31,true,true,president,85,12.5,56.2,1.158,6.3,2,rn,6.3,12.42,1,9,9,0.5,20,0,0,0,10,0,0,0,0,0,5.42,0.7,0,6.63,0.7,8.89,22.34,false,0,0,true,40,87.30000000000001,true,false,false,victoire_confortable,7,2,2,80,72,3,3,2,0,0,15486,13,7
ecologiste_radical:strategist:1,custom_party,ecologiste_radical,custom,strategist,parti_dabord,1,fun-audit-custom-ecologiste_radical-1,presidential,25,false,false,strengthened_party,56,8,,0.684,9.2,8,rn,6.6,12.7,1,9,2,1,10,0,0,3,7,0,0,1,1,0,3.42,0,0,3.68,1.36,3.46,11.92,false,0,1,false,,,true,false,false,elimination_precoce,1,1,3,67,61,5,0,1,0,0,12366,5,17
ecologiste_radical:strategist:2,custom_party,ecologiste_radical,custom,strategist,parti_dabord,2,fun-audit-custom-ecologiste_radical-2,rupture,31,true,true,president,84,12.8,52.6,1.189,5.8,1,renaissance,5,12.49,1,10,3,0.8,17,0,0,1,5,0,0,1,0,0,7.9,0,0,3.33,0,4.16,15.39,true,1,1,true,49,62.5,true,false,false,victoire_serree,3,1,5,80,73,3,1,3,0,0,15681,17,28
ecologiste_radical:strategist:3,custom_party,ecologiste_radical,custom,strategist,parti_dabord,3,fun-audit-custom-ecologiste_radical-3,digital,29,true,false,runoff_defeat,80,12.9,48.7,1.2,8.8,2,ps,5.1,12.28,1,10,1,0.6,14,0,0,2,7,0,0,1,1,0,4.37,0.7,0,3.33,1.71,0,10.11,true,1,2,true,44,71.00000000000001,true,false,false,defaite_serree,4,2,5,70,66,1,2,1,0,0,14643,5,
ecologiste_radical:strategist:4,custom_party,ecologiste_radical,custom,strategist,parti_dabord,4,fun-audit-custom-ecologiste_radical-4,union,25,false,false,kingmaker,63,11.7,,1.074,12,3,rn,8.12,12.7,1,9,7,0.5,14,0,0,2,6,0,0,0,0,0,1.17,0,0,3.68,1.05,11.36,17.26,true,1,0,false,,,true,false,false,elimination_precoce,3,2,3,68,65,1,0,2,0,0,12365,10,13
ecologiste_radical:strategist:5,custom_party,ecologiste_radical,custom,strategist,parti_dabord,5,fun-audit-custom-ecologiste_radical-5,field_first,29,true,false,runoff_defeat,74,11.9,47.3,1.095,5.2,2,rn,4.9,11.5,3,10,0,0.5,14,0,0,2,7,1,0,1,0,0,7.17,2.14,0.35,3.68,0.7,4.16,18.2,true,1,1,true,39,87.20000000000002,true,false,false,defaite_serree,4,1,5,72,68,3,0,1,0,0,14581,16,17
ecologiste_radical:roleplayer:0,custom_party,ecologiste_radical,custom,roleplayer,ideologiquement_coherent,0,fun-audit-custom-ecologiste_radical-0,field_first,31,true,true,president,86,12.9,53.4,1.2,6.3,1,rn,6.3,13.76,1,9,5,0.9,18,0,0,0,13,0,0,0,0,0,7.98,0,2.49,5.74,0,1.19,17.4,false,0,0,true,20,87.30000000000001,true,false,false,victoire_serree,2,1,3,80,72,3,3,2,0,0,15480,17,20
ecologiste_radical:roleplayer:1,custom_party,ecologiste_radical,custom,roleplayer,ideologiquement_coherent,1,fun-audit-custom-ecologiste_radical-1,presidential,25,false,false,narrow_elimination,60,9.8,,0.874,9.2,6,rn,7.1,13.9,1,9,5,0.3,12,0,0,4,7,0,0,1,1,0,3.29,0,0,3.85,1.71,0.91,9.76,false,0,1,false,,,true,false,false,elimination_precoce,2,1,3,67,61,5,0,1,0,0,12273,6,1
ecologiste_radical:roleplayer:2,custom_party,ecologiste_radical,custom,roleplayer,ideologiquement_coherent,2,fun-audit-custom-ecologiste_radical-2,rupture,31,true,true,president,87,13.1,53.3,1.009,5.8,1,renaissance,5.5,12.44,1,10,3,1.1,16,0,0,1,7,0,0,1,1,0,9.11,0,0,2.45,0,2.31,13.87,true,1,1,true,39,62.5,true,false,false,victoire_serree,4,1,6,80,73,3,1,3,0,0,15506,17,27
ecologiste_radical:roleplayer:3,custom_party,ecologiste_radical,custom,roleplayer,ideologiquement_coherent,3,fun-audit-custom-ecologiste_radical-3,digital,29,true,false,runoff_defeat,80,13.5,48.9,1.263,8.8,1,ps,5.1,13.16,1,10,3,1.3,14,0,0,1,10,0,0,1,0,0,4.69,0,1.92,3.15,1.71,0,11.47,true,1,1,true,34,71.00000000000001,true,false,false,defaite_serree,3,1,4,70,66,1,2,1,0,0,14697,5,23
ecologiste_radical:roleplayer:4,custom_party,ecologiste_radical,custom,roleplayer,ideologiquement_coherent,4,fun-audit-custom-ecologiste_radical-4,union,25,false,false,kingmaker,67,12.5,,1.158,12,3,rn,8.12,13.6,1,9,8,0.4,12,0,0,2,7,0,0,0,0,0,2.38,0,0,3.85,0.35,0.21,6.79,true,1,0,false,,,true,false,false,elimination_precoce,5,1,3,70,64,2,2,2,0,0,12353,10,13
ecologiste_radical:roleplayer:5,custom_party,ecologiste_radical,custom,roleplayer,ideologiquement_coherent,5,fun-audit-custom-ecologiste_radical-5,field_first,29,true,false,runoff_defeat,81,12.7,48.9,0.974,5.2,2,rn,5,12.9,1,10,1,1.4,14,0,0,1,5,0,0,0,0,0,1.58,0,0.45,2.45,0,2.31,6.79,true,1,0,true,23,87.20000000000002,true,false,false,defaite_serree,4,1,4,72,68,3,0,1,0,0,14579,4,24
ecologiste_radical:opportunist:0,custom_party,ecologiste_radical,custom,opportunist,opportuniste_electoral,0,fun-audit-custom-ecologiste_radical-0,field_first,25,false,false,strengthened_party,58,9.3,,0.821,6.3,7,rn,5.2,10.8,4,10,0,0.6,10,0,0,0,11,0,2,0,0,0,10.18,3.85,1.05,5.44,0.7,6.33,27.55,false,0,0,false,,,true,false,false,elimination_precoce,6,1,2,67,62,3,1,1,0,0,12333,13,1
ecologiste_radical:opportunist:1,custom_party,ecologiste_radical,custom,opportunist,opportuniste_electoral,1,fun-audit-custom-ecologiste_radical-1,presidential,25,false,false,kingmaker,45,6.4,,0.516,9.2,10,rn,6,10.7,5,10,0,0.5,9,0,0,3,7,0,2,1,1,0,10.41,0,0,3.32,1.02,3.46,18.21,false,0,1,false,,,true,false,false,elimination_precoce,1,1,4,67,61,5,0,1,0,0,12351,19,17
ecologiste_radical:opportunist:2,custom_party,ecologiste_radical,custom,opportunist,opportuniste_electoral,2,fun-audit-custom-ecologiste_radical-2,rupture,31,true,true,president,87,12.5,53.6,0.957,5.8,1,renaissance,5.1,11.84,1,10,3,0.4,16,0,0,1,6,0,0,1,0,0,11.54,0,0,2.45,0.35,4.16,18.5,true,1,1,true,47,62.5,true,false,false,victoire_serree,3,1,5,80,73,3,1,3,0,0,15591,17,28
ecologiste_radical:opportunist:3,custom_party,ecologiste_radical,custom,opportunist,opportuniste_electoral,3,fun-audit-custom-ecologiste_radical-3,digital,31,true,true,president,87,12.4,51.4,1.147,8.8,2,ps,4.9,12.14,1,10,1,0,16,0,0,1,8,0,0,1,1,0,10.46,3.85,0,3.33,1.36,0,19,true,1,2,true,35,71.00000000000001,true,false,false,victoire_serree,4,2,5,77,73,1,2,1,0,0,15821,5,4
ecologiste_radical:opportunist:4,custom_party,ecologiste_radical,custom,opportunist,opportuniste_electoral,4,fun-audit-custom-ecologiste_radical-4,union,25,false,false,kingmaker,64,11.5,,1.053,12,3,rn,8.24,12.9,1,9,7,0.7,12,0,0,2,6,0,0,0,0,0,2.26,0,0,3.32,1.05,11.36,17.99,true,1,0,false,,,true,false,false,elimination_precoce,2,1,3,68,65,1,0,2,0,0,12504,10,4
ecologiste_radical:opportunist:5,custom_party,ecologiste_radical,custom,opportunist,opportuniste_electoral,5,fun-audit-custom-ecologiste_radical-5,field_first,29,true,false,runoff_defeat,79,11.9,48.3,0.904,5.2,2,rn,4.7,12,1,10,2,0.5,14,0,0,2,8,0,0,0,0,0,3.46,6.69,1.3,0,7.14,8.61,27.2,true,1,0,true,34,87.20000000000002,true,false,false,defaite_serree,4,1,4,72,68,3,0,1,0,0,14670,16,7
ecologiste_radical:cautious:0,custom_party,ecologiste_radical,custom,cautious,prudent,0,fun-audit-custom-ecologiste_radical-0,field_first,31,true,true,president,86,12.2,56.6,1.126,6.3,2,rn,6.1,13.21,1,9,7,0.2,20,0,0,0,12,1,0,1,0,0,19.05,0,0.14,7.62,0,3.49,30.3,false,0,1,true,31,87.30000000000001,true,false,false,victoire_confortable,7,2,3,80,72,3,3,2,0,0,15613,22,8
ecologiste_radical:cautious:1,custom_party,ecologiste_radical,custom,cautious,prudent,1,fun-audit-custom-ecologiste_radical-1,presidential,25,false,false,kingmaker,60,10.3,,0.926,9.2,5,rn,7.3,14.5,1,9,7,0.6,14,0,0,3,7,0,0,1,1,0,12.97,0,0,3.85,4.76,0.91,22.49,false,0,1,false,,,true,false,false,elimination_precoce,3,1,3,67,61,5,0,1,0,0,12227,5,1
ecologiste_radical:cautious:2,custom_party,ecologiste_radical,custom,cautious,prudent,2,fun-audit-custom-ecologiste_radical-2,rupture,29,true,false,runoff_defeat,80,12.9,48.2,0.991,5.8,1,renaissance,5.8,12.1,1,10,5,0.9,14,0,0,1,5,0,0,1,0,0,7.9,0,0,2.98,0,0.66,11.54,true,1,1,true,36,61.6,true,false,false,defaite_serree,4,1,4,77,70,2,2,3,0,0,14474,5,11
ecologiste_radical:cautious:3,custom_party,ecologiste_radical,custom,cautious,prudent,3,fun-audit-custom-ecologiste_radical-3,digital,31,true,true,president,88,13.5,50.4,1.263,8.8,1,ps,5.6,13.02,1,10,9,1.3,19,1,0,2,10,0,0,2,1,0,15.84,0,0,6.69,4.76,0.91,28.2,true,1,3,true,26,71.00000000000001,true,false,false,victoire_serree,3,2,6,78,74,1,2,1,0,0,15723,11,22
ecologiste_radical:cautious:4,custom_party,ecologiste_radical,custom,cautious,prudent,4,fun-audit-custom-ecologiste_radical-4,union,25,false,false,kingmaker,62,11.8,,1.084,12,3,rn,8.24,13.2,1,9,8,1.2,13,0,0,2,7,0,0,0,0,0,9.95,0,0,3.85,0.35,0.21,14.36,true,1,0,false,,,true,false,false,elimination_precoce,6,2,3,70,64,2,2,2,0,0,12308,7,6
ecologiste_radical:cautious:5,custom_party,ecologiste_radical,custom,cautious,prudent,5,fun-audit-custom-ecologiste_radical-5,field_first,29,true,false,runoff_defeat,76,12,48.4,0.913,5.2,2,rn,5.1,12.3,1,10,1,0.7,16,0,0,3,7,1,0,1,0,0,4.67,0,0.35,8.32,0,3.06,16.4,true,1,1,true,30,87.20000000000002,true,false,false,defaite_serree,5,1,5,72,68,3,0,1,0,0,14594,23,14
ecologiste_radical:beginner:0,custom_party,ecologiste_radical,custom,beginner,debutant_heuristic,0,fun-audit-custom-ecologiste_radical-0,field_first,31,true,true,president,85,12.6,52.8,1.168,6.3,1,rn,6.1,13.69,1,9,5,0.6,19,0,0,0,12,1,0,0,0,0,11.74,0,1.75,5.27,0.7,4.92,24.38,false,0,0,true,30,87.30000000000001,true,false,false,victoire_serree,6,1,4,80,72,3,3,2,0,0,15466,13,8
ecologiste_radical:beginner:1,custom_party,ecologiste_radical,custom,beginner,debutant_heuristic,1,fun-audit-custom-ecologiste_radical-1,presidential,25,false,false,kingmaker,59,10.3,,0.926,9.2,5,rn,7.3,14.5,1,9,5,0.6,13,0,0,3,7,0,0,1,1,0,7.38,0,0,3.32,1.43,3.46,15.59,false,0,1,false,,,true,false,false,elimination_precoce,2,1,3,67,61,5,0,1,0,0,12317,6,1
ecologiste_radical:beginner:2,custom_party,ecologiste_radical,custom,beginner,debutant_heuristic,2,fun-audit-custom-ecologiste_radical-2,rupture,31,true,true,president,87,12.9,53.7,0.991,5.8,1,renaissance,5.4,12.64,1,10,3,0.9,17,0,0,1,8,0,0,1,0,0,8.96,0,0,6.18,0,0.66,15.8,true,1,1,true,38,62.5,true,false,false,victoire_serree,5,2,5,80,73,3,1,3,0,0,15460,17,27
ecologiste_radical:beginner:3,custom_party,ecologiste_radical,custom,beginner,debutant_heuristic,3,fun-audit-custom-ecologiste_radical-3,digital,29,true,false,runoff_defeat,82,13.4,49.6,1.253,8.8,1,ps,5.5,12.84,1,10,7,1.2,13,1,0,1,7,0,0,1,1,0,10.58,2.98,0,3.33,1.09,0,17.98,true,1,2,true,23,71.00000000000001,true,false,false,defaite_serree,4,2,6,70,66,1,2,1,0,0,14529,5,23
ecologiste_radical:beginner:4,custom_party,ecologiste_radical,custom,beginner,debutant_heuristic,4,fun-audit-custom-ecologiste_radical-4,union,25,false,false,kingmaker,66,12.5,,1.158,12,3,rn,8.12,13.6,1,9,4,0.4,12,0,0,2,7,0,0,0,0,0,5.53,0,0,3.32,0.7,4.15,13.7,true,1,0,false,,,true,false,false,elimination_precoce,6,1,3,70,64,2,2,2,0,0,12322,10,13
ecologiste_radical:beginner:5,custom_party,ecologiste_radical,custom,beginner,debutant_heuristic,5,fun-audit-custom-ecologiste_radical-5,field_first,29,true,false,runoff_defeat,80,13.2,49.4,1.017,5.2,2,rn,5.1,13.3,1,10,1,1.9,15,0,0,2,7,0,0,1,0,0,8.57,5.74,0,3.33,0.7,0.49,18.83,true,1,1,true,23,87.20000000000002,true,false,false,defaite_serree,7,2,4,72,68,3,0,1,0,0,14609,4,25
souverainiste:strategist:0,custom_party,souverainiste,custom,strategist,parti_dabord,0,fun-audit-custom-souverainiste-0,field_first,25,false,false,strengthened_party,56,8.6,,0.617,7,8,renaissance,7,11.8,2,9,5,1.4,13,0,0,4,5,0,0,3,1,0,0.28,4.2,3.74,0,1.4,5.75,15.37,true,1,5,false,,,false,false,false,elimination_precoce,0,0,3,69,61,5,2,1,0,0,12739,19,
souverainiste:strategist:1,custom_party,souverainiste,custom,strategist,parti_dabord,1,fun-audit-custom-souverainiste-1,presidential,25,false,false,kingmaker,63,11.2,,0.843,9.9,3,horizons,6.6,14.2,1,9,3,1.5,12,0,0,4,4,0,0,1,1,0,0.7,0,5.54,0.59,0.7,2.66,10.19,false,0,3,false,,,false,false,false,elimination_precoce,2,1,2,69,60,5,3,1,0,0,12719,10,12
souverainiste:strategist:2,custom_party,souverainiste,custom,strategist,parti_dabord,2,fun-audit-custom-souverainiste-2,rupture,31,true,true,president,85,14.3,51.8,1.113,8.6,1,horizons,6.2,13.37,1,9,3,2.5,19,0,0,2,8,0,0,1,1,0,5.17,0,3.43,1.13,4.52,5.05,19.3,true,1,2,true,53,50.9,false,false,false,victoire_serree,2,2,4,78,76,1,1,0,0,0,15845,3,
souverainiste:strategist:3,custom_party,souverainiste,custom,strategist,parti_dabord,3,fun-audit-custom-souverainiste-3,digital,31,true,true,president,86,14.9,53,1.411,12.8,1,rn,8.2,12.85,1,9,4,4.2,17,0,0,1,7,0,0,1,1,0,5.14,0.52,3.74,0,4.2,0.56,14.16,false,0,1,true,50,86.7,false,false,false,victoire_serree,2,1,3,80,73,5,1,1,0,0,15535,12,24
souverainiste:strategist:4,custom_party,souverainiste,custom,strategist,parti_dabord,4,fun-audit-custom-souverainiste-4,union,31,true,true,president,80,12.5,52.8,1.158,7.4,2,ps,7.4,13.4,1,9,3,1.4,16,0,0,3,4,0,0,2,0,0,2.79,0,3.74,0,0.7,0,7.23,true,1,3,true,42,72.8,false,false,false,victoire_serree,3,1,4,80,74,1,3,2,0,0,15403,2,9
souverainiste:strategist:5,custom_party,souverainiste,custom,strategist,parti_dabord,5,fun-audit-custom-souverainiste-5,field_first,25,false,false,kingmaker,66,11.3,,1.032,9.8,4,nouvelle_energie,7.1,12.12,1,9,7,0.5,13,0,0,1,6,0,0,1,0,0,5.49,0,0.35,0.95,4.58,5.68,17.05,true,1,1,false,,,false,false,false,elimination_precoce,4,1,2,64,58,0,3,3,0,0,12437,15,9
souverainiste:roleplayer:0,custom_party,souverainiste,custom,roleplayer,ideologiquement_coherent,0,fun-audit-custom-souverainiste-0,field_first,31,true,true,president,87,11.8,52.8,1.084,7,2,renaissance,7,15.4,1,9,7,0.2,18,0,0,2,13,0,0,4,3,0,4.46,0,0,2.06,3.01,1.08,10.61,true,2,8,true,26,62,false,false,false,victoire_serree,2,1,5,80,70,7,2,1,0,0,15818,23,14
souverainiste:roleplayer:1,custom_party,souverainiste,custom,roleplayer,ideologiquement_coherent,1,fun-audit-custom-souverainiste-1,presidential,31,true,true,president,87,13,50.4,1.211,9.9,1,horizons,7.4,16,1,9,3,0.6,20,0,0,2,10,0,0,1,1,0,4.53,0,2.55,0.72,0.52,1.08,9.4,false,0,3,true,27,47.300000000000004,false,false,false,victoire_serree,2,1,3,80,70,5,3,2,0,0,15930,23,11
souverainiste:roleplayer:2,custom_party,souverainiste,custom,roleplayer,ideologiquement_coherent,2,fun-audit-custom-souverainiste-2,rupture,31,true,true,president,90,15.4,52.4,1.463,8.6,1,horizons,6.4,14.76,1,9,5,3.7,18,0,0,1,11,0,0,1,0,0,1.08,0,2.87,0.06,1.57,3.64,9.22,true,1,1,true,36,49.4,false,false,false,victoire_serree,3,2,3,77,74,1,2,0,0,0,15797,14,16
souverainiste:roleplayer:3,custom_party,souverainiste,custom,roleplayer,ideologiquement_coherent,3,fun-audit-custom-souverainiste-3,digital,31,true,true,president,90,16.1,55.9,1.537,12.8,1,rn,8.1,15.01,1,9,4,5.5,17,0,0,1,8,0,0,0,0,0,5.05,0.52,0,0,1.57,0.56,7.7,false,0,0,true,20,86.7,false,false,false,victoire_serree,1,1,1,80,72,5,1,2,0,0,15393,10,23
souverainiste:roleplayer:4,custom_party,souverainiste,custom,roleplayer,ideologiquement_coherent,4,fun-audit-custom-souverainiste-4,union,31,true,true,president,90,15.4,57.9,1.463,7.4,1,rn,7.4,14.83,1,9,1,3.7,18,0,0,3,9,0,0,0,0,0,4.9,0.7,2.55,0.7,0.56,0,9.41,false,0,0,true,27,85,false,true,false,remontee_spectaculaire,5,2,3,80,74,1,2,3,0,0,15600,16,22
souverainiste:roleplayer:5,custom_party,souverainiste,custom,roleplayer,ideologiquement_coherent,5,fun-audit-custom-souverainiste-5,field_first,25,false,false,kingmaker,67,12.1,,1.116,9.8,3,nouvelle_energie,7.3,13.34,1,9,5,0.6,12,0,0,3,6,0,0,2,1,0,0.55,0,3.82,0.46,0.35,1.83,7.01,true,1,2,false,,,false,false,false,elimination_precoce,4,2,3,64,58,0,3,3,0,0,12229,9,12
souverainiste:opportunist:0,custom_party,souverainiste,custom,opportunist,opportuniste_electoral,0,fun-audit-custom-souverainiste-0,field_first,25,false,false,kingmaker,66,11.3,,1.032,7,3,renaissance,7,11.8,1,9,3,0.3,11,0,0,2,5,0,0,1,1,0,5.96,4.2,2.73,0,0,2.66,15.55,false,0,3,false,,,false,false,false,elimination_precoce,3,1,2,76,65,7,2,2,0,0,12178,18,4
souverainiste:opportunist:1,custom_party,souverainiste,custom,opportunist,opportuniste_electoral,1,fun-audit-custom-souverainiste-1,presidential,25,false,false,kingmaker,68,11.7,,0.887,9.9,3,horizons,6.8,15.3,1,9,1,1,13,0,0,3,4,0,0,1,1,0,0.7,0,5.53,0.59,1.96,2.66,11.44,false,0,3,false,,,false,false,false,elimination_precoce,4,1,2,69,60,5,3,1,0,0,12746,10,15
souverainiste:opportunist:2,custom_party,souverainiste,custom,opportunist,opportuniste_electoral,2,fun-audit-custom-souverainiste-2,rupture,31,true,true,president,85,13.3,53.4,1.242,8.6,1,horizons,6.3,13.5,1,9,3,1.4,16,0,0,1,8,0,1,1,1,0,4.92,0,5.49,0.34,5.21,5.05,21.01,true,1,2,true,49,50.9,false,false,false,victoire_serree,1,1,5,78,76,1,1,0,0,0,15814,23,4
souverainiste:opportunist:3,custom_party,souverainiste,custom,opportunist,opportuniste_electoral,3,fun-audit-custom-souverainiste-3,digital,31,true,true,president,89,14.4,55.1,1.358,12.8,1,rn,7.9,12.8,1,9,4,3.6,17,0,0,2,9,0,0,0,0,0,3.3,0.52,6.13,0,1.2,2.59,13.74,false,0,0,true,43,86.7,false,false,false,victoire_serree,2,1,1,80,72,5,1,2,0,0,15552,23,18
souverainiste:opportunist:4,custom_party,souverainiste,custom,opportunist,opportuniste_electoral,4,fun-audit-custom-souverainiste-4,union,25,false,false,strengthened_party,61,8.1,,0.695,7.4,9,rn,7.4,12.7,1,9,3,0.2,10,0,0,1,8,0,0,0,0,0,1.69,0,5.18,0.6,2.47,3.36,13.3,false,0,0,false,,,false,false,false,elimination_precoce,2,1,1,64,59,2,1,2,0,0,12518,10,8
souverainiste:opportunist:5,custom_party,souverainiste,custom,opportunist,opportuniste_electoral,5,fun-audit-custom-souverainiste-5,field_first,25,false,false,kingmaker,66,10.8,,0.979,9.8,4,nouvelle_energie,7,11.92,1,9,1,0,11,0,0,1,7,0,0,2,1,0,6.13,0,0,0.6,1.05,4.98,12.76,true,1,2,false,,,false,false,false,elimination_precoce,4,2,3,65,59,0,3,3,0,0,12313,15,6
souverainiste:cautious:0,custom_party,souverainiste,custom,cautious,prudent,0,fun-audit-custom-souverainiste-0,field_first,25,false,false,kingmaker,66,11.1,,1.011,7,3,renaissance,7,14.09,1,9,9,0.5,15,0,0,3,7,0,0,2,1,0,0.44,1.06,0,0,0,0.84,2.34,true,2,4,false,,,false,false,false,elimination_precoce,3,1,3,67,59,5,2,1,0,0,12794,21,14
souverainiste:cautious:1,custom_party,souverainiste,custom,cautious,prudent,1,fun-audit-custom-souverainiste-1,presidential,25,false,false,kingmaker,66,11.9,,1.095,9.9,3,horizons,7.1,15.4,1,9,3,0.7,14,0,0,3,5,0,0,1,1,0,1.29,0,2.55,1.08,0,0,4.92,false,0,3,false,,,false,false,false,elimination_precoce,3,1,2,70,61,5,3,1,0,0,12643,24,20
souverainiste:cautious:2,custom_party,souverainiste,custom,cautious,prudent,2,fun-audit-custom-souverainiste-2,rupture,31,true,true,president,86,14.6,55.3,1.379,8.6,1,horizons,6.4,13.7,1,9,3,2.8,18,1,0,1,9,1,0,1,1,0,3.13,0,2.87,0.06,1.26,1.9,9.22,true,1,2,true,34,50.9,false,false,false,victoire_serree,3,2,5,77,75,1,1,0,0,0,15743,14,16
souverainiste:cautious:3,custom_party,souverainiste,custom,cautious,prudent,3,fun-audit-custom-souverainiste-3,digital,31,true,true,president,91,16.4,56.4,1.568,12.8,1,rn,8.1,14.78,1,9,4,5.9,18,0,0,0,9,0,0,1,0,0,3.56,0.52,1.05,0,1.26,3.19,9.58,false,0,1,true,23,86.7,false,false,false,victoire_confortable,3,1,0,80,72,5,1,2,0,0,15517,10,6
souverainiste:cautious:4,custom_party,souverainiste,custom,cautious,prudent,4,fun-audit-custom-souverainiste-4,union,31,true,true,president,88,14.9,57.6,1.411,7.4,1,rn,7.4,14.17,1,9,1,3.1,18,0,0,1,7,0,0,1,0,0,4.01,0,2.55,1.61,0,2.42,10.59,true,1,1,true,29,85,false,false,false,victoire_confortable,6,2,3,80,74,1,2,3,0,0,15644,24,21
souverainiste:cautious:5,custom_party,souverainiste,custom,cautious,prudent,5,fun-audit-custom-souverainiste-5,field_first,25,false,false,kingmaker,65,11.5,,1.053,9.8,4,nouvelle_energie,7.3,12.73,1,9,7,0.3,13,0,0,1,6,1,0,1,0,0,2.53,0,0.35,1.12,1.57,1.75,7.32,true,1,1,false,,,false,false,false,elimination_precoce,5,2,3,64,58,0,3,3,0,0,12319,4,9
souverainiste:beginner:0,custom_party,souverainiste,custom,beginner,debutant_heuristic,0,fun-audit-custom-souverainiste-0,field_first,25,false,false,kingmaker,68,11,,1,7,3,renaissance,7,14.14,1,9,9,0,13,1,0,2,10,0,0,4,3,0,3.24,3.68,0,1.31,3.33,1.08,12.64,true,2,8,false,,,false,false,false,elimination_precoce,2,1,4,66,59,5,2,0,0,0,12654,24,14
souverainiste:beginner:1,custom_party,souverainiste,custom,beginner,debutant_heuristic,1,fun-audit-custom-souverainiste-1,presidential,25,false,false,kingmaker,66,11.9,,1.095,9.9,3,horizons,7,15.7,1,9,3,0.7,13,0,0,3,4,0,0,1,1,0,0,0,3.96,0.14,0.35,1.62,6.07,false,0,3,false,,,false,false,false,elimination_precoce,3,1,2,69,60,5,3,1,0,0,12742,10,15
souverainiste:beginner:2,custom_party,souverainiste,custom,beginner,debutant_heuristic,2,fun-audit-custom-souverainiste-2,rupture,31,true,true,president,87,14.6,54.5,1.379,8.6,1,horizons,6.5,14.1,1,9,5,2.8,17,1,0,1,8,1,0,1,1,0,5.49,0,2.55,0.12,2.1,0.04,10.3,true,1,2,true,38,50.9,false,false,false,victoire_serree,2,1,5,78,76,1,1,0,0,0,15670,3,25
souverainiste:beginner:3,custom_party,souverainiste,custom,beginner,debutant_heuristic,3,fun-audit-custom-souverainiste-3,digital,31,true,true,president,91,15.7,56.4,1.495,12.8,1,rn,8,14.4,1,9,4,5.1,17,0,0,2,9,0,0,0,0,0,2.25,0.52,3.5,0.7,3.17,2.59,12.73,false,0,0,true,22,86.7,false,false,false,victoire_confortable,2,1,1,80,72,5,1,2,0,0,15380,23,19
souverainiste:beginner:4,custom_party,souverainiste,custom,beginner,debutant_heuristic,4,fun-audit-custom-souverainiste-4,union,31,true,true,president,90,15.4,58.1,1.463,7.4,1,rn,7.4,14.76,1,9,1,3.7,18,0,0,2,8,0,0,0,0,0,4.33,0.7,2.55,0.7,2.66,0,10.94,false,0,0,true,30,85,false,true,false,remontee_spectaculaire,3,1,3,80,74,1,2,3,0,0,15450,18,9
souverainiste:beginner:5,custom_party,souverainiste,custom,beginner,debutant_heuristic,5,fun-audit-custom-souverainiste-5,field_first,25,false,false,kingmaker,64,10.8,,0.979,9.8,4,nouvelle_energie,7.2,12.07,1,9,5,0,11,0,0,1,7,0,1,2,1,0,6.13,0.7,0,0.6,0.35,1.63,9.41,true,1,2,false,,,false,false,false,elimination_precoce,5,2,4,64,58,0,3,3,0,0,12297,4,24
