variant,partyId,profile,seedIndex,decisions,finalScore,qualified,won,firstRoundScore,eventIdSetSize,eventIdSetHash,rankVolatility,pollStdev,rareOrChainOrConflictMoments,ideologyMoveTotal,actorMemoryEntries
A_baseline,lfi,strategist,0,29,68,true,false,14,29,ea4b95a,0.207,1.38,3,11.14,3
B1_no_opportunistic_randomness,lfi,strategist,0,29,70,true,false,14.8,29,fb664946,0.276,2.25,2,17.08,2
B2_no_rare_events,lfi,strategist,0,29,73,true,false,16.3,29,7afcb285,0.207,1.28,1,16.89,0
C_no_narrative_memory,lfi,strategist,0,29,72,true,false,15.2,29,c7925dc0,0.207,1.98,2,23.41,0
E_no_ideology_effects,lfi,strategist,0,31,78,true,true,18.5,31,adfb83bd,0.161,1.34,0,0,1
F_no_delayed_consequences,lfi,strategist,0,31,79,true,true,16.1,31,89388495,0.065,1.33,1,22.19,2
A_baseline,lfi,strategist,1,31,77,true,true,15.4,31,eece1e80,0.258,0.9,6,13.94,3
B1_no_opportunistic_randomness,lfi,strategist,1,29,73,true,false,17.4,29,1ea03172,0.172,2.12,3,7.63,3
B2_no_rare_events,lfi,strategist,1,29,68,true,false,14.7,29,6fe04be,0.448,1.27,3,10,5
C_no_narrative_memory,lfi,strategist,1,29,69,true,false,14,29,208fb9d8,0.241,1.65,2,15.89,0
E_no_ideology_effects,lfi,strategist,1,29,66,true,false,13.7,29,79a4511b,0.345,1.12,0,0,0
F_no_delayed_consequences,lfi,strategist,1,29,76,true,false,17.3,29,9b725dd2,0.31,2.04,2,12.38,4
A_baseline,lfi,strategist,2,31,85,true,true,19.4,31,94fe0df9,0.29,1.63,0,16.52,1
B1_no_opportunistic_randomness,lfi,strategist,2,29,67,true,false,13.1,29,836b4d97,0.241,1.54,2,14.87,3
B2_no_rare_events,lfi,strategist,2,29,68,true,false,14,29,e097ee0c,0.172,1.54,1,12.2,2
C_no_narrative_memory,lfi,strategist,2,31,74,true,true,13.8,31,82e19caa,0.161,1.28,2,11.69,0
E_no_ideology_effects,lfi,strategist,2,31,71,true,true,13.7,31,9dc629e8,0.323,1.35,0,0,2
F_no_delayed_consequences,lfi,strategist,2,25,49,false,false,12.9,25,60439283,0.44,1.28,0,12.2,1
A_baseline,lfi,strategist,3,31,77,true,true,14.5,31,d874317f,0.29,1.77,2,19.39,3
B1_no_opportunistic_randomness,lfi,strategist,3,31,74,true,true,13.3,31,ac4ed1b4,0.29,1.15,2,19.87,1
B2_no_rare_events,lfi,strategist,3,25,53,false,false,12.5,25,9ccbdecd,0.48,0.92,3,13.28,4
C_no_narrative_memory,lfi,strategist,3,25,56,false,false,13.6,25,d8480772,0.24,1.53,1,13.23,0
E_no_ideology_effects,lfi,strategist,3,29,66,true,false,14.7,29,9ad89b25,0.31,1.45,1,0,2
F_no_delayed_consequences,lfi,strategist,3,31,80,true,true,17.1,31,b9017cde,0.194,1.48,3,7.41,4
A_baseline,lfi,strategist,4,31,81,true,true,18.1,31,f723649e,0.194,1.92,3,14.08,2
B1_no_opportunistic_randomness,lfi,strategist,4,25,57,false,false,13.6,25,73601515,0.52,1.17,0,15.9,0
B2_no_rare_events,lfi,strategist,4,31,80,true,true,17.1,31,f48f39f0,0.387,1.35,2,14.74,1
C_no_narrative_memory,lfi,strategist,4,31,73,true,true,14.3,31,c9106e3f,0.516,1.7,1,24.82,0
E_no_ideology_effects,lfi,strategist,4,25,51,false,false,13.1,25,cc595c04,0.2,0.74,2,0,1
F_no_delayed_consequences,lfi,strategist,4,31,72,true,true,15,31,53f07ba0,0.355,0.97,1,9.93,2
A_baseline,lfi,strategist,5,31,81,true,true,17.4,31,9e4ff186,0.419,1.04,1,13.58,1
B1_no_opportunistic_randomness,lfi,strategist,5,29,69,true,false,14.2,29,f0ead0e0,0.207,1.36,3,15.46,2
B2_no_rare_events,lfi,strategist,5,31,73,true,true,13.4,31,84e42b68,0.452,1.03,1,10.58,2
C_no_narrative_memory,lfi,strategist,5,25,56,false,false,14.4,25,7a9c971b,0.4,1.14,2,11.45,0
E_no_ideology_effects,lfi,strategist,5,29,70,true,false,17.7,29,635b551b,0.379,1.46,1,0,0
F_no_delayed_consequences,lfi,strategist,5,31,80,true,true,17.4,31,a79aa95d,0.419,1.23,1,19.48,1
A_baseline,lfi,strategist,6,25,53,false,false,12.9,25,b1f5a4c1,0.4,1.6,7,14.58,6
B1_no_opportunistic_randomness,lfi,strategist,6,31,80,true,true,16.4,31,915b0795,0.226,1.96,3,20.48,2
B2_no_rare_events,lfi,strategist,6,29,74,true,false,18.3,29,e705eeaa,0.31,1.31,3,13.95,3
C_no_narrative_memory,lfi,strategist,6,31,75,true,true,15.1,31,2a4111ee,0.161,0.89,2,7.14,0
E_no_ideology_effects,lfi,strategist,6,31,76,true,true,16.7,31,57a3ff6a,0.323,1.07,3,0,1
F_no_delayed_consequences,lfi,strategist,6,29,70,true,false,15.6,29,390f46ed,0.172,1.21,2,14.64,0
A_baseline,lfi,strategist,7,31,83,true,true,18.4,31,52b3cbf0,0.258,1.58,1,17.27,3
B1_no_opportunistic_randomness,lfi,strategist,7,29,69,true,false,15,29,8f20c6ae,0.138,1.63,2,16.21,1
B2_no_rare_events,lfi,strategist,7,29,69,true,false,15.8,29,c9dfe27f,0.31,1.38,1,9.53,2
C_no_narrative_memory,lfi,strategist,7,31,81,true,true,19.2,31,e6c6653e,0.226,1.03,2,11.58,0
E_no_ideology_effects,lfi,strategist,7,25,50,false,false,12.8,25,4a9aa32a,0.4,1.07,1,0,2
F_no_delayed_consequences,lfi,strategist,7,31,80,true,true,15.5,31,7a21cc69,0.29,1.86,0,25.4,0
A_baseline,lfi,cautious,0,31,76,true,true,15.3,31,a9751dc7,0.097,1.35,2,18.3,4
B1_no_opportunistic_randomness,lfi,cautious,0,29,69,true,false,14,29,481d9a15,0.276,2.07,3,15.21,2
B2_no_rare_events,lfi,cautious,0,29,72,true,false,16.3,29,68c66e8a,0.138,1.34,0,14.46,0
C_no_narrative_memory,lfi,cautious,0,31,79,true,true,14.7,31,d3717114,0.258,1.92,3,17.26,0
E_no_ideology_effects,lfi,cautious,0,31,83,true,true,19.6,31,b73f5634,0.161,1.74,0,0,0
F_no_delayed_consequences,lfi,cautious,0,31,80,true,true,15.8,31,5482648b,0.161,1.42,2,9.64,3
A_baseline,lfi,cautious,1,31,84,true,true,18.3,31,6a4a6a02,0.032,1.37,2,18.42,1
B1_no_opportunistic_randomness,lfi,cautious,1,29,77,true,false,17.6,29,ec2f2d0b,0.172,2.23,3,20.3,1
B2_no_rare_events,lfi,cautious,1,31,85,true,true,19.2,31,a66ee50c,0.226,1.65,2,16.66,3
C_no_narrative_memory,lfi,cautious,1,31,76,true,true,14.2,31,e44511bf,0.194,1.77,1,19.35,0
E_no_ideology_effects,lfi,cautious,1,29,66,true,false,13.9,29,71641127,0.172,1.22,1,0,0
F_no_delayed_consequences,lfi,cautious,1,29,78,true,false,17.7,29,c70ed3ec,0.31,2.19,2,13.3,3
A_baseline,lfi,cautious,2,31,89,true,true,20.5,31,7c24d0a,0.226,1.98,1,11.79,1
B1_no_opportunistic_randomness,lfi,cautious,2,29,66,true,false,13.1,29,bbf7305d,0.241,1.56,3,14.82,3
B2_no_rare_events,lfi,cautious,2,29,71,true,false,15.2,29,edbf3588,0.103,1.81,3,23.99,2
C_no_narrative_memory,lfi,cautious,2,29,74,true,false,15.1,29,7e359daf,0.103,1.58,2,18.17,0
E_no_ideology_effects,lfi,cautious,2,31,74,true,true,14.6,31,9dc629e8,0.226,1.59,0,0,2
F_no_delayed_consequences,lfi,cautious,2,29,72,true,false,15.4,29,c50a3a8f,0.276,1.89,1,15.07,1
A_baseline,lfi,cautious,3,31,75,true,true,14.3,31,a506968f,0.226,1.69,2,13.86,2
B1_no_opportunistic_randomness,lfi,cautious,3,31,84,true,true,18.3,31,dad8a2b0,0.129,1.78,4,15.54,2
B2_no_rare_events,lfi,cautious,3,31,72,true,true,13.9,31,9765a4af,0.161,1.17,6,18.82,4
C_no_narrative_memory,lfi,cautious,3,31,78,true,true,15.5,31,d1b9844f,0.194,1.46,2,14.59,0
E_no_ideology_effects,lfi,cautious,3,31,73,true,true,13.7,31,c83261e7,0.194,1.29,1,0,2
F_no_delayed_consequences,lfi,cautious,3,31,86,true,true,18.7,31,c073e2ca,0.226,1.94,2,17.9,3
A_baseline,lfi,cautious,4,31,84,true,true,18.1,31,e99bcdca,0.194,2.1,2,9.18,1
B1_no_opportunistic_randomness,lfi,cautious,4,31,78,true,true,14.4,31,28c49283,0.194,1.53,1,16.65,1
B2_no_rare_events,lfi,cautious,4,31,83,true,true,18.1,31,ed8c0de9,0.194,1.53,2,16.89,1
C_no_narrative_memory,lfi,cautious,4,31,77,true,true,15.6,31,844f734a,0.258,1.89,1,18.45,0
E_no_ideology_effects,lfi,cautious,4,31,73,true,true,14.4,31,dceb0887,0.161,0.92,1,0,2
F_no_delayed_consequences,lfi,cautious,4,31,77,true,true,16.3,31,98f002ec,0.226,1.22,1,4.49,2
A_baseline,lfi,cautious,5,31,84,true,true,18.7,31,d32a66d8,0.065,1.19,3,14.47,3
B1_no_opportunistic_randomness,lfi,cautious,5,29,71,true,false,14.7,29,56332858,0.138,1.43,3,17.39,3
B2_no_rare_events,lfi,cautious,5,29,72,true,false,15.2,29,b7b23213,0.172,1.47,1,18.05,1
C_no_narrative_memory,lfi,cautious,5,29,73,true,false,16.6,29,698ddc74,0.207,1.87,0,18.05,0
E_no_ideology_effects,lfi,cautious,5,31,80,true,true,17.8,31,9a2355ef,0.355,1.56,1,0,0
F_no_delayed_consequences,lfi,cautious,5,31,84,true,true,18.6,31,5ad511bc,0.29,1.55,1,13.22,1
A_baseline,lfi,cautious,6,29,70,true,false,16.8,29,45699c20,0.31,1.36,8,9.66,3
B1_no_opportunistic_randomness,lfi,cautious,6,31,76,true,true,15.3,31,4811b412,0.161,1.54,3,20.46,0
B2_no_rare_events,lfi,cautious,6,31,86,true,true,19.9,31,97516647,0.194,1.67,4,12.18,3
C_no_narrative_memory,lfi,cautious,6,31,78,true,true,15.7,31,c62011b3,0.161,1.26,0,12.36,0
E_no_ideology_effects,lfi,cautious,6,29,71,true,false,16.9,29,b1320adf,0.241,1.19,3,0,1
F_no_delayed_consequences,lfi,cautious,6,31,83,true,true,17.1,31,da5a76e8,0.097,1.64,2,15.9,0
A_baseline,lfi,cautious,7,31,85,true,true,18.5,31,d0b7e4bf,0.226,1.7,1,15.03,3
B1_no_opportunistic_randomness,lfi,cautious,7,31,78,true,true,15.8,31,7169e646,0.097,1.96,1,11.9,2
B2_no_rare_events,lfi,cautious,7,31,80,true,true,16.9,31,509ae51f,0.226,1.77,3,10.16,4
C_no_narrative_memory,lfi,cautious,7,31,82,true,true,19.4,31,16824ba,0.452,1.35,0,7.21,0
E_no_ideology_effects,lfi,cautious,7,25,52,false,false,14.3,25,a0c10cc8,0.28,1.3,0,0,1
F_no_delayed_consequences,lfi,cautious,7,29,64,true,false,13.5,29,2263fe2c,0.414,1.26,1,16.76,0
A_baseline,lfi,beginner,0,31,79,true,true,15.8,31,b3516c20,0.129,1.64,2,11.31,4
B1_no_opportunistic_randomness,lfi,beginner,0,29,73,true,false,15.1,29,fb664946,0.241,2.4,2,10.2,2
B2_no_rare_events,lfi,beginner,0,31,82,true,true,16.6,31,23e7cace,0.161,1.53,0,15.83,0
C_no_narrative_memory,lfi,beginner,0,31,79,true,true,14.7,31,b63faf48,0.323,2.02,4,13.25,0
E_no_ideology_effects,lfi,beginner,0,31,81,true,true,19,31,adfb83bd,0.161,1.52,0,0,1
F_no_delayed_consequences,lfi,beginner,0,31,84,true,true,17,31,6b67fc16,0.065,1.62,1,15.85,1
A_baseline,lfi,beginner,1,31,83,true,true,17.7,31,6a4a6a02,0.032,1.2,2,18.25,1
B1_no_opportunistic_randomness,lfi,beginner,1,29,74,true,false,17.3,29,10c767e7,0.207,2.05,3,15.43,1
B2_no_rare_events,lfi,beginner,1,29,73,true,false,16.1,29,1d6b63c7,0.241,1.58,3,14.36,4
C_no_narrative_memory,lfi,beginner,1,31,78,true,true,14.8,31,9ae3158,0.226,2.03,2,7.38,0
E_no_ideology_effects,lfi,beginner,1,29,69,true,false,14.6,29,71641127,0.172,1.28,1,0,0
F_no_delayed_consequences,lfi,beginner,1,29,75,true,false,17,29,977d5dc9,0.31,1.99,2,21.39,3
A_baseline,lfi,beginner,2,31,90,true,true,21.1,31,2930c064,0.161,2.13,2,22.18,1
B1_no_opportunistic_randomness,lfi,beginner,2,31,75,true,true,13.7,31,4330b453,0.161,1.8,3,19.58,4
B2_no_rare_events,lfi,beginner,2,29,72,true,false,15.5,29,2a88e9c8,0.103,1.96,4,17.94,3
C_no_narrative_memory,lfi,beginner,2,29,74,true,false,15.3,29,d16a786f,0.103,1.63,2,17.07,0
E_no_ideology_effects,lfi,beginner,2,31,76,true,true,14.8,31,9dc629e8,0.258,1.82,0,0,2
F_no_delayed_consequences,lfi,beginner,2,29,69,true,false,14.6,29,c96fe72e,0.207,1.9,1,21.84,0
A_baseline,lfi,beginner,3,31,80,true,true,15.2,31,c008f3ae,0.161,1.88,2,12.16,3
B1_no_opportunistic_randomness,lfi,beginner,3,31,84,true,true,17.4,31,3d3f2438,0.29,1.61,2,16.39,2
B2_no_rare_events,lfi,beginner,3,31,74,true,true,14,31,1dbfa5d4,0.161,1.18,3,12.79,3
C_no_narrative_memory,lfi,beginner,3,31,82,true,true,16.6,31,acd1edad,0.226,1.78,1,14.73,0
E_no_ideology_effects,lfi,beginner,3,29,67,true,false,14.7,29,9ad89b25,0.241,1.39,1,0,2
F_no_delayed_consequences,lfi,beginner,3,31,83,true,true,18.5,31,1f209bd9,0.194,2.01,4,9.24,5
A_baseline,lfi,beginner,4,31,84,true,true,18,31,692726bc,0.226,2.08,3,9.26,1
B1_no_opportunistic_randomness,lfi,beginner,4,29,71,true,false,14.4,29,e5e22aa9,0.241,1.47,0,18.42,0
B2_no_rare_events,lfi,beginner,4,31,78,true,true,16.8,31,3901693d,0.323,1.28,2,15.76,3
C_no_narrative_memory,lfi,beginner,4,31,76,true,true,15.1,31,2fabfb96,0.258,1.75,1,14.49,0
E_no_ideology_effects,lfi,beginner,4,31,74,true,true,15.6,31,54847e37,0.194,1.41,1,0,2
F_no_delayed_consequences,lfi,beginner,4,31,83,true,true,17.4,31,3f58eb98,0.097,1.46,1,11.62,3
A_baseline,lfi,beginner,5,31,87,true,true,18.9,31,38b27925,0.194,1.55,3,11.42,3
B1_no_opportunistic_randomness,lfi,beginner,5,29,75,true,false,15.4,29,ca83eadd,0.172,1.72,1,14.16,1
B2_no_rare_events,lfi,beginner,5,31,81,true,true,15.9,31,91abc2d6,0.129,1.84,1,11.99,1
C_no_narrative_memory,lfi,beginner,5,29,76,true,false,17.1,29,ed6a19ab,0.241,2.01,0,22.67,0
E_no_ideology_effects,lfi,beginner,5,31,80,true,true,18.3,31,8ca982ee,0.323,1.7,1,0,0
F_no_delayed_consequences,lfi,beginner,5,31,85,true,true,19.1,31,9b6ceff9,0.226,1.73,0,17.43,1
A_baseline,lfi,beginner,6,25,47,false,false,12.4,25,b1f5a4c1,0.4,1.63,7,11.57,5
B1_no_opportunistic_randomness,lfi,beginner,6,31,78,true,true,16.1,31,f4d3fac2,0.194,1.82,3,20.49,0
B2_no_rare_events,lfi,beginner,6,31,88,true,true,20.3,31,5647e464,0.129,1.86,3,18.89,3
C_no_narrative_memory,lfi,beginner,6,31,79,true,true,16.6,31,67548d84,0.097,1.45,2,15.47,0
E_no_ideology_effects,lfi,beginner,6,31,78,true,true,17.4,31,42da5c52,0.194,1.27,3,0,1
F_no_delayed_consequences,lfi,beginner,6,29,79,true,false,17.7,29,f4fe6c0f,0.103,1.84,4,18.49,0
A_baseline,lfi,beginner,7,31,88,true,true,19.1,31,a78e174,0.258,1.92,1,18.54,3
B1_no_opportunistic_randomness,lfi,beginner,7,31,84,true,true,17.4,31,19d0c799,0.097,2.39,2,24.46,1
B2_no_rare_events,lfi,beginner,7,31,77,true,true,15.8,31,79cae508,0.258,1.48,4,14.09,2
C_no_narrative_memory,lfi,beginner,7,31,88,true,true,20.7,31,269d78fb,0.194,1.64,0,10.97,0
E_no_ideology_effects,lfi,beginner,7,25,55,false,false,14.1,25,a0c10cc8,0.28,1.3,0,0,1
F_no_delayed_consequences,lfi,beginner,7,31,81,true,true,15.6,31,7a21cc69,0.226,1.97,0,16.05,0
A_baseline,ps,strategist,0,31,91,true,true,16.7,31,f9bbc051,0.29,1.93,2,13.15,3
B1_no_opportunistic_randomness,ps,strategist,0,31,89,true,true,16.6,31,c3a3343c,0.161,1.48,0,14.81,0
B2_no_rare_events,ps,strategist,0,31,88,true,true,15.4,31,568a0169,0.065,1.62,0,2.31,0
C_no_narrative_memory,ps,strategist,0,31,87,true,true,16.4,31,2c6149d0,0.194,1.27,5,20.81,0
E_no_ideology_effects,ps,strategist,0,31,86,true,true,16.4,31,a3471712,0.452,1.52,0,0,0
F_no_delayed_consequences,ps,strategist,0,31,91,true,true,16.3,31,bab4e5e6,0.129,1.75,3,27.34,3
A_baseline,ps,strategist,1,31,87,true,true,15.1,31,82abfd38,0.161,1.9,4,13.19,3
B1_no_opportunistic_randomness,ps,strategist,1,31,85,true,true,13.6,31,953643de,0.29,1.94,3,4.89,3
B2_no_rare_events,ps,strategist,1,25,64,false,false,12.4,25,5b15c03c,0.36,1.32,0,9.82,1
C_no_narrative_memory,ps,strategist,1,31,87,true,true,15.8,31,dd2dfd2b,0.161,1.88,1,9.18,0
E_no_ideology_effects,ps,strategist,1,29,78,true,false,15.1,29,a9973f36,0.207,1.2,5,0,2
F_no_delayed_consequences,ps,strategist,1,29,85,true,false,17.2,29,79cfb9f1,0.207,2.1,2,7.93,4
A_baseline,ps,strategist,2,31,91,true,true,18.1,31,23ded846,0.129,1.87,1,22.85,1
B1_no_opportunistic_randomness,ps,strategist,2,31,93,true,true,18,31,b683b3,0.097,1.64,2,13.33,1
B2_no_rare_events,ps,strategist,2,31,92,true,true,18.7,31,f745f94f,0.129,1.52,1,5.43,3
C_no_narrative_memory,ps,strategist,2,31,93,true,true,19.4,31,b4f0619d,0.129,2.13,3,12.65,0
E_no_ideology_effects,ps,strategist,2,29,81,true,false,18.2,29,a2b3b364,0.069,2.04,2,0,2
F_no_delayed_consequences,ps,strategist,2,31,92,true,true,17.8,31,206bf692,0.097,2.13,0,12.18,0
A_baseline,ps,strategist,3,31,90,true,true,15.8,31,e20f8072,0.161,1.71,3,13.07,3
B1_no_opportunistic_randomness,ps,strategist,3,31,88,true,true,14.5,31,ec18ff3f,0.194,2.12,3,16.47,2
B2_no_rare_events,ps,strategist,3,31,85,true,true,14.1,31,d12296ab,0.129,1.38,3,13.72,2
C_no_narrative_memory,ps,strategist,3,31,87,true,true,14.7,31,28174c5a,0.355,1.71,5,6.05,0
E_no_ideology_effects,ps,strategist,3,25,62,false,false,13.6,25,88a797bb,0.24,1.19,1,0,3
F_no_delayed_consequences,ps,strategist,3,31,90,true,true,16,31,1fd04c0d,0.194,1.75,4,2.97,3
A_baseline,ps,strategist,4,31,91,true,true,16.8,31,9e0ff028,0.29,2.16,3,16.56,3
B1_no_opportunistic_randomness,ps,strategist,4,29,86,true,false,18.4,29,68dae67e,0.276,2.28,1,11.37,0
B2_no_rare_events,ps,strategist,4,29,83,true,false,16,29,69121a71,0.172,1.96,0,15.16,0
C_no_narrative_memory,ps,strategist,4,31,84,true,true,14.3,31,e2b99eaf,0.355,1.47,1,19.1,0
E_no_ideology_effects,ps,strategist,4,31,83,true,true,14.7,31,f829291d,0.387,1.04,3,0,3
F_no_delayed_consequences,ps,strategist,4,29,80,true,false,15.5,29,e27f7fe4,0.276,1.43,4,9.48,3
A_baseline,ps,strategist,5,31,88,true,true,16.5,31,f15c3381,0.161,1.19,1,15.69,1
B1_no_opportunistic_randomness,ps,strategist,5,31,90,true,true,16.2,31,b58c9ece,0.29,1.29,2,15.63,4
B2_no_rare_events,ps,strategist,5,31,86,true,true,15.2,31,4f29d9e3,0.29,1.2,1,16.49,1
C_no_narrative_memory,ps,strategist,5,31,91,true,true,17.3,31,b1b7daaa,0.129,2.28,3,15.13,0
E_no_ideology_effects,ps,strategist,5,31,87,true,true,17.6,31,1a76a4ac,0.161,1.28,0,0,0
F_no_delayed_consequences,ps,strategist,5,31,95,true,true,21.3,31,6bb4997f,0.194,2.01,6,5.36,6
A_baseline,ps,strategist,6,31,91,true,true,17.7,31,2283c30b,0.258,1.24,3,3.52,4
B1_no_opportunistic_randomness,ps,strategist,6,31,93,true,true,18,31,6aafca54,0.258,2.12,4,6.74,2
B2_no_rare_events,ps,strategist,6,31,86,true,true,13.6,31,6d8ac531,0.129,0.99,3,20.04,3
C_no_narrative_memory,ps,strategist,6,31,87,true,true,15.1,31,5478fb00,0.29,1.47,2,4.33,0
E_no_ideology_effects,ps,strategist,6,31,86,true,true,17.3,31,9e11d15d,0.226,1.55,1,0,2
F_no_delayed_consequences,ps,strategist,6,31,87,true,true,14.6,31,ff3cfe5d,0.29,1.86,2,9.12,0
A_baseline,ps,strategist,7,31,92,true,true,18.3,31,ca39a3c2,0.129,2.41,5,13.87,3
B1_no_opportunistic_randomness,ps,strategist,7,31,94,true,true,18,31,4539610b,0.194,1.79,2,6.81,1
B2_no_rare_events,ps,strategist,7,29,78,true,false,13.6,29,5b75127f,0.069,1.39,2,8.19,3
C_no_narrative_memory,ps,strategist,7,31,84,true,true,14.3,31,245fc10b,0.194,0.95,0,10.15,0
E_no_ideology_effects,ps,strategist,7,31,88,true,true,20.4,31,be313df8,0.194,1.77,0,0,4
F_no_delayed_consequences,ps,strategist,7,31,90,true,true,17,31,34bb6d30,0.226,2.2,4,9.12,3
A_baseline,ps,cautious,0,31,92,true,true,17.1,31,37aa6013,0.194,2.07,4,7.24,3
B1_no_opportunistic_randomness,ps,cautious,0,31,88,true,true,15.9,31,6773eefc,0.161,1.43,0,13.55,0
B2_no_rare_events,ps,cautious,0,31,91,true,true,16.2,31,568a0169,0.065,2.08,0,7.36,0
C_no_narrative_memory,ps,cautious,0,31,93,true,true,18.1,31,179696a4,0.129,1.99,5,14.05,0
E_no_ideology_effects,ps,cautious,0,31,86,true,true,16.2,31,25238897,0.355,1.55,3,0,2
F_no_delayed_consequences,ps,cautious,0,31,88,true,true,15.5,31,223652e6,0.129,1.62,3,6.57,3
A_baseline,ps,cautious,1,29,76,true,false,13.6,29,c3a40e69,0.138,1.33,4,11.14,3
B1_no_opportunistic_randomness,ps,cautious,1,25,56,false,false,11.5,25,df9b9413,0.4,1.7,2,7.91,3
B2_no_rare_events,ps,cautious,1,25,52,false,false,10.1,25,ba4428d8,0.28,0.98,4,9.73,2
C_no_narrative_memory,ps,cautious,1,31,86,true,true,15.3,31,dd2dfd2b,0.161,1.81,1,6.21,0
E_no_ideology_effects,ps,cautious,1,29,78,true,false,14.6,29,46ef4e7d,0.241,1.38,5,0,1
F_no_delayed_consequences,ps,cautious,1,29,82,true,false,16.1,29,782f8958,0.241,1.78,2,8.06,4
A_baseline,ps,cautious,2,31,91,true,true,17,31,445af6a0,0.097,1.8,2,7.23,1
B1_no_opportunistic_randomness,ps,cautious,2,31,87,true,true,16.5,31,5b221fcc,0.097,1.47,2,7.11,2
B2_no_rare_events,ps,cautious,2,29,80,true,false,15.7,29,9c8c69d,0.069,1.01,1,15.21,3
C_no_narrative_memory,ps,cautious,2,31,94,true,true,19.1,31,b4f0619d,0.129,2.17,3,5.68,0
E_no_ideology_effects,ps,cautious,2,29,81,true,false,17.2,29,a2b3b364,0.069,1.91,2,0,2
F_no_delayed_consequences,ps,cautious,2,31,93,true,true,18.6,31,3540ce6e,0.097,2.39,1,9.68,1
A_baseline,ps,cautious,3,31,90,true,true,16.7,31,db57c134,0.129,2.06,3,12.5,3
B1_no_opportunistic_randomness,ps,cautious,3,31,87,true,true,14.3,31,77ba5326,0.258,2.34,3,12.28,2
B2_no_rare_events,ps,cautious,3,29,83,true,false,15.4,29,84718af2,0.172,1.64,3,10.54,2
C_no_narrative_memory,ps,cautious,3,31,85,true,true,14.5,31,12a3e36d,0.355,1.81,5,2.09,0
E_no_ideology_effects,ps,cautious,3,31,83,true,true,13.7,31,c436e8ff,0.065,1.58,1,0,3
F_no_delayed_consequences,ps,cautious,3,31,87,true,true,15.5,31,3c1ef70c,0.194,1.59,5,5.62,4
A_baseline,ps,cautious,4,31,89,true,true,17,31,4231d28e,0.097,1.95,3,5.67,3
B1_no_opportunistic_randomness,ps,cautious,4,29,84,true,false,17.7,29,d68b708e,0.345,2.27,1,12.77,0
B2_no_rare_events,ps,cautious,4,29,79,true,false,14.6,29,69121a71,0.103,1.51,0,9.1,0
C_no_narrative_memory,ps,cautious,4,31,90,true,true,16.2,31,50b287f5,0.226,2.04,1,12.46,0
E_no_ideology_effects,ps,cautious,4,25,60,false,false,13.2,25,3ed75d91,0.36,1.01,3,0,2
F_no_delayed_consequences,ps,cautious,4,29,81,true,false,16.2,29,acc63420,0.31,1.77,2,8.01,1
A_baseline,ps,cautious,5,31,91,true,true,17.5,31,d292b92,0.097,1.55,0,8.98,1
B1_no_opportunistic_randomness,ps,cautious,5,29,82,true,false,14.9,29,8cc82c95,0.069,1.59,3,6.41,3
B2_no_rare_events,ps,cautious,5,25,59,false,false,11.5,25,145da063,0.28,1.33,1,9.27,1
C_no_narrative_memory,ps,cautious,5,31,86,true,true,14.4,31,b1b7daaa,0.194,1.69,3,6.58,0
E_no_ideology_effects,ps,cautious,5,31,89,true,true,17.9,31,25f5c912,0.161,1.57,2,0,1
F_no_delayed_consequences,ps,cautious,5,31,93,true,true,19.2,31,3e9f878d,0.129,1.4,5,5.27,3
A_baseline,ps,cautious,6,31,87,true,true,16.8,31,60f1f4c,0.161,1.08,1,5.51,2
B1_no_opportunistic_randomness,ps,cautious,6,31,90,true,true,16.7,31,8c52d229,0.161,1.44,1,6.65,1
B2_no_rare_events,ps,cautious,6,31,82,true,true,14.2,31,9a609ffd,0.065,1.37,3,3.41,3
C_no_narrative_memory,ps,cautious,6,29,82,true,false,16.1,29,35056924,0.138,1.36,4,3.04,0
E_no_ideology_effects,ps,cautious,6,31,86,true,true,16.2,31,9e11d15d,0.226,1.41,1,0,2
F_no_delayed_consequences,ps,cautious,6,31,84,true,true,13.3,31,ff3cfe5d,0.29,1.58,2,1.96,0
A_baseline,ps,cautious,7,31,92,true,true,18.1,31,c8174385,0.129,2.32,5,5.24,3
B1_no_opportunistic_randomness,ps,cautious,7,31,88,true,true,15.9,31,dc30246a,0.194,1.28,0,14.43,1
B2_no_rare_events,ps,cautious,7,29,80,true,false,14.3,29,258553ad,0.069,1.63,2,7.97,3
C_no_narrative_memory,ps,cautious,7,29,77,true,false,14.1,29,eacf913d,0.345,0.99,0,8.71,0
E_no_ideology_effects,ps,cautious,7,31,91,true,true,20,31,f29efc5d,0.194,1.84,0,0,4
F_no_delayed_consequences,ps,cautious,7,31,83,true,true,13.4,31,89f7785b,0.323,1.9,4,3.76,1
A_baseline,ps,beginner,0,31,86,true,true,14.6,31,7b0dfa86,0.419,1.24,2,6.06,3
B1_no_opportunistic_randomness,ps,beginner,0,31,91,true,true,16.6,31,6773eefc,0.161,1.52,0,6.36,0
B2_no_rare_events,ps,beginner,0,31,92,true,true,15.7,31,bcb18292,0.097,2.07,0,9.27,0
C_no_narrative_memory,ps,beginner,0,31,94,true,true,18.1,31,5e1d79d4,0.129,2.04,4,9.75,0
E_no_ideology_effects,ps,beginner,0,31,89,true,true,17.7,31,200ea93d,0.419,1.83,0,0,1
F_no_delayed_consequences,ps,beginner,0,31,91,true,true,15.4,31,a835a2f5,0.129,1.54,5,6.67,0
A_baseline,ps,beginner,1,31,88,true,true,14.5,31,bcbccc4b,0.129,1.72,5,8.83,4
B1_no_opportunistic_randomness,ps,beginner,1,25,60,false,false,12.1,25,df9b9413,0.36,1.73,2,13.87,3
B2_no_rare_events,ps,beginner,1,31,85,true,true,12.9,31,59a1bda5,0.226,1.82,0,11.52,1
C_no_narrative_memory,ps,beginner,1,31,89,true,true,16.6,31,dd2dfd2b,0.161,2.12,1,3.7,0
E_no_ideology_effects,ps,beginner,1,29,80,true,false,15,29,1351c806,0.241,1.25,1,0,2
F_no_delayed_consequences,ps,beginner,1,29,86,true,false,16.6,29,62d102fe,0.172,1.96,2,11.77,3
A_baseline,ps,beginner,2,31,94,true,true,18.5,31,64c8cd8b,0.129,2.18,2,11.07,1
B1_no_opportunistic_randomness,ps,beginner,2,31,95,true,true,18.9,31,570cf56e,0.097,2.17,2,13.41,2
B2_no_rare_events,ps,beginner,2,29,80,true,false,14.9,29,5df7f3b3,0.207,0.9,1,13.1,3
C_no_narrative_memory,ps,beginner,2,31,93,true,true,17.5,31,9070bf77,0.129,1.82,1,5.6,0
E_no_ideology_effects,ps,beginner,2,29,84,true,false,17.3,29,a2b3b364,0.069,1.83,2,0,3
F_no_delayed_consequences,ps,beginner,2,31,94,true,true,18.9,31,b3420235,0.097,2.42,0,11.29,1
A_baseline,ps,beginner,3,31,95,true,true,19.1,31,fcc1f0ec,0.161,1.86,3,10.9,3
B1_no_opportunistic_randomness,ps,beginner,3,29,79,true,false,13.4,29,3f82836,0.276,1.88,2,5.51,3
B2_no_rare_events,ps,beginner,3,31,90,true,true,15.1,31,e95b3d4,0.161,1.65,2,6.95,1
C_no_narrative_memory,ps,beginner,3,31,85,true,true,13.2,31,4864ad43,0.258,1.66,5,5.54,0
E_no_ideology_effects,ps,beginner,3,25,62,false,false,13.2,25,88a797bb,0.32,1.22,1,0,3
F_no_delayed_consequences,ps,beginner,3,31,85,true,true,13.8,31,2b2158d6,0.226,1.42,6,3.33,3
A_baseline,ps,beginner,4,31,94,true,true,18.5,31,521531fb,0.097,2.61,3,5.55,3
B1_no_opportunistic_randomness,ps,beginner,4,29,88,true,false,18.4,29,a4da792a,0.276,2.45,0,14.34,0
B2_no_rare_events,ps,beginner,4,29,83,true,false,15.7,29,81066d5e,0.103,1.95,2,6.87,3
C_no_narrative_memory,ps,beginner,4,31,89,true,true,15.5,31,50b287f5,0.258,1.93,1,15.95,0
E_no_ideology_effects,ps,beginner,4,31,86,true,true,15,31,36ebf0a0,0.258,1.28,3,0,2
F_no_delayed_consequences,ps,beginner,4,31,91,true,true,17.3,31,274d721d,0.258,2.05,2,12.49,1
A_baseline,ps,beginner,5,31,92,true,true,17.3,31,b551920c,0.097,1.62,1,5.94,1
B1_no_opportunistic_randomness,ps,beginner,5,31,93,true,true,17.1,31,919f9d3,0.161,1.54,2,7.96,3
B2_no_rare_events,ps,beginner,5,25,65,false,false,12.3,25,145da063,0.28,1.42,1,8.26,2
C_no_narrative_memory,ps,beginner,5,31,90,true,true,15.9,31,c92f8cca,0.129,1.97,2,11.83,0
E_no_ideology_effects,ps,beginner,5,31,88,true,true,17.5,31,1a76a4ac,0.161,1.36,0,0,0
F_no_delayed_consequences,ps,beginner,5,31,94,true,true,19.2,31,2f76487d,0.194,1.64,4,4.36,3
A_baseline,ps,beginner,6,31,92,true,true,17.5,31,a0bf0474,0.194,1.19,1,8.14,4
B1_no_opportunistic_randomness,ps,beginner,6,31,95,true,true,18.6,31,14a5ae2e,0.226,2.37,4,9.21,2
B2_no_rare_events,ps,beginner,6,31,89,true,true,14.2,31,4f156b50,0.129,1.33,3,6.66,3
C_no_narrative_memory,ps,beginner,6,31,90,true,true,16.5,31,fc610b81,0.129,1.45,4,7.05,0
E_no_ideology_effects,ps,beginner,6,31,87,true,true,16,31,f39257e9,0.226,1.36,3,0,2
F_no_delayed_consequences,ps,beginner,6,31,86,true,true,13.6,31,e6fdbd85,0.29,1.61,1,5.5,0
A_baseline,ps,beginner,7,31,95,true,true,18.7,31,9e29f7b,0.129,2.68,5,12.75,3
B1_no_opportunistic_randomness,ps,beginner,7,31,92,true,true,17.7,31,d240c345,0.194,1.81,1,15.41,1
B2_no_rare_events,ps,beginner,7,29,81,true,false,13.9,29,a511324f,0.069,1.49,3,11.76,3
C_no_narrative_memory,ps,beginner,7,31,91,true,true,16,31,42a8f3a7,0.129,1.42,2,10.56,0
E_no_ideology_effects,ps,beginner,7,31,91,true,true,19.8,31,f29efc5d,0.194,1.81,0,0,4
F_no_delayed_consequences,ps,beginner,7,31,92,true,true,16.8,31,a893044c,0.226,2.12,3,7.45,2
A_baseline,ecologistes,strategist,0,31,88,true,true,16.4,31,4b640f44,0.194,1.99,2,28.26,2
B1_no_opportunistic_randomness,ecologistes,strategist,0,25,49,false,false,10.4,25,ebdb55f5,0.64,1.64,2,20.51,0
B2_no_rare_events,ecologistes,strategist,0,31,84,true,true,14.6,31,2882c076,0.323,1.7,0,12.97,0
C_no_narrative_memory,ecologistes,strategist,0,31,82,true,true,13.6,31,1cea6f0b,0.29,2.12,4,34.57,0
E_no_ideology_effects,ecologistes,strategist,0,29,74,true,false,15.7,29,3dffd45f,0.276,1.89,1,0,1
F_no_delayed_consequences,ecologistes,strategist,0,31,81,true,true,14.1,31,dbd45e58,0.387,1.61,4,18.29,0
A_baseline,ecologistes,strategist,1,31,87,true,true,16.2,31,8fb53dd,0.161,1.91,3,21.58,2
B1_no_opportunistic_randomness,ecologistes,strategist,1,29,82,true,false,16.5,29,943f62be,0.207,1.41,2,9.09,2
B2_no_rare_events,ecologistes,strategist,1,31,87,true,true,16.7,31,35ac2179,0.484,1.78,1,15.32,3
C_no_narrative_memory,ecologistes,strategist,1,31,88,true,true,17.4,31,cfd7f2c4,0.355,1.8,1,11.55,0
E_no_ideology_effects,ecologistes,strategist,1,31,80,true,true,15,31,d7606466,0.258,1.42,0,0,1
F_no_delayed_consequences,ecologistes,strategist,1,29,85,true,false,18.6,29,1f50d5a6,0.276,1.49,2,13.64,4
A_baseline,ecologistes,strategist,2,31,89,true,true,16.9,31,c524bc22,0.29,1.53,1,12.43,0
B1_no_opportunistic_randomness,ecologistes,strategist,2,29,81,true,false,16,29,7d983d4c,0.207,2.27,6,22.7,3
B2_no_rare_events,ecologistes,strategist,2,31,82,true,true,14.3,31,a8808209,0.29,1.39,0,21.2,1
C_no_narrative_memory,ecologistes,strategist,2,29,78,true,false,14.8,29,db65cd7b,0.345,1.45,2,24.06,0
E_no_ideology_effects,ecologistes,strategist,2,29,72,true,false,13.8,29,daf4a64a,0.517,1.46,2,0,3
F_no_delayed_consequences,ecologistes,strategist,2,29,79,true,false,16.4,29,6afee432,0.345,1.54,1,13.3,2
A_baseline,ecologistes,strategist,3,25,63,false,false,14.4,25,6eab365,0.36,1.83,2,15.44,3
B1_no_opportunistic_randomness,ecologistes,strategist,3,25,62,false,false,12.8,25,67f6d5f2,0.36,1.89,3,24.21,3
B2_no_rare_events,ecologistes,strategist,3,29,84,true,false,18,29,f7bcf6c0,0.345,1.43,0,15.41,0
C_no_narrative_memory,ecologistes,strategist,3,31,83,true,true,15,31,baae4230,0.419,1.44,2,14.26,0
E_no_ideology_effects,ecologistes,strategist,3,25,52,false,false,10.9,25,f94d6a36,0.56,1.25,1,0,4
F_no_delayed_consequences,ecologistes,strategist,3,31,87,true,true,15.8,31,827eb918,0.387,1.54,3,9.89,3
A_baseline,ecologistes,strategist,4,31,82,true,true,14.5,31,8c8401d7,0.258,1.85,4,10.22,2
B1_no_opportunistic_randomness,ecologistes,strategist,4,31,87,true,true,16.2,31,f3fb52cf,0.194,1.67,1,5.73,2
B2_no_rare_events,ecologistes,strategist,4,29,74,true,false,14.2,29,5c272025,0.552,1.69,0,6.43,0
C_no_narrative_memory,ecologistes,strategist,4,29,73,true,false,12.7,29,59af4a1d,0.414,1.34,2,15.54,0
E_no_ideology_effects,ecologistes,strategist,4,31,74,true,true,12.2,31,4779e372,0.355,1.63,1,0,1
F_no_delayed_consequences,ecologistes,strategist,4,31,74,true,true,12.9,31,2a99d7a5,0.645,1.31,0,17.68,1
A_baseline,ecologistes,strategist,5,25,51,false,false,11.1,25,7944a403,0.44,1.45,0,15.11,1
B1_no_opportunistic_randomness,ecologistes,strategist,5,31,91,true,true,17.9,31,8a63a672,0.323,1.82,3,26.96,3
B2_no_rare_events,ecologistes,strategist,5,31,87,true,true,16.6,31,76cd3486,0.323,1.95,3,8.28,2
C_no_narrative_memory,ecologistes,strategist,5,25,51,false,false,10.9,25,818a97b4,0.4,1.41,3,13.76,0
E_no_ideology_effects,ecologistes,strategist,5,25,48,false,false,10.3,25,2f849193,0.64,1.49,1,0,0
F_no_delayed_consequences,ecologistes,strategist,5,31,80,true,true,13.2,31,deca42cf,0.29,2.42,0,4.11,1
A_baseline,ecologistes,strategist,6,25,60,false,false,12.4,25,877058e,0.48,1.47,3,23.71,2
B1_no_opportunistic_randomness,ecologistes,strategist,6,31,75,true,true,12.8,31,555cfc3c,0.29,1.25,1,6.79,1
B2_no_rare_events,ecologistes,strategist,6,31,89,true,true,17,31,671dae64,0.387,1.67,3,20.49,4
C_no_narrative_memory,ecologistes,strategist,6,29,73,true,false,13.6,29,e517881c,0.345,1.49,1,12.36,0
E_no_ideology_effects,ecologistes,strategist,6,25,55,false,false,12,25,ab8d29,0.48,1.66,4,0,3
F_no_delayed_consequences,ecologistes,strategist,6,31,81,true,true,13.8,31,1877d168,0.194,1.6,0,8.96,2
A_baseline,ecologistes,strategist,7,31,90,true,true,18.1,31,d1c581e5,0.161,1.93,5,13.03,3
B1_no_opportunistic_randomness,ecologistes,strategist,7,31,89,true,true,16.7,31,31d6a6c1,0.194,2.04,0,22.49,1
B2_no_rare_events,ecologistes,strategist,7,29,74,true,false,15,29,9cfe295d,0.586,1.5,3,19.72,4
C_no_narrative_memory,ecologistes,strategist,7,29,71,true,false,13.4,29,1d434a4a,0.517,1.28,2,11.44,0
E_no_ideology_effects,ecologistes,strategist,7,31,78,true,true,14.3,31,e6492b6e,0.194,1.85,0,0,1
F_no_delayed_consequences,ecologistes,strategist,7,31,81,true,true,13.8,31,452c2f44,0.452,1.63,1,17.75,2
A_baseline,ecologistes,cautious,0,31,86,true,true,15.6,31,191e8502,0.258,1.82,3,12.54,4
B1_no_opportunistic_randomness,ecologistes,cautious,0,25,53,false,false,11.2,25,22a74e9,0.56,1.93,2,15.1,0
B2_no_rare_events,ecologistes,cautious,0,29,74,true,false,13.4,29,8682f91f,0.241,1.47,1,10.93,1
C_no_narrative_memory,ecologistes,cautious,0,31,79,true,true,13.1,31,e683178c,0.29,2.09,2,21.53,0
E_no_ideology_effects,ecologistes,cautious,0,31,87,true,true,17.1,31,6bffe07a,0.29,2.28,2,0,1
F_no_delayed_consequences,ecologistes,cautious,0,31,86,true,true,14.8,31,dddce2fb,0.226,2.07,3,27.12,0
A_baseline,ecologistes,cautious,1,31,83,true,true,14.6,31,652f031e,0.161,1.6,3,14.98,4
B1_no_opportunistic_randomness,ecologistes,cautious,1,29,79,true,false,14.6,29,c4402637,0.483,1.13,3,14.72,2
B2_no_rare_events,ecologistes,cautious,1,31,90,true,true,17.2,31,36b8cbd0,0.419,1.78,5,21.56,3
C_no_narrative_memory,ecologistes,cautious,1,31,86,true,true,16.4,31,52779d9a,0.355,1.68,2,14.06,0
E_no_ideology_effects,ecologistes,cautious,1,31,80,true,true,14.4,31,d7606466,0.29,1.32,0,0,1
F_no_delayed_consequences,ecologistes,cautious,1,29,82,true,false,17.3,29,8c5150ce,0.483,1.31,2,16.31,4
A_baseline,ecologistes,cautious,2,31,90,true,true,16.4,31,1efeb383,0.29,1.56,1,16.56,0
B1_no_opportunistic_randomness,ecologistes,cautious,2,31,84,true,true,14.1,31,a4bb9c1b,0.161,1.62,4,16.53,2
B2_no_rare_events,ecologistes,cautious,2,31,82,true,true,13.8,31,ebfe61dd,0.129,1.42,0,23.16,0
C_no_narrative_memory,ecologistes,cautious,2,29,81,true,false,15.6,29,7f8c4785,0.241,1.84,3,12.14,0
E_no_ideology_effects,ecologistes,cautious,2,31,79,true,true,13.6,31,c2f1c368,0.484,1.46,2,0,3
F_no_delayed_consequences,ecologistes,cautious,2,29,81,true,false,16.7,29,fdd57a62,0.207,1.81,1,10.8,2
A_baseline,ecologistes,cautious,3,25,67,false,false,14.7,25,430a54e7,0.2,1.99,4,10.66,3
B1_no_opportunistic_randomness,ecologistes,cautious,3,25,53,false,false,11.4,25,b0104728,0.36,1.44,3,13.52,3
B2_no_rare_events,ecologistes,cautious,3,29,83,true,false,17.4,29,8d431f66,0.483,1.36,5,11.37,4
C_no_narrative_memory,ecologistes,cautious,3,31,81,true,true,13.9,31,e48789da,0.323,1.6,5,10.06,0
E_no_ideology_effects,ecologistes,cautious,3,25,55,false,false,10.9,25,3e31a2cd,0.36,1.53,1,0,4
F_no_delayed_consequences,ecologistes,cautious,3,31,84,true,true,14.5,31,f9b5df9b,0.419,1.45,3,8.77,3
A_baseline,ecologistes,cautious,4,31,83,true,true,14,31,2c9dd463,0.258,1.69,2,18.62,1
B1_no_opportunistic_randomness,ecologistes,cautious,4,25,64,false,false,13.6,25,38d33490,0.4,1.41,0,20.54,0
B2_no_rare_events,ecologistes,cautious,4,29,79,true,false,14.8,29,b6cb57af,0.379,1.75,0,22.51,0
C_no_narrative_memory,ecologistes,cautious,4,31,85,true,true,14.8,31,276f2230,0.194,1.62,1,12.42,0
E_no_ideology_effects,ecologistes,cautious,4,25,53,false,false,11.5,25,6673bd71,0.48,1.31,2,0,2
F_no_delayed_consequences,ecologistes,cautious,4,25,58,false,false,12.6,25,ace6a713,0.36,1.85,1,21.21,2
A_baseline,ecologistes,cautious,5,25,62,false,false,12.9,25,cd98d41b,0.44,1.81,0,11.81,1
B1_no_opportunistic_randomness,ecologistes,cautious,5,31,91,true,true,17.6,31,1c9694fc,0.387,1.73,2,13.54,3
B2_no_rare_events,ecologistes,cautious,5,31,88,true,true,16.7,31,d79c19b8,0.323,1.97,2,10.03,3
C_no_narrative_memory,ecologistes,cautious,5,25,60,false,false,12.8,25,5d7d24fd,0.32,1.84,5,22.5,0
E_no_ideology_effects,ecologistes,cautious,5,25,54,false,false,11.5,25,7c896232,0.4,1.99,2,0,0
F_no_delayed_consequences,ecologistes,cautious,5,25,60,false,false,12.3,25,bb5ccc57,0.28,2.56,3,11.8,2
A_baseline,ecologistes,cautious,6,25,51,false,false,10.3,25,d9c6d6a6,0.64,1.02,2,14.77,5
B1_no_opportunistic_randomness,ecologistes,cautious,6,29,77,true,false,13.9,29,b676c3e3,0.241,1.57,2,15.32,1
B2_no_rare_events,ecologistes,cautious,6,31,84,true,true,14.8,31,a21c8ab3,0.419,1.15,5,16.67,6
C_no_narrative_memory,ecologistes,cautious,6,25,51,false,false,10,25,6e8674a6,0.6,1.3,0,11.03,0
E_no_ideology_effects,ecologistes,cautious,6,31,82,true,true,14.8,31,962a2eac,0.419,1.95,4,0,3
F_no_delayed_consequences,ecologistes,cautious,6,31,81,true,true,12.9,31,bab937ae,0.226,1.6,0,12.98,0
A_baseline,ecologistes,cautious,7,31,90,true,true,17.1,31,654b222d,0.161,1.74,5,22.38,3
B1_no_opportunistic_randomness,ecologistes,cautious,7,31,85,true,true,15.7,31,1be4fe05,0.161,1.89,1,16.7,2
B2_no_rare_events,ecologistes,cautious,7,31,86,true,true,15.6,31,397766e9,0.355,1.75,3,10.09,4
C_no_narrative_memory,ecologistes,cautious,7,29,71,true,false,13.2,29,424bfaa7,0.483,1.25,2,9.38,0
E_no_ideology_effects,ecologistes,cautious,7,25,60,false,false,13.6,25,44991be6,0.24,1.69,0,0,1
F_no_delayed_consequences,ecologistes,cautious,7,29,74,true,false,13.5,29,ecbd0f4c,0.483,1.48,1,24.67,2
A_baseline,ecologistes,beginner,0,31,86,true,true,15.3,31,10836638,0.355,1.67,3,10.32,2
B1_no_opportunistic_randomness,ecologistes,beginner,0,25,65,false,false,13.1,25,ebdb55f5,0.52,2.38,2,17.68,0
B2_no_rare_events,ecologistes,beginner,0,29,77,true,false,14.1,29,f5f5c6d8,0.241,1.6,0,22.42,0
C_no_narrative_memory,ecologistes,beginner,0,31,84,true,true,13.5,31,2ccfb7d,0.323,2.38,2,19.44,0
E_no_ideology_effects,ecologistes,beginner,0,31,87,true,true,17,31,b81a693,0.29,2.19,1,0,2
F_no_delayed_consequences,ecologistes,beginner,0,31,88,true,true,15.4,31,ad9315fa,0.194,2.23,5,19.66,1
A_baseline,ecologistes,beginner,1,31,86,true,true,15.3,31,be4aefd4,0.161,1.76,3,15.41,3
B1_no_opportunistic_randomness,ecologistes,beginner,1,29,81,true,false,15.7,29,943f62be,0.207,1.28,2,18.77,2
B2_no_rare_events,ecologistes,beginner,1,31,90,true,true,17,31,392dc369,0.452,1.8,1,21.76,2
C_no_narrative_memory,ecologistes,beginner,1,31,93,true,true,18.8,31,8f34aa60,0.226,2.4,1,8.17,0
E_no_ideology_effects,ecologistes,beginner,1,31,84,true,true,15.7,31,d7606466,0.258,1.71,0,0,1
F_no_delayed_consequences,ecologistes,beginner,1,29,82,true,false,17.7,29,49c1d551,0.655,1.25,2,13.02,3
A_baseline,ecologistes,beginner,2,31,92,true,true,17.4,31,1efeb383,0.323,2.05,1,11.05,0
B1_no_opportunistic_randomness,ecologistes,beginner,2,31,90,true,true,15.9,31,3f6c5ec4,0.161,2.33,3,14.77,2
B2_no_rare_events,ecologistes,beginner,2,31,82,true,true,13.6,31,30def586,0.29,1.41,0,11.84,0
C_no_narrative_memory,ecologistes,beginner,2,29,80,true,false,15.3,29,b0d05421,0.276,1.86,1,5.4,0
E_no_ideology_effects,ecologistes,beginner,2,25,61,false,false,13.1,25,337b3860,0.52,1.32,2,0,3
F_no_delayed_consequences,ecologistes,beginner,2,31,92,true,true,17.2,31,9bac792a,0.129,1.84,1,10.14,2
A_baseline,ecologistes,beginner,3,31,89,true,true,15.7,31,5a29ff69,0.161,2.25,3,14.05,4
B1_no_opportunistic_randomness,ecologistes,beginner,3,31,85,true,true,14.7,31,2ec4cd52,0.226,1.76,3,25.88,3
B2_no_rare_events,ecologistes,beginner,3,31,87,true,true,15.4,31,ba09ca3b,0.323,1.94,0,8.5,0
C_no_narrative_memory,ecologistes,beginner,3,31,86,true,true,15.2,31,1f5c839,0.29,2.3,3,19.35,0
E_no_ideology_effects,ecologistes,beginner,3,25,57,false,false,12.1,25,a652a6d3,0.36,1.57,1,0,4
F_no_delayed_consequences,ecologistes,beginner,3,31,90,true,true,16.1,31,66da29bc,0.387,1.75,2,8.78,3
A_baseline,ecologistes,beginner,4,31,85,true,true,14,31,aa4f31f3,0.323,2.02,2,15.75,3
B1_no_opportunistic_randomness,ecologistes,beginner,4,25,60,false,false,12.8,25,e38ee0f6,0.56,0.93,0,9.51,0
B2_no_rare_events,ecologistes,beginner,4,29,81,true,false,15.4,29,5c272025,0.483,2,0,9.57,0
C_no_narrative_memory,ecologistes,beginner,4,31,87,true,true,14.8,31,eb41c4bd,0.355,1.73,6,17.03,0
E_no_ideology_effects,ecologistes,beginner,4,25,55,false,false,11.7,25,6673bd71,0.52,1.31,2,0,2
F_no_delayed_consequences,ecologistes,beginner,4,25,57,false,false,12.2,25,ace6a713,0.4,1.79,1,21.15,2
A_baseline,ecologistes,beginner,5,29,76,true,false,13.4,29,7aedcb22,0.31,2.02,0,12.19,1
B1_no_opportunistic_randomness,ecologistes,beginner,5,31,90,true,true,17.4,31,ac3173d4,0.548,1.43,3,11.27,4
B2_no_rare_events,ecologistes,beginner,5,31,89,true,true,16.9,31,c2da649a,0.323,1.93,2,7.57,2
C_no_narrative_memory,ecologistes,beginner,5,31,85,true,true,14.3,31,be326f10,0.226,2.34,2,15.6,0
E_no_ideology_effects,ecologistes,beginner,5,25,54,false,false,11.8,25,6d1f2545,0.36,1.95,2,0,0
F_no_delayed_consequences,ecologistes,beginner,5,31,82,true,true,13.4,31,d6797963,0.194,2.61,1,13.33,1
A_baseline,ecologistes,beginner,6,25,56,false,false,11.7,25,7f943b80,0.68,1.07,2,15.27,1
B1_no_opportunistic_randomness,ecologistes,beginner,6,31,82,true,true,13,31,993f76f3,0.226,2.16,5,22.35,2
B2_no_rare_events,ecologistes,beginner,6,31,93,true,true,18.2,31,57ca2239,0.323,2.05,4,17.35,4
C_no_narrative_memory,ecologistes,beginner,6,25,54,false,false,10.6,25,70b4202f,0.44,1.53,3,12.59,0
E_no_ideology_effects,ecologistes,beginner,6,31,82,true,true,14.3,31,115d8af7,0.452,1.84,4,0,2
F_no_delayed_consequences,ecologistes,beginner,6,31,85,true,true,14.2,31,130210d3,0.258,1.93,1,14.39,1
A_baseline,ecologistes,beginner,7,31,88,true,true,16.9,31,e4300e21,0.194,1.85,5,17.84,3
B1_no_opportunistic_randomness,ecologistes,beginner,7,31,88,true,true,15.6,31,71006c3f,0.258,2.06,0,10.48,1
B2_no_rare_events,ecologistes,beginner,7,31,90,true,true,16.3,31,72d24749,0.419,2.07,2,23.16,3
C_no_narrative_memory,ecologistes,beginner,7,31,87,true,true,14.8,31,cdcee4ba,0.387,2,0,15.62,0
E_no_ideology_effects,ecologistes,beginner,7,25,61,false,false,13.1,25,44991be6,0.2,1.61,0,0,1
F_no_delayed_consequences,ecologistes,beginner,7,31,83,true,true,13.8,31,452c2f44,0.548,1.69,1,17.95,2
A_baseline,renaissance,strategist,0,31,78,true,true,16.5,31,13fbb6a2,0.258,1.5,3,11.58,2
B1_no_opportunistic_randomness,renaissance,strategist,0,25,49,false,false,12,25,15deb320,0.2,1.64,4,20.48,2
B2_no_rare_events,renaissance,strategist,0,31,75,true,true,15.3,31,4ff93814,0.129,1.63,1,13.8,3
C_no_narrative_memory,renaissance,strategist,0,31,72,true,true,15.5,31,b89b16c,0.194,1.01,5,18.17,0
E_no_ideology_effects,renaissance,strategist,0,31,72,true,true,14.3,31,b4512065,0.129,1.2,4,0,4
F_no_delayed_consequences,renaissance,strategist,0,31,78,true,true,17,31,22ca07c6,0.323,1.53,3,23.59,3
A_baseline,renaissance,strategist,1,25,53,false,false,13,25,a1d0d711,0.2,1.48,0,15.29,1
B1_no_opportunistic_randomness,renaissance,strategist,1,31,74,true,true,15.8,31,3f21f8d3,0.065,1.18,5,9.08,1
B2_no_rare_events,renaissance,strategist,1,31,74,true,true,14.5,31,6f06900c,0.065,1.69,4,8.92,0
C_no_narrative_memory,renaissance,strategist,1,31,76,true,true,17.7,31,c544545d,0.129,1.13,0,15.55,0
E_no_ideology_effects,renaissance,strategist,1,31,70,true,true,13.4,31,5566d724,0.129,1.33,2,0,0
F_no_delayed_consequences,renaissance,strategist,1,25,50,false,false,12.1,25,4e7e44e9,0.24,1.2,4,25.59,1
A_baseline,renaissance,strategist,2,31,77,true,true,15.4,31,1b988c42,0.161,1.63,2,9.61,4
B1_no_opportunistic_randomness,renaissance,strategist,2,31,78,true,true,16.2,31,73f4de3,0.226,1.64,3,11.02,3
B2_no_rare_events,renaissance,strategist,2,31,79,true,true,15.4,31,50597d19,0.129,1.67,3,22.15,3
C_no_narrative_memory,renaissance,strategist,2,31,79,true,true,15.9,31,7a41faad,0.226,1.6,3,16.16,0
E_no_ideology_effects,renaissance,strategist,2,31,69,true,true,13.1,31,adaa5b5d,0.419,1.51,5,0,4
F_no_delayed_consequences,renaissance,strategist,2,31,72,true,true,13.5,31,d06d0479,0.065,1.46,0,14.44,2
A_baseline,renaissance,strategist,3,25,57,false,false,14.7,25,b07a60e7,0.36,1.51,3,7.56,1
B1_no_opportunistic_randomness,renaissance,strategist,3,31,83,true,true,18.8,31,b905fec5,0.097,2.21,4,11.48,4
B2_no_rare_events,renaissance,strategist,3,31,75,true,true,15.4,31,3f2cefec,0.194,1.73,3,16.68,0
C_no_narrative_memory,renaissance,strategist,3,25,56,false,false,12.8,25,2e4099d,0.28,1.35,3,16,0
E_no_ideology_effects,renaissance,strategist,3,29,65,true,false,14.4,29,e63d842b,0.069,1.03,5,0,2
F_no_delayed_consequences,renaissance,strategist,3,31,81,true,true,16.8,31,21222067,0.161,1.76,4,7.54,2
A_baseline,renaissance,strategist,4,29,63,true,false,12.9,29,86d32c39,0.345,1.49,6,18,2
B1_no_opportunistic_randomness,renaissance,strategist,4,31,76,true,true,14.9,31,fdd59cd4,0.161,1.65,1,15.29,0
B2_no_rare_events,renaissance,strategist,4,31,78,true,true,16.8,31,22d783a2,0.129,1.29,0,16.53,0
C_no_narrative_memory,renaissance,strategist,4,29,65,true,false,13.7,29,59cfc7b4,0.241,1.11,4,10.41,0
E_no_ideology_effects,renaissance,strategist,4,31,75,true,true,16.9,31,ed1ac342,0.065,1.59,1,0,1
F_no_delayed_consequences,renaissance,strategist,4,31,84,true,true,18.5,31,d822b861,0.258,1.7,3,18.2,2
A_baseline,renaissance,strategist,5,25,54,false,false,12.7,25,ff74d4cb,0.24,1.47,3,15.04,3
B1_no_opportunistic_randomness,renaissance,strategist,5,31,86,true,true,19,31,523787b2,0.194,1.52,4,16.89,3
B2_no_rare_events,renaissance,strategist,5,31,77,true,true,15.5,31,16e6f53b,0.129,1.66,1,14.5,1
C_no_narrative_memory,renaissance,strategist,5,29,70,true,false,14.2,29,9f981596,0.138,1.49,2,20.57,0
E_no_ideology_effects,renaissance,strategist,5,25,52,false,false,14,25,267a1850,0.32,1.27,3,0,2
F_no_delayed_consequences,renaissance,strategist,5,25,42,false,false,11.6,25,26b21ecd,0.2,0.83,2,8.63,4
A_baseline,renaissance,strategist,6,31,83,true,true,18.5,31,fb563c5b,0.161,1.64,6,13.23,5
B1_no_opportunistic_randomness,renaissance,strategist,6,31,73,true,true,15.5,31,4d1008ce,0.419,0.73,1,23.24,1
B2_no_rare_events,renaissance,strategist,6,31,79,true,true,16.1,31,5d803f58,0.161,1.59,1,9.78,0
C_no_narrative_memory,renaissance,strategist,6,31,78,true,true,15.3,31,7192be6f,0.065,1.81,1,18.77,0
E_no_ideology_effects,renaissance,strategist,6,31,77,true,true,17.2,31,c1ae19d7,0.323,1.46,1,0,3
F_no_delayed_consequences,renaissance,strategist,6,31,75,true,true,14.7,31,bf4aadfe,0.129,1.67,3,9.99,3
A_baseline,renaissance,strategist,7,31,78,true,true,16.7,31,6e92c0b4,0.129,1.82,4,12.61,3
B1_no_opportunistic_randomness,renaissance,strategist,7,31,81,true,true,17,31,86317baf,0.226,1.5,2,21.29,1
B2_no_rare_events,renaissance,strategist,7,31,73,true,true,13.5,31,2cf8a421,0.226,1.44,2,8.75,1
C_no_narrative_memory,renaissance,strategist,7,31,82,true,true,18.5,31,5a13ceb2,0.161,2.03,2,15.46,0
E_no_ideology_effects,renaissance,strategist,7,31,69,true,true,14.1,31,47a17fc9,0.258,0.89,2,0,1
F_no_delayed_consequences,renaissance,strategist,7,31,74,true,true,15.4,31,b8c208c9,0.161,1.58,1,4.82,0
A_baseline,renaissance,cautious,0,31,80,true,true,15.6,31,3b3428ff,0.194,1.47,2,11.16,1
B1_no_opportunistic_randomness,renaissance,cautious,0,25,48,false,false,11.5,25,8b57b1ee,0.2,1.57,2,11.45,1
B2_no_rare_events,renaissance,cautious,0,29,67,true,false,13.5,29,4ac6c356,0.207,1.31,5,13.26,3
C_no_narrative_memory,renaissance,cautious,0,31,76,true,true,15.1,31,662caf22,0.194,1.17,5,11.83,0
E_no_ideology_effects,renaissance,cautious,0,31,72,true,true,13,31,c829e75f,0.129,1.36,3,0,3
F_no_delayed_consequences,renaissance,cautious,0,31,81,true,true,16.7,31,cd7f27d2,0.323,1.73,4,8.04,2
A_baseline,renaissance,cautious,1,31,74,true,true,13.5,31,285db696,0.194,1.79,3,12.93,2
B1_no_opportunistic_randomness,renaissance,cautious,1,31,75,true,true,15.5,31,7146cd98,0.129,1.22,2,9.12,2
B2_no_rare_events,renaissance,cautious,1,31,79,true,true,15.6,31,bf55d53,0.065,2.04,4,11.18,2
C_no_narrative_memory,renaissance,cautious,1,31,82,true,true,17.4,31,f644c78f,0.194,1.17,0,8.37,0
E_no_ideology_effects,renaissance,cautious,1,25,47,false,false,11.5,25,5c4426dd,0.2,1.3,2,0,1
F_no_delayed_consequences,renaissance,cautious,1,25,53,false,false,13.2,25,6cd60299,0.24,1.36,3,12.26,1
A_baseline,renaissance,cautious,2,29,70,true,false,14,29,1f7bd7e6,0.172,1.37,2,9.49,2
B1_no_opportunistic_randomness,renaissance,cautious,2,31,77,true,true,15,31,e22eb749,0.29,1.43,4,6.25,1
B2_no_rare_events,renaissance,cautious,2,25,52,false,false,12.7,25,8c409cab,0.28,1.35,4,7.11,3
C_no_narrative_memory,renaissance,cautious,2,29,71,true,false,15.2,29,4330752e,0.241,1.45,4,13.01,0
E_no_ideology_effects,renaissance,cautious,2,25,51,false,false,13,25,7d5115d0,0.44,1.7,4,0,4
F_no_delayed_consequences,renaissance,cautious,2,31,75,true,true,13.4,31,1de9ce94,0.065,1.63,0,9.89,1
A_baseline,renaissance,cautious,3,25,55,false,false,14.4,25,5cc7c3c0,0.48,1.62,2,5.67,1
B1_no_opportunistic_randomness,renaissance,cautious,3,31,81,true,true,18.4,31,be934754,0.065,2.14,3,11.37,2
B2_no_rare_events,renaissance,cautious,3,31,88,true,true,20.4,31,fa116b9a,0.161,2.05,4,11.15,2
C_no_narrative_memory,renaissance,cautious,3,25,47,false,false,11.2,25,21f0f0e6,0.28,1.01,3,8.67,0
E_no_ideology_effects,renaissance,cautious,3,31,73,true,true,14.3,31,f94598ee,0.065,1.26,4,0,2
F_no_delayed_consequences,renaissance,cautious,3,31,80,true,true,15.8,31,ee609657,0.194,1.72,3,9.66,1
A_baseline,renaissance,cautious,4,31,77,true,true,14.4,31,387724c9,0.161,1.9,3,6.11,1
B1_no_opportunistic_randomness,renaissance,cautious,4,25,55,false,false,14,25,e8c41efd,0.36,1.07,2,9.32,1
B2_no_rare_events,renaissance,cautious,4,31,82,true,true,17.2,31,ca16ab5,0.129,1.41,0,5.1,1
C_no_narrative_memory,renaissance,cautious,4,31,79,true,true,15.8,31,b50b4107,0.258,1.45,2,8.37,0
E_no_ideology_effects,renaissance,cautious,4,31,76,true,true,15.9,31,490e4195,0.129,1.46,1,0,0
F_no_delayed_consequences,renaissance,cautious,4,31,81,true,true,16.6,31,4fdc0e94,0.258,1.77,1,8.24,1
A_baseline,renaissance,cautious,5,25,57,false,false,13.4,25,7bb71b67,0.2,1.79,5,13.97,1
B1_no_opportunistic_randomness,renaissance,cautious,5,31,76,true,true,14.1,31,561f4096,0.194,1.06,3,3.95,1
B2_no_rare_events,renaissance,cautious,5,31,77,true,true,15.4,31,2a73cc62,0.129,1.69,1,6.81,1
C_no_narrative_memory,renaissance,cautious,5,25,56,false,false,13.9,25,58af31c9,0.2,1.35,3,3.57,0
E_no_ideology_effects,renaissance,cautious,5,25,53,false,false,13.4,25,6e843941,0.24,1.19,3,0,2
F_no_delayed_consequences,renaissance,cautious,5,29,68,true,false,13.2,29,fae1948f,0.103,1.32,5,13.32,4
A_baseline,renaissance,cautious,6,31,76,true,true,14.8,31,62119fbd,0.097,1.1,2,7.59,2
B1_no_opportunistic_randomness,renaissance,cautious,6,31,80,true,true,15.5,31,8d495e14,0.129,1.45,2,11.77,0
B2_no_rare_events,renaissance,cautious,6,31,79,true,true,15.6,31,a93336e4,0.194,1.6,0,13.71,0
C_no_narrative_memory,renaissance,cautious,6,31,75,true,true,13.6,31,e73e5f2e,0.129,1.31,3,6.42,0
E_no_ideology_effects,renaissance,cautious,6,31,77,true,true,17,31,c1ae19d7,0.323,1.52,1,0,3
F_no_delayed_consequences,renaissance,cautious,6,31,76,true,true,14.8,31,f459a902,0.065,1.73,2,9.11,1
A_baseline,renaissance,cautious,7,31,75,true,true,15.4,31,6ffbcde9,0.129,1.47,3,8.67,2
B1_no_opportunistic_randomness,renaissance,cautious,7,29,69,true,false,13.1,29,41f7cb5f,0.31,1.74,4,12.6,2
B2_no_rare_events,renaissance,cautious,7,25,50,false,false,11.6,25,62ec6413,0.36,1.29,1,10.58,2
C_no_narrative_memory,renaissance,cautious,7,31,74,true,true,15.9,31,5a13ceb2,0.323,1.56,2,7.82,0
E_no_ideology_effects,renaissance,cautious,7,31,74,true,true,14.5,31,51d257b8,0.161,1.05,2,0,3
F_no_delayed_consequences,renaissance,cautious,7,31,76,true,true,14.7,31,a332bb96,0.194,1.53,1,5.56,0
A_baseline,renaissance,beginner,0,31,80,true,true,16.2,31,498047b4,0.258,1.42,3,3.15,2
B1_no_opportunistic_randomness,renaissance,beginner,0,25,58,false,false,13.3,25,6dd963b2,0.2,1.86,4,11.54,2
B2_no_rare_events,renaissance,beginner,0,29,70,true,false,14.8,29,c7ce04a5,0.138,1.48,3,12.72,3
C_no_narrative_memory,renaissance,beginner,0,31,82,true,true,17.4,31,8b1bf42,0.194,1.95,4,12.36,0
E_no_ideology_effects,renaissance,beginner,0,31,68,true,true,13.1,31,6ebedde6,0.323,1.05,4,0,3
F_no_delayed_consequences,renaissance,beginner,0,31,79,true,true,16.5,31,4d3141f6,0.323,1.54,1,8.86,2
A_baseline,renaissance,beginner,1,25,54,false,false,12.4,25,43e16421,0.2,1.47,0,12.41,1
B1_no_opportunistic_randomness,renaissance,beginner,1,31,77,true,true,16.1,31,3f21f8d3,0.065,1.28,5,9.84,2
B2_no_rare_events,renaissance,beginner,1,31,79,true,true,15,31,b79dc5cf,0.065,1.79,3,8.75,0
C_no_narrative_memory,renaissance,beginner,1,31,87,true,true,19.7,31,5fc05f3e,0.065,2.01,1,20.91,0
E_no_ideology_effects,renaissance,beginner,1,25,53,false,false,12.6,25,156aacb5,0.16,1.48,2,0,0
F_no_delayed_consequences,renaissance,beginner,1,25,56,false,false,13.3,25,c526253f,0.16,1.38,3,9.44,2
A_baseline,renaissance,beginner,2,29,69,true,false,14.7,29,f580bf19,0.172,1.44,2,14.65,3
B1_no_opportunistic_randomness,renaissance,beginner,2,31,80,true,true,15.9,31,d4bbc193,0.226,1.65,5,11.48,2
B2_no_rare_events,renaissance,beginner,2,31,76,true,true,13.7,31,a004a68,0.323,1.35,4,12.69,3
C_no_narrative_memory,renaissance,beginner,2,31,78,true,true,15.5,31,594b8f33,0.226,1.61,2,19.19,0
E_no_ideology_effects,renaissance,beginner,2,25,51,false,false,12.4,25,e18a85a,0.48,1.51,5,0,3
F_no_delayed_consequences,renaissance,beginner,2,31,72,true,true,13.2,31,b5e466e3,0.065,1.5,0,9.58,1
A_baseline,renaissance,beginner,3,25,55,false,false,14,25,5aed7f4a,0.36,1.43,5,5.51,1
B1_no_opportunistic_randomness,renaissance,beginner,3,31,84,true,true,18.1,31,107482b0,0.097,2.21,4,14.35,4
B2_no_rare_events,renaissance,beginner,3,31,79,true,true,15.3,31,73bef1bb,0.161,1.67,1,13.6,0
C_no_narrative_memory,renaissance,beginner,3,25,56,false,false,12.2,25,8b82db1,0.28,1.25,2,14.17,0
E_no_ideology_effects,renaissance,beginner,3,29,66,true,false,14.8,29,83eada4e,0.069,1.22,5,0,2
F_no_delayed_consequences,renaissance,beginner,3,31,77,true,true,15.2,31,46a2639e,0.323,1.55,2,11.83,1
A_baseline,renaissance,beginner,4,31,79,true,true,14.8,31,80ef1f00,0.226,2.06,3,10.7,2
B1_no_opportunistic_randomness,renaissance,beginner,4,31,77,true,true,14.7,31,b34cfca8,0.161,1.62,2,6.25,2
B2_no_rare_events,renaissance,beginner,4,31,83,true,true,17.6,31,88a5d623,0.065,1.51,1,13.79,0
C_no_narrative_memory,renaissance,beginner,4,31,78,true,true,16.3,31,eb5441d6,0.161,1.51,2,6.47,0
E_no_ideology_effects,renaissance,beginner,4,31,76,true,true,16,31,ed1ac342,0.065,1.5,1,0,1
F_no_delayed_consequences,renaissance,beginner,4,31,87,true,true,19.4,31,fe4b25c8,0.194,2.14,4,18.72,2
A_baseline,renaissance,beginner,5,25,54,false,false,12.5,25,aff087ed,0.24,1.62,2,18.35,1
B1_no_opportunistic_randomness,renaissance,beginner,5,31,78,true,true,14.8,31,170d8f8d,0.194,1.27,4,14.72,4
B2_no_rare_events,renaissance,beginner,5,31,77,true,true,15.2,31,16e6f53b,0.129,1.68,1,5.88,2
C_no_narrative_memory,renaissance,beginner,5,25,53,false,false,13.4,25,69eca085,0.24,1.34,2,6.47,0
E_no_ideology_effects,renaissance,beginner,5,25,52,false,false,13.3,25,484c61ae,0.32,1.17,1,0,1
F_no_delayed_consequences,renaissance,beginner,5,31,78,true,true,15,31,ee329348,0.032,1.88,1,13.03,3
A_baseline,renaissance,beginner,6,31,74,true,true,15.5,31,162140bf,0.097,1.21,2,11.67,2
B1_no_opportunistic_randomness,renaissance,beginner,6,31,81,true,true,16.1,31,ca06223,0.194,1.62,1,4.01,0
B2_no_rare_events,renaissance,beginner,6,31,79,true,true,15.8,31,ea98058f,0.194,1.7,3,7.59,3
C_no_narrative_memory,renaissance,beginner,6,29,70,true,false,15.5,29,dcb21441,0.138,1.35,7,9.65,0
E_no_ideology_effects,renaissance,beginner,6,31,78,true,true,17.2,31,8a91d097,0.323,1.55,2,0,2
F_no_delayed_consequences,renaissance,beginner,6,31,78,true,true,14.7,31,f459a902,0.065,1.68,2,16.83,2
A_baseline,renaissance,beginner,7,31,82,true,true,17.1,31,1c7f12f7,0.129,2.06,3,11.9,3
B1_no_opportunistic_randomness,renaissance,beginner,7,31,84,true,true,17.7,31,aa1cd6a,0.226,1.78,0,16.23,2
B2_no_rare_events,renaissance,beginner,7,31,77,true,true,14.3,31,70e74f55,0.323,1.97,2,8.57,3
C_no_narrative_memory,renaissance,beginner,7,31,84,true,true,18.2,31,5a13ceb2,0.161,2.13,2,9.3,0
E_no_ideology_effects,renaissance,beginner,7,31,73,true,true,14.7,31,47a17fc9,0.097,1.12,2,0,2
F_no_delayed_consequences,renaissance,beginner,7,31,76,true,true,14.9,31,b8c208c9,0.226,1.65,1,5.39,0
A_baseline,horizons,strategist,0,31,84,true,true,14.2,31,88b1c2a3,0.194,1.37,3,15.02,4
B1_no_opportunistic_randomness,horizons,strategist,0,31,94,true,true,19,31,c4ed8994,0.194,2.4,0,17.7,0
B2_no_rare_events,horizons,strategist,0,31,88,true,true,16.7,31,2912b782,0.226,1.6,4,17.16,4
C_no_narrative_memory,horizons,strategist,0,31,88,true,true,15.4,31,323e053f,0.194,1.34,2,14.75,0
E_no_ideology_effects,horizons,strategist,0,31,86,true,true,15.6,31,f2576c1c,0.194,1.39,3,0,2
F_no_delayed_consequences,horizons,strategist,0,31,87,true,true,14.9,31,30bcf01b,0.065,1.39,1,16.58,1
A_baseline,horizons,strategist,1,31,86,true,true,16.1,31,2cf67a59,0.29,1.12,2,13.65,1
B1_no_opportunistic_randomness,horizons,strategist,1,31,90,true,true,16.5,31,8b83671c,0.097,1.49,6,9.87,3
B2_no_rare_events,horizons,strategist,1,31,89,true,true,15.8,31,c3d4b8c,0.129,1.82,1,9.2,2
C_no_narrative_memory,horizons,strategist,1,29,81,true,false,15.8,29,b297edc0,0.241,2.1,2,12.28,0
E_no_ideology_effects,horizons,strategist,1,31,81,true,true,13.5,31,7aa80cf2,0.323,1.95,0,0,1
F_no_delayed_consequences,horizons,strategist,1,31,92,true,true,18.1,31,e3917d3,0.161,1.54,1,16.34,1
A_baseline,horizons,strategist,2,25,66,false,false,12.9,25,4118e6f0,0.2,0.98,5,9.14,4
B1_no_opportunistic_randomness,horizons,strategist,2,31,81,true,true,13,31,18920fba,0.129,1.41,4,20.39,1
B2_no_rare_events,horizons,strategist,2,31,89,true,true,16.9,31,e25a9637,0.194,1.49,4,14.87,5
C_no_narrative_memory,horizons,strategist,2,25,61,false,false,11.8,25,a174579c,0.16,0.89,1,12.88,0
E_no_ideology_effects,horizons,strategist,2,31,88,true,true,17.7,31,6c8e0901,0.323,1.49,3,0,3
F_no_delayed_consequences,horizons,strategist,2,31,86,true,true,17.5,31,b76f6ceb,0.129,1.25,2,13.86,2
A_baseline,horizons,strategist,3,31,89,true,true,15.3,31,2b96163b,0.29,2.05,3,13.47,4
B1_no_opportunistic_randomness,horizons,strategist,3,31,92,true,true,18.2,31,50483240,0.194,2.22,0,14.98,1
B2_no_rare_events,horizons,strategist,3,31,92,true,true,19.5,31,47e998c8,0.226,1.38,4,17.22,3
C_no_narrative_memory,horizons,strategist,3,29,80,true,false,15.8,29,e2360454,0.31,1.46,2,14.36,0
E_no_ideology_effects,horizons,strategist,3,31,83,true,true,14.2,31,1beedd46,0.29,1.55,2,0,4
F_no_delayed_consequences,horizons,strategist,3,31,86,true,true,13.3,31,a5824eda,0.129,1.26,2,15.11,5
A_baseline,horizons,strategist,4,31,84,true,true,15.8,31,7ea07b1b,0.387,1.05,2,15.39,0
B1_no_opportunistic_randomness,horizons,strategist,4,31,87,true,true,14.4,31,ad558850,0.226,2.14,4,12.8,4
B2_no_rare_events,horizons,strategist,4,25,59,false,false,11.8,25,78423eb7,0.4,1.29,1,16.59,2
C_no_narrative_memory,horizons,strategist,4,31,87,true,true,14.3,31,699e0bc,0.258,1.26,3,12.63,0
E_no_ideology_effects,horizons,strategist,4,25,56,false,false,12,25,aa9ee60f,0.28,1.33,6,0,5
F_no_delayed_consequences,horizons,strategist,4,31,85,true,true,15,31,1aee4ace,0.258,0.88,1,15.86,1
A_baseline,horizons,strategist,5,31,88,true,true,16.1,31,cb1e9f91,0.258,1.25,3,22.58,1
B1_no_opportunistic_randomness,horizons,strategist,5,31,90,true,true,14.9,31,89c399bd,0.129,1.55,2,14.93,2
B2_no_rare_events,horizons,strategist,5,31,93,true,true,19.8,31,f39ac1e7,0.258,2.7,0,10.17,3
C_no_narrative_memory,horizons,strategist,5,25,69,false,false,13.5,25,f4b4c4a9,0.24,1.53,5,21.11,0
E_no_ideology_effects,horizons,strategist,5,31,85,true,true,16.7,31,8cbd5ae,0.258,1.59,3,0,3
F_no_delayed_consequences,horizons,strategist,5,31,89,true,true,17.4,31,bb060f3d,0.129,1.4,4,14.2,3
A_baseline,horizons,strategist,6,25,69,false,false,13.6,25,70da6e27,0.32,1.29,3,15.37,3
B1_no_opportunistic_randomness,horizons,strategist,6,25,59,false,false,12.5,25,212284f1,0.44,1.23,3,25.41,0
B2_no_rare_events,horizons,strategist,6,25,63,false,false,12.3,25,e0d26899,0.08,1.07,0,13.22,1
C_no_narrative_memory,horizons,strategist,6,31,88,true,true,17.6,31,3492e895,0.129,1.84,1,16.33,0
E_no_ideology_effects,horizons,strategist,6,29,75,true,false,13.7,29,811e74b9,0.172,1.08,5,0,2
F_no_delayed_consequences,horizons,strategist,6,31,89,true,true,16.3,31,1f8191c9,0.129,1.38,1,12.65,1
A_baseline,horizons,strategist,7,31,88,true,true,15.2,31,8056b28f,0.161,1.79,3,12.95,3
B1_no_opportunistic_randomness,horizons,strategist,7,31,93,true,true,18.8,31,d75de01e,0.065,1.59,2,12.09,1
B2_no_rare_events,horizons,strategist,7,31,88,true,true,14.9,31,7721d42f,0.161,1.37,2,7.73,3
C_no_narrative_memory,horizons,strategist,7,29,76,true,false,13.5,29,74972126,0.345,1.13,1,14.52,0
E_no_ideology_effects,horizons,strategist,7,31,86,true,true,17.5,31,8e51f8fa,0.129,1.42,2,0,3
F_no_delayed_consequences,horizons,strategist,7,31,89,true,true,15.8,31,26395460,0.065,1.72,0,2.31,0
A_baseline,horizons,cautious,0,31,90,true,true,16.5,31,b976a74b,0.129,1.55,1,7.8,2
B1_no_opportunistic_randomness,horizons,cautious,0,31,90,true,true,16,31,6026452b,0.194,1.62,3,15.76,0
B2_no_rare_events,horizons,cautious,0,31,91,true,true,16.1,31,9ccec928,0.226,1.53,3,12.98,2
C_no_narrative_memory,horizons,cautious,0,31,91,true,true,15.7,31,323e053f,0.129,1.43,2,9.59,0
E_no_ideology_effects,horizons,cautious,0,31,86,true,true,14.8,31,14baae7,0.194,1.34,3,0,3
F_no_delayed_consequences,horizons,cautious,0,31,88,true,true,14.3,31,34f3edb9,0.065,1.52,2,11.66,2
A_baseline,horizons,cautious,1,31,88,true,true,17.2,31,6b88a904,0.194,1.49,2,10.67,1
B1_no_opportunistic_randomness,horizons,cautious,1,31,84,true,true,12.6,31,8d3f6c22,0.097,1.76,4,5.38,2
B2_no_rare_events,horizons,cautious,1,31,90,true,true,15.9,31,c3d4b8c,0.161,1.82,1,11.02,2
C_no_narrative_memory,horizons,cautious,1,31,87,true,true,16.8,31,889fecd7,0.323,1.61,4,10.37,0
E_no_ideology_effects,horizons,cautious,1,31,81,true,true,13,31,7aa80cf2,0.29,1.96,0,0,1
F_no_delayed_consequences,horizons,cautious,1,31,94,true,true,18.5,31,4ef6ec1c,0.097,1.69,1,12.8,1
A_baseline,horizons,cautious,2,29,80,true,false,13.3,29,2964cdc,0.172,1.31,4,8.36,4
B1_no_opportunistic_randomness,horizons,cautious,2,25,64,false,false,12.5,25,1bb49ed6,0.16,1.61,1,3.98,0
B2_no_rare_events,horizons,cautious,2,31,90,true,true,16.9,31,317e6272,0.129,1.16,3,9.69,3
C_no_narrative_memory,horizons,cautious,2,25,68,false,false,13.3,25,b19979e3,0.16,1.28,1,8.88,0
E_no_ideology_effects,horizons,cautious,2,29,81,true,false,17.1,29,ec03e5b3,0.379,1.38,3,0,3
F_no_delayed_consequences,horizons,cautious,2,29,81,true,false,15,29,7010a3ee,0.138,1.52,2,6.09,2
A_baseline,horizons,cautious,3,31,90,true,true,16.8,31,b14092fb,0.129,1.38,1,10.92,3
B1_no_opportunistic_randomness,horizons,cautious,3,31,90,true,true,16.5,31,fc87d971,0.194,1.87,0,11.06,1
B2_no_rare_events,horizons,cautious,3,31,95,true,true,20,31,cc2b09e,0.226,1.57,3,12.02,2
C_no_narrative_memory,horizons,cautious,3,29,85,true,false,16.2,29,9f1a15ce,0.241,1.54,2,9.03,0
E_no_ideology_effects,horizons,cautious,3,29,80,true,false,15.3,29,8402a792,0.276,1.84,2,0,4
F_no_delayed_consequences,horizons,cautious,3,31,89,true,true,14.5,31,17b76b70,0.097,1.78,3,11.34,5
A_baseline,horizons,cautious,4,31,92,true,true,17.8,31,6c1a365c,0.129,1.28,2,7.34,0
B1_no_opportunistic_randomness,horizons,cautious,4,31,91,true,true,18.1,31,6224f3c3,0.226,1.47,3,8.6,3
B2_no_rare_events,horizons,cautious,4,29,79,true,false,13.6,29,43f45854,0.31,1.73,1,3.44,2
C_no_narrative_memory,horizons,cautious,4,31,88,true,true,15.5,31,2c90b396,0.065,1.53,2,11.92,0
E_no_ideology_effects,horizons,cautious,4,25,57,false,false,11.8,25,e4c7edf5,0.24,1.24,5,0,4
F_no_delayed_consequences,horizons,cautious,4,31,88,true,true,16.4,31,a95c3de8,0.194,1,2,5.17,2
A_baseline,horizons,cautious,5,31,91,true,true,16.7,31,e3704abd,0.194,1.43,3,9.89,1
B1_no_opportunistic_randomness,horizons,cautious,5,29,85,true,false,15.9,29,4bcd8e98,0.138,1.88,5,13.66,4
B2_no_rare_events,horizons,cautious,5,31,89,true,true,15.8,31,ac2a29de,0.226,1.96,0,11.55,3
C_no_narrative_memory,horizons,cautious,5,25,66,false,false,12.8,25,4090dddb,0.24,1.47,4,14.81,0
E_no_ideology_effects,horizons,cautious,5,31,87,true,true,16.2,31,ab14b370,0.194,1.62,2,0,2
F_no_delayed_consequences,horizons,cautious,5,31,93,true,true,18.6,31,d20027a5,0.129,1.87,3,11.26,2
A_baseline,horizons,cautious,6,31,88,true,true,14,31,42e03fef,0.161,1.78,3,6.68,4
B1_no_opportunistic_randomness,horizons,cautious,6,25,61,false,false,11.2,25,d76287a5,0.44,1.56,0,7.62,0
B2_no_rare_events,horizons,cautious,6,25,67,false,false,12.4,25,2e9ef362,0.08,1.39,1,14.88,1
C_no_narrative_memory,horizons,cautious,6,25,63,false,false,12.5,25,58d41ef3,0.24,1.07,3,8.98,0
E_no_ideology_effects,horizons,cautious,6,31,83,true,true,13.7,31,6b1436ef,0.194,1.18,5,0,1
F_no_delayed_consequences,horizons,cautious,6,31,89,true,true,15.8,31,cb45f675,0.129,1.29,1,8.25,1
A_baseline,horizons,cautious,7,31,91,true,true,16.3,31,c486121f,0.194,1.91,2,11.53,2
B1_no_opportunistic_randomness,horizons,cautious,7,31,92,true,true,17.5,31,5a158152,0.065,1.33,1,12.13,1
B2_no_rare_events,horizons,cautious,7,31,89,true,true,14.8,31,2d37bd89,0.226,1.49,2,13.48,2
C_no_narrative_memory,horizons,cautious,7,25,62,false,false,12.7,25,5c411968,0.4,1.3,0,8.71,0
E_no_ideology_effects,horizons,cautious,7,31,90,true,true,18.1,31,62ba4a99,0.065,1.85,2,0,2
F_no_delayed_consequences,horizons,cautious,7,31,91,true,true,17.1,31,1359ef3a,0.065,2.1,0,6.33,0
A_baseline,horizons,beginner,0,31,90,true,true,16.1,31,7ed72070,0.194,1.47,1,8.22,1
B1_no_opportunistic_randomness,horizons,beginner,0,31,91,true,true,16.5,31,6026452b,0.194,1.71,3,18.52,0
B2_no_rare_events,horizons,beginner,0,31,89,true,true,15.9,31,52325d09,0.226,1.5,5,16.41,3
C_no_narrative_memory,horizons,beginner,0,31,91,true,true,15.5,31,abbfaf56,0.129,1.43,1,10.78,0
E_no_ideology_effects,horizons,beginner,0,31,88,true,true,15.6,31,90ea8970,0.258,1.56,2,0,3
F_no_delayed_consequences,horizons,beginner,0,31,90,true,true,15.2,31,2b990524,0.065,1.67,2,13.66,2
A_baseline,horizons,beginner,1,31,88,true,true,16.6,31,2cf67a59,0.258,1.25,2,15.9,1
B1_no_opportunistic_randomness,horizons,beginner,1,31,88,true,true,15.6,31,b2f07dff,0.129,1.28,6,13.55,1
B2_no_rare_events,horizons,beginner,1,31,90,true,true,15.6,31,d315c21f,0.129,1.49,3,10.57,3
C_no_narrative_memory,horizons,beginner,1,31,91,true,true,17.8,31,cf8021df,0.387,1.97,1,12.06,0
E_no_ideology_effects,horizons,beginner,1,31,82,true,true,13.1,31,7aa80cf2,0.29,1.89,0,0,1
F_no_delayed_consequences,horizons,beginner,1,31,90,true,true,17.7,31,fc515d83,0.097,1.46,1,11.89,1
A_baseline,horizons,beginner,2,31,88,true,true,14,31,bfc28f08,0.161,1.67,5,14.16,2
B1_no_opportunistic_randomness,horizons,beginner,2,31,84,true,true,12.6,31,cf2da88c,0.194,1.56,3,13.46,0
B2_no_rare_events,horizons,beginner,2,31,93,true,true,17.2,31,f87fb01a,0.065,1.41,3,7.49,4
C_no_narrative_memory,horizons,beginner,2,25,66,false,false,13,25,e509111,0.16,1.11,1,11.11,0
E_no_ideology_effects,horizons,beginner,2,31,82,true,true,13.2,31,4413bc49,0.29,1.91,3,0,2
F_no_delayed_consequences,horizons,beginner,2,31,84,true,true,13.9,31,1abd4d8e,0.129,1.09,2,9.76,2
A_baseline,horizons,beginner,3,31,93,true,true,17.5,31,c07f541,0.323,1.79,3,25.85,2
B1_no_opportunistic_randomness,horizons,beginner,3,31,89,true,true,16.5,31,750fe727,0.258,1.83,1,17.9,1
B2_no_rare_events,horizons,beginner,3,29,83,true,false,15.1,29,dd0d77f8,0.276,1.58,5,11.82,4
C_no_narrative_memory,horizons,beginner,3,29,85,true,false,16.2,29,e2360454,0.241,1.58,2,7.39,0
E_no_ideology_effects,horizons,beginner,3,29,80,true,false,15.1,29,d4b4d04e,0.345,1.73,2,0,4
F_no_delayed_consequences,horizons,beginner,3,31,88,true,true,14,31,f1541bdd,0.129,1.68,2,16.54,4
A_baseline,horizons,beginner,4,31,92,true,true,18.3,31,951917dd,0.129,1.3,2,10.51,0
B1_no_opportunistic_randomness,horizons,beginner,4,31,92,true,true,18.5,31,2bb3ffd8,0.226,1.58,2,12.45,2
B2_no_rare_events,horizons,beginner,4,29,81,true,false,13.8,29,ee7da81a,0.276,1.79,4,13.37,2
C_no_narrative_memory,horizons,beginner,4,31,87,true,true,14.5,31,29deb24e,0.065,1.57,1,14.21,0
E_no_ideology_effects,horizons,beginner,4,25,58,false,false,12.2,25,86c12d9d,0.2,1.31,4,0,4
F_no_delayed_consequences,horizons,beginner,4,31,92,true,true,16.6,31,42f05a54,0.065,1.56,0,19.2,2
A_baseline,horizons,beginner,5,31,93,true,true,17.4,31,21d5f02,0.194,1.59,3,13.8,1
B1_no_opportunistic_randomness,horizons,beginner,5,31,89,true,true,14,31,89c399bd,0.129,1.39,2,15.21,3
B2_no_rare_events,horizons,beginner,5,25,63,false,false,11.7,25,9d56f999,0.24,1.67,2,11.69,3
C_no_narrative_memory,horizons,beginner,5,25,69,false,false,13.2,25,48f53bb5,0.16,1.55,6,15.88,0
E_no_ideology_effects,horizons,beginner,5,31,88,true,true,16.5,31,58ad56ac,0.258,1.61,3,0,3
F_no_delayed_consequences,horizons,beginner,5,31,93,true,true,18.1,31,aeee63b0,0.129,1.7,2,8.08,3
A_baseline,horizons,beginner,6,25,68,false,false,13,25,93759d11,0.2,1.4,5,9.74,3
B1_no_opportunistic_randomness,horizons,beginner,6,25,59,false,false,11.3,25,d76287a5,0.44,1.5,0,17.88,0
B2_no_rare_events,horizons,beginner,6,31,87,true,true,13.2,31,54fc8e76,0.065,1.54,1,15.48,1
C_no_narrative_memory,horizons,beginner,6,31,88,true,true,14.2,31,d670791,0.129,1.45,2,10.76,0
E_no_ideology_effects,horizons,beginner,6,31,88,true,true,14.9,31,1090aa6c,0.129,1.4,4,0,1
F_no_delayed_consequences,horizons,beginner,6,31,91,true,true,16.5,31,228983f1,0.129,1.43,1,13.61,1
A_baseline,horizons,beginner,7,31,85,true,true,14.8,31,6cdf74dc,0.129,1.66,1,18.12,0
B1_no_opportunistic_randomness,horizons,beginner,7,31,94,true,true,18.3,31,ec2a4c23,0.065,1.66,1,18.01,2
B2_no_rare_events,horizons,beginner,7,31,91,true,true,15.1,31,4a360958,0.161,1.47,1,12.12,3
C_no_narrative_memory,horizons,beginner,7,31,90,true,true,15.1,31,ccb87be7,0.194,1.78,0,9.02,0
E_no_ideology_effects,horizons,beginner,7,31,88,true,true,17.4,31,3f197681,0.194,1.86,2,0,2
F_no_delayed_consequences,horizons,beginner,7,31,93,true,true,16.8,31,4005b197,0.065,2.02,0,13.97,1
A_baseline,lr,strategist,0,31,86,true,true,16.7,31,aacfb280,0.323,1.74,2,25.63,4
B1_no_opportunistic_randomness,lr,strategist,0,31,85,true,true,16.2,31,3839a0e1,0.258,1.49,2,11.23,0
B2_no_rare_events,lr,strategist,0,29,74,true,false,14.8,29,90cb9a78,0.276,1.31,1,19.5,1
C_no_narrative_memory,lr,strategist,0,25,58,false,false,12.5,25,8a3e9fc0,0.44,1.27,2,21.33,0
E_no_ideology_effects,lr,strategist,0,31,82,true,true,16.5,31,98cbdd1,0.258,1.21,5,0,5
F_no_delayed_consequences,lr,strategist,0,31,84,true,true,16,31,69dd3791,0.258,1.24,1,8.38,0
A_baseline,lr,strategist,1,31,88,true,true,16.7,31,8bcc7670,0.387,1.43,1,21.13,2
B1_no_opportunistic_randomness,lr,strategist,1,31,83,true,true,14,31,82564cf9,0.323,1.77,2,12.2,3
B2_no_rare_events,lr,strategist,1,31,84,true,true,16.3,31,70c35c77,0.516,1.24,0,18.4,1
C_no_narrative_memory,lr,strategist,1,25,52,false,false,12,25,28d1ed58,0.6,1.07,0,8.53,0
E_no_ideology_effects,lr,strategist,1,31,77,true,true,14.8,31,b502f9ad,0.419,1.3,3,0,2
F_no_delayed_consequences,lr,strategist,1,29,74,true,false,14.9,29,81408382,0.621,1.22,2,12.06,4
A_baseline,lr,strategist,2,25,60,false,false,12.9,25,739b601b,0.44,1.15,4,9.63,5
B1_no_opportunistic_randomness,lr,strategist,2,31,94,true,true,20.7,31,1afbf57a,0.065,2.04,3,25.46,2
B2_no_rare_events,lr,strategist,2,31,88,true,true,17.2,31,9f008023,0.161,1.47,1,8.36,2
C_no_narrative_memory,lr,strategist,2,25,60,false,false,13.3,25,a4c9608,0.56,1.23,1,18.4,0
E_no_ideology_effects,lr,strategist,2,31,81,true,true,15.9,31,d72fa3e0,0.194,1.31,2,0,5
F_no_delayed_consequences,lr,strategist,2,31,84,true,true,16.9,31,62e530de,0.161,1.6,2,11.38,4
A_baseline,lr,strategist,3,25,62,false,false,14,25,6e563d6d,0.24,1.75,2,10.72,3
B1_no_opportunistic_randomness,lr,strategist,3,31,84,true,true,15.3,31,bd5702e9,0.323,2.09,0,24.38,1
B2_no_rare_events,lr,strategist,3,31,87,true,true,17.4,31,e3e21613,0.452,1.41,5,19.1,4
C_no_narrative_memory,lr,strategist,3,25,62,false,false,12.9,25,2536a981,0.32,1.37,3,22.16,0
E_no_ideology_effects,lr,strategist,3,25,57,false,false,13.3,25,160368c4,0.56,1.09,1,0,2
F_no_delayed_consequences,lr,strategist,3,29,82,true,false,16.5,29,8793b05c,0.276,1.97,2,18.63,1
A_baseline,lr,strategist,4,31,85,true,true,15.8,31,67fcb08a,0.355,2.2,3,16.33,2
B1_no_opportunistic_randomness,lr,strategist,4,31,93,true,true,19.4,31,8f80756e,0.258,1.65,1,13.8,1
B2_no_rare_events,lr,strategist,4,31,87,true,true,16.6,31,1b2ddb93,0.194,1.71,2,14.28,2
C_no_narrative_memory,lr,strategist,4,31,82,true,true,14.1,31,f43690d2,0.161,1.97,2,16.32,0
E_no_ideology_effects,lr,strategist,4,31,77,true,true,15.1,31,2fe8be2e,0.419,1.77,1,0,1
F_no_delayed_consequences,lr,strategist,4,31,87,true,true,17.7,31,deea3245,0.258,1.34,0,13.89,2
A_baseline,lr,strategist,5,25,49,false,false,10.1,25,6d894d50,0.44,0.61,3,15.73,3
B1_no_opportunistic_randomness,lr,strategist,5,29,75,true,false,14.4,29,7e915603,0.483,1.66,3,17.09,3
B2_no_rare_events,lr,strategist,5,29,72,true,false,13.2,29,891d32dd,0.483,1.37,2,15.17,4
C_no_narrative_memory,lr,strategist,5,31,87,true,true,16.9,31,acb2607f,0.194,1.47,3,20.75,0
E_no_ideology_effects,lr,strategist,5,31,82,true,true,16.5,31,63914ee4,0.387,1.38,2,0,2
F_no_delayed_consequences,lr,strategist,5,29,78,true,false,15.6,29,663acdce,0.276,1.57,0,22.87,2
A_baseline,lr,strategist,6,31,85,true,true,16,31,c25eba9a,0.129,1.54,3,19.99,2
B1_no_opportunistic_randomness,lr,strategist,6,31,87,true,true,16.6,31,df62dc6a,0.355,1.41,0,19.39,0
B2_no_rare_events,lr,strategist,6,31,88,true,true,16.7,31,3cd484e9,0.29,1.33,0,16.75,2
C_no_narrative_memory,lr,strategist,6,25,53,false,false,11.6,25,468f55c8,0.36,0.99,0,23.03,0
E_no_ideology_effects,lr,strategist,6,31,81,true,true,15.6,31,6389e4f7,0.226,1.31,1,0,2
F_no_delayed_consequences,lr,strategist,6,25,58,false,false,12.6,25,483e9788,0.48,1.49,3,16.67,3
A_baseline,lr,strategist,7,31,82,true,true,14,31,9006e2e6,0.097,1.45,3,20.56,3
B1_no_opportunistic_randomness,lr,strategist,7,31,83,true,true,14.3,31,135f5d64,0.194,1.83,0,15.56,2
B2_no_rare_events,lr,strategist,7,31,80,true,true,14,31,8210aef6,0.419,1.9,2,17.54,1
C_no_narrative_memory,lr,strategist,7,31,86,true,true,16.9,31,ae16d71f,0.355,1.5,1,19.48,0
E_no_ideology_effects,lr,strategist,7,25,55,false,false,12.6,25,32a22f3f,0.28,1.19,2,0,2
F_no_delayed_consequences,lr,strategist,7,31,90,true,true,18.1,31,6ec8f773,0.387,1.75,2,9.68,2
A_baseline,lr,cautious,0,31,87,true,true,16.9,31,5db4fa4c,0.29,1.89,2,6.86,2
B1_no_opportunistic_randomness,lr,cautious,0,31,82,true,true,15.1,31,d80d4f0c,0.29,1.47,2,11.49,0
B2_no_rare_events,lr,cautious,0,31,85,true,true,16.1,31,c486c69b,0.258,1.62,0,12.26,1
C_no_narrative_memory,lr,cautious,0,31,85,true,true,15.2,31,a319bc81,0.226,1.72,4,10.9,0
E_no_ideology_effects,lr,cautious,0,31,81,true,true,15.2,31,c627f6ca,0.387,1.3,3,0,3
F_no_delayed_consequences,lr,cautious,0,31,84,true,true,16,31,8f641c2a,0.258,1.37,2,14.67,0
A_baseline,lr,cautious,1,31,81,true,true,14.5,31,843e30fb,0.29,1.28,1,10.66,1
B1_no_opportunistic_randomness,lr,cautious,1,25,54,false,false,11.5,25,5cd8df45,0.36,1.13,2,8.72,2
B2_no_rare_events,lr,cautious,1,31,88,true,true,17.3,31,21f2ec2f,0.194,1.44,0,16.95,1
C_no_narrative_memory,lr,cautious,1,25,59,false,false,13.8,25,8c2b2cf2,0.44,1.47,2,9.06,0
E_no_ideology_effects,lr,cautious,1,31,77,true,true,14.2,31,169cf23e,0.419,1.3,3,0,1
F_no_delayed_consequences,lr,cautious,1,29,79,true,false,15.8,29,68e191d1,0.241,1.43,2,12.47,2
A_baseline,lr,cautious,2,25,60,false,false,12.7,25,48291f13,0.28,1.23,3,10.97,2
B1_no_opportunistic_randomness,lr,cautious,2,31,88,true,true,17.2,31,41231e58,0.065,1.45,4,15.17,2
B2_no_rare_events,lr,cautious,2,31,86,true,true,16.7,31,acd21203,0.097,1.49,2,17.44,2
C_no_narrative_memory,lr,cautious,2,31,82,true,true,14.5,31,db512189,0.29,1.52,0,10.17,0
E_no_ideology_effects,lr,cautious,2,25,56,false,false,13.4,25,a5e68af2,0.52,1.24,2,0,2
F_no_delayed_consequences,lr,cautious,2,29,76,true,false,15.9,29,e222c39c,0.138,1.44,2,6.81,1
A_baseline,lr,cautious,3,25,57,false,false,12.5,25,92087b7a,0.32,1.36,2,13.04,2
B1_no_opportunistic_randomness,lr,cautious,3,31,83,true,true,14.9,31,e976ad58,0.29,2.17,0,14.24,2
B2_no_rare_events,lr,cautious,3,31,82,true,true,15.7,31,e513267f,0.29,1.38,5,8.79,4
C_no_narrative_memory,lr,cautious,3,25,55,false,false,12.1,25,c64ec90f,0.28,1.34,3,11.69,0
E_no_ideology_effects,lr,cautious,3,29,73,true,false,15.1,29,d3047560,0.345,1.01,1,0,2
F_no_delayed_consequences,lr,cautious,3,29,80,true,false,16.6,29,e9bc8159,0.241,2.03,2,17.5,1
A_baseline,lr,cautious,4,31,85,true,true,16,31,a14810fc,0.29,1.46,0,6.25,1
B1_no_opportunistic_randomness,lr,cautious,4,31,91,true,true,18.4,31,7a837e94,0.194,1.51,0,15.27,1
B2_no_rare_events,lr,cautious,4,31,85,true,true,15.6,31,199b839d,0.258,1.64,2,16.49,2
C_no_narrative_memory,lr,cautious,4,31,83,true,true,15,31,b30fbe8b,0.194,2.08,3,18.85,0
E_no_ideology_effects,lr,cautious,4,31,78,true,true,14.9,31,12284f84,0.258,1.57,3,0,2
F_no_delayed_consequences,lr,cautious,4,31,89,true,true,17.5,31,82a2e8de,0.194,1.5,0,7.13,2
A_baseline,lr,cautious,5,25,58,false,false,12.6,25,c1c931f,0.16,1,2,10.17,1
B1_no_opportunistic_randomness,lr,cautious,5,29,77,true,false,14.7,29,754cadbb,0.345,1.68,3,18.06,2
B2_no_rare_events,lr,cautious,5,29,72,true,false,13.1,29,7cc3de49,0.276,1.43,3,15.33,2
C_no_narrative_memory,lr,cautious,5,31,85,true,true,16.3,31,deaece1,0.258,1.27,5,16.63,0
E_no_ideology_effects,lr,cautious,5,25,52,false,false,12.7,25,889c340a,0.4,1.24,2,0,2
F_no_delayed_consequences,lr,cautious,5,31,86,true,true,16.1,31,8bdac4bb,0.194,1.76,0,22.09,2
A_baseline,lr,cautious,6,31,83,true,true,15.2,31,afa35a48,0.129,1.59,6,14.51,5
B1_no_opportunistic_randomness,lr,cautious,6,31,83,true,true,15.5,31,b260016e,0.258,1.03,0,8.94,0
B2_no_rare_events,lr,cautious,6,31,85,true,true,16,31,191c8c57,0.29,1.36,0,9.53,0
C_no_narrative_memory,lr,cautious,6,29,75,true,false,14.1,29,9ef3b3ff,0.172,1.12,1,13.92,0
E_no_ideology_effects,lr,cautious,6,25,53,false,false,11.6,25,b7a7ebc6,0.28,1.14,0,0,1
F_no_delayed_consequences,lr,cautious,6,31,87,true,true,17.2,31,505590e6,0.419,1.88,1,10.97,0
A_baseline,lr,cautious,7,31,82,true,true,14.4,31,fe214227,0.097,1.17,2,14.08,2
B1_no_opportunistic_randomness,lr,cautious,7,29,75,true,false,13.1,29,d5d1f0d,0.207,1.62,0,17.93,2
B2_no_rare_events,lr,cautious,7,31,75,true,true,13,31,94f3145d,0.419,1.62,1,8.97,0
C_no_narrative_memory,lr,cautious,7,31,77,true,true,14.7,31,9c42d4b5,0.452,1.16,1,10.56,0
E_no_ideology_effects,lr,cautious,7,25,54,false,false,12.6,25,fce70647,0.44,1.28,1,0,1
F_no_delayed_consequences,lr,cautious,7,31,85,true,true,16.5,31,39bb9d9,0.29,1.21,2,9.39,1
A_baseline,lr,beginner,0,31,89,true,true,17.4,31,f119f33b,0.323,2.07,3,14.18,3
B1_no_opportunistic_randomness,lr,beginner,0,31,84,true,true,15.9,31,3839a0e1,0.323,1.54,2,12.63,0
B2_no_rare_events,lr,beginner,0,31,84,true,true,15.6,31,3efe550f,0.226,1.45,1,20.08,0
C_no_narrative_memory,lr,beginner,0,25,62,false,false,13.6,25,cd86e7fc,0.4,1.45,0,17.47,0
E_no_ideology_effects,lr,beginner,0,31,85,true,true,17.5,31,639a8655,0.226,1.49,5,0,4
F_no_delayed_consequences,lr,beginner,0,31,87,true,true,16.3,31,69dd3791,0.258,1.41,1,16.26,0
A_baseline,lr,beginner,1,31,85,true,true,15.6,31,843e30fb,0.29,1.54,1,16.44,1
B1_no_opportunistic_randomness,lr,beginner,1,31,83,true,true,14.2,31,2b0a7822,0.355,1.83,3,7.85,2
B2_no_rare_events,lr,beginner,1,31,87,true,true,16.4,31,d9ec4ae7,0.29,1.27,0,11.76,1
C_no_narrative_memory,lr,beginner,1,29,79,true,false,15.8,29,d3018d28,0.276,1.86,1,14.03,0
E_no_ideology_effects,lr,beginner,1,31,82,true,true,15.4,31,169cf23e,0.419,1.48,3,0,1
F_no_delayed_consequences,lr,beginner,1,29,81,true,false,16.7,29,b62d3db9,0.241,1.61,2,19.87,3
A_baseline,lr,beginner,2,25,57,false,false,11.8,25,cf00d6fa,0.56,1.11,3,13.22,2
B1_no_opportunistic_randomness,lr,beginner,2,31,95,true,true,19.8,31,b1236434,0.065,2.07,6,16.34,2
B2_no_rare_events,lr,beginner,2,31,86,true,true,16.4,31,9f008023,0.097,1.48,1,11.56,2
C_no_narrative_memory,lr,beginner,2,31,85,true,true,15,31,db512189,0.226,1.71,0,17.62,0
E_no_ideology_effects,lr,beginner,2,31,82,true,true,15.5,31,2bfc4287,0.323,1.31,2,0,5
F_no_delayed_consequences,lr,beginner,2,31,89,true,true,18.1,31,144003aa,0.129,1.87,2,17.84,3
A_baseline,lr,beginner,3,25,65,false,false,14.7,25,30bb7567,0.24,1.96,2,20.06,3
B1_no_opportunistic_randomness,lr,beginner,3,31,81,true,true,14.3,31,bd5702e9,0.29,2.05,0,18.37,1
B2_no_rare_events,lr,beginner,3,31,90,true,true,18.6,31,b396fe3,0.355,1.5,5,14.13,3
C_no_narrative_memory,lr,beginner,3,31,81,true,true,13.5,31,eef418f4,0.226,1.71,2,8.77,0
E_no_ideology_effects,lr,beginner,3,31,79,true,true,14,31,533c67b8,0.452,1.31,1,0,2
F_no_delayed_consequences,lr,beginner,3,29,82,true,false,16.8,29,8793b05c,0.241,2.08,2,16.7,1
A_baseline,lr,beginner,4,31,85,true,true,15.6,31,2f039197,0.29,1.39,1,11.63,2
B1_no_opportunistic_randomness,lr,beginner,4,31,93,true,true,19.2,31,7a837e94,0.161,1.67,0,15.37,1
B2_no_rare_events,lr,beginner,4,31,87,true,true,16.6,31,f99f76fc,0.258,1.9,2,15.38,2
C_no_narrative_memory,lr,beginner,4,31,84,true,true,15.3,31,5bd712f0,0.161,2.28,2,19.16,0
E_no_ideology_effects,lr,beginner,4,31,80,true,true,15.2,31,2fe8be2e,0.387,1.8,1,0,1
F_no_delayed_consequences,lr,beginner,4,31,88,true,true,17.3,31,5035cbf,0.129,1.37,0,10.41,2
A_baseline,lr,beginner,5,29,79,true,false,14.6,29,5d506a5c,0.138,1.99,3,20.45,2
B1_no_opportunistic_randomness,lr,beginner,5,29,79,true,false,15,29,7e915603,0.345,1.99,3,13.8,3
B2_no_rare_events,lr,beginner,5,31,84,true,true,14.5,31,16f4cc1f,0.161,1.76,3,16.61,4
C_no_narrative_memory,lr,beginner,5,31,86,true,true,16.6,31,346b5a54,0.258,1.24,3,22.23,0
E_no_ideology_effects,lr,beginner,5,31,86,true,true,17,31,4489d351,0.323,1.62,2,0,2
F_no_delayed_consequences,lr,beginner,5,31,84,true,true,15.8,31,1c9e86fb,0.194,1.69,0,15.28,2
A_baseline,lr,beginner,6,31,89,true,true,17.8,31,d38be09e,0.129,1.99,3,18.06,2
B1_no_opportunistic_randomness,lr,beginner,6,31,85,true,true,16.1,31,7d494be6,0.258,1.33,0,14.94,0
B2_no_rare_events,lr,beginner,6,31,89,true,true,17.2,31,e403acfa,0.29,1.64,1,19.04,3
C_no_narrative_memory,lr,beginner,6,31,82,true,true,14.3,31,c7744665,0.161,1.22,3,17.15,0
E_no_ideology_effects,lr,beginner,6,31,80,true,true,15.3,31,6389e4f7,0.258,1.38,1,0,2
F_no_delayed_consequences,lr,beginner,6,31,86,true,true,17,31,7bdfeb3c,0.387,1.85,1,17.27,1
A_baseline,lr,beginner,7,25,63,false,false,13.6,25,ea85e394,0.12,1.23,3,15.48,3
B1_no_opportunistic_randomness,lr,beginner,7,29,72,true,false,12.8,29,ee72239f,0.241,1.6,0,21.33,2
B2_no_rare_events,lr,beginner,7,31,84,true,true,15,31,48b3b88d,0.419,2.17,2,18.81,1
C_no_narrative_memory,lr,beginner,7,31,83,true,true,16.2,31,6459e783,0.484,1.65,0,13.92,0
E_no_ideology_effects,lr,beginner,7,31,78,true,true,13.7,31,767d4bc3,0.323,1.53,0,0,0
F_no_delayed_consequences,lr,beginner,7,31,88,true,true,17.4,31,b786256d,0.29,1.51,2,11.22,2
A_baseline,rn,strategist,0,31,76,true,true,15.8,31,68c93d4e,0.194,0.97,2,9.45,4
B1_no_opportunistic_randomness,rn,strategist,0,29,70,true,false,16.1,29,d8f86a2c,0,1.24,6,10.95,3
B2_no_rare_events,rn,strategist,0,29,66,true,false,14.7,29,8804bc01,0.138,1.53,4,8.18,4
C_no_narrative_memory,rn,strategist,0,29,75,true,false,18.2,29,f5557bc1,0.034,1.28,0,11.75,0
E_no_ideology_effects,rn,strategist,0,29,67,true,false,16.2,29,5a520841,0.138,1.27,5,3,7
F_no_delayed_consequences,rn,strategist,0,29,70,true,false,16.2,29,65a62080,0,0.71,2,13.96,2
A_baseline,rn,strategist,1,29,73,true,false,17.6,29,ef589e50,0.034,1.19,2,11.27,3
B1_no_opportunistic_randomness,rn,strategist,1,31,77,true,true,16.6,31,21f4f6f2,0,1.2,2,17.06,2
B2_no_rare_events,rn,strategist,1,31,71,true,true,14.9,31,1a2eba07,0.161,1.17,2,16.62,3
C_no_narrative_memory,rn,strategist,1,29,74,true,false,17.8,29,fb56cc38,0,1.31,0,9.57,0
E_no_ideology_effects,rn,strategist,1,31,76,true,true,17.7,31,a7268218,0.065,1.21,0,3,0
F_no_delayed_consequences,rn,strategist,1,29,69,true,false,15.1,29,cbbb84f7,0.138,1.66,4,12.48,3
A_baseline,rn,strategist,2,29,63,true,false,11.6,29,1d7e729f,0,1.04,5,17.3,4
B1_no_opportunistic_randomness,rn,strategist,2,31,82,true,true,18.6,31,74eb18ae,0.065,1.31,2,15.19,1
B2_no_rare_events,rn,strategist,2,31,78,true,true,17.3,31,60efa17a,0.097,1.56,3,12.21,4
C_no_narrative_memory,rn,strategist,2,29,76,true,false,18.4,29,114805f5,0.172,1.79,0,21.41,0
E_no_ideology_effects,rn,strategist,2,29,69,true,false,16.7,29,6c355854,0,1.18,2,0,3
F_no_delayed_consequences,rn,strategist,2,29,67,true,false,17.1,29,a608db8a,0.172,1.45,4,11.86,5
A_baseline,rn,strategist,3,29,78,true,false,18.8,29,f2c782da,0,1.01,2,17.57,3
B1_no_opportunistic_randomness,rn,strategist,3,31,76,true,true,15.9,31,70465f5d,0.032,1.59,2,19.33,1
B2_no_rare_events,rn,strategist,3,25,54,false,false,13.8,25,c408c819,0.2,0.92,4,12.53,5
C_no_narrative_memory,rn,strategist,3,29,68,true,false,14.6,29,637a167e,0.172,1.57,2,13.97,0
E_no_ideology_effects,rn,strategist,3,29,67,true,false,16.5,29,87ed6c4d,0.276,1.23,1,3,1
F_no_delayed_consequences,rn,strategist,3,29,75,true,false,19.5,29,5f709ca8,0.172,1.36,4,13.97,4
A_baseline,rn,strategist,4,31,82,true,true,18.3,31,a122532,0.032,1.4,2,6.62,2
B1_no_opportunistic_randomness,rn,strategist,4,29,69,true,false,14.2,29,3034d1b9,0.069,1.34,2,21.47,1
B2_no_rare_events,rn,strategist,4,31,84,true,true,18.9,31,69536ce0,0.065,1.53,2,12.69,1
C_no_narrative_memory,rn,strategist,4,31,76,true,true,13.3,31,1cb228b3,0.161,1.58,0,13.94,0
E_no_ideology_effects,rn,strategist,4,29,67,true,false,15.9,29,7a685ac2,0,1.31,1,0,2
F_no_delayed_consequences,rn,strategist,4,29,72,true,false,16.6,29,9a374afd,0.069,1.25,0,27.19,0
A_baseline,rn,strategist,5,29,68,true,false,14.4,29,8b82d379,0,1.56,3,13.78,2
B1_no_opportunistic_randomness,rn,strategist,5,25,53,false,false,13.4,25,496018b0,0.36,1.37,2,17.83,2
B2_no_rare_events,rn,strategist,5,31,80,true,true,17,31,77f3cba5,0.065,1.34,2,23.93,4
C_no_narrative_memory,rn,strategist,5,29,69,true,false,17.3,29,645da572,0.172,1.2,6,10.39,0
E_no_ideology_effects,rn,strategist,5,25,45,false,false,11.8,25,57037db,0.28,1.29,3,3,4
F_no_delayed_consequences,rn,strategist,5,29,72,true,false,17.7,29,4deb2cc9,0,1.12,2,20.04,2
A_baseline,rn,strategist,6,31,88,true,true,21.5,31,4feaea8,0,1.29,2,14.12,3
B1_no_opportunistic_randomness,rn,strategist,6,31,74,true,true,15.7,31,39bccaa4,0.065,1.27,0,21.46,1
B2_no_rare_events,rn,strategist,6,29,64,true,false,13.4,29,4b5d0618,0,1.03,4,15.08,3
C_no_narrative_memory,rn,strategist,6,31,84,true,true,19.3,31,9ce6f6da,0.065,1.43,1,29.82,0
E_no_ideology_effects,rn,strategist,6,29,67,true,false,15.1,29,fca7c2f2,0,1.4,1,0,2
F_no_delayed_consequences,rn,strategist,6,29,76,true,false,18.5,29,24399bd2,0,1.14,0,21.16,1
A_baseline,rn,strategist,7,29,71,true,false,15,29,49dd8e0,0.034,1.76,3,17.62,4
B1_no_opportunistic_randomness,rn,strategist,7,29,67,true,false,15.6,29,2becde92,0.207,1.45,1,14.26,1
B2_no_rare_events,rn,strategist,7,29,71,true,false,16.3,29,175c9cb6,0,1.19,1,15.6,2
C_no_narrative_memory,rn,strategist,7,31,78,true,true,16.4,31,8636f46a,0,1.47,0,11.59,0
E_no_ideology_effects,rn,strategist,7,29,70,true,false,17.2,29,b3fcdb0e,0,0.98,0,0,0
F_no_delayed_consequences,rn,strategist,7,31,79,true,true,17,31,fcd456c1,0.065,1.4,4,10.97,3
A_baseline,rn,cautious,0,31,84,true,true,18.3,31,4896670c,0,1.68,3,8.59,4
B1_no_opportunistic_randomness,rn,cautious,0,29,74,true,false,17.1,29,321e1ab9,0,1.56,7,8.52,2
B2_no_rare_events,rn,cautious,0,29,73,true,false,16.2,29,eb53d19c,0,1.68,4,10.12,4
C_no_narrative_memory,rn,cautious,0,31,86,true,true,20.3,31,f9303fee,0.032,1.79,1,7.43,0
E_no_ideology_effects,rn,cautious,0,31,79,true,true,17.8,31,aa315fa7,0.065,1.67,4,0,4
F_no_delayed_consequences,rn,cautious,0,29,77,true,false,17.8,29,3f4b9abb,0,1.03,2,9.47,2
A_baseline,rn,cautious,1,29,66,true,false,13,29,b215d62e,0.034,1.09,2,11.74,3
B1_no_opportunistic_randomness,rn,cautious,1,29,71,true,false,16.1,29,97f9371a,0,1.25,2,3.86,2
B2_no_rare_events,rn,cautious,1,29,73,true,false,16.9,29,8dbfd2c4,0.103,2.04,2,14.87,5
C_no_narrative_memory,rn,cautious,1,29,75,true,false,17.9,29,f24d62e7,0,1.33,0,10.41,0
E_no_ideology_effects,rn,cautious,1,31,78,true,true,17.6,31,a7268218,0,1.29,0,0,0
F_no_delayed_consequences,rn,cautious,1,29,68,true,false,14.6,29,9677fedb,0.138,1.79,4,11.81,3
A_baseline,rn,cautious,2,31,79,true,true,15.5,31,8cd3fb01,0,1.28,2,18.2,4
B1_no_opportunistic_randomness,rn,cautious,2,31,86,true,true,20.1,31,74eb18ae,0,1.75,2,6.34,1
B2_no_rare_events,rn,cautious,2,31,81,true,true,17.9,31,636e3bac,0.097,1.88,3,11.6,4
C_no_narrative_memory,rn,cautious,2,31,84,true,true,18,31,a07c1862,0.097,1.92,0,7.06,0
E_no_ideology_effects,rn,cautious,2,31,77,true,true,17.3,31,bc1f873e,0,1.35,2,0,3
F_no_delayed_consequences,rn,cautious,2,29,74,true,false,16.5,29,c4757e27,0.172,2.49,2,8.87,3
A_baseline,rn,cautious,3,31,84,true,true,19.6,31,75176061,0,1.43,5,15.99,3
B1_no_opportunistic_randomness,rn,cautious,3,31,79,true,true,16,31,70465f5d,0.032,1.98,2,6.34,1
B2_no_rare_events,rn,cautious,3,29,70,true,false,15.3,29,5ad2ed2a,0.034,1.58,4,7.52,3
C_no_narrative_memory,rn,cautious,3,29,68,true,false,14.4,29,a88bc04b,0.172,1.59,3,8.11,0
E_no_ideology_effects,rn,cautious,3,29,68,true,false,15.4,29,7decae8f,0.276,1.12,1,0,1
F_no_delayed_consequences,rn,cautious,3,31,83,true,true,20.9,31,79c41544,0.097,1.57,5,11.08,6
A_baseline,rn,cautious,4,31,80,true,true,17.1,31,d1c1051e,0.032,1.47,2,7.8,3
B1_no_opportunistic_randomness,rn,cautious,4,25,54,false,false,13.7,25,6e33032a,0,1.13,1,6.33,1
B2_no_rare_events,rn,cautious,4,31,76,true,true,17.1,31,c48b8188,0.065,1.24,2,12.12,1
C_no_narrative_memory,rn,cautious,4,31,72,true,true,13.1,31,5ac66343,0.097,1.62,0,18.16,0
E_no_ideology_effects,rn,cautious,4,29,71,true,false,17,29,7a685ac2,0,1.47,1,0,2
F_no_delayed_consequences,rn,cautious,4,31,79,true,true,16.3,31,c746260f,0.065,1.3,0,7.18,1
A_baseline,rn,cautious,5,29,72,true,false,15.4,29,b83469fc,0,2.04,0,11.38,1
B1_no_opportunistic_randomness,rn,cautious,5,31,81,true,true,16.5,31,140562c4,0.161,2.08,2,13.21,3
B2_no_rare_events,rn,cautious,5,31,82,true,true,18.2,31,25249ec9,0.065,1.73,2,4.53,3
C_no_narrative_memory,rn,cautious,5,31,83,true,true,18.6,31,bab3a1d4,0.161,1.79,5,7.29,0
E_no_ideology_effects,rn,cautious,5,25,52,false,false,13.1,25,c00c4b75,0.2,1.6,1,0,3
F_no_delayed_consequences,rn,cautious,5,31,85,true,true,19.2,31,166d42ee,0,1.76,2,9.07,2
A_baseline,rn,cautious,6,31,78,true,true,19.1,31,11f27a87,0,0.75,2,8.54,3
B1_no_opportunistic_randomness,rn,cautious,6,31,84,true,true,17.3,31,f9697bf6,0.065,1.81,0,5.02,1
B2_no_rare_events,rn,cautious,6,29,70,true,false,14.9,29,229993d6,0,1.31,4,13.32,4
C_no_narrative_memory,rn,cautious,6,31,83,true,true,18.3,31,dbc927b6,0.065,1.42,0,8.14,0
E_no_ideology_effects,rn,cautious,6,31,74,true,true,15.3,31,3e450960,0,1.32,1,0,2
F_no_delayed_consequences,rn,cautious,6,29,80,true,false,19.7,29,6a9d87e3,0,1.52,0,9.93,1
A_baseline,rn,cautious,7,31,84,true,true,19.6,31,355bd617,0.032,1.7,2,2.74,4
B1_no_opportunistic_randomness,rn,cautious,7,29,74,true,false,16.9,29,6d8e3bde,0,1.75,1,10.7,1
B2_no_rare_events,rn,cautious,7,29,73,true,false,16.5,29,fb688063,0.069,1.44,1,8.49,2
C_no_narrative_memory,rn,cautious,7,29,63,true,false,13.7,29,b4f95b27,0,1.06,2,8.36,0
E_no_ideology_effects,rn,cautious,7,31,83,true,true,19.6,31,db8d824,0,1.29,0,0,0
F_no_delayed_consequences,rn,cautious,7,31,82,true,true,18.1,31,8f2940fa,0.065,1.67,1,8.84,2
A_baseline,rn,beginner,0,31,81,true,true,17.9,31,a1459a04,0,1.73,2,13.98,4
B1_no_opportunistic_randomness,rn,beginner,0,29,76,true,false,17.6,29,974c275e,0,1.75,6,13.73,2
B2_no_rare_events,rn,beginner,0,29,78,true,false,17.6,29,7d4ec935,0,2.13,4,23.31,4
C_no_narrative_memory,rn,beginner,0,31,84,true,true,19.7,31,102cb366,0.032,1.69,4,1.92,0
E_no_ideology_effects,rn,beginner,0,31,78,true,true,17.8,31,e5b2d66b,0.065,1.83,6,0,6
F_no_delayed_consequences,rn,beginner,0,29,80,true,false,18.8,29,53bc9501,0,1.32,2,17.73,2
A_baseline,rn,beginner,1,31,71,true,true,13.3,31,48cb5e1c,0.032,1.22,2,13.62,3
B1_no_opportunistic_randomness,rn,beginner,1,31,77,true,true,16.2,31,faa1feb2,0,1.28,3,8.21,3
B2_no_rare_events,rn,beginner,1,29,73,true,false,16,29,576141b5,0.103,2.08,4,13.53,4
C_no_narrative_memory,rn,beginner,1,29,78,true,false,18.2,29,c1d13734,0,1.48,0,12.48,0
E_no_ideology_effects,rn,beginner,1,31,79,true,true,18.2,31,a7268218,0,1.41,0,0,0
F_no_delayed_consequences,rn,beginner,1,29,69,true,false,14.7,29,f89cfb15,0.138,1.76,2,10.32,2
A_baseline,rn,beginner,2,31,76,true,true,16.5,31,d3e04d81,0.065,1.56,5,19.32,4
B1_no_opportunistic_randomness,rn,beginner,2,31,90,true,true,21,31,791bf71e,0,2.15,2,8.64,1
B2_no_rare_events,rn,beginner,2,31,79,true,true,17.4,31,61987483,0.097,1.8,1,18.13,2
C_no_narrative_memory,rn,beginner,2,31,83,true,true,18.3,31,d73a5dc1,0.032,1.95,0,5.53,0
E_no_ideology_effects,rn,beginner,2,31,78,true,true,17.2,31,c846fe32,0,1.46,2,0,3
F_no_delayed_consequences,rn,beginner,2,29,74,true,false,16.4,29,6645a5a2,0.103,2.56,4,12.42,3
A_baseline,rn,beginner,3,31,85,true,true,20.1,31,f6703412,0,1.76,5,16.68,3
B1_no_opportunistic_randomness,rn,beginner,3,31,76,true,true,14.9,31,fcffd0e6,0.032,1.59,4,19.36,4
B2_no_rare_events,rn,beginner,3,29,73,true,false,15.6,29,f62e5da6,0.034,1.76,5,14.86,5
C_no_narrative_memory,rn,beginner,3,29,71,true,false,14.6,29,d326b976,0.172,1.7,3,6.16,0
E_no_ideology_effects,rn,beginner,3,29,70,true,false,16.3,29,f1600ccf,0.276,1.26,1,0,2
F_no_delayed_consequences,rn,beginner,3,31,85,true,true,21.1,31,d6e56e71,0.032,1.6,5,16.05,6
A_baseline,rn,beginner,4,29,68,true,false,15.2,29,9f90e8d4,0.034,1.4,1,9.22,2
B1_no_opportunistic_randomness,rn,beginner,4,31,76,true,true,14.7,31,72808e8,0,1.59,1,17.27,1
B2_no_rare_events,rn,beginner,4,29,70,true,false,14.7,29,8a097074,0.069,1.55,3,10.13,3
C_no_narrative_memory,rn,beginner,4,31,78,true,true,14.3,31,1cb228b3,0.032,1.97,0,14.05,0
E_no_ideology_effects,rn,beginner,4,29,70,true,false,17.1,29,8caad3dd,0,1.5,2,0,2
F_no_delayed_consequences,rn,beginner,4,31,80,true,true,16.9,31,8dbee6b9,0.065,1.44,1,13.27,1
A_baseline,rn,beginner,5,29,70,true,false,14.3,29,9c4328b5,0.069,1.55,4,10.63,3
B1_no_opportunistic_randomness,rn,beginner,5,31,80,true,true,16,31,257bf7db,0.161,2.17,2,9.48,4
B2_no_rare_events,rn,beginner,5,31,86,true,true,18.6,31,8ef11939,0.065,1.97,2,21.53,5
C_no_narrative_memory,rn,beginner,5,31,85,true,true,18.8,31,751f43ce,0.161,1.84,5,7.92,0
E_no_ideology_effects,rn,beginner,5,29,74,true,false,19.1,29,97d8c9a4,0.172,1.78,1,0,3
F_no_delayed_consequences,rn,beginner,5,31,81,true,true,17.9,31,aac6162d,0,1.36,2,16.72,2
A_baseline,rn,beginner,6,31,85,true,true,21,31,b947c5d2,0,1.2,3,12.88,5
B1_no_opportunistic_randomness,rn,beginner,6,31,81,true,true,16.9,31,cf497721,0.065,1.72,0,10.6,1
B2_no_rare_events,rn,beginner,6,29,70,true,false,14.9,29,9ed84284,0,1.44,3,17.02,2
C_no_narrative_memory,rn,beginner,6,31,86,true,true,19.6,31,efd6105f,0.065,1.79,0,6.14,0
E_no_ideology_effects,rn,beginner,6,31,75,true,true,15.2,31,c1479fa1,0,1.23,1,0,3
F_no_delayed_consequences,rn,beginner,6,29,77,true,false,19.2,29,6a9d87e3,0,1.29,0,21.3,1
A_baseline,rn,beginner,7,29,71,true,false,14.7,29,ef3a4015,0.034,1.83,3,5.95,4
B1_no_opportunistic_randomness,rn,beginner,7,29,73,true,false,17,29,2becde92,0.069,1.86,1,7.25,1
B2_no_rare_events,rn,beginner,7,31,83,true,true,17.4,31,3689b1c2,0,1.88,1,7.06,2
C_no_narrative_memory,rn,beginner,7,31,77,true,true,15.7,31,7ba27a96,0,1.75,0,18.03,0
E_no_ideology_effects,rn,beginner,7,31,83,true,true,19.8,31,4e5c7ecb,0,1.46,0,0,1
F_no_delayed_consequences,rn,beginner,7,31,84,true,true,19.2,31,677914e,0,1.9,4,9.28,3
A_baseline,reconquete,strategist,0,25,49,false,false,8.6,25,d7e98857,0.08,1.64,0,18.79,1
B1_no_opportunistic_randomness,reconquete,strategist,0,25,52,false,false,9.5,25,4d9b0b2a,0.08,1.17,5,25.08,2
B2_no_rare_events,reconquete,strategist,0,25,54,false,false,10.2,25,eea73bcf,0.36,1.86,1,22.38,1
C_no_narrative_memory,reconquete,strategist,0,25,54,false,false,9.5,25,2204ef8,0.2,1.55,2,18.02,0
E_no_ideology_effects,reconquete,strategist,0,25,51,false,false,10,25,2dbd29c2,0.12,1.01,3,0,3
F_no_delayed_consequences,reconquete,strategist,0,25,52,false,false,8.5,25,ea873960,0.28,1.54,0,17.95,1
A_baseline,reconquete,strategist,1,25,52,false,false,8.5,25,dc131c33,0.16,0.91,2,19.21,3
B1_no_opportunistic_randomness,reconquete,strategist,1,29,79,true,false,13.4,29,c8bd71d0,0.379,1.91,2,19.05,2
B2_no_rare_events,reconquete,strategist,1,25,57,false,false,10.7,25,1e14bb20,0.08,1.13,2,26.06,2
C_no_narrative_memory,reconquete,strategist,1,25,48,false,false,7.8,25,af568c71,0.08,1.17,0,6.78,0
E_no_ideology_effects,reconquete,strategist,1,25,51,false,false,10,25,aca41623,0,1.36,2,0,2
F_no_delayed_consequences,reconquete,strategist,1,25,49,false,false,8.3,25,63b9708d,0.08,1.15,5,22.93,3
A_baseline,reconquete,strategist,2,29,75,true,false,12.4,29,70dad8cd,0.379,1.95,1,19.84,0
B1_no_opportunistic_randomness,reconquete,strategist,2,29,78,true,false,14.1,29,bf6485e3,0.172,1.68,5,16.32,4
B2_no_rare_events,reconquete,strategist,2,25,56,false,false,9.9,25,c045db3b,0.08,1.07,3,21.51,4
C_no_narrative_memory,reconquete,strategist,2,25,63,false,false,12.4,25,e54fcde4,0,1.58,0,15.88,0
E_no_ideology_effects,reconquete,strategist,2,25,54,false,false,10.6,25,2b8e9234,0.12,1.41,5,0,5
F_no_delayed_consequences,reconquete,strategist,2,25,51,false,false,9.4,25,b315ecbf,0.08,0.95,3,11.95,3
A_baseline,reconquete,strategist,3,25,49,false,false,7.6,25,e18fbb15,0,1.52,4,23.67,1
B1_no_opportunistic_randomness,reconquete,strategist,3,31,86,true,true,14.6,31,1de74a5a,0.323,1.75,2,15.66,1
B2_no_rare_events,reconquete,strategist,3,25,46,false,false,6.9,25,75176e5e,0.32,1.37,1,14.62,2
C_no_narrative_memory,reconquete,strategist,3,25,52,false,false,10,25,63b324d9,0.16,1.28,0,7.87,0
E_no_ideology_effects,reconquete,strategist,3,25,51,false,false,10.1,25,178b2008,0.16,0.88,2,0,1
F_no_delayed_consequences,reconquete,strategist,3,25,51,false,false,9.8,25,be516925,0.08,0.85,3,15.03,1
A_baseline,reconquete,strategist,4,25,46,false,false,7.5,25,60593c9a,0,0.78,2,11.34,2
B1_no_opportunistic_randomness,reconquete,strategist,4,25,56,false,false,10.8,25,441493ac,0.24,1.38,0,13.64,1
B2_no_rare_events,reconquete,strategist,4,31,82,true,true,12.3,31,bb90a6cd,0.226,2.11,2,8.61,3
C_no_narrative_memory,reconquete,strategist,4,25,65,false,false,12.1,25,b3920d3c,0.36,1.87,1,21.02,0
E_no_ideology_effects,reconquete,strategist,4,25,48,false,false,9.5,25,41a7822e,0.08,0.8,1,0,2
F_no_delayed_consequences,reconquete,strategist,4,25,58,false,false,10.2,25,97ccb625,0.16,1.43,1,19.87,2
A_baseline,reconquete,strategist,5,25,65,false,false,12.6,25,ae5a4930,0.24,1.19,4,19.06,5
B1_no_opportunistic_randomness,reconquete,strategist,5,25,44,false,false,7.4,25,8ab9d5d8,0,0.89,5,23.02,3
B2_no_rare_events,reconquete,strategist,5,29,80,true,false,14.7,29,617063d1,0.207,1.57,2,17.57,3
C_no_narrative_memory,reconquete,strategist,5,25,62,false,false,11.1,25,797da398,0.08,1.59,0,26.61,0
E_no_ideology_effects,reconquete,strategist,5,29,73,true,false,12.9,29,1c91c373,0.207,1.32,2,0,2
F_no_delayed_consequences,reconquete,strategist,5,25,58,false,false,10.6,25,c5dfb4a6,0.16,1.98,5,26.49,3
A_baseline,reconquete,strategist,6,25,64,false,false,12.1,25,b9d9070,0.16,1.64,0,18.1,2
B1_no_opportunistic_randomness,reconquete,strategist,6,25,55,false,false,9.7,25,6cd84502,0.08,1.06,0,26.77,1
B2_no_rare_events,reconquete,strategist,6,25,49,false,false,7.7,25,2c700005,0,1.26,1,9.76,2
C_no_narrative_memory,reconquete,strategist,6,25,58,false,false,10.3,25,abf9d348,0.28,1.82,0,26.61,0
E_no_ideology_effects,reconquete,strategist,6,25,52,false,false,9.3,25,e1b692e0,0,1.06,2,0,1
F_no_delayed_consequences,reconquete,strategist,6,25,60,false,false,12,25,967becc3,0.08,1.38,2,18.93,2
A_baseline,reconquete,strategist,7,25,59,false,false,11.4,25,dc5475fe,0.36,1.7,2,16.34,3
B1_no_opportunistic_randomness,reconquete,strategist,7,25,51,false,false,8.5,25,e8104c9,0.04,1.81,1,18.57,1
B2_no_rare_events,reconquete,strategist,7,25,49,false,false,9.1,25,c46d83ec,0,1.06,1,15.62,1
C_no_narrative_memory,reconquete,strategist,7,25,47,false,false,7.9,25,3d79f1d0,0.24,1.48,1,14.56,0
E_no_ideology_effects,reconquete,strategist,7,25,49,false,false,8.3,25,a9f8659e,0.16,1.47,0,0,1
F_no_delayed_consequences,reconquete,strategist,7,25,48,false,false,9,25,6ff41da,0.08,0.88,6,20.02,4
A_baseline,reconquete,cautious,0,25,61,false,false,12,25,eabe27d4,0.4,2.46,3,7.54,2
B1_no_opportunistic_randomness,reconquete,cautious,0,25,63,false,false,11.5,25,80ed61f6,0.4,1.55,3,5.66,2
B2_no_rare_events,reconquete,cautious,0,25,63,false,false,11.8,25,c69e44ce,0.24,2.09,4,15.05,3
C_no_narrative_memory,reconquete,cautious,0,25,46,false,false,7.4,25,2204ef8,0.08,1.27,2,10.25,0
E_no_ideology_effects,reconquete,cautious,0,29,76,true,false,13.9,29,7c51e214,0.172,1.28,0,0,0
F_no_delayed_consequences,reconquete,cautious,0,25,50,false,false,7.8,25,ea873960,0.24,1.64,0,21.62,1
A_baseline,reconquete,cautious,1,25,53,false,false,8.9,25,9c19f435,0.28,1.16,4,10.99,3
B1_no_opportunistic_randomness,reconquete,cautious,1,29,78,true,false,13,29,b06b5322,0.276,1.87,2,11.42,2
B2_no_rare_events,reconquete,cautious,1,25,59,false,false,11.4,25,788d8ddf,0.32,1.24,2,13.27,2
C_no_narrative_memory,reconquete,cautious,1,25,47,false,false,7.5,25,cf2a18a0,0.12,1.23,0,2.78,0
E_no_ideology_effects,reconquete,cautious,1,25,54,false,false,10.5,25,aca41623,0.12,1.55,2,0,2
F_no_delayed_consequences,reconquete,cautious,1,25,48,false,false,8.4,25,a421e485,0.08,1.26,5,16.37,4
A_baseline,reconquete,cautious,2,29,79,true,false,13.7,29,41f91979,0.345,1.66,1,15.25,1
B1_no_opportunistic_randomness,reconquete,cautious,2,31,84,true,true,13.7,31,f99db22b,0.355,2.06,5,4.28,2
B2_no_rare_events,reconquete,cautious,2,31,87,true,true,13.6,31,80a4953e,0.387,1.93,5,13.68,3
C_no_narrative_memory,reconquete,cautious,2,31,85,true,true,13.2,31,336746ec,0.29,2.23,0,11.97,0
E_no_ideology_effects,reconquete,cautious,2,25,59,false,false,12.2,25,28a1907c,0.16,1.53,5,0,4
F_no_delayed_consequences,reconquete,cautious,2,25,53,false,false,10.5,25,a30dfcfa,0.32,1.25,6,14.41,5
A_baseline,reconquete,cautious,3,25,48,false,false,7.7,25,ae74c2d2,0.08,1.69,4,18.28,2
B1_no_opportunistic_randomness,reconquete,cautious,3,31,89,true,true,15.7,31,90a365b4,0.452,2.26,2,19.04,1
B2_no_rare_events,reconquete,cautious,3,25,56,false,false,9.9,25,4552c406,0.52,2.06,1,22.16,2
C_no_narrative_memory,reconquete,cautious,3,25,62,false,false,11.8,25,c8ec4ed4,0.24,1.46,1,11.33,0
E_no_ideology_effects,reconquete,cautious,3,25,54,false,false,10,25,715e3c2a,0.24,1.5,0,0,2
F_no_delayed_consequences,reconquete,cautious,3,31,83,true,true,12.5,31,16bcf180,0.258,1.67,2,13.29,1
A_baseline,reconquete,cautious,4,25,54,false,false,9.3,25,9d5d98a9,0.08,1.37,2,14.88,2
B1_no_opportunistic_randomness,reconquete,cautious,4,25,53,false,false,10.7,25,42efedb2,0.2,1.5,2,6.77,2
B2_no_rare_events,reconquete,cautious,4,25,52,false,false,10.4,25,30dfb684,0,1.25,2,11.73,4
C_no_narrative_memory,reconquete,cautious,4,25,65,false,false,12.2,25,aa8290a2,0.32,1.79,1,20.97,0
E_no_ideology_effects,reconquete,cautious,4,25,53,false,false,10.7,25,41a7822e,0.2,1.09,1,0,2
F_no_delayed_consequences,reconquete,cautious,4,25,56,false,false,10.1,25,a440032c,0.28,1.38,1,15.61,0
A_baseline,reconquete,cautious,5,25,57,false,false,10.3,25,433b0618,0.36,1.75,3,18.62,1
B1_no_opportunistic_randomness,reconquete,cautious,5,25,54,false,false,9.5,25,fa7feb21,0.32,1.64,6,15.9,2
B2_no_rare_events,reconquete,cautious,5,31,89,true,true,15.8,31,46d11d84,0.419,1.83,2,7.91,3
C_no_narrative_memory,reconquete,cautious,5,25,65,false,false,12.1,25,e9d7ca41,0.24,1.87,2,11.45,0
E_no_ideology_effects,reconquete,cautious,5,29,76,true,false,13.5,29,1c91c373,0.207,1.48,2,0,2
F_no_delayed_consequences,reconquete,cautious,5,25,66,false,false,12.6,25,c0e32c6c,0.32,2.5,4,14.98,2
A_baseline,reconquete,cautious,6,25,66,false,false,12.8,25,5ccc6cb4,0.32,1.86,1,5.43,2
B1_no_opportunistic_randomness,reconquete,cautious,6,25,55,false,false,9.6,25,4f63fdd,0.24,1.32,0,14.25,1
B2_no_rare_events,reconquete,cautious,6,25,58,false,false,9.9,25,d5fbb9b2,0.32,1.9,2,19.19,2
C_no_narrative_memory,reconquete,cautious,6,25,49,false,false,8.3,25,ebdedfd9,0,1.58,1,19.18,0
E_no_ideology_effects,reconquete,cautious,6,25,49,false,false,9,25,e1b692e0,0.04,1.1,2,0,1
F_no_delayed_consequences,reconquete,cautious,6,25,64,false,false,12.8,25,967becc3,0.28,1.65,2,15.26,2
A_baseline,reconquete,cautious,7,25,54,false,false,10.3,25,20e72b32,0.24,1.5,2,11.7,3
B1_no_opportunistic_randomness,reconquete,cautious,7,25,54,false,false,10.4,25,7b17fd82,0.12,1.7,2,12.23,2
B2_no_rare_events,reconquete,cautious,7,25,53,false,false,10.6,25,239c5559,0.24,1.23,2,15.4,3
C_no_narrative_memory,reconquete,cautious,7,25,51,false,false,8.7,25,79b612dd,0.2,1.79,1,10.95,0
E_no_ideology_effects,reconquete,cautious,7,25,44,false,false,6.9,25,a9f8659e,0.08,1.14,0,0,1
F_no_delayed_consequences,reconquete,cautious,7,25,55,false,false,10.6,25,e19530dd,0.28,1.17,4,13.56,3
A_baseline,reconquete,beginner,0,25,55,false,false,10,25,daa57c3f,0.2,1.95,0,12.61,1
B1_no_opportunistic_randomness,reconquete,beginner,0,31,85,true,true,12.3,31,652d875f,0.387,1.87,5,15.45,2
B2_no_rare_events,reconquete,beginner,0,29,79,true,false,12.6,29,d83d6ac3,0.31,2.45,1,18.13,2
C_no_narrative_memory,reconquete,beginner,0,25,54,false,false,9.8,25,8383d579,0.24,1.67,3,16.52,0
E_no_ideology_effects,reconquete,beginner,0,25,60,false,false,11.3,25,2dbd29c2,0.24,1.27,3,0,2
F_no_delayed_consequences,reconquete,beginner,0,25,46,false,false,6.8,25,ea873960,0.16,1.31,0,27.34,1
A_baseline,reconquete,beginner,1,25,54,false,false,9,25,9c19f435,0.24,1.19,4,7.83,3
B1_no_opportunistic_randomness,reconquete,beginner,1,31,89,true,true,14.5,31,ab8e8b2,0.323,2.28,2,14.42,3
B2_no_rare_events,reconquete,beginner,1,25,56,false,false,10.8,25,d15b7d4a,0.12,1.11,3,18,3
C_no_narrative_memory,reconquete,beginner,1,25,48,false,false,8,25,715755b,0.04,1.29,0,15.68,0
E_no_ideology_effects,reconquete,beginner,1,25,54,false,false,10.4,25,aca41623,0.16,1.53,2,0,2
F_no_delayed_consequences,reconquete,beginner,1,25,52,false,false,8.9,25,8280b2b8,0.2,1.53,4,14.34,5
A_baseline,reconquete,beginner,2,25,47,false,false,8.8,25,64408015,0.16,1.32,1,22.89,0
B1_no_opportunistic_randomness,reconquete,beginner,2,29,83,true,false,15.7,29,3f7c346,0.241,2.24,5,19.42,3
B2_no_rare_events,reconquete,beginner,2,29,80,true,false,13.2,29,dd2e9246,0.241,1.98,5,18.35,3
C_no_narrative_memory,reconquete,beginner,2,25,62,false,false,12.3,25,ee420ae3,0.16,1.64,0,12.22,0
E_no_ideology_effects,reconquete,beginner,2,25,54,false,false,10.7,25,2b8e9234,0.16,1.53,5,0,4
F_no_delayed_consequences,reconquete,beginner,2,31,85,true,true,12.3,31,7770443f,0.387,1.86,0,21.78,2
A_baseline,reconquete,beginner,3,25,54,false,false,8.6,25,72dfaeaa,0.12,1.84,3,21.98,3
B1_no_opportunistic_randomness,reconquete,beginner,3,31,90,true,true,15.4,31,e556a8be,0.419,2.07,3,18.26,1
B2_no_rare_events,reconquete,beginner,3,25,53,false,false,8.7,25,af5f5ffe,0.56,1.77,1,32.08,1
C_no_narrative_memory,reconquete,beginner,3,25,59,false,false,11.3,25,63b324d9,0.16,1.29,0,6.88,0
E_no_ideology_effects,reconquete,beginner,3,25,60,false,false,11.5,25,178b2008,0.2,1.18,2,0,1
F_no_delayed_consequences,reconquete,beginner,3,25,60,false,false,11.1,25,ca4fe837,0.08,1.04,2,15.85,1
A_baseline,reconquete,beginner,4,25,52,false,false,8.9,25,9b6517c4,0.16,1.14,4,17.21,4
B1_no_opportunistic_randomness,reconquete,beginner,4,25,56,false,false,10.1,25,fd691fee,0.2,1.32,3,20.06,2
B2_no_rare_events,reconquete,beginner,4,29,79,true,false,13.2,29,25596fef,0.207,2.31,2,15.28,3
C_no_narrative_memory,reconquete,beginner,4,31,87,true,true,13.2,31,ad9f1c93,0.194,2.24,1,28.05,0
E_no_ideology_effects,reconquete,beginner,4,25,54,false,false,10.9,25,41a7822e,0.24,1.12,1,0,2
F_no_delayed_consequences,reconquete,beginner,4,25,57,false,false,10.1,25,b2b443a,0.28,1.34,2,20.27,0
A_baseline,reconquete,beginner,5,29,84,true,false,14.7,29,9034f300,0.586,1.91,5,16.91,5
B1_no_opportunistic_randomness,reconquete,beginner,5,25,55,false,false,9.7,25,8b9ade23,0.24,1.56,4,18.67,2
B2_no_rare_events,reconquete,beginner,5,31,91,true,true,16,31,53d8fb53,0.29,2.13,2,27.47,3
C_no_narrative_memory,reconquete,beginner,5,25,66,false,false,11.9,25,a341eae8,0.2,1.85,1,16.32,0
E_no_ideology_effects,reconquete,beginner,5,29,75,true,false,13,29,1c91c373,0.207,1.34,2,0,2
F_no_delayed_consequences,reconquete,beginner,5,25,60,false,false,12,25,ec3db0c7,0.32,2.27,3,19.93,2
A_baseline,reconquete,beginner,6,25,68,false,false,12.9,25,4b962ad7,0.28,1.8,1,15.54,2
B1_no_opportunistic_randomness,reconquete,beginner,6,25,58,false,false,10.7,25,69f04b9b,0.36,1.42,2,16.85,1
B2_no_rare_events,reconquete,beginner,6,25,52,false,false,8.4,25,3643141e,0.28,1.48,1,12.69,3
C_no_narrative_memory,reconquete,beginner,6,25,51,false,false,8.7,25,f5051a34,0,1.67,2,32.02,0
E_no_ideology_effects,reconquete,beginner,6,25,55,false,false,10.3,25,e1b692e0,0.16,1.37,2,0,1
F_no_delayed_consequences,reconquete,beginner,6,31,84,true,true,13.5,31,138e85f4,0.484,1.78,2,19.97,2
A_baseline,reconquete,beginner,7,25,67,false,false,12.9,25,aaf9c2a,0.44,2.06,2,19.7,5
B1_no_opportunistic_randomness,reconquete,beginner,7,25,48,false,false,7.4,25,b4935f7c,0,1.52,0,13.67,1
B2_no_rare_events,reconquete,beginner,7,25,58,false,false,10.6,25,1c4ebabb,0.2,1.41,1,17.33,1
C_no_narrative_memory,reconquete,beginner,7,25,59,false,false,10.7,25,d615051a,0.32,1.97,3,22.04,0
E_no_ideology_effects,reconquete,beginner,7,25,50,false,false,8.3,25,a9f8659e,0.2,1.5,0,0,2
F_no_delayed_consequences,reconquete,beginner,7,25,66,false,false,11.9,25,178672d3,0.24,1.53,5,16.08,3
A_baseline,nouvelle_energie,strategist,0,31,88,true,true,15.6,31,249d62aa,0.161,1.54,2,13.97,3
B1_no_opportunistic_randomness,nouvelle_energie,strategist,0,31,92,true,true,19,31,77078571,0.226,1.6,2,9.98,0
B2_no_rare_events,nouvelle_energie,strategist,0,31,85,true,true,15.8,31,123a21a8,0.258,1.96,4,23.27,3
C_no_narrative_memory,nouvelle_energie,strategist,0,31,88,true,true,15.8,31,b3ce55cd,0.355,1.16,2,22.05,0
E_no_ideology_effects,nouvelle_energie,strategist,0,31,84,true,true,14.3,31,d20dcd9e,0.355,1.18,0,0,1
F_no_delayed_consequences,nouvelle_energie,strategist,0,25,66,false,false,13,25,18ed77d6,0.4,1.28,1,21.38,1
A_baseline,nouvelle_energie,strategist,1,31,84,true,true,15.6,31,6698da2e,0.226,0.98,2,18.23,3
B1_no_opportunistic_randomness,nouvelle_energie,strategist,1,31,89,true,true,15.7,31,98323a82,0.29,1.6,2,25.15,2
B2_no_rare_events,nouvelle_energie,strategist,1,31,86,true,true,14.3,31,3e4ce46,0.129,1.13,4,10.75,4
C_no_narrative_memory,nouvelle_energie,strategist,1,31,82,true,true,14,31,3905a82f,0.355,0.97,0,10.12,0
E_no_ideology_effects,nouvelle_energie,strategist,1,31,84,true,true,15.2,31,c21a6a7a,0.194,1.6,2,0,2
F_no_delayed_consequences,nouvelle_energie,strategist,1,25,61,false,false,12.6,25,f90ab4ce,0.32,1.17,4,15.18,3
A_baseline,nouvelle_energie,strategist,2,25,57,false,false,11.8,25,77e1fb82,0.28,0.65,3,16.42,1
B1_no_opportunistic_randomness,nouvelle_energie,strategist,2,31,87,true,true,14.8,31,2e22d0e5,0.032,1.79,1,18.76,1
B2_no_rare_events,nouvelle_energie,strategist,2,29,77,true,false,13.6,29,1661a399,0.31,1.08,1,22.35,1
C_no_narrative_memory,nouvelle_energie,strategist,2,25,64,false,false,12.1,25,3b49c147,0.24,1.45,0,22.01,0
E_no_ideology_effects,nouvelle_energie,strategist,2,31,87,true,true,17.4,31,36833971,0.323,1.26,3,0,2
F_no_delayed_consequences,nouvelle_energie,strategist,2,31,85,true,true,13.7,31,6dc73dda,0.097,1.14,1,20.71,0
A_baseline,nouvelle_energie,strategist,3,25,62,false,false,12.4,25,ec92862c,0.44,0.98,2,23.18,2
B1_no_opportunistic_randomness,nouvelle_energie,strategist,3,31,90,true,true,17.4,31,697a7ffc,0.226,1.5,0,29.57,1
B2_no_rare_events,nouvelle_energie,strategist,3,31,91,true,true,17.5,31,aa2d03fd,0.29,1.81,4,15.44,3
C_no_narrative_memory,nouvelle_energie,strategist,3,31,85,true,true,15.9,31,9a6b082,0.516,1.49,0,18.09,0
E_no_ideology_effects,nouvelle_energie,strategist,3,31,86,true,true,17.6,31,e2751bec,0.323,1.33,5,0,4
F_no_delayed_consequences,nouvelle_energie,strategist,3,31,84,true,true,13.6,31,7804d743,0.29,1.46,4,20.77,3
A_baseline,nouvelle_energie,strategist,4,25,65,false,false,13.6,25,a2450996,0.64,1.62,1,10.15,2
B1_no_opportunistic_randomness,nouvelle_energie,strategist,4,25,65,false,false,13.6,25,fe8c4c5b,0.2,1.58,1,20.73,1
B2_no_rare_events,nouvelle_energie,strategist,4,31,88,true,true,15.6,31,6ef64f31,0.29,1.54,2,7.67,2
C_no_narrative_memory,nouvelle_energie,strategist,4,31,90,true,true,15.8,31,3078b872,0.258,1.55,0,26.46,0
E_no_ideology_effects,nouvelle_energie,strategist,4,31,83,true,true,14.7,31,db787014,0.29,0.99,0,0,0
F_no_delayed_consequences,nouvelle_energie,strategist,4,31,86,true,true,14.2,31,825586cc,0.194,1.13,1,15.66,2
A_baseline,nouvelle_energie,strategist,5,29,83,true,false,16.3,29,2287ae08,0.241,1.99,4,18,1
B1_no_opportunistic_randomness,nouvelle_energie,strategist,5,31,91,true,true,18,31,7720eb45,0.258,1.51,3,10.75,3
B2_no_rare_events,nouvelle_energie,strategist,5,31,87,true,true,15.6,31,a2c6f8b7,0.194,1.65,1,22.73,2
C_no_narrative_memory,nouvelle_energie,strategist,5,31,88,true,true,15.4,31,9ad40dc9,0.226,1.25,0,18.34,0
E_no_ideology_effects,nouvelle_energie,strategist,5,29,73,true,false,12.2,29,de25a258,0.414,1.44,1,0,1
F_no_delayed_consequences,nouvelle_energie,strategist,5,31,87,true,true,16.9,31,a247b3d9,0.355,1.54,2,24.01,2
A_baseline,nouvelle_energie,strategist,6,31,84,true,true,15.8,31,37fdcb78,0.161,0.89,0,21.03,2
B1_no_opportunistic_randomness,nouvelle_energie,strategist,6,31,87,true,true,13.2,31,4159f5f,0.226,1.65,0,28.46,1
B2_no_rare_events,nouvelle_energie,strategist,6,31,86,true,true,15.4,31,4d379579,0.258,1.32,0,23.25,3
C_no_narrative_memory,nouvelle_energie,strategist,6,31,84,true,true,14.3,31,3b9488c5,0.484,1.09,2,22.57,0
E_no_ideology_effects,nouvelle_energie,strategist,6,31,85,true,true,16,31,cc4a1f62,0.323,1.61,0,0,1
F_no_delayed_consequences,nouvelle_energie,strategist,6,31,86,true,true,15.7,31,e74aa36e,0.194,1.4,3,24.3,4
A_baseline,nouvelle_energie,strategist,7,31,89,true,true,15.6,31,4a522b27,0.194,1.52,3,18.52,2
B1_no_opportunistic_randomness,nouvelle_energie,strategist,7,31,90,true,true,16.2,31,e3dafffb,0.129,2.39,2,19.28,1
B2_no_rare_events,nouvelle_energie,strategist,7,31,88,true,true,15.3,31,c92be1e1,0.129,1.14,1,15.35,3
C_no_narrative_memory,nouvelle_energie,strategist,7,31,88,true,true,15.1,31,1fb85204,0.29,1.43,0,13.94,0
E_no_ideology_effects,nouvelle_energie,strategist,7,31,84,true,true,14.2,31,dc369988,0.29,1.78,0,0,2
F_no_delayed_consequences,nouvelle_energie,strategist,7,31,85,true,true,13.9,31,778f4b11,0.387,1.62,3,5.45,1
A_baseline,nouvelle_energie,cautious,0,31,92,true,true,16.8,31,10a95564,0.194,1.74,3,5.96,3
B1_no_opportunistic_randomness,nouvelle_energie,cautious,0,31,91,true,true,17.7,31,57d5825,0.29,1.46,1,14.08,0
B2_no_rare_events,nouvelle_energie,cautious,0,31,93,true,true,16.9,31,d4bbf3e0,0.161,2.34,0,11.92,0
C_no_narrative_memory,nouvelle_energie,cautious,0,31,91,true,true,16.8,31,606ae90a,0.226,1.53,2,13.58,0
E_no_ideology_effects,nouvelle_energie,cautious,0,31,86,true,true,14.2,31,789ac272,0.161,1.28,0,0,1
F_no_delayed_consequences,nouvelle_energie,cautious,0,25,60,false,false,12.3,25,93d68544,0.16,1.43,1,11.55,0
A_baseline,nouvelle_energie,cautious,1,31,86,true,true,15.6,31,3b3e840c,0.258,1.03,2,10.31,3
B1_no_opportunistic_randomness,nouvelle_energie,cautious,1,31,86,true,true,14.1,31,8ddcc0ca,0.258,1.44,2,12.84,2
B2_no_rare_events,nouvelle_energie,cautious,1,31,92,true,true,17.3,31,8b08307d,0.097,1.69,2,11.49,4
C_no_narrative_memory,nouvelle_energie,cautious,1,31,86,true,true,14.3,31,98796f5e,0.194,1.07,0,10.71,0
E_no_ideology_effects,nouvelle_energie,cautious,1,31,85,true,true,14.5,31,7a9e3ff,0.194,1.62,2,0,3
F_no_delayed_consequences,nouvelle_energie,cautious,1,25,67,false,false,13,25,2a90f1ed,0.2,1.34,1,12.52,2
A_baseline,nouvelle_energie,cautious,2,29,81,true,false,13.7,29,a844b72e,0.103,1.23,4,13.31,1
B1_no_opportunistic_randomness,nouvelle_energie,cautious,2,31,89,true,true,14.2,31,b58ef7b6,0.032,1.7,0,6.49,0
B2_no_rare_events,nouvelle_energie,cautious,2,31,90,true,true,14.1,31,b7be5f4b,0.129,1.54,0,15.92,0
C_no_narrative_memory,nouvelle_energie,cautious,2,25,64,false,false,12.1,25,3b49c147,0.16,1.64,0,13.97,0
E_no_ideology_effects,nouvelle_energie,cautious,2,31,89,true,true,17,31,36833971,0.129,1.14,3,0,2
F_no_delayed_consequences,nouvelle_energie,cautious,2,31,89,true,true,14.1,31,57bb7fe4,0.032,1.48,1,10.65,0
A_baseline,nouvelle_energie,cautious,3,29,78,true,false,12.9,29,d788d42,0.172,1.19,2,19.46,2
B1_no_opportunistic_randomness,nouvelle_energie,cautious,3,31,93,true,true,18,31,220ddfc7,0.29,1.9,0,14.94,2
B2_no_rare_events,nouvelle_energie,cautious,3,31,92,true,true,17.2,31,9ef85449,0.226,1.56,4,9.8,4
C_no_narrative_memory,nouvelle_energie,cautious,3,31,90,true,true,16.8,31,c145d5de,0.452,1.66,1,16.06,0
E_no_ideology_effects,nouvelle_energie,cautious,3,31,88,true,true,17,31,2360d587,0.161,1.28,2,0,2
F_no_delayed_consequences,nouvelle_energie,cautious,3,31,87,true,true,13.7,31,d46acb3a,0.226,1.5,4,5.41,2
A_baseline,nouvelle_energie,cautious,4,31,90,true,true,15.1,31,d88eedec,0.323,1.59,1,9.96,3
B1_no_opportunistic_randomness,nouvelle_energie,cautious,4,25,69,false,false,13.8,25,82a10546,0.2,1.64,1,10.18,0
B2_no_rare_events,nouvelle_energie,cautious,4,31,90,true,true,15.3,31,6bd7699a,0.194,1.69,3,5.34,2
C_no_narrative_memory,nouvelle_energie,cautious,4,31,93,true,true,16.7,31,a4eb55f1,0.065,1.7,0,21.39,0
E_no_ideology_effects,nouvelle_energie,cautious,4,31,84,true,true,14,31,db787014,0.258,0.93,0,0,0
F_no_delayed_consequences,nouvelle_energie,cautious,4,31,89,true,true,15.8,31,ae4c11f9,0.258,1.22,1,8.52,3
A_baseline,nouvelle_energie,cautious,5,29,84,true,false,15.4,29,2287ae08,0.276,1.86,4,14.8,1
B1_no_opportunistic_randomness,nouvelle_energie,cautious,5,31,94,true,true,18.5,31,810ecede,0.097,1.7,5,11.22,2
B2_no_rare_events,nouvelle_energie,cautious,5,31,89,true,true,15.2,31,c1bb54a5,0.129,1.58,0,10,1
C_no_narrative_memory,nouvelle_energie,cautious,5,25,70,false,false,14.4,25,251a5750,0.28,1.64,0,14.87,0
E_no_ideology_effects,nouvelle_energie,cautious,5,31,82,true,true,12.9,31,3a4845b0,0.226,1.73,1,0,3
F_no_delayed_consequences,nouvelle_energie,cautious,5,31,92,true,true,17.5,31,a247b3d9,0.29,1.67,2,17.76,2
A_baseline,nouvelle_energie,cautious,6,31,91,true,true,16.2,31,fa8678a1,0.161,1.05,3,15.25,4
B1_no_opportunistic_randomness,nouvelle_energie,cautious,6,31,88,true,true,13.3,31,42baac6a,0.032,1.7,1,11.74,1
B2_no_rare_events,nouvelle_energie,cautious,6,31,90,true,true,16.7,31,61e166d,0.161,1.71,0,18.76,1
C_no_narrative_memory,nouvelle_energie,cautious,6,31,88,true,true,14.6,31,8ccd2a3c,0.323,1.32,2,9.03,0
E_no_ideology_effects,nouvelle_energie,cautious,6,31,88,true,true,15.5,31,19587f3f,0.129,1.58,0,0,1
F_no_delayed_consequences,nouvelle_energie,cautious,6,31,91,true,true,15.6,31,70bcc48,0.194,2.11,0,14.5,0
A_baseline,nouvelle_energie,cautious,7,31,88,true,true,13.8,31,a3838b82,0.065,1.12,2,13.01,2
B1_no_opportunistic_randomness,nouvelle_energie,cautious,7,31,90,true,true,14.6,31,bf0e81b3,0.129,1.98,1,15.39,1
B2_no_rare_events,nouvelle_energie,cautious,7,31,90,true,true,15.7,31,4cff32fc,0.226,1.46,0,9.19,1
C_no_narrative_memory,nouvelle_energie,cautious,7,25,60,false,false,12,25,ae6bdb3,0.48,1.31,0,9.98,0
E_no_ideology_effects,nouvelle_energie,cautious,7,25,63,false,false,13.1,25,44f72f76,0.36,1.56,0,0,2
F_no_delayed_consequences,nouvelle_energie,cautious,7,31,90,true,true,14.7,31,c277a6d0,0.387,1.86,3,8.22,1
A_baseline,nouvelle_energie,beginner,0,31,85,true,true,12.8,31,e2b4081d,0.194,1.74,3,13.05,2
B1_no_opportunistic_randomness,nouvelle_energie,beginner,0,31,93,true,true,18.7,31,77078571,0.226,1.73,2,8.71,0
B2_no_rare_events,nouvelle_energie,beginner,0,31,91,true,true,16.7,31,34a0120a,0.161,2.26,2,22.71,2
C_no_narrative_memory,nouvelle_energie,beginner,0,31,89,true,true,16.8,31,b2819493,0.194,1.42,2,15.89,0
E_no_ideology_effects,nouvelle_energie,beginner,0,31,86,true,true,14.7,31,d20dcd9e,0.355,1.57,0,0,1
F_no_delayed_consequences,nouvelle_energie,beginner,0,31,88,true,true,13.7,31,883b4fef,0.129,1.67,2,12.39,2
A_baseline,nouvelle_energie,beginner,1,31,90,true,true,17.5,31,a501175b,0.258,1.5,2,16.57,4
B1_no_opportunistic_randomness,nouvelle_energie,beginner,1,31,88,true,true,16,31,2fe4474a,0.129,1.68,2,19.82,3
B2_no_rare_events,nouvelle_energie,beginner,1,31,92,true,true,17.6,31,5cbb2c35,0.129,1.73,2,14.24,3
C_no_narrative_memory,nouvelle_energie,beginner,1,29,78,true,false,14.8,29,4399ef9d,0.138,1.12,0,22.24,0
E_no_ideology_effects,nouvelle_energie,beginner,1,31,87,true,true,15.5,31,e5f6f7b,0.194,1.7,2,0,4
F_no_delayed_consequences,nouvelle_energie,beginner,1,25,56,false,false,11.4,25,413206ef,0.16,1.17,2,14.18,1
A_baseline,nouvelle_energie,beginner,2,31,83,true,true,13.6,31,93fb7d16,0.032,1.25,2,25.9,1
B1_no_opportunistic_randomness,nouvelle_energie,beginner,2,31,84,true,true,13.5,31,d475010c,0.032,1.5,1,12.8,1
B2_no_rare_events,nouvelle_energie,beginner,2,31,88,true,true,14.5,31,d7b7680a,0.194,1.56,1,22.31,1
C_no_narrative_memory,nouvelle_energie,beginner,2,25,63,false,false,12.3,25,6f41a7ae,0.16,1.59,0,18.88,0
E_no_ideology_effects,nouvelle_energie,beginner,2,31,90,true,true,18.9,31,2c96bffb,0.194,1.73,2,0,2
F_no_delayed_consequences,nouvelle_energie,beginner,2,31,89,true,true,15.4,31,abe52cf6,0.097,1.83,1,17.55,0
A_baseline,nouvelle_energie,beginner,3,31,88,true,true,14.2,31,8cfcae18,0.258,1.62,5,7.56,3
B1_no_opportunistic_randomness,nouvelle_energie,beginner,3,31,90,true,true,17.4,31,697a7ffc,0.194,1.72,0,16.86,1
B2_no_rare_events,nouvelle_energie,beginner,3,31,91,true,true,17.1,31,f62f92b8,0.258,1.71,3,14.66,3
C_no_narrative_memory,nouvelle_energie,beginner,3,31,89,true,true,17.3,31,dfce86f1,0.387,1.73,0,14.49,0
E_no_ideology_effects,nouvelle_energie,beginner,3,31,87,true,true,17.1,31,2360d587,0.194,1.23,2,0,2
F_no_delayed_consequences,nouvelle_energie,beginner,3,31,85,true,true,14.8,31,343979f8,0.226,1.83,4,13.34,2
A_baseline,nouvelle_energie,beginner,4,31,89,true,true,14.8,31,f3e35495,0.323,1.54,3,15.51,2
B1_no_opportunistic_randomness,nouvelle_energie,beginner,4,31,86,true,true,14.9,31,20f45a82,0.161,1.74,0,20.72,1
B2_no_rare_events,nouvelle_energie,beginner,4,31,89,true,true,16.4,31,62e11ccd,0.258,2,2,6.01,2
C_no_narrative_memory,nouvelle_energie,beginner,4,31,91,true,true,16.5,31,b6e2ab33,0.129,1.85,1,22.58,0
E_no_ideology_effects,nouvelle_energie,beginner,4,31,87,true,true,15.4,31,db787014,0.194,1.23,0,0,1
F_no_delayed_consequences,nouvelle_energie,beginner,4,31,87,true,true,15.7,31,b41c7092,0.194,1.41,4,4.36,4
A_baseline,nouvelle_energie,beginner,5,29,82,true,false,15.3,29,b4183202,0.241,1.94,3,20.26,1
B1_no_opportunistic_randomness,nouvelle_energie,beginner,5,31,87,true,true,17,31,41f5d73b,0.258,1.49,3,16.19,4
B2_no_rare_events,nouvelle_energie,beginner,5,31,91,true,true,16.1,31,c0b82f33,0.194,1.85,0,14.25,1
C_no_narrative_memory,nouvelle_energie,beginner,5,25,72,false,false,14.2,25,ad1cbc40,0.28,1.59,0,10.02,0
E_no_ideology_effects,nouvelle_energie,beginner,5,29,75,true,false,12.9,29,de25a258,0.241,1.59,1,0,1
F_no_delayed_consequences,nouvelle_energie,beginner,5,31,85,true,true,16.7,31,13d328f9,0.258,1.52,3,21.62,2
A_baseline,nouvelle_energie,beginner,6,31,87,true,true,16.6,31,37fdcb78,0.161,1.15,0,26.56,2
B1_no_opportunistic_randomness,nouvelle_energie,beginner,6,31,89,true,true,13.9,31,42baac6a,0.032,1.8,1,20.79,1
B2_no_rare_events,nouvelle_energie,beginner,6,31,89,true,true,16.1,31,f05d4e27,0.161,1.56,0,20.31,3
C_no_narrative_memory,nouvelle_energie,beginner,6,31,84,true,true,14.8,31,7c9bcfbd,0.323,1.3,2,14.96,0
E_no_ideology_effects,nouvelle_energie,beginner,6,31,89,true,true,17.1,31,80424f12,0.129,1.9,0,0,3
F_no_delayed_consequences,nouvelle_energie,beginner,6,31,90,true,true,16.9,31,e74aa36e,0.194,1.79,3,18.02,3
A_baseline,nouvelle_energie,beginner,7,31,89,true,true,16.1,31,26acdece,0.065,1.6,2,17.44,4
B1_no_opportunistic_randomness,nouvelle_energie,beginner,7,31,87,true,true,15.3,31,60873730,0.065,1.97,4,24.1,1
B2_no_rare_events,nouvelle_energie,beginner,7,31,88,true,true,15.8,31,fca706ee,0.065,1.32,0,17.33,2
C_no_narrative_memory,nouvelle_energie,beginner,7,31,90,true,true,14.8,31,8cba625e,0.258,1.99,0,18.08,0
E_no_ideology_effects,nouvelle_energie,beginner,7,31,85,true,true,14.3,31,dc369988,0.226,1.88,0,0,2
F_no_delayed_consequences,nouvelle_energie,beginner,7,31,87,true,true,13.9,31,bbf7b7cd,0.387,1.66,2,7.03,0
