partyId,agent,seedIndex,sourcePartyId,share,abstentionRate,leftShare,rightShare
lfi,aleatoire,0,lfi,12.7,0.38735086720321565,0.3746561817051213,0.6253438182948787
lfi,aleatoire,0,ecologistes,7.5,0.3340538120233696,0.332240649400668,0.667759350599332
lfi,aleatoire,0,renaissance,11.4,0.41869544619197774,0.4323234246628409,0.5676765753371591
lfi,aleatoire,0,horizons,12.9,0.4508625158141757,0.46404844756244534,0.5359515524375547
lfi,aleatoire,0,lr,12.5,0.35357265660237985,0.5908705210085797,0.40912947899142027
lfi,aleatoire,0,reconquete,5.4,0.27382807153448613,0.6620622140328201,0.33793778596717994
lfi,aleatoire,0,nouvelle_energie,9.4,0.4391697076609171,0.5147931187016315,0.48520688129836853
lfi,aleatoire,1,ecologistes,6.8,0.2849538120233696,0.4530303179646843,0.5469696820353157
lfi,aleatoire,1,renaissance,9.3,0.4095954461919777,0.4717807187703188,0.5282192812296812
lfi,aleatoire,1,horizons,11.5,0.4417625158141757,0.47828993953140436,0.5217100604685956
lfi,aleatoire,1,lr,8.5,0.46,0.48498404453255867,0.5150159554674414
lfi,aleatoire,1,rn,12.4,0.46,0.5041281302187725,0.49587186978122755
lfi,aleatoire,1,reconquete,7.8,0.46,0.5032191104996439,0.49678088950035615
lfi,aleatoire,1,nouvelle_energie,13.7,0.46,0.4846069566944919,0.5153930433055081
lfi,aleatoire,2,lfi,12.1,0.3899716385423674,0.3761000759774082,0.6238999240225918
lfi,aleatoire,2,ecologistes,8,0.24515381202336958,0.2727657333764073,0.7272342666235927
lfi,aleatoire,2,renaissance,13,0.4197954461919777,0.4251323248154386,0.5748676751845614
lfi,aleatoire,2,horizons,12,0.4519625158141757,0.46149840848112067,0.5385015915188793
lfi,aleatoire,2,lr,12.4,0.40467265660237983,0.5235941350319596,0.4764058649680404
lfi,aleatoire,2,reconquete,3,0.32492807153448605,0.5991780524847637,0.40082194751523625
lfi,aleatoire,2,nouvelle_energie,12.6,0.4402697076609171,0.5103997054465086,0.4896002945534914
lfi,aleatoire,3,ecologistes,12.8,0.27755381202336965,0.5073533383927281,0.4926466616072719
lfi,aleatoire,3,renaissance,7.5,0.40219544619197767,0.484613794704587,0.515386205295413
lfi,aleatoire,3,horizons,13.9,0.43436251581417573,0.4876878433520978,0.5123121566479022
lfi,aleatoire,3,lr,10.8,0.46,0.49808786735311605,0.501912132646884
lfi,aleatoire,3,rn,10.5,0.46,0.5208902768744061,0.47910972312559386
lfi,aleatoire,3,reconquete,3.6,0.46,0.5226770434004234,0.4773229565995766
lfi,aleatoire,3,nouvelle_energie,10.9,0.46,0.49721720214234855,0.5027827978576515
lfi,aleatoire,4,ps,9.8,0.3268481447240053,0.3299619259925086,0.6700380740074914
lfi,aleatoire,4,ecologistes,7.1,0.39788540759174346,0.33837067281706434,0.6616293271829357
lfi,aleatoire,4,renaissance,12.8,0.46,0.44692722718332645,0.5530727728166736
lfi,aleatoire,4,horizons,11.4,0.46,0.47096121025026283,0.5290387897497372
lfi,aleatoire,4,lr,12.7,0.39027265660237986,0.5254800047406111,0.4745199952593889
lfi,aleatoire,4,reconquete,7,0.2605280715344861,0.631928805944389,0.36807119405561095
lfi,aleatoire,4,nouvelle_energie,11.6,0.42586970766091714,0.513813456942352,0.48618654305764797
lfi,aleatoire,5,ps,11.7,0.32931375972646854,0.3317846260424074,0.6682153739575927
lfi,aleatoire,5,ecologistes,12,0.40966067765662084,0.3389604317695771,0.6610395682304229
lfi,aleatoire,5,renaissance,12.4,0.46,0.44782963368914197,0.552170366310858
lfi,aleatoire,5,horizons,8.8,0.46,0.47353174694804734,0.5264682530519527
lfi,aleatoire,5,lr,8.8,0.4022726566023799,0.5273455842677734,0.47265441573222655
lfi,aleatoire,5,reconquete,9,0.27252807153448605,0.6392339576087891,0.3607660423912109
lfi,aleatoire,5,nouvelle_energie,8.3,0.43786970766091715,0.5149329604638134,0.4850670395361866
lfi,aleatoire,6,ecologistes,10.2,0.27755381202336965,0.5191601648220108,0.4808398351779892
lfi,aleatoire,6,renaissance,10.7,0.40219544619197767,0.5008162475466157,0.4991837524533843
lfi,aleatoire,6,horizons,12.4,0.43436251581417573,0.5068171160193826,0.4931828839806174
lfi,aleatoire,6,lr,9.2,0.46,0.5181801855321228,0.48181981446787725
lfi,aleatoire,6,rn,13,0.46,0.5377704623863225,0.46222953761367747
lfi,aleatoire,6,reconquete,4.4,0.46,0.543199166389706,0.456800833610294
lfi,aleatoire,6,nouvelle_energie,10.3,0.46,0.5179524942205943,0.4820475057794057
lfi,aleatoire,7,ps,11.6,0.2722271678218991,0.6136799641727757,0.3863200358272243
lfi,aleatoire,7,ecologistes,7.4,0.3041170331658846,0.6399460385978175,0.3600539614021825
lfi,aleatoire,7,renaissance,11.9,0.332994532788215,0.47950358196036713,0.5204964180396329
lfi,aleatoire,7,horizons,9.6,0.22528775604841744,0.4141155102391785,0.5858844897608215
lfi,aleatoire,7,lr,10.7,0.16758267339539623,0.3803312373283171,0.6196687626716829
lfi,aleatoire,7,rn,11.6,0.3756697076609171,0.46994403246349836,0.5300559675365016
lfi,aleatoire,7,reconquete,7,0.3623198402201497,0.4450533499143585,0.5549466500856415
lfi,aleatoire,8,ecologistes,6.3,0.2668538120233696,0.4689237417434629,0.5310762582565371
lfi,aleatoire,8,renaissance,12,0.3914954461919777,0.4998989357859514,0.5001010642140487
lfi,aleatoire,8,horizons,10.2,0.4236625158141757,0.5046550601542794,0.4953449398457206
lfi,aleatoire,8,lr,11.1,0.46,0.5159777143998507,0.48402228560014926
lfi,aleatoire,8,rn,10.6,0.46,0.5366080687621028,0.46339193123789724
lfi,aleatoire,8,reconquete,6.3,0.46,0.5409811064926925,0.4590188935073075
lfi,aleatoire,8,nouvelle_energie,12.6,0.46,0.5153585583323549,0.4846414416676451
lfi,aleatoire,9,ps,9,0.3267077917812026,0.4327450890808398,0.5672549109191602
lfi,aleatoire,9,ecologistes,10.3,0.31535575623941264,0.3837441327164032,0.6162558672835968
lfi,aleatoire,9,renaissance,8.4,0.33259453278821505,0.507237797200711,0.49276220279928895
lfi,aleatoire,9,horizons,12.6,0.22488775604841743,0.5789545528715176,0.42104544712848235
lfi,aleatoire,9,lr,12.7,0.16718267339539622,0.6169453321787348,0.3830546678212652
lfi,aleatoire,9,rn,11.9,0.37526970766091716,0.5263906098371007,0.47360939016289927
lfi,aleatoire,9,reconquete,9,0.36191984022014967,0.5497343531684014,0.45026564683159864
lfi,aleatoire,10,ps,8.8,0.3290820248925607,0.6626221716592643,0.3373778283407357
lfi,aleatoire,10,ecologistes,13.4,0.4103936847719689,0.6471457723410166,0.35285422765898344
lfi,aleatoire,10,renaissance,10.5,0.46,0.5455921917189149,0.45440780828108507
lfi,aleatoire,10,horizons,10.8,0.46,0.5196395423635489,0.4803604576364511
lfi,aleatoire,10,lr,10.3,0.4068726566023798,0.4646063575088724,0.5353936424911276
lfi,aleatoire,10,reconquete,6.3,0.2771280715344861,0.35291501156084837,0.6470849884391516
lfi,aleatoire,10,nouvelle_energie,11.7,0.4424697076609171,0.47743744633113483,0.5225625536688652
lfi,aleatoire,11,ps,12.7,0.3203483163849084,0.4634612957222587,0.5365387042777413
lfi,aleatoire,11,ecologistes,11.3,0.3504054067433564,0.44146792912940114,0.5585320708705989
lfi,aleatoire,11,renaissance,11.4,0.1541969921660684,0.6143051098139094,0.3856948901860906
lfi,aleatoire,11,lr,8.5,0.30106970355619816,0.555884114816379,0.444115885183621
lfi,aleatoire,11,rn,11.3,0.435866785515875,0.513766391787917,0.48623360821208295
lfi,aleatoire,11,reconquete,6.1,0.45090053285801407,0.5313030853020826,0.4686969146979174
lfi,aleatoire,11,nouvelle_energie,10,0.23488775604841744,0.6119131145863637,0.38808688541363634
lfi,aleatoire,12,lfi,12.2,0.46,0.45505167059276125,0.5449483294072388
lfi,aleatoire,12,ps,10.4,0.46,0.441144602242089,0.5588553977579109
lfi,aleatoire,12,ecologistes,10.9,0.46,0.4161338529346432,0.5838661470653568
lfi,aleatoire,12,renaissance,9.2,0.354994532788215,0.41863413270588634,0.5813658672941137
lfi,aleatoire,12,horizons,11.7,0.24728775604841746,0.3770579691295913,0.6229420308704088
lfi,aleatoire,12,lr,11.9,0.2395826733953962,0.4416119314989849,0.5583880685010151
lfi,aleatoire,12,reconquete,7.9,0.2323280715344861,0.5645847525680882,0.43541524743191184
lfi,aleatoire,13,ps,10.2,0.32071894262605133,0.6031469184829356,0.39685308151706444
lfi,aleatoire,13,ecologistes,10.3,0.29376404577941473,0.6831552567859488,0.3168447432140512
lfi,aleatoire,13,renaissance,10.7,0.3879291016103894,0.4942787970528472,0.5057212029471527
lfi,aleatoire,13,horizons,8.8,0.32996970355619815,0.4763187760179323,0.5236812239820676
lfi,aleatoire,13,rn,10.8,0.3785726566023798,0.46996597106379734,0.5300340289362027
lfi,aleatoire,13,reconquete,8.4,0.372044542999036,0.4443265038732813,0.5556734961267187
lfi,aleatoire,13,nouvelle_energie,11.7,0.2560826733953962,0.43116253081778166,0.5688374691822183
lfi,aleatoire,14,lfi,13.3,0.32608809051196325,0.5633540463241621,0.4366459536758379
lfi,aleatoire,14,ecologistes,8.1,0.2778538120233696,0.5892966623620883,0.41070333763791167
lfi,aleatoire,14,renaissance,9.2,0.29029453278821504,0.42998648248520066,0.5700135175147993
lfi,aleatoire,14,horizons,11.5,0.23258775604841747,0.40750065696288573,0.5924993430371143
lfi,aleatoire,14,lr,9.4,0.17488267339539626,0.3597675809677189,0.6402324190322811
lfi,aleatoire,14,rn,12.9,0.38296970766091715,0.4304319297650783,0.5695680702349217
lfi,aleatoire,14,reconquete,6.9,0.3696198402201497,0.4007051032916583,0.5992948967083417
lfi,aleatoire,15,ps,11.5,0.38137736945110523,0.6123146552534537,0.38768534474654626
lfi,aleatoire,15,ecologistes,11.2,0.31849363511662343,0.7243247350545837,0.2756752649454163
lfi,aleatoire,15,renaissance,11.5,0.46,0.551861868992658,0.448138131007342
lfi,aleatoire,15,horizons,10.8,0.46,0.5261620664218353,0.4738379335781647
lfi,aleatoire,15,lr,7.7,0.3980726566023799,0.4732061407588098,0.5267938592411903
lfi,aleatoire,15,reconquete,6.3,0.26832807153448607,0.36545164090373605,0.634548359096264
lfi,aleatoire,15,nouvelle_energie,12.7,0.43366970766091717,0.48516000088954175,0.5148399991104582
lfi,aleatoire,16,lfi,12.9,0.46,0.44706075690428165,0.5529392430957183
lfi,aleatoire,16,ps,8.5,0.46,0.43607624523904004,0.5639237547609599
lfi,aleatoire,16,ecologistes,12.4,0.46,0.4099308824818704,0.5900691175181296
lfi,aleatoire,16,renaissance,10.6,0.355994532788215,0.41839821682301204,0.581601783176988
lfi,aleatoire,16,horizons,12,0.2482877560484174,0.3736507505097587,0.6263492494902413
lfi,aleatoire,16,lr,9.1,0.1505826733953962,0.3743421283281268,0.6256578716718733
lfi,aleatoire,16,reconquete,5.9,0.283328071534486,0.5135689072218855,0.48643109277811447
lfi,aleatoire,17,ps,13.4,0.32536930926408264,0.3199934143820993,0.6800065856179007
lfi,aleatoire,17,ecologistes,9.2,0.3902968464357456,0.32326938646525516,0.6767306135347448
lfi,aleatoire,17,renaissance,12.4,0.46,0.457857406250129,0.542142593749871
lfi,aleatoire,17,horizons,13.4,0.46,0.4853256198698581,0.5146743801301419
lfi,aleatoire,17,lr,8.3,0.41157265660237985,0.5419186606403779,0.45808133935962214
lfi,aleatoire,17,reconquete,5.5,0.2818280715344861,0.6512006359509597,0.34879936404904033
lfi,aleatoire,17,nouvelle_energie,9.2,0.4471697076609171,0.5295100886482907,0.47048991135170926
lfi,aleatoire,18,ps,10.2,0.33398393493022765,0.6607663432660479,0.3392336567339521
lfi,aleatoire,18,ecologistes,7.3,0.40854076158548713,0.6450799900541868,0.3549200099458132
lfi,aleatoire,18,renaissance,11.3,0.46,0.5390955178354006,0.46090448216459945
lfi,aleatoire,18,horizons,11.9,0.46,0.5125108533840722,0.4874891466159278
lfi,aleatoire,18,lr,11.1,0.39927265660237987,0.45592150894015626,0.5440784910598437
lfi,aleatoire,18,reconquete,7,0.31952807153448604,0.3986542778820552,0.6013457221179448
lfi,aleatoire,18,nouvelle_energie,11.1,0.43486970766091715,0.46883770543970593,0.5311622945602941
lfi,aleatoire,19,ps,10.9,0.39335803527610264,0.6104633928135798,0.38953660718642025
lfi,aleatoire,19,ecologistes,10.5,0.4114268890040823,0.6558127259897948,0.3441872740102052
lfi,aleatoire,19,renaissance,11.3,0.46,0.5529354323222688,0.4470645676777312
lfi,aleatoire,19,horizons,9.5,0.46,0.5220241185775882,0.47797588142241176
lfi,aleatoire,19,lr,11.1,0.40247265660237985,0.4674672080554932,0.5325327919445069
lfi,aleatoire,19,reconquete,5.3,0.32272807153448607,0.413205774377563,0.586794225622437
lfi,aleatoire,19,nouvelle_energie,9.4,0.43806970766091713,0.4803823008737624,0.5196176991262376
lfi,prudent,0,ps,11.2,0.3324739443223102,0.3575340924151883,0.6424659075848117
lfi,prudent,0,ecologistes,11.8,0.3995902531368023,0.3379269056594859,0.6620730943405141
lfi,prudent,0,renaissance,13.3,0.46,0.43631480668159534,0.5636851933184046
lfi,prudent,0,horizons,8.7,0.46,0.46146764243099675,0.5385323575690033
lfi,prudent,0,lr,10.4,0.39147265660237984,0.5129154949444412,0.4870845050555588
lfi,prudent,0,reconquete,3.1,0.2617280715344861,0.6222844365015863,0.37771556349841373
lfi,prudent,0,nouvelle_energie,13.2,0.4270697076609171,0.5004148792151705,0.49958512078482953
lfi,prudent,1,ecologistes,10.6,0.3084538120233696,0.5018853701397469,0.4981146298602531
lfi,prudent,1,renaissance,11.4,0.39309544619197767,0.5046569237183333,0.49534307628166674
lfi,prudent,1,horizons,12.3,0.4252625158141757,0.4945961049784184,0.5054038950215816
lfi,prudent,1,lr,8.2,0.46,0.48221592985987316,0.5177840701401268
lfi,prudent,1,rn,12.8,0.46,0.4595236115120524,0.5404763884879475
lfi,prudent,1,reconquete,7.3,0.46,0.45517824801639634,0.5448217519836036
lfi,prudent,1,nouvelle_energie,11.2,0.46,0.4833461370264027,0.5166538629735973
lfi,prudent,2,lfi,12.6,0.46,0.5561751706985762,0.44382482930142375
lfi,prudent,2,ps,11.9,0.38509544619197766,0.5558445572007269,0.4441554427992731
lfi,prudent,2,ecologistes,7.2,0.4455398358465896,0.5768417526073601,0.42315824739263985
lfi,prudent,2,horizons,10.3,0.17449699216606837,0.5988117313448177,0.4011882686551823
lfi,prudent,2,rn,10.8,0.3699726566023799,0.4615689929635792,0.5384310070364208
lfi,prudent,2,reconquete,10.1,0.31344454299903596,0.38951951529957496,0.610480484700425
lfi,prudent,2,nouvelle_energie,10,0.1974826733953962,0.4273324237065679,0.5726675762934321
lfi,prudent,3,ps,10.7,0.3070831225395049,0.5759307282015518,0.4240692717984482
lfi,prudent,3,ecologistes,10.5,0.3859384279669029,0.5381990544774621,0.4618009455225379
lfi,prudent,3,horizons,10.2,0.21159699216606837,0.40659087892729745,0.5934091210727026
lfi,prudent,3,lr,9.6,0.37642910161038934,0.4728038783733028,0.5271961216266972
lfi,prudent,3,rn,11.6,0.46,0.5172149956881914,0.4827850043118086
lfi,prudent,3,reconquete,8.5,0.46,0.5047037645209942,0.4952962354790058
lfi,prudent,3,nouvelle_energie,9.5,0.359994532788215,0.46852086504763685,0.5314791349523631
lfi,prudent,4,ps,9.8,0.37250094786117316,0.3772696383193791,0.6227303616806209
lfi,prudent,4,ecologistes,11.3,0.3504409963009332,0.28658409790374006,0.7134159020962599
lfi,prudent,4,renaissance,8.4,0.46,0.44280686085208026,0.5571931391479197
lfi,prudent,4,horizons,13.7,0.46,0.46497790372120174,0.5350220962787983
lfi,prudent,4,lr,8.2,0.34847265660237986,0.5784584697833927,0.42154153021660734
lfi,prudent,4,reconquete,9.4,0.3187280715344861,0.5737918556059834,0.42620814439401655
lfi,prudent,4,nouvelle_energie,10.9,0.4340697076609171,0.5050390202920376,0.4949609797079624
lfi,prudent,5,ps,12.5,0.292995477593831,0.4090218365043107,0.5909781634956893
lfi,prudent,5,ecologistes,8.9,0.37260397673380485,0.44094367820018016,0.5590563217998199
lfi,prudent,5,renaissance,8.9,0.24599699216606838,0.5546978716748227,0.44530212832517735
lfi,prudent,5,lr,12.8,0.30286970355619813,0.5570384526644215,0.44296154733557846
lfi,prudent,5,rn,10.8,0.437666785515875,0.5092319601924531,0.4907680398075469
lfi,prudent,5,reconquete,8.2,0.45270053285801404,0.5282986643245758,0.47170133567542416
lfi,prudent,5,nouvelle_energie,9.9,0.23668775604841746,0.6132240394088377,0.38677596059116226
lfi,prudent,6,ecologistes,8.3,0.2232538120233696,0.4186209690229898,0.5813790309770102
lfi,prudent,6,renaissance,12,0.3978954461919777,0.48097486277128093,0.5190251372287191
lfi,prudent,6,horizons,12.9,0.4300625158141757,0.49143315174935104,0.5085668482506489
lfi,prudent,6,lr,8.6,0.46,0.4999520736731077,0.5000479263268923
lfi,prudent,6,rn,11.9,0.46,0.5198975392417124,0.48010246075828755
lfi,prudent,6,reconquete,4.1,0.46,0.5215078103904242,0.47849218960957585
lfi,prudent,6,nouvelle_energie,9.2,0.46,0.49945702958329763,0.5005429704167024
lfi,prudent,7,ps,9.4,0.34437333266577114,0.5270812347497429,0.4729187652502571
lfi,prudent,7,ecologistes,8.2,0.37753004854683264,0.5400387842712208,0.45996121572877924
lfi,prudent,7,renaissance,13,0.2085969921660684,0.40977345700675544,0.5902265429932445
lfi,prudent,7,lr,11.1,0.2554697035561982,0.3783355521995436,0.6216644478004564
lfi,prudent,7,rn,10.4,0.440266785515875,0.4741870009829478,0.5258129990170521
lfi,prudent,7,reconquete,7.9,0.4553005328580141,0.4532458675613359,0.5467541324386641
lfi,prudent,7,nouvelle_energie,11.3,0.23928775604841745,0.3727694653918964,0.6272305346081035
lfi,prudent,8,ps,9.7,0.2915423666060776,0.6833220464556121,0.3166779535443879
lfi,prudent,8,ecologistes,7.2,0.40669480099545685,0.6587850336489158,0.34121496635108417
lfi,prudent,8,renaissance,12.8,0.46,0.556768886658631,0.443231113341369
lfi,prudent,8,horizons,10.6,0.46,0.5314978641397085,0.46850213586029155
lfi,prudent,8,lr,11.6,0.39157265660237983,0.47946631992708866,0.5205336800729113
lfi,prudent,8,reconquete,9.1,0.2618280715344861,0.37450974451526925,0.6254902554847308
lfi,prudent,8,nouvelle_energie,9.8,0.4271697076609171,0.4917331962967148,0.5082668037032851
lfi,prudent,9,ps,8.2,0.31250935226748505,0.5739771172042855,0.42602288279571454
lfi,prudent,9,ecologistes,6.8,0.3744948799049931,0.565313192006564,0.43468680799343595
lfi,prudent,9,horizons,9.8,0.2585969921660684,0.4670721649271051,0.5329278350728949
lfi,prudent,9,lr,10.7,0.3234291016103894,0.4301919483244238,0.5698080516755761
lfi,prudent,9,rn,10.6,0.46,0.5366856727480517,0.4633143272519483
lfi,prudent,9,reconquete,6.1,0.46,0.5251866401319396,0.4748133598680604
lfi,prudent,9,nouvelle_energie,9.5,0.30699453278821504,0.426389091205732,0.573610908794268
lfi,prudent,9,lr_dissidence_21,9.8,0.3734291016103894,0.4940150442542003,0.5059849557457997
lfi,prudent,10,ps,9.9,0.38170485022435363,0.614053340757488,0.38594665924251204
lfi,prudent,10,ecologistes,9.2,0.40612961000098613,0.6565431041016991,0.34345689589830086
lfi,prudent,10,renaissance,10.5,0.46,0.5527681592856669,0.4472318407143331
lfi,prudent,10,horizons,9.7,0.46,0.5271032057656335,0.4728967942343665
lfi,prudent,10,lr,10.7,0.3939726566023799,0.47392138819609203,0.526078611803908
lfi,prudent,10,reconquete,7.3,0.2642280715344861,0.3665604328269608,0.6334395671730392
lfi,prudent,10,nouvelle_energie,12.4,0.4295697076609172,0.4863053091526575,0.5136946908473425
lfi,prudent,11,ecologistes,10.9,0.2748538120233696,0.4571594299787072,0.5428405700212928
lfi,prudent,11,renaissance,10.6,0.39949544619197774,0.47299348562092414,0.5270065143790759
lfi,prudent,11,horizons,10.1,0.4316625158141757,0.48546172643893554,0.5145382735610644
lfi,prudent,11,lr,9.7,0.46,0.4945156633647259,0.5054843366352741
lfi,prudent,11,rn,9.3,0.46,0.5168910115588061,0.4831089884411939
lfi,prudent,11,reconquete,8.7,0.46,0.5170198700464712,0.4829801299535288
lfi,prudent,11,nouvelle_energie,11.9,0.46,0.4934318347732212,0.5065681652267788
lfi,prudent,12,ps,8.5,0.2944864055297959,0.6871430792750534,0.31285692072494664
lfi,prudent,12,ecologistes,9.9,0.40965560416043034,0.6636921478591479,0.3363078521408521
lfi,prudent,12,renaissance,8.4,0.46,0.5621418430807046,0.4378581569192954
lfi,prudent,12,horizons,10.8,0.46,0.5362166500221663,0.46378334997783366
lfi,prudent,12,lr,12.8,0.39847265660237985,0.4828587701396346,0.5171412298603655
lfi,prudent,12,reconquete,3.8,0.3187280715344861,0.4289705333232106,0.5710294666767894
lfi,prudent,12,nouvelle_energie,10.5,0.4340697076609171,0.4960656010114852,0.5039343989885148
lfi,prudent,13,lfi,12.7,0.2924670256668329,0.5928345265235287,0.40716547347647125
lfi,prudent,13,ecologistes,10.4,0.2386538120233696,0.6209392370592828,0.3790607629407172
lfi,prudent,13,renaissance,10.4,0.21269699216606838,0.4364540876955019,0.5635459123044981
lfi,prudent,13,lr,9.9,0.2595697035561982,0.3893711120340139,0.610628887965986
lfi,prudent,13,rn,12.7,0.444366785515875,0.46321941001888467,0.5367805899811153
lfi,prudent,13,reconquete,7.6,0.4594005328580141,0.4424269771272224,0.5575730228727775
lfi,prudent,13,nouvelle_energie,9,0.29338775604841744,0.43765753007243113,0.5623424699275689
lfi,prudent,14,ecologistes,9.8,0.31555381202336963,0.48562125438293513,0.5143787456170649
lfi,prudent,14,renaissance,8.9,0.40019544619197767,0.48913197998082514,0.5108680200191749
lfi,prudent,14,horizons,12.6,0.43236251581417573,0.4950289433673714,0.5049710566326286
lfi,prudent,14,lr,8,0.46,0.5055130410557686,0.49448695894423145
lfi,prudent,14,rn,12,0.46,0.5269277032354225,0.4730722967645775
lfi,prudent,14,reconquete,8.7,0.46,0.5299335749102754,0.4700664250897246
lfi,prudent,14,nouvelle_energie,9,0.46,0.5048673776686556,0.49513262233134436
lfi,prudent,15,ps,11.7,0.33337138620815815,0.5338028483991287,0.4661971516008713
lfi,prudent,15,ecologistes,9.8,0.3596407488241066,0.5493184869266238,0.4506815130733762
lfi,prudent,15,horizons,11.6,0.2627969921660684,0.45062145449588487,0.5493785455041151
lfi,prudent,15,lr,9.3,0.3776291016103894,0.467729864910006,0.532270135089994
lfi,prudent,15,rn,10.1,0.46,0.5100927711065066,0.48990722889349336
lfi,prudent,15,reconquete,6.9,0.46,0.49574219755805277,0.5042578024419473
lfi,prudent,15,nouvelle_energie,11.3,0.311194532788215,0.40640953482320863,0.5935904651767914
lfi,prudent,16,lfi,13.3,0.46,0.4259999149414683,0.5740000850585316
lfi,prudent,16,ps,10.7,0.4205625158141757,0.4151652539322936,0.5848347460677064
lfi,prudent,16,ecologistes,10.7,0.46,0.3832031139106213,0.6167968860893787
lfi,prudent,16,renaissance,9.9,0.2177969921660684,0.34399790801504065,0.6560020919849594
lfi,prudent,16,lr,9,0.2746697035561982,0.4144102100914815,0.5855897899085185
lfi,prudent,16,reconquete,7.5,0.29352807153448607,0.5439680147986398,0.45603198520136023
lfi,prudent,16,nouvelle_energie,10.2,0.30848775604841744,0.4498992123983985,0.5501007876016015
lfi,prudent,17,ps,13.9,0.3406440084538093,0.5371508489452308,0.4628491510547692
lfi,prudent,17,ecologistes,10.6,0.3608329950328885,0.5524255394386879,0.4475744605613121
lfi,prudent,17,renaissance,8.2,0.1561969921660684,0.37805326001721457,0.6219467399827854
lfi,prudent,17,lr,8.7,0.30306970355619817,0.44046467898132224,0.5595353210186778
lfi,prudent,17,rn,12.6,0.437866785515875,0.4790683670436044,0.5209316329563956
lfi,prudent,17,reconquete,5,0.45290053285801407,0.46071589700146764,0.5392841029985324
lfi,prudent,17,nouvelle_energie,7.8,0.28688775604841743,0.43722203006954125,0.5627779699304587
lfi,prudent,18,ps,10,0.282014387182627,0.5966634539509141,0.40333654604908586
lfi,prudent,18,ecologistes,9.6,0.35862599071618256,0.5671839383473489,0.4328160616526511
lfi,prudent,18,renaissance,10,0.19179699216606838,0.41068364047671857,0.5893163595232814
lfi,prudent,18,lr,7.3,0.24866970355619816,0.4013074162673185,0.5986925837326815
lfi,prudent,18,rn,13.7,0.433466785515875,0.4986627288350079,0.5013372711649922
lfi,prudent,18,reconquete,7,0.44850053285801406,0.4811056484443775,0.5188943515556226
lfi,prudent,18,nouvelle_energie,8.5,0.23248775604841743,0.3984278136258174,0.6015721863741825
lfi,prudent,19,ps,12.8,0.3066580831038609,0.6288056108836865,0.37119438911631353
lfi,prudent,19,ecologistes,9.5,0.3324468480338673,0.6619119206480071,0.3380880793519929
lfi,prudent,19,renaissance,11.7,0.3774291016103894,0.49404260677218276,0.5059573932278172
lfi,prudent,19,horizons,9.9,0.2694697035561982,0.41895501475997365,0.5810449852400263
lfi,prudent,19,rn,12.1,0.36807265660237987,0.46770328459177213,0.5322967154082279
lfi,prudent,19,reconquete,4.9,0.311544542999036,0.3831789147824897,0.6168210852175102
lfi,prudent,19,nouvelle_energie,9.6,0.2055826733953962,0.4031993791376125,0.5968006208623875
lfi,risque,0,ps,11.3,0.3071906055011834,0.676588642020734,0.323411357979266
lfi,risque,0,ecologistes,11.3,0.3284754905330019,0.7198130350540051,0.28018696494599493
lfi,risque,0,renaissance,10.7,0.46,0.5515482761549084,0.4484517238450916
lfi,risque,0,horizons,10.3,0.46,0.5233860425378323,0.4766139574621677
lfi,risque,0,lr,8.9,0.3466726566023799,0.4140133914323022,0.5859866085676978
lfi,risque,0,reconquete,7.6,0.2669280715344861,0.36801025632985573,0.6319897436701443
lfi,risque,0,nouvelle_energie,8.5,0.43226970766091716,0.4873193934609473,0.5126806065390527
lfi,risque,1,ps,12.1,0.2559544640452465,0.6085223698095065,0.39147763019049353
lfi,risque,1,ecologistes,10.8,0.28698956647738555,0.6327397537902046,0.36726024620979536
lfi,risque,1,renaissance,12.4,0.1955969921660684,0.4062968999673343,0.5937031000326657
lfi,risque,1,lr,10.2,0.3024697035561982,0.4568576525010727,0.5431423474989273
lfi,risque,1,rn,12.2,0.437266785515875,0.4987040026150976,0.5012959973849024
lfi,risque,1,reconquete,3.3,0.4523005328580141,0.4827240463506666,0.5172759536493334
lfi,risque,1,nouvelle_energie,8.4,0.23628775604841745,0.40105576935240084,0.5989442306475992
lfi,risque,2,ecologistes,10.9,0.2784538120233696,0.5142329602517014,0.4857670397482986
lfi,risque,2,renaissance,13,0.4030954461919777,0.5159725837300132,0.4840274162699868
lfi,risque,2,horizons,12,0.4352625158141757,0.5087120820641219,0.4912879179358781
lfi,risque,2,lr,8.9,0.46,0.4989445444535342,0.5010554555464658
lfi,risque,2,rn,10.4,0.46,0.47853470060584485,0.5214652993941551
lfi,risque,2,reconquete,8.7,0.46,0.47626913128278603,0.523730868717214
lfi,risque,2,nouvelle_energie,9.3,0.46,0.49954631397282495,0.5004536860271751
lfi,risque,3,ps,9.5,0.283949984036576,0.5765341959713404,0.42346580402865963
lfi,risque,3,ecologistes,10.6,0.3105564860834983,0.6081838618491785,0.3918161381508215
lfi,risque,3,renaissance,10,0.282594532788215,0.41893741163866227,0.5810625883613377
lfi,risque,3,horizons,12.1,0.22488775604841743,0.40746410660886606,0.592535893391134
lfi,risque,3,lr,11.4,0.1771826733953962,0.3954127936673394,0.6045872063326606
lfi,risque,3,rn,10.2,0.3752697076609171,0.46205259809917915,0.5379474019008208
lfi,risque,3,reconquete,4.6,0.36191984022014967,0.4358447975793014,0.5641552024206986
lfi,risque,4,ps,14,0.35104341978339165,0.6380577874452276,0.36194221255477244
lfi,risque,4,ecologistes,6.4,0.3849448706178327,0.6781274030838257,0.3218725969161743
lfi,risque,4,renaissance,12,0.46,0.561841050100824,0.43815894989917603
lfi,risque,4,horizons,10.9,0.46,0.5368639902709932,0.4631360097290068
lfi,risque,4,lr,13.5,0.34697265660237986,0.42259626708111125,0.5774037329188888
lfi,risque,4,reconquete,5.1,0.31722807153448607,0.43329428926291363,0.5667057107370863
lfi,risque,4,nouvelle_energie,7.6,0.4325697076609171,0.49816225843232353,0.5018377415676765
lfi,risque,5,ps,8,0.284881480415516,0.6813518886549194,0.31864811134508064
lfi,risque,5,ecologistes,10.5,0.3139363245217524,0.7247679390204727,0.27523206097952735
lfi,risque,5,renaissance,8,0.46,0.5584845062342949,0.4415154937657051
lfi,risque,5,horizons,13.5,0.46,0.5330599323467343,0.4669400676532657
lfi,risque,5,lr,11.3,0.34437265660237987,0.41837833409540726,0.5816216659045927
lfi,risque,5,reconquete,7.6,0.2646280715344861,0.36802756800405,0.63197243199595
lfi,risque,5,nouvelle_energie,12.2,0.42996970766091713,0.4931538338019095,0.5068461661980905
lfi,risque,6,lfi,10.4,0.46,0.4390886788777649,0.5609113211222351
lfi,risque,6,ps,10.9,0.4090954461919777,0.41305235789285955,0.5869476421071405
lfi,risque,6,ecologistes,8.5,0.46,0.37943164117253925,0.6205683588274608
lfi,risque,6,horizons,10.7,0.2384969921660684,0.3682852699430793,0.6317147300569207
lfi,risque,6,lr,10.8,0.3439726566023799,0.4320926653813385,0.5679073346186615
lfi,risque,6,reconquete,10,0.2642280715344861,0.6283706716139417,0.37162932838605833
lfi,risque,6,nouvelle_energie,11.3,0.38689453278821506,0.47140533973368604,0.528594660266314
lfi,risque,7,ps,9.2,0.31580238766939334,0.5615549427068118,0.43844505729318817
lfi,risque,7,ecologistes,8.8,0.2928403712508906,0.6321224542366501,0.36787754576334986
lfi,risque,7,renaissance,8.3,0.2573969921660684,0.4489610427449724,0.5510389572550276
lfi,risque,7,lr,12.5,0.31426970355619815,0.44651138884677644,0.5534886111532236
lfi,risque,7,rn,13.2,0.449066785515875,0.48720804442002175,0.5127919555799783
lfi,risque,7,reconquete,9.2,0.46,0.46984437459121436,0.5301556254087856
lfi,risque,7,nouvelle_energie,8,0.24808775604841743,0.39001633641730016,0.6099836635826998
lfi,risque,8,lfi,12.6,0.46,0.5472499528204183,0.45275004717958167
lfi,risque,8,ps,8.4,0.4237625158141757,0.5724996988991321,0.4275003011008679
lfi,risque,8,ecologistes,12.2,0.46,0.6013536147332076,0.3986463852667924
lfi,risque,8,renaissance,10.1,0.27099699216606843,0.5926472522461181,0.40735274775388186
lfi,risque,8,lr,11.9,0.32786970355619816,0.5253857475236149,0.4746142524763851
lfi,risque,8,reconquete,7.8,0.2967280715344861,0.442742210406849,0.557257789593151
lfi,risque,8,nouvelle_energie,8.4,0.3116877560484175,0.5420500490931546,0.4579499509068454
lfi,risque,9,ps,12.2,0.32685692275282974,0.43974787038338614,0.5602521296166139
lfi,risque,9,ecologistes,11.4,0.3593810450513577,0.41759688205213374,0.5824031179478663
lfi,risque,9,renaissance,8.3,0.2025969921660684,0.5892891356469079,0.4107108643530921
lfi,risque,9,lr,11.5,0.2594697035561982,0.5995041505124696,0.40049584948753036
lfi,risque,9,rn,13.6,0.444266785515875,0.4987040926233111,0.5012959073766889
lfi,risque,9,reconquete,5.9,0.4593005328580141,0.5142999710381478,0.48570002896185216
lfi,risque,9,nouvelle_energie,8.2,0.24328775604841746,0.6023050655507328,0.3976949344492672
lfi,risque,10,ecologistes,10.6,0.21415381202336967,0.475476504258816,0.524523495741184
lfi,risque,10,renaissance,13.4,0.3887954461919777,0.5013266499307192,0.4986733500692808
lfi,risque,10,horizons,9.5,0.42096251581417576,0.504878715323899,0.49512128467610095
lfi,risque,10,lr,9.8,0.46,0.520316148855646,0.47968385114435397
lfi,risque,10,rn,14,0.46,0.5411083690406117,0.45889163095938834
lfi,risque,10,reconquete,4.4,0.46,0.5468416663068605,0.4531583336931395
lfi,risque,10,nouvelle_energie,8,0.46,0.519795731706326,0.480204268293674
lfi,risque,11,ps,13.4,0.30732030144369155,0.5615874049385935,0.4384125950614065
lfi,risque,11,ecologistes,11.6,0.3426720818377245,0.5875295824950685,0.4124704175049315
lfi,risque,11,renaissance,13.1,0.15539699216606837,0.3898437026143717,0.6101562973856283
lfi,risque,11,lr,9.8,0.3022697035561982,0.4558070612313328,0.5441929387686673
lfi,risque,11,rn,9.4,0.43706678551587497,0.500212501198371,0.499787498801629
lfi,risque,11,reconquete,3.6,0.4521005328580141,0.4848110677432864,0.5151889322567136
lfi,risque,11,nouvelle_energie,7.7,0.23608775604841742,0.39734040181390295,0.602659598186097
lfi,risque,12,ecologistes,7.8,0.23105381202336958,0.5395727757580316,0.46042722424196836
lfi,risque,12,renaissance,13.3,0.4056954461919777,0.5138869064168924,0.4861130935831076
lfi,risque,12,horizons,9.6,0.4378625158141757,0.507564762719254,0.492435237280746
lfi,risque,12,lr,7.9,0.46,0.4974264742695557,0.5025735257304442
lfi,risque,12,rn,12.4,0.46,0.4775249921844759,0.522475007815524
lfi,risque,12,reconquete,4,0.46,0.47809441359552385,0.5219055864044762
lfi,risque,12,nouvelle_energie,8.3,0.46,0.49771052311802155,0.5022894768819784
lfi,risque,12,reconquete_dissidence_20,8,0.46,0.47459897282028074,0.5254010271797193
lfi,risque,13,ps,9.7,0.3341030109727835,0.6010860439712564,0.3989139560287436
lfi,risque,13,ecologistes,11.3,0.35592986981175573,0.6330399467685682,0.36696005323143177
lfi,risque,13,renaissance,9,0.3855291016103894,0.49303756549933797,0.506962434500662
lfi,risque,13,horizons,12.7,0.2775697035561982,0.4121984232767263,0.5878015767232737
lfi,risque,13,rn,12.6,0.3261726566023799,0.402884700156436,0.597115299843564
lfi,risque,13,reconquete,4.5,0.369644542999036,0.436822414287138,0.563177585712862
lfi,risque,13,nouvelle_energie,9.6,0.25368267339539624,0.4230321926763847,0.5769678073236153
lfi,risque,14,lfi,11.3,0.3832990412378711,0.6186815864622994,0.3813184135377006
lfi,risque,14,ecologistes,12,0.3349538120233696,0.6646710709289145,0.33532892907108547
lfi,risque,14,renaissance,10.9,0.4195954461919777,0.5667876797488307,0.4332123202511693
lfi,risque,14,horizons,9.2,0.4517625158141757,0.5352739701961592,0.4647260298038408
lfi,risque,14,lr,12.1,0.35447265660237987,0.4092129607844545,0.5907870392155454
lfi,risque,14,reconquete,5.9,0.2747280715344861,0.33840994671796487,0.6615900532820351
lfi,risque,14,nouvelle_energie,8.3,0.44006970766091713,0.48482130549493035,0.5151786945050696
lfi,risque,15,ps,12.3,0.3102829381630952,0.5669762919653201,0.43302370803467993
lfi,risque,15,ecologistes,12.4,0.33241852282012696,0.5827438321004917,0.41725616789950826
lfi,risque,15,horizons,10,0.2601969921660684,0.4634200284699816,0.5365799715300184
lfi,risque,15,lr,9.7,0.3750291016103894,0.48493294137215487,0.5150670586278452
lfi,risque,15,rn,11.6,0.46,0.5298968286348902,0.4701031713651098
lfi,risque,15,reconquete,6.1,0.46,0.518971319298606,0.48102868070139404
lfi,risque,15,nouvelle_energie,8.3,0.358594532788215,0.480682917066,0.5193170829339999
lfi,risque,16,ps,12.6,0.2916065672615107,0.6856017902314102,0.3143982097685898
lfi,risque,16,ecologistes,10.9,0.36127228924893023,0.6815849531089342,0.3184150468910658
lfi,risque,16,renaissance,9.1,0.46,0.5663439782538324,0.4336560217461676
lfi,risque,16,horizons,12.2,0.46,0.5405727116004392,0.4594272883995608
lfi,risque,16,lr,12.4,0.39557265660237984,0.4873570098703563,0.5126429901296436
lfi,risque,16,reconquete,3.6,0.3158280715344861,0.43230351403284406,0.5676964859671559
lfi,risque,16,nouvelle_energie,10.4,0.4311697076609171,0.5009136307082058,0.4990863692917942
lfi,risque,17,lfi,11.9,0.38097211459445446,0.5532444222800461,0.4467555777199539
lfi,risque,17,ecologistes,7.9,0.31055381202336957,0.5590241236760342,0.44097587632396584
lfi,risque,17,horizons,10,0.27459699216606837,0.45675747329971034,0.5432425267002896
lfi,risque,17,lr,9.4,0.38942910161038935,0.461623201151493,0.538376798848507
lfi,risque,17,rn,11.9,0.46,0.48534513957863407,0.5146548604213659
lfi,risque,17,reconquete,2.7,0.46,0.4678552052840321,0.5321447947159679
lfi,risque,17,nouvelle_energie,9.6,0.372994532788215,0.45758310225073584,0.5424168977492642
lfi,risque,17,reconquete_dissidence_16,8.9,0.46,0.4718981929709765,0.5281018070290235
lfi,risque,18,ps,10.7,0.29132298381274535,0.6859207079188363,0.3140792920811637
lfi,risque,18,ecologistes,11.2,0.3709283735083813,0.6809660187148754,0.3190339812851246
lfi,risque,18,renaissance,12.9,0.46,0.5623917504728619,0.43760824952713806
lfi,risque,18,horizons,10.4,0.46,0.537607797071315,0.462392202928685
lfi,risque,18,lr,10,0.34567265660237984,0.42848079251455407,0.5715192074854459
lfi,risque,18,reconquete,4.2,0.3159280715344861,0.4405390800806583,0.5594609199193417
lfi,risque,18,nouvelle_energie,12,0.4312697076609171,0.5018074048800241,0.49819259511997593
lfi,risque,19,ps,11.6,0.27628531353495495,0.5761221352567883,0.42387786474321165
lfi,risque,19,ecologistes,9.2,0.2989436730019828,0.5995896593538848,0.40041034064611525
lfi,risque,19,renaissance,8.6,0.24279699216606837,0.4693922017499763,0.5306077982500237
lfi,risque,19,lr,9.7,0.29966970355619815,0.47291690853748275,0.5270830914625173
lfi,risque,19,rn,12.9,0.434466785515875,0.5102297353708268,0.48977026462917317
lfi,risque,19,reconquete,6,0.44950053285801406,0.496780015853072,0.503219984146928
lfi,risque,19,nouvelle_energie,11.1,0.2834877560484174,0.4697648695185417,0.5302351304814583
lfi,ideologiquement_coherent,0,ps,10,0.34727818308817504,0.5353420557939044,0.46465794420609563
lfi,ideologiquement_coherent,0,ecologistes,9.7,0.313519269816117,0.6124800614203689,0.3875199385796311
lfi,ideologiquement_coherent,0,renaissance,10.7,0.24519699216606838,0.4400476955968648,0.5599523044031351
lfi,ideologiquement_coherent,0,lr,10.2,0.30206970355619817,0.4327453225499722,0.5672546774500278
lfi,ideologiquement_coherent,0,rn,9.5,0.436866785515875,0.47646579102272596,0.5235342089772741
lfi,ideologiquement_coherent,0,reconquete,7.7,0.45190053285801407,0.45704060185113865,0.5429593981488614
lfi,ideologiquement_coherent,0,nouvelle_energie,12.9,0.28588775604841743,0.4251819113644137,0.5748180886355863
lfi,ideologiquement_coherent,1,ps,14.9,0.3254618033092319,0.5497959259241073,0.4502040740758927
lfi,ideologiquement_coherent,1,ecologistes,7.8,0.34865199746580466,0.572780063448416,0.42721993655158397
lfi,ideologiquement_coherent,1,renaissance,11.5,0.23739699216606838,0.44975511809090235,0.5502448819090977
lfi,ideologiquement_coherent,1,lr,8.3,0.2942697035561982,0.4528377187663738,0.5471622812336262
lfi,ideologiquement_coherent,1,rn,11.3,0.42906678551587496,0.49560919427025957,0.5043908057297404
lfi,ideologiquement_coherent,1,reconquete,5.7,0.4441005328580141,0.4774217952659919,0.5225782047340082
lfi,ideologiquement_coherent,1,nouvelle_energie,9.8,0.2780877560484174,0.4487150581416172,0.5512849418583827
lfi,ideologiquement_coherent,2,ps,12.2,0.3965393350607884,0.39168789196227405,0.608312108037726
lfi,ideologiquement_coherent,2,ecologistes,7.2,0.4126957329876221,0.34605797985543973,0.6539420201445603
lfi,ideologiquement_coherent,2,renaissance,8.3,0.46,0.45710969933849005,0.54289030066151
lfi,ideologiquement_coherent,2,horizons,13.3,0.46,0.48178522650827704,0.518214773491723
lfi,ideologiquement_coherent,2,lr,14,0.40357265660237984,0.5381801659790553,0.46181983402094473
lfi,ideologiquement_coherent,2,reconquete,4.8,0.27382807153448613,0.6454656476865694,0.35453435231343056
lfi,ideologiquement_coherent,2,nouvelle_energie,9.3,0.4391697076609171,0.5260393703183119,0.47396062968168806
lfi,ideologiquement_coherent,3,ps,9.3,0.37827989750826396,0.614069870207566,0.385930129792434
lfi,ideologiquement_coherent,3,ecologistes,9.5,0.39203402552932076,0.6579713236012843,0.3420286763987157
lfi,ideologiquement_coherent,3,renaissance,11.7,0.46,0.5507435072352964,0.4492564927647036
lfi,ideologiquement_coherent,3,horizons,12.1,0.46,0.5256942667475898,0.4743057332524102
lfi,ideologiquement_coherent,3,lr,11.7,0.33987265660237986,0.4050536124632032,0.5949463875367969
lfi,ideologiquement_coherent,3,reconquete,8.4,0.2601280715344861,0.3572152902217932,0.6427847097782068
lfi,ideologiquement_coherent,3,nouvelle_energie,8.5,0.42546970766091713,0.481687280802017,0.518312719197983
lfi,ideologiquement_coherent,4,ecologistes,12.5,0.2587538120233696,0.4440231538364343,0.5559768461635657
lfi,ideologiquement_coherent,4,renaissance,11.3,0.3933954461919777,0.48277050007825617,0.5172294999217438
lfi,ideologiquement_coherent,4,horizons,10.6,0.4255625158141757,0.49396487623649704,0.506035123763503
lfi,ideologiquement_coherent,4,lr,8.1,0.46,0.5023064637052772,0.4976935362947228
lfi,ideologiquement_coherent,4,rn,11.9,0.46,0.5244255630547435,0.4755744369452565
lfi,ideologiquement_coherent,4,reconquete,5.6,0.46,0.5261430528145457,0.47385694718545435
lfi,ideologiquement_coherent,4,nouvelle_energie,10.4,0.46,0.5013283461587055,0.4986716538412945
lfi,ideologiquement_coherent,5,ps,9,0.39050088094195906,0.6177556884838972,0.38224431151610283
lfi,ideologiquement_coherent,5,ecologistes,11.8,0.4059221870291907,0.6576280685923168,0.3423719314076832
lfi,ideologiquement_coherent,5,renaissance,10.6,0.46,0.5517342939346767,0.44826570606532334
lfi,ideologiquement_coherent,5,horizons,12.5,0.46,0.5253963854203549,0.47460361457964506
lfi,ideologiquement_coherent,5,lr,10.2,0.3971726566023798,0.47132131989958476,0.5286786801004153
lfi,ideologiquement_coherent,5,reconquete,4.7,0.22742807153448605,0.34275602928386883,0.6572439707161312
lfi,ideologiquement_coherent,5,nouvelle_energie,8.5,0.4327697076609171,0.48393580302154504,0.516064196978455
lfi,ideologiquement_coherent,6,ps,9.5,0.37960333682586733,0.6203898022400164,0.3796101977599836
lfi,ideologiquement_coherent,6,ecologistes,8.5,0.3998858932273419,0.6643249773844989,0.3356750226155011
lfi,ideologiquement_coherent,6,renaissance,10.7,0.46,0.5622351153043567,0.43776488469564334
lfi,ideologiquement_coherent,6,horizons,9.5,0.46,0.5369823387818877,0.4630176612181123
lfi,ideologiquement_coherent,6,lr,7.2,0.34037265660237986,0.4245850475236295,0.5754149524763705
lfi,ideologiquement_coherent,6,reconquete,8.2,0.3106280715344861,0.42934935850605205,0.570650641493948
lfi,ideologiquement_coherent,6,nouvelle_energie,12.4,0.42596970766091713,0.4976453302149704,0.5023546697850296
lfi,ideologiquement_coherent,7,ps,11,0.33021562356283607,0.5578778836931423,0.4421221163068577
lfi,ideologiquement_coherent,7,ecologistes,11.5,0.3044684068469618,0.6367330777801858,0.36326692221981416
lfi,ideologiquement_coherent,7,renaissance,11.5,0.333994532788215,0.4741537253665887,0.5258462746334114
lfi,ideologiquement_coherent,7,horizons,9.8,0.22628775604841744,0.4041332954509749,0.5958667045490251
lfi,ideologiquement_coherent,7,lr,12.1,0.1785826733953962,0.39406608180318475,0.6059339181968153
lfi,ideologiquement_coherent,7,rn,11.1,0.3766697076609171,0.4619842336306001,0.5380157663693999
lfi,ideologiquement_coherent,7,reconquete,3.5,0.3633198402201497,0.43494273395481037,0.5650572660451896
lfi,ideologiquement_coherent,8,ps,11,0.37100701693143406,0.5750309552177929,0.4249690447822071
lfi,ideologiquement_coherent,8,ecologistes,9.3,0.3888967761206287,0.6103684373185727,0.3896315626814273
lfi,ideologiquement_coherent,8,renaissance,9.3,0.38382910161038936,0.4845681310357579,0.5154318689642421
lfi,ideologiquement_coherent,8,horizons,11,0.32586970355619815,0.4666074167068139,0.5333925832931861
lfi,ideologiquement_coherent,8,rn,10.8,0.3744726566023798,0.45829517215521237,0.5417048278447876
lfi,ideologiquement_coherent,8,reconquete,4.8,0.36794454299903595,0.43471482951875895,0.565285170481241
lfi,ideologiquement_coherent,8,nouvelle_energie,11.7,0.2519826733953962,0.41989821809014344,0.5801017819098566
lfi,ideologiquement_coherent,9,ps,9.3,0.341661091124241,0.660583003774439,0.339416996225561
lfi,ideologiquement_coherent,9,ecologistes,7.7,0.3614019433788785,0.7032455535853027,0.2967544464146973
lfi,ideologiquement_coherent,9,renaissance,12,0.46,0.5412381673909997,0.4587618326090003
lfi,ideologiquement_coherent,9,horizons,12.4,0.46,0.5172974812249412,0.48270251877505876
lfi,ideologiquement_coherent,9,lr,9.4,0.39827265660237987,0.45857175253119425,0.5414282474688057
lfi,ideologiquement_coherent,9,reconquete,5.5,0.22852807153448604,0.3355432810043336,0.6644567189956664
lfi,ideologiquement_coherent,9,nouvelle_energie,11.3,0.43386970766091715,0.47390508873952336,0.5260949112604767
lfi,ideologiquement_coherent,10,ecologistes,6.8,0.25855381202336963,0.4482295770634077,0.5517704229365923
lfi,ideologiquement_coherent,10,renaissance,11.1,0.39319544619197766,0.492854188185862,0.507145811814138
lfi,ideologiquement_coherent,10,horizons,10.4,0.4253625158141757,0.4993893502073284,0.5006106497926717
lfi,ideologiquement_coherent,10,lr,12.7,0.46,0.511620373106656,0.488379626893344
lfi,ideologiquement_coherent,10,rn,11.7,0.46,0.534755945693552,0.465244054306448
lfi,ideologiquement_coherent,10,reconquete,5,0.46,0.5412041702110262,0.4587958297889738
lfi,ideologiquement_coherent,10,nouvelle_energie,11.2,0.46,0.5105365415518155,0.4894634584481845
lfi,ideologiquement_coherent,11,ps,11.9,0.33816516054641094,0.6675396917692693,0.3324603082307307
lfi,ideologiquement_coherent,11,ecologistes,8.8,0.35462851952526625,0.7148144897585155,0.28518551024148453
lfi,ideologiquement_coherent,11,renaissance,8.5,0.46,0.5516590908380514,0.4483409091619486
lfi,ideologiquement_coherent,11,horizons,10.5,0.46,0.525222798618173,0.474777201381827
lfi,ideologiquement_coherent,11,lr,12,0.34337265660237987,0.4072267764514037,0.5927732235485963
lfi,ideologiquement_coherent,11,reconquete,8,0.27362807153448604,0.3873776302426506,0.6126223697573494
lfi,ideologiquement_coherent,11,nouvelle_energie,9.4,0.42896970766091713,0.48343435348680186,0.5165656465131981
lfi,ideologiquement_coherent,12,ps,9,0.3939451794156306,0.6164185742285876,0.3835814257714124
lfi,ideologiquement_coherent,12,ecologistes,9,0.4075534353999757,0.6635840233047303,0.3364159766952697
lfi,ideologiquement_coherent,12,renaissance,12.5,0.46,0.5478656629471201,0.45213433705287986
lfi,ideologiquement_coherent,12,horizons,10.2,0.46,0.5245441682987169,0.47545583170128314
lfi,ideologiquement_coherent,12,lr,9.3,0.39797265660237985,0.4693336650356949,0.530666334964305
lfi,ideologiquement_coherent,12,reconquete,6.4,0.2682280715344861,0.3598092401910131,0.6401907598089869
lfi,ideologiquement_coherent,12,nouvelle_energie,12.5,0.4335697076609171,0.48175188838601957,0.5182481116139804
lfi,ideologiquement_coherent,13,ps,9.6,0.39781871738370134,0.6176766625387313,0.3823233374612687
lfi,ideologiquement_coherent,13,ecologistes,12.5,0.367445984717857,0.7110780219607356,0.28892197803926445
lfi,ideologiquement_coherent,13,renaissance,10.1,0.46,0.5492585735613122,0.45074142643868775
lfi,ideologiquement_coherent,13,horizons,11.5,0.46,0.5235771858879457,0.47642281411205434
lfi,ideologiquement_coherent,13,lr,8.5,0.3971726566023799,0.4708613617516397,0.5291386382483603
lfi,ideologiquement_coherent,13,reconquete,5.8,0.22742807153448605,0.34554580358900067,0.6544541964109993
lfi,ideologiquement_coherent,13,nouvelle_energie,8.2,0.43276970766091716,0.48270088587097315,0.5172991141290268
lfi,ideologiquement_coherent,14,ps,12.1,0.36176415698296566,0.5765457198642561,0.42345428013574393
lfi,ideologiquement_coherent,14,ecologistes,9.6,0.3296743857753138,0.662521077479912,0.33747892252008804
lfi,ideologiquement_coherent,14,renaissance,7.9,0.3240291016103894,0.4349559357116307,0.5650440642883693
lfi,ideologiquement_coherent,14,horizons,9.4,0.3160697035561982,0.468198281283213,0.5318017187167869
lfi,ideologiquement_coherent,14,rn,11.5,0.36467265660237985,0.4647225784698218,0.5352774215301782
lfi,ideologiquement_coherent,14,reconquete,6.6,0.358144542999036,0.4389198668332166,0.5610801331667834
lfi,ideologiquement_coherent,14,nouvelle_energie,13.2,0.20218267339539622,0.4001466981692159,0.5998533018307841
lfi,ideologiquement_coherent,15,ps,10.3,0.3641644271200255,0.5299155514601556,0.47008444853984444
lfi,ideologiquement_coherent,15,ecologistes,9.8,0.3844149447095926,0.5457265184085288,0.4542734815914712
lfi,ideologiquement_coherent,15,horizons,9.9,0.17249699216606837,0.38049426940622366,0.6195057305937763
lfi,ideologiquement_coherent,15,lr,9.2,0.37732910161038935,0.4648413367088329,0.5351586632911671
lfi,ideologiquement_coherent,15,rn,10.4,0.46,0.5084721725939454,0.4915278274060546
lfi,ideologiquement_coherent,15,reconquete,9,0.46,0.4987789570828614,0.5012210429171386
lfi,ideologiquement_coherent,15,nouvelle_energie,10.8,0.31089453278821505,0.4000259995004215,0.5999740004995785
lfi,ideologiquement_coherent,16,ecologistes,10.5,0.3062538120233696,0.49073873757683045,0.5092612624231696
lfi,ideologiquement_coherent,16,renaissance,8.1,0.3908954461919777,0.4879360811239814,0.5120639188760185
lfi,ideologiquement_coherent,16,horizons,9.3,0.4230625158141757,0.49354116938556036,0.5064588306144396
lfi,ideologiquement_coherent,16,lr,9,0.46,0.5033590030547178,0.4966409969452822
lfi,ideologiquement_coherent,16,rn,12.4,0.46,0.5224141027529224,0.47758589724707756
lfi,ideologiquement_coherent,16,reconquete,6.9,0.46,0.5270206952733654,0.47297930472663463
lfi,ideologiquement_coherent,16,nouvelle_energie,12.9,0.46,0.502952093128552,0.49704790687144795
lfi,ideologiquement_coherent,17,ps,11.1,0.34384649375073034,0.5438557366436126,0.45614426335638736
lfi,ideologiquement_coherent,17,ecologistes,10.7,0.3105670705912002,0.6142706432404483,0.38572935675955167
lfi,ideologiquement_coherent,17,renaissance,12.7,0.2065969921660684,0.4222395363494722,0.5777604636505278
lfi,ideologiquement_coherent,17,lr,11.6,0.3034697035561982,0.44245631062886376,0.5575436893711363
lfi,ideologiquement_coherent,17,rn,9,0.438266785515875,0.4860051179360508,0.5139948820639493
lfi,ideologiquement_coherent,17,reconquete,7.3,0.4533005328580141,0.4655423218925499,0.5344576781074502
lfi,ideologiquement_coherent,17,nouvelle_energie,8,0.28728775604841744,0.43794252550886686,0.5620574744911331
lfi,ideologiquement_coherent,18,ps,10.9,0.2713533696757105,0.603441161301238,0.39655883869876196
lfi,ideologiquement_coherent,18,ecologistes,8.9,0.3411833798155801,0.5782582639524094,0.4217417360475906
lfi,ideologiquement_coherent,18,renaissance,8,0.331094532788215,0.4604478465210964,0.5395521534789036
lfi,ideologiquement_coherent,18,horizons,10.9,0.2733877560484175,0.4436057589498522,0.5563942410501478
lfi,ideologiquement_coherent,18,lr,11.3,0.1256826733953962,0.34515684670855595,0.654843153291444
lfi,ideologiquement_coherent,18,rn,12.4,0.3737697076609171,0.4469189719584395,0.5530810280415606
lfi,ideologiquement_coherent,18,reconquete,8,0.3604198402201497,0.42018817312055234,0.5798118268794477
lfi,ideologiquement_coherent,19,ps,9.2,0.3717871643883426,0.6295723606344049,0.3704276393655951
lfi,ideologiquement_coherent,19,ecologistes,9.7,0.3963448748273949,0.6736306009154516,0.32636939908454843
lfi,ideologiquement_coherent,19,renaissance,12,0.46,0.5679442882343649,0.43205571176563506
lfi,ideologiquement_coherent,19,horizons,8.8,0.46,0.5418155574037494,0.4581844425962506
lfi,ideologiquement_coherent,19,lr,13.1,0.3897726566023798,0.48915575746079654,0.5108442425392035
lfi,ideologiquement_coherent,19,reconquete,2.8,0.3100280715344861,0.436101598691591,0.563898401308409
lfi,ideologiquement_coherent,19,nouvelle_energie,13.3,0.4253697076609171,0.5017602149760132,0.4982397850239868
lfi,opportuniste_electoral,0,lfi,13.6,0.46,0.43695169288736513,0.5630483071126349
lfi,opportuniste_electoral,0,ps,12.9,0.4194625158141757,0.4237942127744786,0.5762057872255214
lfi,opportuniste_electoral,0,ecologistes,9.8,0.46,0.394823408027344,0.6051765919726559
lfi,opportuniste_electoral,0,renaissance,12.2,0.1766969921660684,0.33457436175646427,0.6654256382435357
lfi,opportuniste_electoral,0,lr,7.9,0.3235697035561982,0.47229609457235033,0.5277039054276497
lfi,opportuniste_electoral,0,reconquete,5.4,0.2924280715344861,0.5541786439475076,0.4458213560524924
lfi,opportuniste_electoral,0,nouvelle_energie,10,0.30738775604841745,0.45468725393453524,0.5453127460654648
lfi,opportuniste_electoral,1,ps,10.7,0.26559154356706044,0.6067578389455207,0.3932421610544793
lfi,opportuniste_electoral,1,ecologistes,9.6,0.3430554350984917,0.57628242694079,0.42371757305921
lfi,opportuniste_electoral,1,horizons,10.4,0.21849699216606838,0.414669563773547,0.585330436226453
lfi,opportuniste_electoral,1,lr,11.6,0.38332910161038936,0.48081845961056624,0.5191815403894338
lfi,opportuniste_electoral,1,rn,10.4,0.46,0.5285246937645058,0.47147530623549416
lfi,opportuniste_electoral,1,reconquete,3.7,0.46,0.5153772375735262,0.48462276242647384
lfi,opportuniste_electoral,1,nouvelle_energie,11.8,0.316894532788215,0.41772182062156665,0.5822781793784333
lfi,opportuniste_electoral,2,ps,9,0.26283810343154623,0.601836791520287,0.398163208479713
lfi,opportuniste_electoral,2,ecologistes,11.9,0.2820214673771956,0.6257747884046455,0.3742252115953545
lfi,opportuniste_electoral,2,renaissance,10.6,0.2618376649098181,0.44061393262398674,0.5593860673760133
lfi,opportuniste_electoral,2,lr,10.7,0.3187103762999478,0.43099539161973427,0.5690046083802658
lfi,opportuniste_electoral,2,rn,10.2,0.4535074582596247,0.47342771821929613,0.5265722817807039
lfi,opportuniste_electoral,2,reconquete,9,0.46,0.45252871081480694,0.547471289185193
lfi,opportuniste_electoral,2,nouvelle_energie,10.7,0.25252842879216714,0.3725482261411222,0.6274517738588778
lfi,opportuniste_electoral,3,ps,9.7,0.29143954250655113,0.5756206384724267,0.4243793615275733
lfi,opportuniste_electoral,3,ecologistes,12.4,0.3174097373062284,0.5889557576298134,0.41104424237018655
lfi,opportuniste_electoral,3,renaissance,8.3,0.1945969921660684,0.4096898674441684,0.5903101325558315
lfi,opportuniste_electoral,3,lr,9.9,0.2514697035561982,0.40152881264657375,0.5984711873534263
lfi,opportuniste_electoral,3,rn,10.2,0.436266785515875,0.5007788460291166,0.4992211539708834
lfi,opportuniste_electoral,3,reconquete,8.1,0.4513005328580141,0.4838304666716923,0.5161695333283076
lfi,opportuniste_electoral,3,nouvelle_energie,9.5,0.23528775604841745,0.39797995071178266,0.6020200492882173
lfi,opportuniste_electoral,4,ps,13,0.2933269593911679,0.6847170013067202,0.3152829986932798
lfi,opportuniste_electoral,4,ecologistes,7.8,0.3664897794415889,0.6802690776832111,0.3197309223167889
lfi,opportuniste_electoral,4,renaissance,10.5,0.46,0.5692634057857298,0.43073659421427024
lfi,opportuniste_electoral,4,horizons,8.6,0.46,0.5414179413018954,0.45858205869810464
lfi,opportuniste_electoral,4,lr,10.7,0.34597265660237986,0.43005117826322875,0.5699488217367712
lfi,opportuniste_electoral,4,reconquete,6.3,0.31622807153448607,0.4341887376477379,0.5658112623522621
lfi,opportuniste_electoral,4,nouvelle_energie,11,0.4315697076609171,0.5027989696073812,0.49720103039261876
lfi,opportuniste_electoral,5,ecologistes,8.6,0.2227538120233696,0.46942470793412344,0.5305752920658766
lfi,opportuniste_electoral,5,renaissance,12.5,0.3973954461919777,0.4860273880431245,0.5139726119568755
lfi,opportuniste_electoral,5,horizons,11.6,0.4295625158141757,0.4936824912540163,0.5063175087459837
lfi,opportuniste_electoral,5,lr,10.6,0.46,0.5019155831132041,0.49808441688679594
lfi,opportuniste_electoral,5,rn,11.6,0.46,0.5233462098130207,0.4766537901869793
lfi,opportuniste_electoral,5,reconquete,5.2,0.46,0.525706646619034,0.474293353380966
lfi,opportuniste_electoral,5,nouvelle_energie,11,0.46,0.5012817122939435,0.49871828770605653
lfi,opportuniste_electoral,6,ps,13.9,0.2935415484790818,0.6831467697561475,0.3168532302438525
lfi,opportuniste_electoral,6,ecologistes,8.4,0.37874733929416765,0.675462190061241,0.324537809938759
lfi,opportuniste_electoral,6,renaissance,8.8,0.46,0.5569460014186975,0.44305399858130246
lfi,opportuniste_electoral,6,horizons,13.3,0.46,0.5319828067676824,0.4680171932323176
lfi,opportuniste_electoral,6,lr,10.1,0.40297265660237985,0.48059242070884756,0.5194075792911524
lfi,opportuniste_electoral,6,reconquete,4,0.32322807153448607,0.42587487455807593,0.5741251254419241
lfi,opportuniste_electoral,6,nouvelle_energie,9.5,0.43856970766091713,0.49250793649344343,0.5074920635065565
lfi,opportuniste_electoral,7,ps,12.8,0.3500386388231049,0.6335620031257833,0.36643799687421674
lfi,opportuniste_electoral,7,ecologistes,7.4,0.3767676541727741,0.6725847351982385,0.32741526480176153
lfi,opportuniste_electoral,7,renaissance,11.8,0.46,0.5518284547330665,0.4481715452669335
lfi,opportuniste_electoral,7,horizons,9.5,0.46,0.5254062249602958,0.47459377503970424
lfi,opportuniste_electoral,7,lr,8.8,0.4101726566023799,0.47047747957371816,0.5295225204262819
lfi,opportuniste_electoral,7,reconquete,5.2,0.33042807153448606,0.41522358784853497,0.584776412151465
lfi,opportuniste_electoral,7,nouvelle_energie,13.6,0.44576970766091717,0.48326377993319747,0.5167362200668025
lfi,opportuniste_electoral,8,ps,9.7,0.30870507566977307,0.5601489826654423,0.43985101733455767
lfi,opportuniste_electoral,8,ecologistes,12,0.3338136788147317,0.5762846116121658,0.4237153883878342
lfi,opportuniste_electoral,8,horizons,10.1,0.18499699216606838,0.38225446067143215,0.6177455393285678
lfi,opportuniste_electoral,8,lr,11.6,0.38982910161038936,0.46910735817728993,0.53089264182271
lfi,opportuniste_electoral,8,rn,10.5,0.46,0.5139121905570582,0.48608780944294183
lfi,opportuniste_electoral,8,reconquete,9,0.46,0.49897978788810965,0.5010202121118903
lfi,opportuniste_electoral,8,nouvelle_energie,9.6,0.373394532788215,0.4614207080843171,0.5385792919156829
lfi,opportuniste_electoral,9,ecologistes,11.9,0.27975381202336963,0.4906001464714481,0.5093998535285519
lfi,opportuniste_electoral,9,renaissance,7.8,0.40439544619197765,0.5178177070882664,0.48218229291173365
lfi,opportuniste_electoral,9,horizons,12.2,0.4365625158141757,0.5116335667658287,0.4883664332341713
lfi,opportuniste_electoral,9,lr,11,0.46,0.5012440628216062,0.49875593717839384
lfi,opportuniste_electoral,9,rn,10.7,0.46,0.47752664294558933,0.5224733570544107
lfi,opportuniste_electoral,9,reconquete,6.2,0.46,0.4762650709180702,0.5237349290819298
lfi,opportuniste_electoral,9,nouvelle_energie,12.4,0.46,0.5026287927019115,0.4973712072980885
lfi,opportuniste_electoral,10,lfi,11.9,0.46,0.47394448390848243,0.5260555160915176
lfi,opportuniste_electoral,10,ps,12.5,0.46,0.4614251490559463,0.5385748509440538
lfi,opportuniste_electoral,10,ecologistes,11.6,0.46,0.44378087688586765,0.5562191231141324
lfi,opportuniste_electoral,10,renaissance,11.5,0.4028291016103894,0.4409017276013982,0.5590982723986018
lfi,opportuniste_electoral,10,horizons,11.6,0.2948697035561982,0.3893761136410237,0.6106238863589764
lfi,opportuniste_electoral,10,reconquete,3.5,0.2637280715344861,0.5729271620404736,0.42707283795952644
lfi,opportuniste_electoral,10,nouvelle_energie,11.4,0.2709826733953962,0.43655545952850383,0.5634445404714962
lfi,opportuniste_electoral,11,ps,10.1,0.2778031975028401,0.5910521181612485,0.4089478818387515
lfi,opportuniste_electoral,11,ecologistes,6.4,0.265134993600852,0.6568147518784172,0.3431852481215828
lfi,opportuniste_electoral,11,renaissance,11,0.284594532788215,0.4410487720443304,0.5589512279556696
lfi,opportuniste_electoral,11,horizons,9.9,0.2768877560484174,0.4685341176209141,0.5314658823790859
lfi,opportuniste_electoral,11,lr,11.7,0.1291826733953962,0.3710828488458701,0.6289171511541298
lfi,opportuniste_electoral,11,rn,12.6,0.3772697076609171,0.48039376518051463,0.5196062348194854
lfi,opportuniste_electoral,11,reconquete,7.9,0.3139198402201497,0.39855232184866884,0.6014476781513312
lfi,opportuniste_electoral,12,ps,9.4,0.28501100668620377,0.440049112911827,0.559950887088173
lfi,opportuniste_electoral,12,ecologistes,10,0.27477865525245415,0.371903597986062,0.628096402013938
lfi,opportuniste_electoral,12,renaissance,10.6,0.21434158844084267,0.5987522541136953,0.40124774588630474
lfi,opportuniste_electoral,12,lr,11.1,0.3212142998309725,0.5562712995070653,0.44372870049293467
lfi,opportuniste_electoral,12,rn,13.8,0.45601138179064926,0.5119651187537165,0.48803488124628347
lfi,opportuniste_electoral,12,reconquete,7.4,0.46,0.5324736131684736,0.46752638683152636
lfi,opportuniste_electoral,12,nouvelle_energie,9.7,0.3050323523231917,0.559079431666597,0.440920568333403
lfi,opportuniste_electoral,13,ps,12.5,0.2916140664863399,0.5716616860276664,0.4283383139723336
lfi,opportuniste_electoral,13,ecologistes,12.2,0.31108308143470986,0.590728775339318,0.409271224660682
lfi,opportuniste_electoral,13,renaissance,9.3,0.2415969921660684,0.4584989053113949,0.5415010946886051
lfi,opportuniste_electoral,13,lr,7.7,0.2984697035561982,0.45734957190960274,0.5426504280903972
lfi,opportuniste_electoral,13,rn,12.3,0.433266785515875,0.501408983427286,0.498591016572714
lfi,opportuniste_electoral,13,reconquete,4.4,0.4483005328580141,0.4839676688575382,0.5160323311424617
lfi,opportuniste_electoral,13,nouvelle_energie,12.2,0.23228775604841745,0.39852596456264505,0.6014740354373549
lfi,opportuniste_electoral,14,lfi,12.1,0.46,0.5279550220892244,0.4720449779107756
lfi,opportuniste_electoral,14,ps,11.4,0.46,0.5197963378622404,0.48020366213775956
lfi,opportuniste_electoral,14,ecologistes,7.7,0.46,0.5273561295336374,0.4726438704663626
lfi,opportuniste_electoral,14,renaissance,11,0.328894532788215,0.5188909309328943,0.4811090690671057
lfi,opportuniste_electoral,14,horizons,9.7,0.27118775604841744,0.5132670366925773,0.48673296330742266
lfi,opportuniste_electoral,14,rn,14.1,0.28597265660237986,0.4478074973506798,0.5521925026493202
lfi,opportuniste_electoral,14,reconquete,5.4,0.279444542999036,0.45063743616347196,0.549362563836528
lfi,opportuniste_electoral,15,ecologistes,8.1,0.22355381202336963,0.454174125855421,0.545825874144579
lfi,opportuniste_electoral,15,renaissance,10.2,0.39819544619197766,0.49747587821508693,0.502524121784913
lfi,opportuniste_electoral,15,horizons,9.5,0.43036251581417573,0.5023703271641203,0.49762967283587967
lfi,opportuniste_electoral,15,lr,8.1,0.46,0.5117349443354993,0.48826505566450074
lfi,opportuniste_electoral,15,rn,11,0.46,0.530950259209698,0.46904974079030204
lfi,opportuniste_electoral,15,reconquete,9.2,0.46,0.5340943403425297,0.46590565965747033
lfi,opportuniste_electoral,15,nouvelle_energie,13.5,0.46,0.5111103691632404,0.4888896308367596
lfi,opportuniste_electoral,16,ps,8.8,0.3329826627404476,0.6445065139047077,0.3554934860952923
lfi,opportuniste_electoral,16,ecologistes,9.3,0.36483866045207064,0.6788000484834792,0.3211999515165208
lfi,opportuniste_electoral,16,renaissance,11.2,0.46,0.5711423581228481,0.4288576418771519
lfi,opportuniste_electoral,16,horizons,11,0.46,0.5437023413860551,0.4562976586139449
lfi,opportuniste_electoral,16,lr,9.5,0.40357265660237984,0.490926265867692,0.5090737341323079
lfi,opportuniste_electoral,16,reconquete,6.5,0.23382807153448612,0.3687731281081016,0.6312268718918984
lfi,opportuniste_electoral,16,nouvelle_energie,12.2,0.4391697076609171,0.5053626825465414,0.4946373174534586
lfi,opportuniste_electoral,17,lfi,11.9,0.46,0.4541865747336447,0.5458134252663553
lfi,opportuniste_electoral,17,ps,9.5,0.46,0.4398965699471735,0.5601034300528265
lfi,opportuniste_electoral,17,ecologistes,11.3,0.46,0.4157192712373705,0.5842807287626295
lfi,opportuniste_electoral,17,renaissance,9.4,0.353094532788215,0.4217206234279559,0.5782793765720441
lfi,opportuniste_electoral,17,horizons,9.2,0.24538775604841745,0.377789659613813,0.6222103403861869
lfi,opportuniste_electoral,17,lr,11.9,0.18768267339539618,0.39140023949574715,0.6085997605042528
lfi,opportuniste_electoral,17,reconquete,7.7,0.23042807153448608,0.5628037297500516,0.43719627024994845
lfi,opportuniste_electoral,18,lfi,12.1,0.46,0.5418958415069327,0.4581041584930673
lfi,opportuniste_electoral,18,ps,12.3,0.46,0.558856900073741,0.441143099926259
lfi,opportuniste_electoral,18,ecologistes,8.2,0.46,0.5834083268542851,0.4165916731457149
lfi,opportuniste_electoral,18,renaissance,11.2,0.355094532788215,0.5788191951330646,0.42118080486693543
lfi,opportuniste_electoral,18,horizons,11.8,0.29738775604841744,0.5715156818849794,0.42848431811502063
lfi,opportuniste_electoral,18,lr,10.5,0.18968267339539624,0.6035372487287552,0.39646275127124475
lfi,opportuniste_electoral,18,reconquete,6.9,0.28242807153448607,0.4832490139709008,0.5167509860290992
lfi,opportuniste_electoral,19,ecologistes,9.7,0.27755381202336965,0.5186623288449287,0.4813376711550713
lfi,opportuniste_electoral,19,renaissance,11.5,0.40219544619197767,0.5112474349725525,0.48875256502744746
lfi,opportuniste_electoral,19,horizons,12.3,0.43436251581417573,0.5050299362091248,0.49497006379087516
lfi,opportuniste_electoral,19,lr,12,0.46,0.49481602360474464,0.5051839763952554
lfi,opportuniste_electoral,19,rn,11.1,0.46,0.4745498885078723,0.5254501114921277
lfi,opportuniste_electoral,19,reconquete,8.9,0.46,0.4717857552352357,0.5282142447647643
lfi,opportuniste_electoral,19,nouvelle_energie,8.6,0.46,0.49544717576249986,0.5045528242375001
lfi,parti_dabord,0,ecologistes,11.9,0.2736504419485704,0.42300612340582955,0.5769938765941705
lfi,parti_dabord,0,renaissance,10.7,0.40829207611717844,0.46188190616502023,0.5381180938349798
lfi,parti_dabord,0,horizons,10.8,0.4404591457393765,0.4689486814100443,0.5310513185899557
lfi,parti_dabord,0,lr,11.5,0.46,0.4729731915647476,0.5270268084352524
lfi,parti_dabord,0,rn,11.1,0.46,0.49559427840556414,0.5044057215944359
lfi,parti_dabord,0,reconquete,4,0.46,0.49216886826799866,0.5078311317320013
lfi,parti_dabord,0,nouvelle_energie,11.5,0.46,0.4720568638878901,0.5279431361121099
lfi,parti_dabord,1,ps,11.3,0.3366120297973567,0.6610463506744493,0.3389536493255507
lfi,parti_dabord,1,ecologistes,11.3,0.41795861177254007,0.6476387201548139,0.35236127984518606
lfi,parti_dabord,1,renaissance,8.7,0.46,0.5365431801880287,0.4634568198119713
lfi,parti_dabord,1,horizons,11.4,0.46,0.5144405132624418,0.4855594867375582
lfi,parti_dabord,1,lr,10.8,0.4026726566023799,0.46022611133808083,0.5397738886619192
lfi,parti_dabord,1,reconquete,9.5,0.2729280715344861,0.3506132207140803,0.6493867792859197
lfi,parti_dabord,1,nouvelle_energie,8.1,0.43826970766091716,0.4717118408706686,0.5282881591293314
lfi,parti_dabord,2,ps,10.8,0.3724749538742507,0.5184800162911976,0.48151998370880245
lfi,parti_dabord,2,ecologistes,7.8,0.39666934796339304,0.5371504273678002,0.46284957263219983
lfi,parti_dabord,2,renaissance,13.7,0.26190431945364767,0.4205457258492524,0.5794542741507476
lfi,parti_dabord,2,lr,9.8,0.31877703084377745,0.41105372582304084,0.5889462741769591
lfi,parti_dabord,2,rn,11.7,0.4535741128034543,0.4583336373248331,0.5416663626751669
lfi,parti_dabord,2,reconquete,6.9,0.46,0.43363081688882454,0.5663691831111755
lfi,parti_dabord,2,nouvelle_energie,10.1,0.25259508333599673,0.35535482418784625,0.6446451758121537
lfi,parti_dabord,3,ps,9.5,0.37646188368772227,0.5219370659817943,0.47806293401820565
lfi,parti_dabord,3,ecologistes,8.5,0.39618622927610886,0.5369332945506156,0.46306670544938444
lfi,parti_dabord,3,horizons,12.6,0.23149699216606837,0.41022340771962745,0.5897765922803726
lfi,parti_dabord,3,lr,8.3,0.38632910161038936,0.4491075617418536,0.5508924382581464
lfi,parti_dabord,3,rn,12.7,0.46,0.4967476638397849,0.503252336160215
lfi,parti_dabord,3,reconquete,8.2,0.46,0.47855229109774045,0.5214477089022596
lfi,parti_dabord,3,nouvelle_energie,10.5,0.369894532788215,0.44385591846555494,0.5561440815344451
lfi,parti_dabord,4,lfi,13.6,0.46,0.43680553701005975,0.5631944629899402
lfi,parti_dabord,4,ps,10.4,0.4101954461919777,0.4111859263899691,0.5888140736100309
lfi,parti_dabord,4,ecologistes,7,0.46,0.376894010243991,0.623105989756009
lfi,parti_dabord,4,horizons,12.3,0.19959699216606838,0.35264237501090656,0.6473576249890934
lfi,parti_dabord,4,lr,11.4,0.3950726566023799,0.4875250500509741,0.512474949949026
lfi,parti_dabord,4,reconquete,6.3,0.26532807153448607,0.6256667463169038,0.3743332536830962
lfi,parti_dabord,4,nouvelle_energie,9.8,0.38799453278821505,0.46754224088412755,0.5324577591158725
lfi,parti_dabord,5,ps,9.5,0.3481424833223097,0.6586228889038758,0.34137711109612423
lfi,parti_dabord,5,ecologistes,9.4,0.4196023559194908,0.6426875295113437,0.35731247048865633
lfi,parti_dabord,5,renaissance,11.3,0.46,0.5257963365191664,0.47420366348083365
lfi,parti_dabord,5,horizons,10.8,0.46,0.5046293642143129,0.4953706357856871
lfi,parti_dabord,5,lr,8.8,0.40897265660237986,0.44538387494473247,0.5546161250552675
lfi,parti_dabord,5,reconquete,4.4,0.3292280715344861,0.38764849569836246,0.6123515043016375
lfi,parti_dabord,5,nouvelle_energie,13.5,0.44456970766091713,0.4570217813638102,0.5429782186361898
lfi,parti_dabord,6,ps,10.9,0.33722287538984,0.6611970869983476,0.33880291300165244
lfi,parti_dabord,6,ecologistes,9.7,0.4146360256040482,0.6486932189316075,0.3513067810683925
lfi,parti_dabord,6,renaissance,10,0.46,0.5420145478881356,0.45798545211186437
lfi,parti_dabord,6,horizons,10.4,0.46,0.5161456056470601,0.48385439435293986
lfi,parti_dabord,6,lr,10.7,0.40347265660237985,0.4619768849252479,0.5380231150747521
lfi,parti_dabord,6,reconquete,7.6,0.323728071534486,0.40737197670343345,0.5926280232965666
lfi,parti_dabord,6,nouvelle_energie,8.7,0.43906970766091713,0.4737517903545885,0.5262482096454115
lfi,parti_dabord,7,lfi,12.2,0.46,0.5582091339936024,0.4417908660063976
lfi,parti_dabord,7,ps,12.3,0.42016251581417574,0.5793249733608045,0.42067502663919554
lfi,parti_dabord,7,ecologistes,12,0.46,0.6101593325092955,0.38984066749070445
lfi,parti_dabord,7,renaissance,10.3,0.2173969921660684,0.6513570914921587,0.3486429085078413
lfi,parti_dabord,7,lr,8.9,0.3242697035561982,0.5313762632586903,0.46862373674130975
lfi,parti_dabord,7,reconquete,4.4,0.29312807153448606,0.4487121206107539,0.5512878793892462
lfi,parti_dabord,7,nouvelle_energie,12,0.3080877560484174,0.5492998914706283,0.4507001085293717
lfi,parti_dabord,8,ps,12.9,0.33837338118453414,0.33588670850219277,0.6641132914978072
lfi,parti_dabord,8,ecologistes,9.4,0.4136943500061474,0.3474645993642643,0.6525354006357357
lfi,parti_dabord,8,renaissance,12.9,0.46,0.45930585881352537,0.5406941411864746
lfi,parti_dabord,8,horizons,11.1,0.46,0.48638232322301284,0.5136176767769871
lfi,parti_dabord,8,lr,12.5,0.4019726566023798,0.542059745630239,0.45794025436976105
lfi,parti_dabord,8,reconquete,3.9,0.2722280715344861,0.6523257226031953,0.3476742773968047
lfi,parti_dabord,8,nouvelle_energie,9.6,0.4375697076609171,0.5303744190189301,0.4696255809810699
lfi,parti_dabord,9,ps,11.2,0.36211176097515146,0.5264545213648193,0.4735454786351807
lfi,parti_dabord,9,ecologistes,11.3,0.3854686251694369,0.5458721024866097,0.45412789751339033
lfi,parti_dabord,9,renaissance,11.5,0.2575969921660684,0.4293955600046533,0.5706044399953467
lfi,parti_dabord,9,lr,11,0.2644697035561982,0.37179648002887766,0.6282035199711223
lfi,parti_dabord,9,rn,11,0.449266785515875,0.4708898270917215,0.5291101729082786
lfi,parti_dabord,9,reconquete,5.3,0.46,0.4484059342817866,0.5515940657182135
lfi,parti_dabord,9,nouvelle_energie,11.4,0.29828775604841745,0.42237430876930004,0.5776256912307
lfi,parti_dabord,10,lfi,11.1,0.3628245943702478,0.572509502348214,0.42749049765178604
lfi,parti_dabord,10,ecologistes,9.6,0.28995381202336956,0.5753635178151854,0.42463648218481465
lfi,parti_dabord,10,renaissance,13,0.25399699216606836,0.4681508604846696,0.5318491395153304
lfi,parti_dabord,10,lr,8.1,0.26086970355619815,0.39249913233540273,0.6075008676645972
lfi,parti_dabord,10,rn,12.5,0.44566678551587496,0.4690265929931878,0.5309734070068122
lfi,parti_dabord,10,reconquete,5.9,0.46,0.4483500245883229,0.551649975411677
lfi,parti_dabord,10,nouvelle_energie,12.1,0.2946877560484174,0.44410178517415977,0.5558982148258402
lfi,parti_dabord,11,ps,11.8,0.39996739611667953,0.5941996794347334,0.4058003205652666
lfi,parti_dabord,11,ecologistes,10.4,0.41433391450702284,0.6405431662600197,0.3594568337399803
lfi,parti_dabord,11,renaissance,12,0.46,0.5276177470255186,0.47238225297448144
lfi,parti_dabord,11,horizons,10.5,0.46,0.5000839510992318,0.49991604890076824
lfi,parti_dabord,11,lr,11.8,0.40937265660237987,0.4423437488579375,0.5576562511420625
lfi,parti_dabord,11,reconquete,3.5,0.32962807153448603,0.38710899910985436,0.6128910008901456
lfi,parti_dabord,11,nouvelle_energie,11.2,0.44496970766091715,0.45431661045438554,0.5456833895456145
lfi,parti_dabord,12,ps,11.2,0.3325287221253152,0.6108871014210229,0.38911289857897713
lfi,parti_dabord,12,ecologistes,10.9,0.41024994371864637,0.5787800319742675,0.42121996802573247
lfi,parti_dabord,12,renaissance,9.2,0.3438291016103894,0.3958608619940389,0.6041391380059611
lfi,parti_dabord,12,horizons,12.8,0.33586970355619816,0.43475888232974874,0.5652411176702512
lfi,parti_dabord,12,rn,11.2,0.33447265660237985,0.36688001912597684,0.6331199808740231
lfi,parti_dabord,12,reconquete,4.1,0.37794454299903596,0.395030502798135,0.604969497201865
lfi,parti_dabord,12,nouvelle_energie,11.6,0.21198267339539623,0.3327904499754354,0.6672095500245646
lfi,parti_dabord,13,ps,12.7,0.386897251747154,0.38760734620552223,0.6123926537944777
lfi,parti_dabord,13,ecologistes,9.4,0.4121522246649525,0.34407426508720884,0.6559257349127912
lfi,parti_dabord,13,renaissance,10,0.46,0.45072595406332416,0.5492740459366758
lfi,parti_dabord,13,horizons,8.8,0.46,0.4773025229935775,0.5226974770064226
lfi,parti_dabord,13,lr,8.5,0.40197265660237985,0.5319578172460837,0.4680421827539163
lfi,parti_dabord,13,reconquete,7.5,0.2722280715344861,0.6450067313095392,0.3549932686904608
lfi,parti_dabord,13,nouvelle_energie,13,0.43756970766091713,0.519674303077387,0.48032569692261295
lfi,parti_dabord,14,ps,11.7,0.3918756559449244,0.5996096319416203,0.4003903680583797
lfi,parti_dabord,14,ecologistes,10.2,0.4061065305372278,0.6413599158245787,0.35864008417542126
lfi,parti_dabord,14,renaissance,8.2,0.46,0.5320481921760315,0.4679518078239685
lfi,parti_dabord,14,horizons,12.9,0.46,0.5065118234455277,0.4934881765544723
lfi,parti_dabord,14,lr,11,0.3541726566023799,0.38396221682374676,0.6160377831762532
lfi,parti_dabord,14,reconquete,5.6,0.2344280715344861,0.31739501098878364,0.6826049890112164
lfi,parti_dabord,14,nouvelle_energie,9.6,0.43976970766091716,0.4597775112338231,0.5402224887661768
lfi,parti_dabord,15,ps,13.9,0.35732990685493876,0.5207763795768781,0.47922362042312194
lfi,parti_dabord,15,ecologistes,8.9,0.3788242468473534,0.5397616055093067,0.46023839449069326
lfi,parti_dabord,15,renaissance,9.3,0.15979699216606838,0.3596252541760339,0.6403747458239661
lfi,parti_dabord,15,lr,11.6,0.30666970355619816,0.4187460699721207,0.5812539300278793
lfi,parti_dabord,15,rn,11.6,0.441466785515875,0.4628521379344056,0.5371478620655944
lfi,parti_dabord,15,reconquete,5.2,0.45650053285801406,0.4384217047845318,0.5615782952154682
lfi,parti_dabord,15,nouvelle_energie,9.5,0.24048775604841743,0.35882931020387054,0.6411706897961295
lfi,parti_dabord,16,ps,9.3,0.3832569533021977,0.5115247171375761,0.4884752828624239
lfi,parti_dabord,16,ecologistes,10.5,0.402076259599639,0.5254552159941359,0.4745447840058641
lfi,parti_dabord,16,horizons,10.8,0.2242969921660684,0.36876894015590356,0.6312310598440964
lfi,parti_dabord,16,lr,10.5,0.3391291016103894,0.37095697573689657,0.6290430242631034
lfi,parti_dabord,16,rn,13,0.46,0.47975293283984044,0.5202470671601596
lfi,parti_dabord,16,reconquete,5.3,0.46,0.4575660847862367,0.5424339152137633
lfi,parti_dabord,16,nouvelle_energie,8.3,0.322694532788215,0.3671263418058658,0.6328736581941342
lfi,parti_dabord,17,ps,13,0.36008465785246535,0.5095862448265351,0.49041375517346486
lfi,parti_dabord,17,ecologistes,7.5,0.3877458951610221,0.5314924736139844,0.46850752638601556
lfi,parti_dabord,17,renaissance,10.3,0.20849699216606837,0.3691488528112937,0.6308511471887063
lfi,parti_dabord,17,lr,11,0.3153697035561982,0.4084122292825259,0.5915877707174741
lfi,parti_dabord,17,rn,12.1,0.45016678551587497,0.4511437429332142,0.5488562570667859
lfi,parti_dabord,17,reconquete,6.7,0.46,0.42502922455482256,0.5749707754451774
lfi,parti_dabord,17,nouvelle_energie,8.3,0.2991877560484174,0.40410058479051286,0.5958994152094872
lfi,parti_dabord,18,lfi,12.7,0.46,0.446435042173211,0.5535649578267889
lfi,parti_dabord,18,ps,12,0.4200625158141757,0.4252988806303077,0.5747011193696923
lfi,parti_dabord,18,ecologistes,9.7,0.46,0.39575897690672907,0.6042410230932709
lfi,parti_dabord,18,renaissance,9.4,0.2672969921660684,0.40261625152505415,0.5973837484749458
lfi,parti_dabord,18,lr,12.1,0.2741697035561982,0.41755247317767535,0.5824475268223246
lfi,parti_dabord,18,reconquete,7.5,0.24302807153448608,0.6086112974980199,0.3913887025019801
lfi,parti_dabord,18,nouvelle_energie,9.8,0.25798775604841745,0.40217796245250675,0.5978220375474932
lfi,parti_dabord,19,ps,10,0.3969034264068768,0.6026509663879399,0.3973490336120601
lfi,parti_dabord,19,ecologistes,9.8,0.4169342719426337,0.6528453704064017,0.34715462959359833
lfi,parti_dabord,19,renaissance,8.1,0.46,0.5412882902546716,0.4587117097453284
lfi,parti_dabord,19,horizons,9.8,0.46,0.5167051663167939,0.48329483368320614
lfi,parti_dabord,19,lr,10.8,0.40857265660237985,0.4593500902392902,0.5406499097607098
lfi,parti_dabord,19,reconquete,8.2,0.32882807153448607,0.4037532329366253,0.5962467670633746
lfi,parti_dabord,19,nouvelle_energie,12.9,0.4441697076609171,0.47169486194113064,0.5283051380588694
lfi,mediatique,0,ps,9.6,0.37676609401024186,0.6266905795819313,0.3733094204180687
lfi,mediatique,0,ecologistes,10.6,0.40541856169598683,0.6668973578224612,0.3331026421775388
lfi,mediatique,0,renaissance,8,0.46,0.5447094957270786,0.4552905042729214
lfi,mediatique,0,horizons,12.3,0.46,0.5195949795813612,0.48040502041863875
lfi,mediatique,0,lr,10.4,0.35857265660237986,0.40567246395522294,0.5943275360447771
lfi,mediatique,0,reconquete,7.9,0.2788280715344861,0.36128996968494953,0.6387100303150505
lfi,mediatique,0,nouvelle_energie,11.1,0.4441697076609171,0.479575138612572,0.520424861387428
lfi,mediatique,1,lfi,11.6,0.46,0.5032459481946853,0.49675405180531473
lfi,mediatique,1,ps,10.3,0.3624625158141757,0.5158997777718961,0.4841002222281039
lfi,mediatique,1,ecologistes,7.8,0.43324208669951964,0.5218928054030433,0.4781071945969567
lfi,mediatique,1,renaissance,11.5,0.15969699216606842,0.567170652502638,0.432829347497362
lfi,mediatique,1,lr,13.6,0.1426826733953962,0.42078442443909175,0.5792155755609083
lfi,mediatique,1,rn,11,0.35076970766091714,0.46919680105564154,0.5308031989443585
lfi,mediatique,1,reconquete,5.6,0.3374198402201497,0.45959678226835726,0.5404032177316427
lfi,mediatique,2,ecologistes,11.5,0.2386987569111708,0.4600403199282382,0.5399596800717619
lfi,mediatique,2,renaissance,11.9,0.4133403910797789,0.4844941311553055,0.5155058688446945
lfi,mediatique,2,horizons,12.2,0.4455074607019769,0.4909529796255562,0.5090470203744438
lfi,mediatique,2,lr,8.8,0.46,0.5015021462543888,0.4984978537456112
lfi,mediatique,2,rn,10.1,0.46,0.5243635832528831,0.4756364167471169
lfi,mediatique,2,reconquete,4.7,0.46,0.5265226630386588,0.4734773369613412
lfi,mediatique,2,nouvelle_energie,12.2,0.46,0.5004878019969516,0.49951219800304836
lfi,mediatique,3,lfi,9.2,0.34876847259118604,0.5638959834692708,0.43610401653072917
lfi,mediatique,3,ecologistes,11.8,0.2898538120233696,0.57289688463063,0.42710311536936996
lfi,mediatique,3,renaissance,12.5,0.20389699216606838,0.41837670156141965,0.5816232984385803
lfi,mediatique,3,lr,11.8,0.31076970355619815,0.4446194904977886,0.5553805095022114
lfi,mediatique,3,rn,12,0.445566785515875,0.4653767684425028,0.5346232315574972
lfi,mediatique,3,reconquete,5,0.46,0.4443141210149528,0.5556858789850472
lfi,mediatique,3,nouvelle_energie,11.7,0.2945877560484174,0.441228970675683,0.558771029324317
lfi,mediatique,4,lfi,11.5,0.3627525050023503,0.4377742461724789,0.562225753827521
lfi,mediatique,4,ps,10.1,0.2760538120233696,0.4511294078284516,0.5488705921715484
lfi,mediatique,4,horizons,11.7,0.2400969921660684,0.5527893078872538,0.4472106921127462
lfi,mediatique,4,lr,11.8,0.3049291016103894,0.6149664594018106,0.3850335405981894
lfi,mediatique,4,rn,10.7,0.46,0.5351753779498781,0.46482462205012187
lfi,mediatique,4,reconquete,9.4,0.46,0.5546668253283449,0.4453331746716551
lfi,mediatique,4,nouvelle_energie,9,0.338494532788215,0.5555434568320046,0.44445654316799543
lfi,mediatique,5,ps,11.5,0.32272246513624014,0.5532427420841499,0.4467572579158501
lfi,mediatique,5,ecologistes,9.1,0.3516088061023128,0.572467796570017,0.427532203429983
lfi,mediatique,5,renaissance,11.4,0.2604467897405687,0.43152677908074033,0.5684732209192597
lfi,mediatique,5,lr,13.1,0.26731950113069847,0.3727834111123977,0.6272165888876022
lfi,mediatique,5,rn,10.3,0.4521165830903753,0.47390314011844514,0.5260968598815549
lfi,mediatique,5,reconquete,6,0.46,0.45068710509892373,0.5493128949010763
lfi,mediatique,5,nouvelle_energie,9.7,0.3011375536229177,0.42325721699375357,0.5767427830062464
lfi,mediatique,6,ps,12.9,0.24822683530376147,0.6269812043160767,0.37301879568392327
lfi,mediatique,6,ecologistes,12.5,0.3347497473162385,0.6049088990754727,0.39509110092452726
lfi,mediatique,6,renaissance,9.2,0.29544142370279824,0.4223265920969911,0.5776734079030089
lfi,mediatique,6,horizons,9.4,0.23773464696300067,0.40365168786855915,0.5963483121314408
lfi,mediatique,6,lr,13.2,0.1800295643099794,0.3715607878533871,0.6284392121466129
lfi,mediatique,6,rn,10.2,0.38811659857550035,0.46681361497324675,0.5331863850267533
lfi,mediatique,6,reconquete,3.6,0.3247667311347329,0.38034430888416043,0.6196556911158395
lfi,mediatique,7,ps,12.9,0.36279760781271486,0.628950894895444,0.371049105104556
lfi,mediatique,7,ecologistes,8,0.38146538014668546,0.6708392371715781,0.3291607628284219
lfi,mediatique,7,renaissance,8.1,0.46,0.5421645614709184,0.4578354385290816
lfi,mediatique,7,horizons,10.9,0.46,0.5149742848233925,0.48502571517660753
lfi,mediatique,7,lr,10.8,0.41417265660237984,0.45882937729750917,0.5411706227024908
lfi,mediatique,7,reconquete,6.1,0.33442807153448606,0.4033954650238662,0.5966045349761337
lfi,mediatique,7,nouvelle_energie,12,0.4497697076609171,0.4713357282540365,0.5286642717459635
lfi,mediatique,8,ps,8.4,0.278283760826267,0.32332023405394095,0.676679765946059
lfi,mediatique,8,ecologistes,10,0.3652950843724497,0.3342260321547756,0.6657739678452244
lfi,mediatique,8,renaissance,12,0.46,0.45969210970756147,0.5403078902924385
lfi,mediatique,8,horizons,13.9,0.46,0.48655149369704687,0.5134485063029531
lfi,mediatique,8,lr,9,0.40867265660237984,0.5423012344403506,0.4576987655596494
lfi,mediatique,8,reconquete,5,0.2789280715344861,0.6546633706449049,0.3453366293550951
lfi,mediatique,8,nouvelle_energie,11.5,0.4442697076609171,0.5312388079928253,0.4687611920071747
lfi,mediatique,9,ps,12.7,0.2902850999640212,0.328637862169197,0.671362137830803
lfi,mediatique,9,ecologistes,11.3,0.3627732220978574,0.3389127454143264,0.6610872545856736
lfi,mediatique,9,renaissance,8.3,0.46,0.4711611676381068,0.5288388323618932
lfi,mediatique,9,horizons,11.7,0.46,0.4980610204829049,0.5019389795170951
lfi,mediatique,9,lr,11.2,0.35797265660237987,0.6134811476658872,0.38651885233411276
lfi,mediatique,9,reconquete,6.6,0.3282280715344861,0.6148155630205385,0.3851844369794615
lfi,mediatique,9,nouvelle_energie,8.7,0.44356970766091713,0.5392879782292712,0.4607120217707288
lfi,mediatique,10,ecologistes,11.6,0.2308538120233696,0.5778497856825279,0.42215021431747213
lfi,mediatique,10,renaissance,11.5,0.4054954461919777,0.5390490676932286,0.4609509323067714
lfi,mediatique,10,horizons,9.8,0.4376625158141757,0.5288828118645107,0.4711171881354893
lfi,mediatique,10,lr,9.5,0.46,0.5195256100341175,0.48047438996588254
lfi,mediatique,10,rn,13.5,0.46,0.49429462078179437,0.5057053792182056
lfi,mediatique,10,reconquete,4.8,0.46,0.4967693332654906,0.5032306667345094
lfi,mediatique,10,nouvelle_energie,10.9,0.46,0.5215131971286305,0.47848680287136947
lfi,mediatique,11,lfi,12.2,0.46,0.5527125184931164,0.4472874815068836
lfi,mediatique,11,ps,8.8,0.4195625158141757,0.5740354475969581,0.4259645524030419
lfi,mediatique,11,ecologistes,12.1,0.46,0.6031388445151604,0.3968611554848396
lfi,mediatique,11,renaissance,9,0.2667969921660684,0.5987098887580449,0.4012901112419551
lfi,mediatique,11,lr,9.2,0.3236697035561982,0.5266471889825245,0.4733528110174755
lfi,mediatique,11,reconquete,8.5,0.24252807153448608,0.3895218022254712,0.6104781977745288
lfi,mediatique,11,nouvelle_energie,11.1,0.25748775604841745,0.5946709678818657,0.4053290321181343
lfi,mediatique,12,ps,12.2,0.3494726793224206,0.3648603383691076,0.6351396616308924
lfi,mediatique,12,ecologistes,9.9,0.37728650254291146,0.3259715610801588,0.6740284389198412
lfi,mediatique,12,renaissance,8,0.46,0.4522811467999616,0.5477188532000383
lfi,mediatique,12,horizons,9.4,0.46,0.47860282734922527,0.5213971726507747
lfi,mediatique,12,lr,12.2,0.4071726566023799,0.5296535913392484,0.4703464086607516
lfi,mediatique,12,reconquete,9.9,0.32742807153448605,0.5861289091569197,0.41387109084308027
lfi,mediatique,12,nouvelle_energie,10.7,0.44276970766091717,0.5174987128737586,0.4825012871262414
lfi,mediatique,13,ps,10.9,0.34385967711643944,0.3803172586964839,0.6196827413035161
lfi,mediatique,13,ecologistes,12,0.3694726328003857,0.3388012745548675,0.6611987254451325
lfi,mediatique,13,renaissance,10.3,0.46,0.4660314703504465,0.5339685296495535
lfi,mediatique,13,horizons,10.5,0.46,0.49312579790441724,0.5068742020955828
lfi,mediatique,13,lr,10.8,0.411017601490181,0.5499204519607231,0.45007954803927686
lfi,mediatique,13,reconquete,6.3,0.24127301642228724,0.6801474184082709,0.31985258159172913
lfi,mediatique,13,nouvelle_energie,8.9,0.4466146525487183,0.5376561032231013,0.4623438967768987
lfi,mediatique,14,ps,8.8,0.2902289515878428,0.5607064538551264,0.4392935461448736
lfi,mediatique,14,ecologistes,11.6,0.30719741574029463,0.5756925759652057,0.42430742403479427
lfi,mediatique,14,renaissance,9.9,0.2524969921660684,0.4394199022422613,0.5605800977577386
lfi,mediatique,14,lr,12,0.2593697035561982,0.38105687759639917,0.6189431224036008
lfi,mediatique,14,rn,10.9,0.444166785515875,0.4760276522299118,0.5239723477700882
lfi,mediatique,14,reconquete,6.7,0.4592005328580141,0.4541816040765748,0.5458183959234252
lfi,mediatique,14,nouvelle_energie,11.6,0.29318775604841746,0.4296514350477266,0.5703485649522734
lfi,mediatique,15,ecologistes,11,0.23375381202336962,0.4597663210178517,0.5402336789821482
lfi,mediatique,15,renaissance,12.5,0.40839544619197765,0.47564090935573056,0.5243590906442694
lfi,mediatique,15,horizons,9.4,0.4405625158141757,0.47764915263040125,0.5223508473695988
lfi,mediatique,15,lr,11.5,0.46,0.49065579357624434,0.5093442064237557
lfi,mediatique,15,rn,13.7,0.46,0.5140053595422671,0.4859946404577329
lfi,mediatique,15,reconquete,4.6,0.46,0.5132737902691415,0.48672620973085845
lfi,mediatique,15,nouvelle_energie,8.3,0.46,0.4890819286169382,0.5109180713830618
lfi,mediatique,16,lfi,10.9,0.36755696177999564,0.6086843165164662,0.39131568348353385
lfi,mediatique,16,ecologistes,10.9,0.3337538120233696,0.6579343005250958,0.3420656994749042
lfi,mediatique,16,renaissance,9.5,0.41839544619197766,0.5602511200369168,0.4397488799630832
lfi,mediatique,16,horizons,12.6,0.4505625158141757,0.5288157245970563,0.4711842754029437
lfi,mediatique,16,lr,11.6,0.4032726566023799,0.46485318429965916,0.5351468157003408
lfi,mediatique,16,reconquete,3.5,0.27352807153448605,0.3310513037334327,0.6689486962665673
lfi,mediatique,16,nouvelle_energie,10.7,0.43886970766091715,0.4779838856604172,0.5220161143395827
lfi,mediatique,17,ps,10,0.29006860961232195,0.5582260345120156,0.4417739654879844
lfi,mediatique,17,ecologistes,9.2,0.3125343754877218,0.5751106661610659,0.4248893338389341
lfi,mediatique,17,renaissance,11.8,0.21289699216606836,0.4150353536987704,0.5849646463012296
lfi,mediatique,17,lr,11.2,0.25976970355619816,0.37956607808069254,0.6204339219193075
lfi,mediatique,17,rn,11.8,0.444566785515875,0.47520127090318076,0.5247987290968192
lfi,mediatique,17,reconquete,8.2,0.45960053285801405,0.4532310608185519,0.5467689391814481
lfi,mediatique,17,nouvelle_energie,9.6,0.2935877560484174,0.4292391943889149,0.5707608056110851
lfi,mediatique,18,lfi,11,0.46,0.4469825872713891,0.5530174127286109
lfi,mediatique,18,ps,10.2,0.46,0.4384896202055957,0.5615103797944043
lfi,mediatique,18,ecologistes,10.6,0.46,0.4135957118548517,0.5864042881451483
lfi,mediatique,18,renaissance,11.5,0.303794532788215,0.365254472390554,0.634745527609446
lfi,mediatique,18,horizons,11.2,0.2960877560484174,0.4257125238538364,0.5742874761461636
lfi,mediatique,18,lr,12.3,0.1483826733953962,0.37484270012607096,0.625157299873929
lfi,mediatique,18,reconquete,5.7,0.28112807153448605,0.514372742730631,0.48562725726936895
lfi,mediatique,19,ps,8.8,0.26363449419881274,0.5663689512581715,0.43363104874182845
lfi,mediatique,19,ecologistes,11.2,0.29131755301316214,0.5861157932682408,0.4138842067317592
lfi,mediatique,19,renaissance,7.6,0.19539699216606837,0.4061081304975007,0.5938918695024993
lfi,mediatique,19,lr,12.6,0.3022697035561982,0.450632088096599,0.549367911903401
lfi,mediatique,19,rn,12.5,0.43706678551587497,0.4909840686543821,0.509015931345618
lfi,mediatique,19,reconquete,8.6,0.4521005328580141,0.47149145084810623,0.5285085491518937
lfi,mediatique,19,nouvelle_energie,11.4,0.23608775604841742,0.39343737292369924,0.6065626270763007
lfi,contrarien,0,ps,11.5,0.28490049660818534,0.6815397197448207,0.31846028025517925
lfi,contrarien,0,ecologistes,10.2,0.3175468097588689,0.7249870063600539,0.27501299363994614
lfi,contrarien,0,renaissance,7.6,0.46,0.5597701499567308,0.4402298500432692
lfi,contrarien,0,horizons,13,0.46,0.5336688064442255,0.46633119355577446
lfi,contrarien,0,lr,11.2,0.40467265660237983,0.47921279696813507,0.520787203031865
lfi,contrarien,0,reconquete,7.8,0.32492807153448605,0.42137509866230005,0.5786249013377
lfi,contrarien,0,nouvelle_energie,8.4,0.4402697076609171,0.49312842942195156,0.5068715705780484
lfi,contrarien,1,lfi,11.9,0.46,0.43628798831323756,0.5637120116867624
lfi,contrarien,1,ps,10.1,0.4098954461919777,0.412324617221478,0.5876753827785219
lfi,contrarien,1,ecologistes,9,0.46,0.377904658596504,0.622095341403496
lfi,contrarien,1,horizons,14.2,0.23929699216606842,0.3694584923500023,0.6305415076499977
lfi,contrarien,1,lr,9.4,0.39477265660237987,0.4890083872694933,0.5109916127305068
lfi,contrarien,1,reconquete,5.4,0.3150280715344861,0.5776792432407027,0.42232075675929726
lfi,contrarien,1,nouvelle_energie,9.8,0.38769453278821503,0.47152438027122706,0.528475619728773
lfi,contrarien,2,lfi,11.1,0.46,0.47337059619633504,0.526629403803665
lfi,contrarien,2,ps,10,0.46,0.47997024815754896,0.520029751842451
lfi,contrarien,2,ecologistes,10.1,0.46,0.47229072273074585,0.5277092772692542
lfi,contrarien,2,renaissance,12.2,0.276994532788215,0.42751699691281636,0.5724830030871837
lfi,contrarien,2,horizons,11.9,0.21928775604841744,0.43432670506324406,0.565673294936756
lfi,contrarien,2,rn,11.9,0.28407265660237985,0.5523415487261821,0.44765845127381787
lfi,contrarien,2,reconquete,4.6,0.32754454299903596,0.49441489721276005,0.50558510278724
lfi,contrarien,3,lfi,7.1,0.3845970631615101,0.6122820584155094,0.3877179415844906
lfi,contrarien,3,ecologistes,11.7,0.33525381202336957,0.6677217877958428,0.3322782122041572
lfi,contrarien,3,renaissance,9.8,0.4198954461919777,0.5695381679446454,0.4304618320553546
lfi,contrarien,3,horizons,9.9,0.45206251581417567,0.5379054278037225,0.4620945721962775
lfi,contrarien,3,lr,10.2,0.4047726566023798,0.47396186830430315,0.5260381316956968
lfi,contrarien,3,reconquete,7.7,0.2750280715344861,0.3404389423256789,0.6595610576743212
lfi,contrarien,3,nouvelle_energie,13.4,0.4403697076609171,0.4874648524663423,0.5125351475336577
lfi,contrarien,4,lfi,10.6,0.4496490973036119,0.5055678982297017,0.4944321017702983
lfi,contrarien,4,ps,12.2,0.3633625158141757,0.5136821009957575,0.4863178990042425
lfi,contrarien,4,ecologistes,9.7,0.43414208669951965,0.5191155137614362,0.48088448623856384
lfi,contrarien,4,renaissance,12.4,0.21059699216606842,0.5233809227067816,0.4766190772932184
lfi,contrarien,4,lr,11.1,0.1035826733953962,0.4026079598581896,0.5973920401418105
lfi,contrarien,4,rn,12.7,0.35166970766091715,0.46779238701402825,0.5322076129859717
lfi,contrarien,4,reconquete,3.6,0.2883198402201497,0.4027092669789497,0.5972907330210503
lfi,contrarien,5,lfi,10.6,0.3381519601132117,0.5681239758715952,0.43187602412840476
lfi,contrarien,5,ecologistes,11.9,0.19905381202336955,0.6452698675179043,0.35473013248209573
lfi,contrarien,5,renaissance,8,0.2030969921660684,0.4233797172061852,0.5766202827938147
lfi,contrarien,5,lr,9.9,0.25996970355619814,0.393238213244575,0.606761786755425
lfi,contrarien,5,rn,12.7,0.444766785515875,0.47033860368809227,0.5296613963119077
lfi,contrarien,5,reconquete,5.4,0.45980053285801403,0.45004809336163754,0.5499519066383625
lfi,contrarien,5,nouvelle_energie,12,0.24378775604841746,0.3902227014603337,0.6097772985396663
lfi,contrarien,6,ps,12.3,0.3160475264017584,0.3977105256507889,0.6022894743492111
lfi,contrarien,6,ecologistes,9.7,0.354426611402296,0.3660224632454274,0.6339775367545726
lfi,contrarien,6,renaissance,13,0.34342910161038936,0.5552294516859411,0.44477054831405893
lfi,contrarien,6,horizons,9.5,0.3354697035561982,0.522974450941551,0.47702554905844896
lfi,contrarien,6,rn,10.2,0.3840726566023799,0.5285138332593299,0.4714861667406701
lfi,contrarien,6,reconquete,9.1,0.37754454299903595,0.5535048854732081,0.4464951145267919
lfi,contrarien,6,nouvelle_energie,9.1,0.2215826733953962,0.5932774401104725,0.40672255988952755
lfi,contrarien,7,lfi,10.6,0.46,0.4503882479004999,0.5496117520995001
lfi,contrarien,7,ps,10.4,0.4206625158141757,0.4223847662385421,0.577615233761458
lfi,contrarien,7,ecologistes,7.6,0.46,0.39190976424311863,0.6080902357568814
lfi,contrarien,7,renaissance,10.7,0.2678969921660684,0.3964962357854036,0.6035037642145964
lfi,contrarien,7,lr,9.9,0.32476970355619816,0.4699438715201751,0.5300561284798249
lfi,contrarien,7,reconquete,6.3,0.29362807153448606,0.5496175047263253,0.4503824952736747
lfi,contrarien,7,nouvelle_energie,14.1,0.3085877560484174,0.4531628683861073,0.5468371316138927
lfi,contrarien,8,ps,10.2,0.32006104168341615,0.5937212083003773,0.40627879169962267
lfi,contrarien,8,ecologistes,10.7,0.35205976163551217,0.6272068563038785,0.3727931436961215
lfi,contrarien,8,renaissance,11.1,0.40029178592427994,0.4903255800711574,0.5096744199288425
lfi,contrarien,8,horizons,11.1,0.2923323878700887,0.41291710705193885,0.5870828929480612
lfi,contrarien,8,rn,11.4,0.39093534091627036,0.45581601210771894,0.5441839878922811
lfi,contrarien,8,reconquete,4,0.38440722731292654,0.42985676764330716,0.5701432323566928
lfi,contrarien,8,nouvelle_energie,13.3,0.22844535770928673,0.3964277640863333,0.6035722359136667
lfi,contrarien,9,lfi,11.7,0.46,0.43738836990802293,0.562611630091977
lfi,contrarien,9,ps,10.3,0.40939544619197765,0.4136173019245938,0.5863826980754062
lfi,contrarien,9,ecologistes,10.2,0.46,0.37844647491629346,0.6215535250837065
lfi,contrarien,9,horizons,11.2,0.23879699216606837,0.36961118104217094,0.6303888189578291
lfi,contrarien,9,lr,9.6,0.39427265660237987,0.4915524185546624,0.5084475814453375
lfi,contrarien,9,reconquete,9.5,0.26452807153448604,0.6338988324356634,0.36610116756433664
lfi,contrarien,9,nouvelle_energie,9.4,0.38719453278821503,0.4737682871839163,0.5262317128160837
lfi,contrarien,10,lfi,10.1,0.46,0.4481246306525052,0.5518753693474948
lfi,contrarien,10,ps,10.4,0.46,0.4359538584088634,0.5640461415911366
lfi,contrarien,10,ecologistes,9.1,0.46,0.4100443621909434,0.5899556378090566
lfi,contrarien,10,renaissance,12.9,0.353994532788215,0.4161378640766414,0.5838621359233587
lfi,contrarien,10,horizons,12.8,0.24628775604841746,0.3738903962074782,0.6261096037925218
lfi,contrarien,10,lr,11.4,0.1985826733953962,0.4133703775826948,0.5866296224173052
lfi,contrarien,10,reconquete,4.7,0.2813280715344861,0.5109244240321361,0.4890755759678639
lfi,contrarien,11,lfi,11.7,0.3620942903907731,0.38645595079728057,0.6135440492027194
lfi,contrarien,11,ecologistes,7.9,0.2934538120233696,0.314341765835478,0.685658234164522
lfi,contrarien,11,renaissance,13.7,0.4180954461919777,0.43185423336501283,0.5681457666349872
lfi,contrarien,11,horizons,10.4,0.4502625158141757,0.4628558065024484,0.5371441934975516
lfi,contrarien,11,lr,9.9,0.35297265660237986,0.5871218634274352,0.4128781365725648
lfi,contrarien,11,reconquete,4.3,0.2732280715344861,0.6574930267754988,0.3425069732245012
lfi,contrarien,11,nouvelle_energie,12.3,0.43856970766091713,0.512327692162627,0.48767230783737303
lfi,contrarien,12,lfi,10.2,0.46,0.4328284610899963,0.5671715389100037
lfi,contrarien,12,ps,11.7,0.4211625158141757,0.42154077935982226,0.5784592206401777
lfi,contrarien,12,ecologistes,12.3,0.46,0.3911559455455057,0.6088440544544943
lfi,contrarien,12,renaissance,13.3,0.2683969921660684,0.3941711581924051,0.6058288418075949
lfi,contrarien,12,lr,8.5,0.32526970355619816,0.4714217444295455,0.5285782555704546
lfi,contrarien,12,reconquete,6.6,0.29412807153448606,0.5503394732755449,0.4496605267244551
lfi,contrarien,12,nouvelle_energie,9.2,0.30908775604841743,0.4546954843472392,0.5453045156527607
lfi,contrarien,13,ecologistes,10.8,0.2930303511495412,0.5035514213063031,0.49644857869369685
lfi,contrarien,13,renaissance,9.1,0.41767198531814925,0.5338591816352231,0.46614081836477694
lfi,contrarien,13,horizons,11.6,0.44983905494034726,0.5279151367907796,0.4720848632092204
lfi,contrarien,13,lr,11.4,0.46,0.5201631545398938,0.4798368454601062
lfi,contrarien,13,rn,10.5,0.46,0.49752511664566534,0.5024748833543347
lfi,contrarien,13,reconquete,8,0.46,0.5004980926268815,0.4995019073731185
lfi,contrarien,13,nouvelle_energie,11.1,0.46,0.521819035522588,0.478180964477412
lfi,contrarien,14,lfi,8.9,0.46,0.44061268715698504,0.5593873128430149
lfi,contrarien,14,ps,12.8,0.4216625158141757,0.4202757056331323,0.5797242943668677
lfi,contrarien,14,ecologistes,8.2,0.46,0.3891642880004797,0.6108357119995202
lfi,contrarien,14,renaissance,11.3,0.2688969921660684,0.3977443802141447,0.6022556197858553
lfi,contrarien,14,lr,13.5,0.32576970355619816,0.470857007273823,0.529142992726177
lfi,contrarien,14,reconquete,5.8,0.24462807153448607,0.6057224609046631,0.3942775390953369
lfi,contrarien,14,nouvelle_energie,11.3,0.30958775604841743,0.45282507253881316,0.5471749274611868
lfi,contrarien,15,ps,8.2,0.29006639166616627,0.562195526362517,0.437804473637483
lfi,contrarien,15,ecologistes,9.2,0.27638402892963243,0.630512298587695,0.369487701412305
lfi,contrarien,15,renaissance,9.7,0.25944193705386953,0.4474081342313122,0.5525918657686878
lfi,contrarien,15,lr,10.6,0.2663146484439994,0.3932568063417279,0.6067431936582721
lfi,contrarien,15,rn,12.1,0.45111173040367614,0.4882603113888694,0.5117396886111306
lfi,contrarien,15,reconquete,7,0.46,0.47029989448018644,0.5297001055198136
lfi,contrarien,15,nouvelle_energie,12.2,0.2501327009362186,0.3897480417489711,0.6102519582510288
lfi,contrarien,16,lfi,12.3,0.46,0.5603625307656425,0.43963746923435754
lfi,contrarien,16,ps,12.3,0.4197625158141757,0.5785742493916846,0.42142575060831544
lfi,contrarien,16,ecologistes,10.4,0.46,0.6094639889752851,0.3905360110247149
lfi,contrarien,16,renaissance,10,0.21699699216606844,0.6511726825504285,0.3488273174495715
lfi,contrarien,16,lr,11.9,0.27386970355619816,0.5814660113977801,0.4185339886022199
lfi,contrarien,16,reconquete,6,0.2927280715344861,0.44965291409171654,0.5503470859082835
lfi,contrarien,16,nouvelle_energie,11,0.30768775604841747,0.5450937651426717,0.4549062348573283
lfi,contrarien,17,ps,11.5,0.3372219933171296,0.3777588265858713,0.6222411734141287
lfi,contrarien,17,ecologistes,8.6,0.37916162988827784,0.3385639315125118,0.6614360684874883
lfi,contrarien,17,renaissance,9.5,0.46,0.4567170963937827,0.5432829036062172
lfi,contrarien,17,horizons,10.3,0.46,0.4816247194641996,0.5183752805358004
lfi,contrarien,17,lr,11.7,0.3685739920738485,0.5969324967453877,0.40306750325461227
lfi,contrarien,17,reconquete,9.6,0.2488294070059547,0.6637786970213004,0.33622130297869957
lfi,contrarien,17,nouvelle_energie,9.9,0.45417104313238577,0.5224000492128072,0.47759995078719275
lfi,contrarien,18,lfi,11.8,0.46,0.5497332173595282,0.4502667826404718
lfi,contrarien,18,ps,13,0.46,0.5612897491370902,0.4387102508629098
lfi,contrarien,18,ecologistes,7.4,0.46,0.5862963676657372,0.41370363233426277
lfi,contrarien,18,renaissance,10.1,0.35319453278821505,0.5794132590351183,0.4205867409648817
lfi,contrarien,18,horizons,13.7,0.2954877560484175,0.5731280658890929,0.42687193411090707
lfi,contrarien,18,lr,10,0.14778267339539622,0.6246107026642365,0.37538929733576354
lfi,contrarien,18,reconquete,6.1,0.23052807153448612,0.4351892353722902,0.5648107646277098
lfi,contrarien,19,lfi,13.2,0.46,0.4398159960765067,0.5601840039234933
lfi,contrarien,19,ps,7.3,0.4183625158141757,0.42185607063922004,0.57814392936078
lfi,contrarien,19,ecologistes,9.5,0.46,0.39179834389947166,0.6082016561005283
lfi,contrarien,19,renaissance,12,0.2655969921660684,0.39453255541640053,0.6054674445835995
lfi,contrarien,19,lr,10.3,0.2724697035561982,0.41885463820941254,0.5811453617905875
lfi,contrarien,19,reconquete,7.5,0.2913280715344861,0.5467056034305479,0.45329439656945214
lfi,contrarien,19,nouvelle_energie,12.5,0.30628775604841746,0.4547756646752792,0.5452243353247208
ps,aleatoire,0,lfi,10.7,0.35830466796228666,0.56210442105022,0.43789557894978004
ps,aleatoire,0,ecologistes,10.7,0.2563990011457982,0.6147027846903621,0.3852972153096379
ps,aleatoire,0,renaissance,11,0.1746941844231856,0.40223116214719135,0.5977688378528087
ps,aleatoire,0,lr,11.4,0.32156689581331543,0.4499834406065987,0.5500165593934013
ps,aleatoire,0,rn,10.8,0.4563639777729922,0.4723093026519011,0.5276906973480989
ps,aleatoire,0,reconquete,7.7,0.46,0.4528141779328557,0.5471858220671443
ps,aleatoire,0,nouvelle_energie,9.5,0.25538494830553465,0.39292077854367397,0.6070792214563261
ps,aleatoire,1,lfi,11,0.46,0.44779010378476386,0.5522098962152362
ps,aleatoire,1,ps,12.5,0.4374923675761882,0.41080090308458983,0.5891990969154102
ps,aleatoire,1,ecologistes,7.1,0.46,0.39083198875925385,0.6091680112407462
ps,aleatoire,1,renaissance,10.3,0.2162969921660684,0.348931357068931,0.651068642931069
ps,aleatoire,1,lr,8.6,0.3231697035561982,0.47071847525743593,0.5292815247425641
ps,aleatoire,1,reconquete,4.4,0.24202807153448608,0.6030998274263364,0.3969001725736636
ps,aleatoire,1,nouvelle_energie,9.5,0.30698775604841744,0.4540889002273989,0.5459110997726011
ps,aleatoire,1,reconquete_dissidence_15,7.4,0.29202807153448607,0.5438155283606387,0.45618447163936127
ps,aleatoire,2,lfi,10.9,0.3881475882441424,0.549182636389625,0.45081736361037505
ps,aleatoire,2,ecologistes,9.7,0.32633939076168766,0.5546299897664441,0.44537001023355594
ps,aleatoire,2,renaissance,8.3,0.229056228499188,0.41370863171632455,0.5862913682836755
ps,aleatoire,2,lr,11.8,0.33592893988931777,0.4343702656409862,0.5656297343590138
ps,aleatoire,2,rn,11.9,0.46,0.4522359841665226,0.5477640158334773
ps,aleatoire,2,reconquete,3.7,0.46,0.4318374722953151,0.5681625277046849
ps,aleatoire,2,nouvelle_energie,13.6,0.31974699238153703,0.4334946919286446,0.5665053080713554
ps,aleatoire,3,lfi,11.9,0.3701545113685714,0.6644623463298172,0.33553765367018284
ps,aleatoire,3,ecologistes,12.2,0.308157291753485,0.7124117918714352,0.2875882081285648
ps,aleatoire,3,renaissance,10.4,0.4281420675465355,0.570647955241407,0.429352044758593
ps,aleatoire,3,horizons,10.5,0.46,0.538531177335016,0.461468822664984
ps,aleatoire,3,lr,11.3,0.3729007665009126,0.41386468631079665,0.5861353136892034
ps,aleatoire,3,reconquete,7.2,0.29315618143301875,0.3436192904998541,0.6563807095001459
ps,aleatoire,3,nouvelle_energie,8.6,0.45849781755944985,0.4891117759104486,0.5108882240895514
ps,aleatoire,4,lfi,11.1,0.3022160918617806,0.6267942517800708,0.37320574821992925
ps,aleatoire,4,ecologistes,8.1,0.26278823009016,0.6221464872143451,0.37785351278565493
ps,aleatoire,4,renaissance,13.2,0.21274519092432648,0.4301130115595175,0.5698869884404825
ps,aleatoire,4,lr,7.9,0.26961790231445626,0.40438475971720905,0.595615240282791
ps,aleatoire,4,rn,13.8,0.45441498427413307,0.4868119741634898,0.5131880258365102
ps,aleatoire,4,reconquete,5.5,0.46,0.4680599199828527,0.5319400800171473
ps,aleatoire,4,nouvelle_energie,7.6,0.2534359548066755,0.4036124480314738,0.5963875519685262
ps,aleatoire,5,lfi,11.1,0.24276622790937005,0.6526174924375086,0.34738250756249145
ps,aleatoire,5,ecologistes,11.1,0.1964995174870984,0.6595846211422112,0.34041537885778883
ps,aleatoire,5,renaissance,11.6,0.3470258597304757,0.4987734538781281,0.5012265461218719
ps,aleatoire,5,horizons,10,0.28931908299067816,0.4743000466527,0.5256999533473
ps,aleatoire,5,lr,10,0.23161400033765692,0.4234098810591842,0.5765901189408158
ps,aleatoire,5,rn,11,0.38970103460317784,0.45534648466593997,0.54465351533406
ps,aleatoire,5,reconquete,8.7,0.3763511671624104,0.42851542452986013,0.5714845754701399
ps,aleatoire,6,lfi,12,0.46,0.547171492431916,0.452828507568084
ps,aleatoire,6,ps,12.6,0.42251770250108434,0.5817773353052638,0.41822266469473623
ps,aleatoire,6,ecologistes,9.5,0.46,0.6032422046502792,0.3967577953497208
ps,aleatoire,6,renaissance,11.1,0.17749699216606837,0.6635607582147409,0.3364392417852591
ps,aleatoire,6,lr,9.1,0.3243697035561982,0.5263442470530842,0.47365575294691575
ps,aleatoire,6,reconquete,6.5,0.20322807153448605,0.3728346022612066,0.6271653977387934
ps,aleatoire,6,nouvelle_energie,12.8,0.3081877560484174,0.5439922564181842,0.45600774358181584
ps,aleatoire,7,lfi,10.2,0.3087968174697108,0.6937197738267299,0.3062802261732701
ps,aleatoire,7,ecologistes,10.5,0.34191257650363294,0.6878203280477942,0.31217967195220575
ps,aleatoire,7,renaissance,9.9,0.4226987206287686,0.592314888316439,0.40768511168356103
ps,aleatoire,7,horizons,9.3,0.4448734414854572,0.5649705243957781,0.4350294756042219
ps,aleatoire,7,lr,13.4,0.41479240807743495,0.5098906983220893,0.49010930167791067
ps,aleatoire,7,reconquete,4.4,0.2850478230095412,0.39138090334131237,0.6086190966586876
ps,aleatoire,7,nouvelle_energie,9.7,0.4503894591359722,0.5222442635251521,0.4777557364748479
ps,aleatoire,8,lfi,12.7,0.36672044716379226,0.4340251078200005,0.5659748921799995
ps,aleatoire,8,ecologistes,10.5,0.316673623700082,0.43262098016532236,0.5673790198346776
ps,aleatoire,8,renaissance,10.7,0.17839888275795254,0.5955690132749969,0.4044309867250031
ps,aleatoire,8,lr,8.5,0.2752715941480824,0.5999927287878368,0.4000072712121632
ps,aleatoire,8,rn,13.2,0.46,0.5227587050746537,0.4772412949253463
ps,aleatoire,8,reconquete,4,0.46,0.5388057385599365,0.4611942614400635
ps,aleatoire,8,nouvelle_energie,11.4,0.2590896466403016,0.6026879179685284,0.3973120820314716
ps,aleatoire,9,lfi,12.2,0.46,0.48298674209607495,0.517013257903925
ps,aleatoire,9,ps,12.4,0.36710951540485304,0.4736399566607074,0.5263600433392925
ps,aleatoire,9,ecologistes,10.1,0.4369420866995196,0.46998689395847865,0.5300131060415214
ps,aleatoire,9,renaissance,12.7,0.17339699216606838,0.4498627364602962,0.5501372635397038
ps,aleatoire,9,lr,9.7,0.14638267339539623,0.5760794272718921,0.4239205727281079
ps,aleatoire,9,rn,9.1,0.3544697076609171,0.5243257868582143,0.4756742131417857
ps,aleatoire,9,reconquete,8,0.3411198402201497,0.5338840338465864,0.46611596615341355
ps,aleatoire,10,lfi,9.8,0.363823583399684,0.5632698331378378,0.43673016686216215
ps,aleatoire,10,ecologistes,8.6,0.2571696584869297,0.618498539210726,0.38150146078927405
ps,aleatoire,10,renaissance,9.4,0.2155978838168519,0.4192010331990775,0.5807989668009226
ps,aleatoire,10,lr,13.1,0.27247059520698175,0.3931093681990273,0.6068906318009727
ps,aleatoire,10,rn,11.6,0.4572676771666585,0.4686347883803139,0.5313652116196861
ps,aleatoire,10,reconquete,7,0.46,0.44842161708301753,0.5515783829169825
ps,aleatoire,10,nouvelle_energie,12.4,0.25628864769920096,0.3890433169142533,0.6109566830857467
ps,aleatoire,11,lfi,9.4,0.3709339663592689,0.5777969160065805,0.42220308399341955
ps,aleatoire,11,ecologistes,8,0.27017520043223314,0.6281729686197095,0.3718270313802905
ps,aleatoire,11,renaissance,10.3,0.26381357544545947,0.487589587375434,0.512410412624566
ps,aleatoire,11,lr,13,0.2706862868355892,0.41829281599355633,0.5817071840064436
ps,aleatoire,11,rn,11.7,0.4554833687952661,0.4958064972122958,0.5041935027877043
ps,aleatoire,11,reconquete,7.9,0.46,0.4834984295341037,0.5165015704658963
ps,aleatoire,11,nouvelle_energie,10.2,0.3045043393278085,0.46929456889533555,0.5307054311046644
ps,aleatoire,12,lfi,11.1,0.29057666397927856,0.6303687104355189,0.3696312895644811
ps,aleatoire,12,ecologistes,7.9,0.25323794757709545,0.63905301168551,0.36094698831449
ps,aleatoire,12,renaissance,8.5,0.35660297559695747,0.49254136354640915,0.5074586364535909
ps,aleatoire,12,horizons,12.8,0.2988961988571599,0.4617734646235986,0.5382265353764014
ps,aleatoire,12,lr,9.7,0.20119111620413865,0.39738281972733697,0.602617180272663
ps,aleatoire,12,rn,11.7,0.3992781504696596,0.44468822238337713,0.5553117776166229
ps,aleatoire,12,reconquete,9.3,0.38592828302889215,0.41769381124178717,0.5823061887582128
ps,aleatoire,13,lfi,10.8,0.304803952268583,0.6292182569874811,0.37078174301251887
ps,aleatoire,13,ecologistes,11.4,0.2925847382265533,0.5795918327749502,0.4204081672250498
ps,aleatoire,13,renaissance,8.6,0.17305798490691424,0.4173251619032312,0.5826748380967688
ps,aleatoire,13,lr,10.2,0.31993069629704396,0.46310021974741616,0.5368997802525839
ps,aleatoire,13,rn,11,0.45472777825672084,0.4867928003607452,0.5132071996392549
ps,aleatoire,13,reconquete,4.1,0.46,0.46956243358665234,0.5304375664133476
ps,aleatoire,13,nouvelle_energie,12.6,0.3037487487892633,0.45855647013953216,0.5414435298604678
ps,aleatoire,14,lfi,11.4,0.40753513173743616,0.3779859052941714,0.6220140947058286
ps,aleatoire,14,ecologistes,13.4,0.36589279862837665,0.3292301899504273,0.6707698100495727
ps,aleatoire,14,renaissance,10.3,0.42285396217275184,0.4136458906180367,0.5863541093819633
ps,aleatoire,14,horizons,10.7,0.4516946960728031,0.44312591664642176,0.5568740833535782
ps,aleatoire,14,lr,9.5,0.40967265660237984,0.5001769639167062,0.4998230360832938
ps,aleatoire,14,reconquete,4.4,0.2799280715344861,0.6261026562145082,0.3738973437854918
ps,aleatoire,14,nouvelle_energie,10.3,0.4452697076609171,0.487505703336247,0.512494296663753
ps,aleatoire,15,lfi,9.5,0.46,0.4657625045171373,0.5342374954828627
ps,aleatoire,15,ps,12.4,0.3888829619148947,0.4569573265490224,0.5430426734509777
ps,aleatoire,15,ecologistes,12.5,0.46,0.448194634641704,0.5518053653582959
ps,aleatoire,15,renaissance,11.7,0.1920969921660684,0.408308000665644,0.591691999334356
ps,aleatoire,15,rn,11.8,0.34757265660237985,0.5252323398244437,0.47476766017555627
ps,aleatoire,15,reconquete,6.1,0.34104454299903597,0.5328560636162174,0.4671439363837826
ps,aleatoire,15,nouvelle_energie,7.9,0.13508267339539623,0.5859580654406603,0.4140419345593397
ps,aleatoire,16,lfi,12.2,0.46,0.5499366233487117,0.45006337665128826
ps,aleatoire,16,ps,11.3,0.39076247567069916,0.5919619038933611,0.4080380961066389
ps,aleatoire,16,ecologistes,9.9,0.46,0.6081420957045912,0.3918579042954088
ps,aleatoire,16,renaissance,10.2,0.2193969921660684,0.6543618357377623,0.3456381642622377
ps,aleatoire,16,lr,12.4,0.2762697035561982,0.5808202911233102,0.41917970887668976
ps,aleatoire,16,reconquete,6.7,0.29512807153448606,0.4502024925917273,0.5497975074082727
ps,aleatoire,16,nouvelle_energie,11.3,0.26008775604841744,0.5972331914537351,0.4027668085462649
ps,aleatoire,17,ps,13.4,0.38966421043425503,0.3854702927033367,0.6145297072966633
ps,aleatoire,17,ecologistes,8.8,0.3981082887331051,0.34379351303123995,0.65620648696876
ps,aleatoire,17,renaissance,10.1,0.46,0.46961020240709467,0.5303897975929053
ps,aleatoire,17,horizons,9.4,0.46,0.4977097376725736,0.5022902623274264
ps,aleatoire,17,lr,12.1,0.3417726566023798,0.6210177811730129,0.3789822188269871
ps,aleatoire,17,reconquete,7.3,0.2620280715344861,0.6686678501109258,0.3313321498890742
ps,aleatoire,17,nouvelle_energie,9.2,0.4273697076609171,0.5443692940719149,0.4556307059280851
ps,aleatoire,18,lfi,12,0.46,0.46670803348451884,0.5332919665154812
ps,aleatoire,18,ps,11.7,0.46,0.43253305454274016,0.5674669454572598
ps,aleatoire,18,ecologistes,12,0.46,0.4216735813940087,0.5783264186059913
ps,aleatoire,18,renaissance,11.2,0.352694532788215,0.4253556908559106,0.5746443091440894
ps,aleatoire,18,horizons,8.1,0.2949877560484174,0.43114426483604446,0.5688557351639556
ps,aleatoire,18,lr,11.9,0.18728267339539623,0.3943982234332822,0.6056017765667179
ps,aleatoire,18,reconquete,4.2,0.28002807153448606,0.515724327544228,0.48427567245577197
ps,aleatoire,19,lfi,11,0.32724845698934873,0.5927023561593696,0.4072976438406304
ps,aleatoire,19,ecologistes,8.9,0.27100803514787414,0.5876021149427049,0.41239788505729513
ps,aleatoire,19,renaissance,9,0.2077453071286688,0.4337637186564247,0.5662362813435753
ps,aleatoire,19,lr,8.4,0.26461801851879857,0.41133264146394083,0.5886673585360591
ps,aleatoire,19,rn,14.1,0.4494151004784754,0.4858969548070316,0.5141030451929685
ps,aleatoire,19,reconquete,3.8,0.46,0.46973885513435265,0.5302611448656473
ps,aleatoire,19,nouvelle_energie,9.7,0.2984360710110178,0.4619142728111008,0.5380857271888992
ps,prudent,0,lfi,8.7,0.3703574710115317,0.6406367666102668,0.3593632333897332
ps,prudent,0,ecologistes,10.3,0.3149234271405158,0.685172974760943,0.31482702523905703
ps,prudent,0,renaissance,13.2,0.41436145355621906,0.5864694999761857,0.4135305000238143
ps,prudent,0,horizons,12.1,0.4463690018994103,0.5570498348439665,0.44295016515603347
ps,prudent,0,lr,11.1,0.4101734216524454,0.498317726521374,0.5016822734786259
ps,prudent,0,reconquete,3.1,0.33042883658455163,0.43012646351053596,0.569873536489464
ps,prudent,0,nouvelle_energie,12.5,0.4457704727109827,0.511648246013041,0.48835175398695896
ps,prudent,1,lfi,13.2,0.26329766971161367,0.6455867139901637,0.35441328600983635
ps,prudent,1,ecologistes,7.9,0.2535188199721498,0.6016749305324092,0.39832506946759083
ps,prudent,1,renaissance,11.9,0.20099699216606842,0.44194497633525975,0.5580550236647402
ps,prudent,1,lr,12.7,0.2578697035561982,0.4257772084227558,0.5742227915772442
ps,prudent,1,rn,12.1,0.442666785515875,0.5019435621926374,0.49805643780736264
ps,prudent,1,reconquete,4.1,0.4577005328580141,0.4873042112281009,0.512695788771899
ps,prudent,1,nouvelle_energie,8.6,0.29168775604841746,0.47406794999096086,0.5259320500090392
ps,prudent,2,lfi,10.9,0.3173151657492008,0.5939839217488145,0.40601607825118546
ps,prudent,2,ecologistes,9.9,0.25899588867856477,0.5943293523774699,0.40567064762253013
ps,prudent,2,renaissance,9.4,0.16929775721613396,0.4143074282349384,0.5856925717650616
ps,prudent,2,lr,8.9,0.31617046860626374,0.4682742113316235,0.5317257886683765
ps,prudent,2,rn,10.4,0.45096755056594057,0.4911306066462692,0.5088693933537308
ps,prudent,2,reconquete,4.6,0.46,0.47532008535785064,0.5246799146421494
ps,prudent,2,nouvelle_energie,11.3,0.299988521098483,0.4648384469334908,0.5351615530665093
ps,prudent,3,lfi,9.1,0.3478838217055869,0.5968734735078443,0.40312652649215575
ps,prudent,3,ecologistes,11.4,0.29398346891113253,0.5862929513623645,0.4137070486376355
ps,prudent,3,horizons,11.7,0.22619699216606842,0.4359520621780224,0.5640479378219776
ps,prudent,3,lr,11.3,0.3410291016103894,0.4395031714320907,0.5604968285679093
ps,prudent,3,rn,10.6,0.46,0.5237158904375935,0.4762841095624065
ps,prudent,3,reconquete,4.6,0.46,0.5139710658481592,0.4860289341518408
ps,prudent,3,nouvelle_energie,11.8,0.374594532788215,0.49347844848490213,0.5065215515150978
ps,prudent,4,lfi,10.9,0.30255745555960667,0.6900439410269275,0.30995605897307255
ps,prudent,4,ecologistes,7.9,0.24792295412991758,0.7290236658203106,0.27097633417968936
ps,prudent,4,renaissance,12,0.42485139363962077,0.5901959800447101,0.4098040199552899
ps,prudent,4,horizons,12.9,0.45545028798140486,0.5620385271244321,0.43796147287556786
ps,prudent,4,lr,12.4,0.4047726566023798,0.5059306043113384,0.4940693956886616
ps,prudent,4,reconquete,3,0.3250280715344861,0.43763931732836675,0.5623606826716332
ps,prudent,4,nouvelle_energie,11.4,0.4403697076609171,0.5186551572839262,0.4813448427160738
ps,prudent,5,lfi,12.2,0.3599111866555618,0.6424693104597605,0.3575306895402395
ps,prudent,5,ecologistes,11.2,0.29590583219545524,0.6865347004629845,0.3134652995370155
ps,prudent,5,renaissance,11.9,0.40946794091014693,0.5885117465012155,0.4114882534987845
ps,prudent,5,horizons,11.9,0.4430491499921513,0.5592131850760051,0.44078681492399485
ps,prudent,5,lr,7.7,0.4041726566023799,0.5006327023138247,0.49936729768617527
ps,prudent,5,reconquete,6.8,0.32442807153448605,0.4288552075329998,0.5711447924670001
ps,prudent,5,nouvelle_energie,9,0.43976970766091716,0.5141928634755615,0.4858071365244385
ps,prudent,6,lfi,11.9,0.3349912465176353,0.630248622609962,0.36975137739003805
ps,prudent,6,ecologistes,12.2,0.27830669505803324,0.6445252918327489,0.35547470816725113
ps,prudent,6,renaissance,11.3,0.38577489496456036,0.5323328858071353,0.46766711419286466
ps,prudent,6,horizons,9.9,0.2786697035561982,0.4540855880802805,0.5459144119197195
ps,prudent,6,rn,12.6,0.32727265660237986,0.42002016482328575,0.5799798351767143
ps,prudent,6,reconquete,3.5,0.320744542999036,0.39726495580058274,0.6027350441994173
ps,prudent,6,nouvelle_energie,9.9,0.20478267339539624,0.40279241989517617,0.5972075801048238
ps,prudent,7,lfi,12.4,0.3520477853736365,0.5972725494620662,0.4027274505379338
ps,prudent,7,ecologistes,9.9,0.29625357966215354,0.587637029530796,0.412362970469204
ps,prudent,7,horizons,9.2,0.2838704202451324,0.4836003518807215,0.5163996481192785
ps,prudent,7,lr,10.3,0.3487025296894534,0.43902510623894686,0.5609748937610531
ps,prudent,7,rn,10,0.46,0.5234908468036412,0.4765091531963588
ps,prudent,7,reconquete,9.7,0.46,0.5129149509729876,0.48708504902701244
ps,prudent,7,nouvelle_energie,8.8,0.3822679608672791,0.49225538884669884,0.5077446111533012
ps,prudent,8,ecologistes,8.2,0.23564729546004767,0.5933811051466199,0.4066188948533801
ps,prudent,8,renaissance,9.5,0.3832662876448158,0.5626922939253437,0.4373077060746563
ps,prudent,8,horizons,11.3,0.4133479640588834,0.5600708383960368,0.4399291616039632
ps,prudent,8,lr,12.7,0.46,0.5606366879326026,0.4393633120673974
ps,prudent,8,rn,13.5,0.46,0.5418054064659508,0.45819459353404923
ps,prudent,8,reconquete,6.5,0.46,0.5526736205885124,0.44732637941148756
ps,prudent,8,nouvelle_energie,9.8,0.46,0.561314812704324,0.43868518729567596
ps,prudent,9,lfi,10.4,0.3092704512752503,0.6910488116926116,0.30895118830738844
ps,prudent,9,ecologistes,9.9,0.2538450991304311,0.7298100612614447,0.27018993873855535
ps,prudent,9,renaissance,12.2,0.4209190883083831,0.5933058610147873,0.40669413898521267
ps,prudent,9,horizons,9.8,0.452656643495739,0.5651285859136169,0.4348714140863831
ps,prudent,9,lr,12.3,0.35507265660237985,0.45100516779906746,0.5489948322009326
ps,prudent,9,reconquete,3.6,0.32532807153448606,0.44143111194931844,0.5585688880506816
ps,prudent,9,nouvelle_energie,13.1,0.4406697076609171,0.5221856095520147,0.47781439044798535
ps,prudent,10,lfi,11.1,0.30898902199475164,0.6043513827157259,0.39564861728427414
ps,prudent,10,ecologistes,12.7,0.20247338287998187,0.6457173741158674,0.3542826258841326
ps,prudent,10,renaissance,7.6,0.2532969921660684,0.4901770955218577,0.5098229044781424
ps,prudent,10,lr,9.7,0.31016970355619816,0.4748535866063368,0.5251464133936632
ps,prudent,10,rn,11.1,0.444966785515875,0.5016760833608725,0.49832391663912745
ps,prudent,10,reconquete,4.1,0.46,0.48637183356136493,0.5136281664386351
ps,prudent,10,nouvelle_energie,12.5,0.2939877560484174,0.4711225095099797,0.5288774904900203
ps,prudent,11,ps,11.8,0.38108976153842733,0.6179251547320542,0.3820748452679458
ps,prudent,11,ecologistes,9.3,0.39860828873310505,0.6540861879818336,0.3459138120181664
ps,prudent,11,renaissance,12.1,0.46,0.5294445142287606,0.4705554857712394
ps,prudent,11,horizons,13.7,0.46,0.5014692907178105,0.49853070928218945
ps,prudent,11,lr,9.3,0.3422726566023799,0.37856885090101566,0.6214311490989843
ps,prudent,11,reconquete,4.6,0.31252807153448603,0.3854491149692048,0.6145508850307952
ps,prudent,11,nouvelle_energie,10.3,0.42786970766091714,0.45493098688851624,0.5450690131114837
ps,prudent,12,ecologistes,9,0.2809140812231601,0.5419905088634829,0.4580094911365171
ps,prudent,12,renaissance,9.9,0.4048753918779517,0.5538002063542469,0.44619979364575313
ps,prudent,12,horizons,12.2,0.43675988479752353,0.5503100013325679,0.4496899986674321
ps,prudent,12,lr,12.3,0.46,0.5486560349906044,0.45134396500939555
ps,prudent,12,rn,10.9,0.46,0.5284744240007573,0.4715255759992427
ps,prudent,12,reconquete,6.2,0.46,0.5373078829746815,0.46269211702531854
ps,prudent,12,nouvelle_energie,9.8,0.46,0.5497237022754738,0.45027629772452615
ps,prudent,13,lfi,11.3,0.32922459339750265,0.5979953311003947,0.4020046688996053
ps,prudent,13,ecologistes,10.4,0.21813827967083962,0.640157544174458,0.359842455825542
ps,prudent,13,renaissance,10.5,0.2051969921660684,0.4448260265623487,0.5551739734376513
ps,prudent,13,lr,11.3,0.3120697035561982,0.47571349551736847,0.5242865044826315
ps,prudent,13,rn,9.4,0.446866785515875,0.5028974059953528,0.4971025940046472
ps,prudent,13,reconquete,7,0.46,0.4904768486349964,0.5095231513650036
ps,prudent,13,nouvelle_energie,10.5,0.29588775604841744,0.4764683022003067,0.5235316977996933
ps,prudent,14,lfi,12.7,0.312875885084768,0.529866086011362,0.470133913988638
ps,prudent,14,renaissance,8.6,0.3636460572084289,0.5393257140992057,0.4606742859007943
ps,prudent,14,horizons,13.1,0.39879580062172854,0.5446088320642324,0.4553911679357676
ps,prudent,14,lr,8.4,0.46,0.5574443551354495,0.44255564486455046
ps,prudent,14,rn,12.1,0.46,0.566341924325251,0.433658075674749
ps,prudent,14,reconquete,5.4,0.46,0.5757336327353257,0.42426636726467426
ps,prudent,14,nouvelle_energie,12.3,0.46,0.5554267293356967,0.4445732706643033
ps,prudent,15,lfi,11.9,0.3594147833266756,0.6499669121075273,0.35003308789247267
ps,prudent,15,ecologistes,10.9,0.2680974738476235,0.7344427522364949,0.2655572477635051
ps,prudent,15,renaissance,8.2,0.42601842005353674,0.5937112162301679,0.40628878376983213
ps,prudent,15,horizons,12.1,0.45502590051447867,0.5650213501835288,0.43497864981647116
ps,prudent,15,lr,11.3,0.40957265660237985,0.5082350029417233,0.4917649970582767
ps,prudent,15,reconquete,7.8,0.32982807153448607,0.43764950051316076,0.5623504994868392
ps,prudent,15,nouvelle_energie,10.4,0.4451697076609171,0.5211604595113559,0.4788395404886441
ps,prudent,16,lfi,8.6,0.46,0.5320269085060931,0.46797309149390687
ps,prudent,16,ps,12.1,0.3912375221647256,0.5410843952650334,0.4589156047349666
ps,prudent,16,ecologistes,11.9,0.46,0.5497463881062482,0.4502536118937518
ps,prudent,16,renaissance,11.3,0.19139699216606837,0.5890800300398276,0.41091996996017244
ps,prudent,16,rn,11.7,0.34687265660237987,0.47300859308669563,0.5269914069133044
ps,prudent,16,reconquete,7.8,0.34034454299903594,0.46534195111843957,0.5346580488815604
ps,prudent,16,nouvelle_energie,9.2,0.18438267339539618,0.4552025931842695,0.5447974068157305
ps,prudent,17,lfi,10.4,0.35604096534927054,0.5788453556539356,0.4211546443460644
ps,prudent,17,ecologistes,11,0.2508616238664902,0.6275083928936674,0.37249160710633256
ps,prudent,17,renaissance,10.4,0.17059137668030286,0.41622238000275924,0.5837776199972408
ps,prudent,17,lr,10.3,0.31746408807043264,0.46893109611237477,0.5310689038876253
ps,prudent,17,rn,11,0.45226117003010946,0.4943266507314749,0.505673349268525
ps,prudent,17,reconquete,7,0.46,0.4775381879101279,0.5224618120898721
ps,prudent,17,nouvelle_energie,11.1,0.2512821405626519,0.41221706067079417,0.5877829393292058
ps,prudent,18,lfi,11.5,0.3633479802605351,0.6460617028130557,0.35393829718694425
ps,prudent,18,ecologistes,9.3,0.2565880547487214,0.7302445397753745,0.2697554602246255
ps,prudent,18,renaissance,8.9,0.40951513047929444,0.5942286582029798,0.40577134179702024
ps,prudent,18,horizons,12.9,0.4420222450839858,0.5658467978731221,0.4341532021268779
ps,prudent,18,lr,7.9,0.40667654294061784,0.5092277747086191,0.49077222529138087
ps,prudent,18,reconquete,7.6,0.276931957872724,0.38672436751484596,0.613275632485154
ps,prudent,18,nouvelle_energie,9.3,0.4422735939991551,0.5227200541922551,0.4772799458077449
ps,prudent,19,lfi,10.2,0.357172055459775,0.3510173255325152,0.6489826744674848
ps,prudent,19,ecologistes,11.9,0.2513117848682055,0.2671039598433919,0.732896040156608
ps,prudent,19,renaissance,10.9,0.4089919899265465,0.4036908444323065,0.5963091555676935
ps,prudent,19,horizons,9.6,0.44026122305714227,0.432000877800611,0.567999122199389
ps,prudent,19,lr,10.8,0.3533726566023799,0.5476789894250563,0.45232101057494367
ps,prudent,19,reconquete,7.1,0.2736280715344861,0.6118166163375206,0.3881833836624794
ps,prudent,19,nouvelle_energie,10.2,0.43896970766091714,0.4751816331851375,0.5248183668148625
ps,risque,0,lfi,7.6,0.3234010543443717,0.6947235507696088,0.3052764492303912
ps,risque,0,ecologistes,11.5,0.2566421626986905,0.7347677718991272,0.26523222810087277
ps,risque,0,renaissance,12.8,0.3884534016584513,0.598641032318375,0.40135896768162505
ps,risque,0,horizons,11.6,0.4243570094403134,0.571892065496066,0.42810793450393403
ps,risque,0,lr,10.3,0.40287265660237986,0.5135127514304075,0.48648724856959247
ps,risque,0,reconquete,5.2,0.2731280715344861,0.38732305348016716,0.6126769465198328
ps,risque,0,nouvelle_energie,8.7,0.43846970766091714,0.5280705049950083,0.4719294950049917
ps,risque,1,lfi,9.7,0.30707778209730013,0.6434604038154053,0.35653959618459474
ps,risque,1,ecologistes,8.8,0.25752087894031245,0.6272930226661517,0.3727069773338483
ps,risque,1,horizons,12.1,0.2317936220912692,0.44395392611865814,0.5560460738813419
ps,risque,1,lr,8.9,0.39662573153559016,0.5027271484742287,0.4972728515257713
ps,risque,1,rn,11.2,0.46,0.5294180330986051,0.47058196690139487
ps,risque,1,reconquete,8.5,0.46,0.5207190012988784,0.4792809987011216
ps,risque,1,nouvelle_energie,11.8,0.3801911627134158,0.49881679681807417,0.5011832031819259
ps,risque,2,lfi,10.5,0.38439768102195926,0.6307727313909062,0.36922726860909383
ps,risque,2,ecologistes,11.2,0.32673700178710346,0.6803557850393941,0.3196442149606059
ps,risque,2,renaissance,11.2,0.4074558073986455,0.5823765548297813,0.41762344517021865
ps,risque,2,horizons,9.3,0.4407934235104007,0.5522695019406084,0.4477304980593916
ps,risque,2,lr,6.8,0.41911006678420065,0.4911655425711251,0.5088344574288749
ps,risque,2,reconquete,8.8,0.33936548171630687,0.41668145860756495,0.5833185413924351
ps,risque,2,nouvelle_energie,13.4,0.45470711784273793,0.5055782316638076,0.49442176833619245
ps,risque,3,lfi,14.9,0.3219973972928457,0.6863232319979727,0.31367676800202726
ps,risque,3,ecologistes,6.9,0.3205633853650672,0.6829149885094541,0.3170850114905459
ps,risque,3,renaissance,8.9,0.38529126215040566,0.5913757863461393,0.4086242136538607
ps,risque,3,horizons,9.2,0.4181447203635018,0.5626412277927415,0.4373587722072585
ps,risque,3,lr,9.3,0.4030726566023799,0.5049352261108624,0.4950647738891376
ps,risque,3,reconquete,3.1,0.23332807153448606,0.3614547686587023,0.6385452313412977
ps,risque,3,nouvelle_energie,14.6,0.4386697076609172,0.5188921880075967,0.48110781199240327
ps,risque,4,ps,12.3,0.2801395527107179,0.4763784537747473,0.5236215462252527
ps,risque,4,renaissance,10.9,0.4195398358465896,0.4635935635206216,0.5364064364793784
ps,risque,4,horizons,11,0.46,0.4719711667054474,0.5280288332945526
ps,risque,4,lr,11.2,0.46,0.48402387798889923,0.5159761220111008
ps,risque,4,rn,11.7,0.46,0.5132219015038176,0.48677809849618237
ps,risque,4,reconquete,5.6,0.46,0.5094853644683213,0.49051463553167873
ps,risque,4,nouvelle_energie,10.9,0.46,0.4803862423203148,0.5196137576796852
ps,risque,5,lfi,11,0.37139405190918134,0.6382223537976881,0.3617776462023119
ps,risque,5,ecologistes,10.8,0.26551539097553645,0.7271309050162653,0.2728690949837347
ps,risque,5,renaissance,10.3,0.38990798698065154,0.5930474954032806,0.4069525045967194
ps,risque,5,horizons,11.3,0.4232679884388273,0.5643171505392353,0.43568284946076474
ps,risque,5,lr,11.5,0.4031726566023799,0.5068851894647749,0.4931148105352251
ps,risque,5,reconquete,4.1,0.32342807153448605,0.43558325396737596,0.564416746032624
ps,risque,5,nouvelle_energie,8.4,0.43876970766091716,0.5206444045578081,0.47935559544219186
ps,risque,6,lfi,8.3,0.46,0.5431303074056527,0.4568696925943473
ps,risque,6,ps,13,0.3929369596478447,0.5530026330310379,0.4469973669689621
ps,risque,6,ecologistes,10.9,0.44323983584658966,0.5703899648820336,0.42961003511796636
ps,risque,6,horizons,10.1,0.2621969921660684,0.5339281812351748,0.4660718187648252
ps,risque,6,rn,13.3,0.36767265660237985,0.45722537629194737,0.5427746237080526
ps,risque,6,reconquete,8.6,0.361144542999036,0.44600484052590406,0.5539951594740959
ps,risque,6,nouvelle_energie,7.8,0.24518267339539623,0.46567284424427235,0.5343271557557276
ps,risque,7,lfi,13,0.3192467164723298,0.6034436048064177,0.3965563951935823
ps,risque,7,ecologistes,8.4,0.2571498461210138,0.6171721326362327,0.3828278673637673
ps,risque,7,renaissance,10.2,0.3543952978382806,0.5089131346566382,0.49108686534336177
ps,risque,7,horizons,9.1,0.246688521098483,0.4368008263647172,0.5631991736352828
ps,risque,7,lr,11.9,0.19898343844546176,0.4124144187295555,0.5875855812704445
ps,risque,7,rn,11.3,0.3970704727109827,0.46430743429023885,0.5356925657097611
ps,risque,7,reconquete,3.8,0.38372060527021523,0.4398799324066325,0.5601200675933675
ps,risque,8,lfi,10.2,0.3512251023371051,0.6296174530615184,0.3703825469384816
ps,risque,8,ecologistes,12.7,0.26627118242685177,0.717113629595559,0.282886370404441
ps,risque,8,renaissance,8.6,0.42003522290170936,0.5754140289501177,0.42458597104988227
ps,risque,8,horizons,12.2,0.4486718483696638,0.5470847950692408,0.4529152049307592
ps,risque,8,lr,8.9,0.36206643843154634,0.4304422198460629,0.5695577801539371
ps,risque,8,reconquete,3.3,0.2423218533636525,0.34729827210119174,0.6527017278988083
ps,risque,8,nouvelle_energie,12.2,0.4476634894900836,0.5025043846993896,0.49749561530061037
ps,risque,9,lfi,10.2,0.2667395888785082,0.6480501802073159,0.35194981979268414
ps,risque,9,ecologistes,7.1,0.2120893877612157,0.6446697442891239,0.35533025571087606
ps,risque,9,renaissance,8.1,0.21019699216606838,0.4663822722449034,0.5336177277550966
ps,risque,9,lr,13.9,0.30706970355619817,0.48589442353633566,0.5141055764636644
ps,risque,9,rn,11.7,0.441866785515875,0.5111203440929827,0.4888796559070173
ps,risque,9,reconquete,3.7,0.4569005328580141,0.4988180482362233,0.5011819517637768
ps,risque,9,nouvelle_energie,11.9,0.29088775604841743,0.4838935954303506,0.5161064045696494
ps,risque,10,lfi,11.1,0.322622507902809,0.31384487069393263,0.6861551293060674
ps,risque,10,ecologistes,11.2,0.3392612092298292,0.3212408526571807,0.6787591473428193
ps,risque,10,renaissance,8.3,0.404039597070606,0.41815422856101353,0.5818457714389864
ps,risque,10,horizons,11.6,0.432810413904957,0.44708681882336826,0.5529131811766317
ps,risque,10,lr,13.3,0.4169669667926732,0.5032802173823627,0.4967197826176373
ps,risque,10,reconquete,4,0.2872223817247794,0.6285061259474645,0.37149387405253553
ps,risque,10,nouvelle_energie,12.1,0.4525640178512105,0.4895337800242149,0.5104662199757851
ps,risque,11,lfi,10.5,0.3675610056465313,0.643651070940872,0.35634892905912796
ps,risque,11,ecologistes,6.7,0.3086771453211498,0.6873506610809433,0.31264933891905666
ps,risque,11,renaissance,11.5,0.33396954931826356,0.6463206192934009,0.3536793807065991
ps,risque,11,horizons,12.2,0.41734732625949456,0.5667480346581033,0.4332519653418967
ps,risque,11,lr,11.5,0.4007726566023798,0.5087924977235859,0.4912075022764141
ps,risque,11,reconquete,7.7,0.3210280715344861,0.4382306760473899,0.56176932395261
ps,risque,11,nouvelle_energie,7.7,0.4363697076609171,0.5230892955734955,0.4769107044265045
ps,risque,12,lfi,13.3,0.38013751943809426,0.6335998622113077,0.3664001377886923
ps,risque,12,ecologistes,7.2,0.2692869483899965,0.725610552970087,0.27438944702991297
ps,risque,12,renaissance,10,0.39335263137591453,0.5886555153127173,0.4113444846872827
ps,risque,12,horizons,9,0.42756484967651387,0.5595007802726734,0.44049921972732664
ps,risque,12,lr,11.9,0.4092765429406178,0.5005311277990834,0.4994688722009166
ps,risque,12,reconquete,3.9,0.32953195787272405,0.427489415100646,0.572510584899354
ps,risque,12,nouvelle_energie,12,0.4448735939991551,0.5149185768649777,0.48508142313502234
ps,risque,13,lfi,11.8,0.33319024161517835,0.4100398596620942,0.5899601403379058
ps,risque,13,ecologistes,11.5,0.28465647103989083,0.41349594111794924,0.5865040588820507
ps,risque,13,renaissance,10.3,0.209597757216134,0.5668577831931731,0.43314221680682685
ps,risque,13,lr,9.7,0.2664704686062637,0.5874494191497303,0.41255058085026974
ps,risque,13,rn,11.3,0.4512675505659406,0.5135648604852209,0.4864351395147791
ps,risque,13,reconquete,4.2,0.46,0.5288911655081031,0.4711088344918969
ps,risque,13,nouvelle_energie,12,0.25028852109848304,0.5891578763123702,0.41084212368762985
ps,risque,14,lfi,12.7,0.289210915283328,0.5922632877313302,0.4077367122686698
ps,risque,14,ecologistes,9.3,0.22512869254077553,0.6319654507340468,0.36803454926595325
ps,risque,14,renaissance,8.5,0.20769362209126918,0.42453657026501923,0.5754634297349808
ps,risque,14,lr,7.2,0.26456633348139896,0.40759445790145343,0.5924055420985466
ps,risque,14,rn,13,0.4493634154410758,0.48782951987236306,0.512170480127637
ps,risque,14,reconquete,7.1,0.46,0.4694962838127194,0.5305037161872805
ps,risque,14,nouvelle_energie,11.5,0.2983843859736182,0.4558496768063707,0.5441503231936293
ps,risque,15,lfi,9.2,0.32733424574961245,0.6854147001446829,0.31458529985531714
ps,risque,15,ecologistes,9.9,0.27316770404041935,0.7265649736571266,0.2734350263428734
ps,risque,15,renaissance,10.9,0.422627656721418,0.5826369644411697,0.41736303555883025
ps,risque,15,horizons,12,0.45458427548980773,0.5529674946682368,0.4470325053317632
ps,risque,15,lr,12,0.417017601490181,0.49374569483657416,0.5062543051634258
ps,risque,15,reconquete,9.8,0.24727301642228725,0.34795746027842095,0.652042539721579
ps,risque,15,nouvelle_energie,9.5,0.4526146525487183,0.5069580432801061,0.4930419567198939
ps,risque,16,lfi,11.3,0.46,0.5061807870315284,0.49381921296847164
ps,risque,16,ps,11.7,0.46,0.5361559469239834,0.4638440530760166
ps,risque,16,ecologistes,7.1,0.46,0.5483447767216737,0.4516552232783263
ps,risque,16,renaissance,11.5,0.3540291016103894,0.6177478929863838,0.3822521070136162
ps,risque,16,horizons,10.4,0.34606970355619815,0.550831180580838,0.449168819419162
ps,risque,16,reconquete,4.4,0.2649280715344861,0.4249157048690698,0.5750842951309302
ps,risque,16,nouvelle_energie,10,0.2221826733953962,0.6050746217806962,0.39492537821930385
ps,risque,16,reconquete_dissidence_18,5.8,0.3149280715344861,0.48178527037345603,0.518214729626544
ps,risque,17,lfi,8.6,0.36082541056352485,0.5772250952965643,0.4227749047034357
ps,risque,17,ecologistes,11.3,0.3184419812390325,0.5637486605273985,0.43625133947260153
ps,risque,17,horizons,9.4,0.1916442637857185,0.3994113179081212,0.6005886820918789
ps,risque,17,lr,11.2,0.3964763732300395,0.4784109984042755,0.5215890015957245
ps,risque,17,rn,9.6,0.46,0.49989024633508716,0.5001097536649128
ps,risque,17,reconquete,4.7,0.46,0.48810121891333796,0.511898781086662
ps,risque,17,nouvelle_energie,12.6,0.38004180440786506,0.4723727065510101,0.5276272934489898
ps,risque,18,lfi,10.1,0.36893170501412803,0.6311872010353956,0.3688127989646044
ps,risque,18,ecologistes,7.4,0.3130908923271392,0.679089139735827,0.32091086026417304
ps,risque,18,renaissance,9.6,0.41350344730621147,0.5801865091609957,0.4198134908390043
ps,risque,18,horizons,11.2,0.44474875966979477,0.5481796628634459,0.4518203371365541
ps,risque,18,lr,14.8,0.3602726566023799,0.4309645239936685,0.5690354760063314
ps,risque,18,reconquete,6.9,0.33052807153448605,0.42009765118576875,0.5799023488142312
ps,risque,18,nouvelle_energie,8.2,0.44586970766091716,0.5051283337582987,0.4948716662417013
ps,risque,19,ecologistes,12,0.29162973056807234,0.541069626410374,0.45893037358962596
ps,risque,19,renaissance,10.8,0.38368411829465726,0.5636210699651588,0.4363789300348412
ps,risque,19,horizons,11.7,0.4173517882680892,0.5603965232180673,0.4396034767819327
ps,risque,19,lr,8.4,0.46,0.5592674373344707,0.4407325626655293
ps,risque,19,rn,10.2,0.46,0.537364231822182,0.46263576817781804
ps,risque,19,reconquete,4.1,0.46,0.5491398287660224,0.4508601712339776
ps,risque,19,nouvelle_energie,12.7,0.46,0.561078921942554,0.43892107805744596
ps,ideologiquement_coherent,0,lfi,10.4,0.34680462731302636,0.6453945147348599,0.35460548526514013
ps,ideologiquement_coherent,0,ecologistes,7.4,0.2937881461693168,0.6894864771722614,0.3105135228277386
ps,ideologiquement_coherent,0,renaissance,9.5,0.41939799077046286,0.5878784384841601,0.4121215615158399
ps,ideologiquement_coherent,0,horizons,14.4,0.45044496544214785,0.5588175602153488,0.4411824397846512
ps,ideologiquement_coherent,0,lr,9.9,0.39887265660237986,0.5010443153062865,0.49895568469371354
ps,ideologiquement_coherent,0,reconquete,4.6,0.22912807153448608,0.35729996736165803,0.642700032638342
ps,ideologiquement_coherent,0,nouvelle_energie,14.3,0.43446970766091714,0.5139753548844057,0.4860246451155943
ps,ideologiquement_coherent,1,lfi,11.1,0.3508984624950005,0.35772570889387456,0.6422742911061254
ps,ideologiquement_coherent,1,ecologistes,9.9,0.2452582901056722,0.2728951035125314,0.7271048964874687
ps,ideologiquement_coherent,1,renaissance,13.9,0.4383088711746598,0.41775656863244437,0.5822434313675556
ps,ideologiquement_coherent,1,horizons,10.9,0.46,0.4456584062011855,0.5543415937988145
ps,ideologiquement_coherent,1,lr,7.9,0.4037726566023798,0.5047603085658943,0.49523969143410573
ps,ideologiquement_coherent,1,reconquete,6.5,0.3240280715344861,0.5788998454156077,0.4211001545843923
ps,ideologiquement_coherent,1,nouvelle_energie,8.5,0.4393697076609171,0.49226638710411924,0.5077336128958807
ps,ideologiquement_coherent,2,lfi,12.7,0.3546407908132237,0.6471516789966868,0.3528483210033132
ps,ideologiquement_coherent,2,ecologistes,12.2,0.29563843926126526,0.6921663562427495,0.30783364375725053
ps,ideologiquement_coherent,2,renaissance,9.7,0.43983603084052403,0.586612865611332,0.41338713438866803
ps,ideologiquement_coherent,2,horizons,10,0.46,0.5565578653559465,0.44344213464405347
ps,ideologiquement_coherent,2,lr,9.9,0.4055734216524455,0.497272585589956,0.502727414410044
ps,ideologiquement_coherent,2,reconquete,5.5,0.32582883658455164,0.42727143450478106,0.572728565495219
ps,ideologiquement_coherent,2,nouvelle_energie,11.2,0.44117047271098275,0.5104536864771583,0.4895463135228417
ps,ideologiquement_coherent,3,lfi,10,0.31894295021351027,0.5964668516615528,0.4035331483384472
ps,ideologiquement_coherent,3,ecologistes,12.4,0.2107023859259944,0.6278103710641132,0.3721896289358868
ps,ideologiquement_coherent,3,horizons,10.7,0.22699699216606836,0.44828379155935083,0.5517162084406492
ps,ideologiquement_coherent,3,lr,11.1,0.33182910161038937,0.4295211416540154,0.5704788583459846
ps,ideologiquement_coherent,3,rn,11.9,0.46,0.5134175391700623,0.4865824608299377
ps,ideologiquement_coherent,3,reconquete,7.8,0.46,0.5053541949345903,0.49464580506540967
ps,ideologiquement_coherent,3,nouvelle_energie,7.7,0.365394532788215,0.4814348159244572,0.5185651840755428
ps,ideologiquement_coherent,4,lfi,9.7,0.246860718204625,0.6556705859084315,0.3443294140915685
ps,ideologiquement_coherent,4,ecologistes,8.6,0.1849347735228736,0.6653481081281651,0.33465189187183486
ps,ideologiquement_coherent,4,renaissance,7.5,0.290094532788215,0.46103941504637924,0.5389605849536208
ps,ideologiquement_coherent,4,horizons,14.4,0.2823877560484174,0.4855178360047932,0.5144821639952069
ps,ideologiquement_coherent,4,lr,12.6,0.13468267339539622,0.3790200724453841,0.620979927554616
ps,ideologiquement_coherent,4,rn,11.8,0.3827697076609171,0.47151997328277057,0.5284800267172294
ps,ideologiquement_coherent,4,reconquete,3.9,0.3694198402201497,0.44679869405235495,0.553201305947645
ps,ideologiquement_coherent,5,lfi,8.2,0.25614865635960526,0.6490687369079365,0.35093126309206346
ps,ideologiquement_coherent,5,ecologistes,12.5,0.24590892696024272,0.6044072192530335,0.39559278074696647
ps,ideologiquement_coherent,5,renaissance,7.7,0.15979699216606838,0.4215773555286367,0.5784226444713634
ps,ideologiquement_coherent,5,lr,7.6,0.25666970355619817,0.42221285832274524,0.5777871416772548
ps,ideologiquement_coherent,5,rn,14.3,0.441466785515875,0.5017001615384946,0.4982998384615054
ps,ideologiquement_coherent,5,reconquete,7.9,0.45650053285801406,0.4860279881615367,0.5139720118384633
ps,ideologiquement_coherent,5,nouvelle_energie,9.8,0.2904877560484174,0.4707177878716411,0.5292822121283589
ps,ideologiquement_coherent,6,lfi,10.3,0.3513913595903067,0.6433669936397615,0.35663300636023854
ps,ideologiquement_coherent,6,ecologistes,8.9,0.30340219757559544,0.6871422127897091,0.3128577872102909
ps,ideologiquement_coherent,6,renaissance,8.6,0.4152173083478711,0.5871026688582002,0.41289733114179983
ps,ideologiquement_coherent,6,horizons,12.8,0.44434010440199034,0.5585364600244711,0.4414635399755289
ps,ideologiquement_coherent,6,lr,9.8,0.3998726566023798,0.5013764660307557,0.4986235339692443
ps,ideologiquement_coherent,6,reconquete,9.2,0.3201280715344861,0.4304824104881903,0.5695175895118096
ps,ideologiquement_coherent,6,nouvelle_energie,9.2,0.4354697076609171,0.5141086967118824,0.4858913032881176
ps,ideologiquement_coherent,7,lfi,11.2,0.3467347682135558,0.5960495687787797,0.4039504312212203
ps,ideologiquement_coherent,7,ecologistes,8.5,0.28390653316075226,0.5902957859230947,0.40970421407690527
ps,ideologiquement_coherent,7,horizons,11,0.23347945405042947,0.42853907009415243,0.5714609299058475
ps,ideologiquement_coherent,7,lr,8.5,0.39831156349475044,0.49028044213806854,0.5097195578619315
ps,ideologiquement_coherent,7,rn,11.7,0.46,0.518168685461935,0.48183131453806505
ps,ideologiquement_coherent,7,reconquete,6,0.46,0.5060533874316708,0.49394661256832917
ps,ideologiquement_coherent,7,nouvelle_energie,12.1,0.3818769946725761,0.4858202525442206,0.5141797474557794
ps,ideologiquement_coherent,8,lfi,11,0.300256970195941,0.693032420058966,0.30696757994103396
ps,ideologiquement_coherent,8,ecologistes,7,0.3034228248195093,0.6899624126223723,0.31003758737762765
ps,ideologiquement_coherent,8,renaissance,11.2,0.4431873479699281,0.5855388194621524,0.41446118053784764
ps,ideologiquement_coherent,8,horizons,12,0.46,0.5574240795627723,0.4425759204372277
ps,ideologiquement_coherent,8,lr,12.5,0.40467265660237983,0.497754403137099,0.5022455968629009
ps,ideologiquement_coherent,8,reconquete,5,0.2749280715344861,0.3787518443182524,0.6212481556817476
ps,ideologiquement_coherent,8,nouvelle_energie,11.2,0.4402697076609171,0.5103425970794095,0.48965740292059046
ps,ideologiquement_coherent,9,lfi,8.8,0.35576026959430945,0.6447172817737289,0.3552827182262711
ps,ideologiquement_coherent,9,ecologistes,9.6,0.2529107318072815,0.7287832373104336,0.2712167626895664
ps,ideologiquement_coherent,9,renaissance,12.4,0.43912998734322195,0.5866714074401438,0.4133285925598562
ps,ideologiquement_coherent,9,horizons,10,0.46,0.5580827512480102,0.4419172487519898
ps,ideologiquement_coherent,9,lr,10.5,0.40706905411889605,0.5014399185470475,0.4985600814529525
ps,ideologiquement_coherent,9,reconquete,9,0.32732446905100226,0.43616938835387825,0.5638306116461218
ps,ideologiquement_coherent,9,nouvelle_energie,7.7,0.4426661051774333,0.5142818275544269,0.48571817244557314
ps,ideologiquement_coherent,10,lfi,9.5,0.3278541818535083,0.59924222066186,0.40075777933814005
ps,ideologiquement_coherent,10,ecologistes,9.3,0.26884677782350236,0.5916661146152005,0.40833388538479953
ps,ideologiquement_coherent,10,horizons,13,0.18209699216606842,0.4118816161563326,0.5881183838436674
ps,ideologiquement_coherent,10,lr,11.2,0.3869291016103894,0.49387405622387787,0.5061259437761221
ps,ideologiquement_coherent,10,rn,13.1,0.46,0.522547295388807,0.47745270461119305
ps,ideologiquement_coherent,10,reconquete,3.6,0.46,0.5109037901678575,0.4890962098321425
ps,ideologiquement_coherent,10,nouvelle_energie,12.2,0.370494532788215,0.48798460809049016,0.5120153919095098
ps,ideologiquement_coherent,11,lfi,11.6,0.3092033874579936,0.687176009381476,0.31282399061852395
ps,ideologiquement_coherent,11,ecologistes,11.5,0.3098608357101775,0.6852271764019637,0.31477282359803627
ps,ideologiquement_coherent,11,renaissance,9.4,0.40962967076567747,0.5860466855248991,0.41395331447510086
ps,ideologiquement_coherent,11,horizons,10.7,0.44068927899911714,0.5617205121853398,0.4382794878146602
ps,ideologiquement_coherent,11,lr,13.2,0.35157265660237985,0.4447147676252794,0.5552852323747206
ps,ideologiquement_coherent,11,reconquete,3.4,0.23182807153448612,0.3621542812065861,0.6378457187934139
ps,ideologiquement_coherent,11,nouvelle_energie,9.4,0.4371697076609171,0.5170405783723632,0.48295942162763683
ps,ideologiquement_coherent,12,lfi,8.2,0.35994796963399517,0.6452585679876383,0.35474143201236175
ps,ideologiquement_coherent,12,ecologistes,9.9,0.30920669091895836,0.688922848370441,0.31107715162955896
ps,ideologiquement_coherent,12,renaissance,7.4,0.4297728892572547,0.5885342957649013,0.41146570423509865
ps,ideologiquement_coherent,12,horizons,13.3,0.4588518971902557,0.5600675017000362,0.43993249829996384
ps,ideologiquement_coherent,12,lr,11.8,0.41046928652758063,0.5028824437177443,0.49711755628225573
ps,ideologiquement_coherent,12,reconquete,5.2,0.28072470145968687,0.3792972435469403,0.6207027564530597
ps,ideologiquement_coherent,12,nouvelle_energie,13,0.4460663375861179,0.5158931088588286,0.48410689114117145
ps,ideologiquement_coherent,13,lfi,12.1,0.3402917228129126,0.642151688124125,0.35784831187587496
ps,ideologiquement_coherent,13,ecologistes,12.1,0.22732907254780474,0.7276986311490563,0.2723013688509437
ps,ideologiquement_coherent,13,renaissance,10.7,0.426708577027046,0.5827910756221466,0.4172089243778534
ps,ideologiquement_coherent,13,horizons,8.9,0.46,0.5534097675458263,0.44659023245417373
ps,ideologiquement_coherent,13,lr,9.1,0.39527265660237987,0.4952505593091196,0.5047494406908803
ps,ideologiquement_coherent,13,reconquete,5.1,0.31552807153448603,0.4274179092352534,0.5725820907647465
ps,ideologiquement_coherent,13,nouvelle_energie,10.1,0.43086970766091715,0.5083104076730228,0.4916895923269772
ps,ideologiquement_coherent,14,lfi,10.8,0.328533656795406,0.5945290745754881,0.4054709254245119
ps,ideologiquement_coherent,14,ecologistes,9.5,0.27310900461807264,0.589790048351471,0.410209951648529
ps,ideologiquement_coherent,14,horizons,8.2,0.23199699216606837,0.45114831404455535,0.5488516859554446
ps,ideologiquement_coherent,14,lr,10.8,0.33682910161038937,0.433434313213897,0.566565686786103
ps,ideologiquement_coherent,14,rn,10.8,0.46,0.5162115748139052,0.4837884251860948
ps,ideologiquement_coherent,14,reconquete,8.3,0.46,0.505696568881153,0.494303431118847
ps,ideologiquement_coherent,14,nouvelle_energie,11.8,0.370394532788215,0.48118595378907447,0.5188140462109255
ps,ideologiquement_coherent,15,lfi,7.7,0.24370221246537613,0.6482685655285072,0.3517314344714928
ps,ideologiquement_coherent,15,ecologistes,9,0.24012754814826062,0.6030064233667187,0.3969935766332813
ps,ideologiquement_coherent,15,renaissance,12.8,0.2440969921660684,0.4822833902504362,0.5177166097495638
ps,ideologiquement_coherent,15,lr,9,0.3009697035561982,0.4713140018809018,0.5286859981190982
ps,ideologiquement_coherent,15,rn,12.4,0.435766785515875,0.4966003853206018,0.5033996146793982
ps,ideologiquement_coherent,15,reconquete,3.7,0.4508005328580141,0.48161306226294237,0.5183869377370576
ps,ideologiquement_coherent,15,nouvelle_energie,13.9,0.28478775604841744,0.4670905082508672,0.5329094917491328
ps,ideologiquement_coherent,16,lfi,13.2,0.24586969993417282,0.6532748695444268,0.3467251304555732
ps,ideologiquement_coherent,16,ecologistes,7.2,0.19525508832739844,0.6620863645227286,0.3379136354772714
ps,ideologiquement_coherent,16,renaissance,10,0.3426911627134158,0.5061259930499868,0.49387400695001316
ps,ideologiquement_coherent,16,horizons,10.8,0.2349843859736182,0.4370643256086142,0.5629356743913858
ps,ideologiquement_coherent,16,lr,8.1,0.13727930332059698,0.3764186397445353,0.6235813602554647
ps,ideologiquement_coherent,16,rn,10.2,0.38536633758611794,0.4692663131178971,0.5307336868821029
ps,ideologiquement_coherent,16,reconquete,7.6,0.37201647014535044,0.44438027407125213,0.5556197259287479
ps,ideologiquement_coherent,17,lfi,13.3,0.3525370656657241,0.3530312557559522,0.6469687442440478
ps,ideologiquement_coherent,17,ecologistes,8.6,0.24922746521529668,0.2656014331345343,0.7343985668654657
ps,ideologiquement_coherent,17,renaissance,8.9,0.42922159524998205,0.41536009133144575,0.5846399086685543
ps,ideologiquement_coherent,17,horizons,11.7,0.45997242095188984,0.44220496592296277,0.5577950340770372
ps,ideologiquement_coherent,17,lr,8.8,0.3531726566023799,0.562203222928298,0.43779677707170195
ps,ideologiquement_coherent,17,reconquete,5.7,0.32342807153448605,0.5687676713525306,0.4312323286474694
ps,ideologiquement_coherent,17,nouvelle_energie,11.2,0.43876970766091716,0.4881263150227469,0.5118736849772532
ps,ideologiquement_coherent,18,lfi,12.4,0.3592929368251863,0.6476049195904809,0.35239508040951906
ps,ideologiquement_coherent,18,ecologistes,10.7,0.2475511633599681,0.7335329039189005,0.26646709608109953
ps,ideologiquement_coherent,18,renaissance,8.3,0.4177129599779925,0.592992020328333,0.407007979671667
ps,ideologiquement_coherent,18,horizons,11.9,0.4506403505300476,0.5638948180674658,0.4361051819325342
ps,ideologiquement_coherent,18,lr,11.1,0.4069726566023798,0.5059129281735463,0.4940870718264537
ps,ideologiquement_coherent,18,reconquete,4.9,0.2772280715344861,0.3814403661233063,0.6185596338766937
ps,ideologiquement_coherent,18,nouvelle_energie,12.8,0.4425697076609171,0.5195087427486687,0.48049125725133135
ps,ideologiquement_coherent,19,lfi,13.1,0.30396780147115343,0.6857502284920801,0.3142497715079199
ps,ideologiquement_coherent,19,ecologistes,11.2,0.24489506505351902,0.725994802787541,0.274005197212459
ps,ideologiquement_coherent,19,renaissance,10.3,0.43425369065984853,0.5825494683092026,0.4174505316907974
ps,ideologiquement_coherent,19,horizons,9.3,0.46,0.5537260799458805,0.4462739200541195
ps,ideologiquement_coherent,19,lr,7.7,0.4048726566023798,0.49512436946740657,0.5048756305325934
ps,ideologiquement_coherent,19,reconquete,7.1,0.2351280715344861,0.35626062229208477,0.6437393777079152
ps,ideologiquement_coherent,19,nouvelle_energie,8.5,0.4404697076609171,0.5092034866995625,0.4907965133004375
ps,opportuniste_electoral,0,lfi,8.6,0.32594859782625335,0.6033699580323774,0.39663004196762264
ps,opportuniste_electoral,0,ecologistes,13.4,0.2041353154490492,0.6603406299658974,0.3396593700341026
ps,opportuniste_electoral,0,renaissance,11,0.34249488785157023,0.5096473465714652,0.49035265342853485
ps,opportuniste_electoral,0,horizons,11.6,0.23838852109848302,0.4367094707857713,0.5632905292142287
ps,opportuniste_electoral,0,lr,8,0.19068343844546176,0.41336643163757725,0.5866335683624228
ps,opportuniste_electoral,0,rn,11.8,0.3887704727109827,0.4625289152446992,0.5374710847553008
ps,opportuniste_electoral,0,reconquete,6.1,0.37542060527021526,0.4385853275832224,0.5614146724167777
ps,opportuniste_electoral,1,ps,11.7,0.38818942198606643,0.3892144056025124,0.6107855943974876
ps,opportuniste_electoral,1,ecologistes,10.3,0.3484082887331051,0.2892002013288374,0.7107997986711626
ps,opportuniste_electoral,1,renaissance,8.4,0.46,0.4711171727373001,0.5288828272627
ps,opportuniste_electoral,1,horizons,12.5,0.46,0.4987677453892145,0.5012322546107855
ps,opportuniste_electoral,1,lr,11.7,0.3920726566023799,0.5565194086435313,0.44348059135646867
ps,opportuniste_electoral,1,reconquete,5.9,0.26232807153448606,0.6688858702671013,0.33111412973289867
ps,opportuniste_electoral,1,nouvelle_energie,9.4,0.42766970766091716,0.5448076275242811,0.45519237247571886
ps,opportuniste_electoral,2,lfi,10.9,0.3504666089914431,0.5915330405385487,0.4084669594614513
ps,opportuniste_electoral,2,ecologistes,8.8,0.2352430577876324,0.6386050389971725,0.36139496100282753
ps,opportuniste_electoral,2,renaissance,12.3,0.21422471418671296,0.43860956284599517,0.5613904371540048
ps,opportuniste_electoral,2,lr,9.9,0.32109742557684273,0.4648581282933194,0.5351418717066806
ps,opportuniste_electoral,2,rn,11.6,0.45589450753651956,0.4912429855240578,0.5087570144759421
ps,opportuniste_electoral,2,reconquete,6.4,0.46,0.47594143503617087,0.5240585649638292
ps,opportuniste_electoral,2,nouvelle_energie,10.7,0.304915478069062,0.4673514211604549,0.5326485788395451
ps,opportuniste_electoral,3,lfi,13.3,0.36928869653839264,0.63950039934791,0.36049960065208997
ps,opportuniste_electoral,3,ecologistes,7.8,0.2547014466801711,0.7307237382664457,0.26927626173355435
ps,opportuniste_electoral,3,renaissance,11.4,0.41765814149191444,0.589468160407149,0.410531839592851
ps,opportuniste_electoral,3,horizons,13.1,0.4526715182972194,0.5613169918329493,0.43868300816705075
ps,opportuniste_electoral,3,lr,8.2,0.4132672008505106,0.5014291778555099,0.4985708221444901
ps,opportuniste_electoral,3,reconquete,6.2,0.28352261578261684,0.37617325573305843,0.6238267442669416
ps,opportuniste_electoral,3,nouvelle_energie,8.9,0.4488642519090479,0.515275380807074,0.484724619192926
ps,opportuniste_electoral,4,lfi,13.6,0.36121145470005095,0.5869045955441129,0.4130954044558871
ps,opportuniste_electoral,4,ecologistes,9,0.29396202830079116,0.5792838981937518,0.4207161018062482
ps,opportuniste_electoral,4,horizons,13,0.2489676623742292,0.44464625689822773,0.5553537431017723
ps,opportuniste_electoral,4,lr,8.4,0.4037997718185502,0.48095072138441725,0.5190492786155827
ps,opportuniste_electoral,4,rn,12.8,0.46,0.5057249586273591,0.4942750413726409
ps,opportuniste_electoral,4,reconquete,3.7,0.46,0.49252877142173657,0.5074712285782634
ps,opportuniste_electoral,4,nouvelle_energie,10.8,0.3873652029963759,0.472835150676913,0.5271648493230869
ps,opportuniste_electoral,5,lfi,10.8,0.36854090545008317,0.6449001209137142,0.3550998790862858
ps,opportuniste_electoral,5,ecologistes,11.4,0.32327766447428025,0.688160340286511,0.31183965971348904
ps,opportuniste_electoral,5,renaissance,8.2,0.4104923322743743,0.5927301920700904,0.40726980792990963
ps,opportuniste_electoral,5,horizons,13.5,0.4409992146786412,0.5643096324483531,0.4356903675516469
ps,opportuniste_electoral,5,lr,10.2,0.4052726566023799,0.5084628776047776,0.4915371223952224
ps,opportuniste_electoral,5,reconquete,4.7,0.27552807153448605,0.38624026477915285,0.6137597352208471
ps,opportuniste_electoral,5,nouvelle_energie,9.6,0.44086970766091715,0.5209738038234824,0.47902619617651765
ps,opportuniste_electoral,6,lfi,10.5,0.32984484410848863,0.31283396606154956,0.6871660339384504
ps,opportuniste_electoral,6,ecologistes,10.5,0.30651497615185436,0.31248438244558874,0.6875156175544113
ps,opportuniste_electoral,6,renaissance,12.2,0.42306894374005455,0.41533012033039696,0.584669879669603
ps,opportuniste_electoral,6,horizons,10.7,0.4572561108695345,0.4442069228873771,0.5557930771126229
ps,opportuniste_electoral,6,lr,11.8,0.41634725172160253,0.506265087447715,0.49373491255228497
ps,opportuniste_electoral,6,reconquete,4.5,0.28660266665370876,0.6354930529964309,0.3645069470035691
ps,opportuniste_electoral,6,nouvelle_energie,10.9,0.4519443027801398,0.49249411211845256,0.5075058878815475
ps,opportuniste_electoral,7,lfi,11.8,0.34718955237353694,0.5812893975564117,0.41871060244358826
ps,opportuniste_electoral,7,ecologistes,9.9,0.2970941727432653,0.5877015034106706,0.4122984965893294
ps,opportuniste_electoral,7,renaissance,9.5,0.18658372802130294,0.4085931909932823,0.5914068090067177
ps,opportuniste_electoral,7,lr,7.7,0.28345643941143267,0.4066456521572407,0.5933543478427593
ps,opportuniste_electoral,7,rn,11.7,0.46,0.48314826906768743,0.5168517309323126
ps,opportuniste_electoral,7,reconquete,4.3,0.46,0.46663571390743674,0.5333642860925633
ps,opportuniste_electoral,7,nouvelle_energie,10.8,0.267274491903652,0.40603143752109966,0.5939685624789004
ps,opportuniste_electoral,8,lfi,12.4,0.31936102873460376,0.396001786606306,0.603998213393694
ps,opportuniste_electoral,8,ecologistes,8,0.246309818602608,0.3805516160591631,0.6194483839408369
ps,opportuniste_electoral,8,renaissance,10.1,0.29841279145366484,0.5462863125550449,0.4537136874449551
ps,opportuniste_electoral,8,horizons,11.8,0.29070601471386726,0.5196886897689079,0.4803113102310921
ps,opportuniste_electoral,8,lr,9,0.183000932060846,0.61748698827837,0.38251301172163
ps,opportuniste_electoral,8,rn,11.7,0.39108796632636694,0.5401900336278551,0.4598099663721449
ps,opportuniste_electoral,8,reconquete,7.9,0.3777380988855995,0.5655803288093115,0.4344196711906885
ps,opportuniste_electoral,9,lfi,12.4,0.3725845259651419,0.6403272286896808,0.35967277131031916
ps,opportuniste_electoral,9,ecologistes,9.3,0.26499650797743324,0.7297530080973315,0.27024699190266854
ps,opportuniste_electoral,9,renaissance,8.1,0.41381068813165967,0.5886951169538104,0.4113048830461896
ps,opportuniste_electoral,9,horizons,13.7,0.44689496119745853,0.5578776051916511,0.4421223948083489
ps,opportuniste_electoral,9,lr,10.7,0.41432548921487783,0.497093877155644,0.502906122844356
ps,opportuniste_electoral,9,reconquete,4.9,0.28458090414698406,0.37150295458912613,0.6284970454108738
ps,opportuniste_electoral,9,nouvelle_energie,12.7,0.4499225402734151,0.510622823051593,0.489377176948407
ps,opportuniste_electoral,10,lfi,12.1,0.33917659662057414,0.604128780905672,0.395871219094328
ps,opportuniste_electoral,10,ecologistes,11.5,0.2944445922632029,0.593775754964906,0.406224245035094
ps,opportuniste_electoral,10,horizons,9.4,0.2264969921660684,0.4420338427915712,0.5579661572084288
ps,opportuniste_electoral,10,lr,7.6,0.39132910161038936,0.5026948332603326,0.4973051667396674
ps,opportuniste_electoral,10,rn,12.2,0.46,0.5344923812877101,0.46550761871228985
ps,opportuniste_electoral,10,reconquete,7.6,0.46,0.5236824882281174,0.47631751177188264
ps,opportuniste_electoral,10,nouvelle_energie,9.6,0.374894532788215,0.4972581368830531,0.5027418631169469
ps,opportuniste_electoral,11,lfi,10.2,0.36012490508805106,0.6174594279963272,0.38254057200367275
ps,opportuniste_electoral,11,ecologistes,12,0.26178484820088416,0.6812072378792596,0.31879276212074037
ps,opportuniste_electoral,11,renaissance,12.1,0.3857187827660549,0.5263782520276178,0.4736217479723822
ps,opportuniste_electoral,11,horizons,10.5,0.3467750393427088,0.4986578933254476,0.5013421066745525
ps,opportuniste_electoral,11,rn,10,0.3453779923888905,0.41175032406677137,0.5882496759332286
ps,opportuniste_electoral,11,reconquete,6.8,0.3388498787855466,0.3893759121987851,0.6106240878012149
ps,opportuniste_electoral,11,nouvelle_energie,10.5,0.18288800918190687,0.3846582229011009,0.6153417770988991
ps,opportuniste_electoral,12,lfi,9.1,0.3306603183108125,0.5951617111660716,0.40483828883392836
ps,opportuniste_electoral,12,ecologistes,10.2,0.23652683255010384,0.6391528117604249,0.36084718823957507
ps,opportuniste_electoral,12,renaissance,9.5,0.26169496937568615,0.4848083523053295,0.5151916476946705
ps,opportuniste_electoral,12,lr,8.4,0.268567680765816,0.4203354913009499,0.5796645086990502
ps,opportuniste_electoral,12,rn,11.7,0.45336476272549275,0.49922824848945513,0.5007717515105449
ps,opportuniste_electoral,12,reconquete,6.7,0.46,0.4841331087222719,0.5158668912777281
ps,opportuniste_electoral,12,nouvelle_energie,10.7,0.3023857332580352,0.4705054792783837,0.5294945207216163
ps,opportuniste_electoral,13,lfi,10.4,0.36020400734649005,0.6373051364113933,0.3626948635886067
ps,opportuniste_electoral,13,ecologistes,9.2,0.30747218512293173,0.6838974848117394,0.3161025151882606
ps,opportuniste_electoral,13,renaissance,10.6,0.42555966896358105,0.5836105405753237,0.4163894594246763
ps,opportuniste_electoral,13,horizons,12.3,0.4554216845652154,0.5560211154238321,0.44397888457616785
ps,opportuniste_electoral,13,lr,8.6,0.36012730686357924,0.43667952168296365,0.5633204783170364
ps,opportuniste_electoral,13,reconquete,4.2,0.2903827217956855,0.3977136227698291,0.602286377230171
ps,opportuniste_electoral,13,nouvelle_energie,9.2,0.4457243579221165,0.509389316333171,0.49061068366682903
ps,opportuniste_electoral,14,ecologistes,10.2,0.23893792936799277,0.5918785304534789,0.40812146954652107
ps,opportuniste_electoral,14,renaissance,9.5,0.41002424524373915,0.5669008470558412,0.4330991529441588
ps,opportuniste_electoral,14,horizons,11,0.43892784399739226,0.5647879681402984,0.4352120318597016
ps,opportuniste_electoral,14,lr,8.1,0.46,0.5670223553344216,0.4329776446655784
ps,opportuniste_electoral,14,rn,12.1,0.46,0.5515759630371516,0.4484240369628484
ps,opportuniste_electoral,14,reconquete,7.5,0.46,0.5626056596094127,0.43739434039058733
ps,opportuniste_electoral,14,nouvelle_energie,12.1,0.46,0.5672482444535035,0.4327517555464965
ps,opportuniste_electoral,15,lfi,8.3,0.3346276969175824,0.5982155457315371,0.4017844542684629
ps,opportuniste_electoral,15,ecologistes,9.1,0.28533944502732655,0.5987847683315667,0.4012152316684333
ps,opportuniste_electoral,15,renaissance,11.6,0.17727441182944656,0.41784929217029576,0.5821507078297042
ps,opportuniste_electoral,15,lr,10.6,0.2741471232195764,0.41961800546895844,0.5803819945310416
ps,opportuniste_electoral,15,rn,10.6,0.45894420517925316,0.4970139980160878,0.5029860019839122
ps,opportuniste_electoral,15,reconquete,7,0.46,0.4813922992492313,0.5186077007507687
ps,opportuniste_electoral,15,nouvelle_energie,12.6,0.2579651757117956,0.4169478651242117,0.5830521348757882
ps,opportuniste_electoral,16,lfi,8.9,0.37038776347380326,0.6492878975881602,0.3507121024118398
ps,opportuniste_electoral,16,ecologistes,11.1,0.30590986295417344,0.6931180021507515,0.3068819978492485
ps,opportuniste_electoral,16,renaissance,13.3,0.4405944286972864,0.5923925357818532,0.40760746421814675
ps,opportuniste_electoral,16,horizons,13.6,0.46,0.5629353976253914,0.43706460237460865
ps,opportuniste_electoral,16,lr,9,0.4081726566023799,0.5054359935828788,0.49456400641712117
ps,opportuniste_electoral,16,reconquete,7.2,0.2784280715344861,0.38424374532091854,0.6157562546790815
ps,opportuniste_electoral,16,nouvelle_energie,7.6,0.44376970766091717,0.517965788251322,0.482034211748678
ps,opportuniste_electoral,17,lfi,9.3,0.3751102633821298,0.6404611209583679,0.35953887904163206
ps,opportuniste_electoral,17,ecologistes,9.3,0.2751766189268577,0.7287688251519592,0.2712311748480408
ps,opportuniste_electoral,17,renaissance,9.2,0.43478581335935934,0.5833239881781002,0.41667601182189984
ps,opportuniste_electoral,17,horizons,13.5,0.46,0.5554833786885447,0.4445166213114553
ps,opportuniste_electoral,17,lr,8.1,0.42004937627610395,0.4956407812122205,0.5043592187877795
ps,opportuniste_electoral,17,reconquete,7.6,0.2903047912082102,0.37112433468906536,0.6288756653109346
ps,opportuniste_electoral,17,nouvelle_energie,12,0.4556464273346412,0.5084650993460567,0.49153490065394334
ps,opportuniste_electoral,18,lfi,9.2,0.39057257714457566,0.6329449118957987,0.3670550881042013
ps,opportuniste_electoral,18,ecologistes,9.8,0.32795966152527195,0.6799286446755224,0.3200713553244776
ps,opportuniste_electoral,18,renaissance,9.5,0.34638182071599616,0.6379910000203383,0.36200899997966174
ps,opportuniste_electoral,18,horizons,11.4,0.42914374681037815,0.5532488926456742,0.44675110735432577
ps,opportuniste_electoral,18,lr,9.1,0.4147518263392723,0.4925704150351001,0.5074295849649
ps,opportuniste_electoral,18,reconquete,3.5,0.3350072412713785,0.42008292278131276,0.5799170772186872
ps,opportuniste_electoral,18,nouvelle_energie,11,0.4503488773978096,0.5059580353726327,0.49404196462736727
ps,opportuniste_electoral,18,reconquete_dissidence_21,9.7,0.3350072412713785,0.42887504958677586,0.5711249504132241
ps,opportuniste_electoral,19,lfi,10.1,0.30763549521441536,0.6888710062224295,0.31112899377757053
ps,opportuniste_electoral,19,ecologistes,9.7,0.30552988796104813,0.6872707257449205,0.31272927425507946
ps,opportuniste_electoral,19,renaissance,9.4,0.44733461364366844,0.5775287192653453,0.4224712807346547
ps,opportuniste_electoral,19,horizons,9.1,0.46,0.5471818163052703,0.4528181836947297
ps,opportuniste_electoral,19,lr,12,0.4134254892148778,0.48636966163572026,0.5136303383642797
ps,opportuniste_electoral,19,reconquete,7,0.28368090414698405,0.3583972224075457,0.6416027775924543
ps,opportuniste_electoral,19,nouvelle_energie,10.2,0.4490225402734151,0.49941108747960444,0.5005889125203955
ps,parti_dabord,0,lfi,8.5,0.26713036969026177,0.6328066361658589,0.36719336383414114
ps,parti_dabord,0,ecologistes,10.2,0.27508311783584655,0.5851371244188086,0.4148628755811914
ps,parti_dabord,0,renaissance,9.8,0.16809362209126918,0.40047775049394063,0.5995222495060594
ps,parti_dabord,0,lr,9.8,0.31496633348139896,0.4482826761627607,0.5517173238372393
ps,parti_dabord,0,rn,10.8,0.4497634154410758,0.47780109848143365,0.5221989015185664
ps,parti_dabord,0,reconquete,7.1,0.46,0.45862309729465023,0.5413769027053498
ps,parti_dabord,0,nouvelle_energie,8.6,0.2987843859736182,0.44718908339400676,0.5528109166059932
ps,parti_dabord,1,lfi,9.7,0.3391681787522625,0.6133732939695586,0.38662670603044136
ps,parti_dabord,1,ecologistes,7.8,0.295148399901857,0.626984745388712,0.37301525461128804
ps,parti_dabord,1,renaissance,9.7,0.3957975392477747,0.5075466252242722,0.4924533747757278
ps,parti_dabord,1,horizons,9.5,0.28783814119358353,0.42653001595700557,0.5734699840429944
ps,parti_dabord,1,rn,13.4,0.3864410942397652,0.4498037091257924,0.5501962908742076
ps,parti_dabord,1,reconquete,5.8,0.3799129806364213,0.42351411432518593,0.5764858856748141
ps,parti_dabord,1,nouvelle_energie,9.9,0.17395111103278157,0.3645704046035644,0.6354295953964356
ps,parti_dabord,2,lfi,10.5,0.3239709352704345,0.6871167565087585,0.3128832434912415
ps,parti_dabord,2,ecologistes,8.4,0.32919739973774337,0.6830907604779328,0.3169092395220672
ps,parti_dabord,2,renaissance,11.1,0.44762693301132794,0.5804606080419401,0.4195393919580599
ps,parti_dabord,2,horizons,11.1,0.46,0.5509054545636554,0.44909454543634464
ps,parti_dabord,2,lr,11.9,0.4194152852769998,0.4927140013913007,0.5072859986086993
ps,parti_dabord,2,reconquete,8,0.33967070020910595,0.42180981496200026,0.5781901850379998
ps,parti_dabord,2,nouvelle_energie,8.9,0.45501233633553706,0.5050236121797068,0.4949763878202932
ps,parti_dabord,3,lfi,12,0.333038765036936,0.36110831129407855,0.6388916887059215
ps,parti_dabord,3,ecologistes,7.9,0.3235751875748887,0.3226235176340476,0.6773764823659524
ps,parti_dabord,3,renaissance,11.9,0.44646518609384167,0.42800855313081565,0.5719914468691844
ps,parti_dabord,3,horizons,10.8,0.46,0.45682882424991084,0.5431711757500892
ps,parti_dabord,3,lr,8.6,0.41576308933732165,0.5153596810162604,0.4846403189837396
ps,parti_dabord,3,reconquete,7.7,0.2860185042694279,0.638400762257071,0.361599237742929
ps,parti_dabord,3,nouvelle_energie,12.7,0.4513601403958589,0.5024025214140252,0.4975974785859748
ps,parti_dabord,4,lfi,10.4,0.32759174990344103,0.5969431176097637,0.4030568823902363
ps,parti_dabord,4,ecologistes,9,0.28402657244493495,0.5924489567428831,0.4075510432571169
ps,parti_dabord,4,renaissance,12,0.26958058804098284,0.4767639209128794,0.5232360790871207
ps,parti_dabord,4,lr,9.5,0.3264532994311127,0.46676804696667124,0.5332319530333287
ps,parti_dabord,4,rn,13.1,0.46,0.4923263633205799,0.5076736366794201
ps,parti_dabord,4,reconquete,6,0.46,0.47545443294694084,0.5245455670530592
ps,parti_dabord,4,nouvelle_energie,12.6,0.2602713519233319,0.410814146417378,0.589185853582622
ps,parti_dabord,5,ecologistes,7.4,0.24269864335595817,0.5815324512671199,0.41846754873288006
ps,parti_dabord,5,renaissance,11,0.4096725652481758,0.5499752699720035,0.4500247300279965
ps,parti_dabord,5,horizons,11.5,0.4400728392970694,0.5465045639390392,0.45349543606096077
ps,parti_dabord,5,lr,10.9,0.46,0.5452351807295069,0.45476481927049306
ps,parti_dabord,5,rn,10.7,0.46,0.5257161618293,0.47428383817069997
ps,parti_dabord,5,reconquete,6.1,0.46,0.5335599379769007,0.4664400620230993
ps,parti_dabord,5,nouvelle_energie,11.2,0.46,0.545765452660546,0.454234547339454
ps,parti_dabord,6,ecologistes,8.5,0.29908059542119775,0.5460822509865895,0.45391774901341053
ps,parti_dabord,6,renaissance,9.2,0.38790566785393976,0.5591814396929436,0.44081856030705635
ps,parti_dabord,6,horizons,10.8,0.4162492446876561,0.5580348523812876,0.4419651476187124
ps,parti_dabord,6,lr,11.5,0.46,0.5572175208283342,0.4427824791716658
ps,parti_dabord,6,rn,10.7,0.46,0.5381691092678662,0.4618308907321338
ps,parti_dabord,6,reconquete,7.5,0.46,0.5485901581823422,0.45140984181765775
ps,parti_dabord,6,nouvelle_energie,12,0.46,0.5576457489881149,0.4423542510118851
ps,parti_dabord,7,lfi,11.3,0.3226848657486206,0.5875429554106255,0.4124570445893745
ps,parti_dabord,7,ecologistes,11.1,0.27976246055981874,0.5860749514509256,0.4139250485490744
ps,parti_dabord,7,renaissance,10.5,0.17470999894504333,0.4000537227381549,0.5999462772618451
ps,parti_dabord,7,lr,9.9,0.32158271033517305,0.4518795360802643,0.5481204639197357
ps,parti_dabord,7,rn,11.8,0.45637979229484993,0.4761865365225293,0.5238134634774707
ps,parti_dabord,7,reconquete,5.9,0.46,0.4561008723947182,0.5438991276052818
ps,parti_dabord,7,nouvelle_energie,10.9,0.2554007628273924,0.39441866447609586,0.6055813355239041
ps,parti_dabord,8,lfi,11.3,0.3322524881991949,0.6216232952733018,0.37837670472669815
ps,parti_dabord,8,ecologistes,7,0.28375505710382753,0.633251706891012,0.36674829310898804
ps,parti_dabord,8,renaissance,11.5,0.3950772050400213,0.5105659996439417,0.48943400035605833
ps,parti_dabord,8,horizons,10.3,0.3371178069858301,0.4838132460056062,0.5161867539943938
ps,parti_dabord,8,rn,12.5,0.3857207600320118,0.45159993411612886,0.5484000658838711
ps,parti_dabord,8,reconquete,6.8,0.3791926464286679,0.42453797585828257,0.5754620241417174
ps,parti_dabord,8,nouvelle_energie,12.3,0.17323077682502816,0.36436569129208474,0.6356343087079153
ps,parti_dabord,9,lfi,9.2,0.2646427218398682,0.46933421198299835,0.5306657880170016
ps,parti_dabord,9,renaissance,8.6,0.37733634421350964,0.5194284062397821,0.48057159376021785
ps,parti_dabord,9,horizons,12.4,0.40993272612081594,0.5240098008568028,0.4759901991431972
ps,parti_dabord,9,lr,11.7,0.46,0.5343617384213959,0.4656382615786041
ps,parti_dabord,9,rn,10.1,0.46,0.5423882695885274,0.45761173041147263
ps,parti_dabord,9,reconquete,8.7,0.46,0.5473949072029803,0.45260509279701966
ps,parti_dabord,9,nouvelle_energie,8.5,0.46,0.5318031722730431,0.4681968277269569
ps,parti_dabord,10,lfi,10,0.3149650308127778,0.6872401504148944,0.3127598495851056
ps,parti_dabord,10,ecologistes,11.8,0.30735165714268614,0.6845009976348275,0.3154990023651725
ps,parti_dabord,10,renaissance,9.8,0.4356494384635114,0.5792986035956785,0.42070139640432147
ps,parti_dabord,10,horizons,11.8,0.46,0.5491427619396864,0.45085723806031364
ps,parti_dabord,10,lr,11.9,0.4171517907073507,0.4882892942321936,0.5117107057678064
ps,parti_dabord,10,reconquete,7.1,0.3374072056394569,0.41251495569158264,0.5874850443084174
ps,parti_dabord,10,nouvelle_energie,7.6,0.452748841765888,0.501721902922571,0.498278097077429
ps,parti_dabord,11,lfi,11.2,0.26432803660968635,0.6393283385837004,0.3606716614162996
ps,parti_dabord,11,ecologistes,11.6,0.2599717339992372,0.5907559133860306,0.4092440866139694
ps,parti_dabord,11,renaissance,9.9,0.2625547412522794,0.4653137204445216,0.5346862795554784
ps,parti_dabord,11,lr,13.9,0.2694274526424092,0.3939524910433376,0.6060475089566624
ps,parti_dabord,11,rn,11.2,0.454224534602086,0.4734189177049609,0.5265810822950391
ps,parti_dabord,11,reconquete,4.2,0.46,0.4526869321541223,0.5473130678458777
ps,parti_dabord,11,nouvelle_energie,9.4,0.25324550513462846,0.3919593950676359,0.6080406049323641
ps,parti_dabord,12,lfi,8.7,0.27554792735755557,0.6453231632458374,0.3546768367541626
ps,parti_dabord,12,ecologistes,6.9,0.2715258617219012,0.5986829591150938,0.40131704088490616
ps,parti_dabord,12,renaissance,8.7,0.21299527696411386,0.4368199859272658,0.5631800140727342
ps,parti_dabord,12,lr,9.8,0.3198679883542436,0.4724678434984241,0.5275321565015759
ps,parti_dabord,12,rn,15.3,0.45466507031392045,0.49655857260868874,0.5034414273913113
ps,parti_dabord,12,reconquete,7.7,0.46,0.4809431680937481,0.5190568319062518
ps,parti_dabord,12,nouvelle_energie,9.4,0.2536860408464629,0.4170540793944789,0.5829459206055211
ps,parti_dabord,13,lfi,9.6,0.36607731498187707,0.634688728108425,0.365311271891575
ps,parti_dabord,13,ecologistes,10.6,0.3174765893509817,0.6776074796989942,0.32239252030100585
ps,parti_dabord,13,renaissance,10.9,0.4390612844971922,0.5723085897742404,0.4276914102257596
ps,parti_dabord,13,horizons,10.3,0.46,0.5417087900556598,0.45829120994434025
ps,parti_dabord,13,lr,8.2,0.4160348835434319,0.4805011847239532,0.5194988152760468
ps,parti_dabord,13,reconquete,6.6,0.28629029847553805,0.35094898938246294,0.6490510106175371
ps,parti_dabord,13,nouvelle_energie,12.8,0.45163193460196915,0.49334568725370376,0.5066543127462962
ps,parti_dabord,14,ecologistes,9.2,0.2856559023490051,0.5417832307615795,0.4582167692384205
ps,parti_dabord,14,renaissance,9.4,0.4171193937713457,0.5537266040659676,0.44627339593403237
ps,parti_dabord,14,horizons,10.8,0.44647871541723866,0.5521685765514681,0.4478314234485319
ps,parti_dabord,14,lr,9.7,0.46,0.5507771005915043,0.4492228994084957
ps,parti_dabord,14,rn,13.1,0.46,0.5341957097712118,0.4658042902287882
ps,parti_dabord,14,reconquete,5.8,0.46,0.5423450374644029,0.4576549625355971
ps,parti_dabord,14,nouvelle_energie,11.6,0.46,0.5509552245716266,0.4490447754283734
ps,parti_dabord,15,lfi,10,0.31640768336141284,0.599616220002125,0.400383779997875
ps,parti_dabord,15,ecologistes,6.9,0.21258424701550768,0.6407210621391847,0.35927893786081533
ps,parti_dabord,15,renaissance,13.1,0.17009153641419913,0.4159079800215109,0.5840920199784891
ps,parti_dabord,15,lr,8.9,0.266964247804329,0.41968629210278696,0.580313707897213
ps,parti_dabord,15,rn,12,0.45176132976400574,0.4976833036021138,0.5023166963978862
ps,parti_dabord,15,reconquete,9.6,0.46,0.4820717957674124,0.5179282042325877
ps,parti_dabord,15,nouvelle_energie,8.2,0.3007823002965482,0.46658429662210976,0.5334157033778902
ps,parti_dabord,16,lfi,11.8,0.31879735352469624,0.5197247309036949,0.48027526909630514
ps,parti_dabord,16,renaissance,9.7,0.3785797110774076,0.5193484489522793,0.4806515510477207
ps,parti_dabord,16,horizons,9,0.410005506255001,0.5243661689566562,0.4756338310433438
ps,parti_dabord,16,lr,11.9,0.46,0.5356362279955688,0.46436377200443124
ps,parti_dabord,16,rn,11.5,0.46,0.5444650515037468,0.4555349484962532
ps,parti_dabord,16,reconquete,6.1,0.46,0.5504358683096044,0.44956413169039555
ps,parti_dabord,16,nouvelle_energie,12,0.46,0.5328871005098952,0.4671128994901048
ps,parti_dabord,17,lfi,10.1,0.31720942189899515,0.6793488241280231,0.3206511758719769
ps,parti_dabord,17,ecologistes,10.8,0.268839284507136,0.7207291653424401,0.27927083465755986
ps,parti_dabord,17,renaissance,11.1,0.43925209777534546,0.5609596742675321,0.4390403257324679
ps,parti_dabord,17,horizons,11.5,0.46,0.5332302346699656,0.46676976533003445
ps,parti_dabord,17,lr,8,0.41715661857380515,0.47069587703229165,0.5293041229677083
ps,parti_dabord,17,reconquete,8.4,0.29741203350591133,0.36857795107854696,0.631422048921453
ps,parti_dabord,17,nouvelle_energie,8.9,0.4527536696323424,0.48308696701707293,0.516913032982927
ps,parti_dabord,18,lfi,8.2,0.3285015057781589,0.5897226168473169,0.41027738315268314
ps,parti_dabord,18,ecologistes,10.3,0.24126714835073174,0.6314887839898417,0.36851121601015835
ps,parti_dabord,18,renaissance,12.3,0.21909362209126917,0.4500195784012886,0.5499804215987114
ps,parti_dabord,18,lr,8.7,0.31596633348139896,0.4646065105422988,0.5353934894577013
ps,parti_dabord,18,rn,11.4,0.4507634154410758,0.49114884628654787,0.5088511537134521
ps,parti_dabord,18,reconquete,7.6,0.46,0.47400376005149697,0.525996239948503
ps,parti_dabord,18,nouvelle_energie,12.8,0.24978438597361824,0.405718145051029,0.594281854948971
ps,parti_dabord,19,lfi,10.7,0.2949783477672053,0.6860200568274172,0.3139799431725828
ps,parti_dabord,19,ecologistes,9.4,0.28147249285653275,0.7223758018657802,0.2776241981342198
ps,parti_dabord,19,renaissance,12.7,0.4400548649926758,0.5769252767901007,0.42307472320989925
ps,parti_dabord,19,horizons,8.7,0.46,0.5488855181222615,0.4511144818777385
ps,parti_dabord,19,lr,8.7,0.41157399948530926,0.49261862359765274,0.5073813764023473
ps,parti_dabord,19,reconquete,3.1,0.2818294144174155,0.3706001129862855,0.6293998870137145
ps,parti_dabord,19,nouvelle_energie,13.1,0.44717105054384654,0.5044365184227019,0.4955634815772981
ps,mediatique,0,lfi,11,0.3485109586042066,0.6030830585979543,0.3969169414020457
ps,mediatique,0,ecologistes,9.2,0.250759177404868,0.665104826009298,0.334895173990702
ps,mediatique,0,renaissance,10.6,0.4078063778881975,0.4889443731273071,0.5110556268726929
ps,mediatique,0,horizons,12.3,0.34984697983400637,0.45989646788703337,0.5401035321129666
ps,mediatique,0,rn,11.7,0.39844993288018804,0.427348615683076,0.572651384316924
ps,mediatique,0,reconquete,5.1,0.3919218192768441,0.3980328309193425,0.6019671690806575
ps,mediatique,0,nouvelle_energie,10.6,0.23595994967320436,0.3878554270304922,0.6121445729695079
ps,mediatique,1,lfi,10.9,0.46,0.48378264893966094,0.5162173510603391
ps,mediatique,1,ps,10.2,0.46,0.4559796101353868,0.5440203898646132
ps,mediatique,1,ecologistes,8.8,0.46,0.44227810089344655,0.5577218991065535
ps,mediatique,1,renaissance,11.1,0.4029291016103894,0.4401007816713447,0.5598992183286553
ps,mediatique,1,horizons,8.5,0.29496970355619817,0.3897460904216701,0.6102539095783299
ps,mediatique,1,reconquete,6.9,0.3138280715344861,0.5198133346635051,0.4801866653364949
ps,mediatique,1,nouvelle_energie,10,0.22108267339539622,0.386507254940093,0.613492745059907
ps,mediatique,1,reconquete_dissidence_17,8.2,0.3138280715344861,0.5146348429674984,0.4853651570325016
ps,mediatique,2,lfi,8.9,0.39188898044577297,0.614009747566808,0.38599025243319196
ps,mediatique,2,ecologistes,12.2,0.34199772819684754,0.659630507873353,0.340369492126647
ps,mediatique,2,renaissance,10.6,0.41951276728245845,0.5561132703811478,0.4438867296188522
ps,mediatique,2,horizons,12.7,0.4492972348332509,0.5250207114687917,0.4749792885312083
ps,mediatique,2,lr,11.4,0.4285564149068047,0.4582395438070687,0.5417604561929312
ps,mediatique,2,reconquete,4.5,0.3088118298389109,0.3560482292064438,0.6439517707935563
ps,mediatique,2,nouvelle_energie,8.6,0.46,0.47348728947532165,0.5265127105246783
ps,mediatique,3,lfi,9.2,0.3574739731127549,0.6323181200277297,0.3676818799722703
ps,mediatique,3,ecologistes,8.6,0.250275392980572,0.7252548191042559,0.27474518089574407
ps,mediatique,3,renaissance,10.8,0.4362835318155929,0.5732789931308542,0.4267210068691458
ps,mediatique,3,horizons,11.7,0.46,0.5425500392164614,0.4574499607835386
ps,mediatique,3,lr,11.4,0.3611254892148778,0.419437627377093,0.580562372622907
ps,mediatique,3,reconquete,7.9,0.33138090414698407,0.4052403661702599,0.5947596338297401
ps,mediatique,3,nouvelle_energie,11.9,0.44672254027341507,0.49398484306893387,0.5060151569310661
ps,mediatique,4,lfi,9.9,0.33467845080537306,0.5974903845506708,0.40250961544932917
ps,mediatique,4,ecologistes,9.9,0.2863186752043024,0.5961876241086417,0.4038123758913583
ps,mediatique,4,renaissance,9.2,0.22150283656213968,0.46000131818282297,0.539998681817177
ps,mediatique,4,lr,12,0.2683755479522695,0.4195441744303968,0.5804558255696032
ps,mediatique,4,rn,10.5,0.4531726299119463,0.501051068208745,0.498948931791255
ps,mediatique,4,reconquete,9,0.46,0.4851168668027745,0.5148831331972255
ps,mediatique,4,nouvelle_energie,11.8,0.25219360044448874,0.41586126304718196,0.584138736952818
ps,mediatique,5,lfi,12,0.37553302141336004,0.6310873922362414,0.36891260776375856
ps,mediatique,5,ecologistes,9.7,0.2751675440844281,0.7266741678604978,0.27332583213950223
ps,mediatique,5,renaissance,11,0.43645402965758595,0.5676146399712347,0.43238536002876526
ps,mediatique,5,horizons,11.5,0.46,0.5323826893919382,0.4676173106080618
ps,mediatique,5,lr,8.1,0.372768908405165,0.4080231624683478,0.5919768375316522
ps,mediatique,5,reconquete,7.4,0.2930243233372712,0.3365592182179236,0.6634407817820764
ps,mediatique,5,nouvelle_energie,11.9,0.4583659594637023,0.48440830888026015,0.5155916911197398
ps,mediatique,6,lfi,11,0.46,0.49988454355158807,0.5001154564484119
ps,mediatique,6,ps,12.7,0.3744343344298371,0.4976061440053512,0.5023938559946488
ps,mediatique,6,ecologistes,11.7,0.4244398358465896,0.4890291222906995,0.5109708777093005
ps,mediatique,6,lr,8.8,0.3002697035561982,0.5210865875127226,0.47891341248727737
ps,mediatique,6,rn,9.9,0.43506678551587497,0.5249864428952679,0.47501355710473214
ps,mediatique,6,reconquete,7.3,0.4501005328580141,0.5290328880818471,0.4709671119181529
ps,mediatique,6,nouvelle_energie,8.9,0.2840877560484174,0.520379733105628,0.479620266894372
ps,mediatique,7,lfi,11.9,0.3488553675238945,0.5798860679677161,0.42011393203228387
ps,mediatique,7,ecologistes,7.8,0.2359625187708961,0.6151040843472884,0.38489591565271164
ps,mediatique,7,horizons,12.7,0.2408181055224599,0.39978231066578956,0.6002176893342104
ps,mediatique,7,lr,8.2,0.4056502149667809,0.4609925629229923,0.5390074370770077
ps,mediatique,7,rn,11.3,0.46,0.4839452302921011,0.5160547697078989
ps,mediatique,7,reconquete,4.9,0.46,0.4664619745308639,0.5335380254691361
ps,mediatique,7,nouvelle_energie,12.6,0.3892156461446066,0.4570256891813899,0.54297431081861
ps,mediatique,8,lfi,8.1,0.46,0.4893289314451278,0.5106710685548722
ps,mediatique,8,ps,11.9,0.35445220560621576,0.4803595128324182,0.5196404871675818
ps,mediatique,8,ecologistes,11.8,0.4329420866995196,0.4760301944901796,0.5239698055098204
ps,mediatique,8,renaissance,11,0.11939699216606839,0.411280313162614,0.5887196868373861
ps,mediatique,8,lr,13.4,0.14238267339539623,0.5802801368104816,0.41971986318951837
ps,mediatique,8,rn,10.2,0.3504697076609171,0.5291667181355716,0.4708332818644284
ps,mediatique,8,reconquete,5.8,0.3371198402201497,0.5387595601313426,0.46124043986865737
ps,mediatique,9,ps,11.8,0.36998503820778994,0.5131558244668308,0.48684417553316917
ps,mediatique,9,ecologistes,10.7,0.32340828873310506,0.5921852536892918,0.40781474631070824
ps,mediatique,9,horizons,10.8,0.26159699216606835,0.4191670145305484,0.5808329854694516
ps,mediatique,9,lr,11,0.37642910161038934,0.4318729327254529,0.5681270672745471
ps,mediatique,9,rn,13,0.46,0.4785018698552048,0.5214981301447952
ps,mediatique,9,reconquete,4.6,0.46,0.45576726308458826,0.5442327369154117
ps,mediatique,9,nouvelle_energie,10.4,0.30999453278821504,0.3671484874390636,0.6328515125609364
ps,mediatique,10,lfi,9,0.28723347078942296,0.6349693875943063,0.3650306124056937
ps,mediatique,10,ecologistes,9.7,0.27155402181238647,0.5768604403193328,0.4231395596806672
ps,mediatique,10,horizons,13.6,0.2344172330149637,0.4080324943694875,0.5919675056305125
ps,mediatique,10,lr,7.6,0.3992493424592847,0.46876064011873086,0.5312393598812691
ps,mediatique,10,rn,13.2,0.46,0.4935481806348226,0.5064518193651775
ps,mediatique,10,reconquete,5.4,0.46,0.4777684022136537,0.5222315977863463
ps,mediatique,10,nouvelle_energie,8.7,0.38281477363711025,0.46487289284148436,0.5351271071585156
ps,mediatique,11,lfi,12.1,0.46,0.5574526445113406,0.4425473554886594
ps,mediatique,11,ps,9.5,0.4282056803382411,0.5963078332234225,0.4036921667765775
ps,mediatique,11,ecologistes,8.1,0.46,0.6142502494822328,0.38574975051776716
ps,mediatique,11,renaissance,8.2,0.22879699216606839,0.6286127439760502,0.37138725602394984
ps,mediatique,11,lr,9.1,0.3256697035561982,0.5325857956097416,0.4674142043902584
ps,mediatique,11,reconquete,3.9,0.24452807153448608,0.40072563340284145,0.5992743665971585
ps,mediatique,11,nouvelle_energie,10.2,0.30948775604841744,0.5491924161664097,0.4508075838335903
ps,mediatique,11,reconquete_dissidence_15,10.6,0.29452807153448607,0.46130486039628915,0.5386951396037108
ps,mediatique,12,ecologistes,8.2,0.31295182390570003,0.5372024066351553,0.4627975933648447
ps,mediatique,12,renaissance,10.1,0.41356994911725525,0.5416052886888437,0.4583947113111563
ps,mediatique,12,horizons,10.8,0.4411855524563551,0.5418017663362396,0.45819823366376045
ps,mediatique,12,lr,9.4,0.46,0.5403804547852831,0.45961954521471693
ps,mediatique,12,rn,10.4,0.46,0.5212677788492447,0.4787322211507553
ps,mediatique,12,reconquete,7.6,0.46,0.5276308485635082,0.47236915143649183
ps,mediatique,12,nouvelle_energie,11.1,0.46,0.5400628739385164,0.4599371260614836
ps,mediatique,13,lfi,12.9,0.3342515450422313,0.3798987439755001,0.6201012560244998
ps,mediatique,13,ecologistes,8.7,0.26482817831786315,0.3233861471464111,0.6766138528535889
ps,mediatique,13,renaissance,10.4,0.4097272879655588,0.4967491594469503,0.5032508405530497
ps,mediatique,13,horizons,10.9,0.3517678899113676,0.5233097229395497,0.4766902770604503
ps,mediatique,13,rn,11,0.40037084295754927,0.5538502455146206,0.4461497544853794
ps,mediatique,13,reconquete,8.6,0.3938427293542054,0.5826094696203892,0.4173905303796108
ps,mediatique,13,nouvelle_energie,10.4,0.22788085975056566,0.6269443654651781,0.37305563453482193
ps,mediatique,14,lfi,12.1,0.33305119007153006,0.6873681375986003,0.31263186240139973
ps,mediatique,14,ecologistes,10.2,0.33926096268912703,0.68323089221565,0.31676910778434997
ps,mediatique,14,renaissance,12.8,0.40778297525717777,0.5890175200405479,0.41098247995945214
ps,mediatique,14,horizons,11.1,0.4386996853791336,0.5600196569288427,0.4399803430711573
ps,mediatique,14,lr,8.5,0.3687278033269567,0.44223625087128,0.55776374912872
ps,mediatique,14,reconquete,4.9,0.33898321825906286,0.4292951575293009,0.5707048424706991
ps,mediatique,14,nouvelle_energie,11.2,0.45432485438549397,0.5154991578544598,0.48450084214554023
ps,mediatique,15,lfi,10.4,0.32778797822982203,0.5879392180413098,0.4120607819586902
ps,mediatique,15,ecologistes,8.6,0.2569450173395594,0.5894442432668978,0.4105557567331022
ps,mediatique,15,renaissance,10.7,0.2097456896537016,0.4272595250334793,0.5727404749665207
ps,mediatique,15,lr,10.7,0.3166184010438313,0.4541920424758838,0.5458079575241161
ps,mediatique,15,rn,12.9,0.4514154830035082,0.47579155019221714,0.5242084498077828
ps,mediatique,15,reconquete,7.3,0.46,0.45648825779554,0.54351174220446
ps,mediatique,15,nouvelle_energie,9.6,0.25043645353605065,0.39653290087560333,0.6034670991243967
ps,mediatique,16,lfi,11.6,0.38587938460500837,0.6341104252701397,0.3658895747298603
ps,mediatique,16,ecologistes,11.9,0.27434608843523833,0.7243797789801001,0.2756202210198999
ps,mediatique,16,renaissance,10.5,0.44560530362574713,0.5723878537608007,0.4276121462391993
ps,mediatique,16,horizons,13.9,0.46,0.5449670032336484,0.45503299676635156
ps,mediatique,16,lr,8.4,0.3706761717516853,0.42442071452646785,0.5755792854735322
ps,mediatique,16,reconquete,3.6,0.34093158668379153,0.41252948522119914,0.5874705147788009
ps,mediatique,16,nouvelle_energie,8.8,0.4562732228102226,0.4974114585731937,0.5025885414268063
ps,mediatique,17,lfi,11.8,0.30952898241004806,0.5935039743798705,0.40649602562012954
ps,mediatique,17,ecologistes,8.7,0.263804474432387,0.6042568365056997,0.3957431634943003
ps,mediatique,17,renaissance,10.7,0.35710875495282157,0.47657020204031814,0.5234297979596818
ps,mediatique,17,horizons,13.1,0.20940197821302406,0.3882396772369376,0.6117603227630624
ps,mediatique,17,lr,9.4,0.20169689556000278,0.3909205445524457,0.6090794554475543
ps,mediatique,17,rn,12.4,0.3997839298255237,0.4405855099841744,0.5594144900158255
ps,mediatique,17,reconquete,4.3,0.3864340623847563,0.41174831364128817,0.5882516863587118
ps,mediatique,18,lfi,11.9,0.3737901923736097,0.6313431519560173,0.3686568480439827
ps,mediatique,18,ecologistes,9.5,0.3323971758238597,0.6749850617189609,0.3250149382810391
ps,mediatique,18,renaissance,12.5,0.4396137863499139,0.5706953007080412,0.4293046992919588
ps,mediatique,18,horizons,12.6,0.46,0.5413286073106662,0.45867139268933377
ps,mediatique,18,lr,12.9,0.42203140988406784,0.4818838976096639,0.5181161023903361
ps,mediatique,18,reconquete,3.9,0.342286824816174,0.4074612383102425,0.5925387616897575
ps,mediatique,18,nouvelle_energie,7.8,0.4576284609426051,0.49391501593854154,0.5060849840614585
ps,mediatique,19,lfi,11,0.38110912219223053,0.3715668878028539,0.628433112197146
ps,mediatique,19,ecologistes,8.4,0.28714997047198554,0.2813667392292899,0.7186332607707101
ps,mediatique,19,renaissance,13.5,0.4253762124506997,0.43187096347815,0.56812903652185
ps,mediatique,19,horizons,12.5,0.4552383737608683,0.46157641359908413,0.5384235864009159
ps,mediatique,19,lr,8.4,0.4207521642866945,0.5185322461254176,0.4814677538745824
ps,mediatique,19,reconquete,8.2,0.2510075792188008,0.6657824320261655,0.3342175679738345
ps,mediatique,19,nouvelle_energie,9.5,0.45634921534523176,0.5060543459912181,0.4939456540087819
ps,contrarien,0,lfi,10.2,0.46,0.5063769581154036,0.4936230418845964
ps,contrarien,0,ps,11,0.36010435750877334,0.5157520950238718,0.48424790497612824
ps,contrarien,0,ecologistes,8.8,0.4351420866995196,0.5199975017049433,0.4800024982950567
ps,contrarien,0,renaissance,9.1,0.16159699216606838,0.5663726046498125,0.43362739535018746
ps,contrarien,0,lr,11.5,0.1445826733953962,0.418484671842965,0.581515328157035
ps,contrarien,0,rn,13.3,0.3526697076609171,0.46729676459710767,0.5327032354028923
ps,contrarien,0,reconquete,7.4,0.3393198402201497,0.45761452784572415,0.5423854721542758
ps,contrarien,1,lfi,8.3,0.2802082887331051,0.6228829275069726,0.3771170724930274
ps,contrarien,1,ps,12.7,0.28926765959498396,0.5338454285795082,0.46615457142049177
ps,contrarien,1,renaissance,12.6,0.1683969921660684,0.4048370417486711,0.5951629582513289
ps,contrarien,1,lr,11.5,0.2752697035561982,0.4222838626416251,0.5777161373583749
ps,contrarien,1,rn,10.8,0.410066785515875,0.4370135903154694,0.5629864096845306
ps,contrarien,1,reconquete,4.2,0.4251005328580141,0.41371450379226193,0.5862854962077381
ps,contrarien,1,nouvelle_energie,13.3,0.25908775604841744,0.42014131051709486,0.5798586894829052
ps,contrarien,2,lfi,12,0.35020828873310506,0.38869210073770294,0.6113078992622971
ps,contrarien,2,ps,7.5,0.29795780260457494,0.41723423606877036,0.5827657639312296
ps,contrarien,2,renaissance,11,0.30322910161038935,0.5535670316301219,0.4464329683698781
ps,contrarien,2,horizons,10.6,0.2952697035561982,0.5274715623503168,0.4725284376496832
ps,contrarien,2,rn,11.2,0.34387265660237987,0.5776504853581831,0.4223495146418169
ps,contrarien,2,reconquete,8.8,0.33734454299903593,0.6059539130491588,0.3940460869508412
ps,contrarien,2,nouvelle_energie,11.4,0.1713826733953962,0.6358886565216542,0.36411134347834584
ps,contrarien,3,lfi,13.2,0.35776119130219436,0.5663086067782575,0.43369139322174255
ps,contrarien,3,ecologistes,11.8,0.33195788757133,0.5630930053911685,0.43690699460883153
ps,contrarien,3,renaissance,11,0.2668366803122584,0.47474156147369007,0.5252584385263099
ps,contrarien,3,lr,7.9,0.32370939170238816,0.4579066731565609,0.5420933268434391
ps,contrarien,3,rn,13.3,0.458506473662065,0.4794278457135101,0.5205721542864898
ps,contrarien,3,reconquete,5.1,0.46,0.4626332506484587,0.5373667493515413
ps,contrarien,3,nouvelle_energie,9.6,0.3075274441946074,0.455166689109906,0.544833310890094
ps,contrarien,4,lfi,10.5,0.46,0.4966440529566294,0.5033559470433706
ps,contrarien,4,ps,10.2,0.35627298558497944,0.4935268871322632,0.5064731128677368
ps,contrarien,4,ecologistes,9.1,0.42523983584658964,0.48607161640906676,0.5139283835909332
ps,contrarien,4,lr,12.2,0.2510697035561982,0.5718315495864674,0.4281684504135326
ps,contrarien,4,rn,11.5,0.435866785515875,0.5221696267184837,0.47783037328151634
ps,contrarien,4,reconquete,9.2,0.45090053285801407,0.5261063522276869,0.47389364777231313
ps,contrarien,4,nouvelle_energie,9.5,0.23488775604841744,0.5697898538591091,0.4302101461408909
ps,contrarien,5,lfi,13.3,0.3602613426741248,0.5711024604596642,0.4288975395403358
ps,contrarien,5,ecologistes,7.9,0.31829840354903155,0.5674999787186709,0.43250002128132914
ps,contrarien,5,renaissance,9.4,0.25589699216606837,0.471797381221382,0.528202618778618
ps,contrarien,5,lr,9.3,0.31276970355619815,0.46723057531360834,0.5327694246863917
ps,contrarien,5,rn,13.2,0.447566785515875,0.4917638691927476,0.5082361308072524
ps,contrarien,5,reconquete,8.3,0.46,0.47517154761581243,0.5248284523841875
ps,contrarien,5,nouvelle_energie,9.3,0.24658775604841743,0.4114278296286567,0.5885721703713434
ps,contrarien,6,lfi,9.3,0.3965943986823724,0.44960089470880604,0.550399105291194
ps,contrarien,6,ecologistes,9.1,0.296188893306414,0.39529509352207715,0.6047049064779229
ps,contrarien,6,renaissance,11.9,0.1747920136286222,0.5908328493628328,0.40916715063716724
ps,contrarien,6,lr,9.4,0.271664725018752,0.5949004977628702,0.40509950223712976
ps,contrarien,6,rn,9.5,0.4564618069784288,0.5268364399395093,0.47316356006049065
ps,contrarien,6,reconquete,3.1,0.46,0.5461928488263065,0.4538071511736935
ps,contrarien,6,nouvelle_energie,10.5,0.25548277751097126,0.5966037162076844,0.4033962837923156
ps,contrarien,6,reconquete_dissidence_22,9.7,0.46,0.5368754175552704,0.46312458244472965
ps,contrarien,7,lfi,11.7,0.43580792627351805,0.399509802432406,0.600490197567594
ps,contrarien,7,ecologistes,8.7,0.37843052140457223,0.3472710512072961,0.6527289487927039
ps,contrarien,7,renaissance,12.3,0.3608136600111956,0.3702604778301155,0.6297395221698845
ps,contrarien,7,horizons,10.5,0.44461237629113604,0.46210817199835597,0.537891828001644
ps,contrarien,7,lr,10.5,0.42814563300238306,0.5275033368120224,0.47249666318797756
ps,contrarien,7,reconquete,5.2,0.29840104793448924,0.6629370773214327,0.3370629226785673
ps,contrarien,7,nouvelle_energie,13.4,0.46,0.5127784035248651,0.48722159647513485
ps,contrarien,8,lfi,11.9,0.3729273158755,0.5647578327993839,0.43524216720061615
ps,contrarien,8,ecologistes,11,0.32888914233686756,0.5583746619643537,0.4416253380356463
ps,contrarien,8,renaissance,10.9,0.20709699216606842,0.4317479313913111,0.5682520686086889
ps,contrarien,8,lr,9.7,0.3139697035561982,0.46388238826401923,0.5361176117359807
ps,contrarien,8,rn,12.5,0.448766785515875,0.48493282754569944,0.5150671724543006
ps,contrarien,8,reconquete,4.5,0.46,0.46880158618332485,0.5311984138166752
ps,contrarien,8,nouvelle_energie,10.5,0.29778775604841745,0.45939022686004083,0.5406097731399592
ps,contrarien,9,lfi,10,0.46,0.5263458800037026,0.47365411999629736
ps,contrarien,9,ps,13.4,0.4198706163886875,0.5241960117325233,0.4758039882674767
ps,contrarien,9,ecologistes,8.1,0.46,0.5310757205820418,0.4689242794179582
ps,contrarien,9,renaissance,12.4,0.277394532788215,0.5739109195774124,0.42608908042258764
ps,contrarien,9,horizons,10.7,0.26968775604841744,0.518709233817471,0.481290766182529
ps,contrarien,9,rn,12.6,0.28447265660237986,0.44848181241905327,0.5515181875809467
ps,contrarien,9,reconquete,3.9,0.32794454299903597,0.5072688735501624,0.49273112644983763
ps,contrarien,10,lfi,13,0.46,0.5093771349223127,0.49062286507768726
ps,contrarien,10,ps,12.5,0.34999476161589776,0.5158432043230057,0.4841567956769943
ps,contrarien,10,ecologistes,8.2,0.43424208669951964,0.522390109477043,0.477609890522957
ps,contrarien,10,renaissance,12.3,0.12069699216606841,0.5877398036704631,0.4122601963295369
ps,contrarien,10,lr,7.4,0.1436826733953962,0.4159536514312819,0.5840463485687182
ps,contrarien,10,rn,10.8,0.35176970766091714,0.4706487645568925,0.5293512354431076
ps,contrarien,10,reconquete,8.2,0.3384198402201497,0.4612454251287144,0.5387545748712856
ps,contrarien,11,lfi,12.4,0.46,0.45193206089778293,0.5480679391022171
ps,contrarien,11,ps,10.4,0.4132540924499877,0.41576228214501476,0.5842377178549852
ps,contrarien,11,ecologistes,10.3,0.46,0.3956092627104009,0.6043907372895991
ps,contrarien,11,renaissance,9.8,0.22009699216606843,0.3490476516245214,0.6509523483754787
ps,contrarien,11,lr,11.2,0.27696970355619815,0.42071284679223164,0.5792871532077684
ps,contrarien,11,reconquete,5.8,0.2958280715344861,0.55653559536105,0.44346440463895
ps,contrarien,11,nouvelle_energie,12.6,0.31078775604841746,0.4566298796955159,0.5433701203044841
ps,contrarien,12,lfi,9.8,0.38695462276589143,0.3334588926005351,0.6665411073994649
ps,contrarien,12,ecologistes,10.8,0.37675080762551055,0.3414538919416652,0.6585461080583348
ps,contrarien,12,renaissance,8.4,0.3891315760782475,0.41634770531560006,0.5836522946843999
ps,contrarien,12,horizons,9.1,0.42293027833381786,0.44732861418024733,0.5526713858197527
ps,contrarien,12,lr,13.6,0.3704103358274542,0.5699085378893363,0.43009146211066374
ps,contrarien,12,reconquete,3.4,0.3406657507595604,0.5889281882364441,0.4110718117635559
ps,contrarien,12,nouvelle_energie,12.7,0.45600738688599146,0.4945983979756226,0.5054016020243774
ps,contrarien,13,lfi,9.4,0.4187697023156254,0.3952292113563767,0.6047707886436233
ps,contrarien,13,ecologistes,7.1,0.3739755758324377,0.3461589652256834,0.6538410347743167
ps,contrarien,13,renaissance,10.8,0.4109540226555378,0.4283466584673961,0.5716533415326039
ps,contrarien,13,horizons,13.4,0.4400465757185611,0.4598694466966955,0.5401305533033045
ps,contrarien,13,lr,10.1,0.3699074316306253,0.5848274583071702,0.4151725416928298
ps,contrarien,13,reconquete,9.2,0.3401628465627315,0.5981232136922212,0.4018767863077788
ps,contrarien,13,nouvelle_energie,11.6,0.45550448268916255,0.5091532047691787,0.4908467952308213
ps,contrarien,14,lfi,13.3,0.37542061527892095,0.44041581500818994,0.5595841849918101
ps,contrarien,14,ecologistes,8.4,0.2741977555097435,0.3895808522524349,0.6104191477475651
ps,contrarien,14,renaissance,9.5,0.22206841499688865,0.5495961951926438,0.4504038048073562
ps,contrarien,14,lr,10.4,0.31894112638701844,0.5397919479684472,0.4602080520315528
ps,contrarien,14,rn,10.3,0.45373820834669526,0.5206190730724194,0.4793809269275806
ps,contrarien,14,reconquete,7.3,0.46,0.5367869521177852,0.46321304788221485
ps,contrarien,14,nouvelle_energie,10.8,0.3027591788792377,0.5438475027872754,0.45615249721272455
ps,contrarien,15,ps,9.2,0.36028965919006706,0.563655589393594,0.43634441060640605
ps,contrarien,15,ecologistes,7.9,0.3218082887331051,0.6593896340579604,0.34061036594203964
ps,contrarien,15,renaissance,12.6,0.37482910161038935,0.46640315678305355,0.5335968432169464
ps,contrarien,15,horizons,12.4,0.26686970355619816,0.38727942678289745,0.6127205732171026
ps,contrarien,15,rn,11.8,0.3654726566023798,0.4334030051172012,0.5665969948827988
ps,contrarien,15,reconquete,7.7,0.35894454299903594,0.40127341302079045,0.5987265869792096
ps,contrarien,15,nouvelle_energie,9.6,0.1529826733953962,0.32926589372190884,0.6707341062780912
ps,contrarien,16,lfi,8.8,0.46,0.5140214441100593,0.48597855588994066
ps,contrarien,16,ps,10.1,0.33438185421583644,0.5208413317476449,0.4791586682523551
ps,contrarien,16,ecologistes,10.8,0.43374208669951964,0.5272576940387912,0.4727423059612088
ps,contrarien,16,renaissance,12,0.16019699216606836,0.5752410131959705,0.42475898680402946
ps,contrarien,16,lr,13.2,0.1431826733953962,0.42497676147892915,0.5750232385210708
ps,contrarien,16,rn,12.4,0.35126970766091714,0.47316007023258727,0.5268399297674127
ps,contrarien,16,reconquete,5,0.33791984022014965,0.46353092171059646,0.5364690782894035
ps,contrarien,17,lfi,10.2,0.46,0.4476641438292588,0.5523358561707412
ps,contrarien,17,ps,11.4,0.4001768214689989,0.4097579052761402,0.5902420947238598
ps,contrarien,17,ecologistes,7.9,0.46,0.39072080330264103,0.609279196697359
ps,contrarien,17,renaissance,11.2,0.2672969921660684,0.3948105763944286,0.6051894236055714
ps,contrarien,17,lr,8.8,0.32416970355619823,0.4706368303910392,0.5293631696089608
ps,contrarien,17,reconquete,5.7,0.24302807153448608,0.6037685343134568,0.3962314656865432
ps,contrarien,17,nouvelle_energie,10.7,0.30798775604841744,0.45400960441997285,0.5459903955800272
ps,contrarien,17,reconquete_dissidence_21,7.1,0.29302807153448607,0.5440738409227546,0.45592615907724543
ps,contrarien,18,lfi,12.8,0.46,0.44680717187344443,0.5531928281265556
ps,contrarien,18,ps,10.5,0.3752553063030495,0.41326405054874293,0.5867359494512571
ps,contrarien,18,ecologistes,10.9,0.46,0.38169219892878514,0.6183078010712149
ps,contrarien,18,horizons,9.5,0.24699699216606844,0.3947943382465092,0.6052056617534908
ps,contrarien,18,lr,8.3,0.39247265660237984,0.4907663752163058,0.5092336247836942
ps,contrarien,18,reconquete,7.2,0.26272807153448613,0.6303918232105822,0.3696081767894178
ps,contrarien,18,nouvelle_energie,12.6,0.335394532788215,0.41678736338100225,0.5832126366189978
ps,contrarien,19,lfi,11.7,0.46,0.44416055009316524,0.5558394499068348
ps,contrarien,19,ps,9.8,0.40236674178234466,0.3990862895318563,0.6009137104681437
ps,contrarien,19,ecologistes,11.5,0.46,0.37729103066717684,0.6227089693328232
ps,contrarien,19,horizons,10.3,0.2505969921660684,0.39117832700939464,0.6088216729906053
ps,contrarien,19,lr,10.8,0.3960726566023799,0.4897823343302056,0.5102176656697943
ps,contrarien,19,reconquete,8.3,0.26632807153448607,0.6287631677113332,0.3712368322886668
ps,contrarien,19,nouvelle_energie,9.3,0.38899453278821505,0.47212701434170257,0.5278729856582974
ecologistes,aleatoire,0,lfi,13.3,0.30301687143500955,0.6014651910566924,0.3985348089433076
ecologistes,aleatoire,0,ps,12,0.16177271950121927,0.625490961759576,0.37450903824042403
ecologistes,aleatoire,0,renaissance,13.3,0.23359699216606838,0.47911346894143014,0.5208865310585699
ecologistes,aleatoire,0,lr,10.8,0.24046970355619818,0.40287078403392373,0.5971292159660763
ecologistes,aleatoire,0,rn,10.5,0.425266785515875,0.47856701263141765,0.5214329873685823
ecologistes,aleatoire,0,reconquete,4.6,0.44030053285801407,0.46191709505143375,0.5380829049485663
ecologistes,aleatoire,0,nouvelle_energie,7.3,0.22428775604841744,0.40150503453129494,0.5984949654687051
ecologistes,aleatoire,1,ps,12.7,0.20512517141879022,0.5483149250023814,0.45168507499761856
ecologistes,aleatoire,1,renaissance,12.3,0.40845743713794724,0.5511044670715152,0.44889553292848483
ecologistes,aleatoire,1,horizons,12,0.4442371492381537,0.5457824317584067,0.4542175682415933
ecologistes,aleatoire,1,lr,8.5,0.46,0.5412146729605254,0.4587853270394746
ecologistes,aleatoire,1,rn,10.8,0.46,0.5200366465983801,0.4799633534016199
ecologistes,aleatoire,1,reconquete,7.9,0.46,0.5290848788565806,0.4709151211434194
ecologistes,aleatoire,1,nouvelle_energie,9,0.46,0.5434085488038558,0.4565914511961442
ecologistes,aleatoire,2,lfi,11.9,0.34534097505239747,0.3252923977147484,0.6747076022852516
ecologistes,aleatoire,2,ps,12,0.24404933577977944,0.32121684216028834,0.6787831578397117
ecologistes,aleatoire,2,renaissance,10.2,0.438814300421197,0.4211679459924046,0.5788320540075954
ecologistes,aleatoire,2,horizons,12.5,0.46,0.4535655191274729,0.5464344808725271
ecologistes,aleatoire,2,lr,10.1,0.38757265660237983,0.5177301761903309,0.4822698238096691
ecologistes,aleatoire,2,reconquete,6.4,0.30782807153448605,0.5944789385038322,0.40552106149616785
ecologistes,aleatoire,2,nouvelle_energie,9.7,0.4231697076609171,0.502375364647467,0.497624635352533
ecologistes,aleatoire,3,ps,11,0.3831336464869478,0.39595614258393513,0.6040438574160649
ecologistes,aleatoire,3,ecologistes,12.3,0.39924829370866866,0.33476380434544695,0.665236195654553
ecologistes,aleatoire,3,renaissance,9.4,0.46,0.4743355759913179,0.5256644240086821
ecologistes,aleatoire,3,horizons,10.5,0.46,0.5024693162932377,0.49753068370676234
ecologistes,aleatoire,3,lr,9.9,0.3937726566023798,0.5613830982540451,0.4386169017459549
ecologistes,aleatoire,3,reconquete,7.6,0.3140280715344861,0.619432278858066,0.38056772114193405
ecologistes,aleatoire,3,nouvelle_energie,8.8,0.4293697076609171,0.5496394190627542,0.45036058093724585
ecologistes,aleatoire,4,lfi,10.2,0.36086581753003455,0.6245602656421169,0.37543973435788314
ecologistes,aleatoire,4,ps,11.3,0.1696444130395187,0.6687050544807412,0.33129494551925875
ecologistes,aleatoire,4,renaissance,8.7,0.30722910161038935,0.488164387839417,0.5118356121605829
ecologistes,aleatoire,4,horizons,11.6,0.2992697035561982,0.506686519214768,0.49331348078523196
ecologistes,aleatoire,4,rn,13.6,0.34787265660237987,0.4770879917877283,0.5229120082122717
ecologistes,aleatoire,4,reconquete,6.7,0.34134454299903594,0.45762364055458515,0.5423763594454148
ecologistes,aleatoire,4,nouvelle_energie,9.5,0.18538267339539619,0.43264889830032716,0.5673511016996728
ecologistes,aleatoire,5,ps,11,0.3304336464869478,0.3365461262011341,0.6634538737988659
ecologistes,aleatoire,5,ecologistes,10.2,0.3924178665525003,0.3388294126755971,0.6611705873244029
ecologistes,aleatoire,5,renaissance,7.5,0.46,0.4717153322356826,0.5282846677643174
ecologistes,aleatoire,5,horizons,11.5,0.46,0.499540331403603,0.500459668596397
ecologistes,aleatoire,5,lr,11.9,0.3910726566023799,0.5576752306578509,0.44232476934214915
ecologistes,aleatoire,5,reconquete,7.8,0.26132807153448606,0.6699360325769652,0.3300639674230348
ecologistes,aleatoire,5,nouvelle_energie,12.2,0.42666970766091716,0.5459331190483183,0.4540668809516817
ecologistes,aleatoire,6,lfi,12.9,0.46,0.4470894327994888,0.5529105672005112
ecologistes,aleatoire,6,ps,10.8,0.4087954461919777,0.4146199299417559,0.5853800700582441
ecologistes,aleatoire,6,ecologistes,13.4,0.43973688462534477,0.3615997230716883,0.6384002769283117
ecologistes,aleatoire,6,horizons,9.8,0.24819699216606841,0.39657294827838746,0.6034270517216125
ecologistes,aleatoire,6,lr,7.9,0.3936726566023798,0.49175400505157235,0.5082459949484277
ecologistes,aleatoire,6,reconquete,7.1,0.2639280715344861,0.6330508484395095,0.36694915156049046
ecologistes,aleatoire,6,nouvelle_energie,9.8,0.386594532788215,0.474112840604408,0.525887159395592
ecologistes,aleatoire,7,lfi,11.6,0.37611438992611057,0.6185401280303494,0.3814598719696506
ecologistes,aleatoire,7,ps,11.2,0.3097411790910366,0.6294166612938932,0.3705833387061068
ecologistes,aleatoire,7,renaissance,8.4,0.46,0.567962988709801,0.432037011290199
ecologistes,aleatoire,7,horizons,11.2,0.46,0.5342770584147163,0.4657229415852837
ecologistes,aleatoire,7,lr,9.8,0.34557265660237985,0.4049273229140318,0.5950726770859682
ecologistes,aleatoire,7,reconquete,5.8,0.3158280715344861,0.3904482240246363,0.6095517759753637
ecologistes,aleatoire,7,nouvelle_energie,11.1,0.4311697076609171,0.4823532990193687,0.5176467009806314
ecologistes,aleatoire,8,ps,11.9,0.3792336464869478,0.39654041880630264,0.6034595811936974
ecologistes,aleatoire,8,ecologistes,11,0.40176085564291597,0.3570029309707523,0.6429970690292477
ecologistes,aleatoire,8,renaissance,12.1,0.46,0.4812548875366994,0.5187451124633006
ecologistes,aleatoire,8,horizons,10,0.46,0.508196115170823,0.49180388482917703
ecologistes,aleatoire,8,lr,11.1,0.3898726566023799,0.56516960995802,0.43483039004198
ecologistes,aleatoire,8,reconquete,5.1,0.22012807153448608,0.6919099861879292,0.3080900138120708
ecologistes,aleatoire,8,nouvelle_energie,11.1,0.4254697076609172,0.5539740775682298,0.4460259224317702
ecologistes,aleatoire,9,ps,9,0.3802336464869478,0.3948174925049907,0.6051825074950092
ecologistes,aleatoire,9,ecologistes,12,0.4016168616546003,0.33490683726050974,0.6650931627394903
ecologistes,aleatoire,9,renaissance,11.3,0.46,0.47210025716003107,0.527899742839969
ecologistes,aleatoire,9,horizons,10.1,0.46,0.5001430259307961,0.49985697406920393
ecologistes,aleatoire,9,lr,8.9,0.34087265660237986,0.6233712020265455,0.3766287979734545
ecologistes,aleatoire,9,reconquete,9.3,0.2611280715344861,0.671628511548884,0.32837148845111597
ecologistes,aleatoire,9,nouvelle_energie,11.8,0.42646970766091713,0.5469431327408276,0.4530568672591724
ecologistes,aleatoire,10,lfi,12.4,0.33910824838981657,0.584229383544991,0.415770616455009
ecologistes,aleatoire,10,ps,9.4,0.24284628494703986,0.5680056657416744,0.43199433425832556
ecologistes,aleatoire,10,renaissance,8.7,0.1802969921660684,0.4566168268259134,0.5433831731740866
ecologistes,aleatoire,10,lr,9,0.2771697035561982,0.4592729363698821,0.5407270636301179
ecologistes,aleatoire,10,rn,12.5,0.411966785515875,0.4814937545236365,0.5185062454763635
ecologistes,aleatoire,10,reconquete,6.7,0.4270005328580141,0.46572646115591687,0.5342735388440831
ecologistes,aleatoire,10,nouvelle_energie,8.5,0.21098775604841746,0.40560357001226527,0.5943964299877347
ecologistes,aleatoire,11,lfi,12.9,0.34639649277047974,0.35833496695478173,0.6416650330452183
ecologistes,aleatoire,11,ps,11.7,0.2564737914348966,0.3521088646917131,0.6478911353082869
ecologistes,aleatoire,11,renaissance,8.9,0.4338497949464275,0.42195637430238553,0.5780436256976145
ecologistes,aleatoire,11,horizons,11.7,0.46,0.4549362306052052,0.5450637693947948
ecologistes,aleatoire,11,lr,9.7,0.3279726566023799,0.5814467917851842,0.4185532082148158
ecologistes,aleatoire,11,reconquete,3.7,0.24822807153448606,0.649897155439537,0.35010284456046303
ecologistes,aleatoire,11,nouvelle_energie,11.2,0.41356970766091716,0.504843402469991,0.49515659753000896
ecologistes,aleatoire,12,lfi,7.9,0.46,0.44998247713385475,0.5500175228661452
ecologistes,aleatoire,12,ps,11.2,0.4210625158141757,0.4219101152034873,0.5780898847965127
ecologistes,aleatoire,12,ecologistes,11.9,0.4538308179022461,0.3811128839317395,0.6188871160682605
ecologistes,aleatoire,12,renaissance,11.1,0.2682969921660684,0.4006878264574807,0.5993121735425193
ecologistes,aleatoire,12,lr,13.2,0.3251697035561982,0.47259528357309155,0.5274047164269084
ecologistes,aleatoire,12,reconquete,7.5,0.29402807153448607,0.5519983410715998,0.44800165892840016
ecologistes,aleatoire,12,nouvelle_energie,10.3,0.30898775604841744,0.45319727033785495,0.546802729662145
ecologistes,aleatoire,13,lfi,11.7,0.31763408150156824,0.4008690184810262,0.5991309815189738
ecologistes,aleatoire,13,ps,11.1,0.23011125123267803,0.411518271717931,0.588481728282069
ecologistes,aleatoire,13,renaissance,10.1,0.307194532788215,0.49186048261091325,0.5081395173890868
ecologistes,aleatoire,13,horizons,11.6,0.24948775604841744,0.519330970873604,0.480669029126396
ecologistes,aleatoire,13,lr,9.4,0.10178267339539623,0.6334212942433142,0.36657870575668583
ecologistes,aleatoire,13,rn,12.7,0.34986970766091713,0.5441236029203278,0.4558763970796722
ecologistes,aleatoire,13,reconquete,6.2,0.2865198402201497,0.6280886688672901,0.3719113311327099
ecologistes,aleatoire,14,lfi,12.6,0.24377196322741132,0.6571090918106742,0.34289090818932577
ecologistes,aleatoire,14,ps,9.2,0.22060882190794315,0.5965016182438049,0.4034983817561951
ecologistes,aleatoire,14,renaissance,12.8,0.1740969921660684,0.44432495119706855,0.5556750488029314
ecologistes,aleatoire,14,lr,10.6,0.23096970355619817,0.42279468168321555,0.5772053183167845
ecologistes,aleatoire,14,rn,9.8,0.415766785515875,0.4986455310567285,0.5013544689432715
ecologistes,aleatoire,14,reconquete,7,0.43080053285801406,0.48478516280385897,0.515214837196141
ecologistes,aleatoire,14,nouvelle_energie,10.6,0.2647877560484174,0.47349497423737114,0.5265050257626289
ecologistes,aleatoire,15,lfi,10.5,0.34817886543909166,0.5770354153230616,0.4229645846769384
ecologistes,aleatoire,15,ps,9.4,0.20255002723933313,0.6056085755905171,0.39439142440948294
ecologistes,aleatoire,15,renaissance,9.6,0.1873969921660684,0.4525311375525272,0.5474688624474728
ecologistes,aleatoire,15,lr,12.7,0.2342697035561982,0.4004637113737411,0.599536288626259
ecologistes,aleatoire,15,rn,10.8,0.419066785515875,0.47256182239957345,0.5274381776004265
ecologistes,aleatoire,15,reconquete,4.3,0.4341005328580141,0.4576435665117735,0.5423564334882265
ecologistes,aleatoire,15,nouvelle_energie,12.4,0.26808775604841745,0.454763896754044,0.5452361032459561
ecologistes,aleatoire,16,lfi,13.3,0.324228488634759,0.6301032101188527,0.36989678988114727
ecologistes,aleatoire,16,ps,12.1,0.18374111982045335,0.6563018944661746,0.3436981055338254
ecologistes,aleatoire,16,renaissance,9.6,0.3538291016103894,0.52819473243345,0.47180526756654995
ecologistes,aleatoire,16,horizons,8.1,0.24586970355619814,0.4442592429957759,0.5557407570042241
ecologistes,aleatoire,16,rn,11.9,0.3444726566023798,0.45615505294414577,0.5438449470558542
ecologistes,aleatoire,16,reconquete,6.3,0.337944542999036,0.4353529820445263,0.5646470179554737
ecologistes,aleatoire,16,nouvelle_energie,11.3,0.13198267339539618,0.37981473191067083,0.6201852680893292
ecologistes,aleatoire,17,lfi,9.9,0.29933364648694777,0.37864441979041796,0.621355580209582
ecologistes,aleatoire,17,ecologistes,11.1,0.24175114954912957,0.4343749948502974,0.5656250051497026
ecologistes,aleatoire,17,renaissance,10.2,0.20449699216606837,0.5855690038227191,0.41443099617728085
ecologistes,aleatoire,17,lr,10.6,0.31136970355619814,0.5586426858639224,0.4413573141360776
ecologistes,aleatoire,17,rn,11.5,0.44616678551587496,0.538917059130274,0.461082940869726
ecologistes,aleatoire,17,reconquete,9.1,0.46,0.5601642620337174,0.4398357379662826
ecologistes,aleatoire,17,nouvelle_energie,9.8,0.24518775604841742,0.6148129611849197,0.3851870388150803
ecologistes,aleatoire,18,lfi,13.2,0.2585336464869478,0.4900228439784238,0.5099771560215762
ecologistes,aleatoire,18,renaissance,10.7,0.3742954461919777,0.517295388362247,0.482704611637753
ecologistes,aleatoire,18,horizons,9.9,0.4064625158141757,0.5161093107095616,0.48389068929043844
ecologistes,aleatoire,18,lr,10.2,0.46,0.5167257661369683,0.4832742338630317
ecologistes,aleatoire,18,rn,11.5,0.46,0.5187655034206291,0.4812344965793709
ecologistes,aleatoire,18,reconquete,4,0.46,0.5229392455962569,0.47706075440374307
ecologistes,aleatoire,18,nouvelle_energie,11.8,0.46,0.5176187224913532,0.4823812775086468
ecologistes,aleatoire,19,lfi,12.5,0.46,0.5508610514019393,0.4491389485980607
ecologistes,aleatoire,19,ps,10,0.4216625158141757,0.5778045544418314,0.42219544555816857
ecologistes,aleatoire,19,ecologistes,12.2,0.46,0.620476314247492,0.37952368575250806
ecologistes,aleatoire,19,renaissance,8.4,0.17889699216606844,0.6659246972050501,0.3340753027949499
ecologistes,aleatoire,19,lr,12.3,0.32576970355619816,0.5296719079733838,0.4703280920266162
ecologistes,aleatoire,19,reconquete,7.8,0.2946280715344861,0.4480934915957777,0.5519065084042223
ecologistes,aleatoire,19,nouvelle_energie,9.5,0.3095877560484175,0.5462493633933996,0.4537506366066004
ecologistes,prudent,0,lfi,9.8,0.3390924510344948,0.6468416320455708,0.35315836795442923
ecologistes,prudent,0,ps,14.2,0.17187088844821516,0.6963673712664947,0.30363262873350527
ecologistes,prudent,0,renaissance,13.5,0.42536391898303105,0.5850128553292212,0.4149871446707788
ecologistes,prudent,0,horizons,8.2,0.46,0.5534071414685453,0.4465928585314547
ecologistes,prudent,0,lr,11.2,0.32947265660237984,0.4307307167777006,0.5692692832222994
ecologistes,prudent,0,reconquete,3.5,0.29972807153448605,0.4161338597998804,0.5838661402001196
ecologistes,prudent,0,nouvelle_energie,9.3,0.4150697076609171,0.5055308582400019,0.4944691417599981
ecologistes,prudent,1,lfi,10.5,0.3476336464869478,0.4254948402552882,0.5745051597447117
ecologistes,prudent,1,ecologistes,12.9,0.2506815168496433,0.42870930683239494,0.5712906931676051
ecologistes,prudent,1,renaissance,11.4,0.21279699216606837,0.5619213913410304,0.43807860865896964
ecologistes,prudent,1,lr,8.9,0.30966970355619816,0.5568522322571356,0.44314776774286435
ecologistes,prudent,1,rn,10.1,0.444466785515875,0.5339151486177497,0.4660848513822503
ecologistes,prudent,1,reconquete,3.7,0.45950053285801407,0.5545345288164234,0.4454654711835766
ecologistes,prudent,1,nouvelle_energie,12.9,0.2934877560484174,0.5602083442348847,0.43979165576511525
ecologistes,prudent,2,lfi,10.7,0.3470336464869478,0.5694560412368186,0.4305439587631814
ecologistes,prudent,2,ecologistes,10.3,0.25253792254385876,0.5667455272484839,0.4332544727515161
ecologistes,prudent,2,renaissance,10.3,0.21219699216606838,0.4354020173567986,0.5645979826432014
ecologistes,prudent,2,lr,9.2,0.30906970355619817,0.44292477577951006,0.5570752242204899
ecologistes,prudent,2,rn,12.1,0.443866785515875,0.4626960862838642,0.5373039137161357
ecologistes,prudent,2,reconquete,6.8,0.4589005328580141,0.4420068824538037,0.5579931175461963
ecologistes,prudent,2,nouvelle_energie,11.8,0.29288775604841744,0.43850715031087556,0.5614928496891245
ecologistes,prudent,3,lfi,9.5,0.3146336464869478,0.46971388514569146,0.5302861148543085
ecologistes,prudent,3,renaissance,9.6,0.3803954461919777,0.4875320827305983,0.5124679172694018
ecologistes,prudent,3,horizons,10.2,0.4125625158141757,0.48893699130331153,0.5110630086966885
ecologistes,prudent,3,lr,11.7,0.46,0.4890906184673849,0.5109093815326151
ecologistes,prudent,3,rn,11.3,0.46,0.48849760250680974,0.5115023974931903
ecologistes,prudent,3,reconquete,6.3,0.46,0.484684583279262,0.515315416720738
ecologistes,prudent,3,nouvelle_energie,11.1,0.46,0.4879720537428949,0.5120279462571051
ecologistes,prudent,4,lfi,11,0.46,0.5364048601435588,0.4635951398564412
ecologistes,prudent,4,ps,11.7,0.3975625158141757,0.5396762336455924,0.46032376635440764
ecologistes,prudent,4,ecologistes,13.2,0.42438630686338447,0.557509685066926,0.442490314933074
ecologistes,prudent,4,renaissance,9.7,0.24479699216606837,0.5447141984565683,0.4552858015434317
ecologistes,prudent,4,rn,11.8,0.35027265660237983,0.4752382107979086,0.5247617892020914
ecologistes,prudent,4,reconquete,4.6,0.34374454299903595,0.46748366689640997,0.53251633310359
ecologistes,prudent,4,nouvelle_energie,8.9,0.1377826733953962,0.41571476277723485,0.5842852372227652
ecologistes,prudent,5,lfi,12,0.22405861455263884,0.6599226332775012,0.3400773667224988
ecologistes,prudent,5,ps,10.2,0.16127522408084285,0.6103000838497262,0.3896999161502738
ecologistes,prudent,5,renaissance,8.7,0.303994532788215,0.5137549291479737,0.4862450708520263
ecologistes,prudent,5,horizons,8.6,0.19628775604841742,0.44063851951056976,0.5593614804894302
ecologistes,prudent,5,lr,8.2,0.1885826733953962,0.4385686779230017,0.5614313220769983
ecologistes,prudent,5,rn,12.5,0.3466697076609171,0.4662199356621655,0.5337800643378345
ecologistes,prudent,5,reconquete,8.4,0.3333198402201497,0.4429279190666834,0.5570720809333166
ecologistes,prudent,6,lfi,10.8,0.3027336464869478,0.5372566229558841,0.46274337704411594
ecologistes,prudent,6,renaissance,13,0.36849544619197766,0.5242602716182283,0.4757397283817717
ecologistes,prudent,6,horizons,13.9,0.40066251581417567,0.5230141248292928,0.47698587517070723
ecologistes,prudent,6,lr,9.3,0.46,0.5243768696011016,0.47562313039889836
ecologistes,prudent,6,rn,9.6,0.46,0.5253698156855371,0.4746301843144629
ecologistes,prudent,6,reconquete,2.7,0.46,0.5313121873215149,0.46868781267848514
ecologistes,prudent,6,nouvelle_energie,11.4,0.46,0.5256584700927882,0.4743415299072118
ecologistes,prudent,7,lfi,12,0.322690157802863,0.6391509901422054,0.36084900985779456
ecologistes,prudent,7,ps,8.2,0.22661572581071834,0.6231246619918251,0.37687533800817485
ecologistes,prudent,7,renaissance,9.8,0.3128291016103894,0.47879549535835475,0.5212045046416452
ecologistes,prudent,7,horizons,10.2,0.30486970355619813,0.504297696952324,0.49570230304767604
ecologistes,prudent,7,rn,11,0.3534726566023798,0.46500440560669887,0.5349955943933011
ecologistes,prudent,7,reconquete,7.7,0.346944542999036,0.4437012568669638,0.5562987431330362
ecologistes,prudent,7,nouvelle_energie,10.8,0.2309826733953962,0.452367721215588,0.547632278784412
ecologistes,prudent,8,lfi,10.2,0.26224295339682324,0.6430069109853003,0.3569930890146997
ecologistes,prudent,8,ps,10.3,0.2158921942887919,0.5764437932214268,0.4235562067785732
ecologistes,prudent,8,horizons,8.6,0.14479699216606837,0.4130910109909325,0.5869089890090675
ecologistes,prudent,8,lr,10.5,0.3496291016103894,0.4864848653280479,0.5135151346719521
ecologistes,prudent,8,rn,12.3,0.46,0.5080850273286315,0.4919149726713685
ecologistes,prudent,8,reconquete,9.5,0.46,0.4985074583476938,0.5014925416523062
ecologistes,prudent,8,nouvelle_energie,9.9,0.283194532788215,0.4244863691688689,0.575513630831131
ecologistes,prudent,9,lfi,10.3,0.33325425787565327,0.6571948432016163,0.34280515679838375
ecologistes,prudent,9,ps,10.9,0.18469241002993655,0.6989892726064261,0.30101072739357393
ecologistes,prudent,9,renaissance,9.5,0.4201559750459458,0.5997946701469113,0.40020532985308865
ecologistes,prudent,9,horizons,13.9,0.45456678551587504,0.569225082582514,0.43077491741748597
ecologistes,prudent,9,lr,8.4,0.36837265660237983,0.509593773052885,0.490406226947115
ecologistes,prudent,9,reconquete,7.1,0.23862807153448612,0.38652288621232284,0.6134771137876771
ecologistes,prudent,9,nouvelle_energie,10.1,0.4039697076609171,0.524521523249625,0.475478476750375
ecologistes,prudent,10,lfi,9.2,0.24027214223220636,0.6473623202015371,0.35263767979846294
ecologistes,prudent,10,ps,10.4,0.18814664123245026,0.585344090646245,0.41465590935375496
ecologistes,prudent,10,renaissance,11.4,0.1822969921660684,0.4564617096875211,0.5435382903124789
ecologistes,prudent,10,lr,10.8,0.2791697035561982,0.4618928704093291,0.538107129590671
ecologistes,prudent,10,rn,10,0.413966785515875,0.4850610005095037,0.5149389994904963
ecologistes,prudent,10,reconquete,7.3,0.4290005328580141,0.4697613770489517,0.5302386229510483
ecologistes,prudent,10,nouvelle_energie,12,0.21298775604841746,0.4102567509579041,0.589743249042096
ecologistes,prudent,11,lfi,13.2,0.30988530286599286,0.6057207724779691,0.39427922752203093
ecologistes,prudent,11,ps,8.1,0.16053935474471012,0.6172523072379682,0.3827476927620318
ecologistes,prudent,11,horizons,11.4,0.1500969921660684,0.4086089642834907,0.5913910357165093
ecologistes,prudent,11,lr,7.8,0.3549291016103894,0.48929497523751386,0.5107050247624861
ecologistes,prudent,11,rn,10.9,0.46,0.5138335119112454,0.4861664880887546
ecologistes,prudent,11,reconquete,5.2,0.46,0.503844031861361,0.49615596813863905
ecologistes,prudent,11,nouvelle_energie,13.1,0.338494532788215,0.4868316840928754,0.5131683159071245
ecologistes,prudent,12,lfi,8.4,0.34641375020051823,0.6452880673277659,0.3547119326722341
ecologistes,prudent,12,ps,12.9,0.25962244654714894,0.6514139707048594,0.3485860292951406
ecologistes,prudent,12,renaissance,11.5,0.43448547055260384,0.583297678937525,0.41670232106247496
ecologistes,prudent,12,horizons,10.3,0.46,0.5509112447806906,0.44908875521930935
ecologistes,prudent,12,lr,7.3,0.37747265660237983,0.4869748781125415,0.5130251218874585
ecologistes,prudent,12,reconquete,4.5,0.29772807153448605,0.4159637967590007,0.5840362032409994
ecologistes,prudent,12,nouvelle_energie,11.2,0.4130697076609171,0.5023207877944802,0.4976792122055198
ecologistes,prudent,13,lfi,10.1,0.3473823937589153,0.6447617391472173,0.35523826085278265
ecologistes,prudent,13,ps,13.6,0.2518084243265139,0.6519600613299543,0.3480399386700457
ecologistes,prudent,13,renaissance,10.1,0.4286770493218305,0.5833623450108218,0.41663765498917815
ecologistes,prudent,13,horizons,13.2,0.46,0.5509674467213636,0.44903255327863645
ecologistes,prudent,13,lr,8.8,0.37937265660237984,0.48688061203380184,0.5131193879661982
ecologistes,prudent,13,reconquete,2.8,0.2996280715344861,0.412370160576868,0.5876298394231321
ecologistes,prudent,13,nouvelle_energie,12.2,0.4149697076609171,0.5021466602820319,0.4978533397179681
ecologistes,prudent,14,lfi,8.3,0.46,0.550968171765977,0.449031828234023
ecologistes,prudent,14,ps,13.7,0.42116251581417574,0.5776544843385333,0.4223455156614667
ecologistes,prudent,14,ecologistes,12.3,0.46,0.6291166169676528,0.37088338303234725
ecologistes,prudent,14,renaissance,12.5,0.17839699216606839,0.6653362864497219,0.33466371355027813
ecologistes,prudent,14,lr,7.4,0.3252697035561982,0.5287039074098377,0.47129609259016225
ecologistes,prudent,14,reconquete,5.9,0.24412807153448607,0.39579651447419434,0.6042034855258056
ecologistes,prudent,14,nouvelle_energie,10.2,0.25908775604841744,0.5977313839422455,0.40226861605775455
ecologistes,prudent,15,lfi,11.3,0.29086907509744114,0.6090213241320208,0.3909786758679792
ecologistes,prudent,15,ps,11.2,0.19401303147969176,0.5936824700187034,0.40631752998129655
ecologistes,prudent,15,renaissance,11.5,0.1743969921660684,0.434684829610438,0.565315170389562
ecologistes,prudent,15,lr,9.2,0.2812697035561982,0.4643297764065595,0.5356702235934405
ecologistes,prudent,15,rn,12.2,0.416066785515875,0.4879803489228204,0.5120196510771796
ecologistes,prudent,15,reconquete,7.9,0.4311005328580141,0.4724261295774533,0.5275738704225468
ecologistes,prudent,15,nouvelle_energie,10,0.26508775604841744,0.4620831340767226,0.5379168659232774
ecologistes,prudent,16,lfi,10,0.33517746790191255,0.6456932273586592,0.3543067726413408
ecologistes,prudent,16,ps,12.5,0.23461071236875744,0.6522440216451739,0.3477559783548261
ecologistes,prudent,16,renaissance,11.3,0.4256646375635629,0.5869320647429728,0.41306793525702723
ecologistes,prudent,16,horizons,11.2,0.456766785515875,0.5565097935296855,0.44349020647031445
ecologistes,prudent,16,lr,10.7,0.3205726566023799,0.4370848946940918,0.5629151053059083
ecologistes,prudent,16,reconquete,4.3,0.2508280715344861,0.39668557022872003,0.60331442977128
ecologistes,prudent,16,nouvelle_energie,11.4,0.40616970766091715,0.511390399180565,0.48860960081943505
ecologistes,prudent,17,lfi,8.2,0.46,0.5137883940264377,0.4862116059735623
ecologistes,prudent,17,ps,11.1,0.36346251581417566,0.5200447322974399,0.47995526770256014
ecologistes,prudent,17,ecologistes,12.9,0.428734516895528,0.5308447762177482,0.46915522378225183
ecologistes,prudent,17,renaissance,11.7,0.12069699216606836,0.5892330005338386,0.41076699946616135
ecologistes,prudent,17,lr,7.6,0.1436826733953962,0.42413405138338806,0.575865948616612
ecologistes,prudent,17,rn,12.5,0.3517697076609171,0.4735292748755196,0.5264707251244805
ecologistes,prudent,17,reconquete,7.2,0.3384198402201497,0.46402911446097095,0.535970885539029
ecologistes,prudent,18,lfi,12.3,0.22890781453617212,0.6561903571245988,0.34380964287540117
ecologistes,prudent,18,ps,11.8,0.14557283400240886,0.6421940990245563,0.35780590097544374
ecologistes,prudent,18,renaissance,11.4,0.307294532788215,0.5034466563744024,0.49655334362559755
ecologistes,prudent,18,horizons,12.3,0.24958775604841743,0.4766059209392218,0.5233940790607782
ecologistes,prudent,18,lr,9.8,0.10188267339539622,0.36384800908147796,0.636151990918522
ecologistes,prudent,18,rn,10,0.3499697076609171,0.4519119220932444,0.5480880779067556
ecologistes,prudent,18,reconquete,4.1,0.2866198402201497,0.3702763660266494,0.6297236339733506
ecologistes,prudent,19,lfi,9.3,0.345415659133582,0.6467051168972219,0.3532948831027781
ecologistes,prudent,19,ps,10.5,0.25023490831297973,0.6510455922484234,0.3489544077515766
ecologistes,prudent,19,renaissance,11.7,0.4041040757297416,0.5933594081781901,0.4066405918218099
ecologistes,prudent,19,horizons,9.4,0.4479112163885498,0.56323723375902,0.43676276624098
ecologistes,prudent,19,lr,9.3,0.3158726566023799,0.4460485004575716,0.5539514995424284
ecologistes,prudent,19,reconquete,6.5,0.23612807153448606,0.3781809864488172,0.6218190135511827
ecologistes,prudent,19,nouvelle_energie,9.1,0.40146970766091716,0.5192241186553292,0.48077588134467075
ecologistes,risque,0,lfi,9.8,0.3102336464869478,0.532799135950514,0.467200864049486
ecologistes,risque,0,renaissance,13.2,0.37599544619197767,0.5262160766373187,0.47378392336268127
ecologistes,risque,0,horizons,9.1,0.40816251581417573,0.5250886430344833,0.4749113569655167
ecologistes,risque,0,lr,7.7,0.46,0.5256300552167887,0.47436994478321126
ecologistes,risque,0,rn,11.2,0.46,0.5220700046867817,0.47792999531321834
ecologistes,risque,0,reconquete,5.2,0.46,0.530648795040288,0.46935120495971205
ecologistes,risque,0,nouvelle_energie,11.7,0.46,0.5283430955669037,0.47165690443309627
ecologistes,risque,1,ps,9,0.2750336464869478,0.6063713568089198,0.39362864319108015
ecologistes,risque,1,ecologistes,11.7,0.33697425924655167,0.5592152838343679,0.4407847161656321
ecologistes,risque,1,renaissance,11.3,0.27859453278821505,0.3929721752791411,0.6070278247208589
ecologistes,risque,1,horizons,12.6,0.22088775604841743,0.3765938837200495,0.6234061162799505
ecologistes,risque,1,lr,9.8,0.2131826733953962,0.38246667552455926,0.6175333244754407
ecologistes,risque,1,rn,10.5,0.37126970766091716,0.4301775388743643,0.5698224611256357
ecologistes,risque,1,reconquete,7.7,0.35791984022014967,0.39655182300117936,0.6034481769988207
ecologistes,risque,2,lfi,9.3,0.3078664473839729,0.4005042989745328,0.5994957010254671
ecologistes,risque,2,ps,11.5,0.1544185196521982,0.37343589197413435,0.6265641080258657
ecologistes,risque,2,renaissance,9.2,0.1884969921660684,0.5689692647582651,0.43103073524173485
ecologistes,risque,2,lr,11,0.2453697035561982,0.6010374449144469,0.3989625550855531
ecologistes,risque,2,rn,11.4,0.430166785515875,0.5288254947770571,0.4711745052229429
ecologistes,risque,2,reconquete,5.4,0.4452005328580141,0.5456572919992796,0.4543427080007204
ecologistes,risque,2,nouvelle_energie,12.6,0.22918775604841746,0.6012451530594628,0.3987548469405372
ecologistes,risque,3,lfi,9.8,0.30402371791273575,0.6903317333045957,0.30966826669540426
ecologistes,risque,3,ps,14.2,0.25205764336303066,0.6536212398377483,0.34637876016225166
ecologistes,risque,3,renaissance,10.3,0.40600907391326246,0.5871884230794726,0.4128115769205274
ecologistes,risque,3,horizons,8.8,0.4474074449600679,0.5550394100214996,0.4449605899785004
ecologistes,risque,3,lr,12.3,0.37637265660237984,0.49073153547737464,0.5092684645226253
ecologistes,risque,3,reconquete,3.7,0.20662807153448606,0.34196371739399434,0.6580362826060057
ecologistes,risque,3,nouvelle_energie,8.4,0.4119697076609171,0.5069735249871227,0.49302647501287733
ecologistes,risque,4,lfi,9.7,0.34421051623313964,0.6353170774680903,0.3646829225319097
ecologistes,risque,4,ps,11.6,0.26771736878011804,0.6437550324235696,0.3562449675764304
ecologistes,risque,4,renaissance,8.4,0.4400486925233721,0.5732539690008062,0.42674603099919384
ecologistes,risque,4,horizons,12.3,0.46,0.5406026043072318,0.45939739569276816
ecologistes,risque,4,lr,9.6,0.39327265660237987,0.47563953073580684,0.5243604692641932
ecologistes,risque,4,reconquete,5.3,0.22352807153448603,0.3235914716875442,0.6764085283124558
ecologistes,risque,4,nouvelle_energie,9.3,0.42886970766091714,0.49113874204155866,0.5088612579584413
ecologistes,risque,4,reconquete_dissidence_18,5.5,0.31352807153448603,0.41404016249944,0.58595983750056
ecologistes,risque,5,lfi,9.4,0.2943328905712969,0.6141667266269014,0.3858332733730986
ecologistes,risque,5,ps,10.3,0.14226068564959696,0.6364644141284843,0.3635355858715157
ecologistes,risque,5,renaissance,10.7,0.1694969921660684,0.44700151361566615,0.5529984863843338
ecologistes,risque,5,lr,13.3,0.22636970355619818,0.429277076935362,0.570722923064638
ecologistes,risque,5,rn,11.7,0.411166785515875,0.5062737243872181,0.49372627561278193
ecologistes,risque,5,reconquete,5.2,0.42620053285801407,0.4937935124867679,0.5062064875132322
ecologistes,risque,5,nouvelle_energie,9.1,0.26018775604841743,0.4788403230408362,0.5211596769591638
ecologistes,risque,6,lfi,9,0.3594142951996497,0.637750415404295,0.362249584595705
ecologistes,risque,6,ps,10.2,0.19904887124228862,0.6871103319766427,0.31288966802335727
ecologistes,risque,6,renaissance,10.6,0.4313254980810304,0.5774509174525126,0.42254908254748735
ecologistes,risque,6,horizons,9.6,0.46,0.5432925614967556,0.45670743850324436
ecologistes,risque,6,lr,8.3,0.3888726566023799,0.4811831424305982,0.5188168575694019
ecologistes,risque,6,reconquete,9.2,0.2691280715344861,0.38316458355292293,0.6168354164470771
ecologistes,risque,6,nouvelle_energie,9,0.4244697076609172,0.49873747188121087,0.5012625281187891
ecologistes,risque,7,lfi,11.9,0.36902744061887954,0.639326522566023,0.36067347743397704
ecologistes,risque,7,ps,12.4,0.26081188379323944,0.6455550179695162,0.3544449820304838
ecologistes,risque,7,renaissance,8,0.4289246270981262,0.5793051611554646,0.4206948388445354
ecologistes,risque,7,horizons,10.1,0.46,0.5467599049183572,0.45324009508164276
ecologistes,risque,7,lr,12,0.34457265660237985,0.42036288341292816,0.5796371165870718
ecologistes,risque,7,reconquete,4.5,0.3148280715344861,0.4032721856542354,0.5967278143457646
ecologistes,risque,7,nouvelle_energie,10.8,0.4301697076609171,0.4976224568691122,0.5023775431308878
ecologistes,risque,8,lfi,10.8,0.3181336464869478,0.6235242113320008,0.37647578866799924
ecologistes,risque,8,ecologistes,11.2,0.2726151825204132,0.5457180392668308,0.4542819607331692
ecologistes,risque,8,horizons,9.4,0.2732969921660684,0.4513435500999065,0.5486564499000934
ecologistes,risque,8,lr,11.4,0.3881291016103894,0.46383760451853856,0.5361623954814614
ecologistes,risque,8,rn,10.2,0.46,0.4874888433647728,0.5125111566352272
ecologistes,risque,8,reconquete,3.5,0.46,0.47076851775932577,0.5292314822406743
ecologistes,risque,8,nouvelle_energie,11.3,0.371694532788215,0.45983497656787486,0.5401650234321251
ecologistes,risque,8,reconquete_dissidence_19,7.3,0.46,0.47460116537207075,0.5253988346279292
ecologistes,risque,9,lfi,14,0.34881863440003524,0.36758331005697753,0.6324166899430225
ecologistes,risque,9,ps,10.7,0.19075962527546583,0.3110194117008307,0.6889805882991693
ecologistes,risque,9,renaissance,11.9,0.43074740287588337,0.4323478009137147,0.5676521990862853
ecologistes,risque,9,horizons,10.3,0.46,0.4622675866204749,0.5377324133795252
ecologistes,risque,9,lr,9,0.38467265660237987,0.5284624172645324,0.47153758273546764
ecologistes,risque,9,reconquete,4.3,0.2549280715344861,0.6619840770391421,0.3380159229608579
ecologistes,risque,9,nouvelle_energie,10.5,0.42026970766091715,0.5132683042584434,0.4867316957415566
ecologistes,risque,10,lfi,8.1,0.3400686185856835,0.6487896803908522,0.35121031960914784
ecologistes,risque,10,ps,9.2,0.23419839573116955,0.6557312120628265,0.3442687879371735
ecologistes,risque,10,renaissance,8.7,0.42131567452583923,0.5903015247961576,0.4096984752038424
ecologistes,risque,10,horizons,10.5,0.46,0.5599018667088734,0.44009813329112657
ecologistes,risque,10,lr,13.4,0.37467265660237986,0.4996994767487862,0.5003005232512139
ecologistes,risque,10,reconquete,3.8,0.2449280715344861,0.37333116342822315,0.6266688365717769
ecologistes,risque,10,nouvelle_energie,13.9,0.41026970766091714,0.5144939332646535,0.48550606673534646
ecologistes,risque,11,ps,10.7,0.3344336464869478,0.5243045109036483,0.47569548909635173
ecologistes,risque,11,ecologistes,12.9,0.30913549415661157,0.5424375121893921,0.45756248781060793
ecologistes,risque,11,renaissance,12.6,0.1895969921660684,0.3708309133192573,0.6291690866807427
ecologistes,risque,11,lr,6.4,0.29646970355619817,0.40706686928962355,0.5929331307103765
ecologistes,risque,11,rn,13.3,0.431266785515875,0.4530700263429193,0.5469299736570807
ecologistes,risque,11,reconquete,7.6,0.4463005328580141,0.4268004766456752,0.5731995233543248
ecologistes,risque,11,nouvelle_energie,8.9,0.28028775604841744,0.40479970552480304,0.595200294475197
ecologistes,risque,12,lfi,13.1,0.3028556768896867,0.5977456444860862,0.40225435551391375
ecologistes,risque,12,ps,9,0.1631315127835062,0.6232584546116378,0.37674154538836224
ecologistes,risque,12,renaissance,10.8,0.13919699216606837,0.4100860682070184,0.5899139317929816
ecologistes,risque,12,lr,12.4,0.23606970355619822,0.3994497875546674,0.6005502124453326
ecologistes,risque,12,rn,11.5,0.420866785515875,0.46930966928275564,0.5306903307172444
ecologistes,risque,12,reconquete,4.6,0.4359005328580141,0.45282866449857584,0.5471713355014242
ecologistes,risque,12,nouvelle_energie,8.1,0.2698877560484174,0.4487943075787757,0.5512056924212243
ecologistes,risque,13,lfi,9.6,0.35600510022437587,0.36200830928967326,0.6379916907103267
ecologistes,risque,13,ps,12.2,0.18977690366640906,0.3110478839983224,0.6889521160016776
ecologistes,risque,13,renaissance,11.5,0.4175111597473067,0.42210948326527753,0.5778905167347225
ecologistes,risque,13,horizons,12.6,0.4540946468191257,0.4537290766184721,0.5462709233815279
ecologistes,risque,13,lr,9.1,0.3320726566023799,0.5774349762280632,0.42256502377193683
ecologistes,risque,13,reconquete,8.7,0.30232807153448604,0.5888489988124207,0.4111510011875793
ecologistes,risque,13,nouvelle_energie,10.2,0.41766970766091716,0.5016334423115407,0.4983665576884593
ecologistes,risque,14,lfi,10.7,0.2735668994159493,0.6036623950895861,0.3963376049104139
ecologistes,risque,14,ps,10.5,0.2226104450191864,0.5792371039796108,0.4207628960203892
ecologistes,risque,14,renaissance,7.8,0.18729699216606838,0.42687268562524566,0.5731273143747544
ecologistes,risque,14,lr,12,0.2941697035561982,0.45105629318845164,0.5489437068115484
ecologistes,risque,14,rn,8.1,0.42896678551587497,0.4724978218240127,0.5275021781759873
ecologistes,risque,14,reconquete,6.7,0.4440005328580141,0.45636677970270473,0.5436332202972953
ecologistes,risque,14,nouvelle_energie,12.6,0.2779877560484174,0.45005768950849556,0.5499423104915044
ecologistes,risque,15,lfi,8.1,0.3038635913446478,0.6051602598023065,0.3948397401976935
ecologistes,risque,15,ps,11.3,0.19479245283398947,0.5880185469947533,0.4119814530052467
ecologistes,risque,15,renaissance,8.1,0.1848969921660684,0.4637279882446485,0.5362720117553514
ecologistes,risque,15,lr,10.9,0.2817697035561982,0.46514830472351587,0.5348516952764841
ecologistes,risque,15,rn,11.8,0.416566785515875,0.4885878413629509,0.511412158637049
ecologistes,risque,15,reconquete,8.9,0.4316005328580141,0.47547154914394424,0.5245284508560557
ecologistes,risque,15,nouvelle_energie,11.8,0.26558775604841744,0.4674456026997807,0.5325543973002194
ecologistes,risque,16,lfi,10.4,0.3116183267538312,0.5880211045930537,0.4119788954069463
ecologistes,risque,16,ps,12,0.15591055948570545,0.6154613206729146,0.3845386793270854
ecologistes,risque,16,renaissance,8.4,0.13979699216606836,0.4030074188995397,0.5969925811004603
ecologistes,risque,16,lr,11.6,0.28666970355619814,0.4427478996626297,0.5572521003373703
ecologistes,risque,16,rn,12.7,0.421466785515875,0.4618870139559379,0.5381129860440621
ecologistes,risque,16,reconquete,8.5,0.43650053285801405,0.4460319908915424,0.5539680091084576
ecologistes,risque,16,nouvelle_energie,10,0.27048775604841746,0.4429703328611915,0.5570296671388085
ecologistes,risque,17,lfi,10.4,0.33187812987568904,0.6454104687335569,0.3545895312664431
ecologistes,risque,17,ps,11.6,0.2628028080747821,0.6463754273308414,0.3536245726691586
ecologistes,risque,17,renaissance,8,0.4347245410264742,0.5775928413063635,0.42240715869363654
ecologistes,risque,17,horizons,11.2,0.46,0.5454443548127457,0.45455564518725433
ecologistes,risque,17,lr,13.1,0.3301726566023799,0.42356220736202305,0.5764377926379769
ecologistes,risque,17,reconquete,6.2,0.30042807153448603,0.4099109946583111,0.590089005341689
ecologistes,risque,17,nouvelle_energie,12.6,0.41576970766091714,0.5000900976014624,0.4999099023985376
ecologistes,risque,18,lfi,12.7,0.46,0.5136460641342527,0.48635393586574727
ecologistes,risque,18,ps,10.9,0.3616625158141757,0.5199924244143096,0.4800075755856904
ecologistes,risque,18,ecologistes,12.3,0.41193650224509576,0.5288427209420145,0.47115727905798555
ecologistes,risque,18,renaissance,10.3,0.20889699216606838,0.5259532206896889,0.47404677931031114
ecologistes,risque,18,lr,7.8,0.1518826733953962,0.4431558385630963,0.5568441614369037
ecologistes,risque,18,rn,10.2,0.3499697076609171,0.47305542595411865,0.5269445740458814
ecologistes,risque,18,reconquete,8,0.3366198402201497,0.4634674734880672,0.5365325265119327
ecologistes,risque,19,lfi,10.5,0.39283364648694774,0.38328708410765305,0.616712915892347
ecologistes,risque,19,ecologistes,11.5,0.31351130327767407,0.324982967743791,0.675017032256209
ecologistes,risque,19,renaissance,8.2,0.41859544619197764,0.4320446229591357,0.5679553770408643
ecologistes,risque,19,horizons,9.5,0.4507625158141757,0.4637484140793167,0.5362515859206833
ecologistes,risque,19,lr,11.4,0.35347265660237986,0.5904998376624455,0.4095001623375545
ecologistes,risque,19,reconquete,2.6,0.27372807153448603,0.6603612548752218,0.3396387451247782
ecologistes,risque,19,nouvelle_energie,10.6,0.43906970766091713,0.5144347733481882,0.4855652266518118
ecologistes,risque,19,reconquete_dissidence_17,9.4,0.323728071534486,0.5917541044568891,0.40824589554311086
ecologistes,ideologiquement_coherent,0,lfi,9.8,0.33602963791624435,0.34609428225552263,0.6539057177444774
ecologistes,ideologiquement_coherent,0,ps,11.9,0.25916260921606454,0.34126067536675464,0.6587393246332454
ecologistes,ideologiquement_coherent,0,renaissance,10.6,0.44295041820678416,0.40941452538864986,0.5905854746113501
ecologistes,ideologiquement_coherent,0,horizons,12.3,0.455766785515875,0.441563845089721,0.558436154910279
ecologistes,ideologiquement_coherent,0,lr,8.1,0.3195726566023798,0.5665542199177069,0.43344578008229306
ecologistes,ideologiquement_coherent,0,reconquete,8.7,0.2898280715344861,0.5782398228291628,0.42176017717083725
ecologistes,ideologiquement_coherent,0,nouvelle_energie,9.5,0.4051697076609171,0.4894391345877193,0.5105608654122806
ecologistes,ideologiquement_coherent,1,lfi,10.2,0.30652209559251103,0.6005896534362842,0.39941034656371577
ecologistes,ideologiquement_coherent,1,ps,11,0.22012839280440924,0.5747778510379017,0.4252221489620983
ecologistes,ideologiquement_coherent,1,horizons,12,0.23899699216606837,0.4721078013035252,0.5278921986964749
ecologistes,ideologiquement_coherent,1,lr,10.1,0.3538291016103894,0.4798756351257563,0.5201243648742437
ecologistes,ideologiquement_coherent,1,rn,10.2,0.46,0.5032450161849746,0.49675498381502536
ecologistes,ideologiquement_coherent,1,reconquete,5.4,0.46,0.49143935472890027,0.5085606452710998
ecologistes,ideologiquement_coherent,1,nouvelle_energie,12.1,0.33739453278821496,0.47758765739962267,0.5224123426003773
ecologistes,ideologiquement_coherent,2,lfi,12.3,0.2848181082104786,0.6879336408539233,0.3120663591460767
ecologistes,ideologiquement_coherent,2,ps,8.9,0.2436499480590578,0.6495928266465488,0.3504071733534512
ecologistes,ideologiquement_coherent,2,renaissance,12.2,0.4246852671137724,0.5818575445764529,0.4181424554235471
ecologistes,ideologiquement_coherent,2,horizons,10.2,0.457466785515875,0.5512450244725567,0.44875497552744326
ecologistes,ideologiquement_coherent,2,lr,8.3,0.37127265660237985,0.4870264776213366,0.5129735223786633
ecologistes,ideologiquement_coherent,2,reconquete,3.7,0.20152807153448607,0.3408557563195575,0.6591442436804424
ecologistes,ideologiquement_coherent,2,nouvelle_energie,11.2,0.4068697076609171,0.5019979028736411,0.4980020971263589
ecologistes,ideologiquement_coherent,3,lfi,12,0.2660183560960331,0.6475821752807336,0.3524178247192664
ecologistes,ideologiquement_coherent,3,ps,12.5,0.23295730563143527,0.5816045530055303,0.41839544699446973
ecologistes,ideologiquement_coherent,3,horizons,11.1,0.15079699216606837,0.40608852077646657,0.5939114792235334
ecologistes,ideologiquement_coherent,3,lr,9.3,0.3556291016103894,0.483332762536853,0.516667237463147
ecologistes,ideologiquement_coherent,3,rn,12,0.46,0.5054887047412043,0.49451129525879567
ecologistes,ideologiquement_coherent,3,reconquete,6.5,0.46,0.49589422592639687,0.5041057740736031
ecologistes,ideologiquement_coherent,3,nouvelle_energie,8.1,0.289194532788215,0.4247898894037853,0.5752101105962146
ecologistes,ideologiquement_coherent,4,lfi,11.4,0.2979336464869478,0.5454175815168815,0.45458241848311853
ecologistes,ideologiquement_coherent,4,renaissance,13,0.3636954461919777,0.5245203416480453,0.4754796583519547
ecologistes,ideologiquement_coherent,4,horizons,10.1,0.3958625158141757,0.5232950729456566,0.4767049270543434
ecologistes,ideologiquement_coherent,4,lr,9.3,0.46,0.5248775053305827,0.47512249466941725
ecologistes,ideologiquement_coherent,4,rn,12.4,0.46,0.5272912441374915,0.4727087558625085
ecologistes,ideologiquement_coherent,4,reconquete,4.2,0.46,0.5330779047105757,0.4669220952894243
ecologistes,ideologiquement_coherent,4,nouvelle_energie,8.5,0.46,0.5259914923650054,0.4740085076349946
ecologistes,ideologiquement_coherent,5,lfi,9.8,0.3382078727613645,0.6503773626262032,0.34962263737379684
ecologistes,ideologiquement_coherent,5,ps,10.4,0.255033541611382,0.6548568363666439,0.34514316363335606
ecologistes,ideologiquement_coherent,5,renaissance,9.7,0.4394901587134432,0.5876258452241527,0.41237415477584727
ecologistes,ideologiquement_coherent,5,horizons,14.5,0.45646678551587505,0.5556517439797244,0.4443482560202756
ecologistes,ideologiquement_coherent,5,lr,11.9,0.37027265660237985,0.4926826899045053,0.5073173100954946
ecologistes,ideologiquement_coherent,5,reconquete,3.6,0.2905280715344861,0.41892581806738693,0.5810741819326131
ecologistes,ideologiquement_coherent,5,nouvelle_energie,10.1,0.4058697076609171,0.5079482976203399,0.4920517023796601
ecologistes,ideologiquement_coherent,6,lfi,12,0.33414109737726816,0.6544083149329925,0.34559168506700755
ecologistes,ideologiquement_coherent,6,ps,7.9,0.2409651267265708,0.660770999401045,0.339229000598955
ecologistes,ideologiquement_coherent,6,renaissance,8.3,0.4282663866322641,0.5943474523225415,0.4056525476774585
ecologistes,ideologiquement_coherent,6,horizons,12.4,0.455066785515875,0.5635520563304416,0.4364479436695584
ecologistes,ideologiquement_coherent,6,lr,12.1,0.36887265660237983,0.5028042707241346,0.4971957292758654
ecologistes,ideologiquement_coherent,6,reconquete,4.1,0.28912807153448605,0.431454788798697,0.568545211201303
ecologistes,ideologiquement_coherent,6,nouvelle_energie,12.1,0.4044697076609171,0.5177693592608432,0.4822306407391568
ecologistes,ideologiquement_coherent,7,lfi,9.2,0.2961336464869478,0.6211546331675114,0.3788453668324886
ecologistes,ideologiquement_coherent,7,ecologistes,12.5,0.2788966543485878,0.5718934979664942,0.42810650203350575
ecologistes,ideologiquement_coherent,7,renaissance,10,0.21129699216606837,0.43592599145846356,0.5640740085415364
ecologistes,ideologiquement_coherent,7,lr,12,0.25816970355619817,0.38874416140897655,0.6112558385910234
ecologistes,ideologiquement_coherent,7,rn,10.1,0.442966785515875,0.46231394018999306,0.5376860598100069
ecologistes,ideologiquement_coherent,7,reconquete,6.5,0.45800053285801406,0.44144787195825447,0.5585521280417456
ecologistes,ideologiquement_coherent,7,nouvelle_energie,11.7,0.2919877560484174,0.4392287704711037,0.5607712295288962
ecologistes,ideologiquement_coherent,8,lfi,12.3,0.2965336464869478,0.5047722785596547,0.4952277214403453
ecologistes,ideologiquement_coherent,8,renaissance,9.2,0.3622954461919777,0.5136801854486654,0.48631981455133455
ecologistes,ideologiquement_coherent,8,horizons,11.9,0.3944625158141757,0.5131891006194451,0.4868108993805549
ecologistes,ideologiquement_coherent,8,lr,9.4,0.46,0.5120297579999098,0.4879702420000902
ecologistes,ideologiquement_coherent,8,rn,12.9,0.46,0.5098644376367538,0.4901355623632462
ecologistes,ideologiquement_coherent,8,reconquete,6.4,0.46,0.5155539379707671,0.4844460620292329
ecologistes,ideologiquement_coherent,8,nouvelle_energie,10.5,0.46,0.5137186635351412,0.4862813364648588
ecologistes,ideologiquement_coherent,9,lfi,8.1,0.23877474591172707,0.6523670870514219,0.3476329129485781
ecologistes,ideologiquement_coherent,9,ps,13.6,0.20687566312818903,0.5876229528324353,0.41237704716756474
ecologistes,ideologiquement_coherent,9,renaissance,13.6,0.2197969921660684,0.47963295688895274,0.5203670431110472
ecologistes,ideologiquement_coherent,9,lr,8.8,0.2766697035561982,0.4663533148587377,0.5336466851412622
ecologistes,ideologiquement_coherent,9,rn,11.2,0.411466785515875,0.48803198760774646,0.5119680123922535
ecologistes,ideologiquement_coherent,9,reconquete,5.1,0.4265005328580141,0.4730345726210325,0.5269654273789675
ecologistes,ideologiquement_coherent,9,nouvelle_energie,9.3,0.26048775604841745,0.464540685602033,0.535459314397967
ecologistes,ideologiquement_coherent,10,lfi,12.5,0.2822933537804518,0.6925628455292994,0.30743715447070064
ecologistes,ideologiquement_coherent,10,ps,9.1,0.20569935558976113,0.6927037350637767,0.3072962649362233
ecologistes,ideologiquement_coherent,10,renaissance,9.4,0.44255436573794754,0.5873026836894828,0.4126973163105172
ecologistes,ideologiquement_coherent,10,horizons,12.2,0.451366785515875,0.5558348879877284,0.4441651120122716
ecologistes,ideologiquement_coherent,10,lr,9.8,0.31517265660237986,0.4336239757489212,0.5663760242510788
ecologistes,ideologiquement_coherent,10,reconquete,4.6,0.28542807153448607,0.42110051905280654,0.5788994809471935
ecologistes,ideologiquement_coherent,10,nouvelle_energie,12.6,0.40076970766091713,0.50904381332032,0.49095618667968
ecologistes,ideologiquement_coherent,11,lfi,12.5,0.2455068375814826,0.35077319156947073,0.6492268084305293
ecologistes,ideologiquement_coherent,11,ps,10.5,0.21910037870024937,0.413770339353558,0.586229660646442
ecologistes,ideologiquement_coherent,11,renaissance,11.5,0.12799699216606839,0.577936929977868,0.42206307002213195
ecologistes,ideologiquement_coherent,11,lr,11.1,0.27486970355619816,0.5358176667718162,0.4641823332281838
ecologistes,ideologiquement_coherent,11,rn,10.6,0.409666785515875,0.5173052136207063,0.48269478637929375
ecologistes,ideologiquement_coherent,11,reconquete,6,0.42470053285801407,0.5304487300834989,0.4695512699165011
ecologistes,ideologiquement_coherent,11,nouvelle_energie,8.8,0.20868775604841744,0.5885005330321719,0.41149946696782813
ecologistes,ideologiquement_coherent,12,lfi,8.2,0.2711582950376136,0.6512263837178456,0.3487736162821544
ecologistes,ideologiquement_coherent,12,ps,9.4,0.22154298466596248,0.5833607648196286,0.4166392351803714
ecologistes,ideologiquement_coherent,12,horizons,12.1,0.21049699216606835,0.4536779854243933,0.5463220145756067
ecologistes,ideologiquement_coherent,12,lr,11.1,0.36532910161038934,0.4901135910904103,0.5098864089095897
ecologistes,ideologiquement_coherent,12,rn,11.9,0.46,0.5160775232150964,0.48392247678490363
ecologistes,ideologiquement_coherent,12,reconquete,6,0.46,0.5058164641740924,0.49418353582590757
ecologistes,ideologiquement_coherent,12,nouvelle_energie,11.6,0.29889453278821504,0.4297325492539633,0.5702674507460367
ecologistes,ideologiquement_coherent,13,lfi,11.7,0.28985773814207344,0.6152999382663802,0.3847000617336198
ecologistes,ideologiquement_coherent,13,ps,10.5,0.15506096757066298,0.6320345590592753,0.3679654409407247
ecologistes,ideologiquement_coherent,13,renaissance,8.4,0.2162969921660684,0.4947867236843853,0.5052132763156147
ecologistes,ideologiquement_coherent,13,lr,7.4,0.2731697035561982,0.477239147712949,0.522760852287051
ecologistes,ideologiquement_coherent,13,rn,13.7,0.407966785515875,0.5001490027662914,0.4998509972337086
ecologistes,ideologiquement_coherent,13,reconquete,5.5,0.4230005328580141,0.48665582280884184,0.5133441771911582
ecologistes,ideologiquement_coherent,13,nouvelle_energie,11.6,0.25698775604841745,0.4752582897196473,0.5247417102803527
ecologistes,ideologiquement_coherent,14,lfi,10.9,0.46,0.4659756272458183,0.5340243727541817
ecologistes,ideologiquement_coherent,14,ps,12,0.46,0.4442050906408015,0.5557949093591985
ecologistes,ideologiquement_coherent,14,ecologistes,12.2,0.46,0.40228491446934916,0.5977150855306508
ecologistes,ideologiquement_coherent,14,renaissance,11.1,0.35429453278821504,0.4235537744628116,0.5764462255371884
ecologistes,ideologiquement_coherent,14,horizons,8.1,0.2965877560484175,0.42952932055568926,0.5704706794443107
ecologistes,ideologiquement_coherent,14,lr,11.7,0.23888267339539623,0.4406380534296104,0.5593619465703896
ecologistes,ideologiquement_coherent,14,reconquete,6.4,0.2816280715344861,0.5165324336057969,0.4834675663942031
ecologistes,ideologiquement_coherent,15,lfi,8.5,0.32991290043649024,0.6548746239774134,0.34512537602258664
ecologistes,ideologiquement_coherent,15,ps,12.1,0.20283685849038727,0.6979636107086318,0.3020363892913682
ecologistes,ideologiquement_coherent,15,renaissance,12.3,0.43842282272658695,0.5926503109980444,0.40734968900195556
ecologistes,ideologiquement_coherent,15,horizons,10.3,0.449766785515875,0.5609816885745939,0.43901831142540615
ecologistes,ideologiquement_coherent,15,lr,7.9,0.36357265660237986,0.49917601528198574,0.5008239847180143
ecologistes,ideologiquement_coherent,15,reconquete,8.5,0.2338280715344861,0.3745104072829431,0.625489592717057
ecologistes,ideologiquement_coherent,15,nouvelle_energie,11,0.39916970766091714,0.5142079245534437,0.48579207544655634
ecologistes,ideologiquement_coherent,16,lfi,10.5,0.2792223302155837,0.618578114214076,0.38142188578592395
ecologistes,ideologiquement_coherent,16,ps,9,0.15198989732874088,0.6432380055912712,0.3567619944087288
ecologistes,ideologiquement_coherent,16,renaissance,10.5,0.309894532788215,0.5066062337626616,0.49339376623733844
ecologistes,ideologiquement_coherent,16,horizons,10.1,0.2521877560484174,0.4771270552191458,0.5228729447808542
ecologistes,ideologiquement_coherent,16,lr,11.1,0.10448267339539621,0.36650676845234653,0.6334932315476535
ecologistes,ideologiquement_coherent,16,rn,11.8,0.3525697076609171,0.4553615853717718,0.5446384146282282
ecologistes,ideologiquement_coherent,16,reconquete,8.2,0.33921984022014967,0.4328265308608858,0.5671734691391142
ecologistes,ideologiquement_coherent,17,lfi,10.4,0.29325886973142606,0.6114208574973832,0.3885791425026168
ecologistes,ideologiquement_coherent,17,ps,13.1,0.21823244634336006,0.5873015331747008,0.4126984668252992
ecologistes,ideologiquement_coherent,17,renaissance,8.9,0.1729969921660684,0.4331088502152645,0.5668911497847355
ecologistes,ideologiquement_coherent,17,lr,9.2,0.22986970355619818,0.40601542381152644,0.5939845761884736
ecologistes,ideologiquement_coherent,17,rn,12.3,0.414666785515875,0.48288120275371255,0.5171187972462874
ecologistes,ideologiquement_coherent,17,reconquete,3.9,0.4297005328580141,0.4658334295516687,0.5341665704483314
ecologistes,ideologiquement_coherent,17,nouvelle_energie,11.7,0.21368775604841744,0.4053141833688832,0.5946858166311169
ecologistes,ideologiquement_coherent,18,lfi,12.3,0.2886426413033351,0.30729792053533767,0.6927020794646623
ecologistes,ideologiquement_coherent,18,ps,9.1,0.2663682656104854,0.35006114690094486,0.6499388530990551
ecologistes,ideologiquement_coherent,18,renaissance,10,0.45422749949887636,0.4193578158300917,0.5806421841699083
ecologistes,ideologiquement_coherent,18,horizons,10.9,0.459266785515875,0.45240226733980865,0.5475977326601913
ecologistes,ideologiquement_coherent,18,lr,9.7,0.3230726566023799,0.5791499755388873,0.42085002446111275
ecologistes,ideologiquement_coherent,18,reconquete,9.3,0.2433280715344861,0.6470482293186791,0.3529517706813209
ecologistes,ideologiquement_coherent,18,nouvelle_energie,9.2,0.40866970766091715,0.5024619215253966,0.4975380784746034
ecologistes,ideologiquement_coherent,19,lfi,7.7,0.28961194711538224,0.6102072709996338,0.3897927290003662
ecologistes,ideologiquement_coherent,19,ps,13.3,0.20536862822542454,0.5891864473070004,0.4108135526929996
ecologistes,ideologiquement_coherent,19,renaissance,11.6,0.16829699216606842,0.4405811997268506,0.5594188002731494
ecologistes,ideologiquement_coherent,19,lr,10.8,0.2751697035561982,0.467396675197685,0.532603324802315
ecologistes,ideologiquement_coherent,19,rn,11.6,0.409966785515875,0.4912678859914982,0.5087321140085018
ecologistes,ideologiquement_coherent,19,reconquete,5.9,0.4250005328580141,0.4769030163446275,0.5230969836553725
ecologistes,ideologiquement_coherent,19,nouvelle_energie,9.7,0.25898775604841745,0.465721496389552,0.534278503610448
ecologistes,opportuniste_electoral,0,lfi,10.4,0.46,0.46398466376162645,0.5360153362383735
ecologistes,opportuniste_electoral,0,ps,11.6,0.3948625158141757,0.4607012864090621,0.539298713590938
ecologistes,opportuniste_electoral,0,ecologistes,11.9,0.44465802971665025,0.4391425657993673,0.5608574342006327
ecologistes,opportuniste_electoral,0,renaissance,9.9,0.1520969921660684,0.38865200161284447,0.6113479983871555
ecologistes,opportuniste_electoral,0,rn,12,0.34757265660237985,0.5238584968302493,0.4761415031697507
ecologistes,opportuniste_electoral,0,reconquete,8.1,0.34104454299903597,0.5314538190647038,0.4685461809352962
ecologistes,opportuniste_electoral,0,nouvelle_energie,10.5,0.13508267339539623,0.5825812706624989,0.4174187293375011
ecologistes,opportuniste_electoral,1,lfi,8.8,0.3392949859544595,0.6479344680708341,0.3520655319291659
ecologistes,opportuniste_electoral,1,ps,10.5,0.2328854565332998,0.6578055354540939,0.3421944645459061
ecologistes,opportuniste_electoral,1,renaissance,8.5,0.4249257102126567,0.5918944647323447,0.40810553526765525
ecologistes,opportuniste_electoral,1,horizons,10.9,0.46,0.560904426542968,0.439095573457032
ecologistes,opportuniste_electoral,1,lr,9.2,0.32467265660237987,0.440786744469219,0.5592132555307809
ecologistes,opportuniste_electoral,1,reconquete,4.9,0.2949280715344861,0.4287234235950957,0.5712765764049044
ecologistes,opportuniste_electoral,1,nouvelle_energie,13.9,0.41026970766091714,0.5151630591982497,0.4848369408017503
ecologistes,opportuniste_electoral,2,lfi,12.2,0.46,0.5482133641010013,0.4517866358989987
ecologistes,opportuniste_electoral,2,ps,11.9,0.4193625158141757,0.576181589912559,0.42381841008744103
ecologistes,opportuniste_electoral,2,ecologistes,13.1,0.46,0.6275606418070236,0.37243935819297636
ecologistes,opportuniste_electoral,2,renaissance,7.8,0.21659699216606842,0.6487629070247081,0.35123709297529193
ecologistes,opportuniste_electoral,2,lr,10.5,0.2734697035561982,0.579883653997397,0.42011634600260295
ecologistes,opportuniste_electoral,2,reconquete,6.3,0.2923280715344861,0.4468823086716295,0.5531176913283705
ecologistes,opportuniste_electoral,2,nouvelle_energie,11.2,0.25728775604841747,0.59628731632386,0.40371268367614
ecologistes,opportuniste_electoral,3,ps,11.6,0.3313336464869478,0.33521970461515466,0.6647802953848454
ecologistes,opportuniste_electoral,3,ecologistes,11.9,0.40159411228004604,0.3259852471178412,0.6740147528821587
ecologistes,opportuniste_electoral,3,renaissance,9.9,0.46,0.4700466667510229,0.5299533332489771
ecologistes,opportuniste_electoral,3,horizons,11.5,0.46,0.4976464906860728,0.5023535093139272
ecologistes,opportuniste_electoral,3,lr,10.4,0.3419726566023799,0.6191388857889758,0.3808611142110242
ecologistes,opportuniste_electoral,3,reconquete,7.1,0.31222807153448606,0.6141181780630094,0.3858818219369906
ecologistes,opportuniste_electoral,3,nouvelle_energie,9.5,0.4275697076609172,0.5435001270179821,0.4564998729820179
ecologistes,opportuniste_electoral,4,lfi,8.5,0.3912336464869478,0.3830599355522838,0.6169400644477162
ecologistes,opportuniste_electoral,4,ecologistes,11.3,0.3122025377615487,0.3244691754070572,0.6755308245929428
ecologistes,opportuniste_electoral,4,renaissance,11.9,0.4169954461919777,0.4338337854912716,0.5661662145087284
ecologistes,opportuniste_electoral,4,horizons,10.6,0.4491625158141757,0.46526604570082525,0.5347339542991747
ecologistes,opportuniste_electoral,4,lr,12.9,0.40187265660237986,0.5289546078419506,0.4710453921580494
ecologistes,opportuniste_electoral,4,reconquete,5.2,0.2721280715344861,0.6597803164618284,0.34021968353817156
ecologistes,opportuniste_electoral,4,nouvelle_energie,11.5,0.43746970766091714,0.5156278111892469,0.48437218881075306
ecologistes,opportuniste_electoral,5,lfi,9.9,0.3525189640165826,0.6440908289203673,0.3559091710796327
ecologistes,opportuniste_electoral,5,ps,11.7,0.2511205245305483,0.6514959045219479,0.34850409547805206
ecologistes,opportuniste_electoral,5,renaissance,8.1,0.4310879909760639,0.5810620939146608,0.4189379060853392
ecologistes,opportuniste_electoral,5,horizons,12,0.46,0.5475773525260021,0.45242264747399785
ecologistes,opportuniste_electoral,5,lr,12.6,0.32747265660237984,0.4194302065563966,0.5805697934436034
ecologistes,opportuniste_electoral,5,reconquete,8.3,0.29772807153448605,0.40643433691858427,0.5935656630814157
ecologistes,opportuniste_electoral,5,nouvelle_energie,10.1,0.4130697076609171,0.49668047346857835,0.5033195265314216
ecologistes,opportuniste_electoral,6,lfi,9.4,0.2754336464869478,0.4828335163859685,0.5171664836140315
ecologistes,opportuniste_electoral,6,renaissance,10.8,0.39119544619197766,0.5192810384491795,0.4807189615508205
ecologistes,opportuniste_electoral,6,horizons,11.3,0.4233625158141757,0.5188983651218928,0.4811016348781072
ecologistes,opportuniste_electoral,6,lr,11.5,0.46,0.5176571944902858,0.4823428055097142
ecologistes,opportuniste_electoral,6,rn,11.8,0.46,0.5166998713566828,0.4833001286433172
ecologistes,opportuniste_electoral,6,reconquete,6.9,0.46,0.5218345820701557,0.47816541792984435
ecologistes,opportuniste_electoral,6,nouvelle_energie,12.3,0.46,0.518928802234307,0.48107119776569296
ecologistes,opportuniste_electoral,7,lfi,10.9,0.32285018272768884,0.6033871477156276,0.3966128522843724
ecologistes,opportuniste_electoral,7,ps,9.3,0.21983408154976983,0.585649770261323,0.41435022973867697
ecologistes,opportuniste_electoral,7,renaissance,11.2,0.1875969921660684,0.4308972372622595,0.5691027627377405
ecologistes,opportuniste_electoral,7,lr,10.4,0.24446970355619818,0.40006672773068247,0.5999332722693176
ecologistes,opportuniste_electoral,7,rn,12.8,0.429266785515875,0.47333461468258703,0.526665385317413
ecologistes,opportuniste_electoral,7,reconquete,8.7,0.4443005328580141,0.45672113127760977,0.5432788687223902
ecologistes,opportuniste_electoral,7,nouvelle_energie,8.4,0.27828775604841743,0.45317543556783757,0.5468245644321624
ecologistes,opportuniste_electoral,8,lfi,11.5,0.46,0.5326978561979143,0.4673021438020857
ecologistes,opportuniste_electoral,8,ps,12.3,0.3893954461919777,0.5427298876027289,0.4572701123972711
ecologistes,opportuniste_electoral,8,ecologistes,8.7,0.4419776366691129,0.572578692175028,0.427421307824972
ecologistes,opportuniste_electoral,8,horizons,11.4,0.2187969921660684,0.5668525312936655,0.43314746870633447
ecologistes,opportuniste_electoral,8,rn,12.8,0.37427265660237985,0.44811079714227187,0.5518892028577281
ecologistes,opportuniste_electoral,8,reconquete,6.7,0.367744542999036,0.43655995634530587,0.5634400436546941
ecologistes,opportuniste_electoral,8,nouvelle_energie,10.6,0.16178267339539623,0.3929035977592469,0.6070964022407531
ecologistes,opportuniste_electoral,9,ps,11.6,0.3811336464869478,0.3934376118899715,0.6065623881100285
ecologistes,opportuniste_electoral,9,ecologistes,11.9,0.40511789300852846,0.34110113159306155,0.6588988684069385
ecologistes,opportuniste_electoral,9,renaissance,7,0.46,0.47435983683092253,0.5256401631690775
ecologistes,opportuniste_electoral,9,horizons,11.7,0.46,0.5021068663621121,0.4978931336378879
ecologistes,opportuniste_electoral,9,lr,9.8,0.39177265660237987,0.5602540234594088,0.4397459765405912
ecologistes,opportuniste_electoral,9,reconquete,2.4,0.2620280715344861,0.6735159699284805,0.3264840300715195
ecologistes,opportuniste_electoral,9,nouvelle_energie,11.9,0.42736970766091714,0.5486176282040638,0.4513823717959362
ecologistes,opportuniste_electoral,9,reconquete_dissidence_22,7.8,0.2620280715344861,0.6631601966630796,0.33683980333692043
ecologistes,opportuniste_electoral,10,lfi,9.6,0.27903364648694784,0.5440819171456508,0.4559180828543492
ecologistes,opportuniste_electoral,10,renaissance,10.9,0.3947954461919777,0.49027475992182534,0.5097252400781747
ecologistes,opportuniste_electoral,10,horizons,10.7,0.4269625158141757,0.4928943115812399,0.5071056884187601
ecologistes,opportuniste_electoral,10,lr,11.6,0.46,0.4963179959564125,0.5036820040435874
ecologistes,opportuniste_electoral,10,rn,11.8,0.46,0.5008947421167307,0.4991052578832693
ecologistes,opportuniste_electoral,10,reconquete,7.9,0.46,0.49716474888823353,0.5028352511117664
ecologistes,opportuniste_electoral,10,nouvelle_energie,10.8,0.46,0.4936581944931333,0.5063418055068667
ecologistes,opportuniste_electoral,11,lfi,10.3,0.28701418316086413,0.6955105681543083,0.30448943184569166
ecologistes,opportuniste_electoral,11,ps,7.6,0.24242834923371917,0.6580928164985853,0.3419071835014147
ecologistes,opportuniste_electoral,11,renaissance,11.8,0.4155100560353389,0.5950896649218194,0.40491033507818064
ecologistes,opportuniste_electoral,11,horizons,9,0.454666785515875,0.5640404566421546,0.43595954335784537
ecologistes,opportuniste_electoral,11,lr,10.1,0.3684726566023799,0.503168032415564,0.49683196758443604
ecologistes,opportuniste_electoral,11,reconquete,8.2,0.2387280715344861,0.3764477943156182,0.6235522056843819
ecologistes,opportuniste_electoral,11,nouvelle_energie,13.3,0.40406970766091715,0.5181435166756816,0.4818564833243184
ecologistes,opportuniste_electoral,12,lfi,12.6,0.30849358426575924,0.6022800348374595,0.3977199651625405
ecologistes,opportuniste_electoral,12,ps,8.4,0.21164004267993577,0.582621682353267,0.41737831764673305
ecologistes,opportuniste_electoral,12,renaissance,9.7,0.1398969921660684,0.4154224361046927,0.5845775638953072
ecologistes,opportuniste_electoral,12,lr,9.6,0.2367697035561982,0.4050759416245689,0.5949240583754312
ecologistes,opportuniste_electoral,12,rn,13.4,0.421566785515875,0.47834105635521995,0.52165894364478
ecologistes,opportuniste_electoral,12,reconquete,8,0.4366005328580141,0.46187544922653645,0.5381245507734636
ecologistes,opportuniste_electoral,12,nouvelle_energie,10.2,0.22058775604841746,0.4043689497768079,0.5956310502231921
ecologistes,opportuniste_electoral,13,lfi,10,0.34653364648694784,0.32529832213983756,0.6747016778601624
ecologistes,opportuniste_electoral,13,ecologistes,10.8,0.27051867544805686,0.30097759527127593,0.6990224047287241
ecologistes,opportuniste_electoral,13,renaissance,11.8,0.42229544619197773,0.4304196915023672,0.5695803084976327
ecologistes,opportuniste_electoral,13,horizons,10.8,0.45446251581417574,0.4625237227416525,0.5374762772583475
ecologistes,opportuniste_electoral,13,lr,7.6,0.4071726566023799,0.5274212153345768,0.47257878466542325
ecologistes,opportuniste_electoral,13,reconquete,7.5,0.2774280715344861,0.6593384329433291,0.34066156705667094
ecologistes,opportuniste_electoral,13,nouvelle_energie,13,0.44276970766091717,0.5137660156724784,0.48623398432752163
ecologistes,opportuniste_electoral,14,lfi,8.9,0.3101336464869478,0.5347285706171184,0.4652714293828816
ecologistes,opportuniste_electoral,14,renaissance,9.8,0.3758954461919777,0.522642207319005,0.477357792680995
ecologistes,opportuniste_electoral,14,horizons,12,0.40806251581417574,0.5216451058313816,0.4783548941686184
ecologistes,opportuniste_electoral,14,lr,10.4,0.46,0.522640345964485,0.47735965403551495
ecologistes,opportuniste_electoral,14,rn,12.8,0.46,0.5232351617343485,0.4767648382656515
ecologistes,opportuniste_electoral,14,reconquete,6.3,0.46,0.5296656242440222,0.4703343757559778
ecologistes,opportuniste_electoral,14,nouvelle_energie,12.6,0.46,0.524285799562479,0.475714200437521
ecologistes,opportuniste_electoral,15,ps,11.3,0.17157261196798354,0.5970785297721626,0.4029214702278374
ecologistes,opportuniste_electoral,15,renaissance,11.8,0.40740151086306786,0.5727231491868903,0.42727685081310973
ecologistes,opportuniste_electoral,15,horizons,9.5,0.44936436646912964,0.5690157411664614,0.43098425883353864
ecologistes,opportuniste_electoral,15,lr,10,0.46,0.5659781117625793,0.4340218882374207
ecologistes,opportuniste_electoral,15,rn,11,0.46,0.5456215660820818,0.4543784339179182
ecologistes,opportuniste_electoral,15,reconquete,7.1,0.46,0.5584719249488285,0.44152807505117153
ecologistes,opportuniste_electoral,15,nouvelle_energie,12.2,0.46,0.5682852090268191,0.4317147909731809
ecologistes,opportuniste_electoral,16,lfi,7.5,0.46,0.46430662707222536,0.5356933729277746
ecologistes,opportuniste_electoral,16,ps,11.5,0.46,0.44312147958478115,0.5568785204152189
ecologistes,opportuniste_electoral,16,ecologistes,10.1,0.46,0.4058956232549017,0.5941043767450983
ecologistes,opportuniste_electoral,16,renaissance,10,0.354494532788215,0.4241403309124477,0.5758596690875524
ecologistes,opportuniste_electoral,16,horizons,9.1,0.24678775604841746,0.37955550309942887,0.6204444969005711
ecologistes,opportuniste_electoral,16,lr,10.6,0.1490826733953962,0.3777742899563902,0.6222257100436098
ecologistes,opportuniste_electoral,16,reconquete,7.1,0.24182807153448607,0.5468435881287679,0.4531564118712321
ecologistes,opportuniste_electoral,16,reconquete_dissidence_18,9.5,0.2318280715344861,0.5635911995862457,0.4364088004137543
ecologistes,opportuniste_electoral,17,lfi,9.4,0.3191336464869478,0.5288506679580223,0.47114933204197773
ecologistes,opportuniste_electoral,17,renaissance,12.8,0.3848954461919777,0.5185819974212073,0.48141800257879275
ecologistes,opportuniste_electoral,17,horizons,12.5,0.4170625158141757,0.5185980612280467,0.48140193877195325
ecologistes,opportuniste_electoral,17,lr,12.9,0.46,0.5168898136364178,0.48311018636358216
ecologistes,opportuniste_electoral,17,rn,12.3,0.46,0.5156055648592768,0.4843944351407232
ecologistes,opportuniste_electoral,17,reconquete,3,0.46,0.5211829242753431,0.4788170757246569
ecologistes,opportuniste_electoral,17,nouvelle_energie,7.8,0.46,0.5186408498086582,0.4813591501913418
ecologistes,opportuniste_electoral,18,lfi,9.2,0.3078267972085538,0.6059101244430211,0.39408987555697894
ecologistes,opportuniste_electoral,18,ps,11.4,0.22782332824833004,0.5834852729207278,0.4165147270792722
ecologistes,opportuniste_electoral,18,renaissance,8.6,0.1888969921660684,0.45883731503287867,0.5411626849671214
ecologistes,opportuniste_electoral,18,lr,12.7,0.2357697035561982,0.40658464499625685,0.5934153550037431
ecologistes,opportuniste_electoral,18,rn,11.4,0.420566785515875,0.48217261138105233,0.5178273886189477
ecologistes,opportuniste_electoral,18,reconquete,4.1,0.4356005328580141,0.4674679386429471,0.5325320613570529
ecologistes,opportuniste_electoral,18,nouvelle_energie,10.9,0.26958775604841745,0.460751860638469,0.5392481393615309
ecologistes,opportuniste_electoral,19,lfi,8.3,0.46,0.4511912967431459,0.548808703256854
ecologistes,opportuniste_electoral,19,ps,9.6,0.40829544619197766,0.41839897669205206,0.5816010233079479
ecologistes,opportuniste_electoral,19,ecologistes,9.9,0.4564869775033098,0.3692303724490883,0.6307696275509117
ecologistes,opportuniste_electoral,19,horizons,13.4,0.23769699216606838,0.3758032181830672,0.6241967818169327
ecologistes,opportuniste_electoral,19,lr,9.3,0.3931726566023799,0.4939779189481061,0.5060220810518938
ecologistes,opportuniste_electoral,19,reconquete,9.8,0.31342807153448604,0.5839611038207634,0.4160388961792366
ecologistes,opportuniste_electoral,19,nouvelle_energie,10,0.33609453278821505,0.41923925355136205,0.580760746448638
ecologistes,parti_dabord,0,lfi,8.8,0.46,0.488367286864805,0.511632713135195
ecologistes,parti_dabord,0,ps,10.1,0.36136251581417567,0.4817596832325825,0.5182403167674174
ecologistes,parti_dabord,0,ecologistes,10.1,0.44111453434578984,0.4719893353715853,0.5280106646284147
ecologistes,parti_dabord,0,renaissance,10.2,0.15859699216606837,0.42634929454106324,0.5736507054589368
ecologistes,parti_dabord,0,lr,10.7,0.1515826733953962,0.5588714699100672,0.4411285300899328
ecologistes,parti_dabord,0,rn,9.4,0.3496697076609171,0.5276147458610322,0.4723852541389678
ecologistes,parti_dabord,0,reconquete,3.7,0.3363198402201497,0.537004660395057,0.462995339604943
ecologistes,parti_dabord,0,reconquete_dissidence_17,9.1,0.3363198402201497,0.5350354794244505,0.4649645205755495
ecologistes,parti_dabord,1,lfi,9.9,0.31156762150554235,0.5999423963931145,0.40005760360688547
ecologistes,parti_dabord,1,ps,11.1,0.2130926520904237,0.5748482833063792,0.42515171669362084
ecologistes,parti_dabord,1,horizons,10.8,0.24479699216606837,0.47050150245739714,0.5294984975426029
ecologistes,parti_dabord,1,lr,6.9,0.35962910161038936,0.4744025254697797,0.5255974745302203
ecologistes,parti_dabord,1,rn,11.6,0.46,0.4978988041495434,0.5021011958504566
ecologistes,parti_dabord,1,reconquete,7.7,0.46,0.48461213778821877,0.5153878622117812
ecologistes,parti_dabord,1,nouvelle_energie,12.6,0.343194532788215,0.47180064097720803,0.528199359022792
ecologistes,parti_dabord,2,lfi,13.1,0.3452336464869478,0.3286639762057415,0.6713360237942585
ecologistes,parti_dabord,2,ecologistes,11.5,0.31636834463890395,0.33004420929046147,0.6699557907095386
ecologistes,parti_dabord,2,renaissance,10.9,0.4209954461919777,0.4320119042620084,0.5679880957379916
ecologistes,parti_dabord,2,horizons,12.8,0.45316251581417566,0.46351880551086,0.53648119448914
ecologistes,parti_dabord,2,lr,10.7,0.4058726566023798,0.5272769200210203,0.47272307997897967
ecologistes,parti_dabord,2,reconquete,4.7,0.2761280715344861,0.657734579867634,0.34226542013236605
ecologistes,parti_dabord,2,nouvelle_energie,7.2,0.4414697076609171,0.5138658235168752,0.48613417648312485
ecologistes,parti_dabord,3,lfi,11.9,0.24594015869179517,0.6443592993897245,0.35564070061027553
ecologistes,parti_dabord,3,ps,9.8,0.20222028646884263,0.57902294737145,0.42097705262855
ecologistes,parti_dabord,3,renaissance,8.5,0.1339969921660684,0.40802414421333544,0.5919758557866646
ecologistes,parti_dabord,3,lr,12.4,0.28086970355619817,0.45463265047903473,0.5453673495209652
ecologistes,parti_dabord,3,rn,10.8,0.415666785515875,0.4747631176812166,0.5252368823187834
ecologistes,parti_dabord,3,reconquete,3.2,0.4307005328580141,0.4575371040089491,0.5424628959910509
ecologistes,parti_dabord,3,nouvelle_energie,9.4,0.26468775604841743,0.45121053852516385,0.5487894614748361
ecologistes,parti_dabord,4,lfi,8.6,0.2956553411056401,0.39965039917163414,0.6003496008283659
ecologistes,parti_dabord,4,ps,9.7,0.19944796589058386,0.41566853279070637,0.5843314672092936
ecologistes,parti_dabord,4,renaissance,10.2,0.2283969921660684,0.5192496256379118,0.48075037436208823
ecologistes,parti_dabord,4,lr,9.9,0.2352697035561982,0.5899828738774685,0.4100171261225315
ecologistes,parti_dabord,4,rn,12.8,0.420066785515875,0.5137266204247248,0.48627337957527517
ecologistes,parti_dabord,4,reconquete,7.3,0.4351005328580141,0.5291348105705947,0.47086518942940525
ecologistes,parti_dabord,4,nouvelle_energie,12.9,0.26908775604841745,0.5388209491176543,0.4611790508823457
ecologistes,parti_dabord,5,ps,9.7,0.22601402374830268,0.5488218203581577,0.45117817964184226
ecologistes,parti_dabord,5,renaissance,12,0.4168066420810155,0.5502587524362889,0.44974124756371114
ecologistes,parti_dabord,5,horizons,10.6,0.4539134976589996,0.5444565463440653,0.45554345365593474
ecologistes,parti_dabord,5,lr,9.6,0.46,0.5383622589192546,0.4616377410807454
ecologistes,parti_dabord,5,rn,10.3,0.46,0.5152024291030776,0.48479757089692244
ecologistes,parti_dabord,5,reconquete,8,0.46,0.5240532056707907,0.4759467943292093
ecologistes,parti_dabord,5,nouvelle_energie,12.2,0.46,0.5410640007089198,0.4589359992910802
ecologistes,parti_dabord,6,lfi,9.1,0.23941565920365612,0.6479185832255312,0.3520814167744688
ecologistes,parti_dabord,6,ps,10.6,0.1553544846646576,0.6215208654614189,0.37847913453858106
ecologistes,parti_dabord,6,renaissance,10.6,0.21999699216606838,0.48074080136784436,0.5192591986321556
ecologistes,parti_dabord,6,lr,9.5,0.27686970355619817,0.4598770813240092,0.5401229186759908
ecologistes,parti_dabord,6,rn,13,0.411666785515875,0.4807448783161896,0.5192551216838104
ecologistes,parti_dabord,6,reconquete,4.7,0.42670053285801407,0.46440272902490515,0.5355972709750949
ecologistes,parti_dabord,6,nouvelle_energie,11.6,0.21068775604841744,0.40619396787965967,0.5938060321203403
ecologistes,parti_dabord,7,lfi,12,0.2956093451331042,0.3112451590973958,0.6887548409026042
ecologistes,parti_dabord,7,ps,12.1,0.2575238592966575,0.35343886906245936,0.6465611309375406
ecologistes,parti_dabord,7,renaissance,11.3,0.4389364121625674,0.42128092466739314,0.5787190753326068
ecologistes,parti_dabord,7,horizons,10.9,0.46,0.4543469294962873,0.5456530705037127
ecologistes,parti_dabord,7,lr,11.8,0.37997265660237983,0.519010930753316,0.48098906924668405
ecologistes,parti_dabord,7,reconquete,5.1,0.25022807153448606,0.6515953331453359,0.3484046668546641
ecologistes,parti_dabord,7,nouvelle_energie,9.4,0.4155697076609171,0.5043065713660313,0.4956934286339687
ecologistes,parti_dabord,8,lfi,10.2,0.27955507537970425,0.5942931770117454,0.40570682298825456
ecologistes,parti_dabord,8,ps,10.7,0.17218383467511264,0.6185032687763243,0.38149673122367567
ecologistes,parti_dabord,8,renaissance,8.2,0.322294532788215,0.47292883424363175,0.5270711657563683
ecologistes,parti_dabord,8,horizons,12.7,0.21458775604841746,0.39462659952224255,0.6053734004777575
ecologistes,parti_dabord,8,lr,12.5,0.1668826733953962,0.36977937596105603,0.630220624038944
ecologistes,parti_dabord,8,rn,9.9,0.36496970766091713,0.40873768754094963,0.5912623124590504
ecologistes,parti_dabord,8,reconquete,7.6,0.3516198402201497,0.3791534537206514,0.6208465462793487
ecologistes,parti_dabord,9,lfi,8.9,0.46,0.4514821139413884,0.5485178860586116
ecologistes,parti_dabord,9,ps,8.2,0.4211625158141757,0.42398601297659894,0.5760139870234011
ecologistes,parti_dabord,9,ecologistes,12.7,0.46,0.38461837364756757,0.6153816263524324
ecologistes,parti_dabord,9,renaissance,11,0.2183969921660684,0.35420121097883406,0.6457987890211659
ecologistes,parti_dabord,9,lr,9.1,0.32526970355619816,0.47065709719233445,0.5293429028076655
ecologistes,parti_dabord,9,reconquete,5.8,0.29412807153448606,0.5559674416750608,0.44403255832493915
ecologistes,parti_dabord,9,nouvelle_energie,8.8,0.30908775604841743,0.4528901584392282,0.5471098415607718
ecologistes,parti_dabord,9,reconquete_dissidence_18,5.6,0.24412807153448607,0.6043435326836231,0.39565646731637694
ecologistes,parti_dabord,10,lfi,11.8,0.2812224613157722,0.6063807059969252,0.3936192940030748
ecologistes,parti_dabord,10,ps,9.1,0.19324963191669195,0.5928328150869578,0.40716718491304216
ecologistes,parti_dabord,10,renaissance,7.9,0.309594532788215,0.4894810895685433,0.5105189104314567
ecologistes,parti_dabord,10,horizons,11.2,0.25188775604841745,0.470497691154094,0.529502308845906
ecologistes,parti_dabord,10,lr,9.2,0.1541826733953962,0.39642331674382314,0.6035766832561769
ecologistes,parti_dabord,10,rn,12,0.35226970766091714,0.44226671373579585,0.5577332862642042
ecologistes,parti_dabord,10,reconquete,3.6,0.3389198402201497,0.4165957668158759,0.583404233184124
ecologistes,parti_dabord,10,reconquete_dissidence_22,5.1,0.3389198402201497,0.4260765299243725,0.5739234700756275
ecologistes,parti_dabord,11,lfi,12.3,0.24881028981376094,0.6491390202729467,0.3508609797270533
ecologistes,parti_dabord,11,ps,11.9,0.1655604898329606,0.6227567426403547,0.37724325735964526
ecologistes,parti_dabord,11,renaissance,11.3,0.17929699216606837,0.4313164693474665,0.5686835306525335
ecologistes,parti_dabord,11,lr,12.8,0.2861697035561982,0.45732904409898095,0.542670955901019
ecologistes,parti_dabord,11,rn,9.8,0.42096678551587496,0.477762144657775,0.522237855342225
ecologistes,parti_dabord,11,reconquete,3.2,0.4360005328580141,0.4612543986536867,0.5387456013463132
ecologistes,parti_dabord,11,nouvelle_energie,12.8,0.2699877560484174,0.45557912542276274,0.5444208745772372
ecologistes,parti_dabord,12,lfi,12.1,0.2526276555101007,0.6407623377424952,0.35923766225750475
ecologistes,parti_dabord,12,ps,11.5,0.15453236878423218,0.6166709513021352,0.38332904869786477
ecologistes,parti_dabord,12,renaissance,8.6,0.2344969921660684,0.4712798045448603,0.5287201954551397
ecologistes,parti_dabord,12,lr,8.4,0.2413697035561982,0.39962814714072203,0.600371852859278
ecologistes,parti_dabord,12,rn,10.6,0.426166785515875,0.47080860316346496,0.529191396836535
ecologistes,parti_dabord,12,reconquete,7,0.4412005328580141,0.45392447438134675,0.5460755256186532
ecologistes,parti_dabord,12,nouvelle_energie,11.8,0.27518775604841744,0.45008773402357327,0.5499122659764267
ecologistes,parti_dabord,13,ps,11.1,0.22974705987510977,0.5486353817284876,0.4513646182715124
ecologistes,parti_dabord,13,renaissance,11,0.42377005411111385,0.5530397605928756,0.44696023940712437
ecologistes,parti_dabord,13,horizons,10.4,0.46,0.5466687923638966,0.45333120763610335
ecologistes,parti_dabord,13,lr,9.9,0.46,0.5402826665382366,0.45971733346176336
ecologistes,parti_dabord,13,rn,13.3,0.46,0.5165756610624485,0.48342433893755155
ecologistes,parti_dabord,13,reconquete,7.4,0.46,0.5254213005338619,0.47457869946613807
ecologistes,parti_dabord,13,nouvelle_energie,8.2,0.46,0.5430776531455876,0.45692234685441235
ecologistes,parti_dabord,14,lfi,10.8,0.3391508216066766,0.6484424612731856,0.3515575387268144
ecologistes,parti_dabord,14,ps,12.5,0.2498231104728488,0.653765158832248,0.34623484116775205
ecologistes,parti_dabord,14,renaissance,7.8,0.4330212201930762,0.5839102296582449,0.4160897703417551
ecologistes,parti_dabord,14,horizons,12.8,0.46,0.5550824861518893,0.44491751384811073
ecologistes,parti_dabord,14,lr,12.6,0.3258726566023799,0.43087108140584174,0.5691289185941583
ecologistes,parti_dabord,14,reconquete,5.4,0.29612807153448606,0.4185312450538615,0.5814687549461385
ecologistes,parti_dabord,14,nouvelle_energie,7.9,0.41146970766091717,0.5075144570477654,0.49248554295223457
ecologistes,parti_dabord,15,lfi,10.3,0.33339580386183426,0.6424254193213235,0.35757458067867653
ecologistes,parti_dabord,15,ps,12.9,0.1800855016691312,0.6890244574653253,0.31097554253467474
ecologistes,parti_dabord,15,renaissance,12.4,0.42160319332908147,0.5817551501045118,0.41824484989548816
ecologistes,parti_dabord,15,horizons,9,0.458266785515875,0.5510653563821678,0.4489346436178322
ecologistes,parti_dabord,15,lr,9.7,0.37207265660237987,0.48897156031407785,0.5110284396859222
ecologistes,parti_dabord,15,reconquete,5,0.2023280715344861,0.34698608523939534,0.6530139147606047
ecologistes,parti_dabord,15,nouvelle_energie,8.7,0.40766970766091715,0.5045982387200204,0.4954017612799796
ecologistes,parti_dabord,16,lfi,11,0.33699208364741523,0.6518521298439901,0.3481478701560099
ecologistes,parti_dabord,16,ps,11.6,0.23665933465454117,0.6579448367462067,0.34205516325379326
ecologistes,parti_dabord,16,renaissance,12.3,0.4316924690089671,0.5909180571392918,0.4090819428607082
ecologistes,parti_dabord,16,horizons,11.2,0.46,0.5595445834266985,0.44045541657330145
ecologistes,parti_dabord,16,lr,9.9,0.3739726566023798,0.4987159934563052,0.5012840065436948
ecologistes,parti_dabord,16,reconquete,7.5,0.29422807153448605,0.43020191046649386,0.5697980895335062
ecologistes,parti_dabord,16,nouvelle_energie,8.9,0.4095697076609171,0.5129274055047991,0.4870725944952009
ecologistes,parti_dabord,17,ps,12.4,0.2868336464869478,0.591185594954845,0.408814405045155
ecologistes,parti_dabord,17,ecologistes,12.7,0.35493598297705964,0.540674730165742,0.45932526983425803
ecologistes,parti_dabord,17,renaissance,7.9,0.19199699216606841,0.3792871197738731,0.6207128802261269
ecologistes,parti_dabord,17,lr,7.6,0.2488697035561982,0.361101288892577,0.638898711107423
ecologistes,parti_dabord,17,rn,11.4,0.433666785515875,0.46011750564610693,0.5398824943538931
ecologistes,parti_dabord,17,reconquete,8.9,0.4487005328580141,0.43433859525020335,0.5656614047497966
ecologistes,parti_dabord,17,nouvelle_energie,11.2,0.28268775604841745,0.4112828551729642,0.5887171448270359
ecologistes,parti_dabord,18,lfi,13,0.46,0.4616100530737569,0.5383899469262431
ecologistes,parti_dabord,18,ps,10.9,0.46,0.4399606722901447,0.5600393277098553
ecologistes,parti_dabord,18,ecologistes,12.9,0.46,0.3992822611384771,0.6007177388615229
ecologistes,parti_dabord,18,renaissance,10.5,0.357894532788215,0.42109771009130703,0.578902289908693
ecologistes,parti_dabord,18,horizons,13,0.3001877560484174,0.4263857474367522,0.5736142525632477
ecologistes,parti_dabord,18,lr,7.9,0.1924826733953962,0.3931231037980652,0.6068768962019349
ecologistes,parti_dabord,18,reconquete,3.6,0.23522807153448605,0.5678881070113152,0.4321118929886848
ecologistes,parti_dabord,19,lfi,10.1,0.26568822122054553,0.6798480700566094,0.3201519299433906
ecologistes,parti_dabord,19,ps,12,0.22288618177266115,0.6195966933478296,0.38040330665217037
ecologistes,parti_dabord,19,renaissance,12.8,0.31412910161038937,0.469512904286928,0.5304870957130721
ecologistes,parti_dabord,19,horizons,11.3,0.30616970355619816,0.495881466302285,0.504118533697715
ecologistes,parti_dabord,19,rn,9.8,0.35477265660237983,0.4588573586487951,0.5411426413512048
ecologistes,parti_dabord,19,reconquete,6.5,0.34824454299903596,0.4356368461698625,0.5643631538301375
ecologistes,parti_dabord,19,nouvelle_energie,11.1,0.2322826733953962,0.43932403144126503,0.560675968558735
ecologistes,mediatique,0,lfi,8.7,0.3921336464869478,0.6168773550058327,0.38312264499416726
ecologistes,mediatique,0,ecologistes,11.5,0.3226704886852154,0.6799563665180515,0.32004363348194853
ecologistes,mediatique,0,renaissance,13.3,0.4178954461919777,0.5645320838988384,0.43546791610116165
ecologistes,mediatique,0,horizons,12.9,0.45006251581417567,0.5333011154532771,0.4666988845467229
ecologistes,mediatique,0,lr,9.2,0.4027726566023798,0.46994850531986515,0.5300514946801349
ecologistes,mediatique,0,reconquete,6.4,0.3230280715344861,0.3919296892953987,0.6080703107046013
ecologistes,mediatique,0,nouvelle_energie,10.2,0.4383697076609171,0.48315711420852764,0.5168428857914724
ecologistes,mediatique,1,lfi,9.1,0.3414989496152518,0.6417831734223097,0.3582168265776903
ecologistes,mediatique,1,ps,10,0.19844281522619642,0.6867222361076517,0.3132777638923483
ecologistes,mediatique,1,renaissance,12,0.44245923075742954,0.575433252770147,0.424566747229853
ecologistes,mediatique,1,horizons,10.4,0.46,0.544416596932251,0.455583403067749
ecologistes,mediatique,1,lr,9.6,0.33037265660237985,0.4193816514176151,0.5806183485823849
ecologistes,mediatique,1,reconquete,6,0.26062807153448614,0.38649548703209813,0.6135045129679019
ecologistes,mediatique,1,nouvelle_energie,11,0.4159697076609171,0.4996274125592171,0.500372587440783
ecologistes,mediatique,2,ps,9,0.24863364648694777,0.387789154702296,0.612210845297704
ecologistes,mediatique,2,ecologistes,12.2,0.35414436909587693,0.45815773469303417,0.5418422653069659
ecologistes,mediatique,2,renaissance,10.2,0.24379699216606837,0.5749965841366871,0.4250034158633129
ecologistes,mediatique,2,lr,11.9,0.25066970355619816,0.6387299183295126,0.36127008167048735
ecologistes,mediatique,2,rn,10.8,0.435466785515875,0.5388495601559253,0.46115043984407467
ecologistes,mediatique,2,reconquete,7.7,0.45050053285801406,0.5647456447370729,0.4352543552629271
ecologistes,mediatique,2,nouvelle_energie,12.2,0.2844877560484174,0.5881941271099193,0.41180587289008075
ecologistes,mediatique,3,lfi,12.7,0.34843364648694775,0.5736110141711092,0.42638898582889084
ecologistes,mediatique,3,ecologistes,9.6,0.2595994282148512,0.5605722254559447,0.43942777454405535
ecologistes,mediatique,3,renaissance,9.2,0.21359699216606834,0.4388707545049055,0.5611292454950945
ecologistes,mediatique,3,lr,8.8,0.2604697035561982,0.3913704238474424,0.6086295761525575
ecologistes,mediatique,3,rn,11.3,0.44526678551587495,0.4657636465447357,0.5342363534552643
ecologistes,mediatique,3,reconquete,8.3,0.46,0.4452774260864854,0.5547225739135146
ecologistes,mediatique,3,nouvelle_energie,10.6,0.2942877560484174,0.4396903509663488,0.5603096490336512
ecologistes,mediatique,4,lfi,9.3,0.29170949772727667,0.6046516910964563,0.39534830890354367
ecologistes,mediatique,4,ps,12.9,0.18912658944470653,0.5983844644028384,0.40161553559716157
ecologistes,mediatique,4,renaissance,12.1,0.318194532788215,0.50180835756486,0.49819164243514
ecologistes,mediatique,4,horizons,10.2,0.21048775604841746,0.4211113568346936,0.5788886431653064
ecologistes,mediatique,4,lr,12.7,0.11278267339539619,0.36117421479873757,0.6388257852012624
ecologistes,mediatique,4,rn,11.5,0.36086970766091714,0.4457737422566186,0.5542262577433814
ecologistes,mediatique,4,reconquete,5.2,0.3475198402201497,0.4210157906810876,0.5789842093189124
ecologistes,mediatique,5,lfi,11,0.46,0.45153706923009523,0.5484629307699047
ecologistes,mediatique,5,ps,8.2,0.4209625158141757,0.42403772388675404,0.5759622761132459
ecologistes,mediatique,5,ecologistes,11.7,0.45568733167546205,0.3835066091312623,0.6164933908687378
ecologistes,mediatique,5,renaissance,11.3,0.2681969921660684,0.397987814856317,0.602012185143683
ecologistes,mediatique,5,lr,6.9,0.3250697035561982,0.47305606502774666,0.5269439349722533
ecologistes,mediatique,5,reconquete,5.5,0.2439280715344861,0.6087856548145456,0.3912143451854544
ecologistes,mediatique,5,nouvelle_energie,11.1,0.25888775604841746,0.4040689878609992,0.5959310121390008
ecologistes,mediatique,5,reconquete_dissidence_20,9.7,0.2939280715344861,0.5499530824812117,0.45004691751878834
ecologistes,mediatique,6,lfi,12.1,0.36401637603063425,0.3595626558747171,0.6404373441252829
ecologistes,mediatique,6,ps,10.3,0.2604985977856646,0.3539564147403691,0.6460435852596309
ecologistes,mediatique,6,renaissance,10.3,0.4462554537640281,0.42772824554203576,0.5722717544579643
ecologistes,mediatique,6,horizons,10.1,0.46,0.4587730945766184,0.5412269054233816
ecologistes,mediatique,6,lr,9.7,0.38837265660237985,0.5257182351301505,0.4742817648698495
ecologistes,mediatique,6,reconquete,4.6,0.3086280715344861,0.5999131828637461,0.40008681713625394
ecologistes,mediatique,6,nouvelle_energie,12.9,0.42396970766091713,0.5103593498308368,0.48964065016916325
ecologistes,mediatique,7,lfi,10.9,0.3172169783495317,0.5817206657147296,0.4182793342852704
ecologistes,mediatique,7,ps,11.4,0.22352078764487734,0.569279815484628,0.430720184515372
ecologistes,mediatique,7,renaissance,9.4,0.20929699216606837,0.43038883535922645,0.5696111646407735
ecologistes,mediatique,7,lr,11,0.25616970355619817,0.3739121457108283,0.6260878542891717
ecologistes,mediatique,7,rn,12.3,0.440966785515875,0.4450777715711222,0.5549222284288777
ecologistes,mediatique,7,reconquete,8,0.45600053285801406,0.42298398508891105,0.577016014911089
ecologistes,mediatique,7,nouvelle_energie,10.6,0.2899877560484174,0.42536136866360436,0.5746386313363956
ecologistes,mediatique,8,lfi,12.1,0.46,0.5002512695414866,0.4997487304585134
ecologistes,mediatique,8,ps,8.6,0.3647954461919777,0.4942206726475642,0.5057793273524358
ecologistes,mediatique,8,ecologistes,12.5,0.4170400983560583,0.48911194992811846,0.5108880500718815
ecologistes,mediatique,8,lr,10.6,0.30106970355619816,0.5212794370721567,0.47872056292784326
ecologistes,mediatique,8,rn,12.3,0.435866785515875,0.5252278486693448,0.4747721513306552
ecologistes,mediatique,8,reconquete,4.9,0.45090053285801407,0.5292696218671469,0.4707303781328531
ecologistes,mediatique,8,nouvelle_energie,12.4,0.28488775604841743,0.5190771840417852,0.48092281595821484
ecologistes,mediatique,9,lfi,9.7,0.46,0.46299605643687847,0.5370039435631215
ecologistes,mediatique,9,ps,11,0.46,0.44120967337966116,0.5587903266203389
ecologistes,mediatique,9,ecologistes,10.1,0.46,0.40442415431430856,0.5955758456856914
ecologistes,mediatique,9,renaissance,11.6,0.30239453278821504,0.3653253155972037,0.6346746844027963
ecologistes,mediatique,9,horizons,11,0.29468775604841746,0.4283532117719205,0.5716467882280796
ecologistes,mediatique,9,lr,11.4,0.18698267339539626,0.39318041503023504,0.606819584969765
ecologistes,mediatique,9,reconquete,8.1,0.2297280715344861,0.5650533345346125,0.4349466654653875
ecologistes,mediatique,10,lfi,9.4,0.2982130679033414,0.6901365059195017,0.3098634940804983
ecologistes,mediatique,10,ps,12.7,0.2378823909010899,0.647710262068397,0.352289737931603
ecologistes,mediatique,10,renaissance,9.5,0.42952068227577617,0.5793867618806581,0.4206132381193419
ecologistes,mediatique,10,horizons,11.5,0.46,0.546084667365779,0.453915332634221
ecologistes,mediatique,10,lr,11.7,0.3889726566023799,0.4810057890775043,0.5189942109224956
ecologistes,mediatique,10,reconquete,5.7,0.2592280715344861,0.35129386431452003,0.64870613568548
ecologistes,mediatique,10,nouvelle_energie,12.2,0.4245697076609172,0.495559159463186,0.5044408405368139
ecologistes,mediatique,11,ps,12.4,0.2767336464869478,0.39373592715899197,0.606264072841008
ecologistes,mediatique,11,ecologistes,9.9,0.351336768677301,0.4311230334135543,0.5688769665864457
ecologistes,mediatique,11,renaissance,9.7,0.33029453278821497,0.5538887519479784,0.4461112480520216
ecologistes,mediatique,11,horizons,10.9,0.27258775604841745,0.5761354749919921,0.42386452500800786
ecologistes,mediatique,11,lr,12.4,0.12488267339539619,0.675861955936231,0.324138044063769
ecologistes,mediatique,11,rn,12.2,0.3729697076609171,0.5702665035710616,0.42973349642893843
ecologistes,mediatique,11,reconquete,4.5,0.3596198402201497,0.6039239850940029,0.3960760149059971
ecologistes,mediatique,12,lfi,10.4,0.3654875941817776,0.3604863975463454,0.6395136024536545
ecologistes,mediatique,12,ps,12.8,0.23919466483416987,0.35221269630868185,0.6477873036913182
ecologistes,mediatique,12,renaissance,11.6,0.4286142162846647,0.4206482236330421,0.5793517763669579
ecologistes,mediatique,12,horizons,10.8,0.46,0.4531140122975872,0.5468859877024128
ecologistes,mediatique,12,lr,9.7,0.39327265660237987,0.5160948409912758,0.4839051590087242
ecologistes,mediatique,12,reconquete,6.4,0.31352807153448603,0.5885193349170621,0.4114806650829379
ecologistes,mediatique,12,nouvelle_energie,11,0.42886970766091714,0.5023716975692566,0.4976283024307434
ecologistes,mediatique,13,ps,11.5,0.3821336464869478,0.39064757693023155,0.6093524230697684
ecologistes,mediatique,13,ecologistes,11.8,0.3956257562755725,0.3403772426506641,0.6596227573493358
ecologistes,mediatique,13,renaissance,9.7,0.46,0.4687465436976147,0.5312534563023853
ecologistes,mediatique,13,horizons,11.5,0.46,0.49707232513041644,0.5029276748695836
ecologistes,mediatique,13,lr,10.5,0.3927726566023798,0.5560099038835739,0.44399009611642615
ecologistes,mediatique,13,reconquete,6.9,0.2630280715344861,0.6690664057098408,0.3309335942901592
ecologistes,mediatique,13,nouvelle_energie,12,0.4283697076609171,0.5440329014178242,0.45596709858217577
ecologistes,mediatique,14,lfi,11.3,0.46,0.5530128721983718,0.4469871278016282
ecologistes,mediatique,14,ps,8.7,0.4215625158141757,0.5800245976401655,0.41997540235983455
ecologistes,mediatique,14,ecologistes,12.6,0.46,0.6228435249751418,0.37715647502485816
ecologistes,mediatique,14,renaissance,11.6,0.2187969921660684,0.6511333412126854,0.3488666587873146
ecologistes,mediatique,14,lr,9.4,0.3256697035561982,0.5295389391740408,0.4704610608259592
ecologistes,mediatique,14,reconquete,5,0.24452807153448608,0.3974726343804006,0.6025273656195994
ecologistes,mediatique,14,nouvelle_energie,13.7,0.25948775604841745,0.5987924717113019,0.4012075282886981
ecologistes,mediatique,15,ps,11.3,0.3323336464869478,0.33615120766458734,0.6638487923354126
ecologistes,mediatique,15,ecologistes,10.6,0.3984845891821796,0.3330600739570132,0.6669399260429868
ecologistes,mediatique,15,renaissance,12.5,0.46,0.4728629748910495,0.5271370251089504
ecologistes,mediatique,15,horizons,9.7,0.46,0.5009116176052001,0.4990883823947999
ecologistes,mediatique,15,lr,10.7,0.39297265660237984,0.559562495550973,0.44043750444902696
ecologistes,mediatique,15,reconquete,4.2,0.2632280715344861,0.672480298058352,0.32751970194164803
ecologistes,mediatique,15,nouvelle_energie,10.8,0.4285697076609171,0.5477946813485765,0.45220531865142355
ecologistes,mediatique,16,lfi,11.3,0.2972336464869478,0.37761084338999973,0.6223891566100003
ecologistes,mediatique,16,ecologistes,11.2,0.25365873231993114,0.4341230669730332,0.5658769330269668
ecologistes,mediatique,16,renaissance,13.1,0.25239699216606837,0.5422837356386817,0.4577162643613183
ecologistes,mediatique,16,lr,9.9,0.30926970355619815,0.5585820887513921,0.44141791124860785
ecologistes,mediatique,16,rn,11.3,0.444066785515875,0.5389162290928079,0.4610837709071921
ecologistes,mediatique,16,reconquete,6.2,0.45910053285801405,0.5600747571472612,0.4399252428527388
ecologistes,mediatique,16,nouvelle_energie,8.6,0.2930877560484174,0.5618720098740114,0.4381279901259886
ecologistes,mediatique,17,ps,11.6,0.33423364648694776,0.5315665391348136,0.46843346086518645
ecologistes,mediatique,17,ecologistes,12.8,0.34272395265126276,0.5470150662418929,0.4529849337581071
ecologistes,mediatique,17,renaissance,11.8,0.18939699216606837,0.37307037316703734,0.6269296268329627
ecologistes,mediatique,17,lr,10.4,0.2462697035561982,0.3581644734427959,0.6418355265572041
ecologistes,mediatique,17,rn,11.8,0.43106678551587496,0.45800993269484036,0.5419900673051596
ecologistes,mediatique,17,reconquete,3.8,0.4461005328580141,0.43177765659549394,0.5682223434045061
ecologistes,mediatique,17,nouvelle_energie,11.7,0.2800877560484174,0.4092413615145253,0.5907586384854747
ecologistes,mediatique,18,lfi,10.5,0.348532554514354,0.6439248050722066,0.3560751949277934
ecologistes,mediatique,18,ps,9.4,0.2730917349863657,0.6439696333732658,0.35603036662673415
ecologistes,mediatique,18,renaissance,10.3,0.4487931630973804,0.5774400253921448,0.4225599746078552
ecologistes,mediatique,18,horizons,11.3,0.46,0.5438546180202942,0.4561453819797058
ecologistes,mediatique,18,lr,7.8,0.38137265660237984,0.47762045489343063,0.5223795451065694
ecologistes,mediatique,18,reconquete,8.8,0.25162807153448613,0.3432094564779774,0.6567905435220226
ecologistes,mediatique,18,nouvelle_energie,10,0.4169697076609171,0.4933057049169828,0.5066942950830172
ecologistes,mediatique,19,lfi,10.4,0.28563364648694783,0.35756106376991514,0.6424389362300849
ecologistes,mediatique,19,ecologistes,9.1,0.24990028945026851,0.4016954328917106,0.5983045671082894
ecologistes,mediatique,19,renaissance,11,0.289194532788215,0.5616655355166208,0.4383344644833792
ecologistes,mediatique,19,horizons,12.7,0.28148775604841747,0.5347141227277774,0.4652858772722226
ecologistes,mediatique,19,lr,10.2,0.17378267339539621,0.6280030446170985,0.37199695538290145
ecologistes,mediatique,19,rn,11.7,0.3818697076609171,0.5594570340088441,0.44054296599115594
ecologistes,mediatique,19,reconquete,6,0.31851984022014973,0.6485249781148276,0.35147502188517243
ecologistes,contrarien,0,lfi,9.1,0.46,0.5302076612169672,0.46979233878303284
ecologistes,contrarien,0,ps,12.4,0.46,0.5525091726537844,0.4474908273462156
ecologistes,contrarien,0,ecologistes,11.1,0.46,0.5898052541159715,0.4101947458840285
ecologistes,contrarien,0,renaissance,10.7,0.354494532788215,0.5727033128591431,0.4272966871408569
ecologistes,contrarien,0,horizons,11.8,0.29678775604841745,0.5671111753657003,0.4328888246342997
ecologistes,contrarien,0,lr,11.7,0.18908267339539625,0.5985001785971406,0.40149982140285945
ecologistes,contrarien,0,reconquete,7.1,0.2318280715344861,0.427742501579177,0.5722574984208231
ecologistes,contrarien,1,lfi,12.1,0.46,0.4770520409648875,0.5229479590351125
ecologistes,contrarien,1,ps,11.6,0.46,0.45378589547920456,0.5462141045207954
ecologistes,contrarien,1,ecologistes,7.9,0.46,0.4164585774327296,0.5835414225672704
ecologistes,contrarien,1,renaissance,11.8,0.3541291016103894,0.37465703871515865,0.6253429612848413
ecologistes,contrarien,1,horizons,11.8,0.29616970355619815,0.38561187841648115,0.6143881215835189
ecologistes,contrarien,1,reconquete,5.1,0.3150280715344861,0.5176282010226801,0.48237179897731985
ecologistes,contrarien,1,nouvelle_energie,12.7,0.2222826733953962,0.38299293435394044,0.6170070656460596
ecologistes,contrarien,2,lfi,11.7,0.2765336464869478,0.6804691527136507,0.3195308472863493
ecologistes,contrarien,2,ecologistes,9,0.2892305005131711,0.6204937301529014,0.37950626984709857
ecologistes,contrarien,2,renaissance,11.6,0.38652910161038934,0.5129133080685607,0.4870866919314393
ecologistes,contrarien,2,horizons,12.1,0.3285697035561982,0.48528693598169215,0.5147130640183079
ecologistes,contrarien,2,rn,12,0.3271726566023799,0.3873854445380764,0.6126145554619236
ecologistes,contrarien,2,reconquete,3.8,0.37064454299903593,0.42153648086954537,0.5784635191304546
ecologistes,contrarien,2,nouvelle_energie,12.3,0.2546826733953962,0.4270708553056293,0.5729291446943707
ecologistes,contrarien,3,lfi,10,0.46,0.48859193084251956,0.5114080691574805
ecologistes,contrarien,3,ps,11,0.35289544619197766,0.47575833253820987,0.5242416674617901
ecologistes,contrarien,3,ecologistes,7.9,0.37318683679980336,0.4652016460680953,0.5347983539319048
ecologistes,contrarien,3,horizons,12.3,0.18229699216606837,0.44791587840722774,0.5520841215927723
ecologistes,contrarien,3,lr,12.4,0.1652826733953962,0.6009341694492131,0.3990658305507869
ecologistes,contrarien,3,rn,12,0.37336970766091715,0.553631762502704,0.44636823749729604
ecologistes,contrarien,3,reconquete,6.7,0.31001984022014967,0.6250626244467878,0.37493737555321216
ecologistes,contrarien,4,lfi,13.4,0.3946336464869478,0.3864990224926187,0.6135009775073813
ecologistes,contrarien,4,ecologistes,12.3,0.3112686805831133,0.32975561601208636,0.6702443839879136
ecologistes,contrarien,4,renaissance,9.5,0.4203954461919777,0.4348639843863289,0.5651360156136711
ecologistes,contrarien,4,horizons,10.3,0.4525625158141757,0.46611731611931584,0.5338826838806842
ecologistes,contrarien,4,lr,9.5,0.4052726566023799,0.5294883344549873,0.47051166554501267
ecologistes,contrarien,4,reconquete,5.3,0.3255280715344861,0.6084739921155318,0.39152600788446823
ecologistes,contrarien,4,nouvelle_energie,9.8,0.44086970766091715,0.5162526712457203,0.4837473287542797
ecologistes,contrarien,5,lfi,9.3,0.3458336464869478,0.432154344840468,0.567845655159532
ecologistes,contrarien,5,ecologistes,11.5,0.2718657191775117,0.43891916241811624,0.5610808375818838
ecologistes,contrarien,5,renaissance,8.4,0.16099699216606841,0.6051762340064802,0.39482376599351976
ecologistes,contrarien,5,lr,12.5,0.2578697035561982,0.6114456612633152,0.38855433873668477
ecologistes,contrarien,5,rn,11.1,0.442666785515875,0.5361882476630835,0.4638117523369165
ecologistes,contrarien,5,reconquete,6.1,0.4577005328580141,0.5574515466964477,0.4425484533035523
ecologistes,contrarien,5,nouvelle_energie,13.1,0.29168775604841746,0.5600304421379972,0.43996955786200276
ecologistes,contrarien,6,ps,12.1,0.2844336464869478,0.5932160966733864,0.4067839033266136
ecologistes,contrarien,6,ecologistes,11.8,0.348726973767299,0.5445785613584974,0.45542143864150264
ecologistes,contrarien,6,renaissance,11.1,0.2395969921660684,0.42656408888872355,0.5734359111112765
ecologistes,contrarien,6,lr,11.4,0.29646970355619817,0.4146775306043462,0.5853224693956538
ecologistes,contrarien,6,rn,11.5,0.431266785515875,0.4605168734094005,0.5394831265905995
ecologistes,contrarien,6,reconquete,8.9,0.4463005328580141,0.4345173025997577,0.5654826974002423
ecologistes,contrarien,6,nouvelle_energie,8.1,0.28028775604841744,0.41013360156063344,0.5898663984393666
ecologistes,contrarien,7,ps,11.8,0.3794336464869478,0.6044487380517928,0.3955512619482072
ecologistes,contrarien,7,ecologistes,12.9,0.3973572578306025,0.6446190954343141,0.35538090456568594
ecologistes,contrarien,7,renaissance,10.3,0.46,0.5227576715824684,0.47724232841753156
ecologistes,contrarien,7,horizons,11.7,0.46,0.4958546080032351,0.5041453919967649
ecologistes,contrarien,7,lr,10.7,0.3900726566023799,0.43920926820215533,0.5607907317978447
ecologistes,contrarien,7,reconquete,4.5,0.22032807153448605,0.3116990045650684,0.6883009954349316
ecologistes,contrarien,7,nouvelle_energie,9.3,0.42566970766091716,0.4505193866155625,0.5494806133844374
ecologistes,contrarien,8,lfi,9.7,0.3686336464869478,0.5641900045380018,0.43580999546199817
ecologistes,contrarien,8,ecologistes,8.9,0.26413509809728597,0.5529332645095673,0.44706673549043274
ecologistes,contrarien,8,horizons,12.5,0.2237969921660684,0.40759915667074154,0.5924008433292585
ecologistes,contrarien,8,lr,11.5,0.3886291016103894,0.4626309513438296,0.5373690486561704
ecologistes,contrarien,8,rn,11.8,0.46,0.4867208843483942,0.5132791156516058
ecologistes,contrarien,8,reconquete,6.5,0.46,0.46931063221956,0.5306893677804401
ecologistes,contrarien,8,nouvelle_energie,10.6,0.322194532788215,0.4001603991801424,0.5998396008198577
ecologistes,contrarien,9,lfi,11.6,0.39073364648694775,0.37902002010695024,0.6209799798930498
ecologistes,contrarien,9,ecologistes,10.5,0.3094018570503081,0.317848890028798,0.682151109971202
ecologistes,contrarien,9,renaissance,9.3,0.41649544619197765,0.42886959403152025,0.5711304059684797
ecologistes,contrarien,9,horizons,12,0.4486625158141757,0.46023610139181176,0.5397638986081883
ecologistes,contrarien,9,lr,10.9,0.3513726566023799,0.5858429601480996,0.41415703985190044
ecologistes,contrarien,9,reconquete,3.8,0.321628071534486,0.5966659816642109,0.4033340183357891
ecologistes,contrarien,9,nouvelle_energie,9.3,0.43696970766091714,0.5100990596130063,0.4899009403869937
ecologistes,contrarien,10,lfi,12.2,0.3454336464869478,0.42886471515583996,0.57113528484416
ecologistes,contrarien,10,ecologistes,12.5,0.2492075979100532,0.42987079880154744,0.5701292011984526
ecologistes,contrarien,10,renaissance,11,0.2505969921660684,0.5387399832503793,0.4612600167496207
ecologistes,contrarien,10,lr,10.7,0.3074697035561982,0.5565921693882696,0.4434078306117304
ecologistes,contrarien,10,rn,12.8,0.442266785515875,0.533423781294246,0.46657621870575405
ecologistes,contrarien,10,reconquete,4.7,0.4573005328580141,0.5541556098525054,0.44584439014749455
ecologistes,contrarien,10,nouvelle_energie,8.7,0.29128775604841745,0.5622444010876482,0.43775559891235183
ecologistes,contrarien,11,lfi,12.4,0.46,0.5101331127731313,0.48986688722686866
ecologistes,contrarien,11,ps,9.9,0.46,0.5360081212972568,0.46399187870274317
ecologistes,contrarien,11,ecologistes,8.5,0.46,0.55730637375852,0.44269362624148
ecologistes,contrarien,11,renaissance,10,0.4002291016103894,0.5572338981188812,0.44276610188111876
ecologistes,contrarien,11,horizons,11,0.34226970355619823,0.5530983971210041,0.44690160287899594
ecologistes,contrarien,11,reconquete,6.5,0.2611280715344861,0.42600256328709885,0.5739974367129012
ecologistes,contrarien,11,nouvelle_energie,12.3,0.21838267339539624,0.6076215635158988,0.3923784364841012
ecologistes,contrarien,12,lfi,10.8,0.46,0.5510304847000497,0.44896951529995033
ecologistes,contrarien,12,ps,11.4,0.4183625158141757,0.5780839740195445,0.4219160259804555
ecologistes,contrarien,12,ecologistes,9.9,0.4434303323377721,0.621223553714522,0.378776446285478
ecologistes,contrarien,12,renaissance,10,0.17559699216606842,0.6690354968552307,0.33096450314476933
ecologistes,contrarien,12,lr,10.6,0.2724697035561982,0.5846047071440063,0.41539529285599375
ecologistes,contrarien,12,reconquete,7.2,0.2413280715344861,0.3950922516232117,0.6049077483767883
ecologistes,contrarien,12,nouvelle_energie,11.6,0.30628775604841746,0.5474933424934952,0.45250665750650476
ecologistes,contrarien,13,lfi,12.5,0.46,0.5369883884384916,0.4630116115615084
ecologistes,contrarien,13,ps,12,0.46,0.5587163919149982,0.4412836080850018
ecologistes,contrarien,13,ecologistes,4.5,0.46,0.5868599930930538,0.4131400069069462
ecologistes,contrarien,13,renaissance,12,0.355094532788215,0.5777939627430876,0.4222060372569124
ecologistes,contrarien,13,horizons,12,0.29738775604841744,0.5715709509373251,0.42842904906267487
ecologistes,contrarien,13,lr,13.1,0.18968267339539624,0.6060202161903616,0.3939797838096384
ecologistes,contrarien,13,reconquete,4.3,0.28242807153448607,0.48674085131657324,0.5132591486834268
ecologistes,contrarien,14,lfi,8.9,0.3690336464869478,0.43882683096865,0.56117316903135
ecologistes,contrarien,14,ecologistes,10.9,0.2807577601325168,0.4532455966267463,0.5467544033732537
ecologistes,contrarien,14,horizons,11.7,0.1841969921660684,0.615669410768389,0.384330589231611
ecologistes,contrarien,14,lr,9.7,0.3390291016103894,0.6008386221410619,0.3991613778589381
ecologistes,contrarien,14,rn,11.8,0.46,0.5186613138026371,0.48133868619736286
ecologistes,contrarien,14,reconquete,9.5,0.46,0.5366144797635195,0.4633855202364805
ecologistes,contrarien,14,nouvelle_energie,11.1,0.372594532788215,0.5493826528371051,0.4506173471628949
ecologistes,contrarien,15,ps,12.6,0.2416342113930362,0.5635316508122551,0.4364683491877449
ecologistes,contrarien,15,renaissance,11.5,0.4018478710455288,0.5463047649602762,0.45369523503972375
ecologistes,contrarien,15,horizons,11.7,0.44082157006400874,0.5397441333027024,0.46025586669729757
ecologistes,contrarien,15,lr,11.7,0.46,0.5306682310493418,0.4693317689506582
ecologistes,contrarien,15,rn,11,0.46,0.5012365881411104,0.4987634118588896
ecologistes,contrarien,15,reconquete,4.7,0.46,0.5108999936435306,0.48910000635646944
ecologistes,contrarien,15,nouvelle_energie,10.9,0.46,0.5352788975917024,0.46472110240829756
ecologistes,contrarien,16,lfi,10,0.2808461834027992,0.36138588984417114,0.6386141101558289
ecologistes,contrarien,16,ps,10,0.1778800440442853,0.37879296221997355,0.6212070377800265
ecologistes,contrarien,16,renaissance,7.7,0.265894532788215,0.5539767573292037,0.4460232426707963
ecologistes,contrarien,16,horizons,11.9,0.20818775604841744,0.5802147175502512,0.4197852824497488
ecologistes,contrarien,16,lr,10.3,0.15048267339539623,0.6283415734639197,0.3716584265360803
ecologistes,contrarien,16,rn,10.4,0.3585697076609171,0.5628623096470992,0.43713769035290084
ecologistes,contrarien,16,reconquete,4.8,0.3452198402201497,0.5929292232626369,0.40707077673736314
ecologistes,contrarien,16,reconquete_dissidence_18,9.2,0.3452198402201497,0.5788202554639023,0.42117974453609774
ecologistes,contrarien,17,lfi,8.6,0.34835479510691214,0.4339649715599994,0.5660350284400006
ecologistes,contrarien,17,ps,9.1,0.26586490875321606,0.45020381780105867,0.5497961821989413
ecologistes,contrarien,17,renaissance,10.9,0.1378969921660684,0.5997582610613508,0.4002417389386492
ecologistes,contrarien,17,lr,11,0.2847697035561982,0.5626692870895164,0.43733071291048364
ecologistes,contrarien,17,rn,12.7,0.419566785515875,0.5496751295465846,0.4503248704534154
ecologistes,contrarien,17,reconquete,8.3,0.4346005328580141,0.5682839609178935,0.43171603908210654
ecologistes,contrarien,17,nouvelle_energie,12.3,0.21858775604841746,0.6175173329764002,0.3824826670235998
ecologistes,contrarien,18,lfi,10.8,0.3295541816298422,0.5766994154796212,0.4233005845203788
ecologistes,contrarien,18,ps,11.6,0.19411574376212426,0.5979933382689833,0.40200666173101673
ecologistes,contrarien,18,horizons,11.8,0.1535969921660684,0.4006299594880393,0.5993700405119606
ecologistes,contrarien,18,lr,11.3,0.3084291016103894,0.41558925694930027,0.5844107430506997
ecologistes,contrarien,18,rn,11.5,0.46,0.4990440982606826,0.5009559017393175
ecologistes,contrarien,18,reconquete,9.3,0.46,0.4864076163473434,0.5135923836526566
ecologistes,contrarien,18,nouvelle_energie,8.3,0.341994532788215,0.47095359254042024,0.5290464074595798
ecologistes,contrarien,19,lfi,10.1,0.3923336464869478,0.6206573302990391,0.37934266970096087
ecologistes,contrarien,19,ecologistes,10.9,0.31298878924324847,0.6838582120096575,0.31614178799034254
ecologistes,contrarien,19,renaissance,13.2,0.4180954461919777,0.5710866511233225,0.42891334887667754
ecologistes,contrarien,19,horizons,12.6,0.4502625158141757,0.5391640609432855,0.4608359390567145
ecologistes,contrarien,19,lr,8.3,0.40297265660237985,0.47470311349957883,0.5252968865004212
ecologistes,contrarien,19,reconquete,4.2,0.32322807153448607,0.3982354585863779,0.6017645414136221
ecologistes,contrarien,19,nouvelle_energie,12.6,0.43856970766091713,0.4883510034063103,0.5116489965936897
renaissance,aleatoire,0,lfi,11.8,0.4501168258994576,0.5354084985701987,0.4645915014298013
renaissance,aleatoire,0,ps,11.5,0.3235347881386346,0.5364826525549691,0.4635173474450309
renaissance,aleatoire,0,ecologistes,10.8,0.3885125694848751,0.5422479702422507,0.4577520297577493
renaissance,aleatoire,0,lr,10.9,0.2938697035561982,0.49625461046628705,0.503745389533713
renaissance,aleatoire,0,rn,11.6,0.428666785515875,0.5040354949073002,0.49596450509269985
renaissance,aleatoire,0,reconquete,5.8,0.4437005328580141,0.4991138348341194,0.5008861651658806
renaissance,aleatoire,0,nouvelle_energie,9.9,0.23768775604841744,0.45964398927752637,0.5403560107224736
renaissance,aleatoire,1,lfi,9.8,0.46,0.5810318043485663,0.41896819565143373
renaissance,aleatoire,1,ps,10.1,0.4112018915565775,0.6121369073975811,0.3878630926024189
renaissance,aleatoire,1,ecologistes,8.2,0.46,0.6382918133368495,0.3617081866631505
renaissance,aleatoire,1,horizons,15,0.2518327994449869,0.6084116521988964,0.39158834780110363
renaissance,aleatoire,1,lr,9.1,0.3930726566023799,0.5322092600548556,0.4677907399451444
renaissance,aleatoire,1,reconquete,3.8,0.31332807153448605,0.4533899595424077,0.5466100404575923
renaissance,aleatoire,1,nouvelle_energie,13.4,0.3885519387109211,0.5483213803431359,0.45167861965686407
renaissance,aleatoire,2,ps,10.3,0.36137078359730457,0.49905834716340847,0.5009416528365915
renaissance,aleatoire,2,ecologistes,8.2,0.3301082887331051,0.43430444194044193,0.5656955580595581
renaissance,aleatoire,2,horizons,10.8,0.24875284786161053,0.5977569623525831,0.40224303764741687
renaissance,aleatoire,2,lr,9.7,0.3862148104649871,0.577010813290314,0.422989186709686
renaissance,aleatoire,2,rn,10.6,0.46,0.5415234485371646,0.4584765514628354
renaissance,aleatoire,2,reconquete,7.8,0.46,0.5631984092398399,0.4368015907601601
renaissance,aleatoire,2,nouvelle_energie,12.1,0.3320243889269858,0.6351445124932039,0.3648554875067961
renaissance,aleatoire,3,lfi,12,0.46,0.5480051107176775,0.45199488928232245
renaissance,aleatoire,3,ps,11.2,0.4209625158141757,0.5755469552844311,0.4244530447155689
renaissance,aleatoire,3,ecologistes,10.5,0.46,0.6049107189745873,0.39508928102541274
renaissance,aleatoire,3,renaissance,13.5,0.26507450363474655,0.6007469615029032,0.3992530384970968
renaissance,aleatoire,3,lr,7.9,0.3250697035561982,0.5266847757094733,0.47331522429052675
renaissance,aleatoire,3,reconquete,7.4,0.2439280715344861,0.39334395979162307,0.6066560402083769
renaissance,aleatoire,3,nouvelle_energie,8.4,0.25888775604841746,0.5999083312664196,0.4000916687335804
renaissance,aleatoire,4,lfi,10.8,0.34203364648694784,0.6692047442507989,0.3307952557492011
renaissance,aleatoire,4,ecologistes,10.6,0.28315381202336964,0.7167774987208111,0.2832225012791889
renaissance,aleatoire,4,renaissance,11.6,0.39551125047102187,0.5728948827615222,0.42710511723847777
renaissance,aleatoire,4,horizons,11.2,0.44996251581417573,0.5342533416868037,0.4657466583131963
renaissance,aleatoire,4,lr,10,0.4026726566023799,0.46992482413030284,0.5300751758696971
renaissance,aleatoire,4,reconquete,6.8,0.2729280715344861,0.33673294683093885,0.6632670531690612
renaissance,aleatoire,4,nouvelle_energie,12.2,0.43826970766091716,0.4833447497093739,0.5166552502906261
renaissance,aleatoire,5,lfi,8.8,0.3680336464869478,0.5428122772018784,0.4571877227981216
renaissance,aleatoire,5,ecologistes,8.7,0.21915381202336962,0.6154264859552315,0.38457351404476847
renaissance,aleatoire,5,horizons,9.7,0.22013146411702086,0.4344633454213278,0.5655366545786722
renaissance,aleatoire,5,lr,11.6,0.3682896600142719,0.45235202436575395,0.547647975634246
renaissance,aleatoire,5,rn,12.1,0.46,0.4678433917903668,0.5321566082096332
renaissance,aleatoire,5,reconquete,9.6,0.46,0.45240587109437813,0.5475941289056219
renaissance,aleatoire,5,nouvelle_energie,11.1,0.35692646409280415,0.4499026462733743,0.5500973537266257
renaissance,aleatoire,6,ps,12.9,0.3345336464869478,0.6615973765038687,0.33840262349613126
renaissance,aleatoire,6,ecologistes,10.7,0.3515082887331051,0.7097420796160298,0.29025792038397025
renaissance,aleatoire,6,renaissance,12.6,0.46,0.5326297462499716,0.4673702537500284
renaissance,aleatoire,6,horizons,11.5,0.46,0.4993636298294366,0.5006363701705634
renaissance,aleatoire,6,lr,8.9,0.3951726566023798,0.43997702374443,0.56002297625557
renaissance,aleatoire,6,reconquete,6.5,0.31542807153448604,0.3824255089009042,0.6175744910990958
renaissance,aleatoire,6,nouvelle_energie,9,0.4307697076609171,0.45187462747770263,0.5481253725222974
renaissance,aleatoire,7,lfi,10.4,0.46,0.4435336652014466,0.5564663347985535
renaissance,aleatoire,7,ps,11.9,0.4213625158141757,0.4172695637506521,0.582730436249348
renaissance,aleatoire,7,ecologistes,10.8,0.46,0.38580138592915963,0.6141986140708404
renaissance,aleatoire,7,renaissance,12.8,0.2869710685124679,0.3909633235117762,0.6090366764882238
renaissance,aleatoire,7,lr,10.4,0.3254697035561982,0.468257899972516,0.531742100027484
renaissance,aleatoire,7,reconquete,3.3,0.24432807153448605,0.5989515602522975,0.40104843974770255
renaissance,aleatoire,7,nouvelle_energie,11.1,0.3092877560484174,0.44582122012980774,0.5541787798701923
renaissance,aleatoire,8,lfi,11.3,0.4593198914111546,0.5315295516215017,0.46847044837849827
renaissance,aleatoire,8,ps,12.2,0.34882347723399254,0.5326944813728406,0.4673055186271594
renaissance,aleatoire,8,ecologistes,7.7,0.4174633528015853,0.5479168576013318,0.4520831423986682
renaissance,aleatoire,8,horizons,9.7,0.15360184584198758,0.5668628673367122,0.4331371326632878
renaissance,aleatoire,8,lr,9.6,0.18903247096989648,0.43382072617507456,0.5661792738249254
renaissance,aleatoire,8,rn,13.1,0.3871195052354174,0.4670173008467164,0.5329826991532836
renaissance,aleatoire,8,reconquete,8.3,0.37376963779464994,0.4536032075259776,0.5463967924740224
renaissance,aleatoire,9,lfi,8.4,0.46,0.4855749245133808,0.5144250754866192
renaissance,aleatoire,9,ps,12.4,0.46,0.4609094033205924,0.5390905966794076
renaissance,aleatoire,9,ecologistes,8.2,0.46,0.4434430484915245,0.5565569515084755
renaissance,aleatoire,9,renaissance,12.7,0.41365029922518204,0.4330154653378277,0.5669845346621722
renaissance,aleatoire,9,horizons,10.4,0.34636970355619817,0.4403835464372552,0.5596164535627448
renaissance,aleatoire,9,reconquete,7.5,0.2652280715344861,0.5708948145827195,0.4291051854172805
renaissance,aleatoire,9,nouvelle_energie,10.8,0.23248267339539622,0.41413858887963245,0.5858614111203675
renaissance,aleatoire,10,lfi,10.9,0.36543364648694776,0.4580039622350819,0.5419960377649181
renaissance,aleatoire,10,ecologistes,10.8,0.3065538120233696,0.46013934196912215,0.5398606580308778
renaissance,aleatoire,10,horizons,11.4,0.2761773469291665,0.5441184827152555,0.45588151728474446
renaissance,aleatoire,10,lr,8.6,0.3370284537174966,0.6056053788505518,0.39439462114944823
renaissance,aleatoire,10,rn,9.9,0.46,0.5315966813546246,0.46840331864537543
renaissance,aleatoire,10,reconquete,5.1,0.46,0.5467394893793123,0.45326051062068773
renaissance,aleatoire,10,nouvelle_energie,11.1,0.37530556265536374,0.5528942275570636,0.44710577244293637
renaissance,aleatoire,10,reconquete_dissidence_15,5.8,0.46,0.5456279349611121,0.45437206503888794
renaissance,aleatoire,11,ps,11.4,0.32672546285914394,0.4373749494967105,0.5626250505032895
renaissance,aleatoire,11,ecologistes,10.8,0.39370010510530123,0.47665839752844064,0.5233416024715594
renaissance,aleatoire,11,horizons,10.5,0.2381018022818744,0.6230425744820487,0.3769574255179513
renaissance,aleatoire,11,lr,11.2,0.39851907742863707,0.5702588310110496,0.42974116898895043
renaissance,aleatoire,11,rn,13.1,0.46,0.527657031504648,0.47234296849535196
renaissance,aleatoire,11,reconquete,5.9,0.46,0.5493380280863785,0.45066197191362145
renaissance,aleatoire,11,nouvelle_energie,9.5,0.3850529784588708,0.5748573840053468,0.4251426159946532
renaissance,aleatoire,12,lfi,11.4,0.46,0.56296631125353,0.43703368874647
renaissance,aleatoire,12,ps,10.8,0.3687789786472897,0.5675687316505145,0.43243126834948553
renaissance,aleatoire,12,ecologistes,11.4,0.4356218078266504,0.5850189239584592,0.4149810760415408
renaissance,aleatoire,12,horizons,12,0.17608760171955803,0.5864068809052552,0.41359311909474483
renaissance,aleatoire,12,rn,10.7,0.3694726566023798,0.47936165010016085,0.5206383498998391
renaissance,aleatoire,12,reconquete,4.3,0.312944542999036,0.41051591654419567,0.5894840834558044
renaissance,aleatoire,12,nouvelle_energie,11.6,0.1569826733953962,0.41480882587068363,0.5851911741293163
renaissance,aleatoire,13,ps,11.5,0.36643364648694776,0.5144907496276369,0.48550925037236314
renaissance,aleatoire,13,ecologistes,9.9,0.38340828873310506,0.5241787380027707,0.4758212619972293
renaissance,aleatoire,13,horizons,9.9,0.2412960515832821,0.3818322365305122,0.6181677634694878
renaissance,aleatoire,13,lr,12.6,0.39945172722156497,0.43579154673485204,0.5642084532651479
renaissance,aleatoire,13,rn,11.6,0.46,0.47882357875325304,0.5211764212467469
renaissance,aleatoire,13,reconquete,4.2,0.46,0.4592971574641593,0.5407028425358407
renaissance,aleatoire,13,nouvelle_energie,9.9,0.3399269326845437,0.3723613311904735,0.6276386688095266
renaissance,aleatoire,14,lfi,10.3,0.46,0.5809143131287507,0.41908568687124925
renaissance,aleatoire,14,ps,11.3,0.41081020944372537,0.6089302860644562,0.3910697139355438
renaissance,aleatoire,14,ecologistes,11.7,0.46,0.6387337167815261,0.36126628321847387
renaissance,aleatoire,14,horizons,12,0.29104839686744655,0.5887512372346984,0.41124876276530165
renaissance,aleatoire,14,lr,8.5,0.3480726566023799,0.5831389063987459,0.4168610936012541
renaissance,aleatoire,14,reconquete,3.4,0.26832807153448607,0.3998020249630902,0.6001979750369097
renaissance,aleatoire,14,nouvelle_energie,12.2,0.3387291232224438,0.598698603819463,0.40130139618053695
renaissance,aleatoire,15,lfi,8.2,0.46,0.4619170590761247,0.5380829409238753
renaissance,aleatoire,15,ps,14.1,0.46,0.44105742245976065,0.5589425775402393
renaissance,aleatoire,15,ecologistes,9.6,0.46,0.41700569802122595,0.582994301978774
renaissance,aleatoire,15,renaissance,12.4,0.35463320871014437,0.4209455721962721,0.579054427803728
renaissance,aleatoire,15,horizons,10.4,0.24428775604841746,0.37299881972838334,0.6270011802716167
renaissance,aleatoire,15,lr,10,0.1965826733953962,0.4169633666591622,0.5830366333408378
renaissance,aleatoire,15,reconquete,5.5,0.2293280715344861,0.5664866166063401,0.43351338339365986
renaissance,aleatoire,16,lfi,9.6,0.45925792211985084,0.5333200818510823,0.46667991814891774
renaissance,aleatoire,16,ps,10.3,0.33713761409441856,0.5322895877937931,0.4677104122062069
renaissance,aleatoire,16,ecologistes,12.3,0.4050703363134416,0.5386862324596535,0.4613137675403465
renaissance,aleatoire,16,lr,11.3,0.2941697035561982,0.5000196541688702,0.4999803458311298
renaissance,aleatoire,16,rn,10.1,0.42896678551587497,0.505644133289986,0.49435586671001397
renaissance,aleatoire,16,reconquete,8.1,0.4440005328580141,0.5020473948915314,0.4979526051084686
renaissance,aleatoire,16,nouvelle_energie,8.9,0.2779877560484174,0.49239396088001036,0.5076060391199897
renaissance,aleatoire,17,lfi,14,0.3823274283161142,0.4529665606924085,0.5470334393075915
renaissance,aleatoire,17,ecologistes,9.5,0.28344759385253604,0.4329691021665281,0.5670308978334719
renaissance,aleatoire,17,horizons,10.3,0.27039695934123087,0.5827136752271637,0.41728632477283634
renaissance,aleatoire,17,lr,9.5,0.4261312770133755,0.5360943095215985,0.46390569047840147
renaissance,aleatoire,17,rn,10.6,0.46,0.5200544653731924,0.47994553462680756
renaissance,aleatoire,17,reconquete,8.6,0.46,0.5331361439224499,0.4668638560775501
renaissance,aleatoire,17,nouvelle_energie,8.2,0.41682905638158035,0.5383992567036259,0.4616007432963741
renaissance,aleatoire,18,lfi,12.7,0.46,0.5098163591773307,0.4901836408226693
renaissance,aleatoire,18,ps,12.7,0.35616550109492723,0.5208133841729125,0.47918661582708755
renaissance,aleatoire,18,ecologistes,9.4,0.42005977029892694,0.5225055949325585,0.47749440506744145
renaissance,aleatoire,18,lr,12,0.30606970355619817,0.4831735744949701,0.5168264255050299
renaissance,aleatoire,18,rn,10.6,0.440866785515875,0.48257466671690924,0.5174253332830907
renaissance,aleatoire,18,reconquete,5.6,0.4559005328580141,0.4778510583611634,0.5221489416388365
renaissance,aleatoire,18,nouvelle_energie,8.2,0.28988775604841743,0.47514651687238607,0.5248534831276139
renaissance,aleatoire,19,lfi,10.3,0.3833336464869478,0.4642532528272134,0.5357467471727866
renaissance,aleatoire,19,ecologistes,7.1,0.2844538120233696,0.43865792216521354,0.5613420778347864
renaissance,aleatoire,19,horizons,9.9,0.20552560826530072,0.614036724715569,0.385963275284431
renaissance,aleatoire,19,lr,12.8,0.405804269193676,0.5569116006081731,0.44308839939182687
renaissance,aleatoire,19,rn,10.8,0.46,0.5410680586020602,0.4589319413979398
renaissance,aleatoire,19,reconquete,4.4,0.46,0.5607817725560573,0.4392182274439427
renaissance,aleatoire,19,nouvelle_energie,12.7,0.34373338604707676,0.6122089947739418,0.38779100522605825
renaissance,prudent,0,ps,11.8,0.3357336464869478,0.46938577362625555,0.5306142263737444
renaissance,prudent,0,ecologistes,8.3,0.3527082887331051,0.45441464173086044,0.5455853582691396
renaissance,prudent,0,renaissance,13.9,0.2519164529632,0.5728481640780135,0.42715183592198647
renaissance,prudent,0,lr,8.4,0.29776970355619814,0.5844287947983194,0.41557120520168056
renaissance,prudent,0,rn,11.3,0.432566785515875,0.5413883540429089,0.45861164595709114
renaissance,prudent,0,reconquete,6.1,0.44760053285801404,0.5673951497239554,0.43260485027604456
renaissance,prudent,0,nouvelle_energie,10.9,0.23158775604841747,0.6456686012572516,0.35433139874274844
renaissance,prudent,1,ps,12.7,0.2978336464869478,0.4600330463183797,0.5399669536816203
renaissance,prudent,1,ecologistes,9.1,0.3648082887331051,0.5000747668373792,0.49992523316262083
renaissance,prudent,1,horizons,11.6,0.16500169922056782,0.6513873893291319,0.34861261067086813
renaissance,prudent,1,lr,8.7,0.31901670403976606,0.6439687951691835,0.3560312048308165
renaissance,prudent,1,rn,11.5,0.46,0.5551294872171952,0.44487051278280476
renaissance,prudent,1,reconquete,4.6,0.46,0.5778825840932243,0.42211741590677565
renaissance,prudent,1,nouvelle_energie,11.3,0.35439427287122055,0.5951397147987674,0.40486028520123263
renaissance,prudent,2,ps,12.2,0.3042336464869478,0.46481902725325497,0.535180972746745
renaissance,prudent,2,ecologistes,10.6,0.3712082887331051,0.5026874033614751,0.4973125966385249
renaissance,prudent,2,horizons,8.5,0.21758087885609503,0.6151614873765917,0.3848385126234083
renaissance,prudent,2,lr,7.4,0.3645215335997636,0.5970060813954379,0.40299391860456213
renaissance,prudent,2,rn,14,0.46,0.5627346571663375,0.4372653428336625
renaissance,prudent,2,reconquete,6.3,0.46,0.5857874399293046,0.4142125600706954
renaissance,prudent,2,nouvelle_energie,9.6,0.3042195022504939,0.6516839387363692,0.3483160612636308
renaissance,prudent,3,lfi,12.3,0.46,0.5563410933733689,0.4436589066266311
renaissance,prudent,3,ps,8.1,0.4196625158141757,0.5826220696286003,0.4173779303713997
renaissance,prudent,3,ecologistes,9.3,0.46,0.6140551976315501,0.38594480236844986
renaissance,prudent,3,renaissance,11.6,0.2764865322583824,0.6078856295477841,0.39211437045221587
renaissance,prudent,3,lr,9.4,0.32376970355619816,0.5316687880546429,0.4683312119453571
renaissance,prudent,3,reconquete,7,0.2926280715344861,0.4530607504040041,0.5469392495959959
renaissance,prudent,3,nouvelle_energie,13.5,0.3075877560484175,0.5552098458861556,0.44479015411384437
renaissance,prudent,4,lfi,11.9,0.3917336464869478,0.615108698953958,0.38489130104604197
renaissance,prudent,4,ecologistes,10.6,0.2828538120233696,0.7181769026850819,0.28182309731491806
renaissance,prudent,4,renaissance,12.7,0.41416459919310517,0.5805575352505865,0.4194424647494135
renaissance,prudent,4,horizons,13,0.4496625158141757,0.5371401041194509,0.4628598958805491
renaissance,prudent,4,lr,7.4,0.3523726566023799,0.41137533097873386,0.5886246690212662
renaissance,prudent,4,reconquete,4.7,0.2726280715344861,0.34275851718900585,0.6572414828109941
renaissance,prudent,4,nouvelle_energie,11.1,0.43796970766091714,0.48698256331568346,0.5130174366843165
renaissance,prudent,5,lfi,9.7,0.44917334102396944,0.5412046891017003,0.4587953108982997
renaissance,prudent,5,ps,8.6,0.2733278983800778,0.5929580533339298,0.4070419466660702
renaissance,prudent,5,ecologistes,7.1,0.38861315267814456,0.5471517036780064,0.45284829632199364
renaissance,prudent,5,lr,12.6,0.28866970355619814,0.5013886520863072,0.49861134791369277
renaissance,prudent,5,rn,12.8,0.423466785515875,0.5116935781866832,0.48830642181331685
renaissance,prudent,5,reconquete,7.6,0.43850053285801405,0.5072354947637873,0.49276450523621274
renaissance,prudent,5,nouvelle_energie,9.1,0.27248775604841746,0.49539084610324324,0.5046091538967568
renaissance,prudent,6,lfi,11.1,0.46,0.4430651873250239,0.556934812674976
renaissance,prudent,6,ps,11.5,0.4185625158141757,0.4169907065039578,0.5830092934960422
renaissance,prudent,6,ecologistes,6.4,0.46,0.38562014967585434,0.6143798503241457
renaissance,prudent,6,renaissance,12,0.2774934192091908,0.38948329863623254,0.6105167013637675
renaissance,prudent,6,lr,12.8,0.2726697035561982,0.4147523510731977,0.5852476489268024
renaissance,prudent,6,reconquete,8,0.29152807153448607,0.5429207243649458,0.45707927563505424
renaissance,prudent,6,nouvelle_energie,11.6,0.30648775604841744,0.443337978704594,0.556662021295406
renaissance,prudent,7,lfi,13.4,0.46,0.5732024026515843,0.4267975973484157
renaissance,prudent,7,ps,11.9,0.4196666516480301,0.6009929364022065,0.3990070635977935
renaissance,prudent,7,ecologistes,7.6,0.46,0.6321302742388965,0.36786972576110355
renaissance,prudent,7,horizons,9.5,0.20467729004197086,0.6450038371818206,0.35499616281817936
renaissance,prudent,7,lr,12,0.4001726566023799,0.5276760857550464,0.47232391424495357
renaissance,prudent,7,reconquete,6.7,0.32042807153448605,0.44450576369564754,0.5554942363043525
renaissance,prudent,7,nouvelle_energie,8.8,0.39165311381429135,0.5439228365382164,0.4560771634617836
renaissance,prudent,8,lfi,13.4,0.3300082887331051,0.43478591496349484,0.5652140850365052
renaissance,prudent,8,ps,13,0.20415381202336963,0.3999472738507677,0.6000527261492323
renaissance,prudent,8,renaissance,12.9,0.22505472456283665,0.5365402969561314,0.46345970304386863
renaissance,prudent,8,lr,9.2,0.2750697035561982,0.5750548441450349,0.42494515585496506
renaissance,prudent,8,rn,11.9,0.409866785515875,0.5611171924787063,0.4388828075212937
renaissance,prudent,8,reconquete,4.3,0.4249005328580141,0.5840504321183627,0.4159495678816373
renaissance,prudent,8,nouvelle_energie,7.8,0.20888775604841747,0.6343028200833349,0.36569717991666506
renaissance,prudent,9,lfi,10.3,0.46,0.5916062167327383,0.4083937832672617
renaissance,prudent,9,ps,7.8,0.39092242931907073,0.6161287660232272,0.3838712339767728
renaissance,prudent,9,ecologistes,7.7,0.45651956028957985,0.6486910984314429,0.3513089015685571
renaissance,prudent,9,horizons,11.1,0.20367811422448742,0.6528341475855859,0.3471658524144141
renaissance,prudent,9,lr,12.1,0.3891726566023799,0.5376833983079644,0.4623166016920356
renaissance,prudent,9,reconquete,8.5,0.25942807153448605,0.40742234033129265,0.5925776596687073
renaissance,prudent,9,nouvelle_energie,10.3,0.39130891342339924,0.5528218666147935,0.4471781333852065
renaissance,prudent,10,lfi,10.4,0.46,0.5341798716778509,0.46582012832214914
renaissance,prudent,10,ps,11.4,0.2904046142454632,0.5885430695205369,0.4114569304794631
renaissance,prudent,10,ecologistes,7.3,0.4053092885371312,0.5403148135326913,0.4596851864673087
renaissance,prudent,10,lr,11.1,0.29166970355619815,0.5024906142573909,0.49750938574260906
renaissance,prudent,10,rn,11.5,0.426466785515875,0.5086115145696997,0.49138848543030034
renaissance,prudent,10,reconquete,6.3,0.44150053285801405,0.5048379256923968,0.4951620743076032
renaissance,prudent,10,nouvelle_energie,13.4,0.27548775604841746,0.49551761422901996,0.50448238577098
renaissance,prudent,11,lfi,11.8,0.46,0.5986103896307592,0.4013896103692408
renaissance,prudent,11,ps,12.7,0.31761781260889826,0.6704124386028143,0.3295875613971857
renaissance,prudent,11,ecologistes,8.8,0.433430647066939,0.6523941317721575,0.34760586822784245
renaissance,prudent,11,horizons,12.3,0.25555008105569194,0.613419914922027,0.38658008507797303
renaissance,prudent,11,lr,10.9,0.3830726566023799,0.5399194352773249,0.4600805647226751
renaissance,prudent,11,reconquete,4.9,0.25332807153448605,0.415840703368936,0.584159296631064
renaissance,prudent,11,nouvelle_energie,10.3,0.39377479556912476,0.5551083512135613,0.4448916487864387
renaissance,prudent,12,lfi,8.9,0.46,0.4159861243055243,0.5840138756944757
renaissance,prudent,12,ps,12.4,0.4009636022509654,0.390506087062477,0.609493912937523
renaissance,prudent,12,ecologistes,9.7,0.46,0.35860362414811775,0.6413963758518822
renaissance,prudent,12,horizons,13.1,0.2577429738379641,0.3914279904417027,0.6085720095582974
renaissance,prudent,12,lr,12,0.3486726566023799,0.5245999602371465,0.4754000397628535
renaissance,prudent,12,reconquete,8.5,0.2689280715344861,0.6002702334703921,0.3997297665296079
renaissance,prudent,12,nouvelle_energie,7.5,0.39720938062355315,0.4527190338604391,0.5472809661395609
renaissance,prudent,13,lfi,9.7,0.46,0.5683940138480442,0.4316059861519558
renaissance,prudent,13,ps,12.1,0.33408290530152707,0.6260360746051674,0.3739639253948326
renaissance,prudent,13,ecologistes,8.7,0.44508176176051084,0.5921151217723629,0.4078848782276371
renaissance,prudent,13,horizons,11.3,0.17831154944298724,0.5959719130340124,0.4040280869659876
renaissance,prudent,13,rn,11.7,0.3175726566023799,0.42423217012214404,0.5757678298778559
renaissance,prudent,13,reconquete,8.6,0.311044542999036,0.4145228743460121,0.5854771256539879
renaissance,prudent,13,nouvelle_energie,9.8,0.2050826733953962,0.45770612097345276,0.5422938790265472
renaissance,prudent,14,lfi,10.1,0.46,0.4458317723927356,0.5541682276072644
renaissance,prudent,14,ps,13.4,0.4206625158141757,0.4194769550533006,0.5805230449466994
renaissance,prudent,14,ecologistes,6.9,0.46,0.38903132060511353,0.6109686793948865
renaissance,prudent,14,renaissance,12.1,0.27713465204082627,0.3930499283117798,0.6069500716882201
renaissance,prudent,14,lr,9.9,0.2747697035561982,0.41554264956338954,0.5844573504366104
renaissance,prudent,14,reconquete,7.6,0.24362807153448607,0.6015268531528674,0.39847314684713264
renaissance,prudent,14,nouvelle_energie,10.7,0.25858775604841744,0.3952745321333327,0.6047254678666674
renaissance,prudent,15,lfi,11.1,0.46,0.40947125792677813,0.5905287420732219
renaissance,prudent,15,ps,10.2,0.3332114616174782,0.33326873209832786,0.6667312679016721
renaissance,prudent,15,ecologistes,8.1,0.44690007441717716,0.3531462690892202,0.6468537309107798
renaissance,prudent,15,horizons,12.5,0.20171691324841876,0.3489632834269433,0.6510367165730566
renaissance,prudent,15,lr,10.5,0.38637265660237985,0.46474607897023246,0.5352539210297675
renaissance,prudent,15,reconquete,6.6,0.3066280715344861,0.5422615997184483,0.45773840028155166
renaissance,prudent,15,nouvelle_energie,12,0.39081990771913144,0.44927943074977683,0.5507205692502232
renaissance,prudent,16,lfi,10.6,0.46,0.5398229410549846,0.46017705894501537
renaissance,prudent,16,ps,10.3,0.35402953567675055,0.5386249031794237,0.4613750968205763
renaissance,prudent,16,ecologistes,7.7,0.41517485479778915,0.5455315348195787,0.4544684651804213
renaissance,prudent,16,lr,12.1,0.29066970355619814,0.5095440864449494,0.4904559135550506
renaissance,prudent,16,rn,11.4,0.425466785515875,0.515016560216651,0.484983439783349
renaissance,prudent,16,reconquete,4,0.44050053285801405,0.5132046060290675,0.4867953939709325
renaissance,prudent,16,nouvelle_energie,11.5,0.22448775604841747,0.4557779332005522,0.5442220667994477
renaissance,prudent,17,lfi,9.7,0.46,0.4188090642685207,0.5811909357314793
renaissance,prudent,17,ps,12.4,0.4042694519588561,0.38897908530912917,0.6110209146908708
renaissance,prudent,17,ecologistes,9.7,0.46,0.36129054429798446,0.6387094557020155
renaissance,prudent,17,horizons,8.5,0.2512501165674456,0.3931967075705878,0.6068032924294122
renaissance,prudent,17,lr,13.7,0.3967726566023798,0.46835495207397737,0.5316450479260226
renaissance,prudent,17,reconquete,6.1,0.3170280715344861,0.5512529983402668,0.44874700165973325
renaissance,prudent,17,nouvelle_energie,9.5,0.3892995079860506,0.45297381623531957,0.5470261837646804
renaissance,prudent,18,lfi,8.2,0.46,0.5389105936247947,0.46108940637520535
renaissance,prudent,18,ps,12.1,0.3420744073017281,0.5389964702063724,0.4610035297936276
renaissance,prudent,18,ecologistes,6.9,0.40679297406840564,0.5452767871158252,0.45472321288417483
renaissance,prudent,18,lr,10.4,0.24306970355619817,0.45174782989193457,0.5482521701080654
renaissance,prudent,18,rn,13.6,0.427866785515875,0.5118771023169699,0.4881228976830301
renaissance,prudent,18,reconquete,6.9,0.44290053285801406,0.5086665796476421,0.49133342035235794
renaissance,prudent,18,nouvelle_energie,10.1,0.22688775604841743,0.45030015932552286,0.5496998406744771
renaissance,prudent,19,lfi,12.6,0.36443364648694776,0.5239910144021537,0.4760089855978463
renaissance,prudent,19,ecologistes,7.7,0.3055538120233696,0.5257556688193776,0.47424433118062237
renaissance,prudent,19,horizons,12.2,0.2256205107623417,0.41821120889318186,0.5817887911068181
renaissance,prudent,19,lr,10.6,0.3256005548229313,0.38049278955479593,0.6195072104452041
renaissance,prudent,19,rn,11.4,0.46,0.44446134331337184,0.5555386566866282
renaissance,prudent,19,reconquete,7.5,0.46,0.4258738532845824,0.5741261467154176
renaissance,prudent,19,nouvelle_energie,9.8,0.3622743008344881,0.42889409805019396,0.571105901949806
renaissance,risque,0,lfi,9,0.46,0.5566543428563261,0.4433456571436739
renaissance,risque,0,ps,11.7,0.3778635254915208,0.5634301152819686,0.4365698847180314
renaissance,risque,0,ecologistes,10.7,0.4429903185669113,0.5805405777562682,0.4194594222437318
renaissance,risque,0,horizons,12.1,0.17599323539975562,0.588081186125744,0.411918813874256
renaissance,risque,0,rn,12.7,0.36707265660237987,0.4755661096506093,0.5244338903493907
renaissance,risque,0,reconquete,8.3,0.31054454299903594,0.4075662706652221,0.5924337293347779
renaissance,risque,0,nouvelle_energie,9.3,0.20458267339539618,0.4527517437356673,0.5472482562643327
renaissance,risque,1,lfi,10.5,0.46,0.5219382469231507,0.4780617530768493
renaissance,risque,1,ps,10.7,0.3518435274508911,0.5248874035317459,0.4751125964682541
renaissance,risque,1,ecologistes,9.4,0.41884848717585504,0.528554106908168,0.47144589309183205
renaissance,risque,1,lr,11.7,0.30116970355619815,0.49253187996743253,0.5074681200325675
renaissance,risque,1,rn,12.8,0.435966785515875,0.49803393046108,0.50196606953892
renaissance,risque,1,reconquete,3.8,0.45100053285801406,0.49337612038399414,0.5066238796160059
renaissance,risque,1,nouvelle_energie,11.7,0.2849877560484174,0.47991985769950024,0.5200801423004997
renaissance,risque,2,lfi,14,0.46,0.4292826436753728,0.5707173563246273
renaissance,risque,2,ps,12.5,0.40447822266197375,0.3955471916148756,0.6044528083851244
renaissance,risque,2,ecologistes,10.3,0.46,0.3632841708471983,0.6367158291528017
renaissance,risque,2,horizons,10.1,0.26078383088939366,0.4013477737472209,0.5986522262527791
renaissance,risque,2,lr,8.2,0.4020726566023799,0.4747020830449496,0.5252979169550505
renaissance,risque,2,reconquete,2.7,0.27232807153448607,0.6065450178097289,0.3934549821902711
renaissance,risque,2,nouvelle_energie,12.7,0.3490138709436003,0.40554886750862695,0.594451132491373
renaissance,risque,3,lfi,10.6,0.4532846750199547,0.5301323322322181,0.4698676677677819
renaissance,risque,3,ps,13.2,0.3023092334340899,0.5832279519879375,0.41677204801206247
renaissance,risque,3,ecologistes,11.2,0.4255173015443405,0.5297222085094784,0.4702777914905216
renaissance,risque,3,lr,8,0.30906970355619817,0.4975832911969488,0.5024167088030512
renaissance,risque,3,rn,11.7,0.443866785515875,0.5054258837911668,0.4945741162088332
renaissance,risque,3,reconquete,3.5,0.4589005328580141,0.5011370275232835,0.4988629724767165
renaissance,risque,3,nouvelle_energie,11,0.24288775604841745,0.44366905849585975,0.5563309415041402
renaissance,risque,4,lfi,10.8,0.46,0.5770669479285315,0.4229330520714685
renaissance,risque,4,ps,9,0.39672293446966295,0.6131741148989104,0.3868258851010896
renaissance,risque,4,ecologistes,12.2,0.4581130965103432,0.6424872742650143,0.3575127257349857
renaissance,risque,4,horizons,11.6,0.2013456484572628,0.6466557540385511,0.35334424596144887
renaissance,risque,4,lr,8.5,0.39127265660237986,0.5303911455672624,0.4696088544327376
renaissance,risque,4,reconquete,7.1,0.3115280715344861,0.45214501118743233,0.5478549888125677
renaissance,risque,4,nouvelle_energie,11.3,0.39068154884747586,0.5467161591150713,0.4532838408849287
renaissance,risque,5,ps,10.1,0.3065336464869478,0.44612886939165236,0.5538711306083477
renaissance,risque,5,ecologistes,11.5,0.3235082887331051,0.42826382129905044,0.5717361787009496
renaissance,risque,5,horizons,12.1,0.1741685752360372,0.6432712635399815,0.35672873646001846
renaissance,risque,5,lr,9.8,0.3124562398638089,0.6364910387612898,0.36350896123871024
renaissance,risque,5,rn,10.4,0.46,0.5435848791541235,0.45641512084587654
renaissance,risque,5,reconquete,5.1,0.46,0.5645868505721345,0.43541314942786546
renaissance,risque,5,nouvelle_energie,10.4,0.35299474390393404,0.5824722937861574,0.4175277062138426
renaissance,risque,6,lfi,9.8,0.46,0.4736915900871,0.5263084099129001
renaissance,risque,6,ps,8.7,0.3532402574960193,0.47093766013110583,0.5290623398688942
renaissance,risque,6,ecologistes,13,0.4227103941390493,0.46718777524995525,0.5328122247500447
renaissance,risque,6,lr,8.5,0.30856970355619817,0.50748436613108,0.49251563386892006
renaissance,risque,6,rn,13.4,0.443366785515875,0.4987378112804775,0.5012621887195226
renaissance,risque,6,reconquete,7.6,0.4584005328580141,0.503470059485256,0.496529940514744
renaissance,risque,6,nouvelle_energie,8.3,0.24238775604841745,0.5610417627300985,0.43895823726990146
renaissance,risque,7,lfi,10.5,0.3250336464869478,0.4126422906459194,0.5873577093540806
renaissance,risque,7,ecologistes,7.1,0.31615381202336956,0.4671822590832448,0.5328177409167552
renaissance,risque,7,horizons,12,0.20066787968662778,0.612869240391813,0.387130759608187
renaissance,risque,7,lr,8.2,0.40318797697374986,0.5564877727483043,0.4435122272516957
renaissance,risque,7,rn,9.9,0.46,0.5410910790970829,0.45890892090291713
renaissance,risque,7,reconquete,9.1,0.46,0.5584857223300456,0.44151427766995444
renaissance,risque,7,nouvelle_energie,12.4,0.3902502906159703,0.5592000571660398,0.4407999428339602
renaissance,risque,8,lfi,10.9,0.46,0.5391696430212198,0.46083035697878016
renaissance,risque,8,ps,8,0.3439846761030647,0.547642374919229,0.45235762508077104
renaissance,risque,8,ecologistes,7.1,0.41581894717302603,0.5572508571421664,0.4427491428578336
renaissance,risque,8,horizons,9.9,0.2006222848521969,0.5272168436387126,0.4727831563612874
renaissance,risque,8,lr,12.2,0.1713826733953962,0.42268725649295313,0.5773127435070469
renaissance,risque,8,rn,13.9,0.37946970766091714,0.4761607239513422,0.5238392760486579
renaissance,risque,8,reconquete,6.1,0.36611984022014965,0.46231885975554443,0.5376811402444556
renaissance,risque,9,ecologistes,11.6,0.2577538120233696,0.5765557755800258,0.4234442244199742
renaissance,risque,9,renaissance,12.2,0.3853538179145919,0.5441328774576033,0.4558671225423967
renaissance,risque,9,horizons,9.3,0.4245625158141757,0.5350073981389747,0.4649926018610253
renaissance,risque,9,lr,9.3,0.46,0.5295647175545442,0.47043528244545585
renaissance,risque,9,rn,11.3,0.46,0.5054790974834666,0.49452090251653336
renaissance,risque,9,reconquete,5.8,0.46,0.5107453671421319,0.4892546328578681
renaissance,risque,9,nouvelle_energie,12.8,0.46,0.53096868094968,0.46903131905032003
renaissance,risque,10,lfi,11.1,0.46,0.5829160523609461,0.4170839476390539
renaissance,risque,10,ps,10.3,0.3920903593405829,0.6089624362664112,0.3910375637335888
renaissance,risque,10,ecologistes,9.1,0.46,0.6401267347293392,0.35987326527066077
renaissance,risque,10,horizons,13.3,0.20438086347053605,0.6473247918905232,0.35267520810947683
renaissance,risque,10,lr,11.2,0.39247265660237984,0.5299638594405663,0.47003614055943366
renaissance,risque,10,reconquete,4,0.22272807153448612,0.3790341798778031,0.6209658201221969
renaissance,risque,10,nouvelle_energie,10.4,0.39128563425782614,0.5460570412607767,0.4539429587392233
renaissance,risque,11,lfi,12.9,0.3659336464869478,0.4572623012331344,0.5427376987668656
renaissance,risque,11,ecologistes,10,0.2570538120233696,0.41095154346088086,0.5890484565391192
renaissance,risque,11,horizons,9.7,0.23385809354686674,0.5673313009504436,0.4326686990495564
renaissance,risque,11,lr,13.1,0.3883076366108499,0.5521066349785708,0.4478933650214292
renaissance,risque,11,rn,13.1,0.46,0.5347557308905424,0.4652442691094576
renaissance,risque,11,reconquete,3.5,0.46,0.5521274619500361,0.44787253804996385
renaissance,risque,11,nouvelle_energie,8.7,0.3740154516770827,0.5551988554379772,0.4448011445620228
renaissance,risque,12,lfi,9.7,0.46,0.559331553016235,0.44066844698376495
renaissance,risque,12,ps,11.1,0.41316942353478514,0.5915345691402629,0.4084654308597371
renaissance,risque,12,ecologistes,12,0.46,0.6232560311250456,0.3767439688749544
renaissance,risque,12,horizons,12.3,0.2495408238898121,0.5970726947021744,0.4029273052978256
renaissance,risque,12,lr,8.9,0.40157265660237984,0.5142981757047917,0.48570182429520825
renaissance,risque,12,reconquete,3.9,0.2718280715344861,0.37479273559618975,0.6252072644038102
renaissance,risque,12,nouvelle_energie,10.6,0.38875906037481267,0.5310166530304278,0.4689833469695722
renaissance,risque,13,lfi,9.7,0.3583082887331051,0.44754088658598007,0.55245911341402
renaissance,risque,13,ps,12.7,0.23245381202336962,0.41698775535839605,0.583012244641604
renaissance,risque,13,horizons,12.6,0.19224775156024584,0.5750418668342562,0.4249581331657438
renaissance,risque,13,lr,11.6,0.3424367607810964,0.5673009291917458,0.4326990708082542
renaissance,risque,13,rn,9.9,0.46,0.5537768300623,0.44622316993769995
renaissance,risque,13,reconquete,3.6,0.46,0.5735038553178816,0.4264961446821184
renaissance,risque,13,nouvelle_energie,10.5,0.3292355662218391,0.5679981832207439,0.4320018167792561
renaissance,risque,14,lfi,11.8,0.46,0.42082205366520725,0.5791779463347928
renaissance,risque,14,ps,11.1,0.4058323859995585,0.3935721806507926,0.6064278193492074
renaissance,risque,14,ecologistes,12.3,0.46,0.36192981203688973,0.6380701879631103
renaissance,risque,14,horizons,10.3,0.2074907649398414,0.35250585910622423,0.6474941408937758
renaissance,risque,14,lr,9,0.40267265660237983,0.4710429371855962,0.5289570628144038
renaissance,risque,14,reconquete,9.7,0.2729280715344861,0.6006296196932344,0.39937038030676564
renaissance,risque,14,nouvelle_energie,8,0.39486849467995033,0.45572016780733043,0.5442798321926696
renaissance,risque,15,lfi,12.9,0.46,0.5510243607068152,0.44897563929318485
renaissance,risque,15,ps,10.4,0.3242494137930349,0.6118954575158593,0.3881045424841407
renaissance,risque,15,ecologistes,7.6,0.4435574554595612,0.5710750511172662,0.4289249488827338
renaissance,risque,15,horizons,10.4,0.21107523103711642,0.545882198047462,0.45411780195253804
renaissance,risque,15,rn,8.7,0.36967265660237986,0.47140381147878524,0.5285961885212147
renaissance,risque,15,reconquete,6.6,0.363144542999036,0.4603902339851085,0.5396097660148915
renaissance,risque,15,nouvelle_energie,11.7,0.19718267339539625,0.4264067190561373,0.5735932809438626
renaissance,risque,16,lfi,9.9,0.2950336464869478,0.37688636621436505,0.6231136337856349
renaissance,risque,16,ecologistes,10.8,0.24615381202336958,0.40172505754230325,0.5982749424576967
renaissance,risque,16,renaissance,13.3,0.24704817036946103,0.5302877497162043,0.4697122502837957
renaissance,risque,16,lr,11,0.30706970355619817,0.553146629099502,0.44685337090049804
renaissance,risque,16,rn,10.6,0.441866785515875,0.5324823167087185,0.4675176832912815
renaissance,risque,16,reconquete,5.2,0.4569005328580141,0.5526250907543689,0.44737490924563106
renaissance,risque,16,nouvelle_energie,11.3,0.24088775604841745,0.614744641554837,0.385255358445163
renaissance,risque,17,lfi,11.6,0.3782336464869478,0.471568506633446,0.5284314933665539
renaissance,risque,17,ecologistes,11.6,0.22935381202336966,0.4010264817395076,0.5989735182604924
renaissance,risque,17,horizons,11.4,0.20673825222413475,0.612988173749144,0.38701182625085595
renaissance,risque,17,lr,9.3,0.40322134757637484,0.5567290901282165,0.4432709098717835
renaissance,risque,17,rn,11.8,0.46,0.5427499380569998,0.4572500619430002
renaissance,risque,17,reconquete,4.9,0.46,0.5590685051820428,0.44093149481795724
renaissance,risque,17,nouvelle_energie,9.5,0.3935046862531022,0.558758636643505,0.441241363356495
renaissance,risque,18,lfi,11.8,0.4479246173314475,0.5376581375158717,0.46234186248412834
renaissance,risque,18,ps,10.6,0.3303797691651639,0.5456335652612401,0.45436643473875993
renaissance,risque,18,ecologistes,9.6,0.4030293566587876,0.5547165283036194,0.4452834716963806
renaissance,risque,18,horizons,12.2,0.15816366568946041,0.4724534380679841,0.5275465619320159
renaissance,risque,18,lr,10.1,0.1728826733953962,0.41464370229117353,0.5853562977088265
renaissance,risque,18,rn,10.1,0.3809697076609171,0.4701768539322048,0.5298231460677951
renaissance,risque,18,reconquete,8.1,0.3176198402201497,0.39806693119785097,0.601933068802149
renaissance,risque,19,lfi,9,0.46,0.5308881074711618,0.4691118925288382
renaissance,risque,19,ps,10.7,0.3452192950234746,0.5328552261784077,0.46714477382159225
renaissance,risque,19,ecologistes,11,0.4101079397553121,0.5383033744909042,0.46169662550909585
renaissance,risque,19,lr,7.7,0.30176970355619814,0.4976053504670702,0.5023946495329298
renaissance,risque,19,rn,10.5,0.436566785515875,0.5031814380020792,0.49681856199792085
renaissance,risque,19,reconquete,9.3,0.45160053285801405,0.49854396844934684,0.5014560315506531
renaissance,risque,19,nouvelle_energie,9.5,0.28558775604841746,0.49273567544266406,0.5072643245573359
renaissance,ideologiquement_coherent,0,lfi,9.6,0.46,0.42318532748867055,0.5768146725113295
renaissance,ideologiquement_coherent,0,ps,9.3,0.3621189020517417,0.34070623674706757,0.6592937632529324
renaissance,ideologiquement_coherent,0,ecologistes,12.5,0.46,0.36191524556969823,0.6380847544303018
renaissance,ideologiquement_coherent,0,horizons,12.8,0.2427046564036718,0.39007264116272206,0.609927358837278
renaissance,ideologiquement_coherent,0,lr,9.6,0.39097265660237984,0.46872442538266695,0.531275574617333
renaissance,ideologiquement_coherent,0,reconquete,8.8,0.31122807153448606,0.5463531323907199,0.4536468676092801
renaissance,ideologiquement_coherent,0,nouvelle_energie,9.2,0.32904543804335196,0.40174993442754403,0.598250065572456
renaissance,ideologiquement_coherent,1,lfi,10.9,0.46,0.5632527627620978,0.4367472372379022
renaissance,ideologiquement_coherent,1,ps,11.6,0.3917404113086113,0.5714624384555265,0.42853756154447353
renaissance,ideologiquement_coherent,1,ecologistes,8.8,0.44983326433407833,0.5863862516394551,0.4136137483605449
renaissance,ideologiquement_coherent,1,horizons,11.7,0.21856834534069733,0.5588513021962752,0.4411486978037248
renaissance,ideologiquement_coherent,1,rn,11.5,0.36367265660237985,0.48285703861258605,0.5171429613874139
renaissance,ideologiquement_coherent,1,reconquete,7.3,0.357144542999036,0.4742116895598056,0.5257883104401944
renaissance,ideologiquement_coherent,1,nouvelle_energie,9.8,0.20118267339539622,0.45878286869844026,0.5412171313015597
renaissance,ideologiquement_coherent,2,lfi,10.7,0.46,0.4145082601998166,0.5854917398001833
renaissance,ideologiquement_coherent,2,ps,7.8,0.40362285401754106,0.3896501118230226,0.6103498881769773
renaissance,ideologiquement_coherent,2,ecologistes,10.3,0.46,0.3563470285312942,0.6436529714687058
renaissance,ideologiquement_coherent,2,horizons,14,0.2537968857708797,0.3872047392355136,0.6127952607644864
renaissance,ideologiquement_coherent,2,lr,12.8,0.3480726566023799,0.5250581713480824,0.4749418286519176
renaissance,ideologiquement_coherent,2,reconquete,4.4,0.26832807153448607,0.6001567349929054,0.39984326500709455
renaissance,ideologiquement_coherent,2,nouvelle_energie,10,0.39325466386296914,0.451771661820904,0.548228338179096
renaissance,ideologiquement_coherent,3,lfi,8.2,0.3427336464869478,0.33106601977915784,0.6689339802208422
renaissance,ideologiquement_coherent,3,ecologistes,11.3,0.2838538120233696,0.28052768068554945,0.7194723193144505
renaissance,ideologiquement_coherent,3,renaissance,13.4,0.4252132534575592,0.4236732731804209,0.5763267268195791
renaissance,ideologiquement_coherent,3,horizons,9.7,0.4506625158141757,0.46279596012132096,0.537204039878679
renaissance,ideologiquement_coherent,3,lr,7.2,0.40337265660237986,0.5265239962541118,0.47347600374588816
renaissance,ideologiquement_coherent,3,reconquete,8.1,0.2736280715344861,0.6589492100130852,0.34105078998691485
renaissance,ideologiquement_coherent,3,nouvelle_energie,12.9,0.43896970766091714,0.5130884908316719,0.48691150916832815
renaissance,ideologiquement_coherent,4,lfi,10.2,0.3675336464869478,0.4635029264935706,0.5364970735064294
renaissance,ideologiquement_coherent,4,ecologistes,11.2,0.3086538120233696,0.4537261361947531,0.5462738638052469
renaissance,ideologiquement_coherent,4,horizons,11.2,0.2459089615099503,0.5714826485632285,0.4285173514367715
renaissance,ideologiquement_coherent,4,lr,9.8,0.3925217638978596,0.5500559561452378,0.44994404385476217
renaissance,ideologiquement_coherent,4,rn,10.8,0.46,0.5347408419992702,0.4652591580007298
renaissance,ideologiquement_coherent,4,reconquete,9.3,0.46,0.5503375215815851,0.4496624784184149
renaissance,ideologiquement_coherent,4,nouvelle_energie,11.1,0.38329529424142544,0.5521338477071104,0.4478661522928896
renaissance,ideologiquement_coherent,5,lfi,8.8,0.46,0.5676745531250909,0.43232544687490915
renaissance,ideologiquement_coherent,5,ps,13.3,0.3778431612539209,0.5706302334901584,0.4293697665098416
renaissance,ideologiquement_coherent,5,ecologistes,8.9,0.4376771303088911,0.5894816572988284,0.4105183427011716
renaissance,ideologiquement_coherent,5,horizons,11,0.15504689099723426,0.5902450984606902,0.4097549015393098
renaissance,ideologiquement_coherent,5,rn,11.1,0.3564726566023798,0.48815010506319895,0.5118498949368011
renaissance,ideologiquement_coherent,5,reconquete,3,0.349944542999036,0.4791407518396527,0.5208592481603473
renaissance,ideologiquement_coherent,5,nouvelle_energie,10.5,0.1439826733953962,0.4257680003499265,0.5742319996500735
renaissance,ideologiquement_coherent,6,lfi,8.9,0.46,0.5652868961289328,0.4347131038710672
renaissance,ideologiquement_coherent,6,ps,9.7,0.3832678284291905,0.5693176719904395,0.4306823280095605
renaissance,ideologiquement_coherent,6,ecologistes,9.9,0.44755941377058794,0.5877868050350997,0.4122131949649003
renaissance,ideologiquement_coherent,6,horizons,13.5,0.16415725688939561,0.5983908867041807,0.4016091132958193
renaissance,ideologiquement_coherent,6,rn,12.7,0.31267265660237986,0.42585667547307593,0.5741433245269241
renaissance,ideologiquement_coherent,6,reconquete,4.5,0.306144542999036,0.41668654753963635,0.5833134524603636
renaissance,ideologiquement_coherent,6,nouvelle_energie,10.9,0.20018267339539622,0.4597214801776583,0.5402785198223417
renaissance,ideologiquement_coherent,7,lfi,9.7,0.46,0.40818397611258933,0.5918160238874106
renaissance,ideologiquement_coherent,7,ps,11.6,0.4132332084634518,0.3854803268255465,0.6145196731744536
renaissance,ideologiquement_coherent,7,ecologistes,8.2,0.46,0.3535004098381952,0.6464995901618048
renaissance,ideologiquement_coherent,7,horizons,11.1,0.194813433435204,0.34703663507900984,0.6529633649209902
renaissance,ideologiquement_coherent,7,lr,12.7,0.39337265660237986,0.45746547499847,0.54253452500153
renaissance,ideologiquement_coherent,7,reconquete,4.1,0.22362807153448602,0.6046240857434235,0.3953759142565765
renaissance,ideologiquement_coherent,7,nouvelle_energie,12.1,0.33208506264286924,0.3936190132628778,0.6063809867371222
renaissance,ideologiquement_coherent,8,lfi,10.7,0.46,0.5319699145751724,0.4680300854248276
renaissance,ideologiquement_coherent,8,ps,9,0.3579865843719018,0.5343370823412905,0.4656629176587095
renaissance,ideologiquement_coherent,8,ecologistes,9,0.4185301330569998,0.5408023030758365,0.45919769692416346
renaissance,ideologiquement_coherent,8,lr,8.4,0.28866970355619814,0.5010288520416656,0.4989711479583344
renaissance,ideologiquement_coherent,8,rn,13.5,0.423466785515875,0.5093960965143862,0.4906039034856138
renaissance,ideologiquement_coherent,8,reconquete,8.2,0.43850053285801405,0.5092011451769033,0.4907988548230967
renaissance,ideologiquement_coherent,8,nouvelle_energie,8.5,0.27248775604841746,0.49969313663098264,0.5003068633690173
renaissance,ideologiquement_coherent,9,lfi,8.9,0.46,0.574424413738615,0.42557558626138503
renaissance,ideologiquement_coherent,9,ps,10.1,0.42024593518062114,0.6023946066216654,0.39760539337833456
renaissance,ideologiquement_coherent,9,ecologistes,10.1,0.46,0.6384769628760179,0.36152303712398215
renaissance,ideologiquement_coherent,9,horizons,11.5,0.19795408418158664,0.6483435427078036,0.3516564572921964
renaissance,ideologiquement_coherent,9,lr,8.9,0.39127265660237986,0.5280530397295264,0.47194696027047356
renaissance,ideologiquement_coherent,9,reconquete,6.5,0.31152807153448603,0.44879983310266114,0.5512001668973389
renaissance,ideologiquement_coherent,9,nouvelle_energie,13.3,0.3818014396798147,0.5455247079197217,0.45447529208027826
renaissance,ideologiquement_coherent,10,lfi,8.5,0.46,0.5901724342576141,0.4098275657423859
renaissance,ideologiquement_coherent,10,ps,12.9,0.4047660364464429,0.6177934636922062,0.3822065363077938
renaissance,ideologiquement_coherent,10,ecologistes,10.5,0.46,0.6504789668368792,0.3495210331631208
renaissance,ideologiquement_coherent,10,horizons,11.5,0.18455604005174872,0.6543187302199899,0.3456812697800101
renaissance,ideologiquement_coherent,10,lr,9.6,0.3361726566023799,0.5897524609084827,0.41024753909151734
renaissance,ideologiquement_coherent,10,reconquete,8.9,0.3064280715344861,0.4592230622459349,0.5407769377540651
renaissance,ideologiquement_coherent,10,nouvelle_energie,8.9,0.37372251489621855,0.5555687607471155,0.4444312392528845
renaissance,ideologiquement_coherent,11,lfi,8.3,0.46,0.5787728185107577,0.4212271814892423
renaissance,ideologiquement_coherent,11,ps,8.9,0.4048308470934311,0.6059533535123062,0.39404664648769383
renaissance,ideologiquement_coherent,11,ecologistes,9.1,0.46,0.64176109528741,0.35823890471259
renaissance,ideologiquement_coherent,11,horizons,13.7,0.24005322293805878,0.6074142225367594,0.39258577746324064
renaissance,ideologiquement_coherent,11,lr,10.6,0.3840726566023799,0.530116776462687,0.46988322353731304
renaissance,ideologiquement_coherent,11,reconquete,8.6,0.30432807153448604,0.44956932136518585,0.5504306786348141
renaissance,ideologiquement_coherent,11,nouvelle_energie,8.9,0.376706073160749,0.547116143583827,0.452883856416173
renaissance,ideologiquement_coherent,12,lfi,9.7,0.39283364648694774,0.38726661914964455,0.6127333808503554
renaissance,ideologiquement_coherent,12,ecologistes,8.2,0.2939538120233696,0.3154864397141651,0.6845135602858349
renaissance,ideologiquement_coherent,12,renaissance,13.2,0.4176543197045678,0.4235593406663423,0.5764406593336577
renaissance,ideologiquement_coherent,12,horizons,12.2,0.4507625158141757,0.46219194117083684,0.5378080588291632
renaissance,ideologiquement_coherent,12,lr,9.9,0.40347265660237985,0.524624061008165,0.47537593899183495
renaissance,ideologiquement_coherent,12,reconquete,5.8,0.27372807153448603,0.6554423949938081,0.3445576050061919
renaissance,ideologiquement_coherent,12,nouvelle_energie,12.9,0.43906970766091713,0.5113966695986804,0.48860333040131965
renaissance,ideologiquement_coherent,13,lfi,7.9,0.46,0.568415406769463,0.431584593230537
renaissance,ideologiquement_coherent,13,ps,9.7,0.4191884479912561,0.5993824458182041,0.4006175541817959
renaissance,ideologiquement_coherent,13,ecologistes,12.5,0.46,0.6319240825023188,0.3680759174976812
renaissance,ideologiquement_coherent,13,horizons,10,0.19240754254094103,0.6461682632671224,0.3538317367328776
renaissance,ideologiquement_coherent,13,lr,9.4,0.3908726566023799,0.5265515957136656,0.4734484042863344
renaissance,ideologiquement_coherent,13,reconquete,6.2,0.3111280715344861,0.4474207610504054,0.5525792389495946
renaissance,ideologiquement_coherent,13,nouvelle_energie,12.2,0.37787497321547003,0.5436034262139631,0.45639657378603693
renaissance,ideologiquement_coherent,14,lfi,11.4,0.46,0.4135448695380378,0.5864551304619622
renaissance,ideologiquement_coherent,14,ps,10.8,0.34809701285553346,0.3352789722078866,0.6647210277921134
renaissance,ideologiquement_coherent,14,ecologistes,7.3,0.4591605806511564,0.35384288097447025,0.6461571190255297
renaissance,ideologiquement_coherent,14,horizons,10.6,0.1868978019481807,0.34898023093798536,0.6510197690620146
renaissance,ideologiquement_coherent,14,lr,11.2,0.3837726566023799,0.4644167749667897,0.5355832250332103
renaissance,ideologiquement_coherent,14,reconquete,6.1,0.3040280715344861,0.5386980474600517,0.4613019525399483
renaissance,ideologiquement_coherent,14,nouvelle_energie,13.7,0.37538972947170723,0.44818895138954673,0.5518110486104533
renaissance,ideologiquement_coherent,15,lfi,12.2,0.3127336464869478,0.41369809195376833,0.5863019080462317
renaissance,ideologiquement_coherent,15,ecologistes,7.5,0.2538538120233696,0.4249664158039006,0.5750335841960994
renaissance,ideologiquement_coherent,15,horizons,9.5,0.18978931638408378,0.6124047449220146,0.3875952550779854
renaissance,ideologiquement_coherent,15,lr,11.4,0.3916794794344307,0.5550300991249275,0.4449699008750725
renaissance,ideologiquement_coherent,15,rn,11.3,0.46,0.5379183190344904,0.4620816809655096
renaissance,ideologiquement_coherent,15,reconquete,8.8,0.46,0.5562230992234098,0.44377690077659016
renaissance,ideologiquement_coherent,15,nouvelle_energie,8.3,0.3289349398045436,0.6100337883881716,0.38996621161182843
renaissance,ideologiquement_coherent,16,lfi,11.1,0.3591336464869478,0.536862101057975,0.46313789894202495
renaissance,ideologiquement_coherent,16,ecologistes,11.4,0.2102538120233696,0.6037963950776458,0.3962036049223542
renaissance,ideologiquement_coherent,16,horizons,9.7,0.17338636311260233,0.38580027855881505,0.614199721441185
renaissance,ideologiquement_coherent,16,lr,11.2,0.3741374861869066,0.4416594408755764,0.5583405591244236
renaissance,ideologiquement_coherent,16,rn,11.9,0.46,0.4594491023521528,0.5405508976478473
renaissance,ideologiquement_coherent,16,reconquete,8.6,0.46,0.43979585139260124,0.5602041486073988
renaissance,ideologiquement_coherent,16,nouvelle_energie,8.6,0.3587725882382145,0.4385964699369072,0.5614035300630928
renaissance,ideologiquement_coherent,17,lfi,11.1,0.46,0.5723361942362555,0.4276638057637445
renaissance,ideologiquement_coherent,17,ps,10.9,0.41325014474320143,0.5994130466010705,0.40058695339892947
renaissance,ideologiquement_coherent,17,ecologistes,9.4,0.46,0.6307563328799777,0.3692436671200223
renaissance,ideologiquement_coherent,17,horizons,10.5,0.2430262808427234,0.6075870301975794,0.3924129698024206
renaissance,ideologiquement_coherent,17,lr,9.4,0.3919726566023799,0.5267190155958982,0.4732809844041018
renaissance,ideologiquement_coherent,17,reconquete,7,0.2622280715344861,0.39357130986984246,0.6064286901301575
renaissance,ideologiquement_coherent,17,nouvelle_energie,9.3,0.3800962695677924,0.5433749644525904,0.45662503554740963
renaissance,ideologiquement_coherent,18,lfi,7.8,0.46,0.5759398479904219,0.42406015200957814
renaissance,ideologiquement_coherent,18,ps,11.8,0.3561640986604309,0.6576319562298276,0.3423680437701724
renaissance,ideologiquement_coherent,18,ecologistes,8.2,0.46,0.6345519981976715,0.3654480018023285
renaissance,ideologiquement_coherent,18,horizons,11,0.20614307724354827,0.6452020532009204,0.3547979467990796
renaissance,ideologiquement_coherent,18,lr,11.4,0.38927265660237986,0.5274730801307445,0.47252691986925555
renaissance,ideologiquement_coherent,18,reconquete,6.2,0.21952807153448603,0.3732130327801594,0.6267869672198406
renaissance,ideologiquement_coherent,18,nouvelle_energie,12.4,0.3404245508321377,0.5950215572991876,0.4049784427008124
renaissance,ideologiquement_coherent,19,lfi,12.9,0.46,0.5454302775335719,0.4545697224664281
renaissance,ideologiquement_coherent,19,ps,12.1,0.292405080101574,0.6074074472409718,0.39259255275902816
renaissance,ideologiquement_coherent,19,ecologistes,10.3,0.4019800045011198,0.5684883936958005,0.4315116063041995
renaissance,ideologiquement_coherent,19,horizons,10.8,0.14193976460787602,0.5753178778410043,0.4246821221589957
renaissance,ideologiquement_coherent,19,lr,8.6,0.1556826733953962,0.4272593670855296,0.5727406329144704
renaissance,ideologiquement_coherent,19,rn,12.2,0.3637697076609171,0.47917023862465696,0.520829761375343
renaissance,ideologiquement_coherent,19,reconquete,3.9,0.3504198402201497,0.4686563404388612,0.5313436595611388
renaissance,opportuniste_electoral,0,lfi,10.9,0.46,0.5676062894418502,0.4323937105581498
renaissance,opportuniste_electoral,0,ps,10.5,0.4036010582242959,0.6024186837534339,0.3975813162465661
renaissance,opportuniste_electoral,0,ecologistes,10.4,0.46,0.6333196779194981,0.36668032208050194
renaissance,opportuniste_electoral,0,horizons,8.1,0.2465783605477674,0.6046614920419888,0.3953385079580112
renaissance,opportuniste_electoral,0,lr,12.3,0.33919323950245744,0.5805741453926727,0.4194258546073273
renaissance,opportuniste_electoral,0,reconquete,5.6,0.2599280715344861,0.39553174546435094,0.604468254535649
renaissance,opportuniste_electoral,0,nouvelle_energie,11.9,0.3311783398309092,0.5954421308146097,0.4045578691853903
renaissance,opportuniste_electoral,1,lfi,10.5,0.46,0.4584624884267993,0.5415375115732006
renaissance,opportuniste_electoral,1,ps,9.4,0.46,0.43791069053506804,0.562089309464932
renaissance,opportuniste_electoral,1,ecologistes,9.4,0.46,0.41263054917298214,0.5873694508270179
renaissance,opportuniste_electoral,1,renaissance,10.4,0.35723970140323785,0.4109846871475091,0.5890153128524909
renaissance,opportuniste_electoral,1,horizons,12.7,0.2960877560484174,0.42421097109814504,0.575789028901855
renaissance,opportuniste_electoral,1,lr,12.1,0.2383826733953962,0.4359373510029337,0.5640626489970664
renaissance,opportuniste_electoral,1,reconquete,6.9,0.23112807153448606,0.5643981177119977,0.43560188228800234
renaissance,opportuniste_electoral,2,lfi,10.4,0.46,0.5796685695737157,0.4203314304262843
renaissance,opportuniste_electoral,2,ps,10.2,0.39471583335911076,0.6071843741935812,0.3928156258064188
renaissance,opportuniste_electoral,2,ecologistes,10.2,0.46,0.6391759001240637,0.36082409987593633
renaissance,opportuniste_electoral,2,horizons,11.3,0.2678107483731383,0.6032011028730625,0.3967988971269375
renaissance,opportuniste_electoral,2,lr,8.1,0.4002726566023799,0.5258002428857139,0.4741997571142861
renaissance,opportuniste_electoral,2,reconquete,9.9,0.27052807153448605,0.39525153524331436,0.6047484647566856
renaissance,opportuniste_electoral,2,nouvelle_energie,8.5,0.40611066100611315,0.5409175351098815,0.4590824648901185
renaissance,opportuniste_electoral,3,lfi,8.4,0.45157905288673666,0.45044048472654863,0.5495595152734514
renaissance,opportuniste_electoral,3,ps,10.9,0.32721224097832335,0.44381733925526223,0.5561826607447378
renaissance,opportuniste_electoral,3,ecologistes,8.7,0.3969774580789124,0.4325949725250703,0.5674050274749297
renaissance,opportuniste_electoral,3,horizons,8.8,0.16147448387843547,0.42968439069357306,0.570315609306427
renaissance,opportuniste_electoral,3,lr,12.4,0.16398267339539624,0.5704749092658412,0.4295250907341588
renaissance,opportuniste_electoral,3,rn,14.5,0.3720697076609171,0.5160957012716314,0.4839042987283686
renaissance,opportuniste_electoral,3,reconquete,7.2,0.3087198402201497,0.5881080843300842,0.4118919156699158
renaissance,opportuniste_electoral,4,lfi,12.2,0.46,0.5452958065087803,0.4547041934912197
renaissance,opportuniste_electoral,4,ps,8.6,0.46,0.5654959170576236,0.4345040829423764
renaissance,opportuniste_electoral,4,ecologistes,10.5,0.46,0.5921158406388947,0.40788415936110534
renaissance,opportuniste_electoral,4,renaissance,13,0.3515222929887402,0.5947102698001481,0.4052897301998519
renaissance,opportuniste_electoral,4,horizons,10,0.24808775604841748,0.6310041962277543,0.3689958037722457
renaissance,opportuniste_electoral,4,lr,12.1,0.24038267339539623,0.5661027459354645,0.4338972540645355
renaissance,opportuniste_electoral,4,reconquete,7.2,0.2831280715344861,0.49299314191077814,0.5070068580892219
renaissance,opportuniste_electoral,5,ps,12.4,0.3686336464869478,0.5094930015613371,0.49050699843866286
renaissance,opportuniste_electoral,5,ecologistes,11.8,0.3856082887331051,0.5002279173032952,0.4997720826967048
renaissance,opportuniste_electoral,5,horizons,10.2,0.25355265493366047,0.6120249886356058,0.38797501136439416
renaissance,opportuniste_electoral,5,lr,8.3,0.4020867246203799,0.5891233865192557,0.41087661348074433
renaissance,opportuniste_electoral,5,rn,13.4,0.46,0.5526439180299396,0.4473560819700604
renaissance,opportuniste_electoral,5,reconquete,5,0.46,0.5753929305803018,0.42460706941969817
renaissance,opportuniste_electoral,5,nouvelle_energie,11.8,0.3908891601880343,0.5926530035052004,0.40734699649479955
renaissance,opportuniste_electoral,6,lfi,12.7,0.46,0.5332970573102673,0.46670294268973267
renaissance,opportuniste_electoral,6,ps,8.3,0.36436313426308153,0.5336968088658123,0.4663031911341877
renaissance,opportuniste_electoral,6,ecologistes,6.6,0.43054355117891635,0.538974289365325,0.461025710634675
renaissance,opportuniste_electoral,6,lr,12.5,0.25716970355619817,0.4521555082810065,0.5478444917189935
renaissance,opportuniste_electoral,6,rn,9.5,0.441966785515875,0.5104343128800916,0.48956568711990844
renaissance,opportuniste_electoral,6,reconquete,8.3,0.45700053285801406,0.5072419741404606,0.49275802585953943
renaissance,opportuniste_electoral,6,nouvelle_energie,8.1,0.2909877560484174,0.49738692740924273,0.5026130725907573
renaissance,opportuniste_electoral,6,reconquete_dissidence_15,7.7,0.45700053285801406,0.5087198370834646,0.4912801629165354
renaissance,opportuniste_electoral,7,ps,9.3,0.38153364648694776,0.40596295713911107,0.594037042860889
renaissance,opportuniste_electoral,7,ecologistes,12,0.39850828873310506,0.3660680697669022,0.6339319302330978
renaissance,opportuniste_electoral,7,renaissance,11.1,0.46,0.4726526191863383,0.5273473808136617
renaissance,opportuniste_electoral,7,horizons,10.4,0.46,0.5069983292225563,0.4930016707774437
renaissance,opportuniste_electoral,7,lr,12.3,0.3921726566023798,0.5646323489868226,0.4353676510131774
renaissance,opportuniste_electoral,7,reconquete,9.3,0.22242807153448604,0.6895565528664341,0.31044344713356586
renaissance,opportuniste_electoral,7,nouvelle_energie,7.7,0.4277697076609171,0.5522463410029154,0.44775365899708464
renaissance,opportuniste_electoral,8,lfi,12.1,0.39183364648694785,0.61058419830895,0.38941580169104995
renaissance,opportuniste_electoral,8,ecologistes,8.2,0.3329538120233696,0.66696054376561,0.33303945623439
renaissance,opportuniste_electoral,8,renaissance,11.9,0.3960860123767933,0.5772168339934632,0.42278316600653676
renaissance,opportuniste_electoral,8,horizons,12.1,0.4497625158141757,0.5355637959101316,0.4644362040898684
renaissance,opportuniste_electoral,8,lr,8.7,0.40247265660237985,0.4719518577298828,0.5280481422701172
renaissance,opportuniste_electoral,8,reconquete,7.9,0.3227280715344861,0.398466434179537,0.601533565820463
renaissance,opportuniste_electoral,8,nouvelle_energie,12,0.43806970766091713,0.4852991887694055,0.5147008112305945
renaissance,opportuniste_electoral,9,lfi,9.6,0.3543082887331051,0.4649962950726562,0.5350037049273437
renaissance,opportuniste_electoral,9,ps,11.9,0.2384538120233696,0.453289909589986,0.546710090410014
renaissance,opportuniste_electoral,9,horizons,10.6,0.22269852477361976,0.5785645259998345,0.42143547400016546
renaissance,opportuniste_electoral,9,lr,10.1,0.3641230492081496,0.5697042567857027,0.4302957432142973
renaissance,opportuniste_electoral,9,rn,10,0.46,0.5626337841942238,0.43736621580577617
renaissance,opportuniste_electoral,9,reconquete,9.5,0.46,0.579441506121248,0.420558493878752
renaissance,opportuniste_electoral,9,nouvelle_energie,10.9,0.3076201091061201,0.6226605761772405,0.37733942382275953
renaissance,opportuniste_electoral,10,lfi,10.2,0.46,0.52355916238064,0.47644083761935996
renaissance,opportuniste_electoral,10,ps,13.4,0.29080143677312764,0.5794490677102522,0.4205509322897478
renaissance,opportuniste_electoral,10,ecologistes,7.5,0.4088020853592968,0.5308981851172334,0.4691018148827666
renaissance,opportuniste_electoral,10,lr,12.2,0.30306970355619817,0.4899223260505119,0.5100776739494881
renaissance,opportuniste_electoral,10,rn,10.8,0.437866785515875,0.4963904750997607,0.5036095249002392
renaissance,opportuniste_electoral,10,reconquete,6.9,0.45290053285801407,0.490528091562587,0.5094719084374131
renaissance,opportuniste_electoral,10,nouvelle_energie,9.8,0.19688775604841743,0.4135712947137114,0.5864287052862887
renaissance,opportuniste_electoral,11,lfi,9.9,0.46,0.47548809247845303,0.524511907521547
renaissance,opportuniste_electoral,11,ps,10.6,0.46,0.47886429686676946,0.5211357031332305
renaissance,opportuniste_electoral,11,ecologistes,11.1,0.46,0.4709059403739046,0.5290940596260953
renaissance,opportuniste_electoral,11,renaissance,12,0.33481784807714243,0.4798761819345029,0.5201238180654971
renaissance,opportuniste_electoral,11,horizons,10.6,0.21998775604841742,0.4328072095716661,0.5671927904283339
renaissance,opportuniste_electoral,11,rn,11.8,0.33477265660237987,0.49555503630715736,0.5044449636928426
renaissance,opportuniste_electoral,11,reconquete,7.5,0.32824454299903594,0.49357186643874984,0.5064281335612502
renaissance,opportuniste_electoral,12,lfi,11.1,0.46,0.5388581056620982,0.46114189433790176
renaissance,opportuniste_electoral,12,ps,11.8,0.2924325669673399,0.6009126673047522,0.39908733269524777
renaissance,opportuniste_electoral,12,ecologistes,10.1,0.4105671519768547,0.5586364927478428,0.44136350725215723
renaissance,opportuniste_electoral,12,horizons,10.7,0.18164009740876372,0.4812566272515768,0.5187433727484232
renaissance,opportuniste_electoral,12,lr,11.8,0.19137769055293236,0.4374614512509861,0.5625385487490139
renaissance,opportuniste_electoral,12,rn,11.5,0.3894647248184533,0.4712853704529656,0.5287146295470344
renaissance,opportuniste_electoral,12,reconquete,5.6,0.37611485737768585,0.4568283258758858,0.5431716741241142
renaissance,opportuniste_electoral,13,lfi,8.3,0.46,0.45345547475928416,0.5465445252407158
renaissance,opportuniste_electoral,13,ps,11.2,0.4194625158141757,0.4259148715226857,0.5740851284773143
renaissance,opportuniste_electoral,13,ecologistes,7.1,0.46,0.39726590928784716,0.6027340907121528
renaissance,opportuniste_electoral,13,renaissance,12.4,0.24731483950692915,0.3791635579287273,0.6208364420712726
renaissance,opportuniste_electoral,13,lr,13.1,0.2735697035561982,0.42157372093502254,0.5784262790649775
renaissance,opportuniste_electoral,13,reconquete,7,0.24242807153448603,0.6050579516600149,0.39494204833998514
renaissance,opportuniste_electoral,13,nouvelle_energie,12.3,0.2573877560484174,0.40288909649449145,0.5971109035055086
renaissance,opportuniste_electoral,14,ps,9.4,0.33513364648694777,0.5358245767772002,0.4641754232227998
renaissance,opportuniste_electoral,14,ecologistes,9.1,0.3021082887331051,0.6027091215759265,0.3972908784240735
renaissance,opportuniste_electoral,14,renaissance,13.2,0.2476246177431508,0.43131447489836516,0.5686855251016348
renaissance,opportuniste_electoral,14,lr,11.3,0.24716970355619822,0.36311915414326235,0.6368808458567377
renaissance,opportuniste_electoral,14,rn,10.7,0.431966785515875,0.46224016975572013,0.5377598302442799
renaissance,opportuniste_electoral,14,reconquete,7.5,0.4470005328580141,0.4374065495639492,0.5625934504360508
renaissance,opportuniste_electoral,14,nouvelle_energie,11,0.23098775604841743,0.3591511488326617,0.6408488511673383
renaissance,opportuniste_electoral,15,lfi,11,0.46,0.5820741344363488,0.4179258655636512
renaissance,opportuniste_electoral,15,ps,11.4,0.3537880646738997,0.6627350598653292,0.3372649401346708
renaissance,opportuniste_electoral,15,ecologistes,10.8,0.46,0.6400274969086972,0.3599725030913028
renaissance,opportuniste_electoral,15,horizons,10.9,0.24298705369536142,0.6117262662587151,0.38827373374128493
renaissance,opportuniste_electoral,15,lr,8,0.3929726566023799,0.5331473422309093,0.4668526577690907
renaissance,opportuniste_electoral,15,reconquete,8.9,0.31322807153448606,0.458338811648436,0.5416611883515641
renaissance,opportuniste_electoral,15,nouvelle_energie,12.2,0.38195931671282723,0.5486384942166672,0.4513615057833328
renaissance,opportuniste_electoral,16,lfi,12.1,0.45756949698571703,0.5492551765436258,0.45074482345637423
renaissance,opportuniste_electoral,16,ps,11.3,0.32549023307526537,0.5533021248031291,0.4466978751968709
renaissance,opportuniste_electoral,16,ecologistes,8.1,0.39053063403018073,0.5699241064602806,0.4300758935397194
renaissance,opportuniste_electoral,16,horizons,10.9,0.24195765860859011,0.5361055178532205,0.46389448214677953
renaissance,opportuniste_electoral,16,lr,9.4,0.1803826733953962,0.41925963915809145,0.5807403608419086
renaissance,opportuniste_electoral,16,rn,10.6,0.38846970766091715,0.4745776570145819,0.5254223429854181
renaissance,opportuniste_electoral,16,reconquete,7,0.37511984022014966,0.459103490501442,0.540896509498558
renaissance,opportuniste_electoral,17,lfi,8.8,0.46,0.4779364201360453,0.5220635798639547
renaissance,opportuniste_electoral,17,ps,11.2,0.303654046921766,0.4211268804735604,0.5788731195264396
renaissance,opportuniste_electoral,17,ecologistes,10.4,0.4180807175327945,0.4693613483737464,0.5306386516262536
renaissance,opportuniste_electoral,17,lr,11.3,0.2588697035561982,0.561345136891332,0.43865486310866797
renaissance,opportuniste_electoral,17,rn,12.1,0.443666785515875,0.5062034034475272,0.49379659655247277
renaissance,opportuniste_electoral,17,reconquete,6.4,0.4587005328580141,0.5113886959166097,0.48861130408339026
renaissance,opportuniste_electoral,17,nouvelle_energie,12.8,0.24268775604841747,0.568058315022931,0.431941684977069
renaissance,opportuniste_electoral,18,lfi,9.8,0.46,0.5554889224414241,0.4445110775585759
renaissance,opportuniste_electoral,18,ps,12.4,0.4204625158141757,0.5814528354716016,0.41854716452839835
renaissance,opportuniste_electoral,18,ecologistes,9.6,0.46,0.6118840933991465,0.3881159066008535
renaissance,opportuniste_electoral,18,renaissance,11.4,0.24487433798191485,0.6263691585203786,0.37363084147962144
renaissance,opportuniste_electoral,18,lr,9.9,0.2745697035561982,0.5833258076198833,0.4166741923801167
renaissance,opportuniste_electoral,18,reconquete,8.3,0.24342807153448615,0.39920543964313776,0.6007945603568623
renaissance,opportuniste_electoral,18,nouvelle_energie,11.8,0.3083877560484175,0.5557938736642397,0.4442061263357603
renaissance,opportuniste_electoral,19,ps,11.4,0.30983364648694783,0.44971541394977804,0.5502845860502219
renaissance,opportuniste_electoral,19,ecologistes,7.2,0.32680828873310513,0.4362169601841718,0.5637830398158282
renaissance,opportuniste_electoral,19,horizons,10.4,0.16785916914686458,0.6474870950315007,0.3525129049684993
renaissance,opportuniste_electoral,19,lr,10.9,0.3711202691484248,0.5863395099211832,0.4136604900788168
renaissance,opportuniste_electoral,19,rn,12.3,0.46,0.5475472124547428,0.4524527875452572
renaissance,opportuniste_electoral,19,reconquete,8.5,0.46,0.5707149732317907,0.42928502676820934
renaissance,opportuniste_electoral,19,nouvelle_energie,9.9,0.35610552637712267,0.5904774425562475,0.40952255744375254
renaissance,parti_dabord,0,ps,10.7,0.33203364648694783,0.3415325425057305,0.6584674574942695
renaissance,parti_dabord,0,ecologistes,12,0.3990082887331051,0.35628875419690786,0.6437112458030921
renaissance,parti_dabord,0,renaissance,12.8,0.46,0.4722359068249724,0.5277640931750276
renaissance,parti_dabord,0,horizons,12.8,0.46,0.5022561591572126,0.49774384084278744
renaissance,parti_dabord,0,lr,12.8,0.3926726566023798,0.5605373405047793,0.4394626594952207
renaissance,parti_dabord,0,reconquete,2.9,0.2629280715344861,0.6721727865332014,0.32782721346679855
renaissance,parti_dabord,0,nouvelle_energie,8,0.4282697076609171,0.548885718558088,0.451114281441912
renaissance,parti_dabord,1,lfi,11.5,0.46,0.5708146956813118,0.4291853043186882
renaissance,parti_dabord,1,ps,12,0.4035326580321043,0.5993458095443136,0.4006541904556864
renaissance,parti_dabord,1,ecologistes,11.7,0.46,0.6302062584790342,0.3697937415209658
renaissance,parti_dabord,1,horizons,9.6,0.26340553958003404,0.5989136991002726,0.4010863008997274
renaissance,parti_dabord,1,lr,7,0.39807265660237984,0.5215538226509716,0.4784461773490284
renaissance,parti_dabord,1,reconquete,6.2,0.31832807153448606,0.43894767395602224,0.5610523260439777
renaissance,parti_dabord,1,nouvelle_energie,11.2,0.40001706037546597,0.5373688271859872,0.4626311728140128
renaissance,parti_dabord,2,lfi,8.9,0.3760336464869478,0.4689322270088119,0.5310677729911881
renaissance,parti_dabord,2,ecologistes,10.6,0.2771538120233696,0.4367181360667211,0.5632818639332788
renaissance,parti_dabord,2,horizons,8.8,0.2663062687109236,0.5692686301475927,0.43073136985240734
renaissance,parti_dabord,2,lr,9.7,0.4024783002652603,0.5516184608894699,0.44838153911053014
renaissance,parti_dabord,2,rn,11.6,0.46,0.5394150112016436,0.4605849887983564
renaissance,parti_dabord,2,reconquete,8,0.46,0.5539949722368169,0.44600502776318307
renaissance,parti_dabord,2,nouvelle_energie,11.5,0.34908519746558614,0.6068110674631664,0.3931889325368336
renaissance,parti_dabord,3,lfi,12.8,0.3162336464869478,0.6552907617353242,0.3447092382646758
renaissance,parti_dabord,3,ecologistes,7.5,0.25735381202336965,0.6717930950213964,0.3282069049786036
renaissance,parti_dabord,3,renaissance,12.7,0.38511561663921523,0.50851909010416,0.49148090989584003
renaissance,parti_dabord,3,horizons,11.1,0.3282697035561982,0.47945134909968273,0.5205486509003172
renaissance,parti_dabord,3,rn,12,0.3768726566023799,0.44046399649870394,0.5595360035012961
renaissance,parti_dabord,3,reconquete,5,0.37034454299903596,0.41311039319752163,0.5868896068024784
renaissance,parti_dabord,3,nouvelle_energie,10.7,0.2543826733953962,0.42186559561275216,0.5781344043872478
renaissance,parti_dabord,4,lfi,8.9,0.45527859949136623,0.5475274004576832,0.4524725995423168
renaissance,parti_dabord,4,ps,10.7,0.34556062875370247,0.5474059741906343,0.4525940258093657
renaissance,parti_dabord,4,ecologistes,8.9,0.4130894316832145,0.5627270960517462,0.4372729039482538
renaissance,parti_dabord,4,horizons,12,0.19420156034333338,0.5316043468213653,0.46839565317863474
renaissance,parti_dabord,4,lr,11.5,0.1836826733953962,0.4460537191001634,0.5539462808998366
renaissance,parti_dabord,4,rn,10.5,0.3817697076609171,0.4828044521057079,0.5171955478942921
renaissance,parti_dabord,4,reconquete,7.9,0.3684198402201497,0.4698075908931086,0.5301924091068915
renaissance,parti_dabord,5,lfi,9.7,0.46,0.5814567666157814,0.4185432333842186
renaissance,parti_dabord,5,ps,11.1,0.3739064392359792,0.6088251778260384,0.3911748221739616
renaissance,parti_dabord,5,ecologistes,11.2,0.44269860177745834,0.6402833142591073,0.35971668574089266
renaissance,parti_dabord,5,horizons,12.3,0.27516346616957305,0.6023515472887927,0.3976484527112073
renaissance,parti_dabord,5,lr,11.7,0.3450726566023799,0.465069258210756,0.5349307417892439
renaissance,parti_dabord,5,reconquete,4.1,0.26532807153448607,0.39301228873450045,0.6069877112654996
renaissance,parti_dabord,5,nouvelle_energie,12.5,0.36172634427382305,0.5914918283976262,0.40850817160237385
renaissance,parti_dabord,6,lfi,7.7,0.37043364648694777,0.4562561769210772,0.5437438230789229
renaissance,parti_dabord,6,ecologistes,7.1,0.22155381202336963,0.39499243263279504,0.605007567367205
renaissance,parti_dabord,6,horizons,12.9,0.19535571843987434,0.6051282355024663,0.3948717644975337
renaissance,parti_dabord,6,lr,6.5,0.394368227614168,0.5469048802848652,0.45309511971513483
renaissance,parti_dabord,6,rn,10.6,0.46,0.5301474709711066,0.4698525290288934
renaissance,parti_dabord,6,reconquete,6.3,0.46,0.5455062828236468,0.45449371717635323
renaissance,parti_dabord,6,nouvelle_energie,9.4,0.33415760149542556,0.6030269539233128,0.39697304607668715
renaissance,parti_dabord,6,reconquete_dissidence_19,9.5,0.46,0.5414847520041032,0.4585152479958968
renaissance,parti_dabord,7,lfi,9.7,0.33412803100118227,0.3767975532449785,0.6232024467550215
renaissance,parti_dabord,7,ecologistes,10.2,0.2852481965376041,0.4149358496071505,0.5850641503928495
renaissance,parti_dabord,7,horizons,9.8,0.2339846762015427,0.5574992738425942,0.44250072615740577
renaissance,parti_dabord,7,lr,9.3,0.337144965808161,0.5968498009700285,0.4031501990299715
renaissance,parti_dabord,7,rn,14.1,0.46,0.5164025821326645,0.48359741786733546
renaissance,parti_dabord,7,reconquete,5.9,0.46,0.5336569632844377,0.4663430367155623
renaissance,parti_dabord,7,nouvelle_energie,11.3,0.3710241042363686,0.5428185834641267,0.4571814165358733
renaissance,parti_dabord,8,lfi,11.2,0.3164336464869478,0.41034788703608094,0.5896521129639191
renaissance,parti_dabord,8,ecologistes,8.4,0.26755381202336964,0.4405470081266647,0.5594529918733353
renaissance,parti_dabord,8,horizons,10.8,0.261020470491728,0.5684190402105704,0.43158095978942956
renaissance,parti_dabord,8,lr,9.1,0.4041909542040041,0.5492781059618583,0.45072189403814167
renaissance,parti_dabord,8,rn,10.7,0.46,0.5354849828783146,0.4645150171216854
renaissance,parti_dabord,8,reconquete,8.4,0.46,0.5499813081787823,0.4500186918212177
renaissance,parti_dabord,8,nouvelle_energie,11.5,0.396843725319005,0.5509683149373282,0.44903168506267177
renaissance,parti_dabord,9,lfi,9.6,0.46,0.5806895003418799,0.41931049965812006
renaissance,parti_dabord,9,ps,10.5,0.41268652560060815,0.6090497020445932,0.3909502979554068
renaissance,parti_dabord,9,ecologistes,8.1,0.46,0.6404336817637815,0.35956631823621854
renaissance,parti_dabord,9,horizons,10.8,0.18394463094332128,0.6531499143441909,0.3468500856558091
renaissance,parti_dabord,9,lr,11.9,0.3836605435720769,0.538393066548734,0.461606933451266
renaissance,parti_dabord,9,reconquete,2.4,0.22722807153448607,0.3888069065086207,0.6111930934913793
renaissance,parti_dabord,9,nouvelle_energie,8.9,0.3691364417110836,0.5542125592532686,0.4457874407467314
renaissance,parti_dabord,9,reconquete_dissidence_23,7,0.31722807153448607,0.46548849260635994,0.5345115073936401
renaissance,parti_dabord,10,lfi,10.2,0.46,0.5359302300493148,0.46406976995068516
renaissance,parti_dabord,10,ps,12.3,0.3028100626223737,0.5871903628476541,0.41280963715234587
renaissance,parti_dabord,10,ecologistes,10.4,0.420391767361314,0.541373688160766,0.45862631183923397
renaissance,parti_dabord,10,lr,8.7,0.3029697035561982,0.5039062474474176,0.49609375255258237
renaissance,parti_dabord,10,rn,11.1,0.437766785515875,0.5117100077366638,0.48828999226333625
renaissance,parti_dabord,10,reconquete,4.4,0.4528005328580141,0.5074886181127808,0.4925113818872192
renaissance,parti_dabord,10,nouvelle_energie,12.5,0.28678775604841744,0.49604621209331234,0.5039537879066877
renaissance,parti_dabord,11,lfi,9.6,0.46,0.5833523764396791,0.4166476235603209
renaissance,parti_dabord,11,ps,12,0.4038575528235461,0.6099244497864624,0.39007555021353757
renaissance,parti_dabord,11,ecologistes,10.6,0.46,0.6421947772598687,0.35780522274013127
renaissance,parti_dabord,11,horizons,12,0.20494759628335255,0.6495646526448039,0.3504353473551961
renaissance,parti_dabord,11,lr,10.5,0.3447726566023798,0.5845877229657538,0.4154122770342462
renaissance,parti_dabord,11,reconquete,3.6,0.2650280715344861,0.39997104730389466,0.6000289526961053
renaissance,parti_dabord,11,nouvelle_energie,11.7,0.3901010556744834,0.548469344698409,0.451530655301591
renaissance,parti_dabord,12,lfi,12,0.46,0.5358974042517379,0.46410259574826207
renaissance,parti_dabord,12,ps,11.8,0.3226829628623352,0.6076077359460655,0.39239226405393446
renaissance,parti_dabord,12,ecologistes,8.2,0.43812486751706325,0.5673245836727713,0.4326754163272287
renaissance,parti_dabord,12,horizons,11.3,0.2564200624537218,0.526791425273946,0.47320857472605404
renaissance,parti_dabord,12,rn,11.5,0.33227265660237987,0.38864859936550145,0.6113514006344986
renaissance,parti_dabord,12,reconquete,7.5,0.375744542999036,0.4314392549835956,0.5685607450164044
renaissance,parti_dabord,12,nouvelle_energie,9.5,0.16978267339539624,0.38995337572489963,0.6100466242751004
renaissance,parti_dabord,13,lfi,9.4,0.46,0.5620980485331946,0.43790195146680544
renaissance,parti_dabord,13,ps,9.8,0.413024409865155,0.5909811692563937,0.40901883074360634
renaissance,parti_dabord,13,ecologistes,11.1,0.46,0.6206789200768272,0.37932107992317277
renaissance,parti_dabord,13,horizons,10.8,0.20001751089090855,0.6373906845931393,0.3626093154068607
renaissance,parti_dabord,13,lr,12.3,0.39925218956384234,0.5167687415652765,0.4832312584347235
renaissance,parti_dabord,13,reconquete,4.5,0.3261280715344861,0.4338458190005843,0.5661541809994157
renaissance,parti_dabord,13,nouvelle_energie,9.8,0.33803558575621734,0.5869577012055789,0.4130422987944211
renaissance,parti_dabord,14,lfi,7.8,0.46,0.570987773151033,0.429012226848967
renaissance,parti_dabord,14,ps,9.2,0.410091619455509,0.6028953003658308,0.39710469963416917
renaissance,parti_dabord,14,ecologistes,12.7,0.46,0.6340853602161104,0.3659146397838896
renaissance,parti_dabord,14,horizons,13.3,0.20578583916417723,0.645411400617491,0.354588599382509
renaissance,parti_dabord,14,lr,9.5,0.3421770118954957,0.5810862921485119,0.41891370785148807
renaissance,parti_dabord,14,reconquete,7.6,0.27352807153448605,0.3965829739469477,0.6034170260530523
renaissance,parti_dabord,14,nouvelle_energie,9.4,0.3849999825665801,0.5431572124277378,0.45684278757226215
renaissance,parti_dabord,15,lfi,9.2,0.46,0.5756922113125136,0.4243077886874864
renaissance,parti_dabord,15,ps,12.7,0.3863490413629993,0.6033205324855759,0.39667946751442407
renaissance,parti_dabord,15,ecologistes,9.1,0.45617925020937267,0.6354863495997312,0.36451365040026884
renaissance,parti_dabord,15,horizons,12.5,0.22752859524168587,0.6406292076285681,0.3593707923714319
renaissance,parti_dabord,15,lr,7.9,0.4088726566023798,0.5154890235556611,0.48451097644433894
renaissance,parti_dabord,15,reconquete,8.3,0.3291280715344861,0.4343021358917297,0.5656978641082703
renaissance,parti_dabord,15,nouvelle_energie,11.9,0.4126083161234938,0.5316163014886542,0.46838369851134576
renaissance,parti_dabord,16,lfi,10.4,0.3768336464869478,0.45487239945470664,0.5451276005452934
renaissance,parti_dabord,16,ecologistes,10.2,0.2279538120233696,0.38480884891028355,0.6151911510897164
renaissance,parti_dabord,16,horizons,11.2,0.20278571174998913,0.608449160062905,0.39155083993709505
renaissance,parti_dabord,16,lr,9.1,0.3419031885677322,0.6041323442256885,0.3958676557743115
renaissance,parti_dabord,16,rn,11.7,0.46,0.533083744035788,0.46691625596421205
renaissance,parti_dabord,16,reconquete,5.6,0.46,0.5484502769729301,0.45154972302706986
renaissance,parti_dabord,16,nouvelle_energie,9.1,0.38665381027345225,0.549870009849634,0.45012999015036603
renaissance,parti_dabord,17,lfi,7.9,0.46,0.48047167311525735,0.5195283268847426
renaissance,parti_dabord,17,ps,8.8,0.3453606989069466,0.47123375002389545,0.5287662499761046
renaissance,parti_dabord,17,ecologistes,12.1,0.4127906059973584,0.4581053113883806,0.5418946886116194
renaissance,parti_dabord,17,horizons,12.9,0.22052607392666737,0.4894334548829951,0.5105665451170049
renaissance,parti_dabord,17,lr,11,0.13873198089889363,0.6130397604042627,0.38696023959573733
renaissance,parti_dabord,17,rn,11.2,0.3868190151644145,0.545635420236065,0.45436457976393496
renaissance,parti_dabord,17,reconquete,9.3,0.3734691477236471,0.5610112356464305,0.4389887643535695
renaissance,parti_dabord,18,ps,10.2,0.38393364648694783,0.6039554852324557,0.3960445147675443
renaissance,parti_dabord,18,ecologistes,8.6,0.35090828873310514,0.709064812563984,0.290935187436016
renaissance,parti_dabord,18,renaissance,13,0.46,0.5347219262422191,0.46527807375778085
renaissance,parti_dabord,18,horizons,10.8,0.46,0.5010680838004391,0.4989319161995609
renaissance,parti_dabord,18,lr,13.2,0.39457265660237983,0.4422808640175613,0.5577191359824387
renaissance,parti_dabord,18,reconquete,4.1,0.3148280715344861,0.38425557435289603,0.615744425647104
renaissance,parti_dabord,18,nouvelle_energie,11.5,0.4301697076609171,0.454154577660758,0.5458454223392419
renaissance,parti_dabord,19,lfi,11.6,0.46,0.5866598906170791,0.4133401093829209
renaissance,parti_dabord,19,ps,9.8,0.35655372338191244,0.6671427453559138,0.3328572546440862
renaissance,parti_dabord,19,ecologistes,10.2,0.46,0.6453601453504003,0.3546398546495997
renaissance,parti_dabord,19,horizons,12.8,0.21630313951534716,0.6497623773601059,0.3502376226398941
renaissance,parti_dabord,19,lr,8.5,0.3522726566023799,0.5857963678798327,0.4142036321201673
renaissance,parti_dabord,19,reconquete,4.2,0.23252807153448604,0.382384011418455,0.617615988581545
renaissance,parti_dabord,19,nouvelle_energie,12.4,0.4001860582355796,0.5488350973700143,0.45116490262998565
renaissance,mediatique,0,lfi,12.2,0.3808336464869478,0.4451804333099143,0.5548195666900857
renaissance,mediatique,0,ecologistes,12.3,0.2319538120233696,0.37842171356311216,0.6215782864368878
renaissance,mediatique,0,horizons,9.4,0.2964501859785226,0.5346050286045647,0.4653949713954353
renaissance,mediatique,0,lr,10.8,0.3457802722372441,0.5978656757848193,0.4021343242151807
renaissance,mediatique,0,rn,12,0.46,0.5230841185704829,0.47691588142951713
renaissance,mediatique,0,reconquete,4.4,0.46,0.5372905365157935,0.4627094634842065
renaissance,mediatique,0,nouvelle_energie,10.2,0.39103386097903275,0.5410606254406185,0.4589393745593815
renaissance,mediatique,1,lfi,11.6,0.46,0.5266987769392433,0.4733012230607567
renaissance,mediatique,1,ps,10.9,0.333286019622783,0.528285038419397,0.471714961580603
renaissance,mediatique,1,ecologistes,10.8,0.4046157240058873,0.5294361557622324,0.47056384423776765
renaissance,mediatique,1,lr,12.2,0.3074697035561982,0.4889968608992585,0.5110031391007415
renaissance,mediatique,1,rn,12.1,0.442266785515875,0.4967394976340299,0.5032605023659701
renaissance,mediatique,1,reconquete,4.4,0.4573005328580141,0.48922397925401395,0.510776020745986
renaissance,mediatique,1,nouvelle_energie,10.8,0.29128775604841745,0.48396218579099404,0.516037814209006
renaissance,mediatique,2,ecologistes,11.3,0.3055538120233696,0.5305591628990269,0.46944083710097306
renaissance,mediatique,2,renaissance,12.6,0.3686230387341147,0.5436727211155559,0.45632727888444413
renaissance,mediatique,2,horizons,12.9,0.4223625158141757,0.5343847790969565,0.4656152209030435
renaissance,mediatique,2,lr,11.1,0.46,0.5289801117128137,0.47101988828718633
renaissance,mediatique,2,rn,11.5,0.46,0.5056414224544958,0.49435857754550416
renaissance,mediatique,2,reconquete,4.3,0.46,0.510732872140756,0.489267127859244
renaissance,mediatique,2,nouvelle_energie,8.6,0.46,0.5303426465641491,0.4696573534358509
renaissance,mediatique,3,lfi,13.5,0.3792336464869478,0.44676841819615354,0.5532315818038465
renaissance,mediatique,3,ecologistes,8.4,0.23035381202336966,0.37969528901477273,0.6203047109852273
renaissance,mediatique,3,horizons,9.1,0.23630353914644836,0.5863411835151006,0.41365881648489944
renaissance,mediatique,3,lr,11,0.3901190923744937,0.5421370462404319,0.4578629537595681
renaissance,mediatique,3,rn,13.6,0.46,0.5248210420572266,0.47517895794277343
renaissance,mediatique,3,reconquete,4.9,0.46,0.5397754836508979,0.4602245163491021
renaissance,mediatique,3,nouvelle_energie,11.5,0.3329401795422849,0.5997679772273697,0.40023202277263026
renaissance,mediatique,4,lfi,9.4,0.46,0.5100250075165866,0.48997499248341336
renaissance,mediatique,4,ps,8.7,0.3954814356554295,0.504054260698767,0.495945739301233
renaissance,mediatique,4,ecologistes,9.6,0.46,0.5125938427891863,0.4874061572108137
renaissance,mediatique,4,lr,7.8,0.32033726741479834,0.4894944320231596,0.5105055679768404
renaissance,mediatique,4,rn,13.7,0.45513434937447517,0.4942311946949868,0.5057688053050132
renaissance,mediatique,4,reconquete,10.2,0.46,0.4912827637321284,0.5087172362678716
renaissance,mediatique,4,nouvelle_energie,12.2,0.3041553199070176,0.48319202556079155,0.5168079744392085
renaissance,mediatique,5,lfi,8.7,0.3460336464869478,0.4316952827851903,0.5683047172148097
renaissance,mediatique,5,ecologistes,8.1,0.2371538120233696,0.3774515508465013,0.6225484491534987
renaissance,mediatique,5,renaissance,12.6,0.2440914310373319,0.5372722467838921,0.46272775321610793
renaissance,mediatique,5,lr,12.2,0.2580697035561982,0.6099560531859008,0.39004394681409915
renaissance,mediatique,5,rn,12.7,0.442866785515875,0.5348556729382906,0.4651443270617094
renaissance,mediatique,5,reconquete,8.2,0.4579005328580141,0.5557661092177061,0.4442338907822939
renaissance,mediatique,5,nouvelle_energie,8.8,0.29188775604841743,0.5622540372449112,0.4377459627550888
renaissance,mediatique,6,lfi,11.9,0.3923336464869478,0.38229094024453036,0.6177090597554696
renaissance,mediatique,6,ecologistes,11.9,0.3334538120233696,0.32681641928203214,0.6731835807179678
renaissance,mediatique,6,renaissance,10.2,0.43346917678284114,0.4266146417933746,0.5733853582066254
renaissance,mediatique,6,horizons,11.7,0.4502625158141757,0.4594901768516245,0.5405098231483755
renaissance,mediatique,6,lr,10.6,0.40297265660237985,0.5230615674732426,0.4769384325267574
renaissance,mediatique,6,reconquete,4.1,0.2732280715344861,0.6542157223556,0.3457842776444
renaissance,mediatique,6,nouvelle_energie,9.3,0.43856970766091713,0.5095182539322258,0.49048174606777417
renaissance,mediatique,7,lfi,9.2,0.37651934103781914,0.4405123586375115,0.5594876413624885
renaissance,mediatique,7,ps,11.3,0.3006648643280837,0.44869577207102584,0.5513042279289742
renaissance,mediatique,7,horizons,11.4,0.22935319671092053,0.5933473436127498,0.40665265638725023
renaissance,mediatique,7,lr,10.5,0.37402632324836804,0.552972559747635,0.44702744025236496
renaissance,mediatique,7,rn,12.3,0.46,0.5420178493866699,0.45798215061333014
renaissance,mediatique,7,reconquete,5,0.46,0.5573039049835702,0.4426960950164298
renaissance,mediatique,7,nouvelle_energie,12.1,0.371384002429196,0.5516879252916121,0.44831207470838785
renaissance,mediatique,8,lfi,13.1,0.46,0.5448483260212129,0.4551516739787871
renaissance,mediatique,8,ps,11.9,0.41286392079941525,0.5854978864548799,0.4145021135451201
renaissance,mediatique,8,ecologistes,11.7,0.46,0.6189041312480031,0.38109586875199686
renaissance,mediatique,8,horizons,9.9,0.3064282382954536,0.5631139987356014,0.4368860012643986
renaissance,mediatique,8,lr,12.5,0.35657265660237986,0.5654143781343595,0.43458562186564054
renaissance,mediatique,8,reconquete,3.4,0.32682807153448606,0.42328371753795213,0.5767162824620479
renaissance,mediatique,8,nouvelle_energie,8.8,0.40249957000267594,0.5235352304788842,0.4764647695211158
renaissance,mediatique,9,lfi,10.1,0.46,0.48151707625251117,0.5184829237474888
renaissance,mediatique,9,ps,11.4,0.46,0.4566509008238712,0.5433490991761287
renaissance,mediatique,9,ecologistes,9.9,0.46,0.4368021008977387,0.5631978991022613
renaissance,mediatique,9,renaissance,10.4,0.39899346646124667,0.4306627062733637,0.5693372937266363
renaissance,mediatique,9,horizons,12.8,0.3453697035561982,0.4417891671393691,0.5582108328606309
renaissance,mediatique,9,reconquete,8,0.2642280715344861,0.5688057410319408,0.4311942589680592
renaissance,mediatique,9,nouvelle_energie,9.7,0.2714826733953962,0.43453362219943886,0.5654663778005611
renaissance,mediatique,10,lfi,12.4,0.46,0.47170024413119477,0.5282997558688052
renaissance,mediatique,10,ps,10.5,0.39476251581417565,0.46684703898738694,0.5331529610126131
renaissance,mediatique,10,ecologistes,11.3,0.46,0.454275019788756,0.545724980211244
renaissance,mediatique,10,renaissance,11.6,0.25365372176270107,0.46634744238984693,0.5336525576101531
renaissance,mediatique,10,rn,11.9,0.2974726566023798,0.5859200883669822,0.4140799116330178
renaissance,mediatique,10,reconquete,6.9,0.340944542999036,0.5361920678016054,0.46380793219839456
renaissance,mediatique,10,nouvelle_energie,9.5,0.13498267339539619,0.5810796146268942,0.41892038537310583
renaissance,mediatique,11,lfi,9.1,0.46,0.4332084208455186,0.5667915791544814
renaissance,mediatique,11,ps,9.9,0.41061703512921166,0.4048874073153379,0.5951125926846621
renaissance,mediatique,11,ecologistes,9.4,0.46,0.3761610798460485,0.6238389201539515
renaissance,mediatique,11,horizons,10.9,0.25375212172709977,0.3740131200641582,0.6259868799358418
renaissance,mediatique,11,lr,11.7,0.40250960934063384,0.4797191638850403,0.5202808361149597
renaissance,mediatique,11,reconquete,5.1,0.27382807153448613,0.613545355848703,0.38645464415129704
renaissance,mediatique,11,nouvelle_energie,12.9,0.39729185059274463,0.4651167046970471,0.534883295302953
renaissance,mediatique,12,lfi,11.7,0.33963364648694777,0.326245042291304,0.673754957708696
renaissance,mediatique,12,ecologistes,10.2,0.29075381202336964,0.30763700319451925,0.6923629968054807
renaissance,mediatique,12,renaissance,12.1,0.3916032778737927,0.41085671888368336,0.5891432811163166
renaissance,mediatique,12,horizons,7.9,0.4475625158141757,0.45783269891538186,0.5421673010846182
renaissance,mediatique,12,lr,12,0.4002726566023799,0.5212686549805776,0.4787313450194224
renaissance,mediatique,12,reconquete,7.9,0.32052807153448604,0.5954812699288257,0.40451873007117434
renaissance,mediatique,12,nouvelle_energie,12.1,0.43586970766091715,0.5076819196645226,0.4923180803354774
renaissance,mediatique,13,lfi,9.6,0.33963364648694777,0.3344311252789921,0.6655688747210079
renaissance,mediatique,13,ecologistes,8.9,0.28075381202336963,0.28372793295438237,0.7162720670456176
renaissance,mediatique,13,renaissance,13.3,0.400010105654509,0.42413718790818417,0.5758628120918159
renaissance,mediatique,13,horizons,10.6,0.4475625158141757,0.4651149524711696,0.5348850475288305
renaissance,mediatique,13,lr,9.8,0.4002726566023799,0.5286013153934228,0.4713986846065772
renaissance,mediatique,13,reconquete,4.1,0.32052807153448604,0.6048854888001053,0.3951145111998947
renaissance,mediatique,13,nouvelle_energie,12.2,0.43586970766091715,0.5153041500181743,0.4846958499818257
renaissance,mediatique,13,reconquete_dissidence_20,4.4,0.27052807153448605,0.6502747803767813,0.3497252196232187
renaissance,mediatique,14,lfi,11.5,0.46,0.4548074405436534,0.5451925594563466
renaissance,mediatique,14,ps,11.5,0.46,0.43426408324931787,0.5657359167506821
renaissance,mediatique,14,ecologistes,10,0.46,0.406992873847261,0.593007126152739
renaissance,mediatique,14,renaissance,10.9,0.3754267298339148,0.41293902926937165,0.5870609707306284
renaissance,mediatique,14,horizons,12.3,0.24728775604841746,0.36965033572170386,0.6303496642782962
renaissance,mediatique,14,lr,8,0.2395826733953962,0.43563998743794263,0.5643600125620574
renaissance,mediatique,14,reconquete,7.4,0.2823280715344861,0.5076019654883613,0.49239803451163866
renaissance,mediatique,15,lfi,9.6,0.46,0.5474282857860411,0.4525717142139589
renaissance,mediatique,15,ps,14.1,0.3978960196423919,0.5815257630960168,0.4184742369039832
renaissance,mediatique,15,ecologistes,12.8,0.46,0.6121599244069972,0.3878400755930028
renaissance,mediatique,15,horizons,12.7,0.27952673461875344,0.6132020976373549,0.3867979023626451
renaissance,mediatique,15,lr,8.3,0.4143974841591429,0.496884772699315,0.5031152273006849
renaissance,mediatique,15,reconquete,3.8,0.28465289909124913,0.3573057354941757,0.6426942645058242
renaissance,mediatique,15,nouvelle_energie,9.1,0.37354591640222023,0.5722909155184812,0.4277090844815188
renaissance,mediatique,16,lfi,7.5,0.46,0.516350352049412,0.48364964795058796
renaissance,mediatique,16,ps,12.7,0.30017823016970185,0.5737206604990142,0.42627933950098584
renaissance,mediatique,16,ecologistes,7.1,0.4172738924040808,0.5248020500173602,0.47519794998263976
renaissance,mediatique,16,lr,8.8,0.31881673931043897,0.4825895888673113,0.5174104111326887
renaissance,mediatique,16,rn,10.9,0.4536138212701158,0.4858989879153248,0.5141010120846752
renaissance,mediatique,16,reconquete,3.8,0.46,0.4794031291892768,0.5205968708107231
renaissance,mediatique,16,nouvelle_energie,12,0.25263479180265824,0.4270860787899717,0.5729139212100283
renaissance,mediatique,16,reconquete_dissidence_23,8.6,0.46,0.48135273175402365,0.5186472682459764
renaissance,mediatique,17,lfi,10.1,0.46,0.546905760753744,0.453094239246256
renaissance,mediatique,17,ps,9.5,0.4210324783624467,0.5871248723786723,0.4128751276213277
renaissance,mediatique,17,ecologistes,12.6,0.46,0.6194762018828238,0.3805237981171762
renaissance,mediatique,17,horizons,8.9,0.30786893410379057,0.5707738522664546,0.4292261477335454
renaissance,mediatique,17,lr,8.2,0.41404862478822757,0.5109577851331617,0.4890422148668383
renaissance,mediatique,17,reconquete,9.3,0.33458292831914016,0.42361407331004775,0.5763859266899523
renaissance,mediatique,17,nouvelle_energie,13.2,0.40490154452185456,0.526739929758079,0.47326007024192096
renaissance,mediatique,18,lfi,12,0.46,0.5346433562769812,0.46535664372301877
renaissance,mediatique,18,ps,11.4,0.39108690037834193,0.543967980562436,0.456032019437564
renaissance,mediatique,18,ecologistes,8.6,0.4553773796438164,0.5612153959550665,0.43878460404493347
renaissance,mediatique,18,horizons,11.3,0.2701992686722124,0.5178426228651114,0.4821573771348886
renaissance,mediatique,18,rn,11,0.3296726566023799,0.3957368780328432,0.6042631219671568
renaissance,mediatique,18,reconquete,5.9,0.323144542999036,0.382726422560592,0.617273577439408
renaissance,mediatique,18,nouvelle_energie,11.3,0.16718267339539625,0.3953781320184579,0.604621867981542
renaissance,mediatique,19,ps,11.8,0.32817926809042625,0.4280895583321599,0.5719104416678401
renaissance,mediatique,19,ecologistes,10.6,0.39515391033658354,0.4706310855058652,0.5293689144941348
renaissance,mediatique,19,horizons,11,0.23346605850528518,0.6210113366843636,0.3789886633156364
renaissance,mediatique,19,lr,8.5,0.38723197523121855,0.5725711155853881,0.4274288844146119
renaissance,mediatique,19,rn,10.1,0.46,0.5293166050464871,0.47068339495351286
renaissance,mediatique,19,reconquete,8.3,0.46,0.5513474218633846,0.4486525781366154
renaissance,mediatique,19,nouvelle_energie,12.1,0.32738434109777953,0.6349615061714267,0.36503849382857334
renaissance,contrarien,0,lfi,11.3,0.46,0.5502880463988316,0.44971195360116845
renaissance,contrarien,0,ps,12.5,0.4185625158141757,0.5776001159611303,0.42239988403886974
renaissance,contrarien,0,ecologistes,8.5,0.46,0.6077217406428697,0.39227825935713034
renaissance,contrarien,0,renaissance,12.3,0.2700853259069394,0.6005066353783031,0.39949336462169693
renaissance,contrarien,0,lr,9.2,0.2726697035561982,0.5807959714231383,0.4192040285768617
renaissance,contrarien,0,reconquete,8.2,0.29152807153448607,0.4480048965438804,0.5519951034561196
renaissance,contrarien,0,nouvelle_energie,10,0.30648775604841744,0.5481807803381235,0.45181921966187655
renaissance,contrarien,1,lfi,9.8,0.46,0.42398471662047893,0.5760152833795211
renaissance,contrarien,1,ps,13.1,0.3936537031878193,0.3973160672659533,0.6026839327340467
renaissance,contrarien,1,ecologistes,9.2,0.45399707176852006,0.3631607586845763,0.6368392413154237
renaissance,contrarien,1,horizons,11.5,0.27592615953501853,0.37149806519230166,0.6285019348076983
renaissance,contrarien,1,lr,10.7,0.35892097156498026,0.540524435411749,0.459475564588251
renaissance,contrarien,1,reconquete,7.1,0.2791763864970865,0.6172053265764526,0.38279467342354745
renaissance,contrarien,1,nouvelle_energie,11.1,0.375032591988976,0.4113141671595877,0.5886858328404123
renaissance,contrarien,2,lfi,9.8,0.46,0.5538515537946352,0.44614844620536476
renaissance,contrarien,2,ps,11.9,0.42026251581417573,0.5806175880337194,0.41938241196628057
renaissance,contrarien,2,ecologistes,7.2,0.46,0.611619575557282,0.38838042444271803
renaissance,contrarien,2,renaissance,13.2,0.280840199154324,0.5991128107664603,0.4008871892335397
renaissance,contrarien,2,lr,8.6,0.3243697035561982,0.5301131541526118,0.46988684584738816
renaissance,contrarien,2,reconquete,9.4,0.24322807153448606,0.3991997583123377,0.6008002416876623
renaissance,contrarien,2,nouvelle_energie,12.1,0.3081877560484174,0.5526011039221209,0.4473988960778791
renaissance,contrarien,3,lfi,13,0.46,0.4883059847433627,0.5116940152566374
renaissance,contrarien,3,ps,13.2,0.46,0.4629379560756265,0.5370620439243735
renaissance,contrarien,3,ecologistes,7.8,0.46,0.44591634818144554,0.5540836518185545
renaissance,contrarien,3,renaissance,12.5,0.40675173111832974,0.4433987041926078,0.5566012958073923
renaissance,contrarien,3,horizons,10.6,0.29596970355619817,0.3904479188216816,0.6095520811783184
renaissance,contrarien,3,reconquete,7.3,0.2648280715344861,0.5735854996487224,0.4264145003512776
renaissance,contrarien,3,nouvelle_energie,8.2,0.22208267339539622,0.3899442647093685,0.6100557352906315
renaissance,contrarien,4,lfi,9.4,0.46,0.5155175401506563,0.4844824598493437
renaissance,contrarien,4,ps,11.2,0.35488077466717854,0.5163305439449305,0.4836694560550695
renaissance,contrarien,4,ecologistes,11.2,0.4261733511027124,0.5199065847786587,0.4800934152213413
renaissance,contrarien,4,lr,9.7,0.2717153251596766,0.4306729865276693,0.5693270134723307
renaissance,contrarien,4,rn,12.6,0.4565124071193534,0.48728468534179936,0.5127153146582006
renaissance,contrarien,4,reconquete,6.2,0.46,0.4803660094612082,0.5196339905387918
renaissance,contrarien,4,nouvelle_energie,11.8,0.2555333776518959,0.4286585529620685,0.5713414470379314
renaissance,contrarien,5,lfi,9.6,0.46,0.5567796537111086,0.4432203462888914
renaissance,contrarien,5,ps,13.4,0.4187625158141757,0.582344892210242,0.417655107789758
renaissance,contrarien,5,ecologistes,6.5,0.46,0.6127251223652523,0.38727487763474766
renaissance,contrarien,5,renaissance,14,0.2841161118973302,0.6023419620868156,0.39765803791318444
renaissance,contrarien,5,lr,11.8,0.27286970355619816,0.5839130535920848,0.4160869464079152
renaissance,contrarien,5,reconquete,4.3,0.2417280715344861,0.4039447988439189,0.5960552011560811
renaissance,contrarien,5,nouvelle_energie,9.9,0.2566877560484175,0.6064962945707137,0.39350370542928625
renaissance,contrarien,6,lfi,12.4,0.46,0.5479237848822702,0.4520762151177298
renaissance,contrarien,6,ps,12.1,0.4207625158141757,0.5757266151628303,0.4242733848371697
renaissance,contrarien,6,ecologistes,7.8,0.46,0.6054774064394974,0.39452259356050257
renaissance,contrarien,6,renaissance,10.7,0.262388170116846,0.5954158920713716,0.4045841079286284
renaissance,contrarien,6,lr,8.5,0.27486970355619816,0.5795638183010183,0.42043618169898167
renaissance,contrarien,6,reconquete,8.8,0.29372807153448605,0.44621558318578664,0.5537844168142134
renaissance,contrarien,6,nouvelle_energie,9.3,0.3086877560484174,0.5467419918711347,0.4532580081288653
renaissance,contrarien,7,ecologistes,9.7,0.2568538120233696,0.4165557183180821,0.5834442816819179
renaissance,contrarien,7,renaissance,11.3,0.3864231788706779,0.4552083224475652,0.5447916775524348
renaissance,contrarien,7,horizons,10.7,0.4236625158141757,0.4609250107117717,0.5390749892882283
renaissance,contrarien,7,lr,10.5,0.46,0.46545616174803034,0.5345438382519696
renaissance,contrarien,7,rn,12,0.46,0.48890152538137743,0.5110984746186226
renaissance,contrarien,7,reconquete,8.3,0.46,0.4825219928322579,0.5174780071677421
renaissance,contrarien,7,nouvelle_energie,11,0.46,0.4640784825483202,0.5359215174516798
renaissance,contrarien,8,lfi,12.4,0.39253364648694783,0.6181750239409225,0.3818249760590775
renaissance,contrarien,8,ecologistes,9.7,0.24365381202336964,0.7294994433654022,0.2705005566345978
renaissance,contrarien,8,renaissance,9.3,0.38725603260302205,0.5825738686600346,0.4174261313399654
renaissance,contrarien,8,horizons,13.6,0.45046251581417573,0.5396830557117459,0.4603169442882541
renaissance,contrarien,8,lr,11.9,0.4031726566023799,0.4773434759543007,0.5226565240456993
renaissance,contrarien,8,reconquete,4.4,0.3234280715344861,0.40145763916070176,0.5985423608392982
renaissance,contrarien,8,nouvelle_energie,10.3,0.43876970766091716,0.49062964445945445,0.5093703555405455
renaissance,contrarien,9,lfi,12.1,0.3171336464869478,0.6540180721133549,0.34598192788664506
renaissance,contrarien,9,ecologistes,7.8,0.3082538120233696,0.6207369445291516,0.3792630554708484
renaissance,contrarien,9,renaissance,11.3,0.3705641197232236,0.5104473646151337,0.48955263538486626
renaissance,contrarien,9,horizons,10.9,0.2791697035561982,0.4260055200968895,0.5739944799031105
renaissance,contrarien,9,rn,12.2,0.37777265660237985,0.4402468437156617,0.5597531562843383
renaissance,contrarien,9,reconquete,8.2,0.371244542999036,0.4131439881372939,0.5868560118627061
renaissance,contrarien,9,nouvelle_energie,9.1,0.21528267339539622,0.3993654505868943,0.6006345494131057
renaissance,contrarien,10,lfi,7.9,0.46,0.5587480265799927,0.4412519734200073
renaissance,contrarien,10,ps,10.8,0.41750966408352297,0.5865578402730969,0.4134421597269031
renaissance,contrarien,10,ecologistes,9.3,0.46,0.6184483423715592,0.3815516576284408
renaissance,contrarien,10,horizons,12.5,0.28909775347339184,0.5707835438081366,0.42921645619186344
renaissance,contrarien,10,lr,10.3,0.3986973321797914,0.5133215386284544,0.4866784613715456
renaissance,contrarien,10,reconquete,9.8,0.2812778691089864,0.37512982841298115,0.6248701715870189
renaissance,contrarien,10,nouvelle_energie,9.8,0.38514385571141496,0.5299898232454583,0.4700101767545417
renaissance,contrarien,11,lfi,10.1,0.46,0.5168944747508457,0.4831055252491543
renaissance,contrarien,11,ps,10.4,0.36101520413314814,0.5200241920808093,0.4799758079191907
renaissance,contrarien,11,ecologistes,11.9,0.4291760201826009,0.5205365011245671,0.47946349887543294
renaissance,contrarien,11,lr,10.8,0.26776970355619817,0.43291615933483774,0.5670838406651623
renaissance,contrarien,11,rn,12.2,0.45256678551587504,0.48961589959412355,0.5103841004058765
renaissance,contrarien,11,reconquete,4.1,0.46,0.4836160566485762,0.5163839433514238
renaissance,contrarien,11,nouvelle_energie,10.1,0.3015877560484175,0.4851987016653384,0.5148012983346616
renaissance,contrarien,12,lfi,11.7,0.3858470068195663,0.4492601493153163,0.5507398506846837
renaissance,contrarien,12,ecologistes,10,0.23696717235598805,0.38261840369251554,0.6173815963074845
renaissance,contrarien,12,horizons,11.5,0.24396950890527608,0.5952884146121763,0.4047115853878237
renaissance,contrarien,12,lr,11.6,0.4009136789217469,0.5484410314668877,0.4515589685331123
renaissance,contrarien,12,rn,9,0.46,0.5312574814027559,0.46874251859724414
renaissance,contrarien,12,reconquete,7.9,0.46,0.5478829216419394,0.4521170783580606
renaissance,contrarien,12,nouvelle_energie,10.3,0.3920503003013439,0.5505496758207702,0.4494503241792298
renaissance,contrarien,13,lfi,8.6,0.46,0.5538689770290965,0.44613102297090346
renaissance,contrarien,13,ps,9.1,0.42126251581417573,0.5803509854768084,0.4196490145231916
renaissance,contrarien,13,ecologistes,9.8,0.46,0.6108659099220202,0.38913409007797983
renaissance,contrarien,13,renaissance,11.9,0.2637606074539437,0.605246403907521,0.39475359609247895
renaissance,contrarien,13,lr,11.1,0.3253697035561982,0.5360612559824087,0.4639387440175913
renaissance,contrarien,13,reconquete,7.6,0.24422807153448606,0.39955253853624817,0.6004474614637518
renaissance,contrarien,13,nouvelle_energie,13.8,0.3091877560484174,0.5569916265601286,0.44300837343987143
renaissance,contrarien,14,ps,8.4,0.27353364648694783,0.3971580286424592,0.6028419713575408
renaissance,contrarien,14,ecologistes,11.1,0.3405082887331051,0.4302614408213241,0.5697385591786759
renaissance,contrarien,14,renaissance,12.8,0.3350836314510093,0.552343511432092,0.44765648856790796
renaissance,contrarien,14,horizons,11.1,0.26938775604841747,0.5757737463041726,0.42422625369582745
renaissance,contrarien,14,lr,9.1,0.16168267339539621,0.6623713211025639,0.3376286788974361
renaissance,contrarien,14,rn,12.3,0.3697697076609171,0.5698879927959286,0.4301120072040714
renaissance,contrarien,14,reconquete,7.1,0.3564198402201497,0.603174722863781,0.39682527713621896
renaissance,contrarien,15,lfi,9.7,0.2838336464869478,0.6328409315075978,0.3671590684924022
renaissance,contrarien,15,ecologistes,10,0.1849538120233696,0.6638429363008657,0.33615706369913434
renaissance,contrarien,15,renaissance,11.2,0.33568644216555205,0.4890422278030624,0.5109577721969376
renaissance,contrarien,15,horizons,11,0.22968775604841746,0.4080158464471424,0.5919841535528576
renaissance,contrarien,15,lr,10.9,0.2219826733953962,0.41415688371820003,0.5858431162818
renaissance,contrarien,15,rn,11,0.38006970766091713,0.43776883498176233,0.5622311650182377
renaissance,contrarien,15,reconquete,7.4,0.3667198402201497,0.408791945042555,0.591208054957445
renaissance,contrarien,16,ps,11.5,0.3343336464869478,0.34135288502309113,0.6586471149769089
renaissance,contrarien,16,ecologistes,9.4,0.4013082887331051,0.3560793620127676,0.6439206379872324
renaissance,contrarien,16,renaissance,9.1,0.46,0.47033061875957277,0.5296693812404272
renaissance,contrarien,16,horizons,10.1,0.46,0.5022704090358607,0.49772959096413927
renaissance,contrarien,16,lr,11.9,0.39497265660237985,0.5606323004605144,0.4393676995394856
renaissance,contrarien,16,reconquete,6.7,0.2652280715344861,0.6736017960981235,0.32639820390187646
renaissance,contrarien,16,nouvelle_energie,9.2,0.4305697076609171,0.5489683432898987,0.45103165671010126
renaissance,contrarien,16,reconquete_dissidence_22,7.7,0.31522807153448607,0.603855617365077,0.396144382634923
renaissance,contrarien,17,ps,13.7,0.3717336464869478,0.5030388213610282,0.4969611786389718
renaissance,contrarien,17,ecologistes,9.3,0.3387082887331051,0.5684127850766282,0.4315872149233718
renaissance,contrarien,17,horizons,11.7,0.28769969822496255,0.41742264026528025,0.5825773597347197
renaissance,contrarien,17,lr,8.3,0.39660116832564657,0.4222577427752709,0.577742257224729
renaissance,contrarien,17,rn,11.4,0.46,0.46151891605073825,0.5384810839492618
renaissance,contrarien,17,reconquete,7.5,0.46,0.44000625464755544,0.5599937453524446
renaissance,contrarien,17,nouvelle_energie,10.5,0.33612256835684867,0.36145698055710407,0.6385430194428959
renaissance,contrarien,18,lfi,13.1,0.3933336464869478,0.6120643700792229,0.3879356299207771
renaissance,contrarien,18,ecologistes,12.8,0.28445381202336956,0.7210088034883609,0.27899119651163906
renaissance,contrarien,18,renaissance,9.1,0.39376416271280457,0.5840175871432646,0.41598241285673543
renaissance,contrarien,18,horizons,8.7,0.45126251581417565,0.536098378382694,0.46390162161730597
renaissance,contrarien,18,lr,11.1,0.4039726566023798,0.4717567194349067,0.5282432805650933
renaissance,contrarien,18,reconquete,4.7,0.3242280715344861,0.3925076216489919,0.6074923783510081
renaissance,contrarien,18,nouvelle_energie,13,0.4395697076609171,0.4852556944509003,0.5147443055490997
renaissance,contrarien,19,lfi,12,0.3672336464869478,0.40197477864092657,0.5980252213590734
renaissance,contrarien,19,ecologistes,12.3,0.3083538120233696,0.3822201860462259,0.6177798139537741
renaissance,contrarien,19,renaissance,10.8,0.35158524232279004,0.47646474288125745,0.5235352571187426
renaissance,contrarien,19,horizons,11.4,0.32926970355619817,0.5221588722198404,0.47784112778015964
renaissance,contrarien,19,rn,11.5,0.32787265660237985,0.6226384245814378,0.3773615754185622
renaissance,contrarien,19,reconquete,8.6,0.37134454299903596,0.5895180691285554,0.4104819308714446
renaissance,contrarien,19,nouvelle_energie,8.4,0.20538267339539623,0.6258296446764195,0.37417035532358045
horizons,aleatoire,0,lfi,11.2,0.46,0.561824572392976,0.438175427607024
horizons,aleatoire,0,ps,13.8,0.41957623361948326,0.5863847711274602,0.41361522887253976
horizons,aleatoire,0,ecologistes,8,0.46,0.6164853391805238,0.38351466081947616
horizons,aleatoire,0,renaissance,8.4,0.23977495636796614,0.6468010059554963,0.3531989940445037
horizons,aleatoire,0,lr,11.6,0.3087374692197625,0.5813317864892645,0.41866821351073547
horizons,aleatoire,0,reconquete,9.1,0.26132807153448606,0.39891923841378035,0.6010807615862197
horizons,aleatoire,0,nouvelle_energie,8.5,0.3460987033823742,0.5451021085048916,0.4548978914951084
horizons,aleatoire,1,lfi,12.1,0.46,0.4222833989560851,0.577716601043915
horizons,aleatoire,1,ps,13.1,0.4162233203053125,0.40443869126823184,0.5955613087317682
horizons,aleatoire,1,ecologistes,11.5,0.46,0.3753111312039161,0.6246888687960839
horizons,aleatoire,1,renaissance,10.8,0.26713734201988987,0.380472272216177,0.6195277277838229
horizons,aleatoire,1,lr,8.7,0.32739038692267164,0.45439858200544725,0.5456014179945528
horizons,aleatoire,1,reconquete,7.6,0.26492807153448605,0.5567313685854414,0.44326863141455863
horizons,aleatoire,1,nouvelle_energie,7.7,0.27510091305873297,0.39450660029896983,0.6054933997010301
horizons,aleatoire,2,lfi,10.8,0.3702336464869478,0.43938346228902286,0.5606165377109771
horizons,aleatoire,2,ecologistes,10.4,0.22135381202336965,0.3612027765037738,0.6387972234962263
horizons,aleatoire,2,renaissance,13.3,0.21502730339375606,0.588625060523467,0.41137493947653303
horizons,aleatoire,2,lr,10,0.25237902788545763,0.6261233406571054,0.3738766593428946
horizons,aleatoire,2,rn,10.7,0.4423219853662219,0.538521284534722,0.46147871546527797
horizons,aleatoire,2,reconquete,5.2,0.46,0.5543845443758191,0.4456154556241809
horizons,aleatoire,2,nouvelle_energie,10.1,0.34557461853714955,0.550183951719236,0.44981604828076405
horizons,aleatoire,3,lfi,9.1,0.46,0.43333363877155523,0.5666663612284448
horizons,aleatoire,3,ps,13.3,0.42289279281975944,0.40903748333882095,0.590962516661179
horizons,aleatoire,3,ecologistes,9.7,0.46,0.3792611048073428,0.6207388951926571
horizons,aleatoire,3,renaissance,12.7,0.24824751350857505,0.3511057907990526,0.6488942092009474
horizons,aleatoire,3,lr,9.1,0.2751516101463942,0.4100210314047931,0.5899789685952068
horizons,aleatoire,3,reconquete,6.4,0.3018280715344861,0.5344052077931839,0.4655947922068161
horizons,aleatoire,3,nouvelle_energie,11.9,0.27289297179882344,0.3962540853795159,0.6037459146204841
horizons,aleatoire,4,lfi,8.7,0.46,0.5917333900307774,0.4082666099692226
horizons,aleatoire,4,ps,12.9,0.3887674147660931,0.6101485721939973,0.3898514278060027
horizons,aleatoire,4,ecologistes,12,0.46,0.6410227530049701,0.35897724699502986
horizons,aleatoire,4,renaissance,11.9,0.23629602680732095,0.6282099318852448,0.37179006811475523
horizons,aleatoire,4,lr,11.3,0.3027738769216029,0.5742621749090556,0.4257378250909444
horizons,aleatoire,4,reconquete,6.2,0.20422807153448605,0.4066245923825785,0.5933754076174216
horizons,aleatoire,4,nouvelle_energie,9.5,0.29031886476195,0.6102074338783593,0.3897925661216407
horizons,aleatoire,5,lfi,12.3,0.3592336464869478,0.44837607062539364,0.5516239293746064
horizons,aleatoire,5,ecologistes,8.3,0.3003538120233696,0.4379374779037653,0.5620625220962348
horizons,aleatoire,5,renaissance,13.9,0.21746046683563844,0.5602477860690472,0.43975221393095276
horizons,aleatoire,5,lr,10.2,0.2918566283110077,0.6133446714195216,0.38665532858047835
horizons,aleatoire,5,rn,9.7,0.46,0.5410408434493071,0.45895915655069286
horizons,aleatoire,5,reconquete,4.4,0.46,0.5615803047247703,0.4384196952752297
horizons,aleatoire,5,nouvelle_energie,10,0.3209467915022032,0.563279281784319,0.43672071821568104
horizons,aleatoire,6,lfi,12.8,0.46,0.5685590290855947,0.43144097091440525
horizons,aleatoire,6,ps,11,0.42706188217945773,0.5902510168800106,0.4097489831199894
horizons,aleatoire,6,ecologistes,9,0.46,0.6195433943411816,0.38045660565881845
horizons,aleatoire,6,renaissance,9.7,0.20932786816195906,0.6651231153188825,0.33487688468111754
horizons,aleatoire,6,lr,8.5,0.33321290526617686,0.5393337290808342,0.4606662709191658
horizons,aleatoire,6,reconquete,3.5,0.3099280715344861,0.4644949869442427,0.5355050130557573
horizons,aleatoire,6,nouvelle_energie,14.6,0.3238875563207282,0.5541711296865643,0.44582887031343565
horizons,aleatoire,7,lfi,12.5,0.3060336464869478,0.40520549171429954,0.5947945082857005
horizons,aleatoire,7,ecologistes,9.3,0.2071538120233696,0.3844369962188422,0.6155630037811578
horizons,aleatoire,7,renaissance,11.6,0.26599680477598064,0.5424602386756462,0.4575397613243538
horizons,aleatoire,7,lr,9.2,0.2782987413436915,0.6138458897756497,0.3861541102243503
horizons,aleatoire,7,rn,12.8,0.44715801571730474,0.5525261459617874,0.4474738540382126
horizons,aleatoire,7,reconquete,5.7,0.46,0.5703268099984222,0.4296731900015778
horizons,aleatoire,7,nouvelle_energie,7.4,0.273847603302854,0.6153332702473283,0.3846667297526717
horizons,aleatoire,8,lfi,8.1,0.46,0.5835180534940607,0.4164819465059393
horizons,aleatoire,8,ps,14.4,0.39175443600192517,0.5994943973998385,0.40050560260016155
horizons,aleatoire,8,ecologistes,12.6,0.46,0.6335048982103835,0.36649510178961653
horizons,aleatoire,8,renaissance,9,0.2122303611261875,0.6669123293487683,0.3330876706512317
horizons,aleatoire,8,lr,9.4,0.34850778925251336,0.5411652121215759,0.45883478787842413
horizons,aleatoire,8,reconquete,3.8,0.2498280715344861,0.4208416670178938,0.5791583329821062
horizons,aleatoire,8,nouvelle_energie,10.6,0.3022918176415292,0.6042004338458614,0.3957995661541386
horizons,aleatoire,9,lfi,11.2,0.46,0.4188556454840032,0.5811443545159968
horizons,aleatoire,9,ps,13,0.40955734679231287,0.39837206640866013,0.6016279335913399
horizons,aleatoire,9,ecologistes,7.3,0.46,0.3643174344579541,0.6356825655420459
horizons,aleatoire,9,renaissance,8.5,0.23320233180700636,0.3705446303050198,0.6294553696949803
horizons,aleatoire,9,lr,11.5,0.23820059378771843,0.3855302708908837,0.6144697291091163
horizons,aleatoire,9,reconquete,8.2,0.24602807153448608,0.5803211572865672,0.4196788427134328
horizons,aleatoire,9,nouvelle_energie,9.8,0.32025636252498624,0.4387497643008564,0.5612502356991436
horizons,aleatoire,10,lfi,8.8,0.34100828873310507,0.4332908245308997,0.5667091754691003
horizons,aleatoire,10,ps,12.2,0.21515381202336964,0.3929604525114252,0.6070395474885748
horizons,aleatoire,10,renaissance,11.5,0.18226351985035671,0.5802096745714022,0.41979032542859784
horizons,aleatoire,10,lr,10.6,0.2410130699992516,0.6225415612090238,0.3774584387909762
horizons,aleatoire,10,rn,12.2,0.4154293225819904,0.5541951620897101,0.4458048379102899
horizons,aleatoire,10,reconquete,5.9,0.4361946671260274,0.5743831980692962,0.42561680193070384
horizons,aleatoire,10,nouvelle_energie,10.4,0.2807453704279226,0.5673810606647124,0.4326189393352876
horizons,aleatoire,11,ps,10.6,0.3324336464869478,0.3390875768500113,0.6609124231499888
horizons,aleatoire,11,ecologistes,11.7,0.3994082887331051,0.35323243220472533,0.6467675677952747
horizons,aleatoire,11,renaissance,9.1,0.46,0.4722692666862264,0.5277307333137736
horizons,aleatoire,11,horizons,12.9,0.46,0.49491496814619584,0.5050850318538042
horizons,aleatoire,11,lr,11.2,0.3930726566023799,0.559102783957269,0.440897216042731
horizons,aleatoire,11,reconquete,4.5,0.31332807153448605,0.617040490879412,0.38295950912058796
horizons,aleatoire,11,nouvelle_energie,10.6,0.42866970766091717,0.547299948702513,0.452700051297487
horizons,aleatoire,12,lfi,13.3,0.36433364648694777,0.4530615208736586,0.5469384791263414
horizons,aleatoire,12,ecologistes,10.7,0.3054538120233696,0.4361262877233142,0.5638737122766858
horizons,aleatoire,12,renaissance,12.1,0.29913381051137783,0.5379492628662991,0.46205073713370093
horizons,aleatoire,12,lr,8.8,0.21576202821774124,0.6357393121634157,0.3642606878365843
horizons,aleatoire,12,rn,11.8,0.4338205905659858,0.5562492509936263,0.4437507490063737
horizons,aleatoire,12,reconquete,6.7,0.448872905178301,0.5764699034528276,0.42353009654717244
horizons,aleatoire,12,nouvelle_energie,9.1,0.2936618778897632,0.571988879844206,0.428011120155794
horizons,aleatoire,13,lfi,10,0.46,0.552855655508492,0.447144344491508
horizons,aleatoire,13,ps,11.1,0.4188807148035254,0.5850390231509385,0.4149609768490615
horizons,aleatoire,13,ecologistes,9.2,0.46,0.613646424702321,0.386353575297679
horizons,aleatoire,13,renaissance,12.2,0.19552357390442573,0.6605337994239842,0.33946620057601584
horizons,aleatoire,13,lr,8.5,0.25732033313266045,0.6032559616565522,0.39674403834344785
horizons,aleatoire,13,reconquete,6.4,0.2597280715344861,0.4030761541262654,0.5969238458737346
horizons,aleatoire,13,nouvelle_energie,12,0.3369602919360357,0.5460785960794368,0.45392140392056324
horizons,aleatoire,14,lfi,13,0.46,0.5822225843169776,0.4177774156830224
horizons,aleatoire,14,ps,8.8,0.4083708326577056,0.6029627998472177,0.3970372001527823
horizons,aleatoire,14,ecologistes,11.1,0.46,0.6368822619330278,0.36311773806697223
horizons,aleatoire,14,renaissance,11.1,0.187082728582973,0.6692082184711186,0.33079178152888145
horizons,aleatoire,14,lr,7.5,0.34023133577112064,0.5477419566514493,0.4522580433485507
horizons,aleatoire,14,reconquete,6.8,0.2501280715344861,0.419848434638212,0.580151565361788
horizons,aleatoire,14,nouvelle_energie,11.7,0.28215839283060556,0.6087166535591262,0.3912833464408738
horizons,aleatoire,15,lfi,12,0.46,0.5834179360242391,0.4165820639757609
horizons,aleatoire,15,ps,12.6,0.410038185804556,0.6047178293507884,0.39528217064921156
horizons,aleatoire,15,ecologistes,10.4,0.46,0.6373289115273554,0.3626710884726446
horizons,aleatoire,15,renaissance,9.5,0.2167209328759227,0.6599809386886659,0.3400190613113341
horizons,aleatoire,15,lr,9.7,0.29145781164493595,0.5954018860875939,0.4045981139124061
horizons,aleatoire,15,reconquete,8.8,0.2499280715344861,0.4223486374495237,0.5776513625504762
horizons,aleatoire,15,nouvelle_energie,8.4,0.3312709696820463,0.561597447913091,0.43840255208690904
horizons,aleatoire,16,lfi,10.6,0.46,0.5512417434455021,0.44875825655449786
horizons,aleatoire,16,ps,12.2,0.4085954461919777,0.5836746195787302,0.41632538042126976
horizons,aleatoire,16,ecologistes,10.3,0.46,0.6173211868072257,0.3826788131927743
horizons,aleatoire,16,horizons,12,0.2907029634863074,0.5790220559910796,0.4209779440089204
horizons,aleatoire,16,lr,10.3,0.34347265660237986,0.5652483408525646,0.4347516591474354
horizons,aleatoire,16,reconquete,4.2,0.2637280715344861,0.36738393711192646,0.6326160628880735
horizons,aleatoire,16,nouvelle_energie,12.2,0.386394532788215,0.529000642689918,0.470999357310082
horizons,aleatoire,17,lfi,10.5,0.3599336464869478,0.5542960870022585,0.4457039129977415
horizons,aleatoire,17,ecologistes,9.8,0.21105381202336962,0.6245131566332586,0.37548684336674143
horizons,aleatoire,17,renaissance,9,0.26786118433752903,0.45932860984541385,0.5406713901545861
horizons,aleatoire,17,lr,8.3,0.3201266532174288,0.43695003942988975,0.5630499605701103
horizons,aleatoire,17,rn,11.9,0.4509967195063672,0.45129536803548376,0.5487046319645162
horizons,aleatoire,17,reconquete,5.6,0.46,0.43152376614242277,0.5684762338575773
horizons,aleatoire,17,nouvelle_energie,13.1,0.3074363988134741,0.42992697006261976,0.5700730299373802
horizons,aleatoire,18,lfi,13.4,0.46,0.5633261070066352,0.4366738929933648
horizons,aleatoire,18,ps,12.6,0.4145444825582012,0.5871884236677483,0.41281157633225174
horizons,aleatoire,18,ecologistes,9.8,0.46,0.6167964207355746,0.3832035792644254
horizons,aleatoire,18,renaissance,12.7,0.28385821681955625,0.5977461628700694,0.40225383712993057
horizons,aleatoire,18,lr,10,0.3456178424050685,0.5299749908666485,0.47002500913335155
horizons,aleatoire,18,reconquete,3.3,0.25752807153448604,0.40175808342070246,0.5982419165792976
horizons,aleatoire,18,nouvelle_energie,8.8,0.2866181632283328,0.5980875897067152,0.40191241029328484
horizons,aleatoire,19,lfi,8.9,0.46,0.5619136052469379,0.4380863947530621
horizons,aleatoire,19,ps,11.8,0.4311482382377826,0.5865585203991076,0.4134414796008924
horizons,aleatoire,19,ecologistes,12.7,0.46,0.6161841122187711,0.3838158877812289
horizons,aleatoire,19,renaissance,8.2,0.2996796863542198,0.6007292923994872,0.39927070760051275
horizons,aleatoire,19,lr,13,0.3417029860415851,0.5346574712227101,0.4653425287772899
horizons,aleatoire,19,reconquete,5.6,0.3139280715344861,0.4574957873318468,0.5425042126681532
horizons,aleatoire,19,nouvelle_energie,10.9,0.28885485493753976,0.5998754268755107,0.40012457312448935
horizons,prudent,0,ps,9.4,0.32553364648694777,0.5459297639945763,0.45407023600542373
horizons,prudent,0,ecologistes,11.3,0.34250828873310507,0.5694459680086432,0.4305540319913568
horizons,prudent,0,renaissance,10.9,0.329094532788215,0.44295763222476253,0.5570423677752374
horizons,prudent,0,horizons,13,0.28675141837710594,0.42658979172207845,0.5734102082779216
horizons,prudent,0,lr,9.3,0.2136826733953962,0.3855880685195902,0.6144119314804097
horizons,prudent,0,rn,10.4,0.3717697076609171,0.430131257367067,0.569868742632933
horizons,prudent,0,reconquete,8.7,0.35841984022014967,0.39628944614115336,0.6037105538588466
horizons,prudent,1,lfi,11.8,0.2954336464869478,0.4128051524662726,0.5871948475337274
horizons,prudent,1,ecologistes,12.5,0.23655381202336961,0.41248884239994366,0.5875111576000563
horizons,prudent,1,renaissance,11.6,0.2069638044712428,0.5948632580326224,0.4051367419673776
horizons,prudent,1,lr,7.8,0.25997308358870647,0.6227301380345641,0.3772698619654359
horizons,prudent,1,rn,12.7,0.43225906268782216,0.5646704529684392,0.4353295470315608
horizons,prudent,1,reconquete,6,0.45394468170933033,0.5842540192627378,0.4157459807372622
horizons,prudent,1,nouvelle_energie,8.3,0.2518261171165271,0.6253556813016713,0.3746443186983287
horizons,prudent,2,lfi,9,0.34010828873310506,0.46838960165077675,0.5316103983492233
horizons,prudent,2,ps,9.9,0.2642538120233696,0.47137289523323345,0.5286271047667666
horizons,prudent,2,renaissance,12.1,0.22891579450523838,0.5583885626852417,0.44161143731475827
horizons,prudent,2,lr,8.7,0.25004109550757075,0.6387229432496457,0.36127705675035426
horizons,prudent,2,rn,11.6,0.4163046600010101,0.5851634847673036,0.4148365152326964
horizons,prudent,2,reconquete,10,0.44165866144539145,0.6056483914812177,0.39435160851878226
horizons,prudent,2,nouvelle_energie,8.5,0.24274352606843097,0.6389817974322821,0.3610182025677179
horizons,prudent,3,lfi,13,0.46,0.591608170258274,0.40839182974172605
horizons,prudent,3,ps,9.9,0.38620064134857773,0.6099064128410921,0.39009358715890785
horizons,prudent,3,ecologistes,8.4,0.46,0.6414240735810932,0.3585759264189068
horizons,prudent,3,renaissance,9.8,0.2613712431565193,0.6147438047361932,0.38525619526380683
horizons,prudent,3,lr,9.9,0.28607096715352404,0.5970009025818035,0.4029990974181965
horizons,prudent,3,reconquete,6.6,0.2877280715344861,0.48166451274573385,0.5183354872542661
horizons,prudent,3,nouvelle_energie,9,0.2768969917768048,0.6114298552140465,0.38857014478595353
horizons,prudent,4,lfi,13,0.46,0.5939354139630788,0.4060645860369212
horizons,prudent,4,ps,10.7,0.39569588707634484,0.6154073180694191,0.38459268193058094
horizons,prudent,4,ecologistes,10,0.46,0.6435978179550238,0.3564021820449762
horizons,prudent,4,renaissance,12.3,0.21225016634307353,0.6655289739389595,0.3344710260610405
horizons,prudent,4,lr,7.7,0.29203425681906864,0.5968702402091975,0.40312975979080246
horizons,prudent,4,reconquete,5.4,0.29412807153448606,0.4842865378990477,0.5157134621009523
horizons,prudent,4,nouvelle_energie,11.3,0.280370276392004,0.613541139527383,0.386458860472617
horizons,prudent,5,lfi,9.5,0.46,0.5702755007404806,0.4297244992595194
horizons,prudent,5,ps,12.2,0.3664923688842883,0.5676859363719862,0.43231406362801383
horizons,prudent,5,ecologistes,9.1,0.43895096197729233,0.5852056138702152,0.4147943861297848
horizons,prudent,5,renaissance,8.5,0.17905176293196134,0.6018162199795974,0.39818378002040256
horizons,prudent,5,rn,11.3,0.34517265660237983,0.5006873812613305,0.4993126187386695
horizons,prudent,5,reconquete,8,0.28864454299903597,0.43225864477459663,0.5677413552254034
horizons,prudent,5,nouvelle_energie,10.6,0.13268267339539622,0.4327988393835129,0.5672011606164871
horizons,prudent,6,lfi,11.3,0.46,0.4687360607872964,0.5312639392127037
horizons,prudent,6,ps,11.7,0.3655954461919777,0.48095873159709324,0.5190412684029068
horizons,prudent,6,ecologistes,8.7,0.42603983584658967,0.48220646317631044,0.5177935368236896
horizons,prudent,6,lr,11.6,0.3000481027762737,0.46149946437075806,0.5385005356292419
horizons,prudent,6,rn,13.1,0.4315357174485693,0.4487152439352924,0.5512847560647076
horizons,prudent,6,reconquete,6.1,0.447995366661059,0.4443257556177781,0.5556742443822219
horizons,prudent,6,nouvelle_energie,9.9,0.2853832163955817,0.4741159422336553,0.5258840577663447
horizons,prudent,7,lfi,11,0.46,0.5284040488973983,0.47159595110260166
horizons,prudent,7,ps,11.5,0.3692954461919777,0.5175389206656867,0.48246107933431326
horizons,prudent,7,ecologistes,8.1,0.42973983584658965,0.5157270439796743,0.4842729560203257
horizons,prudent,7,lr,9,0.316597535739868,0.5341985570992823,0.4658014429007177
horizons,prudent,7,rn,11.5,0.4351427834945636,0.5456211133605083,0.45437888663949166
horizons,prudent,7,reconquete,4.3,0.4591334519303599,0.5480882085591634,0.4519117914408366
horizons,prudent,7,nouvelle_energie,8.1,0.3088693409871539,0.519919718659557,0.480080281340443
horizons,prudent,8,lfi,11,0.46,0.4107226133554366,0.5892773866445634
horizons,prudent,8,ps,14.4,0.40574477218527927,0.39184976544900574,0.6081502345509943
horizons,prudent,8,ecologistes,9.6,0.46,0.35889823738918925,0.6411017626108108
horizons,prudent,8,renaissance,11,0.2563084291491489,0.38091985018155017,0.6190801498184498
horizons,prudent,8,lr,10,0.2780004190308633,0.40281859406563303,0.597181405934367
horizons,prudent,8,reconquete,6,0.28902807153448606,0.5147970463893086,0.48520295361069143
horizons,prudent,8,nouvelle_energie,8.2,0.262741068932804,0.385452834974648,0.614547165025352
horizons,prudent,9,lfi,10.8,0.4377970277428097,0.44676133034642973,0.5532386696535703
horizons,prudent,9,ps,12.9,0.33486351544458687,0.44790737904610567,0.5520926209538943
horizons,prudent,9,ecologistes,8.1,0.41203342520577807,0.43782564668862944,0.5621743533113706
horizons,prudent,9,renaissance,8.9,0.16649212145650155,0.4207088657657966,0.5792911342342034
horizons,prudent,9,lr,13.1,0.14498267339539622,0.5528353659447787,0.44716463405522133
horizons,prudent,9,rn,14.1,0.3530697076609171,0.4951178454186381,0.5048821545813619
horizons,prudent,9,reconquete,3.6,0.2897198402201497,0.560668879616641,0.439331120383359
horizons,prudent,10,lfi,9.4,0.46,0.582680004977548,0.417319995022452
horizons,prudent,10,ps,12.9,0.4017803864858822,0.6029721842333919,0.39702781576660806
horizons,prudent,10,ecologistes,12.7,0.46,0.6341053585049587,0.36589464149504125
horizons,prudent,10,renaissance,10,0.27454370389819915,0.6118486097974015,0.3881513902025985
horizons,prudent,10,lr,8.6,0.33037369696785135,0.5463360097211443,0.45366399027885573
horizons,prudent,10,reconquete,3.8,0.29432807153448604,0.47539148999406206,0.5246085100059379
horizons,prudent,10,nouvelle_energie,13.1,0.32635583024547554,0.5601471627844044,0.43985283721559565
horizons,prudent,11,lfi,13.1,0.46,0.4175302498928365,0.5824697501071635
horizons,prudent,11,ps,12.9,0.40493269000976645,0.3972916453742379,0.6027083546257621
horizons,prudent,11,ecologistes,7.6,0.46,0.3659357409650976,0.6340642590349024
horizons,prudent,11,renaissance,13.5,0.2766641977968698,0.392698853433544,0.607301146566456
horizons,prudent,11,lr,9.9,0.28809897512978044,0.40619456455262726,0.5938054354473727
horizons,prudent,11,reconquete,2.9,0.25042807153448604,0.5796713766674357,0.42032862333256427
horizons,prudent,11,nouvelle_energie,9.9,0.33190642740747583,0.4407254521862594,0.5592745478137406
horizons,prudent,12,lfi,8.4,0.46,0.4741458423490531,0.5258541576509469
horizons,prudent,12,ps,10.7,0.36127013027154226,0.47002300525919777,0.5299769947408022
horizons,prudent,12,ecologistes,12.7,0.43600228673643665,0.46290542402371,0.53709457597629
horizons,prudent,12,renaissance,10.3,0.169677858525353,0.43979970129620455,0.5602002987037955
horizons,prudent,12,lr,12.4,0.11298267339539622,0.5898936355072462,0.41010636449275384
horizons,prudent,12,rn,11.4,0.3610697076609171,0.5164555174552561,0.4835444825447439
horizons,prudent,12,reconquete,8,0.3477198402201497,0.5264385888274271,0.4735614111725729
horizons,prudent,13,lfi,8,0.46,0.5770331713877568,0.4229668286122432
horizons,prudent,13,ps,13,0.3976609739613649,0.5978937443451928,0.4021062556548072
horizons,prudent,13,ecologistes,10.5,0.46,0.627535076005976,0.372464923994024
horizons,prudent,13,renaissance,13,0.22450019980470265,0.6523504909412516,0.34764950905874836
horizons,prudent,13,lr,12.4,0.3257416228414819,0.5423793167161767,0.4576206832838233
horizons,prudent,13,reconquete,5.4,0.2918280715344861,0.46281869646664225,0.5371813035333577
horizons,prudent,13,nouvelle_energie,7.3,0.32104465251423375,0.5562566907087038,0.44374330929129624
horizons,prudent,14,lfi,8.5,0.3941336464869478,0.38421857890043504,0.6157814210995649
horizons,prudent,14,ecologistes,9.6,0.24525381202336957,0.2695221789116899,0.73047782108831
horizons,prudent,14,renaissance,13.6,0.4198954461919777,0.42973192812392014,0.5702680718760799
horizons,prudent,14,horizons,12.4,0.44158569358324307,0.4533580121021092,0.5466419878978908
horizons,prudent,14,lr,12,0.4047726566023798,0.5239767118827707,0.47602328811722927
horizons,prudent,14,reconquete,4.5,0.3250280715344861,0.5997291322095645,0.4002708677904355
horizons,prudent,14,nouvelle_energie,11.7,0.4403697076609171,0.510588458504277,0.48941154149572297
horizons,prudent,15,lfi,9,0.46,0.5768476110010013,0.42315238899899865
horizons,prudent,15,ps,12,0.3677108051742872,0.6576452619294727,0.3423547380705273
horizons,prudent,15,ecologistes,9.9,0.46,0.6278258477056874,0.3721741522943126
horizons,prudent,15,renaissance,11.3,0.26890207095509866,0.610437495725127,0.38956250427487304
horizons,prudent,15,lr,13,0.3228380038999263,0.5434002128352083,0.45659978716479166
horizons,prudent,15,reconquete,4.2,0.2924280715344861,0.470445605355487,0.5295543946445129
horizons,prudent,15,nouvelle_energie,10.7,0.30687638326567107,0.5618493149580437,0.4381506850419563
horizons,prudent,16,lfi,11.4,0.46,0.426799243747299,0.5732007562527011
horizons,prudent,16,ps,13.1,0.362635523665772,0.429921909980406,0.570078090019594
horizons,prudent,16,ecologistes,8.4,0.44026471276650003,0.414021853004943,0.585978146995057
horizons,prudent,16,renaissance,8.2,0.19787665437937224,0.4021387886093524,0.5978612113906476
horizons,prudent,16,rn,11.3,0.3467726566023799,0.4922917306973387,0.5077082693026613
horizons,prudent,16,reconquete,5.9,0.29024454299903596,0.5570174712765327,0.44298252872346733
horizons,prudent,16,nouvelle_energie,12.8,0.1842826733953962,0.5273147966161115,0.47268520338388853
horizons,prudent,17,lfi,9.2,0.39483364648694774,0.38973532201235095,0.610264677987649
horizons,prudent,17,ecologistes,8.3,0.2859538120233696,0.2829519755881287,0.7170480244118713
horizons,prudent,17,renaissance,12.5,0.42059544619197764,0.4336398337498356,0.5663601662501644
horizons,prudent,17,horizons,12.4,0.43518609653033224,0.4579982720412883,0.5420017279587117
horizons,prudent,17,lr,13,0.40547265660237986,0.5293118391651868,0.47068816083481324
horizons,prudent,17,reconquete,5.3,0.325728071534486,0.6072444285112395,0.3927555714887605
horizons,prudent,17,nouvelle_energie,11.8,0.44106970766091713,0.5159198162379582,0.48408018376204176
horizons,prudent,18,lfi,7.9,0.46,0.45934610432148865,0.5406538956785114
horizons,prudent,18,ps,8.9,0.46,0.4387697326260729,0.5612302673739271
horizons,prudent,18,ecologistes,9,0.46,0.41390968728259386,0.5860903127174062
horizons,prudent,18,renaissance,12.7,0.351594532788215,0.41179867572025314,0.5882013242797468
horizons,prudent,18,horizons,13.8,0.31576258229819965,0.4207959679863694,0.5792040320136306
horizons,prudent,18,lr,7.8,0.23618267339539623,0.4373859513968358,0.5626140486031642
horizons,prudent,18,reconquete,9.3,0.27892807153448607,0.510270592913826,0.48972940708617396
horizons,prudent,19,lfi,13.2,0.46,0.5317972457508303,0.4682027542491697
horizons,prudent,19,ps,11.9,0.36399544619197766,0.519777671984302,0.480222328015698
horizons,prudent,19,ecologistes,11.7,0.4244398358465896,0.5187711461299557,0.4812288538700443
horizons,prudent,19,lr,7.3,0.30848285412097753,0.5359381159545938,0.46406188404540616
horizons,prudent,19,rn,11.4,0.4350660673643947,0.549642077191117,0.450357922808883
horizons,prudent,19,reconquete,4.2,0.4543911143179138,0.5534540483565109,0.4465459516434891
horizons,prudent,19,nouvelle_energie,12,0.2953728778952801,0.5317160268678375,0.4682839731321625
horizons,risque,0,lfi,8.5,0.3526336464869478,0.4566176482947913,0.5433823517052088
horizons,risque,0,ecologistes,6.9,0.2937538120233696,0.4501152165319984,0.5498847834680016
horizons,risque,0,renaissance,9.1,0.24612344585400456,0.5603506879441782,0.4396493120558218
horizons,risque,0,lr,13.3,0.25133022920233367,0.6244304082575138,0.37556959174248616
horizons,risque,0,rn,14.6,0.41821385757878154,0.5637943473140712,0.4362056526859288
horizons,risque,0,reconquete,6.7,0.43782395444189814,0.5836529577096584,0.4163470422903416
horizons,risque,0,nouvelle_energie,9,0.2912223233626434,0.5758625735758455,0.42413742642415453
horizons,risque,1,lfi,11.9,0.3526336464869478,0.546595081847308,0.453404918152692
horizons,risque,1,ecologistes,10.1,0.2537538120233696,0.5824794785386772,0.4175205214613228
horizons,risque,1,renaissance,7.7,0.22104266041993412,0.44126622619015976,0.5587337738098402
horizons,risque,1,lr,12,0.3151449890579813,0.4331285302862806,0.5668714697137194
horizons,risque,1,rn,11.5,0.4523533674560345,0.4521482613388319,0.5478517386611681
horizons,risque,1,reconquete,7.2,0.46,0.43155869500890526,0.5684413049910948
horizons,risque,1,nouvelle_energie,12.6,0.2966107728182693,0.43170604060580847,0.5682939593941916
horizons,risque,2,lfi,12.6,0.46,0.5660292373253437,0.4339707626746563
horizons,risque,2,ps,9.9,0.4416857339999618,0.5893028590377999,0.4106971409622001
horizons,risque,2,ecologistes,10.1,0.46,0.6208118197536037,0.37918818024639633
horizons,risque,2,renaissance,9.6,0.2018904872583572,0.6665205937760864,0.3334794062239136
horizons,risque,2,lr,10.3,0.280128878056318,0.5924017871538441,0.40759821284615594
horizons,risque,2,reconquete,7.1,0.25852807153448604,0.4116944427934832,0.5883055572065168
horizons,risque,2,nouvelle_energie,11.1,0.31571498963339795,0.5567893398771855,0.4432106601228145
horizons,risque,3,lfi,12.6,0.3945336464869478,0.613422133917942,0.386577866082058
horizons,risque,3,ecologistes,7.3,0.28565381202336965,0.7200026450382904,0.27999735496170963
horizons,risque,3,renaissance,11.9,0.4202954461919777,0.569611122580495,0.43038887741950504
horizons,risque,3,horizons,12.2,0.43825495491102584,0.5463926706629342,0.4536073293370658
horizons,risque,3,lr,10.2,0.4051726566023799,0.47432625414315865,0.5256737458568413
horizons,risque,3,reconquete,7.2,0.32542807153448605,0.399707346002002,0.600292653997998
horizons,risque,3,nouvelle_energie,10.1,0.44076970766091716,0.4878010216779393,0.5121989783220606
horizons,risque,4,lfi,10.4,0.46,0.5226152918955165,0.4773847081044835
horizons,risque,4,ps,12.4,0.38209544619197766,0.5068951126751859,0.49310488732481406
horizons,risque,4,ecologistes,10,0.4425398358465896,0.502288448281426,0.49771155171857395
horizons,risque,4,lr,10.1,0.29782159140564485,0.5372160864290576,0.4627839135709424
horizons,risque,4,rn,12.5,0.40552867571035417,0.5493895436466267,0.45061045635337327
horizons,risque,4,reconquete,2.3,0.42792080326741033,0.5498799782427322,0.45012002175726784
horizons,risque,4,nouvelle_energie,9,0.24425737213790605,0.5707311417377308,0.42926885826226924
horizons,risque,4,reconquete_dissidence_19,5.6,0.42792080326741033,0.5501533539246253,0.4498466460753747
horizons,risque,5,lfi,10.8,0.46,0.526980891572524,0.47301910842747596
horizons,risque,5,ps,12.7,0.46,0.5231641451510466,0.4768358548489534
horizons,risque,5,ecologistes,9.7,0.46,0.5315573281843278,0.46844267181567223
horizons,risque,5,renaissance,8.6,0.331994532788215,0.5331314036293064,0.46686859637069356
horizons,risque,5,horizons,12.5,0.28572143044235054,0.5217198750463965,0.4782801249536035
horizons,risque,5,rn,10.3,0.33907265660237984,0.5061181482964825,0.4938818517035175
horizons,risque,5,reconquete,8.7,0.33254454299903596,0.508055877757784,0.49194412224221595
horizons,risque,6,lfi,12.1,0.46,0.42175650519937347,0.5782434948006265
horizons,risque,6,ps,12.6,0.350103895649238,0.34019360534838305,0.659806394651617
horizons,risque,6,ecologistes,7.7,0.46,0.36978923851230405,0.630210761487696
horizons,risque,6,renaissance,7.4,0.22999398389240525,0.37348488931491586,0.6265151106850841
horizons,risque,6,lr,11.8,0.3408043669036438,0.45679434106529254,0.5432056589347074
horizons,risque,6,reconquete,7.6,0.24812807153448607,0.5856918477314967,0.41430815226850326
horizons,risque,6,nouvelle_energie,12.2,0.3324514429059304,0.44415424544953325,0.5558457545504667
horizons,risque,7,lfi,10,0.46,0.4801062493939482,0.5198937506060518
horizons,risque,7,ps,10.4,0.46,0.4560854115147151,0.543914588485285
horizons,risque,7,ecologistes,6.9,0.46,0.43673293348308184,0.5632670665169182
horizons,risque,7,renaissance,13.1,0.4041291016103894,0.43688832940040034,0.5631116705995997
horizons,risque,7,horizons,13.1,0.3489123579219915,0.436392904310541,0.563607095689459
horizons,risque,7,reconquete,9.1,0.3150280715344861,0.5160083424650355,0.48399165753496454
horizons,risque,7,nouvelle_energie,10.1,0.1822826733953962,0.3693403145892531,0.6306596854107469
horizons,risque,8,lfi,11.9,0.46,0.565611878766392,0.43438812123360804
horizons,risque,8,ps,11.3,0.3860053468658633,0.5634581813032582,0.4365418186967418
horizons,risque,8,ecologistes,12.5,0.45997795397922303,0.5803717008404321,0.4196282991595679
horizons,risque,8,renaissance,8.4,0.1576487100471954,0.6173257594166583,0.38267424058334165
horizons,risque,8,rn,10,0.35347265660237986,0.49971600729367305,0.500283992706327
horizons,risque,8,reconquete,5.4,0.346944542999036,0.4906859558942266,0.5093140441057734
horizons,risque,8,nouvelle_energie,11.3,0.1809826733953962,0.45382223802370225,0.5461777619762977
horizons,risque,9,lfi,9.3,0.46,0.4610028070351261,0.5389971929648739
horizons,risque,9,ps,11.3,0.46,0.43996327150696635,0.5600367284930337
horizons,risque,9,ecologistes,10.3,0.46,0.4151033428851149,0.584896657114885
horizons,risque,9,renaissance,10.2,0.302694532788215,0.36014574006132116,0.6398542599386788
horizons,risque,9,horizons,12.5,0.2937371251866262,0.42222561962334787,0.5777743803766522
horizons,risque,9,lr,10,0.23728267339539622,0.4371372309821163,0.5628627690178837
horizons,risque,9,reconquete,9.6,0.23002807153448607,0.5618875929892687,0.4381124070107313
horizons,risque,10,lfi,10.9,0.3471336464869478,0.46678008012128297,0.5332199198787171
horizons,risque,10,ecologistes,9.9,0.2882538120233696,0.45085886116200147,0.5491411388379985
horizons,risque,10,renaissance,10.8,0.1706152048440903,0.6063802912468286,0.3936197087531714
horizons,risque,10,lr,11.4,0.25659174391213224,0.6240719487168921,0.3759280512831079
horizons,risque,10,rn,13.3,0.436445225343082,0.5609335756737424,0.43906642432625764
horizons,risque,10,reconquete,5.4,0.45382058498663114,0.5811081606861919,0.41889183931380813
horizons,risque,10,nouvelle_energie,8.5,0.24442127568410255,0.6239563295008069,0.3760436704991931
horizons,risque,11,ps,7.9,0.34013364648694777,0.5099095274310251,0.49009047256897487
horizons,risque,11,ecologistes,11.8,0.3571082887331051,0.49414318517094735,0.5058568148290526
horizons,risque,11,renaissance,9.4,0.2134879814544642,0.6134941871126902,0.3865058128873098
horizons,risque,11,lr,8.4,0.2519875751810995,0.6609099374804853,0.3390900625195147
horizons,risque,11,rn,8.5,0.4206712054235123,0.5801780035946175,0.41982199640538254
horizons,risque,11,reconquete,7.8,0.4443988170864231,0.6026005924839569,0.3973994075160431
horizons,risque,11,nouvelle_energie,8.6,0.29672178428313095,0.6129595797743571,0.3870404202256429
horizons,risque,11,reconquete_dissidence_23,9.1,0.4443988170864231,0.5973428568060573,0.40265714319394275
horizons,risque,12,lfi,10.2,0.46,0.5765420360285184,0.4234579639714816
horizons,risque,12,ps,12.6,0.41454547461741453,0.59736031609832,0.40263968390168003
horizons,risque,12,ecologistes,8.9,0.46,0.6278339847225197,0.3721660152774803
horizons,risque,12,renaissance,7.9,0.18120015018577082,0.6698479224562046,0.3301520775437954
horizons,risque,12,lr,10.1,0.3410032916004109,0.544667365682876,0.455332634317124
horizons,risque,12,reconquete,6.8,0.2511280715344861,0.415589896056018,0.584410103943982
horizons,risque,12,nouvelle_energie,10.9,0.32647798573697323,0.5555276397844837,0.4444723602155163
horizons,risque,13,lfi,8,0.46,0.5619457235232328,0.4380542764767672
horizons,risque,13,ps,9.7,0.3671815525570254,0.5658897339349824,0.43411026606501757
horizons,risque,13,ecologistes,9.2,0.44446935734359705,0.5820650564558312,0.4179349435441688
horizons,risque,13,renaissance,12.7,0.16256894819705028,0.6112004252240035,0.38879957477599647
horizons,risque,13,rn,10.8,0.34917265660237984,0.5026760548882909,0.4973239451117091
horizons,risque,13,reconquete,7.8,0.34264454299903596,0.4926842860627804,0.5073157139372195
horizons,risque,13,nouvelle_energie,11.9,0.17668267339539623,0.44726379000585503,0.552736209994145
horizons,risque,14,lfi,13.2,0.46,0.5843534981824068,0.4156465018175932
horizons,risque,14,ps,8.4,0.41034222226171807,0.6047721370529258,0.39522786294707424
horizons,risque,14,ecologistes,11.6,0.46,0.6381495181951261,0.3618504818048739
horizons,risque,14,renaissance,8.4,0.17600879160148195,0.6727109141413277,0.32728908585867234
horizons,risque,14,lr,11.2,0.2928828345647671,0.5955300178100906,0.40446998218990937
horizons,risque,14,reconquete,3.4,0.3000280715344861,0.4736432009779956,0.5263567990220044
horizons,risque,14,nouvelle_energie,10.2,0.2782027953933944,0.6108941976574458,0.3891058023425542
horizons,risque,15,lfi,9.9,0.3166082887331051,0.5753965269621246,0.4246034730378754
horizons,risque,15,ps,11,0.1907538120233696,0.6190481523643878,0.3809518476356122
horizons,risque,15,renaissance,9.8,0.303194532788215,0.4744431109737794,0.5255568890262206
horizons,risque,15,horizons,12.7,0.25391161146500757,0.4502160455801619,0.5497839544198381
horizons,risque,15,lr,11.3,0.18778267339539623,0.39261732710828073,0.6073826728917193
horizons,risque,15,rn,9.2,0.3458697076609171,0.41203234976758996,0.58796765023241
horizons,risque,15,reconquete,9.1,0.3325198402201497,0.38202388933698067,0.6179761106630193
horizons,risque,16,lfi,8.9,0.46,0.547854665050072,0.45214533494992803
horizons,risque,16,ps,10.7,0.43470226542152934,0.5721150005334822,0.4278849994665178
horizons,risque,16,ecologistes,10.9,0.46,0.5981693744832955,0.40183062551670445
horizons,risque,16,renaissance,9,0.21518845793455496,0.6530469523528604,0.34695304764713963
horizons,risque,16,lr,12.3,0.2750979856840962,0.5794142693446557,0.4205857306553443
horizons,risque,16,reconquete,7,0.21962807153448607,0.3794268988158078,0.6205731011841922
horizons,risque,16,nouvelle_energie,12.4,0.3168513018593197,0.5426314994190362,0.4573685005809638
horizons,risque,17,lfi,10.5,0.46,0.587599037619401,0.412400962380599
horizons,risque,17,ps,10.5,0.43101923910240864,0.6102022043984923,0.38979779560150773
horizons,risque,17,ecologistes,8,0.46,0.638680091427692,0.361319908572308
horizons,risque,17,renaissance,9.5,0.23866142021224893,0.6360582400905263,0.36394175990947375
horizons,risque,17,lr,11.9,0.326558987958143,0.5555136039286439,0.4444863960713561
horizons,risque,17,reconquete,8.3,0.30042807153448603,0.48058597038889467,0.5194140296111054
horizons,risque,17,nouvelle_energie,12.1,0.31131556349653167,0.5706149123283526,0.4293850876716474
horizons,risque,18,lfi,9.5,0.3531336464869478,0.46600218516228376,0.5339978148377162
horizons,risque,18,ecologistes,10.6,0.2942538120233696,0.4474265657249813,0.5525734342750187
horizons,risque,18,renaissance,9.2,0.22651879710935854,0.5705149675952506,0.42948503240474944
horizons,risque,18,lr,11,0.2572921892126152,0.6244732596195879,0.3755267403804121
horizons,risque,18,rn,13.2,0.4381453068322739,0.5618828206445491,0.4381171793554509
horizons,risque,18,reconquete,8.2,0.4554483072731638,0.5819565966840996,0.4180434033159004
horizons,risque,18,nouvelle_energie,8.1,0.245616289915785,0.6242950111827062,0.37570498881729375
horizons,risque,19,lfi,8.9,0.3481336464869478,0.4829549491606999,0.5170450508393001
horizons,risque,19,ecologistes,9.4,0.2892538120233696,0.46698701804278625,0.5330129819572138
horizons,risque,19,renaissance,13.7,0.21043056547860986,0.5741953152580194,0.42580468474198063
horizons,risque,19,lr,8.2,0.26925966780975147,0.6296049159050335,0.37039508409496646
horizons,risque,19,rn,13,0.44459542491842813,0.5715164817224349,0.42848351827756515
horizons,risque,19,reconquete,6.6,0.46,0.5910398922263489,0.4089601077736511
horizons,risque,19,nouvelle_energie,12.4,0.2577303474515926,0.6293811883039591,0.37061881169604094
horizons,ideologiquement_coherent,0,lfi,11.5,0.46,0.5779875253005788,0.42201247469942116
horizons,ideologiquement_coherent,0,ps,9,0.4212847379032398,0.5985949989118327,0.40140500108816735
horizons,ideologiquement_coherent,0,ecologistes,11.1,0.46,0.6291187524648151,0.3708812475351849
horizons,ideologiquement_coherent,0,renaissance,12.7,0.22614222904358983,0.6568330837416326,0.34316691625836737
horizons,ideologiquement_coherent,0,lr,10.5,0.25925387075481504,0.5951388107129258,0.40486118928707415
horizons,ideologiquement_coherent,0,reconquete,3.6,0.24002807153448608,0.42470760854147693,0.5752923914585231
horizons,ideologiquement_coherent,0,nouvelle_energie,9.3,0.2496874902603387,0.6115809381022201,0.38841906189777986
horizons,ideologiquement_coherent,1,lfi,10.1,0.45258330504591415,0.5413942894524859,0.4586057105475141
horizons,ideologiquement_coherent,1,ps,10.7,0.3008999724352433,0.6014086284607266,0.3985913715392734
horizons,ideologiquement_coherent,1,ecologistes,8.4,0.42418097770145374,0.5520300418715408,0.4479699581284592
horizons,ideologiquement_coherent,1,renaissance,10,0.16264417612222648,0.5651972408623391,0.43480275913766087
horizons,ideologiquement_coherent,1,lr,10.4,0.19278267339539623,0.48148319343478535,0.5185168065652146
horizons,ideologiquement_coherent,1,rn,10.8,0.35086970766091713,0.49435182568725716,0.5056481743127428
horizons,ideologiquement_coherent,1,reconquete,9.2,0.3375198402201497,0.4857243694238169,0.5142756305761831
horizons,ideologiquement_coherent,2,lfi,8.1,0.46,0.5702176630632515,0.4297823369367485
horizons,ideologiquement_coherent,2,ps,14.4,0.40959091696085664,0.5931997000416374,0.40680029995836264
horizons,ideologiquement_coherent,2,ecologistes,7,0.46,0.6221011209428434,0.3778988790571566
horizons,ideologiquement_coherent,2,renaissance,10.1,0.2610673391285936,0.6047362126359064,0.3952637873640936
horizons,ideologiquement_coherent,2,lr,13.1,0.3377697873884555,0.5398444219165185,0.4601555780834815
horizons,ideologiquement_coherent,2,reconquete,3.7,0.2545280715344861,0.43703998774258823,0.5629600122574118
horizons,ideologiquement_coherent,2,nouvelle_energie,12.3,0.3266756191457982,0.5545366805397245,0.4454633194602755
horizons,ideologiquement_coherent,3,lfi,13.8,0.46,0.5704773097513722,0.42952269024862777
horizons,ideologiquement_coherent,3,ps,9,0.41598759186536416,0.5948157518577586,0.4051842481422414
horizons,ideologiquement_coherent,3,ecologistes,11.7,0.46,0.6276440150641198,0.3723559849358802
horizons,ideologiquement_coherent,3,renaissance,9.9,0.26672799580193085,0.6069587550915572,0.39304124490844283
horizons,ideologiquement_coherent,3,lr,11.5,0.33805853951572984,0.5386753841375291,0.46132461586247087
horizons,ideologiquement_coherent,3,reconquete,3.8,0.2977280715344861,0.463446322883952,0.536553677116048
horizons,ideologiquement_coherent,3,nouvelle_energie,9.3,0.3255091540918267,0.5545545814773806,0.44544541852261943
horizons,ideologiquement_coherent,4,lfi,11.4,0.34263364648694783,0.4477046653614387,0.5522953346385613
horizons,ideologiquement_coherent,4,ecologistes,11.9,0.24375381202336957,0.4163009355783692,0.5836990644216308
horizons,ideologiquement_coherent,4,renaissance,8.5,0.2041616334304125,0.5816306117634567,0.41836938823654335
horizons,ideologiquement_coherent,4,lr,8.4,0.3045357796071939,0.5634178408484763,0.43658215915152365
horizons,ideologiquement_coherent,4,rn,12.4,0.4275677112400428,0.5491607468133386,0.4508392531866614
horizons,ideologiquement_coherent,4,reconquete,6.7,0.44914929853617336,0.5677204634322721,0.4322795365677279
horizons,ideologiquement_coherent,4,nouvelle_energie,9.3,0.24790461775324274,0.6146495628751095,0.3853504371248905
horizons,ideologiquement_coherent,5,lfi,10.9,0.46,0.47115541301403807,0.5288445869859619
horizons,ideologiquement_coherent,5,ps,12.5,0.3636138397884614,0.46732533888587613,0.5326746611141239
horizons,ideologiquement_coherent,5,ecologistes,12.3,0.4349694512737963,0.4588323691911436,0.5411676308088564
horizons,ideologiquement_coherent,5,renaissance,9.8,0.20914753452175244,0.4773298155850165,0.5226701844149835
horizons,ideologiquement_coherent,5,lr,10.5,0.1541826733953962,0.5481429416031101,0.45185705839688994
horizons,ideologiquement_coherent,5,rn,10.7,0.35226970766091714,0.5122974490424044,0.4877025509575956
horizons,ideologiquement_coherent,5,reconquete,5.1,0.2889198402201497,0.5760810659673761,0.42391893403262393
horizons,ideologiquement_coherent,6,lfi,8.9,0.46,0.56917619304156,0.43082380695844
horizons,ideologiquement_coherent,6,ps,11.7,0.4214131722390526,0.5938517241738412,0.40614827582615876
horizons,ideologiquement_coherent,6,ecologistes,9.4,0.46,0.6256434221616346,0.3743565778383654
horizons,ideologiquement_coherent,6,renaissance,12.8,0.2194233809652953,0.6544128425368245,0.3455871574631755
horizons,ideologiquement_coherent,6,lr,8.5,0.3186978901683022,0.5434039051188292,0.4565960948811708
horizons,ideologiquement_coherent,6,reconquete,7.1,0.2918280715344861,0.4692147164819016,0.5307852835180984
horizons,ideologiquement_coherent,6,nouvelle_energie,11,0.30403038366422425,0.5565485285361494,0.44345147146385056
horizons,ideologiquement_coherent,7,lfi,8.5,0.46,0.5517047773902224,0.4482952226097776
horizons,ideologiquement_coherent,7,ps,13.6,0.40875325734270207,0.5526974854068248,0.44730251459317516
horizons,ideologiquement_coherent,7,ecologistes,6.6,0.46,0.568607985331338,0.43139201466866195
horizons,ideologiquement_coherent,7,renaissance,9.2,0.2017690801689967,0.5954532053041035,0.4045467946958965
horizons,ideologiquement_coherent,7,rn,12.7,0.35267265660237984,0.49198908357135496,0.508010916428645
horizons,ideologiquement_coherent,7,reconquete,9.3,0.296144542999036,0.4290002342543944,0.5709997657456056
horizons,ideologiquement_coherent,7,nouvelle_energie,10.7,0.23018267339539622,0.49389470777479416,0.5061052922252058
horizons,ideologiquement_coherent,8,lfi,12.7,0.46,0.5718165257608704,0.4281834742391296
horizons,ideologiquement_coherent,8,ps,12.9,0.4298208011427824,0.5956079403510108,0.40439205964898917
horizons,ideologiquement_coherent,8,ecologistes,6.5,0.46,0.6288726861987792,0.37112731380122077
horizons,ideologiquement_coherent,8,renaissance,12.8,0.270645605923327,0.6091675008546241,0.3908324991453759
horizons,ideologiquement_coherent,8,lr,12.2,0.3230928124415141,0.5447131144351981,0.4552868855648019
horizons,ideologiquement_coherent,8,reconquete,4.1,0.2427280715344861,0.4190499082270003,0.5809500917729997
horizons,ideologiquement_coherent,8,nouvelle_energie,11.1,0.255632067700493,0.6104782817895222,0.38952171821047776
horizons,ideologiquement_coherent,9,lfi,10.6,0.46,0.5176917762364641,0.4823082237635359
horizons,ideologiquement_coherent,9,ps,10.6,0.3635954461919777,0.507665420582162,0.492334579417838
horizons,ideologiquement_coherent,9,ecologistes,8.9,0.42403983584658966,0.5043875426702412,0.4956124573297588
horizons,ideologiquement_coherent,9,lr,11.6,0.2847660369610178,0.5343680550887786,0.4656319449112214
horizons,ideologiquement_coherent,9,rn,9.8,0.42287129736857143,0.5448192647273309,0.4551807352726691
horizons,ideologiquement_coherent,9,reconquete,8.9,0.4364115999925153,0.54976926181927,0.45023073818073
horizons,ideologiquement_coherent,9,nouvelle_energie,12,0.22130309649646918,0.5722994211759339,0.4277005788240661
horizons,ideologiquement_coherent,10,lfi,10.5,0.46,0.4679410042723372,0.5320589957276628
horizons,ideologiquement_coherent,10,ps,13.1,0.3603954461919777,0.47974763170615053,0.5202523682938495
horizons,ideologiquement_coherent,10,ecologistes,10.3,0.4208398358465897,0.4801052197216407,0.5198947802783593
horizons,ideologiquement_coherent,10,lr,11.7,0.2519214293867895,0.4103116177189487,0.5896883822810512
horizons,ideologiquement_coherent,10,rn,12.9,0.4380940515597379,0.4492071906153943,0.5507928093846057
horizons,ideologiquement_coherent,10,reconquete,6,0.4529108831144141,0.4427169115733039,0.5572830884266962
horizons,ideologiquement_coherent,10,nouvelle_energie,8.4,0.28552109355581234,0.4601580650051833,0.5398419349948167
horizons,ideologiquement_coherent,11,lfi,12.6,0.3015336464869478,0.40293130457538884,0.5970686954246112
horizons,ideologiquement_coherent,11,ecologistes,10,0.2926538120233696,0.445063283019265,0.554936716980735
horizons,ideologiquement_coherent,11,renaissance,11.2,0.2614746619580909,0.5430685912669745,0.4569314087330255
horizons,ideologiquement_coherent,11,lr,11.3,0.3075609105102651,0.5735564050138852,0.42644359498611484
horizons,ideologiquement_coherent,11,rn,10.8,0.4413433798796803,0.5589154970359729,0.4410845029640271
horizons,ideologiquement_coherent,11,reconquete,3.6,0.45798304134845075,0.5799662430992228,0.42003375690077716
horizons,ideologiquement_coherent,11,nouvelle_energie,13.3,0.2955883870874039,0.5756606477863769,0.42433935221362307
horizons,ideologiquement_coherent,12,lfi,13.3,0.46,0.5675724839775327,0.4324275160224673
horizons,ideologiquement_coherent,12,ps,9.2,0.4163579883414192,0.5904533550240341,0.40954664497596593
horizons,ideologiquement_coherent,12,ecologistes,9.2,0.46,0.6228355044060856,0.3771644955939144
horizons,ideologiquement_coherent,12,renaissance,9.5,0.22550992106459805,0.6510731198046321,0.3489268801953679
horizons,ideologiquement_coherent,12,lr,11.8,0.3261299497136626,0.5392328444732569,0.4607671555267431
horizons,ideologiquement_coherent,12,reconquete,4.1,0.2974280715344861,0.4617758609988048,0.5382241390011953
horizons,ideologiquement_coherent,12,nouvelle_energie,9.7,0.3167856485355778,0.5539793690772714,0.4460206309227286
horizons,ideologiquement_coherent,13,lfi,9.6,0.46,0.573844289774691,0.42615571022530896
horizons,ideologiquement_coherent,13,ps,9.9,0.41665827358426355,0.5959324880706255,0.4040675119293745
horizons,ideologiquement_coherent,13,ecologistes,13.8,0.46,0.6270546468458428,0.3729453531541572
horizons,ideologiquement_coherent,13,renaissance,11.8,0.27659627060162667,0.6060942801555891,0.3939057198444109
horizons,ideologiquement_coherent,13,lr,8.8,0.3307444934446194,0.5424672283851749,0.4575327716148251
horizons,ideologiquement_coherent,13,reconquete,4.2,0.2990280715344861,0.4639017136074045,0.5360982863925955
horizons,ideologiquement_coherent,13,nouvelle_energie,7.8,0.2713808770475156,0.6064815041185138,0.39351849588148624
horizons,ideologiquement_coherent,14,ps,11,0.2843336464869478,0.4318381740126682,0.5681618259873318
horizons,ideologiquement_coherent,14,ecologistes,8.8,0.3513082887331051,0.4696711322114802,0.5303288677885198
horizons,ideologiquement_coherent,14,renaissance,12.1,0.19446291397534893,0.6259006885458819,0.3740993114541181
horizons,ideologiquement_coherent,14,lr,9.3,0.24272494265706518,0.6479648570334222,0.3520351429665778
horizons,ideologiquement_coherent,14,rn,12.2,0.43110118626440463,0.5574839102087789,0.44251608979122115
horizons,ideologiquement_coherent,14,reconquete,5.7,0.44375724381518555,0.5869735569046041,0.41302644309539593
horizons,ideologiquement_coherent,14,nouvelle_energie,9.5,0.27459131534159864,0.6013763865964239,0.3986236134035761
horizons,ideologiquement_coherent,15,lfi,9.3,0.46,0.5661566179767297,0.43384338202327033
horizons,ideologiquement_coherent,15,ps,10,0.3798062460266087,0.5708856419352156,0.4291143580647844
horizons,ideologiquement_coherent,15,ecologistes,7.9,0.4522586186892199,0.5846245865849335,0.41537541341506645
horizons,ideologiquement_coherent,15,renaissance,10,0.2337300033604206,0.5584405554541855,0.44155944454581453
horizons,ideologiquement_coherent,15,rn,14.8,0.29367265660237984,0.44381677628498273,0.5561832237150173
horizons,ideologiquement_coherent,15,reconquete,4.1,0.28714454299903597,0.43707865888217656,0.5629213411178234
horizons,ideologiquement_coherent,15,nouvelle_energie,9.6,0.2211826733953962,0.4996344912035267,0.5003655087964733
horizons,ideologiquement_coherent,16,ps,11.7,0.2894336464869478,0.44612675241641814,0.5538732475835819
horizons,ideologiquement_coherent,16,ecologistes,7.4,0.3564082887331051,0.48461640518577764,0.5153835948142224
horizons,ideologiquement_coherent,16,renaissance,9.6,0.2458325892119806,0.5889238779700059,0.4110761220299941
horizons,ideologiquement_coherent,16,lr,12.9,0.30361750458117676,0.6017146246622701,0.3982853753377299
horizons,ideologiquement_coherent,16,rn,11.3,0.4440456693601125,0.5679950587999719,0.4320049412000281
horizons,ideologiquement_coherent,16,reconquete,6.3,0.45614443070601257,0.5941306053089589,0.4058693946910411
horizons,ideologiquement_coherent,16,nouvelle_energie,9.9,0.28610771173075844,0.6081242449106011,0.39187575508939887
horizons,ideologiquement_coherent,17,lfi,13,0.46,0.5598227266429995,0.4401772733570005
horizons,ideologiquement_coherent,17,ps,14.5,0.42289517929401765,0.5900301533992378,0.4099698466007622
horizons,ideologiquement_coherent,17,ecologistes,10.7,0.46,0.6135475813569655,0.3864524186430345
horizons,ideologiquement_coherent,17,renaissance,8.3,0.27848591647317555,0.6007299150285927,0.39927008497140726
horizons,ideologiquement_coherent,17,lr,9.2,0.2730270440739048,0.5844831492702327,0.4155168507297673
horizons,ideologiquement_coherent,17,reconquete,4.6,0.20732807153448604,0.3923270797616386,0.6076729202383614
horizons,ideologiquement_coherent,17,nouvelle_energie,8.1,0.3149563499950571,0.5494406854456856,0.4505593145543144
horizons,ideologiquement_coherent,18,lfi,8.9,0.3463336464869478,0.4532854922952794,0.5467145077047206
horizons,ideologiquement_coherent,18,ecologistes,7.9,0.19745381202336962,0.38124749824347237,0.6187525017565276
horizons,ideologiquement_coherent,18,renaissance,11.3,0.2609197689416104,0.53495082517389,0.46504917482610997
horizons,ideologiquement_coherent,18,lr,10.3,0.25220941359885407,0.6157196587250544,0.3842803412749456
horizons,ideologiquement_coherent,18,rn,13.7,0.43362190484737634,0.5497269052784062,0.4502730947215938
horizons,ideologiquement_coherent,18,reconquete,7.9,0.4507877485454369,0.5706262621440639,0.42937373785593613
horizons,ideologiquement_coherent,18,nouvelle_energie,10,0.29135568555797814,0.5683611216816458,0.43163887831835424
horizons,ideologiquement_coherent,19,lfi,12.9,0.46,0.42818185647641516,0.5718181435235848
horizons,ideologiquement_coherent,19,ps,10.8,0.42161999087564955,0.40404789772389255,0.5959521022761074
horizons,ideologiquement_coherent,19,ecologistes,8.8,0.46,0.3727456305028268,0.6272543694971733
horizons,ideologiquement_coherent,19,renaissance,12.1,0.2788019316159449,0.3933722350797075,0.6066277649202925
horizons,ideologiquement_coherent,19,lr,11.7,0.31362202778770004,0.4538004473800946,0.5461995526199054
horizons,ideologiquement_coherent,19,reconquete,3.8,0.24312807153448607,0.5783439278541385,0.42165607214586154
horizons,ideologiquement_coherent,19,nouvelle_energie,11.8,0.2541567153284812,0.39044691224916284,0.6095530877508372
horizons,opportuniste_electoral,0,lfi,8.3,0.46,0.57002817113794,0.42997182886206
horizons,opportuniste_electoral,0,ps,14.1,0.4123191391721409,0.5939942264875987,0.4060057735124013
horizons,opportuniste_electoral,0,ecologistes,12,0.46,0.6273618981643007,0.37263810183569934
horizons,opportuniste_electoral,0,renaissance,8.8,0.1795260644659669,0.6654337221875889,0.3345662778124111
horizons,opportuniste_electoral,0,lr,11.7,0.3693939478470186,0.5359053095534551,0.46409469044654494
horizons,opportuniste_electoral,0,reconquete,5.3,0.2590280715344861,0.40445551138889013,0.5955444886111099
horizons,opportuniste_electoral,0,nouvelle_energie,10.5,0.3551586584760833,0.5495782932909383,0.4504217067090617
horizons,opportuniste_electoral,1,lfi,11.3,0.4483155846232236,0.5257418935638756,0.4742581064361244
horizons,opportuniste_electoral,1,ps,13.3,0.3417902788300775,0.5315879102726421,0.4684120897273579
horizons,opportuniste_electoral,1,ecologistes,11.4,0.4166933608757365,0.5444392611717975,0.45556073882820247
horizons,opportuniste_electoral,1,renaissance,7.9,0.16749512645330192,0.5460115593314756,0.4539884406685244
horizons,opportuniste_electoral,1,lr,8.7,0.1091826733953962,0.41550492076351625,0.5844950792364838
horizons,opportuniste_electoral,1,rn,12.3,0.35726970766091715,0.48547924635612966,0.5145207536438703
horizons,opportuniste_electoral,1,reconquete,7,0.2939198402201497,0.4193911704717688,0.5806088295282312
horizons,opportuniste_electoral,2,lfi,9.3,0.46,0.5689923064151577,0.43100769358484226
horizons,opportuniste_electoral,2,ps,10.6,0.4205553543482265,0.5931147510550102,0.4068852489449898
horizons,opportuniste_electoral,2,ecologistes,11.9,0.46,0.624327668131956,0.37567233186804405
horizons,opportuniste_electoral,2,renaissance,10.7,0.23143022059648868,0.6269807554097276,0.37301924459027236
horizons,opportuniste_electoral,2,lr,8.1,0.339667275581766,0.5380831150865649,0.4619168849134351
horizons,opportuniste_electoral,2,reconquete,5.5,0.3020280715344861,0.463950582801432,0.536049417198568
horizons,opportuniste_electoral,2,nouvelle_energie,10.8,0.32922626174569913,0.5541033750040139,0.44589662499598615
horizons,opportuniste_electoral,3,lfi,12.6,0.46,0.5734820292741498,0.4265179707258502
horizons,opportuniste_electoral,3,ps,10.2,0.3969035607641157,0.5915159208518147,0.4084840791481853
horizons,opportuniste_electoral,3,ecologistes,10.9,0.46,0.628351473385983,0.37164852661401704
horizons,opportuniste_electoral,3,renaissance,12.2,0.23718584019351371,0.6243292614810803,0.37567073851891974
horizons,opportuniste_electoral,3,lr,10.7,0.35024762618480565,0.5377116065876676,0.4622883934123324
horizons,opportuniste_electoral,3,reconquete,4.3,0.21302807153448608,0.3880155894771471,0.6119844105228529
horizons,opportuniste_electoral,3,nouvelle_energie,9.8,0.34486874274502827,0.549803323215412,0.45019667678458797
horizons,opportuniste_electoral,4,lfi,9.2,0.46,0.584229249209476,0.41577075079052395
horizons,opportuniste_electoral,4,ps,8.1,0.3968343623001036,0.6044670111336915,0.3955329888663085
horizons,opportuniste_electoral,4,ecologistes,7.7,0.46,0.635438730779059,0.364561269220941
horizons,opportuniste_electoral,4,renaissance,9.3,0.20708872223995675,0.6681014998416915,0.33189850015830846
horizons,opportuniste_electoral,4,lr,14.1,0.3195578388009483,0.5910805504864631,0.40891944951353687
horizons,opportuniste_electoral,4,reconquete,4.8,0.31252807153448603,0.4654667338913852,0.5345332661086148
horizons,opportuniste_electoral,4,nouvelle_energie,8,0.366381061036663,0.5533640849823207,0.4466359150176793
horizons,opportuniste_electoral,4,reconquete_dissidence_22,9.5,0.31252807153448603,0.46687800696243126,0.5331219930375688
horizons,opportuniste_electoral,5,lfi,8.3,0.3526336464869478,0.4615369053323491,0.538463094667651
horizons,opportuniste_electoral,5,ecologistes,7.4,0.2037538120233696,0.38627380608514866,0.6137261939148513
horizons,opportuniste_electoral,5,renaissance,10.7,0.22130243291041632,0.565823306111572,0.43417669388842794
horizons,opportuniste_electoral,5,lr,13.6,0.3321430040903787,0.5650245799426142,0.43497542005738576
horizons,opportuniste_electoral,5,rn,12.7,0.4451468532269768,0.5541094712545152,0.44589052874548485
horizons,opportuniste_electoral,5,reconquete,3.9,0.46,0.5720535797736316,0.4279464202263684
horizons,opportuniste_electoral,5,nouvelle_energie,11.9,0.3292898525908615,0.5664112111338389,0.43358878886616115
horizons,opportuniste_electoral,6,lfi,10.2,0.46,0.47780811670872464,0.5221918832912753
horizons,opportuniste_electoral,6,ps,12.2,0.3797954461919777,0.49063474216416264,0.5093652578358374
horizons,opportuniste_electoral,6,ecologistes,10.1,0.44023983584658966,0.4884351645324895,0.5115648354675105
horizons,opportuniste_electoral,6,lr,9.6,0.28755524130269094,0.4204084429296965,0.5795915570703035
horizons,opportuniste_electoral,6,rn,11.1,0.454759673551396,0.4613232030549877,0.5386767969450124
horizons,opportuniste_electoral,6,reconquete,4.9,0.46,0.45984764418055707,0.540152355819443
horizons,opportuniste_electoral,6,nouvelle_energie,13.8,0.331972307130004,0.481271088695895,0.5187289113041049
horizons,opportuniste_electoral,7,lfi,11.4,0.36553364648694786,0.46222475609990643,0.5377752439000936
horizons,opportuniste_electoral,7,ecologistes,12.1,0.3066538120233696,0.450155835690192,0.549844164309808
horizons,opportuniste_electoral,7,renaissance,13.2,0.24802702440920235,0.5609435949151516,0.43905640508484844
horizons,opportuniste_electoral,7,lr,9.8,0.3443808185269549,0.5671924275146901,0.4328075724853099
horizons,opportuniste_electoral,7,rn,9.9,0.44542416655206096,0.5559413892540623,0.44405861074593767
horizons,opportuniste_electoral,7,reconquete,6.7,0.46,0.5730817487297113,0.4269182512702887
horizons,opportuniste_electoral,7,nouvelle_energie,9.6,0.29596521353710264,0.6170107364065623,0.38298926359343766
horizons,opportuniste_electoral,8,lfi,11.7,0.3433336464869478,0.6668057445189669,0.3331942554810331
horizons,opportuniste_electoral,8,ecologistes,8.2,0.28445381202336956,0.7179452349221664,0.28205476507783356
horizons,opportuniste_electoral,8,renaissance,10,0.4190954461919777,0.5674771381089583,0.4325228618910417
horizons,opportuniste_electoral,8,horizons,12,0.4230445854570779,0.5376377918159096,0.46236220818409035
horizons,opportuniste_electoral,8,lr,10.7,0.4039726566023798,0.47258418025673943,0.5274158197432606
horizons,opportuniste_electoral,8,reconquete,9.7,0.3242280715344861,0.39059210989187654,0.6094078901081235
horizons,opportuniste_electoral,8,nouvelle_energie,12,0.4395697076609171,0.4859365570425042,0.5140634429574957
horizons,opportuniste_electoral,9,ps,10.9,0.37963364648694775,0.3962764353660571,0.6037235646339429
horizons,opportuniste_electoral,9,ecologistes,8.1,0.39660828873310505,0.3563645028380452,0.6436354971619548
horizons,opportuniste_electoral,9,renaissance,10.6,0.46,0.4728805181924308,0.5271194818075692
horizons,opportuniste_electoral,9,horizons,10.8,0.46,0.4905441364953176,0.5094558635046824
horizons,opportuniste_electoral,9,lr,10.3,0.3402726566023799,0.6217421812730614,0.37825781872693864
horizons,opportuniste_electoral,9,reconquete,8.5,0.310528071534486,0.6158902487705383,0.38410975122946167
horizons,opportuniste_electoral,9,nouvelle_energie,13.1,0.42586970766091714,0.5463827345310371,0.45361726546896286
horizons,opportuniste_electoral,10,lfi,8.8,0.31593364648694783,0.6498427226917444,0.35015727730825563
horizons,opportuniste_electoral,10,ecologistes,9.3,0.2570538120233696,0.6671989864848312,0.3328010135151688
horizons,opportuniste_electoral,10,renaissance,10.1,0.3359291016103894,0.4466206965520906,0.5533793034479094
horizons,opportuniste_electoral,10,horizons,11.7,0.3422296471067443,0.4865704270153714,0.5134295729846285
horizons,opportuniste_electoral,10,rn,12.1,0.3765726566023798,0.43573042878328483,0.5642695712167152
horizons,opportuniste_electoral,10,reconquete,4.4,0.370044542999036,0.40698169605579304,0.593018303944207
horizons,opportuniste_electoral,10,nouvelle_energie,9.8,0.2140826733953962,0.39676941439788443,0.6032305856021156
horizons,opportuniste_electoral,10,reconquete_dissidence_22,7.8,0.370044542999036,0.4155927494518841,0.5844072505481159
horizons,opportuniste_electoral,11,ps,14.2,0.3565336464869478,0.5174727550705296,0.4825272449294704
horizons,opportuniste_electoral,11,ecologistes,9.6,0.3235082887331051,0.5856540434610448,0.41434595653895523
horizons,opportuniste_electoral,11,horizons,14.7,0.2616245114884501,0.42383202703764916,0.5761679729623508
horizons,opportuniste_electoral,11,lr,10.1,0.3765291016103894,0.42931034380020033,0.5706896561997996
horizons,opportuniste_electoral,11,rn,13.8,0.46,0.4783470347734216,0.5216529652265784
horizons,opportuniste_electoral,11,reconquete,7.4,0.46,0.4557088624596516,0.5442911375403484
horizons,opportuniste_electoral,12,ps,14.3,0.32717431923069745,0.5745824768765082,0.4254175231234918
horizons,opportuniste_electoral,12,ecologistes,12.3,0.39414896147685474,0.5339135207612778,0.46608647923872215
horizons,opportuniste_electoral,12,renaissance,10.4,0.18958930087192058,0.36038271345290496,0.639617286547095
horizons,opportuniste_electoral,12,lr,12.5,0.30771090920521277,0.35621767495917456,0.6437823250408254
horizons,opportuniste_electoral,12,rn,13.9,0.46,0.4520819324890607,0.5479180675109393
horizons,opportuniste_electoral,12,reconquete,6,0.46,0.4278781769218219,0.5721218230781782
horizons,opportuniste_electoral,13,lfi,11.5,0.46,0.4766006278586132,0.5233993721413868
horizons,opportuniste_electoral,13,ps,9.8,0.46,0.4797392270812239,0.520260772918776
horizons,opportuniste_electoral,13,ecologistes,11.1,0.46,0.47208223274078087,0.5279177672592191
horizons,opportuniste_electoral,13,renaissance,7.6,0.327594532788215,0.4735475794167071,0.5264524205832929
horizons,opportuniste_electoral,13,horizons,10.5,0.2969800209155796,0.4819293160404902,0.5180706839595097
horizons,opportuniste_electoral,13,rn,11,0.3346726566023798,0.4961310099163151,0.5038689900836849
horizons,opportuniste_electoral,13,reconquete,4.5,0.32814454299903595,0.49414800406283166,0.5058519959371683
horizons,opportuniste_electoral,13,reconquete_dissidence_23,7.4,0.32814454299903595,0.4934567093384297,0.5065432906615703
horizons,opportuniste_electoral,14,lfi,13.8,0.46,0.5925687521141946,0.4074312478858054
horizons,opportuniste_electoral,14,ps,12.8,0.3840674946933317,0.6068043324030619,0.39319566759693814
horizons,opportuniste_electoral,14,ecologistes,13.5,0.46,0.6409581716720372,0.35904182832796283
horizons,opportuniste_electoral,14,renaissance,8.9,0.260638522394714,0.6268281382387351,0.37317186176126493
horizons,opportuniste_electoral,14,lr,13.1,0.3572770287090387,0.5483747250691873,0.4516252749308127
horizons,opportuniste_electoral,14,reconquete,6.5,0.30012807153448606,0.47945088739180314,0.5205491126081969
horizons,opportuniste_electoral,15,lfi,8.9,0.3672336464869478,0.5978432217939954,0.4021567782060046
horizons,opportuniste_electoral,15,ecologistes,7.6,0.2683538120233696,0.6417941261903651,0.35820587380963487
horizons,opportuniste_electoral,15,renaissance,9.7,0.38722910161038937,0.5073152062548412,0.49268479374515883
horizons,opportuniste_electoral,15,horizons,12.9,0.34726491370748186,0.48338329767152144,0.5166167023284786
horizons,opportuniste_electoral,15,rn,12.1,0.37787265660237984,0.4418122565352732,0.5581877434647269
horizons,opportuniste_electoral,15,reconquete,7.7,0.37134454299903596,0.41147890808593124,0.5885210919140688
horizons,opportuniste_electoral,15,nouvelle_energie,12.1,0.16538267339539622,0.3587541590437969,0.6412458409562031
horizons,opportuniste_electoral,16,lfi,9,0.46,0.42199193355024855,0.5780080664497514
horizons,opportuniste_electoral,16,ps,12.3,0.415384707604051,0.40150810088205297,0.5984918991179471
horizons,opportuniste_electoral,16,ecologistes,7.9,0.46,0.3720240737914444,0.6279759262085556
horizons,opportuniste_electoral,16,renaissance,12.1,0.19730605067388082,0.33345220254604013,0.6665477974539599
horizons,opportuniste_electoral,16,lr,13.2,0.3419500139606322,0.45682426937560033,0.5431757306243996
horizons,opportuniste_electoral,16,reconquete,5.4,0.3070280715344861,0.5282693276768039,0.4717306723231961
horizons,opportuniste_electoral,16,nouvelle_energie,12.2,0.28737551633060887,0.39431420529698424,0.6056857947030158
horizons,opportuniste_electoral,17,ps,10.8,0.33173364648694786,0.33526027347157217,0.6647397265284278
horizons,opportuniste_electoral,17,ecologistes,9.3,0.39870828873310515,0.34988372940893264,0.6501162705910674
horizons,opportuniste_electoral,17,renaissance,11.5,0.46,0.4687064183546958,0.5312935816453042
horizons,opportuniste_electoral,17,horizons,12.6,0.46,0.49689435974131263,0.5031056402586873
horizons,opportuniste_electoral,17,lr,11.4,0.39237265660237985,0.5550119245434373,0.4449880754565627
horizons,opportuniste_electoral,17,reconquete,5.7,0.31262807153448613,0.6107266692413212,0.38927333075867876
horizons,opportuniste_electoral,17,nouvelle_energie,11.8,0.42796970766091713,0.5431241306617426,0.4568758693382574
horizons,opportuniste_electoral,18,lfi,10.7,0.3105336464869478,0.4119134657981214,0.5880865342018786
horizons,opportuniste_electoral,18,ecologistes,11.1,0.3016538120233696,0.45553313214354574,0.5444668678564543
horizons,opportuniste_electoral,18,renaissance,8.4,0.18670377516033862,0.604287542790893,0.39571245720910697
horizons,opportuniste_electoral,18,lr,8.9,0.2873014701046502,0.6204547063972365,0.37954529360276346
horizons,opportuniste_electoral,18,rn,10.9,0.44400935666919594,0.5592601450490151,0.4407398549509849
horizons,opportuniste_electoral,18,reconquete,9.4,0.46,0.5765978277374642,0.42340217226253585
horizons,opportuniste_electoral,18,nouvelle_energie,11.5,0.3361127814559954,0.568924522102453,0.43107547789754697
horizons,opportuniste_electoral,19,lfi,12.1,0.45337955747688463,0.45077976825572086,0.5492202317442791
horizons,opportuniste_electoral,19,ps,9.7,0.3508810663801902,0.45557866273845615,0.5444213372615438
horizons,opportuniste_electoral,19,ecologistes,9.9,0.4284937338287447,0.4420202471213921,0.5579797528786079
horizons,opportuniste_electoral,19,renaissance,9.8,0.13725297151935759,0.41257338336854155,0.5874266166314585
horizons,opportuniste_electoral,19,lr,9.5,0.10678267339539618,0.5725025213015854,0.4274974786984146
horizons,opportuniste_electoral,19,rn,14.2,0.35486970766091713,0.49319290157296153,0.5068070984270385
horizons,opportuniste_electoral,19,reconquete,5.6,0.3415198402201497,0.5039564993014101,0.49604350069858993
horizons,parti_dabord,0,lfi,9,0.39363364648694776,0.6120852383019243,0.3879147616980757
horizons,parti_dabord,0,ecologistes,9.1,0.28475381202336963,0.7204221384730207,0.2795778615269793
horizons,parti_dabord,0,renaissance,8.9,0.41939544619197766,0.568143179668736,0.43185682033126405
horizons,parti_dabord,0,horizons,13.9,0.4185288628721484,0.5499221041203344,0.4500778958796656
horizons,parti_dabord,0,lr,9.8,0.4042726566023799,0.4725010673057032,0.5274989326942968
horizons,parti_dabord,0,reconquete,7.2,0.32452807153448604,0.39461446924537535,0.6053855307546246
horizons,parti_dabord,0,nouvelle_energie,11.1,0.43986970766091715,0.4859579099182735,0.5140420900817265
horizons,parti_dabord,1,lfi,12.7,0.438567469844912,0.5470145520144492,0.45298544798555085
horizons,parti_dabord,1,ps,10.7,0.33474235183854273,0.5471708669773194,0.4528291330226806
horizons,parti_dabord,1,ecologistes,10.3,0.4148089115179781,0.5557658238140863,0.44423417618591365
horizons,parti_dabord,1,renaissance,10.4,0.14643193549370273,0.5842925057625263,0.41570749423747366
horizons,parti_dabord,1,lr,9.3,0.1561826733953962,0.5078148296403987,0.4921851703596013
horizons,parti_dabord,1,rn,10.8,0.35426970766091714,0.5017319637035288,0.4982680362964712
horizons,parti_dabord,1,reconquete,5.5,0.3409198402201497,0.488792293768051,0.511207706231949
horizons,parti_dabord,2,lfi,11.3,0.3104336464869478,0.6105511188022064,0.38944888119779364
horizons,parti_dabord,2,ecologistes,8.5,0.26155381202336964,0.5877500564887732,0.4122499435112268
horizons,parti_dabord,2,renaissance,11.9,0.17748385637875688,0.40390281373796605,0.5960971862620339
horizons,parti_dabord,2,lr,8.9,0.2831063254394035,0.41411864026501527,0.5858813597349848
horizons,parti_dabord,2,rn,11.9,0.44825926828482116,0.4569452486568668,0.5430547513431332
horizons,parti_dabord,2,reconquete,7.9,0.46,0.4381653828145279,0.5618346171854721
horizons,parti_dabord,2,nouvelle_energie,10.4,0.26422581169240317,0.3876868524048569,0.6123131475951431
horizons,parti_dabord,3,lfi,9.4,0.46,0.559387476090272,0.44061252390972805
horizons,parti_dabord,3,ps,12.3,0.3868693590825706,0.5588860103370261,0.4411139896629739
horizons,parti_dabord,3,ecologistes,11.2,0.46,0.5748019032801271,0.42519809671987285
horizons,parti_dabord,3,renaissance,8.8,0.16083643598501132,0.6113695742073533,0.3886304257926467
horizons,parti_dabord,3,rn,12.8,0.36097265660237987,0.49336014123482724,0.5066398587651728
horizons,parti_dabord,3,reconquete,6.7,0.35444454299903594,0.4828345020162843,0.5171654979837157
horizons,parti_dabord,3,nouvelle_energie,10.7,0.1484826733953962,0.4239999595866259,0.576000040413374
horizons,parti_dabord,4,lfi,8.9,0.46,0.575039171110321,0.424960828889679
horizons,parti_dabord,4,ps,14.6,0.4037021201372494,0.5953080141652005,0.4046919858347995
horizons,parti_dabord,4,ecologistes,10.1,0.46,0.6246950614830616,0.37530493851693836
horizons,parti_dabord,4,renaissance,8,0.24004279197226933,0.6205812022590448,0.3794187977409552
horizons,parti_dabord,4,lr,9.4,0.30683434180198627,0.5643651901746336,0.4356348098253664
horizons,parti_dabord,4,reconquete,5.5,0.3035280715344861,0.46396716974000385,0.5360328302599962
horizons,parti_dabord,4,nouvelle_energie,10.5,0.3375893137118933,0.5524158092835398,0.44758419071646016
horizons,parti_dabord,5,lfi,11.8,0.46,0.5175667479588084,0.4824332520411916
horizons,parti_dabord,5,ps,12.1,0.3687954461919777,0.5085908695821881,0.49140913041781187
horizons,parti_dabord,5,ecologistes,11.3,0.42923983584658965,0.5049976324677306,0.49500236753226945
horizons,parti_dabord,5,lr,10.4,0.30891895192970564,0.526943374105151,0.473056625894849
horizons,parti_dabord,5,rn,11.7,0.4290894428725305,0.5386926071571626,0.4613073928428374
horizons,parti_dabord,5,reconquete,9.9,0.4530600320602888,0.5408538940126987,0.4591461059873013
horizons,parti_dabord,6,lfi,11.3,0.2984336464869478,0.5739216035195783,0.4260783964804217
horizons,parti_dabord,6,ecologistes,8.9,0.2495538120233696,0.5590722939896973,0.44092770601030273
horizons,parti_dabord,6,renaissance,12.9,0.18514685778996118,0.3942963341267113,0.6057036658732887
horizons,parti_dabord,6,lr,12,0.33688421553366815,0.423570737285696,0.576429262714304
horizons,parti_dabord,6,rn,13.8,0.4316838860559691,0.43088416913711364,0.5691158308628863
horizons,parti_dabord,6,reconquete,2.7,0.46,0.4146993781621288,0.5853006218378711
horizons,parti_dabord,6,nouvelle_energie,9.3,0.29114782319461435,0.37755149678873784,0.6224485032112621
horizons,parti_dabord,7,lfi,12.9,0.46,0.5208800385139714,0.47911996148602864
horizons,parti_dabord,7,ps,11.6,0.38020494431935137,0.5071786058961919,0.4928213941038081
horizons,parti_dabord,7,ecologistes,7.8,0.44843983584658964,0.5078039304302586,0.4921960695697414
horizons,parti_dabord,7,lr,10.5,0.3057863542617963,0.5520731981927731,0.4479268018072269
horizons,parti_dabord,7,rn,10.5,0.4487213545495564,0.5369796699259393,0.46302033007406074
horizons,parti_dabord,7,reconquete,9.1,0.46,0.5368533455532786,0.46314665444672143
horizons,parti_dabord,7,nouvelle_energie,10.4,0.3455408115234882,0.5085493843666272,0.4914506156333728
horizons,parti_dabord,8,lfi,13.8,0.46,0.4318050357571108,0.5681949642428892
horizons,parti_dabord,8,ps,8.9,0.4286409705180277,0.4080395976475541,0.5919604023524458
horizons,parti_dabord,8,ecologistes,10,0.46,0.376028294079789,0.623971705920211
horizons,parti_dabord,8,renaissance,9.1,0.2480330292110318,0.3758787309007045,0.6241212690992954
horizons,parti_dabord,8,lr,13.2,0.32447716185555203,0.45697761489616984,0.5430223851038302
horizons,parti_dabord,8,reconquete,6.2,0.25272807153448607,0.5873523842203396,0.41264761577966036
horizons,parti_dabord,8,nouvelle_energie,9.6,0.3169572137776525,0.44413762242272653,0.5558623775772735
horizons,parti_dabord,9,lfi,8.7,0.46,0.5783708393667972,0.42162916063320277
horizons,parti_dabord,9,ps,12.3,0.39130736191103577,0.6008348006601434,0.3991651993398566
horizons,parti_dabord,9,ecologistes,10.1,0.46,0.6385529233718027,0.3614470766281973
horizons,parti_dabord,9,renaissance,11.3,0.18413059960981557,0.6690182366522649,0.3309817633477351
horizons,parti_dabord,9,lr,12.7,0.2925492511822167,0.5944391912944452,0.4055608087055548
horizons,parti_dabord,9,reconquete,6.4,0.24632807153448605,0.41994330044929973,0.5800566995507003
horizons,parti_dabord,9,nouvelle_energie,9.1,0.3389833410727441,0.5577890319549462,0.4422109680450538
horizons,parti_dabord,10,lfi,7.8,0.46,0.5705257748857989,0.4294742251142011
horizons,parti_dabord,10,ps,11.8,0.39686249454371314,0.5931198497402335,0.40688015025976654
horizons,parti_dabord,10,ecologistes,12.2,0.46,0.6221905280263944,0.3778094719736056
horizons,parti_dabord,10,renaissance,10.9,0.24361129494516245,0.6199220571377878,0.3800779428622122
horizons,parti_dabord,10,lr,12.3,0.24930280784975564,0.6063688626862449,0.3936311373137551
horizons,parti_dabord,10,reconquete,5.8,0.2478280715344861,0.4086858486359151,0.5913141513640849
horizons,parti_dabord,10,nouvelle_energie,12,0.2884503520842238,0.5993010177291241,0.40069898227087586
horizons,parti_dabord,11,ps,12.6,0.3417336464869478,0.4879873641159757,0.5120126358840242
horizons,parti_dabord,11,ecologistes,9.6,0.30870828873310513,0.42135422605715916,0.5786457739428408
horizons,parti_dabord,11,renaissance,10.4,0.16783614531059324,0.6407569089813725,0.3592430910186275
horizons,parti_dabord,11,lr,9.2,0.21478759901061947,0.6655092888001781,0.3344907111998219
horizons,parti_dabord,11,rn,13.1,0.4218020767663452,0.5636438234569074,0.43635617654309256
horizons,parti_dabord,11,reconquete,3.7,0.44683689305515606,0.5871806808617923,0.4128193191382077
horizons,parti_dabord,11,nouvelle_energie,13,0.30233060378788146,0.5990253846377621,0.4009746153622379
horizons,parti_dabord,12,lfi,13.4,0.45887067783912416,0.5248724233937645,0.4751275766062355
horizons,parti_dabord,12,ps,10.4,0.3523431970627996,0.5249773163957311,0.4750226836042689
horizons,parti_dabord,12,ecologistes,8.3,0.42963146933551033,0.5364971230470359,0.4635028769529641
horizons,parti_dabord,12,renaissance,10.9,0.18895415225176843,0.5377005250156515,0.46229947498434854
horizons,parti_dabord,12,lr,11.3,0.1242826733953962,0.40602155905191106,0.5939784409480889
horizons,parti_dabord,12,rn,11.7,0.37236970766091715,0.4775149694305231,0.5224850305694769
horizons,parti_dabord,12,reconquete,4.6,0.35901984022014966,0.46515067971694424,0.5348493202830558
horizons,parti_dabord,13,lfi,11,0.46,0.544294687588134,0.45570531241186596
horizons,parti_dabord,13,ps,9.1,0.3674694980228602,0.5471636885173784,0.4528363114826216
horizons,parti_dabord,13,ecologistes,9.8,0.44576123782963767,0.5636644300782024,0.43633556992179756
horizons,parti_dabord,13,renaissance,10.7,0.21276863540774735,0.5596630341892945,0.44033696581070547
horizons,parti_dabord,13,rn,12.4,0.30727265660237985,0.4197707912389309,0.5802292087610691
horizons,parti_dabord,13,reconquete,4.3,0.35074454299903596,0.46603365392556173,0.5339663460744383
horizons,parti_dabord,13,nouvelle_energie,12.1,0.18478267339539622,0.43007067265900895,0.5699293273409911
horizons,parti_dabord,14,lfi,13.3,0.34163364648694783,0.6644088734812374,0.33559112651876255
horizons,parti_dabord,14,ecologistes,7.2,0.24275381202336963,0.7253240022728059,0.2746759977271941
horizons,parti_dabord,14,renaissance,13.2,0.4173954461919777,0.5662631531852692,0.4337368468147308
horizons,parti_dabord,14,horizons,11.6,0.4295597488553922,0.5394982144128838,0.4605017855871162
horizons,parti_dabord,14,lr,10.4,0.3522726566023799,0.4115680824046696,0.5884319175953304
horizons,parti_dabord,14,reconquete,3.2,0.2725280715344861,0.34200765337228467,0.6579923466277153
horizons,parti_dabord,14,nouvelle_energie,11.5,0.43786970766091715,0.4859685714493758,0.5140314285506242
horizons,parti_dabord,15,lfi,11.3,0.46,0.44426956175084936,0.5557304382491506
horizons,parti_dabord,15,ps,13.4,0.39979260324965965,0.41185985439075273,0.5881401456092472
horizons,parti_dabord,15,ecologistes,10,0.46,0.37931889997839807,0.6206811000216019
horizons,parti_dabord,15,renaissance,10.1,0.22905636090130002,0.3806197966077667,0.6193802033922333
horizons,parti_dabord,15,lr,8.5,0.33922463340358894,0.46722336868644043,0.5327766313135596
horizons,parti_dabord,15,reconquete,5.3,0.2969280715344861,0.5441287655318616,0.4558712344681384
horizons,parti_dabord,15,nouvelle_energie,11.8,0.2826124301847485,0.4027874572029254,0.5972125427970746
horizons,parti_dabord,16,lfi,8.7,0.45119371278193565,0.4771405338015641,0.5228594661984358
horizons,parti_dabord,16,ps,12.7,0.3662749180679497,0.47049109977592757,0.5295089002240725
horizons,parti_dabord,16,ecologistes,7.9,0.44328587620108895,0.46374316892886513,0.5362568310711349
horizons,parti_dabord,16,renaissance,13.9,0.22014778665285115,0.4647088408999572,0.5352911591000429
horizons,parti_dabord,16,lr,10.2,0.21648267339539623,0.5272659535835448,0.4727340464164552
horizons,parti_dabord,16,rn,13,0.37456970766091713,0.5144955722626833,0.4855044277373167
horizons,parti_dabord,16,reconquete,5.3,0.3612198402201497,0.5259853701647519,0.4740146298352481
horizons,parti_dabord,17,lfi,13.9,0.46,0.5435569606357451,0.4564430393642549
horizons,parti_dabord,17,ps,10.5,0.37953434022084676,0.5460989030156086,0.4539010969843914
horizons,parti_dabord,17,ecologistes,8.3,0.46,0.5575796845969913,0.44242031540300875
horizons,parti_dabord,17,renaissance,10.9,0.24499460713786944,0.5500758132901455,0.44992418670985446
horizons,parti_dabord,17,rn,15.8,0.3699726566023799,0.48233756927589067,0.5176624307241093
horizons,parti_dabord,17,reconquete,4.8,0.36344454299903595,0.4627974445413017,0.5372025554586983
horizons,parti_dabord,18,lfi,7.3,0.46,0.5729327691600148,0.4270672308399852
horizons,parti_dabord,18,ps,12.6,0.39897505702846836,0.590767410502221,0.40923258949777896
horizons,parti_dabord,18,ecologistes,7.8,0.46,0.6242387866721676,0.3757612133278324
horizons,parti_dabord,18,renaissance,10,0.24035142423923886,0.6203829751134815,0.3796170248865185
horizons,parti_dabord,18,lr,12.9,0.30818448930134756,0.5632253680966337,0.4367746319033663
horizons,parti_dabord,18,reconquete,2.3,0.30312807153448607,0.4588885630271138,0.5411114369728862
horizons,parti_dabord,18,nouvelle_energie,9.8,0.29388679400195034,0.6002026188724082,0.3997973811275918
horizons,parti_dabord,18,reconquete_dissidence_23,6.5,0.30312807153448607,0.4627828321904988,0.5372171678095012
horizons,parti_dabord,19,lfi,10.4,0.45167915308895995,0.5387589731724441,0.46124102682755586
horizons,parti_dabord,19,ps,8.6,0.3475924997709387,0.5405261203796329,0.4594738796203671
horizons,parti_dabord,19,ecologistes,11.5,0.42626690518927074,0.5484745952972185,0.45152540470278146
horizons,parti_dabord,19,renaissance,10.2,0.19509484848416545,0.5382889423010142,0.4617110576989858
horizons,parti_dabord,19,lr,11,0.11448267339539622,0.4412210150071719,0.5587789849928281
horizons,parti_dabord,19,rn,11.9,0.3625697076609171,0.49419238336835,0.5058076166316501
horizons,parti_dabord,19,reconquete,5.9,0.2992198402201497,0.42719205216095185,0.5728079478390482
horizons,mediatique,0,lfi,10.5,0.46,0.5566547173711984,0.4433452826288016
horizons,mediatique,0,ps,12,0.4499859462186564,0.5812456336317653,0.4187543663682347
horizons,mediatique,0,ecologistes,9.5,0.46,0.6098585233860504,0.3901414766139496
horizons,mediatique,0,renaissance,10.5,0.3073447568483614,0.593283371296946,0.40671662870305403
horizons,mediatique,0,lr,8.4,0.282677403039251,0.5863239058627577,0.41367609413724227
horizons,mediatique,0,reconquete,4.6,0.2258280715344861,0.3875077332689593,0.6124922667310406
horizons,mediatique,0,nouvelle_energie,14.3,0.32546728915530837,0.5508719782402848,0.4491280217597152
horizons,mediatique,1,lfi,12.9,0.46,0.494927650164167,0.5050723498358329
horizons,mediatique,1,ps,11.1,0.3833954461919777,0.4969277107698125,0.5030722892301875
horizons,mediatique,1,ecologistes,8.3,0.44383983584658965,0.490471827014267,0.509528172985733
horizons,mediatique,1,lr,7.9,0.3248535194658221,0.5179494700898957,0.48205052991010433
horizons,mediatique,1,rn,11.1,0.43357718822558533,0.5279192311561183,0.4720807688438817
horizons,mediatique,1,reconquete,7.2,0.46,0.5281568576636622,0.47184314233633784
horizons,mediatique,1,nouvelle_energie,11.3,0.2758052476308047,0.5555777201091623,0.4444222798908377
horizons,mediatique,2,lfi,8.2,0.46,0.5545519468396357,0.4454480531603643
horizons,mediatique,2,ps,13,0.41084320328740453,0.5849545426634388,0.4150454573365612
horizons,mediatique,2,ecologistes,10.4,0.46,0.6116101488857506,0.3883898511142494
horizons,mediatique,2,renaissance,12.3,0.30239268039503053,0.5901369899723161,0.4098630100276839
horizons,mediatique,2,lr,10.1,0.3407098881126428,0.531619615686016,0.468380384313984
horizons,mediatique,2,reconquete,6.1,0.21562807153448607,0.3859357687446785,0.6140642312553215
horizons,mediatique,2,nouvelle_energie,9.5,0.34401217899682623,0.5438541964357184,0.4561458035642816
horizons,mediatique,3,ps,12.9,0.38253364648694776,0.39387179976912673,0.6061282002308732
horizons,mediatique,3,ecologistes,11,0.39950828873310507,0.35046402402442345,0.6495359759755766
horizons,mediatique,3,renaissance,9.2,0.46,0.4709720240645586,0.5290279759354414
horizons,mediatique,3,horizons,10.7,0.46,0.501101799447892,0.498898200552108
horizons,mediatique,3,lr,13.4,0.3931726566023799,0.5588719157802855,0.4411280842197145
horizons,mediatique,3,reconquete,3.4,0.26342807153448605,0.6711796953681579,0.3288203046318421
horizons,mediatique,3,nouvelle_energie,12.1,0.42876970766091715,0.5469206230551472,0.4530793769448528
horizons,mediatique,4,ps,9.6,0.35633364648694776,0.48622986669258583,0.5137701333074142
horizons,mediatique,4,ecologistes,8.7,0.37330828873310506,0.4674054569862463,0.5325945430137538
horizons,mediatique,4,renaissance,12.3,0.2769269186808664,0.5731781376686107,0.4268218623313893
horizons,mediatique,4,lr,10.3,0.320031401524425,0.5925959836080823,0.4074040163919177
horizons,mediatique,4,rn,12.5,0.4314731227399616,0.5575136615703079,0.4424863384296921
horizons,mediatique,4,reconquete,9.5,0.45906116561425214,0.5811189591474021,0.4188810408525979
horizons,mediatique,4,nouvelle_energie,11.5,0.26990888712316835,0.6481684528067476,0.3518315471932524
horizons,mediatique,5,lfi,14.3,0.46,0.5587591893046506,0.4412408106953494
horizons,mediatique,5,ps,13.8,0.4236341725190227,0.5825517911424593,0.41744820885754075
horizons,mediatique,5,ecologistes,11,0.46,0.6086134826107865,0.3913865173892135
horizons,mediatique,5,renaissance,11.6,0.3070583205383772,0.5913248317059205,0.40867516829407946
horizons,mediatique,5,lr,9.8,0.28871509251981137,0.5783909638611324,0.4216090361388676
horizons,mediatique,5,reconquete,4.7,0.21812807153448607,0.38802578062849774,0.6119742193715023
horizons,mediatique,6,lfi,7.8,0.46,0.5693373261376862,0.4306626738623138
horizons,mediatique,6,ps,13,0.4153552513224055,0.5925150220148785,0.4074849779851215
horizons,mediatique,6,ecologistes,9.6,0.46,0.6234290710137302,0.37657092898626976
horizons,mediatique,6,renaissance,11.3,0.30377358663119103,0.5989015211815525,0.4010984788184475
horizons,mediatique,6,lr,10.3,0.35825917546637254,0.531363084531993,0.468636915468007
horizons,mediatique,6,reconquete,6,0.2639280715344861,0.4043725962336804,0.5956274037663196
horizons,mediatique,6,nouvelle_energie,8,0.3541033437219319,0.5473736412598564,0.45262635874014356
horizons,mediatique,6,reconquete_dissidence_20,5.4,0.2639280715344861,0.41081433144367374,0.5891856685563263
horizons,mediatique,7,lfi,8.1,0.46,0.495204687810371,0.5047953121896289
horizons,mediatique,7,ps,10.3,0.46,0.4689308668558179,0.5310691331441821
horizons,mediatique,7,ecologistes,9.4,0.46,0.45417787211569943,0.5458221278843005
horizons,mediatique,7,renaissance,11.2,0.4025291016103894,0.4468537363147719,0.5531462636852281
horizons,mediatique,7,horizons,10.3,0.3491600134374211,0.45668989889082545,0.5433101011091745
horizons,mediatique,7,reconquete,4.2,0.2634280715344861,0.5791806784653981,0.4208193215346019
horizons,mediatique,7,nouvelle_energie,11.7,0.27068267339539626,0.4420766069040705,0.5579233930959295
horizons,mediatique,7,reconquete_dissidence_23,9.6,0.2634280715344861,0.5762557310501978,0.4237442689498022
horizons,mediatique,8,lfi,10.9,0.3540082887331051,0.3950623761100261,0.604937623889974
horizons,mediatique,8,ps,10,0.2781538120233696,0.4016974688736462,0.5983025311263538
horizons,mediatique,8,renaissance,11.7,0.35702910161038937,0.49625113582783875,0.5037488641721612
horizons,mediatique,8,horizons,11.7,0.2806151995195584,0.540016758958832,0.45998324104116795
horizons,mediatique,8,rn,11.4,0.34767265660237984,0.5796459809499381,0.42035401905006187
horizons,mediatique,8,reconquete,4.1,0.34114454299903596,0.610717745642402,0.389282254357598
horizons,mediatique,8,nouvelle_energie,12.9,0.22518267339539622,0.5860773406778678,0.41392265932213224
horizons,mediatique,9,lfi,12.3,0.46,0.4532523418648886,0.5467476581351114
horizons,mediatique,9,ps,13,0.4491492336186206,0.42621429865413707,0.5737857013458629
horizons,mediatique,9,ecologistes,9.1,0.46,0.3987452224864782,0.6012547775135217
horizons,mediatique,9,renaissance,11.4,0.3044722838938909,0.41016148403156727,0.5898385159684327
horizons,mediatique,9,lr,11.3,0.28561320457025935,0.4203863859492618,0.5796136140507382
horizons,mediatique,9,reconquete,5.1,0.2669280715344861,0.6021422907314012,0.39785770926859876
horizons,mediatique,9,nouvelle_energie,10.7,0.32768702574350617,0.45576642244976223,0.5442335775502378
horizons,mediatique,10,lfi,8.9,0.3526082887331051,0.4346387758863761,0.5653612241136239
horizons,mediatique,10,ps,9.8,0.22675381202336958,0.3914294476579726,0.6085705523420274
horizons,mediatique,10,renaissance,10.5,0.20133445864975735,0.5804768778240259,0.4195231221759741
horizons,mediatique,10,lr,12,0.29518785550864535,0.5706933480450176,0.4293066519549824
horizons,mediatique,10,rn,12.8,0.41587794779261145,0.5586389813775158,0.4413610186224842
horizons,mediatique,10,reconquete,7.4,0.4395474565027292,0.5779758903155443,0.4220241096844557
horizons,mediatique,10,nouvelle_energie,11.6,0.29207597151366305,0.5685041476768717,0.43149585232312826
horizons,mediatique,11,ps,10.1,0.3830336464869478,0.4022206874736107,0.5977793125263893
horizons,mediatique,11,ecologistes,12.3,0.4000082887331051,0.36236350563035535,0.6376364943696446
horizons,mediatique,11,renaissance,11.8,0.46,0.47819107030180147,0.5218089296981985
horizons,mediatique,11,horizons,12.4,0.46,0.5184130382002304,0.48158696179976956
horizons,mediatique,11,lr,12.8,0.3936726566023798,0.562476685169518,0.437523314830482
horizons,mediatique,11,reconquete,7.7,0.3139280715344861,0.6233976668393731,0.37660233316062686
horizons,mediatique,12,ps,8.7,0.3106336464869478,0.4201241246610196,0.5798758753389803
horizons,mediatique,12,ecologistes,7.8,0.3776082887331051,0.4520669564169877,0.5479330435830123
horizons,mediatique,12,renaissance,11.5,0.27345417447987863,0.5650035794081494,0.4349964205918506
horizons,mediatique,12,lr,12,0.3326285652841347,0.5784613314650294,0.4215386685349706
horizons,mediatique,12,rn,11.6,0.44491178532036874,0.5422187135677126,0.45778128643228744
horizons,mediatique,12,reconquete,6.2,0.46,0.56448460538222,0.43551539461778
horizons,mediatique,12,nouvelle_energie,11.9,0.2793628752424944,0.6383437591354489,0.36165624086455106
horizons,mediatique,13,lfi,8.9,0.46,0.49849363617977094,0.5015063638202291
horizons,mediatique,13,ps,10.3,0.3843954461919777,0.4999617120121232,0.5000382879878769
horizons,mediatique,13,ecologistes,10.7,0.44483983584658965,0.49433689753477633,0.5056631024652236
horizons,mediatique,13,lr,8.4,0.32860265439274433,0.5196896176180367,0.48031038238196333
horizons,mediatique,13,rn,10.3,0.44218798680863186,0.5288018750288918,0.47119812497110825
horizons,mediatique,13,reconquete,8.4,0.46,0.5294780167681818,0.47052198323181815
horizons,mediatique,13,nouvelle_energie,7.5,0.32619894306334785,0.5122440255426859,0.4877559744573141
horizons,mediatique,13,reconquete_dissidence_23,9.7,0.46,0.5273502982594922,0.4726497017405078
horizons,mediatique,14,lfi,10.1,0.46,0.5819432930150507,0.41805670698494934
horizons,mediatique,14,ps,11.9,0.37911320198319,0.6029414203194478,0.39705857968055225
horizons,mediatique,14,ecologistes,13.6,0.4598677618501894,0.6294344407982709,0.37056555920172907
horizons,mediatique,14,renaissance,13.6,0.2568398669523313,0.6501637507059534,0.34983624929404655
horizons,mediatique,14,lr,9.2,0.3261830233622807,0.5834798852225049,0.41652011477749507
horizons,mediatique,14,reconquete,4.8,0.2581280715344861,0.40834563502611176,0.5916543649738882
horizons,mediatique,15,lfi,9.4,0.46,0.5580673526703361,0.44193264732966386
horizons,mediatique,15,ps,14,0.4009679821707141,0.5825886756868301,0.41741132431316985
horizons,mediatique,15,ecologistes,10.8,0.46,0.609276761647647,0.390723238352353
horizons,mediatique,15,renaissance,9.1,0.2954835285476999,0.587684931448568,0.41231506855143196
horizons,mediatique,15,lr,9.7,0.34210063803615953,0.5226805799419462,0.47731942005805383
horizons,mediatique,15,reconquete,3.6,0.20942807153448603,0.37932394619327076,0.6206760538067293
horizons,mediatique,15,nouvelle_energie,10.4,0.3434785673770575,0.5399360759648587,0.4600639240351413
horizons,mediatique,16,lfi,11,0.30543364648694776,0.40785181190503245,0.5921481880949675
horizons,mediatique,16,ecologistes,9,0.2965538120233696,0.44899840818455244,0.5510015918154476
horizons,mediatique,16,renaissance,10.1,0.29663586828290944,0.5359986160852687,0.46400138391473134
horizons,mediatique,16,lr,8.4,0.32657302639376473,0.5680724474901416,0.43192755250985837
horizons,mediatique,16,rn,10.1,0.421634553170533,0.5610612500732671,0.4389387499267329
horizons,mediatique,16,reconquete,8.6,0.4560022043720937,0.5776766469670593,0.42232335303294066
horizons,mediatique,16,nouvelle_energie,12,0.2844759915144163,0.617668232196257,0.382331767803743
horizons,mediatique,17,lfi,11.8,0.3258336464869478,0.6074817340815533,0.39251826591844674
horizons,mediatique,17,ecologistes,12,0.2669538120233696,0.6149087050978818,0.38509129490211824
horizons,mediatique,17,renaissance,13.1,0.24889058473059855,0.4247349453395158,0.5752650546604843
horizons,mediatique,17,lr,12.4,0.35742501799306503,0.4498158324268104,0.5501841675731896
horizons,mediatique,17,rn,14.1,0.46,0.46280644831084317,0.5371935516891568
horizons,mediatique,17,reconquete,7.7,0.46,0.4435937390255554,0.5564062609744447
horizons,mediatique,18,lfi,11.3,0.3069336464869478,0.3990319157423284,0.6009680842576717
horizons,mediatique,18,ecologistes,12.6,0.24805381202336962,0.3908441687534349,0.609155831246565
horizons,mediatique,18,renaissance,13,0.2233453433973852,0.5805681771902783,0.4194318228097217
horizons,mediatique,18,lr,13,0.2885187379179127,0.6109041434444826,0.38909585655551737
horizons,mediatique,18,rn,12.1,0.4461911293903965,0.5456132819662904,0.45438671803370956
horizons,mediatique,18,reconquete,9.6,0.46,0.5630724754326671,0.43692752456733286
horizons,mediatique,19,lfi,12.8,0.3933336464869478,0.6107244412696432,0.3892755587303568
horizons,mediatique,19,ecologistes,11.6,0.24445381202336966,0.7282642720993429,0.27173572790065714
horizons,mediatique,19,renaissance,11.9,0.4190954461919777,0.5680614446740051,0.4319385553259949
horizons,mediatique,19,horizons,9.7,0.45090785740612427,0.5334231010387479,0.4665768989612521
horizons,mediatique,19,lr,8.2,0.3539726566023799,0.4116799822966626,0.5883200177033374
horizons,mediatique,19,reconquete,4.3,0.2742280715344861,0.341454667086572,0.658545332913428
horizons,mediatique,19,nouvelle_energie,10.3,0.4395697076609172,0.4869180953798994,0.5130819046201006
horizons,contrarien,0,lfi,11.4,0.46,0.5227295294308175,0.4772704705691825
horizons,contrarien,0,ps,14.4,0.46,0.5459439358135522,0.45405606418644784
horizons,contrarien,0,ecologistes,12.2,0.46,0.5655705339647386,0.43442946603526145
horizons,contrarien,0,renaissance,11.3,0.40062910161038934,0.5644459150366291,0.4355540849633709
horizons,contrarien,0,horizons,12.8,0.35946804998864745,0.5641879595136161,0.4358120404863839
horizons,contrarien,0,reconquete,5.6,0.31152807153448603,0.48471878821578984,0.5152812117842102
horizons,contrarien,1,lfi,10.7,0.3944336464869478,0.3850084786639728,0.6149915213360272
horizons,contrarien,1,ecologistes,9.8,0.28555381202336955,0.27605789209359344,0.7239421079064066
horizons,contrarien,1,renaissance,12.2,0.4201954461919777,0.4289162986437953,0.5710837013562047
horizons,contrarien,1,horizons,8.7,0.39048868488747135,0.43868082046751844,0.5613191795324816
horizons,contrarien,1,lr,13.1,0.4050726566023798,0.5243120750449375,0.4756879249550625
horizons,contrarien,1,reconquete,4.5,0.32532807153448606,0.5989815861580201,0.4010184138419799
horizons,contrarien,1,nouvelle_energie,13.1,0.44066970766091706,0.5107696087373207,0.4892303912626793
horizons,contrarien,2,ps,9.9,0.33293364648694784,0.3387323215543327,0.6612676784456673
horizons,contrarien,2,ecologistes,11.2,0.34990828873310514,0.2928140326968951,0.7071859673031049
horizons,contrarien,2,renaissance,11.6,0.46,0.47224077204894344,0.5277592279510566
horizons,contrarien,2,horizons,11.9,0.46,0.4957637932479249,0.5042362067520751
horizons,contrarien,2,lr,7.8,0.34357265660237984,0.6234313743149181,0.37656862568508187
horizons,contrarien,2,reconquete,8.7,0.3138280715344861,0.6156724733824409,0.3843275266175591
horizons,contrarien,2,nouvelle_energie,11.7,0.4291697076609171,0.547046355987465,0.452953644012535
horizons,contrarien,3,lfi,12.8,0.46,0.5235186667643408,0.4764813332356592
horizons,contrarien,3,ps,8.8,0.3679154598015254,0.513856243335468,0.486143756664532
horizons,contrarien,3,ecologistes,8.6,0.43633983584658964,0.510216396443518,0.489783603556482
horizons,contrarien,3,lr,13.6,0.2834308301570868,0.5771621496864804,0.4228378503135196
horizons,contrarien,3,rn,11.3,0.4373438573187029,0.5393550427292656,0.4606449572707344
horizons,contrarien,3,reconquete,8.9,0.46,0.5395483749020136,0.46045162509798643
horizons,contrarien,3,nouvelle_energie,8.2,0.28217935923597415,0.5666900199359967,0.43330998006400334
horizons,contrarien,4,lfi,10.8,0.3150336464869478,0.6078967151134922,0.3921032848865078
horizons,contrarien,4,ecologistes,10.8,0.2161538120233696,0.6347931836874454,0.3652068163125546
horizons,contrarien,4,renaissance,8.7,0.25656563489637907,0.45546979790090214,0.5445302020990979
horizons,contrarien,4,lr,8.5,0.28481960687878577,0.39555575131728127,0.6044442486827187
horizons,contrarien,4,rn,12.7,0.4317846261408363,0.46084805580596006,0.53915194419404
horizons,contrarien,4,reconquete,6.9,0.46,0.4455400416382213,0.5544599583617786
horizons,contrarien,4,nouvelle_energie,12.1,0.3354356328981421,0.4496142702946208,0.5503857297053791
horizons,contrarien,5,lfi,11.1,0.3690336464869478,0.4021668855700915,0.5978331144299085
horizons,contrarien,5,ecologistes,7.9,0.31015381202336967,0.3806180084849243,0.6193819915150758
horizons,contrarien,5,renaissance,9,0.3890291016103894,0.49286820630875533,0.5071317936912447
horizons,contrarien,5,horizons,11.7,0.35701752392808384,0.5066174121954999,0.49338258780450006
horizons,contrarien,5,rn,13.9,0.3796726566023799,0.5602730827973684,0.4397269172026316
horizons,contrarien,5,reconquete,3.1,0.373144542999036,0.5879520365275234,0.41204796347247663
horizons,contrarien,5,nouvelle_energie,13.8,0.25718267339539624,0.5769789404824008,0.42302105951759916
horizons,contrarien,6,lfi,11.3,0.45172097124060645,0.5218035315407359,0.4781964684592641
horizons,contrarien,6,ps,10,0.3455882344337393,0.5224008127030878,0.4775991872969122
horizons,contrarien,6,ecologistes,7.1,0.4235569611936326,0.5339183757304246,0.46608162426957545
horizons,contrarien,6,renaissance,11.2,0.19889215742890023,0.531214139344024,0.46878586065597605
horizons,contrarien,6,lr,11.1,0.1638826733953962,0.41859912926617027,0.5814008707338297
horizons,contrarien,6,rn,13.6,0.37196970766091714,0.4729452846199742,0.5270547153800258
horizons,contrarien,6,reconquete,5,0.3086198402201497,0.40098640726808293,0.5990135927319171
horizons,contrarien,7,ps,13.1,0.3811336464869478,0.3976375179460307,0.6023624820539693
horizons,contrarien,7,ecologistes,7.7,0.3981082887331051,0.3580431764210527,0.6419568235789472
horizons,contrarien,7,renaissance,12.5,0.46,0.4743048204190093,0.5256951795809908
horizons,contrarien,7,horizons,8.3,0.46,0.4986574926054807,0.5013425073945192
horizons,contrarien,7,lr,7.5,0.3917726566023798,0.5591558596546704,0.4408441403453296
horizons,contrarien,7,reconquete,7.4,0.2620280715344861,0.6743466216758238,0.3256533783241762
horizons,contrarien,7,nouvelle_energie,13.3,0.4273697076609171,0.5476148047175816,0.4523851952824184
horizons,contrarien,8,ps,11,0.3514336464869478,0.5159826595567784,0.48401734044322164
horizons,contrarien,8,ecologistes,10.3,0.3684082887331051,0.5321927635979121,0.4678072364020879
horizons,contrarien,8,renaissance,9.9,0.15455363148209664,0.36513997136568327,0.6348600286343167
horizons,contrarien,8,lr,11.4,0.3385388412385478,0.41973202432392787,0.5802679756760721
horizons,contrarien,8,rn,10.9,0.4545534439947534,0.4584662039436394,0.5415337960563607
horizons,contrarien,8,reconquete,7.9,0.46,0.4360457119872274,0.5639542880127726
horizons,contrarien,8,nouvelle_energie,9.6,0.3283192536537242,0.4167474308038629,0.5832525691961371
horizons,contrarien,9,ps,11.5,0.32603364648694777,0.5418552928101964,0.4581447071898036
horizons,contrarien,9,ecologistes,11.8,0.2930082887331051,0.6243727247680181,0.3756272752319819
horizons,contrarien,9,renaissance,9.4,0.27959453278821506,0.3854064096542864,0.6145935903457136
horizons,contrarien,9,horizons,9.9,0.30697654451183176,0.43013151444864883,0.5698684855513512
horizons,contrarien,9,lr,11,0.2141826733953962,0.3789917603740527,0.6210082396259473
horizons,contrarien,9,rn,11.9,0.37226970766091716,0.42427212144254023,0.5757278785574598
horizons,contrarien,9,reconquete,8.6,0.3089198402201497,0.3304579379180026,0.6695420620819974
horizons,contrarien,10,ps,11.7,0.31183364648694784,0.5689415542241657,0.4310584457758343
horizons,contrarien,10,ecologistes,9.8,0.3788082887331051,0.5394136731412023,0.46058632685879775
horizons,contrarien,10,renaissance,11.9,0.24852340447700952,0.4075252598889293,0.5924747401110707
horizons,contrarien,10,lr,10.2,0.2884745779776659,0.3588182114331401,0.6411817885668599
horizons,contrarien,10,rn,12.1,0.4371997327566105,0.45053401926516073,0.5494659807348392
horizons,contrarien,10,reconquete,5.9,0.46,0.42829778232334464,0.5717022176766553
horizons,contrarien,10,nouvelle_energie,12.2,0.3348037240892505,0.41443633586441514,0.5855636641355848
horizons,contrarien,11,lfi,8.6,0.3015082887331051,0.3822418340641023,0.6177581659358977
horizons,contrarien,11,ps,11.7,0.23565381202336957,0.4274664602402219,0.5725335397597782
horizons,contrarien,11,horizons,13.5,0.26027142984157314,0.5393512014492243,0.4606487985507757
horizons,contrarien,11,lr,9.4,0.3045291016103894,0.6131119760429367,0.38688802395706334
horizons,contrarien,11,rn,11.7,0.46,0.5354330662533272,0.4645669337466728
horizons,contrarien,11,reconquete,4,0.46,0.5541697381159159,0.44583026188408414
horizons,contrarien,11,nouvelle_energie,12.2,0.338094532788215,0.5626956830869967,0.4373043169130033
horizons,contrarien,12,lfi,12.4,0.46,0.4362496521747695,0.5637503478252305
horizons,contrarien,12,ps,12.8,0.41183315537731224,0.41329363128991303,0.586706368710087
horizons,contrarien,12,ecologistes,10.5,0.46,0.38432246046116303,0.615677539538837
horizons,contrarien,12,renaissance,12.6,0.27131364347989967,0.387104970826864,0.612895029173136
horizons,contrarien,12,lr,13,0.3648924276121449,0.4734773629732219,0.5265226370267782
horizons,contrarien,12,reconquete,6.1,0.23082807153448612,0.6242875110553857,0.3757124889446143
horizons,contrarien,13,lfi,13.2,0.3742336464869478,0.451620385915245,0.548379614084755
horizons,contrarien,13,ecologistes,11.7,0.31535381202336965,0.4406041877168969,0.5593958122831031
horizons,contrarien,13,renaissance,10.9,0.20285435805161647,0.5985341743233965,0.4014658256766035
horizons,contrarien,13,lr,14.2,0.35798430647901114,0.559223338135375,0.44077666186462505
horizons,contrarien,13,rn,13.8,0.45916743250085357,0.54770477099357,0.45229522900643004
horizons,contrarien,13,reconquete,5.5,0.46,0.5646854654917572,0.43531453450824276
horizons,contrarien,14,ps,13.1,0.3792336464869478,0.6012326337733839,0.3987673662266161
horizons,contrarien,14,ecologistes,10.8,0.3462082887331051,0.7021471843771733,0.2978528156228267
horizons,contrarien,14,renaissance,10.8,0.46,0.5254198774369788,0.4745801225630212
horizons,contrarien,14,horizons,14.5,0.46,0.5085063189230321,0.4914936810769679
horizons,contrarien,14,lr,13.4,0.3898726566023799,0.4404636213293025,0.5595363786706975
horizons,contrarien,14,reconquete,6.7,0.2601280715344861,0.328124668383181,0.671875331616819
horizons,contrarien,15,lfi,11.2,0.46,0.5644764894786187,0.4355235105213813
horizons,contrarien,15,ps,9.8,0.3991884929570194,0.5891389336562161,0.41086106634378394
horizons,contrarien,15,ecologistes,8.7,0.46,0.6186116219999306,0.3813883780000694
horizons,contrarien,15,renaissance,10.9,0.25112071578741274,0.6196245546049792,0.3803754453950208
horizons,contrarien,15,lr,12,0.30670969422970557,0.5820687911760505,0.4179312088239495
horizons,contrarien,15,reconquete,6.5,0.2570280715344861,0.4009721783442914,0.5990278216557086
horizons,contrarien,15,nouvelle_energie,10.9,0.3035535857480916,0.5947130048774045,0.4052869951225955
horizons,contrarien,16,lfi,11.6,0.34303364648694784,0.33062682226263074,0.6693731777373693
horizons,contrarien,16,ecologistes,7.9,0.3341538120233696,0.3354554370119688,0.6645445629880312
horizons,contrarien,16,renaissance,9.1,0.4187954461919777,0.4337908260276398,0.5662091739723603
horizons,contrarien,16,horizons,8.9,0.42833884668049427,0.46399612397926626,0.5360038760207337
horizons,contrarien,16,lr,11.8,0.35367265660237984,0.5923761007321116,0.40762389926788845
horizons,contrarien,16,reconquete,8.7,0.3239280715344861,0.6071137719074681,0.39288622809253193
horizons,contrarien,16,nouvelle_energie,12.2,0.4392697076609171,0.5164130433348432,0.48358695666515683
horizons,contrarien,17,lfi,10.8,0.46,0.5522065989936964,0.4477934010063036
horizons,contrarien,17,ps,11.7,0.4085954461919777,0.5844051739194893,0.4155948260805107
horizons,contrarien,17,ecologistes,10.2,0.46,0.6181502309900306,0.38184976900996936
horizons,contrarien,17,horizons,11.5,0.30850756798826917,0.5768304262283608,0.4231695737716392
horizons,contrarien,17,lr,9.7,0.39347265660237984,0.5082224222402693,0.49177757775973074
horizons,contrarien,17,reconquete,8.6,0.31372807153448606,0.42331726238848977,0.5766827376115102
horizons,contrarien,17,nouvelle_energie,12,0.336394532788215,0.5904423316055256,0.4095576683944744
horizons,contrarien,18,lfi,10.3,0.3960336464869478,0.3884873468508444,0.6115126531491556
horizons,contrarien,18,ecologistes,11.5,0.3371538120233696,0.32982248431168903,0.670177515688311
horizons,contrarien,18,renaissance,12,0.4217954461919777,0.4312981670060193,0.5687018329939807
horizons,contrarien,18,horizons,11.6,0.40708408604787794,0.4533543948690959,0.5466456051309041
horizons,contrarien,18,lr,8.8,0.40667265660237983,0.5266216707683197,0.47337832923168033
horizons,contrarien,18,reconquete,7.3,0.32692807153448605,0.6022875161220124,0.39771248387798763
horizons,contrarien,18,nouvelle_energie,11.6,0.4422697076609171,0.5131772952647935,0.4868227047352065
horizons,contrarien,19,ps,11.5,0.3804336464869478,0.6009326752956916,0.3990673247043084
horizons,contrarien,19,ecologistes,8,0.3974082887331051,0.6430055771955203,0.3569944228044797
horizons,contrarien,19,renaissance,11.3,0.46,0.5256891524814303,0.47431084751856967
horizons,contrarien,19,horizons,9.2,0.46,0.5086703006285228,0.4913296993714772
horizons,contrarien,19,lr,10.9,0.3910726566023799,0.4401408032545008,0.5598591967454992
horizons,contrarien,19,reconquete,6.8,0.31132807153448605,0.37927912480345216,0.6207208751965478
horizons,contrarien,19,nouvelle_energie,11.9,0.42666970766091716,0.4517468770292031,0.548253122970797
lr,aleatoire,0,lfi,10.2,0.3723336464869478,0.4278394489261347,0.5721605510738653
lr,aleatoire,0,ecologistes,9.2,0.3134538120233696,0.40277385025185536,0.5972261497481446
lr,aleatoire,0,renaissance,11.5,0.39371426850657,0.5052355079794458,0.49476449202055417
lr,aleatoire,0,horizons,9.9,0.24996862701620035,0.598142819940386,0.401857180059614
lr,aleatoire,0,rn,11.5,0.3596044011947731,0.576064324374135,0.423935675625865
lr,aleatoire,0,reconquete,8.8,0.37468250311763973,0.5964770124177405,0.40352298758225946
lr,aleatoire,0,nouvelle_energie,8.2,0.2500586289062529,0.6201919934516841,0.3798080065483159
lr,aleatoire,1,lfi,12.2,0.46,0.44673751195944666,0.5532624880405533
lr,aleatoire,1,ps,11.3,0.4090954461919777,0.4143330116179811,0.5856669883820189
lr,aleatoire,1,ecologistes,8.9,0.46,0.37975905242793667,0.6202409475720634
lr,aleatoire,1,horizons,12.7,0.2384969921660684,0.3696670164991734,0.6303329835008267
lr,aleatoire,1,lr,10.4,0.3722968750326157,0.4985325410520113,0.5014674589479887
lr,aleatoire,1,reconquete,4.1,0.2642280715344861,0.6313804156272514,0.36861958437274855
lr,aleatoire,1,nouvelle_energie,12.5,0.336894532788215,0.41623393697521177,0.5837660630247883
lr,aleatoire,2,lfi,8.3,0.3311336464869478,0.37723824247274873,0.6227617575272513
lr,aleatoire,2,ecologistes,8.5,0.27225381202336957,0.3570933412805558,0.6429066587194442
lr,aleatoire,2,renaissance,13.4,0.370001879920844,0.5131958586241909,0.4868041413758091
lr,aleatoire,2,horizons,11.9,0.26283983293764634,0.5890497218107539,0.4109502781892461
lr,aleatoire,2,rn,11,0.4034096979859968,0.5705663050143198,0.4294336949856802
lr,aleatoire,2,reconquete,6.1,0.41178388886459916,0.5946671044378404,0.40533289556215957
lr,aleatoire,2,nouvelle_energie,10.2,0.22935328573442876,0.6272626990662823,0.3727373009337177
lr,aleatoire,3,lfi,9.7,0.46,0.5352211514126742,0.46477884858732577
lr,aleatoire,3,ps,12.2,0.46,0.5554065689300464,0.44459343106995364
lr,aleatoire,3,ecologistes,10.6,0.46,0.577002074728002,0.422997925271998
lr,aleatoire,3,renaissance,10.6,0.4109452979402871,0.5701270025565467,0.4298729974434533
lr,aleatoire,3,horizons,9.8,0.3141385853112377,0.5872893561063699,0.4127106438936301
lr,aleatoire,3,reconquete,8.5,0.2688280715344861,0.44403359795605635,0.5559664020439437
lr,aleatoire,3,nouvelle_energie,10.5,0.28949078751345103,0.5620926213124896,0.4379073786875104
lr,aleatoire,4,ps,10.4,0.28563364648694783,0.4265070867148654,0.5734929132851345
lr,aleatoire,4,ecologistes,11.4,0.3526082887331051,0.4599357831522078,0.5400642168477923
lr,aleatoire,4,renaissance,10.3,0.15079699216606837,0.646010597539191,0.353989402460809
lr,aleatoire,4,lr,11,0.294997172517219,0.5962386586254298,0.4037613413745702
lr,aleatoire,4,rn,10.9,0.43246678551587503,0.5475320933674152,0.45246790663258485
lr,aleatoire,4,reconquete,7.7,0.44750053285801406,0.5740286838094859,0.4259713161905141
lr,aleatoire,4,nouvelle_energie,11.6,0.24148775604841746,0.6261113402303488,0.37388865976965124
lr,aleatoire,5,lfi,12.9,0.46,0.4869457912408061,0.5130542087591938
lr,aleatoire,5,ps,9.1,0.36136251581417567,0.48050806646100924,0.5194919335389907
lr,aleatoire,5,ecologistes,12.1,0.4321420866995196,0.4738161084551639,0.526183891544836
lr,aleatoire,5,renaissance,7.3,0.16859699216606838,0.44870461458000016,0.5512953854199998
lr,aleatoire,5,lr,13.6,0.2199754042978035,0.5226782431745005,0.4773217568254995
lr,aleatoire,5,rn,9.9,0.3496697076609171,0.5272139787018849,0.4727860212981151
lr,aleatoire,5,reconquete,7,0.3363198402201497,0.5367615699198051,0.46323843008019494
lr,aleatoire,6,ps,10.1,0.374678591374749,0.4597303883209844,0.5402696116790155
lr,aleatoire,6,ecologistes,12.7,0.3916532336209063,0.43832675336516436,0.5616732466348356
lr,aleatoire,6,renaissance,10.4,0.3304168749118109,0.6051544837815346,0.3948455162184654
lr,aleatoire,6,horizons,9.3,0.2372123523330568,0.6369078338934258,0.36309216610657424
lr,aleatoire,6,rn,12.3,0.3227107613558539,0.6382264595994083,0.36177354040059173
lr,aleatoire,6,reconquete,4.9,0.38702351541245195,0.608357942908219,0.391642057091781
lr,aleatoire,6,nouvelle_energie,12.6,0.24408269142573252,0.6538000999520797,0.34619990004792034
lr,aleatoire,7,lfi,10.6,0.37963364648694775,0.5749541653462059,0.4250458346537941
lr,aleatoire,7,ecologistes,12.2,0.23075381202336961,0.6651040644887962,0.3348959355112038
lr,aleatoire,7,renaissance,8.1,0.40400507717118317,0.49763856321222866,0.5023614367877713
lr,aleatoire,7,horizons,11.5,0.3514926981571459,0.47234344634498077,0.5276565536550193
lr,aleatoire,7,rn,12.1,0.36268121503236783,0.4246143659947773,0.5753856340052227
lr,aleatoire,7,reconquete,8,0.3811781904648365,0.4046792834093237,0.5953207165906763
lr,aleatoire,7,nouvelle_energie,9.1,0.26503548790134174,0.38150769863562595,0.618492301364374
lr,aleatoire,8,ps,9.7,0.3086336464869478,0.4158691787059614,0.5841308212940386
lr,aleatoire,8,ecologistes,8.8,0.3756082887331051,0.44587365536021434,0.5541263446397857
lr,aleatoire,8,renaissance,11.9,0.3235980501854331,0.6090334911152371,0.3909665088847629
lr,aleatoire,8,horizons,12,0.2806278581650631,0.5953000376469522,0.40469996235304784
lr,aleatoire,8,rn,11.9,0.3521602436903171,0.5902246487335219,0.4097753512664781
lr,aleatoire,8,reconquete,4.5,0.31982726389176763,0.6704419885726057,0.32955801142739427
lr,aleatoire,8,nouvelle_energie,10.2,0.23891885074431174,0.656620495586333,0.34337950441366705
lr,aleatoire,9,lfi,8.9,0.46,0.4780998120605707,0.5219001879394294
lr,aleatoire,9,ps,11,0.40876251581417566,0.4671392285193149,0.5328607714806851
lr,aleatoire,9,ecologistes,12.1,0.46,0.4558163322545207,0.5441836677454793
lr,aleatoire,9,renaissance,8.4,0.2559969921660684,0.46420694850806354,0.5357930514919365
lr,aleatoire,9,rn,11,0.3708079669317993,0.5209603785057783,0.47903962149422175
lr,aleatoire,9,reconquete,8.5,0.37503927240920054,0.5306663559399373,0.4693336440600627
lr,aleatoire,9,nouvelle_energie,10.6,0.25152775048019926,0.5092458876900675,0.4907541123099325
lr,aleatoire,10,lfi,12.1,0.38429314943484627,0.4219631657094857,0.5780368342905142
lr,aleatoire,10,ecologistes,10.2,0.32541331497126813,0.3925339767914095,0.6074660232085904
lr,aleatoire,10,renaissance,11.3,0.3330954426541401,0.5569041260083006,0.44309587399169936
lr,aleatoire,10,horizons,13.3,0.3293232787432311,0.5259021250165016,0.4740978749834984
lr,aleatoire,10,rn,10.5,0.3386329396596082,0.6212591236322569,0.3787408763677431
lr,aleatoire,10,reconquete,8,0.40594241710814816,0.5840344580281429,0.4159655419718571
lr,aleatoire,10,nouvelle_energie,7,0.3073922728194576,0.5648030127856283,0.4351969872143717
lr,aleatoire,11,lfi,7.5,0.46,0.5381044918556889,0.46189550814431113
lr,aleatoire,11,ps,11.9,0.46,0.5593814467171814,0.4406185532828186
lr,aleatoire,11,ecologistes,12.1,0.46,0.58421187388565,0.41578812611435
lr,aleatoire,11,renaissance,8.5,0.35289453278821503,0.5781088388439696,0.4218911611560304
lr,aleatoire,11,horizons,12.3,0.2951877560484174,0.5719103778250006,0.42808962217499935
lr,aleatoire,11,lr,13.3,0.26108795646724237,0.5489521485738874,0.4510478514261126
lr,aleatoire,11,reconquete,6.5,0.23022807153448605,0.43563881413939254,0.5643611858606075
lr,aleatoire,12,lfi,12.1,0.46,0.45948912629517447,0.5405108737048255
lr,aleatoire,12,ps,12.3,0.46,0.437780336737504,0.5622196632624961
lr,aleatoire,12,ecologistes,9.6,0.46,0.4148182558567658,0.5851817441432342
lr,aleatoire,12,renaissance,14.3,0.3975085530107872,0.425102804371498,0.5748971956285021
lr,aleatoire,12,horizons,14.5,0.29210388467042975,0.3795772235175453,0.6204227764824547
lr,aleatoire,12,reconquete,4.8,0.2763280715344861,0.5645817049821966,0.4354182950178034
lr,aleatoire,13,lfi,11.8,0.46,0.46705246933763134,0.5329475306623687
lr,aleatoire,13,ps,12.7,0.46,0.4466658386436593,0.5533341613563407
lr,aleatoire,13,ecologistes,9.3,0.46,0.4277081265319812,0.5722918734680188
lr,aleatoire,13,renaissance,9.8,0.41266354421931895,0.43606685604897705,0.5639331439510229
lr,aleatoire,13,horizons,12.6,0.3597588773786411,0.44048771971039113,0.5595122802896089
lr,aleatoire,13,reconquete,3.8,0.3242280715344861,0.5173343511965387,0.4826656488034613
lr,aleatoire,13,nouvelle_energie,12.8,0.3270114565433201,0.4492677766903801,0.5507322233096199
lr,aleatoire,14,lfi,11.2,0.46,0.5566212539556543,0.4433787460443457
lr,aleatoire,14,ps,10.6,0.46,0.5738303182371498,0.4261696817628502
lr,aleatoire,14,ecologistes,11.9,0.46,0.5987372456215119,0.40126275437848813
lr,aleatoire,14,renaissance,7.8,0.4016452580945915,0.5833789697113785,0.4166210302886215
lr,aleatoire,14,horizons,11.3,0.34602747904045766,0.5775053165691412,0.42249468343085883
lr,aleatoire,14,reconquete,8.2,0.26742807153448606,0.449283197406501,0.550716802593499
lr,aleatoire,14,nouvelle_energie,10.8,0.2985795968193723,0.5700715936465304,0.4299284063534696
lr,aleatoire,15,lfi,10.4,0.46,0.49700041158240066,0.5029995884175993
lr,aleatoire,15,ps,12.6,0.3858954461919777,0.48393440126266396,0.516065598737336
lr,aleatoire,15,ecologistes,11.1,0.44633983584658965,0.47185359268297344,0.5281464073170266
lr,aleatoire,15,horizons,11,0.2152969921660684,0.4451195318654152,0.5548804681345848
lr,aleatoire,15,rn,10.9,0.3741029379916162,0.5611747039653798,0.43882529603462017
lr,aleatoire,15,reconquete,6.8,0.3375008644072412,0.6244257319396648,0.3755742680603352
lr,aleatoire,15,nouvelle_energie,10.1,0.23222181185093638,0.582728668495422,0.41727133150457796
lr,aleatoire,16,lfi,10.3,0.3433336464869478,0.6651040743956538,0.3348959256043462
lr,aleatoire,16,ecologistes,11,0.33445381202336955,0.6598401655466344,0.3401598344533656
lr,aleatoire,16,renaissance,10.3,0.4190954461919777,0.5631606209692148,0.4368393790307852
lr,aleatoire,16,horizons,10.5,0.45126251581417565,0.5319544451567206,0.46804555484327937
lr,aleatoire,16,lr,13.1,0.4044365548235608,0.4657138675602591,0.5342861324397409
lr,aleatoire,16,reconquete,5.9,0.2742280715344861,0.3361029660993088,0.6638970339006912
lr,aleatoire,16,nouvelle_energie,9.3,0.4395697076609171,0.48174620313179656,0.5182537968682035
lr,aleatoire,17,ps,11.3,0.3707336464869478,0.5484426051006802,0.4515573948993198
lr,aleatoire,17,ecologistes,13,0.3877082887331051,0.5752527488274827,0.4247472511725173
lr,aleatoire,17,renaissance,10,0.38562447571264236,0.45539885024312754,0.5446011497568725
lr,aleatoire,17,horizons,12,0.2794138074291109,0.38119296724937063,0.6188070327506294
lr,aleatoire,17,rn,10.8,0.32347637489741066,0.3654387010824316,0.6345612989175684
lr,aleatoire,17,reconquete,3.1,0.37963384442924814,0.39323768444860724,0.6067623155513928
lr,aleatoire,17,nouvelle_energie,12.3,0.28005212581500716,0.39835961576498824,0.6016403842350118
lr,aleatoire,18,lfi,7.8,0.3091336464869478,0.38581460642415333,0.6141853935758467
lr,aleatoire,18,ecologistes,10.2,0.2602538120233696,0.3932548039146717,0.6067451960853283
lr,aleatoire,18,renaissance,9.7,0.3262034999596233,0.5680971303368324,0.4319028696631676
lr,aleatoire,18,horizons,11.1,0.3198080577882628,0.542152411545959,0.45784758845404105
lr,aleatoire,18,rn,13.8,0.3609399323785396,0.578155297431394,0.42184470256860596
lr,aleatoire,18,reconquete,5.2,0.31452209422414446,0.6602450037656695,0.3397549962343305
lr,aleatoire,18,nouvelle_energie,10.1,0.26538910456598075,0.5847416304062947,0.4152583695937053
lr,aleatoire,19,lfi,10.3,0.46,0.45426034344810134,0.5457396565518986
lr,aleatoire,19,ps,11.4,0.46,0.4288135860347252,0.5711864139652748
lr,aleatoire,19,ecologistes,7.9,0.46,0.40499911756471524,0.5950008824352848
lr,aleatoire,19,renaissance,11.5,0.40168828333908224,0.4162112445949928,0.5837887554050072
lr,aleatoire,19,horizons,11.1,0.30492225621569413,0.4045350933765661,0.5954649066234339
lr,aleatoire,19,reconquete,4.4,0.27152807153448605,0.5553108704297434,0.44468912957025664
lr,aleatoire,19,nouvelle_energie,11.7,0.2961054285566159,0.431045188110334,0.568954811889666
lr,prudent,0,lfi,10,0.36543364648694776,0.44862870195622506,0.5513712980437749
lr,prudent,0,ecologistes,9.6,0.25655381202336963,0.3750554801373336,0.6249445198626664
lr,prudent,0,renaissance,9.9,0.3249599645882158,0.5700910185913435,0.4299089814086565
lr,prudent,0,horizons,8.5,0.32287685033456814,0.5439911468843863,0.4560088531156137
lr,prudent,0,rn,12.3,0.2773109015594045,0.6543914269697167,0.34560857303028325
lr,prudent,0,reconquete,8,0.38319529403300634,0.6050525040182719,0.39494749598172807
lr,prudent,0,nouvelle_energie,10.7,0.29165044169690024,0.5822971134919315,0.4177028865080685
lr,prudent,1,lfi,13.4,0.46,0.5233743559409849,0.4766256440590151
lr,prudent,1,ps,13,0.45734314437253626,0.5195542140927211,0.48044578590727893
lr,prudent,1,ecologistes,7.1,0.46,0.5215766612688599,0.47842333873114007
lr,prudent,1,renaissance,13.3,0.325794532788215,0.5065548641580189,0.49344513584198113
lr,prudent,1,horizons,8.9,0.26808775604841745,0.5007629500163623,0.4992370499836377
lr,prudent,1,rn,11.3,0.284919253428968,0.5734768511797677,0.42652314882023235
lr,prudent,1,reconquete,4.8,0.33730357685269524,0.5195434661272462,0.4804565338727538
lr,prudent,2,lfi,9.5,0.3710336464869478,0.5646943829593856,0.43530561704061443
lr,prudent,2,ecologistes,9.6,0.31215381202336956,0.5905716372781235,0.40942836272187655
lr,prudent,2,renaissance,8,0.33482320982217,0.4351442006581228,0.5648557993418772
lr,prudent,2,horizons,10.8,0.27778372138295454,0.4117980055740726,0.5882019944259274
lr,prudent,2,rn,14.7,0.37320959267564613,0.4213168465057544,0.5786831534942456
lr,prudent,2,reconquete,8.6,0.37925333137143835,0.3973304400881867,0.6026695599118133
lr,prudent,2,nouvelle_energie,8.7,0.2277141519214801,0.37175556826349326,0.6282444317365068
lr,prudent,3,lfi,13,0.31343364648694777,0.3831286540188441,0.6168713459811559
lr,prudent,3,ecologistes,9.4,0.25455381202336963,0.363254370415707,0.636745629584293
lr,prudent,3,renaissance,11,0.3724133322547297,0.5125100996543084,0.4874899003456916
lr,prudent,3,horizons,9.5,0.3142798448120049,0.5416906043431169,0.4583093956568831
lr,prudent,3,rn,9.6,0.33712337290360556,0.6039570659335155,0.3960429340664845
lr,prudent,3,reconquete,7.9,0.3784489303424178,0.601123170667031,0.398876829332969
lr,prudent,3,nouvelle_energie,11.5,0.2583689176151489,0.5832741857398807,0.41672581426011934
lr,prudent,4,lfi,9.8,0.46,0.5500424861453199,0.4499575138546801
lr,prudent,4,ps,12.4,0.46,0.5675214727143638,0.4324785272856362
lr,prudent,4,ecologistes,7.7,0.46,0.5904540518671408,0.40954594813285916
lr,prudent,4,renaissance,11.6,0.4032107486624833,0.5771775688324408,0.42282243116755924
lr,prudent,4,horizons,10.4,0.297633211817605,0.6222681184015617,0.3777318815984383
lr,prudent,4,reconquete,5.2,0.22752807153448604,0.4249137288554401,0.5750862711445599
lr,prudent,4,nouvelle_energie,10.8,0.30293732057785455,0.564478729317365,0.435521270682635
lr,prudent,5,ps,11.7,0.3535336464869478,0.4708011273376683,0.5291988726623317
lr,prudent,5,ecologistes,6.2,0.3205082887331051,0.3892158487818314,0.6107841512181686
lr,prudent,5,renaissance,11.9,0.3241049542796509,0.6117694125847017,0.38823058741529826
lr,prudent,5,horizons,13.3,0.31978967791719726,0.5772426542678323,0.4227573457321677
lr,prudent,5,rn,12.5,0.343247019569357,0.5938289985641497,0.4061710014358503
lr,prudent,5,reconquete,5.5,0.3060356040827829,0.6754229721555529,0.3245770278444471
lr,prudent,5,nouvelle_energie,9.8,0.2267716193447437,0.6608308140949622,0.33916918590503775
lr,prudent,6,lfi,10.6,0.46,0.4350424965015436,0.5649575034984564
lr,prudent,6,ps,9.7,0.46,0.41984140425522937,0.5801585957447706
lr,prudent,6,ecologistes,9.9,0.46,0.39356356240223356,0.6064364375977664
lr,prudent,6,renaissance,12.3,0.35077534098301333,0.3584669949599607,0.6415330050400393
lr,prudent,6,horizons,12,0.295540538341387,0.3706157103999249,0.6293842896000751
lr,prudent,6,reconquete,5.4,0.31192807153448604,0.491028595690563,0.508971404309437
lr,prudent,6,nouvelle_energie,12.1,0.29722128282349386,0.42640582703631325,0.5735941729636868
lr,prudent,7,lfi,10.3,0.46,0.5588579296594424,0.44114207034055763
lr,prudent,7,ps,14.2,0.46,0.5806912612637601,0.41930873873623986
lr,prudent,7,ecologistes,12.1,0.46,0.6010623287919281,0.3989376712080719
lr,prudent,7,renaissance,8.4,0.38873544878167837,0.584239806252708,0.415760193747292
lr,prudent,7,horizons,8.5,0.3331010839507111,0.5770968359622977,0.42290316403770234
lr,prudent,7,reconquete,7.5,0.31572807153448607,0.49831866113894274,0.5016813388610573
lr,prudent,7,nouvelle_energie,9.6,0.24169347692301707,0.6159953880730636,0.38400461192693636
lr,prudent,8,lfi,11.7,0.3679336464869478,0.567407737517406,0.43259226248259397
lr,prudent,8,ecologistes,10.3,0.21905381202336957,0.656803121620536,0.343196878379464
lr,prudent,8,renaissance,11.4,0.38712993946217267,0.49336585406654015,0.5066341459334598
lr,prudent,8,horizons,7.9,0.2811867407842899,0.4156430304971307,0.5843569695028693
lr,prudent,8,rn,10.2,0.2713182957631708,0.3482258115848284,0.6517741884151715
lr,prudent,8,reconquete,7.4,0.36739759137101324,0.39861932626952334,0.6013806737304767
lr,prudent,8,nouvelle_energie,13.1,0.2782437425019325,0.421641900898412,0.578358099101588
lr,prudent,9,lfi,9.9,0.35110828873310507,0.5540195458074123,0.4459804541925877
lr,prudent,9,ps,11.2,0.22525381202336964,0.6009613207935065,0.3990386792064935
lr,prudent,9,renaissance,9.8,0.34658217892793397,0.4744166584120305,0.5255833415879695
lr,prudent,9,horizons,13.4,0.2916080493068529,0.44658789554955136,0.5534121044504486
lr,prudent,9,rn,11.3,0.3302647469970179,0.3944601677979187,0.6055398322020813
lr,prudent,9,reconquete,5.6,0.34339524121687426,0.37160584924172235,0.6283941507582776
lr,prudent,9,nouvelle_energie,10.2,0.25213628119086284,0.4025679387694318,0.5974320612305681
lr,prudent,10,ps,11.3,0.3046336464869478,0.4166745609950947,0.5833254390049053
lr,prudent,10,ecologistes,9.3,0.3716082887331051,0.44124018916546975,0.5587598108345302
lr,prudent,10,renaissance,12,0.3723723657936638,0.5470196436415065,0.45298035635849354
lr,prudent,10,horizons,9.9,0.3186030736508995,0.570571133110552,0.42942886688944804
lr,prudent,10,rn,9.9,0.254689022049185,0.6562734309116457,0.3437265690883543
lr,prudent,10,reconquete,9.7,0.30918440125605967,0.6652384984625339,0.3347615015374661
lr,prudent,10,nouvelle_energie,11.4,0.2791601107601748,0.6042876333163483,0.39571236668365173
lr,prudent,11,lfi,8.2,0.3923336464869478,0.386918870422115,0.6130811295778851
lr,prudent,11,ecologistes,8.7,0.33345381202336954,0.33571311260170933,0.6642868873982907
lr,prudent,11,renaissance,11.8,0.4180954461919777,0.43238969581536013,0.5676103041846399
lr,prudent,11,horizons,9.5,0.45026251581417565,0.4637343868883658,0.5362656131116341
lr,prudent,11,lr,12.5,0.3826704160039136,0.5341785506939316,0.4658214493060684
lr,prudent,11,reconquete,7.8,0.32322807153448607,0.6034169163766507,0.39658308362334926
lr,prudent,11,nouvelle_energie,12.3,0.4385697076609171,0.51383357077595,0.48616642922404996
lr,prudent,12,ps,12.9,0.36533364648694777,0.4577793986491481,0.5422206013508519
lr,prudent,12,ecologistes,7.8,0.3823082887331051,0.43638884996139693,0.5636111500386031
lr,prudent,12,renaissance,7.9,0.3755378799268818,0.5491754202903049,0.45082457970969514
lr,prudent,12,horizons,11.8,0.31936914677823786,0.5705321161349444,0.42946788386505563
lr,prudent,12,rn,13,0.31554390250113923,0.6373070463886694,0.3626929536113306
lr,prudent,12,reconquete,6.9,0.3758608094716169,0.6082682698886455,0.39173173011135454
lr,prudent,12,nouvelle_energie,9.7,0.22717206046192956,0.6539367894787494,0.34606321052125055
lr,prudent,13,lfi,8.7,0.46,0.5391835328980706,0.46081646710192936
lr,prudent,13,ps,10.7,0.46,0.5600771367582528,0.43992286324174723
lr,prudent,13,ecologistes,10.6,0.46,0.5847624206269528,0.41523757937304717
lr,prudent,13,renaissance,11.2,0.303294532788215,0.634110361172611,0.365889638827389
lr,prudent,13,horizons,10.2,0.24558775604841748,0.6258692590995005,0.37413074090049947
lr,prudent,13,lr,12.5,0.26402853579137986,0.5519192417958032,0.4480807582041968
lr,prudent,13,reconquete,8.3,0.2806280715344861,0.4854563334276334,0.5145436665723666
lr,prudent,14,lfi,9,0.46,0.5517655164463091,0.4482344835536909
lr,prudent,14,ps,9.3,0.4202625158141757,0.5787416324353846,0.42125836756461543
lr,prudent,14,ecologistes,9.6,0.46,0.6090404811955468,0.39095951880445323
lr,prudent,14,renaissance,9.1,0.17749699216606837,0.6668769812806952,0.33312301871930483
lr,prudent,14,lr,12.4,0.28242628343385057,0.4920849621789383,0.5079150378210617
lr,prudent,14,reconquete,8.2,0.29322807153448605,0.4481500346380118,0.5518499653619882
lr,prudent,14,nouvelle_energie,13.2,0.2581877560484174,0.6028753629625315,0.3971246370374685
lr,prudent,15,ps,9.1,0.35743364648694775,0.5494047192599031,0.4505952807400969
lr,prudent,15,ecologistes,8.8,0.32440828873310507,0.6287910841127153,0.37120891588728466
lr,prudent,15,renaissance,12.6,0.37319985353583496,0.4525118013768149,0.5474881986231851
lr,prudent,15,horizons,12.5,0.2675577137893121,0.37960895028080044,0.6203910497191996
lr,prudent,15,rn,10.6,0.3604067434954421,0.41873830131281664,0.5812616986871834
lr,prudent,15,reconquete,8.8,0.31410134962596087,0.33421116037539694,0.665788839624603
lr,prudent,15,nouvelle_energie,9.9,0.21172045730572403,0.3451957450894999,0.6548042549105001
lr,prudent,16,lfi,9.1,0.46,0.4435239558894099,0.55647604411059
lr,prudent,16,ps,10.7,0.42016251581417574,0.4173055870085863,0.5826944129914138
lr,prudent,16,ecologistes,7.7,0.46,0.3859147278727991,0.6140852721272009
lr,prudent,16,renaissance,12.9,0.2673969921660684,0.39477668082465633,0.6052233191753437
lr,prudent,16,lr,12.9,0.31470723487676466,0.4654317413343791,0.5345682586656209
lr,prudent,16,reconquete,7.4,0.29312807153448606,0.5445337587644068,0.4554662412355932
lr,prudent,16,nouvelle_energie,9.7,0.3080877560484174,0.4469269305835096,0.5530730694164905
lr,prudent,17,lfi,11.4,0.46,0.5464072119545323,0.45359278804546765
lr,prudent,17,ps,10.2,0.46,0.5660880169972524,0.4339119830027476
lr,prudent,17,ecologistes,11.9,0.46,0.590095785943945,0.40990421405605504
lr,prudent,17,renaissance,11.4,0.39189347770448835,0.5802654079522619,0.4197345920477381
lr,prudent,17,horizons,9.1,0.33325597619215963,0.5741480169963439,0.4258519830036561
lr,prudent,17,reconquete,5.1,0.3179280715344861,0.4919629045507851,0.5080370954492148
lr,prudent,17,nouvelle_energie,12.6,0.21693022005343693,0.6161856042029726,0.38381439579702736
lr,prudent,18,lfi,9.2,0.46,0.48640946256710915,0.5135905374328908
lr,prudent,18,ps,9.1,0.3510954461919777,0.4739530074521258,0.5260469925478741
lr,prudent,18,ecologistes,9.7,0.41153983584658965,0.46216679384228343,0.5378332061577166
lr,prudent,18,horizons,12,0.1804969921660684,0.4498373501303312,0.5501626498696688
lr,prudent,18,lr,12.4,0.21632020173259264,0.5468221483538787,0.45317785164612134
lr,prudent,18,rn,11.2,0.3715697076609171,0.5524438730891625,0.44755612691083746
lr,prudent,18,reconquete,9.1,0.3582198402201497,0.5658799618691618,0.4341200381308382
lr,prudent,19,lfi,10.9,0.46,0.5528440851590655,0.44715591484093453
lr,prudent,19,ps,10.5,0.4213625158141757,0.5796593868332748,0.4203406131667252
lr,prudent,19,ecologistes,11.8,0.46,0.6102301053656835,0.38976989463431655
lr,prudent,19,renaissance,9.8,0.17859699216606836,0.6674792247716934,0.3325207752283066
lr,prudent,19,lr,11.4,0.2804974139692364,0.4944977646641616,0.5055022353358384
lr,prudent,19,reconquete,8.8,0.29432807153448604,0.4498572269387562,0.5501427730612438
lr,prudent,19,nouvelle_energie,8.4,0.3092877560484174,0.5531120999188048,0.44688790008119517
lr,risque,0,lfi,12.2,0.46,0.4937876684779131,0.5062123315220869
lr,risque,0,ps,10.9,0.39766251581417567,0.48415727707732037,0.5158427229226796
lr,risque,0,ecologistes,10.2,0.46,0.47533715203183907,0.524662847968161
lr,risque,0,renaissance,11.3,0.19489699216606837,0.4235741522660287,0.5764258477339713
lr,risque,0,rn,12.5,0.33837184230052864,0.544178023467466,0.455821976532534
lr,risque,0,reconquete,6.3,0.3427982514473292,0.5466266869425055,0.4533733130574945
lr,risque,0,nouvelle_energie,10.8,0.2430350811563485,0.5178803672780903,0.4821196327219097
lr,risque,1,lfi,12,0.46,0.5533392447864306,0.4466607552135694
lr,risque,1,ps,8,0.46,0.5710243774111223,0.42897562258887767
lr,risque,1,ecologistes,9,0.46,0.5951809697817053,0.4048190302182947
lr,risque,1,renaissance,9.1,0.340052372960348,0.6364160510360741,0.3635839489639259
lr,risque,1,horizons,10.4,0.29211540358214155,0.5924223285888875,0.40757767141111245
lr,risque,1,reconquete,5.6,0.3156280715344861,0.49113090911935314,0.5088690908806468
lr,risque,1,nouvelle_energie,11.6,0.22121167448440365,0.616818482021043,0.38318151797895705
lr,risque,1,reconquete_dissidence_23,6.9,0.3156280715344861,0.49825621010438564,0.5017437898956143
lr,risque,2,lfi,7.5,0.46,0.5056244549552389,0.4943755450447611
lr,risque,2,ps,8.7,0.46,0.5027593465318893,0.49724065346811075
lr,risque,2,ecologistes,11.7,0.46,0.5006038975131724,0.49939610248682764
lr,risque,2,renaissance,11.6,0.339094532788215,0.4870007178525811,0.512999282147419
lr,risque,2,horizons,8.9,0.24138775604841742,0.5119895257210325,0.4880104742789675
lr,risque,2,rn,12.6,0.33359193208737264,0.5164454277676509,0.4835545722323491
lr,risque,2,reconquete,6.1,0.282505552805897,0.5611831481457006,0.4388168518542994
lr,risque,2,reconquete_dissidence_23,4.1,0.332505552805897,0.5111989989299552,0.48880100107004476
lr,risque,3,lfi,9.1,0.46,0.5436312912943279,0.45636870870567214
lr,risque,3,ps,10.5,0.46,0.5620813816292405,0.4379186183707595
lr,risque,3,ecologistes,12.1,0.46,0.5841455890291255,0.4158544109708745
lr,risque,3,renaissance,9.4,0.4079063581271002,0.5749550911372615,0.4250449088627385
lr,risque,3,horizons,11,0.31097365469087024,0.5905436647808392,0.4094563352191608
lr,risque,3,reconquete,7.8,0.22542807153448605,0.42537905834014705,0.5746209416598529
lr,risque,3,nouvelle_energie,11.5,0.23866615363102334,0.6119274055113026,0.38807259448869735
lr,risque,4,lfi,7.8,0.3655336464869478,0.4371763358380684,0.5628236641619315
lr,risque,4,ecologistes,8.8,0.26665381202336963,0.3970046278407213,0.6029953721592787
lr,risque,4,renaissance,12.4,0.38563543228097547,0.5190170755699246,0.4809829244300754
lr,risque,4,horizons,10,0.2897761754387159,0.5630093136671575,0.43699068633284255
lr,risque,4,rn,12.8,0.3584281017915871,0.5894041001971599,0.41059589980284006
lr,risque,4,reconquete,9,0.31652628176735537,0.6632845214706616,0.33671547852933836
lr,risque,4,nouvelle_energie,12.6,0.28088081419677713,0.5854396628486854,0.4145603371513146
lr,risque,5,ps,9.8,0.3237336464869478,0.5453624592302403,0.4546375407697597
lr,risque,5,ecologistes,11.4,0.3407082887331051,0.5672669003417135,0.43273309965828655
lr,risque,5,renaissance,12.4,0.327294532788215,0.4471939767782334,0.5528060232217666
lr,risque,5,horizons,8.9,0.26958775604841745,0.42285854280087426,0.5771414571991258
lr,risque,5,lr,10.3,0.22065315803848973,0.38386564569994086,0.6161343543000591
lr,risque,5,rn,12.9,0.36996970766091714,0.429719153948091,0.570280846051909
lr,risque,5,reconquete,7.2,0.3066198402201497,0.33711776034292384,0.6628822396570762
lr,risque,6,lfi,13.1,0.46,0.556633362834485,0.44336663716551505
lr,risque,6,ps,12.9,0.46,0.5788881847258461,0.42111181527415387
lr,risque,6,ecologistes,8.2,0.46,0.6044787121241191,0.3955212878758809
lr,risque,6,renaissance,10.3,0.40196407685328417,0.5868072176378706,0.4131927823621294
lr,risque,6,horizons,10.7,0.2548074020478739,0.6431290469437754,0.3568709530562246
lr,risque,6,reconquete,3.1,0.32052807153448604,0.5072678502922395,0.49273214970776047
lr,risque,6,nouvelle_energie,8.8,0.24169779867362912,0.6188829170484695,0.38111708295153046
lr,risque,7,lfi,12.1,0.46,0.5306257087731154,0.46937429122688457
lr,risque,7,ps,12.4,0.46,0.5599206075005243,0.4400793924994757
lr,risque,7,ecologistes,7.5,0.46,0.5825961450191068,0.41740385498089316
lr,risque,7,renaissance,13.2,0.40626847983934794,0.5710799716870003,0.4289200283129997
lr,risque,7,horizons,12.1,0.30874024973802655,0.5904612716535277,0.4095387283464723
lr,risque,7,reconquete,3.4,0.2760280715344861,0.44111811254423133,0.5588818874557686
lr,risque,7,nouvelle_energie,11.1,0.28308455131017723,0.5631823195909068,0.4368176804090932
lr,risque,8,lfi,9.2,0.3642336464869478,0.4459360163628602,0.5540639836371398
lr,risque,8,ecologistes,8,0.30535381202336964,0.42223576763226056,0.5777642323677394
lr,risque,8,renaissance,9.7,0.38143645981009977,0.519837358138913,0.48016264186108704
lr,risque,8,horizons,10.3,0.28647507957725843,0.5630105512867545,0.4369894487132455
lr,risque,8,rn,13.5,0.3651762173221168,0.5813635510358297,0.4186364489641703
lr,risque,8,reconquete,8.5,0.32169278188888056,0.6606747406457741,0.33932525935422586
lr,risque,8,nouvelle_energie,11.6,0.27759770060388045,0.5851101432748127,0.4148898567251873
lr,risque,9,lfi,9.6,0.46,0.4972369942791632,0.5027630057208368
lr,risque,9,ps,12.2,0.4009625158141757,0.49467175618590936,0.5053282438140907
lr,risque,9,ecologistes,9.4,0.46,0.488009330012136,0.511990669987864
lr,risque,9,renaissance,11.5,0.1981969921660684,0.4340548806161222,0.5659451193838778
lr,risque,9,rn,10.9,0.3390370471796138,0.5504186558443667,0.44958134415563333
lr,risque,9,reconquete,7.5,0.2960746345838685,0.6058283701570735,0.39417162984292653
lr,risque,9,nouvelle_energie,10.1,0.20612184192821148,0.5675828996231536,0.43241710037684644
lr,risque,10,lfi,10.3,0.46,0.5124189839708693,0.48758101602913073
lr,risque,10,ps,11,0.39256251581417567,0.5133637072961629,0.4866362927038371
lr,risque,10,ecologistes,10.4,0.46,0.5207627440361416,0.47923725596385836
lr,risque,10,renaissance,12,0.14979699216606837,0.5910852771958142,0.40891472280418584
lr,risque,10,rn,11.6,0.34281585641297285,0.4539076229882287,0.5460923770117714
lr,risque,10,reconquete,8.8,0.2831449022745683,0.3975323225527684,0.6024676774472316
lr,risque,10,nouvelle_energie,10.4,0.1767140276405424,0.4370680843745006,0.5629319156254994
lr,risque,11,lfi,8,0.46,0.5521844492653539,0.4478155507346461
lr,risque,11,ps,11.6,0.46,0.5686720055431195,0.4313279944568805
lr,risque,11,ecologistes,11.3,0.46,0.5915736229954593,0.40842637700454065
lr,risque,11,renaissance,10.5,0.4113169615900139,0.5778261954029736,0.42217380459702636
lr,risque,11,horizons,14.7,0.316826400003279,0.5924440561134615,0.4075559438865385
lr,risque,11,reconquete,5.4,0.3169280715344861,0.5007837320253228,0.4992162679746772
lr,risque,11,nouvelle_energie,7.1,0.25819831329479437,0.6119006270649203,0.3880993729350797
lr,risque,12,lfi,8.5,0.46,0.49185310835289947,0.5081468916471006
lr,risque,12,ps,10.9,0.4055625158141757,0.48324209001045976,0.5167579099895403
lr,risque,12,ecologistes,10.8,0.46,0.47428403419133813,0.5257159658086619
lr,risque,12,renaissance,11.4,0.21279699216606837,0.444546257552405,0.5554537424475949
lr,risque,12,rn,9.7,0.34369427403958097,0.5398154933187712,0.4601845066812288
lr,risque,12,reconquete,8.6,0.35486045454441034,0.5420448312680948,0.4579551687319052
lr,risque,12,nouvelle_energie,12.3,0.22203407132587885,0.47782627381036424,0.5221737261896358
lr,risque,13,lfi,11.5,0.34833364648694776,0.5681205098519475,0.4318794901480525
lr,risque,13,ecologistes,7.5,0.2894538120233696,0.5721983000768273,0.42780169992317274
lr,risque,13,renaissance,11.2,0.20349699216606837,0.41838878326985945,0.5816112167301406
lr,risque,13,lr,12.6,0.3196858575843834,0.44934943929649135,0.5506505607035086
lr,risque,13,rn,12.9,0.44516678551587496,0.46367219831042933,0.5363278016895707
lr,risque,13,reconquete,7.8,0.46,0.4426237930040108,0.5573762069959892
lr,risque,13,nouvelle_energie,9.4,0.2941877560484174,0.4388901092997671,0.561109890700233
lr,risque,14,lfi,7.9,0.46,0.5686685399212701,0.4313314600787299
lr,risque,14,ps,9.4,0.46,0.5807279290812252,0.41927207091877483
lr,risque,14,ecologistes,12.3,0.46,0.6051113672564282,0.3948886327435718
lr,risque,14,renaissance,10.9,0.4135250609189255,0.5864916892309373,0.4135083107690627
lr,risque,14,horizons,10.2,0.31815106736464166,0.5972561950275306,0.4027438049724694
lr,risque,14,reconquete,7.3,0.2763280715344861,0.48079200955594986,0.5192079904440501
lr,risque,14,nouvelle_energie,9.1,0.25526854399199456,0.6149835869801644,0.3850164130198356
lr,risque,15,lfi,12,0.3676336464869478,0.5631588569858277,0.4368411430141723
lr,risque,15,ecologistes,8.5,0.2687538120233696,0.6058138713334947,0.39418612866650526
lr,risque,15,renaissance,13.7,0.38205517934497235,0.4849162301261553,0.5150837698738446
lr,risque,15,horizons,12.7,0.28944581620066767,0.43913117637874,0.56086882362126
lr,risque,15,rn,10.4,0.30939045121721037,0.3641997070583648,0.6358002929416352
lr,risque,15,reconquete,3.8,0.37646302411706695,0.39730686148960737,0.6026931385103926
lr,risque,15,nouvelle_energie,11,0.2943178827264696,0.42390272282442354,0.5760972771755765
lr,risque,16,lfi,10.5,0.46,0.5497718142252888,0.45022818577471124
lr,risque,16,ps,8.3,0.46,0.566714003177794,0.43328599682220603
lr,risque,16,ecologistes,10.3,0.46,0.5881874892305516,0.41181251076944836
lr,risque,16,renaissance,8.8,0.4094500495196556,0.5757401236528262,0.42425987634717377
lr,risque,16,horizons,12.9,0.31470761229859207,0.5905442728405632,0.4094557271594368
lr,risque,16,reconquete,7.3,0.2810280715344861,0.4661131151426152,0.5338868848573848
lr,risque,16,nouvelle_energie,10.3,0.3118366861991232,0.5631208596095743,0.43687914039042575
lr,risque,17,lfi,8.9,0.3234336464869478,0.39075784424245136,0.6092421557575487
lr,risque,17,ecologistes,11.4,0.22455381202336963,0.3510312602518181,0.6489687397481819
lr,risque,17,renaissance,11.4,0.3399914379408047,0.5640817966462132,0.43591820335378684
lr,risque,17,horizons,9.6,0.29934873537748596,0.558796611637642,0.44120338836235795
lr,risque,17,rn,11.9,0.3594255815737232,0.5822672106717085,0.4177327893282915
lr,risque,17,reconquete,6.3,0.3836440678021096,0.6010844701251868,0.39891552987481316
lr,risque,17,nouvelle_energie,11.2,0.3151690211310886,0.5746528988148681,0.42534710118513186
lr,risque,18,lfi,9.7,0.3763336464869478,0.4285086658124272,0.5714913341875728
lr,risque,18,ecologistes,12.2,0.2274538120233696,0.33627339972717296,0.663726600272827
lr,risque,18,renaissance,9.5,0.34603074823747365,0.5574616075151602,0.44253839248483984
lr,risque,18,horizons,11.8,0.30151789861559275,0.5503864716057043,0.4496135283942957
lr,risque,18,rn,12.3,0.3700200790030102,0.573454312484128,0.42654568751587196
lr,risque,18,reconquete,4.9,0.3299637048006519,0.6512454734227974,0.34875452657720263
lr,risque,18,nouvelle_energie,11.7,0.2445174652842652,0.6203386631928471,0.37966133680715286
lr,risque,19,lfi,11.5,0.46,0.5609754347686611,0.4390245652313389
lr,risque,19,ps,11.4,0.46,0.5765841788487598,0.4234158211512402
lr,risque,19,ecologistes,9.4,0.46,0.6014518527790413,0.39854814722095866
lr,risque,19,renaissance,12,0.39368521680659585,0.5855443220608383,0.4144556779391617
lr,risque,19,horizons,9.2,0.24666927508136147,0.6419111785074504,0.3580888214925496
lr,risque,19,reconquete,6.1,0.3130280715344861,0.5024574073915724,0.4975425926084276
lr,risque,19,nouvelle_energie,11.3,0.2834129920466889,0.5732361548485464,0.4267638451514536
lr,ideologiquement_coherent,0,lfi,11.6,0.37053364648694775,0.4264358948986742,0.5735641051013258
lr,ideologiquement_coherent,0,ecologistes,9.9,0.31165381202336956,0.40800268799341666,0.5919973120065833
lr,ideologiquement_coherent,0,renaissance,8.3,0.39602929870795756,0.5070148517751595,0.4929851482248405
lr,ideologiquement_coherent,0,horizons,9.7,0.28834877282196686,0.5856295491809516,0.41437045081904844
lr,ideologiquement_coherent,0,rn,13,0.33349825010033396,0.631887822045615,0.368112177954385
lr,ideologiquement_coherent,0,reconquete,8.6,0.3732283410501059,0.6035607353934156,0.3964392646065844
lr,ideologiquement_coherent,0,nouvelle_energie,9.7,0.25889930945451145,0.5840375225699594,0.41596247743004056
lr,ideologiquement_coherent,1,lfi,11.3,0.46,0.5507029912400044,0.44929700875999556
lr,ideologiquement_coherent,1,ps,12.3,0.46,0.5673946188496615,0.43260538115033853
lr,ideologiquement_coherent,1,ecologistes,9.4,0.46,0.5903587106258154,0.40964128937418465
lr,ideologiquement_coherent,1,renaissance,10.4,0.4233174315909339,0.5755140147966139,0.4244859852033861
lr,ideologiquement_coherent,1,horizons,12,0.37031059431851315,0.5686819598017935,0.4313180401982065
lr,ideologiquement_coherent,1,reconquete,4.4,0.3245280715344861,0.4998637253510258,0.5001362746489741
lr,ideologiquement_coherent,1,nouvelle_energie,12.3,0.3281935503929345,0.562023645830234,0.437976354169766
lr,ideologiquement_coherent,2,lfi,7.9,0.46,0.4729602858546288,0.5270397141453712
lr,ideologiquement_coherent,2,ps,11.7,0.46,0.4436535066405779,0.5563464933594221
lr,ideologiquement_coherent,2,ecologistes,8.4,0.46,0.4303615881592459,0.569638411840754
lr,ideologiquement_coherent,2,renaissance,13.1,0.4078082991156239,0.43322265135335203,0.566777348646648
lr,ideologiquement_coherent,2,horizons,14.6,0.302500032626375,0.3861468760920528,0.6138531239079472
lr,ideologiquement_coherent,2,reconquete,5.2,0.23642807153448606,0.5874891459503523,0.4125108540496477
lr,ideologiquement_coherent,2,nouvelle_energie,8.5,0.25089858097015677,0.3949865536964079,0.6050134463035921
lr,ideologiquement_coherent,3,lfi,10.5,0.46,0.46795655968485417,0.5320434403151458
lr,ideologiquement_coherent,3,ps,15.2,0.46,0.4465556300141572,0.5534443699858428
lr,ideologiquement_coherent,3,ecologistes,7.7,0.46,0.4257513726980819,0.5742486273019181
lr,ideologiquement_coherent,3,renaissance,9.2,0.40568433930612385,0.43297999768578993,0.56702000231421
lr,ideologiquement_coherent,3,horizons,12.9,0.3477245792108119,0.43510784538348096,0.5648921546165191
lr,ideologiquement_coherent,3,reconquete,4.8,0.3146280715344861,0.5114306884973806,0.4885693115026194
lr,ideologiquement_coherent,3,nouvelle_energie,8.2,0.223794217812457,0.38935710523962,0.6106428947603799
lr,ideologiquement_coherent,4,lfi,10.3,0.46,0.5613911073496374,0.4386088926503626
lr,ideologiquement_coherent,4,ps,10.9,0.46,0.5765620467381763,0.42343795326182365
lr,ideologiquement_coherent,4,ecologistes,7.5,0.46,0.6010671042078756,0.39893289579212443
lr,ideologiquement_coherent,4,renaissance,12.6,0.40521953910927344,0.5843190539887128,0.41568094601128724
lr,ideologiquement_coherent,4,horizons,12.4,0.3005169933235225,0.6268580336313176,0.37314196636868235
lr,ideologiquement_coherent,4,reconquete,7.3,0.31242807153448604,0.5053935197092941,0.49460648029070586
lr,ideologiquement_coherent,4,nouvelle_energie,9.2,0.3033535650115392,0.5708639539622447,0.42913604603775535
lr,ideologiquement_coherent,5,lfi,12.9,0.46,0.48674401691143365,0.5132559830885663
lr,ideologiquement_coherent,5,ps,14.8,0.39976251581417566,0.4799862917558991,0.520013708244101
lr,ideologiquement_coherent,5,ecologistes,8,0.46,0.4712359797966442,0.5287640202033558
lr,ideologiquement_coherent,5,renaissance,8.6,0.15699699216606836,0.40593399725101886,0.5940660027489811
lr,ideologiquement_coherent,5,rn,11.7,0.36139731581868695,0.5352047430740141,0.4647952569259859
lr,ideologiquement_coherent,5,reconquete,5.3,0.3534437224276412,0.5460034373568214,0.45399656264317856
lr,ideologiquement_coherent,5,nouvelle_energie,8.5,0.1768461055082689,0.5636557392702131,0.43634426072978694
lr,ideologiquement_coherent,6,lfi,11.7,0.3682336464869478,0.44138160062517323,0.5586183993748268
lr,ideologiquement_coherent,6,ecologistes,10.4,0.25935381202336966,0.36519246929645377,0.6348075307035462
lr,ideologiquement_coherent,6,renaissance,9.6,0.3939954461919777,0.5182171864466503,0.48178281355334973
lr,ideologiquement_coherent,6,horizons,11,0.3369317994488582,0.5456623912023164,0.4543376087976836
lr,ideologiquement_coherent,6,rn,13.7,0.38394236039543805,0.5852888077906575,0.4147111922093425
lr,ideologiquement_coherent,6,reconquete,4.5,0.32486573044673156,0.6645526913737906,0.3354473086262094
lr,ideologiquement_coherent,6,nouvelle_energie,8.7,0.21510758827445908,0.6346473814783131,0.3653526185216869
lr,ideologiquement_coherent,7,lfi,10.2,0.34823364648694777,0.5682241094585176,0.43177589054148235
lr,ideologiquement_coherent,7,ecologistes,10,0.28935381202336957,0.5731972464431156,0.42680275355688435
lr,ideologiquement_coherent,7,renaissance,7.9,0.20339699216606838,0.4177468339213876,0.5822531660786123
lr,ideologiquement_coherent,7,lr,13.9,0.31860145568029946,0.4456537302649051,0.5543462697350949
lr,ideologiquement_coherent,7,rn,9.3,0.445066785515875,0.46657075240112605,0.533429247598874
lr,ideologiquement_coherent,7,reconquete,7.4,0.46,0.4458555261872998,0.5541444738127002
lr,ideologiquement_coherent,7,nouvelle_energie,13.3,0.2940877560484174,0.43776808670708806,0.5622319132929119
lr,ideologiquement_coherent,8,lfi,7.8,0.46,0.48738670383598515,0.5126132961640149
lr,ideologiquement_coherent,8,ps,8.6,0.3990625158141757,0.48310544143308437,0.5168945585669156
lr,ideologiquement_coherent,8,ecologistes,14,0.46,0.4750835186138051,0.5249164813861948
lr,ideologiquement_coherent,8,renaissance,9.7,0.20629699216606837,0.4473883392537619,0.5526116607462381
lr,ideologiquement_coherent,8,rn,13.8,0.3576214001474841,0.5395441086408017,0.4604558913591983
lr,ideologiquement_coherent,8,reconquete,4.1,0.30307465870224287,0.5988003030871893,0.40119969691281065
lr,ideologiquement_coherent,8,nouvelle_energie,12.1,0.18217576036623817,0.55968594865092,0.44031405134907997
lr,ideologiquement_coherent,9,ps,10.9,0.2873336464869478,0.5865329324861059,0.41346706751389406
lr,ideologiquement_coherent,9,ecologistes,8.4,0.3543082887331051,0.5497975297836576,0.4502024702163424
lr,ideologiquement_coherent,9,renaissance,9,0.19249699216606841,0.37576407901075365,0.6242359209892463
lr,ideologiquement_coherent,9,lr,12.3,0.30030914278952586,0.4013723730486959,0.5986276269513041
lr,ideologiquement_coherent,9,rn,12.1,0.434166785515875,0.4599197814734542,0.5400802185265459
lr,ideologiquement_coherent,9,reconquete,7.4,0.4492005328580141,0.43428576993531126,0.5657142300646887
lr,ideologiquement_coherent,9,nouvelle_energie,10.1,0.28318775604841745,0.4070515115115865,0.5929484884884135
lr,ideologiquement_coherent,10,lfi,13.3,0.46,0.5400451554258752,0.45995484457412483
lr,ideologiquement_coherent,10,ps,13.6,0.46,0.5598494608232291,0.44015053917677094
lr,ideologiquement_coherent,10,ecologistes,10.4,0.46,0.5826473392476254,0.41735266075237465
lr,ideologiquement_coherent,10,renaissance,8.1,0.40486391638955394,0.5721843901284696,0.42781560987153044
lr,ideologiquement_coherent,10,horizons,11.2,0.34742679840080537,0.5705207206111674,0.42947927938883257
lr,ideologiquement_coherent,10,reconquete,5,0.2631280715344861,0.44458252065314846,0.5554174793468516
lr,ideologiquement_coherent,10,nouvelle_energie,9.4,0.2700293065435055,0.5686201696048544,0.4313798303951456
lr,ideologiquement_coherent,11,lfi,9.6,0.46,0.5008273615640034,0.4991726384359966
lr,ideologiquement_coherent,11,ps,10.7,0.3812954461919777,0.4849027037958063,0.5150972962041938
lr,ideologiquement_coherent,11,ecologistes,8.5,0.44173983584658966,0.4736565942014503,0.5263434057985497
lr,ideologiquement_coherent,11,horizons,9.5,0.2606969921660684,0.48958729084679986,0.5104127091532001
lr,ideologiquement_coherent,11,rn,12.5,0.3570069414435437,0.570830233783409,0.429169766216591
lr,ideologiquement_coherent,11,reconquete,9.2,0.3551604257500033,0.5804510409435908,0.4195489590564092
lr,ideologiquement_coherent,11,nouvelle_energie,9.1,0.21034503512381503,0.5896961200126446,0.4103038799873554
lr,ideologiquement_coherent,12,ps,10.9,0.3580336464869478,0.46986226775539763,0.5301377322446024
lr,ideologiquement_coherent,12,ecologistes,8.4,0.3750082887331051,0.45322058293537026,0.5467794170646297
lr,ideologiquement_coherent,12,renaissance,11.4,0.322410603364833,0.6150023517308855,0.38499764826911453
lr,ideologiquement_coherent,12,horizons,9.4,0.2663473375363387,0.6300853276230229,0.36991467237697706
lr,ideologiquement_coherent,12,rn,13,0.3805905437986171,0.5904539997917356,0.40954600020826437
lr,ideologiquement_coherent,12,reconquete,8.6,0.32443168551793394,0.673835859954282,0.32616414004571803
lr,ideologiquement_coherent,12,nouvelle_energie,10.3,0.19884798591681002,0.6645022326169461,0.3354977673830539
lr,ideologiquement_coherent,13,lfi,10,0.46,0.43962549895442027,0.5603745010455797
lr,ideologiquement_coherent,13,ps,9.3,0.46,0.42248326846342504,0.577516731536575
lr,ideologiquement_coherent,13,ecologistes,11.9,0.46,0.39720300353879,0.60279699646121
lr,ideologiquement_coherent,13,renaissance,10.9,0.3939595295751054,0.41203702015254384,0.5879629798474562
lr,ideologiquement_coherent,13,horizons,12,0.2889310496750613,0.37059431060087566,0.6294056893991243
lr,ideologiquement_coherent,13,reconquete,4.2,0.2579280715344861,0.5440671242487999,0.4559328757512001
lr,ideologiquement_coherent,13,nouvelle_energie,12.6,0.2842757429222561,0.42479484537605045,0.5752051546239496
lr,ideologiquement_coherent,14,lfi,13.7,0.46,0.5112381201875592,0.4887618798124408
lr,ideologiquement_coherent,14,ps,8.2,0.46,0.5094021388417316,0.4905978611582684
lr,ideologiquement_coherent,14,ecologistes,9.4,0.46,0.5094083802217765,0.4905916197782235
lr,ideologiquement_coherent,14,renaissance,9,0.325394532788215,0.5041691261293508,0.49583087387064917
lr,ideologiquement_coherent,14,horizons,8,0.26768775604841744,0.4970717087167306,0.5029282912832693
lr,ideologiquement_coherent,14,rn,14.5,0.29040760791552195,0.566571326086486,0.43342867391351403
lr,ideologiquement_coherent,14,reconquete,6.8,0.3355851144945853,0.5137265855455532,0.48627341445444683
lr,ideologiquement_coherent,15,lfi,12.4,0.46,0.4712473502990159,0.5287526497009841
lr,ideologiquement_coherent,15,ps,10.3,0.3985625158141757,0.4696675992705759,0.5303324007294241
lr,ideologiquement_coherent,15,ecologistes,9.8,0.46,0.45842145033248827,0.5415785496675117
lr,ideologiquement_coherent,15,renaissance,12.4,0.20579699216606837,0.4320820370623583,0.5679179629376416
lr,ideologiquement_coherent,15,rn,10.9,0.3479298067989089,0.5316498482539251,0.46835015174607486
lr,ideologiquement_coherent,15,reconquete,5.2,0.2932479478143888,0.5916556762814076,0.4083443237185924
lr,ideologiquement_coherent,15,nouvelle_energie,10.1,0.1922867755822109,0.4604229291073014,0.5395770708926986
lr,ideologiquement_coherent,16,lfi,12.9,0.37153364648694776,0.4196619451536329,0.580338054846367
lr,ideologiquement_coherent,16,ecologistes,11.6,0.22265381202336962,0.33588897434092724,0.6641110256590728
lr,ideologiquement_coherent,16,renaissance,10.4,0.3959806083833627,0.5069815409293392,0.4930184590706608
lr,ideologiquement_coherent,16,horizons,9.1,0.33770311563484007,0.5339018853001944,0.46609811469980555
lr,ideologiquement_coherent,16,rn,11.5,0.3893099014815775,0.5692463424216821,0.43075365757831785
lr,ideologiquement_coherent,16,reconquete,4.8,0.3765108284973646,0.597500202501736,0.40249979749826403
lr,ideologiquement_coherent,16,nouvelle_energie,11,0.253230104497962,0.5808475556063841,0.4191524443936159
lr,ideologiquement_coherent,17,lfi,11.2,0.46,0.5405987455744785,0.4594012544255215
lr,ideologiquement_coherent,17,ps,12.2,0.46,0.5633884410591663,0.4366115589408337
lr,ideologiquement_coherent,17,ecologistes,9.3,0.46,0.591054817431691,0.40894518256830903
lr,ideologiquement_coherent,17,renaissance,11.1,0.4074033277787931,0.577112503076775,0.422887496923225
lr,ideologiquement_coherent,17,horizons,8,0.35083074108009193,0.5719516234161568,0.4280483765838432
lr,ideologiquement_coherent,17,reconquete,7.9,0.3176280715344861,0.4934295756999315,0.5065704243000685
lr,ideologiquement_coherent,17,nouvelle_energie,11.4,0.2877218070615759,0.567500397468628,0.432499602531372
lr,ideologiquement_coherent,18,lfi,10.5,0.3641336464869478,0.4195312827727135,0.5804687172272864
lr,ideologiquement_coherent,18,ecologistes,11.1,0.2652538120233696,0.37808883656835757,0.6219111634316424
lr,ideologiquement_coherent,18,renaissance,7.9,0.3330653330854541,0.5573129481066101,0.44268705189338986
lr,ideologiquement_coherent,18,horizons,12.3,0.3258064712611809,0.5317447699557882,0.46825523004421177
lr,ideologiquement_coherent,18,rn,11.2,0.37859058379855676,0.5686968337088116,0.43130316629118837
lr,ideologiquement_coherent,18,reconquete,4.2,0.32449977226973564,0.6482491560610641,0.35175084393893585
lr,ideologiquement_coherent,18,nouvelle_energie,10,0.26302554878629597,0.5748408146821646,0.42515918531783536
lr,ideologiquement_coherent,19,lfi,10.9,0.46,0.4933742045688934,0.5066257954311066
lr,ideologiquement_coherent,19,ps,12.3,0.3978625158141757,0.503120851155685,0.49687914884431506
lr,ideologiquement_coherent,19,ecologistes,11.6,0.46,0.5085017564313479,0.4914982435686521
lr,ideologiquement_coherent,19,renaissance,12.5,0.2450969921660684,0.5232627519607146,0.4767372480392854
lr,ideologiquement_coherent,19,rn,10.7,0.29589542324566176,0.4001404670466185,0.5998595329533816
lr,ideologiquement_coherent,19,reconquete,7,0.35112705548672934,0.44632862907509946,0.5536713709249006
lr,ideologiquement_coherent,19,nouvelle_energie,8.8,0.2024489017145243,0.4338550157388691,0.5661449842611309
lr,opportuniste_electoral,0,lfi,12,0.46,0.5042251484345027,0.4957748515654973
lr,opportuniste_electoral,0,ps,9.8,0.4022625158141757,0.48779348056786814,0.5122065194321319
lr,opportuniste_electoral,0,ecologistes,9,0.46,0.4871817882508051,0.5128182117491948
lr,opportuniste_electoral,0,renaissance,12.7,0.2094969921660684,0.45353052000684557,0.5464694799931544
lr,opportuniste_electoral,0,rn,11.1,0.34291849602939656,0.5501597589664379,0.4498402410335621
lr,opportuniste_electoral,0,reconquete,3.7,0.34677348915363776,0.5540365260258,0.4459634739742
lr,opportuniste_electoral,0,nouvelle_energie,9.3,0.253328032918905,0.5179197891416089,0.48208021085839114
lr,opportuniste_electoral,0,reconquete_dissidence_21,4,0.29677348915363777,0.6037836221518178,0.3962163778481822
lr,opportuniste_electoral,1,lfi,11.8,0.46,0.49330239849655927,0.5066976015034408
lr,opportuniste_electoral,1,ps,11,0.3989625158141757,0.5048168125716397,0.4951831874283603
lr,opportuniste_electoral,1,ecologistes,12,0.46,0.5075067581580405,0.49249324184195953
lr,opportuniste_electoral,1,renaissance,10,0.1961969921660684,0.5683527328316726,0.43164726716832735
lr,opportuniste_electoral,1,rn,11.6,0.3253654977252068,0.4484316913380804,0.5515683086619196
lr,opportuniste_electoral,1,reconquete,8.6,0.2932641851036066,0.3949717007412473,0.6050282992587527
lr,opportuniste_electoral,1,nouvelle_energie,8.9,0.27424434498457806,0.48524557006199215,0.5147544299380078
lr,opportuniste_electoral,2,lfi,12.6,0.46,0.4642043972989847,0.5357956027010153
lr,opportuniste_electoral,2,ps,10.7,0.46,0.43512659400365933,0.5648734059963407
lr,opportuniste_electoral,2,ecologistes,9.7,0.46,0.41261114716008424,0.5873888528399158
lr,opportuniste_electoral,2,renaissance,10.7,0.4000929081918414,0.4220619525564406,0.5779380474435594
lr,opportuniste_electoral,2,horizons,13.2,0.25532909093607437,0.36332790427232875,0.6366720957276713
lr,opportuniste_electoral,2,reconquete,10.4,0.2841280715344861,0.5378581838027479,0.46214181619725214
lr,opportuniste_electoral,3,lfi,13.4,0.46,0.5650616474263375,0.43493835257366253
lr,opportuniste_electoral,3,ps,14,0.46,0.5807439854466883,0.41925601455331174
lr,opportuniste_electoral,3,ecologistes,11.8,0.46,0.6060284679483829,0.39397153205161706
lr,opportuniste_electoral,3,renaissance,10.2,0.40409693514394623,0.5827538422088067,0.41724615779119334
lr,opportuniste_electoral,3,horizons,11.6,0.26884696179097356,0.6424933095258446,0.3575066904741554
lr,opportuniste_electoral,3,reconquete,7.9,0.32892807153448606,0.4919319999497682,0.5080680000502318
lr,opportuniste_electoral,4,lfi,11.9,0.34673364648694777,0.4337054442816397,0.5662945557183603
lr,opportuniste_electoral,4,ecologistes,8.6,0.19785381202336957,0.35972231333050014,0.6402776866694999
lr,opportuniste_electoral,4,renaissance,8.4,0.21189699216606836,0.559298894339061,0.440701105660939
lr,opportuniste_electoral,4,lr,13.3,0.31488156756002694,0.5494736498971389,0.45052635010286113
lr,opportuniste_electoral,4,rn,12.5,0.443566785515875,0.5317547392224627,0.46824526077753725
lr,opportuniste_electoral,4,reconquete,6.8,0.45860053285801405,0.5515388289160216,0.4484611710839784
lr,opportuniste_electoral,4,nouvelle_energie,10.3,0.24258775604841742,0.6102664199321134,0.3897335800678866
lr,opportuniste_electoral,5,lfi,9.7,0.3924336464869478,0.3865640537009776,0.6134359462990224
lr,opportuniste_electoral,5,ecologistes,9.7,0.29355381202336966,0.31291793469657603,0.687082065303424
lr,opportuniste_electoral,5,renaissance,10.3,0.4181954461919777,0.43153650863157617,0.5684634913684239
lr,opportuniste_electoral,5,horizons,10.8,0.45036251581417575,0.4625561225545932,0.5374438774454068
lr,opportuniste_electoral,5,lr,12.5,0.3786503355899421,0.5300500086517443,0.46994999134825566
lr,opportuniste_electoral,5,reconquete,9.6,0.32332807153448606,0.6026314697234966,0.39736853027650343
lr,opportuniste_electoral,5,nouvelle_energie,10.1,0.4386697076609172,0.5120343472111442,0.48796565278885584
lr,opportuniste_electoral,6,lfi,9.5,0.46,0.48889091286532965,0.5111090871346704
lr,opportuniste_electoral,6,ps,11.2,0.3888954461919777,0.5066695056984921,0.4933304943015079
lr,opportuniste_electoral,6,ecologistes,12,0.44933983584658965,0.5133078822483095,0.4866921177516905
lr,opportuniste_electoral,6,horizons,11.1,0.22829699216606839,0.5055322473794261,0.49446775262057385
lr,opportuniste_electoral,6,rn,11.2,0.35858364153292094,0.4265721919163642,0.5734278080836358
lr,opportuniste_electoral,6,reconquete,3.1,0.3236784155983821,0.3681163470027949,0.6318836529972052
lr,opportuniste_electoral,6,nouvelle_energie,13.2,0.2883246215404848,0.45742040482719537,0.5425795951728046
lr,opportuniste_electoral,7,ps,10.5,0.3857336464869478,0.3982202177956581,0.6017797822043419
lr,opportuniste_electoral,7,ecologistes,13.7,0.3527082887331051,0.2948870214805228,0.7051129785194772
lr,opportuniste_electoral,7,renaissance,11.6,0.46,0.47389295017007355,0.5261070498299265
lr,opportuniste_electoral,7,horizons,12.9,0.46,0.501739932633816,0.498260067366184
lr,opportuniste_electoral,7,lr,13.5,0.4044106129044856,0.547910338585628,0.452089661414372
lr,opportuniste_electoral,7,reconquete,5.3,0.2666280715344861,0.6742018420281051,0.32579815797189493
lr,opportuniste_electoral,8,lfi,11.6,0.3770336464869478,0.5642231389777064,0.4357768610222936
lr,opportuniste_electoral,8,ecologistes,9.3,0.2781538120233696,0.61302665271496,0.38697334728503996
lr,opportuniste_electoral,8,renaissance,11.6,0.3862064077171088,0.4879617674750712,0.5120382325249289
lr,opportuniste_electoral,8,horizons,11.3,0.2923871904647379,0.4377465572053862,0.5622534427946138
lr,opportuniste_electoral,8,rn,10.1,0.38178099357811013,0.4232259527596409,0.5767740472403591
lr,opportuniste_electoral,8,reconquete,8.8,0.3901852331025556,0.4014197686435488,0.5985802313564512
lr,opportuniste_electoral,8,nouvelle_energie,11.8,0.28686948673122625,0.4217018924035412,0.5782981075964588
lr,opportuniste_electoral,9,lfi,12.7,0.2971336464869478,0.383407052050081,0.616592947949919
lr,opportuniste_electoral,9,ecologistes,15.1,0.2382538120233696,0.38319180655561436,0.6168081934443856
lr,opportuniste_electoral,9,renaissance,10.9,0.2022969921660684,0.5869692680136608,0.4130307319863392
lr,opportuniste_electoral,9,lr,9.9,0.2926996752238548,0.5615396260841884,0.4384603739158116
lr,opportuniste_electoral,9,rn,14,0.443966785515875,0.5404033244939513,0.45959667550604866
lr,opportuniste_electoral,9,reconquete,5.6,0.45900053285801407,0.5615505829466605,0.4384494170533395
lr,opportuniste_electoral,10,lfi,12.4,0.46,0.5195388715291314,0.48046112847086864
lr,opportuniste_electoral,10,ps,10.7,0.46,0.515789969226083,0.484210030773917
lr,opportuniste_electoral,10,ecologistes,8.3,0.46,0.5212602594522014,0.47873974054779855
lr,opportuniste_electoral,10,renaissance,11.6,0.328094532788215,0.5095287532991518,0.4904712467008482
lr,opportuniste_electoral,10,horizons,10.3,0.23038775604841746,0.5260180258772862,0.4739819741227138
lr,opportuniste_electoral,10,rn,10.7,0.33629735863553956,0.5231230078934702,0.4768769921065298
lr,opportuniste_electoral,10,reconquete,8.6,0.33512887447684303,0.5184543942457797,0.48154560575422034
lr,opportuniste_electoral,11,lfi,9,0.46,0.5440874889583208,0.4559125110416792
lr,opportuniste_electoral,11,ps,13.1,0.46,0.5621991431917903,0.4378008568082097
lr,opportuniste_electoral,11,ecologistes,10.3,0.46,0.5876875361478674,0.4123124638521326
lr,opportuniste_electoral,11,renaissance,10.1,0.41849604941722707,0.5721138119681873,0.42788618803181266
lr,opportuniste_electoral,11,horizons,11.6,0.3248008429223774,0.5879639186381665,0.41203608136183345
lr,opportuniste_electoral,11,reconquete,5.1,0.323728071534486,0.49378177344388374,0.5062182265561163
lr,opportuniste_electoral,11,nouvelle_energie,11.4,0.2713401291899266,0.6074607631892431,0.39253923681075686
lr,opportuniste_electoral,12,lfi,8.9,0.3775082887331051,0.38375716957672457,0.6162428304232754
lr,opportuniste_electoral,12,ps,11.8,0.3016538120233696,0.37008866266358964,0.6299113373364104
lr,opportuniste_electoral,12,renaissance,12.5,0.44673983584658966,0.4365113354861665,0.5634886645138335
lr,opportuniste_electoral,12,horizons,8.7,0.457366785515875,0.47235211483916223,0.5276478851608377
lr,opportuniste_electoral,12,lr,12.5,0.3802195157747175,0.5362467816582318,0.4637532183417682
lr,opportuniste_electoral,12,reconquete,5.6,0.2914280715344861,0.6252895291540768,0.37471047084592324
lr,opportuniste_electoral,12,nouvelle_energie,12.3,0.40676970766091713,0.5279995314668934,0.4720004685331066
lr,opportuniste_electoral,13,lfi,7.8,0.46,0.5418002068673528,0.45819979313264725
lr,opportuniste_electoral,13,ps,12.7,0.46,0.5623743842315114,0.4376256157684886
lr,opportuniste_electoral,13,ecologistes,9.9,0.46,0.587838068697998,0.41216193130200196
lr,opportuniste_electoral,13,renaissance,11.8,0.304394532788215,0.636627526627559,0.36337247337244105
lr,opportuniste_electoral,13,horizons,10.2,0.29668775604841746,0.5790933235383804,0.4209066764616196
lr,opportuniste_electoral,13,lr,12.5,0.2765283994731273,0.5518548929134981,0.4481451070865019
lr,opportuniste_electoral,13,reconquete,7.8,0.2317280715344861,0.4363924251973823,0.5636075748026177
lr,opportuniste_electoral,14,lfi,8.7,0.3534082887331051,0.42917563766366973,0.5708243623363303
lr,opportuniste_electoral,14,ps,11.2,0.2375538120233696,0.4203954597108973,0.5796045402891027
lr,opportuniste_electoral,14,horizons,13.2,0.1915969921660684,0.5958782316139062,0.4041217683860938
lr,opportuniste_electoral,14,lr,12.2,0.3475956036370511,0.5494723908634542,0.45052760913654577
lr,opportuniste_electoral,14,rn,11.5,0.46,0.5254955676974662,0.4745044323025338
lr,opportuniste_electoral,14,reconquete,4.6,0.46,0.5432302749976048,0.4567697250023952
lr,opportuniste_electoral,14,nouvelle_energie,12,0.289994532788215,0.6069330447133571,0.3930669552866429
lr,opportuniste_electoral,15,lfi,12.2,0.46,0.4424459899450695,0.5575540100549305
lr,opportuniste_electoral,15,ps,13.5,0.46,0.4263942937829308,0.5736057062170692
lr,opportuniste_electoral,15,ecologistes,11.8,0.46,0.4022579543154771,0.5977420456845228
lr,opportuniste_electoral,15,renaissance,12.4,0.4081258378901307,0.41894704093777047,0.5810529590622295
lr,opportuniste_electoral,15,horizons,15.1,0.26453610351250845,0.3600343965893035,0.6399656034106965
lr,opportuniste_electoral,15,reconquete,3.7,0.31972807153448607,0.5011845143681307,0.4988154856318693
lr,opportuniste_electoral,16,lfi,11.4,0.46,0.4462726158847521,0.5537273841152479
lr,opportuniste_electoral,16,ps,12.7,0.46,0.42840092398650226,0.5715990760134977
lr,opportuniste_electoral,16,ecologistes,10.2,0.46,0.3996779581106953,0.6003220418893047
lr,opportuniste_electoral,16,renaissance,10.6,0.36200129190662306,0.3634802649399894,0.6365197350600106
lr,opportuniste_electoral,16,horizons,12.4,0.3213492228251645,0.406415244463186,0.593584755536814
lr,opportuniste_electoral,16,reconquete,6.2,0.33291964830583776,0.5040944051342917,0.4959055948657083
lr,opportuniste_electoral,16,nouvelle_energie,10.4,0.28222778340726257,0.38899096527247,0.61100903472753
lr,opportuniste_electoral,17,lfi,10.9,0.38317859137474897,0.4418868483876743,0.5581131516123257
lr,opportuniste_electoral,17,ecologistes,8.9,0.3242987569111708,0.41657075479122807,0.5834292452087719
lr,opportuniste_electoral,17,renaissance,10.6,0.3245567159455312,0.5684591027217835,0.43154089727821654
lr,opportuniste_electoral,17,horizons,9.4,0.27908193064951264,0.5671190721296527,0.43288092787034727
lr,opportuniste_electoral,17,rn,13.4,0.39975427455860657,0.5771914829826081,0.42280851701739186
lr,opportuniste_electoral,17,reconquete,5.7,0.41151879215569254,0.5990290958627775,0.4009709041372225
lr,opportuniste_electoral,17,nouvelle_energie,12,0.29438758771101703,0.5804411640799474,0.4195588359200526
lr,opportuniste_electoral,18,lfi,9.3,0.46,0.4968507898439627,0.5031492101560373
lr,opportuniste_electoral,18,ps,10.9,0.4023625158141757,0.5078444365245859,0.4921555634754141
lr,opportuniste_electoral,18,ecologistes,12,0.46,0.5152909574404757,0.4847090425595243
lr,opportuniste_electoral,18,renaissance,9.5,0.2495969921660684,0.5251563769431121,0.4748436230568879
lr,opportuniste_electoral,18,rn,12.5,0.28995760836606876,0.40009455783488024,0.5999054421651198
lr,opportuniste_electoral,18,reconquete,8.4,0.35206446835445443,0.4510111792914898,0.5489888207085102
lr,opportuniste_electoral,18,nouvelle_energie,12.4,0.21505207437111928,0.4396361708174826,0.5603638291825175
lr,opportuniste_electoral,19,lfi,12.3,0.39293364648694784,0.3870975326416292,0.6129024673583707
lr,opportuniste_electoral,19,ecologistes,12.1,0.3340538120233696,0.3326200966154067,0.6673799033845933
lr,opportuniste_electoral,19,renaissance,12,0.41869544619197774,0.4323502891181447,0.5676497108818552
lr,opportuniste_electoral,19,horizons,10.5,0.4508625158141757,0.46419933262733404,0.535800667372666
lr,opportuniste_electoral,19,lr,12.4,0.386749074950849,0.5260161127974353,0.4739838872025647
lr,opportuniste_electoral,19,reconquete,4.5,0.27382807153448613,0.6641491826349046,0.33585081736509537
lr,opportuniste_electoral,19,nouvelle_energie,9.8,0.4391697076609171,0.5151585282619695,0.4848414717380305
lr,parti_dabord,0,lfi,8.3,0.3720336464869478,0.42130938051137007,0.5786906194886299
lr,parti_dabord,0,ecologistes,9,0.26315381202336957,0.34481036228679995,0.6551896377132
lr,parti_dabord,0,renaissance,11,0.3897714782721663,0.49651832497409243,0.5034816750259076
lr,parti_dabord,0,horizons,10,0.2504775604231946,0.5937914111593874,0.4062085888406126
lr,parti_dabord,0,rn,9.9,0.30667881041973327,0.6268519905277705,0.3731480094722295
lr,parti_dabord,0,reconquete,2,0.38534036947515926,0.5875961731343897,0.4124038268656103
lr,parti_dabord,0,nouvelle_energie,10.2,0.27198077359345446,0.6133376272734103,0.38666237272658965
lr,parti_dabord,0,reconquete_dissidence_19,9,0.38534036947515926,0.5793940281149769,0.42060597188502313
lr,parti_dabord,1,lfi,8.5,0.46,0.4997141995764682,0.5002858004235318
lr,parti_dabord,1,ps,10.9,0.4029625158141757,0.48930676690594965,0.5106932330940503
lr,parti_dabord,1,ecologistes,8.3,0.46,0.48114209575324846,0.5188579042467516
lr,parti_dabord,1,renaissance,9.4,0.2501969921660684,0.4695522269933656,0.5304477730066344
lr,parti_dabord,1,rn,10.2,0.27654299760531215,0.5992807573815614,0.4007192426184386
lr,parti_dabord,1,reconquete,3.8,0.3472176490885752,0.5481805824579216,0.45181941754207844
lr,parti_dabord,1,nouvelle_energie,13.5,0.19501737742024564,0.439674152485276,0.5603258475147239
lr,parti_dabord,2,lfi,9.1,0.46,0.49311152667424174,0.5068884733257583
lr,parti_dabord,2,ps,7.4,0.46,0.4589732677508347,0.5410267322491653
lr,parti_dabord,2,ecologistes,8.3,0.46,0.4415299592224307,0.5584700407775693
lr,parti_dabord,2,renaissance,11.2,0.4166762150944312,0.4435367669621166,0.5564632330378834
lr,parti_dabord,2,horizons,11.2,0.3193975832995688,0.42064831343821274,0.5793516865617873
lr,parti_dabord,2,reconquete,7.3,0.33062261578261687,0.5204449323882865,0.4795550676117135
lr,parti_dabord,2,nouvelle_energie,10.9,0.2925525210942473,0.44551484179536804,0.554485158204632
lr,parti_dabord,2,reconquete_dissidence_16,7.9,0.33062261578261687,0.519647119895097,0.48035288010490296
lr,parti_dabord,3,lfi,9.8,0.37653364648694776,0.39993152687881567,0.6000684731211843
lr,parti_dabord,3,ecologistes,8.8,0.22765381202336962,0.3159615085034435,0.6840384914965565
lr,parti_dabord,3,renaissance,13.4,0.3850313611369517,0.4904523702334526,0.5095476297665473
lr,parti_dabord,3,horizons,11.1,0.24025239889794217,0.5894343564762534,0.4105656435237466
lr,parti_dabord,3,rn,11.6,0.38420567920871207,0.5565934438457011,0.4434065561542989
lr,parti_dabord,3,reconquete,4,0.3909045007048729,0.5774413047991965,0.42255869520080347
lr,parti_dabord,3,nouvelle_energie,12.7,0.28158686001544564,0.5615238861655467,0.4384761138344533
lr,parti_dabord,4,lfi,11.1,0.46,0.5261089785126802,0.47389102148731976
lr,parti_dabord,4,ps,10,0.46,0.5548159852037015,0.44518401479629854
lr,parti_dabord,4,ecologistes,11,0.46,0.5742841387180373,0.4257158612819627
lr,parti_dabord,4,renaissance,9.1,0.4160289385955902,0.5622396887460753,0.43776031125392467
lr,parti_dabord,4,horizons,10.2,0.32284073935730556,0.5838143731753067,0.4161856268246933
lr,parti_dabord,4,reconquete,4.3,0.2849280715344861,0.4571632463965532,0.5428367536034469
lr,parti_dabord,4,nouvelle_energie,14.5,0.2762420431174102,0.6020027844807135,0.39799721551928646
lr,parti_dabord,5,ps,9.4,0.3224336464869478,0.542275024078681,0.457724975921319
lr,parti_dabord,5,ecologistes,11,0.2894082887331051,0.6252836762139946,0.3747163237860054
lr,parti_dabord,5,renaissance,10.6,0.325994532788215,0.44544272795162404,0.554557272048376
lr,parti_dabord,5,horizons,10.8,0.2682877560484174,0.42100922906469684,0.5789907709353032
lr,parti_dabord,5,lr,12,0.24364264305192718,0.3762855905246794,0.6237144094753206
lr,parti_dabord,5,rn,10.1,0.3686697076609171,0.427547043904614,0.5724529560953859
lr,parti_dabord,5,reconquete,7.7,0.3553198402201497,0.3936555902210737,0.6063444097789263
lr,parti_dabord,6,lfi,13,0.46,0.5299892365993039,0.47001076340069614
lr,parti_dabord,6,ps,9.3,0.46,0.5551155954714915,0.4448844045285085
lr,parti_dabord,6,ecologistes,10.4,0.46,0.5769015374938846,0.4230984625061154
lr,parti_dabord,6,renaissance,10.2,0.44055698233001134,0.5667164194134167,0.43328358058658334
lr,parti_dabord,6,horizons,11.4,0.3437243060001347,0.5824685359003059,0.4175314640996941
lr,parti_dabord,6,reconquete,6.5,0.33032807153448607,0.4944654656747337,0.5055345343252663
lr,parti_dabord,6,nouvelle_energie,11.8,0.26861003984074605,0.6086000261207746,0.3913999738792254
lr,parti_dabord,7,lfi,8.1,0.46,0.4480947955966637,0.5519052044033363
lr,parti_dabord,7,ps,8.5,0.4193625158141757,0.42108014144901773,0.5789198585509823
lr,parti_dabord,7,ecologistes,11.7,0.46,0.3906445884307018,0.6093554115692982
lr,parti_dabord,7,renaissance,12.7,0.21659699216606842,0.34665434146032564,0.6533456585396744
lr,parti_dabord,7,lr,12.4,0.2924171914349848,0.5183667792600046,0.48163322073999537
lr,parti_dabord,7,reconquete,6.4,0.2423280715344861,0.6024645017841934,0.3975354982158066
lr,parti_dabord,7,nouvelle_energie,11.9,0.30728775604841746,0.4463419210985715,0.5536580789014285
lr,parti_dabord,8,lfi,10.2,0.46,0.5324747421570563,0.46752525784294374
lr,parti_dabord,8,ps,12.7,0.46,0.5536540436664713,0.4463459563335287
lr,parti_dabord,8,ecologistes,10.8,0.46,0.5723157063413266,0.42768429365867344
lr,parti_dabord,8,renaissance,9.5,0.336706419360482,0.6228573139143077,0.37714268608569235
lr,parti_dabord,8,horizons,13.6,0.24470844880630346,0.6291473213620702,0.3708526786379298
lr,parti_dabord,8,reconquete,5.4,0.28442807153448607,0.44368841533941356,0.5563115846605864
lr,parti_dabord,8,nouvelle_energie,8.9,0.31179811769415133,0.5505478767664688,0.44945212323353123
lr,parti_dabord,9,lfi,13.3,0.46,0.5449520091980772,0.4550479908019228
lr,parti_dabord,9,ps,9.7,0.46,0.5617376432159289,0.4382623567840711
lr,parti_dabord,9,ecologistes,9.4,0.46,0.5891823365498857,0.4108176634501143
lr,parti_dabord,9,renaissance,7.6,0.41361884073415545,0.5729025014760827,0.4270974985239173
lr,parti_dabord,9,horizons,7.9,0.2721711014744915,0.6336342879118149,0.36636571208818514
lr,parti_dabord,9,reconquete,7.5,0.2381280715344861,0.4218142207695341,0.5781857792304659
lr,parti_dabord,9,nouvelle_energie,12.5,0.33179211288954136,0.5577242293301168,0.4422757706698832
lr,parti_dabord,10,lfi,11.6,0.46,0.4974319836661161,0.5025680163338839
lr,parti_dabord,10,ps,11.4,0.46,0.4961788447897141,0.5038211552102859
lr,parti_dabord,10,ecologistes,10.5,0.46,0.4916111212446151,0.508388878755385
lr,parti_dabord,10,renaissance,10.4,0.334394532788215,0.4878770374678878,0.5121229625321122
lr,parti_dabord,10,horizons,9,0.18668775604841745,0.4560804556113675,0.5439195443886324
lr,parti_dabord,10,rn,10.7,0.22304409117231008,0.5854278164864264,0.4145721835135736
lr,parti_dabord,10,reconquete,8.2,0.33083460612432297,0.503286729060186,0.496713270939814
lr,parti_dabord,11,lfi,12.8,0.37963364648694775,0.44280540282811387,0.5571945971718861
lr,parti_dabord,11,ecologistes,12.9,0.23075381202336961,0.34410562127667865,0.6558943787233213
lr,parti_dabord,11,renaissance,9.8,0.40539544619197765,0.5043526444692337,0.49564735553076633
lr,parti_dabord,11,horizons,11.3,0.3294982519078406,0.5530046724456982,0.4469953275543018
lr,parti_dabord,11,rn,12.4,0.33633894399840636,0.5881866051923492,0.4118133948076508
lr,parti_dabord,11,reconquete,9.3,0.35877861411128986,0.6072892284502026,0.3927107715497974
lr,parti_dabord,12,lfi,9.9,0.46,0.5273271267737905,0.47267287322620954
lr,parti_dabord,12,ps,11.8,0.46,0.5428999671295831,0.4571000328704169
lr,parti_dabord,12,ecologistes,10,0.46,0.5596458014947537,0.44035419850524626
lr,parti_dabord,12,renaissance,9.3,0.44072507623673485,0.5545972214815217,0.4454027785184783
lr,parti_dabord,12,horizons,12.1,0.29636645069021283,0.6239056037200419,0.3760943962799581
lr,parti_dabord,12,reconquete,8.2,0.24072534365855144,0.4132151417728643,0.5867848582271358
lr,parti_dabord,12,nouvelle_energie,9.6,0.28128578892706385,0.5937132108549474,0.40628678914505256
lr,parti_dabord,13,ps,11.7,0.3800336464869478,0.3992390618886368,0.6007609381113632
lr,parti_dabord,13,ecologistes,14.1,0.3970082887331051,0.35873691236532657,0.6412630876346734
lr,parti_dabord,13,renaissance,9.7,0.46,0.4750208362612683,0.5249791637387318
lr,parti_dabord,13,horizons,14.2,0.46,0.5023927953523593,0.49760720464764074
lr,parti_dabord,13,lr,14.5,0.37882619204421086,0.5632246788805185,0.4367753211194815
lr,parti_dabord,13,reconquete,4.3,0.2609280715344861,0.674360415677448,0.325639584322552
lr,parti_dabord,14,lfi,10.9,0.3779336464869478,0.4264356499571136,0.5735643500428864
lr,parti_dabord,14,ecologistes,12.4,0.22905381202336958,0.3441387848919101,0.6558612151080899
lr,parti_dabord,14,renaissance,10.5,0.4013726717376018,0.5025504305247903,0.4974495694752097
lr,parti_dabord,14,horizons,10.8,0.31512351608004735,0.5504457591551315,0.4495542408448685
lr,parti_dabord,14,rn,11.4,0.3626387634924483,0.5762140533008407,0.42378594669915925
lr,parti_dabord,14,reconquete,6.5,0.39606387277218547,0.5918949271514985,0.4081050728485015
lr,parti_dabord,14,nouvelle_energie,8.4,0.2902588777726417,0.6147789484949097,0.38522105150509034
lr,parti_dabord,15,lfi,11.5,0.3949336464869478,0.6113202050954423,0.38867979490455773
lr,parti_dabord,15,ecologistes,8.8,0.3360538120233696,0.6652243673597267,0.3347756326402733
lr,parti_dabord,15,renaissance,12.3,0.4206954461919777,0.5643036029280349,0.43569639707196506
lr,parti_dabord,15,horizons,14.4,0.4528625158141757,0.5326047518354436,0.46739524816455635
lr,parti_dabord,15,lr,13.4,0.38367762527325033,0.4621545747260155,0.5378454252739845
lr,parti_dabord,15,reconquete,8.7,0.2758280715344861,0.3340507686830227,0.6659492313169773
lr,parti_dabord,16,lfi,12.6,0.46,0.4487374006445158,0.5512625993554843
lr,parti_dabord,16,ps,9.4,0.46,0.43098072546211463,0.5690192745378854
lr,parti_dabord,16,ecologistes,8.9,0.46,0.4073439356502675,0.5926560643497325
lr,parti_dabord,16,renaissance,7.4,0.34864543375212825,0.3652146005854513,0.6347853994145487
lr,parti_dabord,16,horizons,12.3,0.30524743741877447,0.4066868099536144,0.5933131900463856
lr,parti_dabord,16,reconquete,7.9,0.26942807153448606,0.5552123093299116,0.4447876906700884
lr,parti_dabord,16,nouvelle_energie,12,0.3027657136288113,0.4349534095793093,0.5650465904206907
lr,parti_dabord,17,lfi,10.3,0.38437859137474895,0.4134934505731575,0.5865065494268424
lr,parti_dabord,17,ecologistes,6.6,0.2354987569111708,0.3294919096207739,0.6705080903792261
lr,parti_dabord,17,renaissance,12.8,0.3439765128864534,0.5547169014366311,0.4452830985633689
lr,parti_dabord,17,horizons,10,0.24883060960605738,0.5937933382336481,0.4062066617663519
lr,parti_dabord,17,rn,12.8,0.33500564654252235,0.6240720208847799,0.37592797911522013
lr,parti_dabord,17,reconquete,6.5,0.3940394744714286,0.5887056249882612,0.4112943750117388
lr,parti_dabord,17,nouvelle_energie,10.4,0.2483990451172582,0.6179807444869333,0.3820192555130667
lr,parti_dabord,18,lfi,8.9,0.46,0.5007922731500684,0.49920772684993164
lr,parti_dabord,18,ps,10.7,0.3981625158141757,0.5100508062306804,0.48994919376931956
lr,parti_dabord,18,ecologistes,10.9,0.46,0.5179683870939743,0.4820316129060257
lr,parti_dabord,18,renaissance,8.8,0.15539699216606837,0.5977085905195209,0.40229140948047915
lr,parti_dabord,18,rn,10.8,0.24026453744661422,0.3834348149801887,0.6165651850198113
lr,parti_dabord,18,reconquete,7.7,0.30515114110221914,0.4032612955810373,0.5967387044189627
lr,parti_dabord,18,nouvelle_energie,12.1,0.2843176029355289,0.4954067954563455,0.5045932045436545
lr,parti_dabord,19,lfi,11.5,0.37086562110780424,0.41181513023687766,0.5881848697631223
lr,parti_dabord,19,ps,9.2,0.29501114439806875,0.4236940048426838,0.5763059951573162
lr,parti_dabord,19,renaissance,8.9,0.36655059625419845,0.508832302587984,0.49116769741201605
lr,parti_dabord,19,horizons,11.2,0.2719006820882703,0.5639971561808785,0.43600284381912147
lr,parti_dabord,19,rn,12.4,0.30948407285195834,0.6220858545133453,0.3779141454866547
lr,parti_dabord,19,reconquete,9.2,0.36068117475170086,0.6178358290886902,0.38216417091130983
lr,parti_dabord,19,nouvelle_energie,10.6,0.27216729513746585,0.58617986328746,0.41382013671254003
lr,mediatique,0,lfi,11.1,0.46,0.46215635060511,0.5378436493948899
lr,mediatique,0,ps,10.1,0.41293420537834147,0.4589825381660455,0.5410174618339545
lr,mediatique,0,ecologistes,11.7,0.46,0.44401517891376013,0.5559848210862399
lr,mediatique,0,renaissance,11.3,0.2601686817302342,0.4540425426916499,0.5459574573083501
lr,mediatique,0,rn,10.6,0.3553310386607885,0.5275909767891364,0.47240902321086364
lr,mediatique,0,reconquete,8.7,0.3029981628531711,0.589119234387413,0.410880765612587
lr,mediatique,0,nouvelle_energie,11.1,0.25771050720547584,0.5010464579004155,0.49895354209958453
lr,mediatique,1,lfi,9.6,0.46,0.4756083548627973,0.5243916451372027
lr,mediatique,1,ps,12,0.4088625158141757,0.47674414215119015,0.5232558578488098
lr,mediatique,1,ecologistes,9.2,0.46,0.4668193771795473,0.5331806228204528
lr,mediatique,1,renaissance,13.4,0.2560969921660684,0.4559931710724693,0.5440068289275307
lr,mediatique,1,rn,10.7,0.34288869584077525,0.5387180698432702,0.4612819301567298
lr,mediatique,1,reconquete,5.3,0.3444099087435652,0.5428338721058654,0.4571661278941346
lr,mediatique,1,nouvelle_energie,9.4,0.26320037902946225,0.5127112155118643,0.48728878448813573
lr,mediatique,2,ps,9.5,0.33058769770609336,0.3898352951238724,0.6101647048761276
lr,mediatique,2,ecologistes,7.3,0.39756233995225065,0.41723288763224203,0.582767112367758
lr,mediatique,2,renaissance,12.9,0.40387485531093825,0.5353795284704511,0.4646204715295489
lr,mediatique,2,horizons,10.8,0.2604395342597545,0.6264159208812958,0.37358407911870417
lr,mediatique,2,rn,12.5,0.3652628806006174,0.5752013073205504,0.4247986926794496
lr,mediatique,2,reconquete,7.3,0.38069862497506546,0.6003739896103094,0.3996260103896906
lr,mediatique,2,nouvelle_energie,12.6,0.259835192496571,0.6457398814461375,0.3542601185538625
lr,mediatique,3,lfi,7.6,0.46,0.47981137370832233,0.5201886262916777
lr,mediatique,3,ps,11.3,0.4122074607019769,0.47308545619080017,0.5269145438091998
lr,mediatique,3,ecologistes,11,0.46,0.46091150622435334,0.5390884937756466
lr,mediatique,3,renaissance,8.7,0.25944193705386953,0.454228049261746,0.545771950738254
lr,mediatique,3,rn,10.3,0.29141099270973564,0.5936923112116755,0.40630768878832446
lr,mediatique,3,reconquete,5.6,0.3530739543824427,0.5397011189819434,0.4602988810180566
lr,mediatique,3,nouvelle_energie,8.6,0.23145572334341552,0.5541052338951702,0.4458947661048298
lr,mediatique,3,reconquete_dissidence_21,10.5,0.3530739543824427,0.5370604039988764,0.46293959600112355
lr,mediatique,4,lfi,12.7,0.3436336464869478,0.3275070209802508,0.6724929790197491
lr,mediatique,4,ecologistes,8.3,0.29475381202336964,0.3102817634682422,0.6897182365317578
lr,mediatique,4,renaissance,10.9,0.41939544619197766,0.42719578209713915,0.5728042179028608
lr,mediatique,4,horizons,10,0.4515625158141757,0.45843688736087673,0.5415631126391233
lr,mediatique,4,lr,12.7,0.38920585364554794,0.5274999234005188,0.47250007659948123
lr,mediatique,4,reconquete,7.5,0.32452807153448604,0.5951430831422995,0.40485691685770053
lr,mediatique,4,nouvelle_energie,8.7,0.43986970766091715,0.507957649740061,0.49204235025993903
lr,mediatique,5,lfi,9.1,0.46,0.5136212304692065,0.4863787695307935
lr,mediatique,5,ps,8.3,0.46,0.5376236963183924,0.46237630368160765
lr,mediatique,5,ecologistes,11.1,0.46,0.5530914393022776,0.44690856069772245
lr,mediatique,5,renaissance,9.2,0.41617940803345294,0.5544738970281031,0.4455261029718969
lr,mediatique,5,horizons,10.3,0.3211627342527603,0.5722099177183946,0.4277900822816054
lr,mediatique,5,reconquete,8.2,0.32532807153448606,0.4746619283708865,0.5253380716291135
lr,mediatique,5,nouvelle_energie,12.9,0.3122087626711341,0.5463109316423334,0.45368906835766665
lr,mediatique,6,lfi,9.3,0.46,0.5107686349933549,0.4892313650066451
lr,mediatique,6,ps,9.2,0.41687143654195435,0.4975383850394579,0.5024616149605421
lr,mediatique,6,ecologistes,8.8,0.46,0.48538848204061774,0.5146115179593822
lr,mediatique,6,renaissance,12.6,0.22410591289384704,0.44867126650158645,0.5513287334984136
lr,mediatique,6,rn,11.7,0.35305054322607815,0.5478612778731984,0.4521387221268016
lr,mediatique,6,reconquete,6.9,0.3784333192494548,0.5460311249134202,0.4539688750865798
lr,mediatique,6,nouvelle_energie,12,0.3047966767761961,0.5063625034865744,0.4936374965134256
lr,mediatique,7,ps,10.5,0.3813336464869478,0.39785090862198896,0.602149091378011
lr,mediatique,7,ecologistes,6.8,0.3483082887331051,0.29321747595222614,0.7067825240477739
lr,mediatique,7,renaissance,12.4,0.46,0.47248149007156237,0.5275185099284376
lr,mediatique,7,horizons,11.9,0.46,0.5004629323545496,0.49953706764545036
lr,mediatique,7,lr,12.8,0.36678036619677695,0.5560017217163814,0.4439982782836186
lr,mediatique,7,reconquete,5.8,0.2622280715344861,0.6716768740025459,0.32832312599745406
lr,mediatique,7,nouvelle_energie,11.3,0.4275697076609171,0.5471949325576425,0.4528050674423575
lr,mediatique,8,lfi,9.5,0.46,0.4519238314742866,0.5480761685257134
lr,mediatique,8,ps,9.7,0.4187625158141757,0.42440826773751456,0.5755917322624855
lr,mediatique,8,ecologistes,7.9,0.46,0.3950523491780185,0.6049476508219815
lr,mediatique,8,renaissance,11.3,0.2659969921660684,0.40410239063834397,0.595897609361656
lr,mediatique,8,lr,13,0.32882306734149414,0.48364897903095627,0.5163510209690437
lr,mediatique,8,reconquete,8,0.2517280715344861,0.5837261591466748,0.4162738408533252
lr,mediatique,8,nouvelle_energie,12.2,0.2566877560484175,0.4015441782002846,0.5984558217997153
lr,mediatique,9,lfi,9.3,0.2982336464869478,0.6266543961570432,0.3733456038429568
lr,mediatique,9,ecologistes,11.9,0.2893538120233696,0.5679307919577893,0.4320692080422107
lr,mediatique,9,renaissance,8.5,0.25339699216606837,0.46432347881440805,0.535676521185592
lr,mediatique,9,lr,11.9,0.3116989068380548,0.4484977878078083,0.5515022121921918
lr,mediatique,9,rn,12.7,0.445066785515875,0.46483653384672713,0.5351634661532729
lr,mediatique,9,reconquete,3.4,0.46,0.4439652114985524,0.5560347885014476
lr,mediatique,9,nouvelle_energie,7.5,0.2940877560484174,0.4375721207713909,0.562427879228609
lr,mediatique,9,reconquete_dissidence_17,7.3,0.46,0.4499354730690945,0.5500645269309055
lr,mediatique,10,lfi,8.6,0.3437336464869478,0.4950160278666448,0.5049839721333552
lr,mediatique,10,renaissance,10,0.3694954461919777,0.5068879621745311,0.49311203782546886
lr,mediatique,10,horizons,10.2,0.40166251581417567,0.5109537280018958,0.48904627199810424
lr,mediatique,10,lr,11.2,0.46,0.5222443320099892,0.4777556679900108
lr,mediatique,10,rn,13,0.46,0.5242644568667889,0.4757355431332111
lr,mediatique,10,reconquete,5.6,0.46,0.5269148405157612,0.4730851594842388
lr,mediatique,10,nouvelle_energie,12.9,0.46,0.5162341046520352,0.48376589534796477
lr,mediatique,11,ps,11.3,0.37307859137474897,0.5480801747747832,0.4519198252252168
lr,mediatique,11,ecologistes,11.5,0.39005323362090627,0.5817155402518237,0.4182844597481763
lr,mediatique,11,renaissance,10.6,0.38673558709703837,0.4625417699046224,0.5374582300953776
lr,mediatique,11,horizons,10.7,0.24414041289810254,0.36920708063239516,0.6307929193676048
lr,mediatique,11,rn,11.5,0.31492770762460587,0.3630401230135024,0.6369598769864976
lr,mediatique,11,reconquete,7.5,0.38145530198882804,0.3968631341996908,0.6031368658003091
lr,mediatique,11,nouvelle_energie,10.4,0.2520807521021443,0.35046854444666475,0.6495314555533352
lr,mediatique,12,lfi,9.9,0.46,0.47225761483123757,0.5277423851687624
lr,mediatique,12,ps,13.6,0.4082779073445645,0.46146369879004334,0.5385363012099567
lr,mediatique,12,ecologistes,6.9,0.46,0.44354536645469866,0.5564546335453013
lr,mediatique,12,horizons,13.5,0.1976794533186552,0.4303221598013046,0.5696778401986954
lr,mediatique,12,rn,13.8,0.3680196063483796,0.5522361354572295,0.4477638645427705
lr,mediatique,12,reconquete,4.8,0.3879690336848367,0.5559870308861901,0.44401296911380994
lr,mediatique,12,nouvelle_energie,9.4,0.3180225603917023,0.5200623392902227,0.4799376607097773
lr,mediatique,13,lfi,9.3,0.46,0.4793981640565439,0.5206018359434561
lr,mediatique,13,ps,12.5,0.4100625158141757,0.4730160896262579,0.5269839103737421
lr,mediatique,13,ecologistes,9.3,0.46,0.4606824473739355,0.5393175526260645
lr,mediatique,13,renaissance,9.2,0.1672969921660684,0.3895590203155446,0.6104409796844554
lr,mediatique,13,rn,10.7,0.33487085455822796,0.5333891130968508,0.4666108869031492
lr,mediatique,13,reconquete,7.9,0.3597514136760631,0.5324207786013162,0.4675792213986838
lr,mediatique,13,nouvelle_energie,10.7,0.29798775604841743,0.4924494935687598,0.5075505064312402
lr,mediatique,14,lfi,10.7,0.46,0.5517409318484614,0.4482590681515386
lr,mediatique,14,ps,12.1,0.4078954461919777,0.5839462546877947,0.4160537453122053
lr,mediatique,14,ecologistes,12.1,0.46,0.6174808975106425,0.3825191024893575
lr,mediatique,14,horizons,12.1,0.23729699216606842,0.6287069903135828,0.3712930096864172
lr,mediatique,14,lr,10.9,0.36687633408298403,0.5014675229182126,0.4985324770817874
lr,mediatique,14,reconquete,4.6,0.2630280715344861,0.3682922425693558,0.6317077574306442
lr,mediatique,14,nouvelle_energie,11.9,0.38569453278821497,0.525427994312407,0.47457200568759295
lr,mediatique,15,lfi,9.5,0.46,0.485485423904606,0.514514576095394
lr,mediatique,15,ps,12.9,0.46,0.4802303421402606,0.5197696578597394
lr,mediatique,15,ecologistes,11.4,0.46,0.48044207154566176,0.5195579284543382
lr,mediatique,15,renaissance,12.1,0.3468992613949727,0.48264168756352555,0.5173583124364745
lr,mediatique,15,horizons,12.2,0.1991924846551751,0.45805488330199834,0.5419451166980016
lr,mediatique,15,rn,10.5,0.33559506793956395,0.5053152296268599,0.49468477037314007
lr,mediatique,15,reconquete,4.3,0.34598284983968275,0.4965781548320509,0.5034218451679491
lr,mediatique,16,ps,10.9,0.3287741589251217,0.38898857760622413,0.6110114223937759
lr,mediatique,16,ecologistes,8.9,0.395748801171279,0.41559953303403185,0.5844004669659681
lr,mediatique,16,renaissance,11.3,0.39237286284822376,0.5335072022921825,0.4664927977078175
lr,mediatique,16,horizons,12.4,0.2472668772023698,0.6296268936513975,0.37037310634860254
lr,mediatique,16,rn,10.5,0.3749565960348134,0.5747848163124007,0.42521518368759925
lr,mediatique,16,reconquete,7.3,0.3833652164810799,0.6010657562352842,0.39893424376471576
lr,mediatique,16,nouvelle_energie,12.6,0.24353658005500844,0.6499992611386701,0.3500007388613299
lr,mediatique,17,lfi,11.9,0.46,0.5513189086851997,0.4486810913148003
lr,mediatique,17,ps,12.3,0.40939544619197765,0.5831029602026128,0.41689703979738724
lr,mediatique,17,ecologistes,11.6,0.46,0.6158006172645565,0.3841993827354435
lr,mediatique,17,horizons,12.1,0.23879699216606837,0.6297789706873115,0.3702210293126885
lr,mediatique,17,lr,10.9,0.3701751037833204,0.5018424205245501,0.4981575794754499
lr,mediatique,17,reconquete,4.5,0.27452807153448605,0.39509183231212813,0.6049081676878718
lr,mediatique,17,nouvelle_energie,11.7,0.33719453278821504,0.5788888360893581,0.42111116391064185
lr,mediatique,18,lfi,11,0.46,0.5436724757290075,0.45632752427099255
lr,mediatique,18,ps,10.6,0.46,0.561586774215157,0.438413225784843
lr,mediatique,18,ecologistes,12.1,0.46,0.5828132756317936,0.41718672436820636
lr,mediatique,18,renaissance,11.3,0.4365776414741641,0.5658006785671216,0.4341993214328784
lr,mediatique,18,horizons,9.9,0.3506686779837502,0.5822383075905316,0.41776169240946837
lr,mediatique,18,reconquete,3.1,0.329828071534486,0.48497389475840286,0.5150261052415972
lr,mediatique,18,nouvelle_energie,11.8,0.3221537742811766,0.599495844364507,0.400504155635493
lr,mediatique,19,lfi,9,0.33819108106202117,0.3596991059383722,0.6403008940616278
lr,mediatique,19,ecologistes,10.1,0.329311246598443,0.3876104713833578,0.6123895286166422
lr,mediatique,19,renaissance,10.1,0.41395288076705106,0.4913693632662234,0.5086306367337766
lr,mediatique,19,horizons,13.1,0.2747466450601742,0.5917694538375708,0.40823054616242915
lr,mediatique,19,rn,10.8,0.3678971878942371,0.571646613275456,0.42835338672454404
lr,mediatique,19,reconquete,6.1,0.3889884682415058,0.5915043853302939,0.4084956146697061
lr,mediatique,19,nouvelle_energie,10.8,0.28099349036610105,0.6152640264915415,0.38473597350845845
lr,contrarien,0,lfi,8.6,0.46,0.4587166184371516,0.5412833815628484
lr,contrarien,0,ps,13.2,0.46,0.4376632698690493,0.5623367301309508
lr,contrarien,0,ecologistes,12.4,0.46,0.4115444511087361,0.588455548891264
lr,contrarien,0,renaissance,8,0.30549453278821503,0.3615712415929677,0.6384287584070323
lr,contrarien,0,horizons,12.9,0.29778775604841745,0.4238279277098412,0.5761720722901589
lr,contrarien,0,lr,8.3,0.2767209096145248,0.44944118296374735,0.5505588170362526
lr,contrarien,0,reconquete,6.9,0.2828280715344861,0.5119270740107261,0.4880729259892739
lr,contrarien,1,lfi,10.6,0.46,0.556158655380969,0.443841344619031
lr,contrarien,1,ps,11.3,0.4222625158141757,0.5823696371193628,0.41763036288063715
lr,contrarien,1,ecologistes,7.7,0.46,0.613582153516877,0.38641784648312305
lr,contrarien,1,renaissance,11.1,0.22949699216606836,0.6283557557058941,0.3716442442941059
lr,contrarien,1,lr,11.4,0.32264969294821516,0.5287226940789015,0.4712773059210985
lr,contrarien,1,reconquete,5.6,0.24522807153448606,0.39811663825857435,0.6018833617414256
lr,contrarien,1,nouvelle_energie,12.5,0.3101877560484174,0.5572824702820489,0.4427175297179511
lr,contrarien,2,lfi,13.7,0.46,0.44755650035818406,0.5524434996418159
lr,contrarien,2,ps,9.7,0.41916251581417574,0.4203257706793273,0.5796742293206727
lr,contrarien,2,ecologistes,11.5,0.46,0.38924095048114865,0.6107590495188513
lr,contrarien,2,renaissance,11.7,0.2663969921660684,0.3997316459800952,0.6002683540199047
lr,contrarien,2,lr,12.2,0.3349082695936224,0.4811934467525028,0.5188065532474972
lr,contrarien,2,reconquete,3.6,0.29212807153448606,0.5481345780344362,0.4518654219655638
lr,contrarien,2,nouvelle_energie,8.4,0.25708775604841744,0.3979658186628373,0.6020341813371627
lr,contrarien,3,lfi,9.6,0.3934336464869478,0.39114357606019323,0.6088564239398068
lr,contrarien,3,ecologistes,9.1,0.33455381202336965,0.3387255909363208,0.6612744090636792
lr,contrarien,3,renaissance,8,0.4191954461919777,0.4360077392821967,0.5639922607178033
lr,contrarien,3,horizons,13.8,0.45136251581417575,0.4676012856147431,0.5323987143852569
lr,contrarien,3,lr,13.9,0.379933522350122,0.5358055470522491,0.46419445294775086
lr,contrarien,3,reconquete,5.4,0.2743280715344861,0.6630824906106061,0.3369175093893939
lr,contrarien,3,nouvelle_energie,10.7,0.4396697076609172,0.5184108552311674,0.48158914476883263
lr,contrarien,4,ps,11.2,0.38393364648694783,0.3924113808229647,0.6075886191770353
lr,contrarien,4,ecologistes,9.2,0.40090828873310513,0.3523952296771812,0.6476047703228188
lr,contrarien,4,renaissance,10.1,0.46,0.47155833410693354,0.5284416658930664
lr,contrarien,4,horizons,11,0.46,0.49950464326742583,0.5004953567325742
lr,contrarien,4,lr,11.5,0.3422181557208451,0.5970865058364143,0.4029134941635857
lr,contrarien,4,reconquete,7.9,0.3148280715344861,0.6164566150775038,0.3835433849224962
lr,contrarien,4,nouvelle_energie,10.5,0.4301697076609171,0.5460889376856092,0.4539110623143908
lr,contrarien,5,lfi,11.6,0.46,0.5442870334847076,0.45571296651529236
lr,contrarien,5,ps,8.1,0.46,0.5646179731102519,0.43538202688974814
lr,contrarien,5,ecologistes,11.6,0.46,0.5909482330213988,0.40905176697860124
lr,contrarien,5,renaissance,7.3,0.352894532788215,0.5821302887273848,0.4178697112726152
lr,contrarien,5,horizons,11.1,0.24518775604841742,0.6289843665468122,0.3710156334531878
lr,contrarien,5,lr,12.9,0.23837941039780727,0.5141096316669866,0.48589036833301336
lr,contrarien,5,reconquete,8.4,0.23022807153448605,0.44162917536660495,0.558370824633395
lr,contrarien,6,ps,11.3,0.33203364648694783,0.3428135013409582,0.6571864986590418
lr,contrarien,6,ecologistes,9.6,0.3990082887331051,0.356261450687243,0.643738549312757
lr,contrarien,6,renaissance,9.3,0.46,0.4749710247983592,0.5250289752016408
lr,contrarien,6,horizons,12.2,0.46,0.502880976934838,0.497119023065162
lr,contrarien,6,lr,9.7,0.36493003333479157,0.5547178892149216,0.4452821107850784
lr,contrarien,6,reconquete,8.4,0.3129280715344861,0.6162301789335447,0.3837698210664553
lr,contrarien,6,nouvelle_energie,10.9,0.4282697076609171,0.5497290742815981,0.4502709257184019
lr,contrarien,7,lfi,10.6,0.3779082887331051,0.3868706295000777,0.6131293704999223
lr,contrarien,7,ps,10.8,0.26205381202336964,0.3509154731414797,0.6490845268585204
lr,contrarien,7,renaissance,8.2,0.4471398358465897,0.43866147896404445,0.5613385210359556
lr,contrarien,7,horizons,11.3,0.457766785515875,0.47383191301586547,0.5261680869841345
lr,contrarien,7,lr,10.7,0.3122563888014937,0.584035237795055,0.41596476220494505
lr,contrarien,7,reconquete,7.3,0.2418280715344861,0.6796369504018682,0.3203630495981318
lr,contrarien,7,nouvelle_energie,13.3,0.40716970766091715,0.5284936448230146,0.47150635517698536
lr,contrarien,8,lfi,12.5,0.46,0.5506397458392008,0.44936025416079917
lr,contrarien,8,ps,12,0.4199625158141757,0.5776125849777273,0.4223874150222727
lr,contrarien,8,ecologistes,7.1,0.46,0.6073410407187623,0.39265895928123773
lr,contrarien,8,renaissance,11.3,0.1771969921660684,0.666866189352831,0.33313381064716896
lr,contrarien,8,lr,11,0.3173965602864526,0.5247524845528455,0.4752475154471545
lr,contrarien,8,reconquete,8.7,0.2429280715344861,0.39543736345639213,0.6045626365436079
lr,contrarien,8,nouvelle_energie,9.5,0.30788775604841745,0.5528878330840886,0.4471121669159114
lr,contrarien,9,ps,10.7,0.3235336464869478,0.5405270517594536,0.4594729482405464
lr,contrarien,9,ecologistes,11.1,0.3405082887331051,0.5628639899985493,0.43713601000145075
lr,contrarien,9,renaissance,10.8,0.327094532788215,0.4442014552594689,0.5557985447405311
lr,contrarien,9,horizons,11,0.21938775604841748,0.36788835084429683,0.6321116491557032
lr,contrarien,9,lr,11.9,0.24482781829185682,0.39403146436613934,0.6059685356338607
lr,contrarien,9,rn,10,0.3697697076609171,0.42648768570165724,0.5735123142983427
lr,contrarien,9,reconquete,8.7,0.30641984022014973,0.3348708579589696,0.6651291420410304
lr,contrarien,10,lfi,11,0.3666336464869478,0.4462719098388871,0.5537280901611129
lr,contrarien,10,ecologistes,8.1,0.3077538120233696,0.44753857074850034,0.5524614292514997
lr,contrarien,10,horizons,12.9,0.2317969921660684,0.5745399984011006,0.4254600015988994
lr,contrarien,10,lr,12.2,0.38055128126297694,0.533940489793843,0.466059510206157
lr,contrarien,10,rn,11.1,0.46,0.5177031232864138,0.48229687671358623
lr,contrarien,10,reconquete,5.5,0.46,0.535338095155256,0.464661904844744
lr,contrarien,10,nouvelle_energie,10.9,0.370194532788215,0.5471343295364868,0.4528656704635132
lr,contrarien,11,ps,11.1,0.3194336464869478,0.41051042920181047,0.5894895707981895
lr,contrarien,11,ecologistes,7.8,0.38640828873310507,0.4398200255299525,0.5601799744700475
lr,contrarien,11,renaissance,12.1,0.3776266390670794,0.5523701090222894,0.44762989097771055
lr,contrarien,11,horizons,13.6,0.2351893539156207,0.6386274803384384,0.3613725196615616
lr,contrarien,11,rn,10.9,0.32770096424179745,0.6125374653502027,0.3874625346497973
lr,contrarien,11,reconquete,4.1,0.3834626869669606,0.611184470892344,0.38881552910765604
lr,contrarien,11,nouvelle_energie,9.4,0.24085480995816183,0.6558168548899661,0.3441831451100339
lr,contrarien,12,lfi,12,0.34727496123878354,0.659181629677049,0.34081837032295104
lr,contrarien,12,ecologistes,9.1,0.24839512677520534,0.6921316660664532,0.30786833393354684
lr,contrarien,12,renaissance,8.4,0.39092169208053074,0.5155418405757518,0.4844581594242482
lr,contrarien,12,horizons,11.6,0.29727367865203014,0.4644617032967816,0.5355382967032184
lr,contrarien,12,rn,13.5,0.3559480182773997,0.39285897997481206,0.6071410200251879
lr,contrarien,12,reconquete,4.8,0.4231407583168251,0.437415612414152,0.5625843875858481
lr,contrarien,12,nouvelle_energie,10.9,0.317817549607904,0.45160316038328513,0.5483968396167149
lr,contrarien,13,lfi,11.9,0.3941336464869478,0.61057207265711,0.38942792734289
lr,contrarien,13,ecologistes,8,0.24525381202336957,0.7302246394108999,0.2697753605891001
lr,contrarien,13,renaissance,10.6,0.4198954461919777,0.5700412943136749,0.4299587056863251
lr,contrarien,13,horizons,12.7,0.45206251581417567,0.5387181532634296,0.46128184673657036
lr,contrarien,13,lr,11.5,0.3784693900128522,0.46604573064901506,0.5339542693509849
lr,contrarien,13,reconquete,5.9,0.2750280715344861,0.34493526777715966,0.6550647322228403
lr,contrarien,13,nouvelle_energie,12.9,0.4403697076609171,0.4888445655870153,0.5111554344129847
lr,contrarien,14,lfi,12.3,0.46,0.5061263187826215,0.4938736812173785
lr,contrarien,14,ps,11.4,0.3634954461919777,0.5106492710279534,0.48935072897204657
lr,contrarien,14,ecologistes,10.9,0.4239398358465897,0.5162059276294945,0.48379407237050553
lr,contrarien,14,lr,12.3,0.3048719057459338,0.4830560560787467,0.5169439439212533
lr,contrarien,14,rn,12.5,0.434566785515875,0.48087773400889744,0.5191222659911026
lr,contrarien,14,reconquete,5,0.44960053285801405,0.4771671973159261,0.5228328026840738
lr,contrarien,14,nouvelle_energie,9.5,0.23358775604841747,0.43019286338817975,0.5698071366118203
lr,contrarien,15,lfi,12.5,0.39183364648694785,0.38371840661806483,0.6162815933819352
lr,contrarien,15,ecologistes,9.9,0.2829538120233696,0.2756867984674152,0.7243132015325848
lr,contrarien,15,renaissance,11.6,0.41759544619197775,0.42639417628673326,0.5736058237132667
lr,contrarien,15,horizons,11.4,0.4497625158141757,0.4577941048420397,0.5422058951579602
lr,contrarien,15,lr,11.8,0.34721620635785305,0.555721005114984,0.444278994885016
lr,contrarien,15,reconquete,4.1,0.3227280715344861,0.5971393055990608,0.4028606944009392
lr,contrarien,15,nouvelle_energie,9.3,0.43806970766091713,0.5075221300665821,0.4924778699334179
lr,contrarien,16,lfi,12.5,0.34253364648694784,0.6668600246269343,0.3331399753730657
lr,contrarien,16,ecologistes,11.7,0.29365381202336965,0.683863708607886,0.31613629139211397
lr,contrarien,16,renaissance,9.6,0.4182954461919777,0.5652781868265572,0.43472181317344283
lr,contrarien,16,horizons,11.6,0.45046251581417573,0.5338882256969518,0.4661117743030482
lr,contrarien,16,lr,9.4,0.3880957749404057,0.474956664596855,0.525043335403145
lr,contrarien,16,reconquete,8.1,0.3234280715344861,0.3909291083381826,0.6090708916618174
lr,contrarien,16,nouvelle_energie,9.8,0.43876970766091716,0.48352954325024317,0.5164704567497569
lr,contrarien,17,lfi,10.2,0.33799480671982524,0.6312464291936253,0.3687535708063747
lr,contrarien,17,ecologistes,12.2,0.23911497225624698,0.6665734525641487,0.3334265474358513
lr,contrarien,17,renaissance,9.1,0.34802148416975237,0.4461774184403671,0.5538225815596329
lr,contrarien,17,horizons,11.8,0.25428610268148943,0.40593159769193854,0.5940684023080615
lr,contrarien,17,rn,11.6,0.34440337343883204,0.40495490086121,0.59504509913879
lr,contrarien,17,reconquete,8.7,0.34850750638181144,0.355530669332102,0.644469330667898
lr,contrarien,17,nouvelle_energie,9.4,0.25645413871567285,0.38467076988957827,0.6153292301104217
lr,contrarien,18,lfi,11.2,0.46,0.4433951411684799,0.5566048588315201
lr,contrarien,18,ps,9.8,0.4220625158141757,0.4169275905443812,0.5830724094556188
lr,contrarien,18,ecologistes,9.3,0.46,0.3850180748177121,0.6149819251822879
lr,contrarien,18,renaissance,12,0.2192969921660684,0.346659910164863,0.6533400898351369
lr,contrarien,18,lr,9.8,0.3137655574733091,0.46686515102262155,0.5331348489773784
lr,contrarien,18,reconquete,6.9,0.24502807153448608,0.6022054094150432,0.3977945905849568
lr,contrarien,18,nouvelle_energie,11.3,0.25998775604841745,0.3941124541625669,0.6058875458374331
lr,contrarien,19,lfi,9.2,0.3266082887331051,0.3270474723873164,0.6729525276126835
lr,contrarien,19,ps,12.3,0.2507538120233696,0.31909259424983594,0.6809074057501641
lr,contrarien,19,renaissance,12.8,0.44583983584658965,0.43541393465477035,0.5645860653452297
lr,contrarien,19,horizons,11.2,0.456466785515875,0.4710801940394267,0.5289198059605733
lr,contrarien,19,lr,10.2,0.36077171475382475,0.5431807733736973,0.4568192266263027
lr,contrarien,19,reconquete,4.1,0.29052807153448607,0.6250305105552771,0.37496948944472286
lr,contrarien,19,nouvelle_energie,11.9,0.4058697076609171,0.526358131901106,0.47364186809889397
rn,aleatoire,0,lfi,9.7,0.46,0.5163280665950073,0.4836719334049927
rn,aleatoire,0,ps,8.8,0.46,0.4922169451438404,0.5077830548561596
rn,aleatoire,0,ecologistes,9.4,0.46,0.48683628111954863,0.5131637188804514
rn,aleatoire,0,renaissance,10,0.3994504272841204,0.4674007050052523,0.5325992949947477
rn,aleatoire,0,horizons,12.2,0.29149102922992914,0.4156511491321726,0.5843488508678274
rn,aleatoire,0,reconquete,5,0.3236584130776504,0.5190792322131138,0.4809207677868862
rn,aleatoire,0,nouvelle_energie,11.1,0.22760399906912718,0.43139750364123663,0.5686024963587634
rn,aleatoire,1,lfi,11.9,0.37622372583805985,0.4048019063321223,0.5951980936678777
rn,aleatoire,1,ps,10.1,0.21036924912832441,0.32589092071939063,0.6741090792806094
rn,aleatoire,1,renaissance,8.9,0.4454552729515444,0.46164859003589775,0.5383514099641022
rn,aleatoire,1,horizons,9.4,0.4364924829822082,0.49531437413300233,0.5046856258669976
rn,aleatoire,1,lr,9.2,0.3487196373463457,0.5631311179280771,0.43686888207192287
rn,aleatoire,1,reconquete,9.2,0.28963549346222384,0.6341538642995111,0.36584613570048885
rn,aleatoire,1,nouvelle_energie,12.8,0.3852268329511854,0.5489287628799562,0.4510712371200438
rn,aleatoire,2,lfi,12.2,0.3966895561091163,0.42091942198337273,0.5790805780166273
rn,aleatoire,2,ecologistes,6.8,0.33780972164553813,0.3709541454395323,0.6290458545604677
rn,aleatoire,2,renaissance,11.2,0.4224513558141462,0.4586324900679589,0.5413675099320411
rn,aleatoire,2,horizons,11.4,0.45461842543634423,0.48736992888010594,0.5126300711198941
rn,aleatoire,2,lr,12.9,0.40869300977811923,0.5453013264673777,0.4546986735326223
rn,aleatoire,2,reconquete,6,0.29624602653020127,0.6637128151531805,0.3362871848468195
rn,aleatoire,2,nouvelle_energie,9.8,0.4422510687040328,0.5337998186154364,0.46620018138456365
rn,aleatoire,3,lfi,10.9,0.343369274360071,0.3276831560085448,0.6723168439914552
rn,aleatoire,3,ecologistes,12.1,0.3344894398964928,0.3216918905874095,0.6783081094125905
rn,aleatoire,3,renaissance,9.5,0.41913107406510086,0.4304525506828728,0.5695474493171272
rn,aleatoire,3,horizons,10.7,0.4512981436872989,0.4613971482373388,0.5386028517626612
rn,aleatoire,3,lr,9.3,0.4056133451558994,0.5248518726344152,0.47514812736558476
rn,aleatoire,3,reconquete,7.9,0.23771472467887497,0.6682886445072743,0.3317113554927257
rn,aleatoire,3,nouvelle_energie,10.1,0.44328983640032626,0.5110236123271321,0.4889763876728679
rn,aleatoire,4,lfi,9.9,0.3965148625739706,0.4269959476505257,0.5730040523494744
rn,aleatoire,4,ecologistes,8.2,0.24763502811039242,0.31453492397968963,0.6854650760203104
rn,aleatoire,4,renaissance,9.2,0.4222766622790005,0.4687683568708706,0.5312316431291294
rn,aleatoire,4,horizons,12.4,0.4544437319011985,0.49610135005206374,0.5038986499479363
rn,aleatoire,4,lr,11.7,0.4085873181958372,0.5528179329422367,0.4471820670577633
rn,aleatoire,4,reconquete,6,0.3283605007258366,0.6184121047710848,0.38158789522891523
rn,aleatoire,4,nouvelle_energie,12,0.4445239058893309,0.5418040510114751,0.4581959489885249
rn,aleatoire,5,lfi,8.8,0.46,0.5245804199009909,0.4754195800990091
rn,aleatoire,5,ps,11.8,0.46,0.4987334692795043,0.5012665307204958
rn,aleatoire,5,ecologistes,9.9,0.46,0.4954450101644108,0.5045549898355892
rn,aleatoire,5,renaissance,14,0.40320285321172167,0.47501869069878233,0.5249813093012177
rn,aleatoire,5,horizons,10.3,0.3452434551575304,0.47535464351567047,0.5246453564843295
rn,aleatoire,5,reconquete,4.2,0.2595717495189512,0.5764669280442924,0.42353307195570755
rn,aleatoire,5,nouvelle_energie,11.1,0.18135642499672847,0.4007518261718921,0.5992481738281079
rn,aleatoire,6,lfi,12.7,0.46,0.49720422402590275,0.5027957759740973
rn,aleatoire,6,ps,9.7,0.417716812368251,0.46881790767102194,0.5311820923289781
rn,aleatoire,6,ecologistes,11.9,0.46,0.4543148804808214,0.5456851195191785
rn,aleatoire,6,renaissance,8.3,0.26495128872014373,0.43803183076691204,0.561968169233088
rn,aleatoire,6,lr,9.1,0.32182400011027346,0.5031483388047574,0.4968516611952426
rn,aleatoire,6,reconquete,5.6,0.244737257004362,0.617293069260949,0.38270693073905104
rn,aleatoire,6,nouvelle_energie,10.3,0.3056420526024928,0.4884527590381354,0.5115472409618647
rn,aleatoire,7,lfi,11.8,0.46,0.4854370835999213,0.5145629164000787
rn,aleatoire,7,ps,9.6,0.4218403536763223,0.46619009944875206,0.533809900551248
rn,aleatoire,7,ecologistes,12,0.46,0.4511049350173806,0.5488950649826194
rn,aleatoire,7,renaissance,12.3,0.17907483002821498,0.3696974962716154,0.6303025037283846
rn,aleatoire,7,lr,9.3,0.32594754141834476,0.4956166063744107,0.5043833936255893
rn,aleatoire,7,reconquete,3.4,0.2790322809733622,0.5798356642334552,0.42016433576654477
rn,aleatoire,7,nouvelle_energie,10.6,0.309765593910564,0.4760810717455787,0.5239189282544213
rn,aleatoire,8,lfi,11.1,0.37408916464378866,0.41795457045118634,0.5820454295488137
rn,aleatoire,8,ps,10.8,0.24823468793405318,0.3519248820663974,0.6480751179336026
rn,aleatoire,8,renaissance,13.2,0.4433207117572732,0.46470239519481116,0.5352976048051888
rn,aleatoire,8,horizons,9,0.4482133797341992,0.49697249238471264,0.5030275076152874
rn,aleatoire,8,lr,12.9,0.3659673609249285,0.5613044623564029,0.43869553764359714
rn,aleatoire,8,reconquete,3.8,0.24642112052300685,0.6807963401571078,0.31920365984289223
rn,aleatoire,8,nouvelle_energie,9,0.4007956916871721,0.5478681692027847,0.4521318307972153
rn,aleatoire,9,lfi,9.1,0.46,0.5181899812395885,0.4818100187604115
rn,aleatoire,9,ps,9.1,0.46,0.5034576001639367,0.4965423998360633
rn,aleatoire,9,ecologistes,10.5,0.46,0.4922021403569149,0.5077978596430851
rn,aleatoire,9,renaissance,8.2,0.3419626397896065,0.47197771814705214,0.5280222818529479
rn,aleatoire,9,horizons,12.1,0.28425586304980893,0.4690516780519626,0.5309483219480374
rn,aleatoire,9,lr,10.7,0.13655078039678772,0.4126764688914969,0.5873235311085031
rn,aleatoire,9,reconquete,8.3,0.23398794983894716,0.5748928191784087,0.42510718082159127
rn,aleatoire,10,lfi,9.4,0.46,0.5031807234275665,0.4968192765724335
rn,aleatoire,10,ps,11,0.4125625158141757,0.47367037855014127,0.5263296214498587
rn,aleatoire,10,ecologistes,12,0.46,0.4603261931695413,0.5396738068304587
rn,aleatoire,10,renaissance,9.6,0.2097969921660684,0.3969351766027387,0.6030648233972613
rn,aleatoire,10,lr,8.4,0.2666697035561982,0.4549234373561877,0.5450765626438123
rn,aleatoire,10,reconquete,8.1,0.2934126041952263,0.569928415867917,0.430071584132083
rn,aleatoire,10,nouvelle_energie,10.3,0.25048775604841744,0.4386038840908228,0.5613961159091772
rn,aleatoire,11,lfi,7.9,0.46,0.5129533981950222,0.48704660180497783
rn,aleatoire,11,ps,13.9,0.46,0.4896277942800417,0.5103722057199582
rn,aleatoire,11,ecologistes,11,0.46,0.48342546413945986,0.5165745358605401
rn,aleatoire,11,renaissance,10.2,0.4067174414088025,0.4671527902690235,0.5328472097309764
rn,aleatoire,11,horizons,9.8,0.34875804335461125,0.4700230935319862,0.5299769064680138
rn,aleatoire,11,reconquete,5.4,0.320048406820428,0.5183941321913712,0.4816058678086288
rn,aleatoire,11,nouvelle_energie,10.8,0.2348710131938093,0.4316829172020182,0.5683170827979818
rn,aleatoire,12,lfi,12.8,0.46,0.46795709042206574,0.5320429095779342
rn,aleatoire,12,ps,11.2,0.46,0.4467758596747702,0.5532241403252298
rn,aleatoire,12,ecologistes,7.3,0.46,0.4238409837385751,0.576159016261425
rn,aleatoire,12,renaissance,11,0.3615760663322613,0.4253066690588417,0.5746933309411584
rn,aleatoire,12,horizons,11.6,0.30386928959246373,0.43156644309315584,0.5684335569068442
rn,aleatoire,12,lr,9.5,0.19616420693944253,0.39921300224925743,0.6007869977507425
rn,aleatoire,12,reconquete,6.8,0.25206673351455117,0.5552298593008557,0.44477014069914433
rn,aleatoire,13,lfi,10.2,0.46,0.5276851640085087,0.47231483599149127
rn,aleatoire,13,ps,11.3,0.46,0.5010258172916695,0.4989741827083305
rn,aleatoire,13,ecologistes,10.2,0.46,0.5037151979308702,0.49628480206912984
rn,aleatoire,13,renaissance,8.8,0.3940291016103894,0.47393047901542257,0.5260695209845774
rn,aleatoire,13,horizons,11.7,0.33606970355619814,0.4740487687851793,0.5259512312148207
rn,aleatoire,13,reconquete,7.9,0.3182072070152945,0.5282708040152002,0.4717291959847998
rn,aleatoire,13,nouvelle_energie,12.2,0.22218267339539619,0.4363948844927732,0.5636051155072268
rn,aleatoire,14,lfi,11,0.46,0.5015666511805884,0.4984333488194116
rn,aleatoire,14,ps,9.4,0.46,0.48596771372409336,0.5140322862759066
rn,aleatoire,14,ecologistes,7.7,0.46,0.46979288262462504,0.530207117375375
rn,aleatoire,14,renaissance,11.2,0.29741645571746306,0.4072016915004639,0.5927983084995361
rn,aleatoire,14,horizons,9.9,0.23970967897766549,0.4099127177363075,0.5900872822636924
rn,aleatoire,14,lr,13,0.23200459632464424,0.4632219194022938,0.5367780805977063
rn,aleatoire,14,reconquete,4.3,0.24384977318585865,0.5773523641373367,0.4226476358626633
rn,aleatoire,15,lfi,9.2,0.34631517571622455,0.360798339839585,0.639201660160415
rn,aleatoire,15,ecologistes,7.5,0.2974353412526463,0.3472004625543933,0.6527995374456067
rn,aleatoire,15,renaissance,14.2,0.42207697542125444,0.46097333299634485,0.5390266670036552
rn,aleatoire,15,horizons,11.8,0.4542440450434524,0.48924592464762995,0.51075407535237
rn,aleatoire,15,lr,8.4,0.38998101307288147,0.5469930064984619,0.45300699350153806
rn,aleatoire,15,reconquete,5.2,0.331021381555782,0.608147314048613,0.391852685951387
rn,aleatoire,15,nouvelle_energie,9.4,0.42564640862884384,0.5355403632023936,0.4644596367976064
rn,aleatoire,16,lfi,13,0.46,0.5514771487865077,0.44852285121349234
rn,aleatoire,16,ps,9.8,0.46,0.5276174933753773,0.47238250662462267
rn,aleatoire,16,ecologistes,8.4,0.46,0.531940806451848,0.46805919354815195
rn,aleatoire,16,renaissance,10.8,0.40334538249769175,0.49721152940722,0.50278847059278
rn,aleatoire,16,horizons,10.1,0.29538598444350056,0.44105261491403563,0.5589473850859643
rn,aleatoire,16,reconquete,3.8,0.35825669774760177,0.5275032424124398,0.47249675758756016
rn,aleatoire,16,nouvelle_energie,12.1,0.2714989542826986,0.47605205131582623,0.5239479486841738
rn,aleatoire,17,lfi,8.1,0.46,0.5236082236245225,0.47639177637547747
rn,aleatoire,17,ps,9.5,0.46,0.49628142979245143,0.5037185702075486
rn,aleatoire,17,ecologistes,10.1,0.46,0.4922617484864726,0.5077382515135274
rn,aleatoire,17,renaissance,8.6,0.3544374260738514,0.40948001866782435,0.5905199813321756
rn,aleatoire,17,horizons,10.3,0.2964780280196602,0.41603094649077255,0.5839690535092275
rn,aleatoire,17,reconquete,4.7,0.2771103220790673,0.5696565061289754,0.43034349387102455
rn,aleatoire,17,nouvelle_energie,10.7,0.18259099785885827,0.391655364752162,0.608344635247838
rn,aleatoire,17,reconquete_dissidence_21,11,0.32711032207906726,0.522658246247084,0.477341753752916
rn,aleatoire,18,ps,12.6,0.3923511533348566,0.4111184841259187,0.5888815158740812
rn,aleatoire,18,ecologistes,11.2,0.4093257955810139,0.37403529772671396,0.625964702273286
rn,aleatoire,18,renaissance,12,0.46,0.4868517579954115,0.5131482420045885
rn,aleatoire,18,horizons,9.9,0.46,0.5125354587135005,0.4874645412864995
rn,aleatoire,18,lr,11.8,0.39185883723188536,0.5673323682939805,0.4326676317060195
rn,aleatoire,18,reconquete,5.9,0.32607343633107294,0.6136950774084027,0.3863049225915973
rn,aleatoire,18,nouvelle_energie,9.4,0.4288530732684053,0.5563138285749303,0.4436861714250697
rn,aleatoire,19,lfi,8.5,0.46,0.5470698194807024,0.45293018051929756
rn,aleatoire,19,ps,11.7,0.42869772530986605,0.5847679770275781,0.4152320229724219
rn,aleatoire,19,ecologistes,12.3,0.46,0.6052210201833071,0.39477897981669285
rn,aleatoire,19,renaissance,11.3,0.2759322016617588,0.6001096810417417,0.39989031895825833
rn,aleatoire,19,lr,8.9,0.28280491305188854,0.5774525187915016,0.4225474812084984
rn,aleatoire,19,reconquete,5.5,0.20703883020553612,0.37406405841804696,0.625935941581953
rn,aleatoire,19,nouvelle_energie,11.4,0.31662296554410785,0.5412042469917016,0.45879575300829845
rn,prudent,0,lfi,11.5,0.46,0.5091321719005415,0.4908678280994585
rn,prudent,0,ps,12.2,0.46,0.49264601211550973,0.5073539878844903
rn,prudent,0,ecologistes,7.9,0.46,0.47816385367921077,0.5218361463207892
rn,prudent,0,renaissance,11.9,0.345694532788215,0.4628520947452238,0.5371479052547762
rn,prudent,0,horizons,13,0.2879877560484174,0.46257431733851917,0.5374256826614808
rn,prudent,0,lr,7.8,0.1402826733953962,0.40758492731465257,0.5924150726853474
rn,prudent,0,reconquete,3.6,0.21357620088987578,0.57814414986317,0.42185585013683
rn,prudent,1,lfi,13.4,0.3477336464869478,0.5657631479780901,0.43423685202190987
rn,prudent,1,ecologistes,9.5,0.2888538120233696,0.5759159409684171,0.42408405903158286
rn,prudent,1,renaissance,8.5,0.20289699216606844,0.41680936837858107,0.5831906316214189
rn,prudent,1,lr,10.6,0.2597697035561982,0.39108317792505637,0.6089168220749437
rn,prudent,1,rn,13,0.422342409517586,0.46221745890950133,0.5377825410904986
rn,prudent,1,reconquete,9.5,0.4596005328580141,0.4455957352579578,0.5544042647420422
rn,prudent,1,nouvelle_energie,8.4,0.24358775604841748,0.38896360786806383,0.6110363921319362
rn,prudent,2,lfi,12.4,0.46,0.5348317795863329,0.4651682204136671
rn,prudent,2,ps,10.8,0.46,0.5104097294018074,0.4895902705981926
rn,prudent,2,ecologistes,7.5,0.46,0.5107809131985293,0.48921908680147075
rn,prudent,2,renaissance,10.4,0.3941176035319881,0.48408474870107976,0.5159152512989202
rn,prudent,2,horizons,12.2,0.28615820547779697,0.4297641940219662,0.5702358059780338
rn,prudent,2,reconquete,4,0.3214930461909623,0.5258763688514093,0.4741236311485907
rn,prudent,2,nouvelle_energie,10.8,0.17227117531699496,0.4029024014662127,0.5970975985337873
rn,prudent,3,ecologistes,11.9,0.2171538120233696,0.5945714144912354,0.4054285855087646
rn,prudent,3,renaissance,10.7,0.3917954461919777,0.5399772795249981,0.4600227204750019
rn,prudent,3,horizons,8.3,0.4239625158141757,0.5354393915954633,0.4645606084045367
rn,prudent,3,lr,9.2,0.46,0.5301510827552119,0.46984891724478806
rn,prudent,3,rn,13.2,0.46,0.5081490771088356,0.4918509228911644
rn,prudent,3,reconquete,8.4,0.46,0.5117944998760872,0.48820550012391284
rn,prudent,3,nouvelle_energie,11.5,0.46,0.531537273110301,0.46846272688969903
rn,prudent,4,ps,12.8,0.3185336464869478,0.41002714958410913,0.5899728504158909
rn,prudent,4,ecologistes,8,0.3855082887331051,0.4322654017018025,0.5677345982981975
rn,prudent,4,renaissance,12.3,0.46,0.529841341966747,0.47015865803325296
rn,prudent,4,horizons,11.4,0.46,0.5509398941419453,0.44906010585805467
rn,prudent,4,lr,9.9,0.32852693490824497,0.6501306213033633,0.3498693786966367
rn,prudent,4,reconquete,3.9,0.24327451235591507,0.6898075610103387,0.3101924389896613
rn,prudent,4,nouvelle_energie,11.8,0.4134039682187766,0.5907391601316602,0.40926083986833983
rn,prudent,5,lfi,10,0.46,0.5051819406161667,0.4948180593838333
rn,prudent,5,ps,12.4,0.4111625158141757,0.4744815650304142,0.5255184349695858
rn,prudent,5,ecologistes,8,0.46,0.4616521632622318,0.5383478367377682
rn,prudent,5,renaissance,11,0.2583969921660684,0.43959464560494155,0.5604053543950585
rn,prudent,5,lr,10,0.31526970355619816,0.5059331908561693,0.4940668091438307
rn,prudent,5,reconquete,7.5,0.23285783754398887,0.6193007791806837,0.3806992208193163
rn,prudent,5,nouvelle_energie,6.8,0.2990877560484174,0.49056244308661145,0.5094375569133885
rn,prudent,6,lfi,10.6,0.46,0.5120780287806762,0.4879219712193238
rn,prudent,6,ps,10.8,0.4123739270074903,0.4803511539528251,0.5196488460471749
rn,prudent,6,ecologistes,11.4,0.46,0.4688764845091973,0.5311235154908027
rn,prudent,6,renaissance,9.5,0.219608403359383,0.42121652419083555,0.5787834758091644
rn,prudent,6,lr,9.5,0.3164811147495128,0.5054614236174618,0.4945385763825382
rn,prudent,6,reconquete,7.6,0.30593784858893114,0.5705360050529754,0.4294639949470246
rn,prudent,6,nouvelle_energie,9.3,0.30029916724173206,0.4882266648537123,0.5117733351462876
rn,prudent,7,lfi,11.4,0.46,0.4909014317163616,0.5090985682836384
rn,prudent,7,ps,11.8,0.41735101773577443,0.4619964191308788,0.5380035808691213
rn,prudent,7,ecologistes,9,0.46,0.4460254252555615,0.5539745747444385
rn,prudent,7,renaissance,8.8,0.17458549408766713,0.36594360653705693,0.6340563934629431
rn,prudent,7,lr,11.3,0.3214582054777969,0.49801417140213483,0.5019858285978651
rn,prudent,7,reconquete,5.9,0.28434496325766206,0.5645279472361715,0.4354720527638285
rn,prudent,7,nouvelle_energie,12.1,0.2552762579700162,0.4310381493373439,0.5689618506626561
rn,prudent,8,lfi,9.6,0.46,0.5443838405625868,0.4556161594374132
rn,prudent,8,ps,9,0.46,0.5154169953362489,0.48458300466375115
rn,prudent,8,ecologistes,11.2,0.46,0.5174857435745763,0.48251425642542367
rn,prudent,8,renaissance,11.7,0.3885438519306559,0.48649586752595236,0.5135041324740477
rn,prudent,8,horizons,10.4,0.3305844538764646,0.4854416701313189,0.5145583298686811
rn,prudent,8,reconquete,8.4,0.3021928985936928,0.5371222447082524,0.4628777552917476
rn,prudent,8,nouvelle_energie,11.8,0.2566974237156627,0.4718545431026497,0.5281454568973503
rn,prudent,9,lfi,11.1,0.3841336464869478,0.44773746251151014,0.5522625374884899
rn,prudent,9,ecologistes,7.5,0.27525381202336957,0.3487498937885696,0.6512501062114304
rn,prudent,9,renaissance,10.5,0.4098954461919777,0.4851251287064801,0.5148748712935198
rn,prudent,9,horizons,10.8,0.44206251581417566,0.5107751021447969,0.48922489785520307
rn,prudent,9,lr,11.9,0.3858887839430861,0.5648803148930741,0.4351196851069259
rn,prudent,9,reconquete,3.2,0.3165096232167047,0.6260634035166702,0.3739365964833298
rn,prudent,9,nouvelle_energie,13.6,0.42062107332360643,0.5550460170530703,0.44495398294692967
rn,prudent,10,lfi,9.1,0.46,0.5082823060846758,0.49171769391532416
rn,prudent,10,ps,8.9,0.3994954461919777,0.47724273851060695,0.522757261489393
rn,prudent,10,ecologistes,10.3,0.45993983584658965,0.45414802442470276,0.5458519755752973
rn,prudent,10,horizons,13.5,0.1888969921660684,0.39631008350341734,0.6036899164965827
rn,prudent,10,lr,10.2,0.38464341154986514,0.5272016893838557,0.4727983106161443
rn,prudent,10,reconquete,7.2,0.3145194081647272,0.5982504412792469,0.40174955872075313
rn,prudent,10,nouvelle_energie,9.8,0.377294532788215,0.5110034226035021,0.48899657739649793
rn,prudent,11,lfi,10,0.3668082887331051,0.4570298454993851,0.5429701545006149
rn,prudent,11,ps,10.2,0.29095381202336956,0.43517883367844173,0.5648211663215583
rn,prudent,11,renaissance,12.1,0.4360398358465897,0.5037936005546819,0.4962063994453181
rn,prudent,11,horizons,9.9,0.441530067664781,0.5335245427080085,0.46647545729199147
rn,prudent,11,lr,12.6,0.3510205707856098,0.5943936559120472,0.4056063440879528
rn,prudent,11,reconquete,4,0.21775563563877326,0.7052983745050836,0.2947016254949164
rn,prudent,11,nouvelle_energie,10.7,0.3860487401228623,0.5831546567618672,0.4168453432381328
rn,prudent,12,lfi,8,0.34212214840854654,0.3810722643031711,0.6189277356968289
rn,prudent,12,ecologistes,8.7,0.33324231394496834,0.38153181992963153,0.6184681800703684
rn,prudent,12,renaissance,12.5,0.41788394811357643,0.4696334955743633,0.5303665044256367
rn,prudent,12,horizons,12.9,0.45005101773577444,0.4964241355449671,0.5035758644550329
rn,prudent,12,lr,8,0.3988220822289201,0.5516220460249598,0.4483779539750402
rn,prudent,12,reconquete,3.8,0.3390080343343789,0.6141404901724888,0.38585950982751116
rn,prudent,12,nouvelle_energie,14.8,0.43340531228701507,0.5408375165916899,0.4591624834083101
rn,prudent,13,lfi,9.9,0.3400748302597268,0.3803286104941361,0.6196713895058639
rn,prudent,13,ecologistes,10.5,0.28119499579614854,0.3306332915958803,0.6693667084041197
rn,prudent,13,renaissance,11.5,0.4158366299647567,0.47229427920080863,0.5277057207991913
rn,prudent,13,horizons,11.4,0.44800369958695463,0.4996398249311256,0.5003601750688744
rn,prudent,13,lr,9.3,0.39034777904455786,0.5558822527687716,0.44411774723122843
rn,prudent,13,reconquete,7.8,0.32271077902389356,0.6174777457353212,0.3825222542646788
rn,prudent,13,nouvelle_energie,11.9,0.4241427118377866,0.5454065789961677,0.45459342100383227
rn,prudent,14,lfi,11.8,0.46,0.4914754716288234,0.5085245283711766
rn,prudent,14,ps,13.5,0.4241924515986045,0.46129111922408467,0.5387088807759153
rn,prudent,14,ecologistes,8.9,0.46,0.44473776958802236,0.5552622304119776
rn,prudent,14,renaissance,9,0.2714269279504973,0.4235240261914211,0.576475973808579
rn,prudent,14,lr,8.9,0.328299639340627,0.49529376669728337,0.5047062333027166
rn,prudent,14,reconquete,6.4,0.25560669359059757,0.611024190179282,0.388975809820718
rn,prudent,14,nouvelle_energie,12.8,0.26211769183284633,0.42972307481598143,0.5702769251840185
rn,prudent,15,lfi,12.5,0.46,0.5129749782707035,0.4870250217292965
rn,prudent,15,ps,12.6,0.46,0.48843773872926544,0.5115622612707346
rn,prudent,15,ecologistes,7.3,0.46,0.4807676368779861,0.5192323631220139
rn,prudent,15,renaissance,7.5,0.349494532788215,0.45940621865831155,0.5405937813416885
rn,prudent,15,horizons,11.8,0.29178775604841745,0.46112127001509357,0.5388787299849065
rn,prudent,15,lr,12.4,0.2340826733953962,0.4658824642120247,0.5341175357879753
rn,prudent,15,reconquete,5.9,0.2868741466977697,0.5321029470568389,0.4678970529431611
rn,prudent,16,lfi,8.6,0.46,0.5044842262083683,0.4955157737916317
rn,prudent,16,ps,14.1,0.41187726613444214,0.4742807355898065,0.5257192644101936
rn,prudent,16,ecologistes,9.5,0.46,0.46164881170822075,0.5383511882917793
rn,prudent,16,renaissance,7.9,0.16911174248633484,0.37674424301522286,0.6232557569847772
rn,prudent,16,lr,9,0.3159844538764646,0.5062482941918994,0.49375170580810057
rn,prudent,16,reconquete,5.2,0.283277110939566,0.5695142939339017,0.43048570606609826
rn,prudent,16,nouvelle_energie,14,0.2498025063686839,0.44189285044913224,0.5581071495508678
rn,prudent,17,lfi,11.2,0.46,0.5141833829719733,0.4858166170280267
rn,prudent,17,ps,14,0.4124510177357744,0.483910405019798,0.516089594980202
rn,prudent,17,ecologistes,7.3,0.46,0.47296110316879764,0.5270388968312023
rn,prudent,17,renaissance,11.6,0.20968549408766718,0.3991442980343887,0.6008557019656113
rn,prudent,17,lr,8.7,0.2665582054777969,0.46051704312572767,0.5394829568742723
rn,prudent,17,reconquete,3.6,0.25364782624032317,0.6218199253542378,0.3781800746457622
rn,prudent,17,nouvelle_energie,12.4,0.3003762579700162,0.4963947174077391,0.5036052825922609
rn,prudent,18,lfi,10.3,0.46,0.5095243282168171,0.49047567178318285
rn,prudent,18,ps,12.6,0.4077920164547086,0.4842270489242501,0.5157729510757498
rn,prudent,18,ecologistes,10,0.46,0.4661759831203265,0.5338240168796735
rn,prudent,18,renaissance,8.6,0.21502649280660127,0.419859297480143,0.580140702519857
rn,prudent,18,lr,11,0.2618992041967311,0.4552173241883551,0.544782675811645
rn,prudent,18,reconquete,7.7,0.24820235280222125,0.6172018693897887,0.3827981306102113
rn,prudent,18,nouvelle_energie,9.1,0.24571725668895034,0.44165835734999986,0.5583416426500001
rn,prudent,19,lfi,13.1,0.3883631471274807,0.44215309499119554,0.5578469050088044
rn,prudent,19,ecologistes,11.6,0.27948331266390253,0.3413434304182301,0.6586565695817699
rn,prudent,19,renaissance,7.2,0.4141249468325106,0.478506366443063,0.521493633556937
rn,prudent,19,horizons,11.8,0.4462920164547086,0.5046024307876047,0.4953975692123953
rn,prudent,19,lr,11.1,0.3479806841837506,0.6118053914379571,0.3881946085620429
rn,prudent,19,reconquete,7.7,0.33225011566329576,0.6218380404510593,0.3781619595489407
rn,prudent,19,nouvelle_energie,9.2,0.43332826509447,0.5489710630759247,0.4510289369240753
rn,risque,0,lfi,12.6,0.46,0.4865591068742715,0.5134408931257285
rn,risque,0,ps,11,0.4057704741638856,0.45088725186214546,0.5491127481378546
rn,risque,0,ecologistes,10.7,0.46,0.42876312173071573,0.5712368782692843
rn,risque,0,horizons,12.9,0.23517202013797633,0.39827362276601935,0.6017263772339807
rn,risque,0,lr,7.8,0.3950665759197042,0.5161182513269162,0.48388174867308376
rn,risque,0,reconquete,4.6,0.30896340598055516,0.5916486422163446,0.4083513577836554
rn,risque,0,nouvelle_energie,9.2,0.38356956076012294,0.5005264478912009,0.49947355210879907
rn,risque,1,lfi,7.5,0.3892894678305615,0.4354786524697438,0.5645213475302562
rn,risque,1,ecologistes,11.4,0.2804096333669834,0.34833565147952567,0.6516643485204743
rn,risque,1,renaissance,8.4,0.4150512675355914,0.48540560280145556,0.5145943971985445
rn,risque,1,horizons,12.5,0.44721833715778947,0.5091823176390938,0.49081768236090617
rn,risque,1,lr,9.7,0.37412925962698684,0.5679032303215138,0.4320967696784862
rn,risque,1,reconquete,5.7,0.32082779543750894,0.6286170900835221,0.37138290991647793
rn,risque,1,nouvelle_energie,12.9,0.40967132800408057,0.5577217969711686,0.44227820302883136
rn,risque,2,ps,9.3,0.3344446668841573,0.37095121636340894,0.629048783636591
rn,risque,2,ecologistes,10.8,0.4014193091303146,0.39515398187243433,0.6048460181275657
rn,risque,2,renaissance,9.7,0.46,0.502183129757579,0.49781687024242105
rn,risque,2,horizons,12.5,0.46,0.5259649096947343,0.4740350903052657
rn,risque,2,lr,7.4,0.40105254736275714,0.5784398718328511,0.42156012816714894
rn,risque,2,reconquete,3.8,0.31640353853213943,0.6256992313314927,0.37430076866850726
rn,risque,2,nouvelle_energie,12.3,0.4343010143634726,0.569259023721506,0.43074097627849395
rn,risque,3,lfi,9.5,0.388105382402567,0.4287802743484696,0.5712197256515303
rn,risque,3,ecologistes,9.3,0.23922554793898873,0.31204384691444387,0.6879561530855561
rn,risque,3,renaissance,8.8,0.4138671821075969,0.46590043992244834,0.5340995600775517
rn,risque,3,horizons,12.5,0.44603425172979483,0.4933631865584411,0.5066368134415589
rn,risque,3,lr,6.4,0.39138118466646066,0.5502030103751141,0.4497969896248859
rn,risque,3,reconquete,6,0.26062732117862936,0.6641338952239969,0.3358661047760031
rn,risque,3,nouvelle_energie,9.7,0.4262661941402829,0.5394075756870114,0.46059242431298864
rn,risque,3,rn_dissidence_23,11.4,0.2480491564776198,0.5757563506945143,0.42424364930548575
rn,risque,4,lfi,12.8,0.46,0.4799254525292686,0.5200745474707313
rn,risque,4,ps,10.4,0.4217696884815932,0.450332046028744,0.549667953971256
rn,risque,4,ecologistes,7.3,0.46,0.4308249755496979,0.5691750244503021
rn,risque,4,renaissance,9.7,0.22900416483348587,0.3995965052457344,0.6004034947542656
rn,risque,4,lr,9.7,0.32587687622361566,0.4892312301625299,0.5107687698374701
rn,risque,4,reconquete,5.8,0.29521426488705216,0.5587453068291214,0.4412546931708786
rn,risque,4,nouvelle_energie,10.2,0.25969492871583494,0.41974689917551267,0.5802531008244873
rn,risque,5,lfi,11.7,0.46,0.5330826415086924,0.46691735849130755
rn,risque,5,ps,13.4,0.46,0.5117192830716994,0.48828071692830055
rn,risque,5,ecologistes,8.6,0.46,0.5041288081811964,0.49587119181880357
rn,risque,5,renaissance,12.4,0.34812183267096286,0.41987613045228234,0.5801238695477177
rn,risque,5,horizons,11.3,0.29016243461677166,0.42561569022537016,0.5743843097746298
rn,risque,5,reconquete,3.8,0.30896055505206244,0.5305931450004499,0.46940685499955015
rn,risque,5,nouvelle_energie,10.4,0.2662754044559697,0.4656025776707916,0.5343974223292084
rn,risque,6,lfi,8.4,0.46,0.49888332908642874,0.5011166709135713
rn,risque,6,ps,9.7,0.46,0.47492873909900013,0.5250712609009999
rn,risque,6,ecologistes,9.5,0.46,0.46328397289915896,0.5367160271008411
rn,risque,6,renaissance,10.3,0.35893122843707953,0.44701443350044734,0.5529855664995527
rn,risque,6,horizons,9.6,0.30122445169728196,0.45425149627585293,0.5457485037241471
rn,risque,6,lr,12.4,0.2035193690442607,0.4369564754443666,0.5630435245556333
rn,risque,6,reconquete,9.3,0.27401095183909485,0.5294754413947187,0.4705245586052813
rn,risque,7,lfi,12.4,0.46,0.4729639039931168,0.5270360960068832
rn,risque,7,ps,11.6,0.42168238055029184,0.45348960395989096,0.546510396040109
rn,risque,7,ecologistes,7.9,0.46,0.4346054899506527,0.5653945100493474
rn,risque,7,renaissance,11.9,0.2689168569021846,0.4254878228540387,0.5745121771459614
rn,risque,7,lr,10.6,0.2757895682923143,0.4447269766343518,0.5552730233656482
rn,risque,7,reconquete,6.1,0.2355184372082882,0.6133075006008541,0.38669249939914585
rn,risque,7,nouvelle_energie,10.5,0.30960762078453363,0.4808563157676653,0.5191436842323347
rn,risque,8,lfi,13.6,0.46,0.4977476219335911,0.5022523780664089
rn,risque,8,ps,10,0.4192459258083785,0.4652607991977372,0.5347392008022628
rn,risque,8,ecologistes,10.4,0.46,0.4497294405331837,0.5502705594668162
rn,risque,8,renaissance,9.7,0.21648040216027115,0.3806873475963141,0.6193126524036858
rn,risque,8,lr,12,0.273353113550401,0.44411708834362656,0.5558829116563735
rn,risque,8,reconquete,6.7,0.3102995864815923,0.5651169510258651,0.4348830489741349
rn,risque,8,nouvelle_energie,9.7,0.3071711660426202,0.4800159458752802,0.5199840541247198
rn,risque,9,lfi,9.8,0.46,0.47041537536943606,0.529584624630564
rn,risque,9,ps,12.1,0.4263275283872586,0.46033444362912374,0.5396655563708763
rn,risque,9,ecologistes,8.7,0.46,0.4340323202084472,0.5659676797915528
rn,risque,9,renaissance,10.7,0.23356200473915137,0.40147520115109425,0.5985247988489057
rn,risque,9,lr,8.8,0.3304347161292811,0.4934585845686858,0.5065414154313141
rn,risque,9,reconquete,7.9,0.2556165530552413,0.6081667155524779,0.3918332844475221
rn,risque,9,nouvelle_energie,9.4,0.3142527686215004,0.47598427603549986,0.5240157239645001
rn,risque,10,lfi,9.2,0.3418710566687686,0.37431320809203983,0.6256867919079602
rn,risque,10,ecologistes,8.5,0.3329912222051904,0.37422208390388767,0.6257779160961123
rn,risque,10,renaissance,8.3,0.4176328563737985,0.46088701776458973,0.5391129822354103
rn,risque,10,horizons,9.9,0.4497999259959965,0.49276511377810295,0.507234886221897
rn,risque,10,lr,12.6,0.4023709584773506,0.5494202545672201,0.4505797454327799
rn,risque,10,reconquete,9.1,0.28354676479419655,0.663613422641196,0.33638657735880395
rn,risque,10,nouvelle_energie,8.1,0.43594895096440617,0.5385591268497796,0.4614408731502204
rn,risque,11,ps,10.7,0.3276042383733373,0.3874021478779466,0.6125978521220534
rn,risque,11,ecologistes,9.5,0.3945788806194946,0.41850396752988533,0.5814960324701146
rn,risque,11,renaissance,9.7,0.46,0.5179796956192928,0.4820203043807072
rn,risque,11,horizons,11.5,0.46,0.5395929186308425,0.46040708136915753
rn,risque,11,lr,9.6,0.37426954324268025,0.5878389317147819,0.41216106828521815
rn,risque,11,reconquete,4.3,0.2992609026461738,0.6320377498049635,0.3679622501950365
rn,risque,11,nouvelle_energie,10.6,0.40846796049076967,0.5795770196555798,0.42042298034442016
rn,risque,12,lfi,9.1,0.46,0.49800426205285775,0.5019957379471423
rn,risque,12,ps,11.3,0.41911362146206044,0.4661755689018765,0.5338244310981235
rn,risque,12,ecologistes,8.2,0.46,0.4506011747181799,0.54939882528182
rn,risque,12,renaissance,9.2,0.2663480978139531,0.4327939798847438,0.5672060201152562
rn,risque,12,lr,13.3,0.3232208092040829,0.49670502727506843,0.5032949727249316
rn,risque,12,reconquete,5.5,0.2981342937635554,0.5678468515699371,0.4321531484300629
rn,risque,12,nouvelle_energie,9.5,0.3070388616963021,0.4830886504387254,0.5169113495612746
rn,risque,13,lfi,8.6,0.46,0.5079261361901677,0.4920738638098323
rn,risque,13,ps,11.5,0.46,0.48354356331822856,0.5164564366817714
rn,risque,13,ecologistes,8.3,0.46,0.4743066843595153,0.5256933156404847
rn,risque,13,renaissance,8.5,0.35001644719511144,0.4582241912599917,0.5417758087400083
rn,risque,13,horizons,11.9,0.29230967045531386,0.4567147437333212,0.5432852562666788
rn,risque,13,lr,9.5,0.19460458780229264,0.44223254259919503,0.5577674574008049
rn,risque,13,reconquete,6.7,0.28060593872773976,0.5285456237307352,0.4714543762692648
rn,risque,14,ps,13.6,0.32114453015528976,0.4097871662847225,0.5902128337152774
rn,risque,14,ecologistes,7.5,0.33811917240144707,0.37319227877487693,0.6268077212251231
rn,risque,14,renaissance,10.8,0.46,0.5262398152420333,0.47376018475796666
rn,risque,14,horizons,9,0.44746251833773026,0.5472557261053861,0.4527442738946139
rn,risque,14,lr,13.2,0.31755266643555047,0.6449707340578852,0.3550292659421148
rn,risque,14,reconquete,6.5,0.30538357258554616,0.633416241422514,0.36658375857748604
rn,risque,14,nouvelle_energie,9.1,0.39757936135257155,0.5860157561776538,0.4139842438223462
rn,risque,15,lfi,12.2,0.46,0.4782000858756418,0.5217999141243582
rn,risque,15,ps,10.1,0.41763374899077,0.45557344469715305,0.5444265553028469
rn,risque,15,ecologistes,13.5,0.46,0.4281535019214136,0.5718464980785865
rn,risque,15,renaissance,7.5,0.21486822534266276,0.37261265207507965,0.6273873479249203
rn,risque,15,lr,9.6,0.2717409367327925,0.4394041598952548,0.5605958401047453
rn,risque,15,reconquete,3.1,0.2868785987157839,0.5605533961069027,0.4394466038930973
rn,risque,15,nouvelle_energie,12.7,0.2555589892250118,0.42392465135474217,0.5760753486452579
rn,risque,16,lfi,8.9,0.46,0.5041667674841244,0.49583323251587563
rn,risque,16,ps,9.1,0.46,0.48071453790811897,0.519285462091881
rn,risque,16,ecologistes,12.9,0.46,0.4707697850079036,0.5292302149920964
rn,risque,16,renaissance,9.4,0.30236165406441284,0.40398074462564126,0.5960192553743587
rn,risque,16,horizons,13.2,0.24465487732461527,0.410038531142524,0.589961468857476
rn,risque,16,lr,11.1,0.14694979467159405,0.40197229410850155,0.5980277058914985
rn,risque,16,reconquete,6.4,0.27528921484068686,0.5348266643800428,0.4651733356199572
rn,risque,17,lfi,12.9,0.34252233306283486,0.3815534490898892,0.6184465509101108
rn,risque,17,ecologistes,9.9,0.33364249859925665,0.38975431244648345,0.6102456875535165
rn,risque,17,renaissance,8.8,0.41828413276786475,0.4753377089055644,0.5246622910944356
rn,risque,17,horizons,11.7,0.45045120239006275,0.4993637355098975,0.5006362644901026
rn,risque,17,lr,9.5,0.39367484680980974,0.5584899128738711,0.44151008712612894
rn,risque,17,reconquete,4.9,0.2917370883958741,0.6714627490303359,0.32853725096966413
rn,risque,17,nouvelle_energie,13.2,0.4291906889746857,0.5475771831783498,0.4524228168216502
rn,risque,18,lfi,9.4,0.3862017534883393,0.43077363060401175,0.5692263693959883
rn,risque,18,ecologistes,11.3,0.32732191902476115,0.38077269370671574,0.6192273062932843
rn,risque,18,renaissance,11.8,0.4119635531933692,0.47151049790235966,0.5284895020976403
rn,risque,18,horizons,13.5,0.44413062281556726,0.49618919751755125,0.5038108024824488
rn,risque,18,lr,8.9,0.38294353305388107,0.5568985131659827,0.4431014868340173
rn,risque,18,reconquete,6.7,0.3115002683046927,0.6219699088304366,0.37803009116956343
rn,risque,18,nouvelle_energie,8.6,0.41654917335046626,0.5464134114094139,0.4535865885905861
rn,risque,19,lfi,11.2,0.34163947023091706,0.3795276032168969,0.6204723967831032
rn,risque,19,ecologistes,11.2,0.2927596357673388,0.36103313903904444,0.6389668609609556
rn,risque,19,renaissance,10.7,0.41740126993594695,0.47184124595454935,0.5281587540454507
rn,risque,19,horizons,10.9,0.4495683395581449,0.49873087432103524,0.5012691256789648
rn,risque,19,lr,10.7,0.39449574190381587,0.554246432875678,0.445753567124322
rn,risque,19,reconquete,6.3,0.33559773615869937,0.6148051069114709,0.38519489308852906
rn,risque,19,nouvelle_energie,9.9,0.42818873610843355,0.5436621028485278,0.4563378971514722
rn,ideologiquement_coherent,0,lfi,9.6,0.46,0.4942615869415434,0.5057384130584566
rn,ideologiquement_coherent,0,ps,10.5,0.41188678954845914,0.4628846264030543,0.5371153735969457
rn,ideologiquement_coherent,0,ecologistes,9.4,0.46,0.4467809141683391,0.5532190858316609
rn,ideologiquement_coherent,0,renaissance,8,0.20912126590035185,0.3878907156514548,0.6121092843485452
rn,ideologiquement_coherent,0,lr,11.6,0.3159939772904816,0.5015305509002155,0.4984694490997845
rn,ideologiquement_coherent,0,reconquete,8.6,0.2696695922380659,0.5760870560935388,0.42391294390646117
rn,ideologiquement_coherent,0,nouvelle_energie,11.6,0.2498120297827009,0.43688124364815334,0.5631187563518467
rn,ideologiquement_coherent,1,lfi,13.2,0.338942163797229,0.37461476812625477,0.6253852318737452
rn,ideologiquement_coherent,1,ecologistes,7.9,0.28006232933365083,0.32584423748568114,0.6741557625143189
rn,ideologiquement_coherent,1,renaissance,12.8,0.4147039635022589,0.4670654185006513,0.5329345814993487
rn,ideologiquement_coherent,1,horizons,9.7,0.4468710331244569,0.4944822848001412,0.5055177151998588
rn,ideologiquement_coherent,1,lr,9.2,0.41218263612744643,0.5520299012325645,0.44797009876743554
rn,ideologiquement_coherent,1,reconquete,4.6,0.32407549040121353,0.6192482093707664,0.3807517906292336
rn,ideologiquement_coherent,1,nouvelle_energie,10.2,0.4487066460035137,0.5407842549603165,0.45921574503968354
rn,ideologiquement_coherent,2,lfi,9.4,0.46,0.4968190605229088,0.5031809394770912
rn,ideologiquement_coherent,2,ps,9.5,0.41281391188620387,0.46521146474585984,0.5347885352541402
rn,ideologiquement_coherent,2,ecologistes,11.4,0.46,0.44949578239478216,0.5505042176052178
rn,ideologiquement_coherent,2,renaissance,11.8,0.17004838823809657,0.3639166870403865,0.6360833129596135
rn,ideologiquement_coherent,2,lr,11.7,0.26692109962822635,0.4487913476255889,0.5512086523744111
rn,ideologiquement_coherent,2,reconquete,4.4,0.28712446356677224,0.5698160583036027,0.4301839416963973
rn,ideologiquement_coherent,2,nouvelle_energie,8.8,0.3007391521204456,0.48477984223963927,0.5152201577603608
rn,ideologiquement_coherent,3,lfi,13.3,0.46,0.5053702551427032,0.4946297448572968
rn,ideologiquement_coherent,3,ps,10.3,0.40737726613444214,0.47466791887748366,0.5253320811225164
rn,ideologiquement_coherent,3,ecologistes,10.7,0.46,0.4618950324393017,0.5381049675606984
rn,ideologiquement_coherent,3,renaissance,8.9,0.16461174248633484,0.3756346256898462,0.6243653743101538
rn,ideologiquement_coherent,3,lr,9.7,0.26148445387646463,0.44933049195768193,0.5506695080423181
rn,ideologiquement_coherent,3,reconquete,5.5,0.28859536924400137,0.5700668397912769,0.4299331602087231
rn,ideologiquement_coherent,3,nouvelle_energie,7.4,0.2953025063686839,0.48634348524015386,0.5136565147598462
rn,ideologiquement_coherent,4,ps,11.3,0.3822329796405235,0.4291427492617701,0.5708572507382299
rn,ideologiquement_coherent,4,ecologistes,12.1,0.3992076218866808,0.3974707424378474,0.6025292575621526
rn,ideologiquement_coherent,4,renaissance,8.8,0.46,0.50547208206674,0.49452791793326
rn,ideologiquement_coherent,4,horizons,9.8,0.46,0.5315428034287388,0.46845719657126117
rn,ideologiquement_coherent,4,lr,10.9,0.39673899018578573,0.5836382958192825,0.4163617041807175
rn,ideologiquement_coherent,4,reconquete,8.7,0.29285206285919696,0.6370205473007091,0.3629794526992909
rn,ideologiquement_coherent,4,nouvelle_energie,8.1,0.4309453736520713,0.5744800101535495,0.42551998984645045
rn,ideologiquement_coherent,5,lfi,10.3,0.366846438231016,0.42562765498307453,0.5743723450169255
rn,ideologiquement_coherent,5,ps,8.6,0.2409919615212805,0.35987941230993126,0.6401205876900687
rn,ideologiquement_coherent,5,renaissance,11,0.43607798534450054,0.47479888126648684,0.5252011187335132
rn,ideologiquement_coherent,5,horizons,10.1,0.44764537735436266,0.5083691825229888,0.4916308174770112
rn,ideologiquement_coherent,5,lr,12.4,0.35820597557070677,0.5714863821125886,0.4285136178874114
rn,ideologiquement_coherent,5,reconquete,6,0.22272592349973003,0.690393776363394,0.30960622363660595
rn,ideologiquement_coherent,5,nouvelle_energie,10.9,0.39381599633627573,0.5585505952886537,0.4414494047113463
rn,ideologiquement_coherent,6,lfi,11.4,0.46,0.5029292817838197,0.4970707182161803
rn,ideologiquement_coherent,6,ps,10.6,0.4029588565498211,0.465031067222156,0.534968932777844
rn,ideologiquement_coherent,6,ecologistes,8.6,0.46,0.4470685865227106,0.5529314134772894
rn,ideologiquement_coherent,6,horizons,10,0.2823604025239118,0.45511640514165214,0.5448835948583479
rn,ideologiquement_coherent,6,lr,8,0.3971925119682328,0.5190737654710036,0.4809262345289964
rn,ideologiquement_coherent,6,reconquete,7.7,0.2890241531932592,0.6409635042636835,0.35903649573631646
rn,ideologiquement_coherent,6,nouvelle_energie,11.2,0.3307579431460585,0.4495642078527617,0.5504357921472383
rn,ideologiquement_coherent,7,lfi,10.7,0.46,0.5168086547193081,0.48319134528069185
rn,ideologiquement_coherent,7,ps,11.4,0.41227111475960443,0.48386285766528175,0.5161371423347183
rn,ideologiquement_coherent,7,ecologistes,6.9,0.46,0.47336142932156416,0.5266385706784358
rn,ideologiquement_coherent,7,renaissance,11.5,0.16950559111149713,0.38342203411507786,0.6165779658849222
rn,ideologiquement_coherent,7,lr,11,0.2663783025016269,0.45778200901243143,0.5422179909875686
rn,ideologiquement_coherent,7,reconquete,7.5,0.24610380547249872,0.6246295094671399,0.3753704905328601
rn,ideologiquement_coherent,7,nouvelle_energie,8.3,0.30019635499384617,0.4968053601209837,0.5031946398790164
rn,ideologiquement_coherent,8,lfi,8.1,0.46,0.4994966837239924,0.5005033162760075
rn,ideologiquement_coherent,8,ps,9.3,0.4073500984750967,0.473307900818137,0.526692099181863
rn,ideologiquement_coherent,8,ecologistes,9.8,0.46,0.4521293313269575,0.5478706686730426
rn,ideologiquement_coherent,8,renaissance,12.6,0.16458457482698938,0.36826077720860634,0.6317392227913936
rn,ideologiquement_coherent,8,lr,9.7,0.31145728621711916,0.49803673968505424,0.5019632603149458
rn,ideologiquement_coherent,8,reconquete,9.1,0.292086228315667,0.5674285326748928,0.4325714673251072
rn,ideologiquement_coherent,8,nouvelle_energie,12.9,0.2952753387093384,0.4809903872843801,0.5190096127156199
rn,ideologiquement_coherent,9,lfi,11.5,0.46,0.48367319068506787,0.5163268093149321
rn,ideologiquement_coherent,9,ps,10.2,0.4204327777378216,0.4535891046220486,0.5464108953779514
rn,ideologiquement_coherent,9,ecologistes,8.3,0.46,0.4403133907497336,0.5596866092502664
rn,ideologiquement_coherent,9,renaissance,11.5,0.2676672540897143,0.4254419721545568,0.5745580278454432
rn,ideologiquement_coherent,9,lr,12.6,0.3245399654798441,0.4955997150718553,0.5044002849281447
rn,ideologiquement_coherent,9,reconquete,5.6,0.28008027436497296,0.5683404827796739,0.43165951722032614
rn,ideologiquement_coherent,9,nouvelle_energie,10.2,0.25835801797206337,0.42968392368683234,0.5703160763131676
rn,ideologiquement_coherent,10,lfi,10.1,0.46,0.4912497192513583,0.5087502807486417
rn,ideologiquement_coherent,10,ps,12.6,0.41792040981477574,0.4591981413277935,0.5408018586722065
rn,ideologiquement_coherent,10,ecologistes,8.2,0.46,0.4418179703372784,0.5581820296627216
rn,ideologiquement_coherent,10,renaissance,8.8,0.2151548861666684,0.3808242659850727,0.6191757340149273
rn,ideologiquement_coherent,10,lr,13.1,0.3220275975567982,0.4965828105605139,0.5034171894394861
rn,ideologiquement_coherent,10,reconquete,4.6,0.24011509649210389,0.6194595098108233,0.3805404901891767
rn,ideologiquement_coherent,10,nouvelle_energie,10.5,0.3058456500490174,0.48156810313909587,0.5184318968609041
rn,ideologiquement_coherent,11,lfi,8.5,0.46,0.5001366609262504,0.4998633390737496
rn,ideologiquement_coherent,11,ps,10.7,0.4097006653120866,0.4684013150953352,0.5315986849046648
rn,ideologiquement_coherent,11,ecologistes,8.6,0.46,0.4535718433772369,0.5464281566227631
rn,ideologiquement_coherent,11,renaissance,13,0.1669351416639793,0.3674160410296773,0.6325839589703227
rn,ideologiquement_coherent,11,lr,7.2,0.3138078530541091,0.4974278725413429,0.5025721274586571
rn,ideologiquement_coherent,11,reconquete,7.6,0.2590390568751692,0.6143028655251837,0.38569713447481635
rn,ideologiquement_coherent,11,nouvelle_energie,9.4,0.29762590554632834,0.47748214898830155,0.5225178510116985
rn,ideologiquement_coherent,12,lfi,13.6,0.33474322633154135,0.6287089310795414,0.3712910689204586
rn,ideologiquement_coherent,12,ecologistes,11,0.23586339186796315,0.6860695100596409,0.3139304899403591
rn,ideologiquement_coherent,12,renaissance,8.8,0.41050502603657124,0.5314813929491148,0.4685186070508852
rn,ideologiquement_coherent,12,horizons,9.3,0.44267209565876925,0.5019319155825314,0.49806808441746864
rn,ideologiquement_coherent,12,lr,12.8,0.3981188134518979,0.4454829843513978,0.5545170156486021
rn,ideologiquement_coherent,12,reconquete,3.5,0.30223057919084173,0.3772072742037188,0.6227927257962812
rn,ideologiquement_coherent,12,nouvelle_energie,11.3,0.43264868506119025,0.4561783727650544,0.5438216272349456
rn,ideologiquement_coherent,13,lfi,12.1,0.46,0.4951382244430287,0.5048617755569713
rn,ideologiquement_coherent,13,ps,9.4,0.40040860621622126,0.45973812560895355,0.5402618743910464
rn,ideologiquement_coherent,13,ecologistes,8.3,0.46,0.4400108468861284,0.5599891531138717
rn,ideologiquement_coherent,13,horizons,10.6,0.18981015219031197,0.3882967809938629,0.6117032190061371
rn,ideologiquement_coherent,13,lr,10.4,0.38146733585688286,0.5227067693901313,0.4772932306098687
rn,ideologiquement_coherent,13,reconquete,6.1,0.24349791048427782,0.6463149883062275,0.35368501169377253
rn,ideologiquement_coherent,13,nouvelle_energie,10.5,0.3782076928124586,0.5064085225287988,0.49359147747120125
rn,ideologiquement_coherent,14,lfi,10.3,0.3772336464869478,0.43872014918404867,0.5612798508159513
rn,ideologiquement_coherent,14,ecologistes,11,0.2783538120233697,0.3752357404550358,0.6247642595449642
rn,ideologiquement_coherent,14,renaissance,11.9,0.4029954461919777,0.4798238624929291,0.5201761375070709
rn,ideologiquement_coherent,14,horizons,8.1,0.43516251581417575,0.5054273897773645,0.49457261022263554
rn,ideologiquement_coherent,14,lr,10.9,0.39346041393102205,0.5589962899024883,0.4410037100975117
rn,ideologiquement_coherent,14,reconquete,5.8,0.2712820401289076,0.6682794396363078,0.33172056036369224
rn,ideologiquement_coherent,14,nouvelle_energie,10.7,0.4293357994289255,0.5486309381412842,0.45136906185871584
rn,ideologiquement_coherent,15,lfi,9.3,0.46,0.49399932278143405,0.5060006772185659
rn,ideologiquement_coherent,15,ps,12.9,0.46,0.4727414916803679,0.5272585083196322
rn,ideologiquement_coherent,15,ecologistes,6.8,0.46,0.46041870545685454,0.5395812945431455
rn,ideologiquement_coherent,15,renaissance,8.8,0.3447537847920637,0.44200388172325916,0.5579961182767408
rn,ideologiquement_coherent,15,horizons,12.2,0.28704700805226613,0.4508263702010436,0.5491736297989565
rn,ideologiquement_coherent,15,lr,8.6,0.17934192539924487,0.41334903127662115,0.5866509687233789
rn,ideologiquement_coherent,15,reconquete,8.9,0.23789282578550014,0.5737031658302436,0.4262968341697564
rn,ideologiquement_coherent,16,lfi,11.5,0.31395199040404276,0.3925710488290768,0.6074289511709232
rn,ideologiquement_coherent,16,ps,10.9,0.28809751369430725,0.4272567574346157,0.5727432425653842
rn,ideologiquement_coherent,16,renaissance,9.4,0.4331835375175273,0.48981997478784334,0.5101800252121567
rn,ideologiquement_coherent,16,horizons,10.1,0.4587571742550426,0.5212165879761023,0.47878341202389774
rn,ideologiquement_coherent,16,lr,12.1,0.37731248966633135,0.580609882554658,0.41939011744534205
rn,ideologiquement_coherent,16,reconquete,6.4,0.24652303638989675,0.6961546555593069,0.3038453444406931
rn,ideologiquement_coherent,16,nouvelle_energie,12,0.4131957966476758,0.5683428402874653,0.4316571597125347
rn,ideologiquement_coherent,17,lfi,9.8,0.46,0.5427249870483423,0.45727501295165773
rn,ideologiquement_coherent,17,ps,11.8,0.46,0.5144918981009939,0.48550810189900606
rn,ideologiquement_coherent,17,ecologistes,11,0.46,0.521160330768587,0.47883966923141297
rn,ideologiquement_coherent,17,renaissance,8.7,0.34753049492391297,0.4267362448715618,0.5732637551284382
rn,ideologiquement_coherent,17,horizons,11.3,0.33957109686972176,0.48452434599869,0.51547565400131
rn,ideologiquement_coherent,17,reconquete,6.4,0.268437305457956,0.5820248916901961,0.4179751083098039
rn,ideologiquement_coherent,17,nouvelle_energie,12.2,0.2656840667089198,0.47379781886701566,0.5262021811329843
rn,ideologiquement_coherent,18,lfi,9.2,0.46,0.4962062962724694,0.5037937037275306
rn,ideologiquement_coherent,18,ps,12.3,0.41580353968994743,0.4647290514075934,0.5352709485924065
rn,ideologiquement_coherent,18,ecologistes,11.5,0.46,0.4491981465820593,0.5508018534179406
rn,ideologiquement_coherent,18,renaissance,12,0.22303801604184018,0.4083226546984794,0.5916773453015206
rn,ideologiquement_coherent,18,lr,10.2,0.2699107274319699,0.4448155772647387,0.5551844227352614
rn,ideologiquement_coherent,18,reconquete,3.2,0.30725658678766976,0.5693503153508592,0.4306496846491408
rn,ideologiquement_coherent,18,nouvelle_energie,10.6,0.30372877992418923,0.479555463308169,0.520444536691831
rn,ideologiquement_coherent,19,lfi,11.2,0.3329778974477472,0.39077988466003244,0.6092201153399676
rn,ideologiquement_coherent,19,ecologistes,8.9,0.274098062984169,0.3489799119236846,0.6510200880763154
rn,ideologiquement_coherent,19,renaissance,11.8,0.4087396971527771,0.48286503199555325,0.5171349680044468
rn,ideologiquement_coherent,19,horizons,12.9,0.4409067667749751,0.5091118330592059,0.49088816694079407
rn,ideologiquement_coherent,19,lr,8.3,0.40439258324112265,0.5642588497843644,0.43574115021563564
rn,ideologiquement_coherent,19,reconquete,5.1,0.2665255952495483,0.6744797162986468,0.3255202837013532
rn,ideologiquement_coherent,19,nouvelle_energie,8.7,0.43916198614188034,0.5541769029796418,0.44582309702035816
rn,opportuniste_electoral,0,lfi,10.2,0.46,0.4650025298023484,0.5349974701976516
rn,opportuniste_electoral,0,ps,9,0.4280327361318077,0.44949867230133667,0.5505013276986633
rn,opportuniste_electoral,0,ecologistes,6.9,0.46,0.4284122024319804,0.5715877975680196
rn,opportuniste_electoral,0,renaissance,11.7,0.2252672124837004,0.3743083214683705,0.6256916785316295
rn,opportuniste_electoral,0,lr,12.1,0.3321399238738302,0.48382736142294663,0.5161726385770533
rn,opportuniste_electoral,0,reconquete,8,0.33284129899779163,0.5363290798159628,0.4636709201840372
rn,opportuniste_electoral,0,nouvelle_energie,12.7,0.31595797636604944,0.46818611229854024,0.5318138877014598
rn,opportuniste_electoral,1,ps,11.8,0.3821641623498552,0.4080250670408634,0.5919749329591366
rn,opportuniste_electoral,1,ecologistes,10.9,0.3991388045960125,0.3861737183484129,0.6138262816515871
rn,opportuniste_electoral,1,renaissance,9.1,0.46,0.49275915671050197,0.507240843289498
rn,opportuniste_electoral,1,horizons,9.8,0.46,0.5169217521525823,0.4830782478474177
rn,opportuniste_electoral,1,lr,12.1,0.39576174920793494,0.569284347750416,0.43071565224958397
rn,opportuniste_electoral,1,reconquete,5.1,0.28587290231770673,0.6683263035908046,0.3316736964091954
rn,opportuniste_electoral,1,nouvelle_energie,8,0.4312409352027611,0.5587725892956987,0.44122741070430127
rn,opportuniste_electoral,2,lfi,10.1,0.46,0.47712463629355345,0.5228753637064465
rn,opportuniste_electoral,2,ps,12.5,0.46,0.4546221311553279,0.5453778688446721
rn,opportuniste_electoral,2,ecologistes,9.7,0.46,0.43592406642208187,0.5640759335779182
rn,opportuniste_electoral,2,renaissance,12.1,0.30692651176870717,0.3830201705060129,0.6169798294939871
rn,opportuniste_electoral,2,horizons,8.3,0.2492197350289096,0.38837085496456425,0.6116291450354358
rn,opportuniste_electoral,2,lr,9.2,0.24151465237588834,0.44240192608470486,0.5575980739152951
rn,opportuniste_electoral,2,reconquete,5.9,0.28940623605729354,0.5137805808824841,0.48621941911751587
rn,opportuniste_electoral,3,lfi,11.8,0.46,0.5015932389552349,0.4984067610447651
rn,opportuniste_electoral,3,ps,12.7,0.41804303460262493,0.4688967398129987,0.5311032601870014
rn,opportuniste_electoral,3,ecologistes,9.6,0.46,0.45400015959432505,0.545999840405675
rn,opportuniste_electoral,3,renaissance,11.2,0.26527751095451757,0.43101706608708806,0.568982933912912
rn,opportuniste_electoral,3,lr,9,0.2721502223446474,0.44506548331339946,0.5549345166866005
rn,opportuniste_electoral,3,reconquete,4.5,0.3171543684922824,0.5596017158705421,0.4403982841294579
rn,opportuniste_electoral,3,nouvelle_energie,10.9,0.3059682748368666,0.4813395582301613,0.5186604417698387
rn,opportuniste_electoral,4,lfi,9.9,0.46,0.5124682478399752,0.48753175216002476
rn,opportuniste_electoral,4,ps,10,0.46,0.5387882805539198,0.4612117194460802
rn,opportuniste_electoral,4,ecologistes,12.1,0.46,0.5459025702562266,0.45409742974377343
rn,opportuniste_electoral,4,renaissance,11.6,0.362594532788215,0.552335174576911,0.44766482542308905
rn,opportuniste_electoral,4,horizons,12,0.30488775604841745,0.5508148784819544,0.44918512151804557
rn,opportuniste_electoral,4,lr,10.1,0.15718267339539618,0.605098934202664,0.39490106579733597
rn,opportuniste_electoral,4,reconquete,6.8,0.30653198998927844,0.4870250582803663,0.5129749417196336
rn,opportuniste_electoral,5,lfi,8.5,0.46,0.482606249419852,0.517393750580148
rn,opportuniste_electoral,5,ps,9.2,0.4181361571018916,0.4551056283698257,0.5448943716301743
rn,opportuniste_electoral,5,ecologistes,9,0.46,0.43600056049805896,0.563999439501941
rn,opportuniste_electoral,5,renaissance,13.4,0.2253706334537843,0.401919582518831,0.598080417481169
rn,opportuniste_electoral,5,lr,8.2,0.3222433448439141,0.4922770866170847,0.5077229133829153
rn,opportuniste_electoral,5,reconquete,4.5,0.30360995433168503,0.5525071424525966,0.4474928575474034
rn,opportuniste_electoral,5,nouvelle_energie,11.4,0.25606139733613337,0.4237722955020773,0.5762277044979227
rn,opportuniste_electoral,6,lfi,12.2,0.3370879549551248,0.38560154368147276,0.6143984563185272
rn,opportuniste_electoral,6,ecologistes,11.7,0.23820812049154658,0.3266297512220705,0.6733702487779295
rn,opportuniste_electoral,6,renaissance,10,0.41284975466015467,0.4719689026928474,0.5280310973071526
rn,opportuniste_electoral,6,horizons,12.4,0.4450168242823527,0.4977288749687612,0.5022711250312388
rn,opportuniste_electoral,6,lr,8.3,0.399956435398779,0.5515512686872035,0.4484487313127965
rn,opportuniste_electoral,6,reconquete,4.9,0.34895053089277184,0.6098437558030385,0.3901562441969615
rn,opportuniste_electoral,6,nouvelle_energie,10.7,0.43444172121270397,0.5408476350873826,0.45915236491261735
rn,opportuniste_electoral,7,lfi,10.1,0.46,0.4778295894957243,0.5221704105042757
rn,opportuniste_electoral,7,ps,10.9,0.4116773186782712,0.4436891219359077,0.5563108780640923
rn,opportuniste_electoral,7,ecologistes,10.6,0.46,0.4201487498892485,0.5798512501107516
rn,opportuniste_electoral,7,horizons,9.3,0.2510788646523619,0.4170881739065337,0.5829118260934663
rn,opportuniste_electoral,7,lr,10.7,0.39688956684749355,0.5048275833148258,0.4951724166851742
rn,opportuniste_electoral,7,reconquete,8.2,0.2889836776698462,0.624566846773036,0.375433153226964
rn,opportuniste_electoral,7,nouvelle_energie,10.4,0.33947640527450856,0.43089187932886225,0.5691081206711377
rn,opportuniste_electoral,8,lfi,10.3,0.46,0.4741536477875084,0.5258463522124917
rn,opportuniste_electoral,8,ps,10.1,0.4100709243313657,0.433220018024289,0.566779981975711
rn,opportuniste_electoral,8,ecologistes,6.8,0.46,0.41595421419179474,0.5840457858082053
rn,opportuniste_electoral,8,horizons,12.1,0.19947247030545642,0.3693889146822146,0.6306110853177854
rn,opportuniste_electoral,8,lr,12.2,0.4043045797497774,0.49946926917119416,0.5005307308288058
rn,opportuniste_electoral,8,reconquete,7.1,0.2954726009664919,0.6199224550306279,0.38007754496937207
rn,opportuniste_electoral,8,nouvelle_energie,12.2,0.33787001092760305,0.4282123014499942,0.5717876985500058
rn,opportuniste_electoral,9,lfi,9.3,0.46,0.47199608440791724,0.5280039155920828
rn,opportuniste_electoral,9,ps,11.1,0.4099431590159336,0.43776837546839203,0.5622316245316079
rn,opportuniste_electoral,9,ecologistes,10.9,0.46,0.41198575315035857,0.5880142468496414
rn,opportuniste_electoral,9,horizons,10.9,0.1993447049900243,0.37172311712957906,0.6282768828704209
rn,opportuniste_electoral,9,lr,11.3,0.4041768144343453,0.5034059968371813,0.49659400316281865
rn,opportuniste_electoral,9,reconquete,6.2,0.3273096190790298,0.5744598153962139,0.42554018460378606
rn,opportuniste_electoral,9,nouvelle_energie,9.1,0.38774224561217085,0.4857940815466255,0.5142059184533745
rn,opportuniste_electoral,10,lfi,10.7,0.46,0.49432555746871826,0.5056744425312818
rn,opportuniste_electoral,10,ps,12.8,0.4166268868788001,0.46910516243882705,0.530894837561173
rn,opportuniste_electoral,10,ecologistes,7.3,0.46,0.4545679187539487,0.5454320812460514
rn,opportuniste_electoral,10,renaissance,10.3,0.2238613632306928,0.4143689977848225,0.5856310022151775
rn,opportuniste_electoral,10,lr,7.1,0.2707340746208226,0.4515667644695154,0.5484332355304846
rn,opportuniste_electoral,10,reconquete,6.4,0.26222818778450363,0.6061552942549674,0.3938447057450326
rn,opportuniste_electoral,10,nouvelle_energie,12.2,0.25455212711304187,0.43331878901861254,0.5666812109813875
rn,opportuniste_electoral,11,ps,11,0.38626853692801955,0.4487374250573981,0.5512625749426019
rn,opportuniste_electoral,11,ecologistes,10.5,0.40324317917417685,0.4144034538807489,0.5855965461192512
rn,opportuniste_electoral,11,renaissance,11.6,0.46,0.5177965982668502,0.4822034017331498
rn,opportuniste_electoral,11,horizons,12.6,0.46,0.5361166725258709,0.4638833274741291
rn,opportuniste_electoral,11,lr,8.4,0.3422447555358285,0.6413534609597964,0.3586465390402036
rn,opportuniste_electoral,11,reconquete,5.6,0.35529973446195073,0.6223991787361557,0.3776008212638443
rn,opportuniste_electoral,11,nouvelle_energie,10.9,0.4268720592001881,0.5748712723479531,0.4251287276520469
rn,opportuniste_electoral,12,lfi,9.8,0.34502094281893,0.36160691904105235,0.6383930809589476
rn,opportuniste_electoral,12,ecologistes,13.8,0.2961411083553518,0.3459544060990988,0.6540455939009012
rn,opportuniste_electoral,12,renaissance,9.7,0.42078274252395986,0.45665851395627954,0.5433414860437205
rn,opportuniste_electoral,12,horizons,9.5,0.45294981214615787,0.48499683674733407,0.5150031632526659
rn,opportuniste_electoral,12,lr,7.7,0.4019050117627026,0.5425470137970191,0.4574529862029809
rn,opportuniste_electoral,12,reconquete,6.3,0.33739080957574386,0.6015800364329972,0.3984199635670028
rn,opportuniste_electoral,12,nouvelle_energie,10.5,0.4369541644009652,0.530901519402203,0.469098480597797
rn,opportuniste_electoral,13,ps,9.6,0.3313546776310236,0.36851092263801766,0.6314890773619823
rn,opportuniste_electoral,13,ecologistes,7.4,0.3983293198771809,0.3884211367102428,0.6115788632897572
rn,opportuniste_electoral,13,renaissance,9.3,0.46,0.4951291674284237,0.5048708325715763
rn,opportuniste_electoral,13,horizons,9.6,0.46,0.5189397555035514,0.4810602444964486
rn,opportuniste_electoral,13,lr,12.2,0.40264267493905403,0.571381229110469,0.42861877088953104
rn,opportuniste_electoral,13,reconquete,8.5,0.29291873722463646,0.6692832687225347,0.33071673127746526
rn,opportuniste_electoral,13,nouvelle_energie,11.7,0.4376285444699314,0.5610440667806049,0.4389559332193951
rn,opportuniste_electoral,14,lfi,10.3,0.46,0.49309329175973704,0.506906708240263
rn,opportuniste_electoral,14,ps,11.3,0.40464576582592043,0.4611006815470385,0.5388993184529616
rn,opportuniste_electoral,14,ecologistes,10.6,0.46,0.4461756691692199,0.5538243308307801
rn,opportuniste_electoral,14,horizons,10.5,0.24404731180001113,0.4289449672148915,0.5710550327851085
rn,opportuniste_electoral,14,lr,9.2,0.3241800186098102,0.5704669902159376,0.4295330097840624
rn,opportuniste_electoral,14,reconquete,8.5,0.28461745083454076,0.6316122320886477,0.3683877679113523
rn,opportuniste_electoral,14,nouvelle_energie,9.5,0.38244485242215776,0.5034885200289263,0.4965114799710737
rn,opportuniste_electoral,15,lfi,10.2,0.46,0.476247320020701,0.523752679979299
rn,opportuniste_electoral,15,ps,9.8,0.46,0.4551508183073489,0.5448491816926511
rn,opportuniste_electoral,15,ecologistes,12.6,0.46,0.4375062752375749,0.5624937247624251
rn,opportuniste_electoral,15,renaissance,8.8,0.35807640463077595,0.4356263803575155,0.5643736196424844
rn,opportuniste_electoral,15,horizons,9.9,0.25036962789097833,0.3880120782017007,0.6119879217982993
rn,opportuniste_electoral,15,lr,13.1,0.1526645452379571,0.38786279546652846,0.6121372045334715
rn,opportuniste_electoral,15,reconquete,7.4,0.24027315079107997,0.5574868300338838,0.4425131699661162
rn,opportuniste_electoral,16,lfi,11.8,0.46,0.48723413488269424,0.5127658651173057
rn,opportuniste_electoral,16,ps,11.6,0.42448315108886037,0.45620765965441273,0.5437923403455873
rn,opportuniste_electoral,16,ecologistes,9.9,0.46,0.43885894809475684,0.5611410519052431
rn,opportuniste_electoral,16,renaissance,9.9,0.18171762744075307,0.36269164547857313,0.6373083545214269
rn,opportuniste_electoral,16,lr,10.6,0.32859033883088284,0.48806643447091064,0.5119335655290893
rn,opportuniste_electoral,16,reconquete,4.3,0.3185023474868765,0.5516178797088485,0.44838212029115154
rn,opportuniste_electoral,16,nouvelle_energie,11.7,0.3124083913231021,0.4684563637967383,0.5315436362032617
rn,opportuniste_electoral,17,lfi,9.4,0.46,0.5198090058216728,0.4801909941783272
rn,opportuniste_electoral,17,ps,10.4,0.46,0.4917622588724371,0.5082377411275629
rn,opportuniste_electoral,17,ecologistes,10.4,0.46,0.4858040574809635,0.5141959425190366
rn,opportuniste_electoral,17,renaissance,13.4,0.3547756357863168,0.40254591252630106,0.5974540874736989
rn,opportuniste_electoral,17,horizons,13.1,0.34681623773212555,0.46508927672803246,0.5349107232719675
rn,opportuniste_electoral,17,reconquete,4.4,0.3437164239574503,0.5104170803539875,0.4895829196460125
rn,opportuniste_electoral,17,nouvelle_energie,11.4,0.2729292075713236,0.450050514405303,0.5499494855946969
rn,opportuniste_electoral,18,lfi,12,0.46,0.48754115616764093,0.5124588438323591
rn,opportuniste_electoral,18,ps,13.1,0.46,0.4652001933707721,0.5347998066292279
rn,opportuniste_electoral,18,ecologistes,7,0.46,0.4502054741214635,0.5497945258785365
rn,opportuniste_electoral,18,renaissance,9.7,0.3058246264942656,0.3880479147331952,0.6119520852668048
rn,opportuniste_electoral,18,horizons,9.5,0.29811784975446803,0.44516092157148357,0.5548390784285164
rn,opportuniste_electoral,18,lr,12.6,0.15041276710144677,0.3906310063998889,0.6093689936001111
rn,opportuniste_electoral,18,reconquete,7.8,0.2901873165376552,0.5120946422331297,0.4879053577668703
rn,opportuniste_electoral,19,ps,9.7,0.33613614571911327,0.369583725596742,0.630416274403258
rn,opportuniste_electoral,19,ecologistes,7.9,0.35311078796527057,0.3351588980028092,0.6648411019971908
rn,opportuniste_electoral,19,renaissance,11,0.46,0.5020500462075344,0.49794995379246565
rn,opportuniste_electoral,19,horizons,10.4,0.46,0.5236141473348682,0.4763858526651318
rn,opportuniste_electoral,19,lr,10.3,0.3406810612654035,0.6311242946051117,0.36887570539488834
rn,opportuniste_electoral,19,reconquete,6.2,0.340033428326839,0.6150886382651972,0.3849113617348028
rn,opportuniste_electoral,19,nouvelle_energie,9.8,0.4250601994624905,0.5626681771416974,0.43733182285830263
rn,opportuniste_electoral,19,reconquete_dissidence_16,6.7,0.340033428326839,0.6049096204098356,0.39509037959016435
rn,parti_dabord,0,lfi,10.1,0.46,0.4332276402188714,0.5667723597811286
rn,parti_dabord,0,ps,12.8,0.4330141417017246,0.40664402004808853,0.5933559799519115
rn,parti_dabord,0,ecologistes,10.7,0.46,0.37806679367864193,0.6219332063213581
rn,parti_dabord,0,renaissance,9,0.19024861805361729,0.31941744058838695,0.680582559411613
rn,parti_dabord,0,lr,7.2,0.33712132944374706,0.4563016479594271,0.5436983520405729
rn,parti_dabord,0,reconquete,8.7,0.28945248822936237,0.5849384227132413,0.41506157728675874
rn,parti_dabord,0,nouvelle_energie,11.3,0.27093938193596634,0.3856917133358396,0.6143082866641604
rn,parti_dabord,1,lfi,8.4,0.46,0.46088472628179084,0.5391152737182092
rn,parti_dabord,1,ps,10.2,0.46,0.438834107792549,0.561165892207451
rn,parti_dabord,1,ecologistes,8.5,0.46,0.42052912407453846,0.5794708759254615
rn,parti_dabord,1,renaissance,10.5,0.36101196974470867,0.4168507888086799,0.5831492111913201
rn,parti_dabord,1,horizons,10.4,0.2533051930049111,0.37069901975438097,0.6293009802456191
rn,parti_dabord,1,lr,9.3,0.1556001103518899,0.37054690583398225,0.6294530941660177
rn,parti_dabord,1,reconquete,9.8,0.274592855039618,0.5494120227475204,0.45058797725247957
rn,parti_dabord,2,ps,11.8,0.39473364648694775,0.38909764753828724,0.6109023524617128
rn,parti_dabord,2,ecologistes,9.5,0.41170828873310505,0.3472003409474653,0.6527996590525347
rn,parti_dabord,2,renaissance,8.4,0.46,0.4613743404387505,0.5386256595612495
rn,parti_dabord,2,horizons,12.1,0.46,0.4894432352149681,0.510556764785032
rn,parti_dabord,2,lr,10.8,0.4263390344212965,0.5476039986166086,0.4523960013833914
rn,parti_dabord,2,reconquete,6.8,0.3089738897098116,0.6264847079139686,0.3735152920860314
rn,parti_dabord,2,nouvelle_energie,9.3,0.46,0.5348695275721391,0.4651304724278609
rn,parti_dabord,3,ps,12.4,0.34337477751906154,0.3451844077096874,0.6548155922903126
rn,parti_dabord,3,ecologistes,10,0.4103494197652188,0.36270305978607864,0.6372969402139214
rn,parti_dabord,3,renaissance,9.5,0.46,0.4748763441098966,0.5251236558901033
rn,parti_dabord,3,horizons,11.5,0.46,0.5035234408828096,0.49647655911719035
rn,parti_dabord,3,lr,10.9,0.414705546618678,0.5576712500229716,0.4423287499770284
rn,parti_dabord,3,reconquete,4.5,0.29086212124057415,0.6661120327448589,0.33388796725514114
rn,parti_dabord,3,nouvelle_energie,12.2,0.44958662539112676,0.5461137976420455,0.4538862023579545
rn,parti_dabord,4,lfi,9,0.40873364648694777,0.39486094487918233,0.6051390551208177
rn,parti_dabord,4,ecologistes,10.9,0.34985381202336957,0.33707935096378927,0.6629206490362107
rn,parti_dabord,4,renaissance,11.7,0.43449544619197766,0.4381321221402079,0.5618678778597921
rn,parti_dabord,4,horizons,12.2,0.46,0.46732731727687793,0.5326726827231221
rn,parti_dabord,4,lr,11.8,0.41984662812978896,0.5269702594699913,0.4730297405300087
rn,parti_dabord,4,reconquete,7.1,0.3332969551798604,0.6176082688802784,0.3823917311197216
rn,parti_dabord,4,nouvelle_energie,10.9,0.4562828729743191,0.513509207983831,0.48649079201616896
rn,parti_dabord,5,lfi,9.9,0.3513720619367571,0.6674008826418766,0.3325991173581234
rn,parti_dabord,5,ecologistes,11.7,0.2524922274731789,0.7210207421053574,0.2789792578946426
rn,parti_dabord,5,renaissance,9.4,0.42713386164178696,0.5674318043194384,0.4325681956805616
rn,parti_dabord,5,horizons,10.3,0.45930093126398497,0.5365867686709398,0.4634132313290602
rn,parti_dabord,5,lr,10.3,0.42175772257232724,0.47381932646859837,0.5261806735314016
rn,parti_dabord,5,reconquete,8.5,0.29558565905127526,0.3788824455833545,0.6211175544166455
rn,parti_dabord,5,nouvelle_energie,13.2,0.457224666657053,0.4870184582394698,0.5129815417605301
rn,parti_dabord,6,lfi,7.1,0.46,0.44044046862080677,0.5595595313791932
rn,parti_dabord,6,ps,11.9,0.4169028749097994,0.4091626790408865,0.5908373209591136
rn,parti_dabord,6,ecologistes,12.7,0.46,0.3743871924186788,0.6256128075813212
rn,parti_dabord,6,horizons,8.9,0.2563044208838901,0.3889509174766777,0.6110490825233224
rn,parti_dabord,6,lr,7.5,0.41113653032821107,0.4818705291763079,0.5181294708236921
rn,parti_dabord,6,reconquete,2.5,0.30421095055472097,0.5880966571825043,0.41190334281749574
rn,parti_dabord,6,nouvelle_energie,10.5,0.3447019615060367,0.4079892658500518,0.5920107341499482
rn,parti_dabord,6,reconquete_dissidence_20,8,0.34421095055472095,0.5527807475133374,0.4472192524866626
rn,parti_dabord,7,ps,8.5,0.3905742124908185,0.41079262160192637,0.5892073783980736
rn,parti_dabord,7,ecologistes,9.2,0.3575488547369758,0.314152139433132,0.685847860566868
rn,parti_dabord,7,renaissance,8.1,0.46,0.4833733861333138,0.5166266138666862
rn,parti_dabord,7,horizons,11.4,0.46,0.5102724429404951,0.4897275570595049
rn,parti_dabord,7,lr,13,0.4252237606538236,0.5627606228736507,0.4372393771263493
rn,parti_dabord,7,reconquete,7.1,0.31059208966773105,0.6682733997457686,0.3317266002542314
rn,parti_dabord,7,nouvelle_energie,8.2,0.46,0.5512115386101019,0.44878846138989814
rn,parti_dabord,8,lfi,10.2,0.46,0.46811481760597157,0.5318851823940285
rn,parti_dabord,8,ps,12.3,0.46,0.44780834653334517,0.5521916534666549
rn,parti_dabord,8,ecologistes,9.3,0.46,0.4266914126729776,0.5733085873270224
rn,parti_dabord,8,renaissance,8.7,0.3658847500063086,0.42349507910974493,0.5765049208902551
rn,parti_dabord,8,horizons,9.3,0.3081779732665111,0.42882615235048427,0.5711738476495157
rn,parti_dabord,8,lr,12.2,0.2104728906134898,0.41397159485650126,0.5860284051434987
rn,parti_dabord,8,reconquete,8,0.27677580659286033,0.5517111100161743,0.44828888998382566
rn,parti_dabord,9,ps,10.1,0.33961813629509763,0.347718934769499,0.652281065230501
rn,parti_dabord,9,ecologistes,10.2,0.4065927785412549,0.36378115795126104,0.6362188420487389
rn,parti_dabord,9,renaissance,11.6,0.46,0.47625863130952206,0.5237413686904779
rn,parti_dabord,9,horizons,10,0.46,0.5047998768711325,0.4952001231288675
rn,parti_dabord,9,lr,8.8,0.41990393844007223,0.5595440311117524,0.44045596888824756
rn,parti_dabord,9,reconquete,5.6,0.29644223049657387,0.6344064688115405,0.3655935311884595
rn,parti_dabord,9,nouvelle_energie,10.6,0.45694152263457255,0.5476862823991776,0.4523137176008224
rn,parti_dabord,10,lfi,12.7,0.46,0.47297942171140145,0.5270205782885986
rn,parti_dabord,10,ps,11.4,0.4255211568754452,0.43616566616355845,0.5638343338364415
rn,parti_dabord,10,ecologistes,7.1,0.46,0.42220416532555705,0.577795834674443
rn,parti_dabord,10,renaissance,7.6,0.18275563322733787,0.3482527820139468,0.6517472179860532
rn,parti_dabord,10,lr,10.1,0.32962834461746765,0.4799910003200907,0.5200089996799093
rn,parti_dabord,10,reconquete,8.9,0.2648792418379038,0.598412458442164,0.40158754155783605
rn,parti_dabord,10,nouvelle_energie,10,0.3134463971096869,0.4623454951799356,0.5376545048200644
rn,parti_dabord,11,lfi,11.4,0.46,0.4564731986429825,0.5435268013570175
rn,parti_dabord,11,ps,9.8,0.43273475109439397,0.42857131582616703,0.571428684173833
rn,parti_dabord,11,ecologistes,10.8,0.46,0.40692862636361093,0.5930713736363891
rn,parti_dabord,11,renaissance,8.8,0.22996922744628662,0.3463277965696029,0.6536722034303971
rn,parti_dabord,11,lr,12.1,0.33684193883641644,0.46469554337064467,0.5353044566293553
rn,parti_dabord,11,reconquete,7.4,0.3543726625811028,0.5289874899951484,0.47101251000485156
rn,parti_dabord,11,nouvelle_energie,11.8,0.32065999132863565,0.44726070930188006,0.5527392906981199
rn,parti_dabord,12,lfi,11.6,0.4009639658637111,0.4071115374926753,0.5928884625073247
rn,parti_dabord,12,ecologistes,9.2,0.34208413140013283,0.353262176938828,0.646737823061172
rn,parti_dabord,12,renaissance,8.3,0.426725765568741,0.44363028070350435,0.5563697192964956
rn,parti_dabord,12,horizons,13.6,0.45889283519093893,0.47316158628650173,0.5268384137134983
rn,parti_dabord,12,lr,9.7,0.417113963566932,0.532194592584145,0.46780540741585497
rn,parti_dabord,12,reconquete,5,0.31107394988374076,0.6558323719669323,0.34416762803306766
rn,parti_dabord,12,nouvelle_energie,10.9,0.45052540515222195,0.5196589836847539,0.48034101631524606
rn,parti_dabord,13,lfi,12.7,0.46,0.5408294782498331,0.4591705217501669
rn,parti_dabord,13,ps,10.9,0.4255731488133347,0.5688164970953822,0.4311835029046178
rn,parti_dabord,13,ecologistes,7.3,0.46,0.5847515060535391,0.4152484939464609
rn,parti_dabord,13,renaissance,11,0.2228076251652274,0.6409041946812666,0.3590958053187334
rn,parti_dabord,13,lr,8.4,0.32968033655535717,0.5258015812092115,0.4741984187907885
rn,parti_dabord,13,reconquete,6.9,0.2691954499394328,0.400276761041408,0.599723238958592
rn,parti_dabord,13,nouvelle_energie,12.4,0.31349838904757643,0.5429845647916507,0.4570154352083493
rn,parti_dabord,14,lfi,10.1,0.39990891550677454,0.6100071291120863,0.3899928708879137
rn,parti_dabord,14,ecologistes,10.1,0.2910290810431964,0.7182888454528661,0.2817111545471339
rn,parti_dabord,14,renaissance,10.7,0.42567071521180444,0.5777604047258047,0.4222395952741953
rn,parti_dabord,14,horizons,10.1,0.4578377848340025,0.5423077225043419,0.4576922774956581
rn,parti_dabord,14,lr,10.9,0.4183061918489617,0.4815452819651584,0.5184547180348416
rn,parti_dabord,14,reconquete,4.9,0.3257047636640879,0.3884340985718915,0.6115659014281085
rn,parti_dabord,14,nouvelle_energie,13.7,0.45334061536644965,0.4954012738513854,0.5045987261486147
rn,parti_dabord,15,lfi,8.7,0.46,0.44812094831488125,0.5518790516851187
rn,parti_dabord,15,ps,9.3,0.41415100656907256,0.4256130156304132,0.5743869843695868
rn,parti_dabord,15,ecologistes,7,0.46,0.3960749122600396,0.6039250877399605
rn,parti_dabord,15,horizons,13.2,0.29355255254316326,0.42148976804200877,0.5785102319579912
rn,parti_dabord,15,lr,9.8,0.4077205291902144,0.49402227684866873,0.5059777231513313
rn,parti_dabord,15,reconquete,9.1,0.24275412165984492,0.6442413191833183,0.3557586808166817
rn,parti_dabord,15,nouvelle_energie,11,0.3919500931653098,0.4770031499600719,0.522996850039928
rn,parti_dabord,16,lfi,8.8,0.46,0.4582811513840991,0.5417188486159009
rn,parti_dabord,16,ps,12.1,0.417957209057804,0.42367805881542203,0.5763219411845779
rn,parti_dabord,16,ecologistes,10.4,0.46,0.3934443195928188,0.6065556804071812
rn,parti_dabord,16,horizons,11.8,0.2073587550318947,0.354741064345119,0.645258935654881
rn,parti_dabord,16,lr,8.7,0.41197743482075877,0.48730847156254004,0.51269152843746
rn,parti_dabord,16,reconquete,8.2,0.31308149057861817,0.5909440155197274,0.4090559844802726
rn,parti_dabord,16,nouvelle_energie,10.3,0.39575629565404125,0.466431630100043,0.5335683698999569
rn,parti_dabord,17,lfi,9.5,0.46,0.5307648898922034,0.4692351101077966
rn,parti_dabord,17,ps,11.3,0.46,0.5581478348610176,0.4418521651389824
rn,parti_dabord,17,ecologistes,12.9,0.46,0.5837873882043012,0.4162126117956988
rn,parti_dabord,17,renaissance,8.1,0.3670658763209032,0.6411431756258326,0.35885682437416744
rn,parti_dabord,17,horizons,10.4,0.35910647826671205,0.5700404876757528,0.42995951232424723
rn,parti_dabord,17,reconquete,8.6,0.29054691730944354,0.44997558941190136,0.5500244105880987
rn,parti_dabord,17,nouvelle_energie,10.3,0.28521944810591005,0.5795200475115531,0.42047995248844694
rn,parti_dabord,18,lfi,10.1,0.3526683330576771,0.33197926296367564,0.6680207370363244
rn,parti_dabord,18,ecologistes,12.1,0.3437884985940989,0.334551214840215,0.665448785159785
rn,parti_dabord,18,renaissance,10.7,0.42843013276270697,0.42877604093148525,0.5712239590685148
rn,parti_dabord,18,horizons,10.7,0.46,0.460263920829037,0.539736079170963
rn,parti_dabord,18,lr,8.5,0.4410706871643109,0.5245369981493857,0.4754630018506143
rn,parti_dabord,18,reconquete,4.2,0.2702765201849857,0.673442911564283,0.32655708843571696
rn,parti_dabord,18,nouvelle_energie,10.7,0.46,0.510346064795617,0.48965393520438305
rn,parti_dabord,19,lfi,9.8,0.46,0.4746097250765864,0.5253902749234136
rn,parti_dabord,19,ps,9.9,0.46,0.45273961194789514,0.5472603880521049
rn,parti_dabord,19,ecologistes,8.9,0.46,0.4397034929529135,0.5602965070470864
rn,parti_dabord,19,renaissance,7.9,0.3124939307566204,0.37411081854195244,0.6258891814580476
rn,parti_dabord,19,horizons,13.7,0.30478715401682277,0.43368045402209787,0.5663195459779021
rn,parti_dabord,19,lr,11.5,0.19708207136380157,0.4006553873033061,0.5993446126966939
rn,parti_dabord,19,reconquete,8.4,0.2683332389536976,0.5373296950845949,0.46267030491540506
rn,mediatique,0,lfi,11.5,0.40189542384212784,0.40642239730154084,0.5935776026984592
rn,mediatique,0,ecologistes,8.2,0.3430155893785497,0.34694183987519944,0.6530581601248006
rn,mediatique,0,renaissance,11.6,0.42765722354715774,0.44083749854617277,0.5591625014538273
rn,mediatique,0,horizons,11,0.4598242931693558,0.46632772700360037,0.5336722729963996
rn,mediatique,0,lr,11.9,0.4288626197039913,0.5306589248737924,0.4693410751262076
rn,mediatique,0,reconquete,3.8,0.3212517449638767,0.6516994690865194,0.34830053091348057
rn,mediatique,0,nouvelle_energie,11.5,0.46,0.5174219579328675,0.4825780420671325
rn,mediatique,1,lfi,10.4,0.40066563091759444,0.37300795088296623,0.6269920491170338
rn,mediatique,1,ecologistes,10.7,0.34178579645401624,0.3198207310566251,0.6801792689433749
rn,mediatique,1,renaissance,10.5,0.42642743062262434,0.4228726357031898,0.5771273642968102
rn,mediatique,1,horizons,9.9,0.45859450024482235,0.4545000899797431,0.5454999100202569
rn,mediatique,1,lr,10.2,0.4180273392553027,0.5188677738892544,0.4811322261107456
rn,mediatique,1,reconquete,5.3,0.293182285911692,0.6433908086288516,0.35660919137114844
rn,mediatique,1,nouvelle_energie,10,0.45586404200856256,0.5043156647338944,0.49568433526610556
rn,mediatique,2,lfi,11.3,0.347931025941346,0.3419893396312369,0.6580106603687631
rn,mediatique,2,ecologistes,12.3,0.2890511914777678,0.297165901451131,0.702834098548869
rn,mediatique,2,renaissance,12.3,0.4236928256463759,0.43974611302062955,0.5602538869793705
rn,mediatique,2,horizons,9.3,0.4558598952685739,0.4706683620189809,0.5293316379810191
rn,mediatique,2,lr,10.7,0.40353113316837996,0.5354956506227732,0.46450434937722684
rn,mediatique,2,reconquete,4.6,0.296223021969255,0.6534157714138858,0.34658422858611415
rn,mediatique,2,nouvelle_energie,8,0.44070040278076117,0.5222794275003263,0.4777205724996737
rn,mediatique,3,lfi,10.8,0.46,0.4531377276681506,0.5468622723318495
rn,mediatique,3,ps,9.9,0.46,0.43338656010668936,0.5666134398933107
rn,mediatique,3,ecologistes,8.4,0.46,0.40499192922861804,0.595008070771382
rn,mediatique,3,renaissance,11.7,0.31440663771614297,0.35670603342028373,0.6432939665797163
rn,mediatique,3,horizons,10,0.3066998609763454,0.41920453825959036,0.5807954617404096
rn,mediatique,3,lr,10.7,0.19899477832332418,0.38476210155797835,0.6152378984420217
rn,mediatique,3,reconquete,4.7,0.27266416553905765,0.5493722641412502,0.4506277358587498
rn,mediatique,4,lfi,7.6,0.39687325459202044,0.6154073699338625,0.38459263006613753
rn,mediatique,4,ecologistes,8,0.33799342012844225,0.6549608176664938,0.34503918233350617
rn,mediatique,4,renaissance,9.5,0.42263505429705034,0.5601014049560311,0.4398985950439689
rn,mediatique,4,horizons,10.8,0.45480212391924835,0.5306378747098278,0.4693621252901722
rn,mediatique,4,lr,9.6,0.397914665663817,0.47162312554003544,0.5283768744599646
rn,mediatique,4,reconquete,3.2,0.34413827095938393,0.40852831797321404,0.591471682026786
rn,mediatique,4,nouvelle_energie,12.3,0.4325597262099177,0.4842581502264985,0.5157418497735016
rn,mediatique,4,rn_dissidence_23,10.5,0.24223960810507267,0.443442559441123,0.556557440558877
rn,mediatique,5,ps,11.9,0.39322280861615433,0.3938096579603368,0.6061903420396633
rn,mediatique,5,ecologistes,12.1,0.41019745086231163,0.36358041146595543,0.6364195885340446
rn,mediatique,5,renaissance,9.1,0.46,0.4764978206093499,0.52350217939065
rn,mediatique,5,horizons,10.5,0.46,0.502320221194766,0.49767977880523395
rn,mediatique,5,lr,9.7,0.40833707337192604,0.5574264605224345,0.4425735394775655
rn,mediatique,5,reconquete,4.9,0.3554767697274531,0.5986477901174735,0.4013522098825265
rn,mediatique,5,nouvelle_energie,12.8,0.44776982600608983,0.5448857700741594,0.4551142299258406
rn,mediatique,6,lfi,9,0.46,0.574167961498301,0.42583203850169904
rn,mediatique,6,ps,12.3,0.4362625158141757,0.6014342371855231,0.39856576281447686
rn,mediatique,6,ecologistes,11.3,0.46,0.6408907822687825,0.3591092177312175
rn,mediatique,6,renaissance,9.3,0.1934969921660684,0.6940576678625092,0.3059423321374908
rn,mediatique,6,lr,12.1,0.2903697035561982,0.607703980742288,0.39229601925771196
rn,mediatique,6,reconquete,9.3,0.3374384579318095,0.4831895200396007,0.5168104799603993
rn,mediatique,6,nouvelle_energie,9.2,0.32418775604841743,0.5721848128430175,0.4278151871569825
rn,mediatique,7,lfi,9.7,0.3525077694641715,0.6737033292022985,0.3262966707977015
rn,mediatique,7,ecologistes,8.3,0.2936279350005933,0.7333937136669268,0.26660628633307315
rn,mediatique,7,renaissance,11.8,0.4282695691692014,0.5789838061353562,0.42101619386464384
rn,mediatique,7,horizons,10.1,0.46,0.541980229222732,0.45801977077726796
rn,mediatique,7,lr,13.3,0.41752057273928506,0.4778195000884157,0.5221804999115842
rn,mediatique,7,reconquete,4.9,0.3330796247110621,0.40838992465590396,0.591610075344096
rn,mediatique,7,nouvelle_energie,9.5,0.45313612924285324,0.49148221184080826,0.5085177881591918
rn,mediatique,8,ps,11.7,0.3436336464869478,0.3266736566206259,0.6733263433793741
rn,mediatique,8,ecologistes,11.2,0.41060828873310506,0.3388658203812566,0.6611341796187433
rn,mediatique,8,renaissance,11.5,0.46,0.44975336038189034,0.5502466396181096
rn,mediatique,8,horizons,11.8,0.46,0.4779080743769664,0.5220919256230336
rn,mediatique,8,lr,8.7,0.43184482234675736,0.5352548945740829,0.46474510542591707
rn,mediatique,8,reconquete,4.6,0.36433372659806773,0.5852085533093443,0.4147914466906557
rn,mediatique,8,nouvelle_energie,9.3,0.46,0.5219283443469844,0.47807165565301557
rn,mediatique,9,ps,10.8,0.28463364648694783,0.41892252802000407,0.5810774719799959
rn,mediatique,9,ecologistes,8.9,0.30160828873310513,0.39964023930205694,0.6003597606979431
rn,mediatique,9,renaissance,7.7,0.14979699216606837,0.6418287787554761,0.35817122124452394
rn,mediatique,9,lr,10.3,0.29666970355619815,0.5853541807353039,0.4146458192646961
rn,mediatique,9,rn,13.1,0.4172543762085371,0.5512989064534229,0.44870109354657706
rn,mediatique,9,reconquete,8.2,0.44650053285801405,0.568839107819705,0.43116089218029496
rn,mediatique,9,nouvelle_energie,12.6,0.28048775604841747,0.5898040614791621,0.4101959385208379
rn,mediatique,10,lfi,12.4,0.46,0.44178631721127887,0.5582136827887212
rn,mediatique,10,ps,11.3,0.42852903144279253,0.4288676752432652,0.5711323247567348
rn,mediatique,10,ecologistes,11.1,0.46,0.4002587812735565,0.5997412187264435
rn,mediatique,10,renaissance,10.9,0.22576350779468524,0.34746908922178193,0.652530910778218
rn,mediatique,10,lr,9.8,0.282636219184815,0.4194249601987066,0.5805750398012934
rn,mediatique,10,reconquete,5.1,0.33190476261504365,0.5391991658537818,0.4608008341462182
rn,mediatique,10,nouvelle_energie,8.9,0.2664542716770343,0.39941085679450267,0.6005891432054973
rn,mediatique,11,lfi,11.2,0.46,0.4747028236138586,0.5252971763861414
rn,mediatique,11,ps,9.7,0.4137102597459932,0.44130861696327683,0.5586913830367232
rn,mediatique,11,ecologistes,8.7,0.46,0.4149131959836512,0.5850868040163488
rn,mediatique,11,horizons,9.4,0.2931118057200839,0.44192251769055474,0.5580774823094452
rn,mediatique,11,lr,10.5,0.3829459387902302,0.5072618217610343,0.4927381782389657
rn,mediatique,11,reconquete,7,0.29058664465752243,0.6332760692949112,0.3667239307050888
rn,mediatique,11,nouvelle_energie,10.8,0.39150934634223045,0.4907271901246437,0.5092728098753563
rn,mediatique,11,rn_dissidence_15,8.8,0.246758479083072,0.5550826689683969,0.44491733103160314
rn,mediatique,12,ps,11,0.39211603638146375,0.39544641860824675,0.6045535813917533
rn,mediatique,12,ecologistes,11.4,0.40909067862762105,0.3477060733056643,0.6522939266943357
rn,mediatique,12,renaissance,8.7,0.46,0.4607639604962492,0.5392360395037508
rn,mediatique,12,horizons,10.8,0.46,0.4945383407610216,0.5054616592389785
rn,mediatique,12,lr,12,0.42210523188697946,0.5537485576588265,0.44625144234117353
rn,mediatique,12,reconquete,5.9,0.35016226231776515,0.6063205797512716,0.3936794202487284
rn,mediatique,12,nouvelle_energie,8.2,0.45809984879822385,0.5410877366528261,0.45891226334717394
rn,mediatique,13,lfi,9.6,0.46,0.45565340796005,0.54434659203995
rn,mediatique,13,ps,13.7,0.4231255332298851,0.43854248884356195,0.561457511156438
rn,mediatique,13,ecologistes,10.6,0.46,0.4153953818753575,0.5846046181246425
rn,mediatique,13,renaissance,10,0.1803600095817778,0.3460556969579472,0.6539443030420529
rn,mediatique,13,lr,11.3,0.3272327209719076,0.47670446008834355,0.5232955399116564
rn,mediatique,13,reconquete,3.5,0.3214729575617152,0.5393182879119666,0.46068171208803343
rn,mediatique,13,nouvelle_energie,11.3,0.26105077346412686,0.4088794389278999,0.5911205610721001
rn,mediatique,14,ps,10,0.3885927559524644,0.43491267224854574,0.5650873277514543
rn,mediatique,14,ecologistes,7.2,0.3555673981986217,0.3438804413600705,0.6561195586399295
rn,mediatique,14,renaissance,12.8,0.46,0.5053943439025987,0.49460565609740126
rn,mediatique,14,horizons,11.2,0.46,0.5280534889700343,0.47194651102996565
rn,mediatique,14,lr,11.3,0.38436676500646016,0.5773024882111977,0.4226975117888023
rn,mediatique,14,reconquete,7.2,0.34347530474729493,0.6133483611139606,0.3866516388860394
rn,mediatique,14,nouvelle_energie,11.4,0.4214698445461866,0.5673004382989593,0.43269956170104074
rn,mediatique,15,lfi,13.4,0.46,0.41562114309748444,0.5843788569025156
rn,mediatique,15,ps,10.1,0.4168370032789973,0.3965759561391725,0.6034240438608275
rn,mediatique,15,ecologistes,9.2,0.46,0.3563326568800197,0.6436673431199803
rn,mediatique,15,horizons,10.9,0.296238549253088,0.4037758923287744,0.5962241076712256
rn,mediatique,15,lr,10.1,0.411070658697409,0.4769342798638979,0.5230657201361021
rn,mediatique,15,reconquete,5.7,0.2884436572454708,0.6199566620883763,0.3800433379116237
rn,mediatique,15,nouvelle_energie,9.3,0.3946360898752347,0.4580199476815968,0.5419800523184032
rn,mediatique,16,lfi,9.4,0.46,0.487551628648757,0.512448371351243
rn,mediatique,16,ps,10.9,0.46,0.4796682898294725,0.5203317101705275
rn,mediatique,16,ecologistes,12.3,0.46,0.4688111010896438,0.5311888989103561
rn,mediatique,16,renaissance,10.9,0.409688900361564,0.45765995754851724,0.5423400424514828
rn,mediatique,16,horizons,10.4,0.35172950230737277,0.459078042320677,0.5409219576793229
rn,mediatique,16,reconquete,5.4,0.3495987003614801,0.5014837601201865,0.4985162398798135
rn,mediatique,16,nouvelle_energie,9.4,0.2378424721465708,0.4221858648021216,0.5778141351978784
rn,mediatique,17,lfi,8.5,0.3288082887331051,0.42758741573022124,0.5724125842697787
rn,mediatique,17,ps,8.8,0.2529538120233696,0.4370216705322375,0.5629783294677625
rn,mediatique,17,renaissance,12.8,0.21699699216606838,0.536726012952453,0.46327398704754696
rn,mediatique,17,lr,7.9,0.27386970355619816,0.567444565375228,0.432555434624772
rn,mediatique,17,rn,13.5,0.3939179328255083,0.5637506762459082,0.43624932375409176
rn,mediatique,17,reconquete,6.9,0.42370053285801407,0.5733698434829879,0.4266301565170121
rn,mediatique,17,nouvelle_energie,12.7,0.2576877560484174,0.5687074092318961,0.4312925907681039
rn,mediatique,18,lfi,7.1,0.46,0.49496845476076096,0.5050315452392391
rn,mediatique,18,ps,12.3,0.46,0.4960022863934341,0.5039977136065659
rn,mediatique,18,ecologistes,8,0.46,0.4779334284176195,0.5220665715823805
rn,mediatique,18,renaissance,7,0.46,0.49840111973644,0.50159888026356
rn,mediatique,18,horizons,8.6,0.46,0.5001630880650458,0.49983691193495416
rn,mediatique,18,lr,12,0.4397029136178292,0.5023253459656603,0.49767465403433975
rn,mediatique,18,reconquete,4.4,0.36004740469372687,0.50108238441544,0.49891761558456005
rn,mediatique,18,nouvelle_energie,11.7,0.46,0.5015379111198351,0.49846208888016486
rn,mediatique,19,lfi,9.2,0.46,0.4163368015832352,0.5836631984167648
rn,mediatique,19,ps,9.4,0.4235274199478486,0.396845319333049,0.603154680666951
rn,mediatique,19,ecologistes,7.2,0.46,0.35776685275029774,0.6422331472497023
rn,mediatique,19,horizons,12.6,0.2129289659219393,0.33364120551202137,0.6663587944879786
rn,mediatique,19,lr,12.6,0.4177610753662603,0.47216169815418835,0.5278383018458117
rn,mediatique,19,reconquete,4.3,0.36066968512438935,0.5531202485534794,0.4468797514465206
rn,mediatique,19,nouvelle_energie,11.1,0.40132650654408597,0.45319856821528337,0.5468014317847166
rn,mediatique,19,reconquete_dissidence_21,6.3,0.31066968512438936,0.6074452752106285,0.3925547247893715
rn,contrarien,0,lfi,13,0.46,0.4453329925403326,0.5546670074596673
rn,contrarien,0,ps,11,0.43296251581417566,0.421724270321456,0.578275729678544
rn,contrarien,0,ecologistes,8.2,0.46,0.3920129497709033,0.6079870502290967
rn,contrarien,0,renaissance,10.3,0.2801969921660684,0.3980360528295494,0.6019639471704505
rn,contrarien,0,lr,10.4,0.33706970355619814,0.47053150462169546,0.5294684953783045
rn,contrarien,0,reconquete,5,0.31680263155105204,0.5316369135623584,0.4683630864376416
rn,contrarien,0,nouvelle_energie,9.6,0.32088775604841746,0.4499779972712098,0.5500220027287902
rn,contrarien,1,lfi,12.7,0.46,0.42435303577011485,0.5756469642298851
rn,contrarien,1,ps,13.9,0.43606251581417566,0.4055272983936495,0.5944727016063505
rn,contrarien,1,ecologistes,7.7,0.46,0.36848586433607555,0.6315141356639244
rn,contrarien,1,renaissance,13.1,0.1932969921660684,0.3284291075776924,0.6715708924223076
rn,contrarien,1,lr,8,0.34016970355619813,0.4639219944384742,0.5360780055615257
rn,contrarien,1,reconquete,8.1,0.3082504976816819,0.5355503257849451,0.4644496742150549
rn,contrarien,1,nouvelle_energie,8,0.27398775604841746,0.3930547903718955,0.6069452096281045
rn,contrarien,2,lfi,12.1,0.4067336464869478,0.6136707612901402,0.3863292387098598
rn,contrarien,2,ecologistes,8.2,0.25785381202336966,0.729668791532571,0.270331208467429
rn,contrarien,2,renaissance,12.8,0.4324954461919777,0.5661109578560397,0.4338890421439603
rn,contrarien,2,horizons,11.4,0.46,0.539353683487765,0.460646316512235
rn,contrarien,2,lr,12.9,0.41023392380912044,0.47770482907042,0.52229517092958
rn,contrarien,2,reconquete,6.8,0.3497842987025561,0.41039398118016557,0.5896060188198344
rn,contrarien,2,nouvelle_energie,7.9,0.44078639019723515,0.49006070406586055,0.5099392959341394
rn,contrarien,3,ps,9,0.2879336464869478,0.4210187172574812,0.5789812827425188
rn,contrarien,3,ecologistes,10.4,0.3049082887331051,0.39681647234005935,0.6031835276599407
rn,contrarien,3,renaissance,9.1,0.1930969921660684,0.6255584202071386,0.3744415797928614
rn,contrarien,3,lr,12.4,0.2999697035561982,0.5867550742673261,0.4132449257326739
rn,contrarien,3,rn,10.6,0.40541596394017887,0.547379316588646,0.452620683411354
rn,contrarien,3,reconquete,7.4,0.4498005328580141,0.5701453958745812,0.42985460412541876
rn,contrarien,3,nouvelle_energie,12.1,0.28378775604841744,0.591289157852628,0.40871084214737197
rn,contrarien,4,lfi,12.5,0.46,0.5387952174029853,0.4612047825970147
rn,contrarien,4,ps,8.3,0.4272134174144131,0.566548621700042,0.43345137829995795
rn,contrarien,4,ecologistes,7.9,0.46,0.600856399146189,0.39914360085381095
rn,contrarien,4,renaissance,12.4,0.23444789376630584,0.6173025071070736,0.3826974928929264
rn,contrarien,4,lr,11.4,0.3313206051564356,0.5190424336498388,0.4809575663501612
rn,contrarien,4,reconquete,9.2,0.2915441652966888,0.45373605070645706,0.5462639492935429
rn,contrarien,4,nouvelle_energie,11.8,0.2651386576486549,0.587316000806728,0.41268399919327203
rn,contrarien,5,ecologistes,8,0.2561538120233696,0.4254475627478678,0.5745524372521322
rn,contrarien,5,renaissance,9.2,0.3907954461919777,0.46285345562425806,0.5371465443757419
rn,contrarien,5,horizons,10.1,0.4229625158141757,0.4675637275931144,0.5324362724068856
rn,contrarien,5,lr,10.2,0.46,0.4735117861271511,0.5264882138728488
rn,contrarien,5,rn,12.2,0.46,0.4931576193428136,0.5068423806571865
rn,contrarien,5,reconquete,6.7,0.46,0.49309511643579745,0.5069048835642025
rn,contrarien,5,nouvelle_energie,13.7,0.46,0.4721100573066493,0.5278899426933508
rn,contrarien,6,lfi,10.3,0.46,0.500509442239878,0.49949055776012197
rn,contrarien,6,ps,12.5,0.3627954461919777,0.49429796304972246,0.5057020369502776
rn,contrarien,6,ecologistes,8,0.42323983584658964,0.489374942328887,0.510625057671113
rn,contrarien,6,lr,10.5,0.24906970355619817,0.5740510980249162,0.42594890197508384
rn,contrarien,6,rn,12.3,0.40544654554507636,0.5277904905654486,0.4722095094345514
rn,contrarien,6,reconquete,8.5,0.44890053285801407,0.5302510330352697,0.46974896696473034
rn,contrarien,6,nouvelle_energie,11.2,0.23288775604841744,0.5728002339260986,0.4271997660739014
rn,contrarien,7,lfi,10.4,0.3554336464869478,0.6719093694680902,0.3280906305319098
rn,contrarien,7,ecologistes,11.2,0.3065538120233696,0.6902487449554039,0.3097512550445961
rn,contrarien,7,renaissance,11.5,0.4311954461919777,0.5681296767906795,0.4318703232093205
rn,contrarien,7,horizons,12,0.46,0.5373061428444814,0.4626938571555186
rn,contrarien,7,lr,9.1,0.3921634455030359,0.47739847319298484,0.5226015268070152
rn,contrarien,7,reconquete,4.7,0.35295364370284943,0.4181667566765632,0.5818332433234368
rn,contrarien,7,nouvelle_energie,11.7,0.42486587789379854,0.490086658696162,0.5099133413038379
rn,contrarien,8,lfi,11.6,0.46,0.5345663494119766,0.46543365058802344
rn,contrarien,8,ps,12.7,0.42265226259544453,0.5684657496210952,0.4315342503789048
rn,contrarien,8,ecologistes,10.4,0.46,0.592756574146334,0.407243425853666
rn,contrarien,8,renaissance,8.8,0.2698867389473372,0.589159071316824,0.410840928683176
rn,contrarien,8,lr,10.9,0.276759450337467,0.5712059118701149,0.42879408812988506
rn,contrarien,8,reconquete,6,0.31205403175541613,0.4614102614425383,0.5385897385574616
rn,contrarien,8,nouvelle_energie,10.6,0.31057750282968627,0.5376579442614741,0.46234205573852594
rn,contrarien,9,lfi,12.3,0.46,0.5295922688945657,0.4704077311054343
rn,contrarien,9,ps,9.9,0.3963625158141757,0.5342921274286877,0.4657078725713123
rn,contrarien,9,ecologistes,7.7,0.46,0.5475236977819297,0.45247630221807034
rn,contrarien,9,renaissance,7.9,0.1935969921660684,0.5880348684996284,0.4119651315003716
rn,contrarien,9,rn,13.8,0.3296787281145765,0.47252247610011405,0.5274775238998859
rn,contrarien,9,reconquete,8.6,0.292544542999036,0.3988803797662724,0.6011196202337277
rn,contrarien,9,nouvelle_energie,12.2,0.13658267339539623,0.4158083708591085,0.5841916291408915
rn,contrarien,10,lfi,11.5,0.46,0.45761368246955697,0.5423863175304431
rn,contrarien,10,ps,12.4,0.43090293247719136,0.4333216608968842,0.5666783391031158
rn,contrarien,10,ecologistes,10.1,0.46,0.3987782882459344,0.6012217117540656
rn,contrarien,10,renaissance,8.2,0.1881374088290841,0.3472107099945022,0.6527892900054978
rn,contrarien,10,lr,9.5,0.33501012021921384,0.4783982080834849,0.5216017919165151
rn,contrarien,10,reconquete,8.3,0.31419629171381064,0.5437701162511202,0.45622988374887985
rn,contrarien,10,nouvelle_energie,11.9,0.31882817271143316,0.4620649728165051,0.5379350271834948
rn,contrarien,11,lfi,9.6,0.46,0.46945460663084493,0.5305453933691551
rn,contrarien,11,ps,10.9,0.4317812303648437,0.4453701088840907,0.5546298911159093
rn,contrarien,11,ecologistes,12.1,0.46,0.4147957653866125,0.5852042346133874
rn,contrarien,11,renaissance,12.6,0.22901570671673643,0.36691224368125336,0.6330877563187467
rn,contrarien,11,lr,10.7,0.3358884181068662,0.4895402708092611,0.5104597291907389
rn,contrarien,11,reconquete,3.3,0.3094005632144796,0.5535365896927018,0.4464634103072982
rn,contrarien,11,nouvelle_energie,11,0.31970647059908547,0.4735601933581079,0.526439806641892
rn,contrarien,12,lfi,10.2,0.46,0.49720209691394096,0.502797903086059
rn,contrarien,12,ps,11.7,0.3636954461919777,0.49183690882679265,0.5081630911732073
rn,contrarien,12,ecologistes,6.9,0.42413983584658965,0.4865864585068172,0.5134135414931829
rn,contrarien,12,lr,13.4,0.2499697035561982,0.5711973053844224,0.42880269461557763
rn,contrarien,12,rn,10.8,0.41375419882289416,0.5245632854818092,0.4754367145181908
rn,contrarien,12,reconquete,8.7,0.4498005328580141,0.5265925337300894,0.4734074662699106
rn,contrarien,12,nouvelle_energie,9.4,0.28378775604841744,0.5186555377296678,0.48134446227033223
rn,contrarien,13,lfi,9.9,0.46,0.4659546765442955,0.5340453234557045
rn,contrarien,13,ps,12.3,0.42967675732628696,0.44039708816520107,0.5596029118347989
rn,contrarien,13,ecologistes,8.9,0.46,0.41595060979757886,0.5840493902024211
rn,contrarien,13,renaissance,11.7,0.22691123367817967,0.365707479397668,0.634292520602332
rn,contrarien,13,lr,11.8,0.33378394506830944,0.48244633244258045,0.5175536675574195
rn,contrarien,13,reconquete,3.6,0.3169431412963729,0.5479744953744047,0.4520255046255953
rn,contrarien,13,nouvelle_energie,12,0.3176019975605287,0.46622963078391516,0.5337703692160849
rn,contrarien,14,lfi,11.2,0.46,0.48180012925681504,0.518199870743185
rn,contrarien,14,ps,10.7,0.46,0.4628330896484025,0.5371669103515975
rn,contrarien,14,ecologistes,6.6,0.46,0.446013830860408,0.553986169139592
rn,contrarien,14,renaissance,7.9,0.36100244464405234,0.4438935477934502,0.5561064522065498
rn,contrarien,14,horizons,12.1,0.3032956679042548,0.4436097548780187,0.5563902451219813
rn,contrarien,14,lr,13.6,0.24559058525123356,0.4469740317139549,0.5530259682860451
rn,contrarien,14,reconquete,3.4,0.2607372208197067,0.5565841044623717,0.4434158955376283
rn,contrarien,15,ps,10.3,0.39403364648694783,0.3790692773116657,0.6209307226883343
rn,contrarien,15,ecologistes,10.8,0.36100828873310514,0.27485465040572926,0.7251453495942708
rn,contrarien,15,renaissance,8.9,0.46,0.45859637345031745,0.5414036265496825
rn,contrarien,15,horizons,12.6,0.45680116264341253,0.48727984946351627,0.5127201505364838
rn,contrarien,15,lr,10.9,0.32781148184967585,0.6134594358411195,0.3865405641588805
rn,contrarien,15,reconquete,7.2,0.34319819284763764,0.5849481852672568,0.4150518147327432
rn,contrarien,15,nouvelle_energie,8.7,0.41362056805966974,0.5328479558828441,0.46715204411715594
rn,contrarien,16,lfi,11,0.46,0.5012141871150592,0.49878581288494084
rn,contrarien,16,ps,12.8,0.36539544619197767,0.5070909900964208,0.4929090099035792
rn,contrarien,16,ecologistes,11.1,0.42583983584658963,0.512315633477945,0.48768436652205505
rn,contrarien,16,lr,9.2,0.30166970355619815,0.4767090389438299,0.5232909610561701
rn,contrarien,16,rn,12.5,0.39883540931967176,0.4787757511912878,0.5212242488087122
rn,contrarien,16,reconquete,5.4,0.45150053285801406,0.4709471248653799,0.5290528751346202
rn,contrarien,16,nouvelle_energie,11.5,0.2854877560484174,0.4786216823352913,0.5213783176647087
rn,contrarien,17,lfi,9.9,0.4048907122770961,0.3937678993809336,0.6062321006190664
rn,contrarien,17,ecologistes,8.2,0.3460108778135179,0.3420074660751403,0.6579925339248597
rn,contrarien,17,renaissance,12.2,0.430652511982126,0.4405347842379358,0.5594652157620642
rn,contrarien,17,horizons,12.3,0.46,0.47092240038098593,0.529077599619014
rn,contrarien,17,lr,11,0.40454577041599243,0.5329642318684249,0.4670357681315751
rn,contrarien,17,reconquete,5.8,0.3428118734872207,0.5948810971479976,0.40511890285200236
rn,contrarien,17,nouvelle_energie,11.3,0.4385705637338009,0.5204268393036995,0.4795731606963005
rn,contrarien,18,lfi,12.6,0.3699336464869478,0.5591265880325784,0.4408734119674216
rn,contrarien,18,ecologistes,11.5,0.31105381202336957,0.5581150092400621,0.4418849907599379
rn,contrarien,18,horizons,11.4,0.2750969921660684,0.4498081268821711,0.5501918731178289
rn,contrarien,18,lr,9.1,0.3899291016103894,0.4609107267477779,0.5390892732522221
rn,contrarien,18,rn,10.6,0.46,0.4849942722221936,0.5150057277778064
rn,contrarien,18,reconquete,8.3,0.46,0.46692504318978173,0.5330749568102182
rn,contrarien,18,nouvelle_energie,10.4,0.373494532788215,0.45685061236737395,0.5431493876326261
rn,contrarien,19,lfi,8.1,0.46,0.4662836300069229,0.5337163699930771
rn,contrarien,19,ps,11.1,0.4168342394121131,0.4342241680922,0.5657758319078
rn,contrarien,19,ecologistes,7,0.46,0.40739282539145105,0.592607174608549
rn,contrarien,19,horizons,11.2,0.25623578538620384,0.4099659858262185,0.5900340141737814
rn,contrarien,19,lr,10.2,0.38864307882938864,0.5027541738999537,0.4972458261000463
rn,contrarien,19,reconquete,7.1,0.32574872326961074,0.5754432902306774,0.4245567097693226
rn,contrarien,19,nouvelle_energie,10.6,0.39463332600835044,0.4839531777302387,0.5160468222697613
rn,contrarien,19,rn_dissidence_17,10,0.24289541193042552,0.5521890825942292,0.44781091740577084
reconquete,aleatoire,0,lfi,11.6,0.3415336464869478,0.32760490077669024,0.6723950992233098
reconquete,aleatoire,0,ecologistes,11.6,0.24265381202336964,0.26619152123361145,0.7338084787663885
reconquete,aleatoire,0,renaissance,9.4,0.41729544619197767,0.42823445344829464,0.5717655465517053
reconquete,aleatoire,0,horizons,9.8,0.44946251581417573,0.46000195754493184,0.5399980424550681
reconquete,aleatoire,0,lr,5.6,0.4021726566023799,0.5254693561928634,0.4745306438071366
reconquete,aleatoire,0,reconquete,12.5,0.3100090588764205,0.6036869822691249,0.39631301773087513
reconquete,aleatoire,0,nouvelle_energie,11.4,0.43776970766091716,0.5104974348156124,0.4895025651843876
reconquete,aleatoire,1,lfi,10.2,0.46,0.4781552277649968,0.5218447722350033
reconquete,aleatoire,1,ps,11.2,0.46,0.4544760892215346,0.5455239107784654
reconquete,aleatoire,1,ecologistes,8.2,0.46,0.4346108823687353,0.5653891176312646
reconquete,aleatoire,1,renaissance,9.6,0.4049291016103894,0.43567098305255914,0.5643290169474409
reconquete,aleatoire,1,horizons,13,0.2969697035561982,0.38392143332064516,0.6160785666793549
reconquete,aleatoire,1,reconquete,9.8,0.30024620898490884,0.5025358431416744,0.49746415685832557
reconquete,aleatoire,1,nouvelle_energie,9.8,0.18308267339539622,0.3692968329005972,0.6307031670994028
reconquete,aleatoire,2,lfi,8.7,0.46,0.5323857911120752,0.4676142088879248
reconquete,aleatoire,2,ps,13,0.46,0.5479197354594008,0.45208026454059924
reconquete,aleatoire,2,ecologistes,10.4,0.46,0.5666145480725809,0.43338545192741906
reconquete,aleatoire,2,renaissance,8.6,0.398096365749198,0.5517639231250318,0.44823607687496825
reconquete,aleatoire,2,horizons,9.4,0.2901369676950068,0.6017679513155971,0.3982320486844029
reconquete,aleatoire,2,rn,12.7,0.294861889539741,0.47839418167958603,0.521605818320414
reconquete,aleatoire,2,nouvelle_energie,10.5,0.21624993753420485,0.5999636095939977,0.40003639040600225
reconquete,aleatoire,3,lfi,13,0.3676336464869478,0.6031642260962888,0.39683577390371116
reconquete,aleatoire,3,ecologistes,7.3,0.2587538120233696,0.677283650171694,0.322716349828306
reconquete,aleatoire,3,renaissance,8.2,0.3876291016103894,0.5105109817412669,0.48948901825873314
reconquete,aleatoire,3,horizons,11.8,0.3296697035561982,0.4826299523218934,0.5173700476781067
reconquete,aleatoire,3,rn,9.9,0.32827265660237986,0.3806852508024924,0.6193147491975076
reconquete,aleatoire,3,reconquete,12.1,0.3790899439284319,0.41599083721647667,0.5840091627835233
reconquete,aleatoire,3,nouvelle_energie,9.9,0.20578267339539624,0.37599187869257483,0.6240081213074251
reconquete,aleatoire,4,lfi,10.7,0.3357336464869478,0.5786393300471322,0.4213606699528678
reconquete,aleatoire,4,ecologistes,11.6,0.2368538120233696,0.6227676699139904,0.37723233008600965
reconquete,aleatoire,4,renaissance,8.5,0.33929453278821503,0.48800728862669007,0.5119927113733099
reconquete,aleatoire,4,horizons,12.4,0.28158775604841746,0.46488238345331667,0.5351176165466833
reconquete,aleatoire,4,lr,11,0.1738826733953962,0.3680887092955298,0.6319112907044702
reconquete,aleatoire,4,rn,10,0.38196970766091715,0.44020279081129854,0.5597972091887015
reconquete,aleatoire,4,reconquete,6.5,0.3446631918543773,0.41110056898866576,0.5888994310113342
reconquete,aleatoire,5,ps,13.2,0.3320336464869478,0.34368118069961573,0.6563188193003843
reconquete,aleatoire,5,ecologistes,7,0.39900828873310507,0.3589277701259997,0.6410722298740004
reconquete,aleatoire,5,renaissance,9.5,0.46,0.47601900225445615,0.5239809977455439
reconquete,aleatoire,5,horizons,9.4,0.46,0.5035242385965295,0.4964757614034705
reconquete,aleatoire,5,lr,10.4,0.34267265660237983,0.6283252796485945,0.3716747203514055
reconquete,aleatoire,5,reconquete,11,0.3137203632892529,0.6205271651518408,0.3794728348481592
reconquete,aleatoire,5,nouvelle_energie,10.7,0.4282697076609171,0.5497784934722829,0.4502215065277171
reconquete,aleatoire,6,lfi,8.8,0.46,0.48840785598060016,0.5115921440193998
reconquete,aleatoire,6,ps,12.4,0.3611625158141757,0.4816184198405282,0.5183815801594718
reconquete,aleatoire,6,ecologistes,11,0.4319420866995196,0.47509031482213254,0.5249096851778674
reconquete,aleatoire,6,renaissance,9.8,0.20839699216606838,0.47205386028995844,0.5279461397100416
reconquete,aleatoire,6,lr,10.2,0.14138267339539623,0.5777270433935424,0.4222729566064576
reconquete,aleatoire,6,rn,11,0.3494697076609171,0.5286103843492507,0.4713896156507493
reconquete,aleatoire,6,reconquete,10.2,0.3383613587289748,0.5403725222439845,0.45962747775601553
reconquete,aleatoire,7,lfi,12.3,0.46,0.5181887440401016,0.4818112559598984
reconquete,aleatoire,7,ps,10.3,0.36446251581417566,0.5235720948480864,0.4764279051519136
reconquete,aleatoire,7,ecologistes,10.8,0.4352420866995196,0.5310797171502807,0.4689202828497193
reconquete,aleatoire,7,renaissance,9.7,0.12169699216606836,0.5921112971826223,0.40788870281737766
reconquete,aleatoire,7,lr,8.8,0.1446826733953962,0.4247422611760068,0.5752577388239932
reconquete,aleatoire,7,rn,10.2,0.3527697076609171,0.47670670979370916,0.5232932902062908
reconquete,aleatoire,7,reconquete,10.7,0.34538549587955736,0.46086318162675943,0.5391368183732406
reconquete,aleatoire,8,lfi,13.3,0.2966336464869478,0.6228740150347484,0.3771259849652516
reconquete,aleatoire,8,ecologistes,7.8,0.19775381202336959,0.6431832912150567,0.3568167087849433
reconquete,aleatoire,8,renaissance,8.2,0.2017969921660684,0.41986306404307505,0.580136935956925
reconquete,aleatoire,8,lr,11.7,0.30866970355619816,0.4429252480224699,0.5570747519775301
reconquete,aleatoire,8,rn,12.5,0.443466785515875,0.4674573468239983,0.5325426531760017
reconquete,aleatoire,8,reconquete,7.8,0.44781307283110555,0.44662123043767704,0.5533787695623229
reconquete,aleatoire,8,nouvelle_energie,10.6,0.2924877560484174,0.43839672306734906,0.5616032769326509
reconquete,aleatoire,9,ps,10,0.38363364648694775,0.39164438058433515,0.6083556194156649
reconquete,aleatoire,9,ecologistes,10.8,0.40060828873310506,0.35343465911851357,0.6465653408814864
reconquete,aleatoire,9,renaissance,10.6,0.46,0.47023203406737296,0.5297679659326271
reconquete,aleatoire,9,horizons,10.2,0.46,0.49793355529112854,0.5020664447088714
reconquete,aleatoire,9,lr,11.4,0.39427265660237987,0.560829754239168,0.43917024576083197
reconquete,aleatoire,9,reconquete,7.6,0.31655457481724514,0.6216038721081489,0.37839612789185106
reconquete,aleatoire,9,nouvelle_energie,12,0.42986970766091714,0.543976948436243,0.456023051563757
reconquete,aleatoire,10,lfi,12.3,0.46,0.46178763346046453,0.5382123665395355
reconquete,aleatoire,10,ps,10.3,0.46,0.4404340938246216,0.5595659061753784
reconquete,aleatoire,10,ecologistes,8.2,0.46,0.41540369505637953,0.5845963049436205
reconquete,aleatoire,10,renaissance,11.5,0.305094532788215,0.36382572793979406,0.6361742720602059
reconquete,aleatoire,10,horizons,10.5,0.24738775604841745,0.3750777739028931,0.6249222260971069
reconquete,aleatoire,10,lr,10.6,0.2396826733953962,0.442845380724567,0.5571546192754331
reconquete,aleatoire,10,reconquete,11,0.22438487365157253,0.543288267077381,0.456711732922619
reconquete,aleatoire,11,lfi,11.3,0.46,0.45004892375003513,0.5499510762499649
reconquete,aleatoire,11,ps,10.1,0.4179625158141757,0.4228098609853167,0.5771901390146833
reconquete,aleatoire,11,ecologistes,7,0.46,0.39297970894405887,0.6070202910559411
reconquete,aleatoire,11,renaissance,9,0.2151969921660684,0.35066776435703007,0.6493322356429699
reconquete,aleatoire,11,lr,9.8,0.2720697035561982,0.42367982898636525,0.5763201710136348
reconquete,aleatoire,11,reconquete,11.9,0.2504424826809767,0.5770045903834895,0.4229954096165105
reconquete,aleatoire,11,nouvelle_energie,10.9,0.25588775604841746,0.40324882202752715,0.5967511779724728
reconquete,aleatoire,12,lfi,12.2,0.46,0.4852337421921142,0.5147662578078858
reconquete,aleatoire,12,ps,11.3,0.3516954461919777,0.4730725641523572,0.5269274358476428
reconquete,aleatoire,12,ecologistes,6.8,0.41213983584658964,0.4611629443953004,0.5388370556046995
reconquete,aleatoire,12,horizons,11.3,0.14109699216606839,0.4288897091977988,0.5711102908022012
reconquete,aleatoire,12,lr,11.1,0.16408267339539623,0.5966225845090959,0.4033774154909041
reconquete,aleatoire,12,rn,11,0.3721697076609171,0.5513111677111205,0.44868883228887946
reconquete,aleatoire,12,reconquete,11.2,0.32044320441769913,0.5579724096734359,0.44202759032656413
reconquete,aleatoire,13,lfi,10.9,0.46,0.44845108668162104,0.551548913318379
reconquete,aleatoire,13,ps,9.3,0.4223625158141757,0.4213776690666181,0.5786223309333819
reconquete,aleatoire,13,ecologistes,9,0.46,0.3910226303245451,0.6089773696754549
reconquete,aleatoire,13,renaissance,11.2,0.21959699216606837,0.35017150629486815,0.6498284937051318
reconquete,aleatoire,13,lr,12,0.3264697035561982,0.47388473246433416,0.5261152675356658
reconquete,aleatoire,13,reconquete,11,0.28997014752515227,0.5521285069884081,0.4478714930115919
reconquete,aleatoire,13,nouvelle_energie,7.7,0.3102877560484174,0.4545286609559382,0.5454713390440618
reconquete,aleatoire,14,ecologistes,10.9,0.2581538120233696,0.5758429047107427,0.42415709528925727
reconquete,aleatoire,14,renaissance,9.3,0.3927954461919777,0.5413427048819988,0.45865729511800124
reconquete,aleatoire,14,horizons,8.5,0.4249625158141757,0.5368530969259349,0.46314690307406514
reconquete,aleatoire,14,lr,9.1,0.46,0.5318268728418131,0.46817312715818693
reconquete,aleatoire,14,rn,11.5,0.46,0.5080363160736401,0.4919636839263599
reconquete,aleatoire,14,reconquete,12.1,0.46,0.5442168596652771,0.4557831403347229
reconquete,aleatoire,14,nouvelle_energie,12.3,0.46,0.5332186965519096,0.46678130344809043
reconquete,aleatoire,15,lfi,12.3,0.46,0.5469416236429925,0.4530583763570075
reconquete,aleatoire,15,ps,11.8,0.46,0.5665825607772192,0.43341743922278075
reconquete,aleatoire,15,ecologistes,8.8,0.46,0.5929551147028235,0.40704488529717653
reconquete,aleatoire,15,renaissance,10.8,0.304894532788215,0.6382154566584761,0.3617845433415239
reconquete,aleatoire,15,horizons,11.7,0.2971877560484174,0.578816440760238,0.42118355923976203
reconquete,aleatoire,15,lr,12,0.1494826733953962,0.621445108467354,0.378554891532646
reconquete,aleatoire,15,reconquete,5.9,0.27805337369830513,0.5008460645778449,0.49915393542215514
reconquete,aleatoire,16,lfi,11.7,0.3943077074949436,0.658694487713511,0.341305512286489
reconquete,aleatoire,16,ecologistes,8.7,0.28542787303136546,0.7576185833771998,0.24238141662280022
reconquete,aleatoire,16,renaissance,11.7,0.4200695071999735,0.5818059016402738,0.4181940983597262
reconquete,aleatoire,16,horizons,12,0.45223657682217155,0.5460364203982762,0.45396357960172384
reconquete,aleatoire,16,lr,7.2,0.38317368593935996,0.47299567599055103,0.527004324009449
reconquete,aleatoire,16,rn,12,0.33401278803283263,0.43453560562325105,0.565464394376749
reconquete,aleatoire,16,nouvelle_energie,10.7,0.41265866427570597,0.48400778706317543,0.5159922129368246
reconquete,aleatoire,17,lfi,10.5,0.46,0.5448356580106315,0.4551643419893685
reconquete,aleatoire,17,ps,10,0.4224625158141757,0.5730963168583818,0.4269036831416182
reconquete,aleatoire,17,ecologistes,12,0.46,0.602058569988583,0.397941430011417
reconquete,aleatoire,17,renaissance,12.3,0.21969699216606847,0.6481964857656543,0.35180351423434575
reconquete,aleatoire,17,lr,10.2,0.3265697035561982,0.5169099251426363,0.48309007485736366
reconquete,aleatoire,17,reconquete,8.4,0.27981971907600545,0.4472181067000162,0.5527818932999837
reconquete,aleatoire,17,nouvelle_energie,10.6,0.3103877560484175,0.5413296323403466,0.4586703676596534
reconquete,aleatoire,18,lfi,11.9,0.3456336464869478,0.4392496265942615,0.5607503734057385
reconquete,aleatoire,18,ecologistes,8.5,0.2367538120233696,0.38078150255636806,0.6192184974436319
reconquete,aleatoire,18,renaissance,10.5,0.2507969921660684,0.5367748764378645,0.4632251235621355
reconquete,aleatoire,18,lr,8.3,0.30766970355619816,0.5582715941982094,0.4417284058017906
reconquete,aleatoire,18,rn,12.7,0.442466785515875,0.5384432805978929,0.4615567194021071
reconquete,aleatoire,18,reconquete,11.4,0.42352355140024484,0.5516678378252889,0.44833216217471106
reconquete,aleatoire,18,nouvelle_energie,9.5,0.24148775604841743,0.6145008876556564,0.38549911234434364
reconquete,aleatoire,19,ecologistes,10.4,0.2588538120233696,0.4278976910938145,0.5721023089061855
reconquete,aleatoire,19,renaissance,10,0.3934954461919776,0.46167017430617646,0.5383298256938236
reconquete,aleatoire,19,horizons,11.3,0.4256625158141757,0.46635084092297396,0.533649159077026
reconquete,aleatoire,19,lr,11.6,0.46,0.47209459077517163,0.5279054092248283
reconquete,aleatoire,19,rn,10.7,0.46,0.4963626425058727,0.5036373574941273
reconquete,aleatoire,19,reconquete,8.6,0.46,0.49072604709097467,0.5092739529090253
reconquete,aleatoire,19,nouvelle_energie,10.3,0.46,0.4706835861284316,0.5293164138715685
reconquete,prudent,0,lfi,9.2,0.38293364648694783,0.5920200143353094,0.4079799856646906
reconquete,prudent,0,ecologistes,7.6,0.3240538120233696,0.6370857036840488,0.3629142963159512
reconquete,prudent,0,renaissance,8.8,0.40869544619197773,0.532733241192456,0.467266758807544
reconquete,prudent,0,horizons,12.1,0.4408625158141757,0.5038691560827193,0.4961308439172807
reconquete,prudent,0,lr,9.9,0.3170407099485361,0.38671270613042646,0.6132872938695735
reconquete,prudent,0,rn,12.6,0.25424186708851254,0.38385645962180415,0.6161435403781959
reconquete,prudent,0,nouvelle_energie,11.6,0.39909717027086256,0.45061474715508176,0.5493852528449182
reconquete,prudent,1,lfi,9.3,0.46,0.5087758009099106,0.4912241990900894
reconquete,prudent,1,ps,10.7,0.3505954461919777,0.5222911404544178,0.4777088595455822
reconquete,prudent,1,ecologistes,8.5,0.41103983584658965,0.5333713460538944,0.46662865394610564
reconquete,prudent,1,horizons,11.2,0.2299969921660684,0.4987183714776486,0.5012816285223514
reconquete,prudent,1,lr,12.5,0.16298267339539618,0.3991922160438096,0.6008077839561904
reconquete,prudent,1,rn,11.4,0.3710697076609171,0.44375113605504674,0.5562488639449532
reconquete,prudent,1,reconquete,9.5,0.3587273982686845,0.423947240743186,0.576052759256814
reconquete,prudent,2,lfi,7.6,0.46,0.45072127143730545,0.5492787285626946
reconquete,prudent,2,ps,10.7,0.4194625158141757,0.42347457197794003,0.57652542802206
reconquete,prudent,2,ecologistes,9.8,0.46,0.39396602476443415,0.6060339752355659
reconquete,prudent,2,renaissance,10.2,0.21669699216606841,0.3480090631798448,0.6519909368201552
reconquete,prudent,2,lr,12.3,0.3235697035561982,0.4740560243852007,0.5259439756147992
reconquete,prudent,2,reconquete,11,0.23313061327497211,0.5822486493548185,0.41775135064518154
reconquete,prudent,2,nouvelle_energie,11.9,0.25738775604841746,0.40033235062062,0.59966764937938
reconquete,prudent,3,lfi,12.7,0.36783364648694783,0.5620613874703829,0.4379386125296171
reconquete,prudent,3,ecologistes,7.5,0.2589538120233696,0.6101291110788485,0.3898708889211515
reconquete,prudent,3,horizons,10.6,0.22299699216606844,0.40831877292523644,0.5916812270747636
reconquete,prudent,3,lr,12.6,0.3878291016103894,0.465048808162961,0.534951191837039
reconquete,prudent,3,rn,9.7,0.46,0.48994508738506515,0.5100549126149349
reconquete,prudent,3,reconquete,11.9,0.46,0.47239311375089577,0.5276068862491042
reconquete,prudent,3,nouvelle_energie,9.3,0.321394532788215,0.4019912312765453,0.5980087687234548
reconquete,prudent,4,lfi,12.3,0.46,0.45192574388259477,0.5480742561174052
reconquete,prudent,4,ps,11.6,0.4192625158141757,0.42399116814090704,0.576008831859093
reconquete,prudent,4,ecologistes,10.1,0.46,0.39394756232056705,0.606052437679433
reconquete,prudent,4,renaissance,7.3,0.26649699216606837,0.40155615389945304,0.598443846100547
reconquete,prudent,4,lr,11.1,0.32336970355619815,0.47746135429417497,0.522538645705825
reconquete,prudent,4,reconquete,12.1,0.266071233020676,0.547843004153432,0.452156995846568
reconquete,prudent,4,nouvelle_energie,9,0.3071877560484174,0.45670509573686185,0.5432949042631381
reconquete,prudent,5,lfi,9.2,0.46,0.49648459582823434,0.5035154041717657
reconquete,prudent,5,ps,10.2,0.3635625158141757,0.4880222648402547,0.5119777351597453
reconquete,prudent,5,ecologistes,9.9,0.4343420866995196,0.48280396191700575,0.5171960380829943
reconquete,prudent,5,renaissance,11.7,0.1607969921660684,0.4344599199232043,0.5655400800767957
reconquete,prudent,5,lr,12.2,0.10378267339539618,0.6015745030083242,0.39842549699167584
reconquete,prudent,5,rn,10.9,0.35186970766091713,0.5347103113828934,0.4652896886171066
reconquete,prudent,5,reconquete,10.2,0.3416137708616513,0.5479325810291837,0.45206741897081626
reconquete,prudent,6,ps,12.5,0.3350336464869478,0.5243088564985605,0.4756911435014395
reconquete,prudent,6,ecologistes,8.7,0.3020082887331051,0.5996738912457679,0.40032610875423214
reconquete,prudent,6,renaissance,10.3,0.15019699216606838,0.35726919546350994,0.6427308045364901
reconquete,prudent,6,lr,9.2,0.24706970355619817,0.3583198623565864,0.6416801376434136
reconquete,prudent,6,rn,12,0.431866785515875,0.45572846623743957,0.5442715337625604
reconquete,prudent,6,reconquete,8.3,0.4152375926214717,0.41681431578393224,0.5831856842160678
reconquete,prudent,6,nouvelle_energie,12.7,0.2808877560484174,0.40795978305068037,0.5920402169493196
reconquete,prudent,7,lfi,8,0.46,0.5031702718729993,0.49682972812700066
reconquete,prudent,7,ps,10.8,0.3636954461919777,0.5084862332076885,0.4915137667923115
reconquete,prudent,7,ecologistes,12.1,0.42413983584658965,0.5138326601198925,0.4861673398801075
reconquete,prudent,7,lr,11.1,0.2499697035561982,0.4286013615514304,0.5713986384485696
reconquete,prudent,7,rn,10.8,0.434766785515875,0.47748522848727637,0.5225147715127236
reconquete,prudent,7,reconquete,9,0.43414158147444104,0.4710859452981496,0.5289140547018504
reconquete,prudent,7,nouvelle_energie,12.1,0.28378775604841744,0.481460077992953,0.518539922007047
reconquete,prudent,8,lfi,11.1,0.46,0.5312731216289581,0.4687268783710419
reconquete,prudent,8,ps,11.4,0.39466251581417566,0.5355783410316537,0.4644216589683463
reconquete,prudent,8,ecologistes,10.6,0.46,0.5489766075766718,0.45102339242332823
reconquete,prudent,8,renaissance,11.6,0.2418969921660684,0.540623841950757,0.45937615804924303
reconquete,prudent,8,rn,10.7,0.3473726566023798,0.4701180790771753,0.5298819209228247
reconquete,prudent,8,reconquete,8.7,0.32693666721729375,0.4636400035837993,0.5363599964162007
reconquete,prudent,8,nouvelle_energie,8.7,0.1348826733953962,0.4132615524255993,0.5867384475744006
reconquete,prudent,9,lfi,11.7,0.46,0.4949632861130001,0.5050367138869999
reconquete,prudent,9,ps,11.2,0.3636954461919777,0.4900720514685214,0.5099279485314786
reconquete,prudent,9,ecologistes,9.5,0.42413983584658965,0.4844733496025911,0.515526650397409
reconquete,prudent,9,lr,9.9,0.2999697035561982,0.5179651611134333,0.48203483888656673
reconquete,prudent,9,rn,11.2,0.434766785515875,0.5208794334284647,0.47912056657153534
reconquete,prudent,9,reconquete,10.7,0.4470170621921182,0.5267910007926487,0.47320899920735127
reconquete,prudent,9,nouvelle_energie,9,0.28378775604841744,0.5173446070942774,0.48265539290572257
reconquete,prudent,10,lfi,9.8,0.46,0.4384913439364891,0.561508656063511
reconquete,prudent,10,ps,8.7,0.4081954461919777,0.4082122226806101,0.5917877773193899
reconquete,prudent,10,ecologistes,9.9,0.46,0.37303610603567966,0.6269638939643203
reconquete,prudent,10,horizons,11.1,0.24759699216606837,0.3901537991730148,0.6098462008269852
reconquete,prudent,10,lr,10.6,0.3430726566023799,0.43013808032915846,0.5698619196708415
reconquete,prudent,10,reconquete,10.6,0.2511406485477678,0.60448194829111,0.39551805170889
reconquete,prudent,10,nouvelle_energie,8.9,0.38599453278821505,0.46661758827744027,0.5333824117225597
reconquete,prudent,11,lfi,12.1,0.46,0.5144117364302008,0.48558826356979923
reconquete,prudent,11,ps,9.4,0.46,0.5388026861022779,0.4611973138977221
reconquete,prudent,11,ecologistes,11.9,0.46,0.5559009248125877,0.4440990751874123
reconquete,prudent,11,renaissance,9.7,0.40082910161038937,0.5588551441246165,0.44114485587538355
reconquete,prudent,11,horizons,11.6,0.34286970355619817,0.5569677334010376,0.44303226659896244
reconquete,prudent,11,reconquete,9.6,0.24764409118456057,0.4520150358788868,0.5479849641211132
reconquete,prudent,11,nouvelle_energie,10.7,0.17898267339539622,0.6274475827687064,0.3725524172312936
reconquete,prudent,12,ps,11.3,0.38063364648694775,0.3999224455892228,0.6000775544107773
reconquete,prudent,12,ecologistes,7.2,0.34760828873310506,0.2953438241735739,0.704656175826426
reconquete,prudent,12,renaissance,9,0.46,0.47485886161656604,0.5251411383834339
reconquete,prudent,12,horizons,9.5,0.46,0.5027265571049732,0.49727344289502684
reconquete,prudent,12,lr,9.7,0.39127265660237986,0.5649574452489493,0.4350425547510507
reconquete,prudent,12,reconquete,10.1,0.3018532765907843,0.6204368627492045,0.3795631372507955
reconquete,prudent,12,nouvelle_energie,13.3,0.42686970766091714,0.5494915160450912,0.45050848395490883
reconquete,prudent,13,lfi,8.3,0.46,0.4907324969181685,0.5092675030818314
reconquete,prudent,13,ps,11.2,0.4068625158141757,0.4616457629304458,0.5383542370695542
reconquete,prudent,13,ecologistes,11.8,0.46,0.4462350028589742,0.5537649971410258
reconquete,prudent,13,renaissance,12.9,0.2040969921660684,0.3926462027028456,0.6073537972971543
reconquete,prudent,13,lr,9.3,0.3109697035561982,0.5119642622872064,0.4880357377127936
reconquete,prudent,13,rn,10.3,0.21678506767198694,0.596302346804134,0.40369765319586604
reconquete,prudent,13,nouvelle_energie,8.7,0.24478775604841746,0.4469321983239345,0.5530678016760655
reconquete,prudent,14,lfi,7.9,0.46,0.4606161200510456,0.5393838799489544
reconquete,prudent,14,ps,11.2,0.46,0.43906179870583895,0.560938201294161
reconquete,prudent,14,ecologistes,10.9,0.46,0.4130141209063901,0.5869858790936099
reconquete,prudent,14,renaissance,11,0.355294532788215,0.4203694670214961,0.5796305329785039
reconquete,prudent,14,horizons,10.9,0.2975877560484175,0.42683001443683977,0.5731699855631602
reconquete,prudent,14,lr,11.1,0.2398826733953962,0.4394616990471264,0.5605383009528736
reconquete,prudent,14,reconquete,10.9,0.22565692754967234,0.5408729974869485,0.4591270025130515
reconquete,prudent,15,ps,12.9,0.3844336464869478,0.6000783633457804,0.39992163665421965
reconquete,prudent,15,ecologistes,8.2,0.4014082887331051,0.6439235759968769,0.3560764240031231
reconquete,prudent,15,renaissance,9.7,0.46,0.5246555065386668,0.47534449346133323
reconquete,prudent,15,horizons,10.8,0.46,0.4966395855746033,0.5033604144253967
reconquete,prudent,15,lr,9.1,0.3950726566023799,0.4353355149244686,0.5646644850755314
reconquete,prudent,15,reconquete,9.4,0.3086714509966244,0.371541145946239,0.628458854053761
reconquete,prudent,15,nouvelle_energie,12.6,0.43066970766091717,0.44957391644679573,0.5504260835532042
reconquete,prudent,16,lfi,9.4,0.36580828873310506,0.4141194438865831,0.5858805561134168
reconquete,prudent,16,ps,11.9,0.23995381202336957,0.3499050362279966,0.6500949637720034
reconquete,prudent,16,renaissance,8.5,0.4350398358465896,0.47763483034185994,0.5223651696581401
reconquete,prudent,16,horizons,12.1,0.45321427917419316,0.5103194844028471,0.48968051559715287
reconquete,prudent,16,lr,11.5,0.29802437240669616,0.6342043511959242,0.3657956488040758
reconquete,prudent,16,rn,10.7,0.1742103221705885,0.6830865470279766,0.31691345297202345
reconquete,prudent,16,nouvelle_energie,10.3,0.37836979942697935,0.5685984343225413,0.4314015656774587
reconquete,prudent,17,lfi,10.2,0.3665336464869478,0.5947349959817418,0.40526500401825816
reconquete,prudent,17,ecologistes,7.2,0.2176538120233696,0.6830348351591773,0.3169651648408227
reconquete,prudent,17,renaissance,8.7,0.3365291016103894,0.4515689117226454,0.5484310882773547
reconquete,prudent,17,horizons,11.8,0.3285697035561982,0.4777502506966994,0.5222497493033006
reconquete,prudent,17,rn,12.2,0.37717265660237986,0.4412466791361774,0.5587533208638227
reconquete,prudent,17,reconquete,11.6,0.36689311185286516,0.4073611699488937,0.5926388300511063
reconquete,prudent,17,nouvelle_energie,11.7,0.16468267339539625,0.36100068817962605,0.638999311820374
reconquete,prudent,18,lfi,9.8,0.46,0.45576118341621197,0.544238816583788
reconquete,prudent,18,ps,12.8,0.46,0.43554699761107013,0.5644530023889298
reconquete,prudent,18,ecologistes,8.8,0.46,0.4094783360582118,0.5905216639417882
reconquete,prudent,18,renaissance,8.7,0.305594532788215,0.36119644995775074,0.6388035500422493
reconquete,prudent,18,horizons,11.5,0.24788775604841745,0.3713650577131815,0.6286349422868185
reconquete,prudent,18,lr,9.3,0.20018267339539622,0.41883567746948186,0.5811643225305181
reconquete,prudent,18,reconquete,11.2,0.28039601565102734,0.5026943470964137,0.4973056529035863
reconquete,prudent,19,lfi,10.9,0.3477336464869478,0.4373360931714702,0.5626639068285297
reconquete,prudent,19,ecologistes,11.1,0.28885381202336957,0.4343247373492325,0.5656752626507675
reconquete,prudent,19,renaissance,9.3,0.16289699216606843,0.6051698249951163,0.3948301750048837
reconquete,prudent,19,lr,7.8,0.30976970355619815,0.5603393902925263,0.43966060970747367
reconquete,prudent,19,rn,9.7,0.44456678551587503,0.5396856426885647,0.46031435731143533
reconquete,prudent,19,reconquete,11,0.4490110443235029,0.5545783176035483,0.44542168239645175
reconquete,prudent,19,nouvelle_energie,11.2,0.29358775604841747,0.5647391191824314,0.43526088081756864
reconquete,risque,0,lfi,10.9,0.3904336464869478,0.3904666851229006,0.6095333148770994
reconquete,risque,0,ecologistes,11.7,0.28155381202336965,0.28449130247589716,0.7155086975241028
reconquete,risque,0,renaissance,12.4,0.4161954461919777,0.4348703502803909,0.5651296497196091
reconquete,risque,0,horizons,11.6,0.44836251581417574,0.46615545330907693,0.5338445466909231
reconquete,risque,0,lr,9.6,0.3510726566023799,0.596002545265325,0.40399745473467497
reconquete,risque,0,reconquete,8.2,0.306078182668476,0.6038949699945337,0.39610503000546626
reconquete,risque,0,nouvelle_energie,9.3,0.4366697076609172,0.5163458099213115,0.4836541900786885
reconquete,risque,1,lfi,8.8,0.3047082887331051,0.3760398662521738,0.6239601337478262
reconquete,risque,1,ps,11.5,0.23885381202336955,0.4230416148917021,0.5769583851082979
reconquete,risque,1,horizons,10.4,0.19289699216606837,0.6008602061791841,0.3991397938208159
reconquete,risque,1,lr,12.4,0.3577291016103894,0.5506161802540527,0.4493838197459473
reconquete,risque,1,rn,11.5,0.46,0.5312151249217492,0.46878487507825084
reconquete,risque,1,reconquete,10.9,0.46,0.55659948035643,0.44340051964356997
reconquete,risque,1,nouvelle_energie,9.2,0.291294532788215,0.6122758423124202,0.38772415768757984
reconquete,risque,2,lfi,11.9,0.46,0.4417454060780104,0.5582545939219896
reconquete,risque,2,ps,11.3,0.40829544619197766,0.41073491774920534,0.5892650822507947
reconquete,risque,2,ecologistes,8.8,0.46,0.37595380224557845,0.6240461977544216
reconquete,risque,2,horizons,11.4,0.28769699216606837,0.4136083427862578,0.5863916572137422
reconquete,risque,2,lr,9.3,0.3931726566023799,0.48905493342320666,0.5109450665767934
reconquete,risque,2,reconquete,8.7,0.28793296620583014,0.5832079665801883,0.41679203341981175
reconquete,risque,2,nouvelle_energie,11,0.38609453278821504,0.47020706472906526,0.5297929352709347
reconquete,risque,3,lfi,10.7,0.46,0.4858363115104797,0.5141636884895203
reconquete,risque,3,ps,11.4,0.46,0.4839622541618217,0.5160377458381783
reconquete,risque,3,ecologistes,7.7,0.46,0.4743624752346021,0.5256375247653979
reconquete,risque,3,renaissance,8.8,0.46,0.4789534663623816,0.5210465336376184
reconquete,risque,3,horizons,11.2,0.46,0.47522381928271434,0.5247761807172857
reconquete,risque,3,lr,11.2,0.4099140395075444,0.4727968820447841,0.5272031179552159
reconquete,risque,3,nouvelle_energie,9.6,0.43984554871315956,0.4699441165876572,0.5300558834123428
reconquete,risque,4,ecologistes,10.9,0.2608538120233696,0.5743184295596258,0.42568157044037425
reconquete,risque,4,renaissance,7.9,0.39549544619197774,0.5422087584671526,0.45779124153284745
reconquete,risque,4,horizons,10.7,0.4276625158141757,0.5376657143574761,0.4623342856425239
reconquete,risque,4,lr,12.5,0.46,0.5326774846964404,0.4673225153035596
reconquete,risque,4,rn,11.2,0.46,0.5082460283621604,0.4917539716378396
reconquete,risque,4,reconquete,8.4,0.46,0.5182111057784758,0.48178889422152416
reconquete,risque,4,nouvelle_energie,9.5,0.46,0.53410550065568,0.46589449934432003
reconquete,risque,5,lfi,12.1,0.46,0.453879891852796,0.546120108147204
reconquete,risque,5,ps,11.2,0.46,0.4337185333453544,0.5662814666546456
reconquete,risque,5,ecologistes,8.3,0.46,0.4067198512689392,0.5932801487310608
reconquete,risque,5,renaissance,8.5,0.352794532788215,0.41651613659981873,0.5834838634001813
reconquete,risque,5,horizons,13.2,0.2950877560484174,0.42330354637785805,0.576696453622142
reconquete,risque,5,lr,7.5,0.1473826733953962,0.37305121197356367,0.6269487880264364
reconquete,risque,5,reconquete,10.9,0.2673938766985257,0.502694533978235,0.49730546602176495
reconquete,risque,6,lfi,10.1,0.31773364648694785,0.6513021350335996,0.34869786496640043
reconquete,risque,6,ecologistes,8.9,0.3088538120233696,0.6149406945160943,0.38505930548390566
reconquete,risque,6,renaissance,10.2,0.33772910161038944,0.44863622496319483,0.5513637750368052
reconquete,risque,6,horizons,10.2,0.32976970355619817,0.4776211372516558,0.5223788627483442
reconquete,risque,6,rn,11.7,0.32837265660237985,0.37732732322400664,0.6226726767759934
reconquete,risque,6,reconquete,11.5,0.38302465434401456,0.40801801694456524,0.5919819830554347
reconquete,risque,6,nouvelle_energie,11.2,0.20588267339539623,0.3685381887412104,0.6314618112587895
reconquete,risque,7,lfi,13.4,0.46,0.5541851962733156,0.44581480372668436
reconquete,risque,7,ps,9.6,0.417315079642826,0.5783232743826622,0.4216767256173378
reconquete,risque,7,ecologistes,6.7,0.46,0.6059141547040425,0.39408584529595747
reconquete,risque,7,renaissance,8.3,0.21454955599471875,0.6397933327830155,0.36020666721698447
reconquete,risque,7,lr,11.8,0.2714222673848485,0.5605946704719348,0.4394053295280652
reconquete,risque,7,rn,10.5,0.18670373544481497,0.38157707637756083,0.6184229236224392
reconquete,risque,7,nouvelle_energie,11.9,0.3052403198770678,0.526561801643081,0.473438198356919
reconquete,risque,8,lfi,8.7,0.46,0.455532174528964,0.544467825471036
reconquete,risque,8,ps,11.9,0.41369862603888086,0.42993460332139793,0.570065396678602
reconquete,risque,8,ecologistes,11.6,0.46,0.4053209089293511,0.594679091070649
reconquete,risque,8,renaissance,7.6,0.2109331023907735,0.3648916738094515,0.6351083261905486
reconquete,risque,8,lr,7.4,0.31780581378090333,0.4917884482327673,0.5082115517672328
reconquete,risque,8,rn,13.2,0.21576223365402206,0.5790895377724947,0.4209104622275053
reconquete,risque,8,nouvelle_energie,10.8,0.30162386627312254,0.4756534044843659,0.5243465955156341
reconquete,risque,9,lfi,8.7,0.46,0.5350230252172367,0.46497697478276334
reconquete,risque,9,ps,11.3,0.46,0.5344185267687237,0.4655814732312763
reconquete,risque,9,ecologistes,8.2,0.46,0.5503363882443545,0.4496636117556455
reconquete,risque,9,renaissance,10.9,0.46,0.5376976555318546,0.46230234446814544
reconquete,risque,9,horizons,11.3,0.46,0.5346543517997387,0.46534564820026125
reconquete,risque,9,lr,11.1,0.411564472974576,0.5328689015083091,0.4671310984916909
reconquete,risque,9,nouvelle_energie,10.9,0.44530358565724837,0.5371575888521947,0.46284241114780533
reconquete,risque,10,lfi,11.7,0.34723364648694777,0.5623339463490007,0.4376660536509993
reconquete,risque,10,ecologistes,10.8,0.23835381202336958,0.6238750143680662,0.37612498563193375
reconquete,risque,10,renaissance,9.1,0.16239699216606837,0.39761936557985056,0.6023806344201494
reconquete,risque,10,lr,8.1,0.25926970355619816,0.3915098602849004,0.6084901397150996
reconquete,risque,10,rn,11.8,0.444066785515875,0.4654376650900678,0.5345623349099322
reconquete,risque,10,reconquete,11.6,0.45527961799596633,0.44652506141685716,0.5534749385831428
reconquete,risque,10,nouvelle_energie,9.4,0.2930877560484174,0.4407075823107633,0.5592924176892367
reconquete,risque,11,lfi,8.8,0.3423336464869478,0.3291155770652687,0.6708844229347313
reconquete,risque,11,ecologistes,7.2,0.2934538120233696,0.30977471676395,0.69022528323605
reconquete,risque,11,renaissance,13.5,0.4180954461919777,0.4282821353534724,0.5717178646465275
reconquete,risque,11,horizons,13.2,0.4502625158141757,0.45977285554486413,0.5402271444551359
reconquete,risque,11,lr,11.9,0.40297265660237985,0.5260047256108598,0.47399527438914024
reconquete,risque,11,reconquete,8.7,0.30022421107083896,0.5934181246219887,0.40658187537801127
reconquete,risque,11,nouvelle_energie,8.3,0.43856970766091713,0.5098013589273189,0.4901986410726811
reconquete,risque,12,lfi,9.6,0.3176336464869478,0.6138503654141999,0.3861496345858001
reconquete,risque,12,ecologistes,11.8,0.2187538120233696,0.6264425255019443,0.37355747449805565
reconquete,risque,12,horizons,10.4,0.2227969921660684,0.4042492279711424,0.5957507720288576
reconquete,risque,12,lr,7.3,0.3376291016103894,0.4035090054404421,0.5964909945595579
reconquete,risque,12,rn,10.5,0.46,0.48596422353938734,0.5140357764606127
reconquete,risque,12,reconquete,12.4,0.46,0.46566204372969566,0.5343379562703043
reconquete,risque,12,nouvelle_energie,10.5,0.371194532788215,0.45845241197246733,0.5415475880275327
reconquete,risque,13,lfi,8.7,0.46,0.5327367181214456,0.46726328187855437
reconquete,risque,13,ps,10.8,0.46,0.5545839393943061,0.44541606060569394
reconquete,risque,13,ecologistes,9.8,0.46,0.5776557039154824,0.4223442960845176
reconquete,risque,13,renaissance,12.3,0.30349453278821503,0.6304005368922445,0.3695994631077555
reconquete,risque,13,horizons,11.5,0.29578775604841745,0.5685052076916781,0.4314947923083219
reconquete,risque,13,lr,9.4,0.18808267339539625,0.5952171739222587,0.4047828260777413
reconquete,risque,13,reconquete,10,0.24872666498142493,0.4888291139858432,0.5111708860141568
reconquete,risque,14,lfi,8.7,0.46,0.4654576267206563,0.5345423732793437
reconquete,risque,14,ps,9.9,0.46,0.44372933767128464,0.5562706623287154
reconquete,risque,14,ecologistes,8.2,0.46,0.4199431463113164,0.5800568536886836
reconquete,risque,14,renaissance,9.7,0.30499453278821503,0.36808781532091017,0.6319121846790898
reconquete,risque,14,horizons,11.1,0.29728775604841745,0.4302659927402416,0.5697340072597584
reconquete,risque,14,lr,13.6,0.18958267339539625,0.399788753235113,0.600211246764887
reconquete,risque,14,reconquete,9.4,0.2128294239086698,0.5476083667678899,0.45239163323211007
reconquete,risque,15,lfi,11.7,0.46,0.4474312097226288,0.5525687902773713
reconquete,risque,15,ps,8.9,0.4215625158141757,0.4205242222408184,0.5794757777591816
reconquete,risque,15,ecologistes,11.7,0.46,0.3899356791363651,0.6100643208636349
reconquete,risque,15,renaissance,9.5,0.17879699216606845,0.3314710219382795,0.6685289780617205
reconquete,risque,15,lr,9.9,0.3256697035561982,0.47327307932016377,0.5267269206798362
reconquete,risque,15,reconquete,9,0.2722028566891903,0.5515900631045539,0.44840993689544606
reconquete,risque,15,nouvelle_energie,11.3,0.2594877560484175,0.4008011339391442,0.5991988660608558
reconquete,risque,16,lfi,12.3,0.3646082887331051,0.3896543746460149,0.6103456253539852
reconquete,risque,16,ps,10.8,0.2387538120233696,0.3296262477969877,0.6703737522030123
reconquete,risque,16,renaissance,7.7,0.43383983584658964,0.460787220536373,0.539212779463627
reconquete,risque,16,horizons,12.3,0.44817763101443064,0.49247988302250967,0.5075201169774903
reconquete,risque,16,lr,7,0.33805975892456375,0.5694283356044808,0.4305716643955192
reconquete,risque,16,rn,11.6,0.24184257356098834,0.6264247955446117,0.3735752044553883
reconquete,risque,16,nouvelle_energie,11.2,0.3679218343004522,0.5560499291322272,0.44395007086777283
reconquete,risque,17,ps,9.3,0.35743364648694775,0.5697179639979797,0.4302820360020203
reconquete,risque,17,ecologistes,10.7,0.37440828873310505,0.5993134360740402,0.4006865639259598
reconquete,risque,17,renaissance,9.8,0.37742910161038934,0.4694083552682586,0.5305916447317414
reconquete,risque,17,horizons,11.2,0.3194697035561982,0.44636690937352164,0.5536330906264784
reconquete,risque,17,rn,10.8,0.36807265660237987,0.43393649938523926,0.5660635006147607
reconquete,risque,17,reconquete,10.7,0.37813345360699013,0.4031850434171036,0.5968149565828964
reconquete,risque,17,nouvelle_energie,9.5,0.2455826733953962,0.400093638467102,0.599906361532898
reconquete,risque,18,lfi,8.9,0.34213364648694783,0.3343027836938274,0.6656972163061726
reconquete,risque,18,ecologistes,9,0.2832538120233696,0.28097569722418436,0.7190243027758156
reconquete,risque,18,renaissance,11,0.4178954461919777,0.4334735212255536,0.5665264787744464
reconquete,risque,18,horizons,11.9,0.45006251581417567,0.46497567393335104,0.535024326066649
reconquete,risque,18,lr,10.4,0.4027726566023798,0.5340076715597528,0.4659923284402472
reconquete,risque,18,reconquete,10,0.30544880187958245,0.6027160711160857,0.3972839288839143
reconquete,risque,18,nouvelle_energie,11,0.4383697076609171,0.5154290107736657,0.48457098922633435
reconquete,risque,19,lfi,10.6,0.35223364648694777,0.5660332885391562,0.43396671146084376
reconquete,risque,19,ecologistes,11.6,0.2933538120233696,0.5729912908895117,0.42700870911048827
reconquete,risque,19,renaissance,11.5,0.20739699216606838,0.4188525983451914,0.5811474016548086
reconquete,risque,19,lr,8.6,0.31426970355619815,0.4449688066111171,0.555031193388883
reconquete,risque,19,rn,11.7,0.449066785515875,0.46554395726500575,0.5344560427349943
reconquete,risque,19,reconquete,10.5,0.46,0.44920836020640603,0.5507916397935939
reconquete,risque,19,nouvelle_energie,9.8,0.24808775604841743,0.38852627312420973,0.6114737268757903
reconquete,ideologiquement_coherent,0,ps,12.4,0.32193364648694783,0.6527584923262887,0.3472415076737113
reconquete,ideologiquement_coherent,0,ecologistes,8.5,0.33890828873310513,0.6840988950474853,0.31590110495251467
reconquete,ideologiquement_coherent,0,renaissance,8.6,0.46,0.5059963537957891,0.4940036462042109
reconquete,ideologiquement_coherent,0,horizons,10.6,0.46,0.4789373382579979,0.5210626617420021
reconquete,ideologiquement_coherent,0,lr,10.8,0.37801451219560767,0.41850766681957113,0.5814923331804289
reconquete,ideologiquement_coherent,0,rn,11.5,0.2785476824711673,0.3871477553304259,0.6128522446695741
reconquete,ideologiquement_coherent,0,nouvelle_energie,9.7,0.4040452282673168,0.42750961823789035,0.5724903817621096
reconquete,ideologiquement_coherent,1,ps,11.6,0.37143364648694777,0.4205655282259838,0.5794344717740162
reconquete,ideologiquement_coherent,1,ecologistes,6.8,0.38840828873310507,0.3832262022213782,0.6167737977786218
reconquete,ideologiquement_coherent,1,renaissance,10.4,0.46,0.5042801672324062,0.4957198327675938
reconquete,ideologiquement_coherent,1,horizons,13.2,0.46,0.532278454972193,0.46772154502780705
reconquete,ideologiquement_coherent,1,lr,9.7,0.3256563404779506,0.6452562068525309,0.35474379314746907
reconquete,ideologiquement_coherent,1,rn,12.1,0.24422536820361831,0.6279359596491907,0.3720640403508093
reconquete,ideologiquement_coherent,1,nouvelle_energie,7.9,0.40689664550205773,0.5805036098781453,0.4194963901218547
reconquete,ideologiquement_coherent,2,lfi,7.8,0.46,0.5529183874969544,0.44708161250304557
reconquete,ideologiquement_coherent,2,ps,11.2,0.4212625158141757,0.579750390949733,0.420249609050267
reconquete,ideologiquement_coherent,2,ecologistes,12.2,0.46,0.6103879184810569,0.3896120815189431
reconquete,ideologiquement_coherent,2,renaissance,12.6,0.21849699216606838,0.6519179446509733,0.3480820553490267
reconquete,ideologiquement_coherent,2,lr,10,0.32536970355619815,0.52433514091921,0.47566485908079004
reconquete,ideologiquement_coherent,2,reconquete,9.8,0.2764021930577822,0.41971325388169556,0.5802867461183044
reconquete,ideologiquement_coherent,2,nouvelle_energie,9.8,0.3091877560484174,0.5463178776994364,0.4536821223005636
reconquete,ideologiquement_coherent,3,lfi,11.9,0.3468336464869478,0.43790397597490865,0.5620960240250914
reconquete,ideologiquement_coherent,3,ecologistes,8.2,0.28795381202336956,0.42842138621567066,0.5715786137843293
reconquete,ideologiquement_coherent,3,renaissance,10.1,0.2119969921660684,0.5621555600795868,0.4378444399204132
reconquete,ideologiquement_coherent,3,lr,11.1,0.30886970355619814,0.5571916798879145,0.4428083201120855
reconquete,ideologiquement_coherent,3,rn,11.9,0.443666785515875,0.535861440167975,0.464138559832025
reconquete,ideologiquement_coherent,3,reconquete,10,0.46,0.569822519316207,0.430177480683793
reconquete,ideologiquement_coherent,3,nouvelle_energie,9.9,0.29268775604841746,0.5616471705540029,0.43835282944599707
reconquete,ideologiquement_coherent,4,lfi,8.2,0.3408336464869478,0.3323837106828542,0.6676162893171458
reconquete,ideologiquement_coherent,4,ecologistes,11.5,0.2819538120233696,0.27984120269001583,0.7201587973099841
reconquete,ideologiquement_coherent,4,renaissance,7.5,0.4165954461919777,0.4317990634573914,0.5682009365426086
reconquete,ideologiquement_coherent,4,horizons,11.8,0.4487625158141757,0.46323259567564057,0.5367674043243594
reconquete,ideologiquement_coherent,4,lr,12.4,0.40147265660237985,0.5307781042624252,0.4692218957375748
reconquete,ideologiquement_coherent,4,reconquete,12.5,0.26983200436231225,0.6390180602351314,0.3609819397648686
reconquete,ideologiquement_coherent,4,nouvelle_energie,10.4,0.43706970766091713,0.5134375892240163,0.4865624107759837
reconquete,ideologiquement_coherent,5,lfi,9.1,0.3465336464869478,0.5715735403043247,0.4284264596956753
reconquete,ideologiquement_coherent,5,ecologistes,7.5,0.24765381202336958,0.6018566377312075,0.39814336226879254
reconquete,ideologiquement_coherent,5,renaissance,12.9,0.2516969921660684,0.473073697889492,0.526926302110508
reconquete,ideologiquement_coherent,5,lr,11.3,0.2585697035561982,0.39733001338297325,0.6026699866170268
reconquete,ideologiquement_coherent,5,rn,9.7,0.443366785515875,0.4731385500402786,0.5268614499597214
reconquete,ideologiquement_coherent,5,reconquete,11.9,0.45751569593805347,0.44848666781069635,0.5515133321893037
reconquete,ideologiquement_coherent,5,nouvelle_energie,10.9,0.29238775604841744,0.44797475005570425,0.5520252499442957
reconquete,ideologiquement_coherent,6,lfi,10.1,0.3461336464869478,0.43940962417591917,0.5605903758240809
reconquete,ideologiquement_coherent,6,ecologistes,8.1,0.2872538120233696,0.42872087639690437,0.5712791236030956
reconquete,ideologiquement_coherent,6,renaissance,7.7,0.2512969921660684,0.5379374962208217,0.46206250377917835
reconquete,ideologiquement_coherent,6,lr,11.7,0.30816970355619816,0.5570674786969434,0.4429325213030566
reconquete,ideologiquement_coherent,6,rn,10.4,0.442966785515875,0.5370014865974451,0.46299851340255493
reconquete,ideologiquement_coherent,6,reconquete,10.6,0.46,0.564878889438514,0.43512111056148595
reconquete,ideologiquement_coherent,6,nouvelle_energie,12.5,0.2919877560484174,0.5603901222762617,0.4396098777237383
reconquete,ideologiquement_coherent,7,lfi,9.7,0.46,0.4721989925715775,0.5278010074284225
reconquete,ideologiquement_coherent,7,ps,11.3,0.46,0.4762991058395765,0.5237008941604235
reconquete,ideologiquement_coherent,7,ecologistes,10.6,0.46,0.46742127420235,0.53257872579765
reconquete,ideologiquement_coherent,7,renaissance,11.1,0.278994532788215,0.42518391623884344,0.5748160837611566
reconquete,ideologiquement_coherent,7,horizons,10.7,0.2712877560484174,0.48053238763525186,0.5194676123647481
reconquete,ideologiquement_coherent,7,rn,11.3,0.33607265660237984,0.4951663891570976,0.5048336108429023
reconquete,ideologiquement_coherent,7,reconquete,9.3,0.34569556861210937,0.4916241367158445,0.5083758632841555
reconquete,ideologiquement_coherent,8,lfi,8.9,0.46,0.4536065438490161,0.5463934561509839
reconquete,ideologiquement_coherent,8,ps,12.3,0.46,0.4334425987402696,0.5665574012597304
reconquete,ideologiquement_coherent,8,ecologistes,9.2,0.46,0.40628505735799814,0.5937149426420019
reconquete,ideologiquement_coherent,8,renaissance,9.7,0.355294532788215,0.4162740934926814,0.5837259065073186
reconquete,ideologiquement_coherent,8,horizons,10.1,0.24758775604841743,0.37178297699820223,0.6282170230017978
reconquete,ideologiquement_coherent,8,lr,9.5,0.1498826733953962,0.3747556998417102,0.6252443001582898
reconquete,ideologiquement_coherent,8,reconquete,12.1,0.2287472046111548,0.5396933265001175,0.4603066734998825
reconquete,ideologiquement_coherent,9,ps,12.3,0.37963364648694775,0.3959961102055259,0.6040038897944742
reconquete,ideologiquement_coherent,9,ecologistes,7.2,0.39660828873310505,0.3530235929931662,0.6469764070068338
reconquete,ideologiquement_coherent,9,renaissance,8.5,0.46,0.4714666864588338,0.5285333135411663
reconquete,ideologiquement_coherent,9,horizons,12.7,0.46,0.4994780696402208,0.5005219303597792
reconquete,ideologiquement_coherent,9,lr,10.8,0.39027265660237986,0.5605516950780007,0.43944830492199927
reconquete,ideologiquement_coherent,9,reconquete,10.7,0.2880800183904443,0.6272085733058194,0.37279142669418064
reconquete,ideologiquement_coherent,9,nouvelle_energie,10.4,0.42586970766091714,0.5461643499444591,0.45383565005554094
reconquete,ideologiquement_coherent,10,lfi,9.4,0.46,0.5017875002018746,0.49821249979812543
reconquete,ideologiquement_coherent,10,ps,12.2,0.3621954461919777,0.5073125509876292,0.4926874490123708
reconquete,ideologiquement_coherent,10,ecologistes,11,0.42263983584658965,0.5123458393145417,0.4876541606854583
reconquete,ideologiquement_coherent,10,lr,12,0.2984697035561982,0.4790866465111011,0.5209133534888989
reconquete,ideologiquement_coherent,10,rn,11.1,0.433266785515875,0.4768389231454095,0.5231610768545905
reconquete,ideologiquement_coherent,10,reconquete,8.5,0.45337995226312333,0.4688069230201098,0.5311930769798903
reconquete,ideologiquement_coherent,10,nouvelle_energie,10.5,0.23228775604841745,0.4288687657201437,0.5711312342798562
reconquete,ideologiquement_coherent,11,lfi,8.2,0.3493336464869478,0.5614656726226501,0.4385343273773499
reconquete,ideologiquement_coherent,11,ecologistes,7.1,0.24045381202336963,0.6215998050815159,0.3784001949184841
reconquete,ideologiquement_coherent,11,renaissance,11.4,0.2144969921660684,0.4357268128473358,0.5642731871526643
reconquete,ideologiquement_coherent,11,lr,11,0.2613697035561982,0.38832188695733993,0.6116781130426601
reconquete,ideologiquement_coherent,11,rn,13.1,0.446166785515875,0.4637356835175898,0.5362643164824101
reconquete,ideologiquement_coherent,11,reconquete,10.5,0.46,0.4375326875613247,0.5624673124386753
reconquete,ideologiquement_coherent,11,nouvelle_energie,10.9,0.24518775604841747,0.3854109129505903,0.6145890870494097
reconquete,ideologiquement_coherent,12,lfi,12.3,0.46,0.47193504322249885,0.5280649567775011
reconquete,ideologiquement_coherent,12,ps,9.5,0.46,0.4491458778568077,0.5508541221431923
reconquete,ideologiquement_coherent,12,ecologistes,12.4,0.46,0.42735637370132395,0.572643626298676
reconquete,ideologiquement_coherent,12,renaissance,11.3,0.40452910161038935,0.4315092010431705,0.5684907989568295
reconquete,ideologiquement_coherent,12,horizons,10.1,0.3465697035561982,0.43462599649940287,0.5653740035005972
reconquete,ideologiquement_coherent,12,reconquete,8.5,0.31571002903713874,0.5116966895210002,0.4883033104789998
reconquete,ideologiquement_coherent,12,nouvelle_energie,10,0.1826826733953962,0.3660491143622093,0.6339508856377907
reconquete,ideologiquement_coherent,13,lfi,11.2,0.46,0.48098252838062827,0.5190174716193717
reconquete,ideologiquement_coherent,13,ps,12.5,0.46,0.4788860114089747,0.5211139885910253
reconquete,ideologiquement_coherent,13,ecologistes,9.1,0.46,0.46798979198413404,0.532010208015866
reconquete,ideologiquement_coherent,13,renaissance,11.7,0.46,0.46821840975025564,0.5317815902497444
reconquete,ideologiquement_coherent,13,horizons,11.8,0.46,0.4707709619987596,0.5292290380012403
reconquete,ideologiquement_coherent,13,lr,7.8,0.35047298089979245,0.4212683031868048,0.5787316968131953
reconquete,ideologiquement_coherent,13,nouvelle_energie,8.3,0.42934370036825364,0.46570406427326905,0.534295935726731
reconquete,ideologiquement_coherent,14,ps,10.9,0.3798336464869478,0.6037308424245015,0.3962691575754985
reconquete,ideologiquement_coherent,14,ecologistes,7.7,0.3468082887331051,0.707239628932059,0.29276037106794095
reconquete,ideologiquement_coherent,14,renaissance,10.9,0.46,0.5282640765346285,0.4717359234653715
reconquete,ideologiquement_coherent,14,horizons,12,0.46,0.5002816217320275,0.4997183782679725
reconquete,ideologiquement_coherent,14,lr,6.8,0.34047265660237985,0.3755685871305192,0.6244314128694808
reconquete,ideologiquement_coherent,14,reconquete,12.7,0.29908007485000593,0.37131512476598894,0.6286848752340111
reconquete,ideologiquement_coherent,14,nouvelle_energie,11.9,0.4260697076609171,0.4536189396744201,0.5463810603255799
reconquete,ideologiquement_coherent,15,lfi,12.1,0.3485336464869478,0.5663539610911619,0.4336460389088381
reconquete,ideologiquement_coherent,15,ecologistes,12.3,0.2396538120233696,0.6277302447939273,0.37226975520607275
reconquete,ideologiquement_coherent,15,renaissance,9.5,0.2036969921660684,0.41975687905332704,0.580243120946673
reconquete,ideologiquement_coherent,15,lr,8.6,0.2605697035561982,0.3926823276624844,0.6073176723375155
reconquete,ideologiquement_coherent,15,rn,11.2,0.445366785515875,0.46841868006556425,0.5315813199344357
reconquete,ideologiquement_coherent,15,reconquete,8.8,0.46,0.44085976354963624,0.5591402364503637
reconquete,ideologiquement_coherent,15,nouvelle_energie,9.6,0.29438775604841744,0.44384388464074453,0.5561561153592555
reconquete,ideologiquement_coherent,16,lfi,11.6,0.46,0.44482710697498895,0.555172893025011
reconquete,ideologiquement_coherent,16,ps,11.7,0.40869544619197773,0.4130520456867588,0.5869479543132412
reconquete,ideologiquement_coherent,16,ecologistes,10.5,0.46,0.3785438457419614,0.6214561542580386
reconquete,ideologiquement_coherent,16,horizons,11.6,0.23809699216606844,0.3704997252858228,0.6295002747141771
reconquete,ideologiquement_coherent,16,lr,9.1,0.39357265660237983,0.49263790784287786,0.5073620921571221
reconquete,ideologiquement_coherent,16,reconquete,11.3,0.31751412663449924,0.5829300207303465,0.4170699792696535
reconquete,ideologiquement_coherent,16,nouvelle_energie,8.4,0.386494532788215,0.47241349706247693,0.5275865029375231
reconquete,ideologiquement_coherent,17,lfi,7.9,0.46,0.48580650149316007,0.5141934985068399
reconquete,ideologiquement_coherent,17,ps,9.1,0.46,0.4609356944852061,0.5390643055147939
reconquete,ideologiquement_coherent,17,ecologistes,10.7,0.46,0.44331232441072776,0.5566876755892722
reconquete,ideologiquement_coherent,17,renaissance,8.2,0.3548291016103894,0.37883221680754253,0.6211677831924575
reconquete,ideologiquement_coherent,17,horizons,12.6,0.2968697035561982,0.38859596984916944,0.6114040301508306
reconquete,ideologiquement_coherent,17,reconquete,11.6,0.26466411275588003,0.550041563809431,0.44995843619056897
reconquete,ideologiquement_coherent,17,nouvelle_energie,13,0.23298267339539622,0.4131694984151498,0.5868305015848502
reconquete,ideologiquement_coherent,18,ps,9.2,0.33633364648694775,0.47057789394638744,0.5294221060536126
reconquete,ideologiquement_coherent,18,ecologistes,10.9,0.35330828873310505,0.45416002759878116,0.5458399724012188
reconquete,ideologiquement_coherent,18,renaissance,8.9,0.19149699216606836,0.6237946477750225,0.37620535222497753
reconquete,ideologiquement_coherent,18,lr,12.2,0.2483697035561982,0.6398912758829802,0.3601087241170198
reconquete,ideologiquement_coherent,18,rn,12.4,0.43316678551587495,0.5410313989961221,0.45896860100387793
reconquete,ideologiquement_coherent,18,reconquete,11,0.44904444615215444,0.5804405067495898,0.4195594932504102
reconquete,ideologiquement_coherent,18,nouvelle_energie,9.1,0.2321877560484174,0.6431117122421485,0.35688828775785153
reconquete,ideologiquement_coherent,19,lfi,12.2,0.46,0.4673630088551889,0.5326369911448111
reconquete,ideologiquement_coherent,19,ps,9.8,0.3961625158141757,0.4633955219462454,0.5366044780537547
reconquete,ideologiquement_coherent,19,ecologistes,10.3,0.46,0.4499603494073328,0.5500396505926672
reconquete,ideologiquement_coherent,19,renaissance,11.7,0.20339699216606838,0.4319519742574638,0.5680480257425362
reconquete,ideologiquement_coherent,19,rn,10.8,0.34887265660237987,0.527061961216056,0.472938038783944
reconquete,ideologiquement_coherent,19,reconquete,11.7,0.3381091471660924,0.5366229819694481,0.46337701803055187
reconquete,ideologiquement_coherent,19,nouvelle_energie,7.6,0.1863826733953962,0.5463992689202768,0.4536007310797232
reconquete,opportuniste_electoral,0,lfi,12.1,0.46,0.45993044078416445,0.5400695592158355
reconquete,opportuniste_electoral,0,ps,10.2,0.46,0.4388241278634051,0.5611758721365949
reconquete,opportuniste_electoral,0,ecologistes,8.7,0.46,0.41326447254705784,0.5867355274529422
reconquete,opportuniste_electoral,0,renaissance,9.4,0.353494532788215,0.42042322696294243,0.5795767730370576
reconquete,opportuniste_electoral,0,horizons,10.5,0.24578775604841746,0.37582249508635257,0.6241775049136474
reconquete,opportuniste_electoral,0,lr,11.5,0.23808267339539624,0.43905199864740607,0.5609480013525939
reconquete,opportuniste_electoral,0,reconquete,10.6,0.2363801729079034,0.5316866742196171,0.46831332578038287
reconquete,opportuniste_electoral,1,lfi,11,0.3507082887331051,0.5991026857566313,0.4008973142433687
reconquete,opportuniste_electoral,1,ps,8.3,0.22485381202336957,0.6412882918720578,0.3587117081279422
reconquete,opportuniste_electoral,1,renaissance,10.7,0.3537291016103894,0.5017153616298917,0.4982846383701083
reconquete,opportuniste_electoral,1,horizons,11.3,0.24576970355619815,0.41708284037412857,0.5829171596258714
reconquete,opportuniste_electoral,1,rn,11.8,0.3443726566023798,0.4174970389139433,0.5825029610860567
reconquete,opportuniste_electoral,1,reconquete,9.8,0.31208921686633506,0.3771095604548516,0.6228904395451484
reconquete,opportuniste_electoral,1,nouvelle_energie,11.4,0.18188267339539618,0.386482953579773,0.613517046420227
reconquete,opportuniste_electoral,2,lfi,10.9,0.3313082887331051,0.43277865687217865,0.5672213431278214
reconquete,opportuniste_electoral,2,ps,10.9,0.2054538120233696,0.3958337810091606,0.6041662189908394
reconquete,opportuniste_electoral,2,renaissance,10.9,0.17949699216606838,0.5674781744079612,0.4325218255920388
reconquete,opportuniste_electoral,2,lr,12.4,0.27636970355619817,0.5731039389237944,0.4268960610762056
reconquete,opportuniste_electoral,2,rn,10.3,0.411166785515875,0.5573407358555071,0.44265926414449286
reconquete,opportuniste_electoral,2,reconquete,5.2,0.3911648391812694,0.5908086420252873,0.40919135797471273
reconquete,opportuniste_electoral,2,nouvelle_energie,11.5,0.21018775604841744,0.6265805296105355,0.37341947038946455
reconquete,opportuniste_electoral,3,ecologistes,6.6,0.2577538120233696,0.577088086436472,0.422911913563528
reconquete,opportuniste_electoral,3,renaissance,12.9,0.3923954461919777,0.5415562986710982,0.4584437013289018
reconquete,opportuniste_electoral,3,horizons,9.5,0.4245625158141757,0.5371163800871871,0.4628836199128129
reconquete,opportuniste_electoral,3,lr,12.9,0.46,0.5321969108636676,0.4678030891363324
reconquete,opportuniste_electoral,3,rn,12.6,0.46,0.508696680048719,0.49130331995128096
reconquete,opportuniste_electoral,3,reconquete,9.1,0.46,0.515211215751019,0.484788784248981
reconquete,opportuniste_electoral,3,nouvelle_energie,9.7,0.46,0.5335735896776904,0.4664264103223096
reconquete,opportuniste_electoral,4,lfi,11.8,0.46,0.5049652383028723,0.4950347616971277
reconquete,opportuniste_electoral,4,ps,11.4,0.36339544619197767,0.5097899874035202,0.4902100125964798
reconquete,opportuniste_electoral,4,ecologistes,9.3,0.42383983584658963,0.5152564145054672,0.4847435854945328
reconquete,opportuniste_electoral,4,lr,10.9,0.29966970355619815,0.482338005443512,0.517661994556488
reconquete,opportuniste_electoral,4,rn,10.9,0.434466785515875,0.47958334634037497,0.5204166536596251
reconquete,opportuniste_electoral,4,reconquete,9.9,0.4442750659865815,0.47280173076390825,0.5271982692360917
reconquete,opportuniste_electoral,4,nouvelle_energie,10.7,0.23348775604841743,0.43404313023831986,0.5659568697616801
reconquete,opportuniste_electoral,5,lfi,10.6,0.46,0.4973471879318207,0.5026528120681792
reconquete,opportuniste_electoral,5,ps,11,0.3656954461919777,0.49186740309076804,0.508132596909232
reconquete,opportuniste_electoral,5,ecologistes,8.9,0.42613983584658965,0.48653052705262917,0.5134694729473708
reconquete,opportuniste_electoral,5,lr,9.3,0.3019697035561982,0.51970949518185,0.48029050481815005
reconquete,opportuniste_electoral,5,rn,13.3,0.436766785515875,0.5232331242994833,0.4767668757005167
reconquete,opportuniste_electoral,5,reconquete,9.3,0.4291585502407291,0.529891685641565,0.47010831435843503
reconquete,opportuniste_electoral,5,nouvelle_energie,8.8,0.23578775604841745,0.570099975982066,0.42990002401793403
reconquete,opportuniste_electoral,6,lfi,10.9,0.46,0.45002375620071533,0.5499762437992847
reconquete,opportuniste_electoral,6,ps,13,0.42286251581417567,0.4225108068109671,0.5774891931890329
reconquete,opportuniste_electoral,6,ecologistes,8.8,0.46,0.392208702275166,0.607791297724834
reconquete,opportuniste_electoral,6,renaissance,11.7,0.2700969921660684,0.39952271852779936,0.6004772814722006
reconquete,opportuniste_electoral,6,lr,8.4,0.27696970355619815,0.4234899079771409,0.5765100920228591
reconquete,opportuniste_electoral,6,reconquete,11.2,0.2753541277769238,0.54852060137736,0.45147939862263997
reconquete,opportuniste_electoral,6,nouvelle_energie,8.3,0.2607877560484175,0.40291291340718444,0.5970870865928155
reconquete,opportuniste_electoral,7,lfi,13.1,0.46,0.4464365333581978,0.5535634666418022
reconquete,opportuniste_electoral,7,ps,10.7,0.4219625158141757,0.41960406357490504,0.580395936425095
reconquete,opportuniste_electoral,7,ecologistes,10.8,0.46,0.38863443981165774,0.6113655601883423
reconquete,opportuniste_electoral,7,renaissance,7.9,0.2291969921660684,0.37422754547693937,0.6257724545230606
reconquete,opportuniste_electoral,7,lr,12.1,0.3260697035561982,0.47405497475624925,0.5259450252437508
reconquete,opportuniste_electoral,7,reconquete,6.4,0.22383387777119,0.578695691712357,0.421304308287643
reconquete,opportuniste_electoral,7,nouvelle_energie,11.3,0.25988775604841746,0.4009991084187374,0.5990008915812626
reconquete,opportuniste_electoral,8,lfi,8.4,0.3945336464869478,0.39521272214431324,0.6047872778556868
reconquete,opportuniste_electoral,8,ecologistes,9.3,0.33565381202336964,0.3396943064839978,0.6603056935160022
reconquete,opportuniste_electoral,8,renaissance,11.9,0.4202954461919777,0.4373252434677857,0.5626747565322143
reconquete,opportuniste_electoral,8,horizons,12.1,0.45246251581417574,0.46843262099600835,0.5315673790039916
reconquete,opportuniste_electoral,8,lr,10.5,0.4051726566023799,0.5417490929066697,0.4582509070933303
reconquete,opportuniste_electoral,8,reconquete,10.4,0.31097059408220307,0.6043347578333328,0.3956652421666672
reconquete,opportuniste_electoral,8,nouvelle_energie,9.2,0.44076970766091716,0.5185086871428191,0.48149131285718094
reconquete,opportuniste_electoral,9,ps,12.2,0.3378336464869478,0.4815793278606402,0.5184206721393598
reconquete,opportuniste_electoral,9,ecologistes,9.8,0.3548082887331051,0.4640713358271339,0.5359286641728661
reconquete,opportuniste_electoral,9,renaissance,9.8,0.20299699216606837,0.6078577072549903,0.39214229274500967
reconquete,opportuniste_electoral,9,lr,12.2,0.24986970355619814,0.6469710099654808,0.35302899003451915
reconquete,opportuniste_electoral,9,rn,12.5,0.434666785515875,0.5517731880854687,0.4482268119145313
reconquete,opportuniste_electoral,9,reconquete,9.3,0.4421106533209115,0.5876066142263692,0.4123933857736308
reconquete,opportuniste_electoral,9,nouvelle_energie,8.4,0.23368775604841746,0.6521727524627918,0.3478272475372082
reconquete,opportuniste_electoral,10,lfi,9.1,0.46,0.5650469065382647,0.4349530934617353
reconquete,opportuniste_electoral,10,ps,10.4,0.41952430596458257,0.5929815596039021,0.4070184403960979
reconquete,opportuniste_electoral,10,ecologistes,9.8,0.46,0.6139988922386561,0.3860011077613439
reconquete,opportuniste_electoral,10,renaissance,11.6,0.17675878231647527,0.6612822406904239,0.33871775930957615
reconquete,opportuniste_electoral,10,lr,11.1,0.32363149370660504,0.5225233403345396,0.4774766596654604
reconquete,opportuniste_electoral,10,rn,11.4,0.20949384511891428,0.4063504901887094,0.5936495098112906
reconquete,opportuniste_electoral,10,nouvelle_energie,10.5,0.3074495461988243,0.5378617469825304,0.4621382530174696
reconquete,opportuniste_electoral,11,ps,11.1,0.38173364648694785,0.6101338364119326,0.38986616358806736
reconquete,opportuniste_electoral,11,ecologistes,8.5,0.34870828873310517,0.7106560754461124,0.2893439245538876
reconquete,opportuniste_electoral,11,renaissance,10.5,0.46,0.5323894254213771,0.4676105745786229
reconquete,opportuniste_electoral,11,horizons,11.2,0.46,0.5042555711154638,0.4957444288845362
reconquete,opportuniste_electoral,11,lr,9.6,0.39237265660237985,0.44445248053438957,0.5555475194656104
reconquete,opportuniste_electoral,11,reconquete,9.9,0.2739764837533676,0.38385376278173344,0.6161462372182666
reconquete,opportuniste_electoral,11,nouvelle_energie,12.7,0.42796970766091713,0.45772711082524103,0.542272889174759
reconquete,opportuniste_electoral,12,lfi,10.4,0.46,0.48366232307134144,0.5163376769286585
reconquete,opportuniste_electoral,12,ps,11.9,0.46,0.45915591443939646,0.5408440855606036
reconquete,opportuniste_electoral,12,ecologistes,7.5,0.46,0.4409425411415862,0.5590574588584138
reconquete,opportuniste_electoral,12,renaissance,9.8,0.4050291016103894,0.4392997789625467,0.5607002210374533
reconquete,opportuniste_electoral,12,horizons,11.6,0.34706970355619815,0.44378983984693726,0.5562101601530627
reconquete,opportuniste_electoral,12,reconquete,9.6,0.3012175172418472,0.5079734672261423,0.49202653277385766
reconquete,opportuniste_electoral,12,nouvelle_energie,11.4,0.2331826733953962,0.41150900788800954,0.5884909921119905
reconquete,opportuniste_electoral,13,lfi,10.7,0.46,0.5480570503076528,0.45194294969234716
reconquete,opportuniste_electoral,13,ps,8.8,0.46,0.5679108282201498,0.4320891717798502
reconquete,opportuniste_electoral,13,ecologistes,9.9,0.46,0.5953509371169723,0.4046490628830277
reconquete,opportuniste_electoral,13,renaissance,10.2,0.310194532788215,0.6401029201469391,0.35989707985306085
reconquete,opportuniste_electoral,13,horizons,13.7,0.3024877560484174,0.5798882604503288,0.4201117395496712
reconquete,opportuniste_electoral,13,lr,10.8,0.20478267339539616,0.5855624710126288,0.4144375289873712
reconquete,opportuniste_electoral,13,reconquete,8.2,0.22750562109130648,0.4567578333044762,0.5432421666955238
reconquete,opportuniste_electoral,14,lfi,12.3,0.46,0.45031292038531134,0.5496870796146887
reconquete,opportuniste_electoral,14,ps,12.8,0.4204625158141757,0.4235643911141718,0.5764356088858282
reconquete,opportuniste_electoral,14,ecologistes,9.3,0.46,0.394674679304423,0.605325320695577
reconquete,opportuniste_electoral,14,renaissance,10.9,0.1776969921660684,0.3357237567393558,0.6642762432606442
reconquete,opportuniste_electoral,14,lr,9,0.2745697035561982,0.42821448543771407,0.5717855145622859
reconquete,opportuniste_electoral,14,reconquete,9.5,0.265828840394097,0.5501932561011726,0.44980674389882735
reconquete,opportuniste_electoral,14,nouvelle_energie,9.3,0.30838775604841745,0.4544297999906624,0.5455702000093376
reconquete,opportuniste_electoral,15,lfi,10.8,0.2979336464869478,0.617122194582396,0.38287780541760397
reconquete,opportuniste_electoral,15,ecologistes,11.8,0.2890538120233696,0.5717593984824367,0.42824060151756327
reconquete,opportuniste_electoral,15,renaissance,11.3,0.2130969921660684,0.4383447086844586,0.5616552913155415
reconquete,opportuniste_electoral,15,lr,11.1,0.2599697035561982,0.3907584491492132,0.6092415508507868
reconquete,opportuniste_electoral,15,rn,10,0.444766785515875,0.46485804771642497,0.535141952283575
reconquete,opportuniste_electoral,15,reconquete,9.4,0.45436297063473696,0.44128537092199405,0.558714629078006
reconquete,opportuniste_electoral,15,nouvelle_energie,9.6,0.24378775604841746,0.38783617714898855,0.6121638228510115
reconquete,opportuniste_electoral,16,lfi,9.3,0.46,0.5415038215159002,0.45849617848409985
reconquete,opportuniste_electoral,16,ps,12.6,0.46,0.5622012987268236,0.43779870127317644
reconquete,opportuniste_electoral,16,ecologistes,7,0.46,0.5877452741943338,0.41225472580566624
reconquete,opportuniste_electoral,16,renaissance,11.6,0.357094532788215,0.5802328623986879,0.4197671376013121
reconquete,opportuniste_electoral,16,horizons,9.1,0.2993877560484174,0.5759310806126985,0.4240689193873015
reconquete,opportuniste_electoral,16,lr,11.4,0.20168267339539617,0.5815413971926326,0.41845860280736735
reconquete,opportuniste_electoral,16,reconquete,11.1,0.2289605942312868,0.46094365298779305,0.539056347012207
reconquete,opportuniste_electoral,17,lfi,10.3,0.46,0.5280180481186999,0.4719819518813001
reconquete,opportuniste_electoral,17,ps,10.8,0.46,0.5434542125820935,0.4565457874179065
reconquete,opportuniste_electoral,17,ecologistes,11.8,0.46,0.5534655081287936,0.4465344918712064
reconquete,opportuniste_electoral,17,renaissance,11.8,0.405865539136705,0.5481772347073541,0.45182276529264587
reconquete,opportuniste_electoral,17,horizons,9,0.3479061410825138,0.542858664786718,0.45714133521328204
reconquete,opportuniste_electoral,17,rn,9.7,0.25535596066029725,0.4329697231590942,0.5670302768409058
reconquete,opportuniste_electoral,17,nouvelle_energie,9.8,0.23401911092171182,0.5712338168816418,0.42876618311835824
reconquete,opportuniste_electoral,18,ps,12.7,0.3369336464869478,0.5273465139062018,0.4726534860937982
reconquete,opportuniste_electoral,18,ecologistes,9.2,0.3539082887331051,0.5462158030178862,0.4537841969821138
reconquete,opportuniste_electoral,18,renaissance,10.1,0.1920969921660684,0.37444726026397224,0.6255527397360278
reconquete,opportuniste_electoral,18,lr,12.1,0.24896970355619819,0.35876600933862446,0.6412339906613755
reconquete,opportuniste_electoral,18,rn,11.4,0.433766785515875,0.45839601316130596,0.541603986838694
reconquete,opportuniste_electoral,18,reconquete,8.4,0.4463693560334451,0.424402463764278,0.575597536235722
reconquete,opportuniste_electoral,18,nouvelle_energie,10.1,0.23278775604841745,0.35402996390605207,0.645970036093948
reconquete,opportuniste_electoral,19,lfi,12.2,0.39393364648694784,0.39141457280928527,0.6085854271907147
reconquete,opportuniste_electoral,19,ecologistes,8.6,0.28505381202336966,0.2824203803013302,0.7175796196986698
reconquete,opportuniste_electoral,19,renaissance,10,0.41969544619197774,0.43389913523494483,0.5661008647650552
reconquete,opportuniste_electoral,19,horizons,11.1,0.45186251581417575,0.46523359567661265,0.5347664043233873
reconquete,opportuniste_electoral,19,lr,10.9,0.3545726566023799,0.594325060529681,0.40567493947031896
reconquete,opportuniste_electoral,19,reconquete,8.9,0.2569529718601477,0.6271413398063586,0.37285866019364144
reconquete,opportuniste_electoral,19,nouvelle_energie,9.7,0.4401697076609172,0.5154328626147147,0.48456713738528534
reconquete,parti_dabord,0,ps,12.5,0.2848336464869478,0.5771883232873795,0.42281167671262054
reconquete,parti_dabord,0,ecologistes,7.9,0.3018082887331051,0.5958259150270031,0.4041740849729969
reconquete,parti_dabord,0,renaissance,10.8,0.1999969921660684,0.3973169230830186,0.6026830769169814
reconquete,parti_dabord,0,lr,9.1,0.2968697035561982,0.4119993713231403,0.5880006286768598
reconquete,parti_dabord,0,rn,12.3,0.431666785515875,0.453213804158318,0.546786195841682
reconquete,parti_dabord,0,reconquete,8.8,0.4450240375429495,0.4128498614214261,0.5871501385785739
reconquete,parti_dabord,0,nouvelle_energie,11.2,0.23068775604841746,0.3517490066549386,0.6482509933450614
reconquete,parti_dabord,1,lfi,11.1,0.3348336464869478,0.5808424751902506,0.41915752480974944
reconquete,parti_dabord,1,ecologistes,11,0.27595381202336955,0.5989455214892219,0.40105447851077813
reconquete,parti_dabord,1,renaissance,8.5,0.33839453278821496,0.48942677288434644,0.5105732271156536
reconquete,parti_dabord,1,horizons,12.3,0.23068775604841746,0.41417097959383575,0.5858290204061642
reconquete,parti_dabord,1,lr,8.1,0.22298267339539618,0.4154214800939062,0.5845785199060938
reconquete,parti_dabord,1,rn,12.4,0.3810697076609171,0.4384597069102605,0.5615402930897395
reconquete,parti_dabord,1,reconquete,11.3,0.3814574246647172,0.41377774492418107,0.5862222550758189
reconquete,parti_dabord,2,lfi,11.4,0.39303364648694783,0.6085594156675611,0.3914405843324389
reconquete,parti_dabord,2,ecologistes,9.4,0.3341538120233696,0.6626567336673429,0.3373432663326571
reconquete,parti_dabord,2,renaissance,10.9,0.4187954461919777,0.5649036434813645,0.43509635651863554
reconquete,parti_dabord,2,horizons,12.6,0.4509625158141757,0.5334485176282977,0.4665514823717023
reconquete,parti_dabord,2,lr,10.9,0.40367265660237983,0.46446976097593584,0.5355302390240642
reconquete,parti_dabord,2,reconquete,7.3,0.3079738715714612,0.3859213454142635,0.6140786545857365
reconquete,parti_dabord,2,nouvelle_energie,8.9,0.4392697076609171,0.4829486255405967,0.5170513744594033
reconquete,parti_dabord,3,lfi,9.3,0.46,0.4494946395613789,0.5505053604386211
reconquete,parti_dabord,3,ps,11.8,0.46,0.4310457920043812,0.5689542079956188
reconquete,parti_dabord,3,ecologistes,12,0.46,0.4029547995901158,0.5970452004098842
reconquete,parti_dabord,3,renaissance,10.9,0.4062051912493295,0.42779790276181756,0.5722020972381825
reconquete,parti_dabord,3,horizons,10.6,0.2982457931951384,0.3804016710890953,0.6195983289109047
reconquete,parti_dabord,3,rn,10,0.24589482587998304,0.5468299730688668,0.4531700269311332
reconquete,parti_dabord,3,nouvelle_energie,10.1,0.22435876303433638,0.3919399882439841,0.6080600117560159
reconquete,parti_dabord,4,ps,10.4,0.3813336464869478,0.3996718416809781,0.6003281583190219
reconquete,parti_dabord,4,ecologistes,9.9,0.3983082887331051,0.356238136014272,0.643761863985728
reconquete,parti_dabord,4,renaissance,10.9,0.46,0.474292667748914,0.525707332251086
reconquete,parti_dabord,4,horizons,10.6,0.46,0.5020890027198663,0.49791099728013366
reconquete,parti_dabord,4,lr,10.3,0.3919726566023799,0.5667077513612035,0.43329224863879645
reconquete,parti_dabord,4,reconquete,7.9,0.2763782254318512,0.6230167030101978,0.37698329698980215
reconquete,parti_dabord,4,nouvelle_energie,12.7,0.4275697076609172,0.5486777015030054,0.45132229849699457
reconquete,parti_dabord,5,ps,10.3,0.3822336464869478,0.4030870898467443,0.5969129101532558
reconquete,parti_dabord,5,ecologistes,8.6,0.3492082887331051,0.29962111703934935,0.7003788829606507
reconquete,parti_dabord,5,renaissance,8.9,0.46,0.4776668459740948,0.5223331540259052
reconquete,parti_dabord,5,horizons,11.6,0.46,0.5051125011971683,0.49488749880283167
reconquete,parti_dabord,5,lr,8.7,0.39287265660237985,0.569054259229737,0.43094574077026304
reconquete,parti_dabord,5,reconquete,12.5,0.2978909768645409,0.638132159717763,0.36186784028223695
reconquete,parti_dabord,5,nouvelle_energie,12.6,0.42846970766091713,0.5514210501053757,0.4485789498946243
reconquete,parti_dabord,6,lfi,13,0.2860336464869478,0.634307945246386,0.365692054753614
reconquete,parti_dabord,6,ecologistes,9,0.1871538120233696,0.6664470530035378,0.3335529469964622
reconquete,parti_dabord,6,renaissance,8.8,0.339594532788215,0.4929066506163552,0.5070933493836448
reconquete,parti_dabord,6,horizons,9.3,0.2818877560484174,0.46749947119877355,0.5325005288012264
reconquete,parti_dabord,6,lr,10.2,0.17418267339539623,0.37078202764242807,0.6292179723575719
reconquete,parti_dabord,6,rn,12.6,0.3822697076609171,0.4438993790139527,0.5561006209860473
reconquete,parti_dabord,6,reconquete,8.5,0.3758209351131948,0.4088534973428794,0.5911465026571205
reconquete,parti_dabord,7,lfi,9.4,0.46,0.5057804742421061,0.49421952575789385
reconquete,parti_dabord,7,ps,10.7,0.36709544619197765,0.5105098689918601,0.4894901310081399
reconquete,parti_dabord,7,ecologistes,9.8,0.4275398358465896,0.5162220976980427,0.4837779023019573
reconquete,parti_dabord,7,lr,10.5,0.3033697035561982,0.48248875587292217,0.5175112441270778
reconquete,parti_dabord,7,rn,12.9,0.43816678551587496,0.4797181668331671,0.5202818331668329
reconquete,parti_dabord,7,reconquete,7.2,0.46,0.47157135509721515,0.5284286449027848
reconquete,parti_dabord,7,nouvelle_energie,12.4,0.2371877560484174,0.4319569710121049,0.568043028987895
reconquete,parti_dabord,8,lfi,8.4,0.34523364648694777,0.5655109000561412,0.43448909994385876
reconquete,parti_dabord,8,ecologistes,7.6,0.24635381202336962,0.5985594386231712,0.4014405613768288
reconquete,parti_dabord,8,renaissance,9.3,0.25039699216606837,0.46398598640173466,0.5360140135982654
reconquete,parti_dabord,8,lr,11.2,0.3072697035561982,0.44674946895024015,0.5532505310497599
reconquete,parti_dabord,8,rn,10.7,0.44206678551587497,0.4674958917014791,0.5325041082985209
reconquete,parti_dabord,8,reconquete,13.9,0.4489461651959026,0.4411046815349972,0.5588953184650027
reconquete,parti_dabord,8,nouvelle_energie,9.8,0.2910877560484174,0.4433863660423153,0.5566136339576847
reconquete,parti_dabord,9,lfi,9.5,0.46,0.5007021389675906,0.49929786103240936
reconquete,parti_dabord,9,ps,11,0.46,0.4988277877191419,0.5011722122808582
reconquete,parti_dabord,9,ecologistes,9.7,0.46,0.4954441428238959,0.5045558571761041
reconquete,parti_dabord,9,renaissance,12.1,0.46,0.4948877972076528,0.5051122027923471
reconquete,parti_dabord,9,horizons,10.1,0.46,0.4893004356623872,0.5106995643376129
reconquete,parti_dabord,9,lr,10.5,0.3609531841936048,0.5474830941814953,0.4525169058185047
reconquete,parti_dabord,9,nouvelle_energie,10.9,0.44111252085294844,0.4841736547157511,0.5158263452842489
reconquete,parti_dabord,10,ecologistes,11.6,0.2576538120233696,0.5744764753500732,0.4255235246499268
reconquete,parti_dabord,10,renaissance,11,0.3922954461919777,0.5382453010996291,0.4617546989003709
reconquete,parti_dabord,10,horizons,7.9,0.4244625158141757,0.533634030250683,0.466365969749317
reconquete,parti_dabord,10,lr,9.3,0.46,0.5279968297913616,0.47200317020863836
reconquete,parti_dabord,10,rn,11.8,0.46,0.5042336461471099,0.49576635385289014
reconquete,parti_dabord,10,reconquete,12.2,0.46,0.5081359619752048,0.49186403802479517
reconquete,parti_dabord,10,nouvelle_energie,8.4,0.46,0.5293807307642148,0.47061926923578523
reconquete,parti_dabord,11,lfi,11.8,0.3465336464869478,0.43110149406658244,0.5688985059334175
reconquete,parti_dabord,11,ecologistes,7.1,0.2876538120233696,0.4240019252958691,0.5759980747041309
reconquete,parti_dabord,11,renaissance,10.1,0.2016969921660684,0.580888071739138,0.41911192826086197
reconquete,parti_dabord,11,lr,9.7,0.2585697035561982,0.6081222606391591,0.3918777393608409
reconquete,parti_dabord,11,rn,12.4,0.443366785515875,0.5325605928325817,0.4674394071674183
reconquete,parti_dabord,11,reconquete,9.4,0.4572710120229955,0.5610557282826547,0.4389442717173453
reconquete,parti_dabord,11,nouvelle_energie,12,0.29238775604841744,0.5569554654056899,0.44304453459431015
reconquete,parti_dabord,12,lfi,11.7,0.46,0.44648154187367756,0.5535184581263224
reconquete,parti_dabord,12,ps,8.9,0.40939544619197765,0.4144108577752488,0.5855891422247512
reconquete,parti_dabord,12,ecologistes,10.7,0.46,0.3802366736099348,0.6197633263900653
reconquete,parti_dabord,12,horizons,12,0.23879699216606837,0.3721735045993466,0.6278264954006534
reconquete,parti_dabord,12,lr,9.3,0.3442726566023799,0.5531945462180762,0.4468054537819238
reconquete,parti_dabord,12,reconquete,8.2,0.2649451850412677,0.6150886165618707,0.38491138343812925
reconquete,parti_dabord,12,nouvelle_energie,12.1,0.33719453278821504,0.4162792365022523,0.5837207634977477
reconquete,parti_dabord,13,lfi,9.5,0.3906820687709052,0.6291753052139188,0.37082469478608115
reconquete,parti_dabord,13,ecologistes,10.9,0.28180223430732704,0.7352766780920645,0.26472332190793546
reconquete,parti_dabord,13,renaissance,10.1,0.4164438684759351,0.5715533903745476,0.42844660962545245
reconquete,parti_dabord,13,horizons,10.1,0.4486109380981331,0.5378261040810048,0.46217389591899516
reconquete,parti_dabord,13,lr,9,0.40096227504471843,0.468792699957823,0.531207300042177
reconquete,parti_dabord,13,rn,12.7,0.29081203540611983,0.41888418611455003,0.58111581388545
reconquete,parti_dabord,13,nouvelle_energie,9.5,0.43361975338544667,0.4803251147086372,0.5196748852913629
reconquete,parti_dabord,14,lfi,8.5,0.46,0.4912146529242472,0.5087853470757528
reconquete,parti_dabord,14,ps,12.7,0.46,0.465704211274766,0.534295788725234
reconquete,parti_dabord,14,ecologistes,10.9,0.46,0.44993250479171765,0.5500674952082824
reconquete,parti_dabord,14,renaissance,11.3,0.3541291016103894,0.3824887039712432,0.6175112960287568
reconquete,parti_dabord,14,horizons,12.9,0.34616970355619814,0.4483361614345309,0.5516638385654691
reconquete,parti_dabord,14,reconquete,6.2,0.2706618660428699,0.5255889081380432,0.47441109186195685
reconquete,parti_dabord,14,nouvelle_energie,8.9,0.2222826733953962,0.3926361309539593,0.6073638690460408
reconquete,parti_dabord,15,lfi,8,0.46,0.49656073818331964,0.5034392618166803
reconquete,parti_dabord,15,ps,11.1,0.3640954461919777,0.49133937143510964,0.5086606285648904
reconquete,parti_dabord,15,ecologistes,10.5,0.42453983584658966,0.48600195956414494,0.5139980404358551
reconquete,parti_dabord,15,lr,8.3,0.2503697035561982,0.5708553462715505,0.42914465372844945
reconquete,parti_dabord,15,rn,9.8,0.435166785515875,0.5220814140756039,0.47791858592439607
reconquete,parti_dabord,15,reconquete,13.1,0.43886644774842093,0.5290682757125118,0.4709317242874882
reconquete,parti_dabord,15,nouvelle_energie,11.5,0.23418775604841746,0.5706189514844932,0.42938104851550685
reconquete,parti_dabord,16,lfi,9.1,0.46,0.4628943394318149,0.5371056605681851
reconquete,parti_dabord,16,ps,12.1,0.46,0.44148075534879777,0.5585192446512022
reconquete,parti_dabord,16,ecologistes,7.2,0.46,0.4169254091797761,0.583074590820224
reconquete,parti_dabord,16,renaissance,9.2,0.354694532788215,0.42022672890479923,0.5797732710952008
reconquete,parti_dabord,16,horizons,10.4,0.29698775604841743,0.4286885488977338,0.5713114511022662
reconquete,parti_dabord,16,lr,11.2,0.18928267339539623,0.40396883827216606,0.596031161727834
reconquete,parti_dabord,16,reconquete,12.1,0.27904380536673706,0.5029848717810447,0.4970151282189553
reconquete,parti_dabord,17,lfi,8.9,0.3670336464869478,0.5622655616299541,0.4377344383700459
reconquete,parti_dabord,17,ecologistes,13,0.2681538120233697,0.5838511199344838,0.4161488800655162
reconquete,parti_dabord,17,horizons,11.3,0.22219699216606842,0.4043909415747594,0.5956090584252406
reconquete,parti_dabord,17,lr,9.5,0.3870291016103894,0.46293686013296564,0.5370631398670344
reconquete,parti_dabord,17,rn,10.9,0.46,0.48617969537989353,0.5138203046201064
reconquete,parti_dabord,17,reconquete,7.6,0.46,0.46879641265962624,0.5312035873403738
reconquete,parti_dabord,17,nouvelle_energie,10,0.3205945327882151,0.4021458425888609,0.5978541574111391
reconquete,parti_dabord,18,lfi,9,0.46,0.5567036157640207,0.4432963842359793
reconquete,parti_dabord,18,ps,11.2,0.42083985788018874,0.5809411567654396,0.41905884323456044
reconquete,parti_dabord,18,ecologistes,9.4,0.46,0.6026806260005069,0.39731937399949313
reconquete,parti_dabord,18,renaissance,11.5,0.1780743342320815,0.6593300203203254,0.3406699796796746
reconquete,parti_dabord,18,lr,11.2,0.3249470456222112,0.5155795781994991,0.48442042180050093
reconquete,parti_dabord,18,rn,11,0.21875581444047293,0.39450249857380154,0.6054975014261985
reconquete,parti_dabord,18,nouvelle_energie,11.6,0.30876509811443054,0.5298667640506778,0.4701332359493222
reconquete,parti_dabord,19,lfi,11.4,0.3348336464869478,0.42929571258762766,0.5707042874123723
reconquete,parti_dabord,19,ecologistes,7.6,0.22595381202336962,0.3569265905866874,0.6430734094133126
reconquete,parti_dabord,19,renaissance,12.2,0.28839453278821503,0.5657370444350964,0.4342629555649036
reconquete,parti_dabord,19,horizons,12,0.28068775604841745,0.5406699037338715,0.45933009626612853
reconquete,parti_dabord,19,lr,11.7,0.13298267339539618,0.6492370562290801,0.3507629437709199
reconquete,parti_dabord,19,rn,8.7,0.38106970766091713,0.5650306048728657,0.4349693951271343
reconquete,parti_dabord,19,reconquete,11.7,0.3821453816722798,0.605579020727892,0.39442097927210795
reconquete,mediatique,0,lfi,9.1,0.46,0.5402459661175019,0.45975403388249814
reconquete,mediatique,0,ps,8.9,0.3946625158141757,0.5426558480774452,0.45734415192255484
reconquete,mediatique,0,ecologistes,8.2,0.46,0.5577739667291675,0.44222603327083254
reconquete,mediatique,0,renaissance,11,0.19189699216606843,0.5981729600987444,0.40182703990125557
reconquete,mediatique,0,rn,9.4,0.2973726566023799,0.4196693996906405,0.5803306003093596
reconquete,mediatique,0,reconquete,11.7,0.32906379072878517,0.4663143408216418,0.5336856591783582
reconquete,mediatique,0,nouvelle_energie,13.5,0.22488267339539622,0.48559247219673973,0.5144075278032603
reconquete,mediatique,1,ps,9.1,0.33613364648694777,0.4709277847965678,0.5290722152034322
reconquete,mediatique,1,ecologistes,8.4,0.3031082887331051,0.3990271191497869,0.600972880850213
reconquete,mediatique,1,renaissance,11.6,0.15129699216606837,0.6419685121278923,0.3580314878721077
reconquete,mediatique,1,lr,13.3,0.24816970355619822,0.6399292207692531,0.36007077923074693
reconquete,mediatique,1,rn,12.8,0.432966785515875,0.542213707422813,0.45778629257718695
reconquete,mediatique,1,reconquete,6.4,0.4120403646067434,0.5813411726814413,0.41865882731855875
reconquete,mediatique,1,nouvelle_energie,11.2,0.23198775604841743,0.645351939259185,0.354648060740815
reconquete,mediatique,2,ecologistes,9.6,0.3087538120233696,0.5267845958979583,0.47321540410204166
reconquete,mediatique,2,renaissance,11.2,0.3933954461919777,0.5421871976168052,0.4578128023831948
reconquete,mediatique,2,horizons,10.2,0.4255625158141757,0.5377178456313775,0.4622821543686225
reconquete,mediatique,2,lr,10,0.46,0.5328404375522414,0.4671595624477586
reconquete,mediatique,2,rn,12.8,0.46,0.5089469169818439,0.4910530830181561
reconquete,mediatique,2,reconquete,9.6,0.46,0.5058965418002042,0.49410345819979584
reconquete,mediatique,2,nouvelle_energie,8.6,0.46,0.5342395820940457,0.46576041790595435
reconquete,mediatique,3,lfi,10.1,0.46,0.53371476653864,0.46628523346135997
reconquete,mediatique,3,ps,12.1,0.3931625158141757,0.5375553022183328,0.4624446977816672
reconquete,mediatique,3,ecologistes,8.3,0.46,0.5516539164726466,0.4483460835273534
reconquete,mediatique,3,renaissance,10.6,0.24039699216606839,0.5452703035704454,0.45472969642955463
reconquete,mediatique,3,rn,12.3,0.2958726566023799,0.41277421976250045,0.5872257802374996
reconquete,mediatique,3,reconquete,9,0.31512359881989394,0.4629482936882173,0.5370517063117827
reconquete,mediatique,3,nouvelle_energie,10.7,0.1333826733953962,0.41530699639086965,0.5846930036091303
reconquete,mediatique,4,lfi,11.6,0.3402336464869478,0.33460133386297236,0.6653986661370277
reconquete,mediatique,4,ecologistes,10.2,0.2813538120233696,0.28570132680797666,0.7142986731920233
reconquete,mediatique,4,renaissance,9.5,0.4159954461919777,0.43558580095114563,0.5644141990488544
reconquete,mediatique,4,horizons,10.5,0.4481625158141757,0.4669543057147759,0.5330456942852241
reconquete,mediatique,4,lr,11.5,0.40087265660237986,0.5357618948215064,0.4642381051784936
reconquete,mediatique,4,reconquete,7.3,0.29663292269800967,0.6095827169901846,0.3904172830098154
reconquete,mediatique,4,nouvelle_energie,11.4,0.43646970766091714,0.5173437347562452,0.4826562652437548
reconquete,mediatique,5,ps,11.2,0.3336336464869478,0.4692795993362632,0.5307204006637368
reconquete,mediatique,5,ecologistes,13.6,0.3506082887331051,0.45543623236846387,0.5445637676315361
reconquete,mediatique,5,renaissance,8.8,0.14879699216606837,0.6422772749300882,0.35772272506991176
reconquete,mediatique,5,lr,9.7,0.24566970355619816,0.6380518421842918,0.3619481578157082
reconquete,mediatique,5,rn,10.5,0.43046678551587503,0.5407487068956797,0.45925129310432034
reconquete,mediatique,5,reconquete,7.6,0.41931986904078966,0.5677931289444855,0.4322068710555145
reconquete,mediatique,5,nouvelle_energie,9.5,0.22948775604841748,0.6434882277961753,0.3565117722038247
reconquete,mediatique,6,lfi,12.7,0.46,0.4982757357526157,0.5017242642473843
reconquete,mediatique,6,ps,8.3,0.3621954461919777,0.4925236800273704,0.5074763199726295
reconquete,mediatique,6,ecologistes,11.8,0.42263983584658965,0.4872382145667325,0.5127617854332676
reconquete,mediatique,6,lr,8.9,0.2984697035561982,0.5205318730104325,0.47946812698956753
reconquete,mediatique,6,rn,11.9,0.433266785515875,0.5243769105381966,0.4756230894618034
reconquete,mediatique,6,reconquete,7.9,0.4388472863983379,0.5321821782741991,0.4678178217258009
reconquete,mediatique,6,nouvelle_energie,11.7,0.28228775604841744,0.519824412366244,0.480175587633756
reconquete,mediatique,7,lfi,9.3,0.3671336464869478,0.5945088272959511,0.4054911727040489
reconquete,mediatique,7,ecologistes,9.5,0.2582538120233696,0.6692731362568842,0.3307268637431158
reconquete,mediatique,7,renaissance,10.6,0.3371291016103894,0.4474885791267104,0.5525114208732895
reconquete,mediatique,7,horizons,12.7,0.2791697035561982,0.42321719407648073,0.5767828059235193
reconquete,mediatique,7,rn,11.9,0.37777265660237985,0.4331932574924938,0.5668067425075062
reconquete,mediatique,7,reconquete,6,0.37245368762668196,0.39871686946481183,0.6012831305351882
reconquete,mediatique,7,nouvelle_energie,12,0.25528267339539623,0.42075628207613225,0.5792437179238678
reconquete,mediatique,8,lfi,9.8,0.46,0.44544107009087736,0.5545589299091227
reconquete,mediatique,8,ps,12.2,0.41059544619197774,0.41298442944865094,0.5870155705513491
reconquete,mediatique,8,ecologistes,11.8,0.46,0.3776894524414578,0.6223105475585422
reconquete,mediatique,8,horizons,10,0.23999699216606846,0.3721581321899965,0.6278418678100035
reconquete,mediatique,8,lr,7.5,0.39547265660237985,0.49236056228986885,0.5076394377101312
reconquete,mediatique,8,reconquete,9.1,0.2872388214266819,0.5938206869877384,0.4061793130122616
reconquete,mediatique,8,nouvelle_energie,12.2,0.388394532788215,0.4732193450606633,0.5267806549393367
reconquete,mediatique,9,lfi,9.6,0.46,0.4487905712781147,0.5512094287218853
reconquete,mediatique,9,ps,11.1,0.4204625158141757,0.4214980421018545,0.5785019578981455
reconquete,mediatique,9,ecologistes,10.6,0.46,0.39094195519158215,0.6090580448084179
reconquete,mediatique,9,renaissance,11,0.2676969921660684,0.40071110559863116,0.5992888944013688
reconquete,mediatique,9,lr,11.7,0.3245697035561982,0.4741973142235168,0.5258026857764833
reconquete,mediatique,9,reconquete,9.4,0.2575326865311578,0.5606368403166956,0.4393631596833044
reconquete,mediatique,9,nouvelle_energie,9.2,0.30838775604841745,0.45476403399707066,0.5452359660029293
reconquete,mediatique,10,lfi,12,0.46,0.5470256121431742,0.45297438785682576
reconquete,mediatique,10,ps,11.5,0.4209625158141757,0.5748507218662797,0.4251492781337203
reconquete,mediatique,10,ecologistes,8.1,0.46,0.6041916482203719,0.39580835177962814
reconquete,mediatique,10,renaissance,8.1,0.21819699216606842,0.6472222226617376,0.35277777733826243
reconquete,mediatique,10,lr,8.6,0.3250697035561982,0.5220951667616782,0.4779048332383218
reconquete,mediatique,10,reconquete,12.5,0.27207488344954334,0.4438308079419986,0.5561691920580014
reconquete,mediatique,10,nouvelle_energie,10.2,0.25888775604841746,0.5952260834548195,0.40477391654518047
reconquete,mediatique,11,lfi,9.9,0.34303364648694784,0.6688537461686473,0.33114625383135265
reconquete,mediatique,11,ecologistes,8.6,0.3341538120233696,0.6691251902601151,0.3308748097398849
reconquete,mediatique,11,renaissance,12.9,0.4187954461919777,0.5694274976397163,0.43057250236028366
reconquete,mediatique,11,horizons,11.6,0.4509625158141757,0.5381507999016777,0.4618492000983223
reconquete,mediatique,11,lr,12.3,0.40367265660237983,0.4722804091853597,0.5277195908146404
reconquete,mediatique,11,reconquete,3.6,0.3112003586487577,0.3900320075474811,0.609967992452519
reconquete,mediatique,11,nouvelle_energie,13.4,0.4392697076609171,0.48830876821240243,0.5116912317875976
reconquete,mediatique,12,ps,10.2,0.33103364648694783,0.338584379402745,0.661415620597255
reconquete,mediatique,12,ecologistes,8.9,0.34800828873310513,0.292267930545843,0.707732069454157
reconquete,mediatique,12,renaissance,7.2,0.46,0.4717647351182494,0.5282352648817505
reconquete,mediatique,12,horizons,10.2,0.46,0.4993772872326069,0.5006227127673931
reconquete,mediatique,12,lr,12.5,0.34167265660237983,0.6235748217525835,0.3764251782474165
reconquete,mediatique,12,reconquete,10,0.2829357306028689,0.6266794048649783,0.3733205951350217
reconquete,mediatique,12,nouvelle_energie,12.7,0.4272697076609171,0.5454132986438175,0.4545867013561825
reconquete,mediatique,13,lfi,7.9,0.46,0.49725101674682726,0.5027489832531727
reconquete,mediatique,13,ps,13,0.3647954461919777,0.4917970897705423,0.5082029102294576
reconquete,mediatique,13,ecologistes,11.8,0.42523983584658964,0.4864522211343347,0.5135477788656653
reconquete,mediatique,13,lr,8.1,0.30106970355619816,0.5196318340582851,0.48036816594171494
reconquete,mediatique,13,rn,10.5,0.435866785515875,0.5231267171721106,0.47687328282788943
reconquete,mediatique,13,reconquete,9,0.4547153263987067,0.5265201105235031,0.4734798894764969
reconquete,mediatique,13,nouvelle_energie,11.9,0.28488775604841743,0.5189579003579504,0.4810420996420496
reconquete,mediatique,14,lfi,12.3,0.46,0.5116057730976473,0.4883942269023527
reconquete,mediatique,14,ps,11.2,0.46,0.537680439886787,0.46231956011321296
reconquete,mediatique,14,ecologistes,7.1,0.46,0.5555815634849394,0.44441843651506063
reconquete,mediatique,14,renaissance,10,0.4033291016103894,0.5587953557928895,0.4412046442071105
reconquete,mediatique,14,horizons,13.3,0.34536970355619817,0.5544261030932461,0.44557389690675386
reconquete,mediatique,14,reconquete,8.2,0.29491257285759076,0.487028145422469,0.512971854577531
reconquete,mediatique,14,nouvelle_energie,10.9,0.22148267339539623,0.6107276498454346,0.3892723501545654
reconquete,mediatique,15,lfi,8,0.2976336464869478,0.6242050541122598,0.3757949458877402
reconquete,mediatique,15,ecologistes,7.9,0.2887538120233696,0.5815495862362983,0.41845041376370173
reconquete,mediatique,15,renaissance,10.6,0.2527969921660684,0.46917320553271136,0.5308267944672886
reconquete,mediatique,15,lr,12.1,0.2596697035561982,0.39294945682660276,0.6070505431733972
reconquete,mediatique,15,rn,10.3,0.444466785515875,0.4689222683166303,0.5310777316833697
reconquete,mediatique,15,reconquete,12.4,0.46,0.45309270161553505,0.546907298384465
reconquete,mediatique,15,nouvelle_energie,11.3,0.24348775604841744,0.39079525708583385,0.6092047429141662
reconquete,mediatique,16,lfi,11.6,0.46,0.511224018647392,0.488775981352608
reconquete,mediatique,16,ps,10.5,0.3628625158141757,0.5181314883843355,0.48186851161566446
reconquete,mediatique,16,ecologistes,10.8,0.43364208669951965,0.5246565280606713,0.4753434719393287
reconquete,mediatique,16,renaissance,11.2,0.21009699216606842,0.5235739557360228,0.47642604426397717
reconquete,mediatique,16,lr,9.3,0.19308267339539623,0.4650490982020113,0.5349509017979888
reconquete,mediatique,16,rn,11.1,0.35116970766091715,0.47088189518160084,0.5291181048183992
reconquete,mediatique,16,reconquete,9.7,0.34960534216470757,0.4592604455299462,0.5407395544700537
reconquete,mediatique,17,lfi,10.7,0.46,0.4919237619959455,0.5080762380040544
reconquete,mediatique,17,ps,11.4,0.3621625158141757,0.48455070879797624,0.5154492912020238
reconquete,mediatique,17,ecologistes,10.5,0.4329420866995196,0.47875805374646524,0.5212419462535347
reconquete,mediatique,17,renaissance,11.3,0.11939699216606839,0.41697599774131083,0.5830240022586892
reconquete,mediatique,17,lr,8.7,0.1523826733953962,0.5629212959144894,0.43707870408551064
reconquete,mediatique,17,rn,9.7,0.3504697076609171,0.5305617327842229,0.4694382672157771
reconquete,mediatique,17,reconquete,11.9,0.3180794593750007,0.5409233451280314,0.4590766548719686
reconquete,mediatique,18,lfi,14.2,0.46,0.44967327366591836,0.5503267263340816
reconquete,mediatique,18,ps,10.5,0.46,0.4304123310757731,0.569587668924227
reconquete,mediatique,18,ecologistes,6.9,0.46,0.4029705480734028,0.5970294519265972
reconquete,mediatique,18,renaissance,10.6,0.35339453278821503,0.41414856923821486,0.5858514307617851
reconquete,mediatique,18,horizons,10.7,0.29568775604841746,0.41508909935754856,0.5849109006424514
reconquete,mediatique,18,lr,9.2,0.1979826733953962,0.4124569088170382,0.5875430911829618
reconquete,mediatique,18,reconquete,7.8,0.23351945308004463,0.5163413206422793,0.48365867935772067
reconquete,mediatique,19,lfi,12.3,0.3913336464869478,0.38989333728205416,0.6101066627179459
reconquete,mediatique,19,ecologistes,10.6,0.28245381202336955,0.2829796625642604,0.7170203374357396
reconquete,mediatique,19,renaissance,11,0.4170954461919777,0.4336447011936475,0.5663552988063525
reconquete,mediatique,19,horizons,10.3,0.44926251581417564,0.4651576540420714,0.5348423459579286
reconquete,mediatique,19,lr,7.5,0.4019726566023798,0.5329319810319073,0.4670680189680927
reconquete,mediatique,19,reconquete,5.9,0.3185303104655258,0.6075311593637441,0.39246884063625587
reconquete,mediatique,19,nouvelle_energie,11.1,0.4375697076609171,0.5156429208150884,0.48435707918491155
reconquete,contrarien,0,ps,12,0.3071336464869478,0.42020691598021687,0.5797930840197831
reconquete,contrarien,0,ecologistes,10.9,0.3741082887331051,0.46569627397456304,0.534303726025437
reconquete,contrarien,0,horizons,10.3,0.2622969921660684,0.5757883874992289,0.4242116125007711
reconquete,contrarien,0,lr,13.3,0.3771291016103894,0.5630501920851602,0.43694980791483984
reconquete,contrarien,0,rn,11.4,0.46,0.5153559595410394,0.4846440404589606
reconquete,contrarien,0,reconquete,2.8,0.46,0.5303730943254058,0.4696269056745942
reconquete,contrarien,0,nouvelle_energie,10,0.360694532788215,0.5683735594853485,0.4316264405146515
reconquete,contrarien,1,lfi,10.5,0.46,0.5540759541762941,0.44592404582370593
reconquete,contrarien,1,ps,12.8,0.4202625158141757,0.580924178825328,0.419075821174672
reconquete,contrarien,1,ecologistes,8.2,0.46,0.6121871717864075,0.38781282821359253
reconquete,contrarien,1,renaissance,9.5,0.26749699216606837,0.6077594542985987,0.3922405457014013
reconquete,contrarien,1,lr,11.4,0.27436970355619816,0.580164189413072,0.419835810586928
reconquete,contrarien,1,reconquete,11.9,0.2678994152823774,0.4561219539493869,0.5438780460506131
reconquete,contrarien,1,nouvelle_energie,8.9,0.2581877560484174,0.5994031473852032,0.40059685261479683
reconquete,contrarien,2,lfi,11.5,0.3529082887331051,0.4347741826860395,0.5652258173139605
reconquete,contrarien,2,ps,12.9,0.1870538120233696,0.38675180058900627,0.6132481994109937
reconquete,contrarien,2,horizons,11.1,0.20109699216606838,0.5799717807311684,0.4200282192688316
reconquete,contrarien,2,lr,7.9,0.3559291016103894,0.5531745043808146,0.4468254956191854
reconquete,contrarien,2,rn,12.3,0.46,0.53497403519718,0.46502596480282
reconquete,contrarien,2,reconquete,8.1,0.46,0.5558517424512562,0.44414825754874376
reconquete,contrarien,2,nouvelle_energie,8.6,0.339494532788215,0.5588247035062208,0.4411752964937792
reconquete,contrarien,3,lfi,8.8,0.3924336464869478,0.6084162500972923,0.3915837499027077
reconquete,contrarien,3,ecologistes,11.1,0.28355381202336966,0.7168539236487051,0.28314607635129485
reconquete,contrarien,3,renaissance,13.2,0.4181954461919777,0.56562236344741,0.43437763655259
reconquete,contrarien,3,horizons,10,0.45036251581417575,0.5340696312136531,0.46593036878634686
reconquete,contrarien,3,lr,13.3,0.4030726566023799,0.46618689620179204,0.5338131037982079
reconquete,contrarien,3,reconquete,2.2,0.2944404830651518,0.39593258172615653,0.6040674182738435
reconquete,contrarien,3,nouvelle_energie,12,0.4386697076609172,0.4834585863991105,0.5165414136008895
reconquete,contrarien,4,lfi,11.6,0.46,0.5044970488822219,0.4955029511177781
reconquete,contrarien,4,ps,9.3,0.36409544619197765,0.49745058681476856,0.5025494131852315
reconquete,contrarien,4,ecologistes,12.5,0.4245398358465896,0.4931187868602972,0.5068812131397028
reconquete,contrarien,4,lr,7.6,0.3003697035561982,0.5243128957998908,0.4756871042001092
reconquete,contrarien,4,rn,12.2,0.43516678551587495,0.529291422576151,0.470708577423849
reconquete,contrarien,4,reconquete,8.2,0.4265065852487038,0.5314297124021552,0.4685702875978448
reconquete,contrarien,4,nouvelle_energie,10,0.2341877560484174,0.5735159253462562,0.4264840746537438
reconquete,contrarien,5,lfi,12.1,0.46,0.48077590971665096,0.519224090283349
reconquete,contrarien,5,ps,11,0.46,0.45639077757638064,0.5436092224236193
reconquete,contrarien,5,ecologistes,9.2,0.46,0.4368553708452975,0.5631446291547024
reconquete,contrarien,5,renaissance,11.7,0.40042910161038936,0.4369593337563644,0.5630406662436356
reconquete,contrarien,5,horizons,9.6,0.2924697035561982,0.3861713098131827,0.6138286901868173
reconquete,contrarien,5,reconquete,8,0.2878348756482777,0.516057952947999,0.48394204705200095
reconquete,contrarien,5,nouvelle_energie,8.3,0.21858267339539622,0.3885500948337707,0.6114499051662293
reconquete,contrarien,6,lfi,8,0.46,0.4489869530465448,0.5510130469534552
reconquete,contrarien,6,ps,10.7,0.4198625158141757,0.42190098228561346,0.5780990177143865
reconquete,contrarien,6,ecologistes,11.2,0.46,0.39179540812901525,0.6082045918709847
reconquete,contrarien,6,renaissance,10.3,0.2270969921660684,0.37445966294277655,0.6255403370572235
reconquete,contrarien,6,lr,11.4,0.2739697035561982,0.4216927851580927,0.5783072148419073
reconquete,contrarien,6,reconquete,9,0.27826445047551995,0.542744678867968,0.45725532113203204
reconquete,contrarien,6,nouvelle_energie,12.5,0.30778775604841746,0.4548467203099128,0.5451532796900872
reconquete,contrarien,7,lfi,9.6,0.46,0.4417983545503721,0.5582016454496279
reconquete,contrarien,7,ps,13,0.4210625158141757,0.41598466820630164,0.5840153317936984
reconquete,contrarien,7,ecologistes,8.3,0.46,0.3844264522396532,0.6155735477603468
reconquete,contrarien,7,renaissance,12.9,0.22829699216606839,0.37208694119995045,0.6279130588000496
reconquete,contrarien,7,lr,10.9,0.2751697035561982,0.41495711104575506,0.5850428889542449
reconquete,contrarien,7,reconquete,5.4,0.2785315222999348,0.5377408272828778,0.46225917271712225
reconquete,contrarien,7,nouvelle_energie,11.4,0.30898775604841744,0.4492438494675342,0.5507561505324658
reconquete,contrarien,8,lfi,11.1,0.3679336464869478,0.4057459008205487,0.5942540991794514
reconquete,contrarien,8,ecologistes,9.2,0.2590538120233696,0.3275281363303414,0.6724718636696586
reconquete,contrarien,8,renaissance,11.8,0.3879291016103894,0.49430131859429133,0.5056986814057087
reconquete,contrarien,8,horizons,12.9,0.32996970355619815,0.5222991233872865,0.47770087661271354
reconquete,contrarien,8,rn,10.8,0.3785726566023798,0.5633852768246946,0.43661472317530536
reconquete,contrarien,8,reconquete,5.7,0.3369544589967671,0.5896270569654399,0.41037294303456007
reconquete,contrarien,8,nouvelle_energie,9.2,0.1660826733953962,0.6462116106231461,0.35378838937685386
reconquete,contrarien,9,lfi,9.6,0.39243364648694784,0.3866341933657457,0.6133658066342542
reconquete,contrarien,9,ecologistes,8.2,0.29355381202336966,0.3139593236432452,0.6860406763567548
reconquete,contrarien,9,renaissance,9,0.41819544619197774,0.43103402793841217,0.5689659720615878
reconquete,contrarien,9,horizons,15,0.45036251581417575,0.46231280752884435,0.5376871924711557
reconquete,contrarien,9,lr,9.8,0.3530726566023799,0.5894484488138005,0.41055155118619946
reconquete,contrarien,9,reconquete,6.2,0.31310037497309323,0.6065460236611812,0.39345397633881884
reconquete,contrarien,9,nouvelle_energie,11.4,0.4386697076609172,0.5121941498663362,0.48780585013366384
reconquete,contrarien,10,ps,9.4,0.3576336464869478,0.5192347587589058,0.4807652412410942
reconquete,contrarien,10,ecologistes,8.5,0.3246082887331051,0.5872788829758117,0.41272111702418834
reconquete,contrarien,10,horizons,12.3,0.1727969921660684,0.3495131769447976,0.6504868230552023
reconquete,contrarien,10,lr,12.6,0.3776291016103894,0.43170917308933066,0.5682908269106693
reconquete,contrarien,10,rn,12.4,0.46,0.4784889319450326,0.5215110680549674
reconquete,contrarien,10,reconquete,4.9,0.46,0.45256505987226636,0.5474349401277336
reconquete,contrarien,10,nouvelle_energie,12.2,0.361194532788215,0.4252140936215657,0.5747859063784343
reconquete,contrarien,11,lfi,12.2,0.46,0.4789837972256662,0.5210162027743338
reconquete,contrarien,11,ps,8.8,0.46,0.45504247434678824,0.5449575256532118
reconquete,contrarien,11,ecologistes,10.1,0.46,0.43521952130881647,0.5647804786911835
reconquete,contrarien,11,renaissance,8.5,0.40342910161038936,0.43602384644965053,0.5639761535503495
reconquete,contrarien,11,horizons,13,0.3454697035561982,0.43974349026635223,0.5602565097336478
reconquete,contrarien,11,reconquete,8.6,0.29008366421812587,0.5054219477086745,0.49457805229132545
reconquete,contrarien,11,nouvelle_energie,8.9,0.18158267339539622,0.3687171201011764,0.6312828798988236
reconquete,contrarien,12,lfi,11.7,0.2960336464869478,0.3746210517700973,0.6253789482299027
reconquete,contrarien,12,ecologistes,9.2,0.1971538120233696,0.35628322600834683,0.6437167739916532
reconquete,contrarien,12,renaissance,10.7,0.2011969921660684,0.5796831222442331,0.42031687775576687
reconquete,contrarien,12,lr,11.2,0.30806970355619817,0.5492217701602411,0.4507782298397589
reconquete,contrarien,12,rn,11.7,0.442866785515875,0.5275930278622413,0.47240697213775873
reconquete,contrarien,12,reconquete,9.3,0.43572004118678065,0.5433738000603336,0.45662619993966636
reconquete,contrarien,12,nouvelle_energie,9.6,0.29188775604841743,0.5526495716902529,0.44735042830974714
reconquete,contrarien,13,lfi,11.4,0.3935336464869478,0.608964808680999,0.391035191319001
reconquete,contrarien,13,ecologistes,7.3,0.2846538120233696,0.7186828867472469,0.2813171132527531
reconquete,contrarien,13,renaissance,11.2,0.41929544619197767,0.5658017239914697,0.43419827600853034
reconquete,contrarien,13,horizons,9.1,0.4514625158141757,0.5339954519970999,0.46600454800290014
reconquete,contrarien,13,lr,10,0.40417265660237983,0.46558279146361065,0.5344172085363894
reconquete,contrarien,13,reconquete,8.1,0.2892766072301482,0.39274585442322774,0.6072541455767723
reconquete,contrarien,13,nouvelle_energie,10.3,0.4397697076609171,0.48296322371308853,0.5170367762869115
reconquete,contrarien,14,lfi,10.8,0.39483364648694774,0.6114644357933747,0.3885355642066253
reconquete,contrarien,14,ecologistes,10.9,0.2859538120233696,0.7227144842586259,0.27728551574137406
reconquete,contrarien,14,renaissance,9.8,0.42059544619197764,0.5692839068205935,0.4307160931794065
reconquete,contrarien,14,horizons,10.8,0.4527625158141757,0.5374928923524568,0.4625071076475432
reconquete,contrarien,14,lr,9.4,0.40547265660237986,0.47054553524518167,0.5294544647548183
reconquete,contrarien,14,reconquete,6.1,0.27064299344331627,0.3628150172476492,0.6371849827523508
reconquete,contrarien,14,nouvelle_energie,13.7,0.44106970766091713,0.4867620877924295,0.5132379122075705
reconquete,contrarien,15,lfi,8.9,0.46,0.4507924090785144,0.5492075909214855
reconquete,contrarien,15,ps,11.9,0.4204625158141757,0.4230602958761577,0.5769397041238423
reconquete,contrarien,15,ecologistes,12.6,0.46,0.3927801498118181,0.6072198501881819
reconquete,contrarien,15,renaissance,12.9,0.21769699216606841,0.3501589623300534,0.6498410376699466
reconquete,contrarien,15,lr,11.5,0.2745697035561982,0.42385129813684513,0.5761487018631548
reconquete,contrarien,15,reconquete,5.9,0.24197320351611445,0.5573812269240026,0.4426187730759974
reconquete,contrarien,15,nouvelle_energie,9.2,0.25838775604841746,0.40323797575482906,0.596762024245171
reconquete,contrarien,16,lfi,11.8,0.46,0.46284443865601876,0.5371555613439812
reconquete,contrarien,16,ps,11.1,0.46,0.4414719480544414,0.5585280519455587
reconquete,contrarien,16,ecologistes,8.2,0.46,0.4169655798668479,0.5830344201331521
reconquete,contrarien,16,renaissance,12.1,0.353294532788215,0.4225811629777841,0.577418837022216
reconquete,contrarien,16,horizons,10.9,0.29558775604841747,0.4286966514247801,0.5713033485752199
reconquete,contrarien,16,lr,9.4,0.2378826733953962,0.44404123415258206,0.5559587658474179
reconquete,contrarien,16,reconquete,8.7,0.24941602897305143,0.5159056285299171,0.48409437147008294
reconquete,contrarien,17,lfi,10.3,0.3468336464869478,0.5704753912273697,0.4295246087726303
reconquete,contrarien,17,ecologistes,8.3,0.24795381202336955,0.6029449062258474,0.3970550937741526
reconquete,contrarien,17,renaissance,8.8,0.20199699216606842,0.4199615000118298,0.5800384999881703
reconquete,contrarien,17,lr,12.1,0.25886970355619815,0.3936685507620493,0.6063314492379507
reconquete,contrarien,17,rn,12.5,0.443666785515875,0.4707634148038767,0.5292365851961234
reconquete,contrarien,17,reconquete,6.9,0.4361914104761466,0.4553390277780232,0.5446609722219768
reconquete,contrarien,17,nouvelle_energie,11.1,0.24268775604841747,0.3906276864535234,0.6093723135464766
reconquete,contrarien,18,ps,10.4,0.33193364648694784,0.33814402477853067,0.6618559752214693
reconquete,contrarien,18,ecologistes,10.6,0.34890828873310514,0.2924987052015281,0.7075012947984719
reconquete,contrarien,18,renaissance,7.9,0.46,0.4703200677797264,0.5296799322202737
reconquete,contrarien,18,horizons,8.7,0.46,0.4982036578734186,0.5017963421265814
reconquete,contrarien,18,lr,10.4,0.34257265660237984,0.6224894218496632,0.37751057815033684
reconquete,contrarien,18,reconquete,7.5,0.23925465882025646,0.6350052990478351,0.3649947009521649
reconquete,contrarien,18,nouvelle_energie,12.4,0.4281697076609171,0.5445641794564962,0.45543582054350384
reconquete,contrarien,19,lfi,11.4,0.3669336464869478,0.5980536848319761,0.4019463151680239
reconquete,contrarien,19,ecologistes,9.5,0.30805381202336957,0.6223418324706973,0.3776581675293027
reconquete,contrarien,19,renaissance,10.6,0.3369291016103894,0.4498825308216752,0.5501174691783248
reconquete,contrarien,19,horizons,11.9,0.32896970355619815,0.4792799047303728,0.5207200952696271
reconquete,contrarien,19,rn,11.5,0.3775726566023798,0.4362363970678228,0.5637636029321772
reconquete,contrarien,19,reconquete,8.7,0.3497918349461915,0.4101646842476484,0.5898353157523516
reconquete,contrarien,19,nouvelle_energie,9.1,0.2550826733953962,0.421198181268857,0.578801818731143
nouvelle_energie,aleatoire,0,lfi,12.5,0.46,0.4972600012918713,0.5027399987081287
nouvelle_energie,aleatoire,0,ps,10.6,0.3717625158141757,0.5068958425575159,0.49310415744248415
nouvelle_energie,aleatoire,0,ecologistes,9.3,0.4425420866995196,0.5125670276195293,0.4874329723804707
nouvelle_energie,aleatoire,0,renaissance,11.9,0.1689969921660684,0.5639335865185591,0.43606641348144093
nouvelle_energie,aleatoire,0,lr,9.8,0.19232106414045175,0.47341525220398606,0.5265847477960139
nouvelle_energie,aleatoire,0,rn,9.9,0.33062960751274206,0.4623862442745224,0.5376137557254776
nouvelle_energie,aleatoire,0,reconquete,7.4,0.3370051792286834,0.4572567942907361,0.5427432057092638
nouvelle_energie,aleatoire,1,lfi,12.1,0.46,0.4423013965893637,0.5576986034106364
nouvelle_energie,aleatoire,1,ps,12,0.4194625158141757,0.41638143049925536,0.5836185695007446
nouvelle_energie,aleatoire,1,ecologistes,11.2,0.46,0.38489244428303193,0.6151075557169681
nouvelle_energie,aleatoire,1,renaissance,12.2,0.1766969921660684,0.3313348475977649,0.6686651524022351
nouvelle_energie,aleatoire,1,lr,10.2,0.3235697035561982,0.4674129212385492,0.5325870787614508
nouvelle_energie,aleatoire,1,reconquete,3.9,0.2924280715344861,0.5456507937094688,0.4543492062905312
nouvelle_energie,aleatoire,1,nouvelle_energie,9.6,0.2849359419741693,0.4343345816826033,0.5656654183173967
nouvelle_energie,aleatoire,2,lfi,9.5,0.46,0.5754362671282232,0.42456373287177684
nouvelle_energie,aleatoire,2,ps,11.1,0.4462599390493842,0.5997538856353315,0.4002461143646685
nouvelle_energie,aleatoire,2,ecologistes,10.6,0.46,0.6243935202409301,0.3756064797590699
nouvelle_energie,aleatoire,2,renaissance,9.6,0.28217060023360124,0.6501832967952568,0.34981670320474323
nouvelle_energie,aleatoire,2,horizons,12.1,0.23296016904423383,0.6372818987064003,0.3627181012935997
nouvelle_energie,aleatoire,2,lr,11.4,0.28381099421916756,0.566122766545531,0.43387723345446905
nouvelle_energie,aleatoire,2,reconquete,5.9,0.2898280715344861,0.5011788702876717,0.4988211297123283
nouvelle_energie,aleatoire,3,ecologistes,11,0.2659538120233696,0.5561201845778654,0.4438798154221346
nouvelle_energie,aleatoire,3,renaissance,10.8,0.3905954461919777,0.5431106252012691,0.45688937479873093
nouvelle_energie,aleatoire,3,horizons,10.1,0.4227625158141757,0.5387778504830664,0.46122214951693363
nouvelle_energie,aleatoire,3,lr,9.9,0.46,0.5342355053552571,0.4657644946447429
nouvelle_energie,aleatoire,3,rn,11,0.46,0.5110485110203685,0.4889514889796315
nouvelle_energie,aleatoire,3,reconquete,5,0.46,0.5173252609237,0.4826747390763
nouvelle_energie,aleatoire,3,nouvelle_energie,13.1,0.46,0.5269880195896579,0.4730119804103421
nouvelle_energie,aleatoire,4,lfi,11.8,0.46,0.4520671436203652,0.5479328563796348
nouvelle_energie,aleatoire,4,ps,12.5,0.4197625158141757,0.4245755926244268,0.5754244073755732
nouvelle_energie,aleatoire,4,ecologistes,9.2,0.46,0.39532937011368086,0.6046706298863191
nouvelle_energie,aleatoire,4,renaissance,9.3,0.26699699216606837,0.405256671900158,0.594743328099842
nouvelle_energie,aleatoire,4,lr,12.2,0.32386970355619815,0.4617808585235772,0.5382191414764228
nouvelle_energie,aleatoire,4,reconquete,6,0.29272807153448605,0.555017851101643,0.44498214889835697
nouvelle_energie,aleatoire,4,nouvelle_energie,11.6,0.29628254218338035,0.45708659794839696,0.5429134020516031
nouvelle_energie,aleatoire,5,lfi,9,0.46,0.5561090126215092,0.44389098737849075
nouvelle_energie,aleatoire,5,ps,11.9,0.42026251581417573,0.5821280804627271,0.4178719195372729
nouvelle_energie,aleatoire,5,ecologistes,12.8,0.46,0.612972612151257,0.387027387848743
nouvelle_energie,aleatoire,5,renaissance,8.8,0.17749699216606837,0.6684680711443267,0.3315319288556733
nouvelle_energie,aleatoire,5,lr,10.8,0.2743697035561982,0.5863974736548394,0.4136025263451606
nouvelle_energie,aleatoire,5,reconquete,5.5,0.29322807153448605,0.4527268683471747,0.5472731316528253
nouvelle_energie,aleatoire,5,nouvelle_energie,12.3,0.2763297041676494,0.497430914274588,0.5025690857254119
nouvelle_energie,aleatoire,6,lfi,11,0.3362336464869478,0.5382803246736066,0.46171967532639335
nouvelle_energie,aleatoire,6,ecologistes,11.2,0.2773538120233696,0.5587481854482005,0.4412518145517995
nouvelle_energie,aleatoire,6,renaissance,10.6,0.2875314231722039,0.4400501324543176,0.5599498675456824
nouvelle_energie,aleatoire,6,horizons,10.3,0.2712558800368793,0.44614997501736053,0.5538500249826395
nouvelle_energie,aleatoire,6,lr,12.9,0.16810341397252965,0.3593364651711221,0.6406635348288778
nouvelle_energie,aleatoire,6,rn,9.8,0.35477436357913267,0.41199858607866763,0.5880014139213323
nouvelle_energie,aleatoire,6,reconquete,7.6,0.3629563095369465,0.38847113596105365,0.6115288640389464
nouvelle_energie,aleatoire,7,lfi,12.6,0.46,0.5202918706827568,0.47970812931724316
nouvelle_energie,aleatoire,7,ps,12.9,0.3843625158141757,0.5066567982323464,0.49334320176765356
nouvelle_energie,aleatoire,7,ecologistes,8.9,0.4551420866995196,0.5050076532494199,0.4949923467505801
nouvelle_energie,aleatoire,7,renaissance,12.2,0.19159699216606838,0.46378166660109466,0.5362183333989053
nouvelle_energie,aleatoire,7,lr,8.9,0.2328786771666002,0.5274096869149542,0.47259031308504584
nouvelle_energie,aleatoire,7,rn,10.2,0.3613173588202877,0.5454584515835239,0.4545415484164761
nouvelle_energie,aleatoire,7,reconquete,6,0.36121435711680566,0.5518454258199973,0.4481545741800027
nouvelle_energie,aleatoire,8,lfi,10.3,0.46,0.5525880711006114,0.44741192889938863
nouvelle_energie,aleatoire,8,ps,9.1,0.43772217676438546,0.5451235628273122,0.4548764371726878
nouvelle_energie,aleatoire,8,ecologistes,10.8,0.46,0.5518867343231173,0.4481132656768827
nouvelle_energie,aleatoire,8,renaissance,12.7,0.3183161118407533,0.5314043367550123,0.4685956632449877
nouvelle_energie,aleatoire,8,horizons,10.3,0.2215675750171662,0.5433578311836451,0.4566421688163549
nouvelle_energie,aleatoire,8,rn,11.2,0.29767265660237985,0.4639417985925383,0.5360582014074617
nouvelle_energie,aleatoire,8,reconquete,8.1,0.34114454299903596,0.5160874249873489,0.48391257501265106
nouvelle_energie,aleatoire,9,ps,13,0.3383336464869478,0.48089613841055795,0.5191038615894421
nouvelle_energie,aleatoire,9,ecologistes,10.7,0.3553082887331051,0.46187596425807764,0.5381240357419224
nouvelle_energie,aleatoire,9,renaissance,7.5,0.1534969921660684,0.6469910166734714,0.35300898332652864
nouvelle_energie,aleatoire,9,lr,10.7,0.2503697035561982,0.6514283827155567,0.3485716172844433
nouvelle_energie,aleatoire,9,rn,12.9,0.435166785515875,0.5500279340934425,0.4499720659065575
nouvelle_energie,aleatoire,9,reconquete,5.5,0.4502005328580141,0.5768476936840259,0.4231523063159741
nouvelle_energie,aleatoire,9,nouvelle_energie,12.4,0.2708129339725515,0.6138161347835879,0.3861838652164121
nouvelle_energie,aleatoire,10,lfi,8.8,0.3580336464869478,0.5770797448831007,0.42292025511689935
nouvelle_energie,aleatoire,10,ecologistes,11.6,0.24915381202336961,0.6508479266294347,0.3491520733705653
nouvelle_energie,aleatoire,10,renaissance,10.8,0.36551308394404247,0.4929771648767178,0.5070228351232822
nouvelle_energie,aleatoire,10,horizons,9.1,0.3077367885994002,0.46534463490641526,0.5346553650935848
nouvelle_energie,aleatoire,10,lr,7.9,0.22803879220023293,0.41818118016598693,0.5818188198340131
nouvelle_energie,aleatoire,10,rn,14.6,0.37116992672221916,0.4354764159215658,0.5645235840784342
nouvelle_energie,aleatoire,10,reconquete,4.6,0.3730497520788226,0.4105862958431625,0.5894137041568375
nouvelle_energie,aleatoire,11,lfi,10.9,0.46,0.5832126959366775,0.41678730406332254
nouvelle_energie,aleatoire,11,ps,12.7,0.4595816349031477,0.5973825900535897,0.40261740994641027
nouvelle_energie,aleatoire,11,ecologistes,7.3,0.46,0.622265703622304,0.37773429637769596
nouvelle_energie,aleatoire,11,renaissance,10.6,0.2822362331008201,0.6522092943721804,0.34779070562781955
nouvelle_energie,aleatoire,11,horizons,9.9,0.22612089473485197,0.640182627329236,0.35981737267076397
nouvelle_energie,aleatoire,11,lr,9.1,0.255390885455945,0.5725200867889972,0.42747991321100276
nouvelle_energie,aleatoire,11,reconquete,8,0.19892807153448608,0.4345842532517041,0.5654157467482959
nouvelle_energie,aleatoire,12,lfi,10,0.2798082887331051,0.401919077938395,0.598080922061605
nouvelle_energie,aleatoire,12,ps,12.6,0.2039538120233696,0.405047377328134,0.594952622671866
nouvelle_energie,aleatoire,12,renaissance,13,0.30933776898110227,0.5395558337541118,0.46044416624588824
nouvelle_energie,aleatoire,12,horizons,9.9,0.16082230951227547,0.6251121785904837,0.37488782140951626
nouvelle_energie,aleatoire,12,lr,8.4,0.15271470220597808,0.6264574345755876,0.37354256542441244
nouvelle_energie,aleatoire,12,rn,11.2,0.3454394499221327,0.6014722473655028,0.39852775263449725
nouvelle_energie,aleatoire,12,reconquete,4.7,0.34046822774482144,0.6284496422361526,0.37155035776384737
nouvelle_energie,aleatoire,13,lfi,13.2,0.46,0.5499173673846928,0.45008263261530723
nouvelle_energie,aleatoire,13,ps,10.7,0.46,0.5643414278664424,0.43565857213355763
nouvelle_energie,aleatoire,13,ecologistes,10.2,0.46,0.594084012402557,0.40591598759744296
nouvelle_energie,aleatoire,13,renaissance,11.7,0.2981529938616579,0.6357511335714652,0.3642488664285348
nouvelle_energie,aleatoire,13,horizons,10.7,0.20090112641572375,0.6403937283571772,0.3596062716428228
nouvelle_energie,aleatoire,13,lr,8.7,0.17532116785874388,0.6146109798730772,0.3853890201269228
nouvelle_energie,aleatoire,13,reconquete,5.2,0.2087280715344861,0.41280738758373003,0.58719261241627
nouvelle_energie,aleatoire,14,lfi,9,0.46,0.5563043006756805,0.4436956993243195
nouvelle_energie,aleatoire,14,ps,11.7,0.46,0.5742435012444149,0.4257564987555851
nouvelle_energie,aleatoire,14,ecologistes,9.1,0.46,0.6000518604631013,0.3999481395368987
nouvelle_energie,aleatoire,14,renaissance,10.8,0.3117465107670035,0.6393512125083037,0.36064878749169627
nouvelle_energie,aleatoire,14,horizons,9.6,0.2550711226853362,0.627638552670432,0.372361447329568
nouvelle_energie,aleatoire,14,lr,9.8,0.20407752336471208,0.6047961488508607,0.39520385114913925
nouvelle_energie,aleatoire,14,reconquete,8.5,0.2530280715344861,0.44156723632088607,0.558432763679114
nouvelle_energie,aleatoire,15,lfi,13.7,0.46,0.5145684412104715,0.4854315587895285
nouvelle_energie,aleatoire,15,ps,8,0.3658625158141757,0.5099756700997561,0.4900243299002439
nouvelle_energie,aleatoire,15,ecologistes,7,0.43664208669951965,0.5031622602464078,0.49683773975359224
nouvelle_energie,aleatoire,15,renaissance,11.9,0.2130969921660684,0.4877127192042689,0.512287280795731
nouvelle_energie,aleatoire,15,lr,10.6,0.20526922899413555,0.5310237243260844,0.46897627567391564
nouvelle_energie,aleatoire,15,rn,12.1,0.36174888298253527,0.5407869882082132,0.45921301179178675
nouvelle_energie,aleatoire,15,reconquete,4.7,0.35721636127318956,0.5481200433241865,0.4518799566758135
nouvelle_energie,aleatoire,16,lfi,11.7,0.46,0.5159592558886843,0.4840407441113157
nouvelle_energie,aleatoire,16,ps,12.7,0.3782625158141757,0.5055536326600875,0.49444636733991254
nouvelle_energie,aleatoire,16,ecologistes,9,0.4490420866995196,0.5024639080235876,0.49753609197641235
nouvelle_energie,aleatoire,16,renaissance,11.8,0.18549699216606838,0.4616891991455583,0.5383108008544417
nouvelle_energie,aleatoire,16,lr,11.2,0.22839263974886626,0.521715462736152,0.478284537263848
nouvelle_energie,aleatoire,16,rn,10.5,0.34703931691994994,0.5403647550308284,0.45963524496917163
nouvelle_energie,aleatoire,16,reconquete,6.2,0.36367471662366013,0.5432934847799937,0.45670651522000627
nouvelle_energie,aleatoire,17,lfi,13.3,0.46,0.43341142581482106,0.5665885741851789
nouvelle_energie,aleatoire,17,ps,9.2,0.46,0.4166987131315779,0.5833012868684221
nouvelle_energie,aleatoire,17,ecologistes,7.9,0.46,0.38842301867687157,0.6115769813231284
nouvelle_energie,aleatoire,17,renaissance,8.3,0.33857412581137347,0.4082703237950411,0.5917296762049589
nouvelle_energie,aleatoire,17,horizons,12.1,0.28366270679875294,0.4143720762627938,0.5856279237372062
nouvelle_energie,aleatoire,17,lr,11.8,0.20615769456770022,0.3925694218042724,0.6074305781957277
nouvelle_energie,aleatoire,17,reconquete,7.7,0.2377280715344861,0.5555076048414002,0.44449239515859984
nouvelle_energie,aleatoire,18,lfi,13.1,0.46,0.5638283313066748,0.43617166869332524
nouvelle_energie,aleatoire,18,ps,9.7,0.46,0.581676757676953,0.41832324232304696
nouvelle_energie,aleatoire,18,ecologistes,9.8,0.46,0.6085182945762821,0.39148170542371785
nouvelle_energie,aleatoire,18,renaissance,10.5,0.352820318897054,0.593175105744357,0.40682489425564305
nouvelle_energie,aleatoire,18,horizons,11.7,0.20399862172130498,0.6459606513379053,0.35403934866209474
nouvelle_energie,aleatoire,18,lr,9.7,0.19984416554884907,0.5859807785782996,0.41401922142170045
nouvelle_energie,aleatoire,18,reconquete,5.2,0.2856280715344861,0.5015608700410639,0.49843912995893613
nouvelle_energie,aleatoire,19,ps,9.4,0.3346336464869478,0.5225399768463449,0.4774600231536551
nouvelle_energie,aleatoire,19,ecologistes,11.8,0.3516082887331051,0.5391203982269756,0.46087960177302445
nouvelle_energie,aleatoire,19,renaissance,8.6,0.1997969921660684,0.3937825682975212,0.6062174317024789
nouvelle_energie,aleatoire,19,lr,7.9,0.24666970355619816,0.3499417038069148,0.6500582961930852
nouvelle_energie,aleatoire,19,rn,11.6,0.43146678551587503,0.45277157067733154,0.5472284293226685
nouvelle_energie,aleatoire,19,reconquete,8.3,0.44650053285801405,0.42679844943758405,0.573201550562416
nouvelle_energie,aleatoire,19,nouvelle_energie,13.4,0.2591181702649361,0.40381213689312784,0.5961878631068722
nouvelle_energie,prudent,0,ps,9.9,0.33173364648694786,0.33624178586648734,0.6637582141335127
nouvelle_energie,prudent,0,ecologistes,12,0.39870828873310515,0.35105404886224245,0.6489459511377575
nouvelle_energie,prudent,0,renaissance,12,0.46,0.46871482934410347,0.5312851706558965
nouvelle_energie,prudent,0,horizons,11.2,0.46,0.49667747477908464,0.5033225252209154
nouvelle_energie,prudent,0,lr,11.9,0.39237265660237985,0.5548963421299007,0.4451036578700993
nouvelle_energie,prudent,0,reconquete,4.2,0.31262807153448613,0.6085641500607621,0.39143584993923786
nouvelle_energie,prudent,0,nouvelle_energie,10.7,0.36959740294955806,0.586902435223406,0.413097564776594
nouvelle_energie,prudent,1,lfi,14.3,0.46,0.5385836904817035,0.4614163095182965
nouvelle_energie,prudent,1,ps,8.7,0.3629625158141757,0.5239589940816299,0.47604100591837006
nouvelle_energie,prudent,1,ecologistes,9.1,0.43374208669951964,0.5251748948583114,0.47482510514168863
nouvelle_energie,prudent,1,renaissance,9.9,0.12019699216606841,0.4424591185566893,0.5575408814433107
nouvelle_energie,prudent,1,lr,8.5,0.15841859227863483,0.5619741347581135,0.43802586524188647
nouvelle_energie,prudent,1,rn,12.4,0.30158375292187495,0.5854229596317363,0.4145770403682637
nouvelle_energie,prudent,1,reconquete,4.2,0.340614346960096,0.5661388195542707,0.4338611804457293
nouvelle_energie,prudent,2,lfi,9.2,0.3043336464869478,0.6130356299164232,0.38696437008357676
nouvelle_energie,prudent,2,ecologistes,10.4,0.2954538120233696,0.5750972907771118,0.4249027092228882
nouvelle_energie,prudent,2,renaissance,10.4,0.34627027320857173,0.4757821206348518,0.5242178793651482
nouvelle_energie,prudent,2,horizons,12.5,0.24728625343714886,0.4303944584807309,0.5696055415192691
nouvelle_energie,prudent,2,lr,11.1,0.20670750506730878,0.39128775795649123,0.6087122420435087
nouvelle_energie,prudent,2,rn,10.1,0.3977214070283731,0.42591513298728656,0.5740848670127134
nouvelle_energie,prudent,2,reconquete,7.7,0.3923308983928754,0.3990411832876021,0.6009588167123979
nouvelle_energie,prudent,3,lfi,12.6,0.2816082887331051,0.37334356055743345,0.6266564394425665
nouvelle_energie,prudent,3,ps,9.8,0.2157538120233696,0.41506268411404806,0.5849373158859519
nouvelle_energie,prudent,3,renaissance,9.8,0.16979699216606842,0.585349517537649,0.41465048246235103
nouvelle_energie,prudent,3,lr,12,0.2266697035561982,0.626290918669687,0.373709081330313
nouvelle_energie,prudent,3,rn,10.1,0.411466785515875,0.5519664866459868,0.4480335133540132
nouvelle_energie,prudent,3,reconquete,7.5,0.4265005328580141,0.5738158433798201,0.42618415662017994
nouvelle_energie,prudent,3,nouvelle_energie,12.4,0.2537122802230173,0.5738961253365059,0.4261038746634941
nouvelle_energie,prudent,4,lfi,9.7,0.3235082887331051,0.4627570107098863,0.5372429892901137
nouvelle_energie,prudent,4,ps,12.1,0.19765381202336962,0.41331197899828354,0.5866880210017165
nouvelle_energie,prudent,4,renaissance,8.7,0.2993957840182094,0.543501418497702,0.45649858150229805
nouvelle_energie,prudent,4,horizons,11.3,0.20044306579526808,0.5886850870424178,0.41131491295758216
nouvelle_energie,prudent,4,lr,11.3,0.14512282804257123,0.6317529724864454,0.36824702751355465
nouvelle_energie,prudent,4,rn,12.1,0.2995831246615905,0.6331475529889838,0.36685244701101616
nouvelle_energie,prudent,4,reconquete,6.2,0.33642138035075403,0.6353500167569018,0.36464998324309816
nouvelle_energie,prudent,5,lfi,12.9,0.2847336464869478,0.41503718306404214,0.5849628169359579
nouvelle_energie,prudent,5,ecologistes,11.6,0.18585381202336956,0.3797608620682977,0.6202391379317023
nouvelle_energie,prudent,5,renaissance,10.3,0.32712476906161114,0.5391861142796861,0.4608138857203139
nouvelle_energie,prudent,5,horizons,10.7,0.2307950781944176,0.5780819543498121,0.42191804565018787
nouvelle_energie,prudent,5,lr,7,0.17698966079964165,0.6157426254411626,0.38425737455883735
nouvelle_energie,prudent,5,rn,12.4,0.3498094299046829,0.5909315496067479,0.4090684503932521
nouvelle_energie,prudent,5,reconquete,3.8,0.3585056952419007,0.613818813163983,0.386181186836017
nouvelle_energie,prudent,6,lfi,8.3,0.46,0.4243581850259351,0.575641814974065
nouvelle_energie,prudent,6,ps,9.2,0.46,0.41024251627584674,0.5897574837241533
nouvelle_energie,prudent,6,ecologistes,11.3,0.46,0.3812374711038278,0.6187625288961722
nouvelle_energie,prudent,6,renaissance,11.7,0.3543795249339741,0.39922108052278055,0.6007789194772195
nouvelle_energie,prudent,6,horizons,9.3,0.20727045579925432,0.34823470597649686,0.6517652940235031
nouvelle_energie,prudent,6,lr,9.7,0.1552057749578533,0.3713129518520105,0.6286870481479895
nouvelle_energie,prudent,6,reconquete,9.7,0.23452807153448607,0.5394789173101838,0.4605210826898162
nouvelle_energie,prudent,7,lfi,12,0.46,0.5678206368394625,0.4321793631605375
nouvelle_energie,prudent,7,ps,12.1,0.4528031352832515,0.5569774322519387,0.44302256774806126
nouvelle_energie,prudent,7,ecologistes,12.1,0.46,0.5706108643179788,0.4293891356820212
nouvelle_energie,prudent,7,renaissance,8.6,0.3337830205334909,0.540885759794896,0.45911424020510405
nouvelle_energie,prudent,7,horizons,8.6,0.18610937307766054,0.5944621776515246,0.40553782234847535
nouvelle_energie,prudent,7,rn,10.6,0.3054726566023799,0.5623102018959114,0.4376897981040886
nouvelle_energie,prudent,7,reconquete,7.7,0.338944542999036,0.5333873565728128,0.4666126434271872
nouvelle_energie,prudent,8,lfi,8.2,0.33913364648694777,0.4541079201479675,0.5458920798520325
nouvelle_energie,prudent,8,ecologistes,12.5,0.24025381202336962,0.4089117312807101,0.5910882687192899
nouvelle_energie,prudent,8,renaissance,9.5,0.32291454903630024,0.5274051089916059,0.47259489100839414
nouvelle_energie,prudent,8,horizons,12.2,0.2256907381978144,0.5745214024187453,0.4254785975812547
nouvelle_energie,prudent,8,lr,11.9,0.19347056448462457,0.608907001561934,0.391092998438066
nouvelle_energie,prudent,8,rn,13,0.3673202978240846,0.5806712284452208,0.4193287715547792
nouvelle_energie,prudent,8,reconquete,5,0.32321319580736035,0.6585897305876984,0.34141026941230157
nouvelle_energie,prudent,9,lfi,12.5,0.46,0.5277644057120597,0.47223559428794026
nouvelle_energie,prudent,9,ps,8.5,0.3722625158141757,0.5144074423486316,0.48559255765136844
nouvelle_energie,prudent,9,ecologistes,10.9,0.4430420866995196,0.5142676078491356,0.4857323921508644
nouvelle_energie,prudent,9,renaissance,12.7,0.1294969921660684,0.4335709103431887,0.5664290896568114
nouvelle_energie,prudent,9,lr,11,0.11498678166460294,0.5944284682667421,0.4055715317332579
nouvelle_energie,prudent,9,rn,11,0.3582876999371475,0.5532372023875678,0.4467627976124322
nouvelle_energie,prudent,9,reconquete,4.1,0.3488940022429196,0.5612114258420429,0.43878857415795713
nouvelle_energie,prudent,10,lfi,9.2,0.46,0.5877168932520404,0.41228310674795965
nouvelle_energie,prudent,10,ps,11,0.46,0.6048388614318274,0.3951611385681726
nouvelle_energie,prudent,10,ecologistes,10,0.46,0.6313498306605743,0.36865016933942574
nouvelle_energie,prudent,10,renaissance,11.9,0.34125774152679944,0.6106590443727395,0.38934095562726045
nouvelle_energie,prudent,10,horizons,12.2,0.24215416119256858,0.6181583440968155,0.38184165590318453
nouvelle_energie,prudent,10,lr,8.6,0.1453844098275616,0.6334319594379922,0.36656804056200776
nouvelle_energie,prudent,10,reconquete,4.9,0.28112807153448605,0.5184758554536644,0.48152414454633563
nouvelle_energie,prudent,11,ps,11.8,0.32853364648694783,0.49318823004101947,0.5068117699589805
nouvelle_energie,prudent,11,ecologistes,8.7,0.34550828873310513,0.4760801173952561,0.523919882604744
nouvelle_energie,prudent,11,renaissance,12.3,0.3264353233597025,0.576832224243701,0.42316777575629905
nouvelle_energie,prudent,11,horizons,10.1,0.22760479068659747,0.6153692657634076,0.38463073423659244
nouvelle_energie,prudent,11,lr,7.6,0.11387619874995161,0.6853935984848495,0.3146064015151505
nouvelle_energie,prudent,11,rn,12.6,0.35682600370541273,0.6003582005296786,0.3996417994703214
nouvelle_energie,prudent,11,reconquete,6.7,0.3534238203786153,0.6298484474413366,0.3701515525586634
nouvelle_energie,prudent,12,lfi,7.8,0.46,0.5706688425862526,0.4293311574137474
nouvelle_energie,prudent,12,ps,12.6,0.46,0.5852521199023177,0.41474788009768226
nouvelle_energie,prudent,12,ecologistes,12,0.46,0.6114337958808507,0.3885662041191493
nouvelle_energie,prudent,12,renaissance,11.4,0.3006401695394167,0.6438304120143293,0.35616958798567067
nouvelle_energie,prudent,12,horizons,13,0.20229217886053527,0.6462126653394651,0.3537873346605349
nouvelle_energie,prudent,12,lr,8.7,0.19138704023067463,0.5889939814434412,0.4110060185565588
nouvelle_energie,prudent,12,reconquete,6.9,0.19612807153448605,0.4327969542898376,0.5672030457101624
nouvelle_energie,prudent,13,lfi,12,0.46,0.5771093732083208,0.4228906267916792
nouvelle_energie,prudent,13,ps,10.4,0.46,0.5949887796630419,0.40501122033695813
nouvelle_energie,prudent,13,ecologistes,11.5,0.46,0.6174342430600038,0.38256575693999617
nouvelle_energie,prudent,13,renaissance,10.4,0.34697197801250107,0.5967921886322286,0.4032078113677714
nouvelle_energie,prudent,13,horizons,8.6,0.20054912100688146,0.6478813999104381,0.35211860008956186
nouvelle_energie,prudent,13,lr,9.3,0.19793135843603582,0.5914469270858203,0.40855307291417975
nouvelle_energie,prudent,13,reconquete,8.5,0.28302807153448606,0.510028541601879,0.48997145839812095
nouvelle_energie,prudent,14,lfi,10.1,0.46,0.5739322396590102,0.4260677603409898
nouvelle_energie,prudent,14,ps,14.4,0.46,0.5879835579765296,0.41201644202347043
nouvelle_energie,prudent,14,ecologistes,12.5,0.46,0.6157301083462978,0.3842698916537022
nouvelle_energie,prudent,14,renaissance,8.9,0.348687199049608,0.5966314596238415,0.40336854037615855
nouvelle_energie,prudent,14,horizons,9.4,0.1998395963350821,0.6494725146811016,0.35052748531889844
nouvelle_energie,prudent,14,lr,10.5,0.14393044075917885,0.6267331355647843,0.37326686443521573
nouvelle_energie,prudent,14,reconquete,4.7,0.2853280715344861,0.5026455475088603,0.49735445249113974
nouvelle_energie,prudent,15,ps,12.3,0.27453364648694784,0.4363609169258878,0.5636390830741123
nouvelle_energie,prudent,15,ecologistes,9.4,0.3415082887331051,0.46928846775019784,0.5307115322498022
nouvelle_energie,prudent,15,renaissance,9,0.3102925157959564,0.5736790635146134,0.4263209364853866
nouvelle_energie,prudent,15,horizons,11.3,0.2136410635196915,0.6095592265749475,0.39044077342505246
nouvelle_energie,prudent,15,lr,12.7,0.17052621830747772,0.6405938259053159,0.3594061740946841
nouvelle_energie,prudent,15,rn,10.8,0.34914454276369333,0.5929242968788621,0.40707570312113794
nouvelle_energie,prudent,15,reconquete,4.9,0.35664314657903495,0.6209604788735189,0.3790395211264811
nouvelle_energie,prudent,16,lfi,12.7,0.46,0.585140468986474,0.414859531013526
nouvelle_energie,prudent,16,ps,8.5,0.46,0.5974329418566053,0.40256705814339466
nouvelle_energie,prudent,16,ecologistes,10,0.46,0.6268102001898255,0.3731897998101745
nouvelle_energie,prudent,16,renaissance,8.5,0.30297144013339866,0.6530900306406924,0.3469099693593076
nouvelle_energie,prudent,16,horizons,10.6,0.25481681290778924,0.6143179630324267,0.3856820369675733
nouvelle_energie,prudent,16,lr,13.4,0.18822082006821692,0.5994424371012033,0.40055756289879674
nouvelle_energie,prudent,16,reconquete,7.6,0.2843280715344861,0.5142107839395653,0.4857892160604347
nouvelle_energie,prudent,17,lfi,12.3,0.46,0.5751787035494218,0.4248212964505782
nouvelle_energie,prudent,17,ps,12.1,0.46,0.5892450977009464,0.41075490229905365
nouvelle_energie,prudent,17,ecologistes,9.2,0.46,0.6170934776814636,0.3829065223185364
nouvelle_energie,prudent,17,renaissance,10.8,0.3538241537932886,0.5996716626390786,0.40032833736092144
nouvelle_energie,prudent,17,horizons,8.9,0.2073842814367899,0.6498689435400966,0.3501310564599034
nouvelle_energie,prudent,17,lr,12,0.15085864344571856,0.6270367573408993,0.37296324265910075
nouvelle_energie,prudent,17,reconquete,3,0.2417280715344861,0.45433368640852123,0.5456663135914788
nouvelle_energie,prudent,18,lfi,9.1,0.33713364648694777,0.45968602716697027,0.5403139728330297
nouvelle_energie,prudent,18,ecologistes,8.4,0.22825381202336958,0.387094310895088,0.612905689104912
nouvelle_energie,prudent,18,renaissance,11.7,0.3349721460287939,0.5325698810095025,0.46743011899049747
nouvelle_energie,prudent,18,horizons,10.9,0.18737106471452727,0.6168807767720432,0.3831192232279568
nouvelle_energie,prudent,18,lr,9.5,0.17151237494001245,0.6178070365606595,0.3821929634393405
nouvelle_energie,prudent,18,rn,13.1,0.3711520396108129,0.5874160893021504,0.4125839106978496
nouvelle_energie,prudent,18,reconquete,6,0.3652963539442352,0.6129527768789556,0.38704722312104445
nouvelle_energie,prudent,19,lfi,9.6,0.46,0.5863795240917016,0.4136204759082984
nouvelle_energie,prudent,19,ps,8.7,0.4499452061399174,0.5983020274525708,0.4016979725474292
nouvelle_energie,prudent,19,ecologistes,9.7,0.46,0.625425188179805,0.37457481182019503
nouvelle_energie,prudent,19,renaissance,12.6,0.34318852960116036,0.6018629349749659,0.3981370650250341
nouvelle_energie,prudent,19,horizons,13.4,0.24823200163945383,0.6110328174247615,0.38896718257523855
nouvelle_energie,prudent,19,lr,9.8,0.2198915997145077,0.5922310573167721,0.40776894268322794
nouvelle_energie,prudent,19,reconquete,7.2,0.19492807153448607,0.44076141056460183,0.5592385894353982
nouvelle_energie,risque,0,lfi,9.6,0.46,0.524512924658698,0.47548707534130197
nouvelle_energie,risque,0,ps,10.2,0.3565954461919777,0.5057180529702675,0.4942819470297325
nouvelle_energie,risque,0,ecologistes,11.6,0.41703983584658966,0.49912453913090327,0.5008754608690967
nouvelle_energie,risque,0,horizons,10.9,0.1959969921660684,0.5079822852841992,0.4920177147158008
nouvelle_energie,risque,0,lr,11,0.20810417352724614,0.5625049303119323,0.43749506968806773
nouvelle_energie,risque,0,rn,11.7,0.3482570016961656,0.5760884977236549,0.4239115022763451
nouvelle_energie,risque,0,reconquete,3.8,0.35351383121696284,0.5848738666345524,0.41512613336544757
nouvelle_energie,risque,1,lfi,12.8,0.46,0.5736275104694873,0.42637248953051265
nouvelle_energie,risque,1,ps,8.6,0.46,0.5883340765271351,0.4116659234728649
nouvelle_energie,risque,1,ecologistes,7.5,0.46,0.6177547704270792,0.38224522957292084
nouvelle_energie,risque,1,renaissance,7.7,0.3541675643200418,0.5989295082851427,0.4010704917148573
nouvelle_energie,risque,1,horizons,12.9,0.2550574990214473,0.6121490611631255,0.3878509388368745
nouvelle_energie,risque,1,lr,12.2,0.23930790677582137,0.5726071331610272,0.4273928668389728
nouvelle_energie,risque,1,reconquete,8.1,0.23562807153448612,0.4594967006068952,0.5405032993931048
nouvelle_energie,risque,2,lfi,10.5,0.46,0.5659693589749979,0.4340306410250021
nouvelle_energie,risque,2,ps,8.6,0.46,0.5817335363298325,0.4182664636701675
nouvelle_energie,risque,2,ecologistes,11.9,0.46,0.6085246768413924,0.39147532315860756
nouvelle_energie,risque,2,renaissance,8.5,0.26433364090729017,0.6606033417034769,0.3393966582965231
nouvelle_energie,risque,2,horizons,11.6,0.20686913060019804,0.6476827785456988,0.3523172214543012
nouvelle_energie,risque,2,lr,10.9,0.25473485928652106,0.5653221193688496,0.4346778806311504
nouvelle_energie,risque,2,reconquete,6.9,0.2058280715344861,0.4285070302533833,0.5714929697466167
nouvelle_energie,risque,3,lfi,12,0.34723364648694777,0.5718367480575854,0.42816325194241456
nouvelle_energie,risque,3,ecologistes,7.8,0.28835381202336957,0.5818728568117095,0.4181271431882905
nouvelle_energie,risque,3,renaissance,9.9,0.20239699216606838,0.42325768010784187,0.5767423198921582
nouvelle_energie,risque,3,lr,9.5,0.25926970355619816,0.3898990634119581,0.6101009365880419
nouvelle_energie,risque,3,rn,12.9,0.444066785515875,0.4713225834546323,0.5286774165453677
nouvelle_energie,risque,3,reconquete,7,0.45910053285801405,0.45116913622973903,0.548830863770261
nouvelle_energie,risque,3,nouvelle_energie,12.4,0.2690535192833879,0.4215644484645959,0.578435551535404
nouvelle_energie,risque,4,lfi,7.5,0.46,0.41419974120624586,0.5858002587937541
nouvelle_energie,risque,4,ps,12.2,0.4585937671512902,0.40140565012759744,0.5985943498724026
nouvelle_energie,risque,4,ecologistes,9.9,0.46,0.3741526645480046,0.6258473354519953
nouvelle_energie,risque,4,renaissance,12,0.34382389582893746,0.3966233724302338,0.6033766275697662
nouvelle_energie,risque,4,horizons,11.9,0.24901549803577497,0.38693324837272736,0.6130667516272726
nouvelle_energie,risque,4,lr,11.1,0.2470048762448975,0.4251020779334167,0.5748979220665833
nouvelle_energie,risque,4,reconquete,4.3,0.23622807153448605,0.5394535500970985,0.4605464499029015
nouvelle_energie,risque,5,lfi,10.6,0.46,0.5074785997425282,0.4925214002574718
nouvelle_energie,risque,5,ps,11.2,0.3683625158141757,0.4960057278258067,0.5039942721741932
nouvelle_energie,risque,5,ecologistes,7.7,0.4391420866995196,0.4938476336485439,0.5061523663514561
nouvelle_energie,risque,5,renaissance,10.8,0.17559699216606836,0.45984124708517443,0.5401587529148255
nouvelle_energie,risque,5,lr,8.6,0.15832421313090003,0.49337086658792,0.50662913341208
nouvelle_energie,risque,5,rn,13.1,0.3466253556408671,0.5376101193906925,0.4623898806093075
nouvelle_energie,risque,5,reconquete,5.9,0.2919636083114664,0.5973718455933725,0.40262815440662747
nouvelle_energie,risque,6,ps,9.7,0.3304336464869478,0.4806900497481943,0.5193099502518057
nouvelle_energie,risque,6,ecologistes,8.7,0.2974082887331051,0.41135700415120724,0.5886429958487928
nouvelle_energie,risque,6,renaissance,11.6,0.26404157672541,0.6208453212020243,0.3791546787979757
nouvelle_energie,risque,6,horizons,9,0.2554238167917955,0.5900998406588492,0.40990015934115076
nouvelle_energie,risque,6,lr,8.8,0.17386294535085772,0.6645001351203096,0.3354998648796904
nouvelle_energie,risque,6,rn,14.2,0.37003862226412343,0.5880084753767679,0.4119915246232321
nouvelle_energie,risque,6,reconquete,8.5,0.3708315044927642,0.6169993637806017,0.3830006362193983
nouvelle_energie,risque,7,lfi,13.2,0.46,0.45791444555750804,0.542085554442492
nouvelle_energie,risque,7,ps,10.6,0.4207625158141757,0.42923077611353316,0.5707692238864668
nouvelle_energie,risque,7,ecologistes,7.5,0.46,0.40094297550262703,0.599057024497373
nouvelle_energie,risque,7,renaissance,8.4,0.2679969921660684,0.4077088473543418,0.5922911526456582
nouvelle_energie,risque,7,lr,10.8,0.27486970355619816,0.4192603447022001,0.5807396552977999
nouvelle_energie,risque,7,reconquete,7.5,0.2437280715344861,0.610762510846513,0.389237489153487
nouvelle_energie,risque,7,nouvelle_energie,12.8,0.2945079177440061,0.4566076479506464,0.5433923520493535
nouvelle_energie,risque,8,ps,10.8,0.3400336464869478,0.47259251338270014,0.5274074866172999
nouvelle_energie,risque,8,ecologistes,6.7,0.3570082887331051,0.45172138471893963,0.5482786152810604
nouvelle_energie,risque,8,renaissance,7.3,0.34302950277153943,0.5636256974960205,0.43637430250397946
nouvelle_energie,risque,8,horizons,12.3,0.24399293946338133,0.6055368938436717,0.3944631061563283
nouvelle_energie,risque,8,lr,7.2,0.22199848596069255,0.6197094508869099,0.3802905491130901
nouvelle_energie,risque,8,rn,12.3,0.36612874737295104,0.5807832649184361,0.4192167350815639
nouvelle_energie,risque,8,reconquete,7.5,0.3614349552422246,0.6151114465126539,0.3848885534873461
nouvelle_energie,risque,8,reconquete_dissidence_22,9,0.3614349552422246,0.6084194600206296,0.39158053997937037
nouvelle_energie,risque,9,lfi,11.4,0.46,0.5729930640325703,0.42700693596742967
nouvelle_energie,risque,9,ps,12.1,0.46,0.5932945805821289,0.4067054194178711
nouvelle_energie,risque,9,ecologistes,8.5,0.46,0.6219369521270436,0.3780630478729564
nouvelle_energie,risque,9,renaissance,11,0.340984235605565,0.6012393063489513,0.3987606936510487
nouvelle_energie,risque,9,horizons,9.8,0.24265751430913465,0.612044439064053,0.38795556093594696
nouvelle_energie,risque,9,lr,10.4,0.1901870690369239,0.6146778937221806,0.3853221062778194
nouvelle_energie,risque,9,reconquete,7.9,0.28512807153448605,0.5067215620735248,0.4932784379264752
nouvelle_energie,risque,10,lfi,10.6,0.46,0.5489204603686524,0.4510795396313476
nouvelle_energie,risque,10,ps,12.7,0.46,0.5638718559529041,0.4361281440470959
nouvelle_energie,risque,10,ecologistes,11.6,0.46,0.5878100496081252,0.4121899503918748
nouvelle_energie,risque,10,renaissance,7.1,0.3288656690418351,0.6319250329361896,0.3680749670638104
nouvelle_energie,risque,10,horizons,13.1,0.2712871121845428,0.6210448741969059,0.3789551258030941
nouvelle_energie,risque,10,lr,10.1,0.21013874811702898,0.6002372187568827,0.39976278124311726
nouvelle_energie,risque,10,reconquete,4.6,0.29602807153448607,0.49013144123067715,0.5098685587693228
nouvelle_energie,risque,11,lfi,8.9,0.46,0.4381763452586693,0.5618236547413307
nouvelle_energie,risque,11,ps,14.5,0.46,0.421475232017567,0.578524767982433
nouvelle_energie,risque,11,ecologistes,10.7,0.46,0.3942582450848081,0.6057417549151919
nouvelle_energie,risque,11,renaissance,8.9,0.3527488616128237,0.41186367011827535,0.5881363298817246
nouvelle_energie,risque,11,horizons,9.5,0.2440890157485422,0.37048503635491087,0.6295149636450892
nouvelle_energie,risque,11,lr,12.4,0.20943045061490922,0.3935081773519967,0.6064918226480033
nouvelle_energie,risque,11,reconquete,5.2,0.29532807153448604,0.5048201734957115,0.4951798265042885
nouvelle_energie,risque,12,lfi,10,0.46,0.5673602264458986,0.43263977355410144
nouvelle_energie,risque,12,ps,11.6,0.46,0.583353036269962,0.41664696373003796
nouvelle_energie,risque,12,ecologistes,7.8,0.46,0.6103598189548451,0.38964018104515485
nouvelle_energie,risque,12,renaissance,8.5,0.2654486638759221,0.6611784833411025,0.3388215166588975
nouvelle_energie,risque,12,horizons,11.8,0.25982821103435005,0.6042725944852994,0.39572740551470065
nouvelle_energie,risque,12,lr,7.5,0.2628283990167388,0.5628385663208593,0.43716143367914073
nouvelle_energie,risque,12,reconquete,9,0.30122807153448605,0.49727420487164903,0.502725795128351
nouvelle_energie,risque,13,lfi,9.1,0.46,0.5064464659949279,0.49355353400507207
nouvelle_energie,risque,13,ps,11.1,0.3738625158141757,0.5020668384474749,0.4979331615525251
nouvelle_energie,risque,13,ecologistes,8.8,0.4446420866995196,0.4931177775410194,0.5068822224589806
nouvelle_energie,risque,13,renaissance,8.7,0.22109699216606837,0.4827610916582998,0.5172389083417002
nouvelle_energie,risque,13,lr,9.3,0.19742201780172347,0.5290919882135162,0.4709080117864838
nouvelle_energie,risque,13,rn,11.4,0.3560088027212505,0.5408281506990876,0.45917184930091237
nouvelle_energie,risque,13,reconquete,9.9,0.3456771575453147,0.549387387793622,0.45061261220637805
nouvelle_energie,risque,14,lfi,10.8,0.46,0.5023450877585286,0.4976549122414714
nouvelle_energie,risque,14,ps,12.8,0.3617954461919777,0.5078552476084297,0.4921447523915703
nouvelle_energie,risque,14,ecologistes,10.1,0.42223983584658964,0.5130996272063384,0.4869003727936616
nouvelle_energie,risque,14,lr,8.2,0.29806970355619816,0.47552740454978276,0.5244725954502172
nouvelle_energie,risque,14,rn,10,0.432866785515875,0.47672155386699294,0.5232784461330071
nouvelle_energie,risque,14,reconquete,8,0.44790053285801407,0.4727010944085989,0.527298905591401
nouvelle_energie,risque,14,nouvelle_energie,12.2,0.23302153112662108,0.4494090141480233,0.5505909858519766
nouvelle_energie,risque,15,lfi,10.3,0.46,0.5699764980962028,0.43002350190379723
nouvelle_energie,risque,15,ps,9.5,0.46,0.5854045473806442,0.4145954526193558
nouvelle_energie,risque,15,ecologistes,6.5,0.46,0.613392735512515,0.38660726448748495
nouvelle_energie,risque,15,renaissance,8.2,0.3466990633148052,0.5937291956503673,0.4062708043496327
nouvelle_energie,risque,15,horizons,12.3,0.24874578332234468,0.6080478078608248,0.3919521921391752
nouvelle_energie,risque,15,lr,13.7,0.1920728014791575,0.6101047971738301,0.38989520282616985
nouvelle_energie,risque,15,reconquete,5.3,0.2368280715344861,0.4518973628372169,0.5481026371627831
nouvelle_energie,risque,16,lfi,9.7,0.46,0.43799025965419114,0.5620097403458089
nouvelle_energie,risque,16,ps,13,0.46,0.42457312659427904,0.575426873405721
nouvelle_energie,risque,16,ecologistes,12.3,0.46,0.39855944949469213,0.6014405505053079
nouvelle_energie,risque,16,renaissance,12.8,0.39297381098739914,0.41490479231874344,0.5850952076812566
nouvelle_energie,risque,16,horizons,8.3,0.3344073177316881,0.4237244268589921,0.5762755731410079
nouvelle_energie,risque,16,lr,12.2,0.21167792507247446,0.39267400352212867,0.6073259964778713
nouvelle_energie,risque,16,reconquete,3.7,0.21732807153448605,0.5695216446529066,0.43047835534709344
nouvelle_energie,risque,17,lfi,10.4,0.3504336464869478,0.44940655111054933,0.5505934488894506
nouvelle_energie,risque,17,ecologistes,10.3,0.2915538120233696,0.4269755894158417,0.5730244105841583
nouvelle_energie,risque,17,renaissance,9.9,0.30361153154504045,0.5527959788779485,0.4472040211220515
nouvelle_energie,risque,17,horizons,12.6,0.23429710810758037,0.5976733449545806,0.4023266550454194
nouvelle_energie,risque,17,lr,11.4,0.23220063654228693,0.5933709322883873,0.40662906771161267
nouvelle_energie,risque,17,rn,12.1,0.3840335389462279,0.5796351238705658,0.4203648761294342
nouvelle_energie,risque,17,reconquete,4.9,0.3812953142610145,0.6054622274813058,0.39453777251869415
nouvelle_energie,risque,18,lfi,9.4,0.2935336464869478,0.6277265817909365,0.37227341820906346
nouvelle_energie,risque,18,ecologistes,9.7,0.2346538120233696,0.6437689325592182,0.3562310674407818
nouvelle_energie,risque,18,renaissance,13.6,0.28087339791686305,0.4359143231408891,0.5640856768591109
nouvelle_energie,risque,18,horizons,10.7,0.22314445098748276,0.41346353355829124,0.5865364664417088
nouvelle_energie,risque,18,lr,8.8,0.22719668208757876,0.42032726098981554,0.5796727390101845
nouvelle_energie,risque,18,rn,10.7,0.3702799281671218,0.4422975442408319,0.5577024557591681
nouvelle_energie,risque,18,reconquete,7.9,0.32530553657657296,0.3512496853450538,0.6487503146549463
nouvelle_energie,risque,19,lfi,12.1,0.46,0.5369464569445546,0.46305354305544544
nouvelle_energie,risque,19,ps,11.2,0.3644625158141757,0.5278001770555888,0.4721998229444112
nouvelle_energie,risque,19,ecologistes,10.5,0.43524208669951964,0.5293465572907515,0.47065344270924847
nouvelle_energie,risque,19,renaissance,9.7,0.16169699216606842,0.46387402497697505,0.536125975023025
nouvelle_energie,risque,19,lr,7.8,0.19866258680753435,0.5442378678256755,0.4557621321743245
nouvelle_energie,risque,19,rn,12.7,0.3333884935290268,0.5630728584992903,0.43692714150070966
nouvelle_energie,risque,19,reconquete,7.5,0.2893546818959935,0.6175587041515141,0.38244129584848585
nouvelle_energie,ideologiquement_coherent,0,lfi,11.5,0.46,0.5090669009436433,0.49093309905635674
nouvelle_energie,ideologiquement_coherent,0,ps,12.8,0.3650625158141757,0.49868652798433194,0.501313472015668
nouvelle_energie,ideologiquement_coherent,0,ecologistes,9.7,0.4358420866995196,0.49509704911821556,0.5049029508817844
nouvelle_energie,ideologiquement_coherent,0,renaissance,9.6,0.1622969921660684,0.4373551650155435,0.5626448349844565
nouvelle_energie,ideologiquement_coherent,0,lr,8.4,0.08465066183498568,0.5895762226456774,0.41042377735432256
nouvelle_energie,ideologiquement_coherent,0,rn,12,0.3343019838822927,0.5446919889983323,0.45530801100166773
nouvelle_energie,ideologiquement_coherent,0,reconquete,3.6,0.3252083591779274,0.5527376188739008,0.4472623811260992
nouvelle_energie,ideologiquement_coherent,1,lfi,11.3,0.3176082887331051,0.46289453689497617,0.5371054631050238
nouvelle_energie,ideologiquement_coherent,1,ps,12.5,0.1917538120233696,0.4143193686436941,0.5856806313563059
nouvelle_energie,ideologiquement_coherent,1,renaissance,8.3,0.24386707565239063,0.5920892689983246,0.4079107310016754
nouvelle_energie,ideologiquement_coherent,1,horizons,10.1,0.14548171508246052,0.6311211980335439,0.36887880196645606
nouvelle_energie,ideologiquement_coherent,1,lr,8.7,0.13701536190720162,0.6344160246801703,0.36558397531982967
nouvelle_energie,ideologiquement_coherent,1,rn,10.4,0.3375290389007941,0.6121490584367277,0.38785094156327227
nouvelle_energie,ideologiquement_coherent,1,reconquete,9.1,0.33316214310134706,0.6383911887314375,0.3616088112685625
nouvelle_energie,ideologiquement_coherent,2,lfi,9.3,0.46,0.5471634550717689,0.4528365449282311
nouvelle_energie,ideologiquement_coherent,2,ps,12.4,0.46,0.5718296497762936,0.4281703502237064
nouvelle_energie,ideologiquement_coherent,2,ecologistes,8.8,0.46,0.591099709935942,0.40890029006405804
nouvelle_energie,ideologiquement_coherent,2,renaissance,12.8,0.36787866064951236,0.5817614567078733,0.41823854329212673
nouvelle_energie,ideologiquement_coherent,2,horizons,10.2,0.27110133529500996,0.5978224946600024,0.40217750533999763
nouvelle_energie,ideologiquement_coherent,2,lr,8.3,0.16177329040860863,0.6199923453500774,0.3800076546499226
nouvelle_energie,ideologiquement_coherent,2,reconquete,8.6,0.2525280715344861,0.4646464115268159,0.5353535884731841
nouvelle_energie,ideologiquement_coherent,3,lfi,13.8,0.46,0.4171642044808509,0.5828357955191491
nouvelle_energie,ideologiquement_coherent,3,ps,11.2,0.46,0.3993695306892536,0.6006304693107464
nouvelle_energie,ideologiquement_coherent,3,ecologistes,6.9,0.46,0.3743626386795534,0.6256373613204467
nouvelle_energie,ideologiquement_coherent,3,renaissance,8.3,0.35008674566529535,0.3949948833447839,0.6050051166552162
nouvelle_energie,ideologiquement_coherent,3,horizons,12.4,0.201107058769714,0.3455788291384799,0.6544211708615201
nouvelle_energie,ideologiquement_coherent,3,lr,9.8,0.18888378972438627,0.40407502992332645,0.5959249700766736
nouvelle_energie,ideologiquement_coherent,3,reconquete,7.9,0.28202807153448606,0.4865361288244009,0.5134638711755991
nouvelle_energie,ideologiquement_coherent,4,ps,12.1,0.3192336464869478,0.5041481808993006,0.4958518191006994
nouvelle_energie,ideologiquement_coherent,4,ecologistes,12.3,0.2862082887331051,0.5718253837700651,0.4281746162299349
nouvelle_energie,ideologiquement_coherent,4,renaissance,10.6,0.3211166491944502,0.4195137924098249,0.5804862075901751
nouvelle_energie,ideologiquement_coherent,4,horizons,10.2,0.2227391401037154,0.3826298314619139,0.6173701685380861
nouvelle_energie,ideologiquement_coherent,4,lr,11.8,0.10201407905001772,0.31492797534244654,0.6850720246575535
nouvelle_energie,ideologiquement_coherent,4,rn,12,0.34873603236149653,0.39634332809965506,0.6036566719003449
nouvelle_energie,ideologiquement_coherent,4,reconquete,4.1,0.29263824697216756,0.3173174222138264,0.6826825777861736
nouvelle_energie,ideologiquement_coherent,5,lfi,11.7,0.46,0.5698737780486134,0.4301262219513866
nouvelle_energie,ideologiquement_coherent,5,ps,8.8,0.46,0.5847974787077809,0.41520252129221913
nouvelle_energie,ideologiquement_coherent,5,ecologistes,11.1,0.46,0.6152382393946138,0.38476176060538625
nouvelle_energie,ideologiquement_coherent,5,renaissance,7.6,0.34941709188580516,0.593732508153028,0.406267491846972
nouvelle_energie,ideologiquement_coherent,5,horizons,12.3,0.20109723528299964,0.6492041457125095,0.3507958542874905
nouvelle_energie,ideologiquement_coherent,5,lr,9.9,0.1357888336872051,0.628516794630619,0.37148320536938095
nouvelle_energie,ideologiquement_coherent,5,reconquete,8,0.18452807153448605,0.4354249724218543,0.5645750275781457
nouvelle_energie,ideologiquement_coherent,6,lfi,11.5,0.46,0.49937821517783654,0.5006217848221635
nouvelle_energie,ideologiquement_coherent,6,ps,9.1,0.3641954461919777,0.49337374156089653,0.5066262584391035
nouvelle_energie,ideologiquement_coherent,6,ecologistes,7.8,0.42463983584658965,0.48823999405924307,0.511760005940757
nouvelle_energie,ideologiquement_coherent,6,lr,11.3,0.2504697035561982,0.577527865948159,0.42247213405184103
nouvelle_energie,ideologiquement_coherent,6,rn,11.3,0.435266785515875,0.5253352949084996,0.4746647050915004
nouvelle_energie,ideologiquement_coherent,6,reconquete,8.3,0.4503005328580141,0.5295375145845266,0.4704624854154734
nouvelle_energie,ideologiquement_coherent,6,nouvelle_energie,12.1,0.28415821656771834,0.5230364364738657,0.47696356352613434
nouvelle_energie,ideologiquement_coherent,7,lfi,11.1,0.46,0.44254097632499795,0.5574590236750021
nouvelle_energie,ideologiquement_coherent,7,ps,9.2,0.46,0.4255025411740284,0.5744974588259716
nouvelle_energie,ideologiquement_coherent,7,ecologistes,12.5,0.46,0.3953347938609237,0.6046652061390763
nouvelle_energie,ideologiquement_coherent,7,renaissance,9.2,0.30992206224869673,0.35892382147368596,0.641076178526314
nouvelle_energie,ideologiquement_coherent,7,horizons,11.6,0.2123335331900861,0.3560629581450133,0.6439370418549867
nouvelle_energie,ideologiquement_coherent,7,lr,10.3,0.14440098810975296,0.37525077748113184,0.6247492225188682
nouvelle_energie,ideologiquement_coherent,7,reconquete,8.6,0.28252807153448606,0.5068599193716327,0.49314008062836734
nouvelle_energie,ideologiquement_coherent,8,lfi,8.5,0.46,0.5737519006114401,0.4262480993885599
nouvelle_energie,ideologiquement_coherent,8,ps,10.8,0.46,0.5900248292598589,0.4099751707401411
nouvelle_energie,ideologiquement_coherent,8,ecologistes,10.3,0.46,0.6187497430978316,0.3812502569021684
nouvelle_energie,ideologiquement_coherent,8,renaissance,13.9,0.35163033134632987,0.6005304753605861,0.3994695246394139
nouvelle_energie,ideologiquement_coherent,8,horizons,8.3,0.2539806283024717,0.6105590636473986,0.38944093635260135
nouvelle_energie,ideologiquement_coherent,8,lr,14,0.14310223045570883,0.6294559595443607,0.37054404045563927
nouvelle_energie,ideologiquement_coherent,8,reconquete,4.7,0.27742807153448606,0.5091615070465514,0.4908384929534486
nouvelle_energie,ideologiquement_coherent,9,lfi,10.6,0.3426336464869478,0.6695089572610731,0.33049104273892693
nouvelle_energie,ideologiquement_coherent,9,ecologistes,6.6,0.28375381202336963,0.7217510492142496,0.2782489507857504
nouvelle_energie,ideologiquement_coherent,9,renaissance,11.5,0.41839544619197766,0.5700914679409778,0.42990853205902224
nouvelle_energie,ideologiquement_coherent,9,horizons,12.1,0.4505625158141757,0.5387906565952182,0.4612093434047818
nouvelle_energie,ideologiquement_coherent,9,lr,11.8,0.4032726566023799,0.47554495611324293,0.524455043886757
nouvelle_energie,ideologiquement_coherent,9,reconquete,9.1,0.32352807153448604,0.39856774879129636,0.6014322512087036
nouvelle_energie,ideologiquement_coherent,9,nouvelle_energie,11.1,0.4126978295202336,0.48391755139571624,0.5160824486042838
nouvelle_energie,ideologiquement_coherent,10,lfi,11.6,0.46,0.5670348240420756,0.4329651759579244
nouvelle_energie,ideologiquement_coherent,10,ps,11.1,0.46,0.5878606632092173,0.41213933679078274
nouvelle_energie,ideologiquement_coherent,10,ecologistes,10.1,0.46,0.6111968092545101,0.38880319074548986
nouvelle_energie,ideologiquement_coherent,10,renaissance,8.8,0.3230832356859659,0.6451780064442008,0.35482199355579924
nouvelle_energie,ideologiquement_coherent,10,horizons,9.4,0.27671503651690244,0.6066727284576059,0.3933272715423941
nouvelle_energie,ideologiquement_coherent,10,lr,12.3,0.1967372961609706,0.5907338809497528,0.40926611905024723
nouvelle_energie,ideologiquement_coherent,10,reconquete,7.9,0.19782807153448603,0.43801532376773367,0.5619846762322663
nouvelle_energie,ideologiquement_coherent,11,lfi,10.7,0.3317336464869478,0.45185386809255956,0.5481461319074404
nouvelle_energie,ideologiquement_coherent,11,ecologistes,11.7,0.27285381202336956,0.42816241298499735,0.5718375870150026
nouvelle_energie,ideologiquement_coherent,11,renaissance,11.6,0.3346365771920701,0.5290361851849067,0.4709638148150933
nouvelle_energie,ideologiquement_coherent,11,horizons,9.4,0.23660658619362876,0.5734962004995433,0.4265037995004567
nouvelle_energie,ideologiquement_coherent,11,lr,11.1,0.15874709074556695,0.6133462532290862,0.3866537467709138
nouvelle_energie,ideologiquement_coherent,11,rn,12.1,0.3599306994188659,0.5838212500224547,0.41617874997754534
nouvelle_energie,ideologiquement_coherent,11,reconquete,7.4,0.3539334086178092,0.6081862906110392,0.39181370938896076
nouvelle_energie,ideologiquement_coherent,12,lfi,10.5,0.2874336464869478,0.41218717899391355,0.5878128210060865
nouvelle_energie,ideologiquement_coherent,12,ecologistes,8,0.1885538120233696,0.37666964786667645,0.6233303521333236
nouvelle_energie,ideologiquement_coherent,12,renaissance,11.9,0.3420104800657822,0.5366206826208595,0.4633793173791405
nouvelle_energie,ideologiquement_coherent,12,horizons,12.3,0.24361755615412814,0.5792680167429352,0.42073198325706485
nouvelle_energie,ideologiquement_coherent,12,lr,7.3,0.11441092211981405,0.6564330972027568,0.3435669027972432
nouvelle_energie,ideologiquement_coherent,12,rn,11.6,0.31085445697165437,0.6408300326788265,0.35916996732117346
nouvelle_energie,ideologiquement_coherent,12,reconquete,8.9,0.30546098763817525,0.6657518460245148,0.33424815397548524
nouvelle_energie,ideologiquement_coherent,13,lfi,11.9,0.46,0.47729442037218206,0.5227055796278179
nouvelle_energie,ideologiquement_coherent,13,ps,12.3,0.3672625158141757,0.48715572462012596,0.5128442753798741
nouvelle_energie,ideologiquement_coherent,13,ecologistes,9.1,0.4380420866995196,0.4840036227775539,0.5159963772224461
nouvelle_energie,ideologiquement_coherent,13,renaissance,11.5,0.17449699216606837,0.5264721680416014,0.47352783195839865
nouvelle_energie,ideologiquement_coherent,13,lr,9.9,0.1470318478667643,0.43942060393816285,0.5605793960618372
nouvelle_energie,ideologiquement_coherent,13,rn,12.7,0.35019949045312615,0.4466499513216839,0.553350048678316
nouvelle_energie,ideologiquement_coherent,13,reconquete,3.6,0.3398282528009138,0.43725708099222105,0.562742919007779
nouvelle_energie,ideologiquement_coherent,14,ps,12.7,0.3833336464869478,0.3981511603110461,0.6018488396889539
nouvelle_energie,ideologiquement_coherent,14,ecologistes,8.6,0.3503082887331051,0.29161229552145906,0.7083877044785409
nouvelle_energie,ideologiquement_coherent,14,renaissance,8.2,0.46,0.4723114984448545,0.5276885015551456
nouvelle_energie,ideologiquement_coherent,14,horizons,10.3,0.46,0.5005409808830836,0.49945901911691637
nouvelle_energie,ideologiquement_coherent,14,lr,12.1,0.39397265660237984,0.5595150062545045,0.44048499374549555
nouvelle_energie,ideologiquement_coherent,14,reconquete,6.9,0.2642280715344861,0.6735589066693203,0.3264410933306797
nouvelle_energie,ideologiquement_coherent,14,nouvelle_energie,12.9,0.4147231528749237,0.5539864615715021,0.4460135384284979
nouvelle_energie,ideologiquement_coherent,15,lfi,10.3,0.46,0.5721303767529455,0.42786962324705446
nouvelle_energie,ideologiquement_coherent,15,ps,12,0.46,0.5870925610002253,0.41290743899977467
nouvelle_energie,ideologiquement_coherent,15,ecologistes,11.1,0.46,0.6195058666498976,0.3804941333501024
nouvelle_energie,ideologiquement_coherent,15,renaissance,9.3,0.3121398540697672,0.6491024387137018,0.35089756128629823
nouvelle_energie,ideologiquement_coherent,15,horizons,12,0.21484152075823962,0.6513785810855297,0.3486214189144703
nouvelle_energie,ideologiquement_coherent,15,lr,9.1,0.1946921905016761,0.591934549893517,0.408065450106483
nouvelle_energie,ideologiquement_coherent,15,reconquete,4.6,0.1922280715344861,0.4368139457289154,0.5631860542710846
nouvelle_energie,ideologiquement_coherent,16,lfi,9.4,0.46,0.4400673423753779,0.5599326576246221
nouvelle_energie,ideologiquement_coherent,16,ps,8.8,0.46,0.4493538120189649,0.5506461879810352
nouvelle_energie,ideologiquement_coherent,16,ecologistes,11.9,0.46,0.4323832810693535,0.5676167189306465
nouvelle_energie,ideologiquement_coherent,16,renaissance,11.6,0.32830848889040215,0.45795516347585624,0.5420448365241437
nouvelle_energie,ideologiquement_coherent,16,horizons,13.2,0.18069472428621733,0.4089442216362525,0.5910557783637476
nouvelle_energie,ideologiquement_coherent,16,rn,11.3,0.28437265660237987,0.523537305718179,0.476462694281821
nouvelle_energie,ideologiquement_coherent,16,reconquete,5.9,0.277844542999036,0.5218713970875979,0.4781286029124021
nouvelle_energie,ideologiquement_coherent,17,lfi,9.2,0.46,0.5136630534460761,0.4863369465539239
nouvelle_energie,ideologiquement_coherent,17,ps,8.7,0.3619625158141757,0.5032610737427683,0.4967389262572317
nouvelle_energie,ideologiquement_coherent,17,ecologistes,11.1,0.43274208669951963,0.5002101086054336,0.4997898913945664
nouvelle_energie,ideologiquement_coherent,17,renaissance,12.6,0.1691969921660684,0.4612948310851568,0.5387051689148432
nouvelle_energie,ideologiquement_coherent,17,lr,12.2,0.0928556768733054,0.5793189142869387,0.4206810857130613
nouvelle_energie,ideologiquement_coherent,17,rn,11.1,0.32490734524064335,0.5420680695849228,0.4579319304150772
nouvelle_energie,ideologiquement_coherent,17,reconquete,4.3,0.28032348845740085,0.6009477096105075,0.3990522903894925
nouvelle_energie,ideologiquement_coherent,18,lfi,10.2,0.46,0.5233096905486924,0.47669030945130764
nouvelle_energie,ideologiquement_coherent,18,ps,12.6,0.3712625158141757,0.5160981048992278,0.4839018951007722
nouvelle_energie,ideologiquement_coherent,18,ecologistes,9.3,0.4420420866995196,0.5130358444078581,0.4869641555921419
nouvelle_energie,ideologiquement_coherent,18,renaissance,13.1,0.1684969921660684,0.4500838992743509,0.5499161007256491
nouvelle_energie,ideologiquement_coherent,18,lr,7.5,0.10357514187047165,0.5914372466870519,0.4085627533129481
nouvelle_energie,ideologiquement_coherent,18,rn,10.5,0.3351583776721088,0.5503534601324798,0.44964653986752023
nouvelle_energie,ideologiquement_coherent,18,reconquete,8.8,0.34166122874815535,0.5567969266145473,0.44320307338545273
nouvelle_energie,ideologiquement_coherent,19,lfi,13.2,0.46,0.5805261045190758,0.4194738954809242
nouvelle_energie,ideologiquement_coherent,19,ps,11.2,0.46,0.5971403891946087,0.40285961080539134
nouvelle_energie,ideologiquement_coherent,19,ecologistes,6.2,0.46,0.6272239295805678,0.37277607041943217
nouvelle_energie,ideologiquement_coherent,19,renaissance,8.1,0.29417867096693134,0.6544048187880812,0.3455951812119188
nouvelle_energie,ideologiquement_coherent,19,horizons,13.3,0.24640855943027087,0.6164361532414893,0.38356384675851074
nouvelle_energie,ideologiquement_coherent,19,lr,7.9,0.19661254358045815,0.5952804836250963,0.40471951637490367
nouvelle_energie,ideologiquement_coherent,19,reconquete,7.3,0.28452807153448606,0.5139452658072156,0.48605473419278444
nouvelle_energie,opportuniste_electoral,0,lfi,12.1,0.2913336464869478,0.4093936367813341,0.5906063632186659
nouvelle_energie,opportuniste_electoral,0,ecologistes,7.3,0.2824538120233696,0.4375939501529073,0.5624060498470926
nouvelle_energie,opportuniste_electoral,0,renaissance,12.5,0.33189858514314896,0.5349244710062636,0.4650755289937364
nouvelle_energie,opportuniste_electoral,0,horizons,13.7,0.22402066342066662,0.6012732089462876,0.39872679105371245
nouvelle_energie,opportuniste_electoral,0,lr,11.9,0.23260444873088626,0.6004326795899171,0.3995673204100829
nouvelle_energie,opportuniste_electoral,0,rn,9.9,0.3254939181907317,0.6147107794954564,0.3852892205045436
nouvelle_energie,opportuniste_electoral,0,reconquete,3.2,0.32292433246415986,0.6669666834658736,0.3330333165341264
nouvelle_energie,opportuniste_electoral,1,lfi,8.5,0.46,0.5255528266872463,0.47444717331275366
nouvelle_energie,opportuniste_electoral,1,ps,13.3,0.38056251581417566,0.5071478436102181,0.49285215638978186
nouvelle_energie,opportuniste_electoral,1,ecologistes,12.8,0.4513420866995196,0.5112747867839333,0.48872521321606666
nouvelle_energie,opportuniste_electoral,1,renaissance,7.9,0.17779699216606837,0.4492065702760382,0.5507934297239618
nouvelle_energie,opportuniste_electoral,1,lr,8,0.1895102856665313,0.5486672388867327,0.45133276111326726
nouvelle_energie,opportuniste_electoral,1,rn,14,0.34602088047769686,0.5555212723705629,0.4444787276294371
nouvelle_energie,opportuniste_electoral,1,reconquete,5.1,0.34404215020261253,0.5622592217858439,0.43774077821415613
nouvelle_energie,opportuniste_electoral,2,lfi,10.3,0.46,0.4465618053232495,0.5534381946767505
nouvelle_energie,opportuniste_electoral,2,ps,12.7,0.46,0.42610854321893243,0.5738914567810676
nouvelle_energie,opportuniste_electoral,2,ecologistes,8.9,0.46,0.4007099564491515,0.5992900435508485
nouvelle_energie,opportuniste_electoral,2,renaissance,11.2,0.3498647394288771,0.4165960659530335,0.5834039340469666
nouvelle_energie,opportuniste_electoral,2,horizons,11.7,0.2964752043885066,0.4232249512110236,0.5767750487889765
nouvelle_energie,opportuniste_electoral,2,lr,9,0.27255989962173965,0.44336202973717576,0.5566379702628242
nouvelle_energie,opportuniste_electoral,2,reconquete,5.4,0.30442807153448603,0.5177914398534448,0.4822085601465552
nouvelle_energie,opportuniste_electoral,3,lfi,10.9,0.46,0.5195197285896992,0.4804802714103008
nouvelle_energie,opportuniste_electoral,3,ps,7.6,0.35999544619197765,0.501414718330645,0.498585281669355
nouvelle_energie,opportuniste_electoral,3,ecologistes,10.8,0.4204398358465896,0.49784263724661654,0.5021573627533835
nouvelle_energie,opportuniste_electoral,3,horizons,10.4,0.18939699216606837,0.4656287917109923,0.5343712082890077
nouvelle_energie,opportuniste_electoral,3,lr,10.9,0.17842020707706613,0.6031422075673235,0.3968577924326765
nouvelle_energie,opportuniste_electoral,3,rn,9.1,0.3623103513296201,0.5701690980243743,0.4298309019756257
nouvelle_energie,opportuniste_electoral,3,reconquete,6,0.3668664378405714,0.579397740014998,0.420602259985002
nouvelle_energie,opportuniste_electoral,3,reconquete_dissidence_19,8.1,0.3668664378405714,0.5754729933292648,0.4245270066707352
nouvelle_energie,opportuniste_electoral,4,lfi,9.1,0.46,0.4480423235289044,0.5519576764710956
nouvelle_energie,opportuniste_electoral,4,ps,9.2,0.4107954461919777,0.4157725753857343,0.5842274246142657
nouvelle_energie,opportuniste_electoral,4,ecologistes,8.6,0.46,0.3820362733341932,0.6179637266658068
nouvelle_energie,opportuniste_electoral,4,horizons,14.1,0.2901969921660684,0.42029715196008366,0.5797028480399163
nouvelle_energie,opportuniste_electoral,4,lr,8.6,0.34567265660237984,0.43433428708416477,0.5656657129158352
nouvelle_energie,opportuniste_electoral,4,reconquete,5.3,0.3159280715344861,0.5769424382432231,0.4230575617567769
nouvelle_energie,opportuniste_electoral,4,nouvelle_energie,14.3,0.37039247907297046,0.4757828746077901,0.5242171253922099
nouvelle_energie,opportuniste_electoral,5,lfi,10.9,0.46,0.4229449285270442,0.5770550714729559
nouvelle_energie,opportuniste_electoral,5,ps,9.3,0.45752226866588297,0.4084438173410513,0.5915561826589487
nouvelle_energie,opportuniste_electoral,5,ecologistes,12.2,0.46,0.3806955275452106,0.6193044724547894
nouvelle_energie,opportuniste_electoral,5,renaissance,8.2,0.33135450841476666,0.40037005483924476,0.5996299451607552
nouvelle_energie,opportuniste_electoral,5,horizons,13.5,0.22463309465286319,0.36271307377224127,0.6372869262277587
nouvelle_energie,opportuniste_electoral,5,lr,12.9,0.20418155498175655,0.3893180101609393,0.6106819898390607
nouvelle_energie,opportuniste_electoral,5,reconquete,4.1,0.24602807153448605,0.527356100079865,0.472643899920135
nouvelle_energie,opportuniste_electoral,6,lfi,10.8,0.46,0.44864043748569676,0.5513595625143033
nouvelle_energie,opportuniste_electoral,6,ps,10.8,0.46,0.42819922125164106,0.571800778748359
nouvelle_energie,opportuniste_electoral,6,ecologistes,9.5,0.46,0.40411016082326257,0.5958898391767374
nouvelle_energie,opportuniste_electoral,6,renaissance,13,0.3543971739022106,0.41559012286271196,0.5844098771372881
nouvelle_energie,opportuniste_electoral,6,horizons,12.9,0.3000485733618101,0.4219617002799354,0.5780382997200646
nouvelle_energie,opportuniste_electoral,6,lr,7.6,0.20867971972173405,0.39815781672025785,0.6018421832797421
nouvelle_energie,opportuniste_electoral,6,reconquete,8.5,0.29922807153448605,0.5154358209233052,0.4845641790766948
nouvelle_energie,opportuniste_electoral,7,lfi,13.3,0.46,0.5121299690068328,0.48787003099316717
nouvelle_energie,opportuniste_electoral,7,ps,11.8,0.3713625158141757,0.5037078807107462,0.49629211928925376
nouvelle_energie,opportuniste_electoral,7,ecologistes,12,0.4421420866995196,0.5017081474052314,0.4982918525947686
nouvelle_energie,opportuniste_electoral,7,renaissance,7.1,0.1785969921660684,0.46675535969801346,0.5332446403019866
nouvelle_energie,opportuniste_electoral,7,lr,7.6,0.15044893159975847,0.5749296569777287,0.4250703430222713
nouvelle_energie,opportuniste_electoral,7,rn,13,0.3611375912932151,0.5415139027084517,0.4584860972915483
nouvelle_energie,opportuniste_electoral,7,reconquete,5,0.35773814416567185,0.5484551679012957,0.45154483209870433
nouvelle_energie,opportuniste_electoral,8,lfi,13.1,0.46,0.447649807418907,0.552350192581093
nouvelle_energie,opportuniste_electoral,8,ps,11.4,0.4101954461919777,0.41524234478581656,0.5847576552141834
nouvelle_energie,opportuniste_electoral,8,ecologistes,10,0.46,0.3811054446098365,0.6188945553901635
nouvelle_energie,opportuniste_electoral,8,horizons,11.8,0.2895969921660684,0.4179314695836286,0.5820685304163714
nouvelle_energie,opportuniste_electoral,8,lr,8.8,0.3950726566023799,0.49193958941895505,0.5080604105810449
nouvelle_energie,opportuniste_electoral,8,reconquete,7.7,0.31532807153448605,0.5804410752450646,0.4195589247549354
nouvelle_energie,opportuniste_electoral,8,nouvelle_energie,9.7,0.35679763464649084,0.46209615815065225,0.5379038418493478
nouvelle_energie,opportuniste_electoral,9,lfi,12,0.46,0.453452534232025,0.546547465767975
nouvelle_energie,opportuniste_electoral,9,ps,11.3,0.4226625158141757,0.42570571277258723,0.5742942872274128
nouvelle_energie,opportuniste_electoral,9,ecologistes,9.5,0.46,0.3967257465003392,0.6032742534996608
nouvelle_energie,opportuniste_electoral,9,renaissance,10,0.2698969921660684,0.40119192981635793,0.598808070183642
nouvelle_energie,opportuniste_electoral,9,lr,10.2,0.32676970355619817,0.46831789682873715,0.5316821031712629
nouvelle_energie,opportuniste_electoral,9,reconquete,6.1,0.29562807153448606,0.5549368392049945,0.4450631607950055
nouvelle_energie,opportuniste_electoral,9,nouvelle_energie,13.2,0.25096645479990304,0.49221952701565297,0.507780472984347
nouvelle_energie,opportuniste_electoral,10,lfi,13,0.46,0.4989419890541941,0.5010580109458058
nouvelle_energie,opportuniste_electoral,10,ps,9.7,0.36389544619197767,0.49313995452949166,0.5068600454705083
nouvelle_energie,opportuniste_electoral,10,ecologistes,12.5,0.42433983584658963,0.4880678402962302,0.5119321597037698
nouvelle_energie,opportuniste_electoral,10,lr,7.7,0.30016970355619815,0.5264522986005882,0.4735477013994118
nouvelle_energie,opportuniste_electoral,10,rn,11.3,0.434966785515875,0.5244108845875594,0.47558911541244064
nouvelle_energie,opportuniste_electoral,10,reconquete,6.6,0.45000053285801406,0.528478508628168,0.47152149137183197
nouvelle_energie,opportuniste_electoral,10,nouvelle_energie,12.5,0.28060121460608095,0.518917941103134,0.48108205889686595
nouvelle_energie,opportuniste_electoral,11,lfi,9.1,0.46,0.5214687251516334,0.47853127484836655
nouvelle_energie,opportuniste_electoral,11,ps,10.1,0.35999544619197765,0.5045423880964003,0.4954576119035997
nouvelle_energie,opportuniste_electoral,11,ecologistes,9.7,0.4204398358465896,0.501145258678876,0.49885474132112395
nouvelle_energie,opportuniste_electoral,11,horizons,9.5,0.14939699216606836,0.4459182876891321,0.5540817123108679
nouvelle_energie,opportuniste_electoral,11,lr,8.9,0.17463288502215207,0.6019497372108684,0.3980502627891316
nouvelle_energie,opportuniste_electoral,11,rn,13.8,0.36060233917781315,0.5712552883281716,0.42874471167182837
nouvelle_energie,opportuniste_electoral,11,reconquete,8.2,0.37044113140017443,0.5791906698565028,0.4208093301434972
nouvelle_energie,opportuniste_electoral,12,lfi,10.5,0.46,0.5670109490968106,0.4329890509031894
nouvelle_energie,opportuniste_electoral,12,ps,8.3,0.46,0.5830900707437128,0.4169099292562872
nouvelle_energie,opportuniste_electoral,12,ecologistes,9.2,0.46,0.6109300740396333,0.3890699259603667
nouvelle_energie,opportuniste_electoral,12,renaissance,12.7,0.3207290549765975,0.6448293685973328,0.35517063140266725
nouvelle_energie,opportuniste_electoral,12,horizons,13.4,0.2650669420633452,0.6322175535796126,0.3677824464203874
nouvelle_energie,opportuniste_electoral,12,lr,9.5,0.20076097742445875,0.6117628417634567,0.38823715823654326
nouvelle_energie,opportuniste_electoral,12,reconquete,5.8,0.25072807153448606,0.45080942943428737,0.5491905705657126
nouvelle_energie,opportuniste_electoral,13,lfi,11.8,0.3428336464869478,0.44828363755946155,0.5517163624405385
nouvelle_energie,opportuniste_electoral,13,ecologistes,11,0.2839538120233696,0.4321749459947328,0.5678250540052672
nouvelle_energie,opportuniste_electoral,13,renaissance,7.2,0.28923966379500116,0.5734447102172142,0.4265552897827858
nouvelle_energie,opportuniste_electoral,13,horizons,9.3,0.2832483855756186,0.5483222193102014,0.4516777806897986
nouvelle_energie,opportuniste_electoral,13,lr,10.8,0.17855201743922872,0.6386851409973452,0.3613148590026548
nouvelle_energie,opportuniste_electoral,13,rn,11.7,0.3524879620090154,0.5834078533186714,0.4165921466813286
nouvelle_energie,opportuniste_electoral,13,reconquete,8.3,0.36456897013857725,0.6070010406521225,0.39299895934787754
nouvelle_energie,opportuniste_electoral,14,lfi,9.6,0.46,0.4662833987909529,0.5337166012090471
nouvelle_energie,opportuniste_electoral,14,ps,11.8,0.3931625158141757,0.4625287833394741,0.5374712166605259
nouvelle_energie,opportuniste_electoral,14,ecologistes,10.7,0.46,0.4488349481284811,0.5511650518715189
nouvelle_energie,opportuniste_electoral,14,renaissance,10.7,0.24039699216606839,0.4580262145121301,0.5419737854878699
nouvelle_energie,opportuniste_electoral,14,rn,12.1,0.34587265660237987,0.5252661293241001,0.4747338706758999
nouvelle_energie,opportuniste_electoral,14,reconquete,7.4,0.33934454299903594,0.5328469308183242,0.46715306918167576
nouvelle_energie,opportuniste_electoral,14,nouvelle_energie,11,0.2164008831077184,0.51088550350654,0.48911449649345995
nouvelle_energie,opportuniste_electoral,15,lfi,9,0.2924336464869478,0.6002826713261571,0.3997173286738429
nouvelle_energie,opportuniste_electoral,15,ecologistes,7.1,0.2835538120233696,0.5713537400941638,0.42864625990583616
nouvelle_energie,opportuniste_electoral,15,renaissance,9.6,0.2823414084267896,0.4271090777285408,0.5728909222714592
nouvelle_energie,opportuniste_electoral,15,horizons,10.6,0.2244800711605301,0.40407039368912745,0.5959296063108726
nouvelle_energie,opportuniste_electoral,15,lr,11.8,0.23298338718922207,0.4109039624512482,0.5890960375487517
nouvelle_energie,opportuniste_electoral,15,rn,12.6,0.3273758637981272,0.3972871469520391,0.6027128530479609
nouvelle_energie,opportuniste_electoral,15,reconquete,3.1,0.3715716604152248,0.4004166563385277,0.5995833436614724
nouvelle_energie,opportuniste_electoral,15,reconquete_dissidence_18,9.8,0.3715716604152248,0.40737139462368016,0.5926286053763199
nouvelle_energie,opportuniste_electoral,16,lfi,10.3,0.46,0.5772198443082116,0.4227801556917884
nouvelle_energie,opportuniste_electoral,16,ps,11,0.4564001876742555,0.5905357981307073,0.40946420186929267
nouvelle_energie,opportuniste_electoral,16,ecologistes,11.3,0.46,0.6164273832629982,0.3835726167370018
nouvelle_energie,opportuniste_electoral,16,renaissance,8.7,0.35468582126593967,0.5946756777012532,0.4053243222987468
nouvelle_energie,opportuniste_electoral,16,horizons,10.1,0.3023294063417292,0.5882551142812403,0.41174488571875967
nouvelle_energie,opportuniste_electoral,16,lr,11.8,0.2229970147690148,0.6104720985133816,0.3895279014866184
nouvelle_energie,opportuniste_electoral,16,reconquete,8.1,0.29572807153448605,0.49985891572893465,0.5001410842710654
nouvelle_energie,opportuniste_electoral,17,lfi,11.3,0.46,0.5618696166303973,0.43813038336960275
nouvelle_energie,opportuniste_electoral,17,ps,10.7,0.46,0.5788969226410597,0.42110307735894026
nouvelle_energie,opportuniste_electoral,17,ecologistes,7.4,0.46,0.6060584756678714,0.3939415243321286
nouvelle_energie,opportuniste_electoral,17,renaissance,13.8,0.35856130396433306,0.588452621752247,0.411547378247753
nouvelle_energie,opportuniste_electoral,17,horizons,11.9,0.2993531494175499,0.5834574729812624,0.4165425270187376
nouvelle_energie,opportuniste_electoral,17,lr,8.5,0.24589661304293106,0.5666916849413458,0.4333083150586542
nouvelle_energie,opportuniste_electoral,17,reconquete,7.7,0.2949280715344861,0.5016917824385901,0.49830821756140986
nouvelle_energie,opportuniste_electoral,18,ecologistes,8,0.3068538120233696,0.5319968633510875,0.46800313664891247
nouvelle_energie,opportuniste_electoral,18,renaissance,8.4,0.3914954461919777,0.5416532443741748,0.45834675562582516
nouvelle_energie,opportuniste_electoral,18,horizons,12.1,0.4236625158141757,0.5372130057420528,0.4627869942579472
nouvelle_energie,opportuniste_electoral,18,lr,8.2,0.46,0.5323063335068365,0.46769366649316346
nouvelle_energie,opportuniste_electoral,18,rn,13.2,0.46,0.5087759917322018,0.4912240082677982
nouvelle_energie,opportuniste_electoral,18,reconquete,9.2,0.46,0.5146412220895811,0.4853587779104189
nouvelle_energie,opportuniste_electoral,18,nouvelle_energie,12.2,0.46,0.539546322437479,0.460453677562521
nouvelle_energie,opportuniste_electoral,19,ps,13.2,0.2820336464869478,0.4307175543464228,0.5692824456535772
nouvelle_energie,opportuniste_electoral,19,ecologistes,8.4,0.3490082887331051,0.46368226626933984,0.5363177337306602
nouvelle_energie,opportuniste_electoral,19,renaissance,8.3,0.3310780496156607,0.5715871041987779,0.4284128958012221
nouvelle_energie,opportuniste_electoral,19,horizons,12.4,0.2244562240185981,0.6343783297058987,0.3656216702941013
nouvelle_energie,opportuniste_electoral,19,lr,9.8,0.20450374516004532,0.6256456534798841,0.3743543465201159
nouvelle_energie,opportuniste_electoral,19,rn,11.4,0.2558008542008568,0.6641945648262635,0.3358054351737365
nouvelle_energie,opportuniste_electoral,19,reconquete,5.1,0.3517079730370522,0.6232266336166782,0.3767733663833218
nouvelle_energie,parti_dabord,0,lfi,10.7,0.46,0.49303530997667616,0.5069646900233238
nouvelle_energie,parti_dabord,0,ps,11.3,0.37956251581417566,0.5032376213618689,0.4967623786381311
nouvelle_energie,parti_dabord,0,ecologistes,12.4,0.4503420866995196,0.5086510001151562,0.4913489998848438
nouvelle_energie,parti_dabord,0,renaissance,9.8,0.17679699216606837,0.5652167317423148,0.4347832682576852
nouvelle_energie,parti_dabord,0,lr,9.7,0.12301680198635082,0.4168249026499892,0.5831750973500107
nouvelle_energie,parti_dabord,0,rn,11,0.3281316912199185,0.4589665374456816,0.5410334625543184
nouvelle_energie,parti_dabord,0,reconquete,7.6,0.3438601795370211,0.45578978337179005,0.5442102166282099
nouvelle_energie,parti_dabord,1,lfi,11.8,0.3354082887331051,0.45118789810910714,0.5488121018908929
nouvelle_energie,parti_dabord,1,ps,10.3,0.2095538120233696,0.40126099488186484,0.5987390051181352
nouvelle_energie,parti_dabord,1,renaissance,8.4,0.2721713975906948,0.5809651313542508,0.41903486864574924
nouvelle_energie,parti_dabord,1,horizons,13,0.22333289503414208,0.579896842796334,0.420103157203666
nouvelle_energie,parti_dabord,1,lr,13.5,0.10103891992174804,0.6655248279636294,0.33447517203637056
nouvelle_energie,parti_dabord,1,rn,10.6,0.29817118196146825,0.6270720112644615,0.37292798873553845
nouvelle_energie,parti_dabord,1,reconquete,4.6,0.2851036337880186,0.6812573808284729,0.31874261917152713
nouvelle_energie,parti_dabord,2,lfi,8.7,0.34113364648694783,0.668587465735667,0.33141253426433304
nouvelle_energie,parti_dabord,2,ecologistes,10.6,0.33225381202336957,0.6650244256112917,0.3349755743887083
nouvelle_energie,parti_dabord,2,renaissance,11.8,0.4168954461919777,0.5659362213692711,0.43406377863072887
nouvelle_energie,parti_dabord,2,horizons,12,0.44906251581417567,0.5345807464681714,0.46541925353182856
nouvelle_energie,parti_dabord,2,lr,11.5,0.35177265660237983,0.4090931164942398,0.5909068835057603
nouvelle_energie,parti_dabord,2,reconquete,7.3,0.3220280715344861,0.3956553615101297,0.6043446384898703
nouvelle_energie,parti_dabord,2,nouvelle_energie,12,0.43703250167040375,0.48626480107823683,0.5137351989217631
nouvelle_energie,parti_dabord,3,ps,13.1,0.3002336464869478,0.4108103687192287,0.5891896312807713
nouvelle_energie,parti_dabord,3,ecologistes,6.9,0.36720828873310507,0.45109782529518505,0.548902174704815
nouvelle_energie,parti_dabord,3,renaissance,7.7,0.34754909412350316,0.5599957125319162,0.44000428746808384
nouvelle_energie,parti_dabord,3,horizons,14.7,0.2510989203425143,0.5995957012276252,0.4004042987723748
nouvelle_energie,parti_dabord,3,lr,8.6,0.189713343901824,0.6332556204928323,0.36674437950716765
nouvelle_energie,parti_dabord,3,rn,13.8,0.3616986920606931,0.5838136675440326,0.41618633245596737
nouvelle_energie,parti_dabord,3,reconquete,5.4,0.370929513614819,0.6123146572650838,0.38768534273491617
nouvelle_energie,parti_dabord,4,lfi,9.2,0.46,0.5757068352669751,0.4242931647330249
nouvelle_energie,parti_dabord,4,ps,13.2,0.46,0.5852707778786064,0.4147292221213936
nouvelle_energie,parti_dabord,4,ecologistes,6.8,0.46,0.6222759265397312,0.3777240734602688
nouvelle_energie,parti_dabord,4,renaissance,7.9,0.3572800309045758,0.5988301946054545,0.4011698053945455
nouvelle_energie,parti_dabord,4,horizons,11.4,0.2595319054557727,0.6105015093601188,0.3894984906398812
nouvelle_energie,parti_dabord,4,lr,12.3,0.17421078995477154,0.6273313977839972,0.37266860221600284
nouvelle_energie,parti_dabord,4,reconquete,8.3,0.2999280715344861,0.5060796725252965,0.4939203274747035
nouvelle_energie,parti_dabord,5,lfi,13.9,0.46,0.556058384613286,0.44394161538671395
nouvelle_energie,parti_dabord,5,ps,9,0.4531232581370283,0.5722747808908333,0.4277252191091667
nouvelle_energie,parti_dabord,5,ecologistes,12.2,0.46,0.5942577691477048,0.4057422308522952
nouvelle_energie,parti_dabord,5,renaissance,9.1,0.316015524694953,0.6303506385804983,0.36964936141950167
nouvelle_energie,parti_dabord,5,horizons,12.1,0.22809598756052482,0.6346631677803908,0.3653368322196092
nouvelle_energie,parti_dabord,5,lr,9.8,0.19591598490389847,0.6103069766320508,0.3896930233679492
nouvelle_energie,parti_dabord,5,reconquete,4.5,0.25472807153448607,0.4582754123631823,0.5417245876368177
nouvelle_energie,parti_dabord,6,lfi,11.3,0.3399336464869478,0.5453006177113839,0.45469938228861606
nouvelle_energie,parti_dabord,6,ecologistes,11.5,0.2310538120233696,0.6151891365010801,0.3848108634989199
nouvelle_energie,parti_dabord,6,renaissance,12,0.2857088689840758,0.4267977404110841,0.5732022595889159
nouvelle_energie,parti_dabord,6,horizons,8.9,0.1881734146641643,0.3844541711934796,0.6155458288065204
nouvelle_energie,parti_dabord,6,lr,11.2,0.17608014221512244,0.3858791593636608,0.6141208406363392
nouvelle_energie,parti_dabord,6,rn,11.3,0.3553304533898361,0.41538697837529714,0.5846130216247029
nouvelle_energie,parti_dabord,6,reconquete,4,0.36163448444102614,0.3911207843292229,0.6088792156707771
nouvelle_energie,parti_dabord,7,lfi,12.7,0.46,0.48809457030124725,0.5119054296987527
nouvelle_energie,parti_dabord,7,ps,10.4,0.37799544619197767,0.47446313136616275,0.5255368686338373
nouvelle_energie,parti_dabord,7,ecologistes,9.6,0.43843983584658963,0.464761198198216,0.535238801801784
nouvelle_energie,parti_dabord,7,horizons,9.5,0.21739699216606836,0.5077051688378907,0.49229483116210926
nouvelle_energie,parti_dabord,7,lr,11.4,0.2131393563857594,0.5590254309493737,0.44097456905062626
nouvelle_energie,parti_dabord,7,rn,11.5,0.30031146929534475,0.6105569030499521,0.38944309695004786
nouvelle_energie,parti_dabord,7,reconquete,4.9,0.3210181797057975,0.6178059379762871,0.38219406202371287
nouvelle_energie,parti_dabord,8,ps,13.2,0.3390336464869478,0.4681133193517783,0.5318866806482216
nouvelle_energie,parti_dabord,8,ecologistes,11.3,0.3560082887331051,0.4487070526611329,0.551292947338867
nouvelle_energie,parti_dabord,8,renaissance,10.3,0.3269994719146161,0.5595823693745162,0.4404176306254838
nouvelle_energie,parti_dabord,8,horizons,11.7,0.18012278798617845,0.6435672978820108,0.35643270211798916
nouvelle_energie,parti_dabord,8,lr,10.8,0.193233568203897,0.6296077109338798,0.3703922890661202
nouvelle_energie,parti_dabord,8,rn,11.2,0.36474309856451725,0.5785102079045147,0.4214897920954853
nouvelle_energie,parti_dabord,8,reconquete,4.6,0.3701288184401411,0.6077832463964198,0.3922167536035802
nouvelle_energie,parti_dabord,9,lfi,14.1,0.46,0.4316670761534172,0.5683329238465828
nouvelle_energie,parti_dabord,9,ps,10.3,0.46,0.4115275375142372,0.5884724624857628
nouvelle_energie,parti_dabord,9,ecologistes,10.2,0.46,0.38590238737898175,0.6140976126210183
nouvelle_energie,parti_dabord,9,renaissance,10.6,0.36079927541607015,0.40735095039455826,0.5926490496054417
nouvelle_energie,parti_dabord,9,horizons,12,0.21918249542817356,0.35457007947642694,0.6454299205235731
nouvelle_energie,parti_dabord,9,lr,7.1,0.17299238918986706,0.37787369414286837,0.6221263058571316
nouvelle_energie,parti_dabord,9,reconquete,6.5,0.29022807153448604,0.4977626658117898,0.5022373341882103
nouvelle_energie,parti_dabord,10,lfi,8.3,0.3451336464869478,0.5453749383852861,0.45462506161471394
nouvelle_energie,parti_dabord,10,ecologistes,8.4,0.2362538120233696,0.6115619155245892,0.38843808447541084
nouvelle_energie,parti_dabord,10,renaissance,10.9,0.28251749578549706,0.4248322977916968,0.5751677022083033
nouvelle_energie,parti_dabord,10,horizons,11.8,0.23599890435905382,0.4271722379753909,0.5728277620246092
nouvelle_energie,parti_dabord,10,lr,12.6,0.14232344320713777,0.35015487719391925,0.6498451228060808
nouvelle_energie,parti_dabord,10,rn,12.5,0.3668801255839796,0.4178309034724793,0.5821690965275207
nouvelle_energie,parti_dabord,10,reconquete,7.5,0.3759178441583035,0.3943086338634502,0.6056913661365497
nouvelle_energie,parti_dabord,11,lfi,11.1,0.46,0.4567821799121771,0.5432178200878228
nouvelle_energie,parti_dabord,11,ps,12.1,0.46,0.4693226724449523,0.5306773275550477
nouvelle_energie,parti_dabord,11,ecologistes,7.1,0.46,0.4541428466087063,0.5458571533912937
nouvelle_energie,parti_dabord,11,renaissance,11,0.34799905671921993,0.4764014102658204,0.5235985897341796
nouvelle_energie,parti_dabord,11,horizons,12.9,0.251826519051762,0.45784249076166567,0.5421575092383344
nouvelle_energie,parti_dabord,11,rn,12.4,0.3546165697636032,0.4806014929889278,0.5193985070110723
nouvelle_energie,parti_dabord,11,reconquete,7.1,0.35034454299903595,0.48346337621334695,0.5165366237866531
nouvelle_energie,parti_dabord,12,ps,11.7,0.3459336464869478,0.47143497748327784,0.5285650225167222
nouvelle_energie,parti_dabord,12,ecologistes,7.3,0.3629082887331051,0.45159106650070546,0.5484089334992945
nouvelle_energie,parti_dabord,12,renaissance,13,0.32076114199795613,0.5604794655414044,0.4395205344585956
nouvelle_energie,parti_dabord,12,horizons,10.6,0.17928498814419572,0.6436467247733216,0.35635327522667837
nouvelle_energie,parti_dabord,12,lr,9.3,0.17818824964631116,0.6693941525514814,0.3306058474485186
nouvelle_energie,parti_dabord,12,rn,10.6,0.34905521753654234,0.6028187933870878,0.39718120661291223
nouvelle_energie,parti_dabord,12,reconquete,9,0.3970701442226286,0.6022791715179239,0.3977208284820761
nouvelle_energie,parti_dabord,13,lfi,12.2,0.35123364648694777,0.4455039869282922,0.5544960130717078
nouvelle_energie,parti_dabord,13,ecologistes,13.5,0.2923538120233696,0.42603072041885154,0.5739692795811484
nouvelle_energie,parti_dabord,13,renaissance,11.1,0.3379858761913458,0.5246241547077273,0.4753758452922727
nouvelle_energie,parti_dabord,13,horizons,10.1,0.24091748795777898,0.5696799312905487,0.4303200687094513
nouvelle_energie,parti_dabord,13,lr,8.7,0.1638298445047758,0.6467646729970555,0.35323532700294447
nouvelle_energie,parti_dabord,13,rn,10.5,0.36528107033376617,0.6004181362660277,0.3995818637339723
nouvelle_energie,parti_dabord,13,reconquete,4.8,0.39742673515003024,0.5989074484754218,0.40109255152457823
nouvelle_energie,parti_dabord,14,lfi,8.9,0.46,0.5659713205521235,0.4340286794478765
nouvelle_energie,parti_dabord,14,ps,10.9,0.4264743014706428,0.5619181257702988,0.43808187422970124
nouvelle_energie,parti_dabord,14,ecologistes,11.2,0.46,0.5748411974056845,0.4251588025943155
nouvelle_energie,parti_dabord,14,renaissance,8.9,0.33345121517283216,0.5422328970418094,0.45776710295819056
nouvelle_energie,parti_dabord,14,horizons,9.2,0.2455077417636801,0.5483889020889845,0.4516110979110155
nouvelle_energie,parti_dabord,14,rn,13.1,0.3333619514019871,0.5382314132130683,0.46176858678693167
nouvelle_energie,parti_dabord,14,reconquete,8.6,0.28624454299903596,0.4796783003422017,0.5203216996577983
nouvelle_energie,parti_dabord,15,lfi,14.1,0.46,0.5150657452774708,0.48493425472252916
nouvelle_energie,parti_dabord,15,ps,10.9,0.3660625158141757,0.5040900649767746,0.49590993502322545
nouvelle_energie,parti_dabord,15,ecologistes,7.2,0.4368420866995196,0.5006737814629062,0.4993262185370938
nouvelle_energie,parti_dabord,15,renaissance,10.1,0.1232969921660684,0.4208635810707151,0.5791364189292849
nouvelle_energie,parti_dabord,15,lr,7.3,0.0985388408451551,0.5860299758778287,0.4139700241221713
nouvelle_energie,parti_dabord,15,rn,12.9,0.31953148304152856,0.5463484447972967,0.4536515552027033
nouvelle_energie,parti_dabord,15,reconquete,6.4,0.27936591926308035,0.6023947475552414,0.39760525244475864
nouvelle_energie,parti_dabord,16,lfi,11.8,0.46,0.4269765763089397,0.5730234236910603
nouvelle_energie,parti_dabord,16,ps,9.8,0.46,0.4121977625390698,0.5878022374609302
nouvelle_energie,parti_dabord,16,ecologistes,12,0.46,0.3841403297506371,0.6158596702493628
nouvelle_energie,parti_dabord,16,renaissance,13.2,0.358677179487372,0.40436159264928695,0.595638407350713
nouvelle_energie,parti_dabord,16,horizons,11.1,0.21118983867141264,0.34989452550828604,0.650105474491714
nouvelle_energie,parti_dabord,16,lr,7.6,0.20285946375724326,0.41197410667982126,0.5880258933201787
nouvelle_energie,parti_dabord,16,reconquete,5.5,0.2447280715344861,0.5434286583588172,0.45657134164118285
nouvelle_energie,parti_dabord,17,lfi,10.7,0.46,0.5080427989382439,0.4919572010617561
nouvelle_energie,parti_dabord,17,ps,11.2,0.3857625158141757,0.4994719171814555,0.5005280828185446
nouvelle_energie,parti_dabord,17,ecologistes,11.4,0.4565420866995196,0.502364643947334,0.49763535605266596
nouvelle_energie,parti_dabord,17,renaissance,12.2,0.2329969921660684,0.4941406203191763,0.5058593796808237
nouvelle_energie,parti_dabord,17,lr,8.1,0.1809346713829771,0.5448796220913374,0.45512037790866255
nouvelle_energie,parti_dabord,17,rn,11.6,0.32072694194190243,0.573557547856663,0.426442452143337
nouvelle_energie,parti_dabord,17,reconquete,6.3,0.36358077725610705,0.5500240530230711,0.4499759469769289
nouvelle_energie,parti_dabord,18,lfi,9.1,0.46,0.549963233059378,0.450036766940622
nouvelle_energie,parti_dabord,18,ps,10.9,0.46,0.54259723151642,0.45740276848357997
nouvelle_energie,parti_dabord,18,ecologistes,9.5,0.46,0.5573502701542499,0.44264972984575013
nouvelle_energie,parti_dabord,18,renaissance,10.7,0.28212452519015657,0.5831501808248233,0.4168498191751767
nouvelle_energie,parti_dabord,18,horizons,12.7,0.23561612436244653,0.544419752693309,0.455580247306691
nouvelle_energie,parti_dabord,18,rn,11,0.3442726566023798,0.5233445784166108,0.47665542158338925
nouvelle_energie,parti_dabord,18,reconquete,6.2,0.337744542999036,0.5223002450334994,0.47769975496650063
nouvelle_energie,parti_dabord,19,lfi,11.9,0.46,0.5147471294894556,0.48525287051054444
nouvelle_energie,parti_dabord,19,ps,12.2,0.38056251581417566,0.503344548027068,0.49665545197293204
nouvelle_energie,parti_dabord,19,ecologistes,9.6,0.4513420866995196,0.5035244009931461,0.4964755990068539
nouvelle_energie,parti_dabord,19,renaissance,10.4,0.22779699216606838,0.48493370567807387,0.5150662943219262
nouvelle_energie,parti_dabord,19,lr,11.2,0.18071455693532626,0.5484269874746042,0.45157301252539583
nouvelle_energie,parti_dabord,19,rn,10.3,0.29147154589146945,0.597300750419425,0.402699249580575
nouvelle_energie,parti_dabord,19,reconquete,6.6,0.30175642019224075,0.6023119890302081,0.3976880109697919
nouvelle_energie,mediatique,0,lfi,13.5,0.46,0.46322951474489993,0.5367704852551001
nouvelle_energie,mediatique,0,ps,9.9,0.46,0.4415027540894477,0.5584972459105523
nouvelle_energie,mediatique,0,ecologistes,12.1,0.46,0.41696422135800787,0.5830357786419922
nouvelle_energie,mediatique,0,renaissance,9.5,0.3734121850587682,0.42499624918846424,0.5750037508115358
nouvelle_energie,mediatique,0,horizons,9.2,0.31576443940251664,0.4321699969045641,0.567830003095436
nouvelle_energie,mediatique,0,lr,8.7,0.2475802286479879,0.444255244249045,0.5557447557509549
nouvelle_energie,mediatique,0,reconquete,7.9,0.25172807153448606,0.5647651984764741,0.4352348015235259
nouvelle_energie,mediatique,1,lfi,10.4,0.46,0.5633182316050833,0.4366817683949167
nouvelle_energie,mediatique,1,ps,12,0.4078954461919777,0.5935785252817165,0.4064214747182835
nouvelle_energie,mediatique,1,ecologistes,9.8,0.46,0.6296320820329887,0.3703679179670113
nouvelle_energie,mediatique,1,horizons,11.5,0.1972969921660684,0.6514304630151702,0.34856953698482984
nouvelle_energie,mediatique,1,lr,11.7,0.3927726566023798,0.5207752117061223,0.4792247882938777
nouvelle_energie,mediatique,1,reconquete,5.6,0.3130280715344861,0.4318007392423944,0.5681992607576056
nouvelle_energie,mediatique,1,nouvelle_energie,11.4,0.3576007401729038,0.5409423414638594,0.45905765853614056
nouvelle_energie,mediatique,2,lfi,11.8,0.3945336464869478,0.38385006124326615,0.6161499387567339
nouvelle_energie,mediatique,2,ecologistes,11.2,0.29565381202336966,0.30845249462504976,0.6915475053749502
nouvelle_energie,mediatique,2,renaissance,9.1,0.4202954461919777,0.42769253812522445,0.5723074618747755
nouvelle_energie,mediatique,2,horizons,11.8,0.45246251581417574,0.45905426924771175,0.5409457307522882
nouvelle_energie,mediatique,2,lr,10.4,0.4051726566023799,0.5223245160491493,0.4776754839508507
nouvelle_energie,mediatique,2,reconquete,5.6,0.32542807153448605,0.5943055351459241,0.4056944648540759
nouvelle_energie,mediatique,2,nouvelle_energie,11.5,0.43203265979435035,0.49827778485266816,0.5017222151473318
nouvelle_energie,mediatique,3,lfi,8.4,0.46,0.5799324426548533,0.42006755734514667
nouvelle_energie,mediatique,3,ps,10.9,0.41026251581417567,0.600599950927627,0.39940004907237303
nouvelle_energie,mediatique,3,ecologistes,8,0.46,0.6317683301223891,0.3682316698776109
nouvelle_energie,mediatique,3,renaissance,10.7,0.25749699216606836,0.6100194131252424,0.38998058687475756
nouvelle_energie,mediatique,3,lr,9.2,0.26436970355619815,0.5833969790831712,0.41660302091682877
nouvelle_energie,mediatique,3,rn,10.7,0.28322807153448604,0.45935709527688556,0.5406429047231145
nouvelle_energie,mediatique,3,reconquete,6.4,0.1977,0.46352264365252593,0.5364773563474741
nouvelle_energie,mediatique,3,nouvelle_energie,10.1,0.28730134686791386,0.5498358021783154,0.4501641978216846
nouvelle_energie,mediatique,4,lfi,12.7,0.3408336464869478,0.32657243039250294,0.6734275696074971
nouvelle_energie,mediatique,4,ecologistes,11,0.3319538120233696,0.3257420098830712,0.6742579901169288
nouvelle_energie,mediatique,4,renaissance,10,0.4165954461919777,0.42956313485223574,0.5704368651477643
nouvelle_energie,mediatique,4,horizons,11.5,0.4487625158141757,0.46123707534566094,0.5387629246543391
nouvelle_energie,mediatique,4,lr,7.3,0.40147265660237985,0.5252235969582203,0.4747764030417797
nouvelle_energie,mediatique,4,reconquete,8.6,0.2717280715344861,0.6589130529134828,0.3410869470865172
nouvelle_energie,mediatique,4,nouvelle_energie,11.7,0.39931014836352435,0.5146429900382986,0.4853570099617014
nouvelle_energie,mediatique,5,lfi,10.8,0.3449336464869478,0.6689996541050424,0.33100034589495764
nouvelle_energie,mediatique,5,ecologistes,12.3,0.2960538120233696,0.6862012240366672,0.31379877596333283
nouvelle_energie,mediatique,5,renaissance,9,0.4206954461919777,0.56858855622706,0.43141144377294005
nouvelle_energie,mediatique,5,horizons,12.2,0.4528625158141757,0.5376953644988438,0.4623046355011562
nouvelle_energie,mediatique,5,lr,7.6,0.40557265660237984,0.4752096697283898,0.5247903302716102
nouvelle_energie,mediatique,5,reconquete,5.5,0.2858280715344861,0.37296345085888594,0.6270365491411141
nouvelle_energie,mediatique,5,nouvelle_energie,12.2,0.4133249662581659,0.4855982770023044,0.5144017229976956
nouvelle_energie,mediatique,6,lfi,11.6,0.46,0.5531134196366907,0.4468865803633093
nouvelle_energie,mediatique,6,ps,10.3,0.4198625158141757,0.5799789062861508,0.4200210937138492
nouvelle_energie,mediatique,6,ecologistes,11,0.46,0.6107744144804133,0.38922558551958675
nouvelle_energie,mediatique,6,renaissance,12.3,0.21709699216606843,0.6528573888514828,0.3471426111485172
nouvelle_energie,mediatique,6,lr,9.9,0.3239697035561982,0.5354911865348406,0.4645088134651594
nouvelle_energie,mediatique,6,reconquete,5.8,0.2928280715344861,0.4508336531435642,0.5491663468564358
nouvelle_energie,mediatique,6,nouvelle_energie,10.8,0.3063653596035214,0.5368223836808728,0.46317761631912724
nouvelle_energie,mediatique,7,ps,13.9,0.34673364648694777,0.5262157388578034,0.4737842611421966
nouvelle_energie,mediatique,7,ecologistes,10.5,0.3137082887331051,0.6052040180399472,0.39479598196005283
nouvelle_energie,mediatique,7,renaissance,9.8,0.3395573884604112,0.43771834458328784,0.5622816554167122
nouvelle_energie,mediatique,7,horizons,11.6,0.28370422737400885,0.420984431407462,0.579015568592538
nouvelle_energie,mediatique,7,lr,9,0.1874365095550976,0.33630528024567774,0.6636947197543223
nouvelle_energie,mediatique,7,rn,12.8,0.36409620640295176,0.4146153240595394,0.5853846759404606
nouvelle_energie,mediatique,7,reconquete,4.2,0.37194195475604735,0.3870550835132953,0.6129449164867047
nouvelle_energie,mediatique,8,lfi,10.1,0.46,0.4564772553858061,0.5435227446141939
nouvelle_energie,mediatique,8,ps,11.4,0.4213625158141757,0.42816134795335303,0.571838652046647
nouvelle_energie,mediatique,8,ecologistes,8.9,0.46,0.39974977258318045,0.6002502274168195
nouvelle_energie,mediatique,8,renaissance,12.3,0.26859699216606836,0.4039759191425326,0.5960240808574674
nouvelle_energie,mediatique,8,lr,11.3,0.3254697035561982,0.47484892521031347,0.5251510747896866
nouvelle_energie,mediatique,8,reconquete,8.7,0.24432807153448605,0.6109340677896778,0.38906593221032215
nouvelle_energie,mediatique,8,nouvelle_energie,9.4,0.2846394733955542,0.4542645511771063,0.5457354488228937
nouvelle_energie,mediatique,9,lfi,10.6,0.3524336464869478,0.44195647501776286,0.5580435249822371
nouvelle_energie,mediatique,9,ecologistes,10.6,0.2935538120233696,0.42869996243265734,0.5713000375673427
nouvelle_energie,mediatique,9,renaissance,11.7,0.33132218376795397,0.5229134724598177,0.4770865275401823
nouvelle_energie,mediatique,9,horizons,10.5,0.2274103291699276,0.5979237704805879,0.40207622951941213
nouvelle_energie,mediatique,9,lr,11,0.257518757695956,0.5886380990348714,0.4113619009651286
nouvelle_energie,mediatique,9,rn,12.7,0.3844179573179854,0.57816777231484,0.42183222768516004
nouvelle_energie,mediatique,9,reconquete,3.9,0.396879390772305,0.601766753382805,0.39823324661719495
nouvelle_energie,mediatique,10,lfi,12.1,0.3451336464869478,0.4323299088014093,0.5676700911985907
nouvelle_energie,mediatique,10,ecologistes,6.3,0.2362538120233696,0.3637869588614346,0.6362130411385654
nouvelle_energie,mediatique,10,renaissance,10,0.2869789561979588,0.5685430472154701,0.4314569527845299
nouvelle_energie,mediatique,10,horizons,11.5,0.28124711395122265,0.5398499957246524,0.4601500042753476
nouvelle_energie,mediatique,10,lr,7.5,0.17818328790159943,0.631333546749326,0.36866645325067404
nouvelle_energie,mediatique,10,rn,11.2,0.37723632575678157,0.5693410423432805,0.43065895765671947
nouvelle_energie,mediatique,10,reconquete,5,0.32815131196171365,0.6533994556092759,0.3466005443907241
nouvelle_energie,mediatique,10,reconquete_dissidence_17,9.6,0.37815131196171364,0.5876439431825804,0.4123560568174196
nouvelle_energie,mediatique,11,lfi,10.2,0.46,0.459403782183872,0.540596217816128
nouvelle_energie,mediatique,11,ps,10.9,0.4540511149796013,0.4658665071515257,0.5341334928484742
nouvelle_energie,mediatique,11,ecologistes,12.1,0.46,0.45703522104682015,0.5429647789531798
nouvelle_energie,mediatique,11,renaissance,8.7,0.28840632456467624,0.42639819392225997,0.57360180607774
nouvelle_energie,mediatique,11,horizons,11.8,0.23169356611097536,0.5385123140209712,0.4614876859790288
nouvelle_energie,mediatique,11,rn,11.5,0.29754520625755426,0.4298249478929267,0.5701750521070733
nouvelle_energie,mediatique,11,reconquete,7.1,0.293044542999036,0.5402490643333364,0.4597509356666636
nouvelle_energie,mediatique,12,ecologistes,10.1,0.2574538120233696,0.5778898384169934,0.4221101615830066
nouvelle_energie,mediatique,12,renaissance,9,0.39209544619197767,0.5433698584780389,0.45663014152196113
nouvelle_energie,mediatique,12,horizons,13.6,0.4242625158141757,0.5389746941471046,0.46102530585289536
nouvelle_energie,mediatique,12,lr,9.2,0.46,0.5343768398187834,0.46562316018121663
nouvelle_energie,mediatique,12,rn,11,0.46,0.5106660960135814,0.48933390398641863
nouvelle_energie,mediatique,12,reconquete,9.2,0.46,0.5170367867015953,0.48296321329840475
nouvelle_energie,mediatique,12,nouvelle_energie,9.1,0.46,0.5414340716437299,0.4585659283562701
nouvelle_energie,mediatique,13,lfi,10.6,0.34473364648694776,0.49512679259634157,0.5048732074036584
nouvelle_energie,mediatique,13,renaissance,8.6,0.37049544619197766,0.5043422310169955,0.4956577689830045
nouvelle_energie,mediatique,13,horizons,9.9,0.40266251581417567,0.5081448851278675,0.4918551148721325
nouvelle_energie,mediatique,13,lr,10.5,0.46,0.5148576613769292,0.48514233862307077
nouvelle_energie,mediatique,13,rn,12.8,0.46,0.5198610615556977,0.48013893844430233
nouvelle_energie,mediatique,13,reconquete,9.4,0.46,0.521590257909084,0.478409742090916
nouvelle_energie,mediatique,13,nouvelle_energie,10.4,0.46,0.5146447591334109,0.4853552408665891
nouvelle_energie,mediatique,14,lfi,12.1,0.46,0.45009521064528035,0.5499047893547196
nouvelle_energie,mediatique,14,ps,13.3,0.4226625158141757,0.422455484597594,0.5775445154024059
nouvelle_energie,mediatique,14,ecologistes,9.8,0.46,0.3919758626288158,0.6080241373711842
nouvelle_energie,mediatique,14,renaissance,10.3,0.26989699216606833,0.3984420803153388,0.6015579196846612
nouvelle_energie,mediatique,14,lr,9.8,0.2767697035561982,0.4131012995042448,0.5868987004957552
nouvelle_energie,mediatique,14,reconquete,5.4,0.295628071534486,0.5486299989351583,0.4513700010648417
nouvelle_energie,mediatique,14,nouvelle_energie,10.7,0.2989156194129201,0.4530582434224478,0.5469417565775522
nouvelle_energie,mediatique,15,ps,12.3,0.3842336464869478,0.3979397359818928,0.6020602640181072
nouvelle_energie,mediatique,15,ecologistes,8.9,0.4012082887331051,0.3558341024696531,0.6441658975303469
nouvelle_energie,mediatique,15,renaissance,9.7,0.46,0.47665517073914937,0.5233448292608507
nouvelle_energie,mediatique,15,horizons,11.5,0.46,0.5042839834903056,0.49571601650969443
nouvelle_energie,mediatique,15,lr,10.8,0.39487265660237986,0.5623415363932789,0.4376584636067211
nouvelle_energie,mediatique,15,reconquete,5.5,0.3151280715344861,0.6214345976187707,0.37856540238122927
nouvelle_energie,mediatique,15,nouvelle_energie,12.6,0.3892665503387019,0.5567527155298359,0.44324728447016415
nouvelle_energie,mediatique,16,lfi,10.9,0.46,0.4405132239553766,0.5594867760446234
nouvelle_energie,mediatique,16,ps,12.5,0.46,0.4241384494309064,0.5758615505690936
nouvelle_energie,mediatique,16,ecologistes,10.8,0.46,0.399431736458308,0.600568263541692
nouvelle_energie,mediatique,16,renaissance,11.6,0.3688696504301597,0.41658776058054797,0.5834122394194521
nouvelle_energie,mediatique,16,horizons,9.2,0.3145958427270242,0.42596348388616756,0.5740365161138324
nouvelle_energie,mediatique,16,lr,11.6,0.26103474591044784,0.4415148688272779,0.5584851311727221
nouvelle_energie,mediatique,16,reconquete,7.6,0.24502807153448608,0.5556126463160932,0.4443873536839068
nouvelle_energie,mediatique,17,lfi,9.5,0.3933336464869478,0.6129771884618207,0.3870228115381793
nouvelle_energie,mediatique,17,ecologistes,10.7,0.33445381202336966,0.6675128873149547,0.33248711268504527
nouvelle_energie,mediatique,17,renaissance,10.5,0.4190954461919777,0.5672803977075616,0.43271960229243844
nouvelle_energie,mediatique,17,horizons,8.6,0.45126251581417576,0.5357882923836786,0.46421170761632136
nouvelle_energie,mediatique,17,lr,12,0.4039726566023799,0.4720283330371643,0.5279716669628357
nouvelle_energie,mediatique,17,reconquete,7.9,0.3242280715344861,0.3954134739437597,0.6045865260562403
nouvelle_energie,mediatique,17,nouvelle_energie,12.9,0.4287886675547443,0.4959864231444718,0.5040135768555283
nouvelle_energie,mediatique,18,lfi,9.3,0.34373364648694776,0.6608969892176237,0.33910301078237626
nouvelle_energie,mediatique,18,ecologistes,12,0.3348538120233696,0.6600021067835957,0.3399978932164043
nouvelle_energie,mediatique,18,renaissance,11.6,0.41949544619197765,0.5615305358656192,0.4384694641343808
nouvelle_energie,mediatique,18,horizons,10.7,0.4516625158141757,0.5303752188342231,0.4696247811657769
nouvelle_energie,mediatique,18,lr,12.3,0.3543726566023799,0.4038468748253897,0.5961531251746103
nouvelle_energie,mediatique,18,reconquete,8.1,0.28462807153448605,0.3646687999581687,0.6353312000418313
nouvelle_energie,mediatique,18,nouvelle_energie,10,0.4255374511888165,0.4714497338385801,0.5285502661614199
nouvelle_energie,mediatique,19,lfi,8.7,0.46,0.5011583332777009,0.4988416667222991
nouvelle_energie,mediatique,19,ps,10.1,0.3655954461919777,0.48659773445849763,0.5134022655415024
nouvelle_energie,mediatique,19,ecologistes,10.8,0.42603983584658967,0.4758814656477637,0.5241185343522363
nouvelle_energie,mediatique,19,horizons,9.3,0.2049969921660684,0.4637248874161966,0.5362751125838034
nouvelle_energie,mediatique,19,lr,11.2,0.2329450614191439,0.5418990726599153,0.4581009273400847
nouvelle_energie,mediatique,19,rn,13,0.3477638495349815,0.5587778201554328,0.44122217984456724
nouvelle_energie,mediatique,19,reconquete,6.7,0.3636602118581294,0.5653501251108427,0.4346498748891573
nouvelle_energie,contrarien,0,lfi,10,0.3759082887331051,0.3878850143060255,0.6121149856939745
nouvelle_energie,contrarien,0,ps,10.2,0.2500538120233696,0.3223446784407107,0.6776553215592893
nouvelle_energie,contrarien,0,renaissance,9.2,0.44513983584658967,0.44000363677191356,0.5599963632280864
nouvelle_energie,contrarien,0,horizons,11,0.455766785515875,0.47538153567829694,0.5246184643217031
nouvelle_energie,contrarien,0,lr,12.9,0.36957265660237987,0.5458223202493286,0.45417767975067136
nouvelle_energie,contrarien,0,reconquete,7.7,0.2398280715344861,0.683910214821595,0.316089785178405
nouvelle_energie,contrarien,0,nouvelle_energie,12.2,0.39116011103383796,0.5336199392216101,0.4663800607783899
nouvelle_energie,contrarien,1,lfi,9.8,0.46,0.4440068929495217,0.5559931070504782
nouvelle_energie,contrarien,1,ps,10.8,0.41139544619197765,0.41212692107270343,0.5878730789272966
nouvelle_energie,contrarien,1,ecologistes,12,0.46,0.37704852737938643,0.6229514726206136
nouvelle_energie,contrarien,1,horizons,12.7,0.24079699216606837,0.370358933873119,0.629641066126881
nouvelle_energie,contrarien,1,lr,10.5,0.39627265660237987,0.4897200015864431,0.5102799984135569
nouvelle_energie,contrarien,1,reconquete,5.2,0.26652807153448604,0.6295538803919274,0.3704461196080726
nouvelle_energie,contrarien,1,nouvelle_energie,12.8,0.3751609645760009,0.47368954587152207,0.526310454128478
nouvelle_energie,contrarien,2,ps,10.7,0.33173364648694786,0.3371287842022645,0.6628712157977354
nouvelle_energie,contrarien,2,ecologistes,12,0.39870828873310515,0.35155792158908017,0.6484420784109198
nouvelle_energie,contrarien,2,renaissance,11.5,0.46,0.4707240669716672,0.5292759330283328
nouvelle_energie,contrarien,2,horizons,11.7,0.46,0.49892998800761695,0.501070011992383
nouvelle_energie,contrarien,2,lr,8.6,0.39237265660237985,0.557756274645073,0.44224372535492695
nouvelle_energie,contrarien,2,reconquete,7.9,0.31262807153448613,0.6158157389231107,0.3841842610768893
nouvelle_energie,contrarien,2,nouvelle_energie,12.2,0.4141772931543152,0.5420623181446798,0.45793768185532024
nouvelle_energie,contrarien,3,lfi,12.8,0.2981336464869478,0.39161652687035875,0.6083834731296413
nouvelle_energie,contrarien,3,ecologistes,7,0.2892538120233696,0.4244959220615345,0.5755040779384655
nouvelle_energie,contrarien,3,renaissance,13.3,0.30015059822306783,0.5537084599068746,0.44629154009312544
nouvelle_energie,contrarien,3,horizons,10.3,0.23279678026662776,0.5964230577988671,0.40357694220113294
nouvelle_energie,contrarien,3,lr,10.6,0.23241408642701228,0.5932694628995354,0.4067305371004646
nouvelle_energie,contrarien,3,rn,13,0.38692580183710373,0.5767507205265705,0.4232492794734295
nouvelle_energie,contrarien,3,reconquete,4.6,0.3826999446290063,0.6032454804776645,0.39675451952233554
nouvelle_energie,contrarien,4,lfi,9.3,0.3539336464869478,0.5505658233680579,0.4494341766319421
nouvelle_energie,contrarien,4,ecologistes,10.2,0.2050538120233696,0.6338467981274929,0.3661532018725071
nouvelle_energie,contrarien,4,renaissance,10.9,0.3125889906952465,0.4420801218644296,0.5579198781355704
nouvelle_energie,contrarien,4,horizons,12.3,0.29463296130879796,0.44552167858333247,0.5544783214166675
nouvelle_energie,contrarien,4,lr,11.9,0.1937933424852551,0.36162106161629715,0.6383789383837029
nouvelle_energie,contrarien,4,rn,13,0.362806834467961,0.3951362982226438,0.6048637017773562
nouvelle_energie,contrarien,4,reconquete,3.8,0.3914335128945778,0.3950936625253498,0.6049063374746502
nouvelle_energie,contrarien,5,ecologistes,8.5,0.30745381202336963,0.4754803051153371,0.5245196948846629
nouvelle_energie,contrarien,5,renaissance,10.7,0.39209544619197767,0.4601227778854925,0.5398772221145075
nouvelle_energie,contrarien,5,horizons,11.4,0.42426251581417573,0.4647216996199144,0.5352783003800856
nouvelle_energie,contrarien,5,lr,10.7,0.46,0.4701228708385536,0.5298771291614464
nouvelle_energie,contrarien,5,rn,11.9,0.46,0.4942620009778926,0.5057379990221074
nouvelle_energie,contrarien,5,reconquete,7.3,0.46,0.4889197094919112,0.5110802905080888
nouvelle_energie,contrarien,5,nouvelle_energie,12.6,0.46,0.4663770720247163,0.5336229279752838
nouvelle_energie,contrarien,6,lfi,11.2,0.46,0.4467239619400927,0.5532760380599073
nouvelle_energie,contrarien,6,ps,11.7,0.4203625158141757,0.4195931739144213,0.5804068260855787
nouvelle_energie,contrarien,6,ecologistes,11.1,0.46,0.38824966172815534,0.6117503382718447
nouvelle_energie,contrarien,6,renaissance,10.6,0.21759699216606837,0.3456477230804378,0.6543522769195622
nouvelle_energie,contrarien,6,lr,9.8,0.2744697035561982,0.4138151404750515,0.5861848595249485
nouvelle_energie,contrarien,6,reconquete,3.1,0.29332807153448603,0.5465959342395967,0.45340406576040326
nouvelle_energie,contrarien,6,nouvelle_energie,11.5,0.2882466723478152,0.44635848279001417,0.5536415172099858
nouvelle_energie,contrarien,7,lfi,13,0.3675336464869478,0.5982725451470876,0.4017274548529124
nouvelle_energie,contrarien,7,ecologistes,12.2,0.26865381202336963,0.6470342929589337,0.35296570704106633
nouvelle_energie,contrarien,7,renaissance,9.3,0.3875291016103894,0.5101790616577733,0.48982093834222673
nouvelle_energie,contrarien,7,horizons,12.1,0.3295697035561982,0.48119216049123653,0.5188078395087634
nouvelle_energie,contrarien,7,rn,10.2,0.37817265660237986,0.44423594040359077,0.5557640595964093
nouvelle_energie,contrarien,7,reconquete,3.8,0.371644542999036,0.41720181335752893,0.5827981866424711
nouvelle_energie,contrarien,7,nouvelle_energie,9.8,0.27252352481097,0.43687805347596914,0.5631219465240309
nouvelle_energie,contrarien,8,ps,11.8,0.3367336464869478,0.47217583807351204,0.527824161926488
nouvelle_energie,contrarien,8,ecologistes,13.2,0.3537082887331051,0.4560867328914923,0.5439132671085076
nouvelle_energie,contrarien,8,renaissance,8.5,0.19189699216606837,0.6262984872784196,0.37370151272158036
nouvelle_energie,contrarien,8,lr,9,0.24876970355619815,0.6423894897073071,0.35761051029269286
nouvelle_energie,contrarien,8,rn,11.3,0.433566785515875,0.54244310090446,0.45755689909554
nouvelle_energie,contrarien,8,reconquete,7.3,0.44860053285801404,0.5682386501247598,0.4317613498752402
nouvelle_energie,contrarien,8,nouvelle_energie,9,0.27980385217375947,0.5899325560986797,0.4100674439013203
nouvelle_energie,contrarien,9,lfi,12,0.46,0.5732214166435611,0.4267785833564389
nouvelle_energie,contrarien,9,ps,12.2,0.46,0.5883249967336739,0.4116750032663261
nouvelle_energie,contrarien,9,ecologistes,10.7,0.46,0.6122498098424176,0.3877501901575824
nouvelle_energie,contrarien,9,renaissance,8.8,0.262125652388861,0.6645562220497426,0.33544377795025737
nouvelle_energie,contrarien,9,horizons,9.2,0.29610155155572626,0.5880597720504781,0.4119402279495219
nouvelle_energie,contrarien,9,lr,9.3,0.2533355018807596,0.5718780563502517,0.4281219436497483
nouvelle_energie,contrarien,9,reconquete,8.8,0.29682807153448604,0.5026637567027871,0.49733624329721293
nouvelle_energie,contrarien,10,ps,13.8,0.3800336464869478,0.4000015685676846,0.5999984314323155
nouvelle_energie,contrarien,10,ecologistes,8.8,0.3970082887331051,0.35774930440573105,0.642250695594269
nouvelle_energie,contrarien,10,renaissance,8.5,0.46,0.47597472356859805,0.524025276431402
nouvelle_energie,contrarien,10,horizons,10.7,0.46,0.5037320150734708,0.49626798492652924
nouvelle_energie,contrarien,10,lr,9.8,0.3906726566023798,0.5620022067913977,0.4379977932086023
nouvelle_energie,contrarien,10,reconquete,6.8,0.3109280715344861,0.6222093877211938,0.37779061227880617
nouvelle_energie,contrarien,10,nouvelle_energie,12.4,0.408112675539277,0.5472193874565336,0.45278061254346635
nouvelle_energie,contrarien,11,lfi,12.2,0.3943336464869478,0.6092808162799389,0.3907191837200611
nouvelle_energie,contrarien,11,ecologistes,12.3,0.28545381202336956,0.71824857725957,0.28175142274042997
nouvelle_energie,contrarien,11,renaissance,12,0.4200954461919777,0.5676752860472299,0.43232471395277006
nouvelle_energie,contrarien,11,horizons,11.4,0.45226251581417565,0.536267685857418,0.463732314142582
nouvelle_energie,contrarien,11,lr,11,0.4049726566023798,0.4726971243074674,0.5273028756925326
nouvelle_energie,contrarien,11,reconquete,4.8,0.3252280715344861,0.3963099147381136,0.6036900852618864
nouvelle_energie,contrarien,11,nouvelle_energie,9.6,0.4090651055987302,0.49211624693096967,0.5078837530690303
nouvelle_energie,contrarien,12,ps,10.7,0.2867336464869478,0.4207649195431231,0.5792350804568769
nouvelle_energie,contrarien,12,ecologistes,9.3,0.3037082887331051,0.4007300029727232,0.5992699970272768
nouvelle_energie,contrarien,12,renaissance,13.4,0.20189699216606838,0.6020051953477106,0.3979948046522894
nouvelle_energie,contrarien,12,lr,8.4,0.29876970355619814,0.5901189761467616,0.40988102385323844
nouvelle_energie,contrarien,12,rn,9.4,0.433566785515875,0.5447247445324993,0.4552752554675007
nouvelle_energie,contrarien,12,reconquete,9.3,0.44860053285801404,0.5708066925115134,0.4291933074884866
nouvelle_energie,contrarien,12,nouvelle_energie,11.6,0.2707963943678163,0.5845929176252905,0.41540708237470947
nouvelle_energie,contrarien,13,lfi,10.1,0.3933336464869478,0.38298458481682507,0.6170154151831749
nouvelle_energie,contrarien,13,ecologistes,10.5,0.28445381202336956,0.2762119514968485,0.7237880485031515
nouvelle_energie,contrarien,13,renaissance,11.5,0.4190954461919777,0.42689939973569196,0.573100600264308
nouvelle_energie,contrarien,13,horizons,12.2,0.45126251581417565,0.4584904787973054,0.5415095212026946
nouvelle_energie,contrarien,13,lr,12.7,0.4039726566023798,0.5221893340718384,0.47781066592816157
nouvelle_energie,contrarien,13,reconquete,5.8,0.3242280715344861,0.5967213656715431,0.4032786343284569
nouvelle_energie,contrarien,13,nouvelle_energie,8.6,0.4079707741866714,0.5121344648686136,0.4878655351313864
nouvelle_energie,contrarien,14,lfi,10.9,0.3536336464869478,0.4560310573937203,0.5439689426062797
nouvelle_energie,contrarien,14,ecologistes,11.2,0.2947538120233696,0.4243736489568505,0.5756263510431495
nouvelle_energie,contrarien,14,renaissance,8.6,0.3240951268647429,0.5267837079254186,0.4732162920745814
nouvelle_energie,contrarien,14,horizons,11.2,0.2696124082146867,0.5495228921973232,0.4504771078026768
nouvelle_energie,contrarien,14,lr,11.4,0.22015517881917746,0.6346148332416754,0.36538516675832455
nouvelle_energie,contrarien,14,rn,11.6,0.3899294264050121,0.5746706034901847,0.42532939650981527
nouvelle_energie,contrarien,14,reconquete,4.7,0.4032753659133857,0.5984269170390814,0.40157308296091865
nouvelle_energie,contrarien,15,ps,11.8,0.38073364648694785,0.3987172610462745,0.6012827389537255
nouvelle_energie,contrarien,15,ecologistes,11,0.39770828873310515,0.35601573686882987,0.6439842631311701
nouvelle_energie,contrarien,15,renaissance,9.3,0.46,0.47491408316717343,0.5250859168328266
nouvelle_energie,contrarien,15,horizons,11.4,0.46,0.5028682866028917,0.49713171339710827
nouvelle_energie,contrarien,15,lr,13.1,0.39137265660237985,0.5614625063015215,0.4385374936984785
nouvelle_energie,contrarien,15,reconquete,3.9,0.31162807153448613,0.6192232451935086,0.3807767548064914
nouvelle_energie,contrarien,15,nouvelle_energie,10.4,0.40771619985492735,0.5446570755368549,0.45534292446314506
nouvelle_energie,contrarien,16,ps,10.4,0.3079336464869478,0.4328548716790732,0.5671451283209268
nouvelle_energie,contrarien,16,ecologistes,8.4,0.3249082887331051,0.41757773205568915,0.5824222679443108
nouvelle_energie,contrarien,16,horizons,10.7,0.17309699216606841,0.6521878777635968,0.34781212223640323
nouvelle_energie,contrarien,16,lr,12.2,0.3279291016103894,0.6327780400150531,0.3672219599849469
nouvelle_energie,contrarien,16,rn,13.1,0.46,0.5266048560754896,0.47339514392451043
nouvelle_energie,contrarien,16,reconquete,6.9,0.46,0.5499370545401618,0.45006294545983816
nouvelle_energie,contrarien,16,nouvelle_energie,11.3,0.3163182152300074,0.6162766582164609,0.38372334178353906
nouvelle_energie,contrarien,17,lfi,12.6,0.46,0.4337920119116513,0.5662079880883487
nouvelle_energie,contrarien,17,ps,10.9,0.45077511252882235,0.4176752748149991,0.5823247251850009
nouvelle_energie,contrarien,17,ecologistes,12.6,0.46,0.39170404578531337,0.6082959542146866
nouvelle_energie,contrarien,17,renaissance,9.7,0.256155847758917,0.3401422085457908,0.6598577914542092
nouvelle_energie,contrarien,17,horizons,10.5,0.2443530309449356,0.3700867317428646,0.6299132682571353
nouvelle_energie,contrarien,17,lr,9.6,0.24422855609718247,0.3989137043043892,0.6010862956956108
nouvelle_energie,contrarien,17,reconquete,4,0.3060280715344861,0.5127322298386532,0.4872677701613468
nouvelle_energie,contrarien,18,ps,11.9,0.3833336464869478,0.6034240817837517,0.39657591821624827
nouvelle_energie,contrarien,18,ecologistes,7.6,0.4003082887331051,0.6473800720915641,0.3526199279084359
nouvelle_energie,contrarien,18,renaissance,11.5,0.46,0.5292029668297037,0.4707970331702963
nouvelle_energie,contrarien,18,horizons,11.4,0.46,0.5012200832422392,0.4987799167577608
nouvelle_energie,contrarien,18,lr,11.3,0.39397265660237984,0.4428303645048666,0.5571696354951334
nouvelle_energie,contrarien,18,reconquete,7.6,0.2642280715344861,0.33328864546881276,0.6667113545311872
nouvelle_energie,contrarien,18,nouvelle_energie,11.2,0.36315639086294654,0.410890301095906,0.589109698904094
nouvelle_energie,contrarien,19,lfi,12.4,0.3458336464869478,0.43528737980248944,0.5647126201975106
nouvelle_energie,contrarien,19,ecologistes,7.9,0.2869538120233696,0.43016177255494453,0.5698382274450555
nouvelle_energie,contrarien,19,renaissance,13.1,0.20099699216606842,0.58665400938,0.41334599062
nouvelle_energie,contrarien,19,lr,12.6,0.2578697035561982,0.6162631820828481,0.38373681791715186
nouvelle_energie,contrarien,19,rn,11.5,0.442666785515875,0.5379163299484829,0.46208367005151707
nouvelle_energie,contrarien,19,reconquete,4.3,0.4577005328580141,0.5591370567505105,0.4408629432494895
nouvelle_energie,contrarien,19,nouvelle_energie,10,0.26362342895240803,0.5603388689277425,0.43966113107225746
