runKey,decisionIndex,kind,partyId,maxShockPoints,crossesActiveSetBoundary
lfi:aleatoire:0,16,strategic_withdrawal,reconquete,3.871,false
lfi:aleatoire:4,20,withdrawal,reconquete,2.455,false
lfi:aleatoire:6,20,withdrawal,reconquete,2.987,false
lfi:aleatoire:8,18,strategic_withdrawal,reconquete,3.945,false
lfi:aleatoire:12,17,strategic_withdrawal,reconquete,3.683,false
lfi:aleatoire:13,14,withdrawal,reconquete,3.771,false
lfi:aleatoire:16,19,strategic_withdrawal,reconquete,3.626,false
lfi:aleatoire:22,17,withdrawal,reconquete,2.93,false
lfi:aleatoire:23,21,withdrawal,reconquete,3.491,false
lfi:aleatoire:24,20,strategic_withdrawal,reconquete,3.169,false
lfi:aleatoire:26,13,strategic_withdrawal,reconquete,3.66,false
lfi:aleatoire:29,18,strategic_withdrawal,reconquete,3.724,false
lfi:aleatoire:30,18,strategic_withdrawal,reconquete,3.763,false
lfi:aleatoire:32,15,withdrawal,reconquete,3.522,true
lfi:aleatoire:33,17,withdrawal,reconquete,3.757,false
lfi:aleatoire:36,17,withdrawal,reconquete,3.391,false
lfi:aleatoire:41,23,withdrawal,reconquete,37.053,true
lfi:aleatoire:42,19,withdrawal,reconquete,3.42,false
lfi:aleatoire:47,14,withdrawal,reconquete,3.514,false
lfi:aleatoire:49,17,withdrawal,reconquete,3.585,false
lfi:aleatoire:51,21,strategic_withdrawal,reconquete,3.211,false
lfi:aleatoire:52,19,withdrawal,rn,12.772,false
lfi:aleatoire:54,17,withdrawal,reconquete,3.925,false
lfi:aleatoire:56,14,withdrawal,reconquete,3.809,false
lfi:aleatoire:62,16,withdrawal,reconquete,3.789,false
lfi:aleatoire:67,21,strategic_withdrawal,reconquete,3.366,false
lfi:aleatoire:68,14,withdrawal,reconquete,3.938,false
lfi:aleatoire:71,19,withdrawal,reconquete,3.051,false
lfi:aleatoire:79,13,strategic_withdrawal,reconquete,3.554,false
lfi:aleatoire:80,15,strategic_withdrawal,reconquete,3.601,true
lfi:aleatoire:86,14,strategic_withdrawal,reconquete,3.681,false
lfi:aleatoire:90,19,withdrawal,reconquete,3.138,false
lfi:aleatoire:93,22,withdrawal,reconquete,3.499,false
lfi:aleatoire:98,11,strategic_withdrawal,reconquete,3.592,false
lfi:aleatoire:102,19,withdrawal,reconquete,3.184,false
lfi:aleatoire:110,13,withdrawal,reconquete,3.355,false
lfi:aleatoire:112,14,strategic_withdrawal,reconquete,3.403,false
lfi:aleatoire:118,12,strategic_withdrawal,reconquete,3.638,false
lfi:aleatoire:124,14,withdrawal,ps,12.514,false
lfi:aleatoire:128,15,strategic_withdrawal,reconquete,3.725,true
lfi:aleatoire:135,19,withdrawal,reconquete,3.346,false
lfi:aleatoire:137,16,withdrawal,reconquete,3.308,false
lfi:aleatoire:139,16,strategic_withdrawal,reconquete,3.683,false
lfi:aleatoire:142,20,strategic_withdrawal,reconquete,3.45,false
lfi:aleatoire:145,16,withdrawal,reconquete,3.417,false
lfi:aleatoire:147,17,withdrawal,reconquete,3.59,false
lfi:prudent:2,20,strategic_withdrawal,reconquete,3.4,false
lfi:prudent:3,15,withdrawal,reconquete,3.44,true
lfi:prudent:4,19,strategic_withdrawal,reconquete,3.311,false
lfi:prudent:8,16,withdrawal,reconquete,3.569,false
lfi:prudent:9,14,withdrawal,reconquete,3.582,false
lfi:prudent:10,13,withdrawal,reconquete,3.242,false
lfi:prudent:11,16,strategic_withdrawal,reconquete,3.717,false
lfi:prudent:14,20,strategic_withdrawal,reconquete,3.076,false
lfi:prudent:21,22,withdrawal,reconquete,2.834,false
lfi:prudent:22,19,strategic_withdrawal,reconquete,3.306,false
lfi:prudent:28,20,strategic_withdrawal,ecologistes,7.457,false
lfi:prudent:30,13,withdrawal,reconquete,3.644,false
lfi:prudent:31,13,withdrawal,reconquete,3.788,false
lfi:prudent:38,21,withdrawal,reconquete,3.523,false
lfi:prudent:40,15,withdrawal,reconquete,3.452,true
lfi:prudent:41,16,withdrawal,reconquete,3.523,false
lfi:prudent:45,14,withdrawal,reconquete,3.659,false
lfi:prudent:46,13,strategic_withdrawal,reconquete,3.145,false
lfi:prudent:47,18,strategic_withdrawal,reconquete,3.396,false
lfi:prudent:51,12,strategic_withdrawal,reconquete,3.562,false
lfi:prudent:53,18,withdrawal,reconquete,2.95,false
lfi:prudent:54,13,strategic_withdrawal,reconquete,3.095,false
lfi:prudent:55,11,strategic_withdrawal,reconquete,3.495,false
lfi:prudent:57,14,strategic_withdrawal,reconquete,3.1,false
lfi:prudent:60,23,withdrawal,reconquete,44.636,true
lfi:prudent:63,21,strategic_withdrawal,reconquete,3.331,false
lfi:prudent:64,18,strategic_withdrawal,reconquete,3.392,false
lfi:prudent:66,20,withdrawal,reconquete,3.232,false
lfi:prudent:68,23,withdrawal,rn,40.403,true
lfi:prudent:70,12,strategic_withdrawal,ecologistes,8.494,false
lfi:prudent:71,16,strategic_withdrawal,reconquete,3.773,false
lfi:prudent:73,15,withdrawal,reconquete,3.475,false
lfi:prudent:80,20,strategic_withdrawal,reconquete,3.382,false
lfi:prudent:82,16,withdrawal,reconquete,3.588,false
lfi:prudent:86,18,strategic_withdrawal,reconquete,3.386,false
lfi:prudent:89,22,withdrawal,reconquete,2.906,false
lfi:prudent:97,19,strategic_withdrawal,reconquete,3.373,false
lfi:prudent:99,15,withdrawal,reconquete,3.575,true
lfi:prudent:105,18,withdrawal,reconquete,3.291,false
lfi:prudent:106,21,withdrawal,reconquete,3.296,false
lfi:prudent:111,17,strategic_withdrawal,reconquete,3.461,false
lfi:prudent:114,14,withdrawal,reconquete,3.674,false
lfi:prudent:117,13,withdrawal,reconquete,3.629,false
lfi:prudent:125,18,withdrawal,reconquete,3.496,false
lfi:prudent:128,18,withdrawal,reconquete,3.392,false
lfi:prudent:132,18,withdrawal,reconquete,3.61,false
lfi:prudent:134,19,withdrawal,reconquete,3.405,false
lfi:prudent:135,16,withdrawal,reconquete,3.582,true
lfi:prudent:136,17,withdrawal,reconquete,3.998,false
lfi:prudent:138,16,strategic_withdrawal,reconquete,3.328,false
lfi:prudent:139,20,strategic_withdrawal,ecologistes,7.879,false
lfi:prudent:143,19,withdrawal,reconquete,3.319,false
lfi:prudent:147,14,strategic_withdrawal,reconquete,3.551,false
lfi:prudent:148,14,withdrawal,reconquete,3.257,false
lfi:prudent:149,17,withdrawal,reconquete,3.414,false
lfi:risque:3,20,withdrawal,reconquete,3.266,false
lfi:risque:12,15,withdrawal,reconquete,3.625,true
lfi:risque:14,16,strategic_withdrawal,reconquete,3.289,false
lfi:risque:18,15,withdrawal,reconquete,3.511,false
lfi:risque:21,15,strategic_withdrawal,reconquete,3.516,true
lfi:risque:23,19,withdrawal,reconquete,3.273,false
lfi:risque:27,16,strategic_withdrawal,reconquete,3.379,false
lfi:risque:31,15,strategic_withdrawal,reconquete,3.538,true
lfi:risque:37,14,withdrawal,reconquete,3.125,false
lfi:risque:40,16,withdrawal,reconquete,3.841,true
lfi:risque:43,14,strategic_withdrawal,reconquete,3.237,false
lfi:risque:45,20,strategic_withdrawal,reconquete,3.243,false
lfi:risque:47,17,strategic_withdrawal,reconquete,3.374,false
lfi:risque:48,22,withdrawal,reconquete,3.445,false
lfi:risque:50,17,strategic_withdrawal,ecologistes,7.844,false
lfi:risque:50,18,strategic_withdrawal,reconquete,3.395,false
lfi:risque:51,20,withdrawal,reconquete,3.344,false
lfi:risque:53,21,withdrawal,reconquete,3.526,false
lfi:risque:57,13,withdrawal,reconquete,3.803,false
lfi:risque:62,14,strategic_withdrawal,reconquete,3.879,false
lfi:risque:64,20,strategic_withdrawal,reconquete,3.365,false
lfi:risque:66,14,withdrawal,reconquete,3.685,false
lfi:risque:74,19,withdrawal,reconquete,3.655,false
lfi:risque:76,17,strategic_withdrawal,reconquete,3.55,false
lfi:risque:82,14,withdrawal,reconquete,3.131,false
lfi:risque:83,14,withdrawal,reconquete,3.491,false
lfi:risque:89,21,strategic_withdrawal,reconquete_dissidence_16,4.605,false
lfi:risque:90,21,withdrawal,ecologistes,6.577,false
lfi:risque:96,14,strategic_withdrawal,reconquete,3.582,false
lfi:risque:104,15,strategic_withdrawal,reconquete,3.78,true
lfi:risque:107,12,strategic_withdrawal,reconquete,3.505,false
lfi:risque:108,22,withdrawal,reconquete,3.643,false
lfi:risque:109,15,withdrawal,reconquete,3.337,true
lfi:risque:112,14,strategic_withdrawal,reconquete,3.809,false
lfi:risque:115,16,strategic_withdrawal,reconquete,3.421,false
lfi:risque:119,19,strategic_withdrawal,reconquete,3.747,false
lfi:risque:121,13,withdrawal,reconquete,3.667,false
lfi:risque:122,15,strategic_withdrawal,ecologistes,8.586,true
lfi:risque:125,14,withdrawal,reconquete,3.169,false
lfi:risque:127,21,strategic_withdrawal,reconquete,3.517,false
lfi:risque:128,21,strategic_withdrawal,reconquete,2.947,false
lfi:risque:129,16,withdrawal,reconquete,3.473,false
lfi:risque:133,14,withdrawal,reconquete,3.395,false
lfi:risque:134,14,withdrawal,reconquete,3.595,false
lfi:risque:136,14,strategic_withdrawal,reconquete,3.427,false
lfi:risque:137,20,strategic_withdrawal,reconquete,3.51,false
lfi:risque:140,19,withdrawal,reconquete,3.831,false
lfi:risque:143,15,strategic_withdrawal,reconquete,3.489,true
lfi:risque:146,15,withdrawal,reconquete,3.581,true
lfi:risque:147,13,withdrawal,reconquete,3.508,false
lfi:ideologiquement_coherent:0,15,withdrawal,reconquete,3.383,true
lfi:ideologiquement_coherent:6,23,withdrawal,reconquete,38.358,true
lfi:ideologiquement_coherent:7,13,strategic_withdrawal,reconquete,3.279,false
lfi:ideologiquement_coherent:8,14,withdrawal,reconquete,3.351,false
lfi:ideologiquement_coherent:9,16,strategic_withdrawal,reconquete,3.698,false
lfi:ideologiquement_coherent:10,15,withdrawal,reconquete,3.511,true
lfi:ideologiquement_coherent:11,17,withdrawal,reconquete,3.072,false
lfi:ideologiquement_coherent:13,19,withdrawal,reconquete,3.499,false
lfi:ideologiquement_coherent:17,23,withdrawal,reconquete,38.356,true
lfi:ideologiquement_coherent:18,18,strategic_withdrawal,reconquete,2.976,false
lfi:ideologiquement_coherent:19,20,withdrawal,reconquete,3.045,false
lfi:ideologiquement_coherent:20,16,withdrawal,lr,8.539,false
lfi:ideologiquement_coherent:20,18,withdrawal,reconquete,4.137,false
lfi:ideologiquement_coherent:23,20,withdrawal,reconquete,3.693,false
lfi:ideologiquement_coherent:24,14,strategic_withdrawal,reconquete,3.212,false
lfi:ideologiquement_coherent:28,22,withdrawal,reconquete,3.53,false
lfi:ideologiquement_coherent:29,16,strategic_withdrawal,reconquete,3.357,false
lfi:ideologiquement_coherent:33,17,strategic_withdrawal,reconquete,3.517,false
lfi:ideologiquement_coherent:35,13,strategic_withdrawal,ecologistes,9.084,false
lfi:ideologiquement_coherent:39,21,withdrawal,reconquete,3.265,false
lfi:ideologiquement_coherent:43,22,withdrawal,reconquete,3.135,false
lfi:ideologiquement_coherent:45,19,strategic_withdrawal,reconquete,3.439,false
lfi:ideologiquement_coherent:47,19,withdrawal,reconquete,3.215,false
lfi:ideologiquement_coherent:50,19,withdrawal,reconquete,4.298,false
lfi:ideologiquement_coherent:53,20,withdrawal,reconquete,3.169,false
lfi:ideologiquement_coherent:55,15,strategic_withdrawal,reconquete,3.45,true
lfi:ideologiquement_coherent:57,22,withdrawal,reconquete,3.268,false
lfi:ideologiquement_coherent:59,17,withdrawal,reconquete,3.403,false
lfi:ideologiquement_coherent:61,13,withdrawal,reconquete,3.274,false
lfi:ideologiquement_coherent:64,19,withdrawal,reconquete,3.502,false
lfi:ideologiquement_coherent:65,16,strategic_withdrawal,reconquete,3.641,true
lfi:ideologiquement_coherent:70,19,withdrawal,reconquete,3.649,false
lfi:ideologiquement_coherent:72,17,strategic_withdrawal,reconquete,3.526,false
lfi:ideologiquement_coherent:75,15,strategic_withdrawal,reconquete,3.503,true
lfi:ideologiquement_coherent:79,16,withdrawal,reconquete,3.951,false
lfi:ideologiquement_coherent:81,18,strategic_withdrawal,reconquete,3.326,false
lfi:ideologiquement_coherent:82,16,strategic_withdrawal,reconquete,3.566,false
lfi:ideologiquement_coherent:89,14,withdrawal,reconquete,3.89,false
lfi:ideologiquement_coherent:97,21,strategic_withdrawal,reconquete,3.295,false
lfi:ideologiquement_coherent:100,15,withdrawal,reconquete,3.602,true
lfi:ideologiquement_coherent:107,22,withdrawal,reconquete,2.91,false
lfi:ideologiquement_coherent:114,20,withdrawal,reconquete,3.392,false
lfi:ideologiquement_coherent:118,17,strategic_withdrawal,reconquete,2.999,false
lfi:ideologiquement_coherent:124,21,strategic_withdrawal,reconquete,3.319,false
lfi:ideologiquement_coherent:128,15,withdrawal,reconquete,3.943,true
lfi:ideologiquement_coherent:131,21,withdrawal,reconquete,3.026,false
lfi:ideologiquement_coherent:134,13,withdrawal,reconquete,3.656,false
lfi:ideologiquement_coherent:143,15,withdrawal,reconquete,3.086,true
lfi:ideologiquement_coherent:144,17,strategic_withdrawal,reconquete,3.023,false
lfi:ideologiquement_coherent:146,16,withdrawal,reconquete,3.665,false
lfi:ideologiquement_coherent:148,18,strategic_withdrawal,reconquete,3.396,false
lfi:opportuniste_electoral:5,19,strategic_withdrawal,reconquete,3.757,false
lfi:opportuniste_electoral:6,21,strategic_withdrawal,reconquete,3.267,false
lfi:opportuniste_electoral:7,17,withdrawal,reconquete,3.78,false
lfi:opportuniste_electoral:10,14,withdrawal,reconquete,3.851,false
lfi:opportuniste_electoral:11,23,withdrawal,reconquete,36.872,true
lfi:opportuniste_electoral:13,18,withdrawal,reconquete,3.03,false
lfi:opportuniste_electoral:18,20,withdrawal,reconquete,3.514,false
lfi:opportuniste_electoral:19,21,withdrawal,reconquete,3.421,false
lfi:opportuniste_electoral:20,17,withdrawal,reconquete,2.954,false
lfi:opportuniste_electoral:24,21,strategic_withdrawal,reconquete_dissidence_18,4.403,false
lfi:opportuniste_electoral:26,16,strategic_withdrawal,reconquete,3.625,false
lfi:opportuniste_electoral:27,15,strategic_withdrawal,reconquete,3.405,false
lfi:opportuniste_electoral:33,21,strategic_withdrawal,reconquete,2.451,false
lfi:opportuniste_electoral:35,12,strategic_withdrawal,reconquete,3.467,false
lfi:opportuniste_electoral:37,16,withdrawal,reconquete,3.677,false
lfi:opportuniste_electoral:38,21,withdrawal,reconquete,3.051,false
lfi:opportuniste_electoral:42,18,withdrawal,reconquete,3.501,false
lfi:opportuniste_electoral:43,16,withdrawal,reconquete,3.557,false
lfi:opportuniste_electoral:48,15,strategic_withdrawal,reconquete,3.74,false
lfi:opportuniste_electoral:50,19,strategic_withdrawal,reconquete,3.205,false
lfi:opportuniste_electoral:54,13,strategic_withdrawal,reconquete,3.437,false
lfi:opportuniste_electoral:56,19,strategic_withdrawal,reconquete,3.659,false
lfi:opportuniste_electoral:63,15,withdrawal,reconquete,3.36,true
lfi:opportuniste_electoral:71,14,withdrawal,reconquete,3.503,false
lfi:opportuniste_electoral:73,22,withdrawal,reconquete,3.015,false
lfi:opportuniste_electoral:75,16,strategic_withdrawal,reconquete,3.538,false
lfi:opportuniste_electoral:76,11,strategic_withdrawal,reconquete,3.37,false
lfi:opportuniste_electoral:77,21,strategic_withdrawal,reconquete,3.648,false
lfi:opportuniste_electoral:78,17,withdrawal,reconquete,3.098,false
lfi:opportuniste_electoral:80,20,withdrawal,reconquete,3.175,false
lfi:opportuniste_electoral:82,16,strategic_withdrawal,reconquete,3.797,false
lfi:opportuniste_electoral:85,19,withdrawal,reconquete,3.259,false
lfi:opportuniste_electoral:92,19,withdrawal,reconquete,3.13,false
lfi:opportuniste_electoral:97,13,withdrawal,reconquete,3.672,false
lfi:opportuniste_electoral:98,21,withdrawal,reconquete,3.223,false
lfi:opportuniste_electoral:99,15,withdrawal,reconquete,3.589,true
lfi:opportuniste_electoral:100,23,withdrawal,reconquete,38.762,true
lfi:opportuniste_electoral:103,17,withdrawal,reconquete,3.668,false
lfi:opportuniste_electoral:105,16,withdrawal,reconquete,2.478,false
lfi:opportuniste_electoral:109,15,withdrawal,reconquete,4.207,true
lfi:opportuniste_electoral:110,23,withdrawal,reconquete,35.214,true
lfi:opportuniste_electoral:111,13,strategic_withdrawal,reconquete,3.708,false
lfi:opportuniste_electoral:112,23,withdrawal,reconquete,43.26,true
lfi:opportuniste_electoral:122,18,withdrawal,reconquete,3.462,false
lfi:opportuniste_electoral:123,16,withdrawal,reconquete,3.505,false
lfi:opportuniste_electoral:126,21,withdrawal,reconquete,2.959,false
lfi:opportuniste_electoral:127,18,withdrawal,reconquete,3.114,false
lfi:opportuniste_electoral:133,13,withdrawal,reconquete,3.759,false
lfi:opportuniste_electoral:134,16,withdrawal,reconquete_dissidence_16,1.055,false
lfi:opportuniste_electoral:135,15,withdrawal,reconquete,3.638,true
lfi:opportuniste_electoral:139,20,withdrawal,reconquete,3.266,false
lfi:opportuniste_electoral:146,12,strategic_withdrawal,reconquete,3.651,false
lfi:parti_dabord:1,19,withdrawal,reconquete,3.264,false
lfi:parti_dabord:2,19,strategic_withdrawal,reconquete,3.18,false
lfi:parti_dabord:8,17,strategic_withdrawal,reconquete,3.243,false
lfi:parti_dabord:10,19,withdrawal,reconquete,3.377,false
lfi:parti_dabord:12,17,withdrawal,reconquete,3.626,false
lfi:parti_dabord:13,18,strategic_withdrawal,reconquete,3.279,false
lfi:parti_dabord:18,14,strategic_withdrawal,reconquete,3.646,false
lfi:parti_dabord:19,13,withdrawal,reconquete,3.177,false
lfi:parti_dabord:22,20,withdrawal,reconquete,3.425,false
lfi:parti_dabord:23,17,withdrawal,reconquete,3.015,false
lfi:parti_dabord:25,15,strategic_withdrawal,reconquete,3.76,true
lfi:parti_dabord:29,18,strategic_withdrawal,reconquete,3.227,false
lfi:parti_dabord:37,20,withdrawal,reconquete,3.429,false
lfi:parti_dabord:37,21,withdrawal,rn,12.378,false
lfi:parti_dabord:39,20,withdrawal,reconquete,3.179,false
lfi:parti_dabord:40,20,strategic_withdrawal,reconquete,3.008,false
lfi:parti_dabord:46,14,strategic_withdrawal,reconquete,3.41,false
lfi:parti_dabord:47,18,withdrawal,reconquete,2.885,false
lfi:parti_dabord:48,13,withdrawal,reconquete,3.579,false
lfi:parti_dabord:50,13,withdrawal,reconquete,3.777,false
lfi:parti_dabord:52,23,withdrawal,ps,36.766,true
lfi:parti_dabord:53,18,strategic_withdrawal,reconquete,3.675,false
lfi:parti_dabord:70,15,withdrawal,reconquete,4.053,true
lfi:parti_dabord:70,21,withdrawal,rn,12.382,false
lfi:parti_dabord:71,21,strategic_withdrawal,reconquete,3.294,false
lfi:parti_dabord:76,15,strategic_withdrawal,reconquete,3.442,true
lfi:parti_dabord:77,23,withdrawal,reconquete,37.357,true
lfi:parti_dabord:83,15,withdrawal,reconquete,3.966,false
lfi:parti_dabord:87,13,withdrawal,reconquete,3.578,false
lfi:parti_dabord:91,18,strategic_withdrawal,reconquete,2.88,false
lfi:parti_dabord:92,15,strategic_withdrawal,reconquete,3.41,true
lfi:parti_dabord:93,11,strategic_withdrawal,reconquete,3.848,false
lfi:parti_dabord:98,23,withdrawal,reconquete,39.234,true
lfi:parti_dabord:101,21,strategic_withdrawal,reconquete,3.099,false
lfi:parti_dabord:104,18,strategic_withdrawal,reconquete,3.496,false
lfi:parti_dabord:106,19,withdrawal,reconquete,3.582,false
lfi:parti_dabord:108,16,strategic_withdrawal,reconquete,3.563,false
lfi:parti_dabord:111,23,withdrawal,reconquete,42.886,true
lfi:parti_dabord:112,18,withdrawal,reconquete,3.75,false
lfi:parti_dabord:113,11,strategic_withdrawal,reconquete,3.634,false
lfi:parti_dabord:114,13,withdrawal,reconquete,3.548,false
lfi:parti_dabord:117,14,withdrawal,reconquete,3.46,false
lfi:parti_dabord:121,17,withdrawal,reconquete,3.377,false
lfi:parti_dabord:122,18,strategic_withdrawal,reconquete,4.162,false
lfi:parti_dabord:123,12,strategic_withdrawal,reconquete,3.462,false
lfi:parti_dabord:124,15,withdrawal,reconquete,3.917,true
lfi:parti_dabord:126,20,withdrawal,reconquete,3.18,false
lfi:parti_dabord:134,14,strategic_withdrawal,ecologistes,8.3,false
lfi:parti_dabord:134,21,strategic_withdrawal,reconquete,2.803,false
lfi:parti_dabord:139,19,strategic_withdrawal,reconquete,3.346,false
lfi:parti_dabord:142,20,strategic_withdrawal,reconquete,3.181,false
lfi:parti_dabord:144,15,withdrawal,rn,12.541,true
lfi:parti_dabord:145,20,strategic_withdrawal,reconquete,3.687,false
lfi:parti_dabord:149,17,strategic_withdrawal,reconquete,3.491,false
lfi:mediatique:0,17,withdrawal,reconquete,3.83,false
lfi:mediatique:1,18,strategic_withdrawal,ecologistes,8.729,false
lfi:mediatique:2,14,strategic_withdrawal,reconquete,4.096,false
lfi:mediatique:7,16,withdrawal,reconquete,3.74,false
lfi:mediatique:9,13,withdrawal,reconquete,3.441,false
lfi:mediatique:10,15,withdrawal,reconquete,3.828,true
lfi:mediatique:11,15,withdrawal,reconquete,3.186,true
lfi:mediatique:14,22,withdrawal,reconquete,3.628,false
lfi:mediatique:15,18,withdrawal,reconquete,3.096,false
lfi:mediatique:19,21,withdrawal,reconquete,3.786,false
lfi:mediatique:22,19,withdrawal,reconquete,3.592,false
lfi:mediatique:23,17,withdrawal,reconquete,2.909,false
lfi:mediatique:24,16,withdrawal,reconquete,3.159,false
lfi:mediatique:27,18,withdrawal,reconquete,3.695,false
lfi:mediatique:30,21,withdrawal,reconquete,3.541,false
lfi:mediatique:32,17,strategic_withdrawal,reconquete,3.605,false
lfi:mediatique:33,19,withdrawal,reconquete,3.601,false
lfi:mediatique:37,13,withdrawal,reconquete,3.792,false
lfi:mediatique:38,20,withdrawal,reconquete,2.878,false
lfi:mediatique:39,20,strategic_withdrawal,reconquete,3.576,false
lfi:mediatique:40,19,strategic_withdrawal,reconquete,3.51,false
lfi:mediatique:45,17,strategic_withdrawal,reconquete,3.648,false
lfi:mediatique:48,20,withdrawal,reconquete,3.367,false
lfi:mediatique:52,20,strategic_withdrawal,reconquete,3.129,false
lfi:mediatique:58,15,withdrawal,reconquete,3.384,true
lfi:mediatique:60,18,withdrawal,reconquete,2.833,false
lfi:mediatique:65,19,withdrawal,reconquete,3.656,false
lfi:mediatique:70,17,withdrawal,reconquete,3.594,false
lfi:mediatique:72,21,withdrawal,reconquete,3.608,false
lfi:mediatique:74,18,withdrawal,reconquete,3.206,false
lfi:mediatique:81,14,withdrawal,reconquete,3.65,false
lfi:mediatique:87,23,withdrawal,reconquete,41.99,true
lfi:mediatique:88,23,withdrawal,reconquete,35.691,true
lfi:mediatique:89,14,withdrawal,reconquete,3.866,false
lfi:mediatique:91,14,withdrawal,reconquete,4.06,false
lfi:mediatique:94,23,withdrawal,reconquete,36.437,true
lfi:mediatique:95,20,withdrawal,reconquete,3.682,false
lfi:mediatique:97,17,withdrawal,reconquete,4.081,false
lfi:mediatique:98,16,withdrawal,reconquete,3.829,false
lfi:mediatique:99,19,withdrawal,reconquete,3.688,false
lfi:mediatique:101,18,withdrawal,reconquete,3.846,false
lfi:mediatique:104,20,strategic_withdrawal,reconquete,3.741,false
lfi:mediatique:105,23,withdrawal,reconquete,35.526,true
lfi:mediatique:110,21,strategic_withdrawal,reconquete,3.827,false
lfi:mediatique:111,23,withdrawal,reconquete,37.298,true
lfi:mediatique:112,18,withdrawal,reconquete,3.231,false
lfi:mediatique:117,17,withdrawal,reconquete,3.679,false
lfi:mediatique:119,18,withdrawal,reconquete,3.756,false
lfi:mediatique:122,22,withdrawal,reconquete,3.35,false
lfi:mediatique:123,18,withdrawal,reconquete,3.317,false
lfi:mediatique:127,18,withdrawal,reconquete,3.953,false
lfi:mediatique:128,15,withdrawal,reconquete,3.762,true
lfi:mediatique:129,19,withdrawal,reconquete,2.68,false
lfi:mediatique:130,16,strategic_withdrawal,reconquete,3.056,true
lfi:mediatique:131,13,withdrawal,reconquete,3.485,false
lfi:mediatique:137,14,withdrawal,reconquete,3.848,false
lfi:mediatique:139,17,withdrawal,reconquete,3.703,false
lfi:mediatique:141,17,strategic_withdrawal,reconquete,3.466,false
lfi:mediatique:143,23,withdrawal,reconquete,37.12,true
lfi:mediatique:144,15,withdrawal,reconquete,3.617,true
lfi:mediatique:149,13,withdrawal,reconquete,3.518,false
lfi:contrarien:1,17,withdrawal,reconquete,3.647,false
lfi:contrarien:3,13,withdrawal,reconquete,3.547,false
lfi:contrarien:5,15,withdrawal,reconquete,3.905,true
lfi:contrarien:6,15,withdrawal,reconquete,3.815,true
lfi:contrarien:7,23,withdrawal,reconquete,40.7,true
lfi:contrarien:8,22,withdrawal,reconquete,3.84,false
lfi:contrarien:11,21,withdrawal,reconquete,3.385,false
lfi:contrarien:12,16,withdrawal,reconquete,3.746,false
lfi:contrarien:12,19,strategic_withdrawal,reconquete_dissidence_16,6.04,false
lfi:contrarien:13,19,withdrawal,reconquete,3.806,false
lfi:contrarien:18,17,withdrawal,reconquete,3.743,false
lfi:contrarien:22,19,strategic_withdrawal,reconquete,3.883,false
lfi:contrarien:34,13,withdrawal,reconquete,3.713,false
lfi:contrarien:39,16,withdrawal,reconquete_dissidence_15,3.11,false
lfi:contrarien:40,16,withdrawal,reconquete,3.584,false
lfi:contrarien:46,15,withdrawal,reconquete,3.784,true
lfi:contrarien:47,14,withdrawal,reconquete,3.967,false
lfi:contrarien:53,16,withdrawal,reconquete,3.823,false
lfi:contrarien:54,13,withdrawal,reconquete,3.667,false
lfi:contrarien:55,22,withdrawal,reconquete,2.77,false
lfi:contrarien:56,13,withdrawal,reconquete,2.806,false
lfi:contrarien:58,17,withdrawal,reconquete,3.338,false
lfi:contrarien:60,20,withdrawal,reconquete,3.604,false
lfi:contrarien:69,16,withdrawal,reconquete,3.724,false
lfi:contrarien:77,19,strategic_withdrawal,reconquete,3.015,false
lfi:contrarien:78,13,withdrawal,horizons,14.349,false
lfi:contrarien:78,14,withdrawal,reconquete,4.65,false
lfi:contrarien:80,13,withdrawal,reconquete,3.95,false
lfi:contrarien:83,15,withdrawal,reconquete,3.415,true
lfi:contrarien:84,14,withdrawal,reconquete,4.096,false
lfi:contrarien:85,22,withdrawal,reconquete,3.841,false
lfi:contrarien:90,22,withdrawal,reconquete,3.071,false
lfi:contrarien:92,22,withdrawal,reconquete_dissidence_22,0.965,false
lfi:contrarien:94,13,strategic_withdrawal,ecologistes,8.863,false
lfi:contrarien:97,17,withdrawal,reconquete,3.734,false
lfi:contrarien:98,15,withdrawal,reconquete,3.703,true
lfi:contrarien:101,14,withdrawal,reconquete,3.916,false
lfi:contrarien:103,16,withdrawal,reconquete,4.088,false
lfi:contrarien:109,23,withdrawal,reconquete,36.339,true
lfi:contrarien:110,15,withdrawal,reconquete,3.331,true
lfi:contrarien:111,14,withdrawal,reconquete,3.756,false
lfi:contrarien:113,23,withdrawal,lr,36.723,true
lfi:contrarien:116,18,strategic_withdrawal,reconquete,3.704,false
lfi:contrarien:122,19,withdrawal,reconquete,3.898,false
lfi:contrarien:125,14,strategic_withdrawal,reconquete,3.774,false
lfi:contrarien:129,15,withdrawal,reconquete,3.7,true
lfi:contrarien:135,18,withdrawal,reconquete,3.493,false
lfi:contrarien:141,17,withdrawal,reconquete,3.675,false
ps:aleatoire:1,19,withdrawal,reconquete,3.453,false
ps:aleatoire:2,22,withdrawal,reconquete,3.555,false
ps:aleatoire:5,13,withdrawal,reconquete,3.642,false
ps:aleatoire:5,19,withdrawal,lr,11.025,false
ps:aleatoire:8,14,withdrawal,reconquete,3.682,false
ps:aleatoire:11,17,withdrawal,reconquete,3.787,false
ps:aleatoire:14,15,strategic_withdrawal,reconquete,3.928,true
ps:aleatoire:16,18,withdrawal,reconquete,3.408,false
ps:aleatoire:17,15,withdrawal,reconquete,3.618,true
ps:aleatoire:18,21,withdrawal,reconquete,3.576,false
ps:aleatoire:23,16,strategic_withdrawal,reconquete,3.645,false
ps:aleatoire:27,15,strategic_withdrawal,reconquete,3.45,true
ps:aleatoire:27,21,withdrawal,rn,12.279,false
ps:aleatoire:33,17,withdrawal,reconquete,3.029,false
ps:aleatoire:35,23,withdrawal,reconquete,36.231,true
ps:aleatoire:37,20,withdrawal,reconquete,3.35,false
ps:aleatoire:39,22,withdrawal,reconquete,3.501,false
ps:aleatoire:44,20,strategic_withdrawal,reconquete,3.419,false
ps:aleatoire:45,18,withdrawal,reconquete,3.256,false
ps:aleatoire:52,11,strategic_withdrawal,reconquete,3.659,false
ps:aleatoire:55,13,withdrawal,reconquete,3.47,false
ps:aleatoire:56,19,withdrawal,reconquete,3.325,false
ps:aleatoire:61,14,strategic_withdrawal,reconquete,3.476,false
ps:aleatoire:62,18,strategic_withdrawal,reconquete,3.582,false
ps:aleatoire:66,15,strategic_withdrawal,reconquete,3.336,true
ps:aleatoire:67,18,withdrawal,reconquete,3.52,false
ps:aleatoire:72,19,strategic_withdrawal,reconquete,3.008,false
ps:aleatoire:74,15,withdrawal,reconquete,3.619,true
ps:aleatoire:78,13,withdrawal,reconquete,3.409,false
ps:aleatoire:86,21,withdrawal,reconquete,3.376,false
ps:aleatoire:89,23,withdrawal,reconquete,39.523,true
ps:aleatoire:91,22,withdrawal,reconquete,3.759,false
ps:aleatoire:92,20,withdrawal,reconquete,3.409,false
ps:aleatoire:93,18,withdrawal,reconquete,3.625,false
ps:aleatoire:99,12,strategic_withdrawal,reconquete,3.894,false
ps:aleatoire:101,13,strategic_withdrawal,reconquete,3.877,false
ps:aleatoire:102,15,strategic_withdrawal,reconquete,3.639,true
ps:aleatoire:105,17,strategic_withdrawal,reconquete,3.399,false
ps:aleatoire:107,14,strategic_withdrawal,reconquete,3.457,false
ps:aleatoire:112,15,strategic_withdrawal,reconquete,3.477,true
ps:aleatoire:115,14,withdrawal,reconquete,3.836,false
ps:aleatoire:124,16,withdrawal,reconquete,3.694,false
ps:aleatoire:125,14,strategic_withdrawal,reconquete,3.557,false
ps:aleatoire:127,15,withdrawal,reconquete,3.533,true
ps:aleatoire:128,21,strategic_withdrawal,reconquete,3.425,false
ps:aleatoire:130,13,strategic_withdrawal,reconquete,3.392,false
ps:aleatoire:131,19,withdrawal,reconquete,3.486,false
ps:aleatoire:135,14,strategic_withdrawal,reconquete,3.38,false
ps:aleatoire:136,19,strategic_withdrawal,reconquete,3.28,false
ps:aleatoire:141,20,withdrawal,reconquete,3.491,false
ps:aleatoire:143,23,withdrawal,reconquete,37.579,true
ps:aleatoire:148,21,strategic_withdrawal,reconquete,3.281,false
ps:prudent:3,16,withdrawal,reconquete,3.585,false
ps:prudent:4,16,strategic_withdrawal,reconquete,3.359,false
ps:prudent:7,20,withdrawal,reconquete,2.73,false
ps:prudent:16,21,strategic_withdrawal,reconquete,2.842,false
ps:prudent:24,16,withdrawal,reconquete,3.928,false
ps:prudent:26,14,withdrawal,reconquete,3.611,false
ps:prudent:32,13,withdrawal,reconquete,3.447,false
ps:prudent:37,22,withdrawal,reconquete,3.066,false
ps:prudent:38,12,strategic_withdrawal,reconquete,3.696,false
ps:prudent:40,17,strategic_withdrawal,reconquete,3.614,false
ps:prudent:41,14,strategic_withdrawal,reconquete,3.424,false
ps:prudent:43,23,withdrawal,reconquete,40.956,true
ps:prudent:44,16,withdrawal,reconquete,3.424,false
ps:prudent:46,16,strategic_withdrawal,reconquete,3.706,false
ps:prudent:47,20,strategic_withdrawal,ecologistes,7.539,false
ps:prudent:51,20,withdrawal,reconquete,3.239,false
ps:prudent:52,14,withdrawal,reconquete,3.371,false
ps:prudent:53,16,strategic_withdrawal,reconquete,3.516,true
ps:prudent:59,20,strategic_withdrawal,ecologistes,7.703,false
ps:prudent:60,16,withdrawal,reconquete,3.173,false
ps:prudent:61,14,strategic_withdrawal,reconquete,3.721,false
ps:prudent:64,17,withdrawal,reconquete,3.524,false
ps:prudent:69,15,withdrawal,reconquete,3.51,false
ps:prudent:70,23,withdrawal,lfi,40.714,true
ps:prudent:73,15,withdrawal,reconquete,3.486,true
ps:prudent:74,14,strategic_withdrawal,reconquete,3.527,false
ps:prudent:76,18,strategic_withdrawal,reconquete,3.6,false
ps:prudent:77,12,strategic_withdrawal,reconquete,3.427,false
ps:prudent:79,13,withdrawal,reconquete,3.909,false
ps:prudent:81,22,withdrawal,reconquete,3.383,false
ps:prudent:82,23,withdrawal,reconquete,43.862,true
ps:prudent:87,13,withdrawal,reconquete,3.51,false
ps:prudent:89,16,strategic_withdrawal,reconquete,3.018,false
ps:prudent:91,15,withdrawal,reconquete,3.577,true
ps:prudent:93,20,strategic_withdrawal,reconquete,3.055,false
ps:prudent:94,16,withdrawal,reconquete,3.008,false
ps:prudent:96,12,strategic_withdrawal,reconquete,3.788,false
ps:prudent:97,13,withdrawal,reconquete,3.762,false
ps:prudent:100,17,strategic_withdrawal,reconquete,3.486,false
ps:prudent:101,12,strategic_withdrawal,reconquete,3.462,false
ps:prudent:103,13,strategic_withdrawal,reconquete,3.728,false
ps:prudent:106,19,strategic_withdrawal,reconquete,3.348,false
ps:prudent:107,13,strategic_withdrawal,reconquete,3.616,false
ps:prudent:108,17,withdrawal,reconquete,3.489,false
ps:prudent:118,19,withdrawal,reconquete,3.47,false
ps:prudent:120,14,withdrawal,reconquete,3.284,false
ps:prudent:123,17,withdrawal,reconquete,2.701,false
ps:prudent:129,16,withdrawal,reconquete,3.599,false
ps:prudent:138,20,strategic_withdrawal,reconquete,3.162,false
ps:prudent:143,19,withdrawal,reconquete,3.22,false
ps:prudent:144,19,withdrawal,reconquete,3.701,false
ps:prudent:147,19,withdrawal,reconquete,2.522,false
ps:prudent:149,22,withdrawal,reconquete,2.811,false
ps:risque:1,14,withdrawal,reconquete,3.922,false
ps:risque:2,11,strategic_withdrawal,reconquete,3.657,false
ps:risque:3,13,strategic_withdrawal,reconquete,3.608,false
ps:risque:4,13,strategic_withdrawal,reconquete,3.374,false
ps:risque:5,12,strategic_withdrawal,reconquete,3.35,false
ps:risque:8,23,withdrawal,reconquete,39.947,true
ps:risque:10,17,strategic_withdrawal,reconquete,3.327,false
ps:risque:11,15,withdrawal,reconquete,3.606,true
ps:risque:12,16,strategic_withdrawal,reconquete,3.726,false
ps:risque:13,16,withdrawal,reconquete,3.554,false
ps:risque:14,19,withdrawal,reconquete,3.471,false
ps:risque:15,22,withdrawal,horizons,12.903,false
ps:risque:16,16,strategic_withdrawal,reconquete,2.793,false
ps:risque:17,16,withdrawal,reconquete,3.185,false
ps:risque:20,16,withdrawal,reconquete,3.721,false
ps:risque:22,18,withdrawal,reconquete,3.455,false
ps:risque:24,22,withdrawal,reconquete,3.367,false
ps:risque:26,17,withdrawal,reconquete,3.282,false
ps:risque:32,22,withdrawal,reconquete,2.759,false
ps:risque:34,22,withdrawal,reconquete,3.306,false
ps:risque:35,15,withdrawal,reconquete,3.314,true
ps:risque:41,18,withdrawal,reconquete,3.25,false
ps:risque:42,19,strategic_withdrawal,reconquete,3.216,false
ps:risque:43,19,withdrawal,reconquete,3.29,false
ps:risque:44,18,withdrawal,reconquete,3.562,false
ps:risque:46,21,withdrawal,reconquete,3.052,false
ps:risque:47,13,withdrawal,reconquete,3.662,false
ps:risque:48,19,withdrawal,reconquete,3.557,false
ps:risque:53,19,strategic_withdrawal,reconquete,2.897,false
ps:risque:58,20,withdrawal,reconquete_dissidence_20,0.82,false
ps:risque:59,18,withdrawal,reconquete,3.334,false
ps:risque:60,15,strategic_withdrawal,reconquete,3.5,true
ps:risque:62,21,withdrawal,reconquete,3.211,false
ps:risque:63,20,withdrawal,reconquete,2.988,false
ps:risque:65,17,withdrawal,reconquete,3.186,false
ps:risque:73,14,strategic_withdrawal,reconquete,3.527,false
ps:risque:76,14,strategic_withdrawal,reconquete,3.915,false
ps:risque:85,11,strategic_withdrawal,reconquete,3.712,false
ps:risque:86,20,withdrawal,reconquete,3.499,false
ps:risque:91,21,withdrawal,reconquete,3.088,false
ps:risque:92,15,withdrawal,reconquete_dissidence_15,0.912,false
ps:risque:95,15,withdrawal,reconquete,3.661,false
ps:risque:100,15,strategic_withdrawal,reconquete,3.58,true
ps:risque:101,20,strategic_withdrawal,reconquete,3.224,false
ps:risque:103,15,withdrawal,reconquete,3.176,true
ps:risque:106,17,withdrawal,reconquete,3.553,false
ps:risque:108,16,withdrawal,reconquete,2.916,false
ps:risque:109,21,withdrawal,reconquete,2.921,false
ps:risque:111,19,withdrawal,reconquete,4.934,false
ps:risque:119,15,strategic_withdrawal,reconquete,3.452,true
ps:risque:121,16,strategic_withdrawal,reconquete,3.483,false
ps:risque:126,20,strategic_withdrawal,reconquete,3.626,false
ps:risque:129,20,withdrawal,reconquete,3.492,false
ps:risque:131,23,withdrawal,reconquete,38.8,true
ps:risque:134,16,withdrawal,reconquete,3.642,false
ps:risque:136,17,withdrawal,reconquete,3.601,false
ps:risque:137,18,withdrawal,reconquete,2.766,false
ps:risque:138,13,withdrawal,reconquete,3.598,false
ps:risque:140,15,withdrawal,reconquete,3.265,true
ps:risque:149,21,strategic_withdrawal,reconquete,2.941,false
ps:ideologiquement_coherent:0,19,strategic_withdrawal,reconquete,2.53,false
ps:ideologiquement_coherent:1,16,strategic_withdrawal,reconquete,3.64,false
ps:ideologiquement_coherent:6,18,withdrawal,reconquete,3.689,false
ps:ideologiquement_coherent:7,12,strategic_withdrawal,reconquete,3.015,false
ps:ideologiquement_coherent:9,22,withdrawal,reconquete,3.468,false
ps:ideologiquement_coherent:10,14,withdrawal,reconquete,3.296,false
ps:ideologiquement_coherent:11,22,withdrawal,reconquete,3.489,false
ps:ideologiquement_coherent:12,15,strategic_withdrawal,reconquete,3.526,true
ps:ideologiquement_coherent:14,16,strategic_withdrawal,reconquete,3.475,false
ps:ideologiquement_coherent:15,18,withdrawal,reconquete,3.383,false
ps:ideologiquement_coherent:19,12,strategic_withdrawal,reconquete,3.65,false
ps:ideologiquement_coherent:20,17,withdrawal,reconquete,3.438,false
ps:ideologiquement_coherent:27,20,strategic_withdrawal,reconquete,3.037,false
ps:ideologiquement_coherent:28,20,strategic_withdrawal,reconquete,3.038,false
ps:ideologiquement_coherent:30,14,withdrawal,ecologistes,7.527,false
ps:ideologiquement_coherent:30,20,withdrawal,reconquete,3.165,false
ps:ideologiquement_coherent:34,18,strategic_withdrawal,reconquete,3.731,false
ps:ideologiquement_coherent:35,18,strategic_withdrawal,reconquete,3.345,false
ps:ideologiquement_coherent:36,16,strategic_withdrawal,reconquete,3.664,false
ps:ideologiquement_coherent:43,15,strategic_withdrawal,reconquete,3.636,false
ps:ideologiquement_coherent:45,17,strategic_withdrawal,reconquete,3.395,false
ps:ideologiquement_coherent:46,17,withdrawal,reconquete,3.166,false
ps:ideologiquement_coherent:47,14,strategic_withdrawal,reconquete,3.57,false
ps:ideologiquement_coherent:52,16,withdrawal,reconquete,3.236,true
ps:ideologiquement_coherent:60,14,withdrawal,reconquete,3.861,false
ps:ideologiquement_coherent:61,11,strategic_withdrawal,reconquete,3.433,false
ps:ideologiquement_coherent:64,18,withdrawal,reconquete,3.916,false
ps:ideologiquement_coherent:65,19,strategic_withdrawal,reconquete,3.353,false
ps:ideologiquement_coherent:67,20,strategic_withdrawal,reconquete,3.244,false
ps:ideologiquement_coherent:68,13,withdrawal,rn,12.625,false
ps:ideologiquement_coherent:71,12,strategic_withdrawal,reconquete,3.53,false
ps:ideologiquement_coherent:75,13,strategic_withdrawal,reconquete,3.653,false
ps:ideologiquement_coherent:77,21,strategic_withdrawal,reconquete,3.249,false
ps:ideologiquement_coherent:78,14,withdrawal,reconquete,3.706,false
ps:ideologiquement_coherent:80,21,strategic_withdrawal,ecologistes,7.325,false
ps:ideologiquement_coherent:82,21,strategic_withdrawal,reconquete,3.061,false
ps:ideologiquement_coherent:83,12,strategic_withdrawal,reconquete,3.553,false
ps:ideologiquement_coherent:86,13,strategic_withdrawal,reconquete,3.721,false
ps:ideologiquement_coherent:92,21,strategic_withdrawal,reconquete,3.31,false
ps:ideologiquement_coherent:93,20,withdrawal,reconquete,3.344,false
ps:ideologiquement_coherent:95,18,strategic_withdrawal,reconquete,3.579,false
ps:ideologiquement_coherent:98,14,withdrawal,reconquete,3.411,false
ps:ideologiquement_coherent:100,19,withdrawal,reconquete,3.154,false
ps:ideologiquement_coherent:101,19,withdrawal,reconquete,3.404,false
ps:ideologiquement_coherent:103,15,strategic_withdrawal,reconquete,3.421,true
ps:ideologiquement_coherent:107,23,withdrawal,reconquete,38.844,true
ps:ideologiquement_coherent:110,19,withdrawal,reconquete,3.683,false
ps:ideologiquement_coherent:111,18,withdrawal,reconquete,3.594,false
ps:ideologiquement_coherent:112,21,strategic_withdrawal,reconquete,2.743,false
ps:ideologiquement_coherent:114,14,withdrawal,reconquete,3.328,false
ps:ideologiquement_coherent:117,13,strategic_withdrawal,reconquete,3.338,false
ps:ideologiquement_coherent:120,14,strategic_withdrawal,reconquete,3.717,false
ps:ideologiquement_coherent:121,14,withdrawal,reconquete,2.916,false
ps:ideologiquement_coherent:122,18,withdrawal,reconquete,3.217,false
ps:ideologiquement_coherent:126,14,withdrawal,reconquete,3.7,false
ps:ideologiquement_coherent:130,20,withdrawal,reconquete,3.272,false
ps:ideologiquement_coherent:134,19,strategic_withdrawal,ecologistes,7.597,false
ps:ideologiquement_coherent:135,21,withdrawal,reconquete,3.148,false
ps:ideologiquement_coherent:136,20,strategic_withdrawal,reconquete,3.441,false
ps:ideologiquement_coherent:140,12,strategic_withdrawal,reconquete,3.463,false
ps:ideologiquement_coherent:143,16,strategic_withdrawal,reconquete,3.441,true
ps:ideologiquement_coherent:146,22,withdrawal,reconquete,3.147,false
ps:ideologiquement_coherent:149,17,withdrawal,reconquete,3.357,false
ps:opportuniste_electoral:8,20,withdrawal,rn,12.22,false
ps:opportuniste_electoral:10,14,withdrawal,reconquete,3.764,false
ps:opportuniste_electoral:11,12,strategic_withdrawal,reconquete,3.692,false
ps:opportuniste_electoral:13,14,strategic_withdrawal,reconquete,3.77,false
ps:opportuniste_electoral:15,20,strategic_withdrawal,reconquete,3.694,false
ps:opportuniste_electoral:17,13,strategic_withdrawal,reconquete,3.522,false
ps:opportuniste_electoral:18,22,withdrawal,reconquete,3.616,false
ps:opportuniste_electoral:26,13,withdrawal,reconquete,3.615,false
ps:opportuniste_electoral:27,13,withdrawal,reconquete,3.874,false
ps:opportuniste_electoral:29,22,withdrawal,reconquete,3.666,false
ps:opportuniste_electoral:31,14,withdrawal,reconquete,3.642,false
ps:opportuniste_electoral:33,21,withdrawal,reconquete,3.382,false
ps:opportuniste_electoral:38,20,strategic_withdrawal,reconquete,3.291,false
ps:opportuniste_electoral:40,16,withdrawal,reconquete,3.197,false
ps:opportuniste_electoral:43,11,strategic_withdrawal,reconquete,3.775,false
ps:opportuniste_electoral:46,11,strategic_withdrawal,reconquete,3.717,false
ps:opportuniste_electoral:52,13,strategic_withdrawal,reconquete,3.65,false
ps:opportuniste_electoral:53,16,withdrawal,reconquete,3.825,false
ps:opportuniste_electoral:57,22,withdrawal,reconquete,2.973,false
ps:opportuniste_electoral:60,13,withdrawal,reconquete,3.625,false
ps:opportuniste_electoral:62,12,strategic_withdrawal,reconquete,3.467,false
ps:opportuniste_electoral:65,16,withdrawal,reconquete,3.587,false
ps:opportuniste_electoral:66,19,withdrawal,lr,8.268,false
ps:opportuniste_electoral:72,16,strategic_withdrawal,reconquete,3.819,false
ps:opportuniste_electoral:75,14,strategic_withdrawal,reconquete,3.623,false
ps:opportuniste_electoral:81,15,strategic_withdrawal,reconquete,3.659,true
ps:opportuniste_electoral:84,16,withdrawal,reconquete,3.813,false
ps:opportuniste_electoral:85,21,strategic_withdrawal,reconquete,3.543,false
ps:opportuniste_electoral:87,21,withdrawal,reconquete,3.122,false
ps:opportuniste_electoral:101,19,withdrawal,reconquete,3.41,false
ps:opportuniste_electoral:105,15,strategic_withdrawal,reconquete,3.401,true
ps:opportuniste_electoral:116,15,withdrawal,reconquete,3.365,true
ps:opportuniste_electoral:122,15,strategic_withdrawal,reconquete,3.497,false
ps:opportuniste_electoral:123,11,strategic_withdrawal,reconquete,3.836,false
ps:opportuniste_electoral:126,15,withdrawal,reconquete,3.718,true
ps:opportuniste_electoral:127,12,strategic_withdrawal,reconquete,3.406,false
ps:opportuniste_electoral:129,14,strategic_withdrawal,reconquete,3.703,false
ps:opportuniste_electoral:133,20,withdrawal,nouvelle_energie,9.457,false
ps:opportuniste_electoral:136,13,strategic_withdrawal,reconquete,3.85,false
ps:opportuniste_electoral:141,21,withdrawal,reconquete,3.564,false
ps:opportuniste_electoral:143,19,withdrawal,reconquete,3.472,false
ps:opportuniste_electoral:149,23,withdrawal,reconquete,37.19,true
ps:parti_dabord:3,12,strategic_withdrawal,reconquete,3.793,false
ps:parti_dabord:6,14,withdrawal,reconquete,3.627,false
ps:parti_dabord:9,20,strategic_withdrawal,reconquete,3.215,false
ps:parti_dabord:10,13,withdrawal,reconquete,3.472,false
ps:parti_dabord:13,18,withdrawal,reconquete,3.662,false
ps:parti_dabord:17,21,strategic_withdrawal,reconquete,3.36,false
ps:parti_dabord:19,20,withdrawal,reconquete,3.399,false
ps:parti_dabord:43,16,strategic_withdrawal,reconquete,3.618,false
ps:parti_dabord:46,14,withdrawal,reconquete,3.615,false
ps:parti_dabord:50,23,withdrawal,reconquete,39.935,true
ps:parti_dabord:51,13,withdrawal,reconquete,3.601,false
ps:parti_dabord:55,15,withdrawal,reconquete,3.535,true
ps:parti_dabord:56,13,withdrawal,reconquete,3.909,false
ps:parti_dabord:59,19,strategic_withdrawal,reconquete,3.51,false
ps:parti_dabord:61,16,withdrawal,reconquete,3.597,false
ps:parti_dabord:65,20,withdrawal,reconquete,3.237,false
ps:parti_dabord:69,20,strategic_withdrawal,reconquete,3.089,false
ps:parti_dabord:72,12,strategic_withdrawal,reconquete,3.528,false
ps:parti_dabord:74,13,withdrawal,horizons,13.586,false
ps:parti_dabord:76,16,strategic_withdrawal,reconquete,3.565,false
ps:parti_dabord:79,13,strategic_withdrawal,reconquete,3.25,false
ps:parti_dabord:80,20,strategic_withdrawal,reconquete,3.566,false
ps:parti_dabord:81,13,strategic_withdrawal,reconquete,3.398,false
ps:parti_dabord:82,19,withdrawal,reconquete,3.067,false
ps:parti_dabord:84,14,withdrawal,rn,12.886,false
ps:parti_dabord:85,19,withdrawal,reconquete,3.326,false
ps:parti_dabord:87,21,withdrawal,reconquete,3.273,false
ps:parti_dabord:90,21,withdrawal,reconquete,2.793,false
ps:parti_dabord:91,17,strategic_withdrawal,reconquete,3.674,false
ps:parti_dabord:95,20,withdrawal,reconquete,3.782,false
ps:parti_dabord:104,21,withdrawal,reconquete,3.287,false
ps:parti_dabord:105,22,withdrawal,reconquete_dissidence_21,3.244,false
ps:parti_dabord:108,15,withdrawal,reconquete,3.41,true
ps:parti_dabord:112,14,strategic_withdrawal,reconquete,3.61,false
ps:parti_dabord:114,15,strategic_withdrawal,reconquete,3.761,true
ps:parti_dabord:115,16,strategic_withdrawal,reconquete,3.646,false
ps:parti_dabord:119,12,strategic_withdrawal,reconquete,3.605,false
ps:parti_dabord:120,13,strategic_withdrawal,reconquete,3.568,false
ps:parti_dabord:123,19,withdrawal,reconquete,3.096,false
ps:parti_dabord:124,14,strategic_withdrawal,reconquete,3.229,false
ps:parti_dabord:125,12,strategic_withdrawal,reconquete,3.15,false
ps:parti_dabord:126,16,withdrawal,reconquete,3.537,false
ps:parti_dabord:134,18,strategic_withdrawal,reconquete,3.375,false
ps:parti_dabord:137,16,strategic_withdrawal,reconquete,3.666,true
ps:parti_dabord:140,17,withdrawal,reconquete,3.346,false
ps:parti_dabord:141,19,withdrawal,reconquete,3.227,false
ps:parti_dabord:143,13,withdrawal,reconquete,3.82,false
ps:parti_dabord:145,20,withdrawal,reconquete,3.377,false
ps:parti_dabord:147,19,withdrawal,reconquete,3.314,false
ps:mediatique:4,18,strategic_withdrawal,reconquete,3.34,false
ps:mediatique:8,14,withdrawal,reconquete,3.792,true
ps:mediatique:9,13,withdrawal,rn,13.187,false
ps:mediatique:14,15,strategic_withdrawal,reconquete,3.577,true
ps:mediatique:17,14,withdrawal,reconquete,3.416,false
ps:mediatique:18,17,withdrawal,reconquete,3.473,false
ps:mediatique:20,14,strategic_withdrawal,reconquete,3.751,false
ps:mediatique:23,16,withdrawal,reconquete,3.656,false
ps:mediatique:24,19,withdrawal,reconquete,3.258,false
ps:mediatique:25,13,withdrawal,reconquete,2.985,false
ps:mediatique:27,13,strategic_withdrawal,reconquete,3.318,false
ps:mediatique:28,15,withdrawal,reconquete,4.077,true
ps:mediatique:35,15,strategic_withdrawal,reconquete,3.68,true
ps:mediatique:36,13,strategic_withdrawal,reconquete,3.741,false
ps:mediatique:38,20,withdrawal,reconquete,3.788,false
ps:mediatique:40,19,withdrawal,reconquete,3.449,false
ps:mediatique:43,18,strategic_withdrawal,ecologistes,8.392,false
ps:mediatique:43,20,withdrawal,reconquete_dissidence_19,2.793,false
ps:mediatique:44,18,strategic_withdrawal,reconquete,3.423,false
ps:mediatique:46,19,strategic_withdrawal,ecologistes,7.831,false
ps:mediatique:56,17,withdrawal,reconquete,3.521,false
ps:mediatique:57,21,strategic_withdrawal,reconquete,2.69,false
ps:mediatique:58,16,strategic_withdrawal,reconquete,3.643,false
ps:mediatique:60,19,withdrawal,reconquete,3.841,false
ps:mediatique:63,13,strategic_withdrawal,reconquete,3.128,false
ps:mediatique:67,20,withdrawal,reconquete,3.432,false
ps:mediatique:68,13,strategic_withdrawal,reconquete,3.801,false
ps:mediatique:69,14,withdrawal,reconquete,3.525,false
ps:mediatique:70,14,withdrawal,reconquete,4.008,false
ps:mediatique:70,20,strategic_withdrawal,ecologistes,8.909,false
ps:mediatique:71,17,strategic_withdrawal,reconquete,3.388,false
ps:mediatique:79,15,withdrawal,reconquete,3.526,true
ps:mediatique:80,18,withdrawal,reconquete,4.009,false
ps:mediatique:82,18,withdrawal,reconquete,3.198,false
ps:mediatique:84,17,withdrawal,reconquete,3.467,false
ps:mediatique:85,14,strategic_withdrawal,reconquete,3.097,false
ps:mediatique:87,13,withdrawal,reconquete,2.904,false
ps:mediatique:94,12,strategic_withdrawal,reconquete,3.954,false
ps:mediatique:96,20,strategic_withdrawal,reconquete,3.871,false
ps:mediatique:98,14,withdrawal,reconquete,4.082,false
ps:mediatique:101,23,withdrawal,reconquete,39.795,true
ps:mediatique:109,22,withdrawal,reconquete,3.814,false
ps:mediatique:110,13,withdrawal,reconquete,3.822,false
ps:mediatique:111,16,strategic_withdrawal,reconquete,3.622,false
ps:mediatique:112,16,withdrawal,reconquete,3.583,false
ps:mediatique:114,17,withdrawal,reconquete,3.79,false
ps:mediatique:115,18,strategic_withdrawal,reconquete,3.667,false
ps:mediatique:116,12,strategic_withdrawal,reconquete,3.891,false
ps:mediatique:121,19,withdrawal,reconquete,3.596,false
ps:mediatique:123,16,withdrawal,reconquete,3.767,false
ps:mediatique:124,17,withdrawal,reconquete,3.408,false
ps:mediatique:125,16,strategic_withdrawal,reconquete,3.547,false
ps:mediatique:126,18,withdrawal,reconquete,3.52,false
ps:mediatique:129,16,withdrawal,reconquete,3.269,false
ps:mediatique:136,17,withdrawal,reconquete,3.69,false
ps:mediatique:138,16,strategic_withdrawal,reconquete,3.58,false
ps:mediatique:139,16,withdrawal,reconquete,4.134,false
ps:contrarien:3,13,withdrawal,reconquete,4.01,false
ps:contrarien:4,23,withdrawal,reconquete,36.838,true
ps:contrarien:7,19,withdrawal,reconquete,3.165,false
ps:contrarien:10,22,withdrawal,reconquete,3.917,false
ps:contrarien:13,14,withdrawal,reconquete,3.789,false
ps:contrarien:28,20,strategic_withdrawal,reconquete,3.259,false
ps:contrarien:32,23,withdrawal,reconquete,35.246,true
ps:contrarien:43,19,withdrawal,reconquete,3.94,false
ps:contrarien:46,20,strategic_withdrawal,reconquete,3.796,false
ps:contrarien:51,19,strategic_withdrawal,reconquete,3.606,false
ps:contrarien:54,17,strategic_withdrawal,reconquete,3.572,false
ps:contrarien:55,23,withdrawal,reconquete,35.629,true
ps:contrarien:61,16,withdrawal,reconquete_dissidence_15,2.68,false
ps:contrarien:62,19,withdrawal,reconquete,3.46,false
ps:contrarien:63,22,withdrawal,reconquete,3.367,false
ps:contrarien:69,15,strategic_withdrawal,reconquete,3.523,true
ps:contrarien:70,13,withdrawal,lr,9.12,false
ps:contrarien:72,14,withdrawal,reconquete,3.996,false
ps:contrarien:80,16,withdrawal,reconquete,3.254,true
ps:contrarien:94,12,strategic_withdrawal,reconquete,3.493,false
ps:contrarien:95,19,withdrawal,reconquete,3.927,false
ps:contrarien:101,13,strategic_withdrawal,reconquete,3.75,false
ps:contrarien:102,19,withdrawal,reconquete,3.611,false
ps:contrarien:108,17,withdrawal,reconquete,3.503,false
ps:contrarien:110,16,withdrawal,reconquete,3.128,false
ps:contrarien:112,21,withdrawal,reconquete,3.862,false
ps:contrarien:118,15,withdrawal,reconquete,3.181,true
ps:contrarien:120,14,strategic_withdrawal,reconquete,3.689,false
ps:contrarien:124,17,strategic_withdrawal,reconquete,3.757,false
ps:contrarien:128,20,strategic_withdrawal,reconquete,3.203,false
ps:contrarien:132,19,withdrawal,reconquete,3.14,false
ps:contrarien:135,15,strategic_withdrawal,reconquete,3.994,true
ps:contrarien:137,14,strategic_withdrawal,reconquete,3.794,false
ps:contrarien:145,17,strategic_withdrawal,reconquete,3.186,false
ps:contrarien:147,20,withdrawal,reconquete,3.475,false
ps:contrarien:148,18,strategic_withdrawal,reconquete,3.163,false
ps:contrarien:149,21,withdrawal,reconquete,3.064,false
ecologistes:aleatoire:4,20,withdrawal,reconquete,3.708,false
ecologistes:aleatoire:5,17,strategic_withdrawal,reconquete,3.069,false
ecologistes:aleatoire:5,23,withdrawal,lr,35.828,true
ecologistes:aleatoire:9,23,withdrawal,reconquete,35.754,true
ecologistes:aleatoire:13,18,withdrawal,reconquete,3.275,false
ecologistes:aleatoire:16,21,withdrawal,reconquete,3.403,false
ecologistes:aleatoire:19,16,strategic_withdrawal,reconquete,3.669,false
ecologistes:aleatoire:21,23,withdrawal,reconquete,37.066,true
ecologistes:aleatoire:22,13,withdrawal,reconquete,3.649,false
ecologistes:aleatoire:25,17,strategic_withdrawal,reconquete,3.222,false
ecologistes:aleatoire:32,13,withdrawal,reconquete,3.877,false
ecologistes:aleatoire:33,14,withdrawal,reconquete,3.494,false
ecologistes:aleatoire:34,19,withdrawal,reconquete,3.245,false
ecologistes:aleatoire:35,20,withdrawal,ps,11.615,false
ecologistes:aleatoire:38,13,withdrawal,reconquete,3.578,false
ecologistes:aleatoire:47,18,withdrawal,reconquete,3.687,false
ecologistes:aleatoire:55,15,withdrawal,reconquete,3.664,true
ecologistes:aleatoire:57,22,withdrawal,reconquete,2.773,false
ecologistes:aleatoire:61,17,withdrawal,reconquete,3.761,false
ecologistes:aleatoire:62,13,withdrawal,reconquete,3.561,false
ecologistes:aleatoire:68,20,withdrawal,reconquete,3.157,false
ecologistes:aleatoire:71,19,strategic_withdrawal,reconquete,3.894,false
ecologistes:aleatoire:72,19,withdrawal,reconquete,3.395,false
ecologistes:aleatoire:75,20,withdrawal,reconquete,2.607,false
ecologistes:aleatoire:85,18,withdrawal,reconquete,3.478,false
ecologistes:aleatoire:92,21,withdrawal,reconquete,3.306,false
ecologistes:aleatoire:93,21,withdrawal,reconquete,3.092,false
ecologistes:aleatoire:94,21,withdrawal,reconquete,3.6,false
ecologistes:aleatoire:95,19,withdrawal,reconquete,3.47,false
ecologistes:aleatoire:98,13,withdrawal,reconquete,3.665,false
ecologistes:aleatoire:102,13,strategic_withdrawal,reconquete,3.323,false
ecologistes:aleatoire:104,18,withdrawal,reconquete,3.633,false
ecologistes:aleatoire:105,17,withdrawal,reconquete,3.887,false
ecologistes:aleatoire:111,21,withdrawal,reconquete,3.493,false
ecologistes:aleatoire:123,18,withdrawal,reconquete,3.906,false
ecologistes:aleatoire:132,13,withdrawal,reconquete,3.505,false
ecologistes:aleatoire:136,15,strategic_withdrawal,reconquete,3.719,true
ecologistes:aleatoire:138,21,withdrawal,reconquete,2.673,false
ecologistes:aleatoire:139,13,strategic_withdrawal,reconquete,3.899,false
ecologistes:aleatoire:140,19,withdrawal,reconquete,3.34,false
ecologistes:aleatoire:141,15,withdrawal,reconquete,3.294,true
ecologistes:aleatoire:142,22,withdrawal,reconquete,3.373,false
ecologistes:aleatoire:144,15,strategic_withdrawal,reconquete,3.486,true
ecologistes:aleatoire:147,19,strategic_withdrawal,reconquete,3.311,false
ecologistes:aleatoire:148,18,withdrawal,reconquete,3.334,false
ecologistes:prudent:0,14,withdrawal,reconquete,3.716,false
ecologistes:prudent:5,18,strategic_withdrawal,reconquete,3.458,false
ecologistes:prudent:7,19,withdrawal,reconquete,3.454,false
ecologistes:prudent:8,13,withdrawal,reconquete,3.461,false
ecologistes:prudent:9,20,withdrawal,ps,10.583,false
ecologistes:prudent:10,21,strategic_withdrawal,reconquete,3.574,false
ecologistes:prudent:13,19,strategic_withdrawal,reconquete,3.323,false
ecologistes:prudent:15,19,withdrawal,reconquete,3.218,false
ecologistes:prudent:17,17,strategic_withdrawal,reconquete,3.667,false
ecologistes:prudent:18,16,strategic_withdrawal,reconquete,3.681,false
ecologistes:prudent:22,18,strategic_withdrawal,reconquete,2.977,false
ecologistes:prudent:23,22,withdrawal,ps,8.045,false
ecologistes:prudent:29,18,strategic_withdrawal,reconquete,3.289,false
ecologistes:prudent:35,16,withdrawal,reconquete,4.02,false
ecologistes:prudent:39,19,strategic_withdrawal,reconquete,3.257,false
ecologistes:prudent:40,19,withdrawal,reconquete,3.527,false
ecologistes:prudent:44,13,withdrawal,reconquete,3.818,false
ecologistes:prudent:49,15,strategic_withdrawal,reconquete,2.992,true
ecologistes:prudent:51,23,withdrawal,reconquete,42.177,true
ecologistes:prudent:52,16,strategic_withdrawal,reconquete,3.146,true
ecologistes:prudent:55,18,withdrawal,lr,9.273,false
ecologistes:prudent:55,19,withdrawal,reconquete,3.483,false
ecologistes:prudent:56,12,strategic_withdrawal,reconquete,3.699,false
ecologistes:prudent:58,20,withdrawal,reconquete,2.45,false
ecologistes:prudent:59,11,strategic_withdrawal,reconquete,3.651,false
ecologistes:prudent:66,17,withdrawal,reconquete,3.43,false
ecologistes:prudent:68,23,withdrawal,reconquete,42.609,true
ecologistes:prudent:72,12,strategic_withdrawal,reconquete,3.771,false
ecologistes:prudent:74,19,strategic_withdrawal,reconquete,3.478,false
ecologistes:prudent:75,18,withdrawal,reconquete,3.463,false
ecologistes:prudent:80,22,withdrawal,reconquete,3.19,false
ecologistes:prudent:84,18,strategic_withdrawal,reconquete,2.925,false
ecologistes:prudent:87,13,strategic_withdrawal,reconquete,3.863,false
ecologistes:prudent:89,16,withdrawal,reconquete,3.345,false
ecologistes:prudent:94,15,strategic_withdrawal,reconquete,3.747,false
ecologistes:prudent:96,21,withdrawal,reconquete,3.615,false
ecologistes:prudent:97,17,strategic_withdrawal,reconquete,3.864,false
ecologistes:prudent:98,19,withdrawal,reconquete,3.454,false
ecologistes:prudent:102,23,withdrawal,reconquete,40.899,true
ecologistes:prudent:103,19,withdrawal,reconquete,3.571,false
ecologistes:prudent:105,13,withdrawal,reconquete,3.685,false
ecologistes:prudent:106,16,withdrawal,reconquete,3.4,false
ecologistes:prudent:107,12,strategic_withdrawal,reconquete,3.769,false
ecologistes:prudent:108,15,withdrawal,reconquete,3.864,false
ecologistes:prudent:109,19,withdrawal,reconquete,3.134,false
ecologistes:prudent:112,21,withdrawal,reconquete,3.281,false
ecologistes:prudent:115,13,withdrawal,reconquete,3.524,false
ecologistes:prudent:118,18,withdrawal,reconquete,3.216,false
ecologistes:prudent:123,15,strategic_withdrawal,reconquete,3.784,true
ecologistes:prudent:135,20,strategic_withdrawal,reconquete,2.953,false
ecologistes:prudent:137,13,withdrawal,reconquete,3.17,false
ecologistes:prudent:139,23,withdrawal,reconquete,36.424,true
ecologistes:prudent:140,17,withdrawal,reconquete,3.136,false
ecologistes:prudent:142,13,withdrawal,reconquete,3.42,false
ecologistes:prudent:143,15,withdrawal,reconquete,3.662,true
ecologistes:prudent:144,17,strategic_withdrawal,reconquete,3.488,false
ecologistes:prudent:145,18,withdrawal,reconquete,3.376,false
ecologistes:prudent:148,18,withdrawal,reconquete,3.143,false
ecologistes:risque:0,16,strategic_withdrawal,reconquete,3.501,true
ecologistes:risque:1,15,strategic_withdrawal,reconquete,3.525,true
ecologistes:risque:3,15,withdrawal,reconquete,3.524,false
ecologistes:risque:4,13,withdrawal,reconquete,3.71,false
ecologistes:risque:4,18,withdrawal,ps,10.817,false
ecologistes:risque:7,19,strategic_withdrawal,reconquete,3.589,false
ecologistes:risque:10,16,withdrawal,reconquete,3.011,false
ecologistes:risque:15,15,strategic_withdrawal,reconquete,3.436,true
ecologistes:risque:16,22,withdrawal,reconquete,3.515,false
ecologistes:risque:17,16,withdrawal,reconquete,3.214,true
ecologistes:risque:18,22,withdrawal,reconquete,3.388,false
ecologistes:risque:22,14,strategic_withdrawal,reconquete,3.402,false
ecologistes:risque:25,12,strategic_withdrawal,reconquete,3.178,false
ecologistes:risque:27,19,withdrawal,reconquete,3.28,false
ecologistes:risque:28,16,strategic_withdrawal,reconquete,3.722,false
ecologistes:risque:32,19,strategic_withdrawal,reconquete,3.662,false
ecologistes:risque:33,14,withdrawal,reconquete,3.486,false
ecologistes:risque:34,15,withdrawal,reconquete,3.835,true
ecologistes:risque:42,15,withdrawal,reconquete,3.55,true
ecologistes:risque:45,16,withdrawal,reconquete,3.693,false
ecologistes:risque:45,16,withdrawal,reconquete_dissidence_16,3.693,false
ecologistes:risque:48,22,withdrawal,reconquete,3.482,false
ecologistes:risque:52,20,withdrawal,reconquete,3.327,false
ecologistes:risque:53,20,withdrawal,reconquete,3.571,false
ecologistes:risque:55,20,withdrawal,reconquete,3.544,false
ecologistes:risque:56,19,withdrawal,reconquete,3.332,false
ecologistes:risque:58,17,strategic_withdrawal,reconquete,3.147,false
ecologistes:risque:59,14,withdrawal,reconquete,3.562,false
ecologistes:risque:61,17,withdrawal,reconquete,3.728,false
ecologistes:risque:64,20,withdrawal,reconquete,3.297,false
ecologistes:risque:65,15,strategic_withdrawal,reconquete,3.585,true
ecologistes:risque:66,13,strategic_withdrawal,reconquete,3.449,false
ecologistes:risque:67,21,withdrawal,reconquete,3.08,false
ecologistes:risque:71,13,withdrawal,reconquete,3.401,false
ecologistes:risque:73,13,strategic_withdrawal,reconquete,3.725,false
ecologistes:risque:75,15,strategic_withdrawal,reconquete,3.776,true
ecologistes:risque:76,23,withdrawal,reconquete,37.718,true
ecologistes:risque:80,20,strategic_withdrawal,reconquete,3.258,false
ecologistes:risque:81,20,withdrawal,reconquete,3.665,false
ecologistes:risque:82,19,withdrawal,reconquete,3.353,false
ecologistes:risque:83,22,withdrawal,reconquete,2.48,false
ecologistes:risque:85,15,withdrawal,reconquete,4.104,true
ecologistes:risque:89,21,withdrawal,reconquete,3.258,false
ecologistes:risque:92,20,withdrawal,reconquete,3.655,false
ecologistes:risque:94,16,strategic_withdrawal,reconquete,3.65,false
ecologistes:risque:96,15,withdrawal,reconquete,3.355,true
ecologistes:risque:97,13,withdrawal,reconquete,3.561,false
ecologistes:risque:99,23,withdrawal,reconquete,43.3,true
ecologistes:risque:104,13,withdrawal,reconquete,3.483,false
ecologistes:risque:105,16,withdrawal,reconquete,3.502,false
ecologistes:risque:109,20,withdrawal,reconquete,3.496,false
ecologistes:risque:114,13,withdrawal,rn,12.057,false
ecologistes:risque:114,15,withdrawal,reconquete,4.08,true
ecologistes:risque:116,19,strategic_withdrawal,reconquete,3.112,false
ecologistes:risque:122,11,strategic_withdrawal,reconquete,3.599,false
ecologistes:risque:123,16,withdrawal,reconquete,3.766,false
ecologistes:risque:129,17,strategic_withdrawal,reconquete,3.477,false
ecologistes:risque:135,21,withdrawal,reconquete,3.31,false
ecologistes:risque:137,18,strategic_withdrawal,reconquete,3.423,false
ecologistes:risque:140,22,withdrawal,reconquete,3.081,false
ecologistes:risque:142,20,withdrawal,reconquete,3.023,false
ecologistes:ideologiquement_coherent:5,14,withdrawal,reconquete,3.644,false
ecologistes:ideologiquement_coherent:6,21,withdrawal,reconquete,2.976,false
ecologistes:ideologiquement_coherent:13,18,strategic_withdrawal,reconquete,3.338,false
ecologistes:ideologiquement_coherent:14,21,withdrawal,reconquete,3.735,false
ecologistes:ideologiquement_coherent:24,17,withdrawal,reconquete,3.463,false
ecologistes:ideologiquement_coherent:27,17,strategic_withdrawal,reconquete,3.124,false
ecologistes:ideologiquement_coherent:28,16,strategic_withdrawal,reconquete,3.624,false
ecologistes:ideologiquement_coherent:33,17,strategic_withdrawal,reconquete,3.236,false
ecologistes:ideologiquement_coherent:34,13,withdrawal,reconquete,3.717,false
ecologistes:ideologiquement_coherent:38,20,withdrawal,reconquete,2.756,false
ecologistes:ideologiquement_coherent:40,16,withdrawal,reconquete,3.388,false
ecologistes:ideologiquement_coherent:42,21,withdrawal,reconquete,3.206,false
ecologistes:ideologiquement_coherent:49,13,strategic_withdrawal,reconquete,3.032,false
ecologistes:ideologiquement_coherent:50,14,withdrawal,reconquete,3.888,false
ecologistes:ideologiquement_coherent:52,14,strategic_withdrawal,reconquete,3.338,false
ecologistes:ideologiquement_coherent:54,19,withdrawal,reconquete,3.272,false
ecologistes:ideologiquement_coherent:56,19,withdrawal,reconquete,2.991,false
ecologistes:ideologiquement_coherent:58,21,strategic_withdrawal,reconquete,3.354,false
ecologistes:ideologiquement_coherent:62,14,withdrawal,reconquete,3.604,false
ecologistes:ideologiquement_coherent:65,15,withdrawal,reconquete,3.816,true
ecologistes:ideologiquement_coherent:67,19,strategic_withdrawal,reconquete,3.36,false
ecologistes:ideologiquement_coherent:68,21,withdrawal,reconquete,3.152,false
ecologistes:ideologiquement_coherent:71,20,withdrawal,reconquete,3.508,false
ecologistes:ideologiquement_coherent:76,22,withdrawal,reconquete,2.732,false
ecologistes:ideologiquement_coherent:85,18,strategic_withdrawal,reconquete,3.734,false
ecologistes:ideologiquement_coherent:86,23,withdrawal,reconquete,39.808,true
ecologistes:ideologiquement_coherent:88,15,withdrawal,reconquete,3.731,false
ecologistes:ideologiquement_coherent:93,14,strategic_withdrawal,reconquete,3.482,false
ecologistes:ideologiquement_coherent:95,18,withdrawal,reconquete,3.34,false
ecologistes:ideologiquement_coherent:96,18,withdrawal,reconquete,3.041,false
ecologistes:ideologiquement_coherent:97,21,strategic_withdrawal,reconquete,2.948,false
ecologistes:ideologiquement_coherent:98,14,strategic_withdrawal,reconquete,3.508,false
ecologistes:ideologiquement_coherent:100,16,withdrawal,reconquete,3.5,false
ecologistes:ideologiquement_coherent:101,21,withdrawal,reconquete,3.008,false
ecologistes:ideologiquement_coherent:102,18,strategic_withdrawal,reconquete,3.446,false
ecologistes:ideologiquement_coherent:103,17,withdrawal,reconquete,3.549,false
ecologistes:ideologiquement_coherent:111,18,withdrawal,reconquete,3.057,false
ecologistes:ideologiquement_coherent:112,22,withdrawal,reconquete,2.729,false
ecologistes:ideologiquement_coherent:116,16,withdrawal,reconquete,3.548,false
ecologistes:ideologiquement_coherent:117,21,withdrawal,renaissance,8.376,false
ecologistes:ideologiquement_coherent:118,19,strategic_withdrawal,reconquete,3.541,false
ecologistes:ideologiquement_coherent:120,14,withdrawal,reconquete,3.519,false
ecologistes:ideologiquement_coherent:122,20,strategic_withdrawal,reconquete,3.404,false
ecologistes:ideologiquement_coherent:124,18,strategic_withdrawal,reconquete,3.572,false
ecologistes:ideologiquement_coherent:125,13,withdrawal,reconquete,3.513,false
ecologistes:ideologiquement_coherent:131,13,strategic_withdrawal,reconquete,3.62,false
ecologistes:ideologiquement_coherent:134,23,withdrawal,reconquete,47.661,true
ecologistes:ideologiquement_coherent:135,14,withdrawal,reconquete,3.428,false
ecologistes:ideologiquement_coherent:137,19,withdrawal,reconquete,3.563,false
ecologistes:ideologiquement_coherent:138,20,withdrawal,reconquete,3.23,false
ecologistes:ideologiquement_coherent:139,20,withdrawal,reconquete,3.222,false
ecologistes:ideologiquement_coherent:142,20,withdrawal,reconquete,3.073,false
ecologistes:ideologiquement_coherent:148,16,strategic_withdrawal,reconquete,3.459,false
ecologistes:ideologiquement_coherent:149,16,withdrawal,reconquete,3.236,false
ecologistes:opportuniste_electoral:1,16,withdrawal,reconquete,3.791,true
ecologistes:opportuniste_electoral:2,18,withdrawal,reconquete,2.969,false
ecologistes:opportuniste_electoral:3,15,withdrawal,reconquete,3.603,false
ecologistes:opportuniste_electoral:4,21,withdrawal,reconquete,3.538,false
ecologistes:opportuniste_electoral:5,21,withdrawal,reconquete,3.192,false
ecologistes:opportuniste_electoral:9,21,withdrawal,rn,14.021,false
ecologistes:opportuniste_electoral:15,19,strategic_withdrawal,reconquete,3.136,false
ecologistes:opportuniste_electoral:18,13,withdrawal,reconquete,3.939,false
ecologistes:opportuniste_electoral:21,13,withdrawal,reconquete,3.746,false
ecologistes:opportuniste_electoral:22,13,withdrawal,reconquete,3.845,false
ecologistes:opportuniste_electoral:28,19,withdrawal,reconquete,3.279,false
ecologistes:opportuniste_electoral:32,15,withdrawal,reconquete,3.291,true
ecologistes:opportuniste_electoral:35,15,strategic_withdrawal,reconquete,3.619,true
ecologistes:opportuniste_electoral:36,15,withdrawal,reconquete,3.548,true
ecologistes:opportuniste_electoral:40,13,withdrawal,reconquete,3.52,false
ecologistes:opportuniste_electoral:45,17,strategic_withdrawal,reconquete,3.496,false
ecologistes:opportuniste_electoral:52,13,withdrawal,reconquete,3.516,false
ecologistes:opportuniste_electoral:54,18,strategic_withdrawal,reconquete,3.15,false
ecologistes:opportuniste_electoral:57,23,withdrawal,reconquete,38.732,true
ecologistes:opportuniste_electoral:71,13,withdrawal,reconquete,3.602,false
ecologistes:opportuniste_electoral:72,16,withdrawal,reconquete,3.596,false
ecologistes:opportuniste_electoral:77,17,strategic_withdrawal,reconquete,3.398,false
ecologistes:opportuniste_electoral:78,13,strategic_withdrawal,reconquete,3.585,false
ecologistes:opportuniste_electoral:80,17,strategic_withdrawal,reconquete,3.788,false
ecologistes:opportuniste_electoral:81,17,strategic_withdrawal,reconquete,3.683,false
ecologistes:opportuniste_electoral:82,17,withdrawal,reconquete,3.622,false
ecologistes:opportuniste_electoral:85,13,withdrawal,reconquete,3.702,false
ecologistes:opportuniste_electoral:90,19,withdrawal,reconquete,3.631,false
ecologistes:opportuniste_electoral:91,16,strategic_withdrawal,reconquete,3.564,false
ecologistes:opportuniste_electoral:93,17,withdrawal,reconquete_dissidence_17,1.055,false
ecologistes:opportuniste_electoral:100,12,strategic_withdrawal,reconquete,3.772,false
ecologistes:opportuniste_electoral:103,15,withdrawal,reconquete,3.662,false
ecologistes:opportuniste_electoral:109,14,withdrawal,reconquete,3.684,false
ecologistes:opportuniste_electoral:117,21,withdrawal,reconquete,3.034,false
ecologistes:opportuniste_electoral:118,15,withdrawal,reconquete,3.238,true
ecologistes:opportuniste_electoral:132,15,strategic_withdrawal,reconquete,3.523,true
ecologistes:opportuniste_electoral:137,15,withdrawal,reconquete,3.391,true
ecologistes:opportuniste_electoral:140,17,withdrawal,reconquete,3.094,false
ecologistes:opportuniste_electoral:146,13,withdrawal,reconquete,3.089,false
ecologistes:opportuniste_electoral:147,17,withdrawal,rn,12.808,false
ecologistes:opportuniste_electoral:147,17,withdrawal,reconquete,12.808,false
ecologistes:parti_dabord:1,18,withdrawal,reconquete,3.695,false
ecologistes:parti_dabord:9,22,withdrawal,lr,9.06,false
ecologistes:parti_dabord:11,17,strategic_withdrawal,reconquete,3.299,false
ecologistes:parti_dabord:14,13,withdrawal,renaissance,10.332,false
ecologistes:parti_dabord:15,18,strategic_withdrawal,reconquete,3.17,false
ecologistes:parti_dabord:17,20,withdrawal,reconquete,3.088,false
ecologistes:parti_dabord:23,13,withdrawal,reconquete,3.669,false
ecologistes:parti_dabord:24,19,withdrawal,reconquete,3.583,false
ecologistes:parti_dabord:25,19,withdrawal,reconquete,3.209,false
ecologistes:parti_dabord:29,17,withdrawal,reconquete,2.98,false
ecologistes:parti_dabord:32,18,withdrawal,reconquete,3.518,false
ecologistes:parti_dabord:35,18,withdrawal,reconquete,3.487,false
ecologistes:parti_dabord:37,22,withdrawal,reconquete,3.718,false
ecologistes:parti_dabord:43,16,withdrawal,reconquete,3.525,false
ecologistes:parti_dabord:44,21,withdrawal,reconquete,3.218,false
ecologistes:parti_dabord:45,22,withdrawal,reconquete,3.638,false
ecologistes:parti_dabord:46,19,strategic_withdrawal,reconquete,3.471,false
ecologistes:parti_dabord:49,19,withdrawal,reconquete,3.714,false
ecologistes:parti_dabord:50,21,withdrawal,reconquete,3.098,false
ecologistes:parti_dabord:55,19,withdrawal,reconquete,3.357,false
ecologistes:parti_dabord:57,17,strategic_withdrawal,reconquete,3.407,false
ecologistes:parti_dabord:64,16,withdrawal,reconquete_dissidence_16,1.117,false
ecologistes:parti_dabord:68,22,withdrawal,reconquete,3.094,false
ecologistes:parti_dabord:69,22,withdrawal,reconquete,3.236,false
ecologistes:parti_dabord:80,14,withdrawal,reconquete,3.414,false
ecologistes:parti_dabord:84,20,withdrawal,reconquete,3.075,false
ecologistes:parti_dabord:86,14,strategic_withdrawal,reconquete,3.37,false
ecologistes:parti_dabord:87,17,withdrawal,reconquete,3.573,false
ecologistes:parti_dabord:88,14,withdrawal,reconquete,3.402,false
ecologistes:parti_dabord:90,23,withdrawal,reconquete,36.821,true
ecologistes:parti_dabord:91,21,withdrawal,reconquete,2.641,false
ecologistes:parti_dabord:94,19,withdrawal,reconquete,3.437,false
ecologistes:parti_dabord:95,23,withdrawal,reconquete,37.245,true
ecologistes:parti_dabord:98,20,withdrawal,reconquete,3.098,false
ecologistes:parti_dabord:102,18,strategic_withdrawal,reconquete,3.583,false
ecologistes:parti_dabord:106,17,withdrawal,reconquete,3.655,false
ecologistes:parti_dabord:107,13,withdrawal,reconquete,3.843,false
ecologistes:parti_dabord:109,21,strategic_withdrawal,reconquete,3.226,false
ecologistes:parti_dabord:110,15,withdrawal,reconquete,3.373,true
ecologistes:parti_dabord:112,20,withdrawal,reconquete,3.032,false
ecologistes:parti_dabord:121,15,withdrawal,reconquete,3.505,true
ecologistes:parti_dabord:122,16,withdrawal,reconquete,3.584,false
ecologistes:parti_dabord:125,15,withdrawal,reconquete,3.683,true
ecologistes:parti_dabord:126,16,withdrawal,reconquete,3.639,false
ecologistes:parti_dabord:127,16,withdrawal,reconquete,3.734,false
ecologistes:parti_dabord:136,19,withdrawal,reconquete,3.288,false
ecologistes:parti_dabord:137,13,withdrawal,reconquete,3.329,false
ecologistes:parti_dabord:140,13,withdrawal,reconquete,4.181,false
ecologistes:parti_dabord:141,19,withdrawal,reconquete,3.641,false
ecologistes:parti_dabord:145,23,withdrawal,reconquete,37.063,true
ecologistes:parti_dabord:148,16,strategic_withdrawal,reconquete,3.304,false
ecologistes:parti_dabord:149,18,withdrawal,reconquete,3.498,false
ecologistes:mediatique:0,20,strategic_withdrawal,reconquete,3.21,false
ecologistes:mediatique:7,20,withdrawal,lfi,9.611,false
ecologistes:mediatique:13,19,withdrawal,reconquete,3.459,false
ecologistes:mediatique:15,19,strategic_withdrawal,reconquete,3.713,false
ecologistes:mediatique:25,19,withdrawal,reconquete,3.545,false
ecologistes:mediatique:27,15,withdrawal,reconquete,3.299,true
ecologistes:mediatique:43,15,withdrawal,reconquete,4.112,true
ecologistes:mediatique:46,13,withdrawal,reconquete,3.558,false
ecologistes:mediatique:51,14,withdrawal,reconquete,3.612,false
ecologistes:mediatique:52,15,withdrawal,reconquete,4.031,false
ecologistes:mediatique:54,14,withdrawal,reconquete,3.378,false
ecologistes:mediatique:56,21,withdrawal,reconquete,3.491,false
ecologistes:mediatique:58,19,withdrawal,reconquete,3.554,false
ecologistes:mediatique:63,14,withdrawal,reconquete,3.883,false
ecologistes:mediatique:66,23,withdrawal,reconquete,38.544,true
ecologistes:mediatique:67,15,withdrawal,reconquete,3.107,true
ecologistes:mediatique:70,19,withdrawal,reconquete,3.721,false
ecologistes:mediatique:75,15,withdrawal,reconquete,3.273,true
ecologistes:mediatique:76,13,withdrawal,reconquete,3.581,false
ecologistes:mediatique:77,19,withdrawal,reconquete,3.02,false
ecologistes:mediatique:80,21,withdrawal,reconquete,3.535,false
ecologistes:mediatique:89,16,withdrawal,reconquete,3.793,true
ecologistes:mediatique:90,21,strategic_withdrawal,reconquete,3.714,false
ecologistes:mediatique:91,15,withdrawal,reconquete,3.592,true
ecologistes:mediatique:92,13,strategic_withdrawal,reconquete,3.805,false
ecologistes:mediatique:94,16,withdrawal,reconquete,3.872,false
ecologistes:mediatique:96,19,withdrawal,lr,10.084,false
ecologistes:mediatique:97,14,withdrawal,reconquete,3.645,false
ecologistes:mediatique:99,20,withdrawal,reconquete,3.411,false
ecologistes:mediatique:100,20,withdrawal,reconquete,2.989,false
ecologistes:mediatique:115,13,withdrawal,reconquete,3.794,false
ecologistes:mediatique:117,14,withdrawal,reconquete,3.166,false
ecologistes:mediatique:118,20,withdrawal,reconquete,3.438,false
ecologistes:mediatique:127,19,withdrawal,reconquete,2.588,false
ecologistes:mediatique:129,14,withdrawal,reconquete,3.863,false
ecologistes:mediatique:130,16,strategic_withdrawal,reconquete,3.749,false
ecologistes:mediatique:134,17,withdrawal,reconquete,3.628,false
ecologistes:mediatique:138,20,withdrawal,reconquete,3.556,false
ecologistes:mediatique:140,16,strategic_withdrawal,reconquete,3.503,false
ecologistes:mediatique:142,15,withdrawal,reconquete,3.542,false
ecologistes:mediatique:147,20,withdrawal,reconquete,3.55,false
ecologistes:contrarien:2,14,withdrawal,reconquete,3.614,false
ecologistes:contrarien:5,14,withdrawal,reconquete,3.759,false
ecologistes:contrarien:12,21,withdrawal,reconquete,3.544,false
ecologistes:contrarien:20,21,withdrawal,reconquete,3.664,false
ecologistes:contrarien:22,13,withdrawal,reconquete,3.804,false
ecologistes:contrarien:23,17,withdrawal,nouvelle_energie,9.51,false
ecologistes:contrarien:28,22,withdrawal,reconquete,3.235,false
ecologistes:contrarien:33,17,withdrawal,reconquete,3.592,false
ecologistes:contrarien:34,23,withdrawal,reconquete,42.255,true
ecologistes:contrarien:38,20,withdrawal,reconquete,3.386,false
ecologistes:contrarien:39,14,withdrawal,reconquete,3.551,false
ecologistes:contrarien:45,13,withdrawal,reconquete,3.933,false
ecologistes:contrarien:49,22,withdrawal,reconquete,3.364,false
ecologistes:contrarien:52,13,withdrawal,reconquete,3.73,false
ecologistes:contrarien:61,14,withdrawal,reconquete,3.788,false
ecologistes:contrarien:64,15,strategic_withdrawal,reconquete,3.838,true
ecologistes:contrarien:65,23,withdrawal,reconquete,36.501,true
ecologistes:contrarien:73,22,withdrawal,reconquete,4.16,false
ecologistes:contrarien:79,16,withdrawal,reconquete,3.932,false
ecologistes:contrarien:81,15,withdrawal,reconquete,3.519,true
ecologistes:contrarien:87,14,withdrawal,reconquete,3.69,false
ecologistes:contrarien:90,16,withdrawal,reconquete,3.663,false
ecologistes:contrarien:91,18,withdrawal,rn,13.026,false
ecologistes:contrarien:100,23,withdrawal,reconquete,36.346,true
ecologistes:contrarien:106,22,withdrawal,reconquete,3.468,false
ecologistes:contrarien:110,19,withdrawal,reconquete,3.712,false
ecologistes:contrarien:112,18,withdrawal,reconquete,3.361,false
ecologistes:contrarien:114,22,withdrawal,reconquete,3.634,false
ecologistes:contrarien:116,16,withdrawal,reconquete,3.58,false
ecologistes:contrarien:123,19,withdrawal,reconquete_dissidence_16,5.837,false
ecologistes:contrarien:124,13,withdrawal,reconquete,4.018,false
ecologistes:contrarien:125,23,withdrawal,reconquete,44.835,true
ecologistes:contrarien:130,16,withdrawal,reconquete,3.748,false
ecologistes:contrarien:132,17,withdrawal,reconquete,3.23,false
ecologistes:contrarien:136,20,withdrawal,reconquete,2.988,false
ecologistes:contrarien:137,22,withdrawal,reconquete,3.302,false
ecologistes:contrarien:144,20,withdrawal,reconquete,3.691,false
ecologistes:contrarien:147,13,withdrawal,reconquete,3.391,false
renaissance:aleatoire:2,14,withdrawal,reconquete,3.703,false
renaissance:aleatoire:3,17,strategic_withdrawal,reconquete,3.859,false
renaissance:aleatoire:4,14,withdrawal,reconquete,3.314,false
renaissance:aleatoire:6,18,withdrawal,reconquete,3.407,false
renaissance:aleatoire:12,12,strategic_withdrawal,reconquete,3.576,false
renaissance:aleatoire:13,16,withdrawal,nouvelle_energie,8.91,false
renaissance:aleatoire:22,17,strategic_withdrawal,reconquete,3.39,false
renaissance:aleatoire:24,20,strategic_withdrawal,ecologistes,7.677,false
renaissance:aleatoire:25,18,withdrawal,reconquete,3.561,false
renaissance:aleatoire:28,13,withdrawal,reconquete,3.818,false
renaissance:aleatoire:32,13,withdrawal,reconquete,3.736,false
renaissance:aleatoire:33,20,withdrawal,reconquete,3.41,false
renaissance:aleatoire:35,14,strategic_withdrawal,reconquete,3.743,false
renaissance:aleatoire:36,13,strategic_withdrawal,reconquete,3.826,false
renaissance:aleatoire:41,15,strategic_withdrawal,reconquete,3.493,false
renaissance:aleatoire:44,16,strategic_withdrawal,reconquete,3.392,false
renaissance:aleatoire:45,11,strategic_withdrawal,reconquete,3.537,false
renaissance:aleatoire:46,16,withdrawal,reconquete,3.61,false
renaissance:aleatoire:49,18,withdrawal,reconquete,3.183,false
renaissance:aleatoire:52,13,withdrawal,nouvelle_energie,9.469,false
renaissance:aleatoire:52,22,withdrawal,reconquete,3.198,false
renaissance:aleatoire:59,22,withdrawal,reconquete,3.207,false
renaissance:aleatoire:60,13,strategic_withdrawal,reconquete,3.889,false
renaissance:aleatoire:65,21,strategic_withdrawal,reconquete,3.97,false
renaissance:aleatoire:66,21,withdrawal,reconquete,3.724,false
renaissance:aleatoire:67,20,withdrawal,reconquete,3.085,false
renaissance:aleatoire:70,14,strategic_withdrawal,reconquete,3.718,false
renaissance:aleatoire:74,19,withdrawal,reconquete,3.475,false
renaissance:aleatoire:75,22,withdrawal,reconquete,3.422,false
renaissance:aleatoire:76,15,withdrawal,reconquete,4.146,true
renaissance:aleatoire:77,21,withdrawal,reconquete,3.053,false
renaissance:aleatoire:79,13,strategic_withdrawal,reconquete,3.532,false
renaissance:aleatoire:80,21,withdrawal,reconquete,3.157,false
renaissance:aleatoire:81,17,withdrawal,reconquete,3.494,false
renaissance:aleatoire:84,14,withdrawal,reconquete,3.167,false
renaissance:aleatoire:87,13,withdrawal,reconquete,3.841,false
renaissance:aleatoire:88,21,withdrawal,reconquete,3.125,false
renaissance:aleatoire:90,13,strategic_withdrawal,reconquete,3.455,false
renaissance:aleatoire:91,13,withdrawal,rn,12.469,false
renaissance:aleatoire:92,14,withdrawal,reconquete,3.68,false
renaissance:aleatoire:94,15,strategic_withdrawal,reconquete,3.437,true
renaissance:aleatoire:96,17,withdrawal,reconquete,3.39,false
renaissance:aleatoire:98,12,strategic_withdrawal,reconquete,3.351,false
renaissance:aleatoire:98,19,strategic_withdrawal,ecologistes,8.055,false
renaissance:aleatoire:99,17,withdrawal,reconquete,3.335,false
renaissance:aleatoire:105,18,strategic_withdrawal,reconquete,3.433,false
renaissance:aleatoire:113,16,withdrawal,reconquete,3.573,false
renaissance:aleatoire:122,13,withdrawal,reconquete,3.343,false
renaissance:aleatoire:123,19,withdrawal,reconquete,3.383,false
renaissance:aleatoire:126,15,strategic_withdrawal,reconquete,2.982,true
renaissance:aleatoire:128,17,withdrawal,reconquete,3.601,false
renaissance:aleatoire:129,16,withdrawal,reconquete,3.588,false
renaissance:aleatoire:130,14,withdrawal,reconquete,3.624,false
renaissance:aleatoire:133,18,withdrawal,reconquete,3.68,false
renaissance:aleatoire:137,23,withdrawal,reconquete,38.956,true
renaissance:aleatoire:138,23,withdrawal,reconquete,38.111,true
renaissance:aleatoire:139,19,withdrawal,reconquete,3.438,false
renaissance:aleatoire:147,21,strategic_withdrawal,reconquete,3.2,false
renaissance:aleatoire:149,16,strategic_withdrawal,reconquete,3.929,false
renaissance:prudent:4,16,strategic_withdrawal,ecologistes,8.204,false
renaissance:prudent:6,14,strategic_withdrawal,ecologistes,8.293,false
renaissance:prudent:6,22,withdrawal,reconquete,3.404,false
renaissance:prudent:7,13,withdrawal,reconquete,3.523,false
renaissance:prudent:8,14,strategic_withdrawal,reconquete,3.347,false
renaissance:prudent:9,18,withdrawal,reconquete,3.268,false
renaissance:prudent:11,21,withdrawal,reconquete,3.11,false
renaissance:prudent:13,15,withdrawal,reconquete,3.721,true
renaissance:prudent:14,15,withdrawal,reconquete,3.211,true
renaissance:prudent:16,13,strategic_withdrawal,reconquete,3.594,false
renaissance:prudent:18,16,strategic_withdrawal,reconquete,3.208,true
renaissance:prudent:21,13,strategic_withdrawal,reconquete,3.527,false
renaissance:prudent:23,11,strategic_withdrawal,reconquete,3.829,false
renaissance:prudent:24,18,withdrawal,reconquete,3.281,false
renaissance:prudent:26,17,withdrawal,reconquete,3.141,false
renaissance:prudent:29,19,strategic_withdrawal,reconquete,3.461,false
renaissance:prudent:33,16,withdrawal,reconquete,3.387,false
renaissance:prudent:35,15,strategic_withdrawal,reconquete,2.975,true
renaissance:prudent:36,18,withdrawal,reconquete,2.883,false
renaissance:prudent:37,15,strategic_withdrawal,reconquete,3.542,true
renaissance:prudent:39,16,withdrawal,reconquete,3.137,false
renaissance:prudent:42,18,strategic_withdrawal,reconquete,3.401,false
renaissance:prudent:46,18,withdrawal,reconquete,3.07,false
renaissance:prudent:48,13,withdrawal,reconquete,3.74,false
renaissance:prudent:49,22,withdrawal,reconquete,3.749,false
renaissance:prudent:51,13,strategic_withdrawal,reconquete,3.244,false
renaissance:prudent:53,13,withdrawal,reconquete,3.485,false
renaissance:prudent:54,16,withdrawal,reconquete,3.317,false
renaissance:prudent:56,13,strategic_withdrawal,reconquete,3.234,false
renaissance:prudent:62,11,strategic_withdrawal,reconquete,3.611,false
renaissance:prudent:66,20,strategic_withdrawal,reconquete,3.565,false
renaissance:prudent:68,16,withdrawal,reconquete,2.84,true
renaissance:prudent:69,17,strategic_withdrawal,reconquete,3.877,false
renaissance:prudent:73,15,strategic_withdrawal,ecologistes,8.15,true
renaissance:prudent:73,22,withdrawal,reconquete,3.433,false
renaissance:prudent:76,23,withdrawal,reconquete,37.654,true
renaissance:prudent:78,21,strategic_withdrawal,reconquete,3.136,false
renaissance:prudent:80,13,strategic_withdrawal,ecologistes,8.262,false
renaissance:prudent:80,19,withdrawal,reconquete,3.752,false
renaissance:prudent:82,11,strategic_withdrawal,reconquete,3.711,false
renaissance:prudent:88,13,strategic_withdrawal,reconquete,3.689,false
renaissance:prudent:89,21,withdrawal,reconquete,3.392,false
renaissance:prudent:90,17,withdrawal,reconquete,3.066,false
renaissance:prudent:94,15,withdrawal,reconquete,3.414,false
renaissance:prudent:95,12,strategic_withdrawal,reconquete,3.395,false
renaissance:prudent:97,18,withdrawal,reconquete,3.669,false
renaissance:prudent:98,17,strategic_withdrawal,reconquete,3.82,false
renaissance:prudent:100,18,strategic_withdrawal,reconquete,3.49,false
renaissance:prudent:102,22,withdrawal,reconquete,3.676,false
renaissance:prudent:103,14,withdrawal,reconquete,3.219,false
renaissance:prudent:105,18,strategic_withdrawal,reconquete,2.99,false
renaissance:prudent:106,16,withdrawal,ps,11.529,false
renaissance:prudent:110,15,withdrawal,reconquete,3.479,false
renaissance:prudent:113,12,strategic_withdrawal,reconquete,3.554,false
renaissance:prudent:115,15,withdrawal,reconquete,3.839,false
renaissance:prudent:117,11,strategic_withdrawal,reconquete,3.493,false
renaissance:prudent:119,18,withdrawal,reconquete,3.516,false
renaissance:prudent:124,17,withdrawal,reconquete,3.455,false
renaissance:prudent:129,15,strategic_withdrawal,reconquete,3.461,false
renaissance:prudent:130,13,withdrawal,reconquete,3.755,false
renaissance:prudent:134,16,withdrawal,reconquete,3.489,false
renaissance:prudent:135,13,strategic_withdrawal,reconquete,3.656,false
renaissance:prudent:136,20,strategic_withdrawal,reconquete,3.627,false
renaissance:prudent:140,17,withdrawal,reconquete,3.351,false
renaissance:prudent:142,22,withdrawal,reconquete,3.409,false
renaissance:prudent:145,18,withdrawal,reconquete,3.914,false
renaissance:prudent:147,19,withdrawal,reconquete,3.151,false
renaissance:prudent:148,14,withdrawal,reconquete,3.476,false
renaissance:prudent:149,18,strategic_withdrawal,ecologistes,7.96,false
renaissance:risque:2,13,withdrawal,reconquete,3.187,false
renaissance:risque:4,13,strategic_withdrawal,reconquete,3.754,false
renaissance:risque:5,17,withdrawal,reconquete,2.282,false
renaissance:risque:5,20,strategic_withdrawal,reconquete_dissidence_16,5.318,false
renaissance:risque:6,20,withdrawal,reconquete,3.03,false
renaissance:risque:7,16,strategic_withdrawal,reconquete,3.424,false
renaissance:risque:8,14,withdrawal,reconquete,3.419,false
renaissance:risque:11,21,withdrawal,reconquete,3.402,false
renaissance:risque:12,12,strategic_withdrawal,reconquete,3.604,false
renaissance:risque:13,17,strategic_withdrawal,reconquete,3.727,false
renaissance:risque:15,17,withdrawal,reconquete,3.577,false
renaissance:risque:17,14,strategic_withdrawal,reconquete,3.293,false
renaissance:risque:18,22,withdrawal,reconquete,2.26,false
renaissance:risque:20,15,strategic_withdrawal,reconquete,3.354,true
renaissance:risque:20,20,strategic_withdrawal,ecologistes,7.094,false
renaissance:risque:21,13,withdrawal,reconquete,3.9,false
renaissance:risque:31,21,strategic_withdrawal,reconquete,3.289,false
renaissance:risque:37,13,withdrawal,reconquete,3.712,false
renaissance:risque:39,12,strategic_withdrawal,reconquete,3.726,false
renaissance:risque:43,20,strategic_withdrawal,reconquete,3.246,false
renaissance:risque:45,14,withdrawal,reconquete,3.745,false
renaissance:risque:47,16,strategic_withdrawal,reconquete,3.543,false
renaissance:risque:51,19,strategic_withdrawal,reconquete,3.437,false
renaissance:risque:52,13,strategic_withdrawal,reconquete,3.884,false
renaissance:risque:54,22,withdrawal,reconquete,3.022,false
renaissance:risque:55,13,withdrawal,reconquete,3.682,false
renaissance:risque:57,20,withdrawal,reconquete,3.376,false
renaissance:risque:62,20,withdrawal,reconquete,2.948,false
renaissance:risque:64,16,withdrawal,reconquete,4.082,false
renaissance:risque:66,19,strategic_withdrawal,reconquete,3.631,false
renaissance:risque:66,23,withdrawal,rn,38.423,true
renaissance:risque:73,20,strategic_withdrawal,reconquete,3.395,false
renaissance:risque:75,17,withdrawal,reconquete,3.478,false
renaissance:risque:77,14,strategic_withdrawal,ecologistes,8.178,false
renaissance:risque:79,18,strategic_withdrawal,reconquete,2.984,false
renaissance:risque:80,18,withdrawal,reconquete,3.042,false
renaissance:risque:83,22,withdrawal,reconquete,3.339,false
renaissance:risque:84,17,withdrawal,reconquete,3.974,false
renaissance:risque:86,18,withdrawal,reconquete,3.56,false
renaissance:risque:89,23,withdrawal,reconquete,44.489,true
renaissance:risque:90,16,strategic_withdrawal,reconquete,3.6,false
renaissance:risque:92,21,strategic_withdrawal,reconquete,3.782,false
renaissance:risque:94,15,strategic_withdrawal,reconquete,3.573,true
renaissance:risque:96,21,withdrawal,reconquete,2.577,false
renaissance:risque:99,15,strategic_withdrawal,reconquete,3.642,true
renaissance:risque:101,22,withdrawal,reconquete,3.18,false
renaissance:risque:102,19,strategic_withdrawal,reconquete,3.264,false
renaissance:risque:107,16,strategic_withdrawal,ecologistes,8.158,true
renaissance:risque:108,20,withdrawal,horizons,13.313,false
renaissance:risque:109,19,strategic_withdrawal,reconquete,3.525,false
renaissance:risque:114,18,strategic_withdrawal,ecologistes,7.564,false
renaissance:risque:114,21,withdrawal,reconquete,2.276,false
renaissance:risque:119,18,strategic_withdrawal,reconquete,3.279,false
renaissance:risque:121,13,strategic_withdrawal,reconquete,3.193,false
renaissance:risque:124,18,withdrawal,reconquete,3.708,false
renaissance:risque:125,17,strategic_withdrawal,reconquete,3.314,false
renaissance:risque:127,14,strategic_withdrawal,reconquete,3.63,false
renaissance:risque:128,21,strategic_withdrawal,ecologistes,8.041,false
renaissance:risque:131,19,strategic_withdrawal,reconquete,3.67,false
renaissance:risque:132,18,strategic_withdrawal,reconquete,3.243,false
renaissance:risque:135,15,strategic_withdrawal,ecologistes,8.151,true
renaissance:risque:136,13,withdrawal,reconquete,3.228,false
renaissance:risque:139,16,strategic_withdrawal,reconquete,3.846,false
renaissance:risque:141,12,strategic_withdrawal,reconquete,3.617,false
renaissance:risque:143,14,withdrawal,reconquete,3.611,false
renaissance:risque:144,13,strategic_withdrawal,reconquete,3.518,false
renaissance:risque:145,14,withdrawal,reconquete,3.513,false
renaissance:risque:146,13,withdrawal,reconquete,3.588,false
renaissance:ideologiquement_coherent:1,15,withdrawal,reconquete,3.396,false
renaissance:ideologiquement_coherent:9,15,withdrawal,reconquete,3.667,true
renaissance:ideologiquement_coherent:10,13,withdrawal,reconquete,3.491,false
renaissance:ideologiquement_coherent:11,13,withdrawal,lr,9.261,false
renaissance:ideologiquement_coherent:11,15,strategic_withdrawal,reconquete,3.782,false
renaissance:ideologiquement_coherent:16,15,strategic_withdrawal,reconquete,3.555,true
renaissance:ideologiquement_coherent:18,22,withdrawal,reconquete,3.276,false
renaissance:ideologiquement_coherent:25,20,withdrawal,reconquete,3.027,false
renaissance:ideologiquement_coherent:26,21,strategic_withdrawal,reconquete,3.45,false
renaissance:ideologiquement_coherent:27,16,strategic_withdrawal,reconquete,3.494,false
renaissance:ideologiquement_coherent:28,21,withdrawal,reconquete,3.217,false
renaissance:ideologiquement_coherent:29,20,withdrawal,reconquete,3.226,false
renaissance:ideologiquement_coherent:30,13,strategic_withdrawal,reconquete,3.462,false
renaissance:ideologiquement_coherent:31,19,strategic_withdrawal,reconquete,3.235,false
renaissance:ideologiquement_coherent:32,17,withdrawal,reconquete,3.473,false
renaissance:ideologiquement_coherent:33,17,withdrawal,reconquete,3.023,false
renaissance:ideologiquement_coherent:33,20,withdrawal,rn,13.027,false
renaissance:ideologiquement_coherent:34,17,strategic_withdrawal,reconquete,3.412,false
renaissance:ideologiquement_coherent:39,20,withdrawal,reconquete,3.307,false
renaissance:ideologiquement_coherent:40,18,strategic_withdrawal,reconquete,3.542,false
renaissance:ideologiquement_coherent:46,17,withdrawal,reconquete,3.393,false
renaissance:ideologiquement_coherent:47,13,withdrawal,reconquete,3.553,false
renaissance:ideologiquement_coherent:49,15,withdrawal,reconquete,3.708,true
renaissance:ideologiquement_coherent:53,14,withdrawal,reconquete,3.625,true
renaissance:ideologiquement_coherent:54,14,strategic_withdrawal,reconquete,3.325,false
renaissance:ideologiquement_coherent:59,22,withdrawal,reconquete,3.359,false
renaissance:ideologiquement_coherent:60,13,withdrawal,reconquete,3.572,false
renaissance:ideologiquement_coherent:62,13,withdrawal,reconquete,3.751,false
renaissance:ideologiquement_coherent:69,19,withdrawal,reconquete,3.393,false
renaissance:ideologiquement_coherent:70,23,withdrawal,reconquete,35.949,true
renaissance:ideologiquement_coherent:71,15,strategic_withdrawal,reconquete,3.287,false
renaissance:ideologiquement_coherent:73,19,withdrawal,reconquete,3.023,false
renaissance:ideologiquement_coherent:74,19,strategic_withdrawal,reconquete,3.418,false
renaissance:ideologiquement_coherent:76,14,withdrawal,reconquete,3.397,false
renaissance:ideologiquement_coherent:78,17,strategic_withdrawal,reconquete,2.985,false
renaissance:ideologiquement_coherent:79,14,withdrawal,reconquete,3.789,false
renaissance:ideologiquement_coherent:80,20,strategic_withdrawal,reconquete,3.101,false
renaissance:ideologiquement_coherent:82,15,withdrawal,reconquete,3.772,true
renaissance:ideologiquement_coherent:83,20,strategic_withdrawal,ecologistes,7.837,false
renaissance:ideologiquement_coherent:84,16,withdrawal,reconquete,3.362,false
renaissance:ideologiquement_coherent:85,14,withdrawal,reconquete,3.502,false
renaissance:ideologiquement_coherent:86,16,strategic_withdrawal,reconquete,3.211,false
renaissance:ideologiquement_coherent:88,17,withdrawal,reconquete,3.42,false
renaissance:ideologiquement_coherent:89,18,strategic_withdrawal,reconquete,3.211,false
renaissance:ideologiquement_coherent:93,23,withdrawal,reconquete,38.499,true
renaissance:ideologiquement_coherent:94,15,strategic_withdrawal,reconquete,3.677,true
renaissance:ideologiquement_coherent:95,18,strategic_withdrawal,reconquete,3.576,false
renaissance:ideologiquement_coherent:99,18,withdrawal,reconquete,3.518,false
renaissance:ideologiquement_coherent:100,17,withdrawal,reconquete,3.544,false
renaissance:ideologiquement_coherent:103,21,strategic_withdrawal,ecologistes,7.865,false
renaissance:ideologiquement_coherent:105,16,withdrawal,reconquete,3.559,false
renaissance:ideologiquement_coherent:106,15,withdrawal,reconquete,3.731,true
renaissance:ideologiquement_coherent:107,15,strategic_withdrawal,reconquete,3.561,true
renaissance:ideologiquement_coherent:110,15,withdrawal,reconquete,3.447,true
renaissance:ideologiquement_coherent:111,22,withdrawal,reconquete,2.891,false
renaissance:ideologiquement_coherent:112,19,withdrawal,reconquete,3.485,false
renaissance:ideologiquement_coherent:114,15,strategic_withdrawal,reconquete,3.958,true
renaissance:ideologiquement_coherent:118,18,withdrawal,reconquete,3.372,false
renaissance:ideologiquement_coherent:121,15,withdrawal,reconquete,3.756,true
renaissance:ideologiquement_coherent:122,13,withdrawal,reconquete,3.623,false
renaissance:ideologiquement_coherent:124,19,withdrawal,reconquete,3.107,false
renaissance:ideologiquement_coherent:127,12,strategic_withdrawal,reconquete,3.678,false
renaissance:ideologiquement_coherent:128,18,withdrawal,reconquete,3.528,false
renaissance:ideologiquement_coherent:130,12,strategic_withdrawal,reconquete,2.883,false
renaissance:ideologiquement_coherent:132,17,strategic_withdrawal,reconquete,3.162,false
renaissance:ideologiquement_coherent:135,13,strategic_withdrawal,reconquete,3.296,false
renaissance:ideologiquement_coherent:136,15,withdrawal,reconquete,3.519,true
renaissance:ideologiquement_coherent:141,16,withdrawal,reconquete,3.732,false
renaissance:ideologiquement_coherent:145,20,withdrawal,reconquete,3.1,false
renaissance:ideologiquement_coherent:147,19,withdrawal,reconquete,3.303,false
renaissance:ideologiquement_coherent:149,17,withdrawal,reconquete,3.277,false
renaissance:opportuniste_electoral:1,19,strategic_withdrawal,reconquete,3.593,false
renaissance:opportuniste_electoral:5,15,withdrawal,reconquete,3.696,true
renaissance:opportuniste_electoral:5,19,strategic_withdrawal,ecologistes,7.655,false
renaissance:opportuniste_electoral:7,17,strategic_withdrawal,ecologistes,8.145,false
renaissance:opportuniste_electoral:8,12,strategic_withdrawal,reconquete,3.692,false
renaissance:opportuniste_electoral:9,18,withdrawal,ps,12.532,false
renaissance:opportuniste_electoral:12,13,strategic_withdrawal,ecologistes,7.445,false
renaissance:opportuniste_electoral:12,14,withdrawal,reconquete,3.692,false
renaissance:opportuniste_electoral:13,17,strategic_withdrawal,reconquete,3.425,false
renaissance:opportuniste_electoral:16,18,strategic_withdrawal,reconquete,3.536,false
renaissance:opportuniste_electoral:17,19,strategic_withdrawal,reconquete,3.591,false
renaissance:opportuniste_electoral:19,15,strategic_withdrawal,reconquete,3.886,true
renaissance:opportuniste_electoral:23,14,strategic_withdrawal,reconquete,3.112,false
renaissance:opportuniste_electoral:24,20,strategic_withdrawal,reconquete,3.28,false
renaissance:opportuniste_electoral:30,23,withdrawal,reconquete,35.294,true
renaissance:opportuniste_electoral:34,22,withdrawal,reconquete,2.373,false
renaissance:opportuniste_electoral:38,14,withdrawal,reconquete,3.334,false
renaissance:opportuniste_electoral:40,13,withdrawal,reconquete,3.151,false
renaissance:opportuniste_electoral:43,17,withdrawal,reconquete,4.011,false
renaissance:opportuniste_electoral:52,18,strategic_withdrawal,ecologistes,7.901,false
renaissance:opportuniste_electoral:53,15,strategic_withdrawal,ecologistes,8.395,true
renaissance:opportuniste_electoral:53,15,withdrawal,reconquete,8.395,true
renaissance:opportuniste_electoral:54,18,strategic_withdrawal,ecologistes,7.336,false
renaissance:opportuniste_electoral:55,19,withdrawal,reconquete,3.506,false
renaissance:opportuniste_electoral:57,17,strategic_withdrawal,reconquete,3.817,false
renaissance:opportuniste_electoral:58,19,withdrawal,reconquete,3.14,false
renaissance:opportuniste_electoral:64,22,withdrawal,reconquete,3.075,false
renaissance:opportuniste_electoral:68,18,withdrawal,reconquete,3.402,false
renaissance:opportuniste_electoral:74,19,withdrawal,reconquete,3.298,false
renaissance:opportuniste_electoral:76,21,withdrawal,reconquete,3.43,false
renaissance:opportuniste_electoral:84,15,withdrawal,reconquete,3.534,true
renaissance:opportuniste_electoral:85,22,withdrawal,reconquete,3.498,false
renaissance:opportuniste_electoral:91,14,withdrawal,reconquete,3.389,false
renaissance:opportuniste_electoral:95,20,withdrawal,reconquete,3.938,false
renaissance:opportuniste_electoral:102,17,strategic_withdrawal,reconquete,3.771,false
renaissance:opportuniste_electoral:103,19,withdrawal,reconquete,3.453,false
renaissance:opportuniste_electoral:104,13,withdrawal,reconquete,3.691,false
renaissance:opportuniste_electoral:105,22,withdrawal,reconquete,3.554,false
renaissance:opportuniste_electoral:109,14,strategic_withdrawal,reconquete,3.542,false
renaissance:opportuniste_electoral:112,21,withdrawal,reconquete,3.491,false
renaissance:opportuniste_electoral:116,14,withdrawal,reconquete,3.558,false
renaissance:opportuniste_electoral:117,19,strategic_withdrawal,reconquete,3.438,false
renaissance:opportuniste_electoral:119,16,withdrawal,reconquete,3.779,false
renaissance:opportuniste_electoral:120,16,strategic_withdrawal,reconquete,3.401,false
renaissance:opportuniste_electoral:126,13,withdrawal,reconquete,3.668,false
renaissance:opportuniste_electoral:127,13,withdrawal,reconquete,3.57,false
renaissance:opportuniste_electoral:132,16,strategic_withdrawal,reconquete,3.374,false
renaissance:opportuniste_electoral:137,17,withdrawal,reconquete,3.454,false
renaissance:opportuniste_electoral:139,21,strategic_withdrawal,ecologistes,8.651,false
renaissance:opportuniste_electoral:139,22,withdrawal,reconquete,4.153,false
renaissance:opportuniste_electoral:141,22,withdrawal,reconquete,3.225,false
renaissance:opportuniste_electoral:142,18,withdrawal,reconquete,3.264,false
renaissance:opportuniste_electoral:144,16,withdrawal,reconquete,3.731,false
renaissance:opportuniste_electoral:144,23,withdrawal,ps,37.051,true
renaissance:opportuniste_electoral:146,16,strategic_withdrawal,reconquete,3.765,false
renaissance:opportuniste_electoral:149,18,strategic_withdrawal,ecologistes,7.914,false
renaissance:opportuniste_electoral:149,22,withdrawal,reconquete,3.824,false
renaissance:parti_dabord:0,21,strategic_withdrawal,reconquete,3.209,false
renaissance:parti_dabord:8,16,withdrawal,reconquete,3.139,false
renaissance:parti_dabord:9,18,strategic_withdrawal,reconquete,3.772,false
renaissance:parti_dabord:15,20,withdrawal,reconquete,3.652,false
renaissance:parti_dabord:17,18,strategic_withdrawal,reconquete,3.107,false
renaissance:parti_dabord:18,16,withdrawal,reconquete,3.534,true
renaissance:parti_dabord:20,16,withdrawal,reconquete,3.424,false
renaissance:parti_dabord:23,20,strategic_withdrawal,reconquete,3.584,false
renaissance:parti_dabord:24,22,withdrawal,reconquete,2.693,false
renaissance:parti_dabord:25,19,strategic_withdrawal,reconquete,3.354,false
renaissance:parti_dabord:26,18,withdrawal,reconquete,3.35,false
renaissance:parti_dabord:28,14,withdrawal,reconquete,3.739,false
renaissance:parti_dabord:28,16,strategic_withdrawal,ecologistes,8.261,false
renaissance:parti_dabord:30,19,withdrawal,reconquete,3.369,false
renaissance:parti_dabord:34,17,strategic_withdrawal,reconquete,3.56,false
renaissance:parti_dabord:35,13,strategic_withdrawal,reconquete,3.405,false
renaissance:parti_dabord:37,19,withdrawal,reconquete,3.306,false
renaissance:parti_dabord:39,14,strategic_withdrawal,reconquete,3.5,false
renaissance:parti_dabord:43,14,withdrawal,reconquete,3.606,false
renaissance:parti_dabord:44,14,strategic_withdrawal,reconquete,3.567,false
renaissance:parti_dabord:49,20,withdrawal,reconquete,3.218,false
renaissance:parti_dabord:50,13,withdrawal,reconquete,3.499,false
renaissance:parti_dabord:51,15,strategic_withdrawal,reconquete,3.543,true
renaissance:parti_dabord:54,15,withdrawal,reconquete,3.295,false
renaissance:parti_dabord:56,20,strategic_withdrawal,reconquete,3.458,false
renaissance:parti_dabord:60,19,strategic_withdrawal,reconquete,3.654,false
renaissance:parti_dabord:62,16,withdrawal,reconquete,3.611,false
renaissance:parti_dabord:63,17,withdrawal,reconquete,3.486,false
renaissance:parti_dabord:66,20,strategic_withdrawal,ecologistes,7.83,false
renaissance:parti_dabord:70,20,withdrawal,reconquete,3.275,false
renaissance:parti_dabord:71,22,withdrawal,reconquete,3.572,false
renaissance:parti_dabord:75,11,strategic_withdrawal,reconquete,3.269,false
renaissance:parti_dabord:77,19,strategic_withdrawal,reconquete,3.638,false
renaissance:parti_dabord:78,17,strategic_withdrawal,ecologistes,7.966,false
renaissance:parti_dabord:78,20,withdrawal,reconquete,3.507,false
renaissance:parti_dabord:79,22,withdrawal,reconquete,2.401,false
renaissance:parti_dabord:80,14,withdrawal,reconquete,3.525,false
renaissance:parti_dabord:81,16,strategic_withdrawal,reconquete,2.979,false
renaissance:parti_dabord:82,13,strategic_withdrawal,reconquete,3.736,false
renaissance:parti_dabord:84,16,withdrawal,reconquete,3.375,false
renaissance:parti_dabord:89,17,strategic_withdrawal,reconquete,3.652,false
renaissance:parti_dabord:90,15,strategic_withdrawal,reconquete,2.946,true
renaissance:parti_dabord:91,11,strategic_withdrawal,reconquete,3.383,false
renaissance:parti_dabord:93,17,withdrawal,reconquete,3.424,false
renaissance:parti_dabord:97,13,withdrawal,reconquete,3.8,false
renaissance:parti_dabord:98,16,withdrawal,reconquete,3.763,false
renaissance:parti_dabord:99,19,withdrawal,reconquete,3.51,false
renaissance:parti_dabord:101,14,strategic_withdrawal,ecologistes,8.347,false
renaissance:parti_dabord:103,17,withdrawal,reconquete,3.56,false
renaissance:parti_dabord:104,20,strategic_withdrawal,reconquete,3.565,false
renaissance:parti_dabord:105,14,withdrawal,ps,12.618,false
renaissance:parti_dabord:106,18,withdrawal,reconquete,3.518,false
renaissance:parti_dabord:107,13,withdrawal,reconquete,3.657,false
renaissance:parti_dabord:109,21,withdrawal,reconquete,3.618,false
renaissance:parti_dabord:115,19,strategic_withdrawal,reconquete,3.341,false
renaissance:parti_dabord:121,14,strategic_withdrawal,reconquete,3.5,false
renaissance:parti_dabord:124,18,withdrawal,reconquete,3.742,false
renaissance:parti_dabord:125,15,strategic_withdrawal,ecologistes,8.272,false
renaissance:parti_dabord:126,19,strategic_withdrawal,reconquete,2.879,false
renaissance:parti_dabord:127,15,strategic_withdrawal,ecologistes,8.715,true
renaissance:parti_dabord:128,19,withdrawal,reconquete,3.114,false
renaissance:parti_dabord:129,22,withdrawal,reconquete,3.594,false
renaissance:parti_dabord:130,12,strategic_withdrawal,reconquete,3.729,false
renaissance:parti_dabord:132,19,strategic_withdrawal,reconquete,3.098,false
renaissance:parti_dabord:134,13,withdrawal,reconquete,3.866,false
renaissance:parti_dabord:136,23,withdrawal,reconquete,37.698,true
renaissance:parti_dabord:137,20,strategic_withdrawal,reconquete,3.504,false
renaissance:parti_dabord:139,17,withdrawal,reconquete,3.614,false
renaissance:parti_dabord:140,18,withdrawal,reconquete,2.916,false
renaissance:parti_dabord:141,19,strategic_withdrawal,reconquete,3.394,false
renaissance:parti_dabord:142,15,strategic_withdrawal,reconquete,3.126,true
renaissance:parti_dabord:143,18,withdrawal,ps,11.667,false
renaissance:parti_dabord:146,21,withdrawal,reconquete,2.25,false
renaissance:mediatique:8,18,withdrawal,reconquete,3.291,false
renaissance:mediatique:17,13,withdrawal,reconquete,3.746,false
renaissance:mediatique:19,18,withdrawal,reconquete,3.417,false
renaissance:mediatique:23,13,strategic_withdrawal,reconquete,3.78,false
renaissance:mediatique:26,14,withdrawal,reconquete,3.705,false
renaissance:mediatique:28,20,strategic_withdrawal,reconquete,3.547,false
renaissance:mediatique:29,14,withdrawal,reconquete,3.924,false
renaissance:mediatique:30,20,strategic_withdrawal,reconquete,3.118,false
renaissance:mediatique:31,18,withdrawal,reconquete,3.038,false
renaissance:mediatique:36,21,strategic_withdrawal,ecologistes,8.021,false
renaissance:mediatique:41,23,withdrawal,reconquete,36.122,true
renaissance:mediatique:42,15,withdrawal,reconquete,3.673,true
renaissance:mediatique:48,21,withdrawal,reconquete,3.095,false
renaissance:mediatique:49,21,strategic_withdrawal,reconquete,3.637,false
renaissance:mediatique:51,18,strategic_withdrawal,reconquete,3.409,false
renaissance:mediatique:55,16,withdrawal,reconquete_dissidence_16,1.067,false
renaissance:mediatique:56,19,withdrawal,reconquete,3.72,false
renaissance:mediatique:58,22,withdrawal,reconquete,3.359,false
renaissance:mediatique:60,13,strategic_withdrawal,ecologistes,9.028,false
renaissance:mediatique:64,14,withdrawal,reconquete,3.773,false
renaissance:mediatique:66,11,strategic_withdrawal,ecologistes,7.855,false
renaissance:mediatique:68,23,withdrawal,reconquete,38.385,true
renaissance:mediatique:70,12,strategic_withdrawal,reconquete,3.59,false
renaissance:mediatique:71,20,withdrawal,reconquete,3.071,false
renaissance:mediatique:74,17,withdrawal,reconquete,2.372,false
renaissance:mediatique:75,21,withdrawal,reconquete,3.415,false
renaissance:mediatique:76,23,withdrawal,lr,36.934,true
renaissance:mediatique:78,13,withdrawal,reconquete,3.578,false
renaissance:mediatique:80,22,withdrawal,reconquete,3.954,false
renaissance:mediatique:82,11,strategic_withdrawal,reconquete,3.618,false
renaissance:mediatique:89,19,withdrawal,reconquete,3.434,false
renaissance:mediatique:93,14,strategic_withdrawal,ecologistes,8.047,false
renaissance:mediatique:93,19,withdrawal,lr,10.72,false
renaissance:mediatique:94,22,withdrawal,reconquete,3.772,false
renaissance:mediatique:95,20,withdrawal,reconquete,3.508,false
renaissance:mediatique:96,14,strategic_withdrawal,reconquete,3.372,false
renaissance:mediatique:100,14,strategic_withdrawal,reconquete,3.736,false
renaissance:mediatique:104,14,withdrawal,reconquete,3.387,false
renaissance:mediatique:105,19,withdrawal,reconquete,3.216,false
renaissance:mediatique:108,15,withdrawal,reconquete,3.488,true
renaissance:mediatique:109,16,withdrawal,reconquete,3.816,false
renaissance:mediatique:111,20,withdrawal,reconquete,2.797,false
renaissance:mediatique:112,16,withdrawal,reconquete,3.897,false
renaissance:mediatique:116,19,withdrawal,reconquete,3.487,false
renaissance:mediatique:117,19,strategic_withdrawal,reconquete,3.212,false
renaissance:mediatique:118,14,withdrawal,reconquete,3.055,false
renaissance:mediatique:122,22,withdrawal,reconquete,3.59,false
renaissance:mediatique:123,16,withdrawal,reconquete,3.315,false
renaissance:mediatique:125,17,strategic_withdrawal,ecologistes,8.474,false
renaissance:mediatique:127,15,withdrawal,reconquete,3.692,true
renaissance:mediatique:133,13,withdrawal,reconquete,3.68,false
renaissance:mediatique:136,14,strategic_withdrawal,reconquete,3.617,false
renaissance:mediatique:139,21,strategic_withdrawal,reconquete,3.643,false
renaissance:mediatique:140,15,withdrawal,reconquete,3.231,true
renaissance:mediatique:147,17,withdrawal,reconquete,3.804,false
renaissance:contrarien:0,17,withdrawal,reconquete,3.513,false
renaissance:contrarien:1,17,strategic_withdrawal,ecologistes,8.537,false
renaissance:contrarien:7,15,strategic_withdrawal,reconquete,3.945,true
renaissance:contrarien:8,13,withdrawal,reconquete,3.581,false
renaissance:contrarien:9,15,withdrawal,reconquete,3.168,true
renaissance:contrarien:14,20,withdrawal,reconquete,3.535,false
renaissance:contrarien:17,14,strategic_withdrawal,reconquete,3.74,false
renaissance:contrarien:19,15,withdrawal,reconquete,3.688,true
renaissance:contrarien:19,19,withdrawal,rn,15.417,false
renaissance:contrarien:22,17,withdrawal,reconquete,4.031,false
renaissance:contrarien:27,14,withdrawal,reconquete,3.885,false
renaissance:contrarien:29,19,withdrawal,reconquete,2.646,false
renaissance:contrarien:31,15,withdrawal,reconquete,3.812,true
renaissance:contrarien:32,15,withdrawal,reconquete,3.918,true
renaissance:contrarien:34,14,withdrawal,rn,12.612,false
renaissance:contrarien:38,21,withdrawal,reconquete,3.792,false
renaissance:contrarien:40,18,strategic_withdrawal,reconquete,3.062,false
renaissance:contrarien:45,15,withdrawal,reconquete,3.769,true
renaissance:contrarien:54,22,withdrawal,reconquete,3.548,false
renaissance:contrarien:56,18,withdrawal,reconquete_dissidence_17,2.992,false
renaissance:contrarien:56,21,withdrawal,reconquete,2.792,false
renaissance:contrarien:60,18,withdrawal,reconquete,3.672,false
renaissance:contrarien:63,20,strategic_withdrawal,reconquete,2.832,false
renaissance:contrarien:65,13,withdrawal,reconquete,3.576,false
renaissance:contrarien:71,19,withdrawal,reconquete,3.571,false
renaissance:contrarien:72,12,strategic_withdrawal,ecologistes,9.531,false
renaissance:contrarien:74,21,withdrawal,reconquete,3.76,false
renaissance:contrarien:77,14,strategic_withdrawal,reconquete,3.487,false
renaissance:contrarien:78,11,strategic_withdrawal,reconquete,3.592,false
renaissance:contrarien:79,22,withdrawal,reconquete,3.358,false
renaissance:contrarien:83,12,strategic_withdrawal,reconquete,3.55,false
renaissance:contrarien:85,19,withdrawal,reconquete,3.408,false
renaissance:contrarien:87,15,withdrawal,reconquete,3.865,true
renaissance:contrarien:88,16,withdrawal,reconquete,3.676,false
renaissance:contrarien:96,16,withdrawal,reconquete,3.779,false
renaissance:contrarien:98,13,withdrawal,reconquete,3.462,false
renaissance:contrarien:100,19,withdrawal,reconquete,3.833,false
renaissance:contrarien:105,21,strategic_withdrawal,ecologistes,8.997,false
renaissance:contrarien:107,16,strategic_withdrawal,reconquete,3.682,false
renaissance:contrarien:109,17,withdrawal,reconquete,4.055,false
renaissance:contrarien:112,17,withdrawal,reconquete,3.535,false
renaissance:contrarien:114,15,strategic_withdrawal,reconquete,3.697,true
renaissance:contrarien:119,17,strategic_withdrawal,reconquete,3.582,false
renaissance:contrarien:120,19,withdrawal,reconquete,3.577,false
renaissance:contrarien:122,17,withdrawal,reconquete,3.841,false
renaissance:contrarien:123,13,withdrawal,reconquete,3.825,false
renaissance:contrarien:126,15,withdrawal,reconquete,3.865,true
renaissance:contrarien:127,17,strategic_withdrawal,reconquete,3.529,false
renaissance:contrarien:129,19,withdrawal,reconquete,3.822,false
renaissance:contrarien:136,15,withdrawal,reconquete,3.8,true
renaissance:contrarien:140,20,strategic_withdrawal,reconquete,3.618,false
renaissance:contrarien:141,22,withdrawal,reconquete,3.46,false
renaissance:contrarien:144,14,withdrawal,reconquete,3.748,false
renaissance:contrarien:145,19,withdrawal,reconquete,3.692,false
renaissance:contrarien:146,18,withdrawal,reconquete,3.184,false
renaissance:contrarien:147,16,withdrawal,reconquete,3.629,false
renaissance:contrarien:147,17,strategic_withdrawal,ecologistes,8.74,false
renaissance:contrarien:149,19,withdrawal,reconquete,3.26,false
horizons:aleatoire:0,16,withdrawal,reconquete,3.298,false
horizons:aleatoire:0,18,strategic_withdrawal,ecologistes,8.044,false
horizons:aleatoire:1,13,withdrawal,reconquete,3.578,false
horizons:aleatoire:3,18,withdrawal,reconquete,3.042,false
horizons:aleatoire:6,21,withdrawal,ps,9.911,false
horizons:aleatoire:15,19,withdrawal,reconquete,3.646,false
horizons:aleatoire:19,21,strategic_withdrawal,reconquete,3.373,false
horizons:aleatoire:35,19,withdrawal,reconquete,3.536,false
horizons:aleatoire:43,17,withdrawal,rn,12.51,false
horizons:aleatoire:46,14,withdrawal,reconquete,3.684,false
horizons:aleatoire:49,17,withdrawal,reconquete,3.086,false
horizons:aleatoire:53,18,withdrawal,reconquete,3.955,false
horizons:aleatoire:57,23,withdrawal,reconquete,41.206,true
horizons:aleatoire:59,21,withdrawal,reconquete,3.465,false
horizons:aleatoire:62,15,withdrawal,reconquete,3.205,true
horizons:aleatoire:65,15,withdrawal,reconquete,3.513,true
horizons:aleatoire:68,23,withdrawal,reconquete,40.046,true
horizons:aleatoire:70,23,withdrawal,reconquete,38.084,true
horizons:aleatoire:71,15,withdrawal,reconquete,3.757,false
horizons:aleatoire:76,21,withdrawal,reconquete,4.011,false
horizons:aleatoire:77,16,strategic_withdrawal,reconquete,3.536,false
horizons:aleatoire:78,15,withdrawal,reconquete,3.579,true
horizons:aleatoire:80,21,withdrawal,reconquete,2.659,false
horizons:aleatoire:84,19,withdrawal,reconquete,3.383,false
horizons:aleatoire:86,13,withdrawal,reconquete,3.519,false
horizons:aleatoire:91,13,withdrawal,reconquete,4.006,false
horizons:aleatoire:96,13,strategic_withdrawal,ecologistes,8.708,false
horizons:aleatoire:104,18,withdrawal,reconquete,2.529,false
horizons:aleatoire:114,20,withdrawal,reconquete,2.954,false
horizons:aleatoire:117,17,withdrawal,reconquete,3.172,false
horizons:aleatoire:119,20,withdrawal,reconquete,3.246,false
horizons:aleatoire:121,20,withdrawal,reconquete,3.342,false
horizons:aleatoire:132,14,withdrawal,reconquete,3.731,false
horizons:aleatoire:139,14,withdrawal,reconquete,3.527,false
horizons:aleatoire:140,22,withdrawal,reconquete,3.658,false
horizons:aleatoire:141,15,strategic_withdrawal,ecologistes,8.138,true
horizons:aleatoire:143,13,strategic_withdrawal,reconquete,3.664,false
horizons:aleatoire:147,18,withdrawal,reconquete,3.641,false
horizons:aleatoire:149,21,withdrawal,reconquete,3.489,false
horizons:prudent:0,23,withdrawal,reconquete,45.606,true
horizons:prudent:6,21,strategic_withdrawal,lr,8.864,false
horizons:prudent:7,14,withdrawal,reconquete,3.73,false
horizons:prudent:12,19,withdrawal,reconquete,3.489,false
horizons:prudent:13,19,withdrawal,reconquete,3.577,false
horizons:prudent:17,13,withdrawal,reconquete,3.72,false
horizons:prudent:21,21,withdrawal,reconquete,3.543,false
horizons:prudent:22,13,strategic_withdrawal,reconquete,2.876,false
horizons:prudent:23,21,withdrawal,reconquete,3.553,false
horizons:prudent:26,13,withdrawal,reconquete,3.756,false
horizons:prudent:33,13,withdrawal,reconquete,3.441,false
horizons:prudent:39,18,withdrawal,reconquete,2.846,false
horizons:prudent:41,16,withdrawal,reconquete,3.659,false
horizons:prudent:43,16,withdrawal,reconquete,3.425,false
horizons:prudent:44,19,strategic_withdrawal,reconquete,3.358,false
horizons:prudent:46,16,strategic_withdrawal,ecologistes,7.188,true
horizons:prudent:48,16,withdrawal,reconquete,3.516,true
horizons:prudent:50,19,withdrawal,reconquete,3.336,false
horizons:prudent:52,21,strategic_withdrawal,reconquete,3.081,false
horizons:prudent:57,20,withdrawal,reconquete,2.866,false
horizons:prudent:59,13,withdrawal,reconquete,3.774,false
horizons:prudent:70,17,withdrawal,reconquete,3.302,false
horizons:prudent:75,15,withdrawal,reconquete,3.043,true
horizons:prudent:78,21,withdrawal,reconquete,3.081,false
horizons:prudent:80,18,strategic_withdrawal,ecologistes,6.845,false
horizons:prudent:80,19,withdrawal,reconquete,3.656,false
horizons:prudent:81,23,withdrawal,reconquete,39.362,true
horizons:prudent:82,13,withdrawal,reconquete,3.746,false
horizons:prudent:87,19,withdrawal,reconquete,3.639,false
horizons:prudent:88,13,withdrawal,reconquete,3.432,false
horizons:prudent:90,16,withdrawal,reconquete,3.688,false
horizons:prudent:92,19,withdrawal,ps,11.457,false
horizons:prudent:115,13,withdrawal,reconquete,3.47,false
horizons:prudent:125,18,withdrawal,reconquete,3.031,false
horizons:prudent:125,19,withdrawal,ecologistes,7.713,false
horizons:prudent:131,23,withdrawal,reconquete,44.565,true
horizons:prudent:132,16,withdrawal,reconquete,3.368,false
horizons:prudent:134,17,withdrawal,reconquete,3.509,false
horizons:prudent:136,23,withdrawal,reconquete,39.476,true
horizons:prudent:137,18,withdrawal,reconquete,3.564,false
horizons:prudent:141,22,withdrawal,reconquete,3.178,false
horizons:prudent:142,18,withdrawal,reconquete,3.42,false
horizons:prudent:145,19,withdrawal,reconquete,3.631,false
horizons:prudent:146,15,strategic_withdrawal,reconquete,3.422,true
horizons:prudent:147,16,withdrawal,renaissance,8.901,false
horizons:prudent:148,12,strategic_withdrawal,ecologistes,8.227,false
horizons:risque:0,14,withdrawal,reconquete,3.55,false
horizons:risque:1,22,withdrawal,reconquete,2.33,false
horizons:risque:3,21,withdrawal,reconquete,3.13,false
horizons:risque:6,22,withdrawal,reconquete,3.618,false
horizons:risque:8,17,withdrawal,ps,11.55,false
horizons:risque:13,18,withdrawal,reconquete,3.694,false
horizons:risque:14,16,withdrawal,reconquete,3.38,false
horizons:risque:15,18,withdrawal,reconquete,3.304,false
horizons:risque:16,14,withdrawal,reconquete,3.662,false
horizons:risque:23,20,strategic_withdrawal,reconquete,2.942,false
horizons:risque:26,17,withdrawal,reconquete,3.451,false
horizons:risque:31,17,withdrawal,reconquete,3.718,false
horizons:risque:35,14,withdrawal,reconquete,3.491,false
horizons:risque:36,19,strategic_withdrawal,reconquete,3.395,false
horizons:risque:42,14,withdrawal,reconquete,3.727,false
horizons:risque:43,16,withdrawal,reconquete,3.226,false
horizons:risque:44,19,withdrawal,reconquete,3.322,false
horizons:risque:45,23,withdrawal,reconquete,39.846,true
horizons:risque:49,17,withdrawal,reconquete_dissidence_16,2.764,false
horizons:risque:51,13,withdrawal,reconquete,3.456,false
horizons:risque:64,16,withdrawal,reconquete,3.119,false
horizons:risque:69,18,strategic_withdrawal,reconquete,3.122,false
horizons:risque:71,14,withdrawal,reconquete,3.01,false
horizons:risque:73,16,withdrawal,reconquete,3.315,false
horizons:risque:83,18,withdrawal,reconquete,3.38,false
horizons:risque:85,17,withdrawal,reconquete,3.472,false
horizons:risque:88,17,withdrawal,ps,10.368,false
horizons:risque:92,18,withdrawal,reconquete_dissidence_17,2.83,false
horizons:risque:95,17,withdrawal,reconquete,3.694,false
horizons:risque:96,23,withdrawal,reconquete,41.136,true
horizons:risque:106,15,withdrawal,reconquete,3.261,true
horizons:risque:108,13,withdrawal,reconquete,3.623,false
horizons:risque:109,15,withdrawal,reconquete,3.665,false
horizons:risque:110,13,withdrawal,reconquete,3.649,false
horizons:risque:115,19,withdrawal,reconquete,3.081,false
horizons:risque:119,22,withdrawal,reconquete,3.528,false
horizons:risque:125,18,withdrawal,reconquete,3.266,false
horizons:risque:129,14,withdrawal,reconquete,3.61,false
horizons:risque:143,23,withdrawal,reconquete,43.676,true
horizons:ideologiquement_coherent:3,20,withdrawal,reconquete,2.566,false
horizons:ideologiquement_coherent:5,15,withdrawal,reconquete,3.453,true
horizons:ideologiquement_coherent:6,17,strategic_withdrawal,ecologistes,8.02,false
horizons:ideologiquement_coherent:7,19,withdrawal,reconquete,2.65,false
horizons:ideologiquement_coherent:11,18,strategic_withdrawal,ecologistes,7.326,false
horizons:ideologiquement_coherent:11,21,withdrawal,reconquete,3.041,false
horizons:ideologiquement_coherent:12,15,withdrawal,reconquete,3.18,true
horizons:ideologiquement_coherent:13,14,withdrawal,reconquete,3.369,false
horizons:ideologiquement_coherent:15,19,strategic_withdrawal,ecologistes,6.772,false
horizons:ideologiquement_coherent:15,23,withdrawal,lr,39.758,true
horizons:ideologiquement_coherent:19,18,withdrawal,reconquete,3.307,false
horizons:ideologiquement_coherent:22,18,withdrawal,reconquete,2.918,false
horizons:ideologiquement_coherent:24,16,withdrawal,reconquete,3.618,true
horizons:ideologiquement_coherent:25,15,withdrawal,reconquete,3.646,true
horizons:ideologiquement_coherent:26,21,withdrawal,reconquete,3.09,false
horizons:ideologiquement_coherent:29,16,strategic_withdrawal,ecologistes,7.69,false
horizons:ideologiquement_coherent:31,14,withdrawal,reconquete,3.782,false
horizons:ideologiquement_coherent:39,16,strategic_withdrawal,reconquete,3.691,true
horizons:ideologiquement_coherent:57,21,withdrawal,reconquete,3.087,false
horizons:ideologiquement_coherent:58,17,withdrawal,reconquete,3.489,false
horizons:ideologiquement_coherent:62,23,withdrawal,reconquete,43.547,true
horizons:ideologiquement_coherent:63,17,withdrawal,reconquete,3.642,false
horizons:ideologiquement_coherent:67,22,withdrawal,reconquete,3.192,false
horizons:ideologiquement_coherent:69,17,withdrawal,reconquete,3.214,false
horizons:ideologiquement_coherent:74,22,withdrawal,reconquete,3.039,false
horizons:ideologiquement_coherent:78,14,withdrawal,reconquete,3.558,false
horizons:ideologiquement_coherent:80,21,withdrawal,reconquete,2.875,false
horizons:ideologiquement_coherent:85,17,withdrawal,reconquete,3.499,false
horizons:ideologiquement_coherent:92,19,withdrawal,reconquete,2.846,false
horizons:ideologiquement_coherent:98,15,withdrawal,reconquete,2.753,true
horizons:ideologiquement_coherent:98,20,strategic_withdrawal,ecologistes,7.56,false
horizons:ideologiquement_coherent:100,21,withdrawal,reconquete,3.16,false
horizons:ideologiquement_coherent:101,16,withdrawal,reconquete,3.437,false
horizons:ideologiquement_coherent:110,16,withdrawal,rn,11.199,false
horizons:ideologiquement_coherent:116,13,withdrawal,reconquete,3.737,false
horizons:ideologiquement_coherent:117,23,withdrawal,reconquete,40.203,true
horizons:ideologiquement_coherent:119,21,withdrawal,reconquete,3.696,false
horizons:ideologiquement_coherent:122,19,withdrawal,reconquete,3.05,false
horizons:ideologiquement_coherent:125,14,strategic_withdrawal,ecologistes,8.232,false
horizons:ideologiquement_coherent:125,18,withdrawal,reconquete,3.413,false
horizons:ideologiquement_coherent:127,15,withdrawal,reconquete,3.778,false
horizons:ideologiquement_coherent:137,17,withdrawal,reconquete,3.57,false
horizons:ideologiquement_coherent:139,14,withdrawal,reconquete,3.254,false
horizons:ideologiquement_coherent:141,21,withdrawal,reconquete,3.339,false
horizons:ideologiquement_coherent:144,22,withdrawal,reconquete,3.165,false
horizons:ideologiquement_coherent:146,22,withdrawal,reconquete,3.096,false
horizons:ideologiquement_coherent:147,19,strategic_withdrawal,reconquete,2.704,false
horizons:ideologiquement_coherent:148,16,withdrawal,reconquete,3.574,false
horizons:ideologiquement_coherent:149,12,strategic_withdrawal,reconquete,3.528,false
horizons:opportuniste_electoral:0,13,withdrawal,reconquete,3.706,false
horizons:opportuniste_electoral:4,16,strategic_withdrawal,ecologistes,7.548,false
horizons:opportuniste_electoral:4,16,withdrawal,reconquete,7.548,false
horizons:opportuniste_electoral:10,15,withdrawal,reconquete,3.528,true
horizons:opportuniste_electoral:13,19,withdrawal,reconquete,3.673,false
horizons:opportuniste_electoral:15,13,withdrawal,reconquete,3.38,false
horizons:opportuniste_electoral:20,23,withdrawal,reconquete,43.015,true
horizons:opportuniste_electoral:23,20,withdrawal,reconquete,3.839,false
horizons:opportuniste_electoral:25,22,withdrawal,reconquete,3.33,false
horizons:opportuniste_electoral:28,21,withdrawal,reconquete,3.311,false
horizons:opportuniste_electoral:31,20,strategic_withdrawal,reconquete,3.363,false
horizons:opportuniste_electoral:35,15,withdrawal,reconquete,3.669,true
horizons:opportuniste_electoral:37,18,withdrawal,reconquete,3.303,false
horizons:opportuniste_electoral:38,22,withdrawal,lfi,9.141,false
horizons:opportuniste_electoral:39,16,withdrawal,reconquete,3.466,false
horizons:opportuniste_electoral:39,21,strategic_withdrawal,ecologistes,7.65,false
horizons:opportuniste_electoral:41,20,withdrawal,reconquete,3.048,false
horizons:opportuniste_electoral:43,21,strategic_withdrawal,ecologistes,7.857,false
horizons:opportuniste_electoral:54,15,withdrawal,reconquete,3.407,true
horizons:opportuniste_electoral:56,23,withdrawal,reconquete,35.204,true
horizons:opportuniste_electoral:60,16,withdrawal,reconquete,3.73,false
horizons:opportuniste_electoral:68,18,withdrawal,lr,6.445,false
horizons:opportuniste_electoral:79,19,withdrawal,reconquete,3.704,false
horizons:opportuniste_electoral:82,22,withdrawal,reconquete,3.829,false
horizons:opportuniste_electoral:85,15,withdrawal,reconquete,3.837,true
horizons:opportuniste_electoral:93,13,withdrawal,reconquete,3.608,false
horizons:opportuniste_electoral:98,23,withdrawal,reconquete,39.686,true
horizons:opportuniste_electoral:100,23,withdrawal,reconquete,40.186,true
horizons:opportuniste_electoral:103,18,withdrawal,reconquete,2.672,false
horizons:opportuniste_electoral:106,17,withdrawal,reconquete,3.413,false
horizons:opportuniste_electoral:110,20,withdrawal,reconquete,3.468,false
horizons:opportuniste_electoral:111,20,withdrawal,reconquete,3.054,false
horizons:opportuniste_electoral:112,15,strategic_withdrawal,reconquete,3.763,true
horizons:opportuniste_electoral:117,17,strategic_withdrawal,reconquete,3.03,false
horizons:opportuniste_electoral:121,13,withdrawal,reconquete,3.634,false
horizons:opportuniste_electoral:128,22,withdrawal,reconquete,3.023,false
horizons:opportuniste_electoral:136,14,withdrawal,reconquete,3.25,false
horizons:opportuniste_electoral:138,16,withdrawal,reconquete,3.269,false
horizons:opportuniste_electoral:143,15,withdrawal,reconquete,3.351,true
horizons:opportuniste_electoral:147,14,withdrawal,reconquete,3.446,false
horizons:parti_dabord:3,21,withdrawal,reconquete,3.096,false
horizons:parti_dabord:7,17,withdrawal,reconquete,3.628,false
horizons:parti_dabord:8,14,withdrawal,renaissance,9.434,false
horizons:parti_dabord:9,15,withdrawal,reconquete,3.643,false
horizons:parti_dabord:10,18,strategic_withdrawal,reconquete,3.343,false
horizons:parti_dabord:11,22,withdrawal,reconquete,2.218,false
horizons:parti_dabord:14,14,withdrawal,reconquete,3.381,false
horizons:parti_dabord:24,16,withdrawal,reconquete,3.047,false
horizons:parti_dabord:27,19,withdrawal,reconquete,3.553,false
horizons:parti_dabord:29,19,strategic_withdrawal,ecologistes,7.476,false
horizons:parti_dabord:30,17,withdrawal,reconquete,3.333,false
horizons:parti_dabord:31,21,withdrawal,reconquete,3.564,false
horizons:parti_dabord:34,18,withdrawal,reconquete,3.454,false
horizons:parti_dabord:36,17,withdrawal,reconquete,3.439,false
horizons:parti_dabord:37,13,withdrawal,reconquete,3.621,false
horizons:parti_dabord:42,18,strategic_withdrawal,ecologistes,7.256,false
horizons:parti_dabord:43,22,withdrawal,reconquete,3.492,false
horizons:parti_dabord:44,23,withdrawal,reconquete,40.05,true
horizons:parti_dabord:45,19,strategic_withdrawal,reconquete_dissidence_15,5.712,false
horizons:parti_dabord:47,15,withdrawal,reconquete,3.436,true
horizons:parti_dabord:49,20,withdrawal,reconquete,3.395,false
horizons:parti_dabord:51,17,withdrawal,reconquete,3.763,false
horizons:parti_dabord:54,17,withdrawal,reconquete,3.385,false
horizons:parti_dabord:55,21,withdrawal,reconquete,3.573,false
horizons:parti_dabord:59,13,withdrawal,reconquete,2.936,false
horizons:parti_dabord:64,20,strategic_withdrawal,ecologistes,8.261,false
horizons:parti_dabord:65,15,withdrawal,reconquete,3.647,true
horizons:parti_dabord:66,17,withdrawal,reconquete,3.373,false
horizons:parti_dabord:67,13,withdrawal,reconquete,3.749,false
horizons:parti_dabord:75,19,withdrawal,reconquete,2.829,false
horizons:parti_dabord:77,14,withdrawal,reconquete,3.529,false
horizons:parti_dabord:80,13,withdrawal,reconquete,3.603,false
horizons:parti_dabord:82,18,withdrawal,reconquete,2.867,false
horizons:parti_dabord:84,19,strategic_withdrawal,ecologistes,8.135,false
horizons:parti_dabord:86,20,withdrawal,reconquete,3.057,false
horizons:parti_dabord:90,20,withdrawal,reconquete,3.334,false
horizons:parti_dabord:93,21,withdrawal,reconquete,3.419,false
horizons:parti_dabord:95,16,withdrawal,reconquete,3.058,false
horizons:parti_dabord:99,22,withdrawal,reconquete,3.553,false
horizons:parti_dabord:100,15,withdrawal,reconquete,3.323,false
horizons:parti_dabord:104,13,withdrawal,reconquete,3.329,false
horizons:parti_dabord:113,15,withdrawal,reconquete,3.648,true
horizons:parti_dabord:117,14,withdrawal,reconquete,3.531,false
horizons:parti_dabord:123,18,withdrawal,reconquete,3.498,false
horizons:parti_dabord:125,20,strategic_withdrawal,reconquete,3.254,false
horizons:parti_dabord:127,14,withdrawal,reconquete,3.322,false
horizons:parti_dabord:130,19,withdrawal,reconquete,3.342,false
horizons:parti_dabord:132,22,withdrawal,reconquete,2.97,false
horizons:parti_dabord:135,17,withdrawal,reconquete,2.849,false
horizons:parti_dabord:135,17,withdrawal,reconquete_dissidence_16,2.849,false
horizons:parti_dabord:137,16,withdrawal,reconquete,3.867,true
horizons:parti_dabord:140,13,withdrawal,reconquete,3.656,false
horizons:parti_dabord:144,16,withdrawal,reconquete,3.361,false
horizons:mediatique:7,20,withdrawal,reconquete,3.623,false
horizons:mediatique:8,15,withdrawal,reconquete,3.217,true
horizons:mediatique:10,17,withdrawal,reconquete,3.41,false
horizons:mediatique:11,12,strategic_withdrawal,ecologistes,8.447,false
horizons:mediatique:12,19,withdrawal,reconquete,3.271,false
horizons:mediatique:17,18,withdrawal,reconquete,3.346,false
horizons:mediatique:19,21,withdrawal,reconquete,3.204,false
horizons:mediatique:20,18,withdrawal,reconquete,3.147,false
horizons:mediatique:21,22,withdrawal,rn,12.575,false
horizons:mediatique:28,22,withdrawal,reconquete,3.404,false
horizons:mediatique:29,17,withdrawal,reconquete,3.596,false
horizons:mediatique:30,13,withdrawal,reconquete,4.055,false
horizons:mediatique:45,17,withdrawal,reconquete,3.63,false
horizons:mediatique:47,21,withdrawal,lr,10.441,false
horizons:mediatique:52,20,withdrawal,reconquete,3.431,false
horizons:mediatique:56,20,withdrawal,reconquete_dissidence_20,1.029,false
horizons:mediatique:65,14,withdrawal,reconquete,3.616,false
horizons:mediatique:65,21,withdrawal,ps,12.639,false
horizons:mediatique:66,17,strategic_withdrawal,ecologistes,8.127,false
horizons:mediatique:66,20,strategic_withdrawal,reconquete,3.778,false
horizons:mediatique:68,17,withdrawal,reconquete,3.145,false
horizons:mediatique:70,18,withdrawal,reconquete,3.547,false
horizons:mediatique:71,20,strategic_withdrawal,reconquete,3.311,false
horizons:mediatique:72,21,withdrawal,reconquete,3.471,false
horizons:mediatique:74,21,withdrawal,reconquete,3.04,false
horizons:mediatique:85,14,withdrawal,reconquete,3.608,false
horizons:mediatique:86,20,withdrawal,reconquete,3.36,false
horizons:mediatique:92,23,withdrawal,reconquete,38.786,true
horizons:mediatique:95,16,withdrawal,reconquete,3.09,false
horizons:mediatique:97,19,strategic_withdrawal,reconquete,3.673,false
horizons:mediatique:100,15,withdrawal,reconquete,3.729,true
horizons:mediatique:106,13,withdrawal,reconquete,3.518,false
horizons:mediatique:113,18,withdrawal,reconquete,3.591,false
horizons:mediatique:115,22,withdrawal,reconquete_dissidence_21,3.039,false
horizons:mediatique:119,19,withdrawal,reconquete,3.499,false
horizons:mediatique:123,14,withdrawal,reconquete,3.218,false
horizons:mediatique:124,23,withdrawal,reconquete,40.053,true
horizons:mediatique:125,18,withdrawal,reconquete,3.187,false
horizons:mediatique:127,23,withdrawal,rn,43.469,true
horizons:mediatique:130,17,strategic_withdrawal,reconquete,3.515,false
horizons:mediatique:131,17,withdrawal,reconquete,3.397,false
horizons:mediatique:137,18,withdrawal,reconquete,3.732,false
horizons:mediatique:139,22,withdrawal,reconquete,3.522,false
horizons:mediatique:141,19,withdrawal,reconquete,3.422,false
horizons:mediatique:142,15,withdrawal,reconquete,3.629,true
horizons:mediatique:143,15,withdrawal,reconquete,3.718,true
horizons:mediatique:145,20,withdrawal,reconquete,3.755,false
horizons:mediatique:146,16,withdrawal,reconquete,3.985,true
horizons:mediatique:149,21,strategic_withdrawal,reconquete,3.723,false
horizons:contrarien:0,18,withdrawal,reconquete,3.757,false
horizons:contrarien:1,17,withdrawal,reconquete,3.719,false
horizons:contrarien:5,16,withdrawal,reconquete,3.769,false
horizons:contrarien:11,16,withdrawal,reconquete,3.994,false
horizons:contrarien:14,15,withdrawal,reconquete,3.752,true
horizons:contrarien:16,20,withdrawal,reconquete,3.625,false
horizons:contrarien:21,19,withdrawal,reconquete,2.9,false
horizons:contrarien:23,14,withdrawal,reconquete,3.716,false
horizons:contrarien:28,17,withdrawal,reconquete,3.614,false
horizons:contrarien:30,17,withdrawal,reconquete,3.147,false
horizons:contrarien:32,14,withdrawal,reconquete,4.016,false
horizons:contrarien:40,15,strategic_withdrawal,ecologistes,9.118,true
horizons:contrarien:43,15,withdrawal,reconquete,4.085,true
horizons:contrarien:44,21,withdrawal,reconquete,3.718,false
horizons:contrarien:45,13,withdrawal,reconquete,3.411,false
horizons:contrarien:47,17,withdrawal,reconquete,3.618,false
horizons:contrarien:50,18,withdrawal,reconquete,3.135,false
horizons:contrarien:60,22,withdrawal,reconquete,3.759,false
horizons:contrarien:62,13,withdrawal,reconquete,3.809,false
horizons:contrarien:65,18,withdrawal,rn,13.338,false
horizons:contrarien:65,23,withdrawal,reconquete,35.753,true
horizons:contrarien:66,21,withdrawal,reconquete,3.496,false
horizons:contrarien:69,19,withdrawal,reconquete,3.742,false
horizons:contrarien:79,15,withdrawal,reconquete,3.655,true
horizons:contrarien:83,14,withdrawal,reconquete,3.552,false
horizons:contrarien:84,23,withdrawal,reconquete,38.538,true
horizons:contrarien:89,19,withdrawal,reconquete_dissidence_19,0.864,false
horizons:contrarien:91,23,withdrawal,reconquete,37.422,true
horizons:contrarien:97,13,strategic_withdrawal,reconquete,3.684,false
horizons:contrarien:99,16,withdrawal,reconquete,3.551,false
horizons:contrarien:100,21,withdrawal,reconquete,3.503,false
horizons:contrarien:104,17,withdrawal,reconquete,3.984,false
horizons:contrarien:111,15,strategic_withdrawal,reconquete,3.503,true
horizons:contrarien:112,15,withdrawal,reconquete,3.416,false
horizons:contrarien:114,17,withdrawal,reconquete,3.146,false
horizons:contrarien:123,16,withdrawal,reconquete,3.674,false
horizons:contrarien:130,19,withdrawal,reconquete,4.097,false
horizons:contrarien:133,23,withdrawal,reconquete,34.395,true
horizons:contrarien:134,15,withdrawal,reconquete,3.636,true
horizons:contrarien:135,21,withdrawal,reconquete,3.269,false
horizons:contrarien:139,18,withdrawal,reconquete,4.01,false
horizons:contrarien:139,22,withdrawal,lfi,10.993,false
horizons:contrarien:142,23,withdrawal,reconquete,36.857,true
horizons:contrarien:145,15,withdrawal,reconquete,3.701,true
horizons:contrarien:147,14,withdrawal,ps,11.649,false
horizons:contrarien:149,15,withdrawal,reconquete,3.737,true
lr:aleatoire:0,18,withdrawal,reconquete,3.163,false
lr:aleatoire:1,18,strategic_withdrawal,reconquete,3.592,false
lr:aleatoire:6,17,strategic_withdrawal,reconquete,3.63,false
lr:aleatoire:10,13,strategic_withdrawal,reconquete,3.445,false
lr:aleatoire:15,14,withdrawal,reconquete,3.071,false
lr:aleatoire:16,17,strategic_withdrawal,reconquete,3.846,false
lr:aleatoire:17,19,withdrawal,reconquete,3.072,false
lr:aleatoire:18,19,withdrawal,ps,11.906,false
lr:aleatoire:19,19,strategic_withdrawal,reconquete,3.566,false
lr:aleatoire:22,14,withdrawal,reconquete,3.262,false
lr:aleatoire:24,16,withdrawal,reconquete,3.432,false
lr:aleatoire:32,16,withdrawal,reconquete,3.655,false
lr:aleatoire:33,17,strategic_withdrawal,reconquete,3.526,false
lr:aleatoire:33,18,strategic_withdrawal,ecologistes,8.386,false
lr:aleatoire:38,21,strategic_withdrawal,reconquete,3.525,false
lr:aleatoire:40,19,strategic_withdrawal,reconquete,3.645,false
lr:aleatoire:41,13,withdrawal,reconquete,3.243,false
lr:aleatoire:45,18,strategic_withdrawal,ecologistes,7.846,false
lr:aleatoire:46,16,strategic_withdrawal,reconquete,3.717,false
lr:aleatoire:48,20,strategic_withdrawal,reconquete,3.84,false
lr:aleatoire:54,23,withdrawal,reconquete,37.5,true
lr:aleatoire:55,20,withdrawal,reconquete,3.126,false
lr:aleatoire:59,20,strategic_withdrawal,reconquete,3.407,false
lr:aleatoire:61,15,withdrawal,reconquete,3.801,true
lr:aleatoire:64,16,strategic_withdrawal,reconquete,3.688,false
lr:aleatoire:64,19,withdrawal,rn,13.554,false
lr:aleatoire:66,12,strategic_withdrawal,reconquete,3.585,false
lr:aleatoire:71,18,withdrawal,reconquete,3.55,false
lr:aleatoire:73,17,withdrawal,reconquete,3.748,false
lr:aleatoire:74,21,withdrawal,rn,13.273,false
lr:aleatoire:79,14,strategic_withdrawal,reconquete,3.7,false
lr:aleatoire:81,14,withdrawal,reconquete,3.623,false
lr:aleatoire:82,15,strategic_withdrawal,reconquete,3.896,true
lr:aleatoire:86,20,withdrawal,reconquete,3.371,false
lr:aleatoire:87,15,withdrawal,reconquete,3.641,true
lr:aleatoire:87,20,withdrawal,ps,11.135,false
lr:aleatoire:88,20,withdrawal,reconquete,3.593,false
lr:aleatoire:91,22,withdrawal,reconquete,3.232,false
lr:aleatoire:95,16,withdrawal,reconquete,3.678,false
lr:aleatoire:97,13,withdrawal,reconquete,3.639,false
lr:aleatoire:98,17,strategic_withdrawal,reconquete,3.633,false
lr:aleatoire:99,18,withdrawal,reconquete,2.429,false
lr:aleatoire:101,20,withdrawal,reconquete,3.251,false
lr:aleatoire:102,16,withdrawal,reconquete,3.669,false
lr:aleatoire:105,15,strategic_withdrawal,reconquete,3.646,true
lr:aleatoire:111,15,withdrawal,reconquete,3.464,true
lr:aleatoire:112,23,withdrawal,reconquete,36.478,true
lr:aleatoire:113,18,strategic_withdrawal,reconquete,3.34,false
lr:aleatoire:119,17,withdrawal,reconquete,3.157,false
lr:aleatoire:121,17,withdrawal,reconquete,3.598,false
lr:aleatoire:124,23,withdrawal,reconquete,37.079,true
lr:aleatoire:125,13,withdrawal,reconquete,3.616,false
lr:aleatoire:126,19,withdrawal,reconquete,3.967,false
lr:aleatoire:128,13,strategic_withdrawal,reconquete,3.515,false
lr:aleatoire:130,21,withdrawal,rn,13.108,false
lr:aleatoire:132,12,strategic_withdrawal,reconquete,3.585,false
lr:aleatoire:133,14,withdrawal,reconquete,3.675,false
lr:aleatoire:134,13,withdrawal,reconquete,2.89,false
lr:aleatoire:135,13,withdrawal,reconquete,3.622,false
lr:aleatoire:136,19,withdrawal,reconquete,3.384,false
lr:aleatoire:139,18,strategic_withdrawal,reconquete,3.501,false
lr:aleatoire:141,14,withdrawal,reconquete,3.668,false
lr:prudent:2,13,withdrawal,reconquete,3.663,false
lr:prudent:3,20,withdrawal,reconquete,3.212,false
lr:prudent:5,17,withdrawal,reconquete,3.328,false
lr:prudent:7,23,withdrawal,reconquete,44.329,true
lr:prudent:11,21,strategic_withdrawal,reconquete,3.598,false
lr:prudent:14,13,strategic_withdrawal,reconquete,3.467,false
lr:prudent:15,21,withdrawal,reconquete,3.496,false
lr:prudent:16,17,withdrawal,reconquete,3.064,false
lr:prudent:17,15,strategic_withdrawal,reconquete,3.67,true
lr:prudent:18,16,withdrawal,reconquete,3.559,false
lr:prudent:24,17,strategic_withdrawal,reconquete,3.547,false
lr:prudent:27,15,strategic_withdrawal,reconquete,3.553,true
lr:prudent:29,11,strategic_withdrawal,ecologistes,8.538,false
lr:prudent:32,16,withdrawal,reconquete,3.512,false
lr:prudent:33,13,withdrawal,reconquete,3.526,false
lr:prudent:34,20,withdrawal,reconquete,3.521,false
lr:prudent:37,20,strategic_withdrawal,reconquete,3.393,false
lr:prudent:38,20,withdrawal,reconquete,3.608,false
lr:prudent:44,13,strategic_withdrawal,ecologistes,8.527,false
lr:prudent:46,13,withdrawal,reconquete,3.65,false
lr:prudent:47,15,strategic_withdrawal,reconquete,3.261,true
lr:prudent:48,19,withdrawal,reconquete,3.303,false
lr:prudent:49,20,strategic_withdrawal,reconquete,3.416,false
lr:prudent:50,11,strategic_withdrawal,ecologistes,8.074,false
lr:prudent:50,12,strategic_withdrawal,reconquete,3.846,false
lr:prudent:53,16,withdrawal,reconquete,3.598,true
lr:prudent:54,17,strategic_withdrawal,ecologistes,7.688,false
lr:prudent:56,14,withdrawal,reconquete,3.556,false
lr:prudent:57,14,withdrawal,reconquete,3.66,false
lr:prudent:59,19,strategic_withdrawal,ecologistes,7.732,false
lr:prudent:62,13,withdrawal,reconquete,3.655,false
lr:prudent:63,13,strategic_withdrawal,reconquete,3.679,false
lr:prudent:74,19,withdrawal,reconquete,3.529,false
lr:prudent:75,14,withdrawal,reconquete,3.558,false
lr:prudent:79,16,strategic_withdrawal,reconquete,3.218,false
lr:prudent:83,17,withdrawal,reconquete,3.196,false
lr:prudent:85,17,withdrawal,reconquete,3.647,false
lr:prudent:86,20,strategic_withdrawal,reconquete,3.535,false
lr:prudent:87,14,withdrawal,reconquete,3.411,false
lr:prudent:88,20,strategic_withdrawal,reconquete,3.781,false
lr:prudent:89,13,strategic_withdrawal,ecologistes,8.226,false
lr:prudent:89,15,strategic_withdrawal,reconquete,3.964,true
lr:prudent:90,21,withdrawal,reconquete,3.306,false
lr:prudent:93,16,withdrawal,reconquete,3.606,false
lr:prudent:95,12,strategic_withdrawal,reconquete,3.38,false
lr:prudent:95,15,strategic_withdrawal,ecologistes,8.686,true
lr:prudent:97,20,withdrawal,reconquete,3.241,false
lr:prudent:98,20,withdrawal,reconquete,3.146,false
lr:prudent:103,12,strategic_withdrawal,reconquete,3.756,false
lr:prudent:105,20,withdrawal,reconquete,2.8,false
lr:prudent:107,16,strategic_withdrawal,reconquete,3.102,false
lr:prudent:108,18,withdrawal,reconquete,3.35,false
lr:prudent:109,16,strategic_withdrawal,reconquete,3.913,false
lr:prudent:110,21,strategic_withdrawal,reconquete,3.448,false
lr:prudent:111,14,strategic_withdrawal,reconquete,3.571,false
lr:prudent:115,16,strategic_withdrawal,ecologistes,7.909,false
lr:prudent:117,15,withdrawal,reconquete,3.687,true
lr:prudent:119,21,withdrawal,reconquete,3.407,false
lr:prudent:120,18,withdrawal,reconquete,3.433,false
lr:prudent:121,23,withdrawal,reconquete,39.316,true
lr:prudent:123,12,strategic_withdrawal,reconquete,3.644,false
lr:prudent:126,17,strategic_withdrawal,reconquete,3.469,false
lr:prudent:127,12,strategic_withdrawal,reconquete,3.899,false
lr:prudent:129,16,strategic_withdrawal,reconquete,3.343,false
lr:prudent:130,16,strategic_withdrawal,reconquete,3.536,false
lr:prudent:134,12,strategic_withdrawal,reconquete,3.554,false
lr:prudent:135,20,withdrawal,reconquete,3.499,false
lr:prudent:136,18,withdrawal,reconquete,3.416,false
lr:prudent:141,12,strategic_withdrawal,reconquete,3.743,false
lr:prudent:142,15,withdrawal,reconquete,3.71,true
lr:prudent:144,13,strategic_withdrawal,reconquete,3.696,false
lr:prudent:147,14,strategic_withdrawal,ecologistes,7.081,false
lr:prudent:147,19,withdrawal,reconquete,3.925,false
lr:prudent:148,14,withdrawal,reconquete,3.313,false
lr:prudent:149,14,withdrawal,reconquete,3.651,false
lr:risque:0,17,strategic_withdrawal,reconquete,2.988,false
lr:risque:0,19,withdrawal,reconquete_dissidence_17,4.091,false
lr:risque:1,21,withdrawal,reconquete,3.873,false
lr:risque:2,17,strategic_withdrawal,ecologistes,6.864,false
lr:risque:2,18,strategic_withdrawal,reconquete,3.714,false
lr:risque:5,13,withdrawal,reconquete,3.807,false
lr:risque:13,16,strategic_withdrawal,reconquete,3.981,false
lr:risque:16,16,withdrawal,reconquete,3.486,true
lr:risque:17,22,withdrawal,reconquete,3.356,false
lr:risque:23,17,withdrawal,reconquete,3.236,false
lr:risque:24,20,withdrawal,reconquete,3.315,false
lr:risque:26,13,withdrawal,reconquete,3.444,false
lr:risque:29,21,withdrawal,reconquete,3.415,false
lr:risque:32,12,strategic_withdrawal,reconquete,3.553,false
lr:risque:33,17,strategic_withdrawal,ecologistes,7.452,false
lr:risque:36,19,withdrawal,reconquete,3.664,false
lr:risque:38,18,withdrawal,reconquete,3.23,false
lr:risque:40,22,withdrawal,reconquete,3.317,false
lr:risque:42,22,withdrawal,reconquete,3.59,false
lr:risque:47,18,strategic_withdrawal,reconquete,3.503,false
lr:risque:50,18,withdrawal,reconquete_dissidence_16,3.711,false
lr:risque:52,12,strategic_withdrawal,reconquete,3.554,false
lr:risque:54,18,withdrawal,reconquete,3.395,false
lr:risque:55,13,withdrawal,reconquete,3.415,false
lr:risque:56,17,strategic_withdrawal,reconquete,3.419,false
lr:risque:58,20,strategic_withdrawal,reconquete,3.727,false
lr:risque:60,15,withdrawal,reconquete,3.713,true
lr:risque:68,15,withdrawal,reconquete,3.342,true
lr:risque:78,22,withdrawal,reconquete,2.729,false
lr:risque:79,13,withdrawal,reconquete,3.654,false
lr:risque:81,19,withdrawal,reconquete,3.212,false
lr:risque:84,23,withdrawal,reconquete,40.984,true
lr:risque:87,18,withdrawal,reconquete,3.594,false
lr:risque:88,17,strategic_withdrawal,reconquete,3.411,false
lr:risque:89,19,withdrawal,reconquete,3.028,false
lr:risque:90,14,withdrawal,reconquete,2.995,false
lr:risque:91,20,strategic_withdrawal,reconquete,3.333,false
lr:risque:92,14,withdrawal,reconquete,3.475,false
lr:risque:95,20,withdrawal,reconquete,2.179,false
lr:risque:97,17,strategic_withdrawal,reconquete,2.851,false
lr:risque:99,16,withdrawal,reconquete,3.477,false
lr:risque:100,18,withdrawal,reconquete,3.595,false
lr:risque:109,16,withdrawal,reconquete,3.624,false
lr:risque:110,14,strategic_withdrawal,reconquete,3.161,false
lr:risque:111,20,strategic_withdrawal,reconquete,2.975,false
lr:risque:113,16,strategic_withdrawal,reconquete,3.308,false
lr:risque:114,15,withdrawal,reconquete,3.885,true
lr:risque:116,17,withdrawal,reconquete,3.227,false
lr:risque:120,14,withdrawal,reconquete,3.697,false
lr:risque:123,16,strategic_withdrawal,reconquete,3.602,false
lr:risque:124,16,strategic_withdrawal,ecologistes,8.254,false
lr:risque:125,23,withdrawal,reconquete,40.412,true
lr:risque:130,18,withdrawal,reconquete,3.461,false
lr:risque:133,14,strategic_withdrawal,reconquete,3.56,false
lr:risque:134,19,strategic_withdrawal,reconquete,2.608,false
lr:risque:142,14,strategic_withdrawal,reconquete,3.422,false
lr:risque:143,17,strategic_withdrawal,reconquete,3.482,false
lr:risque:144,23,withdrawal,reconquete,37.264,true
lr:risque:149,12,strategic_withdrawal,reconquete,3.561,false
lr:ideologiquement_coherent:2,18,strategic_withdrawal,reconquete,3.688,false
lr:ideologiquement_coherent:3,15,strategic_withdrawal,reconquete,3.727,true
lr:ideologiquement_coherent:12,13,strategic_withdrawal,reconquete,3.688,false
lr:ideologiquement_coherent:18,13,withdrawal,renaissance,9.482,false
lr:ideologiquement_coherent:18,20,strategic_withdrawal,ecologistes,8.563,false
lr:ideologiquement_coherent:19,15,strategic_withdrawal,reconquete,3.566,true
lr:ideologiquement_coherent:21,21,withdrawal,reconquete,3.345,false
lr:ideologiquement_coherent:25,18,withdrawal,reconquete,3.251,false
lr:ideologiquement_coherent:26,15,withdrawal,reconquete,3.572,true
lr:ideologiquement_coherent:29,17,strategic_withdrawal,reconquete,3.574,false
lr:ideologiquement_coherent:32,12,strategic_withdrawal,reconquete,3.591,false
lr:ideologiquement_coherent:33,18,withdrawal,reconquete,3.271,false
lr:ideologiquement_coherent:34,20,withdrawal,reconquete,3.449,false
lr:ideologiquement_coherent:35,19,withdrawal,reconquete,3.343,false
lr:ideologiquement_coherent:37,18,withdrawal,reconquete,3.085,false
lr:ideologiquement_coherent:42,12,strategic_withdrawal,reconquete,3.544,false
lr:ideologiquement_coherent:45,15,withdrawal,reconquete,3.616,true
lr:ideologiquement_coherent:46,13,withdrawal,reconquete,3.662,false
lr:ideologiquement_coherent:50,21,withdrawal,reconquete,3.244,false
lr:ideologiquement_coherent:52,22,withdrawal,reconquete,2.297,false
lr:ideologiquement_coherent:54,23,withdrawal,reconquete,39.856,true
lr:ideologiquement_coherent:57,19,strategic_withdrawal,reconquete,3.273,false
lr:ideologiquement_coherent:58,17,strategic_withdrawal,reconquete,3.286,false
lr:ideologiquement_coherent:60,16,withdrawal,reconquete,3.528,false
lr:ideologiquement_coherent:61,12,strategic_withdrawal,reconquete,3.711,false
lr:ideologiquement_coherent:71,22,withdrawal,reconquete,3.126,false
lr:ideologiquement_coherent:72,15,withdrawal,reconquete,3.625,false
lr:ideologiquement_coherent:76,20,withdrawal,reconquete,3.668,false
lr:ideologiquement_coherent:80,23,withdrawal,reconquete,37.029,true
lr:ideologiquement_coherent:82,16,strategic_withdrawal,reconquete,3.457,false
lr:ideologiquement_coherent:83,17,strategic_withdrawal,reconquete,3.037,false
lr:ideologiquement_coherent:84,19,strategic_withdrawal,reconquete,3.767,false
lr:ideologiquement_coherent:87,15,strategic_withdrawal,reconquete,3.747,true
lr:ideologiquement_coherent:88,14,withdrawal,reconquete,3.805,false
lr:ideologiquement_coherent:90,20,strategic_withdrawal,reconquete,3.472,false
lr:ideologiquement_coherent:92,20,withdrawal,reconquete,2.962,false
lr:ideologiquement_coherent:96,14,withdrawal,reconquete,3.591,false
lr:ideologiquement_coherent:99,22,withdrawal,reconquete,3.209,false
lr:ideologiquement_coherent:103,20,withdrawal,reconquete,3.402,false
lr:ideologiquement_coherent:106,15,strategic_withdrawal,ecologistes,8.567,true
lr:ideologiquement_coherent:115,14,withdrawal,reconquete,3.461,false
lr:ideologiquement_coherent:118,14,strategic_withdrawal,reconquete,3.699,false
lr:ideologiquement_coherent:120,13,withdrawal,reconquete,3.772,false
lr:ideologiquement_coherent:121,20,withdrawal,reconquete,3.101,false
lr:ideologiquement_coherent:122,21,withdrawal,reconquete,3.197,false
lr:ideologiquement_coherent:123,20,withdrawal,reconquete,3.584,false
lr:ideologiquement_coherent:124,17,withdrawal,reconquete,3.327,false
lr:ideologiquement_coherent:125,16,strategic_withdrawal,reconquete,3.776,false
lr:ideologiquement_coherent:127,12,strategic_withdrawal,reconquete,3.624,false
lr:ideologiquement_coherent:129,16,strategic_withdrawal,reconquete,3.142,false
lr:ideologiquement_coherent:131,13,withdrawal,reconquete,3.779,false
lr:ideologiquement_coherent:132,16,strategic_withdrawal,reconquete,3.452,false
lr:ideologiquement_coherent:136,19,strategic_withdrawal,reconquete,3.552,false
lr:ideologiquement_coherent:136,20,strategic_withdrawal,ecologistes,7.813,false
lr:ideologiquement_coherent:142,14,strategic_withdrawal,reconquete,3.703,false
lr:ideologiquement_coherent:142,21,withdrawal,ecologistes,6.541,false
lr:ideologiquement_coherent:149,15,strategic_withdrawal,reconquete,3.375,true
lr:opportuniste_electoral:0,19,strategic_withdrawal,reconquete,3.251,false
lr:opportuniste_electoral:1,19,withdrawal,reconquete,3.069,false
lr:opportuniste_electoral:3,17,strategic_withdrawal,ecologistes,7.342,false
lr:opportuniste_electoral:3,20,withdrawal,reconquete,3.724,false
lr:opportuniste_electoral:4,17,withdrawal,reconquete,3.899,false
lr:opportuniste_electoral:5,19,withdrawal,reconquete,3.78,false
lr:opportuniste_electoral:7,22,withdrawal,reconquete,3.547,false
lr:opportuniste_electoral:12,12,strategic_withdrawal,ecologistes,8.244,false
lr:opportuniste_electoral:21,17,withdrawal,reconquete,3.714,false
lr:opportuniste_electoral:26,23,withdrawal,reconquete,35.975,true
lr:opportuniste_electoral:28,18,strategic_withdrawal,reconquete,3.368,false
lr:opportuniste_electoral:29,13,strategic_withdrawal,ecologistes,8.602,false
lr:opportuniste_electoral:31,21,withdrawal,reconquete,3.79,false
lr:opportuniste_electoral:32,22,withdrawal,reconquete,3.29,false
lr:opportuniste_electoral:39,21,withdrawal,reconquete,3.475,false
lr:opportuniste_electoral:50,21,withdrawal,ps,11.677,false
lr:opportuniste_electoral:51,22,withdrawal,reconquete,3.362,false
lr:opportuniste_electoral:65,23,withdrawal,reconquete,40.152,true
lr:opportuniste_electoral:66,18,withdrawal,reconquete,3.608,false
lr:opportuniste_electoral:67,14,strategic_withdrawal,reconquete,3.935,false
lr:opportuniste_electoral:70,22,withdrawal,reconquete,2.939,false
lr:opportuniste_electoral:71,17,strategic_withdrawal,reconquete,3.599,false
lr:opportuniste_electoral:76,18,withdrawal,reconquete,3.469,false
lr:opportuniste_electoral:79,22,withdrawal,reconquete,3.609,false
lr:opportuniste_electoral:82,21,strategic_withdrawal,ecologistes,8.945,false
lr:opportuniste_electoral:85,14,strategic_withdrawal,reconquete,3.682,false
lr:opportuniste_electoral:86,18,withdrawal,reconquete,3.564,false
lr:opportuniste_electoral:94,17,withdrawal,reconquete,3.646,false
lr:opportuniste_electoral:95,21,strategic_withdrawal,reconquete,3.355,false
lr:opportuniste_electoral:96,21,strategic_withdrawal,reconquete,4.22,false
lr:opportuniste_electoral:100,15,strategic_withdrawal,reconquete,3.878,true
lr:opportuniste_electoral:101,20,strategic_withdrawal,reconquete,3.008,false
lr:opportuniste_electoral:105,16,strategic_withdrawal,ecologistes,8.853,false
lr:opportuniste_electoral:109,11,strategic_withdrawal,ecologistes,8.708,false
lr:opportuniste_electoral:109,23,withdrawal,reconquete,34.632,true
lr:opportuniste_electoral:111,22,withdrawal,reconquete,3.392,false
lr:opportuniste_electoral:113,20,withdrawal,reconquete,3.243,false
lr:opportuniste_electoral:114,17,strategic_withdrawal,ecologistes,8.496,false
lr:opportuniste_electoral:114,23,withdrawal,reconquete,34.584,true
lr:opportuniste_electoral:115,17,withdrawal,reconquete,3.573,false
lr:opportuniste_electoral:117,13,withdrawal,reconquete,3.531,false
lr:opportuniste_electoral:118,19,withdrawal,reconquete,2.97,false
lr:opportuniste_electoral:121,14,withdrawal,reconquete,3.226,false
lr:opportuniste_electoral:122,23,withdrawal,reconquete,38.635,true
lr:opportuniste_electoral:133,20,withdrawal,rn,13.277,false
lr:opportuniste_electoral:135,13,withdrawal,reconquete,3.681,false
lr:opportuniste_electoral:137,15,withdrawal,reconquete,3.815,true
lr:opportuniste_electoral:139,16,withdrawal,reconquete,3.668,false
lr:opportuniste_electoral:142,15,strategic_withdrawal,reconquete,3.494,true
lr:opportuniste_electoral:145,18,withdrawal,reconquete,3.916,false
lr:opportuniste_electoral:147,16,strategic_withdrawal,reconquete,3.24,false
lr:opportuniste_electoral:148,22,withdrawal,reconquete,3.501,false
lr:parti_dabord:0,13,strategic_withdrawal,reconquete,3.554,false
lr:parti_dabord:1,16,strategic_withdrawal,reconquete,10.343,false
lr:parti_dabord:2,16,strategic_withdrawal,reconquete,3.666,false
lr:parti_dabord:4,18,withdrawal,reconquete,3.453,false
lr:parti_dabord:8,18,withdrawal,reconquete,3.514,false
lr:parti_dabord:11,17,strategic_withdrawal,reconquete,3.866,false
lr:parti_dabord:15,15,strategic_withdrawal,reconquete,3.717,true
lr:parti_dabord:16,23,withdrawal,reconquete,38.687,true
lr:parti_dabord:19,14,withdrawal,reconquete,3.163,false
lr:parti_dabord:22,20,withdrawal,reconquete,3.402,false
lr:parti_dabord:23,13,withdrawal,reconquete,4.077,false
lr:parti_dabord:25,18,strategic_withdrawal,reconquete,3.21,false
lr:parti_dabord:27,13,strategic_withdrawal,ecologistes,8.432,false
lr:parti_dabord:28,17,withdrawal,reconquete,3.26,false
lr:parti_dabord:35,17,withdrawal,reconquete,3.409,false
lr:parti_dabord:36,14,withdrawal,reconquete,3.645,false
lr:parti_dabord:38,20,withdrawal,reconquete,3.536,false
lr:parti_dabord:42,13,strategic_withdrawal,reconquete,3.724,false
lr:parti_dabord:47,19,strategic_withdrawal,reconquete,3.119,false
lr:parti_dabord:49,17,withdrawal,reconquete,3.844,false
lr:parti_dabord:51,18,withdrawal,reconquete,10.149,false
lr:parti_dabord:52,14,strategic_withdrawal,reconquete,3.808,true
lr:parti_dabord:63,18,withdrawal,renaissance,8.919,false
lr:parti_dabord:66,17,strategic_withdrawal,reconquete,2.853,false
lr:parti_dabord:69,17,strategic_withdrawal,reconquete,3.163,false
lr:parti_dabord:72,19,withdrawal,reconquete,3.37,false
lr:parti_dabord:74,21,withdrawal,reconquete,3.675,false
lr:parti_dabord:80,16,withdrawal,reconquete,3.813,false
lr:parti_dabord:81,21,withdrawal,ps,12.768,false
lr:parti_dabord:82,13,withdrawal,reconquete,3.339,false
lr:parti_dabord:86,14,withdrawal,reconquete,2.997,false
lr:parti_dabord:89,17,strategic_withdrawal,reconquete,3.326,false
lr:parti_dabord:90,13,withdrawal,reconquete,3.83,false
lr:parti_dabord:95,20,withdrawal,reconquete,3.355,false
lr:parti_dabord:97,19,strategic_withdrawal,reconquete,3.135,false
lr:parti_dabord:98,17,strategic_withdrawal,reconquete,3.683,false
lr:parti_dabord:102,22,withdrawal,reconquete,2.904,false
lr:parti_dabord:103,23,withdrawal,reconquete,37.852,true
lr:parti_dabord:106,18,withdrawal,reconquete,3.627,false
lr:parti_dabord:108,16,withdrawal,reconquete,3.515,true
lr:parti_dabord:109,13,strategic_withdrawal,reconquete,4.03,false
lr:parti_dabord:110,23,withdrawal,reconquete,40.698,true
lr:parti_dabord:112,15,withdrawal,reconquete,3.716,false
lr:parti_dabord:116,18,strategic_withdrawal,reconquete,3.395,false
lr:parti_dabord:124,19,strategic_withdrawal,reconquete,3.491,false
lr:parti_dabord:128,14,strategic_withdrawal,ecologistes,8.8,false
lr:parti_dabord:132,18,withdrawal,reconquete,3.297,false
lr:parti_dabord:137,19,withdrawal,reconquete,3.714,false
lr:parti_dabord:138,17,withdrawal,reconquete_dissidence_17,0.979,false
lr:parti_dabord:142,21,strategic_withdrawal,reconquete,3.226,false
lr:parti_dabord:143,15,withdrawal,reconquete,3.511,false
lr:parti_dabord:144,17,strategic_withdrawal,reconquete,3.191,false
lr:parti_dabord:146,21,strategic_withdrawal,reconquete,3.619,false
lr:parti_dabord:147,13,withdrawal,reconquete,3.644,false
lr:parti_dabord:149,19,withdrawal,reconquete,4.176,false
lr:mediatique:1,19,withdrawal,reconquete,2.578,false
lr:mediatique:11,20,strategic_withdrawal,ecologistes,7.586,false
lr:mediatique:17,14,strategic_withdrawal,reconquete,3.71,false
lr:mediatique:22,16,withdrawal,reconquete,3.647,false
lr:mediatique:23,18,withdrawal,reconquete,3.664,false
lr:mediatique:26,16,withdrawal,reconquete,4.074,false
lr:mediatique:27,16,strategic_withdrawal,reconquete,3.742,false
lr:mediatique:28,16,withdrawal,reconquete,3.409,false
lr:mediatique:29,21,withdrawal,reconquete,3.471,false
lr:mediatique:32,13,withdrawal,reconquete,3.796,false
lr:mediatique:42,14,strategic_withdrawal,reconquete,3.66,false
lr:mediatique:46,20,withdrawal,reconquete,3.601,false
lr:mediatique:48,14,withdrawal,reconquete,4.133,false
lr:mediatique:56,14,withdrawal,reconquete,3.595,false
lr:mediatique:57,18,withdrawal,reconquete,3.32,false
lr:mediatique:63,14,withdrawal,reconquete,3.759,false
lr:mediatique:64,13,strategic_withdrawal,reconquete,3.442,false
lr:mediatique:68,22,withdrawal,reconquete,3.413,false
lr:mediatique:69,23,withdrawal,reconquete,37.349,true
lr:mediatique:71,15,withdrawal,reconquete,3.794,true
lr:mediatique:72,22,withdrawal,reconquete,3.158,false
lr:mediatique:73,23,withdrawal,reconquete,37.053,true
lr:mediatique:74,20,strategic_withdrawal,reconquete,3.525,false
lr:mediatique:80,13,withdrawal,reconquete,3.643,false
lr:mediatique:81,19,withdrawal,reconquete,3.148,false
lr:mediatique:82,16,withdrawal,reconquete,3.386,false
lr:mediatique:84,15,strategic_withdrawal,reconquete,3.245,true
lr:mediatique:85,18,strategic_withdrawal,reconquete,3.698,false
lr:mediatique:86,21,strategic_withdrawal,ecologistes,8.479,false
lr:mediatique:86,22,withdrawal,reconquete,4.368,false
lr:mediatique:87,15,strategic_withdrawal,reconquete,3.277,true
lr:mediatique:88,14,withdrawal,reconquete,3.676,false
lr:mediatique:90,19,withdrawal,reconquete,3.62,false
lr:mediatique:93,19,withdrawal,reconquete,2.95,false
lr:mediatique:94,19,withdrawal,reconquete,3.261,false
lr:mediatique:96,14,withdrawal,reconquete,3.573,false
lr:mediatique:98,17,strategic_withdrawal,reconquete,3.112,false
lr:mediatique:98,19,strategic_withdrawal,ecologistes,7.44,false
lr:mediatique:108,22,withdrawal,reconquete,3.789,false
lr:mediatique:110,15,withdrawal,reconquete,3.801,true
lr:mediatique:113,16,withdrawal,reconquete,3.497,false
lr:mediatique:115,18,strategic_withdrawal,reconquete,3.101,false
lr:mediatique:122,14,withdrawal,reconquete,3.63,false
lr:mediatique:123,18,strategic_withdrawal,reconquete,3.744,false
lr:mediatique:125,20,strategic_withdrawal,reconquete,4.067,false
lr:mediatique:126,18,withdrawal,reconquete,3.031,false
lr:mediatique:129,16,strategic_withdrawal,reconquete,3.678,false
lr:mediatique:131,14,withdrawal,reconquete,3.599,false
lr:mediatique:135,11,strategic_withdrawal,ecologistes,8.897,false
lr:mediatique:136,14,withdrawal,reconquete,3.575,false
lr:mediatique:141,13,strategic_withdrawal,reconquete,3.709,false
lr:mediatique:142,19,strategic_withdrawal,ecologistes,8.309,false
lr:mediatique:142,22,withdrawal,reconquete,3.383,false
lr:mediatique:143,22,withdrawal,reconquete,3.308,false
lr:mediatique:144,16,withdrawal,reconquete,4.094,false
lr:mediatique:148,13,withdrawal,reconquete,3.912,false
lr:contrarien:6,19,withdrawal,reconquete,3.712,false
lr:contrarien:8,23,withdrawal,reconquete,37.099,true
lr:contrarien:9,21,withdrawal,reconquete,3.527,false
lr:contrarien:12,21,withdrawal,reconquete,4.036,false
lr:contrarien:15,13,withdrawal,reconquete,3.723,false
lr:contrarien:16,19,withdrawal,reconquete,3.61,false
lr:contrarien:18,20,withdrawal,reconquete,3.733,false
lr:contrarien:24,17,withdrawal,reconquete,3.613,false
lr:contrarien:26,14,withdrawal,reconquete,3.634,false
lr:contrarien:29,22,withdrawal,reconquete,3.567,false
lr:contrarien:33,18,strategic_withdrawal,reconquete,2.97,false
lr:contrarien:46,23,withdrawal,reconquete,37.118,true
lr:contrarien:52,18,withdrawal,reconquete,3.577,false
lr:contrarien:62,17,withdrawal,reconquete,3.736,false
lr:contrarien:67,21,withdrawal,reconquete,3.906,false
lr:contrarien:69,13,withdrawal,reconquete,3.611,false
lr:contrarien:72,13,strategic_withdrawal,reconquete,3.687,false
lr:contrarien:74,19,withdrawal,reconquete,3.546,false
lr:contrarien:83,16,withdrawal,reconquete,4.208,false
lr:contrarien:85,18,withdrawal,reconquete,3.697,false
lr:contrarien:86,19,withdrawal,ps,11.745,false
lr:contrarien:88,21,withdrawal,reconquete,3.913,false
lr:contrarien:89,17,withdrawal,nouvelle_energie,9.363,false
lr:contrarien:92,22,withdrawal,reconquete,3.569,false
lr:contrarien:93,20,strategic_withdrawal,reconquete,3.879,false
lr:contrarien:95,15,withdrawal,reconquete,3.294,true
lr:contrarien:101,13,withdrawal,reconquete,3.605,false
lr:contrarien:106,16,withdrawal,reconquete,3.566,false
lr:contrarien:106,20,withdrawal,reconquete_dissidence_16,5.562,false
lr:contrarien:107,21,withdrawal,reconquete,3.333,false
lr:contrarien:108,13,withdrawal,reconquete,3.856,false
lr:contrarien:112,11,strategic_withdrawal,ecologistes,8.95,false
lr:contrarien:115,21,strategic_withdrawal,ecologistes,8.581,false
lr:contrarien:117,13,withdrawal,reconquete,3.39,false
lr:contrarien:118,20,strategic_withdrawal,ecologistes,8.461,false
lr:contrarien:119,17,withdrawal,reconquete,3.686,false
lr:contrarien:121,21,withdrawal,reconquete,3.806,false
lr:contrarien:122,17,strategic_withdrawal,reconquete,3.628,false
lr:contrarien:124,14,withdrawal,reconquete,3.915,false
lr:contrarien:128,17,withdrawal,reconquete,3.479,false
lr:contrarien:136,20,withdrawal,reconquete,3.973,false
lr:contrarien:139,12,strategic_withdrawal,ecologistes,9.109,false
lr:contrarien:140,13,withdrawal,reconquete,3.295,false
lr:contrarien:142,16,strategic_withdrawal,reconquete,3.592,false
lr:contrarien:143,20,withdrawal,reconquete,3.565,false
lr:contrarien:144,18,withdrawal,reconquete,3.39,false
rn:aleatoire:7,22,withdrawal,reconquete,2.847,false
rn:aleatoire:9,19,withdrawal,reconquete,3.166,false
rn:aleatoire:10,22,withdrawal,reconquete,3.1,false
rn:aleatoire:12,14,withdrawal,reconquete,3.859,false
rn:aleatoire:13,23,withdrawal,reconquete,39.269,true
rn:aleatoire:14,16,withdrawal,ps,11.293,false
rn:aleatoire:18,21,withdrawal,reconquete,3.281,false
rn:aleatoire:21,22,withdrawal,reconquete,3.38,false
rn:aleatoire:29,20,withdrawal,reconquete,3.044,false
rn:aleatoire:35,21,strategic_withdrawal,ecologistes,7.303,false
rn:aleatoire:35,22,withdrawal,reconquete,3.642,false
rn:aleatoire:36,15,withdrawal,reconquete,3.553,true
rn:aleatoire:37,20,withdrawal,reconquete,3.19,false
rn:aleatoire:40,19,withdrawal,reconquete,3.421,false
rn:aleatoire:43,11,strategic_withdrawal,ecologistes,8.741,false
rn:aleatoire:47,13,withdrawal,reconquete,3.599,false
rn:aleatoire:55,18,withdrawal,reconquete,3.118,false
rn:aleatoire:59,17,withdrawal,reconquete,3.673,false
rn:aleatoire:66,21,withdrawal,reconquete,2.861,false
rn:aleatoire:69,14,strategic_withdrawal,ecologistes,8.428,false
rn:aleatoire:82,22,withdrawal,reconquete,3.014,false
rn:aleatoire:88,17,strategic_withdrawal,ecologistes,8.394,false
rn:aleatoire:91,11,strategic_withdrawal,ecologistes,8.234,false
rn:aleatoire:100,23,withdrawal,reconquete,43.848,true
rn:aleatoire:105,16,strategic_withdrawal,ecologistes,7.791,false
rn:aleatoire:111,19,withdrawal,reconquete,3.53,false
rn:aleatoire:115,17,withdrawal,reconquete,3.556,false
rn:aleatoire:116,18,withdrawal,reconquete,3.688,false
rn:aleatoire:122,17,withdrawal,reconquete,3.297,false
rn:aleatoire:123,19,strategic_withdrawal,ecologistes,7.276,false
rn:aleatoire:123,22,withdrawal,reconquete,3.787,false
rn:aleatoire:126,18,withdrawal,reconquete,8.137,false
rn:aleatoire:129,13,withdrawal,reconquete,3.471,false
rn:aleatoire:132,14,withdrawal,ps,11.081,false
rn:aleatoire:133,16,withdrawal,reconquete,3.486,false
rn:aleatoire:137,14,withdrawal,reconquete,3.713,false
rn:aleatoire:138,17,withdrawal,reconquete,3.456,false
rn:aleatoire:139,12,strategic_withdrawal,ecologistes,8.283,false
rn:aleatoire:140,15,withdrawal,reconquete,3.4,true
rn:aleatoire:144,19,withdrawal,reconquete,3.36,false
rn:aleatoire:145,15,withdrawal,reconquete,3.794,false
rn:aleatoire:145,18,strategic_withdrawal,ecologistes,7.707,false
rn:aleatoire:146,16,withdrawal,reconquete,3.417,false
rn:prudent:0,13,withdrawal,reconquete,3.019,false
rn:prudent:12,13,withdrawal,reconquete,3.67,false
rn:prudent:14,15,withdrawal,reconquete,3.147,true
rn:prudent:17,20,strategic_withdrawal,ecologistes,7.463,false
rn:prudent:29,16,withdrawal,reconquete,3.609,false
rn:prudent:32,14,strategic_withdrawal,ecologistes,7.753,false
rn:prudent:37,13,withdrawal,reconquete,3.482,false
rn:prudent:40,20,withdrawal,reconquete,3.274,false
rn:prudent:44,15,withdrawal,reconquete,3.252,false
rn:prudent:48,15,strategic_withdrawal,ecologistes,7.857,true
rn:prudent:48,22,withdrawal,reconquete,3.463,false
rn:prudent:49,13,withdrawal,reconquete,3.222,false
rn:prudent:50,17,withdrawal,reconquete,3.233,false
rn:prudent:53,20,withdrawal,reconquete,2.84,false
rn:prudent:55,19,withdrawal,reconquete,3.473,false
rn:prudent:61,23,withdrawal,reconquete,40.052,true
rn:prudent:63,21,withdrawal,reconquete,3.321,false
rn:prudent:65,21,withdrawal,reconquete,3.161,false
rn:prudent:70,13,withdrawal,reconquete,3.381,false
rn:prudent:79,15,withdrawal,reconquete,3.068,true
rn:prudent:81,20,withdrawal,reconquete,3.23,false
rn:prudent:82,13,withdrawal,reconquete,3.49,false
rn:prudent:90,19,withdrawal,reconquete,2.994,false
rn:prudent:91,13,withdrawal,reconquete,3.524,false
rn:prudent:94,21,withdrawal,reconquete,3.114,false
rn:prudent:97,20,strategic_withdrawal,ecologistes,8.707,false
rn:prudent:100,16,withdrawal,lfi,9.3,false
rn:prudent:101,18,withdrawal,reconquete,3.273,false
rn:prudent:102,22,withdrawal,reconquete,3.207,false
rn:prudent:103,17,withdrawal,reconquete,3.319,false
rn:prudent:104,14,withdrawal,reconquete,3.621,false
rn:prudent:104,20,strategic_withdrawal,ecologistes,8.183,false
rn:prudent:116,15,withdrawal,reconquete,3.544,true
rn:prudent:118,14,withdrawal,reconquete,3.067,false
rn:prudent:120,22,withdrawal,reconquete,4.059,false
rn:prudent:124,13,withdrawal,reconquete,3.48,false
rn:prudent:128,13,withdrawal,reconquete,3.594,false
rn:prudent:130,22,withdrawal,reconquete,3.108,false
rn:prudent:133,13,withdrawal,reconquete,3.405,false
rn:prudent:136,18,strategic_withdrawal,ecologistes,7.7,false
rn:prudent:138,19,withdrawal,reconquete,3.374,false
rn:prudent:140,14,withdrawal,reconquete,3.255,false
rn:prudent:142,16,withdrawal,reconquete,3.492,false
rn:risque:10,21,withdrawal,reconquete,2.478,false
rn:risque:15,14,withdrawal,reconquete,3.579,false
rn:risque:20,21,withdrawal,reconquete,1.676,false
rn:risque:24,17,withdrawal,reconquete,3.112,false
rn:risque:25,20,withdrawal,lr,8.642,false
rn:risque:28,20,withdrawal,reconquete,2.976,false
rn:risque:29,17,withdrawal,reconquete,3.615,false
rn:risque:31,21,strategic_withdrawal,ecologistes,7.472,false
rn:risque:37,22,withdrawal,reconquete,3.616,false
rn:risque:41,15,withdrawal,reconquete,3.521,true
rn:risque:42,21,strategic_withdrawal,ecologistes,7.444,false
rn:risque:47,22,withdrawal,reconquete,3.416,false
rn:risque:48,21,withdrawal,reconquete_dissidence_21,0.966,false
rn:risque:49,19,withdrawal,reconquete,3.359,false
rn:risque:60,22,withdrawal,reconquete,3.339,false
rn:risque:69,21,withdrawal,reconquete,3.1,false
rn:risque:70,19,withdrawal,reconquete,3.522,false
rn:risque:77,12,strategic_withdrawal,ecologistes,8.403,false
rn:risque:78,23,withdrawal,reconquete,42.771,true
rn:risque:82,23,withdrawal,reconquete,40.063,true
rn:risque:83,13,withdrawal,reconquete,2.997,false
rn:risque:84,13,withdrawal,reconquete,2.834,false
rn:risque:86,15,withdrawal,reconquete,3.286,true
rn:risque:88,14,strategic_withdrawal,ecologistes,8.319,false
rn:risque:88,22,withdrawal,reconquete,3.438,false
rn:risque:89,17,strategic_withdrawal,ecologistes,7.648,false
rn:risque:89,23,withdrawal,reconquete,40.373,true
rn:risque:90,16,withdrawal,reconquete,3.583,false
rn:risque:93,18,strategic_withdrawal,ecologistes,8.32,false
rn:risque:93,18,withdrawal,reconquete,8.32,false
rn:risque:94,21,withdrawal,reconquete,3.458,false
rn:risque:96,22,withdrawal,reconquete,3.673,false
rn:risque:100,14,withdrawal,reconquete,3.654,false
rn:risque:103,23,withdrawal,reconquete,37.021,true
rn:risque:106,21,withdrawal,reconquete,3.207,false
rn:risque:107,20,withdrawal,reconquete,2.053,false
rn:risque:108,21,withdrawal,reconquete,3.388,false
rn:risque:111,21,withdrawal,lr,7.636,false
rn:risque:115,21,withdrawal,reconquete,3.713,false
rn:risque:117,19,withdrawal,reconquete,3.549,false
rn:risque:123,23,withdrawal,reconquete,39.885,true
rn:risque:125,17,withdrawal,reconquete,3.235,false
rn:risque:133,21,withdrawal,reconquete,2.816,false
rn:risque:138,17,withdrawal,reconquete,3.502,false
rn:risque:143,19,withdrawal,reconquete,3.107,false
rn:risque:146,12,strategic_withdrawal,ecologistes,7.76,false
rn:risque:148,13,withdrawal,reconquete,3.574,false
rn:ideologiquement_coherent:0,19,withdrawal,reconquete,3.056,false
rn:ideologiquement_coherent:1,15,withdrawal,reconquete,3.728,true
rn:ideologiquement_coherent:3,20,withdrawal,reconquete,3.13,false
rn:ideologiquement_coherent:5,15,withdrawal,reconquete,3.586,true
rn:ideologiquement_coherent:7,14,strategic_withdrawal,ecologistes,7.951,false
rn:ideologiquement_coherent:11,20,withdrawal,reconquete,3.232,false
rn:ideologiquement_coherent:12,14,withdrawal,reconquete,3.202,false
rn:ideologiquement_coherent:15,13,withdrawal,reconquete,3.253,false
rn:ideologiquement_coherent:16,13,withdrawal,reconquete,2.858,false
rn:ideologiquement_coherent:19,18,withdrawal,reconquete,3.055,false
rn:ideologiquement_coherent:20,22,withdrawal,reconquete,3.129,false
rn:ideologiquement_coherent:21,17,strategic_withdrawal,ecologistes,7.562,false
rn:ideologiquement_coherent:29,16,withdrawal,reconquete,3.668,false
rn:ideologiquement_coherent:31,15,withdrawal,reconquete,3.716,true
rn:ideologiquement_coherent:33,18,withdrawal,reconquete,3.048,false
rn:ideologiquement_coherent:40,20,withdrawal,reconquete,3.244,false
rn:ideologiquement_coherent:53,17,withdrawal,reconquete,3.319,false
rn:ideologiquement_coherent:54,16,withdrawal,reconquete,3.651,false
rn:ideologiquement_coherent:55,20,withdrawal,reconquete,3.393,false
rn:ideologiquement_coherent:56,16,withdrawal,reconquete,3.322,false
rn:ideologiquement_coherent:59,19,withdrawal,reconquete,3.094,false
rn:ideologiquement_coherent:65,22,withdrawal,reconquete,3.285,false
rn:ideologiquement_coherent:67,21,withdrawal,reconquete,2.909,false
rn:ideologiquement_coherent:69,14,strategic_withdrawal,ecologistes,8.27,false
rn:ideologiquement_coherent:70,15,withdrawal,reconquete,3.319,true
rn:ideologiquement_coherent:72,14,withdrawal,reconquete,3.187,false
rn:ideologiquement_coherent:74,14,withdrawal,reconquete,3.321,false
rn:ideologiquement_coherent:75,17,withdrawal,reconquete,3.23,false
rn:ideologiquement_coherent:75,20,withdrawal,renaissance,8.767,false
rn:ideologiquement_coherent:79,17,withdrawal,reconquete,3.07,false
rn:ideologiquement_coherent:81,20,withdrawal,reconquete,2.961,false
rn:ideologiquement_coherent:85,17,withdrawal,reconquete,3.382,false
rn:ideologiquement_coherent:88,13,withdrawal,reconquete,3.362,false
rn:ideologiquement_coherent:91,19,withdrawal,reconquete,2.643,false
rn:ideologiquement_coherent:96,20,withdrawal,reconquete,2.886,false
rn:ideologiquement_coherent:104,17,withdrawal,reconquete,3.2,false
rn:ideologiquement_coherent:111,13,withdrawal,reconquete,3.653,false
rn:ideologiquement_coherent:121,21,withdrawal,reconquete,2.804,false
rn:ideologiquement_coherent:125,18,withdrawal,reconquete,3.64,false
rn:ideologiquement_coherent:131,18,withdrawal,reconquete,3.3,false
rn:ideologiquement_coherent:140,16,withdrawal,reconquete,3.356,false
rn:ideologiquement_coherent:143,19,withdrawal,reconquete,3.201,false
rn:ideologiquement_coherent:145,17,strategic_withdrawal,ecologistes,7.526,false
rn:ideologiquement_coherent:146,18,withdrawal,reconquete,3.046,false
rn:opportuniste_electoral:0,17,withdrawal,reconquete,3.346,false
rn:opportuniste_electoral:3,19,withdrawal,reconquete,3.393,false
rn:opportuniste_electoral:4,16,strategic_withdrawal,ecologistes,8.41,false
rn:opportuniste_electoral:6,21,withdrawal,reconquete,3.375,false
rn:opportuniste_electoral:14,23,withdrawal,reconquete,37.663,true
rn:opportuniste_electoral:19,16,withdrawal,reconquete,3.447,false
rn:opportuniste_electoral:23,17,strategic_withdrawal,ecologistes,8.062,false
rn:opportuniste_electoral:27,22,withdrawal,reconquete,3.83,false
rn:opportuniste_electoral:34,13,strategic_withdrawal,ecologistes,8.632,false
rn:opportuniste_electoral:35,15,withdrawal,lr,8.386,true
rn:opportuniste_electoral:35,15,withdrawal,reconquete,8.386,true
rn:opportuniste_electoral:36,17,withdrawal,reconquete,3.348,false
rn:opportuniste_electoral:38,16,withdrawal,reconquete,4.022,false
rn:opportuniste_electoral:40,21,withdrawal,reconquete,3.293,false
rn:opportuniste_electoral:43,17,withdrawal,reconquete,3.879,false
rn:opportuniste_electoral:45,14,withdrawal,reconquete,3.559,false
rn:opportuniste_electoral:48,19,withdrawal,reconquete,3.495,false
rn:opportuniste_electoral:56,13,withdrawal,reconquete,3.386,false
rn:opportuniste_electoral:59,16,withdrawal,reconquete,3.692,true
rn:opportuniste_electoral:59,21,strategic_withdrawal,ecologistes,7.425,false
rn:opportuniste_electoral:60,18,withdrawal,reconquete,3.34,false
rn:opportuniste_electoral:67,19,withdrawal,reconquete,2.94,false
rn:opportuniste_electoral:68,17,withdrawal,reconquete,3.665,false
rn:opportuniste_electoral:70,23,withdrawal,reconquete_dissidence_23,46.61,true
rn:opportuniste_electoral:75,20,withdrawal,reconquete,3.469,false
rn:opportuniste_electoral:79,21,withdrawal,reconquete,3.406,false
rn:opportuniste_electoral:80,14,withdrawal,reconquete,3.74,false
rn:opportuniste_electoral:84,19,strategic_withdrawal,ecologistes,7.532,false
rn:opportuniste_electoral:86,20,withdrawal,reconquete,3.437,false
rn:opportuniste_electoral:88,19,withdrawal,reconquete,3.287,false
rn:opportuniste_electoral:93,18,strategic_withdrawal,ecologistes,7.779,false
rn:opportuniste_electoral:94,14,withdrawal,reconquete,3.296,false
rn:opportuniste_electoral:95,19,withdrawal,reconquete,3.592,false
rn:opportuniste_electoral:98,18,withdrawal,reconquete,3.225,false
rn:opportuniste_electoral:101,21,withdrawal,reconquete,3.222,false
rn:opportuniste_electoral:103,15,withdrawal,reconquete,3.597,true
rn:opportuniste_electoral:107,17,withdrawal,reconquete,3.844,false
rn:opportuniste_electoral:107,21,strategic_withdrawal,ecologistes,7.88,false
rn:opportuniste_electoral:111,20,withdrawal,reconquete,3.353,false
rn:opportuniste_electoral:111,23,withdrawal,ps,38.952,true
rn:opportuniste_electoral:115,21,withdrawal,reconquete,3.559,false
rn:opportuniste_electoral:121,13,strategic_withdrawal,ecologistes,8.277,false
rn:opportuniste_electoral:127,20,withdrawal,reconquete,3.14,false
rn:opportuniste_electoral:129,22,withdrawal,reconquete,2.854,false
rn:opportuniste_electoral:130,17,withdrawal,reconquete,3.215,false
rn:opportuniste_electoral:134,15,withdrawal,reconquete,3.582,true
rn:opportuniste_electoral:135,23,withdrawal,reconquete,40.992,true
rn:opportuniste_electoral:139,16,withdrawal,reconquete,3.242,false
rn:opportuniste_electoral:140,23,withdrawal,reconquete,36.705,true
rn:opportuniste_electoral:143,13,withdrawal,reconquete,3.436,false
rn:opportuniste_electoral:148,21,strategic_withdrawal,ecologistes,7.818,false
rn:parti_dabord:2,20,withdrawal,reconquete,2.927,false
rn:parti_dabord:5,23,withdrawal,reconquete,39.193,true
rn:parti_dabord:8,13,withdrawal,reconquete,3.568,false
rn:parti_dabord:11,22,withdrawal,reconquete,3.47,false
rn:parti_dabord:12,18,withdrawal,reconquete_dissidence_15,5.012,false
rn:parti_dabord:13,20,strategic_withdrawal,ecologistes,7.578,false
rn:parti_dabord:14,16,withdrawal,reconquete,3.189,false
rn:parti_dabord:15,13,withdrawal,reconquete,3.604,false
rn:parti_dabord:19,17,withdrawal,reconquete,3.732,false
rn:parti_dabord:22,22,withdrawal,reconquete,2.905,false
rn:parti_dabord:25,15,withdrawal,reconquete,3.356,true
rn:parti_dabord:29,13,withdrawal,reconquete,3.373,false
rn:parti_dabord:30,19,withdrawal,reconquete,3.503,false
rn:parti_dabord:34,15,withdrawal,reconquete,3.428,true
rn:parti_dabord:35,20,withdrawal,reconquete,3.498,false
rn:parti_dabord:49,19,withdrawal,reconquete,3.059,false
rn:parti_dabord:59,18,withdrawal,ps,12.916,false
rn:parti_dabord:59,19,withdrawal,reconquete,3.902,false
rn:parti_dabord:63,15,withdrawal,reconquete,3.92,false
rn:parti_dabord:71,16,withdrawal,reconquete,3.744,false
rn:parti_dabord:73,14,withdrawal,reconquete,3.364,false
rn:parti_dabord:80,16,withdrawal,reconquete,3.161,false
rn:parti_dabord:95,16,withdrawal,reconquete,3.407,false
rn:parti_dabord:97,18,withdrawal,lfi,9.082,false
rn:parti_dabord:97,18,strategic_withdrawal,ecologistes,9.082,false
rn:parti_dabord:97,20,withdrawal,reconquete,4.194,false
rn:parti_dabord:97,21,strategic_withdrawal,renaissance,12.901,false
rn:parti_dabord:104,18,withdrawal,reconquete,3.167,false
rn:parti_dabord:108,18,withdrawal,reconquete,3.529,false
rn:parti_dabord:119,19,strategic_withdrawal,ecologistes,7.667,false
rn:parti_dabord:123,18,withdrawal,reconquete,3.531,false
rn:parti_dabord:126,14,withdrawal,reconquete,3.525,false
rn:parti_dabord:128,17,strategic_withdrawal,ecologistes,8.021,false
rn:parti_dabord:130,13,withdrawal,reconquete,3.433,false
rn:parti_dabord:143,14,withdrawal,reconquete,3.866,false
rn:parti_dabord:144,22,withdrawal,reconquete,2.979,false
rn:parti_dabord:145,12,strategic_withdrawal,ecologistes,8.449,false
rn:parti_dabord:147,17,withdrawal,reconquete,3.596,false
rn:mediatique:0,21,withdrawal,reconquete,3.632,false
rn:mediatique:2,19,withdrawal,reconquete,3.517,false
rn:mediatique:3,17,withdrawal,reconquete,3.858,false
rn:mediatique:4,22,withdrawal,reconquete,3.488,false
rn:mediatique:6,18,withdrawal,reconquete,3.554,false
rn:mediatique:7,15,withdrawal,reconquete,3.664,false
rn:mediatique:11,20,withdrawal,reconquete,3.342,false
rn:mediatique:14,13,withdrawal,reconquete,3.723,false
rn:mediatique:15,21,withdrawal,reconquete,3.292,false
rn:mediatique:16,19,withdrawal,reconquete,3.459,false
rn:mediatique:19,14,withdrawal,reconquete,3.838,false
rn:mediatique:34,20,strategic_withdrawal,ecologistes,7.821,false
rn:mediatique:35,23,withdrawal,reconquete,37.292,true
rn:mediatique:37,22,withdrawal,reconquete,3.369,false
rn:mediatique:43,23,withdrawal,reconquete,37.073,true
rn:mediatique:45,16,withdrawal,reconquete,3.361,false
rn:mediatique:46,21,withdrawal,reconquete,3.375,false
rn:mediatique:47,16,withdrawal,reconquete_dissidence_16,1.059,false
rn:mediatique:48,16,withdrawal,reconquete,3.581,false
rn:mediatique:51,16,withdrawal,reconquete,3.729,false
rn:mediatique:53,22,withdrawal,reconquete,2.93,false
rn:mediatique:54,22,withdrawal,reconquete,3.369,false
rn:mediatique:61,21,withdrawal,reconquete,3.512,false
rn:mediatique:62,18,withdrawal,reconquete,3.061,false
rn:mediatique:67,13,withdrawal,reconquete,3.811,false
rn:mediatique:70,11,strategic_withdrawal,ecologistes,8.365,false
rn:mediatique:70,18,withdrawal,reconquete,3.743,false
rn:mediatique:71,14,withdrawal,reconquete,2.65,false
rn:mediatique:76,15,withdrawal,reconquete,3.336,false
rn:mediatique:78,22,withdrawal,reconquete,2.818,false
rn:mediatique:83,15,strategic_withdrawal,ecologistes,9.411,true
rn:mediatique:88,22,withdrawal,reconquete,3.357,false
rn:mediatique:93,18,withdrawal,reconquete,3.206,false
rn:mediatique:94,13,withdrawal,reconquete,3.493,false
rn:mediatique:96,23,withdrawal,reconquete,38.949,true
rn:mediatique:98,18,strategic_withdrawal,ecologistes,8.356,false
rn:mediatique:100,13,withdrawal,reconquete,3.698,false
rn:mediatique:103,23,withdrawal,reconquete,39.261,true
rn:mediatique:104,16,withdrawal,reconquete,3.701,false
rn:mediatique:107,16,withdrawal,reconquete,3.438,false
rn:mediatique:112,17,withdrawal,reconquete,3.8,false
rn:mediatique:113,23,withdrawal,reconquete,37.873,true
rn:mediatique:116,23,withdrawal,reconquete,40.313,true
rn:mediatique:119,18,withdrawal,reconquete,3.34,false
rn:mediatique:123,16,withdrawal,reconquete,3.715,false
rn:mediatique:126,17,withdrawal,reconquete,3.71,false
rn:mediatique:127,13,withdrawal,reconquete,3.526,false
rn:mediatique:134,20,withdrawal,reconquete,3.77,false
rn:mediatique:139,18,withdrawal,reconquete,3.659,false
rn:mediatique:141,19,withdrawal,reconquete,3.803,false
rn:mediatique:146,20,withdrawal,reconquete,3.101,false
rn:mediatique:147,14,withdrawal,reconquete,3.805,false
rn:mediatique:148,16,withdrawal,reconquete,3.594,false
rn:contrarien:1,15,withdrawal,reconquete,4.097,true
rn:contrarien:8,21,withdrawal,reconquete,3.714,false
rn:contrarien:9,17,withdrawal,reconquete,3.168,false
rn:contrarien:10,17,withdrawal,reconquete,3.46,false
rn:contrarien:12,19,withdrawal,reconquete,3.482,false
rn:contrarien:13,16,withdrawal,reconquete,3.406,false
rn:contrarien:14,17,withdrawal,reconquete,3.523,false
rn:contrarien:22,21,withdrawal,reconquete,3.625,false
rn:contrarien:24,15,withdrawal,reconquete,3.876,true
rn:contrarien:29,23,withdrawal,reconquete,35.126,true
rn:contrarien:31,14,withdrawal,reconquete,2.614,false
rn:contrarien:36,16,withdrawal,reconquete,3.858,false
rn:contrarien:36,18,strategic_withdrawal,ecologistes,8.573,false
rn:contrarien:39,19,withdrawal,reconquete,3.592,false
rn:contrarien:40,23,withdrawal,reconquete,38.711,true
rn:contrarien:43,13,withdrawal,reconquete,3.886,false
rn:contrarien:44,19,withdrawal,reconquete,3.238,false
rn:contrarien:45,22,withdrawal,reconquete,3.284,false
rn:contrarien:50,22,withdrawal,reconquete,2.345,false
rn:contrarien:56,15,withdrawal,reconquete,3.712,true
rn:contrarien:57,18,withdrawal,reconquete,3.65,false
rn:contrarien:63,21,withdrawal,reconquete,3.846,false
rn:contrarien:68,23,withdrawal,reconquete,38.775,true
rn:contrarien:74,18,withdrawal,reconquete,3.663,false
rn:contrarien:79,19,withdrawal,renaissance,8.528,false
rn:contrarien:80,16,strategic_withdrawal,ecologistes,8.384,false
rn:contrarien:81,23,withdrawal,reconquete,35.24,true
rn:contrarien:82,15,withdrawal,lr,9.541,true
rn:contrarien:83,20,withdrawal,reconquete,3.627,false
rn:contrarien:87,23,withdrawal,ps,43.012,true
rn:contrarien:88,23,withdrawal,lr,36.059,true
rn:contrarien:89,16,withdrawal,reconquete,3.787,false
rn:contrarien:105,21,withdrawal,reconquete_dissidence_21,1.054,false
rn:contrarien:111,21,withdrawal,reconquete,3.586,false
rn:contrarien:113,13,withdrawal,reconquete,3.658,false
rn:contrarien:115,18,withdrawal,reconquete,3.808,false
rn:contrarien:121,19,withdrawal,reconquete,3.434,false
rn:contrarien:135,19,withdrawal,reconquete,3.184,false
rn:contrarien:136,14,withdrawal,reconquete,4.345,false
rn:contrarien:139,14,withdrawal,reconquete,3.61,false
rn:contrarien:143,14,strategic_withdrawal,ecologistes,8.83,false
rn:contrarien:145,17,strategic_withdrawal,ecologistes,8.276,false
reconquete:aleatoire:57,16,withdrawal,lr,8.941,false
reconquete:aleatoire:88,19,withdrawal,lr,9.008,false
reconquete:aleatoire:93,14,strategic_withdrawal,ecologistes,7.843,false
reconquete:aleatoire:108,12,strategic_withdrawal,ecologistes,8.451,false
reconquete:aleatoire:111,20,strategic_withdrawal,ecologistes,8.037,false
reconquete:aleatoire:129,13,strategic_withdrawal,ecologistes,8.846,false
reconquete:aleatoire:131,17,withdrawal,lr,9.234,false
reconquete:prudent:9,18,withdrawal,horizons,14.561,false
reconquete:prudent:104,18,strategic_withdrawal,ecologistes,7.983,false
reconquete:risque:24,13,withdrawal,ps,10.879,false
reconquete:risque:31,20,strategic_withdrawal,ecologistes,8.541,false
reconquete:risque:104,15,withdrawal,lr,8.357,true
reconquete:risque:141,16,strategic_withdrawal,ecologistes,7.693,false
reconquete:ideologiquement_coherent:106,21,withdrawal,ps,10.787,false
reconquete:ideologiquement_coherent:115,15,strategic_withdrawal,ecologistes,8.471,true
reconquete:ideologiquement_coherent:115,21,withdrawal,lr,8.855,false
reconquete:ideologiquement_coherent:127,19,withdrawal,ps,9.554,false
reconquete:opportuniste_electoral:56,17,strategic_withdrawal,ecologistes,8.404,false
reconquete:opportuniste_electoral:70,17,withdrawal,ps,11.133,false
reconquete:opportuniste_electoral:84,21,strategic_withdrawal,ecologistes,7.736,false
reconquete:opportuniste_electoral:100,19,withdrawal,ps,10.993,false
reconquete:opportuniste_electoral:116,19,withdrawal,ecologistes,7.278,false
reconquete:opportuniste_electoral:132,16,strategic_withdrawal,ecologistes,9.099,false
reconquete:parti_dabord:2,20,strategic_withdrawal,ecologistes,7.953,false
reconquete:parti_dabord:24,20,strategic_withdrawal,ecologistes,7.4,false
reconquete:parti_dabord:66,15,strategic_withdrawal,ecologistes,7.967,true
reconquete:parti_dabord:71,23,withdrawal,ps,37.57,true
reconquete:parti_dabord:75,21,strategic_withdrawal,ecologistes,8.474,false
reconquete:parti_dabord:85,14,strategic_withdrawal,ecologistes,8.473,false
reconquete:parti_dabord:98,23,withdrawal,rn,36.2,true
reconquete:parti_dabord:102,23,withdrawal,nouvelle_energie,36.288,true
reconquete:parti_dabord:103,13,strategic_withdrawal,ecologistes,9.026,false
reconquete:parti_dabord:125,13,strategic_withdrawal,ecologistes,8.492,false
reconquete:parti_dabord:129,18,strategic_withdrawal,ecologistes,7.888,false
reconquete:mediatique:2,21,strategic_withdrawal,ecologistes,8.296,false
reconquete:mediatique:7,15,withdrawal,ecologistes,8.077,true
reconquete:mediatique:17,14,strategic_withdrawal,ecologistes,8.888,false
reconquete:mediatique:35,13,strategic_withdrawal,ecologistes,8.852,false
reconquete:mediatique:35,22,withdrawal,nouvelle_energie,12.143,false
reconquete:mediatique:73,20,strategic_withdrawal,ecologistes,8.651,false
reconquete:contrarien:10,21,strategic_withdrawal,ecologistes,7.93,false
reconquete:contrarien:14,15,withdrawal,ps,12.281,true
reconquete:contrarien:79,19,withdrawal,lr,8.484,false
reconquete:contrarien:94,18,strategic_withdrawal,ecologistes,7.88,false
reconquete:contrarien:108,23,withdrawal,ps,37.458,true
nouvelle_energie:aleatoire:0,16,strategic_withdrawal,reconquete,3.387,false
nouvelle_energie:aleatoire:2,16,withdrawal,reconquete,3.531,true
nouvelle_energie:aleatoire:4,14,strategic_withdrawal,reconquete,3.151,false
nouvelle_energie:aleatoire:6,15,withdrawal,reconquete,3.736,true
nouvelle_energie:aleatoire:10,19,strategic_withdrawal,reconquete,3.443,false
nouvelle_energie:aleatoire:13,17,withdrawal,reconquete,3.448,false
nouvelle_energie:aleatoire:14,19,withdrawal,reconquete,3.11,false
nouvelle_energie:aleatoire:21,21,strategic_withdrawal,reconquete,3.439,false
nouvelle_energie:aleatoire:22,19,strategic_withdrawal,reconquete,3.218,false
nouvelle_energie:aleatoire:25,13,strategic_withdrawal,reconquete,3.672,false
nouvelle_energie:aleatoire:27,18,withdrawal,reconquete,3.347,false
nouvelle_energie:aleatoire:28,22,withdrawal,ps,12.921,false
nouvelle_energie:aleatoire:30,17,strategic_withdrawal,reconquete,3.658,false
nouvelle_energie:aleatoire:31,15,strategic_withdrawal,ecologistes,7.629,false
nouvelle_energie:aleatoire:31,22,withdrawal,reconquete,3.464,false
nouvelle_energie:aleatoire:32,22,withdrawal,reconquete,3.387,false
nouvelle_energie:aleatoire:33,13,withdrawal,reconquete,3.499,false
nouvelle_energie:aleatoire:34,16,withdrawal,reconquete,3.654,false
nouvelle_energie:aleatoire:36,15,strategic_withdrawal,reconquete,3.644,true
nouvelle_energie:aleatoire:44,22,withdrawal,reconquete,3.49,false
nouvelle_energie:aleatoire:47,21,withdrawal,reconquete,3.473,false
nouvelle_energie:aleatoire:48,16,strategic_withdrawal,ecologistes,7.77,false
nouvelle_energie:aleatoire:52,14,withdrawal,reconquete,3.188,false
nouvelle_energie:aleatoire:53,18,withdrawal,reconquete,3.032,false
nouvelle_energie:aleatoire:54,16,strategic_withdrawal,reconquete,3.63,false
nouvelle_energie:aleatoire:60,18,withdrawal,reconquete,3.648,false
nouvelle_energie:aleatoire:62,20,withdrawal,reconquete,3.358,false
nouvelle_energie:aleatoire:63,19,strategic_withdrawal,ecologistes,8.181,false
nouvelle_energie:aleatoire:64,18,withdrawal,reconquete,3.585,false
nouvelle_energie:aleatoire:65,16,strategic_withdrawal,reconquete,3.411,false
nouvelle_energie:aleatoire:70,17,strategic_withdrawal,ecologistes,7.847,false
nouvelle_energie:aleatoire:77,18,withdrawal,reconquete,3.518,false
nouvelle_energie:aleatoire:78,22,withdrawal,reconquete,3.596,false
nouvelle_energie:aleatoire:79,14,strategic_withdrawal,reconquete,4.082,false
nouvelle_energie:aleatoire:82,14,strategic_withdrawal,ecologistes,8,false
nouvelle_energie:aleatoire:85,13,strategic_withdrawal,reconquete,3.6,false
nouvelle_energie:aleatoire:86,16,strategic_withdrawal,reconquete,3.116,false
nouvelle_energie:aleatoire:90,20,strategic_withdrawal,ecologistes,8.679,false
nouvelle_energie:aleatoire:96,15,strategic_withdrawal,reconquete,3.477,true
nouvelle_energie:aleatoire:98,13,strategic_withdrawal,reconquete,3.773,false
nouvelle_energie:aleatoire:99,14,withdrawal,reconquete,3.744,false
nouvelle_energie:aleatoire:100,16,withdrawal,reconquete,3.309,false
nouvelle_energie:aleatoire:101,15,withdrawal,reconquete,3.608,true
nouvelle_energie:aleatoire:102,15,withdrawal,reconquete,3.801,true
nouvelle_energie:aleatoire:103,21,strategic_withdrawal,ecologistes,8.019,false
nouvelle_energie:aleatoire:104,19,withdrawal,reconquete,2.934,false
nouvelle_energie:aleatoire:106,14,withdrawal,reconquete,3.948,false
nouvelle_energie:aleatoire:106,17,strategic_withdrawal,ecologistes,8.37,false
nouvelle_energie:aleatoire:110,17,strategic_withdrawal,ecologistes,9.091,false
nouvelle_energie:aleatoire:113,18,strategic_withdrawal,reconquete,3.269,false
nouvelle_energie:aleatoire:117,13,strategic_withdrawal,reconquete,3.457,false
nouvelle_energie:aleatoire:120,16,strategic_withdrawal,reconquete,3.492,false
nouvelle_energie:aleatoire:129,21,strategic_withdrawal,reconquete,3.624,false
nouvelle_energie:aleatoire:130,15,strategic_withdrawal,ecologistes,8.409,true
nouvelle_energie:aleatoire:133,21,withdrawal,reconquete,3.387,false
nouvelle_energie:aleatoire:137,16,strategic_withdrawal,reconquete,3.853,false
nouvelle_energie:aleatoire:141,16,withdrawal,reconquete,3.113,false
nouvelle_energie:aleatoire:143,13,withdrawal,reconquete,3.853,false
nouvelle_energie:aleatoire:148,14,withdrawal,reconquete,3.618,false
nouvelle_energie:prudent:0,23,withdrawal,reconquete,40.441,true
nouvelle_energie:prudent:2,19,strategic_withdrawal,reconquete,3.483,false
nouvelle_energie:prudent:3,12,strategic_withdrawal,reconquete,3.498,false
nouvelle_energie:prudent:5,15,withdrawal,reconquete,3.756,true
nouvelle_energie:prudent:7,15,strategic_withdrawal,ecologistes,7.918,true
nouvelle_energie:prudent:8,14,withdrawal,reconquete,3.495,false
nouvelle_energie:prudent:10,22,withdrawal,reconquete,3.003,false
nouvelle_energie:prudent:12,15,withdrawal,reconquete,3.572,true
nouvelle_energie:prudent:16,14,withdrawal,reconquete,3.691,false
nouvelle_energie:prudent:18,16,withdrawal,reconquete,3.254,false
nouvelle_energie:prudent:19,12,strategic_withdrawal,reconquete,3.547,false
nouvelle_energie:prudent:21,18,strategic_withdrawal,ecologistes,8.896,false
nouvelle_energie:prudent:22,17,withdrawal,reconquete,3.281,false
nouvelle_energie:prudent:24,15,withdrawal,reconquete,3.649,true
nouvelle_energie:prudent:30,23,withdrawal,reconquete,40.13,true
nouvelle_energie:prudent:38,16,withdrawal,reconquete,3.192,true
nouvelle_energie:prudent:40,15,withdrawal,reconquete,3.379,true
nouvelle_energie:prudent:42,18,strategic_withdrawal,reconquete,3.093,false
nouvelle_energie:prudent:46,16,strategic_withdrawal,reconquete,3.655,false
nouvelle_energie:prudent:47,20,withdrawal,reconquete,3.051,false
nouvelle_energie:prudent:48,14,strategic_withdrawal,reconquete,3.058,false
nouvelle_energie:prudent:49,13,strategic_withdrawal,reconquete,3.481,false
nouvelle_energie:prudent:50,19,withdrawal,reconquete,3.526,false
nouvelle_energie:prudent:51,14,withdrawal,reconquete,3.576,false
nouvelle_energie:prudent:54,12,strategic_withdrawal,reconquete,3.594,false
nouvelle_energie:prudent:55,23,withdrawal,reconquete,37.51,true
nouvelle_energie:prudent:56,14,withdrawal,reconquete,3.469,false
nouvelle_energie:prudent:57,20,withdrawal,reconquete,2.955,false
nouvelle_energie:prudent:58,16,withdrawal,reconquete,3.767,true
nouvelle_energie:prudent:60,16,withdrawal,reconquete,3.74,false
nouvelle_energie:prudent:61,18,withdrawal,reconquete,3.652,false
nouvelle_energie:prudent:63,14,withdrawal,reconquete,3.611,false
nouvelle_energie:prudent:70,15,strategic_withdrawal,reconquete,3.299,true
nouvelle_energie:prudent:74,22,withdrawal,reconquete,3.308,false
nouvelle_energie:prudent:75,17,strategic_withdrawal,ecologistes,7.945,false
nouvelle_energie:prudent:77,16,strategic_withdrawal,reconquete,3.264,false
nouvelle_energie:prudent:78,18,strategic_withdrawal,ecologistes,7.114,false
nouvelle_energie:prudent:79,18,withdrawal,reconquete,3.425,false
nouvelle_energie:prudent:80,14,strategic_withdrawal,reconquete,3.566,false
nouvelle_energie:prudent:86,23,withdrawal,ps,41.726,true
nouvelle_energie:prudent:88,14,withdrawal,reconquete,3.485,false
nouvelle_energie:prudent:90,14,strategic_withdrawal,reconquete,3.489,false
nouvelle_energie:prudent:91,19,withdrawal,reconquete,3.389,false
nouvelle_energie:prudent:93,19,withdrawal,reconquete,3.429,false
nouvelle_energie:prudent:94,17,strategic_withdrawal,reconquete,3.791,false
nouvelle_energie:prudent:98,14,withdrawal,reconquete,3.942,false
nouvelle_energie:prudent:99,23,withdrawal,reconquete,38.225,true
nouvelle_energie:prudent:102,16,withdrawal,reconquete,3.794,false
nouvelle_energie:prudent:108,13,strategic_withdrawal,reconquete,3.458,false
nouvelle_energie:prudent:111,18,withdrawal,reconquete,3.286,false
nouvelle_energie:prudent:113,17,strategic_withdrawal,reconquete,3.477,false
nouvelle_energie:prudent:115,19,withdrawal,reconquete,3.518,false
nouvelle_energie:prudent:117,21,strategic_withdrawal,reconquete,3.384,false
nouvelle_energie:prudent:119,19,withdrawal,reconquete,3.473,false
nouvelle_energie:prudent:120,12,strategic_withdrawal,reconquete,3.85,false
nouvelle_energie:prudent:121,21,strategic_withdrawal,reconquete,3.274,false
nouvelle_energie:prudent:124,23,withdrawal,reconquete,41.338,true
nouvelle_energie:prudent:126,17,strategic_withdrawal,reconquete,3.26,false
nouvelle_energie:prudent:127,15,withdrawal,reconquete,2.999,true
nouvelle_energie:prudent:128,16,withdrawal,reconquete,2.928,false
nouvelle_energie:prudent:131,13,strategic_withdrawal,reconquete,3.51,false
nouvelle_energie:prudent:133,23,withdrawal,reconquete,40.502,true
nouvelle_energie:prudent:141,14,withdrawal,lr,8.405,false
nouvelle_energie:prudent:141,16,strategic_withdrawal,reconquete,4.193,false
nouvelle_energie:prudent:141,20,strategic_withdrawal,ecologistes,9.302,false
nouvelle_energie:prudent:144,11,strategic_withdrawal,reconquete,3.542,false
nouvelle_energie:prudent:147,15,strategic_withdrawal,reconquete,3.519,true
nouvelle_energie:risque:6,21,withdrawal,reconquete,3.909,false
nouvelle_energie:risque:7,15,withdrawal,reconquete,3.71,true
nouvelle_energie:risque:8,20,strategic_withdrawal,reconquete,3.215,false
nouvelle_energie:risque:9,20,withdrawal,reconquete,2.781,false
nouvelle_energie:risque:13,19,withdrawal,reconquete,3.564,false
nouvelle_energie:risque:15,19,strategic_withdrawal,reconquete,3.321,false
nouvelle_energie:risque:16,15,strategic_withdrawal,reconquete,3.303,false
nouvelle_energie:risque:17,14,withdrawal,reconquete,3.529,false
nouvelle_energie:risque:21,18,strategic_withdrawal,reconquete,3.635,false
nouvelle_energie:risque:21,19,strategic_withdrawal,ecologistes,8.12,false
nouvelle_energie:risque:24,14,withdrawal,reconquete,3.449,false
nouvelle_energie:risque:26,19,strategic_withdrawal,reconquete,2.943,false
nouvelle_energie:risque:27,17,withdrawal,reconquete,3.133,false
nouvelle_energie:risque:28,15,strategic_withdrawal,reconquete,3.468,true
nouvelle_energie:risque:29,13,withdrawal,reconquete,3.763,false
nouvelle_energie:risque:30,15,strategic_withdrawal,reconquete,3.666,true
nouvelle_energie:risque:32,14,withdrawal,reconquete,2.888,false
nouvelle_energie:risque:33,19,strategic_withdrawal,reconquete,3.437,false
nouvelle_energie:risque:34,15,withdrawal,reconquete,3.747,true
nouvelle_energie:risque:35,20,strategic_withdrawal,reconquete,2.985,false
nouvelle_energie:risque:36,17,strategic_withdrawal,reconquete,3.43,false
nouvelle_energie:risque:38,23,withdrawal,reconquete_dissidence_22,39.552,true
nouvelle_energie:risque:40,16,withdrawal,reconquete,3.723,false
nouvelle_energie:risque:42,13,strategic_withdrawal,reconquete,3.338,false
nouvelle_energie:risque:43,12,strategic_withdrawal,reconquete,3.711,false
nouvelle_energie:risque:44,16,strategic_withdrawal,reconquete,3.744,false
nouvelle_energie:risque:46,19,withdrawal,reconquete,3.355,false
nouvelle_energie:risque:46,20,strategic_withdrawal,ecologistes,9.231,false
nouvelle_energie:risque:47,13,strategic_withdrawal,reconquete,3.421,false
nouvelle_energie:risque:48,16,withdrawal,reconquete,3.391,false
nouvelle_energie:risque:49,14,strategic_withdrawal,ecologistes,8.144,false
nouvelle_energie:risque:49,15,withdrawal,reconquete,3.887,true
nouvelle_energie:risque:51,13,strategic_withdrawal,reconquete,3.318,false
nouvelle_energie:risque:52,12,strategic_withdrawal,reconquete,3.49,false
nouvelle_energie:risque:55,13,strategic_withdrawal,reconquete,3.515,false
nouvelle_energie:risque:56,21,withdrawal,reconquete,3.341,false
nouvelle_energie:risque:58,21,strategic_withdrawal,reconquete,3.7,false
nouvelle_energie:risque:60,18,withdrawal,reconquete_dissidence_17,2.13,false
nouvelle_energie:risque:60,22,withdrawal,reconquete,1.772,false
nouvelle_energie:risque:64,19,withdrawal,reconquete,2.368,false
nouvelle_energie:risque:70,18,strategic_withdrawal,reconquete,3.087,false
nouvelle_energie:risque:72,14,strategic_withdrawal,ecologistes,8.473,false
nouvelle_energie:risque:73,16,strategic_withdrawal,reconquete,3.332,false
nouvelle_energie:risque:74,13,withdrawal,reconquete,3.512,false
nouvelle_energie:risque:75,19,strategic_withdrawal,reconquete,3.21,false
nouvelle_energie:risque:80,17,strategic_withdrawal,reconquete,3.621,false
nouvelle_energie:risque:83,13,strategic_withdrawal,reconquete,3.691,false
nouvelle_energie:risque:84,14,strategic_withdrawal,reconquete,3.351,false
nouvelle_energie:risque:86,13,withdrawal,reconquete,3.415,false
nouvelle_energie:risque:89,17,strategic_withdrawal,reconquete,2.931,false
nouvelle_energie:risque:95,20,withdrawal,reconquete,3.226,false
nouvelle_energie:risque:101,23,withdrawal,reconquete,39.333,true
nouvelle_energie:risque:104,20,strategic_withdrawal,ecologistes,7.938,false
nouvelle_energie:risque:106,20,withdrawal,lr,8.914,false
nouvelle_energie:risque:107,19,withdrawal,reconquete,3.499,false
nouvelle_energie:risque:117,14,strategic_withdrawal,reconquete,3.379,false
nouvelle_energie:risque:120,13,withdrawal,reconquete,3.553,false
nouvelle_energie:risque:122,19,withdrawal,reconquete,3.371,false
nouvelle_energie:risque:125,14,withdrawal,reconquete,3.242,false
nouvelle_energie:risque:137,16,strategic_withdrawal,ecologistes,7.857,false
nouvelle_energie:risque:137,20,strategic_withdrawal,reconquete,3.612,false
nouvelle_energie:risque:140,21,strategic_withdrawal,reconquete,3.274,false
nouvelle_energie:risque:141,19,withdrawal,reconquete,3.635,false
nouvelle_energie:risque:143,14,withdrawal,reconquete,3.248,false
nouvelle_energie:risque:146,22,withdrawal,reconquete,3.533,false
nouvelle_energie:risque:147,14,strategic_withdrawal,reconquete,3.708,false
nouvelle_energie:risque:149,17,withdrawal,reconquete,3.558,false
nouvelle_energie:ideologiquement_coherent:0,16,strategic_withdrawal,reconquete,3.457,false
nouvelle_energie:ideologiquement_coherent:2,13,withdrawal,reconquete,3.485,false
nouvelle_energie:ideologiquement_coherent:4,15,strategic_withdrawal,reconquete,3.758,true
nouvelle_energie:ideologiquement_coherent:6,14,strategic_withdrawal,reconquete,3.333,false
nouvelle_energie:ideologiquement_coherent:8,13,withdrawal,reconquete,3.744,false
nouvelle_energie:ideologiquement_coherent:10,13,withdrawal,reconquete,3.563,false
nouvelle_energie:ideologiquement_coherent:12,13,strategic_withdrawal,reconquete,3.527,false
nouvelle_energie:ideologiquement_coherent:14,14,withdrawal,reconquete,3.578,false
nouvelle_energie:ideologiquement_coherent:15,17,withdrawal,reconquete,3.344,false
nouvelle_energie:ideologiquement_coherent:20,20,strategic_withdrawal,reconquete,3.524,false
nouvelle_energie:ideologiquement_coherent:21,16,withdrawal,reconquete,3.418,false
nouvelle_energie:ideologiquement_coherent:23,19,strategic_withdrawal,reconquete,3.355,false
nouvelle_energie:ideologiquement_coherent:24,12,strategic_withdrawal,reconquete,3.558,false
nouvelle_energie:ideologiquement_coherent:25,12,strategic_withdrawal,reconquete,3.691,false
nouvelle_energie:ideologiquement_coherent:28,21,withdrawal,reconquete,3.379,false
nouvelle_energie:ideologiquement_coherent:29,20,strategic_withdrawal,reconquete,3.49,false
nouvelle_energie:ideologiquement_coherent:33,17,strategic_withdrawal,reconquete,3.23,false
nouvelle_energie:ideologiquement_coherent:34,13,withdrawal,reconquete,3.463,false
nouvelle_energie:ideologiquement_coherent:36,22,withdrawal,reconquete,3.294,false
nouvelle_energie:ideologiquement_coherent:39,20,withdrawal,reconquete,3.284,false
nouvelle_energie:ideologiquement_coherent:42,13,strategic_withdrawal,reconquete,3.704,false
nouvelle_energie:ideologiquement_coherent:46,21,withdrawal,reconquete,3.371,false
nouvelle_energie:ideologiquement_coherent:48,20,withdrawal,reconquete,3.095,false
nouvelle_energie:ideologiquement_coherent:49,19,withdrawal,reconquete,3.289,false
nouvelle_energie:ideologiquement_coherent:50,13,withdrawal,reconquete,3.476,false
nouvelle_energie:ideologiquement_coherent:60,21,strategic_withdrawal,reconquete,3.317,false
nouvelle_energie:ideologiquement_coherent:61,18,withdrawal,reconquete,3.492,false
nouvelle_energie:ideologiquement_coherent:64,12,strategic_withdrawal,reconquete,3.61,false
nouvelle_energie:ideologiquement_coherent:65,15,withdrawal,reconquete,3.868,true
nouvelle_energie:ideologiquement_coherent:66,16,withdrawal,reconquete,3.631,true
nouvelle_energie:ideologiquement_coherent:67,15,strategic_withdrawal,reconquete,3.451,true
nouvelle_energie:ideologiquement_coherent:68,14,withdrawal,reconquete,3.783,false
nouvelle_energie:ideologiquement_coherent:69,21,withdrawal,lr,8.521,false
nouvelle_energie:ideologiquement_coherent:70,18,withdrawal,reconquete,3.246,false
nouvelle_energie:ideologiquement_coherent:74,13,withdrawal,reconquete,3.327,false
nouvelle_energie:ideologiquement_coherent:77,15,withdrawal,reconquete,3.629,true
nouvelle_energie:ideologiquement_coherent:80,15,strategic_withdrawal,ecologistes,8.03,true
nouvelle_energie:ideologiquement_coherent:81,16,withdrawal,reconquete,3.577,false
nouvelle_energie:ideologiquement_coherent:82,12,strategic_withdrawal,reconquete,3.436,false
nouvelle_energie:ideologiquement_coherent:85,16,withdrawal,reconquete,3.748,false
nouvelle_energie:ideologiquement_coherent:87,16,withdrawal,reconquete,3.297,false
nouvelle_energie:ideologiquement_coherent:88,16,strategic_withdrawal,reconquete,3.722,false
nouvelle_energie:ideologiquement_coherent:91,15,strategic_withdrawal,reconquete,3.195,false
nouvelle_energie:ideologiquement_coherent:97,23,withdrawal,reconquete,41.397,true
nouvelle_energie:ideologiquement_coherent:102,21,strategic_withdrawal,reconquete,3.485,false
nouvelle_energie:ideologiquement_coherent:103,19,strategic_withdrawal,reconquete,3.178,false
nouvelle_energie:ideologiquement_coherent:105,22,withdrawal,reconquete,2.667,false
nouvelle_energie:ideologiquement_coherent:112,13,strategic_withdrawal,reconquete,3.339,false
nouvelle_energie:ideologiquement_coherent:116,18,withdrawal,reconquete,2.774,false
nouvelle_energie:ideologiquement_coherent:119,12,strategic_withdrawal,reconquete,3.032,false
nouvelle_energie:ideologiquement_coherent:120,13,withdrawal,reconquete,3.201,false
nouvelle_energie:ideologiquement_coherent:121,13,strategic_withdrawal,ecologistes,8.42,false
nouvelle_energie:ideologiquement_coherent:122,23,withdrawal,reconquete,43.518,true
nouvelle_energie:ideologiquement_coherent:125,13,withdrawal,reconquete,3.596,false
nouvelle_energie:ideologiquement_coherent:126,18,withdrawal,reconquete,3.043,false
nouvelle_energie:ideologiquement_coherent:129,22,withdrawal,reconquete,3.25,false
nouvelle_energie:ideologiquement_coherent:134,18,withdrawal,reconquete,3.533,false
nouvelle_energie:ideologiquement_coherent:135,14,withdrawal,reconquete,3.397,false
nouvelle_energie:ideologiquement_coherent:136,16,strategic_withdrawal,reconquete,4.069,false
nouvelle_energie:ideologiquement_coherent:140,14,withdrawal,ps,10.902,false
nouvelle_energie:ideologiquement_coherent:144,21,strategic_withdrawal,ecologistes,8.182,false
nouvelle_energie:ideologiquement_coherent:144,21,strategic_withdrawal,reconquete,8.182,false
nouvelle_energie:ideologiquement_coherent:145,13,withdrawal,reconquete,3.719,false
nouvelle_energie:ideologiquement_coherent:146,22,withdrawal,reconquete,3.164,false
nouvelle_energie:ideologiquement_coherent:147,12,strategic_withdrawal,reconquete,3.349,false
nouvelle_energie:opportuniste_electoral:3,16,withdrawal,rn,11.75,false
nouvelle_energie:opportuniste_electoral:3,20,withdrawal,reconquete,3.969,false
nouvelle_energie:opportuniste_electoral:4,19,withdrawal,reconquete,3.202,false
nouvelle_energie:opportuniste_electoral:6,15,strategic_withdrawal,reconquete,4.006,true
nouvelle_energie:opportuniste_electoral:8,15,withdrawal,reconquete,2.542,false
nouvelle_energie:opportuniste_electoral:10,15,withdrawal,reconquete,3.517,false
nouvelle_energie:opportuniste_electoral:12,18,withdrawal,reconquete,3.495,false
nouvelle_energie:opportuniste_electoral:13,16,strategic_withdrawal,reconquete,3.748,false
nouvelle_energie:opportuniste_electoral:14,16,withdrawal,reconquete,3.683,true
nouvelle_energie:opportuniste_electoral:15,15,strategic_withdrawal,ecologistes,8.139,true
nouvelle_energie:opportuniste_electoral:15,20,strategic_withdrawal,reconquete,4.057,false
nouvelle_energie:opportuniste_electoral:16,19,withdrawal,reconquete,2.608,false
nouvelle_energie:opportuniste_electoral:18,15,withdrawal,reconquete,3.367,true
nouvelle_energie:opportuniste_electoral:26,14,withdrawal,reconquete,3.669,false
nouvelle_energie:opportuniste_electoral:29,17,withdrawal,reconquete,3.47,false
nouvelle_energie:opportuniste_electoral:32,18,strategic_withdrawal,reconquete,3.557,false
nouvelle_energie:opportuniste_electoral:37,12,strategic_withdrawal,reconquete,3.735,false
nouvelle_energie:opportuniste_electoral:38,22,withdrawal,reconquete,2.128,false
nouvelle_energie:opportuniste_electoral:45,17,strategic_withdrawal,reconquete,3.695,false
nouvelle_energie:opportuniste_electoral:47,16,withdrawal,reconquete,3.793,false
nouvelle_energie:opportuniste_electoral:50,16,withdrawal,reconquete,3.55,false
nouvelle_energie:opportuniste_electoral:51,19,withdrawal,reconquete,3.287,false
nouvelle_energie:opportuniste_electoral:52,13,withdrawal,reconquete,3.776,false
nouvelle_energie:opportuniste_electoral:54,18,strategic_withdrawal,ecologistes,8.051,false
nouvelle_energie:opportuniste_electoral:54,23,withdrawal,reconquete,34.508,true
nouvelle_energie:opportuniste_electoral:55,18,withdrawal,reconquete,3.84,false
nouvelle_energie:opportuniste_electoral:63,17,strategic_withdrawal,reconquete,3.513,false
nouvelle_energie:opportuniste_electoral:68,13,strategic_withdrawal,reconquete,3.457,false
nouvelle_energie:opportuniste_electoral:72,19,strategic_withdrawal,reconquete,2.907,false
nouvelle_energie:opportuniste_electoral:74,18,withdrawal,reconquete,3.365,false
nouvelle_energie:opportuniste_electoral:76,17,strategic_withdrawal,reconquete,3.626,false
nouvelle_energie:opportuniste_electoral:80,17,withdrawal,reconquete,3.769,false
nouvelle_energie:opportuniste_electoral:82,13,withdrawal,reconquete,3.717,false
nouvelle_energie:opportuniste_electoral:83,16,withdrawal,reconquete,3.846,false
nouvelle_energie:opportuniste_electoral:84,21,strategic_withdrawal,reconquete,3.425,false
nouvelle_energie:opportuniste_electoral:87,15,withdrawal,reconquete,3.598,true
nouvelle_energie:opportuniste_electoral:90,20,withdrawal,reconquete,3.578,false
nouvelle_energie:opportuniste_electoral:91,16,withdrawal,reconquete,3.182,false
nouvelle_energie:opportuniste_electoral:94,17,withdrawal,reconquete,3.51,false
nouvelle_energie:opportuniste_electoral:95,21,strategic_withdrawal,reconquete,3.413,false
nouvelle_energie:opportuniste_electoral:96,14,withdrawal,reconquete,3.522,false
nouvelle_energie:opportuniste_electoral:97,12,strategic_withdrawal,reconquete,3.536,false
nouvelle_energie:opportuniste_electoral:99,21,withdrawal,reconquete,3.094,false
nouvelle_energie:opportuniste_electoral:105,23,withdrawal,reconquete,36.681,true
nouvelle_energie:opportuniste_electoral:108,17,withdrawal,reconquete,3.573,false
nouvelle_energie:opportuniste_electoral:112,22,withdrawal,reconquete,3.334,false
nouvelle_energie:opportuniste_electoral:114,23,withdrawal,reconquete,40.89,true
nouvelle_energie:opportuniste_electoral:115,17,withdrawal,reconquete,3.267,false
nouvelle_energie:opportuniste_electoral:119,17,withdrawal,reconquete,3.793,false
nouvelle_energie:opportuniste_electoral:121,22,withdrawal,reconquete,3.786,false
nouvelle_energie:opportuniste_electoral:123,19,withdrawal,reconquete,3.324,false
nouvelle_energie:opportuniste_electoral:124,19,strategic_withdrawal,reconquete,3.252,false
nouvelle_energie:opportuniste_electoral:128,21,strategic_withdrawal,ecologistes,7.878,false
nouvelle_energie:opportuniste_electoral:131,17,strategic_withdrawal,reconquete,3.391,false
nouvelle_energie:opportuniste_electoral:133,23,withdrawal,reconquete,37.249,true
nouvelle_energie:opportuniste_electoral:134,17,withdrawal,reconquete_dissidence_16,3.581,false
nouvelle_energie:opportuniste_electoral:140,19,withdrawal,reconquete,3.271,false
nouvelle_energie:opportuniste_electoral:143,13,strategic_withdrawal,reconquete,3.23,false
nouvelle_energie:opportuniste_electoral:145,14,strategic_withdrawal,reconquete,3.578,false
nouvelle_energie:parti_dabord:8,23,withdrawal,reconquete,38.411,true
nouvelle_energie:parti_dabord:11,19,withdrawal,reconquete,3.358,false
nouvelle_energie:parti_dabord:18,21,withdrawal,reconquete,3.693,false
nouvelle_energie:parti_dabord:24,16,strategic_withdrawal,reconquete,3.547,false
nouvelle_energie:parti_dabord:25,20,withdrawal,reconquete,2.441,false
nouvelle_energie:parti_dabord:27,13,withdrawal,reconquete,3.452,false
nouvelle_energie:parti_dabord:34,18,strategic_withdrawal,reconquete,3.278,false
nouvelle_energie:parti_dabord:35,15,strategic_withdrawal,reconquete,3.751,true
nouvelle_energie:parti_dabord:37,13,withdrawal,reconquete,3.648,false
nouvelle_energie:parti_dabord:38,19,withdrawal,reconquete,3.237,false
nouvelle_energie:parti_dabord:40,23,withdrawal,reconquete,38.899,true
nouvelle_energie:parti_dabord:43,20,strategic_withdrawal,reconquete,3.656,false
nouvelle_energie:parti_dabord:51,20,withdrawal,reconquete_dissidence_19,3.11,false
nouvelle_energie:parti_dabord:53,22,withdrawal,reconquete,2.856,false
nouvelle_energie:parti_dabord:54,22,withdrawal,reconquete,3.553,false
nouvelle_energie:parti_dabord:55,17,strategic_withdrawal,reconquete,3.554,false
nouvelle_energie:parti_dabord:60,20,withdrawal,reconquete,3.218,false
nouvelle_energie:parti_dabord:61,18,withdrawal,reconquete,3.438,false
nouvelle_energie:parti_dabord:65,12,strategic_withdrawal,ecologistes,8.304,false
nouvelle_energie:parti_dabord:65,13,strategic_withdrawal,reconquete,3.271,false
nouvelle_energie:parti_dabord:67,21,withdrawal,reconquete,3.372,false
nouvelle_energie:parti_dabord:69,13,withdrawal,reconquete,3.684,false
nouvelle_energie:parti_dabord:70,13,withdrawal,reconquete,3.638,false
nouvelle_energie:parti_dabord:75,16,withdrawal,reconquete,3.714,false
nouvelle_energie:parti_dabord:77,11,strategic_withdrawal,ecologistes,7.865,false
nouvelle_energie:parti_dabord:83,12,strategic_withdrawal,reconquete,3.554,false
nouvelle_energie:parti_dabord:88,12,strategic_withdrawal,reconquete,3.703,false
nouvelle_energie:parti_dabord:89,20,strategic_withdrawal,reconquete,3.437,false
nouvelle_energie:parti_dabord:91,18,withdrawal,reconquete,3.414,false
nouvelle_energie:parti_dabord:93,13,strategic_withdrawal,reconquete,3.518,false
nouvelle_energie:parti_dabord:97,18,withdrawal,reconquete,3.411,false
nouvelle_energie:parti_dabord:99,20,strategic_withdrawal,reconquete,3.158,false
nouvelle_energie:parti_dabord:100,15,strategic_withdrawal,reconquete,3.073,false
nouvelle_energie:parti_dabord:101,13,withdrawal,reconquete,3.524,false
nouvelle_energie:parti_dabord:102,17,withdrawal,reconquete,3.657,false
nouvelle_energie:parti_dabord:106,21,withdrawal,reconquete,3.749,false
nouvelle_energie:parti_dabord:107,20,withdrawal,reconquete,3.254,false
nouvelle_energie:parti_dabord:113,23,withdrawal,reconquete,38.176,true
nouvelle_energie:parti_dabord:114,17,withdrawal,reconquete,3.651,false
nouvelle_energie:parti_dabord:115,23,withdrawal,reconquete,37.362,true
nouvelle_energie:parti_dabord:116,21,withdrawal,reconquete,3.219,false
nouvelle_energie:parti_dabord:117,21,withdrawal,reconquete,2.256,false
nouvelle_energie:parti_dabord:120,17,strategic_withdrawal,reconquete,3.603,false
nouvelle_energie:parti_dabord:121,16,withdrawal,reconquete,3.434,false
nouvelle_energie:parti_dabord:123,14,strategic_withdrawal,ecologistes,8.534,false
nouvelle_energie:parti_dabord:123,19,strategic_withdrawal,reconquete,3.999,false
nouvelle_energie:parti_dabord:124,16,strategic_withdrawal,reconquete,3.508,false
nouvelle_energie:parti_dabord:127,17,withdrawal,reconquete,3.537,false
nouvelle_energie:parti_dabord:130,23,withdrawal,reconquete,37.073,true
nouvelle_energie:parti_dabord:131,16,strategic_withdrawal,reconquete,3.43,false
nouvelle_energie:parti_dabord:132,17,strategic_withdrawal,reconquete,3.228,false
nouvelle_energie:parti_dabord:144,22,withdrawal,reconquete,2.939,false
nouvelle_energie:parti_dabord:146,13,withdrawal,rn,13.25,false
nouvelle_energie:parti_dabord:147,16,strategic_withdrawal,reconquete,3.473,false
nouvelle_energie:mediatique:2,23,withdrawal,reconquete,37.883,true
nouvelle_energie:mediatique:12,18,withdrawal,reconquete,3.708,false
nouvelle_energie:mediatique:19,13,withdrawal,reconquete,3.727,false
nouvelle_energie:mediatique:22,18,withdrawal,reconquete,3.5,false
nouvelle_energie:mediatique:23,14,withdrawal,reconquete,3.324,false
nouvelle_energie:mediatique:32,16,withdrawal,reconquete,3.496,false
nouvelle_energie:mediatique:33,20,withdrawal,reconquete,3.396,false
nouvelle_energie:mediatique:36,20,strategic_withdrawal,ecologistes,8.179,false
nouvelle_energie:mediatique:38,18,withdrawal,reconquete,3.669,false
nouvelle_energie:mediatique:41,12,strategic_withdrawal,reconquete,3.811,false
nouvelle_energie:mediatique:45,17,strategic_withdrawal,reconquete,3.634,false
nouvelle_energie:mediatique:51,19,withdrawal,reconquete,3.527,false
nouvelle_energie:mediatique:57,13,withdrawal,reconquete,3.754,false
nouvelle_energie:mediatique:61,14,strategic_withdrawal,ecologistes,7.855,false
nouvelle_energie:mediatique:62,20,withdrawal,reconquete,2.872,false
nouvelle_energie:mediatique:63,23,withdrawal,reconquete,37.144,true
nouvelle_energie:mediatique:64,19,strategic_withdrawal,ecologistes,8.674,false
nouvelle_energie:mediatique:65,17,withdrawal,reconquete,3.803,false
nouvelle_energie:mediatique:67,17,withdrawal,reconquete,3.819,false
nouvelle_energie:mediatique:71,21,strategic_withdrawal,reconquete,3.378,false
nouvelle_energie:mediatique:75,17,withdrawal,reconquete,3.556,false
nouvelle_energie:mediatique:84,19,withdrawal,rn,12.406,false
nouvelle_energie:mediatique:97,16,strategic_withdrawal,reconquete,3.197,false
nouvelle_energie:mediatique:99,23,withdrawal,reconquete,43.334,true
nouvelle_energie:mediatique:105,22,withdrawal,reconquete,3.041,false
nouvelle_energie:mediatique:107,13,strategic_withdrawal,reconquete,3.633,false
nouvelle_energie:mediatique:113,16,withdrawal,reconquete,3.144,false
nouvelle_energie:mediatique:116,16,strategic_withdrawal,reconquete,3.628,false
nouvelle_energie:mediatique:117,20,strategic_withdrawal,reconquete,3.205,false
nouvelle_energie:mediatique:120,17,withdrawal,reconquete,3.454,false
nouvelle_energie:mediatique:121,18,withdrawal,reconquete,3.426,false
nouvelle_energie:mediatique:124,22,withdrawal,reconquete,2.777,false
nouvelle_energie:mediatique:125,16,withdrawal,reconquete,3.852,false
nouvelle_energie:mediatique:126,11,strategic_withdrawal,reconquete,3.745,false
nouvelle_energie:mediatique:129,17,withdrawal,reconquete,2.752,false
nouvelle_energie:mediatique:134,21,strategic_withdrawal,reconquete,3.294,false
nouvelle_energie:mediatique:135,17,withdrawal,reconquete_dissidence_17,0.971,false
nouvelle_energie:mediatique:142,16,strategic_withdrawal,reconquete,3.729,true
nouvelle_energie:mediatique:148,16,withdrawal,reconquete,3.966,false
nouvelle_energie:mediatique:149,18,withdrawal,reconquete,3.409,false
nouvelle_energie:contrarien:1,17,strategic_withdrawal,reconquete,3.543,false
nouvelle_energie:contrarien:3,18,withdrawal,reconquete,3.139,false
nouvelle_energie:contrarien:7,15,withdrawal,reconquete,2.997,true
nouvelle_energie:contrarien:11,16,strategic_withdrawal,ecologistes,8.672,false
nouvelle_energie:contrarien:13,13,withdrawal,reconquete,3.67,false
nouvelle_energie:contrarien:15,15,withdrawal,ps,12.511,true
nouvelle_energie:contrarien:15,23,withdrawal,reconquete,35.437,true
nouvelle_energie:contrarien:20,13,withdrawal,reconquete,3.856,false
nouvelle_energie:contrarien:21,13,strategic_withdrawal,reconquete,3.702,false
nouvelle_energie:contrarien:23,14,strategic_withdrawal,ecologistes,8.367,false
nouvelle_energie:contrarien:24,15,withdrawal,reconquete,3.728,true
nouvelle_energie:contrarien:32,21,withdrawal,reconquete,2.815,false
nouvelle_energie:contrarien:33,13,withdrawal,reconquete,3.681,false
nouvelle_energie:contrarien:35,15,withdrawal,reconquete,3.828,true
nouvelle_energie:contrarien:41,21,withdrawal,reconquete,3.652,false
nouvelle_energie:contrarien:43,20,withdrawal,reconquete,3.643,false
nouvelle_energie:contrarien:50,17,withdrawal,reconquete,3.561,false
nouvelle_energie:contrarien:70,17,withdrawal,reconquete,3.379,false
nouvelle_energie:contrarien:72,13,withdrawal,reconquete,3.894,false
nouvelle_energie:contrarien:79,18,withdrawal,reconquete,2.942,false
nouvelle_energie:contrarien:85,16,withdrawal,reconquete,3.488,false
nouvelle_energie:contrarien:88,16,withdrawal,reconquete,3.878,false
nouvelle_energie:contrarien:92,15,strategic_withdrawal,reconquete,3.444,true
nouvelle_energie:contrarien:98,18,strategic_withdrawal,reconquete,3.387,false
nouvelle_energie:contrarien:104,14,withdrawal,reconquete,3.99,false
nouvelle_energie:contrarien:107,13,withdrawal,reconquete,3.808,false
nouvelle_energie:contrarien:113,20,strategic_withdrawal,ecologistes,8.693,false
nouvelle_energie:contrarien:114,17,withdrawal,reconquete,3.282,false
nouvelle_energie:contrarien:115,21,withdrawal,reconquete,3.662,false
nouvelle_energie:contrarien:117,18,withdrawal,reconquete,3.709,false
nouvelle_energie:contrarien:118,19,strategic_withdrawal,ecologistes,8.488,false
nouvelle_energie:contrarien:122,13,withdrawal,reconquete,3.887,false
nouvelle_energie:contrarien:127,15,strategic_withdrawal,ecologistes,8.912,true
nouvelle_energie:contrarien:130,19,withdrawal,reconquete,3.211,false
nouvelle_energie:contrarien:135,18,withdrawal,reconquete,3.629,false
nouvelle_energie:contrarien:136,22,withdrawal,reconquete,2.618,false
nouvelle_energie:contrarien:138,19,withdrawal,reconquete,3.935,false
nouvelle_energie:contrarien:140,14,withdrawal,reconquete,3.589,false
nouvelle_energie:contrarien:142,12,strategic_withdrawal,reconquete,3.591,false
