eventId,eventTitle,choiceId,choiceLabel,timesEncounteredTotal,timesChosen,selectionShare,avgPollDelta,agentsChoosingIt,dominant
custom_experts_panel,Le comité d’experts parle à la place des militants,custom_experts_pairing,Imposer sur chaque intervention un binôme composé d’un expert et d’un responsable local concerné,11,11,1,1.977,prudent|aleatoire|ideologiquement_coherent|risque,true
debate_frontrunner_retaliation,La riposte du favori,frontrunner_retaliation_deride,Publier une courte intervention qui tourne l’attaque en dérision,19,18,0.947,-0.037,mediatique|risque,true
custom_identity_interview,La matinale exige une phrase pour définir votre parti,custom_identity_three_proofs,Répondre par trois décisions que les partis voisins ont refusé de prendre et donner leur calendrier,47,44,0.936,-0.007,prudent|aleatoire|ideologiquement_coherent|risque,true
party_ps_runoff,La gauche attend un contrat de second tour,ps_runoff_left_contract,Signer avec LFI et les Écologistes un contrat limité à cinq lois prioritaires,24,21,0.875,0.056,aleatoire|prudent|risque|ideologiquement_coherent|opportuniste_electoral|parti_dabord|mediatique,true
party_ecologistes_runoff,Le second tour exige une coalition climatique,ecologistes_runoff_climate_coalition,Proposer à toute la gauche un gouvernement de coalition lié par dix objectifs climatiques et sociaux,16,14,0.875,0.171,aleatoire|prudent|risque|ideologiquement_coherent|opportuniste_electoral|parti_dabord|mediatique,true
custom_local_network,Quarante comités locaux demandent une règle commune,custom_network_certification,Suspendre le label aux comités qui ne transmettent pas leurs comptes sous trente jours,45,39,0.867,0.196,prudent|aleatoire|ideologiquement_coherent|risque,true
party_ps_signature,La garantie jeunesse doit être financée,ps_signature_contribution,Financer une allocation sous conditions par une contribution accrue sur les revenus du capital,12,10,0.833,-2.174,aleatoire|prudent|risque|opportuniste_electoral|parti_dabord|mediatique|contrarien,true
party_ecologistes_local_asset,Des élus ruraux proposent une tournée,ecologistes_local_rail_announcement,Organiser une seule étape à Clermont-Ferrand pour annoncer un plan de réouverture ferroviaire,12,10,0.833,-0.529,aleatoire|prudent|risque|ideologiquement_coherent|opportuniste_electoral|parti_dabord|mediatique,true
party_rn_fronde,Louis Ferran refuse la modération,rn_fronde_regional_mandate,Confier à Louis Ferran trois meetings régionaux avec un texte programmatique validé,12,10,0.833,0.081,aleatoire|prudent|risque|ideologiquement_coherent|opportuniste_electoral|parti_dabord|mediatique,true
party_nouvelle_energie_program_dilemma,La baisse de dépense rencontre l’hôpital,nouvelle_energie_program_health_protection,Sanctuariser les soins de proximité et concentrer les économies sur les fonctions administratives centrales,11,9,0.818,0.256,aleatoire|prudent|risque|ideologiquement_coherent|opportuniste_electoral|parti_dabord|contrarien,true
campaign_market_walkabout,Le marché sous pression,market_energy_receipts,Publier trois factures anonymisées et demander un plafonnement ciblé,107,86,0.804,0.229,prudent|ideologiquement_coherent|opportuniste_electoral|parti_dabord|mediatique|risque|aleatoire,true
party_lfi_signature,La Sixième République doit prendre forme,lfi_signature_constituent,"Détailler lélection de la constituante, son mandat de dix-huit mois et le référendum final",10,8,0.8,0.28,aleatoire|risque|opportuniste_electoral|parti_dabord|mediatique|contrarien,false
party_lr_electorate,Les retraités interrogent le financement,lr_electorate_dependency_insurance,Créer une assurance dépendance publique financée par une contribution progressive sur les successions élevées,10,8,0.8,0.421,aleatoire|prudent|risque|ideologiquement_coherent|opportuniste_electoral|mediatique,false
internal_local_sections,Les sections refusent le kit national,local_sections_authorize,Autoriser le tract breton après chiffrage et intégrer sa proposition comme expérimentation régionale,128,101,0.789,0.071,prudent|risque|ideologiquement_coherent|opportuniste_electoral|parti_dabord|mediatique|aleatoire,false
program_labor_immigration,"L’immigration de travail, un choix économique assumé ou non",labor_immigration_european_priority,Réserver les embauches en tension aux résidents européens avant toute ouverture,45,35,0.778,0.258,prudent|risque|opportuniste_electoral|parti_dabord|mediatique|contrarien|ideologiquement_coherent|aleatoire,false
campaign_poster_shortage,Les affiches manquent dans six villes,posters_local_printers,Répartir la commande entre trois imprimeurs locaux et publier les coûts,39,30,0.769,-0.413,ideologiquement_coherent|prudent|risque|parti_dabord|aleatoire,false
internal_headquarters_move,Le siège coûte trop cher,headquarters_move,Déménager à Saint-Denis et affecter léconomie réalisée aux déplacements régionaux,98,75,0.765,0.356,aleatoire|prudent|risque|ideologiquement_coherent|opportuniste_electoral|mediatique,false
government_prime_minister,Le choix de Matignon,prime_minister_independent,Choisir une haute fonctionnaire fictive indépendante et lui demander une équipe resserrée,83,63,0.759,-0.061,aleatoire|prudent|risque|ideologiquement_coherent|opportuniste_electoral,false
party_reconquete_signature,Le référendum migratoire doit être cadré,reconquete_signature_constitutional_bill,Déposer d’abord un projet constitutionnel détaillé puis soumettre son texte complet au référendum,19,14,0.737,0.491,aleatoire|risque|ideologiquement_coherent|opportuniste_electoral|parti_dabord|mediatique,false
party_renaissance_runoff,Le bloc républicain demande des preuves,renaissance_runoff_democratic_contract,"Signer un contrat sur le Parlement, les libertés publiques et l’Europe avec les soutiens du second tour",15,11,0.733,0.155,prudent|risque|ideologiquement_coherent|opportuniste_electoral|parti_dabord,false
party_lr_runoff,La droite qualifiée cherche ses reports,lr_runoff_government_right,Publier un contrat de majorité avec Horizons et inviter le RN à soutenir sans entrer au gouvernement,26,19,0.731,-0.067,aleatoire|risque|opportuniste_electoral|parti_dabord|mediatique|contrarien,false
campaign_citizens_convention,La convention citoyenne réclame une réponse,convention_commit_three,Accepter trois propositions chiffrées et expliquer le refus des neuf autres,22,16,0.727,-1.086,aleatoire|prudent|risque|ideologiquement_coherent|opportuniste_electoral|mediatique,false
campaign_peripheral_town,La périphérie demande un calendrier,periphery_fuel_rebate,Annoncer une remise carburant limitée aux travailleurs sans transport collectif,22,16,0.727,-0.433,risque|ideologiquement_coherent|opportuniste_electoral|parti_dabord|mediatique|aleatoire,false
party_renaissance_program_dilemma,La réforme des retraites revient,renaissance_program_long_careers,Maintenir le cadre et garantir un départ anticipé automatique après quarante-trois années cotisées,11,8,0.727,0.887,aleatoire|risque|ideologiquement_coherent|opportuniste_electoral|parti_dabord|mediatique,false
party_renaissance_crisis_followup,Les élus du bilan demandent réparation,renaissance_crisis_confidence_vote,Demander un vote de confiance sur votre autonomie et annoncer le départ des opposants,11,8,0.727,-1.281,prudent|risque|opportuniste_electoral|mediatique|contrarien,false
internal_youth_wing,Les jeunes veulent leur propre campagne,youth_wing_budget,Accorder le budget demandé avec trois engagements communs et un droit de réponse du candidat,18,13,0.722,0.01,aleatoire|prudent|risque|ideologiquement_coherent|opportuniste_electoral|parti_dabord,false
campaign_non_aggression_overture,Une proposition de pacte de non-agression,non_aggression_refuse,Refuser et maintenir une ligne critique y compris pendant le meeting commun,57,41,0.719,0.671,prudent|mediatique|risque|ideologiquement_coherent|parti_dabord|aleatoire,false
party_horizons_fronde,Théo Lagrive réclame un accord central,horizons_fronde_negotiate_deadline,Mandater Théo Lagrive pour négocier trois garanties avant une date de retrait fixée,28,20,0.714,1.14,aleatoire|prudent|risque|ideologiquement_coherent|opportuniste_electoral|parti_dabord,false
scandal_consultant_contract,Le contrat du conseiller est publié,consultant_contract_waive,Annuler la prime d’un commun accord et publier la liste complète des livrables reçus,38,27,0.711,0.237,aleatoire|prudent|ideologiquement_coherent|risque,false
world_public_service_outage,La plateforme publique tombe en panne,outage_resilience_audit,Proposer un audit public de résilience et un guichet physique garanti pour chaque démarche essentielle,31,22,0.71,0.464,prudent|ideologiquement_coherent|risque|contrarien|aleatoire,false
party_rn_program_dilemma,La préférence nationale rencontre le droit,rn_program_constitutional_referendum,Maintenir la préférence nationale et annoncer un référendum constitutionnel dès le début du mandat,17,12,0.706,-0.455,aleatoire|risque|opportuniste_electoral|parti_dabord|mediatique|contrarien,false
party_ps_electorate,Les agents publics attendent des garanties,ps_electorate_wage_conference,Convoquer dès l’été une conférence salariale avec une enveloppe pluriannuelle annoncée maintenant,10,7,0.7,0.107,aleatoire|prudent|risque|ideologiquement_coherent|opportuniste_electoral|contrarien,false
campaign_union_meeting,Le face-à-face avec les syndicats,union_branch_bargaining,Renforcer les minima de branche et sanctionner les grilles sous le salaire minimum,13,9,0.692,-0.092,prudent|contrarien|risque|opportuniste_electoral|aleatoire,false
media_front_page,La une vous prête un tournant,front_page_balance,"Publier ensemble vos mesures pour l’investissement, les salaires et les droits des salariés",176,121,0.688,0.658,aleatoire|prudent|risque|opportuniste_electoral|parti_dabord|mediatique|ideologiquement_coherent,false
party_reconquete_local_asset,Les comités numériques cherchent du terrain,reconquete_local_mobile_studios,Envoyer trois studios mobiles produire des émissions avec les militants dans les régions,16,11,0.688,-0.095,aleatoire|prudent|risque|ideologiquement_coherent|opportuniste_electoral|mediatique,false
party_rn_signature,La baisse de TVA doit être ciblée,rn_signature_food_energy,Limiter la baisse à l’énergie domestique et à vingt produits alimentaires avec contrôle des marges,19,13,0.684,1.318,aleatoire|prudent|risque|ideologiquement_coherent|opportuniste_electoral|mediatique,false
party_ps_program_dilemma,Le bilan gouvernemental divise la convention,ps_program_future_only,Refuser le procès du passé et consacrer la convention uniquement aux mesures du prochain mandat,25,17,0.68,0.069,aleatoire|prudent|ideologiquement_coherent|opportuniste_electoral|parti_dabord|mediatique,false
media_long_podcast,Deux heures sans élément de langage,podcast_full_access,Accepter les deux heures et répondre sans faire valider les questions à l’avance,25,17,0.68,-0.415,ideologiquement_coherent|opportuniste_electoral|mediatique|risque|aleatoire,false
custom_first_accounts,Le premier budget de campagne ne ferme pas,custom_accounts_member_loan,"Lancer un emprunt militant plafonné et publier chaque semaine son montant, son coût et ses remboursements prévus",31,21,0.677,-0.171,ideologiquement_coherent|prudent|aleatoire,false
government_first_address,La première adresse de lÉlysée,first_address_three,"Annoncer trois textes, leur calendrier parlementaire et les consultations qui les précéderont",58,39,0.672,0.057,prudent|risque|ideologiquement_coherent|parti_dabord|aleatoire,false
party_renaissance_signature,Le fonds industriel européen se précise,renaissance_signature_european_fund,Conditionner les aides européennes à la production en Europe et à un accord salarial d’entreprise,15,10,0.667,1.711,aleatoire|prudent|risque|ideologiquement_coherent|opportuniste_electoral|parti_dabord,false
party_horizons_program_dilemma,La règle de dépense rencontre les communes,horizons_program_green_investment,Exclure de la règle les investissements locaux évalués par la Cour des comptes,12,8,0.667,1.405,prudent|risque|ideologiquement_coherent|opportuniste_electoral|parti_dabord,false
party_lr_fronde,Diane Mérande veut négocier à droite,lr_fronde_policy_meeting,Autoriser une réunion programmatique publique sans discussion sur les candidatures,24,16,0.667,-0.131,aleatoire|prudent|risque|ideologiquement_coherent|parti_dabord|mediatique,false
party_reconquete_program_dilemma,La souveraineté économique cherche ses instruments,reconquete_program_national_preference,Réserver les marchés stratégiques aux entreprises produisant principalement en France,12,8,0.667,0.232,risque|opportuniste_electoral|parti_dabord|mediatique,false
party_nouvelle_energie_electorate,Les électeurs ignorent encore le mouvement,nouvelle_energie_electorate_tax_simulator,Publier un simulateur local montrant les effets de la réforme fiscale sur cinq ménages types,9,6,0.667,-0.12,prudent|risque|ideologiquement_coherent,false
scandal_plagiarized_report,Le rapport reprend huit paragraphes,plagiarized_report_correct,"Retirer la note, citer chaque source et republier une version distinguant données et propositions",83,54,0.651,0.381,prudent|ideologiquement_coherent|aleatoire|risque|parti_dabord,false
custom_federal_charter,Deux fédérations publient des programmes opposés,custom_federal_common_floor,Réunir les deux fédérations et faire voter un socle national laissant seulement le calendrier au niveau local,17,11,0.647,-0.124,prudent|aleatoire|ideologiquement_coherent,false
party_renaissance_electorate,Les classes moyennes demandent un gain net,renaissance_electorate_work_credit,Créer un crédit d’impôt mensuel pour les salariés modestes financé par la suppression de niches ciblées,14,9,0.643,-1.439,aleatoire|prudent|risque|ideologiquement_coherent|opportuniste_electoral|mediatique,false
media_past_words,Une promesse revient au montage,past_words_attack_edit,Dénoncer un montage trompeur et demander la diffusion intégrale des deux entretiens,39,25,0.641,-0.106,aleatoire|prudent|opportuniste_electoral|mediatique|contrarien,false
media_silence_day,Vingt-quatre heures sans caméra,silence_cancel_pause,Annuler la pause et accepter la première invitation au journal de vingt heures,119,76,0.639,-0.06,aleatoire|risque|opportuniste_electoral|parti_dabord|mediatique|contrarien,false
program_family_reunification,Le regroupement familial en question,family_reunification_faster_processing,Maintenir les délais actuels et accélérer l’instruction des dossiers,33,21,0.636,0.388,aleatoire|prudent|risque|ideologiquement_coherent|contrarien,false
party_rn_crisis_followup,Le courant Ferran teste la discipline,rn_crisis_program_council,Créer un conseil programmatique où Louis Ferran défend ses amendements avant chaque convention,11,7,0.636,0.137,aleatoire|prudent|ideologiquement_coherent|opportuniste_electoral|parti_dabord,false
custom_members_growth,Les nouveaux adhérents réclament un pouvoir réel,custom_members_budget_council,Tirer au sort un conseil d’adhérents chargé d’amender dix pour cent du budget et du programme,11,7,0.636,0.254,ideologiquement_coherent|risque|aleatoire,false
custom_neighbor_offers,Trois partis testent votre autonomie,custom_neighbors_refuse,Refuser les trois rendez-vous jusqu’à la publication complète de votre programme,57,36,0.632,0.304,prudent|aleatoire|ideologiquement_coherent,false
campaign_calendar_conflict,Deux invitations au même horaire,calendar_choose_mayors,Maintenir la rencontre des maires et envoyer votre porte-parole sur France 2,67,42,0.627,-0.126,aleatoire|prudent|ideologiquement_coherent|opportuniste_electoral|parti_dabord,false
party_lfi_local_asset,Saint-Denis ouvre ses réseaux associatifs,lfi_local_commitments,Tenir six ateliers et signer un tableau dengagements avec les associations participantes,16,10,0.625,0.263,aleatoire|prudent|risque|ideologiquement_coherent|opportuniste_electoral,false
party_lfi_crisis_followup,La fronde sociale exige un vote,lfi_crisis_exclude,Refuser le vote et exclure Nassim Courbet de toutes les instances de campagne,8,5,0.625,-0.678,risque|mediatique|contrarien,false
party_ecologistes_alliance,Le PS offre des circonscriptions urbaines,ecologistes_alliance_autonomy,Investir des candidatures autonomes et proposer seulement des désistements après le premier tour,24,15,0.625,0.295,aleatoire|prudent|ideologiquement_coherent|opportuniste_electoral|parti_dabord|mediatique,false
party_rn_runoff,Le RN doit élargir sans démobiliser,rn_runoff_government_guarantees,Publier une équipe fictive complète et garantir le maintien de la France dans l’Union européenne,32,20,0.625,-0.023,aleatoire|prudent|risque|ideologiquement_coherent|opportuniste_electoral,false
party_ecologistes_fronde,Maud Lestang rouvre le débat nucléaire,ecologistes_fronde_exit_calendar,Publier avec Maya Lestang un calendrier de fermeture conditionné aux capacités renouvelables installées,21,13,0.619,-0.672,aleatoire|risque|opportuniste_electoral|parti_dabord|mediatique|contrarien,false
custom_500_signatures,La course aux cinq cents présentations,custom_signatures_cross_party,Demander aux groupes parlementaires une charte commune garantissant les présentations sans soutien politique,31,19,0.613,-0.094,ideologiquement_coherent|risque|aleatoire,false
party_horizons_signature,La décentralisation doit devenir concrète,horizons_signature_block_grant,Transférer aux intercommunalités une dotation pluriannuelle pour le logement et les mobilités,18,11,0.611,1.052,aleatoire|prudent|ideologiquement_coherent|opportuniste_electoral|parti_dabord,false
party_lr_crisis_followup,Les fédérations exigent un vote de ligne,lr_crisis_local_freedom,Autoriser les accords locaux mais interdire tout logo national partagé,18,11,0.611,-0.015,aleatoire|prudent|opportuniste_electoral|mediatique|contrarien,false
alliance_union_support,La CFDT veut des garanties écrites,union_support_consultation,Promettre une consultation sans conditionner la réforme à l’issue de la négociation,23,14,0.609,0.166,ideologiquement_coherent|opportuniste_electoral|mediatique|aleatoire|prudent,false
party_nouvelle_energie_fronde,Raphaël Ternois pousse à la fusion,nouvelle_energie_fronde_confirm_candidate,Confirmer publiquement Nora Vaillant et retirer Raphaël Ternois des discussions extérieures,23,14,0.609,0.099,aleatoire|risque|ideologiquement_coherent|opportuniste_electoral|mediatique,false
custom_runoff_mandate,Votre jeune parti doit définir son mandat de second tour,custom_runoff_coalition_team,Annoncer une équipe de coalition comprenant des responsables de deux partis éliminés et trois indépendants,58,35,0.603,-0.289,risque|prudent|aleatoire,false
party_lfi_runoff,LFI doit élargir sans se renier,lfi_runoff_full_program,Refuser toute modification et demander un ralliement sur lintégralité du programme,25,15,0.6,-0.154,aleatoire|prudent|ideologiquement_coherent|parti_dabord,false
internal_program_committee,Le comité bloque le chapitre sécurité,program_committee_members_vote,Soumettre les deux versions au vote des adhérents avec une note juridique commune,60,36,0.6,0.953,risque|parti_dabord|prudent|contrarien|ideologiquement_coherent|aleatoire,false
rare_printer_slogan,Une apostrophe change le slogan,printer_slogan_limited_edition,Vendre mille exemplaires signés pour financer la réimpression et détruire le reste,10,6,0.6,-0.497,mediatique|aleatoire|ideologiquement_coherent,false
party_ecologistes_program_dilemma,La taxe carbone divise les alliés,ecologistes_program_dividend,Redistribuer chaque trimestre la recette carbone à parts égales entre tous les adultes,10,6,0.6,0.595,aleatoire|risque|ideologiquement_coherent|opportuniste_electoral|mediatique,false
party_ecologistes_electorate,Les locataires redoutent les interdictions,ecologistes_electorate_rent_protection,Interdire les congés liés aux travaux et plafonner les loyers cinq ans après une aide publique,15,9,0.6,1.898,prudent|risque|ideologiquement_coherent|opportuniste_electoral|mediatique,false
party_horizons_runoff,Le centre droit négocie son élargissement,horizons_runoff_coalition_council,Créer un conseil de coalition public avec un représentant de chaque soutien,25,15,0.6,1.347,aleatoire|risque|opportuniste_electoral|parti_dabord|contrarien,false
program_secularism,La laïcité à l’épreuve du quotidien,secularism_current_framework,En rester au cadre actuel et former les agents publics à son application,97,58,0.598,-0.445,prudent|opportuniste_electoral|parti_dabord|risque|ideologiquement_coherent|aleatoire,false
party_reconquete_crisis_followup,Les comités de Saint-Cyr se coordonnent,reconquete_crisis_independent_network,Autoriser le courant à conserver une lettre interne mais interdire toute prise de parole publique séparée,17,10,0.588,0.93,aleatoire|prudent|ideologiquement_coherent|opportuniste_electoral|mediatique,false
eliminated_future_campaign,Le score ouvre une autre campagne,future_campaign_audit,Lancer un bilan indépendant des choix de campagne avant toute négociation de fusion,63,37,0.587,0.205,aleatoire|prudent|risque|ideologiquement_coherent|opportuniste_electoral,false
party_ps_local_asset,Les maires socialistes ouvrent leurs réseaux,ps_local_public_services_tour,Confier aux maires une tournée des services publics dans huit villes moyennes,12,7,0.583,-0.324,risque|opportuniste_electoral|parti_dabord|mediatique|contrarien,false
campaign_farmers_roundtable,La table ronde agricole se tend,farmers_floor_price,Proposer un prix plancher contrôlé dans les contrats avec la grande distribution,69,40,0.58,0.512,aleatoire|opportuniste_electoral|parti_dabord|mediatique|contrarien,false
world_rival_leadership_tension,Tensions internes chez Reconquête,rival_leadership_tension_amplify,Publier une déclaration soulignant l’instabilité du mouvement adverse,64,37,0.578,-0.332,mediatique|parti_dabord|contrarien|risque|opportuniste_electoral|aleatoire,false
party_lfi_alliance,Les Écologistes proposent un pacte urbain,lfi_alliance_urban,Signer le pacte métropolitain et créer des équipes communes dans les six villes,14,8,0.571,0.736,aleatoire|risque|contrarien,false
campaign_defend_unfairly_attacked_rival,Une accusation jugée infondée vise un adversaire,defend_rival_publicly,Demander publiquement que la rumeur cesse tant qu’aucune preuve n’existe,42,24,0.571,0.392,risque|ideologiquement_coherent|aleatoire|prudent,false
program_border_control,Contrôles aux frontières : quels moyens,border_control_systematic_checks,Imposer des contrôles systématiques aux frontières intérieures de l’espace Schengen,84,48,0.571,0.349,risque|mediatique|contrarien|prudent|ideologiquement_coherent|aleatoire,false
party_renaissance_fronde,Salomé Varenne défend le bilan,renaissance_fronde_shared_speech,Écrire avec Salomé Varenne un discours séparant résultats économiques et erreurs de méthode,21,12,0.571,0.967,aleatoire|prudent|risque|ideologiquement_coherent|parti_dabord,false
party_horizons_electorate,Les retraités modérés parlent des soins,horizons_electorate_doctor_contracts,Proposer aux jeunes médecins un contrat public de cinq ans dans les zones déficitaires,14,8,0.571,1.213,prudent|risque|opportuniste_electoral|parti_dabord|mediatique,false
party_nouvelle_energie_signature,Le permis d’entreprendre doit être défini,nouvelle_energie_signature_silence_consent,Considérer toute absence de réponse sous trente jours comme une autorisation provisoire,14,8,0.571,0.015,risque|opportuniste_electoral|parti_dabord|mediatique|contrarien,false
program_pensions,La ligne de départ des retraites,pensions_age_64,Maintenir l’âge légal à soixante-quatre ans avec des départs anticipés par durée de cotisation,129,73,0.566,0.342,aleatoire|prudent|risque|opportuniste_electoral|contrarien|ideologiquement_coherent,false
party_ps_alliance,Les Écologistes proposent un contrat municipal,ps_alliance_decline,Refuser l’accord local et investir immédiatement des candidats socialistes dans les douze métropoles,23,13,0.565,0.969,aleatoire|risque|parti_dabord|mediatique|contrarien,false
party_lr_signature,La sécurité du quotidien exige des moyens,lr_signature_local_contracts,"Signer des contrats locaux liant renforts policiers, horaires judiciaires et objectifs publiés",16,9,0.563,-0.128,aleatoire|prudent|risque|ideologiquement_coherent|parti_dabord,false
world_rival_leadership_split,La dissidence prend forme chez Reconquête,rival_leadership_split_welcome,Se dire ouvert à dialoguer avec la future liste dissidente,27,15,0.556,-0.431,contrarien|risque|aleatoire,false
party_renaissance_identity,Renaissance choisit continuité ou rupture,renaissance_identity_new_cycle,Retirer les ministres sortants de l’affiche et lancer une convention avec des élus locaux,9,5,0.556,-0.26,prudent|ideologiquement_coherent|opportuniste_electoral,false
party_reconquete_alliance,Le RN offre des désistements limités,reconquete_alliance_full_autonomy,Refuser le pacte et investir des candidats face au RN dans tous les territoires disputés,18,10,0.556,0.063,aleatoire|risque|opportuniste_electoral|parti_dabord|contrarien,false
party_nouvelle_energie_crisis_followup,La négociation de fusion arrive au vote,nouvelle_energie_crisis_members_vote,Soumettre l’offre éventuelle et l’autonomie à un vote égal de tous les adhérents,18,10,0.556,-0.154,aleatoire|risque|parti_dabord|contrarien,false
custom_coherent_manifesto,Des économistes testent la cohérence du manifeste,custom_manifesto_priority_note,Commander en quarante-huit heures une note consacrée uniquement à la mesure sous-documentée,18,10,0.556,-0.19,prudent|aleatoire|risque,false
custom_vertical_council,Le conseil fondateur refuse une investiture imposée,custom_vertical_keep_nominee,Maintenir votre investiture et demander au conseil un vote de confiance sur toute la direction,9,5,0.556,0.36,aleatoire|risque,false
media_fictional_editorial_support,Un soutien éditorial encombrant,editorial_support_boundaries,Remercier pour l’accord ponctuel tout en publiant vos désaccords précis avec Gabriel Valès,80,44,0.55,-0.167,aleatoire|prudent|ideologiquement_coherent|parti_dabord,false
party_ecologistes_crisis_followup,La ligne énergétique revient au congrès,ecologistes_crisis_publish_scenarios,Publier trois scénarios énergétiques et laisser le conseil fédéral choisir leurs seuils communs,11,6,0.545,1.528,aleatoire|prudent|ideologiquement_coherent|parti_dabord,false
party_lr_local_asset,Les fédérations ouvrent leurs permanences,lr_local_federation_targets,Laisser chaque fédération désigner deux cantons prioritaires et publier ses objectifs de porte-à-porte,11,6,0.545,0.177,risque|parti_dabord|mediatique|contrarien,false
party_rn_local_asset,Les petites villes ouvrent la campagne,rn_local_services_tour,Consacrer quatre jours aux services et confier les réunions publiques aux élus locaux,11,6,0.545,-0.245,aleatoire|prudent|risque|ideologiquement_coherent,false
internal_financial_review,Le contrôle interne signale trois factures,financial_review_ignore,Valider les factures sur la confiance de la trésorière et poursuivre les paiements,118,64,0.542,-0.074,risque|opportuniste_electoral|parti_dabord|mediatique|aleatoire,false
alliance_mayors_appeal,Deux cents maires demandent un contrat,mayors_contract,Signer un contrat de cinq ans avec conférence annuelle et indicateurs publiés par territoire,52,28,0.538,0.855,aleatoire|risque|opportuniste_electoral|parti_dabord|mediatique,false
party_nouvelle_energie_local_asset,Des entrepreneurs prêtent leurs réseaux,nouvelle_energie_local_professional_campaign,Confier la logistique et les outils numériques à un comité de dirigeants bénévoles,13,7,0.538,-1.747,aleatoire|prudent|mediatique|contrarien,false
internal_primary_debt,La promesse faite après la primaire,primary_debt_break,Refuser le poste promis et offrir seulement un droit d’amendement avant publication,157,84,0.535,-0.059,risque|opportuniste_electoral|mediatique|contrarien|aleatoire,false
media_live_stream,Le direct des questions citoyennes,livestream_continue_all,Reporter le déplacement suivant et répondre jusqu’à épuiser la file de questions,144,77,0.535,0.395,risque|ideologiquement_coherent|opportuniste_electoral|mediatique|aleatoire|contrarien,false
campaign_student_forum,Le forum étudiant refuse les slogans,students_grants_index,Indexer les bourses sur les loyers locaux et publier le coût par ville,71,38,0.535,0.493,risque|ideologiquement_coherent|parti_dabord|mediatique|aleatoire,false
alliance_center_pact,Renaissance offre un pacte de stabilité,center_pact_reject,Refuser tout pacte avant le vote et proposer seulement un débat public sur l’Europe,15,8,0.533,-0.886,aleatoire|ideologiquement_coherent|opportuniste_electoral|parti_dabord|mediatique,false
scandal_audit_conclusion,L’audit clôt le dossier des factures,audit_conclusion_all,Publier la conclusion intégrale et appliquer les six recommandations avant tout nouveau paiement,96,51,0.531,-0.275,risque|opportuniste_electoral|aleatoire|ideologiquement_coherent|prudent,false
media_documentary_access,La caméra derrière la porte,documentary_full_access,"Accorder l’accès complet, y compris aux arbitrages et aux désaccords de l’équipe",49,26,0.531,0.032,risque|opportuniste_electoral|mediatique|contrarien|aleatoire,false
campaign_overseas_trip,Le déplacement en Guadeloupe engage,overseas_price_observatory,Renforcer l’observatoire des prix et publier les marges par filière,17,9,0.529,0.796,aleatoire|prudent|opportuniste_electoral|parti_dabord|mediatique,false
world_national_strike,La grève bloque les transports,strike_support_workers,Soutenir les revendications salariales et rejoindre le piquet sans demander la reprise du trafic,17,9,0.529,0.647,aleatoire|parti_dabord|ideologiquement_coherent|mediatique,false
media_open_microphone,Le micro resté ouvert,open_mic_apology,Présenter vos excuses à Anaïs Vercel devant l’équipe et lui confirmer publiquement votre confiance,138,73,0.529,-0.058,risque|ideologiquement_coherent|opportuniste_electoral|parti_dabord|aleatoire,false
campaign_hospital_night,Une nuit avec les urgences,hospital_night_staff,Annoncer un renfort d’équipes de nuit financé par redéploiement administratif,55,29,0.527,0.286,risque|aleatoire|opportuniste_electoral|ideologiquement_coherent|contrarien,false
program_immigration,La loi migratoire du programme,immigration_annual_quota,Faire voter chaque année des objectifs migratoires par motif et renforcer les contrôles aux frontières,95,50,0.526,-0.409,aleatoire|opportuniste_electoral|parti_dabord|mediatique|contrarien|ideologiquement_coherent,false
world_european_vote,Le Conseil européen se divise,european_vote_national_fund,Abandonner le projet européen et créer un fonds industriel exclusivement français,21,11,0.524,0.644,parti_dabord|contrarien|risque|aleatoire|ideologiquement_coherent,false
party_ps_fronde,Élise Marceau conteste la synthèse,ps_fronde_negotiate,Négocier avec Ilyes Marceau une contribution exceptionnelle sur les patrimoines les plus élevés,21,11,0.524,-1.087,aleatoire|prudent|risque|ideologiquement_coherent|parti_dabord,false
party_renaissance_alliance,Horizons propose une candidature commune,renaissance_alliance_refuse,Refuser toute négociation et publier les divergences économiques avec Horizons,21,11,0.524,0.378,aleatoire|risque|parti_dabord|mediatique|contrarien,false
party_horizons_crisis_followup,Le mandat de négociation arrive à échéance,horizons_crisis_members_vote,Faire voter les adhérents sur l’offre et promettre d’appliquer leur décision,21,11,0.524,0.045,prudent|risque|parti_dabord|contrarien,false
party_lr_alliance,Horizons propose un accord économique,lr_alliance_refuse_center,Refuser la plateforme et dévoiler un contre-projet fiscal propre à LR,21,11,0.524,-0.414,risque|parti_dabord|mediatique|contrarien,false
party_lfi_program_dilemma,La désobéissance européenne doit être définie,lfi_program_unilateral,"Annoncer que le programme national sappliquera immédiatement, avec négociation européenne ensuite",23,12,0.522,0.164,aleatoire|risque|parti_dabord|mediatique|contrarien,false
campaign_endorsements_missing,Les parrainages restent sous le seuil,endorsements_cross_party,Négocier des parrainages pluralistes sans demander de soutien politique,117,61,0.521,0.217,aleatoire|risque|ideologiquement_coherent|opportuniste_electoral|parti_dabord,false
rare_fragmented_congress,Neuf groupes rendent la majorité incertaine,fragmented_congress_new_election,Refuser toute coalition et annoncer que vous redonnerez la parole aux électeurs en cas de blocage durable,25,13,0.52,-0.434,aleatoire|mediatique|risque|contrarien,false
scandal_supplier_overbilling,L’imprimeur a doublé une ligne,supplier_overbilling_credit,"Accepter l’avoir, auditer les trois derniers devis et maintenir le fournisseur sous contrôle renforcé",77,40,0.519,0.21,prudent|ideologiquement_coherent|opportuniste_electoral|parti_dabord|aleatoire,false
runoff_vote_transfers,Les reports refusent la mécanique,vote_transfers_local_meetings,Organiser six réunions dirigées par les anciens candidats et répondre sans modifier le programme,147,76,0.517,0.147,aleatoire|prudent|risque|parti_dabord,false
scandal_family_hire,La directrice a recruté son frère,family_hire_rebid,"Interrompre la mission, payer le travail livré et relancer un appel d’offres documenté",64,33,0.516,-0.071,risque|ideologiquement_coherent|aleatoire|prudent,false
debate_post_show_spin,Les soutiens envahissent le plateau,post_show_balanced,Reconnaître la réponse territoriale insuffisante et publier dès le matin une proposition corrigée,117,60,0.513,0.244,aleatoire|ideologiquement_coherent|prudent|risque,false
scandal_false_resume,Une ligne du CV est fausse,false_resume_resign,"Demander sa démission, corriger sa biographie et publier les contributions qu’il a réellement produites",43,22,0.512,0.037,aleatoire|risque|ideologiquement_coherent,false
campaign_volunteer_surge,Le siège déborde de bénévoles,volunteers_data_research,Confier aux bénévoles une enquête téléphonique sans accès aux données sensibles,137,69,0.504,0.134,prudent|ideologiquement_coherent|opportuniste_electoral|mediatique|aleatoire,false
internal_volunteer_conflict,Deux équipes se disputent le terrain,volunteer_conflict_digital,Maintenir l’opération vidéo et demander à Samira Bellon d’en mesurer elle-même l’audience locale,60,30,0.5,-0.304,aleatoire|risque|opportuniste_electoral|mediatique|contrarien,false
internal_congress_motion,Une motion réclame un congrès,congress_hold_vote,"Convoquer le congrès, limiter son ordre du jour à léconomie et appliquer son vote",58,29,0.5,0.409,prudent|parti_dabord|opportuniste_electoral|aleatoire,false
party_ps_crisis_followup,La contribution fiscale revient devant le parti,ps_crisis_members_ballot,Faire ratifier le compromis fiscal par tous les adhérents avant l’impression du programme,8,4,0.5,0.515,prudent|risque|ideologiquement_coherent|parti_dabord,false
campaign_donation_drive,La collecte se bloque,donations_bank_advance,Demander une avance bancaire et publier le taux ainsi que l’échéancier,72,36,0.5,-0.078,ideologiquement_coherent|prudent|opportuniste_electoral|mediatique|aleatoire,false
party_ps_crisis_followup,La contribution fiscale revient devant le parti,ps_crisis_candidate_arbitration,Publier votre propre barème fiscal et demander aux courants de s’y rallier sans nouveau vote,8,4,0.5,1.625,opportuniste_electoral|mediatique,false
party_ecologistes_signature,La rénovation thermique doit changer d’échelle,ecologistes_signature_public_operator,Créer un opérateur public qui avance les aides et se rembourse sur les économies d’énergie,16,8,0.5,0.526,aleatoire|prudent|risque|contrarien,false
party_ecologistes_signature,La rénovation thermique doit changer d’échelle,ecologistes_signature_local_grants,Déléguer les aides aux régions avec des objectifs nationaux et un guichet par bassin de vie,16,8,0.5,0.179,ideologiquement_coherent|opportuniste_electoral|parti_dabord|mediatique|contrarien,false
party_renaissance_local_asset,Les parlementaires proposent cent permanences,renaissance_local_national_kit,Fournir le même matériel national aux permanences et refuser toute adaptation programmatique,8,4,0.5,0.273,aleatoire|prudent|mediatique|contrarien,false
party_renaissance_local_asset,Les parlementaires proposent cent permanences,renaissance_local_constituency_contracts,Signer avec chaque parlementaire un contrat local limité à deux priorités vérifiables,8,4,0.5,0.278,risque|ideologiquement_coherent|opportuniste_electoral|parti_dabord,false
party_lr_identity,LR fixe ses deux frontières,lr_identity_government_right,Publier dix conditions de gouvernement et refuser tout accord national avant le premier tour,10,5,0.5,0.326,prudent|risque|ideologiquement_coherent,false
alliance_right_convention,Le RN invite à une convention commune,right_convention_attend,Participer à la convention et négocier une consigne réciproque sans programme commun,12,6,0.5,-0.405,opportuniste_electoral|parti_dabord|prudent,false
party_rn_alliance,Reconquête propose un pacte de non-agression,rn_alliance_absorb_voters,Refuser le pacte et adresser directement une lettre aux électeurs de Reconquête,20,10,0.5,-0.481,aleatoire|opportuniste_electoral|mediatique|contrarien,false
party_reconquete_fronde,Hélène Saint-Cyr refuse l’élargissement,reconquete_fronde_close_channels,Retirer à Hélène Saint-Cyr les canaux nationaux et publier seul le calendrier économique,18,9,0.5,-0.267,aleatoire|opportuniste_electoral|mediatique|contrarien,false
party_reconquete_fronde,Hélène Saint-Cyr refuse l’élargissement,reconquete_fronde_joint_convention,"Coécrire avec Hélène Saint-Cyr une convention liant immigration, école et travail",18,9,0.5,0.259,aleatoire|prudent|risque|ideologiquement_coherent|parti_dabord,false
party_nouvelle_energie_runoff,L’outsider doit former une majorité,nouvelle_energie_runoff_civic_government,Publier une équipe fictive issue de la société civile et demander des soutiens sans accord de postes,28,14,0.5,0.208,aleatoire|risque|opportuniste_electoral|mediatique|contrarien,false
party_nouvelle_energie_runoff,L’outsider doit former une majorité,nouvelle_energie_runoff_coalition,Signer un contrat de coalition avec Horizons et LR en répartissant cinq ministères prioritaires,28,14,0.5,0.353,aleatoire|prudent|ideologiquement_coherent|parti_dabord,false
internal_spokesperson_mistake,La porte-parole annonce trop tôt,spokesperson_correct,Corriger publiquement l’annonce et maintenir la porte-parole après un rappel des procédures,93,46,0.495,0.826,aleatoire|prudent|ideologiquement_coherent|parti_dabord,false
debate_challenge_frontrunner,Provoquer le favori en duel,challenge_frontrunner_decline,Décliner le duel et publier un communiqué comparant les programmes chiffrés,93,46,0.495,0.393,prudent|opportuniste_electoral|parti_dabord|contrarien|aleatoire,false
program_wages,Le salaire net au centre,wages_branch_negotiations,Conditionner les allègements de cotisations à des négociations salariales conclues dans chaque branche,81,40,0.494,0.212,prudent|risque|ideologiquement_coherent|parti_dabord|aleatoire,false
runoff_endorsement_wave,Les soutiens arrivent avec leurs conditions,endorsement_wave_bilateral,Négocier séparément trois garanties publiques sans modifier le socle du programme,152,75,0.493,0.221,prudent|risque|opportuniste_electoral|aleatoire,false
scandal_campaign_data,Un fichier militant sort du siège,campaign_data_suspend_tools,Suspendre tous les outils militants pendant quarante-huit heures et reconstruire les droits d’accès,65,32,0.492,-0.283,prudent|mediatique|risque|aleatoire,false
world_international_crisis,Une crise ferme un détroit,international_national_independence,Annoncer un plan français de relocalisation sans prendre position sur la confrontation,61,30,0.492,0.019,prudent|parti_dabord|contrarien|aleatoire|ideologiquement_coherent,false
program_digital_rights,Vie privée et réseaux : la ligne numérique,digital_rights_moderation_only,Doubler les moyens de modération sans nouvelle obligation d’identification en ligne,53,26,0.491,0.488,prudent|ideologiquement_coherent|contrarien|risque|aleatoire,false
alliance_fictional_celebrity,Une chanteuse veut soutenir la campagne,celebrity_support_decline,Décliner le soutien pour conserver une campagne sans vedette et proposer une rencontre privée,57,28,0.491,0.249,prudent|aleatoire|ideologiquement_coherent|opportuniste_electoral,false
scandal_donation_route,Un virement suit un trajet complexe,donation_route_keep,Conserver le don sur la foi d’une attestation simple et répondre seulement si la commission interroge,41,20,0.488,-0.323,risque|aleatoire|parti_dabord|contrarien|opportuniste_electoral|mediatique,false
media_local_press,Six rédactions face au désert médical,local_press_doctor_requirement,Conditionner l’installation des nouveaux médecins à plusieurs années dans une zone sous-dotée,160,78,0.487,0.314,aleatoire|ideologiquement_coherent|opportuniste_electoral|parti_dabord|mediatique|contrarien,false
program_school,La promesse faite à l’école,school_teacher_pay,Augmenter les salaires enseignants contre deux heures hebdomadaires dédiées au suivi des élèves,89,43,0.483,0.923,prudent|risque|parti_dabord|ideologiquement_coherent|aleatoire,false
campaign_slogan_test,Le slogan divise le siège,slogan_choose_govern,Choisir le slogan de gouvernement et publier votre calendrier des cent jours,110,53,0.482,-0.219,prudent|risque|ideologiquement_coherent|aleatoire,false
program_energy,Le mix électrique de 2040,energy_nuclear_renewables,"Programmer six réacteurs et accélérer simultanément le solaire, l’éolien et les réseaux",104,50,0.481,-0.046,risque|aleatoire|prudent|ideologiquement_coherent,false
eliminated_endorse_candidate,Votre voix reste décisive,endorse_candidate_contract,Négocier trois mesures publiques avec un finaliste avant dannoncer votre soutien,27,13,0.481,-0.028,mediatique|contrarien|aleatoire|opportuniste_electoral,false
campaign_rally_security,Le meeting change de dispositif,security_follow_protocol,Maintenir le meeting en appliquant intégralement le protocole préfectoral,50,24,0.48,0.472,prudent|risque|opportuniste_electoral|aleatoire|parti_dabord,false
campaign_final_rally,Le dernier grand meeting,final_rally_contract,Récapituler cinq engagements déjà chiffrés et annoncer leur ordre d’exécution,25,12,0.48,0.521,aleatoire|prudent|ideologiquement_coherent,false
alliance_poach_rival_cadre,Un cadre écologiste tenté par un ralliement,poach_rival_cadre_private_talks,"Négocier en privé, sans aucune annonce avant un accord ferme",71,34,0.479,-0.47,aleatoire|risque|prudent,false
campaign_bus_breakdown,Le car tombe en panne,bus_remote_townhall,Maintenir la réunion en visioconférence et envoyer votre équipe sur place,105,50,0.476,0.049,prudent|parti_dabord|contrarien|aleatoire,false
party_ps_fronde,Élise Marceau conteste la synthèse,ps_fronde_internal_vote,Convoquer le conseil national et mettre la plateforme de Marceau en minorité par un vote public,21,10,0.476,-1.069,aleatoire|opportuniste_electoral|mediatique|contrarien,false
party_horizons_crisis_followup,Le mandat de négociation arrive à échéance,horizons_crisis_close_talks,Clore les négociations vous-même et proposer à Théo Lagrive de diriger la campagne locale,21,10,0.476,0.013,aleatoire|ideologiquement_coherent|opportuniste_electoral|mediatique,false
program_integration_contract,"Le contrat d’intégration, jusqu’où aller",integration_contract_mandatory_tests,Imposer un contrat d’intégration obligatoire avec tests de langue et de compétences civiques,141,67,0.475,0.194,opportuniste_electoral|parti_dabord|aleatoire|risque|ideologiquement_coherent,false
party_lfi_identity,LFI choisit entre mouvement et candidat,lfi_identity_candidate,Centraliser la parole autour dAriane Valmont et limiter les tracts aux textes validés,19,9,0.474,0.76,aleatoire|opportuniste_electoral|mediatique|contrarien,false
rare_exceptional_powers,Le débat sur les pouvoirs exceptionnels,exceptional_powers_guardrails,Promettre une consultation publique du Conseil constitutionnel et un contrôle parlementaire renforcé,19,9,0.474,0.243,prudent|risque|ideologiquement_coherent|opportuniste_electoral|aleatoire,false
program_climate_adaptation,La France à cinquante degrés,climate_insurance,Obliger les assureurs à couvrir les risques climatiques avec garantie publique en dernier ressort,93,44,0.473,0.036,aleatoire|ideologiquement_coherent|mediatique|prudent|contrarien,false
scandal_local_expenses,Des notes de frais se mélangent,local_expenses_separate,"Faire rembourser la part municipale, corriger les comptes et publier le montant exact",74,35,0.473,-0.092,prudent|ideologiquement_coherent|aleatoire,false
program_climate_adaptation,La France à cinquante degrés,climate_adaptation_fund,"Créer un fonds pluriannuel pour l’eau, les écoles, les hôpitaux et les logements exposés",93,44,0.473,0.161,risque|opportuniste_electoral|contrarien|parti_dabord|aleatoire|ideologiquement_coherent,false
media_unflattering_photo,La photographie du quai vide,photo_self_mockery,Détourner vous-même la photographie en invitant les internautes au prochain meeting,55,26,0.473,-0.223,parti_dabord|risque|opportuniste_electoral|aleatoire,false
rare_civil_suspension,Votre voix ne tient plus,civil_suspension_rest,"Suivre lavis médical, annuler les discours et laisser vos responsables répondre aux questions",15,7,0.467,-1.351,prudent|ideologiquement_coherent|parti_dabord,false
rare_civil_suspension,Votre voix ne tient plus,civil_suspension_whisper,Maintenir le grand meeting et parler malgré lavis médical avec une intervention raccourcie,15,7,0.467,-1.593,opportuniste_electoral|risque|contrarien,false
media_live_stream,Le direct des questions citoyennes,livestream_answer_three,Répondre à trois questions hospitalières puis conclure avec le calendrier de votre réforme,144,67,0.465,0.218,aleatoire|prudent|parti_dabord|contrarien|ideologiquement_coherent,false
eliminated_no_instruction,Aucun finaliste ne porte votre ligne,no_instruction_criteria,Publier cinq critères démocratiques et laisser chaque électeur comparer les finalistes,28,13,0.464,0.129,risque|aleatoire|prudent|ideologiquement_coherent,false
internal_major_donor,Un donateur demande un rendez-vous,major_donor_private,Accepter le rendez-vous sans caméra et publier seulement la liste des sujets abordés,52,24,0.462,0.369,parti_dabord|risque|opportuniste_electoral|contrarien|aleatoire,false
party_nouvelle_energie_local_asset,Des entrepreneurs prêtent leurs réseaux,nouvelle_energie_local_open_workshops,Transformer les salles proposées en ateliers ouverts avec publication des participants et des conclusions,13,6,0.462,-1.337,risque|ideologiquement_coherent|opportuniste_electoral|parti_dabord,false
runoff_favorite_pressure,Deux points davance à cinq jours,favorite_pressure_attack,Diffuser un dossier comparatif offensif sur les contradictions du finaliste,205,94,0.459,0.178,aleatoire|risque|opportuniste_electoral|mediatique|contrarien,false
rare_hologram_revolt,Le double numérique refuse de démarrer,hologram_phone,Appeler la salle de Toulouse en visioconférence ordinaire et répondre à ses questions,24,11,0.458,0.232,ideologiquement_coherent|opportuniste_electoral|prudent,false
world_industrial_closure,Une aciérie annonce sa fermeture,closure_market_buyer,Conditionner toute aide à un repreneur privé présentant un carnet de commandes vérifiable,11,5,0.455,0.798,prudent|parti_dabord,false
campaign_official_launch,Le lancement depuis Saint-Denis,launch_costed_purchasing_power,"Ouvrir par le pouvoir d’achat, son coût et sa source de financement",33,15,0.455,0.995,risque|opportuniste_electoral|contrarien|aleatoire|ideologiquement_coherent,false
party_ecologistes_crisis_followup,La ligne énergétique revient au congrès,ecologistes_crisis_candidate_line,Fixer vous-même la trajectoire énergétique et demander au conseil fédéral un vote de confiance,11,5,0.455,-0.008,risque|opportuniste_electoral|mediatique|contrarien,false
party_lr_local_asset,Les fédérations ouvrent leurs permanences,lr_local_national_battlegrounds,Concentrer les moyens sur quinze territoires choisis par les données nationales,11,5,0.455,-0.01,aleatoire|prudent|ideologiquement_coherent|opportuniste_electoral,false
party_rn_local_asset,Les petites villes ouvrent la campagne,rn_local_security_rally,Regrouper les étapes en un meeting sur la sécurité et diffuser les interventions nationales,11,5,0.455,0.078,opportuniste_electoral|parti_dabord|mediatique|contrarien,false
campaign_regional_rally,Le meeting quitte la capitale,regional_toulouse_climate,Tenir le meeting à Toulouse et proposer un plan chaleur-logement,128,58,0.453,0.207,aleatoire|prudent|contrarien|risque|ideologiquement_coherent,false
internal_volunteer_conflict,Deux équipes se disputent le terrain,volunteer_conflict_split_day,Partager la journée entre porte-à-porte le matin et production vidéo l’après-midi,60,27,0.45,-0.247,prudent|ideologiquement_coherent|parti_dabord|aleatoire,false
program_end_of_life,La question de la fin de vie,end_of_life_active_assistance,Autoriser l’aide active à mourir sous conditions médicales strictes,100,45,0.45,0.305,ideologiquement_coherent|opportuniste_electoral|parti_dabord|mediatique|contrarien|aleatoire,false
program_school_values,Ce que l’école doit transmettre,school_values_pedagogical_freedom,Maintenir la liberté pédagogique des établissements sur les enseignements civiques,65,29,0.446,0.117,parti_dabord|ideologiquement_coherent|aleatoire|contrarien|prudent,false
alliance_parliamentary_group,Douze députés offrent leur expérience,parliamentary_group_charter,Signer une charte de soutien libre avec réunion hebdomadaire et désaccords publiables,72,32,0.444,0.42,aleatoire|contrarien|risque|opportuniste_electoral,false
world_rival_leadership_split,La dissidence prend forme chez Reconquête,rival_leadership_split_neutral,Reconnaître la rupture sans prendre position sur ses conséquences,27,12,0.444,-0.677,parti_dabord|opportuniste_electoral|mediatique,false
party_ecologistes_identity,Les Écologistes arbitrent leur méthode,ecologistes_identity_regions,Accorder à chaque région un quart du budget et le choix d’une priorité territoriale,9,4,0.444,0.113,aleatoire|prudent|risque|parti_dabord,false
media_foreign_interview,La France vue depuis Bruxelles,foreign_interview_veto,Annoncer que la France bloquera les prochaines décisions jusqu’à obtenir une renégociation,9,4,0.444,-0.26,parti_dabord|risque|aleatoire,false
media_foreign_interview,La France vue depuis Bruxelles,foreign_interview_coalition,Proposer une coalition de pays volontaires avant de renégocier la règle commune,9,4,0.444,0.165,opportuniste_electoral|aleatoire|ideologiquement_coherent,false
media_economic_morning,Le chiffrage de la matinale,economic_morning_exact,Annoncer de mémoire un coût précis et défendre immédiatement son financement,18,8,0.444,-0.527,opportuniste_electoral|risque|aleatoire|ideologiquement_coherent,false
party_nouvelle_energie_crisis_followup,La négociation de fusion arrive au vote,nouvelle_energie_crisis_legislative_pact,Maintenir la présidentielle mais conclure avec LR un pacte limité aux législatives,18,8,0.444,-0.046,prudent|ideologiquement_coherent|opportuniste_electoral|mediatique,false
custom_vertical_council,Le conseil fondateur refuse une investiture imposée,custom_vertical_internal_vote,Organiser un vote des adhérents entre votre candidate et celle proposée par le conseil,9,4,0.444,0.788,prudent|ideologiquement_coherent,false
campaign_door_to_door,Cent quartiers en porte-à-porte,doors_single_measure,Défendre la mesure phare à chaque porte et recueillir les objections précises,32,14,0.438,0.072,aleatoire|ideologiquement_coherent|parti_dabord|mediatique,false
campaign_door_to_door,Cent quartiers en porte-à-porte,doors_listening_notebooks,Confier aux équipes un carnet d’écoute et publier la synthèse nationale,32,14,0.438,0.464,aleatoire|prudent|risque|opportuniste_electoral,false
internal_staff_fatigue,Le siège arrive à saturation,staff_fatigue_hold_course,Maintenir l’agenda et verser une prime exceptionnelle à tous les salariés mobilisés,64,28,0.438,0.285,risque|contrarien|aleatoire|mediatique,false
party_lr_signature,La sécurité du quotidien exige des moyens,lr_signature_visible_patrols,Réaffecter immédiatement des unités administratives vers les patrouilles dans cinquante villes,16,7,0.438,-0.174,aleatoire|opportuniste_electoral|mediatique|contrarien,false
internal_recruitment,Cinq cents bénévoles sans mission,recruitment_field_now,Envoyer les volontaires dès samedi avec un script unique et des responsables de secteur,135,59,0.437,-1.177,aleatoire|opportuniste_electoral|parti_dabord|mediatique|contrarien,false
campaign_factory_visit,L’atelier industriel de Saint-Nazaire,factory_training_contract,Proposer un contrat de formation financé avec la région et l’entreprise,155,67,0.432,0.791,prudent|risque|ideologiquement_coherent|aleatoire,false
runoff_last_hours,Les dernières heures autorisées,last_hours_address,Enregistrer une adresse courte résumant les trois engagements inchangés depuis le premier tour,170,73,0.429,0.345,aleatoire|prudent|ideologiquement_coherent|opportuniste_electoral,false
world_heatwave,Quarante-quatre degrés à Lyon,heatwave_indoor_meeting,Maintenir un meeting intérieur consacré au climat avec jauge réduite et soignants invités,21,9,0.429,-1.21,risque|mediatique|aleatoire,false
party_renaissance_fronde,Salomé Varenne défend le bilan,renaissance_fronde_remove,Retirer Salomé Varenne du comité stratégique et confier le bilan à une équipe indépendante,21,9,0.429,0.214,aleatoire|opportuniste_electoral|mediatique|contrarien,false
party_horizons_electorate,Les retraités modérés parlent des soins,horizons_electorate_health_houses,Financer mille maisons de santé cogérées par les communes et les professionnels,14,6,0.429,0.618,aleatoire|ideologiquement_coherent|contrarien,false
party_nouvelle_energie_signature,Le permis d’entreprendre doit être défini,nouvelle_energie_signature_single_portal,Créer un dossier unique avec réponse obligatoire des administrations sous trente jours,14,6,0.429,-0.205,aleatoire|prudent|ideologiquement_coherent,false
government_balance,Quinze ministres pour une coalition,government_balance_coalition,Répartir les ministères proportionnellement aux soutiens du second tour avec exigence de parité,85,36,0.424,0.039,aleatoire|risque|parti_dabord|contrarien,false
program_europe,La règle européenne à changer,europe_national_opt_out,Demander une clause dexception nationale et suspendre les règles contestées en cas de refus,130,55,0.423,0.431,risque|ideologiquement_coherent|parti_dabord|contrarien|aleatoire,false
media_short_video,Une minute sur les loyers,short_video_emergency_housing,Annoncer la garantie publique des loyers étudiants et renvoyer le financement au programme,26,11,0.423,0.506,ideologiquement_coherent|opportuniste_electoral|mediatique|contrarien,false
party_lfi_identity,LFI choisit entre mouvement et candidat,lfi_identity_groups,Donner aux groupes daction un budget local et un droit damendement sur les tracts,19,8,0.421,0.614,aleatoire|prudent|risque|parti_dabord,false
scandal_treasurer_invoices,Les factures sans pièce ressortent,treasurer_invoices_keep,"Maintenir Maud Keravel, publier sa chronologie et compléter les dossiers avec chaque fournisseur",107,45,0.421,0.386,opportuniste_electoral|parti_dabord|mediatique|aleatoire,false
rare_exceptional_powers,Le débat sur les pouvoirs exceptionnels,exceptional_powers_never,Annoncer que vous n’utiliserez jamais ces pouvoirs et proposer leur suppression constitutionnelle,19,8,0.421,0.124,aleatoire|parti_dabord|contrarien|mediatique|ideologiquement_coherent,false
internal_nomination_rules,Les règles de la liste commune,nomination_vote,Faire élire les responsables par les adhérents avec une représentation minimale de chaque courant,88,37,0.42,-0.131,prudent|risque|parti_dabord|aleatoire,false
media_open_microphone,Le micro resté ouvert,open_mic_blame_context,Accuser la chaîne d’avoir diffusé une conversation privée et refuser de commenter le fond,138,58,0.42,-0.449,prudent|mediatique|contrarien|aleatoire,false
campaign_slogan_test,Le slogan divise le siège,slogan_choose_break,Choisir le slogan de rupture et l’accompagner de trois engagements précis,110,46,0.418,0.081,opportuniste_electoral|parti_dabord|mediatique|aleatoire,false
world_floods,La Garonne sort de son lit,floods_cancel_donate,"Annuler le déplacement, mettre le local réservé à disposition des secours et suspendre la communication",67,28,0.418,-0.114,parti_dabord|ideologiquement_coherent|mediatique|prudent|aleatoire,false
campaign_weather_disaster,La pluie emporte la tournée,weather_cancel_help,Annuler la tournée et mettre les véhicules du parti à disposition des associations,67,28,0.418,-0.468,opportuniste_electoral|parti_dabord|mediatique|aleatoire|ideologiquement_coherent,false
scandal_audit_conclusion,L’audit clôt le dossier des factures,audit_conclusion_vindication,Proclamer Maud Keravel blanchie et rejeter les recommandations comme des précautions bureaucratiques,96,40,0.417,-0.11,aleatoire|parti_dabord|mediatique|contrarien,false
party_lfi_electorate,Les abstentionnistes demandent une preuve,lfi_electorate_registration,Mobiliser les groupes daction pour informer sur linscription et les procurations sans consigne de vote,12,5,0.417,1.25,prudent|risque|ideologiquement_coherent,false
party_ps_local_asset,Les maires socialistes ouvrent leurs réseaux,ps_local_material_only,Utiliser les permanences municipales pour le matériel sans modifier la tournée nationale,12,5,0.417,0.034,aleatoire|prudent|ideologiquement_coherent,false
alliance_right_convention,Le RN invite à une convention commune,right_convention_debate,Accepter un débat bilatéral sans photographie commune ni discussion de désistement,12,5,0.417,-0.164,mediatique|aleatoire|ideologiquement_coherent,false
campaign_attacked_by_rival_pole,Une attaque frontale de La France insoumise,attacked_by_lfi_counter_attack,Répondre en accusant le programme adverse d’être financièrement irréaliste,77,32,0.416,0.398,aleatoire|opportuniste_electoral|mediatique|parti_dabord|risque,false
campaign_regional_rally,Le meeting quitte la capitale,regional_lille_industry,Tenir le meeting à Lille et détailler le plan de réindustrialisation,128,53,0.414,0.21,ideologiquement_coherent|opportuniste_electoral|parti_dabord|mediatique|contrarien|aleatoire,false
debate_expose_contradiction_centrist,Une contradiction chez le camp centriste,expose_contradiction_offer_debate,Proposer un débat de fond sur les retraites sans mentionner l’archive,75,31,0.413,-0.026,ideologiquement_coherent|opportuniste_electoral|parti_dabord|aleatoire,false
party_reconquete_crisis_followup,Les comités de Saint-Cyr se coordonnent,reconquete_crisis_online_ballot,Organiser un vote sécurisé des adhérents sur les cinq priorités de campagne,17,7,0.412,0.44,aleatoire|risque|parti_dabord|contrarien,false
scandal_treasurer_invoices,Les factures sans pièce ressortent,treasurer_invoices_publish,"Publier les factures, suspendre Maud Keravel et saisir un expert indépendant jusquà conclusion",107,44,0.411,0.099,risque|ideologiquement_coherent|aleatoire|prudent,false
program_health,Le prochain budget de la santé,health_prevention_budget,Réserver dix pour cent des crédits nouveaux à la prévention et publier des objectifs sanitaires,107,44,0.411,0.048,prudent|contrarien|aleatoire|ideologiquement_coherent,false
campaign_bus_breakdown,Le car tombe en panne,bus_cafe_exchange,Annuler la scène prévue et ouvrir un échange dans le café voisin,105,43,0.41,0.085,aleatoire|risque|ideologiquement_coherent|opportuniste_electoral,false
world_international_crisis,Une crise ferme un détroit,international_european_statement,Demander une déclaration européenne commune sur la liberté de navigation et la désescalade,61,25,0.41,0.247,risque|ideologiquement_coherent|aleatoire|opportuniste_electoral|mediatique,false
eliminated_endorse_candidate,Votre voix reste décisive,endorse_candidate_unconditional,Soutenir le finaliste le plus proche sans négocier de poste ni modifier votre programme,27,11,0.407,0.085,prudent|risque|ideologiquement_coherent|aleatoire,false
media_prime_time_invite,Le fauteuil libéré au vingt heures,prime_time_accept_open,Accepter sans condition et préparer quatre réponses prioritaires pendant le trajet,160,65,0.406,-0.462,risque|opportuniste_electoral|mediatique|aleatoire,false
alliance_fictional_celebrity,Une chanteuse veut soutenir la campagne,celebrity_support_housing_forum,"Transformer le concert en forum sur le logement avec associations, étudiants et élus locaux",57,23,0.404,-0.489,aleatoire|risque|contrarien|mediatique,false
party_lfi_runoff,LFI doit élargir sans se renier,lfi_runoff_common_left,Négocier un contrat de dix mesures avec le PS et Les Écologistes pour les cent premiers jours,25,10,0.4,-0.224,aleatoire|risque|opportuniste_electoral|mediatique|contrarien,false
eliminated_personal_future,Votre mandat à la tête du parti,personal_future_resign,Annoncer votre démission immédiate et confier lintérim à une direction collégiale,15,6,0.4,0.072,risque|aleatoire|ideologiquement_coherent,false
party_ecologistes_electorate,Les locataires redoutent les interdictions,ecologistes_electorate_guaranteed_loan,Garantir les prêts des petits propriétaires en échange d’un loyer modéré négocié,15,6,0.4,1.385,aleatoire|parti_dabord|contrarien,false
party_ecologistes_program_dilemma,La taxe carbone divise les alliés,ecologistes_program_industry_only,Abandonner la hausse sur les ménages et concentrer le prix carbone sur les grands sites industriels,10,4,0.4,0.205,prudent|parti_dabord|contrarien,false
world_energy_price_spike,Le gaz double en une semaine,energy_spike_targeted_aid,Financer un chèque ciblé sur les ménages modestes et les petites entreprises exposées,15,6,0.4,-0.102,risque|prudent,false
world_energy_price_spike,Le gaz double en une semaine,energy_spike_price_cap,Plafonner toutes les factures pendant six mois et financer l’écart par emprunt,15,6,0.4,1.92,opportuniste_electoral|mediatique|contrarien,false
world_budget_warning,La Cour des comptes alerte,budget_warning_ignore,Contester le calendrier de l’alerte et défendre chaque promesse sans nouveau chiffrage,20,8,0.4,-0.207,aleatoire|parti_dabord|contrarien|mediatique,false
world_budget_warning,La Cour des comptes alerte,budget_warning_recost,Rechiffrer tout le programme et retirer les mesures sans recette identifiée sous cinq jours,20,8,0.4,0.034,prudent|ideologiquement_coherent|risque,false
campaign_small_business,La PME teste votre réforme,sme_defend_macro,Maintenir la réforme et défendre ses effets à l’échelle nationale,20,8,0.4,-1.901,ideologiquement_coherent|mediatique|parti_dabord,false
party_horizons_alliance,Les Républicains proposent un pacte local,horizons_alliance_central_priority,Refuser le pacte LR et proposer aux maires Renaissance une plateforme de gestion commune,15,6,0.4,0.045,aleatoire|prudent|ideologiquement_coherent|opportuniste_electoral,false
party_horizons_runoff,Le centre droit négocie son élargissement,horizons_runoff_government_contract,Publier seule un contrat de gouvernement puis demander des soutiens sans négocier les postes,25,10,0.4,0.982,aleatoire|prudent|ideologiquement_coherent|mediatique,false
party_horizons_alliance,Les Républicains proposent un pacte local,horizons_alliance_presidential_condition,Conditionner toute coopération locale à un soutien public avant la campagne officielle,15,6,0.4,-0.067,risque|mediatique|contrarien,false
eliminated_personal_future,Votre mandat à la tête du parti,personal_future_congress,"Rester jusquau congrès, présenter votre bilan et ne pas intervenir dans la succession",15,6,0.4,0.205,contrarien|prudent|aleatoire,false
party_lr_identity,LR fixe ses deux frontières,lr_identity_right_competition,Durcir les propositions régaliennes et exclure toute négociation avec le bloc central,10,4,0.4,0.013,aleatoire|parti_dabord|mediatique|contrarien,false
party_nouvelle_energie_alliance,Horizons propose une plateforme de gestion,nouvelle_energie_alliance_one_project,Limiter la coopération à un projet de décentralisation présenté par les deux candidates,10,4,0.4,-0.337,aleatoire|prudent|ideologiquement_coherent|parti_dabord,false
party_nouvelle_energie_alliance,Horizons propose une plateforme de gestion,nouvelle_energie_alliance_compete,Refuser la plateforme et comparer publiquement les bilans locaux des deux mouvements,10,4,0.4,-0.492,opportuniste_electoral|mediatique|contrarien,false
campaign_official_launch,Le lancement depuis Saint-Denis,launch_territorial_voices,Confier la moitié du direct à trois militants de territoires différents,33,13,0.394,0.628,aleatoire|prudent|parti_dabord|ideologiquement_coherent|contrarien,false
debate_free_conclusion,La minute qui vous appartient,free_conclusion_story,Raconter la rencontre d’une aide-soignante et relier son quotidien à votre priorité sociale,89,35,0.393,-0.001,opportuniste_electoral|contrarien|mediatique|aleatoire,false
party_nouvelle_energie_fronde,Raphaël Ternois pousse à la fusion,nouvelle_energie_fronde_negotiate_terms,Mandater Raphaël Ternois pour négocier cinq garanties programmatiques et un calendrier,23,9,0.391,0.093,aleatoire|prudent|parti_dabord|contrarien,false
scandal_donation_route,Un virement suit un trajet complexe,donation_route_return,Renvoyer immédiatement le don et transmettre le dossier à la commission des comptes,41,16,0.39,0.149,prudent|ideologiquement_coherent|aleatoire,false
party_horizons_signature,La décentralisation doit devenir concrète,horizons_signature_experimentation,Autoriser dix territoires volontaires à déroger aux normes nationales pendant trois ans,18,7,0.389,1.219,aleatoire|risque|mediatique|contrarien,false
party_lr_crisis_followup,Les fédérations exigent un vote de ligne,lr_crisis_members_referendum,Organiser un référendum interne sur trois règles d’alliance avant la campagne officielle,18,7,0.389,0.194,aleatoire|risque|ideologiquement_coherent|parti_dabord,false
party_reconquete_alliance,Le RN offre des désistements limités,reconquete_alliance_legislative_pact,Accepter les désistements et limiter les critiques du RN aux divergences programmatiques,18,7,0.389,0.281,aleatoire|prudent|ideologiquement_coherent,false
runoff_common_program,La coalition réclame une annexe,common_program_method,Refuser les mesures nouvelles et signer uniquement une méthode de gouvernement commune,129,50,0.388,-0.337,prudent|ideologiquement_coherent|aleatoire,false
runoff_final_debate,Le débat de lentre-deux-tours,final_debate_admit_compromises,Nommer deux compromis consentis à vos alliés et les limites que vous refusez de franchir,220,85,0.386,0.188,aleatoire|prudent|ideologiquement_coherent,false
program_institutions,La présidence que vous proposez,institutions_presidential_power,Conserver les institutions actuelles et limiter seulement les nominations présidentielles,130,50,0.385,-0.069,prudent|aleatoire|contrarien|ideologiquement_coherent,false
internal_strategy_leak,La note sur le vote utile fuite,strategy_leak_publish,"Publier la note entière, identifier son auteur fictif et confirmer les options finalement écartées",39,15,0.385,0.537,ideologiquement_coherent|prudent,false
world_housing_protest,Les tentes encerclent la préfecture,housing_protest_requisition,Proposer la réquisition temporaire des bureaux publics vacants avec accompagnement social,21,8,0.381,0.839,aleatoire|ideologiquement_coherent|mediatique,false
campaign_defend_unfairly_attacked_rival,Une accusation jugée infondée vise un adversaire,defend_rival_amplify_doubt,"Diffuser la rumeur sous forme de question, sans l’affirmer directement",42,16,0.381,-0.61,opportuniste_electoral|contrarien|parti_dabord|aleatoire|mediatique,false
party_ecologistes_fronde,Maud Lestang rouvre le débat nucléaire,ecologistes_fronde_no_deadline,Retirer toute date de fermeture et demander une convention énergétique après l’élection,21,8,0.381,-0.926,aleatoire|prudent|ideologiquement_coherent|contrarien,false
program_institutions,La présidence que vous proposez,institutions_constituent,Convoquer une assemblée constituante élue et soumettre son texte à référendum,130,49,0.377,-0.26,opportuniste_electoral|parti_dabord|mediatique|ideologiquement_coherent|contrarien|aleatoire,false
party_lfi_crisis_followup,La fronde sociale exige un vote,lfi_crisis_vote,Organiser le vote en séparant la priorité programmatique du rôle personnel de Nassim Courbet,8,3,0.375,-0.453,aleatoire|prudent|ideologiquement_coherent,false
alliance_left_roundtable,Le PS propose trois engagements communs,left_roundtable_agreement,Signer les trois engagements et suspendre toute campagne de vote utile contre le PS,8,3,0.375,-0.033,prudent|opportuniste_electoral,false
alliance_left_roundtable,Le PS propose trois engagements communs,left_roundtable_public_only,Participer à la réunion sans pacte électoral et publier vos désaccords après chaque engagement,8,3,0.375,0.33,ideologiquement_coherent|aleatoire,false
party_lfi_local_asset,Saint-Denis ouvre ses réseaux associatifs,lfi_local_march,Organiser une marche nationale contre la vie chère avec les associations en tête,16,6,0.375,0.12,parti_dabord|mediatique|contrarien,false
media_fact_check_followup,Le coût passe au crible,fact_check_attack_method,Contester la méthode du journal et maintenir le montant donné sans publier de nouveau calcul,8,3,0.375,0.357,aleatoire|opportuniste_electoral|mediatique,false
rare_debate_blackout,Le studio plonge dans le noir,blackout_agree_rules,Proposer aux candidats une règle commune de reprise et demander l’arrêt des caméras privées,16,6,0.375,0.062,ideologiquement_coherent|opportuniste_electoral|prudent,false
media_fact_check_followup,Le coût passe au crible,fact_check_release_model,"Publier le tableur complet, ses hypothèses et les corrections apportées depuis la matinale",8,3,0.375,1.07,risque|aleatoire,false
party_rn_runoff,Le RN doit élargir sans démobiliser,rn_runoff_people_against_system,Refuser les accords d’élus et appeler les abstentionnistes à renverser le système des partis,32,12,0.375,-0.117,parti_dabord|mediatique|contrarien,false
campaign_budget_arbitration,Le budget impose trois renoncements,budget_emergency_fundraising,Lancer une collecte publique en publiant le besoin et chaque dépense prévue,121,45,0.372,0.173,aleatoire|risque|contrarien,false
world_economic_slowdown,La croissance simulée se retourne,slowdown_budget_caution,Maintenir le programme budgétaire et proposer seulement une clause de réexamen trimestriel,62,23,0.371,0.126,prudent|parti_dabord|aleatoire|contrarien,false
program_end_of_life,La question de la fin de vie,end_of_life_palliative_only,Financer davantage les soins palliatifs sans légiférer sur l’aide active à mourir,100,37,0.37,0.655,aleatoire|prudent|risque|ideologiquement_coherent,false
scandal_campaign_data,Un fichier militant sort du siège,campaign_data_notify,"Fermer le lien, notifier les personnes et la CNIL, puis publier le périmètre exact de l’exposition",65,24,0.369,-0.771,aleatoire|ideologiquement_coherent|parti_dabord|opportuniste_electoral,false
media_local_press,Six rédactions face au désert médical,local_press_health_contracts,Proposer des contrats territoriaux avec objectifs publics et financement garanti sur cinq ans,160,59,0.369,0.55,prudent|risque|aleatoire|ideologiquement_coherent,false
runoff_vote_transfers,Les reports refusent la mécanique,vote_transfers_guarantee,Ajouter une garantie sociale ciblée au contrat de coalition et en chiffrer le coût,147,54,0.367,0.271,aleatoire|ideologiquement_coherent|opportuniste_electoral,false
government_balance,Quinze ministres pour une coalition,government_balance_small_team,Limiter le gouvernement à douze membres et fusionner les portefeuilles les plus proches,85,31,0.365,0.024,aleatoire|ideologiquement_coherent|opportuniste_electoral|mediatique,false
internal_rival_interview,Un rival corrige votre ligne,rival_interview_remove_role,Retirer au responsable son portefeuille économique et maintenir votre proposition sans nouveau vote,63,23,0.365,0.132,mediatique|risque|opportuniste_electoral|contrarien|aleatoire,false
world_industrial_closure,Une aciérie annonce sa fermeture,closure_retraining_contract,Négocier avec la région un contrat de reprise ou de formation garanti pour chaque salarié,11,4,0.364,1.207,risque|contrarien,false
program_health,Le prochain budget de la santé,health_hospital_staff,Financer cinquante mille postes hospitaliers en relevant les recettes affectées à la santé,107,39,0.364,0.403,opportuniste_electoral|parti_dabord|aleatoire|ideologiquement_coherent|mediatique|contrarien,false
runoff_common_program,La coalition réclame une annexe,common_program_all,Adopter les douze mesures et présenter le texte comme un nouveau contrat de second tour,129,47,0.364,-0.606,opportuniste_electoral|parti_dabord|mediatique|contrarien|aleatoire,false
party_rn_crisis_followup,Le courant Ferran teste la discipline,rn_crisis_signed_line,Exiger une signature individuelle de la ligne présidentielle et exclure les refus de la campagne,11,4,0.364,1.45,aleatoire|mediatique|contrarien,false
party_nouvelle_energie_identity,Nouvelle Énergie doit prouver son utilité,nouvelle_energie_identity_coalition,Proposer une plateforme commune à Horizons et LR avant de confirmer la candidature,11,4,0.364,-0.14,aleatoire|opportuniste_electoral|contrarien,false
party_nouvelle_energie_identity,Nouvelle Énergie doit prouver son utilité,nouvelle_energie_identity_territories,Reporter les grandes annonces et ouvrir vingt comités dans les villes moyennes,11,4,0.364,-0.215,prudent|parti_dabord,false
custom_members_growth,Les nouveaux adhérents réclament un pouvoir réel,custom_members_consult_only,Créer une consultation mensuelle non contraignante et réserver l’arbitrage final au bureau national,11,4,0.364,0.057,prudent|aleatoire,false
custom_runoff_mandate,Votre jeune parti doit définir son mandat de second tour,custom_runoff_keep_manifesto,Maintenir intégralement le manifeste et demander des soutiens sans négociation supplémentaire,58,21,0.362,-0.075,ideologiquement_coherent|aleatoire,false
media_silence_day,Vingt-quatre heures sans caméra,silence_publish_schedule,Maintenir la journée de travail et publier l’agenda précis des réunions programmatiques,119,43,0.361,-0.168,prudent|ideologiquement_coherent|aleatoire,false
internal_staff_fatigue,Le siège arrive à saturation,staff_fatigue_cancel,"Annuler deux déplacements, instaurer une journée de repos et redistribuer les astreintes",64,23,0.359,0.31,prudent|parti_dabord|opportuniste_electoral|aleatoire,false
world_floods,La Garonne sort de son lit,floods_go_now,Rejoindre immédiatement un centre de coordination sans caméra et suivre les tâches attribuées,67,24,0.358,0.05,opportuniste_electoral|risque|contrarien|aleatoire,false
campaign_weather_disaster,La pluie emporte la tournée,weather_remote_climate,Tenir un point presse à distance sur l’adaptation aux pluies extrêmes,67,24,0.358,0.15,contrarien|risque|ideologiquement_coherent|aleatoire,false
party_lfi_fronde,Nassim Courbet réclame une ligne plus sociale,lfi_fronde_refuse,Refuser la priorité unique et retirer à Nassim Courbet ses interventions nationales,14,5,0.357,0.16,aleatoire|risque|contrarien,false
party_lfi_fronde,Nassim Courbet réclame une ligne plus sociale,lfi_fronde_joint_platform,"Publier avec Nassim Courbet un texte reliant salaires, partage du pouvoir et services publics",14,5,0.357,1.408,opportuniste_electoral|parti_dabord,false
party_renaissance_electorate,Les classes moyennes demandent un gain net,renaissance_electorate_public_services,Garantir plutôt la gratuité de plusieurs services essentiels pour les ménages sous le revenu médian,14,5,0.357,-0.254,aleatoire|parti_dabord|contrarien,false
runoff_endorsement_wave,Les soutiens arrivent avec leurs conditions,endorsement_wave_no_deals,Remercier chaque soutien et refuser toute négociation programmatique avant le scrutin,152,54,0.355,0.271,aleatoire|ideologiquement_coherent|parti_dabord,false
world_economic_slowdown,La croissance simulée se retourne,slowdown_investment,"Proposer un plan d’investissement ciblé sur le logement, le rail et la rénovation énergétique",62,22,0.355,-0.195,ideologiquement_coherent|opportuniste_electoral|mediatique|contrarien|aleatoire,false
debate_economy_round,Le duel sur les huit milliards,economy_round_drop_measure,Retirer en direct la dépense non financée et annoncer la mise à jour du programme,51,18,0.353,0.681,aleatoire|prudent|ideologiquement_coherent|contrarien,false
world_national_strike,La grève bloque les transports,strike_mediation,Demander une médiation indépendante avec suspension des nouvelles mesures pendant quarante-huit heures,17,6,0.353,0.58,prudent|risque|opportuniste_electoral,false
campaign_overseas_trip,Le déplacement en Guadeloupe engage,overseas_water_authority,Proposer une autorité locale de l’eau avec budget pluriannuel contrôlé,17,6,0.353,0.53,aleatoire|risque|ideologiquement_coherent,false
custom_federal_charter,Deux fédérations publient des programmes opposés,custom_federal_local_referenda,Autoriser deux référendums locaux et annoncer que leur résultat primera sur la ligne nationale,17,6,0.353,-0.527,risque|aleatoire,false
custom_neighbor_offers,Trois partis testent votre autonomie,custom_neighbors_public_terms,Recevoir les trois délégations et publier avant chaque réunion les conditions minimales d’un accord,57,20,0.351,-0.221,aleatoire|risque,false
debate_all_candidates,Neuf candidats face au climat,all_candidates_drop_subsidy,Retirer une subvention automobile et transférer les crédits vers les transports régionaux,100,35,0.35,0.355,risque|opportuniste_electoral|aleatoire|ideologiquement_coherent,false
campaign_small_business,La PME teste votre réforme,sme_publish_both,Publier les deux simulations et corriger le seuil qui crée l’écart,20,7,0.35,-2.159,risque|aleatoire|contrarien,false
party_rn_alliance,Reconquête propose un pacte de non-agression,rn_alliance_non_aggression,Signer le pacte sans reprendre les engagements et reporter le programme commun après le vote,20,7,0.35,-0.647,prudent|risque|ideologiquement_coherent,false
internal_rival_interview,Un rival corrige votre ligne,rival_interview_shared_stage,Inviter le responsable à un débat public interne puis publier les points d’accord et de désaccord,63,22,0.349,0.62,parti_dabord|aleatoire|ideologiquement_coherent,false
internal_recruitment,Cinq cents bénévoles sans mission,recruitment_training,Former les nouveaux bénévoles pendant deux soirées avant toute prise de contact électorale,135,47,0.348,-0.014,aleatoire|prudent|ideologiquement_coherent,false
program_immigration,La loi migratoire du programme,immigration_faster_procedures,Doubler les moyens des procédures d’asile et fixer un délai maximal pour chaque décision,95,33,0.347,-0.041,prudent|risque|ideologiquement_coherent|aleatoire,false
program_wages,Le salaire net au centre,wages_raise_minimum,Augmenter le salaire minimum de huit pour cent et compenser temporairement les petites entreprises,81,28,0.346,-0.053,aleatoire|ideologiquement_coherent|opportuniste_electoral|mediatique|contrarien,false
media_short_video,Une minute sur les loyers,short_video_building_targets,Détailler un objectif de construction à Rennes et les terrains publics mobilisés,26,9,0.346,0.196,risque|parti_dabord|aleatoire,false
government_ministry_conflict,Deux alliés réclament Bercy,ministry_conflict_split,Scinder léconomie et les finances entre les deux alliés avec un arbitrage direct de Matignon,78,27,0.346,-0.007,ideologiquement_coherent|parti_dabord|aleatoire,false
internal_major_donor,Un donateur demande un rendez-vous,major_donor_public_roundtable,"Inviter le donateur à une table ronde publique avec syndicats, PME et associations",52,18,0.346,0.871,ideologiquement_coherent|aleatoire|mediatique,false
internal_congress_motion,Une motion réclame un congrès,congress_refuse,Refuser le congrès jusquau scrutin et demander aux signataires de retirer publiquement leur motion,58,20,0.345,0.123,aleatoire|risque|mediatique|contrarien,false
scandal_family_hire,La directrice a recruté son frère,family_hire_audit_value,Maintenir la mission après un audit du prix et retirer à Anaïs Vercel toute décision d’achats,64,22,0.344,-0.535,opportuniste_electoral|mediatique|contrarien|aleatoire,false
debate_all_candidates,Neuf candidats face au climat,all_candidates_carbon_contract,Conditionner chaque dépense climatique à une baisse d’émissions mesurée deux ans après son lancement,100,34,0.34,0.734,prudent|ideologiquement_coherent|aleatoire|contrarien,false
campaign_student_forum,Le forum étudiant refuse les slogans,students_selection_debate,Refuser une réponse unique et ouvrir un débat filière par filière,71,24,0.338,0.075,aleatoire|prudent|contrarien,false
scandal_local_expenses,Des notes de frais se mélangent,local_expenses_remove_official,Exclure Samira Bellon de la campagne et confier toutes les dépenses locales au siège,74,25,0.338,-0.326,risque|contrarien|aleatoire|mediatique,false
debate_free_conclusion,La minute qui vous appartient,free_conclusion_democratic,Demander aux téléspectateurs de comparer les programmes et promettre de respecter leur choix,89,30,0.337,0.422,prudent|ideologiquement_coherent|aleatoire,false
party_lfi_electorate,Les abstentionnistes demandent une preuve,lfi_electorate_vote_ultimatum,Présenter le scrutin comme la dernière chance dappliquer le programme de rupture,12,4,0.333,0.795,aleatoire|parti_dabord|contrarien,false
world_housing_protest,Les tentes encerclent la préfecture,housing_protest_building_contract,Signer avec la ville un objectif annuel de logements sociaux et un tableau public des permis,21,7,0.333,0.196,aleatoire|risque|parti_dabord|contrarien,false
government_ministry_conflict,Deux alliés réclament Bercy,ministry_conflict_third,Écarter les deux candidatures et nommer une économiste fictive indépendante,78,26,0.333,-0.097,aleatoire|risque|mediatique|contrarien,false
rare_hologram_revolt,Le double numérique refuse de démarrer,hologram_wait,Suspendre le meeting jusqu’à réparation et reprendre le discours complet une heure plus tard,24,8,0.333,-0.55,risque|mediatique|contrarien|aleatoire,false
world_european_vote,Le Conseil européen se divise,european_vote_small_group,Lancer le fonds avec les pays volontaires sans attendre un nouvel accord unanime,21,7,0.333,0.15,mediatique|prudent,false
party_ps_identity,Le PS doit nommer son projet,ps_identity_break,Faire voter une rupture avec les politiques de l’offre et inscrire la redistribution en tête du programme,12,4,0.333,-1.808,aleatoire|opportuniste_electoral|mediatique|contrarien,false
party_ps_identity,Le PS doit nommer son projet,ps_identity_members_vote,Soumettre trois priorités incompatibles au vote des adhérents et appliquer le classement obtenu,12,4,0.333,-1.355,aleatoire|parti_dabord|contrarien,false
party_ps_identity,Le PS doit nommer son projet,ps_identity_social_democrat,"Présenter un contrat social-démocrate chiffré autour du travail, des services publics et de l’Europe",12,4,0.333,-0.215,prudent|risque|ideologiquement_coherent,false
campaign_donation_drive,La collecte se bloque,donations_small_match,Lancer une semaine de petits dons avec un objectif public quotidien,72,24,0.333,-0.203,parti_dabord|risque|aleatoire,false
party_ecologistes_identity,Les Écologistes arbitrent leur méthode,ecologistes_identity_shared_mandate,Confier le programme aux fédérations et réserver les arbitrages de calendrier à Éloi Vernet,9,3,0.333,-0.56,aleatoire|ideologiquement_coherent,false
party_renaissance_alliance,Horizons propose une candidature commune,renaissance_alliance_full,Signer l’accord et réserver un tiers du comité de campagne aux représentants d’Horizons,21,7,0.333,0.35,aleatoire|ideologiquement_coherent|opportuniste_electoral,false
party_renaissance_identity,Renaissance choisit continuité ou rupture,renaissance_identity_coalition,"Créer un conseil de coalition où Renaissance, Horizons et les indépendants valident les priorités",9,3,0.333,0.24,aleatoire|parti_dabord|mediatique,false
party_renaissance_signature,Le fonds industriel européen se précise,renaissance_signature_fast_track,Réserver un guichet accéléré aux projets capables d’ouvrir une usine sous deux ans,15,5,0.333,1.104,aleatoire|mediatique|contrarien,false
party_horizons_program_dilemma,La règle de dépense rencontre les communes,horizons_program_single_rule,Maintenir le plafond et proposer aux communes de fusionner leurs services pour le respecter,12,4,0.333,0.94,aleatoire|mediatique|contrarien,false
alliance_center_pact,Renaissance offre un pacte de stabilité,center_pact_sign,Signer le pacte avec Renaissance et publier les trois domaines qui restent hors accord,15,5,0.333,-0.476,risque|contrarien,false
party_lr_fronde,Diane Mérande veut négocier à droite,lr_fronde_close_negotiations,Interdire les contacts nationaux et remplacer Diane Mérande à la tête des investitures,24,8,0.333,-0.236,aleatoire|opportuniste_electoral|contrarien,false
party_lr_alliance,Horizons propose un accord économique,lr_alliance_policy_without_border,Accepter les mesures économiques mais retirer toute mention des alliances futures,21,7,0.333,-0.36,aleatoire|prudent|ideologiquement_coherent,false
media_economic_morning,Le chiffrage de la matinale,economic_morning_defer,Refuser le chiffre improvisé et annoncer une conférence budgétaire complète le soir même,18,6,0.333,-0.932,parti_dabord|prudent|aleatoire,false
party_reconquete_program_dilemma,La souveraineté économique cherche ses instruments,reconquete_program_public_procurement,Réserver une part des commandes publiques aux productions européennes selon des critères publiés,12,4,0.333,0.285,prudent|ideologiquement_coherent,false
party_nouvelle_energie_electorate,Les électeurs ignorent encore le mouvement,nouvelle_energie_electorate_hundred_meetings,Organiser cent réunions de trente personnes avec une seule proposition votée à la fin,9,3,0.333,0.203,opportuniste_electoral|parti_dabord|contrarien,false
custom_coherent_manifesto,Des économistes testent la cohérence du manifeste,custom_manifesto_open_model,"Publier le modèle complet, ses hypothèses et un formulaire permettant aux chercheurs de proposer des corrections",18,6,0.333,-0.063,ideologiquement_coherent|aleatoire,false
internal_financial_review,Le contrôle interne signale trois factures,financial_review_suspend,Suspendre les paiements concernés et confier les justificatifs à un expert-comptable indépendant,118,39,0.331,-0.287,aleatoire|prudent|ideologiquement_coherent,false
program_taxation,Qui financera les priorités,taxation_wealth,Créer un impôt progressif sur les patrimoines les plus élevés avec assiette publique,100,33,0.33,0.515,ideologiquement_coherent|parti_dabord|mediatique|contrarien|aleatoire,false
internal_nomination_rules,Les règles de la liste commune,nomination_candidate_team,Nommer vous-même six responsables sur leurs compétences et publier leurs missions précises,88,29,0.33,-0.291,opportuniste_electoral|mediatique|contrarien,false
debate_duel_interruption,L’adversaire refuse de vous laisser répondre,duel_interruption_moderator,Demander à la modératrice de restituer précisément votre temps avant de poursuivre,116,38,0.328,0.589,aleatoire|prudent|contrarien,false
media_documentary_access,La caméra derrière la porte,documentary_rules,Ouvrir les réunions logistiques mais protéger les échanges personnels et les négociations confidentielles,49,16,0.327,0.422,aleatoire|prudent|parti_dabord,false
program_pensions,La ligne de départ des retraites,pensions_return_62,Ramener l’âge légal à soixante-deux ans et financer l’écart par une hausse ciblée des cotisations,129,42,0.326,0.318,ideologiquement_coherent|parti_dabord|mediatique|contrarien|aleatoire,false
program_school,La promesse faite à l’école,school_autonomy,Donner aux établissements un budget et une autonomie de recrutement sous contrôle académique,89,29,0.326,0.675,opportuniste_electoral|mediatique|contrarien|ideologiquement_coherent|aleatoire,false
campaign_attacked_by_rival_pole,Une attaque frontale de La France insoumise,attacked_by_lfi_ignore,Ne pas répondre publiquement et poursuivre le calendrier de campagne prévu,77,25,0.325,-0.234,aleatoire|contrarien|prudent,false
campaign_factory_visit,L’atelier industriel de Saint-Nazaire,factory_listen_shift,Renoncer au discours préparé et tenir une réunion avec l’équipe de nuit,155,50,0.323,0.721,aleatoire|opportuniste_electoral|parti_dabord|contrarien|ideologiquement_coherent,false
custom_500_signatures,La course aux cinq cents présentations,custom_signatures_rural_tour,Consacrer six semaines aux maires ruraux avec une équipe juridique capable de répondre commune par commune,31,10,0.323,0.145,prudent|aleatoire,false
campaign_budget_arbitration,Le budget impose trois renoncements,budget_cut_large_rallies,Annuler deux grands meetings et préserver les équipes départementales,121,39,0.322,0.069,prudent|ideologiquement_coherent|aleatoire,false
program_digital_rights,Vie privée et réseaux : la ligne numérique,digital_rights_age_verification,Créer une majorité numérique à seize ans avec vérification d’âge obligatoire,53,17,0.321,1.244,opportuniste_electoral|parti_dabord|contrarien|aleatoire|ideologiquement_coherent|mediatique,false
government_ministry_conflict,Deux alliés réclament Bercy,ministry_conflict_competence,Choisir le responsable le plus compétent et offrir à lautre la présidence dun comité parlementaire,78,25,0.321,0.014,opportuniste_electoral|prudent|aleatoire,false
party_ps_program_dilemma,Le bilan gouvernemental divise la convention,ps_program_public_inventory,"Publier un inventaire distinguant trois acquis, trois erreurs et les correctifs proposés",25,8,0.32,-0.279,aleatoire|risque|contrarien,false
campaign_final_rally,Le dernier grand meeting,final_rally_new_pledge,Annoncer une baisse fiscale nouvelle pour créer un dernier mouvement,25,8,0.32,-0.628,risque|mediatique|aleatoire|ideologiquement_coherent,false
media_prime_time_invite,Le fauteuil libéré au vingt heures,prime_time_decline_prepare,Décliner l’invitation et consacrer la soirée au débat économique du lendemain,160,51,0.319,-0.183,prudent|ideologiquement_coherent|aleatoire,false
program_energy,Le mix électrique de 2040,energy_nuclear_priority,Lancer dix réacteurs et ralentir les appels d’offres éoliens terrestres contestés localement,104,33,0.317,-0.338,aleatoire|ideologiquement_coherent|contrarien|opportuniste_electoral|mediatique,false
runoff_favorite_pressure,Deux points davance à cinq jours,favorite_pressure_turnout,Consacrer les cinq jours au porte-à-porte dans les zones de faible participation,205,65,0.317,0.16,aleatoire|prudent|parti_dabord,false
party_rn_signature,La baisse de TVA doit être ciblée,rn_signature_consumption_rebate,Remplacer la baisse par un chèque trimestriel modulé selon le revenu et le territoire,19,6,0.316,1.248,aleatoire|parti_dabord|contrarien,false
rare_debate_blackout,Le studio plonge dans le noir,blackout_talk_opponent,Négocier discrètement avec un candidat voisin une trêve pour le reste du débat,16,5,0.313,0.044,aleatoire|contrarien|parti_dabord,false
rare_debate_blackout,Le studio plonge dans le noir,blackout_rehearse,Utiliser les huit minutes pour répéter votre conclusion avec la directrice de campagne,16,5,0.313,0.25,mediatique|risque|aleatoire,false
party_reconquete_local_asset,Les comités numériques cherchent du terrain,reconquete_local_training,Financer cent formations locales et exiger un compte rendu public de chaque réunion,16,5,0.313,0.056,aleatoire|parti_dabord|contrarien,false
runoff_last_hours,Les dernières heures autorisées,last_hours_surprise,Annoncer une baisse dimpôt nouvelle pour tenter de créer un dernier mouvement,170,53,0.312,0.159,aleatoire|risque|contrarien|ideologiquement_coherent,false
debate_duel_interruption,L’adversaire refuse de vous laisser répondre,duel_interruption_direct_address,Cesser de répondre à l’adversaire et expliquer votre mesure directement à la caméra,116,36,0.31,0.517,ideologiquement_coherent|aleatoire|opportuniste_electoral,false
alliance_poach_rival_cadre,Un cadre écologiste tenté par un ralliement,poach_rival_cadre_decline,Décliner et proposer une plateforme commune sur l’écologie sans débauchage,71,22,0.31,-0.229,opportuniste_electoral|parti_dabord|ideologiquement_coherent|aleatoire,false
debate_unknown_question,La question venue de Mayotte,unknown_question_admit,Reconnaître que vous ignorez le chiffre local et annoncer une réponse documentée sous vingt-quatre heures,68,21,0.309,0.014,aleatoire|parti_dabord|opportuniste_electoral|mediatique,false
internal_strategy_leak,La note sur le vote utile fuite,strategy_leak_blame_consultant,Rompre le contrat de Léonard Pujol et affirmer quil a rédigé la note sans mandat,39,12,0.308,-0.503,risque|contrarien|aleatoire,false
internal_strategy_leak,La note sur le vote utile fuite,strategy_leak_adopt,Assumer l’analyse et lancer dès ce soir une campagne explicite de vote utile,39,12,0.308,-0.533,opportuniste_electoral|parti_dabord|mediatique|aleatoire,false
debate_expose_contradiction_centrist,Une contradiction chez le camp centriste,expose_contradiction_public,Présenter la contradiction en direct avec les deux citations à l’appui,75,23,0.307,0.456,risque|mediatique|aleatoire,false
alliance_parliamentary_group,Douze députés offrent leur expérience,parliamentary_group_expertise,Refuser les ralliements individuels et demander seulement une expertise juridique publique,72,22,0.306,0.965,prudent|ideologiquement_coherent|aleatoire,false
campaign_budget_arbitration,Le budget impose trois renoncements,budget_cut_consultants,Rompre les contrats de conseil et internaliser le chiffrage du programme,121,37,0.306,-0.24,opportuniste_electoral|parti_dabord|mediatique|aleatoire,false
program_integration_contract,"Le contrat d’intégration, jusqu’où aller",integration_contract_more_support,Financer davantage l’accompagnement à l’intégration sans nouvelle obligation contractuelle,141,43,0.305,0.169,prudent|contrarien|aleatoire|ideologiquement_coherent,false
party_lfi_program_dilemma,La désobéissance européenne doit être définie,lfi_program_list,"Publier une liste limitée de règles, les mesures françaises concernées et le calendrier de négociation",23,7,0.304,0.18,prudent|ideologiquement_coherent,false
party_ps_alliance,Les Écologistes proposent un contrat municipal,ps_alliance_accept,Signer le contrat métropolitain et réserver aux Écologistes quatre circonscriptions négociables,23,7,0.304,0.28,aleatoire|ideologiquement_coherent|opportuniste_electoral,false
program_family_reunification,Le regroupement familial en question,family_reunification_extend_delay,Fixer à trois ans le délai de résidence requis avant regroupement familial,33,10,0.303,0.078,opportuniste_electoral|contrarien|parti_dabord|mediatique|ideologiquement_coherent|aleatoire,false
debate_duel_interruption,L’adversaire refuse de vous laisser répondre,duel_interruption_confront,Couper à votre tour et exiger que chacun lise son propre financement à voix haute,116,35,0.302,0.848,risque|parti_dabord|mediatique|aleatoire,false
scandal_false_resume,Une ligne du CV est fausse,false_resume_suspend,Suspendre le responsable pendant une semaine et faire vérifier toutes les biographies de l’équipe,43,13,0.302,-0.204,prudent|contrarien|aleatoire,false
party_ps_electorate,Les agents publics attendent des garanties,ps_electorate_staffing_priority,Réserver les premiers crédits aux recrutements dans les hôpitaux et les écoles plutôt qu’aux hausses générales,10,3,0.3,1.463,parti_dabord|mediatique|contrarien,false
party_rn_program_dilemma,La préférence nationale rencontre le droit,rn_program_residency_condition,Remplacer la nationalité par une durée de résidence et de cotisation clairement définie,17,5,0.294,-0.008,aleatoire|prudent|ideologiquement_coherent|contrarien,false
internal_primary_debt,La promesse faite après la primaire,primary_debt_honor,Honorer la promesse et organiser une passation publique avec léquipe actuelle,157,46,0.293,0.286,prudent|parti_dabord|aleatoire,false
program_europe,La règle européenne à changer,europe_investment_rule,Négocier lexclusion des investissements climatiques du calcul des déficits nationaux,130,38,0.292,0.89,prudent|aleatoire|ideologiquement_coherent,false
program_school_values,Ce que l’école doit transmettre,school_values_civic_curriculum,Introduire un enseignement moral et civique renforcé avec évaluation nationale,65,19,0.292,-0.297,risque|opportuniste_electoral|ideologiquement_coherent|contrarien,false
media_unflattering_photo,La photographie du quai vide,photo_ignore,Ignorer la photographie et publier uniquement les engagements annoncés à Lille,55,16,0.291,-0.761,contrarien|aleatoire|prudent,false
campaign_farmers_roundtable,La table ronde agricole se tend,farmers_norm_pause,Suspendre deux nouvelles normes et demander une évaluation à la Cour des comptes,69,20,0.29,0.368,aleatoire|prudent|risque|contrarien,false
world_housing_protest,Les tentes encerclent la préfecture,housing_protest_emergency_fund,Financer trois mois d’hôtel et demander aux associations de lever le camp pendant la négociation,21,6,0.286,1.295,prudent|opportuniste_electoral,false
party_lfi_fronde,Nassim Courbet réclame une ligne plus sociale,lfi_fronde_social_month,Accorder un mois de campagne centré sur les salaires avec Nassim Courbet comme coordinateur,14,4,0.286,1.083,prudent|ideologiquement_coherent|mediatique,false
eliminated_no_instruction,Aucun finaliste ne porte votre ligne,no_instruction_silence,Refuser toute consigne et ne participer à aucun débat de lentre-deux-tours,28,8,0.286,0.016,contrarien,false
internal_rival_interview,Un rival corrige votre ligne,rival_interview_vote,Accepter le vote du bureau et défendre votre proposition devant chaque courant,63,18,0.286,0.327,prudent|aleatoire,false
world_heatwave,Quarante-quatre degrés à Lyon,heatwave_cancel_campaign,Annuler les meetings extérieurs et mettre les véhicules de campagne à disposition des associations,21,6,0.286,1.005,opportuniste_electoral|prudent|ideologiquement_coherent|aleatoire,false
party_horizons_fronde,Théo Lagrive réclame un accord central,horizons_fronde_remove_negotiators,Retirer Théo Lagrive des négociations et exiger un engagement écrit pour la candidature,28,8,0.286,0.629,aleatoire|mediatique|contrarien,false
world_heatwave,Quarante-quatre degrés à Lyon,heatwave_school_plan,Annoncer un plan de rénovation thermique des écoles avec priorité aux villes les plus exposées,21,6,0.286,0.467,ideologiquement_coherent,false
program_europe,La règle européenne à changer,europe_federal_budget,Proposer un budget européen permanent financé par des ressources communes,130,37,0.285,0.444,mediatique|contrarien|aleatoire|ideologiquement_coherent|opportuniste_electoral,false
runoff_final_debate,Le débat de lentre-deux-tours,final_debate_attack_record,Comparer point par point les votes et alliances de votre adversaire à ses promesses actuelles,220,62,0.282,0.242,aleatoire|parti_dabord|mediatique|contrarien,false
internal_spokesperson_mistake,La porte-parole annonce trop tôt,spokesperson_remove,Retirer la porte-parole des médias et charger le responsable du programme de rectifier le montant,93,26,0.28,0.606,aleatoire|risque|mediatique,false
rare_fragmented_congress,Neuf groupes rendent la majorité incertaine,fragmented_congress_contract,Publier cinq conditions de coalition et ouvrir les négociations aux partis qui les acceptent,25,7,0.28,-0.156,opportuniste_electoral|prudent,false
debate_unknown_question,La question venue de Mayotte,unknown_question_local_audit,Proposer un audit de quatre semaines mené avec les élus et les services publics de Mayotte,68,19,0.279,0.232,aleatoire|prudent|ideologiquement_coherent,false
debate_unknown_question,La question venue de Mayotte,unknown_question_estimate,Estimer le chiffre à partir de vos notes et proposer immédiatement un montant d’investissement,68,19,0.279,0.71,contrarien|aleatoire|risque,false
internal_youth_wing,Les jeunes veulent leur propre campagne,youth_wing_refuse,Refuser toute marque séparée et réserver leur budget au porte-à-porte étudiant,18,5,0.278,-0.842,mediatique|contrarien|aleatoire,false
government_first_address,La première adresse de lÉlysée,first_address_emergency,Concentrer les cent jours sur le pouvoir dachat et reporter les autres réformes à lautomne,58,16,0.276,0.096,opportuniste_electoral|mediatique|ideologiquement_coherent|aleatoire,false
media_prime_time_invite,Le fauteuil libéré au vingt heures,prime_time_send_ally,Proposer qu’un allié présente votre programme pendant que vous préparez le débat,160,44,0.275,0.075,aleatoire|parti_dabord|contrarien,false
campaign_endorsements_missing,Les parrainages restent sous le seuil,endorsements_public_appeal,Publier la liste des territoires manquants et appeler les élus à parrainer,117,32,0.274,0.029,aleatoire|mediatique|contrarien,false
world_economic_slowdown,La croissance simulée se retourne,slowdown_business_cash,Différer des prélèvements pour les PME qui maintiennent leurs emplois pendant douze mois,62,17,0.274,0.085,risque|ideologiquement_coherent|aleatoire,false
campaign_peripheral_town,La périphérie demande un calendrier,periphery_one_month_audit,Demander un audit communal d’un mois avant de choisir la mesure,22,6,0.273,-1.027,aleatoire|prudent|contrarien,false
campaign_citizens_convention,La convention citoyenne réclame une réponse,convention_program_vote,Proposer un vote des adhérents sur les douze propositions avant intégration,22,6,0.273,-1.627,parti_dabord|contrarien|aleatoire,false
party_renaissance_program_dilemma,La réforme des retraites revient,renaissance_program_social_conference,Suspendre les prochaines étapes et convoquer une conférence de financement avec les partenaires sociaux,11,3,0.273,0.643,prudent|contrarien,false
party_renaissance_crisis_followup,Les élus du bilan demandent réparation,renaissance_crisis_record_committee,Créer un comité du bilan présidé par Salomé Varenne avec un droit de réponse public,11,3,0.273,0.22,ideologiquement_coherent|parti_dabord,false
party_nouvelle_energie_identity,Nouvelle Énergie doit prouver son utilité,nouvelle_energie_identity_reforms,Lancer la campagne autour de trois réformes libérales chiffrées et non négociables,11,3,0.273,0.237,risque|ideologiquement_coherent|mediatique,false
campaign_volunteer_surge,Le siège déborde de bénévoles,volunteers_weekend_canvass,Mobiliser immédiatement les volontaires pour un week-end de porte-à-porte,137,37,0.27,0.381,aleatoire|risque,false
program_taxation,Qui financera les priorités,taxation_cut_spending,Retirer deux dépenses du programme plutôt que créer un prélèvement supplémentaire,100,27,0.27,0.873,prudent|contrarien|ideologiquement_coherent|aleatoire,false
alliance_mayors_appeal,Deux cents maires demandent un contrat,mayors_pilot,Proposer cinquante contrats pilotes avant une généralisation votée au Parlement,52,14,0.269,-0.461,aleatoire|ideologiquement_coherent,false
party_lr_runoff,La droite qualifiée cherche ses reports,lr_runoff_program_only,Maintenir le programme du premier tour et demander à chaque électeur de choisir sans accord de parti,26,7,0.269,-0.227,aleatoire|prudent|ideologiquement_coherent,false
party_renaissance_runoff,Le bloc républicain demande des preuves,renaissance_runoff_no_bargain,Refuser les négociations d’appareil et publier uniquement une adresse personnelle aux électeurs éliminés,15,4,0.267,0.03,aleatoire|mediatique|contrarien,false
party_reconquete_signature,Le référendum migratoire doit être cadré,reconquete_signature_consultative_vote,Transformer le projet en consultation politique avant une négociation parlementaire,19,5,0.263,0.048,aleatoire|prudent|contrarien,false
program_school_values,Ce que l’école doit transmettre,school_values_uniform_trial,Lancer une expérimentation de l’uniforme scolaire dans les collèges volontaires,65,17,0.262,-0.305,mediatique|aleatoire|ideologiquement_coherent,false
alliance_union_support,La CFDT veut des garanties écrites,union_support_refuse_veto,Refuser toute garantie préalable et défendre la légitimité du programme présidentiel,23,6,0.261,0.103,aleatoire|contrarien|risque,false
scandal_supplier_overbilling,L’imprimeur a doublé une ligne,supplier_overbilling_terminate,"Rompre le contrat, demander le remboursement et répartir les commandes entre deux imprimeurs",77,20,0.26,-0.019,mediatique|contrarien|aleatoire,false
campaign_rally_security,Le meeting change de dispositif,security_remote_address,Annuler le public et prononcer le discours depuis le siège en direct,50,13,0.26,0.648,mediatique|contrarien|aleatoire,false
campaign_attacked_by_rival_pole,Une attaque frontale de La France insoumise,attacked_by_lfi_detailed_reply,"Détailler par écrit chaque mesure sociale du programme, chiffres à l’appui",77,20,0.26,-0.434,ideologiquement_coherent|aleatoire,false
campaign_rally_security,Le meeting change de dispositif,security_smaller_room,Réduire la jauge et réserver les places aux équipes déjà inscrites,50,13,0.26,-0.187,ideologiquement_coherent|aleatoire,false
runoff_last_hours,Les dernières heures autorisées,last_hours_field,Déployer les militants dans cent gares et marchés avec un appel personnalisé à participer,170,44,0.259,-0.039,parti_dabord|mediatique|contrarien|aleatoire,false
debate_free_conclusion,La minute qui vous appartient,free_conclusion_contract,"Résumer trois engagements, leur financement et la première décision des cent jours",89,23,0.258,0.203,aleatoire|risque|parti_dabord,false
debate_challenge_frontrunner,Provoquer le favori en duel,challenge_frontrunner_own_terms,"Accepter le duel en imposant un format contradictoire strict, sans notes",93,24,0.258,0.275,risque|mediatique|aleatoire,false
campaign_hospital_night,Une nuit avec les urgences,hospital_bed_dashboard,Publier chaque semaine les lits fermés et convoquer les agences régionales,55,14,0.255,0.861,parti_dabord|mediatique|contrarien|aleatoire,false
campaign_calendar_conflict,Deux invitations au même horaire,calendar_split_trip,"Avancer le déplacement, rejoindre le studio en train et supprimer les répétitions",67,17,0.254,-0.274,risque|contrarien|aleatoire,false
eliminated_future_campaign,Le score ouvre une autre campagne,future_campaign_legislative,Transformer immédiatement léquipe présidentielle en cellule pour les élections législatives,63,16,0.254,0.066,mediatique|parti_dabord|aleatoire,false
internal_nomination_rules,Les règles de la liste commune,nomination_dual_leadership,Confier le programme aux courants et la logistique à une direction choisie par le candidat,88,22,0.25,-0.053,aleatoire|ideologiquement_coherent,false
party_lfi_electorate,Les abstentionnistes demandent une preuve,lfi_electorate_legal_clinics,Financer des permanences associatives sur les droits sociaux sans condition dadhésion,12,3,0.25,0.717,opportuniste_electoral|mediatique,false
alliance_parliamentary_group,Douze députés offrent leur expérience,parliamentary_group_full_support,Exiger un soutien sans réserve jusqu’au premier tour en échange d’un rôle programmatique,72,18,0.25,-0.177,mediatique|parti_dabord|aleatoire,false
alliance_left_roundtable,Le PS propose trois engagements communs,left_roundtable_refuse,Refuser la réunion et maintenir que le rassemblement doit se faire derrière votre programme,8,2,0.25,1.705,contrarien|parti_dabord,false
world_rival_leadership_tension,Tensions internes chez Reconquête,rival_leadership_tension_silent,Ne faire aucun commentaire et laisser le sujet suivre son cours,64,16,0.25,-0.017,aleatoire|prudent,false
eliminated_no_instruction,Aucun finaliste ne porte votre ligne,no_instruction_block,Appeler à battre le finaliste le plus dangereux pour les libertés sans soutenir lautre programme,28,7,0.25,0.097,opportuniste_electoral|mediatique|parti_dabord|aleatoire,false
campaign_small_business,La PME teste votre réforme,sme_independent_test,Confier la simulation à un économiste indépendant avant toute conclusion,20,5,0.25,-2.07,opportuniste_electoral|prudent,false
media_fact_check_followup,Le coût passe au crible,fact_check_correct_error,"Reconnaître l’écart, corriger le montant et retirer une mesure pour équilibrer le financement",8,2,0.25,1.97,ideologiquement_coherent,false
runoff_common_program,La coalition réclame une annexe,common_program_eight,Signer les huit mesures compatibles et publier pourquoi les quatre autres sont écartées,129,32,0.248,0.011,aleatoire|risque,false
debate_post_show_spin,Les soutiens envahissent le plateau,post_show_allies,Répartir les plateaux entre vos alliés selon les thèmes qu’ils maîtrisent le mieux,117,29,0.248,0.389,opportuniste_electoral|parti_dabord|aleatoire,false
campaign_factory_visit,L’atelier industriel de Saint-Nazaire,factory_public_orders,Annoncer une préférence européenne dans les futures commandes publiques,155,38,0.245,0.475,mediatique|contrarien|ideologiquement_coherent|aleatoire,false
scandal_plagiarized_report,Le rapport reprend huit paragraphes,plagiarized_report_public_domain,Maintenir la note et défendre le droit de réutiliser les données d’un rapport public,83,20,0.241,0.067,aleatoire|mediatique|contrarien,false
program_border_control,Contrôles aux frontières : quels moyens,border_control_european_cooperation,Financer Frontex et la coopération européenne plutôt que des contrôles nationaux,84,20,0.238,0.443,ideologiquement_coherent|opportuniste_electoral|contrarien|aleatoire,false
program_secularism,La laïcité à l’épreuve du quotidien,secularism_extend_ban,Élargir l’interdiction des signes religieux ostensibles aux universités,97,23,0.237,-0.521,aleatoire|mediatique|contrarien|ideologiquement_coherent,false
media_unflattering_photo,La photographie du quai vide,photo_publish_sequence,Publier la séquence complète avec l’heure de prise de vue et reprendre le déplacement,55,13,0.236,-1.154,aleatoire|ideologiquement_coherent,false
debate_economy_round,Le duel sur les huit milliards,economy_round_counter_project,Comparer immédiatement le coût de votre projet à celui annoncé par votre adversaire,51,12,0.235,0.102,mediatique|opportuniste_electoral|aleatoire,false
internal_program_committee,Le comité bloque le chapitre sécurité,program_committee_candidate,Arbitrer en faveur de pouvoirs élargis et publier les garanties de contrôle retenues,60,14,0.233,1.096,contrarien|opportuniste_electoral|ideologiquement_coherent|mediatique|aleatoire,false
media_short_video,Une minute sur les loyers,short_video_refuse_reduction,Refuser la réponse en soixante secondes et inviter l’étudiante à un échange filmé plus long,26,6,0.231,-1.695,aleatoire|prudent|contrarien|ideologiquement_coherent,false
campaign_union_meeting,Le face-à-face avec les syndicats,union_wage_conference,Convoquer une conférence salariale avec accord majoritaire avant toute loi,13,3,0.231,0.82,ideologiquement_coherent,false
campaign_poster_shortage,Les affiches manquent dans six villes,posters_digital_switch,Renoncer aux affiches et financer une campagne numérique dans les six villes,39,9,0.231,-1.182,opportuniste_electoral|aleatoire|mediatique|contrarien,false
campaign_non_aggression_overture,Une proposition de pacte de non-agression,non_aggression_accept,Accepter le pacte pour la durée du meeting commun,57,13,0.228,-0.228,contrarien|opportuniste_electoral|aleatoire,false
internal_spokesperson_mistake,La porte-parole annonce trop tôt,spokesperson_adopt,Adopter immédiatement la baisse annoncée et demander à léquipe budgétaire de la financer,93,21,0.226,0.482,aleatoire|opportuniste_electoral|contrarien,false
campaign_volunteer_surge,Le siège déborde de bénévoles,volunteers_local_training,Former cent référents locaux avant de répartir les nouveaux bénévoles,137,31,0.226,-0.037,parti_dabord|contrarien|aleatoire,false
custom_first_accounts,Le premier budget de campagne ne ferme pas,custom_accounts_large_donors,Organiser des dîners de levée de fonds avec un registre public des participants et aucune contrepartie programmatique,31,7,0.226,-0.279,aleatoire|risque,false
media_fictional_editorial_support,Un soutien éditorial encombrant,editorial_support_reject,Refuser explicitement ce soutien et retirer Gabriel Valès de toute invitation de campagne,80,18,0.225,-0.216,aleatoire|risque,false
media_fictional_editorial_support,Un soutien éditorial encombrant,editorial_support_meeting,Inviter Gabriel Valès à débattre publiquement de vos divergences au prochain meeting,80,18,0.225,-0.619,opportuniste_electoral|mediatique|contrarien|aleatoire,false
campaign_weather_disaster,La pluie emporte la tournée,weather_silent_safety,Suspendre toute communication jusqu’à la réouverture officielle des routes,67,15,0.224,0.157,aleatoire|prudent|contrarien,false
runoff_favorite_pressure,Deux points davance à cinq jours,favorite_pressure_presidential,Prononcer une adresse de rassemblement sans nouvelle mesure ni attaque personnelle,205,46,0.224,0.276,aleatoire|ideologiquement_coherent,false
program_health,Le prochain budget de la santé,health_primary_care,Créer un service territorial de soins primaires avec équipes salariées dans les zones sous-dotées,107,24,0.224,0.255,aleatoire|risque|ideologiquement_coherent,false
world_floods,La Garonne sort de son lit,floods_visit_later,Reporter la visite de quarante-huit heures et annoncer un fonds d’adaptation pour les communes exposées,67,15,0.224,-0.169,aleatoire|ideologiquement_coherent,false
media_economic_morning,Le chiffrage de la matinale,economic_morning_range,Donner la fourchette disponible et publier les hypothèses de calcul avant midi,18,4,0.222,0.26,aleatoire|mediatique|ideologiquement_coherent,false
party_ecologistes_identity,Les Écologistes arbitrent leur méthode,ecologistes_identity_candidate,Réunir une cellule nationale quotidienne qui valide les annonces et les porte-parole,9,2,0.222,-0.715,mediatique|contrarien,false
scandal_supplier_overbilling,L’imprimeur a doublé une ligne,supplier_overbilling_public,Publier la facture et demander à Étienne Marot d’expliquer publiquement son erreur,77,17,0.221,0.071,aleatoire|risque,false
program_integration_contract,"Le contrat d’intégration, jusqu’où aller",integration_contract_nationality_link,Conditionner l’accès à la nationalité à la réussite du contrat d’intégration,141,31,0.22,0.07,mediatique|contrarien|ideologiquement_coherent|aleatoire,false
campaign_hospital_night,Une nuit avec les urgences,hospital_silent_report,Renoncer à une annonce immédiate et publier un rapport après trois visites,55,12,0.218,-0.383,prudent|aleatoire,false
debate_economy_round,Le duel sur les huit milliards,economy_round_walk_numbers,Reprendre les huit milliards poste par poste et nommer la mesure récemment corrigée,51,11,0.216,-0.004,risque|aleatoire|ideologiquement_coherent,false
program_institutions,La présidence que vous proposez,institutions_proportional,Introduire une dose majoritaire de proportionnelle et renforcer les droits du Parlement,130,28,0.215,-0.252,aleatoire|risque|ideologiquement_coherent,false
internal_recruitment,Cinq cents bénévoles sans mission,recruitment_sections,Confier chaque nouvel inscrit à une section locale avec un objectif choisi sur place,135,29,0.215,0.156,risque|aleatoire,false
party_lfi_alliance,Les Écologistes proposent un pacte urbain,lfi_alliance_three_measures,Soutenir trois mesures communes sans suspendre le débat sur lEurope,14,3,0.214,0.067,aleatoire|ideologiquement_coherent,false
party_lfi_alliance,Les Écologistes proposent un pacte urbain,lfi_alliance_refuse_green,Refuser le pacte et lancer votre propre tournée populaire sur lécologie du quotidien,14,3,0.214,-0.043,prudent|opportuniste_electoral,false
government_balance,Quinze ministres pour une coalition,government_balance_competence,Attribuer les portefeuilles selon une grille publique de compétences et de conflits dintérêts,85,18,0.212,-0.126,prudent|aleatoire,false
alliance_poach_rival_cadre,Un cadre écologiste tenté par un ralliement,poach_rival_cadre_public_invite,L’inviter publiquement à rejoindre votre équipe de campagne,71,15,0.211,-0.524,aleatoire|mediatique|contrarien,false
program_taxation,Qui financera les priorités,taxation_vat,Augmenter la TVA hors produits essentiels et compenser les ménages modestes par un crédit,100,21,0.21,0.685,risque|ideologiquement_coherent|aleatoire,false
party_ecologistes_alliance,Le PS offre des circonscriptions urbaines,ecologistes_alliance_metro,Accepter les six métropoles et imposer un fonds ferroviaire dans l’accord commun,24,5,0.208,0.25,aleatoire|risque,false
rare_hologram_revolt,Le double numérique refuse de démarrer,hologram_send_local,Confier la scène à la responsable locale et poursuivre le discours uniquement depuis Lille,24,5,0.208,0.066,aleatoire|parti_dabord,false
campaign_endorsements_missing,Les parrainages restent sous le seuil,endorsements_private_route,Rencontrer individuellement les maires et garantir la confidentialité des échanges,117,24,0.205,-0.031,prudent|aleatoire,false
debate_challenge_frontrunner,Provoquer le favori en duel,challenge_frontrunner_neutral_format,Proposer un format neutre coanimé par deux rédactions concurrentes,93,19,0.204,0.291,ideologiquement_coherent|aleatoire,false
internal_staff_fatigue,Le siège arrive à saturation,staff_fatigue_hire,Recruter une équipe logistique temporaire en prélevant le coût sur la publicité numérique,64,13,0.203,-0.122,aleatoire|ideologiquement_coherent,false
program_energy,Le mix électrique de 2040,energy_renewables_priority,"Renoncer aux nouveaux réacteurs et concentrer les crédits sur sobriété, stockage et renouvelables",104,21,0.202,-0.77,contrarien|parti_dabord|ideologiquement_coherent|aleatoire,false
party_lfi_signature,La Sixième République doit prendre forme,lfi_signature_parliament_first,Commencer par la proportionnelle et le référendum partagé avant de convoquer une constituante,10,2,0.2,-0.28,aleatoire|ideologiquement_coherent,false
rare_printer_slogan,Une apostrophe change le slogan,printer_slogan_keep,Assumer la formule erronée comme un jeu de mots et distribuer tout le stock,10,2,0.2,-0.09,contrarien|parti_dabord,false
rare_printer_slogan,Une apostrophe change le slogan,printer_slogan_reprint,Accepter la réimpression gratuite et recycler tous les tracts erronés sans les distribuer,10,2,0.2,0.015,prudent,false
rare_fragmented_congress,Neuf groupes rendent la majorité incertaine,fragmented_congress_issue_majorities,Proposer des majorités texte par texte sans accord permanent de gouvernement,25,5,0.2,-0.38,ideologiquement_coherent|aleatoire,false
world_energy_price_spike,Le gaz double en une semaine,energy_spike_european_purchase,Proposer des achats communs européens et réserver l’aide nationale aux rénovations d’urgence,15,3,0.2,1.043,parti_dabord|aleatoire|ideologiquement_coherent,false
media_long_podcast,Deux heures sans élément de langage,podcast_send_policy_lead,Confier l’entretien à votre responsable du programme et publier votre propre réponse écrite,25,5,0.2,0.336,aleatoire|parti_dabord,false
world_budget_warning,La Cour des comptes alerte,budget_warning_growth,Maintenir les dépenses et publier les hypothèses de croissance nécessaires à leur financement,20,4,0.2,0.318,opportuniste_electoral,false
party_horizons_alliance,Les Républicains proposent un pacte local,horizons_alliance_local_pact,Signer le pacte départemental sans demander de consigne nationale aux Républicains,15,3,0.2,0.097,aleatoire|parti_dabord,false
eliminated_personal_future,Votre mandat à la tête du parti,personal_future_stay,Demander un vote de confiance des adhérents pour conduire le parti pendant deux ans,15,3,0.2,0.06,mediatique|aleatoire,false
party_lr_electorate,Les retraités interrogent le financement,lr_electorate_savings_exemption,Garantir l’exonération de l’épargne longue et flécher son avantage vers les établissements spécialisés,10,2,0.2,1.12,parti_dabord|contrarien,false
campaign_final_rally,Le dernier grand meeting,final_rally_turnout,Mobiliser les abstentionnistes avec un plan de procurations et de transports,25,5,0.2,-0.426,parti_dabord|contrarien|aleatoire,false
party_nouvelle_energie_alliance,Horizons propose une plateforme de gestion,nouvelle_energie_alliance_joint_platform,Accepter les groupes communs et exiger la signature de Nouvelle Énergie sur chaque proposition,10,2,0.2,-0.83,aleatoire|risque,false
campaign_market_walkabout,Le marché sous pression,market_rent_mediation,Convoquer bailleurs et commerçants pour négocier les renouvellements de loyers,107,21,0.196,0.326,aleatoire|contrarien,false
debate_economy_round,Le duel sur les huit milliards,economy_round_values,Refuser la bataille comptable et défendre les bénéficiaires concrets de chaque dépense,51,10,0.196,0.921,parti_dabord|aleatoire,false
alliance_mayors_appeal,Deux cents maires demandent un contrat,mayors_decline_contract,Refuser un contrat séparé et renvoyer les mesures territoriales au programme national,52,10,0.192,-0.967,aleatoire|prudent|contrarien,false
internal_major_donor,Un donateur demande un rendez-vous,major_donor_written_input,Refuser le tête-à-tête et proposer une contribution écrite publiée avec votre réponse,52,10,0.192,1.27,aleatoire|prudent,false
program_school,La promesse faite à l’école,school_class_size,Garantir vingt élèves maximum dans les écoles des quartiers et territoires les plus fragiles,89,17,0.191,0.206,aleatoire|ideologiquement_coherent|contrarien,false
debate_all_candidates,Neuf candidats face au climat,all_candidates_refuse_cut,Refuser toute suppression et annoncer une contribution exceptionnelle des secteurs les plus émetteurs,100,19,0.19,0.023,aleatoire|parti_dabord|contrarien,false
program_taxation,Qui financera les priorités,taxation_niches,Supprimer dix niches fiscales identifiées et publier le rendement attendu de chacune,100,19,0.19,0.568,opportuniste_electoral|aleatoire|ideologiquement_coherent,false
program_border_control,Contrôles aux frontières : quels moyens,border_control_mobile_checks,Lancer des contrôles mobiles ciblés sur les axes routiers frontaliers,84,16,0.19,0.464,parti_dabord|ideologiquement_coherent|aleatoire,false
scandal_local_expenses,Des notes de frais se mélangent,local_expenses_internal_warning,Corriger les comptes sans communiquer et adresser un avertissement interne à Samira Bellon,74,14,0.189,0.153,aleatoire|opportuniste_electoral|parti_dabord,false
program_digital_rights,Vie privée et réseaux : la ligne numérique,digital_rights_independent_authority,Confier la régulation à une autorité indépendante dotée de pouvoirs de sanction,53,10,0.189,0.818,aleatoire|ideologiquement_coherent,false
debate_expose_contradiction_centrist,Une contradiction chez le camp centriste,expose_contradiction_skip,Ne pas soulever le sujet et concentrer le débat sur votre propre programme,75,14,0.187,-0.344,prudent|aleatoire,false
scandal_false_resume,Une ligne du CV est fausse,false_resume_keep,Maintenir le responsable et qualifier la différence de formulation sans importance pour le programme,43,8,0.186,-1.569,opportuniste_electoral|parti_dabord|mediatique|aleatoire,false
world_industrial_closure,Une aciérie annonce sa fermeture,closure_public_stake,Proposer une prise de participation publique temporaire pendant la recherche d’un repreneur,11,2,0.182,1.905,aleatoire|mediatique,false
runoff_final_debate,Le débat de lentre-deux-tours,final_debate_governing_plan,Présenter vos cinq premières décisions et relier chacune à un financement déjà publié,220,40,0.182,-0.014,risque|aleatoire,false
party_nouvelle_energie_program_dilemma,La baisse de dépense rencontre l’hôpital,nouvelle_energie_program_health_vouchers,Remplacer certains financements d’établissement par un forfait attaché au patient,11,2,0.182,0.88,mediatique,false
media_past_words,Une promesse revient au montage,past_words_timeline,Fournir la chronologie complète et nommer précisément les faits qui ont modifié votre position,39,7,0.179,0.541,risque|aleatoire,false
media_past_words,Une promesse revient au montage,past_words_restore_first,Revenir à votre première position et reconnaître que le dernier infléchissement allait trop loin,39,7,0.179,0.731,parti_dabord|aleatoire|contrarien,false
media_front_page,La une vous prête un tournant,front_page_union_meeting,Convoquer dès le lendemain les syndicats pour négocier les contreparties de l’investissement,176,31,0.176,0.604,aleatoire|ideologiquement_coherent|contrarien,false
party_lfi_program_dilemma,La désobéissance européenne doit être définie,lfi_program_coalition,Chercher dabord une coalition européenne et conditionner la désobéissance à léchec de cette démarche,23,4,0.174,0.75,aleatoire|opportuniste_electoral,false
internal_primary_debt,La promesse faite après la primaire,primary_debt_share,Créer une codirection jusquà la publication du programme et faire arbitrer les désaccords par vote,157,27,0.172,0.191,aleatoire|ideologiquement_coherent,false
world_rival_leadership_tension,Tensions internes chez Reconquête,rival_leadership_tension_solidarity,Reconnaître publiquement que les tensions internes sont le lot de tous les partis,64,11,0.172,-0.122,ideologiquement_coherent|aleatoire,false
scandal_treasurer_invoices,Les factures sans pièce ressortent,treasurer_invoices_reimburse,Rembourser volontairement les trois dépenses à la campagne et retirer toute demande de remboursement public,107,18,0.168,0.225,aleatoire|contrarien,false
campaign_donation_drive,La collecte se bloque,donations_tour_cut,Annuler la tournée la plus coûteuse et expliquer chaque économie,72,12,0.167,-0.598,aleatoire|contrarien,false
internal_program_committee,Le comité bloque le chapitre sécurité,program_committee_pilot,Proposer une expérimentation dans vingt villes avec évaluation indépendante avant généralisation,60,10,0.167,1.672,aleatoire|ideologiquement_coherent|contrarien,false
party_ps_signature,La garantie jeunesse doit être financée,ps_signature_training,Transformer la promesse en droit à une formation rémunérée cofinancée par les régions et l’État,12,2,0.167,-1.11,ideologiquement_coherent,false
party_ecologistes_alliance,Le PS offre des circonscriptions urbaines,ecologistes_alliance_national_guarantees,Reporter les circonscriptions et demander trois garanties climatiques nationales vérifiables,24,4,0.167,0.68,contrarien,false
party_ecologistes_local_asset,Des élus ruraux proposent une tournée,ecologistes_local_rural_week,Passer cinq jours en Auvergne avec des ateliers sur les trajets quotidiens et les services,12,2,0.167,0.125,contrarien,false
party_rn_fronde,Louis Ferran refuse la modération,rn_fronde_remove_ferran,Retirer Louis Ferran de la campagne nationale et nommer un coordinateur économique,12,2,0.167,0.12,aleatoire|contrarien,false
program_secularism,La laïcité à l’épreuve du quotidien,secularism_reasonable_accommodation,Créer un statut souple d’accommodements raisonnables étudiés au cas par cas,97,16,0.165,-0.816,ideologiquement_coherent|aleatoire|contrarien,false
world_public_service_outage,La plateforme publique tombe en panne,outage_attack_government,Accuser le gouvernement d’impréparation et demander la démission du responsable numérique avant l’audit,31,5,0.161,-1.408,parti_dabord|mediatique|contrarien,false
program_wages,Le salaire net au centre,wages_cut_contributions,Baisser les cotisations salariales et financer le manque par une économie sur les dépenses courantes,81,13,0.16,-0.027,contrarien|ideologiquement_coherent|aleatoire,false
eliminated_future_campaign,Le score ouvre une autre campagne,future_campaign_fusion,Ouvrir une négociation de fusion avec le parti proche qui a obtenu le meilleur score,63,10,0.159,-0.065,contrarien|aleatoire,false
scandal_consultant_contract,Le contrat du conseiller est publié,consultant_contract_litigate,Contester la clause devant un médiateur et suspendre tout paiement variable,38,6,0.158,0.2,contrarien|mediatique,false
program_labor_immigration,"L’immigration de travail, un choix économique assumé ou non",labor_immigration_shortage_list,Ouvrir une liste de métiers en tension avec délivrance accélérée de titres de séjour,45,7,0.156,-0.417,aleatoire|ideologiquement_coherent|contrarien,false
internal_congress_motion,Une motion réclame un congrès,congress_policy_forum,Organiser un forum sans vote et intégrer trois amendements à la prochaine version du programme,58,9,0.155,0.602,ideologiquement_coherent|aleatoire,false
campaign_official_launch,Le lancement depuis Saint-Denis,launch_institutional_break,Consacrer le direct à une convention citoyenne constitutionnelle,33,5,0.152,1.2,ideologiquement_coherent|mediatique|aleatoire,false
runoff_endorsement_wave,Les soutiens arrivent avec leurs conditions,endorsement_wave_stage,Réunir tous les soutiens sur scène et annoncer un conseil de coalition après lélection,152,23,0.151,0.135,aleatoire|mediatique|contrarien,false
runoff_final_debate,Le débat de lentre-deux-tours,final_debate_direct_appeal,Appeler directement les abstentionnistes à choisir entre vos deux projets plutôt qu’entre deux personnes,220,33,0.15,0.085,aleatoire|opportuniste_electoral,false
party_rn_alliance,Reconquête propose un pacte de non-agression,rn_alliance_full_right_pact,Reprendre un engagement sur l’immigration et signer des désistements législatifs réciproques,20,3,0.15,-0.857,parti_dabord,false
media_local_press,Six rédactions face au désert médical,local_press_mobile_services,Financer des maisons de santé mobiles gérées avec les départements volontaires,160,23,0.144,0.334,contrarien|aleatoire|ideologiquement_coherent,false
internal_headquarters_move,Le siège coûte trop cher,headquarters_keep,Conserver le siège et supprimer une semaine de publicité pour payer le prochain trimestre,98,14,0.143,0.239,contrarien|aleatoire,false
media_documentary_access,La caméra derrière la porte,documentary_refuse_publish,Refuser le tournage et publier chaque semaine un compte rendu écrit des décisions internes,49,7,0.143,0.443,ideologiquement_coherent,false
world_european_vote,Le Conseil européen se divise,european_vote_bridge,Proposer un compromis franco-polonais sur l’énergie en échange d’un financement industriel commun,21,3,0.143,-0.06,ideologiquement_coherent|opportuniste_electoral,false
party_renaissance_alliance,Horizons propose une candidature commune,renaissance_alliance_second_round,Proposer seulement un pacte de désistement réciproque pour le second tour,21,3,0.143,-0.477,prudent,false
party_lr_alliance,Horizons propose un accord économique,lr_alliance_horizons_platform,Signer la plateforme et inscrire la frontière avec le RN dans le préambule,21,3,0.143,0.02,aleatoire|opportuniste_electoral,false
scandal_family_hire,La directrice a recruté son frère,family_hire_defend,Défendre le recrutement sur la seule compétence et conserver les mêmes règles d’achats,64,9,0.141,-0.491,aleatoire|parti_dabord,false
program_end_of_life,La question de la fin de vie,end_of_life_keep_ban,Maintenir l’interdiction actuelle et renforcer l’accompagnement familial,100,14,0.14,-0.299,contrarien|aleatoire|ideologiquement_coherent,false
scandal_campaign_data,Un fichier militant sort du siège,campaign_data_reset,Fermer le lien et réinitialiser les accès avant d’attendre les résultats d’un audit technique,65,9,0.138,-0.306,aleatoire|contrarien,false
media_front_page,La une vous prête un tournant,front_page_embrace_business,Assumer la une et annoncer un pacte d’investissement avec la CPME et le Medef,176,24,0.136,0.253,contrarien|ideologiquement_coherent|aleatoire,false
campaign_regional_rally,Le meeting quitte la capitale,regional_strasbourg_europe,Tenir le meeting à Strasbourg et défendre une coalition industrielle européenne,128,17,0.133,0.044,ideologiquement_coherent|aleatoire|contrarien,false
alliance_center_pact,Renaissance offre un pacte de stabilité,center_pact_runoff_only,Limiter l’accord à une consigne de second tour sans comité ni trajectoire budgétaire commune,15,2,0.133,-0.59,prudent,false
debate_unknown_question,La question venue de Mayotte,unknown_question_national_plan,Répondre par votre plan national pour l’eau et garantir une priorité ultramarine au premier budget,68,9,0.132,0.759,ideologiquement_coherent|aleatoire,false
scandal_consultant_contract,Le contrat du conseiller est publié,consultant_contract_honor,Maintenir le contrat signé et défendre une rémunération liée à la performance électorale,38,5,0.132,-0.026,opportuniste_electoral|parti_dabord|aleatoire,false
alliance_union_support,La CFDT veut des garanties écrites,union_support_guarantee,"Signer la garantie de négociation avec calendrier, documents préparatoires et clause de bilan",23,3,0.13,-0.11,parti_dabord|aleatoire,false
party_ps_alliance,Les Écologistes proposent un contrat municipal,ps_alliance_policy_only,Accepter les engagements ferroviaires mais repousser toute répartition de circonscriptions après la présidentielle,23,3,0.13,-0.93,prudent,false
campaign_farmers_roundtable,La table ronde agricole se tend,farmers_water_contracts,Négocier des contrats de bassin liant aides publiques et économies d’eau,69,9,0.13,0.191,ideologiquement_coherent|contrarien,false
world_public_service_outage,La plateforme publique tombe en panne,outage_agents_support,Visiter un guichet d’urgence sans caméra et demander aux agents une liste de corrections prioritaires,31,4,0.129,0.357,opportuniste_electoral|ideologiquement_coherent,false
campaign_student_forum,Le forum étudiant refuse les slogans,students_rent_guarantee,Proposer une garantie publique de loyer ciblée sur les étudiants sans caution,71,9,0.127,0.343,opportuniste_electoral|ideologiquement_coherent,false
internal_financial_review,Le contrôle interne signale trois factures,financial_review_rebuild,Demander aux équipes locales de reconstituer les dossiers avant tout signalement extérieur,118,15,0.127,0.127,contrarien|aleatoire,false
internal_local_sections,Les sections refusent le kit national,local_sections_workshop,Convoquer un atelier avec les sections puis publier un supplément territorial signé ensemble,128,16,0.125,0.41,contrarien|aleatoire,false
campaign_door_to_door,Cent quartiers en porte-à-porte,doors_registration_drive,Mobiliser les volontaires pour vérifier inscriptions et procurations sans démarchage partisan,32,4,0.125,0.763,contrarien,false
party_ps_runoff,La gauche attend un contrat de second tour,ps_runoff_presidential_platform,Proposer un gouvernement pluraliste sans modifier le programme adopté au premier tour,24,3,0.125,0.23,aleatoire|contrarien,false
party_ecologistes_runoff,Le second tour exige une coalition climatique,ecologistes_runoff_ecological_majority,Maintenir le programme et réserver Matignon à une personnalité capable de réunir une majorité parlementaire,16,2,0.125,0.34,aleatoire|contrarien,false
scandal_donation_route,Un virement suit un trajet complexe,donation_route_verify,Geler le don sur un compte séparé et demander les justificatifs complets avant décision,41,5,0.122,-0.684,aleatoire,false
government_prime_minister,Le choix de Matignon,prime_minister_party,Nommer la responsable fictive du programme et lui confier la négociation de la majorité,83,10,0.12,0.051,parti_dabord|aleatoire,false
debate_post_show_spin,Les soutiens envahissent le plateau,post_show_claim_win,Revendiquer la victoire et diffuser immédiatement vos trois meilleurs extraits,117,14,0.12,0.112,mediatique|aleatoire,false
debate_post_show_spin,Les soutiens envahissent le plateau,post_show_no_spin,Refuser les plateaux d’après-débat et laisser les propositions circuler sans commentaire partisan,117,14,0.12,0.031,contrarien|aleatoire,false
debate_all_candidates,Neuf candidats face au climat,all_candidates_local_adaptation,Supprimer le grand sommet annuel et financer cent plans communaux d’adaptation,100,12,0.12,0.417,mediatique|aleatoire,false
government_prime_minister,Le choix de Matignon,prime_minister_ally,Nommer une alliée fictive et signer avec elle un contrat de coalition public,83,10,0.12,-0.069,contrarien|mediatique|aleatoire,false
media_long_podcast,Deux heures sans élément de langage,podcast_topics_only,Accepter quatre-vingt-dix minutes en excluant les conflits internes de la discussion,25,3,0.12,-0.743,prudent|contrarien,false
campaign_calendar_conflict,Deux invitations au même horaire,calendar_choose_tv,Choisir France 2 et proposer une visioconférence privée aux maires le lendemain,67,8,0.119,0.088,mediatique|aleatoire,false
world_national_strike,La grève bloque les transports,strike_minimum_service,Proposer un service minimal renforcé et conditionner toute aide publique à sa mise en œuvre,17,2,0.118,0.905,contrarien|ideologiquement_coherent,false
campaign_overseas_trip,Le déplacement en Guadeloupe engage,overseas_local_conference,Convoquer une conférence territoriale et laisser les élus fixer la première priorité,17,2,0.118,-1.015,contrarien,false
runoff_vote_transfers,Les reports refusent la mécanique,vote_transfers_rejection,Concentrer toute la communication sur le risque représenté par votre adversaire,147,17,0.116,0.46,aleatoire|mediatique|contrarien,false
campaign_bus_breakdown,Le car tombe en panne,bus_train_with_press,Prendre le train avec la presse et maintenir le rendez-vous en retard,105,12,0.114,0.19,mediatique|aleatoire,false
eliminated_endorse_candidate,Votre voix reste décisive,endorse_candidate_members,Consulter les adhérents pendant quarante-huit heures et appliquer le choix majoritaire,27,3,0.111,0.187,parti_dabord|aleatoire,false
party_renaissance_identity,Renaissance choisit continuité ou rupture,renaissance_identity_record,Présenter cinq réformes à poursuivre et reconnaître publiquement deux méthodes à abandonner,9,1,0.111,0.2,risque,false
media_foreign_interview,La France vue depuis Bruxelles,foreign_interview_national_plan,Présenter un plan national compatible avec les règles actuelles avant toute négociation,9,1,0.111,-1.41,aleatoire,false
custom_coherent_manifesto,Des économistes testent la cohérence du manifeste,custom_manifesto_public_debate,Inviter les auteurs à un débat public contradictoire avec votre responsable du programme,18,2,0.111,-1.965,aleatoire,false
scandal_plagiarized_report,Le rapport reprend huit paragraphes,plagiarized_report_author,Suspendre la responsable fictive de la note et commander une revue de tous les documents publiés,83,9,0.108,-0.409,opportuniste_electoral,false
party_lfi_identity,LFI choisit entre mouvement et candidat,lfi_identity_dual,Réserver le programme au mouvement et la stratégie électorale à la candidate,19,2,0.105,1.235,ideologiquement_coherent,false
alliance_fictional_celebrity,Une chanteuse veut soutenir la campagne,celebrity_support_speech,Accepter le concert et publier à l’avance le cadre politique de son intervention,57,6,0.105,0.177,parti_dabord|aleatoire,false
rare_exceptional_powers,Le débat sur les pouvoirs exceptionnels,exceptional_powers_trust,Refuser tout engagement préalable et défendre la liberté d’appréciation du chef de l’État,19,2,0.105,-0.06,ideologiquement_coherent|aleatoire,false
campaign_slogan_test,Le slogan divise le siège,slogan_drop_both,Refuser les deux slogans et conserver seulement le nom de la campagne,110,11,0.1,0.04,contrarien,false
party_lr_identity,LR fixe ses deux frontières,lr_identity_center_coalition,Annoncer que LR construira une majorité avec le centre si le programme économique est accepté,10,1,0.1,-0.09,opportuniste_electoral,false
world_international_crisis,Une crise ferme un détroit,international_strategic_reserve,Proposer une réserve stratégique européenne pour les composants exposés à la route fermée,61,6,0.098,-0.588,contrarien|aleatoire|ideologiquement_coherent,false
custom_first_accounts,Le premier budget de campagne ne ferme pas,custom_accounts_cut_tour,Supprimer trois grands meetings et convertir la tournée en réunions de deux cents personnes filmées sobrement,31,3,0.097,-0.313,aleatoire,false
debate_expose_contradiction_centrist,Une contradiction chez le camp centriste,expose_contradiction_question_only,"Poser la question sans citer les archives, en laissant l’adversaire répondre",75,7,0.093,-0.471,contrarien|aleatoire,false
internal_headquarters_move,Le siège coûte trop cher,headquarters_renegotiate,Renégocier le bail en échange d’une durée ferme et sous-louer un étage à une association,98,9,0.092,0.481,parti_dabord|aleatoire,false
custom_local_network,Quarante comités locaux demandent une règle commune,custom_network_federation,Reconnaître les quarante comités comme fédérations autonomes avec un budget et un mandat territoriaux,45,4,0.089,0.567,aleatoire,false
internal_local_sections,Les sections refusent le kit national,local_sections_national_only,Interdire tout tract non validé et envoyer une équipe pour expliquer le programme national,128,11,0.086,0.305,aleatoire,false
alliance_right_convention,Le RN invite à une convention commune,right_convention_refuse,Refuser l’invitation et publier les trois désaccords qui rendent l’alliance impossible,12,1,0.083,0.23,risque,false
campaign_union_meeting,Le face-à-face avec les syndicats,union_minimum_wage_law,Annoncer une hausse légale du salaire minimum dès le premier budget,13,1,0.077,0.25,aleatoire,false
program_immigration,La loi migratoire du programme,immigration_work_regularization,Régulariser les travailleurs présents depuis cinq ans dans les métiers durablement en tension,95,7,0.074,0.186,contrarien|ideologiquement_coherent|aleatoire,false
rare_civil_suspension,Votre voix ne tient plus,civil_suspension_written,Maintenir les rendez-vous sous forme de questions écrites lues par une porte-parole,15,1,0.067,1.12,aleatoire,false
program_labor_immigration,"L’immigration de travail, un choix économique assumé ou non",labor_immigration_sector_negotiation,Confier aux branches professionnelles la négociation annuelle des quotas par métier,45,3,0.067,0.103,aleatoire,false
custom_500_signatures,La course aux cinq cents présentations,custom_signatures_public_counter,Publier chaque soir le compteur des présentations et demander aux citoyens d’interpeller publiquement leur maire,31,2,0.065,0.015,aleatoire,false
program_pensions,La ligne de départ des retraites,pensions_points_choice,Proposer un système par points avec âge de référence et compte pénibilité renforcé,129,8,0.062,0.425,aleatoire,false
program_family_reunification,Le regroupement familial en question,family_reunification_resource_condition,Conditionner le regroupement à un niveau de ressources et de logement vérifié,33,2,0.061,0.84,aleatoire|ideologiquement_coherent,false
debate_duel_interruption,L’adversaire refuse de vous laisser répondre,duel_interruption_wait,"Attendre le silence, rappeler calmement la règle puis répondre au chiffre contesté",116,7,0.06,0.824,aleatoire,false
party_reconquete_alliance,Le RN offre des désistements limités,reconquete_alliance_program_demand,Exiger deux engagements programmatiques nationaux avant de discuter des circonscriptions,18,1,0.056,0.18,mediatique,false
program_climate_adaptation,La France à cinquante degrés,climate_water_rules,Réviser les règles de partage de l’eau bassin par bassin avec quotas activés en sécheresse,93,5,0.054,1.096,ideologiquement_coherent|aleatoire,false
campaign_non_aggression_overture,Une proposition de pacte de non-agression,non_aggression_conditional,Accepter à condition d’un accord écrit valable jusqu’au premier tour,57,3,0.053,0.17,aleatoire,false
program_immigration,La loi migratoire du programme,immigration_european_pact,Négocier un mécanisme européen d’asile et refuser tout objectif national avant cet accord,95,5,0.053,-0.978,aleatoire|ideologiquement_coherent,false
debate_frontrunner_retaliation,La riposte du favori,frontrunner_retaliation_ignore,Ne pas répondre et recentrer la semaine sur le terrain,19,1,0.053,0.01,aleatoire,false
scandal_audit_conclusion,L’audit clôt le dossier des factures,audit_conclusion_summary,"Publier une synthèse, appliquer quatre recommandations et reporter les deux plus coûteuses",96,5,0.052,-1.182,aleatoire,false
government_first_address,La première adresse de lÉlysée,first_address_convention,Ouvrir une convention citoyenne sur deux réformes controversées avant tout projet de loi,58,3,0.052,-0.133,aleatoire|contrarien,false
media_open_microphone,Le micro resté ouvert,open_mic_restructure,Assumer le diagnostic et annoncer une réorganisation qui retire le calendrier à Anaïs Vercel,138,7,0.051,-0.576,aleatoire,false
internal_volunteer_conflict,Deux équipes se disputent le terrain,volunteer_conflict_field,Donner la priorité au porte-à-porte et confier seulement dix bénévoles à la vidéo,60,3,0.05,-0.687,aleatoire,false
campaign_defend_unfairly_attacked_rival,Une accusation jugée infondée vise un adversaire,defend_rival_stay_neutral,Ne pas commenter et laisser chacun se faire son opinion,42,2,0.048,0.145,aleatoire,false
program_pensions,La ligne de départ des retraites,pensions_social_conference,Convoquer une conférence sociale avec obligation d’équilibre avant toute modification de l’âge,129,6,0.047,-0.247,aleatoire|ideologiquement_coherent,false
custom_local_network,Quarante comités locaux demandent une règle commune,custom_network_national_charter,"Faire voter une charte nationale qui fixe le nom, les comptes et le droit de révocation de chaque comité",45,2,0.044,-2.41,aleatoire,false
debate_challenge_frontrunner,Provoquer le favori en duel,challenge_frontrunner_single_topic,"Négocier un duel restreint au seul thème économique, sans autre sujet",93,4,0.043,-0.78,aleatoire,false
custom_identity_interview,La matinale exige une phrase pour définir votre parti,custom_identity_vote_useful,Assumer que votre candidature sert à forcer les grands partis à négocier avant le second tour,47,2,0.043,-0.035,aleatoire,false
program_end_of_life,La question de la fin de vie,end_of_life_referendum,Soumettre la question à référendum après un an de débat parlementaire,100,4,0.04,0.203,ideologiquement_coherent,false
custom_runoff_mandate,Votre jeune parti doit définir son mandat de second tour,custom_runoff_public_contract,Proposer aux candidats éliminés un contrat public de cinq mesures sans distribuer de postes,58,2,0.034,-0.275,aleatoire,false
program_institutions,La présidence que vous proposez,institutions_referendum,Élargir le référendum dinitiative partagée avec contrôle préalable du Conseil constitutionnel,130,3,0.023,0.08,aleatoire,false
custom_identity_interview,La matinale exige une phrase pour définir votre parti,custom_identity_method,Défendre d’abord votre méthode de décision interne et inviter la journaliste à assister au prochain arbitrage public,47,1,0.021,1.71,aleatoire,false
custom_neighbor_offers,Trois partis testent votre autonomie,custom_neighbors_closest,Négocier uniquement avec le parti le plus proche de votre programme et annoncer les désaccords restants,57,1,0.018,3.18,aleatoire,false
debate_free_conclusion,La minute qui vous appartient,free_conclusion_useful_vote,Appeler les électeurs proches à concentrer leurs voix sur votre candidature dès le premier tour,89,1,0.011,0.15,aleatoire,false
