runKey,decisionIndex,date,playerPolling,playerRank,playerTrend
lfi:aleatoire:0,1,2026-04-18,11.614,5,-2.09
lfi:aleatoire:0,2,2026-05-02,11.602,5,-0.01
lfi:aleatoire:0,3,2026-05-16,11.515,5,-0.09
lfi:aleatoire:0,4,2026-06-03,11.5,5,-0.02
lfi:aleatoire:0,5,2026-06-15,11.581,5,0.08
lfi:aleatoire:0,6,2026-07-01,11.716,5,0.13
lfi:aleatoire:0,7,2026-07-14,11.824,4,0.11
lfi:aleatoire:0,8,2026-07-27,15.7,1,3.88
lfi:aleatoire:0,9,2026-08-11,12.295,2,-3.4
lfi:aleatoire:0,10,2026-08-24,12.589,2,0.29
lfi:aleatoire:0,11,2026-09-06,12.696,2,0.11
lfi:aleatoire:0,12,2026-09-24,14.7,1,2
lfi:aleatoire:0,13,2026-10-12,12.986,1,-1.71
lfi:aleatoire:0,14,2026-10-27,13.072,1,0.09
lfi:aleatoire:0,15,2026-11-11,13.024,1,-0.05
lfi:aleatoire:0,16,2026-11-25,16.7,1,3.68
lfi:aleatoire:0,17,2026-12-11,13.092,1,-3.61
lfi:aleatoire:0,18,2027-01-01,13.436,1,0.34
lfi:aleatoire:0,19,2027-01-17,13.648,1,0.21
lfi:aleatoire:0,20,2027-02-02,14.7,1,1.05
lfi:aleatoire:0,21,2027-02-23,14.194,1,-0.51
lfi:aleatoire:0,22,2027-03-16,14.285,1,0.09
lfi:aleatoire:0,23,2027-03-31,13.62,1,-0.67
lfi:aleatoire:0,24,2027-04-17,13.501,1,-0.12
lfi:aleatoire:0,25,2027-04-18,13.653,1,0.15
lfi:aleatoire:0,26,2027-04-20,13.947,1,0.29
lfi:aleatoire:0,27,2027-04-22,14.14,1,0.19
lfi:aleatoire:0,28,2027-04-24,11.8,3,-2.34
lfi:aleatoire:0,29,2027-04-26,14.437,1,2.64
lfi:aleatoire:0,30,2027-05-02,14.407,1,-0.03
lfi:aleatoire:0,31,2027-05-03,14.437,1,0.03
lfi:aleatoire:1,1,2026-04-18,12.028,3,2.53
lfi:aleatoire:1,2,2026-04-30,12.265,3,0.24
lfi:aleatoire:1,3,2026-05-18,12.531,2,0.27
lfi:aleatoire:1,4,2026-06-03,13.1,1,0.57
lfi:aleatoire:1,5,2026-06-20,12.875,2,-0.22
lfi:aleatoire:1,6,2026-07-02,12.914,2,0.04
lfi:aleatoire:1,7,2026-07-18,12.987,2,0.07
lfi:aleatoire:1,8,2026-08-03,13.9,1,0.91
lfi:aleatoire:1,9,2026-08-16,13.312,1,-0.59
lfi:aleatoire:1,10,2026-08-30,13.316,1,0
lfi:aleatoire:1,11,2026-09-13,13.476,1,0.16
lfi:aleatoire:1,12,2026-09-29,11,5,-2.48
lfi:aleatoire:1,13,2026-10-13,13.816,1,2.82
lfi:aleatoire:1,14,2026-11-02,13.922,1,0.11
lfi:aleatoire:1,15,2026-11-20,14.127,1,0.21
lfi:aleatoire:1,16,2026-12-07,11.6,3,-2.53
lfi:aleatoire:1,17,2026-12-20,14.524,1,2.92
lfi:aleatoire:1,18,2027-01-08,14.464,1,-0.06
lfi:aleatoire:1,19,2027-01-26,14.397,1,-0.07
lfi:aleatoire:1,20,2027-02-12,11.2,3,-3.2
lfi:aleatoire:1,21,2027-03-02,14.618,1,3.42
lfi:aleatoire:1,22,2027-03-15,14.567,1,-0.05
lfi:aleatoire:1,23,2027-03-30,14.604,1,0.04
lfi:aleatoire:1,24,2027-04-17,14.816,1,0.21
lfi:aleatoire:1,25,2027-04-18,14.891,1,0.07
lfi:aleatoire:1,26,2027-04-20,14.915,1,0.02
lfi:aleatoire:1,27,2027-04-22,15.034,1,0.12
lfi:aleatoire:1,28,2027-04-24,16.5,1,1.47
lfi:aleatoire:1,29,2027-04-26,15.212,1,-1.29
lfi:aleatoire:1,30,2027-05-02,14.975,1,-0.24
lfi:aleatoire:1,31,2027-05-03,15.007,1,0.03
lfi:aleatoire:2,1,2026-04-18,11.63,5,2.73
lfi:aleatoire:2,2,2026-05-03,11.678,5,0.05
lfi:aleatoire:2,3,2026-05-16,11.727,5,0.05
lfi:aleatoire:2,4,2026-06-01,12,3,0.27
lfi:aleatoire:2,5,2026-06-20,12.17,3,0.17
lfi:aleatoire:2,6,2026-07-06,12.353,2,0.18
lfi:aleatoire:2,7,2026-07-23,12.316,2,-0.04
lfi:aleatoire:2,8,2026-08-08,12,4,-0.32
lfi:aleatoire:2,9,2026-08-23,12.466,2,0.47
lfi:aleatoire:2,10,2026-09-09,12.443,2,-0.02
lfi:aleatoire:2,11,2026-09-25,12.428,2,-0.01
lfi:aleatoire:2,12,2026-10-07,12.2,2,-0.23
lfi:aleatoire:2,13,2026-10-20,12.543,2,0.34
lfi:aleatoire:2,14,2026-11-06,12.682,2,0.14
lfi:aleatoire:2,15,2026-11-25,12.739,2,0.06
lfi:aleatoire:2,16,2026-12-13,13.8,1,1.06
lfi:aleatoire:2,17,2026-12-29,13.087,1,-0.71
lfi:aleatoire:2,18,2027-01-16,12.941,2,-0.15
lfi:aleatoire:2,19,2027-02-01,12.872,2,-0.07
lfi:aleatoire:2,20,2027-02-18,11.5,3,-1.37
lfi:aleatoire:2,21,2027-03-02,12.971,2,1.47
lfi:aleatoire:2,22,2027-03-18,13.012,2,0.04
lfi:aleatoire:2,23,2027-04-05,13.179,2,0.17
lfi:aleatoire:2,24,2027-04-17,13.263,1,0.08
lfi:aleatoire:2,25,2027-04-18,13.501,1,0.24
lfi:aleatoire:2,26,2027-04-20,13.475,1,-0.03
lfi:aleatoire:2,27,2027-04-22,13.57,1,0.1
lfi:aleatoire:2,28,2027-04-24,12.3,3,-1.27
lfi:aleatoire:2,29,2027-04-26,14.346,1,2.05
lfi:aleatoire:3,1,2026-04-18,11.574,4,0.97
lfi:aleatoire:3,2,2026-05-04,11.627,4,0.05
lfi:aleatoire:3,3,2026-05-17,11.768,4,0.14
lfi:aleatoire:3,4,2026-05-31,11.5,5,-0.27
lfi:aleatoire:3,5,2026-06-16,11.767,3,0.27
lfi:aleatoire:3,6,2026-07-02,12.029,3,0.26
lfi:aleatoire:3,7,2026-07-15,12.351,3,0.32
lfi:aleatoire:3,8,2026-07-31,10.2,8,-2.15
lfi:aleatoire:3,9,2026-08-15,12.339,2,2.14
lfi:aleatoire:3,10,2026-08-28,12.404,2,0.06
lfi:aleatoire:3,11,2026-09-11,12.631,2,0.23
lfi:aleatoire:3,12,2026-09-27,12.2,2,-0.43
lfi:aleatoire:3,13,2026-10-11,12.937,1,0.74
lfi:aleatoire:3,14,2026-10-30,12.887,2,-0.05
lfi:aleatoire:3,15,2026-11-16,12.971,1,0.08
lfi:aleatoire:3,16,2026-12-01,15.9,1,2.93
lfi:aleatoire:3,17,2026-12-19,13.435,1,-2.46
lfi:aleatoire:3,18,2027-01-05,13.869,1,0.43
lfi:aleatoire:3,19,2027-01-25,14.104,1,0.23
lfi:aleatoire:3,20,2027-02-13,12.3,2,-1.8
lfi:aleatoire:3,21,2027-03-03,14.479,1,2.18
lfi:aleatoire:3,22,2027-03-17,14.554,1,0.08
lfi:aleatoire:3,23,2027-04-02,14.694,1,0.14
lfi:aleatoire:3,24,2027-04-17,14.863,1,0.17
lfi:aleatoire:3,25,2027-04-18,14.998,1,0.13
lfi:aleatoire:3,26,2027-04-20,14.976,1,-0.02
lfi:aleatoire:3,27,2027-04-22,15.014,1,0.04
lfi:aleatoire:3,28,2027-04-24,19.7,1,4.69
lfi:aleatoire:3,29,2027-04-26,15.252,1,-4.45
lfi:prudent:0,1,2026-04-18,11.83,3,-1.87
lfi:prudent:0,2,2026-05-02,12.068,3,0.24
lfi:prudent:0,3,2026-05-16,12.436,2,0.37
lfi:prudent:0,4,2026-06-03,12.3,2,-0.14
lfi:prudent:0,5,2026-06-15,12.959,1,0.66
lfi:prudent:0,6,2026-07-01,13.169,1,0.21
lfi:prudent:0,7,2026-07-14,13.398,1,0.23
lfi:prudent:0,8,2026-07-27,16.5,1,3.1
lfi:prudent:0,9,2026-08-11,12.861,1,-3.64
lfi:prudent:0,10,2026-08-24,13.259,1,0.4
lfi:prudent:0,11,2026-09-06,13.394,1,0.13
lfi:prudent:0,12,2026-09-24,15.5,1,2.11
lfi:prudent:0,13,2026-10-12,13.565,1,-1.94
lfi:prudent:0,14,2026-10-27,13.624,1,0.06
lfi:prudent:0,15,2026-11-11,13.728,1,0.1
lfi:prudent:0,16,2026-11-25,17.5,1,3.77
lfi:prudent:0,17,2026-12-11,13.916,1,-3.58
lfi:prudent:0,18,2027-01-01,14.162,1,0.25
lfi:prudent:0,19,2027-01-17,14.416,1,0.25
lfi:prudent:0,20,2027-02-02,15.4,1,0.98
lfi:prudent:0,21,2027-02-23,14.691,1,-0.71
lfi:prudent:0,22,2027-03-16,14.671,1,-0.02
lfi:prudent:0,23,2027-03-31,14.827,1,0.16
lfi:prudent:0,24,2027-04-17,14.943,1,0.12
lfi:prudent:0,25,2027-04-18,15.034,1,0.09
lfi:prudent:0,26,2027-04-20,15.242,1,0.21
lfi:prudent:0,27,2027-04-22,15.386,1,0.14
lfi:prudent:0,28,2027-04-24,13,1,-2.39
lfi:prudent:0,29,2027-04-26,15.504,1,2.5
lfi:prudent:0,30,2027-05-02,15.289,1,-0.21
lfi:prudent:0,31,2027-05-03,15.221,1,-0.07
lfi:prudent:1,1,2026-04-18,12.028,3,2.53
lfi:prudent:1,2,2026-04-30,12.347,3,0.32
lfi:prudent:1,3,2026-05-18,12.648,2,0.3
lfi:prudent:1,4,2026-06-03,13.2,1,0.55
lfi:prudent:1,5,2026-06-20,12.925,2,-0.27
lfi:prudent:1,6,2026-07-02,12.969,2,0.04
lfi:prudent:1,7,2026-07-18,13.191,1,0.22
lfi:prudent:1,8,2026-08-03,14.1,1,0.91
lfi:prudent:1,9,2026-08-16,13.485,1,-0.62
lfi:prudent:1,10,2026-08-30,13.682,1,0.2
lfi:prudent:1,11,2026-09-13,13.818,1,0.14
lfi:prudent:1,12,2026-09-29,11.3,4,-2.52
lfi:prudent:1,13,2026-10-13,14.146,1,2.85
lfi:prudent:1,14,2026-11-02,14.406,1,0.26
lfi:prudent:1,15,2026-11-20,14.654,1,0.25
lfi:prudent:1,16,2026-12-07,12.2,2,-2.45
lfi:prudent:1,17,2026-12-20,15.079,1,2.88
lfi:prudent:1,18,2027-01-08,15.368,1,0.29
lfi:prudent:1,19,2027-01-26,15.642,1,0.27
lfi:prudent:1,20,2027-02-12,12.5,2,-3.14
lfi:prudent:1,21,2027-03-02,15.988,1,3.49
lfi:prudent:1,22,2027-03-15,16.133,1,0.14
lfi:prudent:1,23,2027-03-30,16.246,1,0.11
lfi:prudent:1,24,2027-04-17,16.313,1,0.07
lfi:prudent:1,25,2027-04-18,16.375,1,0.06
lfi:prudent:1,26,2027-04-20,16.479,1,0.1
lfi:prudent:1,27,2027-04-22,16.574,1,0.1
lfi:prudent:1,28,2027-04-24,14.2,1,-2.37
lfi:prudent:1,29,2027-04-26,16.6,1,2.4
lfi:prudent:1,30,2027-05-02,16.317,1,-0.28
lfi:prudent:1,31,2027-05-03,16.277,1,-0.04
lfi:prudent:2,1,2026-04-18,11.821,3,2.92
lfi:prudent:2,2,2026-05-03,12.024,3,0.2
lfi:prudent:2,3,2026-05-16,11.979,3,-0.04
lfi:prudent:2,4,2026-06-01,12.2,3,0.22
lfi:prudent:2,5,2026-06-20,12.484,2,0.28
lfi:prudent:2,6,2026-07-06,12.678,2,0.19
lfi:prudent:2,7,2026-07-23,12.774,1,0.1
lfi:prudent:2,8,2026-08-08,12.6,2,-0.17
lfi:prudent:2,9,2026-08-23,13.45,1,0.85
lfi:prudent:2,10,2026-09-09,13.533,1,0.08
lfi:prudent:2,11,2026-09-25,13.589,1,0.06
lfi:prudent:2,12,2026-10-07,10.1,7,-3.49
lfi:prudent:2,13,2026-10-22,14.185,1,4.09
lfi:prudent:2,14,2026-11-08,14.301,1,0.12
lfi:prudent:2,15,2026-11-27,14.408,1,0.11
lfi:prudent:2,16,2026-12-14,14.4,1,-0.01
lfi:prudent:2,17,2026-12-30,14.784,1,0.38
lfi:prudent:2,18,2027-01-17,15.016,1,0.23
lfi:prudent:2,19,2027-02-02,15.229,1,0.21
lfi:prudent:2,20,2027-02-19,13.6,1,-1.63
lfi:prudent:2,21,2027-03-03,15.487,1,1.89
lfi:prudent:2,22,2027-03-19,15.613,1,0.13
lfi:prudent:2,23,2027-04-06,15.142,1,-0.47
lfi:prudent:2,24,2027-04-17,14.88,1,-0.26
lfi:prudent:2,25,2027-04-18,14.908,1,0.03
lfi:prudent:2,26,2027-04-20,15.044,1,0.14
lfi:prudent:2,27,2027-04-22,15.147,1,0.1
lfi:prudent:2,28,2027-04-24,14,1,-1.15
lfi:prudent:2,29,2027-04-26,15.533,1,1.53
lfi:prudent:3,1,2026-04-18,11.724,4,1.12
lfi:prudent:3,2,2026-05-04,11.829,3,0.11
lfi:prudent:3,3,2026-05-17,11.994,3,0.16
lfi:prudent:3,4,2026-05-31,11.7,4,-0.29
lfi:prudent:3,5,2026-06-16,12.003,3,0.3
lfi:prudent:3,6,2026-07-02,12.265,3,0.26
lfi:prudent:3,7,2026-07-15,12.585,2,0.32
lfi:prudent:3,8,2026-07-31,10.3,7,-2.29
lfi:prudent:3,9,2026-08-15,12.371,2,2.07
lfi:prudent:3,10,2026-08-28,12.397,2,0.03
lfi:prudent:3,11,2026-09-11,12.611,2,0.21
lfi:prudent:3,12,2026-09-27,12.2,2,-0.41
lfi:prudent:3,13,2026-10-11,12.886,1,0.69
lfi:prudent:3,14,2026-10-30,13.077,1,0.19
lfi:prudent:3,15,2026-11-16,13.231,1,0.15
lfi:prudent:3,16,2026-12-01,14.1,1,0.87
lfi:prudent:3,17,2026-12-17,13.778,1,-0.32
lfi:prudent:3,18,2027-01-02,14.329,1,0.55
lfi:prudent:3,19,2027-01-21,14.759,1,0.43
lfi:prudent:3,20,2027-02-10,12.3,2,-2.46
lfi:prudent:3,21,2027-02-28,15.24,1,2.94
lfi:prudent:3,22,2027-03-15,15.235,1,-0.01
lfi:prudent:3,23,2027-04-01,15.279,1,0.04
lfi:prudent:3,24,2027-04-17,15.276,1,0
lfi:prudent:3,25,2027-04-18,15.393,1,0.12
lfi:prudent:3,26,2027-04-20,15.639,1,0.25
lfi:prudent:3,27,2027-04-22,15.736,1,0.1
lfi:prudent:3,28,2027-04-24,20.3,1,4.56
lfi:prudent:3,29,2027-04-26,15.924,1,-4.38
lfi:risque:0,1,2026-04-18,11.83,3,-1.87
lfi:risque:0,2,2026-05-02,12.068,3,0.24
lfi:risque:0,3,2026-05-16,12.072,3,0
lfi:risque:0,4,2026-06-03,12,3,-0.07
lfi:risque:0,5,2026-06-15,12.435,2,0.44
lfi:risque:0,6,2026-07-01,12.748,2,0.31
lfi:risque:0,7,2026-07-14,13.014,1,0.27
lfi:risque:0,8,2026-07-27,16.5,1,3.49
lfi:risque:0,9,2026-08-11,13.091,1,-3.41
lfi:risque:0,10,2026-08-24,13.54,1,0.45
lfi:risque:0,11,2026-09-06,13.701,1,0.16
lfi:risque:0,12,2026-09-24,15.8,1,2.1
lfi:risque:0,13,2026-10-12,13.957,1,-1.84
lfi:risque:0,14,2026-10-27,14.202,1,0.24
lfi:risque:0,15,2026-11-11,14.115,1,-0.09
lfi:risque:0,16,2026-11-25,17.9,1,3.78
lfi:risque:0,17,2026-12-11,14.12,1,-3.78
lfi:risque:0,18,2027-01-01,14.395,1,0.28
lfi:risque:0,19,2027-01-17,14.745,1,0.35
lfi:risque:0,20,2027-02-02,15.8,1,1.06
lfi:risque:0,21,2027-02-23,15.061,1,-0.74
lfi:risque:0,22,2027-03-16,15.257,1,0.2
lfi:risque:0,23,2027-03-31,15.519,1,0.26
lfi:risque:0,24,2027-04-17,15.655,1,0.14
lfi:risque:0,25,2027-04-18,15.813,1,0.16
lfi:risque:0,26,2027-04-20,15.727,1,-0.09
lfi:risque:0,27,2027-04-22,15.543,1,-0.18
lfi:risque:0,28,2027-04-24,13.3,1,-2.24
lfi:risque:0,29,2027-04-26,15.46,1,2.16
lfi:risque:0,30,2027-05-02,15.382,1,-0.08
lfi:risque:0,31,2027-05-03,15.412,1,0.03
lfi:risque:1,1,2026-04-18,12.028,3,2.53
lfi:risque:1,2,2026-04-30,12.347,3,0.32
lfi:risque:1,3,2026-05-18,12.648,2,0.3
lfi:risque:1,4,2026-06-03,13.4,1,0.75
lfi:risque:1,5,2026-06-20,13.375,1,-0.03
lfi:risque:1,6,2026-07-02,13.623,1,0.25
lfi:risque:1,7,2026-07-18,13.907,1,0.28
lfi:risque:1,8,2026-08-03,14.6,1,0.69
lfi:risque:1,9,2026-08-16,14.374,1,-0.23
lfi:risque:1,10,2026-08-30,14.54,1,0.17
lfi:risque:1,11,2026-09-13,14.726,1,0.19
lfi:risque:1,12,2026-09-29,12.1,3,-2.63
lfi:risque:1,13,2026-10-13,15.032,1,2.93
lfi:risque:1,14,2026-11-02,14.896,1,-0.14
lfi:risque:1,15,2026-11-20,15.045,1,0.15
lfi:risque:1,16,2026-12-07,12.6,1,-2.45
lfi:risque:1,17,2026-12-20,15.175,1,2.58
lfi:risque:1,18,2027-01-08,15.413,1,0.24
lfi:risque:1,19,2027-01-26,15.464,1,0.05
lfi:risque:1,20,2027-02-12,12.3,3,-3.16
lfi:risque:1,21,2027-03-02,15.542,1,3.24
lfi:risque:1,22,2027-03-15,15.714,1,0.17
lfi:risque:1,23,2027-03-30,15.874,1,0.16
lfi:risque:1,24,2027-04-17,15.753,1,-0.12
lfi:risque:1,25,2027-04-18,15.772,1,0.02
lfi:risque:1,26,2027-04-20,15.896,1,0.12
lfi:risque:1,27,2027-04-22,15.795,1,-0.1
lfi:risque:1,28,2027-04-24,13.6,1,-2.2
lfi:risque:1,29,2027-04-26,15.786,1,2.19
lfi:risque:1,30,2027-05-02,15.651,1,-0.13
lfi:risque:1,31,2027-05-03,15.803,1,0.15
lfi:risque:2,1,2026-04-18,11.821,3,2.92
lfi:risque:2,2,2026-05-03,11.935,3,0.11
lfi:risque:2,3,2026-05-16,12.036,3,0.1
lfi:risque:2,4,2026-06-01,12.3,2,0.26
lfi:risque:2,5,2026-06-20,12.605,2,0.3
lfi:risque:2,6,2026-07-06,12.813,1,0.21
lfi:risque:2,7,2026-07-23,12.784,1,-0.03
lfi:risque:2,8,2026-08-08,12.6,2,-0.18
lfi:risque:2,9,2026-08-23,13.331,1,0.73
lfi:risque:2,10,2026-09-09,13.313,1,-0.02
lfi:risque:2,11,2026-09-25,13.418,1,0.1
lfi:risque:2,12,2026-10-13,9.9,8,-3.52
lfi:risque:2,13,2026-10-27,13.421,1,3.52
lfi:risque:2,14,2026-11-12,13.42,1,0
lfi:risque:2,15,2026-11-30,13.404,1,-0.02
lfi:risque:2,16,2026-12-17,13.2,1,-0.2
lfi:risque:2,17,2027-01-02,13.328,1,0.13
lfi:risque:2,18,2027-01-14,13.734,1,0.41
lfi:risque:2,19,2027-01-29,13.985,1,0.25
lfi:risque:2,20,2027-02-12,13.7,1,-0.29
lfi:risque:2,21,2027-02-28,14.377,1,0.68
lfi:risque:2,22,2027-03-17,14.594,1,0.22
lfi:risque:2,23,2027-04-05,14.769,1,0.18
lfi:risque:2,24,2027-04-17,15.089,1,0.32
lfi:risque:2,25,2027-04-18,15.09,1,0
lfi:risque:3,1,2026-04-18,11.724,4,1.12
lfi:risque:3,2,2026-05-04,11.754,4,0.03
lfi:risque:3,3,2026-05-17,11.571,4,-0.18
lfi:risque:3,4,2026-05-31,11.5,5,-0.07
lfi:risque:3,5,2026-06-16,11.75,4,0.25
lfi:risque:3,6,2026-07-02,12.054,3,0.3
lfi:risque:3,7,2026-07-15,12.391,2,0.34
lfi:risque:3,8,2026-07-31,10.4,7,-1.99
lfi:risque:3,9,2026-08-15,12.988,1,2.59
lfi:risque:3,10,2026-08-28,13.314,1,0.33
lfi:risque:3,11,2026-09-11,13.624,1,0.31
lfi:risque:3,12,2026-09-27,12.9,1,-0.72
lfi:risque:3,13,2026-10-11,13.715,1,0.81
lfi:risque:3,14,2026-10-30,13.582,1,-0.13
lfi:risque:3,15,2026-11-16,13.649,1,0.07
lfi:risque:3,16,2026-12-01,16.5,1,2.85
lfi:risque:3,17,2026-12-19,13.546,1,-2.95
lfi:risque:3,18,2027-01-05,13.816,1,0.27
lfi:risque:3,19,2027-01-25,13.962,1,0.15
lfi:risque:3,20,2027-02-13,12.4,2,-1.56
lfi:risque:3,21,2027-03-03,14.304,1,1.9
lfi:risque:3,22,2027-03-17,14.442,1,0.14
lfi:risque:3,23,2027-04-02,14.667,1,0.22
lfi:risque:3,24,2027-04-17,14.898,1,0.23
lfi:risque:3,25,2027-04-18,14.83,1,-0.07
lfi:risque:3,26,2027-04-20,14.734,1,-0.1
lfi:risque:3,27,2027-04-22,14.964,1,0.23
lfi:risque:3,28,2027-04-24,19.7,1,4.74
lfi:risque:3,29,2027-04-26,15.213,1,-4.49
lfi:risque:3,30,2027-05-02,15.145,1,-0.07
lfi:risque:3,31,2027-05-03,15.063,1,-0.08
lfi:ideologiquement_coherent:0,1,2026-04-18,11.614,5,-2.09
lfi:ideologiquement_coherent:0,2,2026-05-02,11.602,5,-0.01
lfi:ideologiquement_coherent:0,3,2026-05-16,11.887,3,0.29
lfi:ideologiquement_coherent:0,4,2026-06-03,11.9,3,0.01
lfi:ideologiquement_coherent:0,5,2026-06-15,12.377,2,0.48
lfi:ideologiquement_coherent:0,6,2026-07-01,12.676,2,0.3
lfi:ideologiquement_coherent:0,7,2026-07-14,12.936,1,0.26
lfi:ideologiquement_coherent:0,8,2026-07-27,16.7,1,3.76
lfi:ideologiquement_coherent:0,9,2026-08-11,13.457,1,-3.24
lfi:ideologiquement_coherent:0,10,2026-08-24,13.934,1,0.48
lfi:ideologiquement_coherent:0,11,2026-09-06,14.096,1,0.16
lfi:ideologiquement_coherent:0,12,2026-09-24,16.3,1,2.2
lfi:ideologiquement_coherent:0,13,2026-10-12,14.611,1,-1.69
lfi:ideologiquement_coherent:0,14,2026-10-27,14.891,1,0.28
lfi:ideologiquement_coherent:0,15,2026-11-11,15.054,1,0.16
lfi:ideologiquement_coherent:0,16,2026-11-25,18.8,1,3.75
lfi:ideologiquement_coherent:0,17,2026-12-11,15.256,1,-3.54
lfi:ideologiquement_coherent:0,18,2027-01-01,15.562,1,0.31
lfi:ideologiquement_coherent:0,19,2027-01-17,15.762,1,0.2
lfi:ideologiquement_coherent:0,20,2027-02-02,16.8,1,1.04
lfi:ideologiquement_coherent:0,21,2027-02-23,16.05,1,-0.75
lfi:ideologiquement_coherent:0,22,2027-03-16,16.126,1,0.08
lfi:ideologiquement_coherent:0,23,2027-03-31,16.31,1,0.18
lfi:ideologiquement_coherent:0,24,2027-04-17,16.482,1,0.17
lfi:ideologiquement_coherent:0,25,2027-04-18,16.55,1,0.07
lfi:ideologiquement_coherent:0,26,2027-04-20,16.674,1,0.12
lfi:ideologiquement_coherent:0,27,2027-04-22,16.703,1,0.03
lfi:ideologiquement_coherent:0,28,2027-04-24,14.4,1,-2.3
lfi:ideologiquement_coherent:0,29,2027-04-26,16.887,1,2.49
lfi:ideologiquement_coherent:0,30,2027-05-02,16.771,1,-0.12
lfi:ideologiquement_coherent:0,31,2027-05-03,16.723,1,-0.05
lfi:ideologiquement_coherent:1,1,2026-04-18,11.817,4,2.32
lfi:ideologiquement_coherent:1,2,2026-04-30,11.982,3,0.16
lfi:ideologiquement_coherent:1,3,2026-05-18,12.226,3,0.24
lfi:ideologiquement_coherent:1,4,2026-06-03,12.9,2,0.67
lfi:ideologiquement_coherent:1,5,2026-06-20,12.315,3,-0.59
lfi:ideologiquement_coherent:1,6,2026-07-02,12.311,3,0
lfi:ideologiquement_coherent:1,7,2026-07-18,12.579,2,0.27
lfi:ideologiquement_coherent:1,8,2026-08-03,13.7,1,1.12
lfi:ideologiquement_coherent:1,9,2026-08-16,12.994,1,-0.71
lfi:ideologiquement_coherent:1,10,2026-08-30,13.239,1,0.25
lfi:ideologiquement_coherent:1,11,2026-09-13,13.448,1,0.21
lfi:ideologiquement_coherent:1,12,2026-09-29,10.9,5,-2.55
lfi:ideologiquement_coherent:1,13,2026-10-13,13.776,1,2.88
lfi:ideologiquement_coherent:1,14,2026-11-02,14.021,1,0.25
lfi:ideologiquement_coherent:1,15,2026-11-20,14.082,1,0.06
lfi:ideologiquement_coherent:1,16,2026-12-07,11.6,3,-2.48
lfi:ideologiquement_coherent:1,17,2026-12-20,14.416,1,2.82
lfi:ideologiquement_coherent:1,18,2027-01-08,14.637,1,0.22
lfi:ideologiquement_coherent:1,19,2027-01-26,14.64,1,0
lfi:ideologiquement_coherent:1,20,2027-02-12,11.5,3,-3.14
lfi:ideologiquement_coherent:1,21,2027-03-02,14.905,1,3.4
lfi:ideologiquement_coherent:1,22,2027-03-15,14.951,1,0.05
lfi:ideologiquement_coherent:1,23,2027-03-30,15.151,1,0.2
lfi:ideologiquement_coherent:1,24,2027-04-17,15.255,1,0.1
lfi:ideologiquement_coherent:1,25,2027-04-18,15.317,1,0.06
lfi:ideologiquement_coherent:1,26,2027-04-20,15.525,1,0.21
lfi:ideologiquement_coherent:1,27,2027-04-22,15.66,1,0.13
lfi:ideologiquement_coherent:1,28,2027-04-24,17,1,1.34
lfi:ideologiquement_coherent:1,29,2027-04-26,15.711,1,-1.29
lfi:ideologiquement_coherent:1,30,2027-05-02,15.59,1,-0.12
lfi:ideologiquement_coherent:1,31,2027-05-03,15.606,1,0.02
lfi:ideologiquement_coherent:2,1,2026-04-18,11.63,5,2.73
lfi:ideologiquement_coherent:2,2,2026-05-03,11.767,4,0.14
lfi:ideologiquement_coherent:2,3,2026-05-16,11.877,3,0.11
lfi:ideologiquement_coherent:2,4,2026-06-01,12.2,3,0.32
lfi:ideologiquement_coherent:2,5,2026-06-20,12.421,2,0.22
lfi:ideologiquement_coherent:2,6,2026-07-06,12.617,2,0.2
lfi:ideologiquement_coherent:2,7,2026-07-23,12.716,1,0.1
lfi:ideologiquement_coherent:2,8,2026-08-08,12.4,2,-0.32
lfi:ideologiquement_coherent:2,9,2026-08-23,13.206,1,0.81
lfi:ideologiquement_coherent:2,10,2026-09-09,13.282,1,0.08
lfi:ideologiquement_coherent:2,11,2026-09-25,13.429,1,0.15
lfi:ideologiquement_coherent:2,12,2026-10-07,13.1,1,-0.33
lfi:ideologiquement_coherent:2,13,2026-10-20,13.678,1,0.58
lfi:ideologiquement_coherent:2,14,2026-11-06,13.732,1,0.05
lfi:ideologiquement_coherent:2,15,2026-11-25,13.838,1,0.11
lfi:ideologiquement_coherent:2,16,2026-12-13,14.8,1,0.96
lfi:ideologiquement_coherent:2,17,2026-12-29,14.182,1,-0.62
lfi:ideologiquement_coherent:2,18,2027-01-16,14.561,1,0.38
lfi:ideologiquement_coherent:2,19,2027-02-01,14.863,1,0.3
lfi:ideologiquement_coherent:2,20,2027-02-18,13.5,1,-1.36
lfi:ideologiquement_coherent:2,21,2027-03-02,15.355,1,1.86
lfi:ideologiquement_coherent:2,22,2027-03-18,15.547,1,0.19
lfi:ideologiquement_coherent:2,23,2027-04-05,15.008,1,-0.54
lfi:ideologiquement_coherent:2,24,2027-04-17,14.776,1,-0.23
lfi:ideologiquement_coherent:2,25,2027-04-18,14.929,1,0.15
lfi:ideologiquement_coherent:2,26,2027-04-20,15.134,1,0.21
lfi:ideologiquement_coherent:2,27,2027-04-22,15.296,1,0.16
lfi:ideologiquement_coherent:2,28,2027-04-24,14.1,1,-1.2
lfi:ideologiquement_coherent:2,29,2027-04-26,15.765,1,1.67
lfi:ideologiquement_coherent:3,1,2026-04-18,11.631,4,1.03
lfi:ideologiquement_coherent:3,2,2026-05-04,11.704,4,0.07
lfi:ideologiquement_coherent:3,3,2026-05-17,11.852,3,0.15
lfi:ideologiquement_coherent:3,4,2026-05-31,11.8,3,-0.05
lfi:ideologiquement_coherent:3,5,2026-06-16,12.188,3,0.39
lfi:ideologiquement_coherent:3,6,2026-07-02,12.502,2,0.31
lfi:ideologiquement_coherent:3,7,2026-07-15,12.629,2,0.13
lfi:ideologiquement_coherent:3,8,2026-07-31,10.6,7,-2.03
lfi:ideologiquement_coherent:3,9,2026-08-15,13.126,1,2.53
lfi:ideologiquement_coherent:3,10,2026-08-28,13.296,1,0.17
lfi:ideologiquement_coherent:3,11,2026-09-11,13.54,1,0.24
lfi:ideologiquement_coherent:3,12,2026-09-27,12.9,1,-0.64
lfi:ideologiquement_coherent:3,13,2026-10-11,13.822,1,0.92
lfi:ideologiquement_coherent:3,14,2026-10-30,13.994,1,0.17
lfi:ideologiquement_coherent:3,15,2026-11-16,14.264,1,0.27
lfi:ideologiquement_coherent:3,16,2026-12-01,15.1,1,0.84
lfi:ideologiquement_coherent:3,17,2026-12-17,14.846,1,-0.25
lfi:ideologiquement_coherent:3,18,2027-01-02,15.4,1,0.55
lfi:ideologiquement_coherent:3,19,2027-01-21,15.857,1,0.46
lfi:ideologiquement_coherent:3,20,2027-02-10,13.2,1,-2.66
lfi:ideologiquement_coherent:3,21,2027-02-28,16.403,1,3.2
lfi:ideologiquement_coherent:3,22,2027-03-15,16.546,1,0.14
lfi:ideologiquement_coherent:3,23,2027-04-01,16.643,1,0.1
lfi:ideologiquement_coherent:3,24,2027-04-17,16.733,1,0.09
lfi:ideologiquement_coherent:3,25,2027-04-18,16.868,1,0.13
lfi:ideologiquement_coherent:3,26,2027-04-20,16.982,1,0.11
lfi:ideologiquement_coherent:3,27,2027-04-22,16.947,1,-0.04
lfi:ideologiquement_coherent:3,28,2027-04-24,21.6,1,4.65
lfi:ideologiquement_coherent:3,29,2027-04-26,17.113,1,-4.49
lfi:opportuniste_electoral:0,1,2026-04-18,11.614,5,-2.09
lfi:opportuniste_electoral:0,2,2026-05-02,11.778,4,0.16
lfi:opportuniste_electoral:0,3,2026-05-16,11.957,3,0.18
lfi:opportuniste_electoral:0,4,2026-06-03,11.9,3,-0.06
lfi:opportuniste_electoral:0,5,2026-06-15,12.17,2,0.27
lfi:opportuniste_electoral:0,6,2026-07-01,12.407,2,0.24
lfi:opportuniste_electoral:0,7,2026-07-14,12.48,2,0.07
lfi:opportuniste_electoral:0,8,2026-07-27,16.4,1,3.92
lfi:opportuniste_electoral:0,9,2026-08-11,13.193,1,-3.21
lfi:opportuniste_electoral:0,10,2026-08-24,13.608,1,0.42
lfi:opportuniste_electoral:0,11,2026-09-06,13.8,1,0.19
lfi:opportuniste_electoral:0,12,2026-09-24,15.9,1,2.1
lfi:opportuniste_electoral:0,13,2026-10-12,14.064,1,-1.84
lfi:opportuniste_electoral:0,14,2026-10-27,14.267,1,0.2
lfi:opportuniste_electoral:0,15,2026-11-11,14.375,1,0.11
lfi:opportuniste_electoral:0,16,2026-11-25,18.1,1,3.73
lfi:opportuniste_electoral:0,17,2026-12-11,14.397,1,-3.7
lfi:opportuniste_electoral:0,18,2027-01-01,14.687,1,0.29
lfi:opportuniste_electoral:0,19,2027-01-17,14.519,1,-0.17
lfi:opportuniste_electoral:0,20,2027-02-02,15.5,1,0.98
lfi:opportuniste_electoral:0,21,2027-02-23,14.473,1,-1.03
lfi:opportuniste_electoral:0,22,2027-03-16,14.402,1,-0.07
lfi:opportuniste_electoral:0,23,2027-03-31,13.65,1,-0.75
lfi:opportuniste_electoral:0,24,2027-04-17,13.344,2,-0.31
lfi:opportuniste_electoral:0,25,2027-04-18,13.423,1,0.08
lfi:opportuniste_electoral:0,26,2027-04-20,13.744,1,0.32
lfi:opportuniste_electoral:0,27,2027-04-22,13.699,1,-0.04
lfi:opportuniste_electoral:0,28,2027-04-24,11.5,3,-2.2
lfi:opportuniste_electoral:0,29,2027-04-26,13.829,1,2.33
lfi:opportuniste_electoral:0,30,2027-05-02,13.807,1,-0.02
lfi:opportuniste_electoral:0,31,2027-05-03,13.951,1,0.14
lfi:opportuniste_electoral:1,1,2026-04-18,12.028,3,2.53
lfi:opportuniste_electoral:1,2,2026-04-30,12.182,3,0.15
lfi:opportuniste_electoral:1,3,2026-05-18,12.426,3,0.24
lfi:opportuniste_electoral:1,4,2026-06-03,13.2,1,0.77
lfi:opportuniste_electoral:1,5,2026-06-20,13.033,1,-0.17
lfi:opportuniste_electoral:1,6,2026-07-02,13.211,1,0.18
lfi:opportuniste_electoral:1,7,2026-07-18,13.33,1,0.12
lfi:opportuniste_electoral:1,8,2026-08-03,14.2,1,0.87
lfi:opportuniste_electoral:1,9,2026-08-16,13.468,1,-0.73
lfi:opportuniste_electoral:1,10,2026-08-30,13.253,1,-0.21
lfi:opportuniste_electoral:1,11,2026-09-13,13.236,1,-0.02
lfi:opportuniste_electoral:1,12,2026-09-29,10.8,6,-2.44
lfi:opportuniste_electoral:1,13,2026-10-13,13.473,1,2.67
lfi:opportuniste_electoral:1,14,2026-11-02,13.591,1,0.12
lfi:opportuniste_electoral:1,15,2026-11-20,13.811,1,0.22
lfi:opportuniste_electoral:1,16,2026-12-07,11.3,4,-2.51
lfi:opportuniste_electoral:1,17,2026-12-20,14.24,1,2.94
lfi:opportuniste_electoral:1,18,2027-01-08,14.342,1,0.1
lfi:opportuniste_electoral:1,19,2027-01-26,14.377,1,0.04
lfi:opportuniste_electoral:1,20,2027-02-12,11.1,3,-3.28
lfi:opportuniste_electoral:1,21,2027-03-02,14.469,1,3.37
lfi:opportuniste_electoral:1,22,2027-03-15,14.31,1,-0.16
lfi:opportuniste_electoral:1,23,2027-03-30,14.498,1,0.19
lfi:opportuniste_electoral:1,24,2027-04-17,14.648,1,0.15
lfi:opportuniste_electoral:1,25,2027-04-18,14.73,1,0.08
lfi:opportuniste_electoral:1,26,2027-04-20,14.89,1,0.16
lfi:opportuniste_electoral:1,27,2027-04-22,14.903,1,0.01
lfi:opportuniste_electoral:1,28,2027-04-24,16.3,1,1.4
lfi:opportuniste_electoral:1,29,2027-04-26,14.86,1,-1.44
lfi:opportuniste_electoral:1,30,2027-05-02,14.791,1,-0.07
lfi:opportuniste_electoral:1,31,2027-05-03,14.834,1,0.04
lfi:opportuniste_electoral:2,1,2026-04-18,11.549,5,2.65
lfi:opportuniste_electoral:2,2,2026-05-03,11.658,5,0.11
lfi:opportuniste_electoral:2,3,2026-05-16,11.757,5,0.1
lfi:opportuniste_electoral:2,4,2026-06-01,12.1,3,0.34
lfi:opportuniste_electoral:2,5,2026-06-20,12.297,2,0.2
lfi:opportuniste_electoral:2,6,2026-07-06,12.445,2,0.15
lfi:opportuniste_electoral:2,7,2026-07-23,12.396,2,-0.05
lfi:opportuniste_electoral:2,8,2026-08-08,12.2,2,-0.2
lfi:opportuniste_electoral:2,9,2026-08-23,12.938,1,0.74
lfi:opportuniste_electoral:2,10,2026-09-09,12.992,1,0.05
lfi:opportuniste_electoral:2,11,2026-09-25,13.165,1,0.17
lfi:opportuniste_electoral:2,12,2026-10-13,9.6,8,-3.56
lfi:opportuniste_electoral:2,13,2026-10-27,13.619,1,4.02
lfi:opportuniste_electoral:2,14,2026-11-12,13.757,1,0.14
lfi:opportuniste_electoral:2,15,2026-11-30,13.892,1,0.13
lfi:opportuniste_electoral:2,16,2026-12-17,14,1,0.11
lfi:opportuniste_electoral:2,17,2027-01-02,14.447,1,0.45
lfi:opportuniste_electoral:2,18,2027-01-20,14.496,1,0.05
lfi:opportuniste_electoral:2,19,2027-02-03,13.825,1,-0.67
lfi:opportuniste_electoral:2,20,2027-02-19,12.3,2,-1.52
lfi:opportuniste_electoral:2,21,2027-03-03,14.21,1,1.91
lfi:opportuniste_electoral:2,22,2027-03-19,14.389,1,0.18
lfi:opportuniste_electoral:2,23,2027-04-06,14.597,1,0.21
lfi:opportuniste_electoral:2,24,2027-04-17,14.725,1,0.13
lfi:opportuniste_electoral:2,25,2027-04-18,14.739,1,0.01
lfi:opportuniste_electoral:2,26,2027-04-20,14.652,1,-0.09
lfi:opportuniste_electoral:2,27,2027-04-22,14.725,1,0.07
lfi:opportuniste_electoral:2,28,2027-04-24,13.1,2,-1.63
lfi:opportuniste_electoral:2,29,2027-04-26,14.635,1,1.54
lfi:opportuniste_electoral:3,1,2026-04-18,11.724,4,1.12
lfi:opportuniste_electoral:3,2,2026-05-04,11.829,3,0.11
lfi:opportuniste_electoral:3,3,2026-05-17,11.671,4,-0.16
lfi:opportuniste_electoral:3,4,2026-05-31,11.6,5,-0.07
lfi:opportuniste_electoral:3,5,2026-06-16,11.861,3,0.26
lfi:opportuniste_electoral:3,6,2026-07-02,12.165,3,0.3
lfi:opportuniste_electoral:3,7,2026-07-15,12.291,3,0.13
lfi:opportuniste_electoral:3,8,2026-07-31,10.3,7,-1.99
lfi:opportuniste_electoral:3,9,2026-08-15,12.58,2,2.28
lfi:opportuniste_electoral:3,10,2026-08-28,12.829,2,0.25
lfi:opportuniste_electoral:3,11,2026-09-11,13.114,1,0.29
lfi:opportuniste_electoral:3,12,2026-09-27,12.6,2,-0.51
lfi:opportuniste_electoral:3,13,2026-10-11,13.255,1,0.66
lfi:opportuniste_electoral:3,14,2026-10-30,13.535,1,0.28
lfi:opportuniste_electoral:3,15,2026-11-16,13.764,1,0.23
lfi:opportuniste_electoral:3,16,2026-12-01,14.7,1,0.94
lfi:opportuniste_electoral:3,17,2026-12-17,14.081,1,-0.62
lfi:opportuniste_electoral:3,18,2027-01-02,14.474,1,0.39
lfi:opportuniste_electoral:3,19,2027-01-21,14.931,1,0.46
lfi:opportuniste_electoral:3,20,2027-02-10,12.4,2,-2.53
lfi:opportuniste_electoral:3,21,2027-02-28,14.987,1,2.59
lfi:opportuniste_electoral:3,22,2027-03-15,15.076,1,0.09
lfi:opportuniste_electoral:3,23,2027-04-01,15.163,1,0.09
lfi:opportuniste_electoral:3,24,2027-04-17,15.211,1,0.05
lfi:opportuniste_electoral:3,25,2027-04-18,15.143,1,-0.07
lfi:opportuniste_electoral:3,26,2027-04-20,15.375,1,0.23
lfi:opportuniste_electoral:3,27,2027-04-22,15.471,1,0.1
lfi:opportuniste_electoral:3,28,2027-04-24,20.2,1,4.73
lfi:opportuniste_electoral:3,29,2027-04-26,15.68,1,-4.52
lfi:parti_dabord:0,1,2026-04-18,11.614,5,-2.09
lfi:parti_dabord:0,2,2026-05-02,11.778,4,0.16
lfi:parti_dabord:0,3,2026-05-16,11.755,4,-0.02
lfi:parti_dabord:0,4,2026-06-03,11.7,5,-0.06
lfi:parti_dabord:0,5,2026-06-15,11.852,4,0.15
lfi:parti_dabord:0,6,2026-07-01,12.105,2,0.25
lfi:parti_dabord:0,7,2026-07-14,12.177,2,0.07
lfi:parti_dabord:0,8,2026-07-27,16.2,1,4.02
lfi:parti_dabord:0,9,2026-08-11,12.624,2,-3.58
lfi:parti_dabord:0,10,2026-08-24,12.982,1,0.36
lfi:parti_dabord:0,11,2026-09-06,13.259,1,0.28
lfi:parti_dabord:0,12,2026-09-24,15.2,1,1.94
lfi:parti_dabord:0,13,2026-10-12,13.626,1,-1.57
lfi:parti_dabord:0,14,2026-10-27,13.711,1,0.09
lfi:parti_dabord:0,15,2026-11-11,13.834,1,0.12
lfi:parti_dabord:0,16,2026-11-25,17.5,1,3.67
lfi:parti_dabord:0,17,2026-12-11,13.843,1,-3.66
lfi:parti_dabord:0,18,2027-01-01,14.043,1,0.2
lfi:parti_dabord:0,19,2027-01-17,14.109,1,0.07
lfi:parti_dabord:0,20,2027-02-02,15.2,1,1.09
lfi:parti_dabord:0,21,2027-02-23,14.383,1,-0.82
lfi:parti_dabord:0,22,2027-03-16,14.521,1,0.14
lfi:parti_dabord:0,23,2027-03-31,14.557,1,0.04
lfi:parti_dabord:0,24,2027-04-17,14.924,1,0.37
lfi:parti_dabord:0,25,2027-04-18,15.007,1,0.08
lfi:parti_dabord:0,26,2027-04-20,15.045,1,0.04
lfi:parti_dabord:0,27,2027-04-22,15.106,1,0.06
lfi:parti_dabord:0,28,2027-04-24,12.8,2,-2.31
lfi:parti_dabord:0,29,2027-04-26,15.292,1,2.49
lfi:parti_dabord:0,30,2027-05-02,15.313,1,0.02
lfi:parti_dabord:0,31,2027-05-03,15.513,1,0.2
lfi:parti_dabord:1,1,2026-04-18,12.028,3,2.53
lfi:parti_dabord:1,2,2026-04-30,12.347,3,0.32
lfi:parti_dabord:1,3,2026-05-18,12.517,2,0.17
lfi:parti_dabord:1,4,2026-06-03,13.1,1,0.58
lfi:parti_dabord:1,5,2026-06-20,12.66,2,-0.44
lfi:parti_dabord:1,6,2026-07-02,12.645,2,-0.02
lfi:parti_dabord:1,7,2026-07-18,12.701,2,0.06
lfi:parti_dabord:1,8,2026-08-03,13.8,1,1.1
lfi:parti_dabord:1,9,2026-08-16,13.018,1,-0.78
lfi:parti_dabord:1,10,2026-08-30,13.255,1,0.24
lfi:parti_dabord:1,11,2026-09-13,13.493,1,0.24
lfi:parti_dabord:1,12,2026-09-29,10.7,6,-2.79
lfi:parti_dabord:1,13,2026-10-13,13.368,1,2.67
lfi:parti_dabord:1,14,2026-11-02,13.293,1,-0.08
lfi:parti_dabord:1,15,2026-11-20,13.365,1,0.07
lfi:parti_dabord:1,16,2026-12-07,10.9,6,-2.46
lfi:parti_dabord:1,17,2026-12-20,13.434,1,2.53
lfi:parti_dabord:1,18,2027-01-08,13.473,1,0.04
lfi:parti_dabord:1,19,2027-01-26,13.514,1,0.04
lfi:parti_dabord:1,20,2027-02-10,10.3,7,-3.21
lfi:parti_dabord:1,21,2027-02-28,13.58,1,3.28
lfi:parti_dabord:1,22,2027-03-14,13.69,1,0.11
lfi:parti_dabord:1,23,2027-03-29,13.596,1,-0.09
lfi:parti_dabord:1,24,2027-04-17,13.864,1,0.27
lfi:parti_dabord:1,25,2027-04-18,13.909,1,0.04
lfi:parti_dabord:1,26,2027-04-20,14.148,1,0.24
lfi:parti_dabord:1,27,2027-04-22,14.315,1,0.17
lfi:parti_dabord:1,28,2027-04-24,15.7,1,1.38
lfi:parti_dabord:1,29,2027-04-26,14.476,1,-1.22
lfi:parti_dabord:2,1,2026-04-18,11.821,3,2.92
lfi:parti_dabord:2,2,2026-05-03,12.024,3,0.2
lfi:parti_dabord:2,3,2026-05-16,12.155,3,0.13
lfi:parti_dabord:2,4,2026-06-01,12.4,2,0.25
lfi:parti_dabord:2,5,2026-06-20,12.736,2,0.34
lfi:parti_dabord:2,6,2026-07-06,12.887,1,0.15
lfi:parti_dabord:2,7,2026-07-23,12.838,1,-0.05
lfi:parti_dabord:2,8,2026-08-08,12.6,2,-0.24
lfi:parti_dabord:2,9,2026-08-23,13.376,1,0.78
lfi:parti_dabord:2,10,2026-09-09,13.428,1,0.05
lfi:parti_dabord:2,11,2026-09-25,13.545,1,0.12
lfi:parti_dabord:2,12,2026-10-13,10,8,-3.54
lfi:parti_dabord:2,13,2026-10-27,13.967,1,3.97
lfi:parti_dabord:2,14,2026-11-12,14.07,1,0.1
lfi:parti_dabord:2,15,2026-11-30,14.192,1,0.12
lfi:parti_dabord:2,16,2026-12-17,14.1,1,-0.09
lfi:parti_dabord:2,17,2027-01-02,14.205,1,0.11
lfi:parti_dabord:2,18,2027-01-20,14.346,1,0.14
lfi:parti_dabord:2,19,2027-02-03,14.393,1,0.05
lfi:parti_dabord:2,20,2027-02-19,12.8,2,-1.59
lfi:parti_dabord:2,21,2027-03-03,14.735,1,1.93
lfi:parti_dabord:2,22,2027-03-19,14.901,1,0.17
lfi:parti_dabord:2,23,2027-04-06,15.1,1,0.2
lfi:parti_dabord:2,24,2027-04-17,15.224,1,0.12
lfi:parti_dabord:2,25,2027-04-18,15.254,1,0.03
lfi:parti_dabord:2,26,2027-04-20,15.368,1,0.11
lfi:parti_dabord:2,27,2027-04-22,15.455,1,0.09
lfi:parti_dabord:2,28,2027-04-24,13.8,1,-1.65
lfi:parti_dabord:2,29,2027-04-26,15.071,1,1.27
lfi:parti_dabord:3,1,2026-04-18,11.631,4,1.03
lfi:parti_dabord:3,2,2026-05-04,11.704,4,0.07
lfi:parti_dabord:3,3,2026-05-17,11.859,3,0.15
lfi:parti_dabord:3,4,2026-05-31,11.8,3,-0.06
lfi:parti_dabord:3,5,2026-06-16,12.19,3,0.39
lfi:parti_dabord:3,6,2026-07-02,12.477,2,0.29
lfi:parti_dabord:3,7,2026-07-15,12.594,2,0.12
lfi:parti_dabord:3,8,2026-07-31,10.5,7,-2.09
lfi:parti_dabord:3,9,2026-08-15,13.063,1,2.56
lfi:parti_dabord:3,10,2026-08-28,13.246,1,0.18
lfi:parti_dabord:3,11,2026-09-11,13.36,1,0.11
lfi:parti_dabord:3,12,2026-09-27,12.8,2,-0.56
lfi:parti_dabord:3,13,2026-10-11,13.653,1,0.85
lfi:parti_dabord:3,14,2026-10-30,13.998,1,0.34
lfi:parti_dabord:3,15,2026-11-16,14.176,1,0.18
lfi:parti_dabord:3,16,2026-12-01,15,1,0.82
lfi:parti_dabord:3,17,2026-12-17,14.131,1,-0.87
lfi:parti_dabord:3,18,2027-01-02,14.38,1,0.25
lfi:parti_dabord:3,19,2027-01-21,14.749,1,0.37
lfi:parti_dabord:3,20,2027-02-10,12.3,2,-2.45
lfi:parti_dabord:3,21,2027-02-28,14.554,1,2.25
lfi:parti_dabord:3,22,2027-03-15,14.745,1,0.19
lfi:parti_dabord:3,23,2027-04-01,14.943,1,0.2
lfi:parti_dabord:3,24,2027-04-17,15.157,1,0.21
lfi:parti_dabord:3,25,2027-04-18,15.283,1,0.13
lfi:parti_dabord:3,26,2027-04-20,15.32,1,0.04
lfi:parti_dabord:3,27,2027-04-22,15.297,1,-0.02
lfi:parti_dabord:3,28,2027-04-24,20,1,4.7
lfi:parti_dabord:3,29,2027-04-26,15.622,1,-4.38
lfi:mediatique:0,1,2026-04-18,11.614,5,-2.09
lfi:mediatique:0,2,2026-05-02,11.778,4,0.16
lfi:mediatique:0,3,2026-05-16,11.755,4,-0.02
lfi:mediatique:0,4,2026-06-03,11.7,5,-0.06
lfi:mediatique:0,5,2026-06-15,11.063,6,-0.64
lfi:mediatique:0,6,2026-07-01,11.021,6,-0.04
lfi:mediatique:0,7,2026-07-14,10.992,6,-0.03
lfi:mediatique:0,8,2026-07-27,15.1,1,4.11
lfi:mediatique:0,9,2026-08-11,11.437,6,-3.66
lfi:mediatique:0,10,2026-08-24,11.844,4,0.41
lfi:mediatique:0,11,2026-09-06,12.037,3,0.19
lfi:mediatique:0,12,2026-09-24,14,1,1.96
lfi:mediatique:0,13,2026-10-12,12.403,2,-1.6
lfi:mediatique:0,14,2026-10-27,12.649,2,0.25
lfi:mediatique:0,15,2026-11-11,12.557,2,-0.09
lfi:mediatique:0,16,2026-11-25,16.2,1,3.64
lfi:mediatique:0,17,2026-12-11,12.68,2,-3.52
lfi:mediatique:0,18,2027-01-01,12.842,2,0.16
lfi:mediatique:0,19,2027-01-17,13.081,1,0.24
lfi:mediatique:0,20,2027-02-02,14.1,1,1.02
lfi:mediatique:0,21,2027-02-23,13.014,2,-1.09
lfi:mediatique:0,22,2027-03-15,13.213,1,0.2
lfi:mediatique:0,23,2027-03-31,13.327,1,0.11
lfi:mediatique:0,24,2027-04-17,13.384,1,0.06
lfi:mediatique:0,25,2027-04-18,13.397,1,0.01
lfi:mediatique:1,1,2026-04-18,12.028,3,2.53
lfi:mediatique:1,2,2026-04-30,12.182,3,0.15
lfi:mediatique:1,3,2026-05-18,12.295,3,0.11
lfi:mediatique:1,4,2026-06-03,12.9,2,0.61
lfi:mediatique:1,5,2026-06-20,12.325,3,-0.58
lfi:mediatique:1,6,2026-07-02,12.348,3,0.02
lfi:mediatique:1,7,2026-07-18,12.439,3,0.09
lfi:mediatique:1,8,2026-08-03,13.6,1,1.16
lfi:mediatique:1,9,2026-08-16,12.524,2,-1.08
lfi:mediatique:1,10,2026-08-30,12.432,3,-0.09
lfi:mediatique:1,11,2026-09-13,12.386,3,-0.05
lfi:mediatique:1,12,2026-09-29,9.6,8,-2.79
lfi:mediatique:1,13,2026-10-13,12.126,3,2.53
lfi:mediatique:1,14,2026-11-02,11.209,5,-0.92
lfi:mediatique:1,15,2026-11-20,11.018,7,-0.19
lfi:mediatique:1,16,2026-12-07,8.8,8,-2.22
lfi:mediatique:1,17,2026-12-20,10.819,7,2.02
lfi:mediatique:1,18,2027-01-08,10.907,6,0.09
lfi:mediatique:1,19,2027-01-26,10.98,6,0.07
lfi:mediatique:1,20,2027-02-10,7.2,8,-3.78
lfi:mediatique:1,21,2027-02-28,10.309,8,3.11
lfi:mediatique:1,22,2027-03-14,10.371,8,0.06
lfi:mediatique:1,23,2027-03-29,10.269,8,-0.1
lfi:mediatique:1,24,2027-04-17,10.05,8,-0.22
lfi:mediatique:1,25,2027-04-18,10.049,8,0
lfi:mediatique:2,1,2026-04-18,11.549,5,2.65
lfi:mediatique:2,2,2026-05-03,11.506,5,-0.04
lfi:mediatique:2,3,2026-05-16,11.524,5,0.02
lfi:mediatique:2,4,2026-06-01,11.9,4,0.38
lfi:mediatique:2,5,2026-06-20,12.031,3,0.13
lfi:mediatique:2,6,2026-07-06,12.194,3,0.16
lfi:mediatique:2,7,2026-07-23,12.151,3,-0.04
lfi:mediatique:2,8,2026-08-08,11.9,4,-0.25
lfi:mediatique:2,9,2026-08-23,12.698,2,0.8
lfi:mediatique:2,10,2026-09-09,12.729,2,0.03
lfi:mediatique:2,11,2026-09-25,12.895,1,0.17
lfi:mediatique:2,12,2026-10-13,9.3,8,-3.59
lfi:mediatique:2,13,2026-10-27,13.181,1,3.88
lfi:mediatique:2,14,2026-11-12,13.247,1,0.07
lfi:mediatique:2,15,2026-11-30,13.36,1,0.11
lfi:mediatique:2,16,2026-12-17,13.3,1,-0.06
lfi:mediatique:2,17,2027-01-02,13.453,1,0.15
lfi:mediatique:2,18,2027-01-20,13.607,1,0.15
lfi:mediatique:2,19,2027-02-04,13.637,1,0.03
lfi:mediatique:2,20,2027-02-20,12.1,3,-1.54
lfi:mediatique:2,21,2027-03-04,13.161,2,1.06
lfi:mediatique:2,22,2027-03-20,13.021,2,-0.14
lfi:mediatique:2,23,2027-04-06,13.151,2,0.13
lfi:mediatique:2,24,2027-04-17,13.221,2,0.07
lfi:mediatique:2,25,2027-04-18,13.231,2,0.01
lfi:mediatique:2,26,2027-04-20,13.126,2,-0.11
lfi:mediatique:2,27,2027-04-22,13.2,2,0.07
lfi:mediatique:2,28,2027-04-24,11.5,3,-1.7
lfi:mediatique:2,29,2027-04-26,12.829,2,1.33
lfi:mediatique:3,1,2026-04-18,11.631,4,1.03
lfi:mediatique:3,2,2026-05-04,11.68,4,0.05
lfi:mediatique:3,3,2026-05-17,11.504,5,-0.18
lfi:mediatique:3,4,2026-05-31,11.5,5,0
lfi:mediatique:3,5,2026-06-16,11.694,5,0.19
lfi:mediatique:3,6,2026-07-02,11.998,3,0.3
lfi:mediatique:3,7,2026-07-15,12.124,3,0.13
lfi:mediatique:3,8,2026-07-31,9.9,8,-2.22
lfi:mediatique:3,9,2026-08-15,12.156,3,2.26
lfi:mediatique:3,10,2026-08-28,12.44,2,0.28
lfi:mediatique:3,11,2026-09-11,12.607,2,0.17
lfi:mediatique:3,12,2026-09-27,12.1,3,-0.51
lfi:mediatique:3,13,2026-10-11,12.674,2,0.57
lfi:mediatique:3,14,2026-10-30,12.768,2,0.09
lfi:mediatique:3,15,2026-11-16,12.937,2,0.17
lfi:mediatique:3,16,2026-12-01,13.9,1,0.96
lfi:mediatique:3,17,2026-12-17,12.957,2,-0.94
lfi:mediatique:3,18,2027-01-02,12.752,2,-0.21
lfi:mediatique:3,19,2027-01-21,12.808,2,0.06
lfi:mediatique:3,20,2027-02-10,10.3,8,-2.51
lfi:mediatique:3,21,2027-02-28,11.682,3,1.38
lfi:mediatique:3,22,2027-03-15,11.581,3,-0.1
lfi:mediatique:3,23,2027-04-01,11.653,4,0.07
lfi:mediatique:3,24,2027-04-17,10.294,8,-1.36
lfi:mediatique:3,25,2027-04-18,10.196,8,-0.1
lfi:contrarien:0,1,2026-04-18,11.746,4,-1.95
lfi:contrarien:0,2,2026-05-02,11.956,3,0.21
lfi:contrarien:0,3,2026-05-16,11.952,3,0
lfi:contrarien:0,4,2026-06-03,11.8,4,-0.15
lfi:contrarien:0,5,2026-06-15,11.272,6,-0.53
lfi:contrarien:0,6,2026-07-01,11.14,6,-0.13
lfi:contrarien:0,7,2026-07-14,11.23,6,0.09
lfi:contrarien:0,8,2026-07-27,14.7,1,3.47
lfi:contrarien:0,9,2026-08-11,10.303,8,-4.4
lfi:contrarien:0,10,2026-08-24,9.569,8,-0.73
lfi:contrarien:0,11,2026-09-06,9.574,8,0
lfi:contrarien:0,12,2026-09-24,11.3,6,1.73
lfi:contrarien:0,13,2026-10-12,8.898,8,-2.4
lfi:contrarien:0,14,2026-10-27,8.797,8,-0.1
lfi:contrarien:0,15,2026-11-11,8.736,8,-0.06
lfi:contrarien:0,16,2026-11-25,12.1,5,3.36
lfi:contrarien:0,17,2026-12-11,8.077,8,-4.02
lfi:contrarien:0,18,2027-01-01,8.123,8,0.05
lfi:contrarien:0,19,2027-01-17,8.251,8,0.13
lfi:contrarien:0,20,2027-02-02,9.6,8,1.35
lfi:contrarien:0,21,2027-02-23,8.632,8,-0.97
lfi:contrarien:0,22,2027-03-16,8.806,8,0.17
lfi:contrarien:0,23,2027-03-31,8.972,8,0.17
lfi:contrarien:0,24,2027-04-17,9.074,8,0.1
lfi:contrarien:0,25,2027-04-18,9.107,8,0.03
lfi:contrarien:1,1,2026-04-18,11.675,4,2.18
lfi:contrarien:1,2,2026-04-30,11.706,4,0.03
lfi:contrarien:1,3,2026-05-18,11.779,4,0.07
lfi:contrarien:1,4,2026-06-03,12.3,3,0.52
lfi:contrarien:1,5,2026-06-20,11.091,6,-1.21
lfi:contrarien:1,6,2026-07-02,11.18,6,0.09
lfi:contrarien:1,7,2026-07-18,11.299,5,0.12
lfi:contrarien:1,8,2026-08-03,12.8,2,1.5
lfi:contrarien:1,9,2026-08-16,11.459,4,-1.34
lfi:contrarien:1,10,2026-08-30,11.677,4,0.22
lfi:contrarien:1,11,2026-09-13,11.34,5,-0.34
lfi:contrarien:1,12,2026-09-29,8.8,8,-2.54
lfi:contrarien:1,13,2026-10-13,11.272,5,2.47
lfi:contrarien:1,14,2026-11-02,11.036,6,-0.24
lfi:contrarien:1,15,2026-11-20,11.194,5,0.16
lfi:contrarien:1,16,2026-12-07,8.6,8,-2.59
lfi:contrarien:1,17,2026-12-20,10.41,8,1.81
lfi:contrarien:1,18,2027-01-08,10.346,8,-0.06
lfi:contrarien:1,19,2027-01-26,10.228,8,-0.12
lfi:contrarien:1,20,2027-02-12,7,8,-3.23
lfi:contrarien:1,21,2027-03-02,10.269,8,3.27
lfi:contrarien:1,22,2027-03-15,9.684,8,-0.59
lfi:contrarien:1,23,2027-03-30,9.406,8,-0.28
lfi:contrarien:1,24,2027-04-17,9.436,8,0.03
lfi:contrarien:1,25,2027-04-18,9.368,8,-0.07
lfi:contrarien:2,1,2026-04-18,11.549,5,2.65
lfi:contrarien:2,2,2026-05-03,11.506,5,-0.04
lfi:contrarien:2,3,2026-05-16,11.524,5,0.02
lfi:contrarien:2,4,2026-06-01,11.8,5,0.28
lfi:contrarien:2,5,2026-06-20,11.887,4,0.09
lfi:contrarien:2,6,2026-07-06,12.043,3,0.16
lfi:contrarien:2,7,2026-07-23,11.997,4,-0.05
lfi:contrarien:2,8,2026-08-08,11.7,5,-0.3
lfi:contrarien:2,9,2026-08-23,12.398,2,0.7
lfi:contrarien:2,10,2026-09-09,12.375,2,-0.02
lfi:contrarien:2,11,2026-09-25,12.36,2,-0.02
lfi:contrarien:2,12,2026-10-07,12.3,2,-0.06
lfi:contrarien:2,13,2026-10-20,12.773,2,0.47
lfi:contrarien:2,14,2026-11-06,12.802,2,0.03
lfi:contrarien:2,15,2026-11-25,12.822,2,0.02
lfi:contrarien:2,16,2026-12-13,13.7,1,0.88
lfi:contrarien:2,17,2026-12-29,12.797,2,-0.9
lfi:contrarien:2,18,2027-01-16,12.491,3,-0.31
lfi:contrarien:2,19,2027-02-01,12.436,3,-0.05
lfi:contrarien:2,20,2027-02-18,11.3,4,-1.14
lfi:contrarien:2,21,2027-03-02,12.601,3,1.3
lfi:contrarien:2,22,2027-03-18,12.749,2,0.15
lfi:contrarien:2,23,2027-04-05,12.977,2,0.23
lfi:contrarien:2,24,2027-04-17,13.242,2,0.27
lfi:contrarien:2,25,2027-04-18,13.254,1,0.01
lfi:contrarien:2,26,2027-04-20,13.145,2,-0.11
lfi:contrarien:2,27,2027-04-22,13.209,1,0.06
lfi:contrarien:2,28,2027-04-24,11.4,3,-1.81
lfi:contrarien:2,29,2027-04-26,12.676,3,1.28
lfi:contrarien:3,1,2026-04-18,11.724,4,1.12
lfi:contrarien:3,2,2026-05-04,11.754,4,0.03
lfi:contrarien:3,3,2026-05-17,11.571,4,-0.18
lfi:contrarien:3,4,2026-05-31,11.3,6,-0.27
lfi:contrarien:3,5,2026-06-16,11.382,6,0.08
lfi:contrarien:3,6,2026-07-02,11.62,5,0.24
lfi:contrarien:3,7,2026-07-15,11.782,3,0.16
lfi:contrarien:3,8,2026-07-31,9.6,8,-2.18
lfi:contrarien:3,9,2026-08-15,11.493,6,1.89
lfi:contrarien:3,10,2026-08-28,11.537,6,0.04
lfi:contrarien:3,11,2026-09-11,11.631,5,0.09
lfi:contrarien:3,12,2026-09-27,11.3,6,-0.33
lfi:contrarien:3,13,2026-10-11,11.646,5,0.35
lfi:contrarien:3,14,2026-10-30,11.511,6,-0.14
lfi:contrarien:3,15,2026-11-16,11.609,5,0.1
lfi:contrarien:3,16,2026-12-01,14.6,1,2.99
lfi:contrarien:3,17,2026-12-19,11.211,6,-3.39
lfi:contrarien:3,18,2027-01-05,11.407,6,0.2
lfi:contrarien:3,19,2027-01-25,11.567,5,0.16
lfi:contrarien:3,20,2027-02-13,10.3,7,-1.27
lfi:contrarien:3,21,2027-03-03,11.922,4,1.62
lfi:contrarien:3,22,2027-03-17,12.039,4,0.12
lfi:contrarien:3,23,2027-04-02,12.213,3,0.17
lfi:contrarien:3,24,2027-04-17,12.814,2,0.6
lfi:contrarien:3,25,2027-04-18,12.87,2,0.06
ps:aleatoire:0,1,2026-04-18,11.842,4,1.34
ps:aleatoire:0,2,2026-05-02,12.117,3,0.28
ps:aleatoire:0,3,2026-05-16,12.778,2,0.66
ps:aleatoire:0,4,2026-06-03,8.2,8,-4.58
ps:aleatoire:0,5,2026-06-15,13.277,1,5.08
ps:aleatoire:0,6,2026-07-01,13.351,1,0.07
ps:aleatoire:0,7,2026-07-20,13.604,1,0.25
ps:aleatoire:0,8,2026-08-02,11.2,6,-2.4
ps:aleatoire:0,9,2026-08-15,13.484,1,2.28
ps:aleatoire:0,10,2026-08-28,13.425,1,-0.06
ps:aleatoire:0,11,2026-09-16,13.311,1,-0.11
ps:aleatoire:0,12,2026-10-02,10.3,7,-3.01
ps:aleatoire:0,13,2026-10-21,13.389,1,3.09
ps:aleatoire:0,14,2026-11-04,13.502,1,0.11
ps:aleatoire:0,15,2026-11-18,13.569,1,0.07
ps:aleatoire:0,16,2026-12-03,16.1,1,2.53
ps:aleatoire:0,17,2026-12-20,13.72,1,-2.38
ps:aleatoire:0,18,2027-01-06,13.844,1,0.12
ps:aleatoire:0,19,2027-01-22,14.254,1,0.41
ps:aleatoire:0,20,2027-02-10,12.6,2,-1.65
ps:aleatoire:0,21,2027-02-27,14.869,1,2.27
ps:aleatoire:0,22,2027-03-18,15.035,1,0.17
ps:aleatoire:0,23,2027-04-01,15.199,1,0.16
ps:aleatoire:0,24,2027-04-17,15.217,1,0.02
ps:aleatoire:0,25,2027-04-18,15.495,1,0.28
ps:aleatoire:0,26,2027-04-20,15.798,1,0.3
ps:aleatoire:0,27,2027-04-22,15.894,1,0.1
ps:aleatoire:0,28,2027-04-24,15.2,1,-0.69
ps:aleatoire:0,29,2027-04-26,16.095,1,0.89
ps:aleatoire:0,30,2027-05-02,15.973,1,-0.12
ps:aleatoire:0,31,2027-05-03,16.056,1,0.08
ps:aleatoire:1,1,2026-04-18,11.922,3,2.02
ps:aleatoire:1,2,2026-04-30,12.137,3,0.21
ps:aleatoire:1,3,2026-05-13,11.971,3,-0.17
ps:aleatoire:1,4,2026-05-28,10.5,7,-1.47
ps:aleatoire:1,5,2026-06-14,12.33,3,1.83
ps:aleatoire:1,6,2026-06-29,12.65,2,0.32
ps:aleatoire:1,7,2026-07-14,12.787,2,0.14
ps:aleatoire:1,8,2026-07-31,14.1,1,1.31
ps:aleatoire:1,9,2026-08-16,13.279,1,-0.82
ps:aleatoire:1,10,2026-08-31,13.15,1,-0.13
ps:aleatoire:1,11,2026-09-16,13.269,1,0.12
ps:aleatoire:1,12,2026-10-05,16.8,1,3.53
ps:aleatoire:1,13,2026-10-22,13.297,1,-3.5
ps:aleatoire:1,14,2026-11-09,13.323,1,0.03
ps:aleatoire:1,15,2026-11-28,13.174,1,-0.15
ps:aleatoire:1,16,2026-12-10,16.7,1,3.53
ps:aleatoire:1,17,2026-12-23,13.324,1,-3.38
ps:aleatoire:1,18,2027-01-10,12.568,3,-0.76
ps:aleatoire:1,19,2027-01-28,12.187,3,-0.38
ps:aleatoire:1,20,2027-02-14,12.6,3,0.41
ps:aleatoire:1,21,2027-03-03,12.238,3,-0.36
ps:aleatoire:1,22,2027-03-16,12.481,3,0.24
ps:aleatoire:1,23,2027-03-30,12.631,3,0.15
ps:aleatoire:1,24,2027-04-17,12.475,3,-0.16
ps:aleatoire:1,25,2027-04-18,12.69,3,0.21
ps:aleatoire:2,1,2026-04-18,12.688,2,3.59
ps:aleatoire:2,2,2026-05-03,12.901,1,0.21
ps:aleatoire:2,3,2026-05-16,13.216,1,0.31
ps:aleatoire:2,4,2026-06-01,14.3,1,1.08
ps:aleatoire:2,5,2026-06-20,13.686,1,-0.61
ps:aleatoire:2,6,2026-07-06,13.875,1,0.19
ps:aleatoire:2,7,2026-07-23,13.728,1,-0.15
ps:aleatoire:2,8,2026-08-08,16.4,1,2.67
ps:aleatoire:2,9,2026-08-23,13.966,1,-2.43
ps:aleatoire:2,10,2026-09-09,14.028,1,0.06
ps:aleatoire:2,11,2026-09-25,14.141,1,0.11
ps:aleatoire:2,12,2026-10-07,11.4,4,-2.74
ps:aleatoire:2,13,2026-10-20,14.724,1,3.32
ps:aleatoire:2,14,2026-11-06,14.938,1,0.21
ps:aleatoire:2,15,2026-11-25,15.014,1,0.08
ps:aleatoire:2,16,2026-12-13,12.9,1,-2.11
ps:aleatoire:2,17,2026-12-29,15.641,1,2.74
ps:aleatoire:2,18,2027-01-16,16.33,1,0.69
ps:aleatoire:2,19,2027-02-01,16.482,1,0.15
ps:aleatoire:2,20,2027-02-18,16.5,1,0.02
ps:aleatoire:2,21,2027-03-02,16.518,1,0.02
ps:aleatoire:2,22,2027-03-18,16.563,1,0.04
ps:aleatoire:2,23,2027-04-05,16.651,1,0.09
ps:aleatoire:2,24,2027-04-17,16.76,1,0.11
ps:aleatoire:2,25,2027-04-18,16.906,1,0.15
ps:aleatoire:2,26,2027-04-20,17.001,1,0.1
ps:aleatoire:2,27,2027-04-22,17.133,1,0.13
ps:aleatoire:2,28,2027-04-24,16.1,1,-1.03
ps:aleatoire:2,29,2027-04-26,17.534,1,1.43
ps:aleatoire:3,1,2026-04-18,11.724,4,-0.88
ps:aleatoire:3,2,2026-05-04,11.796,4,0.07
ps:aleatoire:3,3,2026-05-17,11.85,3,0.05
ps:aleatoire:3,4,2026-05-31,14.1,1,2.25
ps:aleatoire:3,5,2026-06-16,12.344,3,-1.76
ps:aleatoire:3,6,2026-07-02,12.643,2,0.3
ps:aleatoire:3,7,2026-07-15,12.736,2,0.09
ps:aleatoire:3,8,2026-07-31,15.1,1,2.36
ps:aleatoire:3,9,2026-08-15,12.14,3,-2.96
ps:aleatoire:3,10,2026-08-28,12.229,3,0.09
ps:aleatoire:3,11,2026-09-11,12.231,3,0
ps:aleatoire:3,12,2026-09-27,12.1,3,-0.13
ps:aleatoire:3,13,2026-10-11,12.444,2,0.34
ps:aleatoire:3,14,2026-10-30,12.444,2,0
ps:aleatoire:3,15,2026-11-16,12.447,2,0
ps:aleatoire:3,16,2026-12-01,12.5,2,0.05
ps:aleatoire:3,17,2026-12-17,12.59,2,0.09
ps:aleatoire:3,18,2027-01-02,12.798,2,0.21
ps:aleatoire:3,19,2027-01-21,13,2,0.2
ps:aleatoire:3,20,2027-02-10,15.4,1,2.4
ps:aleatoire:3,21,2027-02-28,13.522,1,-1.88
ps:aleatoire:3,22,2027-03-15,13.628,1,0.11
ps:aleatoire:3,23,2027-04-01,13.693,1,0.06
ps:aleatoire:3,24,2027-04-17,13.68,1,-0.01
ps:aleatoire:3,25,2027-04-18,13.842,1,0.16
ps:aleatoire:3,26,2027-04-20,14.086,1,0.24
ps:aleatoire:3,27,2027-04-22,14.222,1,0.14
ps:aleatoire:3,28,2027-04-24,11.8,3,-2.42
ps:aleatoire:3,29,2027-04-26,15.272,1,3.47
ps:prudent:0,1,2026-04-18,11.842,4,1.34
ps:prudent:0,2,2026-05-02,11.972,3,0.13
ps:prudent:0,3,2026-05-16,12.586,2,0.61
ps:prudent:0,4,2026-06-03,8.1,8,-4.49
ps:prudent:0,5,2026-06-15,13.26,1,5.16
ps:prudent:0,6,2026-07-01,13.49,1,0.23
ps:prudent:0,7,2026-07-20,13.763,1,0.27
ps:prudent:0,8,2026-08-02,11.5,4,-2.26
ps:prudent:0,9,2026-08-15,13.949,1,2.45
ps:prudent:0,10,2026-08-28,13.902,1,-0.05
ps:prudent:0,11,2026-09-16,14.015,1,0.11
ps:prudent:0,12,2026-10-02,11,6,-3.02
ps:prudent:0,13,2026-10-21,14.29,1,3.29
ps:prudent:0,14,2026-11-04,14.388,1,0.1
ps:prudent:0,15,2026-11-18,14.53,1,0.14
ps:prudent:0,16,2026-12-03,17,1,2.47
ps:prudent:0,17,2026-12-20,14.834,1,-2.17
ps:prudent:0,18,2027-01-06,14.961,1,0.13
ps:prudent:0,19,2027-01-22,15.025,1,0.06
ps:prudent:0,20,2027-02-10,13.3,1,-1.72
ps:prudent:0,21,2027-02-27,15.474,1,2.17
ps:prudent:0,22,2027-03-18,15.513,1,0.04
ps:prudent:0,23,2027-04-01,15.655,1,0.14
ps:prudent:0,24,2027-04-17,15.667,1,0.01
ps:prudent:0,25,2027-04-18,15.733,1,0.07
ps:prudent:0,26,2027-04-20,15.821,1,0.09
ps:prudent:0,27,2027-04-22,15.835,1,0.01
ps:prudent:0,28,2027-04-24,15.2,1,-0.64
ps:prudent:0,29,2027-04-26,15.936,1,0.74
ps:prudent:0,30,2027-05-02,15.73,1,-0.21
ps:prudent:0,31,2027-05-03,15.591,1,-0.14
ps:prudent:1,1,2026-04-18,11.922,3,2.02
ps:prudent:1,2,2026-04-30,12.218,3,0.3
ps:prudent:1,3,2026-05-13,12.396,3,0.18
ps:prudent:1,4,2026-05-28,10.9,6,-1.5
ps:prudent:1,5,2026-06-14,12.884,2,1.98
ps:prudent:1,6,2026-06-29,13.171,1,0.29
ps:prudent:1,7,2026-07-14,13.275,1,0.1
ps:prudent:1,8,2026-07-31,14.5,1,1.22
ps:prudent:1,9,2026-08-16,13.691,1,-0.81
ps:prudent:1,10,2026-08-31,13.958,1,0.27
ps:prudent:1,11,2026-09-16,14.19,1,0.23
ps:prudent:1,12,2026-10-05,17.5,1,3.31
ps:prudent:1,13,2026-10-22,14.605,1,-2.89
ps:prudent:1,14,2026-11-09,14.941,1,0.34
ps:prudent:1,15,2026-11-28,15.166,1,0.22
ps:prudent:1,16,2026-12-10,18.5,1,3.33
ps:prudent:1,17,2026-12-23,14.836,1,-3.66
ps:prudent:1,18,2027-01-10,14.854,1,0.02
ps:prudent:1,19,2027-01-28,14.833,1,-0.02
ps:prudent:1,20,2027-02-14,15.3,1,0.47
ps:prudent:1,21,2027-03-03,14.981,1,-0.32
ps:prudent:1,22,2027-03-16,15.085,1,0.1
ps:prudent:1,23,2027-03-30,15.106,1,0.02
ps:prudent:1,24,2027-04-17,15.381,1,0.28
ps:prudent:1,25,2027-04-18,15.552,1,0.17
ps:prudent:2,1,2026-04-18,12.872,1,3.77
ps:prudent:2,2,2026-05-03,13.148,1,0.28
ps:prudent:2,3,2026-05-16,13.211,1,0.06
ps:prudent:2,4,2026-06-01,14.2,1,0.99
ps:prudent:2,5,2026-06-20,13.735,1,-0.46
ps:prudent:2,6,2026-07-06,13.946,1,0.21
ps:prudent:2,7,2026-07-23,13.802,1,-0.14
ps:prudent:2,8,2026-08-08,16.6,1,2.8
ps:prudent:2,9,2026-08-23,14.337,1,-2.26
ps:prudent:2,10,2026-09-09,14.437,1,0.1
ps:prudent:2,11,2026-09-25,14.515,1,0.08
ps:prudent:2,12,2026-10-07,11.7,3,-2.82
ps:prudent:2,13,2026-10-20,14.829,1,3.13
ps:prudent:2,14,2026-11-06,14.861,1,0.03
ps:prudent:2,15,2026-11-25,14.92,1,0.06
ps:prudent:2,16,2026-12-13,12.8,1,-2.12
ps:prudent:2,17,2026-12-29,15.087,1,2.29
ps:prudent:2,18,2027-01-16,15.601,1,0.51
ps:prudent:2,19,2027-02-01,15.93,1,0.33
ps:prudent:2,20,2027-02-18,16.3,1,0.37
ps:prudent:2,21,2027-03-02,16.24,1,-0.06
ps:prudent:2,22,2027-03-18,16.366,1,0.13
ps:prudent:2,23,2027-04-05,16.52,1,0.15
ps:prudent:2,24,2027-04-17,16.634,1,0.11
ps:prudent:2,25,2027-04-18,16.625,1,-0.01
ps:prudent:2,26,2027-04-20,16.664,1,0.04
ps:prudent:2,27,2027-04-22,16.717,1,0.05
ps:prudent:2,28,2027-04-24,15.7,1,-1.02
ps:prudent:2,29,2027-04-26,17.011,1,1.31
ps:prudent:3,1,2026-04-18,11.87,3,-0.73
ps:prudent:3,2,2026-05-04,12.123,3,0.25
ps:prudent:3,3,2026-05-17,12.238,3,0.12
ps:prudent:3,4,2026-05-31,14.2,1,1.96
ps:prudent:3,5,2026-06-16,12.542,2,-1.66
ps:prudent:3,6,2026-07-02,12.877,2,0.34
ps:prudent:3,7,2026-07-15,13.156,1,0.28
ps:prudent:3,8,2026-07-31,15.7,1,2.54
ps:prudent:3,9,2026-08-15,13.069,1,-2.63
ps:prudent:3,10,2026-08-28,13.275,1,0.21
ps:prudent:3,11,2026-09-11,13.317,1,0.04
ps:prudent:3,12,2026-09-27,13,1,-0.32
ps:prudent:3,13,2026-10-11,13.46,1,0.46
ps:prudent:3,14,2026-10-30,13.809,1,0.35
ps:prudent:3,15,2026-11-16,13.959,1,0.15
ps:prudent:3,16,2026-12-01,13.8,1,-0.16
ps:prudent:3,17,2026-12-17,14.159,1,0.36
ps:prudent:3,18,2027-01-02,14.638,1,0.48
ps:prudent:3,19,2027-01-21,15.163,1,0.53
ps:prudent:3,20,2027-02-10,17.3,1,2.14
ps:prudent:3,21,2027-02-28,16.23,1,-1.07
ps:prudent:3,22,2027-03-15,16.511,1,0.28
ps:prudent:3,23,2027-03-30,16.787,1,0.28
ps:prudent:3,24,2027-04-17,16.909,1,0.12
ps:prudent:3,25,2027-04-18,16.946,1,0.04
ps:prudent:3,26,2027-04-20,17.118,1,0.17
ps:prudent:3,27,2027-04-22,17.084,1,-0.03
ps:prudent:3,28,2027-04-24,14.4,1,-2.68
ps:prudent:3,29,2027-04-26,17.144,1,2.74
ps:prudent:3,30,2027-05-02,16.988,1,-0.16
ps:prudent:3,31,2027-05-03,17.051,1,0.06
ps:risque:0,1,2026-04-18,11.626,4,1.13
ps:risque:0,2,2026-05-02,11.828,4,0.2
ps:risque:0,3,2026-05-16,12.191,3,0.36
ps:risque:0,4,2026-06-03,7.8,8,-4.39
ps:risque:0,5,2026-06-15,12.687,2,4.89
ps:risque:0,6,2026-07-02,13.407,1,0.72
ps:risque:0,7,2026-07-21,13.696,1,0.29
ps:risque:0,8,2026-08-02,11.3,4,-2.4
ps:risque:0,9,2026-08-15,14.242,1,2.94
ps:risque:0,10,2026-09-02,14.363,1,0.12
ps:risque:0,11,2026-09-21,14.569,1,0.21
ps:risque:0,12,2026-10-07,11.4,4,-3.17
ps:risque:0,13,2026-10-26,14.804,1,3.4
ps:risque:0,14,2026-11-08,14.972,1,0.17
ps:risque:0,15,2026-11-22,15.063,1,0.09
ps:risque:0,16,2026-12-07,17.6,1,2.54
ps:risque:0,17,2026-12-23,15.476,1,-2.12
ps:risque:0,18,2027-01-08,15.594,1,0.12
ps:risque:0,19,2027-01-23,15.773,1,0.18
ps:risque:0,20,2027-02-11,14,1,-1.77
ps:risque:0,21,2027-02-28,16.023,1,2.02
ps:risque:0,22,2027-03-19,15.88,1,-0.14
ps:risque:0,23,2027-04-02,16.077,1,0.2
ps:risque:0,24,2027-04-17,16.381,1,0.3
ps:risque:0,25,2027-04-18,16.677,1,0.3
ps:risque:0,26,2027-04-20,16.843,1,0.17
ps:risque:0,27,2027-04-22,16.905,1,0.06
ps:risque:0,28,2027-04-24,15.6,1,-1.31
ps:risque:0,29,2027-04-26,16.13,1,0.53
ps:risque:0,30,2027-05-02,15.902,1,-0.23
ps:risque:0,31,2027-05-03,15.94,1,0.04
ps:risque:1,1,2026-04-18,11.922,3,2.02
ps:risque:1,2,2026-04-30,12.218,3,0.3
ps:risque:1,3,2026-05-13,12.396,3,0.18
ps:risque:1,4,2026-05-28,10.9,6,-1.5
ps:risque:1,5,2026-06-14,13.047,1,2.15
ps:risque:1,6,2026-06-29,13.325,1,0.28
ps:risque:1,7,2026-07-14,13.933,1,0.61
ps:risque:1,8,2026-07-31,15,1,1.07
ps:risque:1,9,2026-08-16,14.613,1,-0.39
ps:risque:1,10,2026-08-31,14.903,1,0.29
ps:risque:1,11,2026-09-16,15.124,1,0.22
ps:risque:1,12,2026-10-05,18.3,1,3.18
ps:risque:1,13,2026-10-22,15.525,1,-2.78
ps:risque:1,14,2026-11-09,15.479,1,-0.05
ps:risque:1,15,2026-11-28,15.264,1,-0.21
ps:risque:1,16,2026-12-10,18.6,1,3.34
ps:risque:1,17,2026-12-23,15.144,1,-3.46
ps:risque:1,18,2027-01-10,15.343,1,0.2
ps:risque:1,19,2027-01-28,15.315,1,-0.03
ps:risque:1,20,2027-02-14,15.7,1,0.38
ps:risque:1,21,2027-03-03,15.231,1,-0.47
ps:risque:1,22,2027-03-16,15.271,1,0.04
ps:risque:1,23,2027-03-30,15.378,1,0.11
ps:risque:1,24,2027-04-17,15.762,1,0.38
ps:risque:1,25,2027-04-18,15.916,1,0.15
ps:risque:2,1,2026-04-18,12.872,1,3.77
ps:risque:2,2,2026-05-03,13.148,1,0.28
ps:risque:2,3,2026-05-16,13.329,1,0.18
ps:risque:2,4,2026-06-01,14.3,1,0.97
ps:risque:2,5,2026-06-20,13.71,1,-0.59
ps:risque:2,6,2026-07-06,13.598,1,-0.11
ps:risque:2,7,2026-07-23,13.687,1,0.09
ps:risque:2,8,2026-08-08,16.6,1,2.91
ps:risque:2,9,2026-08-23,14.344,1,-2.26
ps:risque:2,10,2026-09-09,14.527,1,0.18
ps:risque:2,11,2026-09-25,14.676,1,0.15
ps:risque:2,12,2026-10-07,11.9,2,-2.78
ps:risque:2,13,2026-10-20,14.965,1,3.06
ps:risque:2,14,2026-11-06,14.99,1,0.03
ps:risque:2,15,2026-11-25,15.063,1,0.07
ps:risque:2,16,2026-12-13,13.2,1,-1.86
ps:risque:2,17,2026-12-29,15.823,1,2.62
ps:risque:2,18,2027-01-16,16.14,1,0.32
ps:risque:2,19,2027-02-01,16.297,1,0.16
ps:risque:2,20,2027-02-18,16.8,1,0.5
ps:risque:2,21,2027-03-02,16.828,1,0.03
ps:risque:2,22,2027-03-18,16.907,1,0.08
ps:risque:2,23,2027-04-05,17.095,1,0.19
ps:risque:2,24,2027-04-17,17.291,1,0.2
ps:risque:2,25,2027-04-18,17.579,1,0.29
ps:risque:2,26,2027-04-20,17.725,1,0.15
ps:risque:2,27,2027-04-22,18.267,1,0.54
ps:risque:2,28,2027-04-24,17.2,1,-1.07
ps:risque:2,29,2027-04-26,19.049,1,1.85
ps:risque:3,1,2026-04-18,11.87,3,-0.73
ps:risque:3,2,2026-05-04,12.123,3,0.25
ps:risque:3,3,2026-05-17,12.238,3,0.12
ps:risque:3,4,2026-05-31,14.3,1,2.06
ps:risque:3,5,2026-06-16,12.756,2,-1.54
ps:risque:3,6,2026-07-02,13.158,1,0.4
ps:risque:3,7,2026-07-15,13.435,1,0.28
ps:risque:3,8,2026-07-31,15.7,1,2.26
ps:risque:3,9,2026-08-15,13.301,1,-2.4
ps:risque:3,10,2026-08-28,13.654,1,0.35
ps:risque:3,11,2026-09-11,13.953,1,0.3
ps:risque:3,12,2026-09-27,13.5,1,-0.45
ps:risque:3,13,2026-10-11,14.013,1,0.51
ps:risque:3,14,2026-10-30,14.293,1,0.28
ps:risque:3,15,2026-11-16,14.482,1,0.19
ps:risque:3,16,2026-12-01,14.4,1,-0.08
ps:risque:3,17,2026-12-17,14.809,1,0.41
ps:risque:3,18,2027-01-02,15.321,1,0.51
ps:risque:3,19,2027-01-21,15.853,1,0.53
ps:risque:3,20,2027-02-10,17.9,1,2.05
ps:risque:3,21,2027-02-28,16.539,1,-1.36
ps:risque:3,22,2027-03-15,16.812,1,0.27
ps:risque:3,23,2027-03-30,17.098,1,0.29
ps:risque:3,24,2027-04-17,17.272,1,0.17
ps:risque:3,25,2027-04-18,17.283,1,0.01
ps:risque:3,26,2027-04-20,16.843,1,-0.44
ps:risque:3,27,2027-04-22,17.157,1,0.31
ps:risque:3,28,2027-04-24,14.8,1,-2.36
ps:risque:3,29,2027-04-26,17.636,1,2.84
ps:risque:3,30,2027-05-02,17.577,1,-0.06
ps:risque:3,31,2027-05-03,17.476,1,-0.1
ps:ideologiquement_coherent:0,1,2026-04-18,11.816,4,1.32
ps:ideologiquement_coherent:0,2,2026-05-02,11.937,3,0.12
ps:ideologiquement_coherent:0,3,2026-05-16,12.548,2,0.61
ps:ideologiquement_coherent:0,4,2026-06-03,8.1,8,-4.45
ps:ideologiquement_coherent:0,5,2026-06-15,13.076,1,4.98
ps:ideologiquement_coherent:0,6,2026-07-01,13.297,1,0.22
ps:ideologiquement_coherent:0,7,2026-07-14,13.109,1,-0.19
ps:ideologiquement_coherent:0,8,2026-07-27,13,1,-0.11
ps:ideologiquement_coherent:0,9,2026-08-11,13.333,1,0.33
ps:ideologiquement_coherent:0,10,2026-08-24,13.651,1,0.32
ps:ideologiquement_coherent:0,11,2026-09-06,13.849,1,0.2
ps:ideologiquement_coherent:0,12,2026-09-24,12.5,2,-1.35
ps:ideologiquement_coherent:0,13,2026-10-12,14.567,1,2.07
ps:ideologiquement_coherent:0,14,2026-10-27,14.827,1,0.26
ps:ideologiquement_coherent:0,15,2026-11-11,14.869,1,0.04
ps:ideologiquement_coherent:0,16,2026-11-25,13.6,1,-1.27
ps:ideologiquement_coherent:0,17,2026-12-11,15.025,1,1.43
ps:ideologiquement_coherent:0,18,2026-12-31,15.53,1,0.5
ps:ideologiquement_coherent:0,19,2027-01-17,15.867,1,0.34
ps:ideologiquement_coherent:0,20,2027-02-02,12.6,2,-3.27
ps:ideologiquement_coherent:0,21,2027-02-23,16.338,1,3.74
ps:ideologiquement_coherent:0,22,2027-03-14,16.311,1,-0.03
ps:ideologiquement_coherent:0,23,2027-03-30,16.356,1,0.05
ps:ideologiquement_coherent:0,24,2027-04-17,16.533,1,0.18
ps:ideologiquement_coherent:0,25,2027-04-18,16.578,1,0.04
ps:ideologiquement_coherent:0,26,2027-04-20,16.781,1,0.2
ps:ideologiquement_coherent:0,27,2027-04-22,17.052,1,0.27
ps:ideologiquement_coherent:0,28,2027-04-24,21,1,3.95
ps:ideologiquement_coherent:0,29,2027-04-26,17.294,1,-3.71
ps:ideologiquement_coherent:0,30,2027-05-02,17.181,1,-0.11
ps:ideologiquement_coherent:0,31,2027-05-03,17.117,1,-0.06
ps:ideologiquement_coherent:1,1,2026-04-18,11.617,4,1.72
ps:ideologiquement_coherent:1,2,2026-04-30,11.729,4,0.11
ps:ideologiquement_coherent:1,3,2026-05-13,11.918,3,0.19
ps:ideologiquement_coherent:1,4,2026-05-28,10.6,7,-1.32
ps:ideologiquement_coherent:1,5,2026-06-14,12.236,3,1.64
ps:ideologiquement_coherent:1,6,2026-06-29,12.46,2,0.22
ps:ideologiquement_coherent:1,7,2026-07-14,12.585,2,0.13
ps:ideologiquement_coherent:1,8,2026-07-31,14.1,1,1.51
ps:ideologiquement_coherent:1,9,2026-08-16,13.261,1,-0.84
ps:ideologiquement_coherent:1,10,2026-08-31,13.563,1,0.3
ps:ideologiquement_coherent:1,11,2026-09-16,13.78,1,0.22
ps:ideologiquement_coherent:1,12,2026-10-05,17.1,1,3.32
ps:ideologiquement_coherent:1,13,2026-10-22,14.203,1,-2.9
ps:ideologiquement_coherent:1,14,2026-11-09,14.4,1,0.2
ps:ideologiquement_coherent:1,15,2026-11-28,14.684,1,0.28
ps:ideologiquement_coherent:1,16,2026-12-10,18,1,3.32
ps:ideologiquement_coherent:1,17,2026-12-23,14.999,1,-3
ps:ideologiquement_coherent:1,18,2027-01-10,15.271,1,0.27
ps:ideologiquement_coherent:1,19,2027-01-28,15.335,1,0.06
ps:ideologiquement_coherent:1,20,2027-02-14,15.6,1,0.26
ps:ideologiquement_coherent:1,21,2027-03-03,15.571,1,-0.03
ps:ideologiquement_coherent:1,22,2027-03-16,15.664,1,0.09
ps:ideologiquement_coherent:1,23,2027-03-30,15.814,1,0.15
ps:ideologiquement_coherent:1,24,2027-04-17,16.031,1,0.22
ps:ideologiquement_coherent:1,25,2027-04-18,16.119,1,0.09
ps:ideologiquement_coherent:2,1,2026-04-18,12.688,2,3.59
ps:ideologiquement_coherent:2,2,2026-05-03,12.901,1,0.21
ps:ideologiquement_coherent:2,3,2026-05-16,13.061,1,0.16
ps:ideologiquement_coherent:2,4,2026-06-01,14,1,0.94
ps:ideologiquement_coherent:2,5,2026-06-20,13.287,1,-0.71
ps:ideologiquement_coherent:2,6,2026-07-06,13.465,1,0.18
ps:ideologiquement_coherent:2,7,2026-07-23,13.653,1,0.19
ps:ideologiquement_coherent:2,8,2026-08-08,16.3,1,2.65
ps:ideologiquement_coherent:2,9,2026-08-23,14.04,1,-2.26
ps:ideologiquement_coherent:2,10,2026-09-09,14.109,1,0.07
ps:ideologiquement_coherent:2,11,2026-09-25,14.123,1,0.01
ps:ideologiquement_coherent:2,12,2026-10-07,11.4,4,-2.72
ps:ideologiquement_coherent:2,13,2026-10-20,14.84,1,3.44
ps:ideologiquement_coherent:2,14,2026-11-06,15.057,1,0.22
ps:ideologiquement_coherent:2,15,2026-11-25,15.177,1,0.12
ps:ideologiquement_coherent:2,16,2026-12-13,13,1,-2.18
ps:ideologiquement_coherent:2,17,2026-12-29,15.739,1,2.74
ps:ideologiquement_coherent:2,18,2027-01-16,16.406,1,0.67
ps:ideologiquement_coherent:2,19,2027-02-01,16.698,1,0.29
ps:ideologiquement_coherent:2,20,2027-02-18,17,1,0.3
ps:ideologiquement_coherent:2,21,2027-03-02,17.171,1,0.17
ps:ideologiquement_coherent:2,22,2027-03-18,17.202,1,0.03
ps:ideologiquement_coherent:2,23,2027-04-05,17.297,1,0.09
ps:ideologiquement_coherent:2,24,2027-04-17,17.403,1,0.11
ps:ideologiquement_coherent:2,25,2027-04-18,17.525,1,0.12
ps:ideologiquement_coherent:2,26,2027-04-20,17.551,1,0.03
ps:ideologiquement_coherent:2,27,2027-04-22,17.583,1,0.03
ps:ideologiquement_coherent:2,28,2027-04-24,16.6,1,-0.98
ps:ideologiquement_coherent:2,29,2027-04-26,17.882,1,1.28
ps:ideologiquement_coherent:3,1,2026-04-18,11.797,4,-0.8
ps:ideologiquement_coherent:3,2,2026-05-04,12.026,3,0.23
ps:ideologiquement_coherent:3,3,2026-05-17,12.134,3,0.11
ps:ideologiquement_coherent:3,4,2026-05-31,14.3,1,2.17
ps:ideologiquement_coherent:3,5,2026-06-16,12.652,2,-1.65
ps:ideologiquement_coherent:3,6,2026-07-02,13.063,1,0.41
ps:ideologiquement_coherent:3,7,2026-07-15,13.192,1,0.13
ps:ideologiquement_coherent:3,8,2026-07-31,15.7,1,2.51
ps:ideologiquement_coherent:3,9,2026-08-15,13.412,1,-2.29
ps:ideologiquement_coherent:3,10,2026-08-28,13.788,1,0.38
ps:ideologiquement_coherent:3,11,2026-09-11,13.886,1,0.1
ps:ideologiquement_coherent:3,12,2026-09-27,13.4,1,-0.49
ps:ideologiquement_coherent:3,13,2026-10-11,14.06,1,0.66
ps:ideologiquement_coherent:3,14,2026-10-30,14.404,1,0.34
ps:ideologiquement_coherent:3,15,2026-11-16,14.518,1,0.11
ps:ideologiquement_coherent:3,16,2026-12-01,14.4,1,-0.12
ps:ideologiquement_coherent:3,17,2026-12-17,14.803,1,0.4
ps:ideologiquement_coherent:3,18,2027-01-02,15.305,1,0.5
ps:ideologiquement_coherent:3,19,2027-01-21,15.838,1,0.53
ps:ideologiquement_coherent:3,20,2027-02-10,17.8,1,1.96
ps:ideologiquement_coherent:3,21,2027-02-28,16.708,1,-1.09
ps:ideologiquement_coherent:3,22,2027-03-15,16.984,1,0.28
ps:ideologiquement_coherent:3,23,2027-03-30,17.311,1,0.33
ps:ideologiquement_coherent:3,24,2027-04-17,17.564,1,0.25
ps:ideologiquement_coherent:3,25,2027-04-18,17.599,1,0.04
ps:ideologiquement_coherent:3,26,2027-04-20,17.77,1,0.17
ps:ideologiquement_coherent:3,27,2027-04-22,17.76,1,-0.01
ps:ideologiquement_coherent:3,28,2027-04-24,15.2,1,-2.56
ps:ideologiquement_coherent:3,29,2027-04-26,17.914,1,2.71
ps:ideologiquement_coherent:3,30,2027-05-02,17.765,1,-0.15
ps:ideologiquement_coherent:3,31,2027-05-03,17.805,1,0.04
ps:opportuniste_electoral:0,1,2026-04-18,11.626,4,1.13
ps:opportuniste_electoral:0,2,2026-05-02,11.828,4,0.2
ps:opportuniste_electoral:0,3,2026-05-16,12.468,2,0.64
ps:opportuniste_electoral:0,4,2026-06-03,8,8,-4.47
ps:opportuniste_electoral:0,5,2026-06-15,12.922,2,4.92
ps:opportuniste_electoral:0,6,2026-07-02,13.036,1,0.11
ps:opportuniste_electoral:0,7,2026-07-21,13.122,1,0.09
ps:opportuniste_electoral:0,8,2026-08-02,10.6,7,-2.52
ps:opportuniste_electoral:0,9,2026-08-15,12.757,2,2.16
ps:opportuniste_electoral:0,10,2026-09-02,12.741,2,-0.02
ps:opportuniste_electoral:0,11,2026-09-21,12.747,2,0.01
ps:opportuniste_electoral:0,12,2026-10-07,9.8,8,-2.95
ps:opportuniste_electoral:0,13,2026-10-26,12.888,2,3.09
ps:opportuniste_electoral:0,14,2026-11-08,13.211,1,0.32
ps:opportuniste_electoral:0,15,2026-11-22,13.419,1,0.21
ps:opportuniste_electoral:0,16,2026-12-07,15.9,1,2.48
ps:opportuniste_electoral:0,17,2026-12-23,13.979,1,-1.92
ps:opportuniste_electoral:0,18,2027-01-08,14.11,1,0.13
ps:opportuniste_electoral:0,19,2027-01-23,14.391,1,0.28
ps:opportuniste_electoral:0,20,2027-02-11,12.4,2,-1.99
ps:opportuniste_electoral:0,21,2027-02-28,14.193,1,1.79
ps:opportuniste_electoral:0,22,2027-03-19,14.01,1,-0.18
ps:opportuniste_electoral:0,23,2027-04-02,13.856,1,-0.15
ps:opportuniste_electoral:0,24,2027-04-17,13.922,1,0.07
ps:opportuniste_electoral:0,25,2027-04-18,14.035,1,0.11
ps:opportuniste_electoral:0,26,2027-04-20,14.301,1,0.27
ps:opportuniste_electoral:0,27,2027-04-22,14.384,1,0.08
ps:opportuniste_electoral:0,28,2027-04-24,12.9,2,-1.48
ps:opportuniste_electoral:0,29,2027-04-26,14.876,1,1.98
ps:opportuniste_electoral:0,30,2027-05-02,14.799,1,-0.08
ps:opportuniste_electoral:0,31,2027-05-03,14.842,1,0.04
ps:opportuniste_electoral:1,1,2026-04-18,11.922,3,2.02
ps:opportuniste_electoral:1,2,2026-04-30,12.046,3,0.12
ps:opportuniste_electoral:1,3,2026-05-13,12.09,3,0.04
ps:opportuniste_electoral:1,4,2026-05-28,10.7,7,-1.39
ps:opportuniste_electoral:1,5,2026-06-14,12.497,2,1.8
ps:opportuniste_electoral:1,6,2026-06-29,12.454,2,-0.04
ps:opportuniste_electoral:1,7,2026-07-14,12.972,2,0.52
ps:opportuniste_electoral:1,8,2026-07-31,14.4,1,1.43
ps:opportuniste_electoral:1,9,2026-08-16,13.819,1,-0.58
ps:opportuniste_electoral:1,10,2026-08-31,14.132,1,0.31
ps:opportuniste_electoral:1,11,2026-09-16,14.366,1,0.23
ps:opportuniste_electoral:1,12,2026-10-05,17.6,1,3.23
ps:opportuniste_electoral:1,13,2026-10-22,14.318,1,-3.28
ps:opportuniste_electoral:1,14,2026-11-09,14.503,1,0.19
ps:opportuniste_electoral:1,15,2026-11-28,14.361,1,-0.14
ps:opportuniste_electoral:1,16,2026-12-10,17.7,1,3.34
ps:opportuniste_electoral:1,17,2026-12-23,14.46,1,-3.24
ps:opportuniste_electoral:1,18,2027-01-10,14.644,1,0.18
ps:opportuniste_electoral:1,19,2027-01-28,14.971,1,0.33
ps:opportuniste_electoral:1,20,2027-02-14,15.2,1,0.23
ps:opportuniste_electoral:1,21,2027-03-03,15.144,1,-0.06
ps:opportuniste_electoral:1,22,2027-03-16,15.27,1,0.13
ps:opportuniste_electoral:1,23,2027-03-30,15.371,1,0.1
ps:opportuniste_electoral:1,24,2027-04-17,15.69,1,0.32
ps:opportuniste_electoral:1,25,2027-04-18,15.793,1,0.1
ps:opportuniste_electoral:2,1,2026-04-18,12.596,2,3.5
ps:opportuniste_electoral:2,2,2026-05-03,12.721,2,0.13
ps:opportuniste_electoral:2,3,2026-05-16,12.852,1,0.13
ps:opportuniste_electoral:2,4,2026-06-01,14,1,1.15
ps:opportuniste_electoral:2,5,2026-06-20,13.315,1,-0.69
ps:opportuniste_electoral:2,6,2026-07-06,13.209,1,-0.11
ps:opportuniste_electoral:2,7,2026-07-23,13.301,1,0.09
ps:opportuniste_electoral:2,8,2026-08-08,16.2,1,2.9
ps:opportuniste_electoral:2,9,2026-08-23,13.919,1,-2.28
ps:opportuniste_electoral:2,10,2026-09-09,13.797,1,-0.12
ps:opportuniste_electoral:2,11,2026-09-25,13.749,1,-0.05
ps:opportuniste_electoral:2,12,2026-10-07,11.1,6,-2.65
ps:opportuniste_electoral:2,13,2026-10-20,13.975,1,2.88
ps:opportuniste_electoral:2,14,2026-11-06,14.003,1,0.03
ps:opportuniste_electoral:2,15,2026-11-25,14.084,1,0.08
ps:opportuniste_electoral:2,16,2026-12-13,12.1,2,-1.98
ps:opportuniste_electoral:2,17,2026-12-29,14.621,1,2.52
ps:opportuniste_electoral:2,18,2027-01-16,15.285,1,0.66
ps:opportuniste_electoral:2,19,2027-02-01,15.389,1,0.1
ps:opportuniste_electoral:2,20,2027-02-18,15.7,1,0.31
ps:opportuniste_electoral:2,21,2027-03-02,15.738,1,0.04
ps:opportuniste_electoral:2,22,2027-03-18,15.856,1,0.12
ps:opportuniste_electoral:2,23,2027-04-05,15.829,1,-0.03
ps:opportuniste_electoral:2,24,2027-04-17,15.754,1,-0.08
ps:opportuniste_electoral:2,25,2027-04-18,16.022,1,0.27
ps:opportuniste_electoral:2,26,2027-04-20,16.172,1,0.15
ps:opportuniste_electoral:2,27,2027-04-22,16.325,1,0.15
ps:opportuniste_electoral:2,28,2027-04-24,14.8,1,-1.52
ps:opportuniste_electoral:2,29,2027-04-26,16.236,1,1.44
ps:opportuniste_electoral:3,1,2026-04-18,11.87,3,-0.73
ps:opportuniste_electoral:3,2,2026-05-04,11.991,3,0.12
ps:opportuniste_electoral:3,3,2026-05-17,12.061,3,0.07
ps:opportuniste_electoral:3,4,2026-05-31,14.1,1,2.04
ps:opportuniste_electoral:3,5,2026-06-16,12.345,3,-1.75
ps:opportuniste_electoral:3,6,2026-07-02,12.473,2,0.13
ps:opportuniste_electoral:3,7,2026-07-15,12.689,2,0.22
ps:opportuniste_electoral:3,8,2026-07-31,15.1,1,2.41
ps:opportuniste_electoral:3,9,2026-08-15,12.465,2,-2.63
ps:opportuniste_electoral:3,10,2026-08-28,12.801,2,0.34
ps:opportuniste_electoral:3,11,2026-09-11,13.102,1,0.3
ps:opportuniste_electoral:3,12,2026-09-27,12.8,2,-0.3
ps:opportuniste_electoral:3,13,2026-10-11,13.245,1,0.44
ps:opportuniste_electoral:3,14,2026-10-30,13.178,1,-0.07
ps:opportuniste_electoral:3,15,2026-11-16,13.159,1,-0.02
ps:opportuniste_electoral:3,16,2026-12-01,13.2,1,0.04
ps:opportuniste_electoral:3,17,2026-12-17,13.303,1,0.1
ps:opportuniste_electoral:3,18,2027-01-02,13.585,1,0.28
ps:opportuniste_electoral:3,19,2027-01-21,13.789,1,0.2
ps:opportuniste_electoral:3,20,2027-02-10,16.1,1,2.31
ps:opportuniste_electoral:3,21,2027-02-28,14.614,1,-1.49
ps:opportuniste_electoral:3,22,2027-03-15,14.804,1,0.19
ps:opportuniste_electoral:3,23,2027-04-01,15.072,1,0.27
ps:opportuniste_electoral:3,24,2027-04-17,15.232,1,0.16
ps:opportuniste_electoral:3,25,2027-04-18,15.423,1,0.19
ps:opportuniste_electoral:3,26,2027-04-20,15.703,1,0.28
ps:opportuniste_electoral:3,27,2027-04-22,15.71,1,0.01
ps:opportuniste_electoral:3,28,2027-04-24,12.9,1,-2.81
ps:opportuniste_electoral:3,29,2027-04-26,16.021,1,3.12
ps:opportuniste_electoral:3,30,2027-05-02,15.99,1,-0.03
ps:opportuniste_electoral:3,31,2027-05-03,16.137,1,0.15
ps:parti_dabord:0,1,2026-04-18,11.842,4,1.34
ps:parti_dabord:0,2,2026-05-02,12.117,3,0.28
ps:parti_dabord:0,3,2026-05-16,12.778,2,0.66
ps:parti_dabord:0,4,2026-06-03,8.2,8,-4.58
ps:parti_dabord:0,5,2026-06-15,13.277,1,5.08
ps:parti_dabord:0,6,2026-07-01,13.374,1,0.1
ps:parti_dabord:0,7,2026-07-20,13.59,1,0.22
ps:parti_dabord:0,8,2026-08-02,11.3,4,-2.29
ps:parti_dabord:0,9,2026-08-15,14.031,1,2.73
ps:parti_dabord:0,10,2026-08-28,14.092,1,0.06
ps:parti_dabord:0,11,2026-09-16,14.176,1,0.08
ps:parti_dabord:0,12,2026-10-02,11.1,6,-3.08
ps:parti_dabord:0,13,2026-10-21,14.463,1,3.36
ps:parti_dabord:0,14,2026-11-04,14.637,1,0.17
ps:parti_dabord:0,15,2026-11-18,14.682,1,0.04
ps:parti_dabord:0,16,2026-12-03,17.2,1,2.52
ps:parti_dabord:0,17,2026-12-20,14.913,1,-2.29
ps:parti_dabord:0,18,2027-01-06,14.996,1,0.08
ps:parti_dabord:0,19,2027-01-22,15.172,1,0.18
ps:parti_dabord:0,20,2027-02-10,13.5,1,-1.67
ps:parti_dabord:0,21,2027-02-27,15.537,1,2.04
ps:parti_dabord:0,22,2027-03-18,15.804,1,0.27
ps:parti_dabord:0,23,2027-04-01,15.906,1,0.1
ps:parti_dabord:0,24,2027-04-17,16.318,1,0.41
ps:parti_dabord:0,25,2027-04-18,16.825,1,0.51
ps:parti_dabord:0,26,2027-04-20,17.039,1,0.21
ps:parti_dabord:0,27,2027-04-22,17.084,1,0.04
ps:parti_dabord:0,28,2027-04-24,21.3,1,4.22
ps:parti_dabord:0,29,2027-04-26,16.958,1,-4.34
ps:parti_dabord:0,30,2027-05-02,16.609,1,-0.35
ps:parti_dabord:0,31,2027-05-03,16.551,1,-0.06
ps:parti_dabord:1,1,2026-04-18,11.922,3,2.02
ps:parti_dabord:1,2,2026-04-30,12.218,3,0.3
ps:parti_dabord:1,3,2026-05-13,12.396,3,0.18
ps:parti_dabord:1,4,2026-05-28,10.9,6,-1.5
ps:parti_dabord:1,5,2026-06-14,12.877,2,1.98
ps:parti_dabord:1,6,2026-06-29,12.84,2,-0.04
ps:parti_dabord:1,7,2026-07-14,12.886,2,0.05
ps:parti_dabord:1,8,2026-07-31,14.2,1,1.31
ps:parti_dabord:1,9,2026-08-16,13.184,1,-1.02
ps:parti_dabord:1,10,2026-08-31,13.054,1,-0.13
ps:parti_dabord:1,11,2026-09-16,13.158,1,0.1
ps:parti_dabord:1,12,2026-10-05,16.8,1,3.64
ps:parti_dabord:1,13,2026-10-22,13.707,1,-3.09
ps:parti_dabord:1,14,2026-11-09,13.791,1,0.08
ps:parti_dabord:1,15,2026-11-28,14.05,1,0.26
ps:parti_dabord:1,16,2026-12-10,17.4,1,3.35
ps:parti_dabord:1,17,2026-12-23,14.389,1,-3.01
ps:parti_dabord:1,18,2027-01-10,14.501,1,0.11
ps:parti_dabord:1,19,2027-01-28,13.862,1,-0.64
ps:parti_dabord:1,20,2027-02-11,15.4,1,1.54
ps:parti_dabord:1,21,2027-03-01,13.816,1,-1.58
ps:parti_dabord:1,22,2027-03-18,13.888,1,0.07
ps:parti_dabord:1,23,2027-03-31,14.061,1,0.17
ps:parti_dabord:1,24,2027-04-16,14.409,1,0.35
ps:parti_dabord:1,25,2027-04-18,14.586,1,0.18
ps:parti_dabord:1,26,2027-04-20,14.656,1,0.07
ps:parti_dabord:1,27,2027-04-22,14.733,1,0.08
ps:parti_dabord:1,28,2027-04-24,15.2,1,0.47
ps:parti_dabord:1,29,2027-04-26,15.492,1,0.29
ps:parti_dabord:1,30,2027-05-02,15.425,1,-0.07
ps:parti_dabord:1,31,2027-05-03,15.394,1,-0.03
ps:parti_dabord:2,1,2026-04-18,12.872,1,3.77
ps:parti_dabord:2,2,2026-05-03,13.148,1,0.28
ps:parti_dabord:2,3,2026-05-16,13.329,1,0.18
ps:parti_dabord:2,4,2026-06-01,14.2,1,0.87
ps:parti_dabord:2,5,2026-06-20,13.564,1,-0.64
ps:parti_dabord:2,6,2026-07-06,13.75,1,0.19
ps:parti_dabord:2,7,2026-07-23,13.939,1,0.19
ps:parti_dabord:2,8,2026-08-08,16.8,1,2.86
ps:parti_dabord:2,9,2026-08-23,14.601,1,-2.2
ps:parti_dabord:2,10,2026-09-09,14.483,1,-0.12
ps:parti_dabord:2,11,2026-09-25,14.532,1,0.05
ps:parti_dabord:2,12,2026-10-07,11.9,2,-2.63
ps:parti_dabord:2,13,2026-10-20,14.783,1,2.88
ps:parti_dabord:2,14,2026-11-06,14.837,1,0.05
ps:parti_dabord:2,15,2026-11-25,14.929,1,0.09
ps:parti_dabord:2,16,2026-12-13,13.1,1,-1.83
ps:parti_dabord:2,17,2026-12-29,15.543,1,2.44
ps:parti_dabord:2,18,2027-01-16,16.146,1,0.6
ps:parti_dabord:2,19,2027-02-01,16.481,1,0.34
ps:parti_dabord:2,20,2027-02-18,17,1,0.52
ps:parti_dabord:2,21,2027-03-02,17.181,1,0.18
ps:parti_dabord:2,22,2027-03-18,17.348,1,0.17
ps:parti_dabord:2,23,2027-04-05,17.309,1,-0.04
ps:parti_dabord:2,24,2027-04-17,17.308,1,0
ps:parti_dabord:2,25,2027-04-18,17.181,1,-0.13
ps:parti_dabord:2,26,2027-04-20,17.137,1,-0.04
ps:parti_dabord:2,27,2027-04-22,17.545,1,0.41
ps:parti_dabord:2,28,2027-04-24,16.3,1,-1.25
ps:parti_dabord:2,29,2027-04-26,17.332,1,1.03
ps:parti_dabord:3,1,2026-04-18,11.797,4,-0.8
ps:parti_dabord:3,2,2026-05-04,11.894,3,0.1
ps:parti_dabord:3,3,2026-05-17,11.949,3,0.05
ps:parti_dabord:3,4,2026-05-31,14,1,2.05
ps:parti_dabord:3,5,2026-06-16,12.227,3,-1.77
ps:parti_dabord:3,6,2026-07-02,12.354,3,0.13
ps:parti_dabord:3,7,2026-07-15,12.571,2,0.22
ps:parti_dabord:3,8,2026-07-31,15.3,1,2.73
ps:parti_dabord:3,9,2026-08-15,13.031,1,-2.27
ps:parti_dabord:3,10,2026-08-28,13.421,1,0.39
ps:parti_dabord:3,11,2026-09-11,13.735,1,0.31
ps:parti_dabord:3,12,2026-09-27,13.3,1,-0.43
ps:parti_dabord:3,13,2026-10-11,14.108,1,0.81
ps:parti_dabord:3,14,2026-10-30,14.477,1,0.37
ps:parti_dabord:3,15,2026-11-16,14.696,1,0.22
ps:parti_dabord:3,16,2026-12-01,14.5,1,-0.2
ps:parti_dabord:3,17,2026-12-17,14.942,1,0.44
ps:parti_dabord:3,18,2027-01-02,15.302,1,0.36
ps:parti_dabord:3,19,2027-01-21,15.768,1,0.47
ps:parti_dabord:3,20,2027-02-10,17.5,1,1.73
ps:parti_dabord:3,21,2027-02-28,16.041,1,-1.46
ps:parti_dabord:3,22,2027-03-15,16.262,1,0.22
ps:parti_dabord:3,23,2027-03-30,16.487,1,0.22
ps:parti_dabord:3,24,2027-04-17,16.63,1,0.14
ps:parti_dabord:3,25,2027-04-18,16.633,1,0
ps:parti_dabord:3,26,2027-04-20,16.664,1,0.03
ps:parti_dabord:3,27,2027-04-22,17.151,1,0.49
ps:parti_dabord:3,28,2027-04-24,14.7,1,-2.45
ps:parti_dabord:3,29,2027-04-26,17.448,1,2.75
ps:parti_dabord:3,30,2027-05-02,17.376,1,-0.07
ps:parti_dabord:3,31,2027-05-03,17.364,1,-0.01
ps:mediatique:0,1,2026-04-18,11.626,4,1.13
ps:mediatique:0,2,2026-05-02,11.645,4,0.02
ps:mediatique:0,3,2026-05-16,12.226,3,0.58
ps:mediatique:0,4,2026-06-03,7.8,8,-4.43
ps:mediatique:0,5,2026-06-15,12.759,2,4.96
ps:mediatique:0,6,2026-07-02,12.907,2,0.15
ps:mediatique:0,7,2026-07-21,13.004,1,0.1
ps:mediatique:0,8,2026-08-02,10.4,7,-2.6
ps:mediatique:0,9,2026-08-15,12.672,2,2.27
ps:mediatique:0,10,2026-09-02,12.661,2,-0.01
ps:mediatique:0,11,2026-09-21,12.672,2,0.01
ps:mediatique:0,12,2026-10-07,9.6,8,-3.07
ps:mediatique:0,13,2026-10-26,12.818,2,3.22
ps:mediatique:0,14,2026-11-08,12.745,2,-0.07
ps:mediatique:0,15,2026-11-22,12.743,2,0
ps:mediatique:0,16,2026-12-07,15.3,1,2.56
ps:mediatique:0,17,2026-12-23,13.095,2,-2.21
ps:mediatique:0,18,2027-01-08,13.184,2,0.09
ps:mediatique:0,19,2027-01-23,13.379,1,0.2
ps:mediatique:0,20,2027-02-11,11.6,3,-1.78
ps:mediatique:0,21,2027-02-28,13.201,1,1.6
ps:mediatique:0,22,2027-03-19,13.02,2,-0.18
ps:mediatique:0,23,2027-04-02,12.916,2,-0.1
ps:mediatique:0,24,2027-04-17,12.738,3,-0.18
ps:mediatique:0,25,2027-04-18,13.332,1,0.59
ps:mediatique:0,26,2027-04-20,13.637,1,0.3
ps:mediatique:0,27,2027-04-22,13.738,1,0.1
ps:mediatique:0,28,2027-04-24,12.2,3,-1.54
ps:mediatique:0,29,2027-04-26,14.161,1,1.96
ps:mediatique:0,30,2027-05-02,13.926,1,-0.23
ps:mediatique:0,31,2027-05-03,13.987,1,0.06
ps:mediatique:1,1,2026-04-18,11.922,3,2.02
ps:mediatique:1,2,2026-04-30,12.046,3,0.12
ps:mediatique:1,3,2026-05-13,11.849,3,-0.2
ps:mediatique:1,4,2026-05-28,10.4,8,-1.45
ps:mediatique:1,5,2026-06-14,11.934,3,1.53
ps:mediatique:1,6,2026-06-29,11.874,3,-0.06
ps:mediatique:1,7,2026-07-14,12.42,2,0.55
ps:mediatique:1,8,2026-07-31,13.9,1,1.48
ps:mediatique:1,9,2026-08-16,13.014,1,-0.89
ps:mediatique:1,10,2026-08-31,13.352,1,0.34
ps:mediatique:1,11,2026-09-16,13.629,1,0.28
ps:mediatique:1,12,2026-10-05,16.9,1,3.27
ps:mediatique:1,13,2026-10-22,13.548,1,-3.35
ps:mediatique:1,14,2026-11-09,13.35,1,-0.2
ps:mediatique:1,15,2026-11-28,13.087,1,-0.26
ps:mediatique:1,16,2026-12-10,16.5,1,3.41
ps:mediatique:1,17,2026-12-23,13.152,2,-3.35
ps:mediatique:1,18,2027-01-10,13.147,2,0
ps:mediatique:1,19,2027-01-28,13.421,1,0.27
ps:mediatique:1,20,2027-02-14,13.6,1,0.18
ps:mediatique:1,21,2027-03-03,13.603,1,0
ps:mediatique:1,22,2027-03-16,13.704,1,0.1
ps:mediatique:1,23,2027-03-30,13.801,1,0.1
ps:mediatique:1,24,2027-04-17,14.053,1,0.25
ps:mediatique:1,25,2027-04-18,14.141,1,0.09
ps:mediatique:2,1,2026-04-18,12.596,2,3.5
ps:mediatique:2,2,2026-05-03,12.465,2,-0.13
ps:mediatique:2,3,2026-05-16,12.665,2,0.2
ps:mediatique:2,4,2026-06-01,13.8,1,1.14
ps:mediatique:2,5,2026-06-20,12.92,1,-0.88
ps:mediatique:2,6,2026-07-06,12.796,2,-0.12
ps:mediatique:2,7,2026-07-23,12.545,2,-0.25
ps:mediatique:2,8,2026-08-08,15.5,1,2.96
ps:mediatique:2,9,2026-08-23,13.021,1,-2.48
ps:mediatique:2,10,2026-09-09,12.887,1,-0.13
ps:mediatique:2,11,2026-09-25,12.937,1,0.05
ps:mediatique:2,12,2026-10-07,10.4,7,-2.54
ps:mediatique:2,13,2026-10-20,13.227,1,2.83
ps:mediatique:2,14,2026-11-06,13.29,1,0.06
ps:mediatique:2,15,2026-11-25,13.402,1,0.11
ps:mediatique:2,16,2026-12-13,11.4,4,-2
ps:mediatique:2,17,2026-12-29,13.952,1,2.55
ps:mediatique:2,18,2027-01-16,14.627,1,0.68
ps:mediatique:2,19,2027-02-01,14.752,1,0.13
ps:mediatique:2,20,2027-02-18,15.2,1,0.45
ps:mediatique:2,21,2027-03-02,15.41,1,0.21
ps:mediatique:2,22,2027-03-18,15.584,1,0.17
ps:mediatique:2,23,2027-04-05,15.586,1,0
ps:mediatique:2,24,2027-04-17,15.459,1,-0.13
ps:mediatique:2,25,2027-04-18,15.732,1,0.27
ps:mediatique:2,26,2027-04-20,15.875,1,0.14
ps:mediatique:2,27,2027-04-22,16.462,1,0.59
ps:mediatique:2,28,2027-04-24,14.9,1,-1.56
ps:mediatique:2,29,2027-04-26,16.378,1,1.48
ps:mediatique:3,1,2026-04-18,11.797,4,-0.8
ps:mediatique:3,2,2026-05-04,11.894,3,0.1
ps:mediatique:3,3,2026-05-17,11.957,3,0.06
ps:mediatique:3,4,2026-05-31,14,1,2.04
ps:mediatique:3,5,2026-06-16,11.992,3,-2.01
ps:mediatique:3,6,2026-07-02,12.037,3,0.04
ps:mediatique:3,7,2026-07-15,12.109,3,0.07
ps:mediatique:3,8,2026-07-31,14.7,1,2.59
ps:mediatique:3,9,2026-08-15,12.032,3,-2.67
ps:mediatique:3,10,2026-08-28,12.435,2,0.4
ps:mediatique:3,11,2026-09-11,12.76,2,0.32
ps:mediatique:3,12,2026-09-27,12.4,2,-0.36
ps:mediatique:3,13,2026-10-11,12.891,2,0.49
ps:mediatique:3,14,2026-10-30,12.817,2,-0.07
ps:mediatique:3,15,2026-11-16,12.896,2,0.08
ps:mediatique:3,16,2026-12-01,12.9,2,0
ps:mediatique:3,17,2026-12-17,13.123,1,0.22
ps:mediatique:3,18,2027-01-02,13.409,1,0.29
ps:mediatique:3,19,2027-01-21,13.616,1,0.21
ps:mediatique:3,20,2027-02-10,16,1,2.38
ps:mediatique:3,21,2027-02-28,14.719,1,-1.28
ps:mediatique:3,22,2027-03-15,14.942,1,0.22
ps:mediatique:3,23,2027-04-01,15.047,1,0.11
ps:mediatique:3,24,2027-04-17,15.138,1,0.09
ps:mediatique:3,25,2027-04-18,15.691,1,0.55
ps:mediatique:3,26,2027-04-20,15.941,1,0.25
ps:mediatique:3,27,2027-04-22,15.938,1,0
ps:mediatique:3,28,2027-04-24,13.5,1,-2.44
ps:mediatique:3,29,2027-04-26,16.888,1,3.39
ps:contrarien:0,1,2026-04-18,11.626,4,1.13
ps:contrarien:0,2,2026-05-02,11.645,4,0.02
ps:contrarien:0,3,2026-05-16,11.947,3,0.3
ps:contrarien:0,4,2026-06-03,7.6,8,-4.35
ps:contrarien:0,5,2026-06-15,12.355,2,4.76
ps:contrarien:0,6,2026-07-02,12.367,2,0.01
ps:contrarien:0,7,2026-07-21,12.452,2,0.08
ps:contrarien:0,8,2026-08-02,10.2,7,-2.25
ps:contrarien:0,9,2026-08-15,12.542,2,2.34
ps:contrarien:0,10,2026-08-28,12.528,2,-0.01
ps:contrarien:0,11,2026-09-16,12.534,2,0.01
ps:contrarien:0,12,2026-10-02,9.5,8,-3.03
ps:contrarien:0,13,2026-10-21,12.516,2,3.02
ps:contrarien:0,14,2026-11-04,12.394,2,-0.12
ps:contrarien:0,15,2026-11-18,12.408,2,0.01
ps:contrarien:0,16,2026-12-03,14.8,1,2.39
ps:contrarien:0,17,2026-12-20,12.644,2,-2.16
ps:contrarien:0,18,2027-01-06,12.629,2,-0.02
ps:contrarien:0,19,2027-01-22,12.871,2,0.24
ps:contrarien:0,20,2027-02-10,11.3,4,-1.57
ps:contrarien:0,21,2027-02-27,13.323,1,2.02
ps:contrarien:0,22,2027-03-18,13.403,1,0.08
ps:contrarien:0,23,2027-04-01,13.634,1,0.23
ps:contrarien:0,24,2027-04-17,13.635,1,0
ps:contrarien:0,25,2027-04-18,14.232,1,0.6
ps:contrarien:0,26,2027-04-20,14.733,1,0.5
ps:contrarien:0,27,2027-04-22,15.063,1,0.33
ps:contrarien:0,28,2027-04-24,14.5,1,-0.56
ps:contrarien:0,29,2027-04-26,15.906,1,1.41
ps:contrarien:0,30,2027-05-02,15.702,1,-0.2
ps:contrarien:0,31,2027-05-03,15.764,1,0.06
ps:contrarien:1,1,2026-04-18,11.443,5,1.54
ps:contrarien:1,2,2026-04-30,11.407,5,-0.04
ps:contrarien:1,3,2026-05-13,11.152,6,-0.26
ps:contrarien:1,4,2026-05-28,10,8,-1.15
ps:contrarien:1,5,2026-06-14,11.209,5,1.21
ps:contrarien:1,6,2026-06-29,11.455,5,0.25
ps:contrarien:1,7,2026-07-14,11.603,4,0.15
ps:contrarien:1,8,2026-07-31,13.2,1,1.6
ps:contrarien:1,9,2026-08-16,11.974,3,-1.23
ps:contrarien:1,10,2026-08-31,11.792,3,-0.18
ps:contrarien:1,11,2026-09-16,11.904,3,0.11
ps:contrarien:1,12,2026-10-05,15.5,1,3.6
ps:contrarien:1,13,2026-10-22,11.518,5,-3.98
ps:contrarien:1,14,2026-11-09,11.355,5,-0.16
ps:contrarien:1,15,2026-11-28,11.138,7,-0.22
ps:contrarien:1,16,2026-12-10,14.7,1,3.56
ps:contrarien:1,17,2026-12-23,10.913,7,-3.79
ps:contrarien:1,18,2027-01-10,10.04,7,-0.87
ps:contrarien:1,19,2027-01-28,9.272,8,-0.77
ps:contrarien:1,20,2027-02-11,11.4,3,2.13
ps:contrarien:1,21,2027-03-01,9.248,8,-2.15
ps:contrarien:1,22,2027-03-18,9.322,8,0.07
ps:contrarien:1,23,2027-03-31,8.701,8,-0.62
ps:contrarien:1,24,2027-04-16,8.763,8,0.06
ps:contrarien:1,25,2027-04-18,8.778,8,0.02
ps:contrarien:2,1,2026-04-18,12.596,2,3.5
ps:contrarien:2,2,2026-05-03,12.465,2,-0.13
ps:contrarien:2,3,2026-05-16,12.665,2,0.2
ps:contrarien:2,4,2026-06-01,13.9,1,1.24
ps:contrarien:2,5,2026-06-20,13.243,1,-0.66
ps:contrarien:2,6,2026-07-06,13.146,1,-0.1
ps:contrarien:2,7,2026-07-23,12.905,1,-0.24
ps:contrarien:2,8,2026-08-08,15.6,1,2.7
ps:contrarien:2,9,2026-08-23,13.054,1,-2.55
ps:contrarien:2,10,2026-09-09,13.198,1,0.14
ps:contrarien:2,11,2026-09-25,13.342,1,0.14
ps:contrarien:2,12,2026-10-07,10.7,7,-2.64
ps:contrarien:2,13,2026-10-20,13.69,1,2.99
ps:contrarien:2,14,2026-11-06,13.725,1,0.04
ps:contrarien:2,15,2026-11-25,13.742,1,0.02
ps:contrarien:2,16,2026-12-13,11.7,3,-2.04
ps:contrarien:2,17,2026-12-29,13.373,1,1.67
ps:contrarien:2,18,2027-01-16,13.486,1,0.11
ps:contrarien:2,19,2027-02-01,13.569,1,0.08
ps:contrarien:2,20,2027-02-18,14.3,1,0.73
ps:contrarien:2,21,2027-03-02,13.924,1,-0.38
ps:contrarien:2,22,2027-03-18,14.08,1,0.16
ps:contrarien:2,23,2027-04-05,14.359,1,0.28
ps:contrarien:2,24,2027-04-17,13.506,1,-0.85
ps:contrarien:2,25,2027-04-18,13.355,2,-0.15
ps:contrarien:3,1,2026-04-18,11.87,3,-0.73
ps:contrarien:3,2,2026-05-04,11.954,3,0.08
ps:contrarien:3,3,2026-05-17,11.974,3,0.02
ps:contrarien:3,4,2026-05-31,14,1,2.03
ps:contrarien:3,5,2026-06-16,11.854,3,-2.15
ps:contrarien:3,6,2026-07-02,12.008,3,0.15
ps:contrarien:3,7,2026-07-15,12.119,3,0.11
ps:contrarien:3,8,2026-07-31,14.9,1,2.78
ps:contrarien:3,9,2026-08-15,12.011,3,-2.89
ps:contrarien:3,10,2026-08-28,12.147,3,0.14
ps:contrarien:3,11,2026-09-11,12.379,2,0.23
ps:contrarien:3,12,2026-09-27,12.2,3,-0.18
ps:contrarien:3,13,2026-10-11,12.46,2,0.26
ps:contrarien:3,14,2026-10-30,12.389,2,-0.07
ps:contrarien:3,15,2026-11-16,12.467,2,0.08
ps:contrarien:3,16,2026-12-01,12.5,2,0.03
ps:contrarien:3,17,2026-12-17,12.628,2,0.13
ps:contrarien:3,18,2027-01-02,12.83,2,0.2
ps:contrarien:3,19,2027-01-21,12.919,2,0.09
ps:contrarien:3,20,2027-02-10,15.2,1,2.28
ps:contrarien:3,21,2027-02-28,13.274,2,-1.93
ps:contrarien:3,22,2027-03-15,13.361,2,0.09
ps:contrarien:3,23,2027-04-01,13.424,2,0.06
ps:contrarien:3,24,2027-04-17,13.424,1,0
ps:contrarien:3,25,2027-04-18,13.882,1,0.46
ps:contrarien:3,26,2027-04-20,14.331,1,0.45
ps:contrarien:3,27,2027-04-22,14.549,1,0.22
ps:contrarien:3,28,2027-04-24,12,2,-2.55
ps:contrarien:3,29,2027-04-26,15.598,1,3.6
ecologistes:aleatoire:0,1,2026-04-18,10.733,8,-1.87
ecologistes:aleatoire:0,2,2026-05-02,11.024,7,0.29
ecologistes:aleatoire:0,3,2026-05-16,11.652,4,0.63
ecologistes:aleatoire:0,4,2026-06-03,8.1,8,-3.55
ecologistes:aleatoire:0,5,2026-06-15,12.146,2,4.05
ecologistes:aleatoire:0,6,2026-07-01,12.205,2,0.06
ecologistes:aleatoire:0,7,2026-07-20,12.349,2,0.14
ecologistes:aleatoire:0,8,2026-08-02,12.6,2,0.25
ecologistes:aleatoire:0,9,2026-08-15,12.445,2,-0.15
ecologistes:aleatoire:0,10,2026-08-28,12.407,2,-0.04
ecologistes:aleatoire:0,11,2026-09-16,12.312,2,-0.1
ecologistes:aleatoire:0,12,2026-10-02,9.5,8,-2.81
ecologistes:aleatoire:0,13,2026-10-21,12.365,2,2.87
ecologistes:aleatoire:0,14,2026-11-04,12.622,2,0.26
ecologistes:aleatoire:0,15,2026-11-18,12.75,1,0.13
ecologistes:aleatoire:0,16,2026-12-03,11,7,-1.75
ecologistes:aleatoire:0,17,2026-12-20,12.987,1,1.99
ecologistes:aleatoire:0,18,2027-01-07,13.131,1,0.14
ecologistes:aleatoire:0,19,2027-01-22,13.503,1,0.37
ecologistes:aleatoire:0,20,2027-02-10,14.2,1,0.7
ecologistes:aleatoire:0,21,2027-02-27,14.378,1,0.18
ecologistes:aleatoire:0,22,2027-03-18,14.557,1,0.18
ecologistes:aleatoire:0,23,2027-04-01,14.73,1,0.17
ecologistes:aleatoire:0,24,2027-04-17,15.275,1,0.54
ecologistes:aleatoire:0,25,2027-04-18,15.281,1,0.01
ecologistes:aleatoire:0,26,2027-04-20,15.446,1,0.16
ecologistes:aleatoire:0,27,2027-04-22,15.689,1,0.24
ecologistes:aleatoire:0,28,2027-04-24,16.6,1,0.91
ecologistes:aleatoire:0,29,2027-04-26,15.869,1,-0.73
ecologistes:aleatoire:0,30,2027-05-02,15.763,1,-0.11
ecologistes:aleatoire:0,31,2027-05-03,15.85,1,0.09
ecologistes:aleatoire:1,1,2026-04-18,10.651,8,-2.85
ecologistes:aleatoire:1,2,2026-04-30,10.729,8,0.08
ecologistes:aleatoire:1,3,2026-05-13,10.52,8,-0.21
ecologistes:aleatoire:1,4,2026-05-28,12.7,2,2.18
ecologistes:aleatoire:1,5,2026-06-14,10.602,8,-2.1
ecologistes:aleatoire:1,6,2026-06-29,10.908,8,0.31
ecologistes:aleatoire:1,7,2026-07-14,11.056,6,0.15
ecologistes:aleatoire:1,8,2026-07-31,13.6,1,2.54
ecologistes:aleatoire:1,9,2026-08-16,11.258,6,-2.34
ecologistes:aleatoire:1,10,2026-08-31,11.223,6,-0.03
ecologistes:aleatoire:1,11,2026-09-16,11.433,5,0.21
ecologistes:aleatoire:1,12,2026-10-05,14.1,1,2.67
ecologistes:aleatoire:1,13,2026-10-22,11.561,5,-2.54
ecologistes:aleatoire:1,14,2026-11-09,11.728,4,0.17
ecologistes:aleatoire:1,15,2026-11-28,11.844,4,0.12
ecologistes:aleatoire:1,16,2026-12-10,11.2,6,-0.64
ecologistes:aleatoire:1,17,2026-12-23,12.034,3,0.83
ecologistes:aleatoire:1,18,2027-01-10,12.335,3,0.3
ecologistes:aleatoire:1,19,2027-01-28,12.638,3,0.3
ecologistes:aleatoire:1,20,2027-02-14,10.9,6,-1.74
ecologistes:aleatoire:1,21,2027-03-03,12.692,3,1.79
ecologistes:aleatoire:1,22,2027-03-16,12.912,3,0.22
ecologistes:aleatoire:1,23,2027-03-30,13.038,2,0.13
ecologistes:aleatoire:1,24,2027-04-17,13.135,2,0.1
ecologistes:aleatoire:1,25,2027-04-18,13.37,1,0.23
ecologistes:aleatoire:2,1,2026-04-18,10.965,7,-1.44
ecologistes:aleatoire:2,2,2026-05-03,11.067,7,0.1
ecologistes:aleatoire:2,3,2026-05-16,11.309,6,0.24
ecologistes:aleatoire:2,4,2026-06-01,11,7,-0.31
ecologistes:aleatoire:2,5,2026-06-20,11.769,3,0.77
ecologistes:aleatoire:2,6,2026-07-06,11.959,3,0.19
ecologistes:aleatoire:2,7,2026-07-23,11.949,3,-0.01
ecologistes:aleatoire:2,8,2026-08-08,13.4,1,1.45
ecologistes:aleatoire:2,9,2026-08-23,11.938,3,-1.46
ecologistes:aleatoire:2,10,2026-09-09,11.812,3,-0.13
ecologistes:aleatoire:2,11,2026-09-25,11.923,3,0.11
ecologistes:aleatoire:2,12,2026-10-07,11.3,5,-0.62
ecologistes:aleatoire:2,13,2026-10-20,12.494,2,1.19
ecologistes:aleatoire:2,14,2026-11-06,12.714,2,0.22
ecologistes:aleatoire:2,15,2026-11-25,12.751,2,0.04
ecologistes:aleatoire:2,16,2026-12-13,10,8,-2.75
ecologistes:aleatoire:2,17,2026-12-29,12.619,2,2.62
ecologistes:aleatoire:2,18,2027-01-16,12.895,2,0.28
ecologistes:aleatoire:2,19,2027-02-01,13.251,1,0.36
ecologistes:aleatoire:2,20,2027-02-18,15.2,1,1.95
ecologistes:aleatoire:2,21,2027-03-02,13.344,1,-1.86
ecologistes:aleatoire:2,22,2027-03-18,13.474,1,0.13
ecologistes:aleatoire:2,23,2027-04-05,13.583,1,0.11
ecologistes:aleatoire:2,24,2027-04-17,13.819,1,0.24
ecologistes:aleatoire:2,25,2027-04-18,14.068,1,0.25
ecologistes:aleatoire:2,26,2027-04-20,14.394,1,0.33
ecologistes:aleatoire:2,27,2027-04-22,14.61,1,0.22
ecologistes:aleatoire:2,28,2027-04-24,14.4,1,-0.21
ecologistes:aleatoire:2,29,2027-04-26,15.278,1,0.88
ecologistes:aleatoire:3,1,2026-04-18,10.727,8,0.23
ecologistes:aleatoire:3,2,2026-05-04,10.813,8,0.09
ecologistes:aleatoire:3,3,2026-05-17,10.945,7,0.13
ecologistes:aleatoire:3,4,2026-05-31,11.2,7,0.25
ecologistes:aleatoire:3,5,2026-06-16,11.023,7,-0.18
ecologistes:aleatoire:3,6,2026-07-02,11.236,7,0.21
ecologistes:aleatoire:3,7,2026-07-15,11.537,5,0.3
ecologistes:aleatoire:3,8,2026-07-31,11.7,4,0.16
ecologistes:aleatoire:3,9,2026-08-15,11.925,3,0.23
ecologistes:aleatoire:3,10,2026-08-28,12.105,3,0.18
ecologistes:aleatoire:3,11,2026-09-11,12.29,2,0.18
ecologistes:aleatoire:3,12,2026-09-27,13.2,1,0.91
ecologistes:aleatoire:3,13,2026-10-11,12.507,2,-0.69
ecologistes:aleatoire:3,14,2026-10-30,12.503,2,0
ecologistes:aleatoire:3,15,2026-11-16,12.494,2,-0.01
ecologistes:aleatoire:3,16,2026-12-01,9.7,8,-2.79
ecologistes:aleatoire:3,17,2026-12-17,12.873,1,3.17
ecologistes:aleatoire:3,18,2027-01-02,13.276,1,0.4
ecologistes:aleatoire:3,19,2027-01-21,13.531,1,0.26
ecologistes:aleatoire:3,20,2027-02-10,8.7,8,-4.83
ecologistes:aleatoire:3,21,2027-03-01,14.027,1,5.33
ecologistes:aleatoire:3,22,2027-03-17,14.083,1,0.06
ecologistes:aleatoire:3,23,2027-03-31,14.238,1,0.15
ecologistes:aleatoire:3,24,2027-04-17,14.4,1,0.16
ecologistes:aleatoire:3,25,2027-04-18,14.337,1,-0.06
ecologistes:prudent:0,1,2026-04-18,10.733,8,-1.87
ecologistes:prudent:0,2,2026-05-02,10.87,8,0.14
ecologistes:prudent:0,3,2026-05-16,11.068,7,0.2
ecologistes:prudent:0,4,2026-06-03,7.6,8,-3.47
ecologistes:prudent:0,5,2026-06-15,11.572,4,3.97
ecologistes:prudent:0,6,2026-07-01,11.78,3,0.21
ecologistes:prudent:0,7,2026-07-20,11.976,2,0.2
ecologistes:prudent:0,8,2026-08-02,12.1,2,0.12
ecologistes:prudent:0,9,2026-08-15,12.117,2,0.02
ecologistes:prudent:0,10,2026-08-28,12.067,2,-0.05
ecologistes:prudent:0,11,2026-09-16,12.197,2,0.13
ecologistes:prudent:0,12,2026-10-02,9.5,8,-2.7
ecologistes:prudent:0,13,2026-10-21,12.655,2,3.15
ecologistes:prudent:0,14,2026-11-04,12.805,1,0.15
ecologistes:prudent:0,15,2026-11-18,13.015,1,0.21
ecologistes:prudent:0,16,2026-12-03,11.2,5,-1.82
ecologistes:prudent:0,17,2026-12-20,13.41,1,2.21
ecologistes:prudent:0,18,2027-01-07,13.758,1,0.35
ecologistes:prudent:0,19,2027-01-22,14.138,1,0.38
ecologistes:prudent:0,20,2027-02-10,14.5,1,0.36
ecologistes:prudent:0,21,2027-02-27,14.55,1,0.05
ecologistes:prudent:0,22,2027-03-18,14.636,1,0.09
ecologistes:prudent:0,23,2027-04-01,14.838,1,0.2
ecologistes:prudent:0,24,2027-04-17,14.78,1,-0.06
ecologistes:prudent:0,25,2027-04-18,14.85,1,0.07
ecologistes:prudent:0,26,2027-04-20,15.065,1,0.21
ecologistes:prudent:0,27,2027-04-22,15.248,1,0.18
ecologistes:prudent:0,28,2027-04-24,16.4,1,1.15
ecologistes:prudent:0,29,2027-04-26,15.57,1,-0.83
ecologistes:prudent:0,30,2027-05-02,15.417,1,-0.15
ecologistes:prudent:0,31,2027-05-03,15.307,1,-0.11
ecologistes:prudent:1,1,2026-04-18,10.87,8,-2.63
ecologistes:prudent:1,2,2026-04-30,11.104,7,0.23
ecologistes:prudent:1,3,2026-05-13,11.276,6,0.17
ecologistes:prudent:1,4,2026-05-28,13.2,1,1.92
ecologistes:prudent:1,5,2026-06-14,11.752,4,-1.45
ecologistes:prudent:1,6,2026-06-29,12.081,3,0.33
ecologistes:prudent:1,7,2026-07-14,12.469,2,0.39
ecologistes:prudent:1,8,2026-07-31,14.7,1,2.23
ecologistes:prudent:1,9,2026-08-16,12.779,2,-1.92
ecologistes:prudent:1,10,2026-08-31,12.747,2,-0.03
ecologistes:prudent:1,11,2026-09-16,12.952,1,0.21
ecologistes:prudent:1,12,2026-10-05,15.5,1,2.55
ecologistes:prudent:1,13,2026-10-22,13.068,1,-2.43
ecologistes:prudent:1,14,2026-11-09,13.289,1,0.22
ecologistes:prudent:1,15,2026-11-28,13.536,1,0.25
ecologistes:prudent:1,16,2026-12-10,13.1,1,-0.44
ecologistes:prudent:1,17,2026-12-23,14.252,1,1.15
ecologistes:prudent:1,18,2027-01-10,14.343,1,0.09
ecologistes:prudent:1,19,2027-01-28,14.588,1,0.24
ecologistes:prudent:1,20,2027-02-14,13.1,1,-1.49
ecologistes:prudent:1,21,2027-03-03,14.833,1,1.73
ecologistes:prudent:1,22,2027-03-16,14.901,1,0.07
ecologistes:prudent:1,23,2027-03-30,14.903,1,0
ecologistes:prudent:1,24,2027-04-17,15.123,1,0.22
ecologistes:prudent:1,25,2027-04-18,15.322,1,0.2
ecologistes:prudent:2,1,2026-04-18,10.965,7,-1.44
ecologistes:prudent:2,2,2026-05-03,11.157,7,0.19
ecologistes:prudent:2,3,2026-05-16,11.264,7,0.11
ecologistes:prudent:2,4,2026-06-01,10.9,7,-0.36
ecologistes:prudent:2,5,2026-06-20,11.74,4,0.84
ecologistes:prudent:2,6,2026-07-06,11.95,3,0.21
ecologistes:prudent:2,7,2026-07-23,12.079,3,0.13
ecologistes:prudent:2,8,2026-08-08,13.7,1,1.62
ecologistes:prudent:2,9,2026-08-23,12.405,2,-1.29
ecologistes:prudent:2,10,2026-09-09,12.506,2,0.1
ecologistes:prudent:2,11,2026-09-25,12.689,2,0.18
ecologistes:prudent:2,12,2026-10-07,12.1,2,-0.59
ecologistes:prudent:2,13,2026-10-20,12.999,1,0.9
ecologistes:prudent:2,14,2026-11-06,13.015,1,0.02
ecologistes:prudent:2,15,2026-11-25,13.112,1,0.1
ecologistes:prudent:2,16,2026-12-13,10.7,7,-2.41
ecologistes:prudent:2,17,2026-12-29,13.374,1,2.67
ecologistes:prudent:2,18,2027-01-16,13.584,1,0.21
ecologistes:prudent:2,19,2027-02-01,13.785,1,0.2
ecologistes:prudent:2,20,2027-02-18,15.9,1,2.12
ecologistes:prudent:2,21,2027-03-02,13.846,1,-2.05
ecologistes:prudent:2,22,2027-03-18,13.902,1,0.06
ecologistes:prudent:2,23,2027-04-05,14.171,1,0.27
ecologistes:prudent:2,24,2027-04-17,13.868,1,-0.3
ecologistes:prudent:2,25,2027-04-18,14.063,1,0.2
ecologistes:prudent:2,26,2027-04-20,14.28,1,0.22
ecologistes:prudent:2,27,2027-04-22,14.444,1,0.16
ecologistes:prudent:2,28,2027-04-24,14.2,1,-0.24
ecologistes:prudent:2,29,2027-04-26,14.904,1,0.7
ecologistes:prudent:3,1,2026-04-18,10.917,7,0.42
ecologistes:prudent:3,2,2026-05-04,11.2,7,0.28
ecologistes:prudent:3,3,2026-05-17,11.404,5,0.2
ecologistes:prudent:3,4,2026-05-31,11.6,5,0.2
ecologistes:prudent:3,5,2026-06-16,11.715,4,0.12
ecologistes:prudent:3,6,2026-07-02,11.832,3,0.12
ecologistes:prudent:3,7,2026-07-15,12.096,3,0.26
ecologistes:prudent:3,8,2026-07-31,12.2,2,0.1
ecologistes:prudent:3,9,2026-08-15,12.53,2,0.33
ecologistes:prudent:3,10,2026-08-28,12.365,2,-0.16
ecologistes:prudent:3,11,2026-09-11,12.432,2,0.07
ecologistes:prudent:3,12,2026-09-27,13.4,1,0.97
ecologistes:prudent:3,13,2026-10-11,12.53,2,-0.87
ecologistes:prudent:3,14,2026-10-30,12.507,2,-0.02
ecologistes:prudent:3,15,2026-11-16,12.677,2,0.17
ecologistes:prudent:3,16,2026-12-01,9.8,8,-2.88
ecologistes:prudent:3,17,2026-12-17,13.049,1,3.25
ecologistes:prudent:3,18,2027-01-02,13.517,1,0.47
ecologistes:prudent:3,19,2027-01-21,13.643,1,0.13
ecologistes:prudent:3,20,2027-02-10,8.7,8,-4.94
ecologistes:prudent:3,21,2027-03-01,13.936,1,5.24
ecologistes:prudent:3,22,2027-03-17,13.996,1,0.06
ecologistes:prudent:3,23,2027-03-31,14.138,1,0.14
ecologistes:prudent:3,24,2027-04-17,14.296,1,0.16
ecologistes:prudent:3,25,2027-04-18,14.363,1,0.07
ecologistes:risque:0,1,2026-04-18,10.514,8,-2.09
ecologistes:risque:0,2,2026-05-02,10.731,8,0.22
ecologistes:risque:0,3,2026-05-16,11.337,5,0.61
ecologistes:risque:0,4,2026-06-03,7.9,8,-3.44
ecologistes:risque:0,5,2026-06-15,11.817,3,3.92
ecologistes:risque:0,6,2026-07-02,12.024,2,0.21
ecologistes:risque:0,7,2026-07-21,12.142,2,0.12
ecologistes:risque:0,8,2026-08-02,12.2,2,0.06
ecologistes:risque:0,9,2026-08-15,12.417,2,0.22
ecologistes:risque:0,10,2026-09-02,12.525,2,0.11
ecologistes:risque:0,11,2026-09-21,12.748,2,0.22
ecologistes:risque:0,12,2026-10-07,9.8,8,-2.95
ecologistes:risque:0,13,2026-10-26,13.048,1,3.25
ecologistes:risque:0,14,2026-11-08,13.383,1,0.33
ecologistes:risque:0,15,2026-11-22,13.492,1,0.11
ecologistes:risque:0,16,2026-12-07,11.7,3,-1.79
ecologistes:risque:0,17,2026-12-23,13.859,1,2.16
ecologistes:risque:0,18,2027-01-09,13.329,1,-0.53
ecologistes:risque:0,19,2027-01-27,13.078,1,-0.25
ecologistes:risque:0,20,2027-02-10,10.4,4,-2.68
ecologistes:risque:0,21,2027-02-23,13.435,1,3.04
ecologistes:risque:0,22,2027-03-12,13.743,1,0.31
ecologistes:risque:0,23,2027-03-30,13.859,1,0.12
ecologistes:risque:0,24,2027-04-16,14.207,1,0.35
ecologistes:risque:0,25,2027-04-18,14.338,1,0.13
ecologistes:risque:0,26,2027-04-20,13.796,1,-0.54
ecologistes:risque:0,27,2027-04-22,13.805,1,0.01
ecologistes:risque:0,28,2027-04-24,10.9,2,-2.9
ecologistes:risque:0,29,2027-04-26,14.45,1,3.55
ecologistes:risque:0,30,2027-05-02,14.408,1,-0.04
ecologistes:risque:0,31,2027-05-03,14.5,1,0.09
ecologistes:risque:1,1,2026-04-18,10.651,8,-2.85
ecologistes:risque:1,2,2026-04-30,10.811,8,0.16
ecologistes:risque:1,3,2026-05-13,10.959,7,0.15
ecologistes:risque:1,4,2026-05-28,13.1,1,2.14
ecologistes:risque:1,5,2026-06-14,11.405,5,-1.7
ecologistes:risque:1,6,2026-06-29,11.738,4,0.33
ecologistes:risque:1,7,2026-07-14,11.953,3,0.21
ecologistes:risque:1,8,2026-07-31,14.3,1,2.35
ecologistes:risque:1,9,2026-08-16,12.574,2,-1.73
ecologistes:risque:1,10,2026-08-31,12.953,1,0.38
ecologistes:risque:1,11,2026-09-16,13.138,1,0.19
ecologistes:risque:1,12,2026-10-05,15.5,1,2.36
ecologistes:risque:1,13,2026-10-22,13.204,1,-2.3
ecologistes:risque:1,14,2026-11-09,13.035,1,-0.17
ecologistes:risque:1,15,2026-11-28,13.19,1,0.15
ecologistes:risque:1,16,2026-12-10,12.6,2,-0.59
ecologistes:risque:1,17,2026-12-23,13.294,1,0.69
ecologistes:risque:1,18,2027-01-10,13.378,1,0.08
ecologistes:risque:1,19,2027-01-28,12.773,1,-0.61
ecologistes:risque:1,20,2027-02-11,14.8,1,2.03
ecologistes:risque:1,21,2027-03-01,12.743,1,-2.06
ecologistes:risque:1,22,2027-03-18,12.896,1,0.15
ecologistes:risque:1,23,2027-03-31,12.934,1,0.04
ecologistes:risque:1,24,2027-04-16,12.588,1,-0.35
ecologistes:risque:1,25,2027-04-18,12.659,1,0.07
ecologistes:risque:2,1,2026-04-18,11.035,7,-1.37
ecologistes:risque:2,2,2026-05-03,11.161,7,0.13
ecologistes:risque:2,3,2026-05-16,11.295,7,0.13
ecologistes:risque:2,4,2026-06-01,10.9,7,-0.39
ecologistes:risque:2,5,2026-06-20,11.783,3,0.88
ecologistes:risque:2,6,2026-07-06,11.675,4,-0.11
ecologistes:risque:2,7,2026-07-23,11.563,5,-0.11
ecologistes:risque:2,8,2026-08-08,13,1,1.44
ecologistes:risque:2,9,2026-08-23,11.506,5,-1.49
ecologistes:risque:2,10,2026-09-09,11.658,4,0.15
ecologistes:risque:2,11,2026-09-25,11.676,4,0.02
ecologistes:risque:2,12,2026-10-07,11,7,-0.68
ecologistes:risque:2,13,2026-10-20,12.211,2,1.21
ecologistes:risque:2,14,2026-11-06,12.583,2,0.37
ecologistes:risque:2,15,2026-11-25,13.199,1,0.62
ecologistes:risque:2,16,2026-12-13,10.5,8,-2.7
ecologistes:risque:2,17,2026-12-29,14.023,1,3.52
ecologistes:risque:2,18,2027-01-16,14.48,1,0.46
ecologistes:risque:2,19,2027-02-01,14.969,1,0.49
ecologistes:risque:2,20,2027-02-18,16.9,1,1.93
ecologistes:risque:2,21,2027-03-02,15.711,1,-1.19
ecologistes:risque:2,22,2027-03-18,15.898,1,0.19
ecologistes:risque:2,23,2027-04-05,15.341,1,-0.56
ecologistes:risque:2,24,2027-04-17,15.195,1,-0.15
ecologistes:risque:2,25,2027-04-18,15.397,1,0.2
ecologistes:risque:2,26,2027-04-20,15.59,1,0.19
ecologistes:risque:2,27,2027-04-22,16.107,1,0.52
ecologistes:risque:2,28,2027-04-24,16,1,-0.11
ecologistes:risque:2,29,2027-04-26,16.787,1,0.79
ecologistes:risque:3,1,2026-04-18,10.917,7,0.42
ecologistes:risque:3,2,2026-05-04,11.2,7,0.28
ecologistes:risque:3,3,2026-05-17,11.082,7,-0.12
ecologistes:risque:3,4,2026-05-31,11.3,6,0.22
ecologistes:risque:3,5,2026-06-16,11.232,7,-0.07
ecologistes:risque:3,6,2026-07-02,11.001,7,-0.23
ecologistes:risque:3,7,2026-07-15,11.151,7,0.15
ecologistes:risque:3,8,2026-07-31,11.5,5,0.35
ecologistes:risque:3,9,2026-08-15,11.876,3,0.38
ecologistes:risque:3,10,2026-08-28,12.159,2,0.28
ecologistes:risque:3,11,2026-09-11,12.379,2,0.22
ecologistes:risque:3,12,2026-09-27,13.2,1,0.82
ecologistes:risque:3,13,2026-10-11,12.58,2,-0.62
ecologistes:risque:3,14,2026-10-30,12.998,1,0.42
ecologistes:risque:3,15,2026-11-16,13.131,1,0.13
ecologistes:risque:3,16,2026-12-01,10.1,8,-3.03
ecologistes:risque:3,17,2026-12-17,13.333,1,3.23
ecologistes:risque:3,18,2027-01-02,13.777,1,0.44
ecologistes:risque:3,19,2027-01-21,13.943,1,0.17
ecologistes:risque:3,20,2027-02-10,9,8,-4.94
ecologistes:risque:3,21,2027-03-01,14.355,1,5.36
ecologistes:risque:3,22,2027-03-17,14.383,1,0.03
ecologistes:risque:3,23,2027-03-31,14.358,1,-0.02
ecologistes:risque:3,24,2027-04-17,14.437,1,0.08
ecologistes:risque:3,25,2027-04-18,14.553,1,0.12
ecologistes:ideologiquement_coherent:0,1,2026-04-18,10.707,8,-1.89
ecologistes:ideologiquement_coherent:0,2,2026-05-02,10.834,8,0.13
ecologistes:ideologiquement_coherent:0,3,2026-05-16,11.409,5,0.58
ecologistes:ideologiquement_coherent:0,4,2026-06-03,8,8,-3.41
ecologistes:ideologiquement_coherent:0,5,2026-06-15,11.93,3,3.93
ecologistes:ideologiquement_coherent:0,6,2026-07-01,12.362,2,0.43
ecologistes:ideologiquement_coherent:0,7,2026-07-14,12.654,2,0.29
ecologistes:ideologiquement_coherent:0,8,2026-07-27,11.6,3,-1.05
ecologistes:ideologiquement_coherent:0,9,2026-08-11,12.973,1,1.37
ecologistes:ideologiquement_coherent:0,10,2026-08-24,13.242,1,0.27
ecologistes:ideologiquement_coherent:0,11,2026-09-06,13.393,1,0.15
ecologistes:ideologiquement_coherent:0,12,2026-09-24,11.1,5,-2.29
ecologistes:ideologiquement_coherent:0,13,2026-10-12,14.05,1,2.95
ecologistes:ideologiquement_coherent:0,14,2026-10-27,14.339,1,0.29
ecologistes:ideologiquement_coherent:0,15,2026-11-11,14.395,1,0.06
ecologistes:ideologiquement_coherent:0,16,2026-11-25,16.4,1,2
ecologistes:ideologiquement_coherent:0,17,2026-12-11,14.504,1,-1.9
ecologistes:ideologiquement_coherent:0,18,2026-12-31,14.681,1,0.18
ecologistes:ideologiquement_coherent:0,19,2027-01-17,14.907,1,0.23
ecologistes:ideologiquement_coherent:0,20,2027-02-02,18.6,1,3.69
ecologistes:ideologiquement_coherent:0,21,2027-02-23,15.138,1,-3.46
ecologistes:ideologiquement_coherent:0,22,2027-03-14,15.111,1,-0.03
ecologistes:ideologiquement_coherent:0,23,2027-03-30,15.165,1,0.05
ecologistes:ideologiquement_coherent:0,24,2027-04-17,15.321,1,0.16
ecologistes:ideologiquement_coherent:0,25,2027-04-18,15.455,1,0.13
ecologistes:ideologiquement_coherent:0,26,2027-04-20,15.696,1,0.24
ecologistes:ideologiquement_coherent:0,27,2027-04-22,15.899,1,0.2
ecologistes:ideologiquement_coherent:0,28,2027-04-24,14.1,1,-1.8
ecologistes:ideologiquement_coherent:0,29,2027-04-26,16.055,1,1.96
ecologistes:ideologiquement_coherent:0,30,2027-05-02,15.965,1,-0.09
ecologistes:ideologiquement_coherent:0,31,2027-05-03,15.916,1,-0.05
ecologistes:ideologiquement_coherent:1,1,2026-04-18,10.844,8,-2.66
ecologistes:ideologiquement_coherent:1,2,2026-04-30,10.987,7,0.14
ecologistes:ideologiquement_coherent:1,3,2026-05-13,11.128,7,0.14
ecologistes:ideologiquement_coherent:1,4,2026-05-28,13.1,1,1.97
ecologistes:ideologiquement_coherent:1,5,2026-06-14,11.38,6,-1.72
ecologistes:ideologiquement_coherent:1,6,2026-06-29,11.551,5,0.17
ecologistes:ideologiquement_coherent:1,7,2026-07-14,11.649,4,0.1
ecologistes:ideologiquement_coherent:1,8,2026-07-31,14.1,1,2.45
ecologistes:ideologiquement_coherent:1,9,2026-08-16,12.143,3,-1.96
ecologistes:ideologiquement_coherent:1,10,2026-08-31,12.527,2,0.38
ecologistes:ideologiquement_coherent:1,11,2026-09-16,12.989,1,0.46
ecologistes:ideologiquement_coherent:1,12,2026-10-05,15.4,1,2.41
ecologistes:ideologiquement_coherent:1,13,2026-10-22,13.193,1,-2.21
ecologistes:ideologiquement_coherent:1,14,2026-11-09,13.392,1,0.2
ecologistes:ideologiquement_coherent:1,15,2026-11-28,13.492,1,0.1
ecologistes:ideologiquement_coherent:1,16,2026-12-10,13,1,-0.49
ecologistes:ideologiquement_coherent:1,17,2026-12-23,14.103,1,1.1
ecologistes:ideologiquement_coherent:1,18,2027-01-10,14.263,1,0.16
ecologistes:ideologiquement_coherent:1,19,2027-01-28,14.448,1,0.19
ecologistes:ideologiquement_coherent:1,20,2027-02-14,13,1,-1.45
ecologistes:ideologiquement_coherent:1,21,2027-03-03,14.421,1,1.42
ecologistes:ideologiquement_coherent:1,22,2027-03-16,14.401,1,-0.02
ecologistes:ideologiquement_coherent:1,23,2027-03-30,14.467,1,0.07
ecologistes:ideologiquement_coherent:1,24,2027-04-17,14.707,1,0.24
ecologistes:ideologiquement_coherent:1,25,2027-04-18,14.905,1,0.2
ecologistes:ideologiquement_coherent:2,1,2026-04-18,11.027,7,-1.37
ecologistes:ideologiquement_coherent:2,2,2026-05-03,11.241,7,0.21
ecologistes:ideologiquement_coherent:2,3,2026-05-16,11.405,4,0.16
ecologistes:ideologiquement_coherent:2,4,2026-06-01,10.9,7,-0.5
ecologistes:ideologiquement_coherent:2,5,2026-06-20,11.803,3,0.9
ecologistes:ideologiquement_coherent:2,6,2026-07-06,11.999,3,0.2
ecologistes:ideologiquement_coherent:2,7,2026-07-23,12.123,3,0.12
ecologistes:ideologiquement_coherent:2,8,2026-08-08,13.7,1,1.58
ecologistes:ideologiquement_coherent:2,9,2026-08-23,12.412,2,-1.29
ecologistes:ideologiquement_coherent:2,10,2026-09-09,12.311,2,-0.1
ecologistes:ideologiquement_coherent:2,11,2026-09-25,12.426,2,0.12
ecologistes:ideologiquement_coherent:2,12,2026-10-07,11.7,3,-0.73
ecologistes:ideologiquement_coherent:2,13,2026-10-20,12.94,1,1.24
ecologistes:ideologiquement_coherent:2,14,2026-11-06,13.201,1,0.26
ecologistes:ideologiquement_coherent:2,15,2026-11-25,13.377,1,0.18
ecologistes:ideologiquement_coherent:2,16,2026-12-13,10.8,7,-2.58
ecologistes:ideologiquement_coherent:2,17,2026-12-29,13.751,1,2.95
ecologistes:ideologiquement_coherent:2,18,2027-01-16,14.338,1,0.59
ecologistes:ideologiquement_coherent:2,19,2027-02-01,14.729,1,0.39
ecologistes:ideologiquement_coherent:2,20,2027-02-18,16.7,1,1.97
ecologistes:ideologiquement_coherent:2,21,2027-03-02,15.243,1,-1.46
ecologistes:ideologiquement_coherent:2,22,2027-03-18,15.433,1,0.19
ecologistes:ideologiquement_coherent:2,23,2027-04-05,15.524,1,0.09
ecologistes:ideologiquement_coherent:2,24,2027-04-17,15.635,1,0.11
ecologistes:ideologiquement_coherent:2,25,2027-04-18,15.818,1,0.18
ecologistes:ideologiquement_coherent:2,26,2027-04-20,16.006,1,0.19
ecologistes:ideologiquement_coherent:2,27,2027-04-22,16.152,1,0.15
ecologistes:ideologiquement_coherent:2,28,2027-04-24,16,1,-0.15
ecologistes:ideologiquement_coherent:2,29,2027-04-26,16.583,1,0.58
ecologistes:ideologiquement_coherent:3,1,2026-04-18,10.727,8,0.23
ecologistes:ideologiquement_coherent:3,2,2026-05-04,10.946,7,0.22
ecologistes:ideologiquement_coherent:3,3,2026-05-17,11.123,7,0.18
ecologistes:ideologiquement_coherent:3,4,2026-05-31,11.5,5,0.38
ecologistes:ideologiquement_coherent:3,5,2026-06-16,11.594,5,0.09
ecologistes:ideologiquement_coherent:3,6,2026-07-02,11.712,4,0.12
ecologistes:ideologiquement_coherent:3,7,2026-07-15,11.772,3,0.06
ecologistes:ideologiquement_coherent:3,8,2026-07-31,12,3,0.23
ecologistes:ideologiquement_coherent:3,9,2026-08-15,12.516,2,0.52
ecologistes:ideologiquement_coherent:3,10,2026-08-28,12.796,1,0.28
ecologistes:ideologiquement_coherent:3,11,2026-09-11,13.01,1,0.21
ecologistes:ideologiquement_coherent:3,12,2026-09-27,13.8,1,0.79
ecologistes:ideologiquement_coherent:3,13,2026-10-11,13.201,1,-0.6
ecologistes:ideologiquement_coherent:3,14,2026-10-30,13.193,1,-0.01
ecologistes:ideologiquement_coherent:3,15,2026-11-16,13.365,1,0.17
ecologistes:ideologiquement_coherent:3,16,2026-12-01,10.5,8,-2.87
ecologistes:ideologiquement_coherent:3,17,2026-12-17,13.789,1,3.29
ecologistes:ideologiquement_coherent:3,18,2027-01-02,14.234,1,0.45
ecologistes:ideologiquement_coherent:3,19,2027-01-21,14.462,1,0.23
ecologistes:ideologiquement_coherent:3,20,2027-02-10,9.5,8,-4.96
ecologistes:ideologiquement_coherent:3,21,2027-03-01,14.862,1,5.36
ecologistes:ideologiquement_coherent:3,22,2027-03-17,15.068,1,0.21
ecologistes:ideologiquement_coherent:3,23,2027-03-31,15.265,1,0.2
ecologistes:ideologiquement_coherent:3,24,2027-04-17,15.577,1,0.31
ecologistes:ideologiquement_coherent:3,25,2027-04-18,15.812,1,0.23
ecologistes:ideologiquement_coherent:3,26,2027-04-20,16.039,1,0.23
ecologistes:ideologiquement_coherent:3,27,2027-04-22,16.148,1,0.11
ecologistes:ideologiquement_coherent:3,28,2027-04-24,16.1,1,-0.05
ecologistes:ideologiquement_coherent:3,29,2027-04-26,16.153,1,0.05
ecologistes:opportuniste_electoral:0,1,2026-04-18,10.514,8,-2.09
ecologistes:opportuniste_electoral:0,2,2026-05-02,10.731,8,0.22
ecologistes:opportuniste_electoral:0,3,2026-05-16,11.337,5,0.61
ecologistes:opportuniste_electoral:0,4,2026-06-03,7.9,8,-3.44
ecologistes:opportuniste_electoral:0,5,2026-06-15,11.942,3,4.04
ecologistes:opportuniste_electoral:0,6,2026-07-02,12.111,2,0.17
ecologistes:opportuniste_electoral:0,7,2026-07-21,12.216,2,0.1
ecologistes:opportuniste_electoral:0,8,2026-08-02,12.3,2,0.08
ecologistes:opportuniste_electoral:0,9,2026-08-15,12.199,2,-0.1
ecologistes:opportuniste_electoral:0,10,2026-09-02,12.194,2,0
ecologistes:opportuniste_electoral:0,11,2026-09-21,12.379,2,0.18
ecologistes:opportuniste_electoral:0,12,2026-10-07,9.4,8,-2.98
ecologistes:opportuniste_electoral:0,13,2026-10-26,12.386,2,2.99
ecologistes:opportuniste_electoral:0,14,2026-11-08,12.701,2,0.32
ecologistes:opportuniste_electoral:0,15,2026-11-22,12.803,2,0.1
ecologistes:opportuniste_electoral:0,16,2026-12-07,11,8,-1.8
ecologistes:opportuniste_electoral:0,17,2026-12-23,13.055,1,2.05
ecologistes:opportuniste_electoral:0,18,2027-01-09,12.511,1,-0.54
ecologistes:opportuniste_electoral:0,19,2027-01-28,12.472,1,-0.04
ecologistes:opportuniste_electoral:0,20,2027-02-16,9.4,8,-3.07
ecologistes:opportuniste_electoral:0,21,2027-02-28,12.345,1,2.95
ecologistes:opportuniste_electoral:0,22,2027-03-15,12.806,1,0.46
ecologistes:opportuniste_electoral:0,23,2027-04-01,13.214,1,0.41
ecologistes:opportuniste_electoral:0,24,2027-04-16,13.593,1,0.38
ecologistes:opportuniste_electoral:0,25,2027-04-18,13.808,1,0.21
ecologistes:opportuniste_electoral:0,26,2027-04-20,14.159,1,0.35
ecologistes:opportuniste_electoral:0,27,2027-04-22,14.351,1,0.19
ecologistes:opportuniste_electoral:0,28,2027-04-24,10.8,3,-3.55
ecologistes:opportuniste_electoral:0,29,2027-04-26,14.177,1,3.38
ecologistes:opportuniste_electoral:0,30,2027-05-02,14.13,1,-0.05
ecologistes:opportuniste_electoral:0,31,2027-05-03,14.213,1,0.08
ecologistes:opportuniste_electoral:1,1,2026-04-18,10.651,8,-2.85
ecologistes:opportuniste_electoral:1,2,2026-04-30,10.642,8,-0.01
ecologistes:opportuniste_electoral:1,3,2026-05-13,10.676,8,0.03
ecologistes:opportuniste_electoral:1,4,2026-05-28,12.9,2,2.22
ecologistes:opportuniste_electoral:1,5,2026-06-14,10.856,8,-2.04
ecologistes:opportuniste_electoral:1,6,2026-06-29,11.01,7,0.15
ecologistes:opportuniste_electoral:1,7,2026-07-14,11.168,6,0.16
ecologistes:opportuniste_electoral:1,8,2026-07-31,13.7,1,2.53
ecologistes:opportuniste_electoral:1,9,2026-08-16,11.375,6,-2.32
ecologistes:opportuniste_electoral:1,10,2026-08-31,11.627,4,0.25
ecologistes:opportuniste_electoral:1,11,2026-09-16,11.834,3,0.21
ecologistes:opportuniste_electoral:1,12,2026-10-05,14.4,1,2.57
ecologistes:opportuniste_electoral:1,13,2026-10-22,11.561,5,-2.84
ecologistes:opportuniste_electoral:1,14,2026-11-09,11.665,4,0.1
ecologistes:opportuniste_electoral:1,15,2026-11-28,11.852,4,0.19
ecologistes:opportuniste_electoral:1,16,2026-12-10,11.2,6,-0.65
ecologistes:opportuniste_electoral:1,17,2026-12-23,11.959,3,0.76
ecologistes:opportuniste_electoral:1,18,2027-01-10,12.113,3,0.15
ecologistes:opportuniste_electoral:1,19,2027-01-28,11.583,3,-0.53
ecologistes:opportuniste_electoral:1,20,2027-02-11,13.3,1,1.72
ecologistes:opportuniste_electoral:1,21,2027-03-01,11.01,3,-2.29
ecologistes:opportuniste_electoral:1,22,2027-03-18,11.184,3,0.17
ecologistes:opportuniste_electoral:1,23,2027-03-31,11.36,3,0.18
ecologistes:opportuniste_electoral:1,24,2027-04-16,10.386,5,-0.97
ecologistes:opportuniste_electoral:1,25,2027-04-18,10.349,5,-0.04
ecologistes:opportuniste_electoral:2,1,2026-04-18,11.027,7,-1.37
ecologistes:opportuniste_electoral:2,2,2026-05-03,11.241,7,0.21
ecologistes:opportuniste_electoral:2,3,2026-05-16,11.405,4,0.16
ecologistes:opportuniste_electoral:2,4,2026-06-01,11,7,-0.4
ecologistes:opportuniste_electoral:2,5,2026-06-20,11.914,3,0.91
ecologistes:opportuniste_electoral:2,6,2026-07-06,11.809,3,-0.11
ecologistes:opportuniste_electoral:2,7,2026-07-23,11.698,4,-0.11
ecologistes:opportuniste_electoral:2,8,2026-08-08,13.2,1,1.5
ecologistes:opportuniste_electoral:2,9,2026-08-23,11.592,4,-1.61
ecologistes:opportuniste_electoral:2,10,2026-09-09,11.446,5,-0.15
ecologistes:opportuniste_electoral:2,11,2026-09-25,11.552,5,0.11
ecologistes:opportuniste_electoral:2,12,2026-10-07,10.7,8,-0.85
ecologistes:opportuniste_electoral:2,13,2026-10-20,11.552,5,0.85
ecologistes:opportuniste_electoral:2,14,2026-11-06,11.847,4,0.29
ecologistes:opportuniste_electoral:2,15,2026-11-25,11.988,2,0.14
ecologistes:opportuniste_electoral:2,16,2026-12-13,9.4,8,-2.59
ecologistes:opportuniste_electoral:2,17,2026-12-29,12.315,2,2.91
ecologistes:opportuniste_electoral:2,18,2027-01-16,12.688,2,0.37
ecologistes:opportuniste_electoral:2,19,2027-02-01,12.988,2,0.3
ecologistes:opportuniste_electoral:2,20,2027-02-18,15,1,2.01
ecologistes:opportuniste_electoral:2,21,2027-03-02,13.629,1,-1.37
ecologistes:opportuniste_electoral:2,22,2027-03-18,13.883,1,0.25
ecologistes:opportuniste_electoral:2,23,2027-04-05,13.378,1,-0.5
ecologistes:opportuniste_electoral:2,24,2027-04-17,13.397,1,0.02
ecologistes:opportuniste_electoral:2,25,2027-04-18,13.59,1,0.19
ecologistes:opportuniste_electoral:2,26,2027-04-20,13.851,1,0.26
ecologistes:opportuniste_electoral:2,27,2027-04-22,14.046,1,0.19
ecologistes:opportuniste_electoral:2,28,2027-04-24,13.4,1,-0.65
ecologistes:opportuniste_electoral:2,29,2027-04-26,14.041,1,0.64
ecologistes:opportuniste_electoral:3,1,2026-04-18,10.917,7,0.42
ecologistes:opportuniste_electoral:3,2,2026-05-04,11.067,7,0.15
ecologistes:opportuniste_electoral:3,3,2026-05-17,10.904,7,-0.16
ecologistes:opportuniste_electoral:3,4,2026-05-31,11.1,7,0.2
ecologistes:opportuniste_electoral:3,5,2026-06-16,11.007,7,-0.09
ecologistes:opportuniste_electoral:3,6,2026-07-02,10.758,8,-0.25
ecologistes:opportuniste_electoral:3,7,2026-07-15,10.696,8,-0.06
ecologistes:opportuniste_electoral:3,8,2026-07-31,11.1,7,0.4
ecologistes:opportuniste_electoral:3,9,2026-08-15,11.112,7,0.01
ecologistes:opportuniste_electoral:3,10,2026-08-28,11.318,7,0.21
ecologistes:opportuniste_electoral:3,11,2026-09-11,11.514,5,0.2
ecologistes:opportuniste_electoral:3,12,2026-09-27,12.5,2,0.99
ecologistes:opportuniste_electoral:3,13,2026-10-11,11.745,3,-0.76
ecologistes:opportuniste_electoral:3,14,2026-10-30,12.171,2,0.43
ecologistes:opportuniste_electoral:3,15,2026-11-16,12.494,2,0.32
ecologistes:opportuniste_electoral:3,16,2026-12-01,9.5,8,-2.99
ecologistes:opportuniste_electoral:3,17,2026-12-17,12.833,2,3.33
ecologistes:opportuniste_electoral:3,18,2027-01-02,13.205,1,0.37
ecologistes:opportuniste_electoral:3,19,2027-01-21,13.353,1,0.15
ecologistes:opportuniste_electoral:3,20,2027-02-10,8.1,8,-5.25
ecologistes:opportuniste_electoral:3,21,2027-03-01,13.067,2,4.97
ecologistes:opportuniste_electoral:3,22,2027-03-17,13.004,2,-0.06
ecologistes:opportuniste_electoral:3,23,2027-04-02,13.052,1,0.05
ecologistes:opportuniste_electoral:3,24,2027-04-17,13.203,1,0.15
ecologistes:opportuniste_electoral:3,25,2027-04-18,13.186,1,-0.02
ecologistes:parti_dabord:0,1,2026-04-18,10.733,8,-1.87
ecologistes:parti_dabord:0,2,2026-05-02,11.024,7,0.29
ecologistes:parti_dabord:0,3,2026-05-16,11.272,7,0.25
ecologistes:parti_dabord:0,4,2026-06-03,7.8,8,-3.47
ecologistes:parti_dabord:0,5,2026-06-15,11.599,4,3.8
ecologistes:parti_dabord:0,6,2026-07-01,11.671,4,0.07
ecologistes:parti_dabord:0,7,2026-07-20,11.821,3,0.15
ecologistes:parti_dabord:0,8,2026-08-02,12.1,2,0.28
ecologistes:parti_dabord:0,9,2026-08-15,12.45,2,0.35
ecologistes:parti_dabord:0,10,2026-08-28,12.574,2,0.12
ecologistes:parti_dabord:0,11,2026-09-16,12.533,2,-0.04
ecologistes:parti_dabord:0,12,2026-10-02,9.6,8,-2.93
ecologistes:parti_dabord:0,13,2026-10-21,12.957,1,3.36
ecologistes:parti_dabord:0,14,2026-11-04,13.266,1,0.31
ecologistes:parti_dabord:0,15,2026-11-18,13.497,1,0.23
ecologistes:parti_dabord:0,16,2026-12-03,11.6,3,-1.9
ecologistes:parti_dabord:0,17,2026-12-20,13.819,1,2.22
ecologistes:parti_dabord:0,18,2027-01-07,14.148,1,0.33
ecologistes:parti_dabord:0,19,2027-01-22,14.639,1,0.49
ecologistes:parti_dabord:0,20,2027-02-10,15,1,0.36
ecologistes:parti_dabord:0,21,2027-02-27,15.357,1,0.36
ecologistes:parti_dabord:0,22,2027-03-18,15.495,1,0.14
ecologistes:parti_dabord:0,23,2027-04-01,15.575,1,0.08
ecologistes:parti_dabord:0,24,2027-04-17,15.752,1,0.18
ecologistes:parti_dabord:0,25,2027-04-18,15.956,1,0.2
ecologistes:parti_dabord:0,26,2027-04-20,16.175,1,0.22
ecologistes:parti_dabord:0,27,2027-04-22,16.356,1,0.18
ecologistes:parti_dabord:0,28,2027-04-24,17.3,1,0.94
ecologistes:parti_dabord:0,29,2027-04-26,16.546,1,-0.75
ecologistes:parti_dabord:0,30,2027-05-02,16.486,1,-0.06
ecologistes:parti_dabord:0,31,2027-05-03,16.51,1,0.02
ecologistes:parti_dabord:1,1,2026-04-18,10.87,8,-2.63
ecologistes:parti_dabord:1,2,2026-04-30,11.104,7,0.23
ecologistes:parti_dabord:1,3,2026-05-13,11.276,6,0.17
ecologistes:parti_dabord:1,4,2026-05-28,13.3,1,2.02
ecologistes:parti_dabord:1,5,2026-06-14,11.744,4,-1.56
ecologistes:parti_dabord:1,6,2026-06-29,11.876,3,0.13
ecologistes:parti_dabord:1,7,2026-07-14,11.964,3,0.09
ecologistes:parti_dabord:1,8,2026-07-31,14.3,1,2.34
ecologistes:parti_dabord:1,9,2026-08-16,12.648,2,-1.65
ecologistes:parti_dabord:1,10,2026-08-31,12.872,1,0.22
ecologistes:parti_dabord:1,11,2026-09-16,13.145,1,0.27
ecologistes:parti_dabord:1,12,2026-10-05,15.5,1,2.36
ecologistes:parti_dabord:1,13,2026-10-22,13.711,1,-1.79
ecologistes:parti_dabord:1,14,2026-11-09,13.953,1,0.24
ecologistes:parti_dabord:1,15,2026-11-28,14.08,1,0.13
ecologistes:parti_dabord:1,16,2026-12-10,13.3,1,-0.78
ecologistes:parti_dabord:1,17,2026-12-23,14.496,1,1.2
ecologistes:parti_dabord:1,18,2027-01-10,14.623,1,0.13
ecologistes:parti_dabord:1,19,2027-01-28,14.794,1,0.17
ecologistes:parti_dabord:1,20,2027-02-14,13.2,2,-1.59
ecologistes:parti_dabord:1,21,2027-03-03,14.854,1,1.65
ecologistes:parti_dabord:1,22,2027-03-16,14.831,1,-0.02
ecologistes:parti_dabord:1,23,2027-03-30,14.932,1,0.1
ecologistes:parti_dabord:1,24,2027-04-17,15.105,1,0.17
ecologistes:parti_dabord:1,25,2027-04-18,15.191,1,0.09
ecologistes:parti_dabord:2,1,2026-04-18,11.027,7,-1.37
ecologistes:parti_dabord:2,2,2026-05-03,11.241,7,0.21
ecologistes:parti_dabord:2,3,2026-05-16,11.405,4,0.16
ecologistes:parti_dabord:2,4,2026-06-01,10.9,7,-0.5
ecologistes:parti_dabord:2,5,2026-06-20,11.803,3,0.9
ecologistes:parti_dabord:2,6,2026-07-06,12.006,3,0.2
ecologistes:parti_dabord:2,7,2026-07-23,12,3,-0.01
ecologistes:parti_dabord:2,8,2026-08-08,13.6,1,1.6
ecologistes:parti_dabord:2,9,2026-08-23,12.227,2,-1.37
ecologistes:parti_dabord:2,10,2026-09-09,12.109,2,-0.12
ecologistes:parti_dabord:2,11,2026-09-25,12.221,2,0.11
ecologistes:parti_dabord:2,12,2026-10-07,11.5,5,-0.72
ecologistes:parti_dabord:2,13,2026-10-20,12.674,2,1.17
ecologistes:parti_dabord:2,14,2026-11-06,12.938,1,0.26
ecologistes:parti_dabord:2,15,2026-11-25,13.117,1,0.18
ecologistes:parti_dabord:2,16,2026-12-13,10.6,7,-2.52
ecologistes:parti_dabord:2,17,2026-12-29,13.616,1,3.02
ecologistes:parti_dabord:2,18,2027-01-16,13.967,1,0.35
ecologistes:parti_dabord:2,19,2027-02-01,14.257,1,0.29
ecologistes:parti_dabord:2,20,2027-02-18,16.2,1,1.94
ecologistes:parti_dabord:2,21,2027-03-02,14.663,1,-1.54
ecologistes:parti_dabord:2,22,2027-03-18,14.913,1,0.25
ecologistes:parti_dabord:2,23,2027-04-01,15.009,1,0.1
ecologistes:parti_dabord:2,24,2027-04-16,15.118,1,0.11
ecologistes:parti_dabord:2,25,2027-04-18,15.272,1,0.15
ecologistes:parti_dabord:3,1,2026-04-18,10.917,7,0.42
ecologistes:parti_dabord:3,2,2026-05-04,11.067,7,0.15
ecologistes:parti_dabord:3,3,2026-05-17,11.227,7,0.16
ecologistes:parti_dabord:3,4,2026-05-31,11.4,5,0.17
ecologistes:parti_dabord:3,5,2026-06-16,11.455,5,0.05
ecologistes:parti_dabord:3,6,2026-07-02,11.578,4,0.12
ecologistes:parti_dabord:3,7,2026-07-15,11.641,4,0.06
ecologistes:parti_dabord:3,8,2026-07-31,11.8,3,0.16
ecologistes:parti_dabord:3,9,2026-08-15,12.251,2,0.45
ecologistes:parti_dabord:3,10,2026-08-28,12.515,2,0.26
ecologistes:parti_dabord:3,11,2026-09-11,12.727,2,0.21
ecologistes:parti_dabord:3,12,2026-09-27,13.6,1,0.87
ecologistes:parti_dabord:3,13,2026-10-11,12.955,1,-0.64
ecologistes:parti_dabord:3,14,2026-10-30,13.37,1,0.41
ecologistes:parti_dabord:3,15,2026-11-16,13.681,1,0.31
ecologistes:parti_dabord:3,16,2026-12-01,10.7,7,-2.98
ecologistes:parti_dabord:3,17,2026-12-17,14.013,1,3.31
ecologistes:parti_dabord:3,18,2027-01-02,14.385,1,0.37
ecologistes:parti_dabord:3,19,2027-01-21,14.779,1,0.39
ecologistes:parti_dabord:3,20,2027-02-10,9.5,8,-5.28
ecologistes:parti_dabord:3,21,2027-03-01,14.637,1,5.14
ecologistes:parti_dabord:3,22,2027-03-17,14.711,1,0.07
ecologistes:parti_dabord:3,23,2027-03-31,14.791,1,0.08
ecologistes:parti_dabord:3,24,2027-04-17,14.843,1,0.05
ecologistes:parti_dabord:3,25,2027-04-18,14.525,1,-0.32
ecologistes:parti_dabord:3,26,2027-04-20,14.486,1,-0.04
ecologistes:parti_dabord:3,27,2027-04-22,14.524,1,0.04
ecologistes:parti_dabord:3,28,2027-04-24,14.9,1,0.38
ecologistes:parti_dabord:3,29,2027-04-26,14.87,1,-0.03
ecologistes:parti_dabord:3,30,2027-05-02,14.891,1,0.02
ecologistes:parti_dabord:3,31,2027-05-03,14.91,1,0.02
ecologistes:mediatique:0,1,2026-04-18,10.514,8,-2.09
ecologistes:mediatique:0,2,2026-05-02,10.547,8,0.03
ecologistes:mediatique:0,3,2026-05-16,11.095,7,0.55
ecologistes:mediatique:0,4,2026-06-03,7.7,8,-3.4
ecologistes:mediatique:0,5,2026-06-15,11.675,4,3.98
ecologistes:mediatique:0,6,2026-07-02,11.844,3,0.17
ecologistes:mediatique:0,7,2026-07-21,11.949,3,0.11
ecologistes:mediatique:0,8,2026-08-02,12.1,2,0.15
ecologistes:mediatique:0,9,2026-08-15,11.937,3,-0.16
ecologistes:mediatique:0,10,2026-09-02,11.933,3,0
ecologistes:mediatique:0,11,2026-09-21,12.132,2,0.2
ecologistes:mediatique:0,12,2026-10-07,9.2,8,-2.93
ecologistes:mediatique:0,13,2026-10-26,12.142,2,2.94
ecologistes:mediatique:0,14,2026-11-08,12.072,2,-0.07
ecologistes:mediatique:0,15,2026-11-22,12.042,3,-0.03
ecologistes:mediatique:0,16,2026-12-07,10.3,8,-1.74
ecologistes:mediatique:0,17,2026-12-23,12.333,2,2.03
ecologistes:mediatique:0,18,2027-01-09,11.855,2,-0.48
ecologistes:mediatique:0,19,2027-01-27,11.618,2,-0.24
ecologistes:mediatique:0,20,2027-02-10,8.6,8,-3.02
ecologistes:mediatique:0,21,2027-02-23,11.572,2,2.97
ecologistes:mediatique:0,22,2027-03-12,11.69,2,0.12
ecologistes:mediatique:0,23,2027-03-30,11.783,2,0.09
ecologistes:mediatique:0,24,2027-04-16,11.826,2,0.04
ecologistes:mediatique:0,25,2027-04-18,11.96,2,0.13
ecologistes:mediatique:0,26,2027-04-20,12.059,2,0.1
ecologistes:mediatique:0,27,2027-04-22,11.726,2,-0.33
ecologistes:mediatique:0,28,2027-04-24,8.5,8,-3.23
ecologistes:mediatique:0,29,2027-04-26,11.889,2,3.39
ecologistes:mediatique:1,1,2026-04-18,10.651,8,-2.85
ecologistes:mediatique:1,2,2026-04-30,10.642,8,-0.01
ecologistes:mediatique:1,3,2026-05-13,10.403,8,-0.24
ecologistes:mediatique:1,4,2026-05-28,12.5,3,2.1
ecologistes:mediatique:1,5,2026-06-14,10.214,8,-2.29
ecologistes:mediatique:1,6,2026-06-29,10.339,8,0.13
ecologistes:mediatique:1,7,2026-07-14,10.489,8,0.15
ecologistes:mediatique:1,8,2026-07-31,13.2,1,2.71
ecologistes:mediatique:1,9,2026-08-16,10.698,8,-2.5
ecologistes:mediatique:1,10,2026-08-31,10.953,7,0.25
ecologistes:mediatique:1,11,2026-09-16,11.167,6,0.21
ecologistes:mediatique:1,12,2026-10-05,13.8,1,2.63
ecologistes:mediatique:1,13,2026-10-22,10.896,8,-2.9
ecologistes:mediatique:1,14,2026-11-09,10.599,8,-0.3
ecologistes:mediatique:1,15,2026-11-28,10.713,8,0.11
ecologistes:mediatique:1,16,2026-12-10,10.2,8,-0.51
ecologistes:mediatique:1,17,2026-12-23,10.542,8,0.34
ecologistes:mediatique:1,18,2027-01-10,10.62,8,0.08
ecologistes:mediatique:1,19,2027-01-28,10.131,8,-0.49
ecologistes:mediatique:1,20,2027-02-11,12.4,2,2.27
ecologistes:mediatique:1,21,2027-03-01,10.27,6,-2.13
ecologistes:mediatique:1,22,2027-03-18,10.483,5,0.21
ecologistes:mediatique:1,23,2027-03-31,10.541,4,0.06
ecologistes:mediatique:1,24,2027-04-16,10.792,4,0.25
ecologistes:mediatique:1,25,2027-04-18,10.923,4,0.13
ecologistes:mediatique:2,1,2026-04-18,11.027,7,-1.37
ecologistes:mediatique:2,2,2026-05-03,11.089,7,0.06
ecologistes:mediatique:2,3,2026-05-16,11.317,6,0.23
ecologistes:mediatique:2,4,2026-06-01,10.9,7,-0.42
ecologistes:mediatique:2,5,2026-06-20,11.745,4,0.84
ecologistes:mediatique:2,6,2026-07-06,11.632,4,-0.11
ecologistes:mediatique:2,7,2026-07-23,11.518,5,-0.11
ecologistes:mediatique:2,8,2026-08-08,13,1,1.48
ecologistes:mediatique:2,9,2026-08-23,11.411,6,-1.59
ecologistes:mediatique:2,10,2026-09-09,11.265,6,-0.15
ecologistes:mediatique:2,11,2026-09-25,11.373,6,0.11
ecologistes:mediatique:2,12,2026-10-07,10.5,8,-0.87
ecologistes:mediatique:2,13,2026-10-20,11.179,7,0.68
ecologistes:mediatique:2,14,2026-11-06,11.26,6,0.08
ecologistes:mediatique:2,15,2026-11-25,11.331,6,0.07
ecologistes:mediatique:2,16,2026-12-13,8.9,8,-2.43
ecologistes:mediatique:2,17,2026-12-29,11.421,4,2.52
ecologistes:mediatique:2,18,2027-01-16,11.708,4,0.29
ecologistes:mediatique:2,19,2027-02-01,12.216,3,0.51
ecologistes:mediatique:2,20,2027-02-18,14.6,1,2.38
ecologistes:mediatique:2,21,2027-03-02,13.38,1,-1.22
ecologistes:mediatique:2,22,2027-03-18,13.662,1,0.28
ecologistes:mediatique:2,23,2027-04-05,13.053,2,-0.61
ecologistes:mediatique:2,24,2027-04-17,12.944,2,-0.11
ecologistes:mediatique:2,25,2027-04-18,13.128,2,0.18
ecologistes:mediatique:2,26,2027-04-20,13.389,1,0.26
ecologistes:mediatique:2,27,2027-04-22,13.916,1,0.53
ecologistes:mediatique:2,28,2027-04-24,13.2,1,-0.72
ecologistes:mediatique:2,29,2027-04-26,13.888,1,0.69
ecologistes:mediatique:3,1,2026-04-18,10.917,7,0.42
ecologistes:mediatique:3,2,2026-05-04,11.067,7,0.15
ecologistes:mediatique:3,3,2026-05-17,10.904,7,-0.16
ecologistes:mediatique:3,4,2026-05-31,11.1,7,0.2
ecologistes:mediatique:3,5,2026-06-16,11.007,7,-0.09
ecologistes:mediatique:3,6,2026-07-02,10.758,8,-0.25
ecologistes:mediatique:3,7,2026-07-15,10.696,8,-0.06
ecologistes:mediatique:3,8,2026-07-31,11.1,7,0.4
ecologistes:mediatique:3,9,2026-08-15,11.327,7,0.23
ecologistes:mediatique:3,10,2026-08-28,11.251,7,-0.08
ecologistes:mediatique:3,11,2026-09-11,11.352,6,0.1
ecologistes:mediatique:3,12,2026-09-27,12.4,2,1.05
ecologistes:mediatique:3,13,2026-10-11,11.54,5,-0.86
ecologistes:mediatique:3,14,2026-10-30,11.965,3,0.43
ecologistes:mediatique:3,15,2026-11-16,12.288,2,0.32
ecologistes:mediatique:3,16,2026-12-01,9.4,8,-2.89
ecologistes:mediatique:3,17,2026-12-17,12.67,2,3.27
ecologistes:mediatique:3,18,2027-01-02,12.922,2,0.25
ecologistes:mediatique:3,19,2027-01-21,13.03,2,0.11
ecologistes:mediatique:3,20,2027-02-10,7.6,8,-5.43
ecologistes:mediatique:3,21,2027-03-01,12.182,3,4.58
ecologistes:mediatique:3,22,2027-03-17,12.232,2,0.05
ecologistes:mediatique:3,23,2027-04-02,12.168,3,-0.06
ecologistes:mediatique:3,24,2027-04-17,12.253,2,0.09
ecologistes:mediatique:3,25,2027-04-18,12.233,3,-0.02
ecologistes:contrarien:0,1,2026-04-18,10.514,8,-2.09
ecologistes:contrarien:0,2,2026-05-02,10.547,8,0.03
ecologistes:contrarien:0,3,2026-05-16,10.71,8,0.16
ecologistes:contrarien:0,4,2026-06-03,7.4,8,-3.31
ecologistes:contrarien:0,5,2026-06-15,11.077,7,3.68
ecologistes:contrarien:0,6,2026-07-02,11.211,7,0.13
ecologistes:contrarien:0,7,2026-07-21,11.34,6,0.13
ecologistes:contrarien:0,8,2026-08-02,11.4,6,0.06
ecologistes:contrarien:0,9,2026-08-15,11.253,7,-0.15
ecologistes:contrarien:0,10,2026-08-28,11.183,7,-0.07
ecologistes:contrarien:0,11,2026-09-16,11.183,7,0
ecologistes:contrarien:0,12,2026-10-02,8.2,8,-2.98
ecologistes:contrarien:0,13,2026-10-21,11.178,7,2.98
ecologistes:contrarien:0,14,2026-11-04,11.096,8,-0.08
ecologistes:contrarien:0,15,2026-11-18,11.121,8,0.03
ecologistes:contrarien:0,16,2026-12-03,9.3,8,-1.82
ecologistes:contrarien:0,17,2026-12-20,10.923,8,1.62
ecologistes:contrarien:0,18,2027-01-07,11.068,7,0.14
ecologistes:contrarien:0,19,2027-01-22,11.443,4,0.38
ecologistes:contrarien:0,20,2027-02-10,9.7,8,-1.74
ecologistes:contrarien:0,21,2027-02-25,11.597,3,1.9
ecologistes:contrarien:0,22,2027-03-14,11.62,3,0.02
ecologistes:contrarien:0,23,2027-03-30,11.648,3,0.03
ecologistes:contrarien:0,24,2027-04-17,11.58,3,-0.07
ecologistes:contrarien:0,25,2027-04-18,11.605,3,0.03
ecologistes:contrarien:1,1,2026-04-18,10.651,8,-2.85
ecologistes:contrarien:1,2,2026-04-30,10.642,8,-0.01
ecologistes:contrarien:1,3,2026-05-13,10.403,8,-0.24
ecologistes:contrarien:1,4,2026-05-28,12.5,3,2.1
ecologistes:contrarien:1,5,2026-06-14,10.459,8,-2.04
ecologistes:contrarien:1,6,2026-06-29,10.579,8,0.12
ecologistes:contrarien:1,7,2026-07-14,10.687,8,0.11
ecologistes:contrarien:1,8,2026-07-31,13.3,1,2.61
ecologistes:contrarien:1,9,2026-08-16,10.875,8,-2.43
ecologistes:contrarien:1,10,2026-08-31,10.837,8,-0.04
ecologistes:contrarien:1,11,2026-09-16,11.051,7,0.21
ecologistes:contrarien:1,12,2026-10-05,13.6,1,2.55
ecologistes:contrarien:1,13,2026-10-22,10.987,8,-2.61
ecologistes:contrarien:1,14,2026-11-09,10.806,8,-0.18
ecologistes:contrarien:1,15,2026-11-28,10.769,8,-0.04
ecologistes:contrarien:1,16,2026-12-10,10.2,8,-0.57
ecologistes:contrarien:1,17,2026-12-23,10.776,8,0.58
ecologistes:contrarien:1,18,2027-01-10,10.667,8,-0.11
ecologistes:contrarien:1,19,2027-01-28,10.798,7,0.13
ecologistes:contrarien:1,20,2027-02-14,9.2,8,-1.6
ecologistes:contrarien:1,21,2027-03-03,11.025,6,1.83
ecologistes:contrarien:1,22,2027-03-16,11.015,6,-0.01
ecologistes:contrarien:1,23,2027-03-30,11.168,5,0.15
ecologistes:contrarien:1,24,2027-04-17,11.498,4,0.33
ecologistes:contrarien:1,25,2027-04-18,11.463,4,-0.04
ecologistes:contrarien:2,1,2026-04-18,10.965,7,-1.44
ecologistes:contrarien:2,2,2026-05-03,11.006,7,0.04
ecologistes:contrarien:2,3,2026-05-16,11.226,7,0.22
ecologistes:contrarien:2,4,2026-06-01,10.9,7,-0.33
ecologistes:contrarien:2,5,2026-06-20,11.751,3,0.85
ecologistes:contrarien:2,6,2026-07-06,11.646,4,-0.1
ecologistes:contrarien:2,7,2026-07-23,11.535,5,-0.11
ecologistes:contrarien:2,8,2026-08-08,13,1,1.46
ecologistes:contrarien:2,9,2026-08-23,11.43,5,-1.57
ecologistes:contrarien:2,10,2026-09-09,11.566,5,0.14
ecologistes:contrarien:2,11,2026-09-25,11.726,4,0.16
ecologistes:contrarien:2,12,2026-10-07,10.8,7,-0.93
ecologistes:contrarien:2,13,2026-10-20,11.634,4,0.83
ecologistes:contrarien:2,14,2026-11-06,11.741,4,0.11
ecologistes:contrarien:2,15,2026-11-25,11.719,4,-0.02
ecologistes:contrarien:2,16,2026-12-13,9.1,8,-2.62
ecologistes:contrarien:2,17,2026-12-29,11.281,5,2.18
ecologistes:contrarien:2,18,2027-01-16,11.469,4,0.19
ecologistes:contrarien:2,19,2027-02-01,11.401,4,-0.07
ecologistes:contrarien:2,20,2027-02-18,13.7,1,2.3
ecologistes:contrarien:2,21,2027-03-02,11.653,4,-2.05
ecologistes:contrarien:2,22,2027-03-18,11.82,3,0.17
ecologistes:contrarien:2,23,2027-04-05,12.339,3,0.52
ecologistes:contrarien:2,24,2027-04-17,12.761,2,0.42
ecologistes:contrarien:2,25,2027-04-18,12.993,2,0.23
ecologistes:contrarien:2,26,2027-04-20,13.339,1,0.35
ecologistes:contrarien:2,27,2027-04-22,13.896,1,0.56
ecologistes:contrarien:2,28,2027-04-24,13.1,1,-0.8
ecologistes:contrarien:2,29,2027-04-26,13.948,1,0.85
ecologistes:contrarien:3,1,2026-04-18,10.423,8,-0.08
ecologistes:contrarien:3,2,2026-05-04,10.366,8,-0.06
ecologistes:contrarien:3,3,2026-05-17,10.131,8,-0.23
ecologistes:contrarien:3,4,2026-05-31,10.6,8,0.47
ecologistes:contrarien:3,5,2026-06-16,10.145,8,-0.46
ecologistes:contrarien:3,6,2026-07-02,10.253,8,0.11
ecologistes:contrarien:3,7,2026-07-15,10.362,8,0.11
ecologistes:contrarien:3,8,2026-07-31,10.8,8,0.44
ecologistes:contrarien:3,9,2026-08-15,10.783,8,-0.02
ecologistes:contrarien:3,10,2026-08-28,10.612,8,-0.17
ecologistes:contrarien:3,11,2026-09-11,10.715,8,0.1
ecologistes:contrarien:3,12,2026-09-27,11.9,3,1.19
ecologistes:contrarien:3,13,2026-10-11,10.872,8,-1.03
ecologistes:contrarien:3,14,2026-10-30,11.302,7,0.43
ecologistes:contrarien:3,15,2026-11-16,11.591,3,0.29
ecologistes:contrarien:3,16,2026-12-01,8.7,8,-2.89
ecologistes:contrarien:3,17,2026-12-17,11.905,3,3.21
ecologistes:contrarien:3,18,2027-01-02,12.155,2,0.25
ecologistes:contrarien:3,19,2027-01-21,12.254,2,0.1
ecologistes:contrarien:3,20,2027-02-10,6.8,8,-5.45
ecologistes:contrarien:3,21,2027-03-01,10.963,7,4.16
ecologistes:contrarien:3,22,2027-03-17,10.756,8,-0.21
ecologistes:contrarien:3,23,2027-04-02,10.76,8,0
ecologistes:contrarien:3,24,2027-04-17,10.9,7,0.14
ecologistes:contrarien:3,25,2027-04-18,10.888,7,-0.01
renaissance:aleatoire:0,1,2026-04-18,12.225,3,0.63
renaissance:aleatoire:0,2,2026-05-02,12.5,2,0.28
renaissance:aleatoire:0,3,2026-05-19,12.645,2,0.14
renaissance:aleatoire:0,4,2026-06-01,14,1,1.36
renaissance:aleatoire:0,5,2026-06-20,12.756,2,-1.24
renaissance:aleatoire:0,6,2026-07-07,12.858,2,0.1
renaissance:aleatoire:0,7,2026-07-23,12.879,2,0.02
renaissance:aleatoire:0,8,2026-08-10,11.8,4,-1.08
renaissance:aleatoire:0,9,2026-08-25,13.194,1,1.39
renaissance:aleatoire:0,10,2026-09-12,13.461,1,0.27
renaissance:aleatoire:0,11,2026-09-30,13.589,1,0.13
renaissance:aleatoire:0,12,2026-10-16,15.7,1,2.11
renaissance:aleatoire:0,13,2026-10-28,14.127,1,-1.57
renaissance:aleatoire:0,14,2026-11-11,14.472,1,0.34
renaissance:aleatoire:0,15,2026-11-24,14.634,1,0.16
renaissance:aleatoire:0,16,2026-12-07,14.3,1,-0.33
renaissance:aleatoire:0,17,2026-12-21,14.924,1,0.62
renaissance:aleatoire:0,18,2027-01-08,15.186,1,0.26
renaissance:aleatoire:0,19,2027-01-23,15.265,1,0.08
renaissance:aleatoire:0,20,2027-02-07,16.5,1,1.23
renaissance:aleatoire:0,21,2027-02-27,15.382,1,-1.12
renaissance:aleatoire:0,22,2027-03-16,15.362,1,-0.02
renaissance:aleatoire:0,23,2027-03-31,15.356,1,-0.01
renaissance:aleatoire:0,24,2027-04-17,15.614,1,0.26
renaissance:aleatoire:0,25,2027-04-18,15.614,1,0
renaissance:aleatoire:0,26,2027-04-20,15.815,1,0.2
renaissance:aleatoire:0,27,2027-04-22,15.772,1,-0.04
renaissance:aleatoire:0,28,2027-04-24,15.7,1,-0.07
renaissance:aleatoire:0,29,2027-04-26,15.993,1,0.29
renaissance:aleatoire:0,30,2027-05-02,15.878,1,-0.12
renaissance:aleatoire:0,31,2027-05-03,15.977,1,0.1
renaissance:aleatoire:1,1,2026-04-18,12.575,2,2.57
renaissance:aleatoire:1,2,2026-04-30,12.798,2,0.22
renaissance:aleatoire:1,3,2026-05-13,12.924,2,0.13
renaissance:aleatoire:1,4,2026-05-28,10.4,7,-2.52
renaissance:aleatoire:1,5,2026-06-14,13.185,1,2.79
renaissance:aleatoire:1,6,2026-06-29,13.38,1,0.2
renaissance:aleatoire:1,7,2026-07-14,13.444,1,0.06
renaissance:aleatoire:1,8,2026-07-31,9.4,8,-4.04
renaissance:aleatoire:1,9,2026-08-16,14.097,1,4.7
renaissance:aleatoire:1,10,2026-08-31,14.268,1,0.17
renaissance:aleatoire:1,11,2026-09-16,14.5,1,0.23
renaissance:aleatoire:1,12,2026-10-05,12.8,2,-1.7
renaissance:aleatoire:1,13,2026-10-22,14.81,1,2.01
renaissance:aleatoire:1,14,2026-11-09,15.001,1,0.19
renaissance:aleatoire:1,15,2026-11-28,14.919,1,-0.08
renaissance:aleatoire:1,16,2026-12-10,12.6,2,-2.32
renaissance:aleatoire:1,17,2026-12-23,15.201,1,2.6
renaissance:aleatoire:1,18,2027-01-10,15.397,1,0.2
renaissance:aleatoire:1,19,2027-01-28,15.559,1,0.16
renaissance:aleatoire:1,20,2027-02-14,12.3,3,-3.26
renaissance:aleatoire:1,21,2027-03-03,15.808,1,3.51
renaissance:aleatoire:1,22,2027-03-16,15.892,1,0.08
renaissance:aleatoire:1,23,2027-03-30,15.709,1,-0.18
renaissance:aleatoire:1,24,2027-04-17,15.309,1,-0.4
renaissance:aleatoire:1,25,2027-04-18,15.481,1,0.17
renaissance:aleatoire:2,1,2026-04-18,11.996,3,0.3
renaissance:aleatoire:2,2,2026-05-03,11.915,3,-0.08
renaissance:aleatoire:2,3,2026-05-16,11.91,3,0
renaissance:aleatoire:2,4,2026-06-01,13.6,1,1.69
renaissance:aleatoire:2,5,2026-06-20,12.219,3,-1.38
renaissance:aleatoire:2,6,2026-07-06,12.396,2,0.18
renaissance:aleatoire:2,7,2026-07-23,12.245,3,-0.15
renaissance:aleatoire:2,8,2026-08-08,11.9,3,-0.34
renaissance:aleatoire:2,9,2026-08-23,12.579,2,0.68
renaissance:aleatoire:2,10,2026-09-09,12.758,2,0.18
renaissance:aleatoire:2,11,2026-09-25,12.713,2,-0.04
renaissance:aleatoire:2,12,2026-10-07,15.3,1,2.59
renaissance:aleatoire:2,13,2026-10-20,13.257,1,-2.04
renaissance:aleatoire:2,14,2026-11-06,13.381,1,0.12
renaissance:aleatoire:2,15,2026-11-25,13.436,1,0.05
renaissance:aleatoire:2,16,2026-12-13,14,1,0.56
renaissance:aleatoire:2,17,2026-12-29,13.941,1,-0.06
renaissance:aleatoire:2,18,2027-01-16,14.433,1,0.49
renaissance:aleatoire:2,19,2027-02-01,14.496,1,0.06
renaissance:aleatoire:2,20,2027-02-18,13.2,1,-1.3
renaissance:aleatoire:2,21,2027-03-02,14.625,1,1.43
renaissance:aleatoire:2,22,2027-03-18,14.695,1,0.07
renaissance:aleatoire:2,23,2027-04-05,14.737,1,0.04
renaissance:aleatoire:2,24,2027-04-17,14.7,1,-0.04
renaissance:aleatoire:2,25,2027-04-18,14.765,1,0.07
renaissance:aleatoire:3,1,2026-04-18,12.089,3,2.59
renaissance:aleatoire:3,2,2026-05-04,12.135,3,0.05
renaissance:aleatoire:3,3,2026-05-17,12.161,3,0.03
renaissance:aleatoire:3,4,2026-05-31,11.5,4,-0.66
renaissance:aleatoire:3,5,2026-06-16,12.01,4,0.51
renaissance:aleatoire:3,6,2026-07-02,12.159,3,0.15
renaissance:aleatoire:3,7,2026-07-15,12.206,3,0.05
renaissance:aleatoire:3,8,2026-07-31,8.2,8,-4.01
renaissance:aleatoire:3,9,2026-08-15,11.989,3,3.79
renaissance:aleatoire:3,10,2026-08-28,12.345,2,0.36
renaissance:aleatoire:3,11,2026-09-11,12.633,2,0.29
renaissance:aleatoire:3,12,2026-09-27,7.9,8,-4.73
renaissance:aleatoire:3,13,2026-10-11,12.973,1,5.07
renaissance:aleatoire:3,14,2026-10-30,12.96,1,-0.01
renaissance:aleatoire:3,15,2026-11-16,13.084,1,0.12
renaissance:aleatoire:3,16,2026-12-01,15.1,1,2.02
renaissance:aleatoire:3,17,2026-12-17,13.181,1,-1.92
renaissance:aleatoire:3,18,2027-01-02,13.487,1,0.31
renaissance:aleatoire:3,19,2027-01-21,13.489,1,0
renaissance:aleatoire:3,20,2027-02-10,14.6,1,1.11
renaissance:aleatoire:3,21,2027-03-01,13.146,2,-1.45
renaissance:aleatoire:3,22,2027-03-17,13.259,1,0.11
renaissance:aleatoire:3,23,2027-04-02,13.467,1,0.21
renaissance:aleatoire:3,24,2027-04-17,13.738,1,0.27
renaissance:aleatoire:3,25,2027-04-18,13.797,1,0.06
renaissance:aleatoire:3,26,2027-04-20,13.666,1,-0.13
renaissance:aleatoire:3,27,2027-04-22,13.677,1,0.01
renaissance:aleatoire:3,28,2027-04-24,13.7,1,0.02
renaissance:aleatoire:3,29,2027-04-26,13.899,1,0.2
renaissance:prudent:0,1,2026-04-18,12.225,3,0.63
renaissance:prudent:0,2,2026-05-02,12.381,3,0.16
renaissance:prudent:0,3,2026-05-19,12.483,2,0.1
renaissance:prudent:0,4,2026-06-01,14.1,1,1.62
renaissance:prudent:0,5,2026-06-20,13,2,-1.1
renaissance:prudent:0,6,2026-07-07,13.22,2,0.22
renaissance:prudent:0,7,2026-07-23,13.28,1,0.06
renaissance:prudent:0,8,2026-08-10,12.1,2,-1.18
renaissance:prudent:0,9,2026-08-25,13.649,1,1.55
renaissance:prudent:0,10,2026-09-12,13.917,1,0.27
renaissance:prudent:0,11,2026-09-30,14.026,1,0.11
renaissance:prudent:0,12,2026-10-16,15.8,1,1.77
renaissance:prudent:0,13,2026-10-28,14.145,1,-1.66
renaissance:prudent:0,14,2026-11-11,14.376,1,0.23
renaissance:prudent:0,15,2026-11-24,14.608,1,0.23
renaissance:prudent:0,16,2026-12-07,14.3,1,-0.31
renaissance:prudent:0,17,2026-12-21,14.831,1,0.53
renaissance:prudent:0,18,2027-01-08,15.021,1,0.19
renaissance:prudent:0,19,2027-01-23,15.1,1,0.08
renaissance:prudent:0,20,2027-02-07,16.6,1,1.5
renaissance:prudent:0,21,2027-02-27,15.516,1,-1.08
renaissance:prudent:0,22,2027-03-16,15.502,1,-0.01
renaissance:prudent:0,23,2027-03-31,15.56,1,0.06
renaissance:prudent:0,24,2027-04-17,15.76,1,0.2
renaissance:prudent:0,25,2027-04-18,15.971,1,0.21
renaissance:prudent:0,26,2027-04-20,16.207,1,0.24
renaissance:prudent:0,27,2027-04-22,16.411,1,0.2
renaissance:prudent:0,28,2027-04-24,16.3,1,-0.11
renaissance:prudent:0,29,2027-04-26,16.774,1,0.47
renaissance:prudent:0,30,2027-05-02,16.675,1,-0.1
renaissance:prudent:0,31,2027-05-03,16.594,1,-0.08
renaissance:prudent:1,1,2026-04-18,12.575,2,2.57
renaissance:prudent:1,2,2026-04-30,12.879,2,0.3
renaissance:prudent:1,3,2026-05-13,13.032,1,0.15
renaissance:prudent:1,4,2026-05-28,10.5,7,-2.53
renaissance:prudent:1,5,2026-06-14,13.304,1,2.8
renaissance:prudent:1,6,2026-06-29,13.5,1,0.2
renaissance:prudent:1,7,2026-07-14,13.564,1,0.06
renaissance:prudent:1,8,2026-07-31,9.4,8,-4.16
renaissance:prudent:1,9,2026-08-16,14.215,1,4.81
renaissance:prudent:1,10,2026-08-31,14.072,1,-0.14
renaissance:prudent:1,11,2026-09-16,14.222,1,0.15
renaissance:prudent:1,12,2026-10-05,12.6,2,-1.62
renaissance:prudent:1,13,2026-10-22,14.565,1,1.96
renaissance:prudent:1,14,2026-11-09,14.775,1,0.21
renaissance:prudent:1,15,2026-11-28,15.077,1,0.3
renaissance:prudent:1,16,2026-12-10,12.8,1,-2.28
renaissance:prudent:1,17,2026-12-23,15.566,1,2.77
renaissance:prudent:1,18,2027-01-10,15.652,1,0.09
renaissance:prudent:1,19,2027-01-28,15.787,1,0.14
renaissance:prudent:1,20,2027-02-14,12.5,3,-3.29
renaissance:prudent:1,21,2027-03-03,16.034,1,3.53
renaissance:prudent:1,22,2027-03-16,16.045,1,0.01
renaissance:prudent:1,23,2027-03-30,16.042,1,0
renaissance:prudent:1,24,2027-04-17,16.051,1,0.01
renaissance:prudent:1,25,2027-04-18,16.194,1,0.14
renaissance:prudent:2,1,2026-04-18,12.165,3,0.46
renaissance:prudent:2,2,2026-05-03,12.39,3,0.23
renaissance:prudent:2,3,2026-05-16,12.564,2,0.17
renaissance:prudent:2,4,2026-06-01,14.1,1,1.54
renaissance:prudent:2,5,2026-06-20,13.038,1,-1.06
renaissance:prudent:2,6,2026-07-06,13.246,1,0.21
renaissance:prudent:2,7,2026-07-23,13.108,1,-0.14
renaissance:prudent:2,8,2026-08-08,12.9,1,-0.21
renaissance:prudent:2,9,2026-08-23,13.607,1,0.71
renaissance:prudent:2,10,2026-09-09,13.688,1,0.08
renaissance:prudent:2,11,2026-09-25,13.755,1,0.07
renaissance:prudent:2,12,2026-10-07,16.3,1,2.54
renaissance:prudent:2,13,2026-10-20,14.224,1,-2.08
renaissance:prudent:2,14,2026-11-06,14.306,1,0.08
renaissance:prudent:2,15,2026-11-25,14.374,1,0.07
renaissance:prudent:2,16,2026-12-13,14.9,1,0.53
renaissance:prudent:2,17,2026-12-29,14.694,1,-0.21
renaissance:prudent:2,18,2027-01-16,14.78,1,0.09
renaissance:prudent:2,19,2027-02-01,14.916,1,0.14
renaissance:prudent:2,20,2027-02-18,13.8,1,-1.12
renaissance:prudent:2,21,2027-03-02,15.128,1,1.33
renaissance:prudent:2,22,2027-03-18,15.154,1,0.03
renaissance:prudent:2,23,2027-04-05,15.29,1,0.14
renaissance:prudent:2,24,2027-04-17,15.296,1,0.01
renaissance:prudent:2,25,2027-04-18,15.457,1,0.16
renaissance:prudent:3,1,2026-04-18,12.218,3,2.72
renaissance:prudent:3,2,2026-05-04,12.431,3,0.21
renaissance:prudent:3,3,2026-05-17,12.513,2,0.08
renaissance:prudent:3,4,2026-05-31,11.8,4,-0.71
renaissance:prudent:3,5,2026-06-16,12.747,2,0.95
renaissance:prudent:3,6,2026-07-02,13.061,1,0.31
renaissance:prudent:3,7,2026-07-15,13.289,1,0.23
renaissance:prudent:3,8,2026-07-31,9.2,8,-4.09
renaissance:prudent:3,9,2026-08-15,13.42,1,4.22
renaissance:prudent:3,10,2026-08-28,13.691,1,0.27
renaissance:prudent:3,11,2026-09-11,13.943,1,0.25
renaissance:prudent:3,12,2026-09-27,9.1,8,-4.84
renaissance:prudent:3,13,2026-10-11,14.238,1,5.14
renaissance:prudent:3,14,2026-10-30,14.489,1,0.25
renaissance:prudent:3,15,2026-11-16,14.646,1,0.16
renaissance:prudent:3,16,2026-12-01,16.6,1,1.95
renaissance:prudent:3,17,2026-12-17,14.83,1,-1.77
renaissance:prudent:3,18,2027-01-02,15.174,1,0.34
renaissance:prudent:3,19,2027-01-21,15.285,1,0.11
renaissance:prudent:3,20,2027-02-10,16.5,1,1.21
renaissance:prudent:3,21,2027-03-01,15.491,1,-1.01
renaissance:prudent:3,22,2027-03-17,15.644,1,0.15
renaissance:prudent:3,23,2027-03-31,15.858,1,0.21
renaissance:prudent:3,24,2027-04-17,15.917,1,0.06
renaissance:prudent:3,25,2027-04-18,15.985,1,0.07
renaissance:prudent:3,26,2027-04-20,16.022,1,0.04
renaissance:prudent:3,27,2027-04-22,16.109,1,0.09
renaissance:prudent:3,28,2027-04-24,16.1,1,-0.01
renaissance:prudent:3,29,2027-04-26,16.245,1,0.14
renaissance:prudent:3,30,2027-05-02,16.133,1,-0.11
renaissance:prudent:3,31,2027-05-03,16.203,1,0.07
renaissance:risque:0,1,2026-04-18,12.009,3,0.41
renaissance:risque:0,2,2026-05-02,12.211,3,0.2
renaissance:risque:0,3,2026-05-19,12.331,3,0.12
renaissance:risque:0,4,2026-06-01,13.7,1,1.37
renaissance:risque:0,5,2026-06-20,12.521,2,-1.18
renaissance:risque:0,6,2026-07-02,12.713,2,0.19
renaissance:risque:0,7,2026-07-20,13.14,2,0.43
renaissance:risque:0,8,2026-08-04,15.4,1,2.26
renaissance:risque:0,9,2026-08-21,13.486,1,-1.91
renaissance:risque:0,10,2026-09-08,13.636,1,0.15
renaissance:risque:0,11,2026-09-25,14.014,1,0.38
renaissance:risque:0,12,2026-10-08,14.4,1,0.39
renaissance:risque:0,13,2026-10-21,14.351,1,-0.05
renaissance:risque:0,14,2026-11-07,14.59,1,0.24
renaissance:risque:0,15,2026-11-25,14.839,1,0.25
renaissance:risque:0,16,2026-12-13,16.8,1,1.96
renaissance:risque:0,17,2026-12-27,15.173,1,-1.63
renaissance:risque:0,18,2027-01-15,15.197,1,0.02
renaissance:risque:0,19,2027-01-28,15.224,1,0.03
renaissance:risque:0,20,2027-02-11,19.6,1,4.38
renaissance:risque:0,21,2027-03-02,15.39,1,-4.21
renaissance:risque:0,22,2027-03-19,14.809,1,-0.58
renaissance:risque:0,23,2027-04-02,14.669,1,-0.14
renaissance:risque:0,24,2027-04-17,14.52,1,-0.15
renaissance:risque:0,25,2027-04-18,14.607,1,0.09
renaissance:risque:0,26,2027-04-20,14.71,1,0.1
renaissance:risque:0,27,2027-04-22,14.908,1,0.2
renaissance:risque:0,28,2027-04-24,18.6,1,3.69
renaissance:risque:0,29,2027-04-26,15.175,1,-3.43
renaissance:risque:1,1,2026-04-18,12.575,2,2.57
renaissance:risque:1,2,2026-04-30,12.879,2,0.3
renaissance:risque:1,3,2026-05-13,12.957,2,0.08
renaissance:risque:1,4,2026-05-28,10.5,7,-2.46
renaissance:risque:1,5,2026-06-14,13.132,1,2.63
renaissance:risque:1,6,2026-06-29,13.283,1,0.15
renaissance:risque:1,7,2026-07-14,13.394,1,0.11
renaissance:risque:1,8,2026-07-31,9.3,8,-4.09
renaissance:risque:1,9,2026-08-16,14.08,1,4.78
renaissance:risque:1,10,2026-08-31,14.19,1,0.11
renaissance:risque:1,11,2026-09-16,14.352,1,0.16
renaissance:risque:1,12,2026-10-05,12.6,2,-1.75
renaissance:risque:1,13,2026-10-22,14.647,1,2.05
renaissance:risque:1,14,2026-11-09,14.739,1,0.09
renaissance:risque:1,15,2026-11-28,14.819,1,0.08
renaissance:risque:1,16,2026-12-10,12.3,2,-2.52
renaissance:risque:1,17,2026-12-23,14.783,1,2.48
renaissance:risque:1,18,2027-01-10,14.749,1,-0.03
renaissance:risque:1,19,2027-01-28,14.869,1,0.12
renaissance:risque:1,20,2027-02-14,11.5,3,-3.37
renaissance:risque:1,21,2027-03-03,14.82,1,3.32
renaissance:risque:1,22,2027-03-16,14.899,1,0.08
renaissance:risque:1,23,2027-03-30,14.925,1,0.03
renaissance:risque:1,24,2027-04-17,15.149,1,0.22
renaissance:risque:1,25,2027-04-18,15.341,1,0.19
renaissance:risque:2,1,2026-04-18,12.165,3,0.46
renaissance:risque:2,2,2026-05-03,12.144,3,-0.02
renaissance:risque:2,3,2026-05-16,12.227,3,0.08
renaissance:risque:2,4,2026-06-01,13.8,1,1.57
renaissance:risque:2,5,2026-06-20,12.508,2,-1.29
renaissance:risque:2,6,2026-07-06,12.385,2,-0.12
renaissance:risque:2,7,2026-07-23,12.484,2,0.1
renaissance:risque:2,8,2026-08-08,12.4,2,-0.08
renaissance:risque:2,9,2026-08-23,12.913,1,0.51
renaissance:risque:2,10,2026-09-09,12.995,1,0.08
renaissance:risque:2,11,2026-09-25,13.101,1,0.11
renaissance:risque:2,12,2026-10-07,15.7,1,2.6
renaissance:risque:2,13,2026-10-20,13.333,1,-2.37
renaissance:risque:2,14,2026-11-06,13.409,1,0.08
renaissance:risque:2,15,2026-11-25,13.491,1,0.08
renaissance:risque:2,16,2026-12-13,14.1,1,0.61
renaissance:risque:2,17,2026-12-29,13.843,1,-0.26
renaissance:risque:2,18,2027-01-16,14.289,1,0.45
renaissance:risque:2,19,2027-02-01,14.498,1,0.21
renaissance:risque:2,20,2027-02-18,13.2,1,-1.3
renaissance:risque:2,21,2027-03-02,14.734,1,1.53
renaissance:risque:2,22,2027-03-18,14.684,1,-0.05
renaissance:risque:2,23,2027-04-02,14.914,1,0.23
renaissance:risque:2,24,2027-04-17,15.016,1,0.1
renaissance:risque:2,25,2027-04-18,15.181,1,0.16
renaissance:risque:3,1,2026-04-18,12.218,3,2.72
renaissance:risque:3,2,2026-05-04,12.431,3,0.21
renaissance:risque:3,3,2026-05-17,12.513,2,0.08
renaissance:risque:3,4,2026-05-31,11.8,4,-0.71
renaissance:risque:3,5,2026-06-16,12.429,2,0.63
renaissance:risque:3,6,2026-07-02,12.666,2,0.24
renaissance:risque:3,7,2026-07-15,12.887,2,0.22
renaissance:risque:3,8,2026-07-31,8.8,8,-4.09
renaissance:risque:3,9,2026-08-15,12.856,2,4.06
renaissance:risque:3,10,2026-08-28,13.252,1,0.4
renaissance:risque:3,11,2026-09-11,13.54,1,0.29
renaissance:risque:3,12,2026-09-27,8.6,8,-4.94
renaissance:risque:3,13,2026-10-11,13.593,1,4.99
renaissance:risque:3,14,2026-10-30,13.848,1,0.26
renaissance:risque:3,15,2026-11-16,14.028,1,0.18
renaissance:risque:3,16,2026-12-01,16.1,1,2.07
renaissance:risque:3,17,2026-12-17,14.55,1,-1.55
renaissance:risque:3,18,2027-01-02,14.936,1,0.39
renaissance:risque:3,19,2027-01-21,15.073,1,0.14
renaissance:risque:3,20,2027-02-10,16.3,1,1.23
renaissance:risque:3,21,2027-03-01,15.336,1,-0.96
renaissance:risque:3,22,2027-03-17,15.337,1,0
renaissance:risque:3,23,2027-03-31,15.5,1,0.16
renaissance:risque:3,24,2027-04-17,15.696,1,0.2
renaissance:risque:3,25,2027-04-18,15.816,1,0.12
renaissance:risque:3,26,2027-04-20,15.682,1,-0.13
renaissance:risque:3,27,2027-04-22,15.713,1,0.03
renaissance:risque:3,28,2027-04-24,15.8,1,0.09
renaissance:risque:3,29,2027-04-26,15.757,1,-0.04
renaissance:risque:3,30,2027-05-02,15.59,1,-0.17
renaissance:risque:3,31,2027-05-03,15.443,1,-0.15
renaissance:ideologiquement_coherent:0,1,2026-04-18,12.199,3,0.6
renaissance:ideologiquement_coherent:0,2,2026-05-02,12.466,2,0.27
renaissance:ideologiquement_coherent:0,3,2026-05-19,12.597,2,0.13
renaissance:ideologiquement_coherent:0,4,2026-06-01,14.2,1,1.6
renaissance:ideologiquement_coherent:0,5,2026-06-20,12.905,2,-1.29
renaissance:ideologiquement_coherent:0,6,2026-07-07,13.049,2,0.14
renaissance:ideologiquement_coherent:0,7,2026-07-24,13.232,2,0.18
renaissance:ideologiquement_coherent:0,8,2026-08-07,15.6,1,2.37
renaissance:ideologiquement_coherent:0,9,2026-08-23,13.439,1,-2.16
renaissance:ideologiquement_coherent:0,10,2026-09-08,13.573,1,0.13
renaissance:ideologiquement_coherent:0,11,2026-09-25,13.939,1,0.37
renaissance:ideologiquement_coherent:0,12,2026-10-08,14.3,1,0.36
renaissance:ideologiquement_coherent:0,13,2026-10-21,14.22,1,-0.08
renaissance:ideologiquement_coherent:0,14,2026-11-07,14.479,1,0.26
renaissance:ideologiquement_coherent:0,15,2026-11-25,14.709,1,0.23
renaissance:ideologiquement_coherent:0,16,2026-12-13,16.7,1,1.99
renaissance:ideologiquement_coherent:0,17,2026-12-27,15,1,-1.7
renaissance:ideologiquement_coherent:0,18,2027-01-15,15.069,1,0.07
renaissance:ideologiquement_coherent:0,19,2027-01-28,15.273,1,0.2
renaissance:ideologiquement_coherent:0,20,2027-02-11,19.6,1,4.33
renaissance:ideologiquement_coherent:0,21,2027-03-02,15.285,1,-4.32
renaissance:ideologiquement_coherent:0,22,2027-03-19,15.349,1,0.06
renaissance:ideologiquement_coherent:0,23,2027-04-02,15.43,1,0.08
renaissance:ideologiquement_coherent:0,24,2027-04-17,15.735,1,0.3
renaissance:ideologiquement_coherent:0,25,2027-04-18,15.939,1,0.2
renaissance:ideologiquement_coherent:0,26,2027-04-20,16.033,1,0.09
renaissance:ideologiquement_coherent:0,27,2027-04-22,16.224,1,0.19
renaissance:ideologiquement_coherent:0,28,2027-04-24,19.7,1,3.48
renaissance:ideologiquement_coherent:0,29,2027-04-26,16.251,1,-3.45
renaissance:ideologiquement_coherent:1,1,2026-04-18,12.048,3,2.05
renaissance:ideologiquement_coherent:1,2,2026-04-30,12.091,3,0.04
renaissance:ideologiquement_coherent:1,3,2026-05-13,12.171,3,0.08
renaissance:ideologiquement_coherent:1,4,2026-05-28,10,8,-2.17
renaissance:ideologiquement_coherent:1,5,2026-06-14,12.507,2,2.51
renaissance:ideologiquement_coherent:1,6,2026-06-29,12.704,2,0.2
renaissance:ideologiquement_coherent:1,7,2026-07-14,12.771,2,0.07
renaissance:ideologiquement_coherent:1,8,2026-07-31,8.8,8,-3.97
renaissance:ideologiquement_coherent:1,9,2026-08-16,13.408,1,4.61
renaissance:ideologiquement_coherent:1,10,2026-08-31,13.522,1,0.11
renaissance:ideologiquement_coherent:1,11,2026-09-16,13.7,1,0.18
renaissance:ideologiquement_coherent:1,12,2026-10-05,12,3,-1.7
renaissance:ideologiquement_coherent:1,13,2026-10-22,14.027,1,2.03
renaissance:ideologiquement_coherent:1,14,2026-11-09,14.196,1,0.17
renaissance:ideologiquement_coherent:1,15,2026-11-28,14.368,1,0.17
renaissance:ideologiquement_coherent:1,16,2026-12-10,12,3,-2.37
renaissance:ideologiquement_coherent:1,17,2026-12-23,14.78,1,2.78
renaissance:ideologiquement_coherent:1,18,2027-01-10,14.859,1,0.08
renaissance:ideologiquement_coherent:1,19,2027-01-28,14.942,1,0.08
renaissance:ideologiquement_coherent:1,20,2027-02-14,11.6,3,-3.34
renaissance:ideologiquement_coherent:1,21,2027-03-03,14.95,1,3.35
renaissance:ideologiquement_coherent:1,22,2027-03-16,15.017,1,0.07
renaissance:ideologiquement_coherent:1,23,2027-03-30,15.03,1,0.01
renaissance:ideologiquement_coherent:1,24,2027-04-17,15.295,1,0.27
renaissance:ideologiquement_coherent:1,25,2027-04-18,15.46,1,0.17
renaissance:ideologiquement_coherent:2,1,2026-04-18,11.828,3,0.13
renaissance:ideologiquement_coherent:2,2,2026-05-03,11.936,3,0.11
renaissance:ideologiquement_coherent:2,3,2026-05-16,12.057,3,0.12
renaissance:ideologiquement_coherent:2,4,2026-06-01,13.8,1,1.74
renaissance:ideologiquement_coherent:2,5,2026-06-20,12.51,2,-1.29
renaissance:ideologiquement_coherent:2,6,2026-07-06,12.685,2,0.18
renaissance:ideologiquement_coherent:2,7,2026-07-23,12.871,1,0.19
renaissance:ideologiquement_coherent:2,8,2026-08-08,12.3,2,-0.57
renaissance:ideologiquement_coherent:2,9,2026-08-23,12.844,1,0.54
renaissance:ideologiquement_coherent:2,10,2026-09-09,12.902,1,0.06
renaissance:ideologiquement_coherent:2,11,2026-09-25,12.813,2,-0.09
renaissance:ideologiquement_coherent:2,12,2026-10-07,15.4,1,2.59
renaissance:ideologiquement_coherent:2,13,2026-10-20,13.238,1,-2.16
renaissance:ideologiquement_coherent:2,14,2026-11-06,13.399,1,0.16
renaissance:ideologiquement_coherent:2,15,2026-11-25,13.495,1,0.1
renaissance:ideologiquement_coherent:2,16,2026-12-13,14,1,0.51
renaissance:ideologiquement_coherent:2,17,2026-12-29,13.983,1,-0.02
renaissance:ideologiquement_coherent:2,18,2027-01-16,14.466,1,0.48
renaissance:ideologiquement_coherent:2,19,2027-02-01,14.743,1,0.28
renaissance:ideologiquement_coherent:2,20,2027-02-18,13.4,1,-1.34
renaissance:ideologiquement_coherent:2,21,2027-03-02,14.577,1,1.18
renaissance:ideologiquement_coherent:2,22,2027-03-18,14.608,1,0.03
renaissance:ideologiquement_coherent:2,23,2027-04-05,14.735,1,0.13
renaissance:ideologiquement_coherent:2,24,2027-04-17,14.788,1,0.05
renaissance:ideologiquement_coherent:2,25,2027-04-18,14.938,1,0.15
renaissance:ideologiquement_coherent:3,1,2026-04-18,12.218,3,2.72
renaissance:ideologiquement_coherent:3,2,2026-05-04,12.431,3,0.21
renaissance:ideologiquement_coherent:3,3,2026-05-17,12.513,2,0.08
renaissance:ideologiquement_coherent:3,4,2026-05-31,11.8,4,-0.71
renaissance:ideologiquement_coherent:3,5,2026-06-16,12.719,2,0.92
renaissance:ideologiquement_coherent:3,6,2026-07-02,12.948,1,0.23
renaissance:ideologiquement_coherent:3,7,2026-07-15,13.145,1,0.2
renaissance:ideologiquement_coherent:3,8,2026-07-31,9.1,8,-4.04
renaissance:ideologiquement_coherent:3,9,2026-08-15,13.346,1,4.25
renaissance:ideologiquement_coherent:3,10,2026-08-28,13.72,1,0.37
renaissance:ideologiquement_coherent:3,11,2026-09-11,13.968,1,0.25
renaissance:ideologiquement_coherent:3,12,2026-09-27,9,8,-4.97
renaissance:ideologiquement_coherent:3,13,2026-10-11,14.182,1,5.18
renaissance:ideologiquement_coherent:3,14,2026-10-30,14.466,1,0.28
renaissance:ideologiquement_coherent:3,15,2026-11-16,14.489,1,0.02
renaissance:ideologiquement_coherent:3,16,2026-12-01,16.6,1,2.11
renaissance:ideologiquement_coherent:3,17,2026-12-17,14.89,1,-1.71
renaissance:ideologiquement_coherent:3,18,2027-01-02,15.256,1,0.37
renaissance:ideologiquement_coherent:3,19,2027-01-21,15.491,1,0.23
renaissance:ideologiquement_coherent:3,20,2027-02-10,16.7,1,1.21
renaissance:ideologiquement_coherent:3,21,2027-03-01,15.853,1,-0.85
renaissance:ideologiquement_coherent:3,22,2027-03-17,15.905,1,0.05
renaissance:ideologiquement_coherent:3,23,2027-03-31,15.955,1,0.05
renaissance:ideologiquement_coherent:3,24,2027-04-17,15.935,1,-0.02
renaissance:ideologiquement_coherent:3,25,2027-04-18,16.13,1,0.19
renaissance:ideologiquement_coherent:3,26,2027-04-20,16.021,1,-0.11
renaissance:ideologiquement_coherent:3,27,2027-04-22,16.058,1,0.04
renaissance:ideologiquement_coherent:3,28,2027-04-24,16.1,1,0.04
renaissance:ideologiquement_coherent:3,29,2027-04-26,16.149,1,0.05
renaissance:ideologiquement_coherent:3,30,2027-05-02,16.016,1,-0.13
renaissance:ideologiquement_coherent:3,31,2027-05-03,16.06,1,0.04
renaissance:opportuniste_electoral:0,1,2026-04-18,12.009,3,0.41
renaissance:opportuniste_electoral:0,2,2026-05-02,12.211,3,0.2
renaissance:opportuniste_electoral:0,3,2026-05-19,12.328,3,0.12
renaissance:opportuniste_electoral:0,4,2026-06-01,13.7,1,1.37
renaissance:opportuniste_electoral:0,5,2026-06-20,12.279,3,-1.42
renaissance:opportuniste_electoral:0,6,2026-07-02,12.337,3,0.06
renaissance:opportuniste_electoral:0,7,2026-07-20,12.358,3,0.02
renaissance:opportuniste_electoral:0,8,2026-08-04,14.7,1,2.34
renaissance:opportuniste_electoral:0,9,2026-08-21,12.159,3,-2.54
renaissance:opportuniste_electoral:0,10,2026-09-08,12.193,3,0.03
renaissance:opportuniste_electoral:0,11,2026-09-25,12.633,2,0.44
renaissance:opportuniste_electoral:0,12,2026-10-08,13.1,1,0.47
renaissance:opportuniste_electoral:0,13,2026-10-21,12.854,2,-0.25
renaissance:opportuniste_electoral:0,14,2026-11-07,12.7,2,-0.15
renaissance:opportuniste_electoral:0,15,2026-11-25,12.75,2,0.05
renaissance:opportuniste_electoral:0,16,2026-12-13,14.9,1,2.15
renaissance:opportuniste_electoral:0,17,2026-12-27,13.035,2,-1.87
renaissance:opportuniste_electoral:0,18,2027-01-15,13.204,1,0.17
renaissance:opportuniste_electoral:0,19,2027-01-28,13.447,1,0.24
renaissance:opportuniste_electoral:0,20,2027-02-11,18.1,1,4.65
renaissance:opportuniste_electoral:0,21,2027-03-02,14.155,1,-3.95
renaissance:opportuniste_electoral:0,22,2027-03-19,13.688,1,-0.47
renaissance:opportuniste_electoral:0,23,2027-04-02,13.179,2,-0.51
renaissance:opportuniste_electoral:0,24,2027-04-17,13.204,3,0.03
renaissance:opportuniste_electoral:0,25,2027-04-18,13.322,3,0.12
renaissance:opportuniste_electoral:0,26,2027-04-20,13.403,2,0.08
renaissance:opportuniste_electoral:0,27,2027-04-22,13.599,1,0.2
renaissance:opportuniste_electoral:0,28,2027-04-24,17.3,1,3.7
renaissance:opportuniste_electoral:0,29,2027-04-26,13.442,2,-3.86
renaissance:opportuniste_electoral:0,30,2027-05-02,13.294,2,-0.15
renaissance:opportuniste_electoral:0,31,2027-05-03,13.37,2,0.08
renaissance:opportuniste_electoral:1,1,2026-04-18,12.575,2,2.57
renaissance:opportuniste_electoral:1,2,2026-04-30,12.675,2,0.1
renaissance:opportuniste_electoral:1,3,2026-05-13,12.751,2,0.08
renaissance:opportuniste_electoral:1,4,2026-05-28,10.3,7,-2.45
renaissance:opportuniste_electoral:1,5,2026-06-14,12.916,2,2.62
renaissance:opportuniste_electoral:1,6,2026-06-29,12.838,2,-0.08
renaissance:opportuniste_electoral:1,7,2026-07-14,12.872,2,0.03
renaissance:opportuniste_electoral:1,8,2026-07-31,9,8,-3.87
renaissance:opportuniste_electoral:1,9,2026-08-16,13.208,1,4.21
renaissance:opportuniste_electoral:1,10,2026-08-31,13.179,1,-0.03
renaissance:opportuniste_electoral:1,11,2026-09-16,13.315,1,0.14
renaissance:opportuniste_electoral:1,12,2026-10-05,11.8,3,-1.51
renaissance:opportuniste_electoral:1,13,2026-10-22,13.503,1,1.7
renaissance:opportuniste_electoral:1,14,2026-11-09,13.729,1,0.23
renaissance:opportuniste_electoral:1,15,2026-11-28,13.884,1,0.16
renaissance:opportuniste_electoral:1,16,2026-12-10,11.5,3,-2.38
renaissance:opportuniste_electoral:1,17,2026-12-23,14.082,1,2.58
renaissance:opportuniste_electoral:1,18,2027-01-10,14.225,1,0.14
renaissance:opportuniste_electoral:1,19,2027-01-28,14.335,1,0.11
renaissance:opportuniste_electoral:1,20,2027-02-14,10.9,5,-3.44
renaissance:opportuniste_electoral:1,21,2027-03-03,14.15,1,3.25
renaissance:opportuniste_electoral:1,22,2027-03-16,14.157,1,0.01
renaissance:opportuniste_electoral:1,23,2027-03-30,14.128,1,-0.03
renaissance:opportuniste_electoral:1,24,2027-04-17,14.265,1,0.14
renaissance:opportuniste_electoral:1,25,2027-04-18,14.438,1,0.17
renaissance:opportuniste_electoral:2,1,2026-04-18,11.828,3,0.13
renaissance:opportuniste_electoral:2,2,2026-05-03,11.798,3,-0.03
renaissance:opportuniste_electoral:2,3,2026-05-16,11.877,3,0.08
renaissance:opportuniste_electoral:2,4,2026-06-01,13.6,1,1.72
renaissance:opportuniste_electoral:2,5,2026-06-20,12.321,3,-1.28
renaissance:opportuniste_electoral:2,6,2026-07-06,12.211,3,-0.11
renaissance:opportuniste_electoral:2,7,2026-07-23,12.315,3,0.1
renaissance:opportuniste_electoral:2,8,2026-08-08,12.2,3,-0.12
renaissance:opportuniste_electoral:2,9,2026-08-23,12.788,2,0.59
renaissance:opportuniste_electoral:2,10,2026-09-09,12.842,2,0.05
renaissance:opportuniste_electoral:2,11,2026-09-25,12.754,2,-0.09
renaissance:opportuniste_electoral:2,12,2026-10-07,15.4,1,2.65
renaissance:opportuniste_electoral:2,13,2026-10-20,12.964,1,-2.44
renaissance:opportuniste_electoral:2,14,2026-11-06,13.125,1,0.16
renaissance:opportuniste_electoral:2,15,2026-11-25,13.252,1,0.13
renaissance:opportuniste_electoral:2,16,2026-12-13,13.8,1,0.55
renaissance:opportuniste_electoral:2,17,2026-12-29,13.595,1,-0.21
renaissance:opportuniste_electoral:2,18,2027-01-16,14.123,1,0.53
renaissance:opportuniste_electoral:2,19,2027-02-01,14.148,1,0.03
renaissance:opportuniste_electoral:2,20,2027-02-18,12.9,2,-1.25
renaissance:opportuniste_electoral:2,21,2027-03-02,13.871,1,0.97
renaissance:opportuniste_electoral:2,22,2027-03-18,13.764,1,-0.11
renaissance:opportuniste_electoral:2,23,2027-04-05,13.763,1,0
renaissance:opportuniste_electoral:2,24,2027-04-17,13.757,1,-0.01
renaissance:opportuniste_electoral:2,25,2027-04-18,13.943,1,0.19
renaissance:opportuniste_electoral:3,1,2026-04-18,12.218,3,2.72
renaissance:opportuniste_electoral:3,2,2026-05-04,12.307,3,0.09
renaissance:opportuniste_electoral:3,3,2026-05-17,12.346,3,0.04
renaissance:opportuniste_electoral:3,4,2026-05-31,11.7,4,-0.65
renaissance:opportuniste_electoral:3,5,2026-06-16,12.261,3,0.56
renaissance:opportuniste_electoral:3,6,2026-07-02,12.303,3,0.04
renaissance:opportuniste_electoral:3,7,2026-07-15,12.483,2,0.18
renaissance:opportuniste_electoral:3,8,2026-07-31,8.5,8,-3.98
renaissance:opportuniste_electoral:3,9,2026-08-15,12.44,2,3.94
renaissance:opportuniste_electoral:3,10,2026-08-28,12.838,2,0.4
renaissance:opportuniste_electoral:3,11,2026-09-11,13.151,1,0.31
renaissance:opportuniste_electoral:3,12,2026-09-27,8.3,8,-4.85
renaissance:opportuniste_electoral:3,13,2026-10-11,13.301,1,5
renaissance:opportuniste_electoral:3,14,2026-10-30,13.175,1,-0.13
renaissance:opportuniste_electoral:3,15,2026-11-16,13.061,1,-0.11
renaissance:opportuniste_electoral:3,16,2026-12-01,15.2,1,2.14
renaissance:opportuniste_electoral:3,17,2026-12-17,13.162,1,-2.04
renaissance:opportuniste_electoral:3,18,2027-01-02,13.454,1,0.29
renaissance:opportuniste_electoral:3,19,2027-01-21,13.68,1,0.23
renaissance:opportuniste_electoral:3,20,2027-02-10,15.1,1,1.42
renaissance:opportuniste_electoral:3,21,2027-03-01,13.903,1,-1.2
renaissance:opportuniste_electoral:3,22,2027-03-17,14.082,1,0.18
renaissance:opportuniste_electoral:3,23,2027-04-02,14.28,1,0.2
renaissance:opportuniste_electoral:3,24,2027-04-17,14.309,1,0.03
renaissance:opportuniste_electoral:3,25,2027-04-18,14.474,1,0.17
renaissance:opportuniste_electoral:3,26,2027-04-20,14.696,1,0.22
renaissance:opportuniste_electoral:3,27,2027-04-22,14.792,1,0.1
renaissance:opportuniste_electoral:3,28,2027-04-24,14.7,1,-0.09
renaissance:opportuniste_electoral:3,29,2027-04-26,14.871,1,0.17
renaissance:opportuniste_electoral:3,30,2027-05-02,14.721,1,-0.15
renaissance:opportuniste_electoral:3,31,2027-05-03,14.8,1,0.08
renaissance:parti_dabord:0,1,2026-04-18,12.225,3,0.63
renaissance:parti_dabord:0,2,2026-05-02,12.5,2,0.28
renaissance:parti_dabord:0,3,2026-05-19,12.639,2,0.14
renaissance:parti_dabord:0,4,2026-06-01,14.2,1,1.56
renaissance:parti_dabord:0,5,2026-06-20,13.012,2,-1.19
renaissance:parti_dabord:0,6,2026-07-07,13.169,2,0.16
renaissance:parti_dabord:0,7,2026-07-23,13.297,1,0.13
renaissance:parti_dabord:0,8,2026-08-10,12.2,2,-1.1
renaissance:parti_dabord:0,9,2026-08-25,13.545,1,1.35
renaissance:parti_dabord:0,10,2026-09-12,13.621,1,0.08
renaissance:parti_dabord:0,11,2026-09-30,13.683,1,0.06
renaissance:parti_dabord:0,12,2026-10-16,15.8,1,2.12
renaissance:parti_dabord:0,13,2026-10-28,14.393,1,-1.41
renaissance:parti_dabord:0,14,2026-11-11,14.679,1,0.29
renaissance:parti_dabord:0,15,2026-11-24,14.878,1,0.2
renaissance:parti_dabord:0,16,2026-12-07,14.5,1,-0.38
renaissance:parti_dabord:0,17,2026-12-21,15.336,1,0.84
renaissance:parti_dabord:0,18,2027-01-08,15.434,1,0.1
renaissance:parti_dabord:0,19,2027-01-23,15.448,1,0.01
renaissance:parti_dabord:0,20,2027-02-07,16.7,1,1.25
renaissance:parti_dabord:0,21,2027-02-27,15.54,1,-1.16
renaissance:parti_dabord:0,22,2027-03-16,15.553,1,0.01
renaissance:parti_dabord:0,23,2027-03-31,15.466,1,-0.09
renaissance:parti_dabord:0,24,2027-04-17,15.599,1,0.13
renaissance:parti_dabord:0,25,2027-04-18,15.767,1,0.17
renaissance:parti_dabord:0,26,2027-04-20,16.061,1,0.29
renaissance:parti_dabord:0,27,2027-04-22,16.301,1,0.24
renaissance:parti_dabord:0,28,2027-04-24,16.1,1,-0.2
renaissance:parti_dabord:0,29,2027-04-26,16.731,1,0.63
renaissance:parti_dabord:0,30,2027-05-02,16.648,1,-0.08
renaissance:parti_dabord:0,31,2027-05-03,16.782,1,0.13
renaissance:parti_dabord:1,1,2026-04-18,12.575,2,2.57
renaissance:parti_dabord:1,2,2026-04-30,12.879,2,0.3
renaissance:parti_dabord:1,3,2026-05-13,13.032,1,0.15
renaissance:parti_dabord:1,4,2026-05-28,10.5,7,-2.53
renaissance:parti_dabord:1,5,2026-06-14,13.413,1,2.91
renaissance:parti_dabord:1,6,2026-06-29,13.399,1,-0.01
renaissance:parti_dabord:1,7,2026-07-14,13.451,1,0.05
renaissance:parti_dabord:1,8,2026-07-31,9.2,8,-4.25
renaissance:parti_dabord:1,9,2026-08-16,13.519,1,4.32
renaissance:parti_dabord:1,10,2026-08-31,13.011,1,-0.51
renaissance:parti_dabord:1,11,2026-09-16,12.911,2,-0.1
renaissance:parti_dabord:1,12,2026-10-05,11.5,4,-1.41
renaissance:parti_dabord:1,13,2026-10-22,13.201,1,1.7
renaissance:parti_dabord:1,14,2026-11-09,13.399,1,0.2
renaissance:parti_dabord:1,15,2026-11-28,13.705,1,0.31
renaissance:parti_dabord:1,16,2026-12-10,11.4,4,-2.3
renaissance:parti_dabord:1,17,2026-12-23,13.918,1,2.52
renaissance:parti_dabord:1,18,2027-01-10,14.117,1,0.2
renaissance:parti_dabord:1,19,2027-01-28,14.222,1,0.1
renaissance:parti_dabord:1,20,2027-02-14,10.8,6,-3.42
renaissance:parti_dabord:1,21,2027-03-03,14.271,1,3.47
renaissance:parti_dabord:1,22,2027-03-16,14.356,1,0.08
renaissance:parti_dabord:1,23,2027-03-30,14.188,1,-0.17
renaissance:parti_dabord:1,24,2027-04-17,14.388,1,0.2
renaissance:parti_dabord:1,25,2027-04-18,14.483,1,0.1
renaissance:parti_dabord:2,1,2026-04-18,12.165,3,0.46
renaissance:parti_dabord:2,2,2026-05-03,12.253,3,0.09
renaissance:parti_dabord:2,3,2026-05-16,12.373,3,0.12
renaissance:parti_dabord:2,4,2026-06-01,13.9,1,1.53
renaissance:parti_dabord:2,5,2026-06-20,12.618,2,-1.28
renaissance:parti_dabord:2,6,2026-07-06,12.81,2,0.19
renaissance:parti_dabord:2,7,2026-07-23,13.012,1,0.2
renaissance:parti_dabord:2,8,2026-08-08,12.9,1,-0.11
renaissance:parti_dabord:2,9,2026-08-23,13.703,1,0.8
renaissance:parti_dabord:2,10,2026-09-09,13.824,1,0.12
renaissance:parti_dabord:2,11,2026-09-25,13.94,1,0.12
renaissance:parti_dabord:2,12,2026-10-07,16.5,1,2.56
renaissance:parti_dabord:2,13,2026-10-20,14.518,1,-1.98
renaissance:parti_dabord:2,14,2026-11-06,14.775,1,0.26
renaissance:parti_dabord:2,15,2026-11-25,14.904,1,0.13
renaissance:parti_dabord:2,16,2026-12-13,15.3,1,0.4
renaissance:parti_dabord:2,17,2026-12-29,15.1,1,-0.2
renaissance:parti_dabord:2,18,2027-01-16,15.536,1,0.44
renaissance:parti_dabord:2,19,2027-02-01,15.803,1,0.27
renaissance:parti_dabord:2,20,2027-02-18,14.6,1,-1.2
renaissance:parti_dabord:2,21,2027-03-02,16.249,1,1.65
renaissance:parti_dabord:2,22,2027-03-18,16.427,1,0.18
renaissance:parti_dabord:2,23,2027-04-05,16.516,1,0.09
renaissance:parti_dabord:2,24,2027-04-17,16.497,1,-0.02
renaissance:parti_dabord:2,25,2027-04-18,16.771,1,0.27
renaissance:parti_dabord:2,26,2027-04-20,17.017,1,0.25
renaissance:parti_dabord:2,27,2027-04-22,17.148,1,0.13
renaissance:parti_dabord:2,28,2027-04-24,19.7,1,2.55
renaissance:parti_dabord:2,29,2027-04-26,16.904,1,-2.8
renaissance:parti_dabord:3,1,2026-04-18,12.214,3,2.71
renaissance:parti_dabord:3,2,2026-05-04,12.302,3,0.09
renaissance:parti_dabord:3,3,2026-05-17,12.33,3,0.03
renaissance:parti_dabord:3,4,2026-05-31,11.6,4,-0.73
renaissance:parti_dabord:3,5,2026-06-16,12.539,2,0.94
renaissance:parti_dabord:3,6,2026-07-02,12.672,2,0.13
renaissance:parti_dabord:3,7,2026-07-15,12.881,2,0.21
renaissance:parti_dabord:3,8,2026-07-31,9,8,-3.88
renaissance:parti_dabord:3,9,2026-08-15,13.158,1,4.16
renaissance:parti_dabord:3,10,2026-08-28,13.468,1,0.31
renaissance:parti_dabord:3,11,2026-09-11,13.73,1,0.26
renaissance:parti_dabord:3,12,2026-09-27,8.8,8,-4.93
renaissance:parti_dabord:3,13,2026-10-11,14.044,1,5.24
renaissance:parti_dabord:3,14,2026-10-30,14.378,1,0.33
renaissance:parti_dabord:3,15,2026-11-16,14.583,1,0.21
renaissance:parti_dabord:3,16,2026-12-01,16.6,1,2.02
renaissance:parti_dabord:3,17,2026-12-17,15.041,1,-1.56
renaissance:parti_dabord:3,18,2027-01-02,15.401,1,0.36
renaissance:parti_dabord:3,19,2027-01-21,15.635,1,0.23
renaissance:parti_dabord:3,20,2027-02-10,16.4,1,0.76
renaissance:parti_dabord:3,21,2027-03-01,15.2,1,-1.2
renaissance:parti_dabord:3,22,2027-03-17,15.174,1,-0.03
renaissance:parti_dabord:3,23,2027-04-02,15.251,1,0.08
renaissance:parti_dabord:3,24,2027-04-17,15.639,1,0.39
renaissance:parti_dabord:3,25,2027-04-18,15.877,1,0.24
renaissance:parti_dabord:3,26,2027-04-20,16.062,1,0.19
renaissance:parti_dabord:3,27,2027-04-22,16.183,1,0.12
renaissance:parti_dabord:3,28,2027-04-24,16.1,1,-0.08
renaissance:parti_dabord:3,29,2027-04-26,16.421,1,0.32
renaissance:parti_dabord:3,30,2027-05-02,16.433,1,0.01
renaissance:parti_dabord:3,31,2027-05-03,16.475,1,0.04
renaissance:mediatique:0,1,2026-04-18,12.009,3,0.41
renaissance:mediatique:0,2,2026-05-02,12.023,3,0.01
renaissance:mediatique:0,3,2026-05-19,12.076,3,0.05
renaissance:mediatique:0,4,2026-06-01,13.5,1,1.42
renaissance:mediatique:0,5,2026-06-20,11.685,3,-1.81
renaissance:mediatique:0,6,2026-07-02,11.366,6,-0.32
renaissance:mediatique:0,7,2026-07-20,11.253,6,-0.11
renaissance:mediatique:0,8,2026-08-04,13.9,1,2.65
renaissance:mediatique:0,9,2026-08-21,10.992,6,-2.91
renaissance:mediatique:0,10,2026-09-08,10.666,7,-0.33
renaissance:mediatique:0,11,2026-09-25,10.691,7,0.03
renaissance:mediatique:0,12,2026-10-08,11.3,6,0.61
renaissance:mediatique:0,13,2026-10-21,10.784,7,-0.52
renaissance:mediatique:0,14,2026-11-07,10.698,7,-0.09
renaissance:mediatique:0,15,2026-11-25,10.775,7,0.08
renaissance:mediatique:0,16,2026-12-13,13,2,2.22
renaissance:mediatique:0,17,2026-12-27,10.942,6,-2.06
renaissance:mediatique:0,18,2027-01-15,10.44,7,-0.5
renaissance:mediatique:0,19,2027-01-28,10.364,8,-0.08
renaissance:mediatique:0,20,2027-02-11,15.2,1,4.84
renaissance:mediatique:0,21,2027-03-02,10.97,6,-4.23
renaissance:mediatique:0,22,2027-03-19,11.338,5,0.37
renaissance:mediatique:0,23,2027-04-02,10.696,6,-0.64
renaissance:mediatique:0,24,2027-04-17,10.672,6,-0.02
renaissance:mediatique:0,25,2027-04-18,10.811,6,0.14
renaissance:mediatique:1,1,2026-04-18,12.575,2,2.57
renaissance:mediatique:1,2,2026-04-30,12.675,2,0.1
renaissance:mediatique:1,3,2026-05-13,12.649,2,-0.03
renaissance:mediatique:1,4,2026-05-28,10.2,8,-2.45
renaissance:mediatique:1,5,2026-06-14,12.569,2,2.37
renaissance:mediatique:1,6,2026-06-29,12.469,2,-0.1
renaissance:mediatique:1,7,2026-07-14,12.505,2,0.04
renaissance:mediatique:1,8,2026-07-31,8.7,8,-3.81
renaissance:mediatique:1,9,2026-08-16,12.86,2,4.16
renaissance:mediatique:1,10,2026-08-31,12.881,2,0.02
renaissance:mediatique:1,11,2026-09-16,12.98,2,0.1
renaissance:mediatique:1,12,2026-10-05,11.4,4,-1.58
renaissance:mediatique:1,13,2026-10-22,12.785,2,1.38
renaissance:mediatique:1,14,2026-11-09,12.744,2,-0.04
renaissance:mediatique:1,15,2026-11-28,12.783,2,0.04
renaissance:mediatique:1,16,2026-12-10,10.6,7,-2.18
renaissance:mediatique:1,17,2026-12-23,12.976,2,2.38
renaissance:mediatique:1,18,2027-01-10,13.067,3,0.09
renaissance:mediatique:1,19,2027-01-26,13.261,1,0.19
renaissance:mediatique:1,20,2027-02-13,12.7,3,-0.56
renaissance:mediatique:1,21,2027-03-03,13.776,1,1.08
renaissance:mediatique:1,22,2027-03-18,13.726,1,-0.05
renaissance:mediatique:1,23,2027-03-30,13.779,1,0.05
renaissance:mediatique:1,24,2027-04-17,14.098,1,0.32
renaissance:mediatique:1,25,2027-04-18,14.212,1,0.11
renaissance:mediatique:2,1,2026-04-18,11.828,3,0.13
renaissance:mediatique:2,2,2026-05-03,11.688,3,-0.14
renaissance:mediatique:2,3,2026-05-16,11.663,3,-0.03
renaissance:mediatique:2,4,2026-06-01,13.4,1,1.74
renaissance:mediatique:2,5,2026-06-20,11.875,3,-1.53
renaissance:mediatique:2,6,2026-07-06,11.745,4,-0.13
renaissance:mediatique:2,7,2026-07-23,11.486,5,-0.26
renaissance:mediatique:2,8,2026-08-08,11.4,5,-0.09
renaissance:mediatique:2,9,2026-08-23,11.789,3,0.39
renaissance:mediatique:2,10,2026-09-09,11.815,3,0.03
renaissance:mediatique:2,11,2026-09-25,11.95,3,0.13
renaissance:mediatique:2,12,2026-10-07,14.5,1,2.55
renaissance:mediatique:2,13,2026-10-20,11.743,4,-2.76
renaissance:mediatique:2,14,2026-11-06,11.76,4,0.02
renaissance:mediatique:2,15,2026-11-25,11.85,4,0.09
renaissance:mediatique:2,16,2026-12-13,12.6,2,0.75
renaissance:mediatique:2,17,2026-12-29,12.138,4,-0.46
renaissance:mediatique:2,18,2027-01-16,12.615,2,0.48
renaissance:mediatique:2,19,2027-02-01,13.076,2,0.46
renaissance:mediatique:2,20,2027-02-18,11.8,3,-1.28
renaissance:mediatique:2,21,2027-03-02,13.549,1,1.75
renaissance:mediatique:2,22,2027-03-18,13.757,1,0.21
renaissance:mediatique:2,23,2027-04-05,13.865,1,0.11
renaissance:mediatique:2,24,2027-04-17,13.95,1,0.08
renaissance:mediatique:2,25,2027-04-18,14.028,1,0.08
renaissance:mediatique:3,1,2026-04-18,12.214,3,2.71
renaissance:mediatique:3,2,2026-05-04,12.302,3,0.09
renaissance:mediatique:3,3,2026-05-17,12.342,3,0.04
renaissance:mediatique:3,4,2026-05-31,11.7,4,-0.64
renaissance:mediatique:3,5,2026-06-16,12.261,3,0.56
renaissance:mediatique:3,6,2026-07-02,12.288,3,0.03
renaissance:mediatique:3,7,2026-07-15,12.331,3,0.04
renaissance:mediatique:3,8,2026-07-31,8.4,8,-3.93
renaissance:mediatique:3,9,2026-08-15,12.059,3,3.66
renaissance:mediatique:3,10,2026-08-28,12.391,2,0.33
renaissance:mediatique:3,11,2026-09-11,12.67,2,0.28
renaissance:mediatique:3,12,2026-09-27,8,8,-4.67
renaissance:mediatique:3,13,2026-10-11,12.782,2,4.78
renaissance:mediatique:3,14,2026-10-30,12.685,2,-0.1
renaissance:mediatique:3,15,2026-11-16,12.801,2,0.12
renaissance:mediatique:3,16,2026-12-01,15.1,1,2.3
renaissance:mediatique:3,17,2026-12-17,13.26,1,-1.84
renaissance:mediatique:3,18,2027-01-02,13.587,1,0.33
renaissance:mediatique:3,19,2027-01-21,13.588,1,0
renaissance:mediatique:3,20,2027-02-10,15,1,1.41
renaissance:mediatique:3,21,2027-03-01,13.718,1,-1.28
renaissance:mediatique:3,22,2027-03-17,13.896,1,0.18
renaissance:mediatique:3,23,2027-04-02,14.092,1,0.2
renaissance:mediatique:3,24,2027-04-17,14.122,1,0.03
renaissance:mediatique:3,25,2027-04-18,14.127,1,0.01
renaissance:mediatique:3,26,2027-04-20,14.244,1,0.12
renaissance:mediatique:3,27,2027-04-22,14.252,1,0.01
renaissance:mediatique:3,28,2027-04-24,14.2,1,-0.05
renaissance:mediatique:3,29,2027-04-26,14.21,1,0.01
renaissance:contrarien:0,1,2026-04-18,12.009,3,0.41
renaissance:contrarien:0,2,2026-05-02,12.023,3,0.01
renaissance:contrarien:0,3,2026-05-19,12.075,3,0.05
renaissance:contrarien:0,4,2026-06-01,13.5,1,1.43
renaissance:contrarien:0,5,2026-06-20,12.236,3,-1.26
renaissance:contrarien:0,6,2026-07-02,12.109,3,-0.13
renaissance:contrarien:0,7,2026-07-20,11.245,6,-0.86
renaissance:contrarien:0,8,2026-08-04,13.7,1,2.46
renaissance:contrarien:0,9,2026-08-21,10.578,8,-3.12
renaissance:contrarien:0,10,2026-09-08,10.218,8,-0.36
renaissance:contrarien:0,11,2026-09-25,10.234,8,0.02
renaissance:contrarien:0,12,2026-10-08,10.9,6,0.67
renaissance:contrarien:0,13,2026-10-21,10.143,8,-0.76
renaissance:contrarien:0,14,2026-11-07,9.987,8,-0.16
renaissance:contrarien:0,15,2026-11-25,10.035,8,0.05
renaissance:contrarien:0,16,2026-12-13,12.3,4,2.27
renaissance:contrarien:0,17,2026-12-27,10.145,8,-2.16
renaissance:contrarien:0,18,2027-01-15,10.207,8,0.06
renaissance:contrarien:0,19,2027-01-28,10.249,8,0.04
renaissance:contrarien:0,20,2027-02-11,14.7,1,4.45
renaissance:contrarien:0,21,2027-03-02,10.409,7,-4.29
renaissance:contrarien:0,22,2027-03-19,10.114,7,-0.29
renaissance:contrarien:0,23,2027-04-02,10.172,7,0.06
renaissance:contrarien:0,24,2027-04-17,10.49,7,0.32
renaissance:contrarien:0,25,2027-04-18,10.538,6,0.05
renaissance:contrarien:1,1,2026-04-18,12.419,3,2.42
renaissance:contrarien:1,2,2026-04-30,12.473,3,0.05
renaissance:contrarien:1,3,2026-05-13,12.416,3,-0.06
renaissance:contrarien:1,4,2026-05-28,10,8,-2.42
renaissance:contrarien:1,5,2026-06-14,12.322,3,2.32
renaissance:contrarien:1,6,2026-06-29,12.22,3,-0.1
renaissance:contrarien:1,7,2026-07-14,12.254,3,0.03
renaissance:contrarien:1,8,2026-07-31,8.3,8,-3.95
renaissance:contrarien:1,9,2026-08-16,11.955,3,3.65
renaissance:contrarien:1,10,2026-08-31,11.866,4,-0.09
renaissance:contrarien:1,11,2026-09-16,11.879,3,0.01
renaissance:contrarien:1,12,2026-10-05,10.5,7,-1.38
renaissance:contrarien:1,13,2026-10-22,11.801,4,1.3
renaissance:contrarien:1,14,2026-11-09,11.765,4,-0.04
renaissance:contrarien:1,15,2026-11-28,11.856,4,0.09
renaissance:contrarien:1,16,2026-12-10,9.6,8,-2.26
renaissance:contrarien:1,17,2026-12-23,12.184,3,2.58
renaissance:contrarien:1,18,2027-01-10,12.323,3,0.14
renaissance:contrarien:1,19,2027-01-28,12.402,3,0.08
renaissance:contrarien:1,20,2027-02-14,8.7,8,-3.7
renaissance:contrarien:1,21,2027-03-03,12.323,3,3.62
renaissance:contrarien:1,22,2027-03-16,12.284,3,-0.04
renaissance:contrarien:1,23,2027-03-30,12.071,3,-0.21
renaissance:contrarien:1,24,2027-04-17,12.158,3,0.09
renaissance:contrarien:1,25,2027-04-18,12.108,3,-0.05
renaissance:contrarien:2,1,2026-04-18,11.996,3,0.3
renaissance:contrarien:2,2,2026-05-03,11.915,3,-0.08
renaissance:contrarien:2,3,2026-05-16,11.91,3,0
renaissance:contrarien:2,4,2026-06-01,13.5,1,1.59
renaissance:contrarien:2,5,2026-06-20,12.093,3,-1.41
renaissance:contrarien:2,6,2026-07-06,11.96,3,-0.13
renaissance:contrarien:2,7,2026-07-23,11.7,4,-0.26
renaissance:contrarien:2,8,2026-08-08,11.4,5,-0.3
renaissance:contrarien:2,9,2026-08-23,11.765,3,0.37
renaissance:contrarien:2,10,2026-09-09,11.735,4,-0.03
renaissance:contrarien:2,11,2026-09-25,11.852,4,0.12
renaissance:contrarien:2,12,2026-10-07,14.5,1,2.65
renaissance:contrarien:2,13,2026-10-20,12.476,2,-2.02
renaissance:contrarien:2,14,2026-11-06,12.707,2,0.23
renaissance:contrarien:2,15,2026-11-25,12.8,2,0.09
renaissance:contrarien:2,16,2026-12-13,13.2,1,0.4
renaissance:contrarien:2,17,2026-12-29,13.099,2,-0.1
renaissance:contrarien:2,18,2027-01-16,13.171,2,0.07
renaissance:contrarien:2,19,2027-02-01,13.233,2,0.06
renaissance:contrarien:2,20,2027-02-18,12.1,3,-1.13
renaissance:contrarien:2,21,2027-03-02,13.391,1,1.29
renaissance:contrarien:2,22,2027-03-18,13.352,2,-0.04
renaissance:contrarien:2,23,2027-04-05,13.39,2,0.04
renaissance:contrarien:2,24,2027-04-17,13.386,2,0
renaissance:contrarien:2,25,2027-04-18,13.319,2,-0.07
renaissance:contrarien:3,1,2026-04-18,12.214,3,2.71
renaissance:contrarien:3,2,2026-05-04,12.265,3,0.05
renaissance:contrarien:3,3,2026-05-17,12.25,3,-0.02
renaissance:contrarien:3,4,2026-05-31,11.6,4,-0.65
renaissance:contrarien:3,5,2026-06-16,12.081,3,0.48
renaissance:contrarien:3,6,2026-07-02,12.1,3,0.02
renaissance:contrarien:3,7,2026-07-15,12.141,3,0.04
renaissance:contrarien:3,8,2026-07-31,8.4,8,-3.74
renaissance:contrarien:3,9,2026-08-15,12.347,3,3.95
renaissance:contrarien:3,10,2026-08-28,12.666,2,0.32
renaissance:contrarien:3,11,2026-09-11,12.94,2,0.27
renaissance:contrarien:3,12,2026-09-27,8.1,8,-4.84
renaissance:contrarien:3,13,2026-10-11,13.038,1,4.94
renaissance:contrarien:3,14,2026-10-30,12.93,1,-0.11
renaissance:contrarien:3,15,2026-11-16,13.014,1,0.08
renaissance:contrarien:3,16,2026-12-01,15.1,1,2.09
renaissance:contrarien:3,17,2026-12-17,12.933,2,-2.17
renaissance:contrarien:3,18,2027-01-02,13.086,2,0.15
renaissance:contrarien:3,19,2027-01-21,13.032,2,-0.05
renaissance:contrarien:3,20,2027-02-10,14.3,1,1.27
renaissance:contrarien:3,21,2027-03-01,12.583,2,-1.72
renaissance:contrarien:3,22,2027-03-17,12.655,2,0.07
renaissance:contrarien:3,23,2027-04-02,12.822,2,0.17
renaissance:contrarien:3,24,2027-04-17,12.888,2,0.07
renaissance:contrarien:3,25,2027-04-18,12.935,2,0.05
renaissance:contrarien:3,26,2027-04-20,13.075,1,0.14
renaissance:contrarien:3,27,2027-04-22,13.097,1,0.02
renaissance:contrarien:3,28,2027-04-24,12.9,2,-0.2
renaissance:contrarien:3,29,2027-04-26,13.043,1,0.14
horizons:aleatoire:0,1,2026-04-18,12.917,2,3.72
horizons:aleatoire:0,2,2026-05-02,13.221,1,0.3
horizons:aleatoire:0,3,2026-05-19,13.374,1,0.15
horizons:aleatoire:0,4,2026-06-01,10.5,7,-2.87
horizons:aleatoire:0,5,2026-06-20,13.484,1,2.98
horizons:aleatoire:0,6,2026-07-07,13.695,1,0.21
horizons:aleatoire:0,7,2026-07-24,13.888,1,0.19
horizons:aleatoire:0,8,2026-08-07,11.4,3,-2.49
horizons:aleatoire:0,9,2026-08-23,14.129,1,2.73
horizons:aleatoire:0,10,2026-09-08,14.276,1,0.15
horizons:aleatoire:0,11,2026-09-25,14.605,1,0.33
horizons:aleatoire:0,12,2026-10-08,17.5,1,2.89
horizons:aleatoire:0,13,2026-10-21,14.987,1,-2.51
horizons:aleatoire:0,14,2026-11-07,14.826,1,-0.16
horizons:aleatoire:0,15,2026-11-25,14.874,1,0.05
horizons:aleatoire:0,16,2026-12-13,13.1,1,-1.77
horizons:aleatoire:0,17,2026-12-27,15.206,1,2.11
horizons:aleatoire:0,18,2027-01-15,15.441,1,0.24
horizons:aleatoire:0,19,2027-01-28,15.53,1,0.09
horizons:aleatoire:0,20,2027-02-11,15,1,-0.53
horizons:aleatoire:0,21,2027-03-02,16.015,1,1.02
horizons:aleatoire:0,22,2027-03-19,15.425,1,-0.59
horizons:aleatoire:0,23,2027-04-02,15.259,1,-0.17
horizons:aleatoire:0,24,2027-04-17,15.516,1,0.26
horizons:aleatoire:0,25,2027-04-18,15.63,1,0.11
horizons:aleatoire:0,26,2027-04-20,15.732,1,0.1
horizons:aleatoire:0,27,2027-04-22,15.8,1,0.07
horizons:aleatoire:0,28,2027-04-24,15.9,1,0.1
horizons:aleatoire:0,29,2027-04-26,15.511,1,-0.39
horizons:aleatoire:1,1,2026-04-18,13.195,1,-1.21
horizons:aleatoire:1,2,2026-04-30,13.418,1,0.22
horizons:aleatoire:1,3,2026-05-13,13.568,1,0.15
horizons:aleatoire:1,4,2026-05-28,15.2,1,1.63
horizons:aleatoire:1,5,2026-06-14,13.48,1,-1.72
horizons:aleatoire:1,6,2026-06-29,13.584,1,0.1
horizons:aleatoire:1,7,2026-07-14,13.821,1,0.24
horizons:aleatoire:1,8,2026-07-31,15.7,1,1.88
horizons:aleatoire:1,9,2026-08-16,14.296,1,-1.4
horizons:aleatoire:1,10,2026-08-31,14.414,1,0.12
horizons:aleatoire:1,11,2026-09-16,14.606,1,0.19
horizons:aleatoire:1,12,2026-10-05,11.6,2,-3.01
horizons:aleatoire:1,13,2026-10-22,14.778,1,3.18
horizons:aleatoire:1,14,2026-11-09,15.041,1,0.26
horizons:aleatoire:1,15,2026-11-28,15.229,1,0.19
horizons:aleatoire:1,16,2026-12-10,18.4,1,3.17
horizons:aleatoire:1,17,2026-12-23,15.626,1,-2.77
horizons:aleatoire:1,18,2027-01-10,15.632,1,0.01
horizons:aleatoire:1,19,2027-01-28,15.635,1,0
horizons:aleatoire:1,20,2027-02-14,14.4,1,-1.23
horizons:aleatoire:1,21,2027-03-03,15.594,1,1.19
horizons:aleatoire:1,22,2027-03-16,15.745,1,0.15
horizons:aleatoire:1,23,2027-03-30,15.834,1,0.09
horizons:aleatoire:1,24,2027-04-17,16.073,1,0.24
horizons:aleatoire:1,25,2027-04-18,16.144,1,0.07
horizons:aleatoire:1,26,2027-04-20,16.201,1,0.06
horizons:aleatoire:1,27,2027-04-22,16.468,1,0.27
horizons:aleatoire:1,28,2027-04-24,13.4,1,-3.07
horizons:aleatoire:1,29,2027-04-26,16.609,1,3.21
horizons:aleatoire:1,30,2027-05-02,16.402,1,-0.21
horizons:aleatoire:1,31,2027-05-03,16.421,1,0.02
horizons:aleatoire:2,1,2026-04-18,13.076,1,2.88
horizons:aleatoire:2,2,2026-05-03,13.155,1,0.08
horizons:aleatoire:2,3,2026-05-16,13.426,1,0.27
horizons:aleatoire:2,4,2026-06-01,10.7,7,-2.73
horizons:aleatoire:2,5,2026-06-20,13.963,1,3.26
horizons:aleatoire:2,6,2026-07-06,14.158,1,0.2
horizons:aleatoire:2,7,2026-07-23,14.149,1,-0.01
horizons:aleatoire:2,8,2026-08-08,16,1,1.85
horizons:aleatoire:2,9,2026-08-23,14.396,1,-1.6
horizons:aleatoire:2,10,2026-09-09,14.367,1,-0.03
horizons:aleatoire:2,11,2026-09-25,14.395,1,0.03
horizons:aleatoire:2,12,2026-10-07,16.5,1,2.11
horizons:aleatoire:2,13,2026-10-20,14.314,1,-2.19
horizons:aleatoire:2,14,2026-11-06,14.382,1,0.07
horizons:aleatoire:2,15,2026-11-25,14.411,1,0.03
horizons:aleatoire:2,16,2026-12-13,17.9,1,3.49
horizons:aleatoire:2,17,2026-12-29,15.029,1,-2.87
horizons:aleatoire:2,18,2027-01-16,15.224,1,0.2
horizons:aleatoire:2,19,2027-02-01,15.346,1,0.12
horizons:aleatoire:2,20,2027-02-18,17.2,1,1.85
horizons:aleatoire:2,21,2027-03-02,15.432,1,-1.77
horizons:aleatoire:2,22,2027-03-18,15.335,1,-0.1
horizons:aleatoire:2,23,2027-04-02,15.413,1,0.08
horizons:aleatoire:2,24,2027-04-17,15.398,1,-0.02
horizons:aleatoire:2,25,2027-04-18,15.455,1,0.06
horizons:aleatoire:3,1,2026-04-18,12.756,2,0.26
horizons:aleatoire:3,2,2026-05-04,12.804,2,0.05
horizons:aleatoire:3,3,2026-05-17,12.824,2,0.02
horizons:aleatoire:3,4,2026-05-31,9.1,8,-3.72
horizons:aleatoire:3,5,2026-06-16,12.817,2,3.72
horizons:aleatoire:3,6,2026-07-02,12.492,2,-0.32
horizons:aleatoire:3,7,2026-07-15,12.384,2,-0.11
horizons:aleatoire:3,8,2026-07-31,12.8,2,0.42
horizons:aleatoire:3,9,2026-08-15,12.715,2,-0.09
horizons:aleatoire:3,10,2026-08-28,12.879,2,0.16
horizons:aleatoire:3,11,2026-09-11,13.192,1,0.31
horizons:aleatoire:3,12,2026-09-27,11.3,6,-1.89
horizons:aleatoire:3,13,2026-10-11,13.54,1,2.24
horizons:aleatoire:3,14,2026-10-30,13.722,1,0.18
horizons:aleatoire:3,15,2026-11-16,13.859,1,0.14
horizons:aleatoire:3,16,2026-12-01,13.1,1,-0.76
horizons:aleatoire:3,17,2026-12-17,14.22,1,1.12
horizons:aleatoire:3,18,2027-01-02,14.628,1,0.41
horizons:aleatoire:3,19,2027-01-21,14.785,1,0.16
horizons:aleatoire:3,20,2027-02-10,15.9,1,1.12
horizons:aleatoire:3,21,2027-03-01,15.116,1,-0.78
horizons:aleatoire:3,22,2027-03-17,15.003,1,-0.11
horizons:aleatoire:3,23,2027-04-02,15.081,1,0.08
horizons:aleatoire:3,24,2027-04-17,15.101,1,0.02
horizons:aleatoire:3,25,2027-04-18,15.25,1,0.15
horizons:aleatoire:3,26,2027-04-20,15.124,1,-0.13
horizons:aleatoire:3,27,2027-04-22,15.134,1,0.01
horizons:aleatoire:3,28,2027-04-24,18.9,1,3.77
horizons:aleatoire:3,29,2027-04-26,15.662,1,-3.24
horizons:prudent:0,1,2026-04-18,13.09,1,3.89
horizons:prudent:0,2,2026-05-02,13.332,1,0.24
horizons:prudent:0,3,2026-05-19,13.46,1,0.13
horizons:prudent:0,4,2026-06-01,10.8,6,-2.66
horizons:prudent:0,5,2026-06-20,13.971,1,3.17
horizons:prudent:0,6,2026-07-07,14.187,1,0.22
horizons:prudent:0,7,2026-07-24,14.485,1,0.3
horizons:prudent:0,8,2026-08-07,11.9,2,-2.58
horizons:prudent:0,9,2026-08-23,14.66,1,2.76
horizons:prudent:0,10,2026-09-08,14.706,1,0.05
horizons:prudent:0,11,2026-09-25,14.961,1,0.26
horizons:prudent:0,12,2026-10-08,17.8,1,2.84
horizons:prudent:0,13,2026-10-21,15.402,1,-2.4
horizons:prudent:0,14,2026-11-07,15.547,1,0.15
horizons:prudent:0,15,2026-11-25,15.761,1,0.21
horizons:prudent:0,16,2026-12-13,13.8,1,-1.96
horizons:prudent:0,17,2026-12-27,16.078,1,2.28
horizons:prudent:0,18,2027-01-15,16.479,1,0.4
horizons:prudent:0,19,2027-01-28,16.015,1,-0.46
horizons:prudent:0,20,2027-02-11,15.4,1,-0.62
horizons:prudent:0,21,2027-03-02,16.042,1,0.64
horizons:prudent:0,22,2027-03-19,16.201,1,0.16
horizons:prudent:0,23,2027-04-02,16.413,1,0.21
horizons:prudent:0,24,2027-04-17,16.468,1,0.05
horizons:prudent:0,25,2027-04-18,16.548,1,0.08
horizons:prudent:0,26,2027-04-20,16.638,1,0.09
horizons:prudent:0,27,2027-04-22,16.662,1,0.02
horizons:prudent:0,28,2027-04-24,16.7,1,0.04
horizons:prudent:0,29,2027-04-26,16.705,1,0
horizons:prudent:1,1,2026-04-18,13.195,1,-1.21
horizons:prudent:1,2,2026-04-30,13.498,1,0.3
horizons:prudent:1,3,2026-05-13,13.696,1,0.2
horizons:prudent:1,4,2026-05-28,15.3,1,1.6
horizons:prudent:1,5,2026-06-14,13.925,1,-1.38
horizons:prudent:1,6,2026-06-29,14.1,1,0.17
horizons:prudent:1,7,2026-07-14,14.334,1,0.23
horizons:prudent:1,8,2026-07-31,16,1,1.67
horizons:prudent:1,9,2026-08-16,14.771,1,-1.23
horizons:prudent:1,10,2026-08-31,14.887,1,0.12
horizons:prudent:1,11,2026-09-16,15.06,1,0.17
horizons:prudent:1,12,2026-10-05,12.1,2,-2.96
horizons:prudent:1,13,2026-10-22,15.23,1,3.13
horizons:prudent:1,14,2026-11-09,15.362,1,0.13
horizons:prudent:1,15,2026-11-28,15.39,1,0.03
horizons:prudent:1,16,2026-12-10,18.6,1,3.21
horizons:prudent:1,17,2026-12-23,15.888,1,-2.71
horizons:prudent:1,18,2027-01-10,16.061,1,0.17
horizons:prudent:1,19,2027-01-28,16.118,1,0.06
horizons:prudent:1,20,2027-02-14,15,1,-1.12
horizons:prudent:1,21,2027-03-03,16.254,1,1.25
horizons:prudent:1,22,2027-03-16,16.052,1,-0.2
horizons:prudent:1,23,2027-03-30,16.067,1,0.02
horizons:prudent:1,24,2027-04-17,16.229,1,0.16
horizons:prudent:1,25,2027-04-18,16.326,1,0.1
horizons:prudent:1,26,2027-04-20,16.379,1,0.05
horizons:prudent:1,27,2027-04-22,16.64,1,0.26
horizons:prudent:1,28,2027-04-24,13.7,1,-2.94
horizons:prudent:1,29,2027-04-26,16.827,1,3.13
horizons:prudent:1,30,2027-05-02,16.78,1,-0.05
horizons:prudent:1,31,2027-05-03,16.715,1,-0.07
horizons:prudent:2,1,2026-04-18,13.248,1,3.05
horizons:prudent:2,2,2026-05-03,13.474,1,0.23
horizons:prudent:2,3,2026-05-16,13.602,1,0.13
horizons:prudent:2,4,2026-06-01,10.8,6,-2.8
horizons:prudent:2,5,2026-06-20,14.123,1,3.32
horizons:prudent:2,6,2026-07-06,14.331,1,0.21
horizons:prudent:2,7,2026-07-23,14.438,1,0.11
horizons:prudent:2,8,2026-08-08,16.2,1,1.76
horizons:prudent:2,9,2026-08-23,15.004,1,-1.2
horizons:prudent:2,10,2026-09-09,15.072,1,0.07
horizons:prudent:2,11,2026-09-25,15.117,1,0.05
horizons:prudent:2,12,2026-10-07,17.3,1,2.18
horizons:prudent:2,13,2026-10-20,15.301,1,-2
horizons:prudent:2,14,2026-11-06,15.3,1,0
horizons:prudent:2,15,2026-11-25,15.342,1,0.04
horizons:prudent:2,16,2026-12-13,18.7,1,3.36
horizons:prudent:2,17,2026-12-29,15.448,1,-3.25
horizons:prudent:2,18,2027-01-16,15.755,1,0.31
horizons:prudent:2,19,2027-02-01,15.847,1,0.09
horizons:prudent:2,20,2027-02-18,17.6,1,1.75
horizons:prudent:2,21,2027-03-02,16.059,1,-1.54
horizons:prudent:2,22,2027-03-18,16.201,1,0.14
horizons:prudent:2,23,2027-04-05,16.39,1,0.19
horizons:prudent:2,24,2027-04-17,16.406,1,0.02
horizons:prudent:2,25,2027-04-18,16.639,1,0.23
horizons:prudent:2,26,2027-04-20,16.704,1,0.07
horizons:prudent:2,27,2027-04-22,16.75,1,0.05
horizons:prudent:2,28,2027-04-24,20.5,1,3.75
horizons:prudent:2,29,2027-04-26,16.81,1,-3.69
horizons:prudent:3,1,2026-04-18,12.887,2,0.39
horizons:prudent:3,2,2026-05-04,13.108,1,0.22
horizons:prudent:3,3,2026-05-17,13.186,1,0.08
horizons:prudent:3,4,2026-05-31,9.3,8,-3.89
horizons:prudent:3,5,2026-06-16,13.379,1,4.08
horizons:prudent:3,6,2026-07-02,13.72,1,0.34
horizons:prudent:3,7,2026-07-15,13.99,1,0.27
horizons:prudent:3,8,2026-07-31,13.7,1,-0.29
horizons:prudent:3,9,2026-08-15,13.9,1,0.2
horizons:prudent:3,10,2026-08-28,14.141,1,0.24
horizons:prudent:3,11,2026-09-11,14.514,1,0.37
horizons:prudent:3,12,2026-09-27,12.5,2,-2.01
horizons:prudent:3,13,2026-10-11,14.95,1,2.45
horizons:prudent:3,14,2026-10-31,14.954,1,0
horizons:prudent:3,15,2026-11-13,15.077,1,0.12
horizons:prudent:3,16,2026-11-27,14.4,1,-0.68
horizons:prudent:3,17,2026-12-11,15.785,1,1.38
horizons:prudent:3,18,2026-12-31,16.116,1,0.33
horizons:prudent:3,19,2027-01-20,16.345,1,0.23
horizons:prudent:3,20,2027-02-05,14.9,1,-1.44
horizons:prudent:3,21,2027-02-20,16.466,1,1.57
horizons:prudent:3,22,2027-03-11,16.608,1,0.14
horizons:prudent:3,23,2027-03-28,16.777,1,0.17
horizons:prudent:3,24,2027-04-17,16.91,1,0.13
horizons:prudent:3,25,2027-04-18,16.94,1,0.03
horizons:prudent:3,26,2027-04-20,16.953,1,0.01
horizons:prudent:3,27,2027-04-22,16.863,1,-0.09
horizons:prudent:3,28,2027-04-24,20.3,1,3.44
horizons:prudent:3,29,2027-04-26,16.919,1,-3.38
horizons:prudent:3,30,2027-05-02,16.79,1,-0.13
horizons:prudent:3,31,2027-05-03,16.809,1,0.02
horizons:risque:0,1,2026-04-18,13.09,1,3.89
horizons:risque:0,2,2026-05-02,13.451,1,0.36
horizons:risque:0,3,2026-05-19,13.736,1,0.29
horizons:risque:0,4,2026-06-01,10.8,6,-2.94
horizons:risque:0,5,2026-06-20,13.67,1,2.87
horizons:risque:0,6,2026-07-07,13.731,1,0.06
horizons:risque:0,7,2026-07-24,14.014,1,0.28
horizons:risque:0,8,2026-08-07,11.6,2,-2.41
horizons:risque:0,9,2026-08-23,14.269,1,2.67
horizons:risque:0,10,2026-09-09,13.999,1,-0.27
horizons:risque:0,11,2026-09-26,13.866,1,-0.13
horizons:risque:0,12,2026-10-09,16.5,1,2.63
horizons:risque:0,13,2026-10-21,13.668,1,-2.83
horizons:risque:0,14,2026-11-07,13.803,1,0.14
horizons:risque:0,15,2026-11-25,14.05,1,0.25
horizons:risque:0,16,2026-12-13,12.2,2,-1.85
horizons:risque:0,17,2026-12-27,14.562,1,2.36
horizons:risque:0,18,2027-01-15,15.06,1,0.5
horizons:risque:0,19,2027-01-28,14.552,1,-0.51
horizons:risque:0,20,2027-02-12,17.5,1,2.95
horizons:risque:0,21,2027-03-03,14.687,1,-2.81
horizons:risque:0,22,2027-03-18,14.557,1,-0.13
horizons:risque:0,23,2027-04-01,14.579,1,0.02
horizons:risque:0,24,2027-04-16,14.702,1,0.12
horizons:risque:0,25,2027-04-18,14.745,1,0.04
horizons:risque:0,26,2027-04-20,14.914,1,0.17
horizons:risque:0,27,2027-04-22,15.193,1,0.28
horizons:risque:0,28,2027-04-24,17.5,1,2.31
horizons:risque:0,29,2027-04-26,14.838,1,-2.66
horizons:risque:0,30,2027-05-02,14.577,1,-0.26
horizons:risque:0,31,2027-05-03,14.422,1,-0.15
horizons:risque:1,1,2026-04-18,13.195,1,-1.21
horizons:risque:1,2,2026-04-30,13.498,1,0.3
horizons:risque:1,3,2026-05-13,13.526,1,0.03
horizons:risque:1,4,2026-05-28,15.2,1,1.67
horizons:risque:1,5,2026-06-14,13.518,1,-1.68
horizons:risque:1,6,2026-06-29,13.662,1,0.14
horizons:risque:1,7,2026-07-14,13.979,1,0.32
horizons:risque:1,8,2026-07-31,15.9,1,1.92
horizons:risque:1,9,2026-08-16,14.445,1,-1.46
horizons:risque:1,10,2026-08-31,14.558,1,0.11
horizons:risque:1,11,2026-09-16,14.749,1,0.19
horizons:risque:1,12,2026-10-05,11.8,2,-2.95
horizons:risque:1,13,2026-10-22,14.977,1,3.18
horizons:risque:1,14,2026-11-09,15.162,1,0.19
horizons:risque:1,15,2026-11-28,15.069,1,-0.09
horizons:risque:1,16,2026-12-10,18.3,1,3.23
horizons:risque:1,17,2026-12-23,15.572,1,-2.73
horizons:risque:1,18,2027-01-10,15.688,1,0.12
horizons:risque:1,19,2027-01-28,15.772,1,0.08
horizons:risque:1,20,2027-02-14,14.6,1,-1.17
horizons:risque:1,21,2027-03-03,15.082,1,0.48
horizons:risque:1,22,2027-03-16,15.005,1,-0.08
horizons:risque:1,23,2027-04-04,15.067,1,0.06
horizons:risque:1,24,2027-04-17,15.291,1,0.22
horizons:risque:1,25,2027-04-18,15.435,1,0.14
horizons:risque:1,26,2027-04-20,15.484,1,0.05
horizons:risque:1,27,2027-04-22,15.546,1,0.06
horizons:risque:1,28,2027-04-24,13.4,1,-2.15
horizons:risque:1,29,2027-04-26,15.73,1,2.33
horizons:risque:1,30,2027-05-02,15.74,1,0.01
horizons:risque:1,31,2027-05-03,15.794,1,0.05
horizons:risque:2,1,2026-04-18,13.248,1,3.05
horizons:risque:2,2,2026-05-03,13.387,1,0.14
horizons:risque:2,3,2026-05-16,13.517,1,0.13
horizons:risque:2,4,2026-06-01,10.7,7,-2.82
horizons:risque:2,5,2026-06-20,14.02,1,3.32
horizons:risque:2,6,2026-07-06,13.916,1,-0.1
horizons:risque:2,7,2026-07-23,13.805,1,-0.11
horizons:risque:2,8,2026-08-08,15.7,1,1.89
horizons:risque:2,9,2026-08-23,14.035,1,-1.66
horizons:risque:2,10,2026-09-09,13.935,1,-0.1
horizons:risque:2,11,2026-09-25,13.843,1,-0.09
horizons:risque:2,12,2026-10-07,16,1,2.16
horizons:risque:2,13,2026-10-20,13.897,1,-2.1
horizons:risque:2,14,2026-11-06,14.011,1,0.11
horizons:risque:2,15,2026-11-25,14.114,1,0.1
horizons:risque:2,16,2026-12-13,17.8,1,3.69
horizons:risque:2,17,2026-12-29,15.249,1,-2.55
horizons:risque:2,18,2027-01-16,15.717,1,0.47
horizons:risque:2,19,2027-02-01,15.927,1,0.21
horizons:risque:2,20,2027-02-18,17.7,1,1.77
horizons:risque:2,21,2027-03-02,16.184,1,-1.52
horizons:risque:2,22,2027-03-18,16.069,1,-0.12
horizons:risque:2,23,2027-04-02,16.138,1,0.07
horizons:risque:2,24,2027-04-17,16.16,1,0.02
horizons:risque:2,25,2027-04-18,16.433,1,0.27
horizons:risque:2,26,2027-04-20,16.632,1,0.2
horizons:risque:2,27,2027-04-22,16.769,1,0.14
horizons:risque:2,28,2027-04-24,20,1,3.23
horizons:risque:2,29,2027-04-26,16.994,1,-3.01
horizons:risque:3,1,2026-04-18,12.887,2,0.39
horizons:risque:3,2,2026-05-04,13.108,1,0.22
horizons:risque:3,3,2026-05-17,13.186,1,0.08
horizons:risque:3,4,2026-05-31,9.3,8,-3.89
horizons:risque:3,5,2026-06-16,13.171,1,3.87
horizons:risque:3,6,2026-07-02,12.846,2,-0.32
horizons:risque:3,7,2026-07-15,12.898,2,0.05
horizons:risque:3,8,2026-07-31,13.2,1,0.3
horizons:risque:3,9,2026-08-15,13.605,1,0.41
horizons:risque:3,10,2026-08-28,13.866,1,0.26
horizons:risque:3,11,2026-09-11,14.16,1,0.29
horizons:risque:3,12,2026-09-27,12.1,2,-2.06
horizons:risque:3,13,2026-10-11,14.212,1,2.11
horizons:risque:3,14,2026-10-30,14.294,1,0.08
horizons:risque:3,15,2026-11-16,14.299,1,0
horizons:risque:3,16,2026-12-01,13.7,1,-0.6
horizons:risque:3,17,2026-12-17,14.518,1,0.82
horizons:risque:3,18,2027-01-02,15.099,1,0.58
horizons:risque:3,19,2027-01-21,15.429,1,0.33
horizons:risque:3,20,2027-02-10,16.6,1,1.17
horizons:risque:3,21,2027-03-01,15.761,1,-0.84
horizons:risque:3,22,2027-03-17,15.699,1,-0.06
horizons:risque:3,23,2027-04-02,15.839,1,0.14
horizons:risque:3,24,2027-04-17,15.892,1,0.05
horizons:risque:3,25,2027-04-18,15.927,1,0.04
horizons:risque:3,26,2027-04-20,15.867,1,-0.06
horizons:risque:3,27,2027-04-22,16.306,1,0.44
horizons:risque:3,28,2027-04-24,20.1,1,3.79
horizons:risque:3,29,2027-04-26,16.81,1,-3.29
horizons:risque:3,30,2027-05-02,16.751,1,-0.06
horizons:risque:3,31,2027-05-03,16.646,1,-0.11
horizons:ideologiquement_coherent:0,1,2026-04-18,12.549,2,3.35
horizons:ideologiquement_coherent:0,2,2026-05-02,12.728,2,0.18
horizons:ideologiquement_coherent:0,3,2026-05-19,12.836,2,0.11
horizons:ideologiquement_coherent:0,4,2026-06-01,10.3,8,-2.54
horizons:ideologiquement_coherent:0,5,2026-06-20,13.163,2,2.86
horizons:ideologiquement_coherent:0,6,2026-07-07,13.335,2,0.17
horizons:ideologiquement_coherent:0,7,2026-07-24,13.629,1,0.29
horizons:ideologiquement_coherent:0,8,2026-08-07,11.2,6,-2.43
horizons:ideologiquement_coherent:0,9,2026-08-23,13.824,1,2.62
horizons:ideologiquement_coherent:0,10,2026-09-08,13.855,1,0.03
horizons:ideologiquement_coherent:0,11,2026-09-25,14.118,1,0.26
horizons:ideologiquement_coherent:0,12,2026-10-08,17,1,2.88
horizons:ideologiquement_coherent:0,13,2026-10-21,14.579,1,-2.42
horizons:ideologiquement_coherent:0,14,2026-11-07,14.734,1,0.15
horizons:ideologiquement_coherent:0,15,2026-11-25,14.81,1,0.08
horizons:ideologiquement_coherent:0,16,2026-12-13,13,1,-1.81
horizons:ideologiquement_coherent:0,17,2026-12-27,15.155,1,2.15
horizons:ideologiquement_coherent:0,18,2027-01-15,15.333,1,0.18
horizons:ideologiquement_coherent:0,19,2027-01-28,15.515,1,0.18
horizons:ideologiquement_coherent:0,20,2027-02-11,15,1,-0.52
horizons:ideologiquement_coherent:0,21,2027-03-02,15.958,1,0.96
horizons:ideologiquement_coherent:0,22,2027-03-19,16.047,1,0.09
horizons:ideologiquement_coherent:0,23,2027-04-02,16.03,1,-0.02
horizons:ideologiquement_coherent:0,24,2027-04-17,16.059,1,0.03
horizons:ideologiquement_coherent:0,25,2027-04-18,16.241,1,0.18
horizons:ideologiquement_coherent:0,26,2027-04-20,16.329,1,0.09
horizons:ideologiquement_coherent:0,27,2027-04-22,16.355,1,0.03
horizons:ideologiquement_coherent:0,28,2027-04-24,16.4,1,0.04
horizons:ideologiquement_coherent:0,29,2027-04-26,16.404,1,0
horizons:ideologiquement_coherent:1,1,2026-04-18,12.684,2,-1.72
horizons:ideologiquement_coherent:1,2,2026-04-30,12.732,2,0.05
horizons:ideologiquement_coherent:1,3,2026-05-13,12.871,2,0.14
horizons:ideologiquement_coherent:1,4,2026-05-28,14.8,1,1.93
horizons:ideologiquement_coherent:1,5,2026-06-14,13.209,1,-1.59
horizons:ideologiquement_coherent:1,6,2026-06-29,13.401,1,0.19
horizons:ideologiquement_coherent:1,7,2026-07-14,13.654,1,0.25
horizons:ideologiquement_coherent:1,8,2026-07-31,15.5,1,1.85
horizons:ideologiquement_coherent:1,9,2026-08-16,14.112,1,-1.39
horizons:ideologiquement_coherent:1,10,2026-08-31,14.232,1,0.12
horizons:ideologiquement_coherent:1,11,2026-09-16,14.392,1,0.16
horizons:ideologiquement_coherent:1,12,2026-10-05,11.4,4,-2.99
horizons:ideologiquement_coherent:1,13,2026-10-22,14.563,1,3.16
horizons:ideologiquement_coherent:1,14,2026-11-09,14.682,1,0.12
horizons:ideologiquement_coherent:1,15,2026-11-28,14.831,1,0.15
horizons:ideologiquement_coherent:1,16,2026-12-10,18,1,3.17
horizons:ideologiquement_coherent:1,17,2026-12-23,15.163,1,-2.84
horizons:ideologiquement_coherent:1,18,2027-01-10,15.25,1,0.09
horizons:ideologiquement_coherent:1,19,2027-01-28,15.276,1,0.03
horizons:ideologiquement_coherent:1,20,2027-02-14,14.1,1,-1.18
horizons:ideologiquement_coherent:1,21,2027-03-03,15.31,1,1.21
horizons:ideologiquement_coherent:1,22,2027-03-16,15.387,1,0.08
horizons:ideologiquement_coherent:1,23,2027-03-30,15.498,1,0.11
horizons:ideologiquement_coherent:1,24,2027-04-17,15.723,1,0.23
horizons:ideologiquement_coherent:1,25,2027-04-18,15.787,1,0.06
horizons:ideologiquement_coherent:1,26,2027-04-20,15.83,1,0.04
horizons:ideologiquement_coherent:1,27,2027-04-22,15.933,1,0.1
horizons:ideologiquement_coherent:1,28,2027-04-24,13,2,-2.93
horizons:ideologiquement_coherent:1,29,2027-04-26,16.2,1,3.2
horizons:ideologiquement_coherent:1,30,2027-05-02,16.18,1,-0.02
horizons:ideologiquement_coherent:1,31,2027-05-03,16.246,1,0.07
horizons:ideologiquement_coherent:2,1,2026-04-18,12.923,2,2.72
horizons:ideologiquement_coherent:2,2,2026-05-03,13.038,1,0.12
horizons:ideologiquement_coherent:2,3,2026-05-16,13.164,1,0.13
horizons:ideologiquement_coherent:2,4,2026-06-01,10.4,7,-2.76
horizons:ideologiquement_coherent:2,5,2026-06-20,13.485,1,3.08
horizons:ideologiquement_coherent:2,6,2026-07-06,13.658,1,0.17
horizons:ideologiquement_coherent:2,7,2026-07-23,13.754,1,0.1
horizons:ideologiquement_coherent:2,8,2026-08-08,15.1,1,1.35
horizons:ideologiquement_coherent:2,9,2026-08-23,13.61,1,-1.49
horizons:ideologiquement_coherent:2,10,2026-09-09,13.623,1,0.01
horizons:ideologiquement_coherent:2,11,2026-09-25,13.668,1,0.04
horizons:ideologiquement_coherent:2,12,2026-10-07,16,1,2.33
horizons:ideologiquement_coherent:2,13,2026-10-20,14.209,1,-1.79
horizons:ideologiquement_coherent:2,14,2026-11-06,14.347,1,0.14
horizons:ideologiquement_coherent:2,15,2026-11-25,14.442,1,0.1
horizons:ideologiquement_coherent:2,16,2026-12-13,17.7,1,3.26
horizons:ideologiquement_coherent:2,17,2026-12-29,15.092,1,-2.61
horizons:ideologiquement_coherent:2,18,2027-01-16,15.497,1,0.4
horizons:ideologiquement_coherent:2,19,2027-02-01,15.642,1,0.14
horizons:ideologiquement_coherent:2,20,2027-02-18,17.2,1,1.56
horizons:ideologiquement_coherent:2,21,2027-03-02,15.885,1,-1.31
horizons:ideologiquement_coherent:2,22,2027-03-18,16.025,1,0.14
horizons:ideologiquement_coherent:2,23,2027-04-05,16.23,1,0.21
horizons:ideologiquement_coherent:2,24,2027-04-17,16.314,1,0.08
horizons:ideologiquement_coherent:2,25,2027-04-18,16.44,1,0.13
horizons:ideologiquement_coherent:2,26,2027-04-20,16.488,1,0.05
horizons:ideologiquement_coherent:2,27,2027-04-22,16.538,1,0.05
horizons:ideologiquement_coherent:2,28,2027-04-24,20.4,1,3.86
horizons:ideologiquement_coherent:2,29,2027-04-26,16.899,1,-3.5
horizons:ideologiquement_coherent:3,1,2026-04-18,12.887,2,0.39
horizons:ideologiquement_coherent:3,2,2026-05-04,13.108,1,0.22
horizons:ideologiquement_coherent:3,3,2026-05-17,13.186,1,0.08
horizons:ideologiquement_coherent:3,4,2026-05-31,9.3,8,-3.89
horizons:ideologiquement_coherent:3,5,2026-06-16,13.403,1,4.1
horizons:ideologiquement_coherent:3,6,2026-07-02,13.487,1,0.08
horizons:ideologiquement_coherent:3,7,2026-07-15,13.641,1,0.15
horizons:ideologiquement_coherent:3,8,2026-07-31,13.7,1,0.06
horizons:ideologiquement_coherent:3,9,2026-08-15,14.214,1,0.51
horizons:ideologiquement_coherent:3,10,2026-08-28,14.432,1,0.22
horizons:ideologiquement_coherent:3,11,2026-09-11,14.653,1,0.22
horizons:ideologiquement_coherent:3,12,2026-09-27,12.5,2,-2.15
horizons:ideologiquement_coherent:3,13,2026-10-11,14.84,1,2.34
horizons:ideologiquement_coherent:3,14,2026-10-30,14.955,1,0.12
horizons:ideologiquement_coherent:3,15,2026-11-16,15.034,1,0.08
horizons:ideologiquement_coherent:3,16,2026-12-01,14.3,1,-0.73
horizons:ideologiquement_coherent:3,17,2026-12-17,15.285,1,0.98
horizons:ideologiquement_coherent:3,18,2027-01-02,15.596,1,0.31
horizons:ideologiquement_coherent:3,19,2027-01-21,15.784,1,0.19
horizons:ideologiquement_coherent:3,20,2027-02-10,16.9,1,1.12
horizons:ideologiquement_coherent:3,21,2027-03-01,15.99,1,-0.91
horizons:ideologiquement_coherent:3,22,2027-03-17,16.097,1,0.11
horizons:ideologiquement_coherent:3,23,2027-03-31,16.171,1,0.07
horizons:ideologiquement_coherent:3,24,2027-04-17,16.302,1,0.13
horizons:ideologiquement_coherent:3,25,2027-04-18,16.409,1,0.11
horizons:ideologiquement_coherent:3,26,2027-04-20,16.264,1,-0.14
horizons:ideologiquement_coherent:3,27,2027-04-22,16.158,1,-0.11
horizons:ideologiquement_coherent:3,28,2027-04-24,19.8,1,3.64
horizons:ideologiquement_coherent:3,29,2027-04-26,16.159,1,-3.64
horizons:ideologiquement_coherent:3,30,2027-05-02,16.006,1,-0.15
horizons:ideologiquement_coherent:3,31,2027-05-03,15.977,1,-0.03
horizons:opportuniste_electoral:0,1,2026-04-18,13.09,1,3.89
horizons:opportuniste_electoral:0,2,2026-05-02,13.451,1,0.36
horizons:opportuniste_electoral:0,3,2026-05-19,13.612,1,0.16
horizons:opportuniste_electoral:0,4,2026-06-01,10.7,7,-2.91
horizons:opportuniste_electoral:0,5,2026-06-20,13.546,1,2.85
horizons:opportuniste_electoral:0,6,2026-07-07,13.622,1,0.08
horizons:opportuniste_electoral:0,7,2026-07-24,13.799,1,0.18
horizons:opportuniste_electoral:0,8,2026-08-07,11.4,4,-2.4
horizons:opportuniste_electoral:0,9,2026-08-23,14.063,1,2.66
horizons:opportuniste_electoral:0,10,2026-09-09,13.803,1,-0.26
horizons:opportuniste_electoral:0,11,2026-09-26,14.064,1,0.26
horizons:opportuniste_electoral:0,12,2026-10-09,17,1,2.94
horizons:opportuniste_electoral:0,13,2026-10-21,14.673,1,-2.33
horizons:opportuniste_electoral:0,14,2026-11-07,14.863,1,0.19
horizons:opportuniste_electoral:0,15,2026-11-25,15.027,1,0.16
horizons:opportuniste_electoral:0,16,2026-12-13,13.1,1,-1.93
horizons:opportuniste_electoral:0,17,2026-12-27,15.349,1,2.25
horizons:opportuniste_electoral:0,18,2027-01-15,15.568,1,0.22
horizons:opportuniste_electoral:0,19,2027-01-28,14.938,1,-0.63
horizons:opportuniste_electoral:0,20,2027-02-12,18.1,1,3.16
horizons:opportuniste_electoral:0,21,2027-03-03,15.027,1,-3.07
horizons:opportuniste_electoral:0,22,2027-03-18,14.948,1,-0.08
horizons:opportuniste_electoral:0,23,2027-04-01,14.995,1,0.05
horizons:opportuniste_electoral:0,24,2027-04-16,15.097,1,0.1
horizons:opportuniste_electoral:0,25,2027-04-18,15.138,1,0.04
horizons:opportuniste_electoral:0,26,2027-04-20,14.847,1,-0.29
horizons:opportuniste_electoral:0,27,2027-04-22,14.73,1,-0.12
horizons:opportuniste_electoral:0,28,2027-04-24,17.2,1,2.47
horizons:opportuniste_electoral:0,29,2027-04-26,14.903,1,-2.3
horizons:opportuniste_electoral:0,30,2027-05-02,14.802,1,-0.1
horizons:opportuniste_electoral:0,31,2027-05-03,14.912,1,0.11
horizons:opportuniste_electoral:1,1,2026-04-18,13.195,1,-1.21
horizons:opportuniste_electoral:1,2,2026-04-30,13.299,1,0.1
horizons:opportuniste_electoral:1,3,2026-05-13,13.258,1,-0.04
horizons:opportuniste_electoral:1,4,2026-05-28,15,1,1.74
horizons:opportuniste_electoral:1,5,2026-06-14,13.212,1,-1.79
horizons:opportuniste_electoral:1,6,2026-06-29,13.071,1,-0.14
horizons:opportuniste_electoral:1,7,2026-07-14,13.295,1,0.22
horizons:opportuniste_electoral:1,8,2026-07-31,15.4,1,2.11
horizons:opportuniste_electoral:1,9,2026-08-16,13.83,1,-1.57
horizons:opportuniste_electoral:1,10,2026-08-31,13.955,1,0.13
horizons:opportuniste_electoral:1,11,2026-09-16,14.161,1,0.21
horizons:opportuniste_electoral:1,12,2026-10-05,11.3,5,-2.86
horizons:opportuniste_electoral:1,13,2026-10-22,14.39,1,3.09
horizons:opportuniste_electoral:1,14,2026-11-09,14.66,1,0.27
horizons:opportuniste_electoral:1,15,2026-11-28,14.579,1,-0.08
horizons:opportuniste_electoral:1,16,2026-12-10,17.7,1,3.12
horizons:opportuniste_electoral:1,17,2026-12-23,14.834,1,-2.87
horizons:opportuniste_electoral:1,18,2027-01-10,14.843,1,0.01
horizons:opportuniste_electoral:1,19,2027-01-28,14.971,1,0.13
horizons:opportuniste_electoral:1,20,2027-02-14,13.8,1,-1.17
horizons:opportuniste_electoral:1,21,2027-03-03,14.981,1,1.18
horizons:opportuniste_electoral:1,22,2027-03-16,15.2,1,0.22
horizons:opportuniste_electoral:1,23,2027-03-30,15.372,1,0.17
horizons:opportuniste_electoral:1,24,2027-04-17,15.638,1,0.27
horizons:opportuniste_electoral:1,25,2027-04-18,15.722,1,0.08
horizons:opportuniste_electoral:1,26,2027-04-20,15.834,1,0.11
horizons:opportuniste_electoral:1,27,2027-04-22,15.81,1,-0.02
horizons:opportuniste_electoral:1,28,2027-04-24,12.8,2,-3.01
horizons:opportuniste_electoral:1,29,2027-04-26,15.982,1,3.18
horizons:opportuniste_electoral:1,30,2027-05-02,15.917,1,-0.06
horizons:opportuniste_electoral:1,31,2027-05-03,15.956,1,0.04
horizons:opportuniste_electoral:2,1,2026-04-18,12.923,2,2.72
horizons:opportuniste_electoral:2,2,2026-05-03,13.038,1,0.12
horizons:opportuniste_electoral:2,3,2026-05-16,13.164,1,0.13
horizons:opportuniste_electoral:2,4,2026-06-01,10.5,7,-2.66
horizons:opportuniste_electoral:2,5,2026-06-20,13.725,1,3.22
horizons:opportuniste_electoral:2,6,2026-07-06,13.628,1,-0.1
horizons:opportuniste_electoral:2,7,2026-07-23,13.519,1,-0.11
horizons:opportuniste_electoral:2,8,2026-08-08,14.5,1,0.98
horizons:opportuniste_electoral:2,9,2026-08-23,12.349,2,-2.15
horizons:opportuniste_electoral:2,10,2026-09-09,12.199,2,-0.15
horizons:opportuniste_electoral:2,11,2026-09-25,12.195,2,0
horizons:opportuniste_electoral:2,12,2026-10-07,14.8,1,2.61
horizons:opportuniste_electoral:2,13,2026-10-20,12.847,2,-1.95
horizons:opportuniste_electoral:2,14,2026-11-06,13.069,1,0.22
horizons:opportuniste_electoral:2,15,2026-11-25,13.226,1,0.16
horizons:opportuniste_electoral:2,16,2026-12-13,16.6,1,3.37
horizons:opportuniste_electoral:2,17,2026-12-29,13.727,1,-2.87
horizons:opportuniste_electoral:2,18,2027-01-16,14.128,1,0.4
horizons:opportuniste_electoral:2,19,2027-02-01,14.319,1,0.19
horizons:opportuniste_electoral:2,20,2027-02-18,16,1,1.68
horizons:opportuniste_electoral:2,21,2027-03-02,14.662,1,-1.34
horizons:opportuniste_electoral:2,22,2027-03-18,14.744,1,0.08
horizons:opportuniste_electoral:2,23,2027-04-02,14.886,1,0.14
horizons:opportuniste_electoral:2,24,2027-04-17,14.946,1,0.06
horizons:opportuniste_electoral:2,25,2027-04-18,15.164,1,0.22
horizons:opportuniste_electoral:3,1,2026-04-18,12.887,2,0.39
horizons:opportuniste_electoral:3,2,2026-05-04,12.978,2,0.09
horizons:opportuniste_electoral:3,3,2026-05-17,13.012,1,0.03
horizons:opportuniste_electoral:3,4,2026-05-31,9.2,8,-3.81
horizons:opportuniste_electoral:3,5,2026-06-16,12.887,2,3.69
horizons:opportuniste_electoral:3,6,2026-07-02,13.162,1,0.28
horizons:opportuniste_electoral:3,7,2026-07-15,13.552,1,0.39
horizons:opportuniste_electoral:3,8,2026-07-31,13.6,1,0.05
horizons:opportuniste_electoral:3,9,2026-08-15,14.036,1,0.44
horizons:opportuniste_electoral:3,10,2026-08-28,14.036,1,0
horizons:opportuniste_electoral:3,11,2026-09-11,14.421,1,0.38
horizons:opportuniste_electoral:3,12,2026-09-27,12.4,2,-2.02
horizons:opportuniste_electoral:3,13,2026-10-11,14.772,1,2.37
horizons:opportuniste_electoral:3,14,2026-10-30,14.764,1,-0.01
horizons:opportuniste_electoral:3,15,2026-11-16,14.834,1,0.07
horizons:opportuniste_electoral:3,16,2026-12-01,14.1,1,-0.73
horizons:opportuniste_electoral:3,17,2026-12-17,15.121,1,1.02
horizons:opportuniste_electoral:3,18,2027-01-02,15.508,1,0.39
horizons:opportuniste_electoral:3,19,2027-01-21,17.488,1,1.98
horizons:opportuniste_electoral:3,20,2027-02-04,16.4,1,-1.09
horizons:opportuniste_electoral:3,21,2027-02-25,17.7,1,1.3
horizons:opportuniste_electoral:3,22,2027-03-17,17.955,1,0.25
horizons:opportuniste_electoral:3,23,2027-04-01,18.142,1,0.19
horizons:opportuniste_electoral:3,24,2027-04-16,18.003,1,-0.14
horizons:opportuniste_electoral:3,25,2027-04-18,18.062,1,0.06
horizons:opportuniste_electoral:3,26,2027-04-20,18.098,1,0.04
horizons:opportuniste_electoral:3,27,2027-04-22,18.149,1,0.05
horizons:opportuniste_electoral:3,28,2027-04-24,18.9,1,0.75
horizons:opportuniste_electoral:3,29,2027-04-26,17.873,1,-1.03
horizons:opportuniste_electoral:3,30,2027-05-02,17.945,1,0.07
horizons:opportuniste_electoral:3,31,2027-05-03,18.033,1,0.09
horizons:parti_dabord:0,1,2026-04-18,13.09,1,3.89
horizons:parti_dabord:0,2,2026-05-02,13.451,1,0.36
horizons:parti_dabord:0,3,2026-05-19,13.612,1,0.16
horizons:parti_dabord:0,4,2026-06-01,11,6,-2.61
horizons:parti_dabord:0,5,2026-06-20,13.931,1,2.93
horizons:parti_dabord:0,6,2026-07-07,14.031,1,0.1
horizons:parti_dabord:0,7,2026-07-24,14.144,1,0.11
horizons:parti_dabord:0,8,2026-08-07,11.7,2,-2.44
horizons:parti_dabord:0,9,2026-08-23,14.38,1,2.68
horizons:parti_dabord:0,10,2026-09-09,14.503,1,0.12
horizons:parti_dabord:0,11,2026-09-26,14.85,1,0.35
horizons:parti_dabord:0,12,2026-10-09,17.7,1,2.85
horizons:parti_dabord:0,13,2026-10-21,15.151,1,-2.55
horizons:parti_dabord:0,14,2026-11-07,15.203,1,0.05
horizons:parti_dabord:0,15,2026-11-25,15.321,1,0.12
horizons:parti_dabord:0,16,2026-12-13,13.5,1,-1.82
horizons:parti_dabord:0,17,2026-12-27,15.498,1,2
horizons:parti_dabord:0,18,2027-01-15,15.805,1,0.31
horizons:parti_dabord:0,19,2027-01-28,15.201,1,-0.6
horizons:parti_dabord:0,20,2027-02-12,18.4,1,3.2
horizons:parti_dabord:0,21,2027-03-03,15.417,1,-2.98
horizons:parti_dabord:0,22,2027-03-18,15.491,1,0.07
horizons:parti_dabord:0,23,2027-04-01,15.579,1,0.09
horizons:parti_dabord:0,24,2027-04-16,15.693,1,0.11
horizons:parti_dabord:0,25,2027-04-18,15.735,1,0.04
horizons:parti_dabord:0,26,2027-04-20,15.439,1,-0.3
horizons:parti_dabord:0,27,2027-04-22,15.586,1,0.15
horizons:parti_dabord:0,28,2027-04-24,18.1,1,2.51
horizons:parti_dabord:0,29,2027-04-26,16.025,1,-2.08
horizons:parti_dabord:0,30,2027-05-02,15.935,1,-0.09
horizons:parti_dabord:0,31,2027-05-03,15.89,1,-0.04
horizons:parti_dabord:1,1,2026-04-18,13.195,1,-1.21
horizons:parti_dabord:1,2,2026-04-30,13.498,1,0.3
horizons:parti_dabord:1,3,2026-05-13,13.526,1,0.03
horizons:parti_dabord:1,4,2026-05-28,15.2,1,1.67
horizons:parti_dabord:1,5,2026-06-14,13.868,1,-1.33
horizons:parti_dabord:1,6,2026-06-29,13.851,1,-0.02
horizons:parti_dabord:1,7,2026-07-14,14.048,1,0.2
horizons:parti_dabord:1,8,2026-07-31,15.9,1,1.85
horizons:parti_dabord:1,9,2026-08-16,14.508,1,-1.39
horizons:parti_dabord:1,10,2026-08-31,14.626,1,0.12
horizons:parti_dabord:1,11,2026-09-16,14.815,1,0.19
horizons:parti_dabord:1,12,2026-10-05,11.9,2,-2.91
horizons:parti_dabord:1,13,2026-10-22,15.028,1,3.13
horizons:parti_dabord:1,14,2026-11-09,15.235,1,0.21
horizons:parti_dabord:1,15,2026-11-28,15.369,1,0.13
horizons:parti_dabord:1,16,2026-12-10,18.5,1,3.13
horizons:parti_dabord:1,17,2026-12-23,15.783,1,-2.72
horizons:parti_dabord:1,18,2027-01-10,15.829,1,0.05
horizons:parti_dabord:1,19,2027-01-28,15.905,1,0.08
horizons:parti_dabord:1,20,2027-02-14,14.8,1,-1.1
horizons:parti_dabord:1,21,2027-03-03,16.011,1,1.21
horizons:parti_dabord:1,22,2027-03-16,16.179,1,0.17
horizons:parti_dabord:1,23,2027-03-30,16.254,1,0.08
horizons:parti_dabord:1,24,2027-04-17,16.358,1,0.1
horizons:parti_dabord:1,25,2027-04-18,16.45,1,0.09
horizons:parti_dabord:1,26,2027-04-20,16.624,1,0.17
horizons:parti_dabord:1,27,2027-04-22,16.908,1,0.28
horizons:parti_dabord:1,28,2027-04-24,13.9,1,-3.01
horizons:parti_dabord:1,29,2027-04-26,17.192,1,3.29
horizons:parti_dabord:1,30,2027-05-02,17.161,1,-0.03
horizons:parti_dabord:1,31,2027-05-03,17.186,1,0.02
horizons:parti_dabord:2,1,2026-04-18,13.248,1,3.05
horizons:parti_dabord:2,2,2026-05-03,13.474,1,0.23
horizons:parti_dabord:2,3,2026-05-16,13.628,1,0.15
horizons:parti_dabord:2,4,2026-06-01,10.8,6,-2.83
horizons:parti_dabord:2,5,2026-06-20,14.133,1,3.33
horizons:parti_dabord:2,6,2026-07-06,14.339,1,0.21
horizons:parti_dabord:2,7,2026-07-23,14.334,1,-0.01
horizons:parti_dabord:2,8,2026-08-08,15.9,1,1.57
horizons:parti_dabord:2,9,2026-08-23,14.474,1,-1.43
horizons:parti_dabord:2,10,2026-09-09,14.508,1,0.03
horizons:parti_dabord:2,11,2026-09-25,14.557,1,0.05
horizons:parti_dabord:2,12,2026-10-07,16.8,1,2.24
horizons:parti_dabord:2,13,2026-10-20,15.099,1,-1.7
horizons:parti_dabord:2,14,2026-11-06,15.285,1,0.19
horizons:parti_dabord:2,15,2026-11-25,15.4,1,0.12
horizons:parti_dabord:2,16,2026-12-13,18.8,1,3.4
horizons:parti_dabord:2,17,2026-12-29,15.941,1,-2.86
horizons:parti_dabord:2,18,2027-01-16,16.287,1,0.35
horizons:parti_dabord:2,19,2027-02-01,16.431,1,0.14
horizons:parti_dabord:2,20,2027-02-18,18.3,1,1.87
horizons:parti_dabord:2,21,2027-03-02,16.952,1,-1.35
horizons:parti_dabord:2,22,2027-03-18,16.989,1,0.04
horizons:parti_dabord:2,23,2027-04-02,17.032,1,0.04
horizons:parti_dabord:2,24,2027-04-17,16.999,1,-0.03
horizons:parti_dabord:2,25,2027-04-18,17.106,1,0.11
horizons:parti_dabord:2,26,2027-04-20,17.245,1,0.14
horizons:parti_dabord:2,27,2027-04-22,17.394,1,0.15
horizons:parti_dabord:2,28,2027-04-24,20.8,1,3.41
horizons:parti_dabord:2,29,2027-04-26,17.544,1,-3.26
horizons:parti_dabord:3,1,2026-04-18,12.877,2,0.38
horizons:parti_dabord:3,2,2026-05-04,12.966,2,0.09
horizons:parti_dabord:3,3,2026-05-17,12.992,2,0.03
horizons:parti_dabord:3,4,2026-05-31,9.2,8,-3.79
horizons:parti_dabord:3,5,2026-06-16,13.207,1,4.01
horizons:parti_dabord:3,6,2026-07-02,13.337,1,0.13
horizons:parti_dabord:3,7,2026-07-15,13.541,1,0.2
horizons:parti_dabord:3,8,2026-07-31,13.6,1,0.06
horizons:parti_dabord:3,9,2026-08-15,14.213,1,0.61
horizons:parti_dabord:3,10,2026-08-28,14.441,1,0.23
horizons:parti_dabord:3,11,2026-09-11,14.723,1,0.28
horizons:parti_dabord:3,12,2026-09-27,12.5,2,-2.22
horizons:parti_dabord:3,13,2026-10-11,14.987,1,2.49
horizons:parti_dabord:3,14,2026-10-30,15.075,1,0.09
horizons:parti_dabord:3,15,2026-11-16,15.178,1,0.1
horizons:parti_dabord:3,16,2026-12-01,14.5,1,-0.68
horizons:parti_dabord:3,17,2026-12-17,15.1,1,0.6
horizons:parti_dabord:3,18,2027-01-02,15.487,1,0.39
horizons:parti_dabord:3,19,2027-01-21,15.666,1,0.18
horizons:parti_dabord:3,20,2027-02-10,16.6,1,0.93
horizons:parti_dabord:3,21,2027-03-01,15.22,1,-1.38
horizons:parti_dabord:3,22,2027-03-17,15.218,1,0
horizons:parti_dabord:3,23,2027-04-02,15.145,1,-0.07
horizons:parti_dabord:3,24,2027-04-17,15.331,1,0.19
horizons:parti_dabord:3,25,2027-04-18,15.517,1,0.19
horizons:parti_dabord:3,26,2027-04-20,15.68,1,0.16
horizons:parti_dabord:3,27,2027-04-22,15.658,1,-0.02
horizons:parti_dabord:3,28,2027-04-24,19.3,1,3.64
horizons:parti_dabord:3,29,2027-04-26,15.945,1,-3.36
horizons:mediatique:0,1,2026-04-18,13.09,1,3.89
horizons:mediatique:0,2,2026-05-02,13.265,1,0.18
horizons:mediatique:0,3,2026-05-19,13.371,1,0.11
horizons:mediatique:0,4,2026-06-01,10.5,7,-2.87
horizons:mediatique:0,5,2026-06-20,13.284,2,2.78
horizons:mediatique:0,6,2026-07-07,13.361,1,0.08
horizons:mediatique:0,7,2026-07-24,13.538,1,0.18
horizons:mediatique:0,8,2026-08-07,11.2,6,-2.34
horizons:mediatique:0,9,2026-08-23,13.836,1,2.64
horizons:mediatique:0,10,2026-09-09,13.579,1,-0.26
horizons:mediatique:0,11,2026-09-26,13.45,1,-0.13
horizons:mediatique:0,12,2026-10-09,16.4,1,2.95
horizons:mediatique:0,13,2026-10-21,13.543,1,-2.86
horizons:mediatique:0,14,2026-11-07,13.438,1,-0.1
horizons:mediatique:0,15,2026-11-25,13.427,1,-0.01
horizons:mediatique:0,16,2026-12-13,11.7,4,-1.73
horizons:mediatique:0,17,2026-12-27,13.765,1,2.07
horizons:mediatique:0,18,2027-01-15,13.932,1,0.17
horizons:mediatique:0,19,2027-01-28,13.35,1,-0.58
horizons:mediatique:0,20,2027-02-12,16.4,1,3.05
horizons:mediatique:0,21,2027-03-03,13.134,1,-3.27
horizons:mediatique:0,22,2027-03-18,12.361,2,-0.77
horizons:mediatique:0,23,2027-04-01,12.217,2,-0.14
horizons:mediatique:0,24,2027-04-16,12.336,2,0.12
horizons:mediatique:0,25,2027-04-18,12.349,2,0.01
horizons:mediatique:1,1,2026-04-18,13.195,1,-1.21
horizons:mediatique:1,2,2026-04-30,13.299,1,0.1
horizons:mediatique:1,3,2026-05-13,13.258,1,-0.04
horizons:mediatique:1,4,2026-05-28,14.9,1,1.64
horizons:mediatique:1,5,2026-06-14,12.995,2,-1.91
horizons:mediatique:1,6,2026-06-29,12.835,2,-0.16
horizons:mediatique:1,7,2026-07-14,13.054,2,0.22
horizons:mediatique:1,8,2026-07-31,15.2,1,2.15
horizons:mediatique:1,9,2026-08-16,13.605,1,-1.59
horizons:mediatique:1,10,2026-08-31,13.732,1,0.13
horizons:mediatique:1,11,2026-09-16,13.944,1,0.21
horizons:mediatique:1,12,2026-10-05,11,6,-2.94
horizons:mediatique:1,13,2026-10-22,13.93,1,2.93
horizons:mediatique:1,14,2026-11-09,13.734,1,-0.2
horizons:mediatique:1,15,2026-11-28,13.487,1,-0.25
horizons:mediatique:1,16,2026-12-10,16.8,1,3.31
horizons:mediatique:1,17,2026-12-23,13.692,1,-3.11
horizons:mediatique:1,18,2027-01-10,13.813,1,0.12
horizons:mediatique:1,19,2027-01-28,13.954,1,0.14
horizons:mediatique:1,20,2027-02-14,12.7,2,-1.25
horizons:mediatique:1,21,2027-03-03,14.143,1,1.44
horizons:mediatique:1,22,2027-03-16,13.948,1,-0.2
horizons:mediatique:1,23,2027-03-30,13.862,1,-0.09
horizons:mediatique:1,24,2027-04-17,13.366,2,-0.5
horizons:mediatique:1,25,2027-04-18,13.28,2,-0.09
horizons:mediatique:1,26,2027-04-20,13.404,2,0.12
horizons:mediatique:1,27,2027-04-22,13.718,1,0.31
horizons:mediatique:1,28,2027-04-24,11.2,4,-2.52
horizons:mediatique:1,29,2027-04-26,14.709,1,3.51
horizons:mediatique:1,30,2027-05-02,14.798,1,0.09
horizons:mediatique:1,31,2027-05-03,14.938,1,0.14
horizons:mediatique:2,1,2026-04-18,12.923,2,2.72
horizons:mediatique:2,2,2026-05-03,12.889,2,-0.03
horizons:mediatique:2,3,2026-05-16,13.121,1,0.23
horizons:mediatique:2,4,2026-06-01,10.5,7,-2.62
horizons:mediatique:2,5,2026-06-20,13.735,1,3.23
horizons:mediatique:2,6,2026-07-06,13.643,1,-0.09
horizons:mediatique:2,7,2026-07-23,13.536,1,-0.11
horizons:mediatique:2,8,2026-08-08,14.5,1,0.96
horizons:mediatique:2,9,2026-08-23,12.367,2,-2.13
horizons:mediatique:2,10,2026-09-09,12.194,2,-0.17
horizons:mediatique:2,11,2026-09-25,12.082,2,-0.11
horizons:mediatique:2,12,2026-10-07,14.4,1,2.32
horizons:mediatique:2,13,2026-10-20,11.792,3,-2.61
horizons:mediatique:2,14,2026-11-06,11.83,3,0.04
horizons:mediatique:2,15,2026-11-25,11.939,3,0.11
horizons:mediatique:2,16,2026-12-13,15.5,1,3.56
horizons:mediatique:2,17,2026-12-29,12.432,3,-3.07
horizons:mediatique:2,18,2027-01-16,12.642,2,0.21
horizons:mediatique:2,19,2027-02-01,12.77,2,0.13
horizons:mediatique:2,20,2027-02-18,14.7,1,1.93
horizons:mediatique:2,21,2027-03-02,13.342,2,-1.36
horizons:mediatique:2,22,2027-03-18,13.457,1,0.12
horizons:mediatique:2,23,2027-04-02,13.437,1,-0.02
horizons:mediatique:2,24,2027-04-17,13.466,1,0.03
horizons:mediatique:2,25,2027-04-18,13.535,1,0.07
horizons:mediatique:3,1,2026-04-18,12.877,2,0.38
horizons:mediatique:3,2,2026-05-04,12.966,2,0.09
horizons:mediatique:3,3,2026-05-17,13,2,0.03
horizons:mediatique:3,4,2026-05-31,9.2,8,-3.8
horizons:mediatique:3,5,2026-06-16,12.902,2,3.7
horizons:mediatique:3,6,2026-07-02,12.568,2,-0.33
horizons:mediatique:3,7,2026-07-15,12.478,2,-0.09
horizons:mediatique:3,8,2026-07-31,12.9,2,0.42
horizons:mediatique:3,9,2026-08-15,13.104,1,0.2
horizons:mediatique:3,10,2026-08-28,13.02,1,-0.08
horizons:mediatique:3,11,2026-09-11,12.997,2,-0.02
horizons:mediatique:3,12,2026-09-27,11.1,6,-1.9
horizons:mediatique:3,13,2026-10-11,12.972,2,1.87
horizons:mediatique:3,14,2026-10-30,12.877,2,-0.09
horizons:mediatique:3,15,2026-11-16,12.823,2,-0.05
horizons:mediatique:3,16,2026-12-01,12.3,2,-0.52
horizons:mediatique:3,17,2026-12-17,13.044,2,0.74
horizons:mediatique:3,18,2027-01-02,13.277,1,0.23
horizons:mediatique:3,19,2027-01-21,13.304,2,0.03
horizons:mediatique:3,20,2027-02-10,14.7,1,1.4
horizons:mediatique:3,21,2027-03-01,13.406,1,-1.29
horizons:mediatique:3,22,2027-03-17,12.759,1,-0.65
horizons:mediatique:3,23,2027-03-31,12.569,1,-0.19
horizons:mediatique:3,24,2027-04-16,12.467,1,-0.1
horizons:mediatique:3,25,2027-04-18,12.508,1,0.04
horizons:contrarien:0,1,2026-04-18,12.917,2,3.72
horizons:contrarien:0,2,2026-05-02,13.1,2,0.18
horizons:contrarien:0,3,2026-05-19,13.202,1,0.1
horizons:contrarien:0,4,2026-06-01,10.4,7,-2.8
horizons:contrarien:0,5,2026-06-20,13.078,2,2.68
horizons:contrarien:0,6,2026-07-07,13.174,2,0.1
horizons:contrarien:0,7,2026-07-24,12.527,2,-0.65
horizons:contrarien:0,8,2026-08-07,10.2,8,-2.33
horizons:contrarien:0,9,2026-08-23,12.473,2,2.27
horizons:contrarien:0,10,2026-09-08,12.507,2,0.03
horizons:contrarien:0,11,2026-09-25,12.481,2,-0.03
horizons:contrarien:0,12,2026-10-08,15.4,1,2.92
horizons:contrarien:0,13,2026-10-21,12.592,2,-2.81
horizons:contrarien:0,14,2026-11-07,12.49,2,-0.1
horizons:contrarien:0,15,2026-11-25,11.743,4,-0.75
horizons:contrarien:0,16,2026-12-13,10.1,8,-1.64
horizons:contrarien:0,17,2026-12-27,11.66,4,1.56
horizons:contrarien:0,18,2027-01-15,11.719,4,0.06
horizons:contrarien:0,19,2027-01-28,11.829,4,0.11
horizons:contrarien:0,20,2027-02-11,11.1,5,-0.73
horizons:contrarien:0,21,2027-03-02,11.749,4,0.65
horizons:contrarien:0,22,2027-03-19,11.344,4,-0.41
horizons:contrarien:0,23,2027-04-02,10.398,7,-0.95
horizons:contrarien:0,24,2027-04-17,9.983,8,-0.41
horizons:contrarien:0,25,2027-04-18,9.975,8,-0.01
horizons:contrarien:1,1,2026-04-18,13.035,1,-1.37
horizons:contrarien:1,2,2026-04-30,13.093,1,0.06
horizons:contrarien:1,3,2026-05-13,13.037,2,-0.06
horizons:contrarien:1,4,2026-05-28,14.8,1,1.76
horizons:contrarien:1,5,2026-06-14,13.215,1,-1.59
horizons:contrarien:1,6,2026-06-29,13.343,1,0.13
horizons:contrarien:1,7,2026-07-14,13.444,1,0.1
horizons:contrarien:1,8,2026-07-31,15.2,1,1.76
horizons:contrarien:1,9,2026-08-16,13.395,1,-1.8
horizons:contrarien:1,10,2026-08-31,13.145,1,-0.25
horizons:contrarien:1,11,2026-09-16,13.216,1,0.07
horizons:contrarien:1,12,2026-10-05,10.4,7,-2.82
horizons:contrarien:1,13,2026-10-22,13.065,1,2.66
horizons:contrarien:1,14,2026-11-09,12.808,2,-0.26
horizons:contrarien:1,15,2026-11-28,12.57,2,-0.24
horizons:contrarien:1,16,2026-12-10,16.1,1,3.53
horizons:contrarien:1,17,2026-12-23,13.26,2,-2.84
horizons:contrarien:1,18,2027-01-10,13.183,2,-0.08
horizons:contrarien:1,19,2027-01-28,12.924,2,-0.26
horizons:contrarien:1,20,2027-02-14,11.6,4,-1.32
horizons:contrarien:1,21,2027-03-03,12.877,2,1.28
horizons:contrarien:1,22,2027-03-16,12.787,2,-0.09
horizons:contrarien:1,23,2027-03-30,12.661,2,-0.13
horizons:contrarien:1,24,2027-04-17,12.769,2,0.11
horizons:contrarien:1,25,2027-04-18,12.738,2,-0.03
horizons:contrarien:1,26,2027-04-20,12.772,2,0.03
horizons:contrarien:1,27,2027-04-22,12.815,2,0.04
horizons:contrarien:1,28,2027-04-24,10.1,7,-2.71
horizons:contrarien:1,29,2027-04-26,13.475,2,3.38
horizons:contrarien:1,30,2027-05-02,13.403,1,-0.07
horizons:contrarien:1,31,2027-05-03,13.543,1,0.14
horizons:contrarien:2,1,2026-04-18,13.076,1,2.88
horizons:contrarien:2,2,2026-05-03,13.095,1,0.02
horizons:contrarien:2,3,2026-05-16,13.345,1,0.25
horizons:contrarien:2,4,2026-06-01,10.7,7,-2.65
horizons:contrarien:2,5,2026-06-20,13.947,1,3.25
horizons:contrarien:2,6,2026-07-06,13.854,1,-0.09
horizons:contrarien:2,7,2026-07-23,13.747,1,-0.11
horizons:contrarien:2,8,2026-08-08,15.4,1,1.65
horizons:contrarien:2,9,2026-08-23,13.697,1,-1.7
horizons:contrarien:2,10,2026-09-09,13.573,1,-0.12
horizons:contrarien:2,11,2026-09-25,13.474,1,-0.1
horizons:contrarien:2,12,2026-10-07,15.7,1,2.23
horizons:contrarien:2,13,2026-10-20,13.19,1,-2.51
horizons:contrarien:2,14,2026-11-06,13.219,1,0.03
horizons:contrarien:2,15,2026-11-25,13.237,1,0.02
horizons:contrarien:2,16,2026-12-13,17.1,1,3.86
horizons:contrarien:2,17,2026-12-29,14.324,1,-2.78
horizons:contrarien:2,18,2027-01-16,14.621,1,0.3
horizons:contrarien:2,19,2027-02-01,14.806,1,0.18
horizons:contrarien:2,20,2027-02-18,16.6,1,1.79
horizons:contrarien:2,21,2027-03-02,15.317,1,-1.28
horizons:contrarien:2,22,2027-03-18,17.29,1,1.97
horizons:contrarien:2,23,2027-03-31,17.134,1,-0.16
horizons:contrarien:2,24,2027-04-17,16.8,1,-0.33
horizons:contrarien:2,25,2027-04-18,16.92,1,0.12
horizons:contrarien:2,26,2027-04-20,17.531,1,0.61
horizons:contrarien:2,27,2027-04-22,17.733,1,0.2
horizons:contrarien:2,28,2027-04-24,11.9,5,-5.83
horizons:contrarien:2,29,2027-04-26,18.073,1,6.17
horizons:contrarien:2,30,2027-05-02,18.072,1,0
horizons:contrarien:2,31,2027-05-03,18.096,1,0.02
horizons:contrarien:3,1,2026-04-18,12.877,2,0.38
horizons:contrarien:3,2,2026-05-04,12.929,2,0.05
horizons:contrarien:3,3,2026-05-17,12.914,2,-0.02
horizons:contrarien:3,4,2026-05-31,9.1,8,-3.81
horizons:contrarien:3,5,2026-06-16,12.891,2,3.79
horizons:contrarien:3,6,2026-07-02,12.921,2,0.03
horizons:contrarien:3,7,2026-07-15,12.933,2,0.01
horizons:contrarien:3,8,2026-07-31,13.2,1,0.27
horizons:contrarien:3,9,2026-08-15,13.297,1,0.1
horizons:contrarien:3,10,2026-08-28,13.114,1,-0.18
horizons:contrarien:3,11,2026-09-11,13.058,2,-0.06
horizons:contrarien:3,12,2026-09-27,11.2,6,-1.86
horizons:contrarien:3,13,2026-10-11,13.007,2,1.81
horizons:contrarien:3,14,2026-10-30,12.915,2,-0.09
horizons:contrarien:3,15,2026-11-16,12.863,2,-0.05
horizons:contrarien:3,16,2026-12-01,12.4,2,-0.46
horizons:contrarien:3,17,2026-12-17,12.924,2,0.52
horizons:contrarien:3,18,2027-01-02,13.111,2,0.19
horizons:contrarien:3,19,2027-01-21,13.136,2,0.02
horizons:contrarien:3,20,2027-02-10,14,1,0.86
horizons:contrarien:3,21,2027-03-01,12.145,3,-1.86
horizons:contrarien:3,22,2027-03-17,11.464,3,-0.68
horizons:contrarien:3,23,2027-03-31,11.271,3,-0.19
horizons:contrarien:3,24,2027-04-16,10.908,3,-0.36
horizons:contrarien:3,25,2027-04-18,11.088,3,0.18
lr:aleatoire:0,1,2026-04-18,11.344,7,-2.96
lr:aleatoire:0,2,2026-05-02,11.656,4,0.31
lr:aleatoire:0,3,2026-05-19,12.003,3,0.35
lr:aleatoire:0,4,2026-06-01,13.2,1,1.2
lr:aleatoire:0,5,2026-06-20,11.847,3,-1.35
lr:aleatoire:0,6,2026-07-07,11.949,3,0.1
lr:aleatoire:0,7,2026-07-24,12.293,3,0.34
lr:aleatoire:0,8,2026-08-07,11.4,4,-0.89
lr:aleatoire:0,9,2026-08-23,12.495,2,1.09
lr:aleatoire:0,10,2026-09-08,12.603,2,0.11
lr:aleatoire:0,11,2026-09-25,12.743,2,0.14
lr:aleatoire:0,12,2026-10-08,14.2,1,1.46
lr:aleatoire:0,13,2026-10-21,12.991,1,-1.21
lr:aleatoire:0,14,2026-11-07,12.903,1,-0.09
lr:aleatoire:0,15,2026-11-25,12.972,1,0.07
lr:aleatoire:0,16,2026-12-13,12.1,4,-0.87
lr:aleatoire:0,17,2026-12-27,13.164,1,1.06
lr:aleatoire:0,18,2027-01-15,13.205,1,0.04
lr:aleatoire:0,19,2027-01-28,13.247,1,0.04
lr:aleatoire:0,20,2027-02-11,11.9,3,-1.35
lr:aleatoire:0,21,2027-03-02,13.813,1,1.91
lr:aleatoire:0,22,2027-03-19,13.953,1,0.14
lr:aleatoire:0,23,2027-04-02,14.078,1,0.13
lr:aleatoire:0,24,2027-04-17,14.387,1,0.31
lr:aleatoire:0,25,2027-04-18,14.561,1,0.17
lr:aleatoire:1,1,2026-04-18,11.503,5,1
lr:aleatoire:1,2,2026-04-30,11.731,4,0.23
lr:aleatoire:1,3,2026-05-13,11.93,3,0.2
lr:aleatoire:1,4,2026-05-28,11,7,-0.93
lr:aleatoire:1,5,2026-06-14,12.322,2,1.32
lr:aleatoire:1,6,2026-06-29,12.619,2,0.3
lr:aleatoire:1,7,2026-07-14,12.492,2,-0.13
lr:aleatoire:1,8,2026-07-31,13.5,1,1.01
lr:aleatoire:1,9,2026-08-16,12.81,2,-0.69
lr:aleatoire:1,10,2026-08-31,12.981,1,0.17
lr:aleatoire:1,11,2026-09-16,12.989,1,0.01
lr:aleatoire:1,12,2026-10-05,13.4,1,0.41
lr:aleatoire:1,13,2026-10-22,13.027,1,-0.37
lr:aleatoire:1,14,2026-11-09,13.262,1,0.24
lr:aleatoire:1,15,2026-11-28,13.371,1,0.11
lr:aleatoire:1,16,2026-12-10,13.2,1,-0.17
lr:aleatoire:1,17,2026-12-23,13.707,1,0.51
lr:aleatoire:1,18,2027-01-10,13.823,1,0.12
lr:aleatoire:1,19,2027-01-28,14.057,1,0.23
lr:aleatoire:1,20,2027-02-14,16.3,1,2.24
lr:aleatoire:1,21,2027-03-03,13.992,1,-2.31
lr:aleatoire:1,22,2027-03-16,13.997,1,0
lr:aleatoire:1,23,2027-03-30,14.036,1,0.04
lr:aleatoire:1,24,2027-04-17,13.893,1,-0.14
lr:aleatoire:1,25,2027-04-18,13.944,1,0.05
lr:aleatoire:1,26,2027-04-20,13.982,1,0.04
lr:aleatoire:1,27,2027-04-22,14.057,1,0.08
lr:aleatoire:1,28,2027-04-24,15,1,0.94
lr:aleatoire:1,29,2027-04-26,14.874,1,-0.13
lr:aleatoire:1,30,2027-05-02,14.735,1,-0.14
lr:aleatoire:1,31,2027-05-03,14.826,1,0.09
lr:aleatoire:2,1,2026-04-18,11.659,4,-2.54
lr:aleatoire:2,2,2026-05-03,11.84,3,0.18
lr:aleatoire:2,3,2026-05-16,12.105,3,0.27
lr:aleatoire:2,4,2026-06-01,12.8,2,0.7
lr:aleatoire:2,5,2026-06-20,12.697,2,-0.1
lr:aleatoire:2,6,2026-07-06,12.953,1,0.26
lr:aleatoire:2,7,2026-07-23,13.289,1,0.34
lr:aleatoire:2,8,2026-08-08,14.1,1,0.81
lr:aleatoire:2,9,2026-08-23,13.891,1,-0.21
lr:aleatoire:2,10,2026-09-09,14.074,1,0.18
lr:aleatoire:2,11,2026-09-25,14.245,1,0.17
lr:aleatoire:2,12,2026-10-07,13.7,1,-0.54
lr:aleatoire:2,13,2026-10-20,14.604,1,0.9
lr:aleatoire:2,14,2026-11-06,14.263,1,-0.34
lr:aleatoire:2,15,2026-11-25,14.154,1,-0.11
lr:aleatoire:2,16,2026-12-13,14.5,1,0.35
lr:aleatoire:2,17,2026-12-29,14.451,1,-0.05
lr:aleatoire:2,18,2027-01-16,14.535,1,0.08
lr:aleatoire:2,19,2027-02-01,14.582,1,0.05
lr:aleatoire:2,20,2027-02-18,13.7,1,-0.88
lr:aleatoire:2,21,2027-03-02,14.388,1,0.69
lr:aleatoire:2,22,2027-03-18,14.2,1,-0.19
lr:aleatoire:2,23,2027-04-05,14.135,1,-0.06
lr:aleatoire:2,24,2027-04-17,14.119,1,-0.02
lr:aleatoire:2,25,2027-04-18,14.241,1,0.12
lr:aleatoire:2,26,2027-04-20,14.322,1,0.08
lr:aleatoire:2,27,2027-04-22,14.455,1,0.13
lr:aleatoire:2,28,2027-04-24,13.1,2,-1.36
lr:aleatoire:2,29,2027-04-26,14.937,1,1.84
lr:aleatoire:3,1,2026-04-18,11.118,7,-0.38
lr:aleatoire:3,2,2026-05-04,11.161,7,0.04
lr:aleatoire:3,3,2026-05-17,11.184,7,0.02
lr:aleatoire:3,4,2026-05-31,13,1,1.82
lr:aleatoire:3,5,2026-06-16,11.21,7,-1.79
lr:aleatoire:3,6,2026-07-02,10.882,7,-0.33
lr:aleatoire:3,7,2026-07-15,10.796,7,-0.09
lr:aleatoire:3,8,2026-07-31,10.9,7,0.1
lr:aleatoire:3,9,2026-08-15,11.401,6,0.5
lr:aleatoire:3,10,2026-08-28,11.616,5,0.21
lr:aleatoire:3,11,2026-09-11,11.606,5,-0.01
lr:aleatoire:3,12,2026-09-27,12.6,2,0.99
lr:aleatoire:3,13,2026-10-11,11.822,3,-0.78
lr:aleatoire:3,14,2026-10-30,11.817,3,0
lr:aleatoire:3,15,2026-11-16,11.863,3,0.05
lr:aleatoire:3,16,2026-12-01,13.5,1,1.64
lr:aleatoire:3,17,2026-12-17,12.234,3,-1.27
lr:aleatoire:3,18,2027-01-02,12.659,2,0.43
lr:aleatoire:3,19,2027-01-21,12.786,2,0.13
lr:aleatoire:3,20,2027-02-10,14.5,1,1.71
lr:aleatoire:3,21,2027-03-01,11.984,4,-2.52
lr:aleatoire:3,22,2027-03-17,11.387,5,-0.6
lr:aleatoire:3,23,2027-04-02,11.346,6,-0.04
lr:aleatoire:3,24,2027-04-17,11.419,5,0.07
lr:aleatoire:3,25,2027-04-18,11.569,5,0.15
lr:aleatoire:3,26,2027-04-20,10.956,7,-0.61
lr:aleatoire:3,27,2027-04-22,10.916,7,-0.04
lr:aleatoire:3,28,2027-04-24,10,7,-0.92
lr:aleatoire:3,29,2027-04-26,11.779,4,1.78
lr:aleatoire:3,30,2027-05-02,12.198,4,0.42
lr:aleatoire:3,31,2027-05-03,12.421,3,0.22
lr:prudent:0,1,2026-04-18,11.52,4,-2.78
lr:prudent:0,2,2026-05-02,11.792,3,0.27
lr:prudent:0,3,2026-05-19,11.933,3,0.14
lr:prudent:0,4,2026-06-01,13.4,1,1.47
lr:prudent:0,5,2026-06-20,12.361,2,-1.04
lr:prudent:0,6,2026-07-07,12.573,2,0.21
lr:prudent:0,7,2026-07-24,12.851,2,0.28
lr:prudent:0,8,2026-08-07,12,3,-0.85
lr:prudent:0,9,2026-08-23,13.187,1,1.19
lr:prudent:0,10,2026-09-08,13.189,1,0
lr:prudent:0,11,2026-09-25,13.434,1,0.24
lr:prudent:0,12,2026-10-08,14.9,1,1.47
lr:prudent:0,13,2026-10-21,13.774,1,-1.13
lr:prudent:0,14,2026-11-07,13.791,1,0.02
lr:prudent:0,15,2026-11-25,13.957,1,0.17
lr:prudent:0,16,2026-12-13,13,1,-0.96
lr:prudent:0,17,2026-12-27,14.346,1,1.35
lr:prudent:0,18,2027-01-15,14.493,1,0.15
lr:prudent:0,19,2027-01-28,14.512,1,0.02
lr:prudent:0,20,2027-02-11,12.9,2,-1.61
lr:prudent:0,21,2027-03-02,14.729,1,1.83
lr:prudent:0,22,2027-03-19,14.944,1,0.22
lr:prudent:0,23,2027-04-02,15.227,1,0.28
lr:prudent:0,24,2027-04-17,15.304,1,0.08
lr:prudent:0,25,2027-04-18,15.388,1,0.08
lr:prudent:1,1,2026-04-18,11.503,5,1
lr:prudent:1,2,2026-04-30,11.71,4,0.21
lr:prudent:1,3,2026-05-13,11.891,3,0.18
lr:prudent:1,4,2026-05-28,11,6,-0.89
lr:prudent:1,5,2026-06-14,12.376,2,1.38
lr:prudent:1,6,2026-06-29,12.674,2,0.3
lr:prudent:1,7,2026-07-14,12.548,2,-0.13
lr:prudent:1,8,2026-07-31,13.5,1,0.95
lr:prudent:1,9,2026-08-16,12.901,2,-0.6
lr:prudent:1,10,2026-08-31,12.994,1,0.09
lr:prudent:1,11,2026-09-16,13.094,1,0.1
lr:prudent:1,12,2026-10-05,13.5,1,0.41
lr:prudent:1,13,2026-10-22,13.151,1,-0.35
lr:prudent:1,14,2026-11-09,13.133,1,-0.02
lr:prudent:1,15,2026-11-28,13.25,1,0.12
lr:prudent:1,16,2026-12-10,13.2,1,-0.05
lr:prudent:1,17,2026-12-23,13.485,1,0.29
lr:prudent:1,18,2027-01-10,13.763,1,0.28
lr:prudent:1,19,2027-01-28,14.017,1,0.25
lr:prudent:1,20,2027-02-14,16.4,1,2.38
lr:prudent:1,21,2027-03-03,14.276,1,-2.12
lr:prudent:1,22,2027-03-16,14.527,1,0.25
lr:prudent:1,23,2027-03-30,14.607,1,0.08
lr:prudent:1,24,2027-04-17,14.762,1,0.16
lr:prudent:1,25,2027-04-18,14.856,1,0.09
lr:prudent:1,26,2027-04-20,14.907,1,0.05
lr:prudent:1,27,2027-04-22,15.186,1,0.28
lr:prudent:1,28,2027-04-24,16.4,1,1.21
lr:prudent:1,29,2027-04-26,15.457,1,-0.94
lr:prudent:1,30,2027-05-02,15.359,1,-0.1
lr:prudent:1,31,2027-05-03,15.277,1,-0.08
lr:prudent:2,1,2026-04-18,11.836,3,-2.36
lr:prudent:2,2,2026-05-03,12.078,3,0.24
lr:prudent:2,3,2026-05-16,12.192,3,0.11
lr:prudent:2,4,2026-06-01,12.9,1,0.71
lr:prudent:2,5,2026-06-20,12.701,2,-0.2
lr:prudent:2,6,2026-07-06,12.941,1,0.24
lr:prudent:2,7,2026-07-23,13.258,1,0.32
lr:prudent:2,8,2026-08-08,14.1,1,0.84
lr:prudent:2,9,2026-08-23,13.794,1,-0.31
lr:prudent:2,10,2026-09-09,13.952,1,0.16
lr:prudent:2,11,2026-09-25,14.103,1,0.15
lr:prudent:2,12,2026-10-07,13.6,1,-0.5
lr:prudent:2,13,2026-10-20,14.467,1,0.87
lr:prudent:2,14,2026-11-06,14.105,1,-0.36
lr:prudent:2,15,2026-11-25,14.022,1,-0.08
lr:prudent:2,16,2026-12-13,14.4,1,0.38
lr:prudent:2,17,2026-12-29,14.254,1,-0.15
lr:prudent:2,18,2027-01-16,14.482,1,0.23
lr:prudent:2,19,2027-02-01,14.577,1,0.1
lr:prudent:2,20,2027-02-18,13.5,1,-1.08
lr:prudent:2,21,2027-03-02,15.177,1,1.68
lr:prudent:2,22,2027-03-18,15.329,1,0.15
lr:prudent:2,23,2027-04-05,15.368,1,0.04
lr:prudent:2,24,2027-04-17,15.383,1,0.01
lr:prudent:2,25,2027-04-18,15.543,1,0.16
lr:prudent:2,26,2027-04-20,15.689,1,0.15
lr:prudent:2,27,2027-04-22,15.762,1,0.07
lr:prudent:2,28,2027-04-24,14.3,1,-1.46
lr:prudent:2,29,2027-04-26,16.09,1,1.79
lr:prudent:3,1,2026-04-18,11.309,7,-0.19
lr:prudent:3,2,2026-05-04,11.549,5,0.24
lr:prudent:3,3,2026-05-17,11.638,5,0.09
lr:prudent:3,4,2026-05-31,13.3,1,1.66
lr:prudent:3,5,2026-06-16,11.997,3,-1.3
lr:prudent:3,6,2026-07-02,12.318,2,0.32
lr:prudent:3,7,2026-07-15,12.555,2,0.24
lr:prudent:3,8,2026-07-31,13.1,1,0.54
lr:prudent:3,9,2026-08-17,12.903,1,-0.2
lr:prudent:3,10,2026-08-30,12.925,1,0.02
lr:prudent:3,11,2026-09-13,12.847,2,-0.08
lr:prudent:3,12,2026-09-29,14,1,1.15
lr:prudent:3,13,2026-10-13,12.797,2,-1.2
lr:prudent:3,14,2026-11-01,12.812,2,0.01
lr:prudent:3,15,2026-11-17,12.973,1,0.16
lr:prudent:3,16,2026-12-01,14.7,1,1.73
lr:prudent:3,17,2026-12-17,13.139,1,-1.56
lr:prudent:3,18,2027-01-02,13.494,1,0.36
lr:prudent:3,19,2027-01-21,13.557,1,0.06
lr:prudent:3,20,2027-02-10,15.8,1,2.24
lr:prudent:3,21,2027-03-01,13.757,1,-2.04
lr:prudent:3,22,2027-03-17,13.825,1,0.07
lr:prudent:3,23,2027-03-31,14.064,1,0.24
lr:prudent:3,24,2027-04-17,14.449,1,0.38
lr:prudent:3,25,2027-04-18,14.569,1,0.12
lr:prudent:3,26,2027-04-20,14.761,1,0.19
lr:prudent:3,27,2027-04-22,14.848,1,0.09
lr:prudent:3,28,2027-04-24,13.4,1,-1.45
lr:prudent:3,29,2027-04-26,15.046,1,1.65
lr:prudent:3,30,2027-05-02,14.956,1,-0.09
lr:prudent:3,31,2027-05-03,15.032,1,0.08
lr:risque:0,1,2026-04-18,11.52,4,-2.78
lr:risque:0,2,2026-05-02,11.889,3,0.37
lr:risque:0,3,2026-05-19,12.348,2,0.46
lr:risque:0,4,2026-06-01,13.5,1,1.15
lr:risque:0,5,2026-06-20,12.528,2,-0.97
lr:risque:0,6,2026-07-07,12.732,2,0.2
lr:risque:0,7,2026-07-24,13.092,2,0.36
lr:risque:0,8,2026-08-07,12,3,-1.09
lr:risque:0,9,2026-08-23,13.24,1,1.24
lr:risque:0,10,2026-09-08,13.311,1,0.07
lr:risque:0,11,2026-09-25,13.622,1,0.31
lr:risque:0,12,2026-10-08,14.8,1,1.18
lr:risque:0,13,2026-10-21,13.665,1,-1.14
lr:risque:0,14,2026-11-07,13.666,1,0
lr:risque:0,15,2026-11-25,13.844,1,0.18
lr:risque:0,16,2026-12-13,12.9,1,-0.94
lr:risque:0,17,2026-12-27,14.368,1,1.47
lr:risque:0,18,2027-01-15,14.536,1,0.17
lr:risque:0,19,2027-01-28,14.969,1,0.43
lr:risque:0,20,2027-02-11,13.3,1,-1.67
lr:risque:0,21,2027-03-02,15.343,1,2.04
lr:risque:0,22,2027-03-19,15.555,1,0.21
lr:risque:0,23,2027-04-02,15.619,1,0.06
lr:risque:0,24,2027-04-17,16.02,1,0.4
lr:risque:0,25,2027-04-18,16.139,1,0.12
lr:risque:0,26,2027-04-20,16.212,1,0.07
lr:risque:0,27,2027-04-22,16.269,1,0.06
lr:risque:0,28,2027-04-24,14,1,-2.27
lr:risque:0,29,2027-04-26,16.901,1,2.9
lr:risque:1,1,2026-04-18,11.503,5,1
lr:risque:1,2,2026-04-30,11.731,4,0.23
lr:risque:1,3,2026-05-13,11.93,3,0.2
lr:risque:1,4,2026-05-28,11.1,6,-0.83
lr:risque:1,5,2026-06-14,12.33,2,1.23
lr:risque:1,6,2026-06-29,12.61,2,0.28
lr:risque:1,7,2026-07-14,12.809,2,0.2
lr:risque:1,8,2026-07-31,13.8,1,0.99
lr:risque:1,9,2026-08-16,13.18,1,-0.62
lr:risque:1,10,2026-08-31,13.245,1,0.06
lr:risque:1,11,2026-09-16,13.323,1,0.08
lr:risque:1,12,2026-10-05,13.8,1,0.48
lr:risque:1,13,2026-10-22,13.378,1,-0.42
lr:risque:1,14,2026-11-09,13.4,1,0.02
lr:risque:1,15,2026-11-28,13.223,1,-0.18
lr:risque:1,16,2026-12-10,13.1,1,-0.12
lr:risque:1,17,2026-12-23,13.298,1,0.2
lr:risque:1,18,2027-01-10,13.593,1,0.29
lr:risque:1,19,2027-01-28,13.872,1,0.28
lr:risque:1,20,2027-02-14,16.2,1,2.33
lr:risque:1,21,2027-03-03,13.735,1,-2.46
lr:risque:1,22,2027-03-16,13.864,1,0.13
lr:risque:1,23,2027-03-30,13.928,1,0.06
lr:risque:1,24,2027-04-17,14.078,1,0.15
lr:risque:1,25,2027-04-18,14.172,1,0.09
lr:risque:1,26,2027-04-20,14.546,1,0.37
lr:risque:1,27,2027-04-22,14.872,1,0.33
lr:risque:1,28,2027-04-24,16,1,1.13
lr:risque:1,29,2027-04-26,15.167,1,-0.83
lr:risque:1,30,2027-05-02,15.198,1,0.03
lr:risque:1,31,2027-05-03,15.34,1,0.14
lr:risque:2,1,2026-04-18,11.484,4,-2.72
lr:risque:2,2,2026-05-03,11.606,4,0.12
lr:risque:2,3,2026-05-16,11.738,4,0.13
lr:risque:2,4,2026-06-01,12.6,2,0.86
lr:risque:2,5,2026-06-20,12.276,2,-0.32
lr:risque:2,6,2026-07-06,12.244,3,-0.03
lr:risque:2,7,2026-07-23,12.539,2,0.29
lr:risque:2,8,2026-08-08,13.5,1,0.96
lr:risque:2,9,2026-08-23,13.157,1,-0.34
lr:risque:2,10,2026-09-09,13.368,1,0.21
lr:risque:2,11,2026-09-25,13.475,1,0.11
lr:risque:2,12,2026-10-07,13,1,-0.47
lr:risque:2,13,2026-10-20,13.656,1,0.66
lr:risque:2,14,2026-11-06,13.252,1,-0.4
lr:risque:2,15,2026-11-25,13.181,1,-0.07
lr:risque:2,16,2026-12-13,13.6,1,0.42
lr:risque:2,17,2026-12-29,13.463,1,-0.14
lr:risque:2,18,2027-01-16,13.734,1,0.27
lr:risque:2,19,2027-02-01,13.809,1,0.07
lr:risque:2,20,2027-02-18,12.7,2,-1.11
lr:risque:2,21,2027-03-02,14.434,1,1.73
lr:risque:2,22,2027-03-18,14.566,1,0.13
lr:risque:2,23,2027-04-05,14.79,1,0.22
lr:risque:2,24,2027-04-17,15.119,1,0.33
lr:risque:2,25,2027-04-18,15.308,1,0.19
lr:risque:2,26,2027-04-20,15.415,1,0.11
lr:risque:2,27,2027-04-22,15.8,1,0.39
lr:risque:2,28,2027-04-24,14.3,1,-1.5
lr:risque:2,29,2027-04-26,16.363,1,2.06
lr:risque:3,1,2026-04-18,11.164,7,-0.34
lr:risque:3,2,2026-05-04,11.355,6,0.19
lr:risque:3,3,2026-05-17,11.429,5,0.07
lr:risque:3,4,2026-05-31,13.2,1,1.77
lr:risque:3,5,2026-06-16,11.5,5,-1.7
lr:risque:3,6,2026-07-02,11.765,5,0.27
lr:risque:3,7,2026-07-15,12.018,3,0.25
lr:risque:3,8,2026-07-31,12.7,2,0.68
lr:risque:3,9,2026-08-17,12.418,2,-0.28
lr:risque:3,10,2026-08-30,12.555,2,0.14
lr:risque:3,11,2026-09-13,12.737,2,0.18
lr:risque:3,12,2026-09-29,13.9,1,1.16
lr:risque:3,13,2026-10-13,12.908,1,-0.99
lr:risque:3,14,2026-11-01,12.957,1,0.05
lr:risque:3,15,2026-11-17,13.049,1,0.09
lr:risque:3,16,2026-12-01,14.7,1,1.65
lr:risque:3,17,2026-12-17,13.233,1,-1.47
lr:risque:3,18,2027-01-02,13.628,1,0.39
lr:risque:3,19,2027-01-21,14.099,1,0.47
lr:risque:3,20,2027-02-10,16.3,1,2.2
lr:risque:3,21,2027-03-01,14.506,1,-1.79
lr:risque:3,22,2027-03-17,14.604,1,0.1
lr:risque:3,23,2027-03-31,14.829,1,0.23
lr:risque:3,24,2027-04-17,15.224,1,0.39
lr:risque:3,25,2027-04-18,15.349,1,0.13
lr:risque:3,26,2027-04-20,15.535,1,0.19
lr:risque:3,27,2027-04-22,15.591,1,0.06
lr:risque:3,28,2027-04-24,14.5,1,-1.09
lr:risque:3,29,2027-04-26,16.292,1,1.79
lr:risque:3,30,2027-05-02,16.238,1,-0.05
lr:risque:3,31,2027-05-03,16.132,1,-0.11
lr:ideologiquement_coherent:0,1,2026-04-18,10.954,7,-3.35
lr:ideologiquement_coherent:0,2,2026-05-02,10.931,7,-0.02
lr:ideologiquement_coherent:0,3,2026-05-19,10.974,7,0.04
lr:ideologiquement_coherent:0,4,2026-06-01,12.6,2,1.63
lr:ideologiquement_coherent:0,5,2026-06-20,11.359,6,-1.24
lr:ideologiquement_coherent:0,6,2026-07-07,11.575,4,0.22
lr:ideologiquement_coherent:0,7,2026-07-24,11.87,3,0.29
lr:ideologiquement_coherent:0,8,2026-08-07,11.1,7,-0.77
lr:ideologiquement_coherent:0,9,2026-08-23,12.118,3,1.02
lr:ideologiquement_coherent:0,10,2026-09-08,12.223,3,0.11
lr:ideologiquement_coherent:0,11,2026-09-25,12.51,2,0.29
lr:ideologiquement_coherent:0,12,2026-10-08,13.8,1,1.29
lr:ideologiquement_coherent:0,13,2026-10-21,12.707,2,-1.09
lr:ideologiquement_coherent:0,14,2026-11-07,12.715,2,0.01
lr:ideologiquement_coherent:0,15,2026-11-25,12.807,2,0.09
lr:ideologiquement_coherent:0,16,2026-12-13,11.9,4,-0.91
lr:ideologiquement_coherent:0,17,2026-12-27,13.269,1,1.37
lr:ideologiquement_coherent:0,18,2027-01-15,13.497,1,0.23
lr:ideologiquement_coherent:0,19,2027-01-28,13.949,1,0.45
lr:ideologiquement_coherent:0,20,2027-02-11,12.3,3,-1.65
lr:ideologiquement_coherent:0,21,2027-03-02,14.31,1,2.01
lr:ideologiquement_coherent:0,22,2027-03-19,14.454,1,0.14
lr:ideologiquement_coherent:0,23,2027-04-02,14.622,1,0.17
lr:ideologiquement_coherent:0,24,2027-04-17,14.767,1,0.14
lr:ideologiquement_coherent:0,25,2027-04-18,14.864,1,0.1
lr:ideologiquement_coherent:1,1,2026-04-18,11.503,5,1
lr:ideologiquement_coherent:1,2,2026-04-30,11.71,4,0.21
lr:ideologiquement_coherent:1,3,2026-05-13,11.891,3,0.18
lr:ideologiquement_coherent:1,4,2026-05-28,11,7,-0.89
lr:ideologiquement_coherent:1,5,2026-06-14,12.268,3,1.27
lr:ideologiquement_coherent:1,6,2026-06-29,12.558,2,0.29
lr:ideologiquement_coherent:1,7,2026-07-14,12.756,2,0.2
lr:ideologiquement_coherent:1,8,2026-07-31,13.7,1,0.94
lr:ideologiquement_coherent:1,9,2026-08-16,13.248,1,-0.45
lr:ideologiquement_coherent:1,10,2026-08-31,13.273,1,0.03
lr:ideologiquement_coherent:1,11,2026-09-16,13.407,1,0.13
lr:ideologiquement_coherent:1,12,2026-10-05,13.8,1,0.39
lr:ideologiquement_coherent:1,13,2026-10-22,13.42,1,-0.38
lr:ideologiquement_coherent:1,14,2026-11-09,13.524,1,0.1
lr:ideologiquement_coherent:1,15,2026-11-28,13.562,1,0.04
lr:ideologiquement_coherent:1,16,2026-12-10,13.4,1,-0.16
lr:ideologiquement_coherent:1,17,2026-12-23,13.851,1,0.45
lr:ideologiquement_coherent:1,18,2027-01-10,14.024,1,0.17
lr:ideologiquement_coherent:1,19,2027-01-28,13.879,1,-0.14
lr:ideologiquement_coherent:1,20,2027-02-14,16.2,1,2.32
lr:ideologiquement_coherent:1,21,2027-03-03,13.965,1,-2.23
lr:ideologiquement_coherent:1,22,2027-03-16,14.041,1,0.08
lr:ideologiquement_coherent:1,23,2027-03-30,14.12,1,0.08
lr:ideologiquement_coherent:1,24,2027-04-17,14.174,1,0.05
lr:ideologiquement_coherent:1,25,2027-04-18,14.224,1,0.05
lr:ideologiquement_coherent:1,26,2027-04-20,14.444,1,0.22
lr:ideologiquement_coherent:1,27,2027-04-22,14.613,1,0.17
lr:ideologiquement_coherent:1,28,2027-04-24,15.8,1,1.19
lr:ideologiquement_coherent:1,29,2027-04-26,14.782,1,-1.02
lr:ideologiquement_coherent:1,30,2027-05-02,14.817,1,0.04
lr:ideologiquement_coherent:1,31,2027-05-03,14.903,1,0.09
lr:ideologiquement_coherent:2,1,2026-04-18,11.836,3,-2.36
lr:ideologiquement_coherent:2,2,2026-05-03,12.078,3,0.24
lr:ideologiquement_coherent:2,3,2026-05-16,12.249,3,0.17
lr:ideologiquement_coherent:2,4,2026-06-01,12.9,1,0.65
lr:ideologiquement_coherent:2,5,2026-06-20,12.761,2,-0.14
lr:ideologiquement_coherent:2,6,2026-07-06,12.955,1,0.19
lr:ideologiquement_coherent:2,7,2026-07-23,13.243,1,0.29
lr:ideologiquement_coherent:2,8,2026-08-08,14.1,1,0.86
lr:ideologiquement_coherent:2,9,2026-08-23,13.675,1,-0.42
lr:ideologiquement_coherent:2,10,2026-09-09,13.787,1,0.11
lr:ideologiquement_coherent:2,11,2026-09-25,13.906,1,0.12
lr:ideologiquement_coherent:2,12,2026-10-07,13.4,1,-0.51
lr:ideologiquement_coherent:2,13,2026-10-20,14.271,1,0.87
lr:ideologiquement_coherent:2,14,2026-11-06,14.363,1,0.09
lr:ideologiquement_coherent:2,15,2026-11-25,14.422,1,0.06
lr:ideologiquement_coherent:2,16,2026-12-13,14.7,1,0.28
lr:ideologiquement_coherent:2,17,2026-12-29,14.744,1,0.04
lr:ideologiquement_coherent:2,18,2027-01-16,14.98,1,0.24
lr:ideologiquement_coherent:2,19,2027-02-01,15.072,1,0.09
lr:ideologiquement_coherent:2,20,2027-02-18,13.9,1,-1.17
lr:ideologiquement_coherent:2,21,2027-03-02,15.581,1,1.68
lr:ideologiquement_coherent:2,22,2027-03-18,15.679,1,0.1
lr:ideologiquement_coherent:2,23,2027-04-05,15.796,1,0.12
lr:ideologiquement_coherent:2,24,2027-04-17,16.074,1,0.28
lr:ideologiquement_coherent:2,25,2027-04-18,16.198,1,0.12
lr:ideologiquement_coherent:2,26,2027-04-20,16.319,1,0.12
lr:ideologiquement_coherent:2,27,2027-04-22,16.333,1,0.01
lr:ideologiquement_coherent:2,28,2027-04-24,14.8,1,-1.53
lr:ideologiquement_coherent:2,29,2027-04-26,16.572,1,1.77
lr:ideologiquement_coherent:3,1,2026-04-18,11.309,7,-0.19
lr:ideologiquement_coherent:3,2,2026-05-04,11.549,5,0.24
lr:ideologiquement_coherent:3,3,2026-05-17,11.638,5,0.09
lr:ideologiquement_coherent:3,4,2026-05-31,13.3,1,1.66
lr:ideologiquement_coherent:3,5,2026-06-16,11.97,3,-1.33
lr:ideologiquement_coherent:3,6,2026-07-02,12.209,2,0.24
lr:ideologiquement_coherent:3,7,2026-07-15,12.43,2,0.22
lr:ideologiquement_coherent:3,8,2026-07-31,11.9,3,-0.53
lr:ideologiquement_coherent:3,9,2026-08-15,12.653,2,0.75
lr:ideologiquement_coherent:3,10,2026-08-28,13.035,1,0.38
lr:ideologiquement_coherent:3,11,2026-09-11,13.081,1,0.05
lr:ideologiquement_coherent:3,12,2026-09-27,13.9,1,0.82
lr:ideologiquement_coherent:3,13,2026-10-11,13.089,1,-0.81
lr:ideologiquement_coherent:3,14,2026-10-30,13.113,1,0.02
lr:ideologiquement_coherent:3,15,2026-11-16,13.253,1,0.14
lr:ideologiquement_coherent:3,16,2026-12-01,15,1,1.75
lr:ideologiquement_coherent:3,17,2026-12-17,13.699,1,-1.3
lr:ideologiquement_coherent:3,18,2027-01-02,14.048,1,0.35
lr:ideologiquement_coherent:3,19,2027-01-21,14.51,1,0.46
lr:ideologiquement_coherent:3,20,2027-02-10,16.7,1,2.19
lr:ideologiquement_coherent:3,21,2027-03-01,14.926,1,-1.77
lr:ideologiquement_coherent:3,22,2027-03-17,15.1,1,0.17
lr:ideologiquement_coherent:3,23,2027-03-31,15.202,1,0.1
lr:ideologiquement_coherent:3,24,2027-04-17,15.489,1,0.29
lr:ideologiquement_coherent:3,25,2027-04-18,15.611,1,0.12
lr:ideologiquement_coherent:3,26,2027-04-20,15.716,1,0.1
lr:ideologiquement_coherent:3,27,2027-04-22,15.767,1,0.05
lr:ideologiquement_coherent:3,28,2027-04-24,14.4,1,-1.37
lr:ideologiquement_coherent:3,29,2027-04-26,15.743,1,1.34
lr:ideologiquement_coherent:3,30,2027-05-02,15.597,1,-0.15
lr:ideologiquement_coherent:3,31,2027-05-03,15.637,1,0.04
lr:opportuniste_electoral:0,1,2026-04-18,11.52,4,-2.78
lr:opportuniste_electoral:0,2,2026-05-02,11.889,3,0.37
lr:opportuniste_electoral:0,3,2026-05-19,12.063,3,0.17
lr:opportuniste_electoral:0,4,2026-06-01,13.2,1,1.14
lr:opportuniste_electoral:0,5,2026-06-20,11.828,3,-1.37
lr:opportuniste_electoral:0,6,2026-07-07,11.879,3,0.05
lr:opportuniste_electoral:0,7,2026-07-24,12.21,3,0.33
lr:opportuniste_electoral:0,8,2026-08-07,11.4,4,-0.81
lr:opportuniste_electoral:0,9,2026-08-23,12.496,2,1.1
lr:opportuniste_electoral:0,10,2026-09-08,12.508,2,0.01
lr:opportuniste_electoral:0,11,2026-09-25,12.616,2,0.11
lr:opportuniste_electoral:0,12,2026-10-08,14,1,1.38
lr:opportuniste_electoral:0,13,2026-10-21,12.961,1,-1.04
lr:opportuniste_electoral:0,14,2026-11-07,12.871,2,-0.09
lr:opportuniste_electoral:0,15,2026-11-25,12.939,1,0.07
lr:opportuniste_electoral:0,16,2026-12-13,12,4,-0.94
lr:opportuniste_electoral:0,17,2026-12-27,13.202,1,1.2
lr:opportuniste_electoral:0,18,2027-01-15,13.301,1,0.1
lr:opportuniste_electoral:0,19,2027-01-28,13.226,2,-0.07
lr:opportuniste_electoral:0,20,2027-02-11,11.8,4,-1.43
lr:opportuniste_electoral:0,21,2027-03-02,13.62,1,1.82
lr:opportuniste_electoral:0,22,2027-03-19,13.73,1,0.11
lr:opportuniste_electoral:0,23,2027-04-02,13.859,1,0.13
lr:opportuniste_electoral:0,24,2027-04-17,13.972,1,0.11
lr:opportuniste_electoral:0,25,2027-04-18,14.076,1,0.1
lr:opportuniste_electoral:0,26,2027-04-20,14.168,1,0.09
lr:opportuniste_electoral:0,27,2027-04-22,14.341,1,0.17
lr:opportuniste_electoral:0,28,2027-04-24,12,3,-2.34
lr:opportuniste_electoral:0,29,2027-04-26,14.151,1,2.15
lr:opportuniste_electoral:0,30,2027-05-02,13.975,1,-0.18
lr:opportuniste_electoral:0,31,2027-05-03,13.97,1,0
lr:opportuniste_electoral:1,1,2026-04-18,11.503,5,1
lr:opportuniste_electoral:1,2,2026-04-30,11.683,4,0.18
lr:opportuniste_electoral:1,3,2026-05-13,11.762,4,0.08
lr:opportuniste_electoral:1,4,2026-05-28,10.8,7,-0.96
lr:opportuniste_electoral:1,5,2026-06-14,11.901,3,1.1
lr:opportuniste_electoral:1,6,2026-06-29,12.106,3,0.21
lr:opportuniste_electoral:1,7,2026-07-14,12.28,3,0.17
lr:opportuniste_electoral:1,8,2026-07-31,13.4,1,1.12
lr:opportuniste_electoral:1,9,2026-08-16,12.737,2,-0.66
lr:opportuniste_electoral:1,10,2026-08-31,12.913,1,0.18
lr:opportuniste_electoral:1,11,2026-09-16,13.155,1,0.24
lr:opportuniste_electoral:1,12,2026-10-05,13.6,1,0.45
lr:opportuniste_electoral:1,13,2026-10-22,13.078,1,-0.52
lr:opportuniste_electoral:1,14,2026-11-09,13.251,1,0.17
lr:opportuniste_electoral:1,15,2026-11-28,13.404,1,0.15
lr:opportuniste_electoral:1,16,2026-12-10,13.2,1,-0.2
lr:opportuniste_electoral:1,17,2026-12-23,13.84,1,0.64
lr:opportuniste_electoral:1,18,2027-01-10,13.949,1,0.11
lr:opportuniste_electoral:1,19,2027-01-28,14.009,1,0.06
lr:opportuniste_electoral:1,20,2027-02-14,16.2,1,2.19
lr:opportuniste_electoral:1,21,2027-03-03,14.022,1,-2.18
lr:opportuniste_electoral:1,22,2027-03-16,13.943,1,-0.08
lr:opportuniste_electoral:1,23,2027-03-30,14.091,1,0.15
lr:opportuniste_electoral:1,24,2027-04-17,13.403,1,-0.69
lr:opportuniste_electoral:1,25,2027-04-18,13.393,1,-0.01
lr:opportuniste_electoral:1,26,2027-04-20,13.487,1,0.09
lr:opportuniste_electoral:1,27,2027-04-22,13.725,1,0.24
lr:opportuniste_electoral:1,28,2027-04-24,15.1,1,1.38
lr:opportuniste_electoral:1,29,2027-04-26,14.01,1,-1.09
lr:opportuniste_electoral:1,30,2027-05-02,14.034,1,0.02
lr:opportuniste_electoral:1,31,2027-05-03,14.125,1,0.09
lr:opportuniste_electoral:2,1,2026-04-18,11.659,4,-2.54
lr:opportuniste_electoral:2,2,2026-05-03,11.785,3,0.13
lr:opportuniste_electoral:2,3,2026-05-16,11.917,3,0.13
lr:opportuniste_electoral:2,4,2026-06-01,12.6,2,0.68
lr:opportuniste_electoral:2,5,2026-06-20,12.249,3,-0.35
lr:opportuniste_electoral:2,6,2026-07-06,12.186,3,-0.06
lr:opportuniste_electoral:2,7,2026-07-23,12.473,2,0.29
lr:opportuniste_electoral:2,8,2026-08-08,13.4,1,0.93
lr:opportuniste_electoral:2,9,2026-08-23,13.08,1,-0.32
lr:opportuniste_electoral:2,10,2026-09-09,13.189,1,0.11
lr:opportuniste_electoral:2,11,2026-09-25,13.185,1,0
lr:opportuniste_electoral:2,12,2026-10-07,12.6,2,-0.59
lr:opportuniste_electoral:2,13,2026-10-20,13.078,1,0.48
lr:opportuniste_electoral:2,14,2026-11-06,13.119,1,0.04
lr:opportuniste_electoral:2,15,2026-11-25,13.21,1,0.09
lr:opportuniste_electoral:2,16,2026-12-13,13.6,1,0.39
lr:opportuniste_electoral:2,17,2026-12-29,13.587,1,-0.01
lr:opportuniste_electoral:2,18,2027-01-16,13.591,1,0
lr:opportuniste_electoral:2,19,2027-02-01,13.04,2,-0.55
lr:opportuniste_electoral:2,20,2027-02-18,11.8,4,-1.24
lr:opportuniste_electoral:2,21,2027-03-02,12.868,2,1.07
lr:opportuniste_electoral:2,22,2027-03-18,12.858,2,-0.01
lr:opportuniste_electoral:2,23,2027-04-05,12.96,2,0.1
lr:opportuniste_electoral:2,24,2027-04-17,13.111,2,0.15
lr:opportuniste_electoral:2,25,2027-04-18,13.328,2,0.22
lr:opportuniste_electoral:2,26,2027-04-20,13.513,1,0.19
lr:opportuniste_electoral:2,27,2027-04-22,13.684,1,0.17
lr:opportuniste_electoral:2,28,2027-04-24,11.7,4,-1.98
lr:opportuniste_electoral:2,29,2027-04-26,13.64,1,1.94
lr:opportuniste_electoral:3,1,2026-04-18,11.274,7,-0.23
lr:opportuniste_electoral:3,2,2026-05-04,11.37,6,0.1
lr:opportuniste_electoral:3,3,2026-05-17,11.411,5,0.04
lr:opportuniste_electoral:3,4,2026-05-31,13.2,1,1.79
lr:opportuniste_electoral:3,5,2026-06-16,11.454,5,-1.75
lr:opportuniste_electoral:3,6,2026-07-02,11.129,7,-0.33
lr:opportuniste_electoral:3,7,2026-07-15,11.192,7,0.06
lr:opportuniste_electoral:3,8,2026-07-31,11.2,7,0.01
lr:opportuniste_electoral:3,9,2026-08-15,11.875,3,0.68
lr:opportuniste_electoral:3,10,2026-08-28,12.099,3,0.22
lr:opportuniste_electoral:3,11,2026-09-11,12.092,3,-0.01
lr:opportuniste_electoral:3,12,2026-09-27,13.1,1,1.01
lr:opportuniste_electoral:3,13,2026-10-11,12.106,3,-0.99
lr:opportuniste_electoral:3,14,2026-10-30,12.024,3,-0.08
lr:opportuniste_electoral:3,15,2026-11-16,12.033,3,0.01
lr:opportuniste_electoral:3,16,2026-12-01,13.8,1,1.77
lr:opportuniste_electoral:3,17,2026-12-17,12.074,3,-1.73
lr:opportuniste_electoral:3,18,2027-01-02,12.353,3,0.28
lr:opportuniste_electoral:3,19,2027-01-21,12.502,2,0.15
lr:opportuniste_electoral:3,20,2027-02-10,14.9,1,2.4
lr:opportuniste_electoral:3,21,2027-03-01,12.807,2,-2.09
lr:opportuniste_electoral:3,22,2027-03-17,13.041,2,0.23
lr:opportuniste_electoral:3,23,2027-04-02,13.218,1,0.18
lr:opportuniste_electoral:3,24,2027-04-17,13.127,1,-0.09
lr:opportuniste_electoral:3,25,2027-04-18,13.23,1,0.1
lr:opportuniste_electoral:3,26,2027-04-20,13.446,1,0.22
lr:opportuniste_electoral:3,27,2027-04-22,13.501,1,0.05
lr:opportuniste_electoral:3,28,2027-04-24,12.1,4,-1.4
lr:opportuniste_electoral:3,29,2027-04-26,13.607,1,1.51
lr:opportuniste_electoral:3,30,2027-05-02,13.495,1,-0.11
lr:opportuniste_electoral:3,31,2027-05-03,13.584,1,0.09
lr:parti_dabord:0,1,2026-04-18,11.52,4,-2.78
lr:parti_dabord:0,2,2026-05-02,11.889,3,0.37
lr:parti_dabord:0,3,2026-05-19,12.053,3,0.16
lr:parti_dabord:0,4,2026-06-01,13.5,1,1.45
lr:parti_dabord:0,5,2026-06-20,12.239,3,-1.26
lr:parti_dabord:0,6,2026-07-07,12.314,3,0.07
lr:parti_dabord:0,7,2026-07-24,12.636,2,0.32
lr:parti_dabord:0,8,2026-08-07,11.8,3,-0.84
lr:parti_dabord:0,9,2026-08-23,12.914,2,1.11
lr:parti_dabord:0,10,2026-09-08,12.924,2,0.01
lr:parti_dabord:0,11,2026-09-25,13.289,1,0.37
lr:parti_dabord:0,12,2026-10-08,14.3,1,1.01
lr:parti_dabord:0,13,2026-10-21,12.966,1,-1.33
lr:parti_dabord:0,14,2026-11-07,12.935,1,-0.03
lr:parti_dabord:0,15,2026-11-25,13.022,1,0.09
lr:parti_dabord:0,16,2026-12-13,12.2,2,-0.82
lr:parti_dabord:0,17,2026-12-27,13.511,1,1.31
lr:parti_dabord:0,18,2027-01-15,13.689,1,0.18
lr:parti_dabord:0,19,2027-01-28,14.103,1,0.41
lr:parti_dabord:0,20,2027-02-11,12.4,3,-1.7
lr:parti_dabord:0,21,2027-03-02,16.324,1,3.92
lr:parti_dabord:0,22,2027-03-14,16.344,1,0.02
lr:parti_dabord:0,23,2027-04-02,16.407,1,0.06
lr:parti_dabord:0,24,2027-04-17,16.362,1,-0.05
lr:parti_dabord:0,25,2027-04-18,16.408,1,0.05
lr:parti_dabord:0,26,2027-04-20,16.535,1,0.13
lr:parti_dabord:0,27,2027-04-22,16.81,1,0.27
lr:parti_dabord:0,28,2027-04-24,16.8,1,-0.01
lr:parti_dabord:0,29,2027-04-26,16.661,1,-0.14
lr:parti_dabord:1,1,2026-04-18,11.501,5,1
lr:parti_dabord:1,2,2026-04-30,11.682,4,0.18
lr:parti_dabord:1,3,2026-05-13,11.662,4,-0.02
lr:parti_dabord:1,4,2026-05-28,10.8,7,-0.86
lr:parti_dabord:1,5,2026-06-14,11.917,3,1.12
lr:parti_dabord:1,6,2026-06-29,12.033,3,0.12
lr:parti_dabord:1,7,2026-07-14,12.197,3,0.16
lr:parti_dabord:1,8,2026-07-31,13.3,1,1.1
lr:parti_dabord:1,9,2026-08-16,12.667,2,-0.63
lr:parti_dabord:1,10,2026-08-31,12.856,2,0.19
lr:parti_dabord:1,11,2026-09-16,13.064,1,0.21
lr:parti_dabord:1,12,2026-10-05,13.5,1,0.44
lr:parti_dabord:1,13,2026-10-22,13.26,1,-0.24
lr:parti_dabord:1,14,2026-11-09,13.507,1,0.25
lr:parti_dabord:1,15,2026-11-28,13.72,1,0.21
lr:parti_dabord:1,16,2026-12-10,13.4,1,-0.32
lr:parti_dabord:1,17,2026-12-23,14.093,1,0.69
lr:parti_dabord:1,18,2027-01-10,14.238,1,0.14
lr:parti_dabord:1,19,2027-01-28,14.375,1,0.14
lr:parti_dabord:1,20,2027-02-14,16.7,1,2.32
lr:parti_dabord:1,21,2027-03-03,14.326,1,-2.37
lr:parti_dabord:1,22,2027-03-16,14.351,1,0.03
lr:parti_dabord:1,23,2027-03-30,14.44,1,0.09
lr:parti_dabord:1,24,2027-04-17,14.51,1,0.07
lr:parti_dabord:1,25,2027-04-18,14.574,1,0.06
lr:parti_dabord:1,26,2027-04-20,14.831,1,0.26
lr:parti_dabord:1,27,2027-04-22,15.134,1,0.3
lr:parti_dabord:1,28,2027-04-24,16.5,1,1.37
lr:parti_dabord:1,29,2027-04-26,15.744,1,-0.76
lr:parti_dabord:1,30,2027-05-02,15.888,1,0.14
lr:parti_dabord:1,31,2027-05-03,16.073,1,0.19
lr:parti_dabord:2,1,2026-04-18,11.484,4,-2.72
lr:parti_dabord:2,2,2026-05-03,11.606,4,0.12
lr:parti_dabord:2,3,2026-05-16,11.738,4,0.13
lr:parti_dabord:2,4,2026-06-01,12.4,2,0.66
lr:parti_dabord:2,5,2026-06-20,11.976,3,-0.42
lr:parti_dabord:2,6,2026-07-06,11.905,3,-0.07
lr:parti_dabord:2,7,2026-07-23,12.157,3,0.25
lr:parti_dabord:2,8,2026-08-08,13.1,1,0.94
lr:parti_dabord:2,9,2026-08-23,12.724,1,-0.38
lr:parti_dabord:2,10,2026-09-09,12.808,1,0.08
lr:parti_dabord:2,11,2026-09-25,12.84,1,0.03
lr:parti_dabord:2,12,2026-10-07,12.5,2,-0.34
lr:parti_dabord:2,13,2026-10-20,13.443,1,0.94
lr:parti_dabord:2,14,2026-11-06,13.617,1,0.17
lr:parti_dabord:2,15,2026-11-25,13.745,1,0.13
lr:parti_dabord:2,16,2026-12-13,14,1,0.26
lr:parti_dabord:2,17,2026-12-29,14.114,1,0.11
lr:parti_dabord:2,18,2027-01-16,14.264,1,0.15
lr:parti_dabord:2,19,2027-02-01,14.381,1,0.12
lr:parti_dabord:2,20,2027-02-18,13.1,1,-1.28
lr:parti_dabord:2,21,2027-03-02,14.519,1,1.42
lr:parti_dabord:2,22,2027-03-18,14.538,1,0.02
lr:parti_dabord:2,23,2027-04-05,14.642,1,0.1
lr:parti_dabord:2,24,2027-04-17,14.974,1,0.33
lr:parti_dabord:2,25,2027-04-18,15.101,1,0.13
lr:parti_dabord:2,26,2027-04-20,15.233,1,0.13
lr:parti_dabord:2,27,2027-04-22,15.508,1,0.27
lr:parti_dabord:2,28,2027-04-24,13.6,1,-1.91
lr:parti_dabord:2,29,2027-04-26,15.216,1,1.62
lr:parti_dabord:3,1,2026-04-18,11.118,7,-0.38
lr:parti_dabord:3,2,2026-05-04,11.161,7,0.04
lr:parti_dabord:3,3,2026-05-17,11.178,7,0.02
lr:parti_dabord:3,4,2026-05-31,13,1,1.82
lr:parti_dabord:3,5,2026-06-16,11.524,5,-1.48
lr:parti_dabord:3,6,2026-07-02,11.669,5,0.15
lr:parti_dabord:3,7,2026-07-15,11.89,3,0.22
lr:parti_dabord:3,8,2026-07-31,11.6,5,-0.29
lr:parti_dabord:3,9,2026-08-15,12.407,2,0.81
lr:parti_dabord:3,10,2026-08-28,12.569,2,0.16
lr:parti_dabord:3,11,2026-09-11,12.769,2,0.2
lr:parti_dabord:3,12,2026-09-27,13.7,1,0.93
lr:parti_dabord:3,13,2026-10-11,13.098,1,-0.6
lr:parti_dabord:3,14,2026-10-30,13.194,1,0.1
lr:parti_dabord:3,15,2026-11-16,13.302,1,0.11
lr:parti_dabord:3,16,2026-12-01,15,1,1.7
lr:parti_dabord:3,17,2026-12-17,13.388,1,-1.61
lr:parti_dabord:3,18,2027-01-02,13.622,1,0.23
lr:parti_dabord:3,19,2027-01-21,14.032,1,0.41
lr:parti_dabord:3,20,2027-02-10,16.3,1,2.27
lr:parti_dabord:3,21,2027-03-01,14.275,1,-2.03
lr:parti_dabord:3,22,2027-03-17,14.385,1,0.11
lr:parti_dabord:3,23,2027-04-02,14.516,1,0.13
lr:parti_dabord:3,24,2027-04-17,14.574,1,0.06
lr:parti_dabord:3,25,2027-04-18,14.775,1,0.2
lr:parti_dabord:3,26,2027-04-20,14.873,1,0.1
lr:parti_dabord:3,27,2027-04-22,14.911,1,0.04
lr:parti_dabord:3,28,2027-04-24,13.9,1,-1.01
lr:parti_dabord:3,29,2027-04-26,15.533,1,1.63
lr:parti_dabord:3,30,2027-05-02,15.592,1,0.06
lr:parti_dabord:3,31,2027-05-03,15.69,1,0.1
lr:mediatique:0,1,2026-04-18,11.52,4,-2.78
lr:mediatique:0,2,2026-05-02,11.69,4,0.17
lr:mediatique:0,3,2026-05-19,11.797,3,0.11
lr:mediatique:0,4,2026-06-01,13,2,1.2
lr:mediatique:0,5,2026-06-20,11.53,5,-1.47
lr:mediatique:0,6,2026-07-07,11.579,4,0.05
lr:mediatique:0,7,2026-07-24,11.911,3,0.33
lr:mediatique:0,8,2026-08-07,11.1,7,-0.81
lr:mediatique:0,9,2026-08-23,11.908,3,0.81
lr:mediatique:0,10,2026-09-08,11.95,3,0.04
lr:mediatique:0,11,2026-09-25,12.072,3,0.12
lr:mediatique:0,12,2026-10-08,13.4,1,1.33
lr:mediatique:0,13,2026-10-21,12.068,4,-1.33
lr:mediatique:0,14,2026-11-07,12.082,4,0.01
lr:mediatique:0,15,2026-11-25,12.178,4,0.1
lr:mediatique:0,16,2026-12-13,11.3,5,-0.88
lr:mediatique:0,17,2026-12-27,12.652,2,1.35
lr:mediatique:0,18,2027-01-15,12.995,2,0.34
lr:mediatique:0,19,2027-01-28,13.084,2,0.09
lr:mediatique:0,20,2027-02-11,11.3,4,-1.78
lr:mediatique:0,21,2027-03-02,13.223,2,1.92
lr:mediatique:0,22,2027-03-19,13.3,1,0.08
lr:mediatique:0,23,2027-04-02,13.351,1,0.05
lr:mediatique:0,24,2027-04-17,13.598,1,0.25
lr:mediatique:0,25,2027-04-18,13.697,1,0.1
lr:mediatique:1,1,2026-04-18,11.501,5,1
lr:mediatique:1,2,2026-04-30,11.682,4,0.18
lr:mediatique:1,3,2026-05-13,11.781,4,0.1
lr:mediatique:1,4,2026-05-28,10.8,7,-0.98
lr:mediatique:1,5,2026-06-14,11.846,3,1.05
lr:mediatique:1,6,2026-06-29,12.027,3,0.18
lr:mediatique:1,7,2026-07-14,11.859,3,-0.17
lr:mediatique:1,8,2026-07-31,13,2,1.14
lr:mediatique:1,9,2026-08-16,12.127,3,-0.87
lr:mediatique:1,10,2026-08-31,12.251,3,0.12
lr:mediatique:1,11,2026-09-16,12.239,3,-0.01
lr:mediatique:1,12,2026-10-05,12.7,2,0.46
lr:mediatique:1,13,2026-10-22,12.16,3,-0.54
lr:mediatique:1,14,2026-11-09,11.997,3,-0.16
lr:mediatique:1,15,2026-11-28,11.965,3,-0.03
lr:mediatique:1,16,2026-12-10,11.8,4,-0.16
lr:mediatique:1,17,2026-12-23,12.223,3,0.42
lr:mediatique:1,18,2027-01-10,12.374,3,0.15
lr:mediatique:1,19,2027-01-28,12.516,2,0.14
lr:mediatique:1,20,2027-02-14,14.7,1,2.18
lr:mediatique:1,21,2027-03-03,12.417,2,-2.28
lr:mediatique:1,22,2027-03-16,12.436,2,0.02
lr:mediatique:1,23,2027-03-30,12.783,2,0.35
lr:mediatique:1,24,2027-04-17,13.329,1,0.55
lr:mediatique:1,25,2027-04-18,13.337,1,0.01
lr:mediatique:1,26,2027-04-20,13.8,1,0.46
lr:mediatique:1,27,2027-04-22,14.173,1,0.37
lr:mediatique:1,28,2027-04-24,15.5,1,1.33
lr:mediatique:1,29,2027-04-26,15.083,1,-0.42
lr:mediatique:1,30,2027-05-02,15.163,1,0.08
lr:mediatique:1,31,2027-05-03,15.308,1,0.14
lr:mediatique:2,1,2026-04-18,11.659,4,-2.54
lr:mediatique:2,2,2026-05-03,11.517,4,-0.14
lr:mediatique:2,3,2026-05-16,11.673,4,0.16
lr:mediatique:2,4,2026-06-01,12.4,2,0.73
lr:mediatique:2,5,2026-06-20,12.018,3,-0.38
lr:mediatique:2,6,2026-07-06,12.244,3,0.23
lr:mediatique:2,7,2026-07-23,12.627,2,0.38
lr:mediatique:2,8,2026-08-08,13.5,1,0.87
lr:mediatique:2,9,2026-08-23,13.26,1,-0.24
lr:mediatique:2,10,2026-09-09,13.372,1,0.11
lr:mediatique:2,11,2026-09-25,13.446,1,0.07
lr:mediatique:2,12,2026-10-07,12.9,1,-0.55
lr:mediatique:2,13,2026-10-20,13.373,1,0.47
lr:mediatique:2,14,2026-11-06,13.388,1,0.02
lr:mediatique:2,15,2026-11-25,13.483,1,0.1
lr:mediatique:2,16,2026-12-13,13.8,1,0.32
lr:mediatique:2,17,2026-12-29,13.744,1,-0.06
lr:mediatique:2,18,2027-01-16,13.861,1,0.12
lr:mediatique:2,19,2027-02-01,13.193,1,-0.67
lr:mediatique:2,20,2027-02-18,12,4,-1.19
lr:mediatique:2,21,2027-03-02,13.102,2,1.1
lr:mediatique:2,22,2027-03-18,13.187,2,0.08
lr:mediatique:2,23,2027-04-05,13.32,2,0.13
lr:mediatique:2,24,2027-04-17,13.311,2,-0.01
lr:mediatique:2,25,2027-04-18,13.516,1,0.21
lr:mediatique:2,26,2027-04-20,13.763,1,0.25
lr:mediatique:2,27,2027-04-22,14.294,1,0.53
lr:mediatique:2,28,2027-04-24,12.3,3,-1.99
lr:mediatique:2,29,2027-04-26,14.171,1,1.87
lr:mediatique:3,1,2026-04-18,11.118,7,-0.38
lr:mediatique:3,2,2026-05-04,11.161,7,0.04
lr:mediatique:3,3,2026-05-17,11.184,7,0.02
lr:mediatique:3,4,2026-05-31,13,1,1.82
lr:mediatique:3,5,2026-06-16,11.21,7,-1.79
lr:mediatique:3,6,2026-07-02,10.882,7,-0.33
lr:mediatique:3,7,2026-07-15,10.785,7,-0.1
lr:mediatique:3,8,2026-07-31,10.9,7,0.12
lr:mediatique:3,9,2026-08-15,11.212,7,0.31
lr:mediatique:3,10,2026-08-28,11.396,7,0.18
lr:mediatique:3,11,2026-09-11,11.608,5,0.21
lr:mediatique:3,12,2026-09-27,12.7,2,1.09
lr:mediatique:3,13,2026-10-11,11.699,3,-1
lr:mediatique:3,14,2026-10-30,11.717,3,0.02
lr:mediatique:3,15,2026-11-16,11.802,3,0.08
lr:mediatique:3,16,2026-12-01,13.7,1,1.9
lr:mediatique:3,17,2026-12-17,12.49,2,-1.21
lr:mediatique:3,18,2027-01-02,12.987,2,0.5
lr:mediatique:3,19,2027-01-21,13.102,2,0.12
lr:mediatique:3,20,2027-02-10,15.2,1,2.1
lr:mediatique:3,21,2027-03-01,13.157,2,-2.04
lr:mediatique:3,22,2027-03-17,13.264,1,0.11
lr:mediatique:3,23,2027-04-02,13.447,1,0.18
lr:mediatique:3,24,2027-04-17,13.6,1,0.15
lr:mediatique:3,25,2027-04-18,14.042,1,0.44
lr:mediatique:3,26,2027-04-20,14.269,1,0.23
lr:mediatique:3,27,2027-04-22,14.439,1,0.17
lr:mediatique:3,28,2027-04-24,13.2,1,-1.24
lr:mediatique:3,29,2027-04-26,15.245,1,2.04
lr:mediatique:3,30,2027-05-02,15.16,1,-0.08
lr:mediatique:3,31,2027-05-03,15.099,1,-0.06
lr:contrarien:0,1,2026-04-18,11.344,7,-2.96
lr:contrarien:0,2,2026-05-02,11.556,4,0.21
lr:contrarien:0,3,2026-05-19,11.668,4,0.11
lr:contrarien:0,4,2026-06-01,12.9,2,1.23
lr:contrarien:0,5,2026-06-20,11.402,5,-1.5
lr:contrarien:0,6,2026-07-07,11.45,5,0.05
lr:contrarien:0,7,2026-07-24,11.766,3,0.32
lr:contrarien:0,8,2026-08-07,10.9,7,-0.87
lr:contrarien:0,9,2026-08-23,11.808,3,0.91
lr:contrarien:0,10,2026-09-08,11.772,3,-0.04
lr:contrarien:0,11,2026-09-25,11.868,4,0.1
lr:contrarien:0,12,2026-10-08,13.3,1,1.43
lr:contrarien:0,13,2026-10-21,12.217,3,-1.08
lr:contrarien:0,14,2026-11-07,12.168,4,-0.05
lr:contrarien:0,15,2026-11-25,12.25,3,0.08
lr:contrarien:0,16,2026-12-13,11.3,5,-0.95
lr:contrarien:0,17,2026-12-27,12.373,3,1.07
lr:contrarien:0,18,2027-01-15,12.432,3,0.06
lr:contrarien:0,19,2027-01-28,11.896,3,-0.54
lr:contrarien:0,20,2027-02-12,13.5,1,1.6
lr:contrarien:0,21,2027-03-03,11.89,2,-1.61
lr:contrarien:0,22,2027-03-18,11.733,2,-0.16
lr:contrarien:0,23,2027-04-01,11.831,2,0.1
lr:contrarien:0,24,2027-04-16,10.685,4,-1.15
lr:contrarien:0,25,2027-04-18,10.53,5,-0.16
lr:contrarien:1,1,2026-04-18,11.501,5,1
lr:contrarien:1,2,2026-04-30,11.682,4,0.18
lr:contrarien:1,3,2026-05-13,11.781,4,0.1
lr:contrarien:1,4,2026-05-28,10.8,7,-0.98
lr:contrarien:1,5,2026-06-14,11.846,3,1.05
lr:contrarien:1,6,2026-06-29,12.027,3,0.18
lr:contrarien:1,7,2026-07-14,11.859,3,-0.17
lr:contrarien:1,8,2026-07-31,13,2,1.14
lr:contrarien:1,9,2026-08-16,11.996,3,-1
lr:contrarien:1,10,2026-08-31,11.26,6,-0.74
lr:contrarien:1,11,2026-09-16,11.194,7,-0.07
lr:contrarien:1,12,2026-10-05,11.9,3,0.71
lr:contrarien:1,13,2026-10-22,10.917,7,-0.98
lr:contrarien:1,14,2026-11-09,10.655,7,-0.26
lr:contrarien:1,15,2026-11-28,10.589,7,-0.07
lr:contrarien:1,16,2026-12-10,10.5,7,-0.09
lr:contrarien:1,17,2026-12-23,10.504,7,0
lr:contrarien:1,18,2027-01-10,10.259,8,-0.24
lr:contrarien:1,19,2027-01-28,10.231,7,-0.03
lr:contrarien:1,20,2027-02-14,12.4,3,2.17
lr:contrarien:1,21,2027-03-03,10.211,7,-2.19
lr:contrarien:1,22,2027-03-16,10.137,8,-0.07
lr:contrarien:1,23,2027-03-30,9.985,8,-0.15
lr:contrarien:1,24,2027-04-17,9.997,8,0.01
lr:contrarien:1,25,2027-04-18,9.939,8,-0.06
lr:contrarien:2,1,2026-04-18,11.484,4,-2.72
lr:contrarien:2,2,2026-05-03,11.28,7,-0.2
lr:contrarien:2,3,2026-05-16,11.371,6,0.09
lr:contrarien:2,4,2026-06-01,12.2,3,0.83
lr:contrarien:2,5,2026-06-20,11.693,4,-0.51
lr:contrarien:2,6,2026-07-06,11.629,5,-0.06
lr:contrarien:2,7,2026-07-23,11.919,3,0.29
lr:contrarien:2,8,2026-08-08,12.9,1,0.98
lr:contrarien:2,9,2026-08-23,12.517,2,-0.38
lr:contrarien:2,10,2026-09-09,12.592,2,0.08
lr:contrarien:2,11,2026-09-25,12.65,2,0.06
lr:contrarien:2,12,2026-10-07,12.1,2,-0.55
lr:contrarien:2,13,2026-10-20,12.918,1,0.82
lr:contrarien:2,14,2026-11-06,12.298,2,-0.62
lr:contrarien:2,15,2026-11-25,12.103,2,-0.2
lr:contrarien:2,16,2026-12-13,12.5,2,0.4
lr:contrarien:2,17,2026-12-29,12.324,2,-0.18
lr:contrarien:2,18,2027-01-16,12.565,2,0.24
lr:contrarien:2,19,2027-02-01,12.788,2,0.22
lr:contrarien:2,20,2027-02-18,11.6,4,-1.19
lr:contrarien:2,21,2027-03-02,12.969,2,1.37
lr:contrarien:2,22,2027-03-18,12.966,2,0
lr:contrarien:2,23,2027-04-05,12.849,2,-0.12
lr:contrarien:2,24,2027-04-17,12.798,2,-0.05
lr:contrarien:2,25,2027-04-18,12.996,2,0.2
lr:contrarien:2,26,2027-04-20,13.243,2,0.25
lr:contrarien:2,27,2027-04-22,13.732,1,0.49
lr:contrarien:2,28,2027-04-24,11.7,4,-2.03
lr:contrarien:2,29,2027-04-26,13.589,1,1.89
lr:contrarien:3,1,2026-04-18,11.118,7,-0.38
lr:contrarien:3,2,2026-05-04,11.123,7,0
lr:contrarien:3,3,2026-05-17,11.098,7,-0.02
lr:contrarien:3,4,2026-05-31,13,1,1.9
lr:contrarien:3,5,2026-06-16,11.101,7,-1.9
lr:contrarien:3,6,2026-07-02,11.135,7,0.03
lr:contrarien:3,7,2026-07-15,11.173,7,0.04
lr:contrarien:3,8,2026-07-31,11.1,7,-0.07
lr:contrarien:3,9,2026-08-15,11.653,5,0.55
lr:contrarien:3,10,2026-08-28,11.824,3,0.17
lr:contrarien:3,11,2026-09-11,12.028,3,0.2
lr:contrarien:3,12,2026-09-27,13,1,0.97
lr:contrarien:3,13,2026-10-11,12.103,3,-0.9
lr:contrarien:3,14,2026-10-30,12.026,3,-0.08
lr:contrarien:3,15,2026-11-16,12.079,3,0.05
lr:contrarien:3,16,2026-12-01,13.8,1,1.72
lr:contrarien:3,17,2026-12-17,12.031,3,-1.77
lr:contrarien:3,18,2027-01-02,12.208,3,0.18
lr:contrarien:3,19,2027-01-21,12.247,3,0.04
lr:contrarien:3,20,2027-02-10,14.2,1,1.95
lr:contrarien:3,21,2027-03-01,11.093,7,-3.11
lr:contrarien:3,22,2027-03-17,10.647,7,-0.45
lr:contrarien:3,23,2027-04-02,9.915,8,-0.73
lr:contrarien:3,24,2027-04-17,9.688,8,-0.23
lr:contrarien:3,25,2027-04-18,9.672,8,-0.02
lr:contrarien:3,26,2027-04-20,9.767,8,0.09
lr:contrarien:3,27,2027-04-22,9.898,8,0.13
lr:contrarien:3,28,2027-04-24,8.9,8,-1
lr:contrarien:3,29,2027-04-26,10.802,7,1.9
lr:contrarien:3,30,2027-05-02,10.988,7,0.19
lr:contrarien:3,31,2027-05-03,10.992,7,0
rn:aleatoire:0,1,2026-04-18,13.398,1,3.9
rn:aleatoire:0,2,2026-05-02,13.692,1,0.29
rn:aleatoire:0,3,2026-05-19,13.965,1,0.27
rn:aleatoire:0,4,2026-06-01,14,1,0.04
rn:aleatoire:0,5,2026-06-20,13.823,1,-0.18
rn:aleatoire:0,6,2026-07-07,13.91,1,0.09
rn:aleatoire:0,7,2026-07-24,14.103,1,0.19
rn:aleatoire:0,8,2026-08-07,14.4,1,0.3
rn:aleatoire:0,9,2026-08-23,13.585,1,-0.81
rn:aleatoire:0,10,2026-09-08,13.503,1,-0.08
rn:aleatoire:0,11,2026-09-25,13.956,1,0.45
rn:aleatoire:0,12,2026-10-08,13.1,1,-0.86
rn:aleatoire:0,13,2026-10-21,14.373,1,1.27
rn:aleatoire:0,14,2026-11-07,14.466,1,0.09
rn:aleatoire:0,15,2026-11-25,14.602,1,0.14
rn:aleatoire:0,16,2026-12-13,10.7,7,-3.9
rn:aleatoire:0,17,2026-12-27,14.96,1,4.26
rn:aleatoire:0,18,2027-01-15,15.179,1,0.22
rn:aleatoire:0,19,2027-01-28,15.399,1,0.22
rn:aleatoire:0,20,2027-02-11,12.7,1,-2.7
rn:aleatoire:0,21,2027-02-28,15.55,1,2.85
rn:aleatoire:0,22,2027-03-14,15.658,1,0.11
rn:aleatoire:0,23,2027-03-30,15.757,1,0.1
rn:aleatoire:0,24,2027-04-17,15.185,1,-0.57
rn:aleatoire:0,25,2027-04-18,15.27,1,0.08
rn:aleatoire:0,26,2027-04-20,15.312,1,0.04
rn:aleatoire:0,27,2027-04-22,15.504,1,0.19
rn:aleatoire:0,28,2027-04-24,19.3,1,3.8
rn:aleatoire:0,29,2027-04-26,15.251,1,-4.05
rn:aleatoire:1,1,2026-04-18,13.653,1,-1.35
rn:aleatoire:1,2,2026-04-30,13.878,1,0.22
rn:aleatoire:1,3,2026-05-13,14.112,1,0.23
rn:aleatoire:1,4,2026-05-28,15.9,1,1.79
rn:aleatoire:1,5,2026-06-14,14.693,1,-1.21
rn:aleatoire:1,6,2026-06-29,14.996,1,0.3
rn:aleatoire:1,7,2026-07-15,15.129,1,0.13
rn:aleatoire:1,8,2026-07-28,13,1,-2.13
rn:aleatoire:1,9,2026-08-10,15.516,1,2.52
rn:aleatoire:1,10,2026-08-24,15.563,1,0.05
rn:aleatoire:1,11,2026-09-07,15.568,1,0
rn:aleatoire:1,12,2026-09-24,16.7,1,1.13
rn:aleatoire:1,13,2026-10-09,16.052,1,-0.65
rn:aleatoire:1,14,2026-10-29,16.534,1,0.48
rn:aleatoire:1,15,2026-11-17,16.656,1,0.12
rn:aleatoire:1,16,2026-12-01,14.7,1,-1.96
rn:aleatoire:1,17,2026-12-17,16.539,1,1.84
rn:aleatoire:1,18,2026-12-31,15.915,1,-0.62
rn:aleatoire:1,19,2027-01-18,15.622,1,-0.29
rn:aleatoire:1,20,2027-02-05,10.6,3,-5.02
rn:aleatoire:1,21,2027-02-24,15.389,1,4.79
rn:aleatoire:1,22,2027-03-13,15.439,1,0.05
rn:aleatoire:1,23,2027-03-31,15.669,1,0.23
rn:aleatoire:1,24,2027-04-17,15.478,1,-0.19
rn:aleatoire:1,25,2027-04-18,15.517,1,0.04
rn:aleatoire:1,26,2027-04-20,15.71,1,0.19
rn:aleatoire:1,27,2027-04-22,15.906,1,0.2
rn:aleatoire:1,28,2027-04-24,15.3,1,-0.61
rn:aleatoire:1,29,2027-04-26,16.202,1,0.9
rn:aleatoire:1,30,2027-05-02,16.106,1,-0.1
rn:aleatoire:1,31,2027-05-03,15.967,1,-0.14
rn:aleatoire:2,1,2026-04-18,13.543,1,-0.06
rn:aleatoire:2,2,2026-05-03,13.535,1,-0.01
rn:aleatoire:2,3,2026-05-16,13.599,1,0.06
rn:aleatoire:2,4,2026-06-01,9.9,8,-3.7
rn:aleatoire:2,5,2026-06-20,14.089,1,4.19
rn:aleatoire:2,6,2026-07-06,14.335,1,0.25
rn:aleatoire:2,7,2026-07-23,14.248,1,-0.09
rn:aleatoire:2,8,2026-08-08,11.9,2,-2.35
rn:aleatoire:2,9,2026-08-23,14.734,1,2.83
rn:aleatoire:2,10,2026-09-09,14.971,1,0.24
rn:aleatoire:2,11,2026-09-25,15.041,1,0.07
rn:aleatoire:2,12,2026-10-07,17.3,1,2.26
rn:aleatoire:2,13,2026-10-20,15.193,1,-2.11
rn:aleatoire:2,14,2026-11-06,14.882,1,-0.31
rn:aleatoire:2,15,2026-11-25,14.786,1,-0.1
rn:aleatoire:2,16,2026-12-13,14.9,1,0.11
rn:aleatoire:2,17,2026-12-29,15.07,1,0.17
rn:aleatoire:2,18,2027-01-16,15.104,1,0.03
rn:aleatoire:2,19,2027-02-01,15.182,1,0.08
rn:aleatoire:2,20,2027-02-18,15.3,1,0.12
rn:aleatoire:2,21,2027-03-02,15.619,1,0.32
rn:aleatoire:2,22,2027-03-18,15.727,1,0.11
rn:aleatoire:2,23,2027-04-05,15.882,1,0.15
rn:aleatoire:2,24,2027-04-17,16.119,1,0.24
rn:aleatoire:2,25,2027-04-18,16.297,1,0.18
rn:aleatoire:2,26,2027-04-20,16.524,1,0.23
rn:aleatoire:2,27,2027-04-22,16.702,1,0.18
rn:aleatoire:2,28,2027-04-24,19.4,1,2.7
rn:aleatoire:2,29,2027-04-26,17.239,1,-2.16
rn:aleatoire:3,1,2026-04-18,13.154,1,-2.65
rn:aleatoire:3,2,2026-05-04,13.203,1,0.05
rn:aleatoire:3,3,2026-05-17,13.226,1,0.02
rn:aleatoire:3,4,2026-05-31,11.5,4,-1.73
rn:aleatoire:3,5,2026-06-16,13.329,1,1.83
rn:aleatoire:3,6,2026-07-02,13.108,1,-0.22
rn:aleatoire:3,7,2026-07-15,13.124,1,0.02
rn:aleatoire:3,8,2026-07-31,14.1,1,0.98
rn:aleatoire:3,9,2026-08-15,13.608,1,-0.49
rn:aleatoire:3,10,2026-08-28,13.735,1,0.13
rn:aleatoire:3,11,2026-09-11,13.823,1,0.09
rn:aleatoire:3,12,2026-09-27,16.8,1,2.98
rn:aleatoire:3,13,2026-10-11,13.984,1,-2.82
rn:aleatoire:3,14,2026-10-30,14.144,1,0.16
rn:aleatoire:3,15,2026-11-16,14.245,1,0.1
rn:aleatoire:3,16,2026-12-01,13.4,1,-0.84
rn:aleatoire:3,17,2026-12-17,14.536,1,1.14
rn:aleatoire:3,18,2027-01-02,15.001,1,0.46
rn:aleatoire:3,19,2027-01-21,15.036,1,0.04
rn:aleatoire:3,20,2027-02-10,13.7,1,-1.34
rn:aleatoire:3,21,2027-03-01,15.372,1,1.67
rn:aleatoire:3,22,2027-03-17,15.141,1,-0.23
rn:aleatoire:3,23,2027-04-02,15.141,1,0
rn:aleatoire:3,24,2027-04-17,15.188,1,0.05
rn:aleatoire:3,25,2027-04-18,15.351,1,0.16
rn:aleatoire:3,26,2027-04-20,14.539,1,-0.81
rn:aleatoire:3,27,2027-04-22,14.414,1,-0.13
rn:aleatoire:3,28,2027-04-24,14.5,1,0.09
rn:aleatoire:3,29,2027-04-26,14.48,1,-0.02
rn:prudent:0,1,2026-04-18,13.605,1,4.11
rn:prudent:0,2,2026-05-02,13.889,1,0.28
rn:prudent:0,3,2026-05-19,14.03,1,0.14
rn:prudent:0,4,2026-06-01,14.3,1,0.27
rn:prudent:0,5,2026-06-20,14.46,1,0.16
rn:prudent:0,6,2026-07-07,14.674,1,0.21
rn:prudent:0,7,2026-07-24,14.997,1,0.32
rn:prudent:0,8,2026-08-07,15.3,1,0.3
rn:prudent:0,9,2026-08-23,15.304,1,0
rn:prudent:0,10,2026-09-08,15.444,1,0.14
rn:prudent:0,11,2026-09-25,15.892,1,0.45
rn:prudent:0,12,2026-10-08,14.9,1,-0.99
rn:prudent:0,13,2026-10-21,16.562,1,1.66
rn:prudent:0,14,2026-11-07,16.712,1,0.15
rn:prudent:0,15,2026-11-25,16.925,1,0.21
rn:prudent:0,16,2026-12-13,13,1,-3.93
rn:prudent:0,17,2026-12-27,17.285,1,4.29
rn:prudent:0,18,2027-01-15,17.373,1,0.09
rn:prudent:0,19,2027-01-28,17.526,1,0.15
rn:prudent:0,20,2027-02-11,15.1,1,-2.43
rn:prudent:0,21,2027-02-28,17.618,1,2.52
rn:prudent:0,22,2027-03-14,17.619,1,0
rn:prudent:0,23,2027-03-30,17.718,1,0.1
rn:prudent:0,24,2027-04-17,17.699,1,-0.02
rn:prudent:0,25,2027-04-18,17.757,1,0.06
rn:prudent:0,26,2027-04-20,17.808,1,0.05
rn:prudent:0,27,2027-04-22,17.925,1,0.12
rn:prudent:0,28,2027-04-24,21.6,1,3.68
rn:prudent:0,29,2027-04-26,18.007,1,-3.59
rn:prudent:1,1,2026-04-18,13.653,1,-1.35
rn:prudent:1,2,2026-04-30,13.957,1,0.3
rn:prudent:1,3,2026-05-13,14.218,1,0.26
rn:prudent:1,4,2026-05-28,15.9,1,1.68
rn:prudent:1,5,2026-06-14,14.716,1,-1.18
rn:prudent:1,6,2026-06-29,15.021,1,0.31
rn:prudent:1,7,2026-07-15,15.259,1,0.24
rn:prudent:1,8,2026-07-28,13.1,1,-2.16
rn:prudent:1,9,2026-08-10,15.522,1,2.42
rn:prudent:1,10,2026-08-24,15.554,1,0.03
rn:prudent:1,11,2026-09-07,15.535,1,-0.02
rn:prudent:1,12,2026-09-24,16.7,1,1.16
rn:prudent:1,13,2026-10-09,15.926,1,-0.77
rn:prudent:1,14,2026-10-29,15.888,1,-0.04
rn:prudent:1,15,2026-11-13,15.972,1,0.08
rn:prudent:1,16,2026-11-30,19.5,1,3.53
rn:prudent:1,17,2026-12-14,15.642,1,-3.86
rn:prudent:1,18,2027-01-02,16.194,1,0.55
rn:prudent:1,19,2027-01-21,16.16,1,-0.03
rn:prudent:1,20,2027-02-08,21.3,1,5.14
rn:prudent:1,21,2027-02-27,16.133,1,-5.17
rn:prudent:1,22,2027-03-13,16.159,1,0.03
rn:prudent:1,23,2027-03-29,16.238,1,0.08
rn:prudent:1,24,2027-04-17,16.527,1,0.29
rn:prudent:1,25,2027-04-18,16.636,1,0.11
rn:prudent:1,26,2027-04-20,16.761,1,0.13
rn:prudent:1,27,2027-04-22,16.731,1,-0.03
rn:prudent:1,28,2027-04-24,17.6,1,0.87
rn:prudent:1,29,2027-04-26,16.767,1,-0.83
rn:prudent:1,30,2027-05-02,16.752,1,-0.02
rn:prudent:1,31,2027-05-03,16.715,1,-0.04
rn:prudent:2,1,2026-04-18,13.69,1,0.09
rn:prudent:2,2,2026-05-03,13.978,1,0.29
rn:prudent:2,3,2026-05-16,13.892,1,-0.09
rn:prudent:2,4,2026-06-01,10,8,-3.89
rn:prudent:2,5,2026-06-20,14.31,1,4.31
rn:prudent:2,6,2026-07-06,14.566,1,0.26
rn:prudent:2,7,2026-07-23,14.483,1,-0.08
rn:prudent:2,8,2026-08-08,12.2,2,-2.28
rn:prudent:2,9,2026-08-23,14.92,1,2.72
rn:prudent:2,10,2026-09-09,15.12,1,0.2
rn:prudent:2,11,2026-09-25,15.193,1,0.07
rn:prudent:2,12,2026-10-07,17.7,1,2.51
rn:prudent:2,13,2026-10-20,15.81,1,-1.89
rn:prudent:2,14,2026-11-06,15.477,1,-0.33
rn:prudent:2,15,2026-11-25,15.412,1,-0.06
rn:prudent:2,16,2026-12-13,15.5,1,0.09
rn:prudent:2,17,2026-12-29,15.669,1,0.17
rn:prudent:2,18,2027-01-16,15.65,1,-0.02
rn:prudent:2,19,2027-02-01,15.685,1,0.04
rn:prudent:2,20,2027-02-18,15.8,1,0.12
rn:prudent:2,21,2027-03-02,15.558,1,-0.24
rn:prudent:2,22,2027-03-18,15.474,1,-0.08
rn:prudent:2,23,2027-04-05,15.566,1,0.09
rn:prudent:2,24,2027-04-17,15.63,1,0.06
rn:prudent:2,25,2027-04-18,15.503,1,-0.13
rn:prudent:2,26,2027-04-20,15.565,1,0.06
rn:prudent:2,27,2027-04-22,15.62,1,0.05
rn:prudent:2,28,2027-04-24,18.4,1,2.78
rn:prudent:2,29,2027-04-26,15.953,1,-2.45
rn:prudent:3,1,2026-04-18,13.405,1,-2.4
rn:prudent:3,2,2026-05-04,13.643,1,0.24
rn:prudent:3,3,2026-05-17,13.729,1,0.09
rn:prudent:3,4,2026-05-31,11.9,3,-1.83
rn:prudent:3,5,2026-06-16,13.877,1,1.98
rn:prudent:3,6,2026-07-02,13.996,1,0.12
rn:prudent:3,7,2026-07-15,14.179,1,0.18
rn:prudent:3,8,2026-07-31,14.9,1,0.72
rn:prudent:3,9,2026-08-15,14.672,1,-0.23
rn:prudent:3,10,2026-08-28,14.559,1,-0.11
rn:prudent:3,11,2026-09-11,14.566,1,0.01
rn:prudent:3,12,2026-09-27,17.5,1,2.93
rn:prudent:3,13,2026-10-11,14.834,1,-2.67
rn:prudent:3,14,2026-10-31,14.912,1,0.08
rn:prudent:3,15,2026-11-13,15.15,1,0.24
rn:prudent:3,16,2026-11-27,19.4,1,4.25
rn:prudent:3,17,2026-12-11,15.537,1,-3.86
rn:prudent:3,18,2026-12-31,15.751,1,0.21
rn:prudent:3,19,2027-01-20,15.912,1,0.16
rn:prudent:3,20,2027-02-05,17.2,1,1.29
rn:prudent:3,21,2027-02-24,16.256,1,-0.94
rn:prudent:3,22,2027-03-13,16.317,1,0.06
rn:prudent:3,23,2027-03-31,16.376,1,0.06
rn:prudent:3,24,2027-04-17,16.385,1,0.01
rn:prudent:3,25,2027-04-18,16.542,1,0.16
rn:prudent:3,26,2027-04-20,16.73,1,0.19
rn:prudent:3,27,2027-04-22,16.739,1,0.01
rn:prudent:3,28,2027-04-24,16.8,1,0.06
rn:prudent:3,29,2027-04-26,16.707,1,-0.09
rn:risque:0,1,2026-04-18,13.605,1,4.11
rn:risque:0,2,2026-05-02,13.967,1,0.36
rn:risque:0,3,2026-05-19,14.262,1,0.29
rn:risque:0,4,2026-06-01,14.2,1,-0.06
rn:risque:0,5,2026-06-20,14.384,1,0.18
rn:risque:0,6,2026-07-07,14.509,1,0.13
rn:risque:0,7,2026-07-24,14.712,1,0.2
rn:risque:0,8,2026-08-07,15.1,1,0.39
rn:risque:0,9,2026-08-23,15.126,1,0.03
rn:risque:0,10,2026-09-09,15.029,1,-0.1
rn:risque:0,11,2026-09-26,15.275,1,0.25
rn:risque:0,12,2026-10-11,18.1,1,2.83
rn:risque:0,13,2026-10-26,15.782,1,-2.32
rn:risque:0,14,2026-11-13,15.732,1,-0.05
rn:risque:0,15,2026-11-26,15.783,1,0.05
rn:risque:0,16,2026-12-08,16.5,1,0.72
rn:risque:0,17,2026-12-26,15.358,1,-1.14
rn:risque:0,18,2027-01-10,15.47,1,0.11
rn:risque:0,19,2027-01-27,15.568,1,0.1
rn:risque:0,20,2027-02-10,20.3,1,4.73
rn:risque:0,21,2027-02-28,15.585,1,-4.71
rn:risque:0,22,2027-03-17,15.549,1,-0.04
rn:risque:0,23,2027-04-01,15.592,1,0.04
rn:risque:0,24,2027-04-17,15.225,1,-0.37
rn:risque:0,25,2027-04-18,15.392,1,0.17
rn:risque:0,26,2027-04-20,15.563,1,0.17
rn:risque:0,27,2027-04-22,15.826,1,0.26
rn:risque:0,28,2027-04-24,17.9,1,2.07
rn:risque:0,29,2027-04-26,16.289,1,-1.61
rn:risque:1,1,2026-04-18,13.653,1,-1.35
rn:risque:1,2,2026-04-30,13.957,1,0.3
rn:risque:1,3,2026-05-13,14.218,1,0.26
rn:risque:1,4,2026-05-28,15.9,1,1.68
rn:risque:1,5,2026-06-14,14.716,1,-1.18
rn:risque:1,6,2026-06-29,15.045,1,0.33
rn:risque:1,7,2026-07-15,15.288,1,0.24
rn:risque:1,8,2026-07-28,13.1,1,-2.19
rn:risque:1,9,2026-08-10,15.667,1,2.57
rn:risque:1,10,2026-08-24,15.822,1,0.15
rn:risque:1,11,2026-09-07,15.852,1,0.03
rn:risque:1,12,2026-09-24,16.5,1,0.65
rn:risque:1,13,2026-10-09,15.414,1,-1.09
rn:risque:1,14,2026-10-29,14.78,1,-0.63
rn:risque:1,15,2026-11-13,14.703,1,-0.08
rn:risque:1,16,2026-11-30,18.4,1,3.7
rn:risque:1,17,2026-12-14,14.298,1,-4.1
rn:risque:1,18,2027-01-02,14.855,1,0.56
rn:risque:1,19,2027-01-21,15.1,1,0.24
rn:risque:1,20,2027-02-08,20.2,1,5.1
rn:risque:1,21,2027-02-27,15.423,1,-4.78
rn:risque:1,22,2027-03-13,15.378,1,-0.04
rn:risque:1,23,2027-03-29,15.258,1,-0.12
rn:risque:1,24,2027-04-17,15.101,1,-0.16
rn:risque:1,25,2027-04-18,15.143,1,0.04
rn:risque:1,26,2027-04-20,15.266,1,0.12
rn:risque:1,27,2027-04-22,15.344,1,0.08
rn:risque:1,28,2027-04-24,16.1,1,0.76
rn:risque:1,29,2027-04-26,15.147,1,-0.95
rn:risque:1,30,2027-05-02,15.207,1,0.06
rn:risque:1,31,2027-05-03,15.372,1,0.16
rn:risque:2,1,2026-04-18,12.879,1,-0.72
rn:risque:2,2,2026-05-03,12.891,1,0.01
rn:risque:2,3,2026-05-16,12.983,1,0.09
rn:risque:2,4,2026-06-01,9.5,8,-3.48
rn:risque:2,5,2026-06-20,13.506,1,4.01
rn:risque:2,6,2026-07-06,13.511,1,0
rn:risque:2,7,2026-07-23,13.65,1,0.14
rn:risque:2,8,2026-08-08,11.4,5,-2.25
rn:risque:2,9,2026-08-23,14.154,1,2.75
rn:risque:2,10,2026-09-09,14.372,1,0.22
rn:risque:2,11,2026-09-25,14.486,1,0.11
rn:risque:2,12,2026-10-07,17.1,1,2.61
rn:risque:2,13,2026-10-20,15.081,1,-2.02
rn:risque:2,14,2026-11-06,14.754,1,-0.33
rn:risque:2,15,2026-11-25,14.71,1,-0.04
rn:risque:2,16,2026-12-13,14.8,1,0.09
rn:risque:2,17,2026-12-29,15.016,1,0.22
rn:risque:2,18,2027-01-16,15.297,1,0.28
rn:risque:2,19,2027-02-01,15.397,1,0.1
rn:risque:2,20,2027-02-18,15.6,1,0.2
rn:risque:2,21,2027-03-02,15.991,1,0.39
rn:risque:2,22,2027-03-18,16.084,1,0.09
rn:risque:2,23,2027-04-05,16.245,1,0.16
rn:risque:2,24,2027-04-17,16.348,1,0.1
rn:risque:2,25,2027-04-18,16.394,1,0.05
rn:risque:2,26,2027-04-20,16.537,1,0.14
rn:risque:2,27,2027-04-22,16.691,1,0.15
rn:risque:2,28,2027-04-24,19.5,1,2.81
rn:risque:2,29,2027-04-26,16.788,1,-2.71
rn:risque:3,1,2026-04-18,13.257,1,-2.54
rn:risque:3,2,2026-05-04,13.445,1,0.19
rn:risque:3,3,2026-05-17,13.516,1,0.07
rn:risque:3,4,2026-05-31,11.9,3,-1.62
rn:risque:3,5,2026-06-16,13.691,1,1.79
rn:risque:3,6,2026-07-02,13.411,1,-0.28
rn:risque:3,7,2026-07-15,13.492,1,0.08
rn:risque:3,8,2026-07-31,14.5,1,1.01
rn:risque:3,9,2026-08-15,13.987,1,-0.51
rn:risque:3,10,2026-08-28,13.98,1,-0.01
rn:risque:3,11,2026-09-11,14.024,1,0.04
rn:risque:3,12,2026-09-27,17,1,2.98
rn:risque:3,13,2026-10-11,14.374,1,-2.63
rn:risque:3,14,2026-10-31,14.17,1,-0.2
rn:risque:3,15,2026-11-13,14.343,1,0.17
rn:risque:3,16,2026-11-27,18.5,1,4.16
rn:risque:3,17,2026-12-11,14.691,1,-3.81
rn:risque:3,18,2026-12-31,14.853,1,0.16
rn:risque:3,19,2027-01-20,15.06,1,0.21
rn:risque:3,20,2027-02-05,16.4,1,1.34
rn:risque:3,21,2027-02-24,14.646,1,-1.75
rn:risque:3,22,2027-03-14,14.396,1,-0.25
rn:risque:3,23,2027-03-28,14.484,1,0.09
rn:risque:3,24,2027-04-15,14.587,1,0.1
rn:risque:3,25,2027-04-18,14.684,1,0.1
rn:risque:3,26,2027-04-20,14.985,1,0.3
rn:risque:3,27,2027-04-22,15.3,1,0.32
rn:risque:3,28,2027-04-24,15.5,1,0.2
rn:risque:3,29,2027-04-26,15.442,1,-0.06
rn:ideologiquement_coherent:0,1,2026-04-18,13.605,1,4.11
rn:ideologiquement_coherent:0,2,2026-05-02,13.801,1,0.2
rn:ideologiquement_coherent:0,3,2026-05-19,13.912,1,0.11
rn:ideologiquement_coherent:0,4,2026-06-01,14.1,1,0.19
rn:ideologiquement_coherent:0,5,2026-06-20,14.322,1,0.22
rn:ideologiquement_coherent:0,6,2026-07-07,14.533,1,0.21
rn:ideologiquement_coherent:0,7,2026-07-24,14.759,1,0.23
rn:ideologiquement_coherent:0,8,2026-08-07,15.1,1,0.34
rn:ideologiquement_coherent:0,9,2026-08-23,15.023,1,-0.08
rn:ideologiquement_coherent:0,10,2026-09-08,15.133,1,0.11
rn:ideologiquement_coherent:0,11,2026-09-25,15.57,1,0.44
rn:ideologiquement_coherent:0,12,2026-10-08,14.6,1,-0.97
rn:ideologiquement_coherent:0,13,2026-10-21,16.233,1,1.63
rn:ideologiquement_coherent:0,14,2026-11-07,16.384,1,0.15
rn:ideologiquement_coherent:0,15,2026-11-25,16.597,1,0.21
rn:ideologiquement_coherent:0,16,2026-12-13,12.6,1,-4
rn:ideologiquement_coherent:0,17,2026-12-27,16.942,1,4.34
rn:ideologiquement_coherent:0,18,2027-01-15,17.02,1,0.08
rn:ideologiquement_coherent:0,19,2027-01-28,17.176,1,0.16
rn:ideologiquement_coherent:0,20,2027-02-11,14.7,1,-2.48
rn:ideologiquement_coherent:0,21,2027-02-28,17.377,1,2.68
rn:ideologiquement_coherent:0,22,2027-03-14,17.442,1,0.07
rn:ideologiquement_coherent:0,23,2027-03-30,17.557,1,0.11
rn:ideologiquement_coherent:0,24,2027-04-17,17.702,1,0.15
rn:ideologiquement_coherent:0,25,2027-04-18,17.845,1,0.14
rn:ideologiquement_coherent:0,26,2027-04-20,17.915,1,0.07
rn:ideologiquement_coherent:0,27,2027-04-22,18.034,1,0.12
rn:ideologiquement_coherent:0,28,2027-04-24,21.6,1,3.57
rn:ideologiquement_coherent:0,29,2027-04-26,18.111,1,-3.49
rn:ideologiquement_coherent:1,1,2026-04-18,13.653,1,-1.35
rn:ideologiquement_coherent:1,2,2026-04-30,13.878,1,0.22
rn:ideologiquement_coherent:1,3,2026-05-13,14.112,1,0.23
rn:ideologiquement_coherent:1,4,2026-05-28,15.9,1,1.79
rn:ideologiquement_coherent:1,5,2026-06-14,14.519,1,-1.38
rn:ideologiquement_coherent:1,6,2026-06-29,14.807,1,0.29
rn:ideologiquement_coherent:1,7,2026-07-15,15.049,1,0.24
rn:ideologiquement_coherent:1,8,2026-07-28,13,1,-2.05
rn:ideologiquement_coherent:1,9,2026-08-10,15.328,1,2.33
rn:ideologiquement_coherent:1,10,2026-08-24,15.363,1,0.04
rn:ideologiquement_coherent:1,11,2026-09-07,15.352,1,-0.01
rn:ideologiquement_coherent:1,12,2026-09-24,16.5,1,1.15
rn:ideologiquement_coherent:1,13,2026-10-09,15.742,1,-0.76
rn:ideologiquement_coherent:1,14,2026-10-29,15.705,1,-0.04
rn:ideologiquement_coherent:1,15,2026-11-13,15.793,1,0.09
rn:ideologiquement_coherent:1,16,2026-11-30,19.7,1,3.91
rn:ideologiquement_coherent:1,17,2026-12-14,16.071,1,-3.63
rn:ideologiquement_coherent:1,18,2027-01-02,16.326,1,0.25
rn:ideologiquement_coherent:1,19,2027-01-21,16.459,1,0.13
rn:ideologiquement_coherent:1,20,2027-02-08,21.6,1,5.14
rn:ideologiquement_coherent:1,21,2027-02-27,16.505,1,-5.1
rn:ideologiquement_coherent:1,22,2027-03-13,16.583,1,0.08
rn:ideologiquement_coherent:1,23,2027-03-29,16.678,1,0.1
rn:ideologiquement_coherent:1,24,2027-04-17,16.974,1,0.3
rn:ideologiquement_coherent:1,25,2027-04-18,17.044,1,0.07
rn:ideologiquement_coherent:1,26,2027-04-20,17.232,1,0.19
rn:ideologiquement_coherent:1,27,2027-04-22,17.39,1,0.16
rn:ideologiquement_coherent:1,28,2027-04-24,18.2,1,0.81
rn:ideologiquement_coherent:1,29,2027-04-26,17.511,1,-0.69
rn:ideologiquement_coherent:1,30,2027-05-02,17.589,1,0.08
rn:ideologiquement_coherent:1,31,2027-05-03,17.699,1,0.11
rn:ideologiquement_coherent:2,1,2026-04-18,12.879,1,-0.72
rn:ideologiquement_coherent:2,2,2026-05-03,12.891,1,0.01
rn:ideologiquement_coherent:2,3,2026-05-16,12.983,1,0.09
rn:ideologiquement_coherent:2,4,2026-06-01,9.5,8,-3.48
rn:ideologiquement_coherent:2,5,2026-06-20,13.494,1,3.99
rn:ideologiquement_coherent:2,6,2026-07-06,13.743,1,0.25
rn:ideologiquement_coherent:2,7,2026-07-23,13.969,1,0.23
rn:ideologiquement_coherent:2,8,2026-08-08,11.6,3,-2.37
rn:ideologiquement_coherent:2,9,2026-08-23,14.423,1,2.82
rn:ideologiquement_coherent:2,10,2026-09-09,14.625,1,0.2
rn:ideologiquement_coherent:2,11,2026-09-25,14.697,1,0.07
rn:ideologiquement_coherent:2,12,2026-10-07,17.2,1,2.5
rn:ideologiquement_coherent:2,13,2026-10-20,15.313,1,-1.89
rn:ideologiquement_coherent:2,14,2026-11-06,15.357,1,0.04
rn:ideologiquement_coherent:2,15,2026-11-25,15.418,1,0.06
rn:ideologiquement_coherent:2,16,2026-12-13,15.4,1,-0.02
rn:ideologiquement_coherent:2,17,2026-12-29,15.816,1,0.42
rn:ideologiquement_coherent:2,18,2027-01-16,16.158,1,0.34
rn:ideologiquement_coherent:2,19,2027-02-01,16.297,1,0.14
rn:ideologiquement_coherent:2,20,2027-02-18,16.3,1,0
rn:ideologiquement_coherent:2,21,2027-03-02,16.68,1,0.38
rn:ideologiquement_coherent:2,22,2027-03-18,16.971,1,0.29
rn:ideologiquement_coherent:2,23,2027-04-05,17.169,1,0.2
rn:ideologiquement_coherent:2,24,2027-04-17,17.326,1,0.16
rn:ideologiquement_coherent:2,25,2027-04-18,17.457,1,0.13
rn:ideologiquement_coherent:2,26,2027-04-20,17.609,1,0.15
rn:ideologiquement_coherent:2,27,2027-04-22,17.695,1,0.09
rn:ideologiquement_coherent:2,28,2027-04-24,20.5,1,2.8
rn:ideologiquement_coherent:2,29,2027-04-26,17.802,1,-2.7
rn:ideologiquement_coherent:3,1,2026-04-18,13.362,1,-2.44
rn:ideologiquement_coherent:3,2,2026-05-04,13.585,1,0.22
rn:ideologiquement_coherent:3,3,2026-05-17,13.667,1,0.08
rn:ideologiquement_coherent:3,4,2026-05-31,12,2,-1.67
rn:ideologiquement_coherent:3,5,2026-06-16,14.102,1,2.1
rn:ideologiquement_coherent:3,6,2026-07-02,14.239,1,0.14
rn:ideologiquement_coherent:3,7,2026-07-15,14.321,1,0.08
rn:ideologiquement_coherent:3,8,2026-07-31,15,1,0.68
rn:ideologiquement_coherent:3,9,2026-08-15,14.74,1,-0.26
rn:ideologiquement_coherent:3,10,2026-08-28,14.924,1,0.18
rn:ideologiquement_coherent:3,11,2026-09-11,15.028,1,0.1
rn:ideologiquement_coherent:3,12,2026-09-27,17.9,1,2.87
rn:ideologiquement_coherent:3,13,2026-10-11,15.201,1,-2.7
rn:ideologiquement_coherent:3,14,2026-10-30,15.328,1,0.13
rn:ideologiquement_coherent:3,15,2026-11-16,15.445,1,0.12
rn:ideologiquement_coherent:3,16,2026-12-01,14.5,1,-0.95
rn:ideologiquement_coherent:3,17,2026-12-17,15.65,1,1.15
rn:ideologiquement_coherent:3,18,2027-01-02,16.109,1,0.46
rn:ideologiquement_coherent:3,19,2027-01-21,16.331,1,0.22
rn:ideologiquement_coherent:3,20,2027-02-10,14.9,1,-1.43
rn:ideologiquement_coherent:3,21,2027-03-01,16.758,1,1.86
rn:ideologiquement_coherent:3,22,2027-03-17,16.913,1,0.16
rn:ideologiquement_coherent:3,23,2027-04-02,17.042,1,0.13
rn:ideologiquement_coherent:3,24,2027-04-17,17.082,1,0.04
rn:ideologiquement_coherent:3,25,2027-04-18,17.242,1,0.16
rn:ideologiquement_coherent:3,26,2027-04-20,17.444,1,0.2
rn:ideologiquement_coherent:3,27,2027-04-22,17.527,1,0.08
rn:ideologiquement_coherent:3,28,2027-04-24,17.3,1,-0.23
rn:ideologiquement_coherent:3,29,2027-04-26,17.562,1,0.26
rn:opportuniste_electoral:0,1,2026-04-18,13.605,1,4.11
rn:opportuniste_electoral:0,2,2026-05-02,13.967,1,0.36
rn:opportuniste_electoral:0,3,2026-05-19,14.134,1,0.17
rn:opportuniste_electoral:0,4,2026-06-01,14.1,1,-0.03
rn:opportuniste_electoral:0,5,2026-06-20,13.953,1,-0.15
rn:opportuniste_electoral:0,6,2026-07-07,13.991,1,0.04
rn:opportuniste_electoral:0,7,2026-07-24,14.137,1,0.15
rn:opportuniste_electoral:0,8,2026-08-07,14.7,1,0.56
rn:opportuniste_electoral:0,9,2026-08-23,14.531,1,-0.17
rn:opportuniste_electoral:0,10,2026-09-09,14.439,1,-0.09
rn:opportuniste_electoral:0,11,2026-09-26,14.483,1,0.04
rn:opportuniste_electoral:0,12,2026-10-11,17.1,1,2.62
rn:opportuniste_electoral:0,13,2026-10-26,14.471,1,-2.63
rn:opportuniste_electoral:0,14,2026-11-13,14.389,1,-0.08
rn:opportuniste_electoral:0,15,2026-11-26,14.345,1,-0.04
rn:opportuniste_electoral:0,16,2026-12-08,15,1,0.65
rn:opportuniste_electoral:0,17,2026-12-26,13.821,1,-1.18
rn:opportuniste_electoral:0,18,2027-01-10,14.041,1,0.22
rn:opportuniste_electoral:0,19,2027-01-27,14.171,1,0.13
rn:opportuniste_electoral:0,20,2027-02-10,18.8,1,4.63
rn:opportuniste_electoral:0,21,2027-02-28,14.512,1,-4.29
rn:opportuniste_electoral:0,22,2027-03-17,14.617,1,0.11
rn:opportuniste_electoral:0,23,2027-04-01,14.871,1,0.25
rn:opportuniste_electoral:0,24,2027-04-17,15.185,1,0.31
rn:opportuniste_electoral:0,25,2027-04-18,15.518,1,0.33
rn:opportuniste_electoral:0,26,2027-04-20,15.822,1,0.3
rn:opportuniste_electoral:0,27,2027-04-22,15.603,1,-0.22
rn:opportuniste_electoral:0,28,2027-04-24,17.4,1,1.8
rn:opportuniste_electoral:0,29,2027-04-26,15.711,1,-1.69
rn:opportuniste_electoral:1,1,2026-04-18,13.653,1,-1.35
rn:opportuniste_electoral:1,2,2026-04-30,13.794,1,0.14
rn:opportuniste_electoral:1,3,2026-05-13,13.877,1,0.08
rn:opportuniste_electoral:1,4,2026-05-28,15.7,1,1.82
rn:opportuniste_electoral:1,5,2026-06-14,14.19,1,-1.51
rn:opportuniste_electoral:1,6,2026-06-29,14.259,1,0.07
rn:opportuniste_electoral:1,7,2026-07-15,14.317,1,0.06
rn:opportuniste_electoral:1,8,2026-07-28,12.4,1,-1.92
rn:opportuniste_electoral:1,9,2026-08-10,14.502,1,2.1
rn:opportuniste_electoral:1,10,2026-08-24,14.663,1,0.16
rn:opportuniste_electoral:1,11,2026-09-07,14.777,1,0.11
rn:opportuniste_electoral:1,12,2026-09-24,15.9,1,1.12
rn:opportuniste_electoral:1,13,2026-10-09,15.071,1,-0.83
rn:opportuniste_electoral:1,14,2026-10-29,14.535,1,-0.54
rn:opportuniste_electoral:1,15,2026-11-13,14.554,1,0.02
rn:opportuniste_electoral:1,16,2026-11-30,18.6,1,4.05
rn:opportuniste_electoral:1,17,2026-12-14,15.011,1,-3.59
rn:opportuniste_electoral:1,18,2027-01-02,15.286,1,0.28
rn:opportuniste_electoral:1,19,2027-01-21,15.638,1,0.35
rn:opportuniste_electoral:1,20,2027-02-08,20.7,1,5.06
rn:opportuniste_electoral:1,21,2027-02-27,15.188,1,-5.51
rn:opportuniste_electoral:1,22,2027-03-13,14.866,1,-0.32
rn:opportuniste_electoral:1,23,2027-03-29,14.843,1,-0.02
rn:opportuniste_electoral:1,24,2027-04-17,14.729,1,-0.11
rn:opportuniste_electoral:1,25,2027-04-18,14.778,1,0.05
rn:opportuniste_electoral:1,26,2027-04-20,14.918,1,0.14
rn:opportuniste_electoral:1,27,2027-04-22,15.033,1,0.12
rn:opportuniste_electoral:1,28,2027-04-24,16,1,0.97
rn:opportuniste_electoral:1,29,2027-04-26,15.309,1,-0.69
rn:opportuniste_electoral:1,30,2027-05-02,15.443,1,0.13
rn:opportuniste_electoral:1,31,2027-05-03,15.547,1,0.1
rn:opportuniste_electoral:2,1,2026-04-18,13.543,1,-0.06
rn:opportuniste_electoral:2,2,2026-05-03,13.656,1,0.11
rn:opportuniste_electoral:2,3,2026-05-16,13.782,1,0.13
rn:opportuniste_electoral:2,4,2026-06-01,10,8,-3.78
rn:opportuniste_electoral:2,5,2026-06-20,14.12,1,4.12
rn:opportuniste_electoral:2,6,2026-07-06,14.095,1,-0.02
rn:opportuniste_electoral:2,7,2026-07-23,14.227,1,0.13
rn:opportuniste_electoral:2,8,2026-08-08,12,2,-2.23
rn:opportuniste_electoral:2,9,2026-08-23,14.771,1,2.77
rn:opportuniste_electoral:2,10,2026-09-09,14.9,1,0.13
rn:opportuniste_electoral:2,11,2026-09-25,14.934,1,0.03
rn:opportuniste_electoral:2,12,2026-10-07,17.6,1,2.67
rn:opportuniste_electoral:2,13,2026-10-20,15.518,1,-2.08
rn:opportuniste_electoral:2,14,2026-11-06,15.416,1,-0.1
rn:opportuniste_electoral:2,15,2026-11-25,15.465,1,0.05
rn:opportuniste_electoral:2,16,2026-12-13,15.6,1,0.13
rn:opportuniste_electoral:2,17,2026-12-29,16.1,1,0.5
rn:opportuniste_electoral:2,18,2027-01-16,16.369,1,0.27
rn:opportuniste_electoral:2,19,2027-02-01,16.586,1,0.22
rn:opportuniste_electoral:2,20,2027-02-18,16.7,1,0.11
rn:opportuniste_electoral:2,21,2027-03-02,17.236,1,0.54
rn:opportuniste_electoral:2,22,2027-03-18,17.345,1,0.11
rn:opportuniste_electoral:2,23,2027-04-05,17.38,1,0.04
rn:opportuniste_electoral:2,24,2027-04-17,17.593,1,0.21
rn:opportuniste_electoral:2,25,2027-04-18,17.658,1,0.07
rn:opportuniste_electoral:2,26,2027-04-20,17.898,1,0.24
rn:opportuniste_electoral:2,27,2027-04-22,18.062,1,0.16
rn:opportuniste_electoral:2,28,2027-04-24,20.6,1,2.54
rn:opportuniste_electoral:2,29,2027-04-26,17.987,1,-2.61
rn:opportuniste_electoral:3,1,2026-04-18,13.362,1,-2.44
rn:opportuniste_electoral:3,2,2026-05-04,13.485,1,0.12
rn:opportuniste_electoral:3,3,2026-05-17,13.533,1,0.05
rn:opportuniste_electoral:3,4,2026-05-31,11.9,3,-1.63
rn:opportuniste_electoral:3,5,2026-06-16,13.702,1,1.8
rn:opportuniste_electoral:3,6,2026-07-02,13.423,1,-0.28
rn:opportuniste_electoral:3,7,2026-07-15,13.504,1,0.08
rn:opportuniste_electoral:3,8,2026-07-31,14.5,1,1
rn:opportuniste_electoral:3,9,2026-08-15,14.014,1,-0.49
rn:opportuniste_electoral:3,10,2026-08-28,14.013,1,0
rn:opportuniste_electoral:3,11,2026-09-11,14.053,1,0.04
rn:opportuniste_electoral:3,12,2026-09-27,17.1,1,3.05
rn:opportuniste_electoral:3,13,2026-10-11,14.159,1,-2.94
rn:opportuniste_electoral:3,14,2026-10-30,14.25,1,0.09
rn:opportuniste_electoral:3,15,2026-11-16,14.338,1,0.09
rn:opportuniste_electoral:3,16,2026-12-02,18.5,1,4.16
rn:opportuniste_electoral:3,17,2026-12-16,14.371,1,-4.13
rn:opportuniste_electoral:3,18,2027-01-04,14.606,1,0.23
rn:opportuniste_electoral:3,19,2027-01-23,14.672,1,0.07
rn:opportuniste_electoral:3,20,2027-02-08,16.2,1,1.53
rn:opportuniste_electoral:3,21,2027-02-26,14.985,1,-1.21
rn:opportuniste_electoral:3,22,2027-03-15,15.3,1,0.32
rn:opportuniste_electoral:3,23,2027-04-01,15.472,1,0.17
rn:opportuniste_electoral:3,24,2027-04-17,15.555,1,0.08
rn:opportuniste_electoral:3,25,2027-04-18,15.884,1,0.33
rn:opportuniste_electoral:3,26,2027-04-20,16.243,1,0.36
rn:opportuniste_electoral:3,27,2027-04-22,16.368,1,0.13
rn:opportuniste_electoral:3,28,2027-04-24,16.3,1,-0.07
rn:opportuniste_electoral:3,29,2027-04-26,16.555,1,0.25
rn:parti_dabord:0,1,2026-04-18,13.605,1,4.11
rn:parti_dabord:0,2,2026-05-02,13.967,1,0.36
rn:parti_dabord:0,3,2026-05-19,14.089,1,0.12
rn:parti_dabord:0,4,2026-06-01,14.3,1,0.21
rn:parti_dabord:0,5,2026-06-20,14.28,1,-0.02
rn:parti_dabord:0,6,2026-07-07,14.335,1,0.06
rn:parti_dabord:0,7,2026-07-24,14.486,1,0.15
rn:parti_dabord:0,8,2026-08-07,15,1,0.51
rn:parti_dabord:0,9,2026-08-23,14.841,1,-0.16
rn:parti_dabord:0,10,2026-09-09,14.986,1,0.15
rn:parti_dabord:0,11,2026-09-26,15.125,1,0.14
rn:parti_dabord:0,12,2026-10-09,14.1,1,-1.03
rn:parti_dabord:0,13,2026-10-21,15.294,1,1.19
rn:parti_dabord:0,14,2026-11-07,15.271,1,-0.02
rn:parti_dabord:0,15,2026-11-25,15.367,1,0.1
rn:parti_dabord:0,16,2026-12-13,11.6,4,-3.77
rn:parti_dabord:0,17,2026-12-27,15.945,1,4.35
rn:parti_dabord:0,18,2027-01-15,16.111,1,0.17
rn:parti_dabord:0,19,2027-01-28,16.211,1,0.1
rn:parti_dabord:0,20,2027-02-11,13.6,1,-2.61
rn:parti_dabord:0,21,2027-02-28,16.343,1,2.74
rn:parti_dabord:0,22,2027-03-14,16.346,1,0
rn:parti_dabord:0,23,2027-03-30,16.514,1,0.17
rn:parti_dabord:0,24,2027-04-17,16.737,1,0.22
rn:parti_dabord:0,25,2027-04-18,16.899,1,0.16
rn:parti_dabord:0,26,2027-04-20,16.958,1,0.06
rn:parti_dabord:0,27,2027-04-22,16.979,1,0.02
rn:parti_dabord:0,28,2027-04-24,20.7,1,3.72
rn:parti_dabord:0,29,2027-04-26,16.807,1,-3.89
rn:parti_dabord:1,1,2026-04-18,13.653,1,-1.35
rn:parti_dabord:1,2,2026-04-30,13.957,1,0.3
rn:parti_dabord:1,3,2026-05-13,13.959,1,0
rn:parti_dabord:1,4,2026-05-28,15.8,1,1.84
rn:parti_dabord:1,5,2026-06-14,14.277,1,-1.52
rn:parti_dabord:1,6,2026-06-29,14.346,1,0.07
rn:parti_dabord:1,7,2026-07-15,14.403,1,0.06
rn:parti_dabord:1,8,2026-07-28,12.5,1,-1.9
rn:parti_dabord:1,9,2026-08-10,14.523,1,2.02
rn:parti_dabord:1,10,2026-08-24,14.642,1,0.12
rn:parti_dabord:1,11,2026-09-07,14.696,1,0.05
rn:parti_dabord:1,12,2026-09-24,15.5,1,0.8
rn:parti_dabord:1,13,2026-10-09,14.48,1,-1.02
rn:parti_dabord:1,14,2026-10-29,13.855,1,-0.63
rn:parti_dabord:1,15,2026-11-13,13.521,1,-0.33
rn:parti_dabord:1,16,2026-11-30,17.4,1,3.88
rn:parti_dabord:1,17,2026-12-14,13.51,1,-3.89
rn:parti_dabord:1,18,2027-01-02,13.806,1,0.3
rn:parti_dabord:1,19,2027-01-21,13.975,1,0.17
rn:parti_dabord:1,20,2027-02-08,19,1,5.03
rn:parti_dabord:1,21,2027-02-27,14.13,1,-4.87
rn:parti_dabord:1,22,2027-03-13,14.043,1,-0.09
rn:parti_dabord:1,23,2027-03-29,14.058,1,0.02
rn:parti_dabord:1,24,2027-04-17,14.218,1,0.16
rn:parti_dabord:1,25,2027-04-18,14.261,1,0.04
rn:parti_dabord:1,26,2027-04-20,14.464,1,0.2
rn:parti_dabord:1,27,2027-04-22,14.689,1,0.22
rn:parti_dabord:1,28,2027-04-24,15.6,1,0.91
rn:parti_dabord:1,29,2027-04-26,14.859,1,-0.74
rn:parti_dabord:2,1,2026-04-18,12.879,1,-0.72
rn:parti_dabord:2,2,2026-05-03,12.647,1,-0.23
rn:parti_dabord:2,3,2026-05-16,12.655,1,0.01
rn:parti_dabord:2,4,2026-06-01,9.1,8,-3.55
rn:parti_dabord:2,5,2026-06-20,12.866,1,3.77
rn:parti_dabord:2,6,2026-07-06,12.827,1,-0.04
rn:parti_dabord:2,7,2026-07-23,12.947,1,0.12
rn:parti_dabord:2,8,2026-08-08,10.6,7,-2.35
rn:parti_dabord:2,9,2026-08-23,13.321,1,2.72
rn:parti_dabord:2,10,2026-09-09,13.398,1,0.08
rn:parti_dabord:2,11,2026-09-25,13.436,1,0.04
rn:parti_dabord:2,12,2026-10-07,15.8,1,2.36
rn:parti_dabord:2,13,2026-10-20,13.457,1,-2.34
rn:parti_dabord:2,14,2026-11-06,13.438,1,-0.02
rn:parti_dabord:2,15,2026-11-25,13.523,1,0.08
rn:parti_dabord:2,16,2026-12-13,13.6,1,0.08
rn:parti_dabord:2,17,2026-12-29,13.921,1,0.32
rn:parti_dabord:2,18,2027-01-16,14.183,1,0.26
rn:parti_dabord:2,19,2027-02-01,14.418,1,0.23
rn:parti_dabord:2,20,2027-02-18,14.5,1,0.08
rn:parti_dabord:2,21,2027-03-02,15.176,1,0.68
rn:parti_dabord:2,22,2027-03-18,15.283,1,0.11
rn:parti_dabord:2,23,2027-04-05,15.202,1,-0.08
rn:parti_dabord:2,24,2027-04-17,15.371,1,0.17
rn:parti_dabord:2,25,2027-04-18,15.541,1,0.17
rn:parti_dabord:2,26,2027-04-20,15.609,1,0.07
rn:parti_dabord:2,27,2027-04-22,15.702,1,0.09
rn:parti_dabord:2,28,2027-04-24,17.9,1,2.2
rn:parti_dabord:2,29,2027-04-26,15.306,1,-2.59
rn:parti_dabord:3,1,2026-04-18,13.154,1,-2.65
rn:parti_dabord:3,2,2026-05-04,13.203,1,0.05
rn:parti_dabord:3,3,2026-05-17,13.218,1,0.02
rn:parti_dabord:3,4,2026-05-31,11.6,4,-1.62
rn:parti_dabord:3,5,2026-06-16,13.37,1,1.77
rn:parti_dabord:3,6,2026-07-02,13.442,1,0.07
rn:parti_dabord:3,7,2026-07-15,13.643,1,0.2
rn:parti_dabord:3,8,2026-07-31,14.5,1,0.86
rn:parti_dabord:3,9,2026-08-15,14.167,1,-0.33
rn:parti_dabord:3,10,2026-08-28,14.166,1,0
rn:parti_dabord:3,11,2026-09-11,14.192,1,0.03
rn:parti_dabord:3,12,2026-09-27,17.2,1,3.01
rn:parti_dabord:3,13,2026-10-11,14.269,1,-2.93
rn:parti_dabord:3,14,2026-10-30,14.327,1,0.06
rn:parti_dabord:3,15,2026-11-16,14.34,1,0.01
rn:parti_dabord:3,16,2026-12-02,18.5,1,4.16
rn:parti_dabord:3,17,2026-12-16,14.32,1,-4.18
rn:parti_dabord:3,18,2027-01-04,14.54,1,0.22
rn:parti_dabord:3,19,2027-01-23,14.579,1,0.04
rn:parti_dabord:3,20,2027-02-08,15.9,1,1.32
rn:parti_dabord:3,21,2027-02-26,14.51,1,-1.39
rn:parti_dabord:3,22,2027-03-15,14.228,1,-0.28
rn:parti_dabord:3,23,2027-04-01,14.204,1,-0.02
rn:parti_dabord:3,24,2027-04-17,14.207,1,0
rn:parti_dabord:3,25,2027-04-18,14.231,1,0.02
rn:parti_dabord:3,26,2027-04-20,14.245,1,0.01
rn:parti_dabord:3,27,2027-04-22,14.361,1,0.12
rn:parti_dabord:3,28,2027-04-24,14.5,1,0.14
rn:parti_dabord:3,29,2027-04-26,14.269,1,-0.23
rn:mediatique:0,1,2026-04-18,13.605,1,4.11
rn:mediatique:0,2,2026-05-02,13.801,1,0.2
rn:mediatique:0,3,2026-05-19,13.912,1,0.11
rn:mediatique:0,4,2026-06-01,13.9,1,-0.01
rn:mediatique:0,5,2026-06-20,13.711,1,-0.19
rn:mediatique:0,6,2026-07-07,13.749,1,0.04
rn:mediatique:0,7,2026-07-24,13.922,1,0.17
rn:mediatique:0,8,2026-08-07,14.5,1,0.58
rn:mediatique:0,9,2026-08-23,14.33,1,-0.17
rn:mediatique:0,10,2026-09-09,14.582,1,0.25
rn:mediatique:0,11,2026-09-26,15.187,1,0.6
rn:mediatique:0,12,2026-10-09,13.8,1,-1.39
rn:mediatique:0,13,2026-10-21,15.091,1,1.29
rn:mediatique:0,14,2026-11-07,15.072,1,-0.02
rn:mediatique:0,15,2026-11-25,15.192,1,0.12
rn:mediatique:0,16,2026-12-13,11.3,4,-3.89
rn:mediatique:0,17,2026-12-27,15.485,1,4.18
rn:mediatique:0,18,2027-01-15,15.58,1,0.1
rn:mediatique:0,19,2027-01-28,15.81,1,0.23
rn:mediatique:0,20,2027-02-11,13.2,1,-2.61
rn:mediatique:0,21,2027-02-28,15.907,1,2.71
rn:mediatique:0,22,2027-03-14,16.079,1,0.17
rn:mediatique:0,23,2027-03-30,13.811,1,-2.27
rn:mediatique:0,24,2027-04-17,14.421,1,0.61
rn:mediatique:0,25,2027-04-18,14.464,1,0.04
rn:mediatique:0,26,2027-04-20,14.596,1,0.13
rn:mediatique:0,27,2027-04-22,14.696,1,0.1
rn:mediatique:0,28,2027-04-24,11.6,1,-3.1
rn:mediatique:0,29,2027-04-26,15.113,1,3.51
rn:mediatique:0,30,2027-05-02,15.055,1,-0.06
rn:mediatique:0,31,2027-05-03,15.024,1,-0.03
rn:mediatique:1,1,2026-04-18,13.653,1,-1.35
rn:mediatique:1,2,2026-04-30,13.794,1,0.14
rn:mediatique:1,3,2026-05-13,13.877,1,0.08
rn:mediatique:1,4,2026-05-28,15.7,1,1.82
rn:mediatique:1,5,2026-06-14,14.131,1,-1.57
rn:mediatique:1,6,2026-06-29,14.192,1,0.06
rn:mediatique:1,7,2026-07-15,14.272,1,0.08
rn:mediatique:1,8,2026-07-28,12.4,1,-1.87
rn:mediatique:1,9,2026-08-10,14.468,1,2.07
rn:mediatique:1,10,2026-08-24,14.596,1,0.13
rn:mediatique:1,11,2026-09-07,14.699,1,0.1
rn:mediatique:1,12,2026-09-24,15.8,1,1.1
rn:mediatique:1,13,2026-10-09,15.017,1,-0.78
rn:mediatique:1,14,2026-10-29,14.474,1,-0.54
rn:mediatique:1,15,2026-11-13,14.18,1,-0.29
rn:mediatique:1,16,2026-11-30,17.5,1,3.32
rn:mediatique:1,17,2026-12-14,13.277,1,-4.22
rn:mediatique:1,18,2027-01-02,13.914,1,0.64
rn:mediatique:1,19,2027-01-21,13.745,1,-0.17
rn:mediatique:1,20,2027-02-08,18.7,1,4.96
rn:mediatique:1,21,2027-02-27,13.938,1,-4.76
rn:mediatique:1,22,2027-03-13,13.828,1,-0.11
rn:mediatique:1,23,2027-03-29,13.823,1,0
rn:mediatique:1,24,2027-04-17,13.711,1,-0.11
rn:mediatique:1,25,2027-04-18,13.702,1,-0.01
rn:mediatique:1,26,2027-04-20,13.787,1,0.09
rn:mediatique:1,27,2027-04-22,13.89,1,0.1
rn:mediatique:1,28,2027-04-24,14.9,1,1.01
rn:mediatique:1,29,2027-04-26,14.125,1,-0.78
rn:mediatique:2,1,2026-04-18,13.543,1,-0.06
rn:mediatique:2,2,2026-05-03,13.656,1,0.11
rn:mediatique:2,3,2026-05-16,13.762,1,0.11
rn:mediatique:2,4,2026-06-01,9.9,8,-3.86
rn:mediatique:2,5,2026-06-20,14.091,1,4.19
rn:mediatique:2,6,2026-07-06,14.312,1,0.22
rn:mediatique:2,7,2026-07-23,14.217,1,-0.09
rn:mediatique:2,8,2026-08-08,11.9,2,-2.32
rn:mediatique:2,9,2026-08-23,14.579,1,2.68
rn:mediatique:2,10,2026-09-09,14.687,1,0.11
rn:mediatique:2,11,2026-09-25,14.715,1,0.03
rn:mediatique:2,12,2026-10-07,17.4,1,2.68
rn:mediatique:2,13,2026-10-20,15.302,1,-2.1
rn:mediatique:2,14,2026-11-06,15.179,1,-0.12
rn:mediatique:2,15,2026-11-25,15.222,1,0.04
rn:mediatique:2,16,2026-12-13,15.1,1,-0.12
rn:mediatique:2,17,2026-12-29,15.331,1,0.23
rn:mediatique:2,18,2027-01-16,15.663,1,0.33
rn:mediatique:2,19,2027-02-01,15.852,1,0.19
rn:mediatique:2,20,2027-02-18,16,1,0.15
rn:mediatique:2,21,2027-03-02,16.466,1,0.47
rn:mediatique:2,22,2027-03-18,16.803,1,0.34
rn:mediatique:2,23,2027-04-05,16.346,1,-0.46
rn:mediatique:2,24,2027-04-17,16.211,1,-0.14
rn:mediatique:2,25,2027-04-18,16.303,1,0.09
rn:mediatique:2,26,2027-04-20,16.481,1,0.18
rn:mediatique:2,27,2027-04-22,16.601,1,0.12
rn:mediatique:2,28,2027-04-24,19.4,1,2.8
rn:mediatique:2,29,2027-04-26,16.435,1,-2.96
rn:mediatique:3,1,2026-04-18,13.154,1,-2.65
rn:mediatique:3,2,2026-05-04,13.203,1,0.05
rn:mediatique:3,3,2026-05-17,13.226,1,0.02
rn:mediatique:3,4,2026-05-31,11.7,4,-1.53
rn:mediatique:3,5,2026-06-16,13.638,1,1.94
rn:mediatique:3,6,2026-07-02,13.445,1,-0.19
rn:mediatique:3,7,2026-07-15,13.416,1,-0.03
rn:mediatique:3,8,2026-07-31,14.3,1,0.88
rn:mediatique:3,9,2026-08-15,13.877,1,-0.42
rn:mediatique:3,10,2026-08-28,13.871,1,-0.01
rn:mediatique:3,11,2026-09-11,13.897,1,0.03
rn:mediatique:3,12,2026-09-27,16.9,1,3
rn:mediatique:3,13,2026-10-11,13.996,1,-2.9
rn:mediatique:3,14,2026-10-30,14.079,1,0.08
rn:mediatique:3,15,2026-11-16,14.166,1,0.09
rn:mediatique:3,16,2026-12-02,18.3,1,4.13
rn:mediatique:3,17,2026-12-16,14.198,1,-4.1
rn:mediatique:3,18,2027-01-04,14.464,1,0.27
rn:mediatique:3,19,2027-01-23,14.677,1,0.21
rn:mediatique:3,20,2027-02-08,16,1,1.32
rn:mediatique:3,21,2027-02-26,14.558,1,-1.44
rn:mediatique:3,22,2027-03-15,14.838,1,0.28
rn:mediatique:3,23,2027-04-01,15.003,1,0.17
rn:mediatique:3,24,2027-04-17,15.08,1,0.08
rn:mediatique:3,25,2027-04-18,15.151,1,0.07
rn:mediatique:3,26,2027-04-20,15.206,1,0.05
rn:mediatique:3,27,2027-04-22,15.325,1,0.12
rn:mediatique:3,28,2027-04-24,15.4,1,0.08
rn:mediatique:3,29,2027-04-26,15.513,1,0.11
rn:contrarien:0,1,2026-04-18,13.486,1,3.99
rn:contrarien:0,2,2026-05-02,13.726,1,0.24
rn:contrarien:0,3,2026-05-19,13.785,1,0.06
rn:contrarien:0,4,2026-06-01,13.8,1,0.02
rn:contrarien:0,5,2026-06-20,13.535,1,-0.27
rn:contrarien:0,6,2026-07-07,13.595,1,0.06
rn:contrarien:0,7,2026-07-24,12.917,1,-0.68
rn:contrarien:0,8,2026-08-07,13.3,1,0.38
rn:contrarien:0,9,2026-08-23,12.616,1,-0.68
rn:contrarien:0,10,2026-09-08,12.677,1,0.06
rn:contrarien:0,11,2026-09-25,12.746,1,0.07
rn:contrarien:0,12,2026-10-08,11.7,4,-1.05
rn:contrarien:0,13,2026-10-21,12.764,1,1.06
rn:contrarien:0,14,2026-11-07,12.84,1,0.08
rn:contrarien:0,15,2026-11-25,12.994,1,0.15
rn:contrarien:0,16,2026-12-13,9.2,8,-3.79
rn:contrarien:0,17,2026-12-27,13.419,1,4.22
rn:contrarien:0,18,2027-01-15,13.558,1,0.14
rn:contrarien:0,19,2027-01-28,12.984,1,-0.57
rn:contrarien:0,20,2027-02-12,8.8,8,-4.18
rn:contrarien:0,21,2027-03-03,11.883,2,3.08
rn:contrarien:0,22,2027-03-21,11.468,3,-0.41
rn:contrarien:0,23,2027-04-03,11.468,3,0
rn:contrarien:0,24,2027-04-16,11.345,3,-0.12
rn:contrarien:0,25,2027-04-18,11.446,3,0.1
rn:contrarien:0,26,2027-04-20,11.663,2,0.22
rn:contrarien:0,27,2027-04-22,11.827,1,0.16
rn:contrarien:0,28,2027-04-24,13.7,1,1.87
rn:contrarien:0,29,2027-04-26,12.459,1,-1.24
rn:contrarien:0,30,2027-05-02,12.562,1,0.1
rn:contrarien:0,31,2027-05-03,12.599,1,0.04
rn:contrarien:1,1,2026-04-18,13.492,1,-1.51
rn:contrarien:1,2,2026-04-30,13.578,1,0.09
rn:contrarien:1,3,2026-05-13,13.642,1,0.06
rn:contrarien:1,4,2026-05-28,15.6,1,1.96
rn:contrarien:1,5,2026-06-14,13.947,1,-1.65
rn:contrarien:1,6,2026-06-29,14.014,1,0.07
rn:contrarien:1,7,2026-07-15,14.091,1,0.08
rn:contrarien:1,8,2026-07-28,12.3,2,-1.79
rn:contrarien:1,9,2026-08-10,14.272,1,1.97
rn:contrarien:1,10,2026-08-24,14.173,1,-0.1
rn:contrarien:1,11,2026-09-07,14.211,1,0.04
rn:contrarien:1,12,2026-09-24,15.3,1,1.09
rn:contrarien:1,13,2026-10-09,13.506,1,-1.79
rn:contrarien:1,14,2026-10-29,12.759,1,-0.75
rn:contrarien:1,15,2026-11-13,12.381,2,-0.38
rn:contrarien:1,16,2026-11-30,16.6,1,4.22
rn:contrarien:1,17,2026-12-14,11.854,3,-4.75
rn:contrarien:1,18,2027-01-02,11.65,5,-0.2
rn:contrarien:1,19,2027-01-21,11.46,6,-0.19
rn:contrarien:1,20,2027-02-08,16.5,1,5.04
rn:contrarien:1,21,2027-02-27,11.135,7,-5.37
rn:contrarien:1,22,2027-03-13,11.211,6,0.08
rn:contrarien:1,23,2027-03-29,11.131,7,-0.08
rn:contrarien:1,24,2027-04-17,11.258,6,0.13
rn:contrarien:1,25,2027-04-18,11.269,6,0.01
rn:contrarien:1,26,2027-04-20,11.477,6,0.21
rn:contrarien:1,27,2027-04-22,11.69,5,0.21
rn:contrarien:1,28,2027-04-24,12.7,1,1.01
rn:contrarien:1,29,2027-04-26,12.145,4,-0.55
rn:contrarien:2,1,2026-04-18,13.543,1,-0.06
rn:contrarien:2,2,2026-05-03,13.656,1,0.11
rn:contrarien:2,3,2026-05-16,13.762,1,0.11
rn:contrarien:2,4,2026-06-01,9.9,8,-3.86
rn:contrarien:2,5,2026-06-20,14.091,1,4.19
rn:contrarien:2,6,2026-07-06,14.066,1,-0.02
rn:contrarien:2,7,2026-07-23,13.887,1,-0.18
rn:contrarien:2,8,2026-08-08,11.6,3,-2.29
rn:contrarien:2,9,2026-08-23,14.255,1,2.66
rn:contrarien:2,10,2026-09-09,14.324,1,0.07
rn:contrarien:2,11,2026-09-25,14.342,1,0.02
rn:contrarien:2,12,2026-10-07,16.7,1,2.36
rn:contrarien:2,13,2026-10-20,14.35,1,-2.35
rn:contrarien:2,14,2026-11-06,13.629,1,-0.72
rn:contrarien:2,15,2026-11-25,13.397,1,-0.23
rn:contrarien:2,16,2026-12-13,13.6,1,0.2
rn:contrarien:2,17,2026-12-29,13.521,1,-0.08
rn:contrarien:2,18,2027-01-16,13.551,1,0.03
rn:contrarien:2,19,2027-02-01,13.58,1,0.03
rn:contrarien:2,20,2027-02-18,13.8,1,0.22
rn:contrarien:2,21,2027-03-02,14.112,1,0.31
rn:contrarien:2,22,2027-03-18,14.244,1,0.13
rn:contrarien:2,23,2027-04-05,14.434,1,0.19
rn:contrarien:2,24,2027-04-17,14.669,1,0.24
rn:contrarien:2,25,2027-04-18,14.796,1,0.13
rn:contrarien:2,26,2027-04-20,14.841,1,0.04
rn:contrarien:2,27,2027-04-22,14.942,1,0.1
rn:contrarien:2,28,2027-04-24,17.4,1,2.46
rn:contrarien:2,29,2027-04-26,14.615,1,-2.78
rn:contrarien:3,1,2026-04-18,13.405,1,-2.4
rn:contrarien:3,2,2026-05-04,13.477,1,0.07
rn:contrarien:3,3,2026-05-17,13.469,1,-0.01
rn:contrarien:3,4,2026-05-31,11.7,4,-1.77
rn:contrarien:3,5,2026-06-16,13.299,1,1.6
rn:contrarien:3,6,2026-07-02,13.342,1,0.04
rn:contrarien:3,7,2026-07-15,13.502,1,0.16
rn:contrarien:3,8,2026-07-31,14.4,1,0.9
rn:contrarien:3,9,2026-08-15,14.032,1,-0.37
rn:contrarien:3,10,2026-08-28,13.924,1,-0.11
rn:contrarien:3,11,2026-09-11,13.93,1,0.01
rn:contrarien:3,12,2026-09-27,16.9,1,2.97
rn:contrarien:3,13,2026-10-11,14.122,1,-2.78
rn:contrarien:3,14,2026-10-31,14.215,1,0.09
rn:contrarien:3,15,2026-11-13,14.324,1,0.11
rn:contrarien:3,16,2026-11-27,18.5,1,4.18
rn:contrarien:3,17,2026-12-11,14.439,1,-4.06
rn:contrarien:3,18,2026-12-31,14.517,1,0.08
rn:contrarien:3,19,2027-01-20,14.629,1,0.11
rn:contrarien:3,20,2027-02-05,16.2,1,1.57
rn:contrarien:3,21,2027-02-24,15.001,1,-1.2
rn:contrarien:3,22,2027-03-13,15.219,1,0.22
rn:contrarien:3,23,2027-03-31,15.407,1,0.19
rn:contrarien:3,24,2027-04-17,15.497,1,0.09
rn:contrarien:3,25,2027-04-18,15.57,1,0.07
rn:contrarien:3,26,2027-04-20,15.624,1,0.05
rn:contrarien:3,27,2027-04-22,15.739,1,0.12
rn:contrarien:3,28,2027-04-24,15.9,1,0.16
rn:contrarien:3,29,2027-04-26,15.962,1,0.06
reconquete:aleatoire:0,1,2026-04-18,6.95,9,-1.45
reconquete:aleatoire:0,2,2026-05-02,7.02,9,0.07
reconquete:aleatoire:0,3,2026-05-19,7.104,9,0.08
reconquete:aleatoire:0,4,2026-06-01,4.3,9,-2.8
reconquete:aleatoire:0,5,2026-06-20,7.6,9,3.3
reconquete:aleatoire:0,6,2026-07-07,7.872,9,0.27
reconquete:aleatoire:0,7,2026-07-24,8.119,9,0.25
reconquete:aleatoire:0,8,2026-08-07,8.2,9,0.08
reconquete:aleatoire:0,9,2026-08-23,8.148,9,-0.05
reconquete:aleatoire:0,10,2026-09-08,8.224,9,0.08
reconquete:aleatoire:0,11,2026-09-25,8.592,9,0.37
reconquete:aleatoire:0,12,2026-10-08,10.8,8,2.21
reconquete:aleatoire:0,13,2026-10-21,9.191,9,-1.61
reconquete:aleatoire:0,14,2026-11-07,9.189,9,0
reconquete:aleatoire:0,15,2026-11-25,9.288,9,0.1
reconquete:aleatoire:0,16,2026-12-13,8.5,9,-0.79
reconquete:aleatoire:0,17,2026-12-27,9.391,9,0.89
reconquete:aleatoire:0,18,2027-01-15,9.422,9,0.03
reconquete:aleatoire:0,19,2027-01-28,9.715,9,0.29
reconquete:aleatoire:0,20,2027-02-11,10.5,8,0.79
reconquete:aleatoire:0,21,2027-02-28,9.789,9,-0.71
reconquete:aleatoire:0,22,2027-03-14,10.021,8,0.23
reconquete:aleatoire:0,23,2027-03-30,10.24,8,0.22
reconquete:aleatoire:0,24,2027-04-17,10.364,8,0.12
reconquete:aleatoire:0,25,2027-04-18,10.58,6,0.22
reconquete:aleatoire:0,26,2027-04-20,10.694,6,0.11
reconquete:aleatoire:0,27,2027-04-22,10.686,6,-0.01
reconquete:aleatoire:0,28,2027-04-24,8.6,9,-2.09
reconquete:aleatoire:0,29,2027-04-26,10.449,7,1.85
reconquete:aleatoire:0,30,2027-05-02,10.461,7,0.01
reconquete:aleatoire:0,31,2027-05-03,10.64,7,0.18
reconquete:aleatoire:1,1,2026-04-18,7.408,9,0.21
reconquete:aleatoire:1,2,2026-04-30,7.708,9,0.3
reconquete:aleatoire:1,3,2026-05-13,7.568,9,-0.14
reconquete:aleatoire:1,4,2026-05-28,8.5,9,0.93
reconquete:aleatoire:1,5,2026-06-14,6.216,9,-2.28
reconquete:aleatoire:1,6,2026-06-29,6.257,9,0.04
reconquete:aleatoire:1,7,2026-07-15,6.34,9,0.08
reconquete:aleatoire:1,8,2026-07-28,7.8,9,1.46
reconquete:aleatoire:1,9,2026-08-10,6.65,9,-1.15
reconquete:aleatoire:1,10,2026-08-24,6.808,9,0.16
reconquete:aleatoire:1,11,2026-09-07,6.897,9,0.09
reconquete:aleatoire:1,12,2026-09-24,8.6,9,1.7
reconquete:aleatoire:1,13,2026-10-09,7.058,9,-1.54
reconquete:aleatoire:1,14,2026-10-29,7.062,9,0
reconquete:aleatoire:1,15,2026-11-17,7.051,9,-0.01
reconquete:aleatoire:1,16,2026-12-01,5.9,9,-1.15
reconquete:aleatoire:1,17,2026-12-17,7.366,9,1.47
reconquete:aleatoire:1,18,2026-12-31,7.579,9,0.21
reconquete:aleatoire:1,19,2027-01-19,7.645,9,0.07
reconquete:aleatoire:1,20,2027-02-04,9.8,9,2.16
reconquete:aleatoire:1,21,2027-02-19,7.771,9,-2.03
reconquete:aleatoire:1,22,2027-03-08,7.671,9,-0.1
reconquete:aleatoire:1,23,2027-03-26,7.729,9,0.06
reconquete:aleatoire:1,24,2027-04-17,7.916,9,0.19
reconquete:aleatoire:1,25,2027-04-18,8.257,9,0.34
reconquete:aleatoire:2,1,2026-04-18,6.745,9,-3.35
reconquete:aleatoire:2,2,2026-05-03,6.805,9,0.06
reconquete:aleatoire:2,3,2026-05-16,6.757,9,-0.05
reconquete:aleatoire:2,4,2026-06-01,9.9,9,3.14
reconquete:aleatoire:2,5,2026-06-20,7.25,9,-2.65
reconquete:aleatoire:2,6,2026-07-06,7.486,9,0.24
reconquete:aleatoire:2,7,2026-07-23,7.642,9,0.16
reconquete:aleatoire:2,8,2026-08-08,7.2,9,-0.44
reconquete:aleatoire:2,9,2026-08-23,8.185,9,0.99
reconquete:aleatoire:2,10,2026-09-09,8.277,9,0.09
reconquete:aleatoire:2,11,2026-09-25,8.375,9,0.1
reconquete:aleatoire:2,12,2026-10-07,8.8,9,0.43
reconquete:aleatoire:2,13,2026-10-20,8.651,9,-0.15
reconquete:aleatoire:2,14,2026-11-06,8.855,9,0.2
reconquete:aleatoire:2,15,2026-11-25,8.958,9,0.1
reconquete:aleatoire:2,16,2026-12-13,11.5,4,2.54
reconquete:aleatoire:2,17,2026-12-29,9.059,9,-2.44
reconquete:aleatoire:2,18,2027-01-16,8.926,9,-0.13
reconquete:aleatoire:2,19,2027-02-01,8.916,9,-0.01
reconquete:aleatoire:2,20,2027-02-18,6.8,9,-2.12
reconquete:aleatoire:2,21,2027-03-02,9.26,9,2.46
reconquete:aleatoire:2,22,2027-03-18,9.437,9,0.18
reconquete:aleatoire:2,23,2027-04-05,9.687,9,0.25
reconquete:aleatoire:2,24,2027-04-17,9.806,8,0.12
reconquete:aleatoire:2,25,2027-04-18,9.876,8,0.07
reconquete:aleatoire:3,1,2026-04-18,6.865,9,-1.13
reconquete:aleatoire:3,2,2026-05-04,6.932,9,0.07
reconquete:aleatoire:3,3,2026-05-17,7.072,9,0.14
reconquete:aleatoire:3,4,2026-05-31,10,9,2.93
reconquete:aleatoire:3,5,2026-06-16,7.438,9,-2.56
reconquete:aleatoire:3,6,2026-07-02,7.764,9,0.33
reconquete:aleatoire:3,7,2026-07-15,8.118,9,0.35
reconquete:aleatoire:3,8,2026-07-31,9.2,9,1.08
reconquete:aleatoire:3,9,2026-08-15,8.183,9,-1.02
reconquete:aleatoire:3,10,2026-08-28,8.271,9,0.09
reconquete:aleatoire:3,11,2026-09-11,8.392,9,0.12
reconquete:aleatoire:3,12,2026-09-27,7.7,9,-0.69
reconquete:aleatoire:3,13,2026-10-11,8.587,9,0.89
reconquete:aleatoire:3,14,2026-10-30,8.83,9,0.24
reconquete:aleatoire:3,15,2026-11-16,8.924,9,0.09
reconquete:aleatoire:3,16,2026-12-01,8.9,9,-0.02
reconquete:aleatoire:3,17,2026-12-17,9.276,9,0.38
reconquete:aleatoire:3,18,2027-01-02,9.443,9,0.17
reconquete:aleatoire:3,19,2027-01-21,9.811,8,0.37
reconquete:aleatoire:3,20,2027-02-10,8.2,9,-1.61
reconquete:aleatoire:3,21,2027-03-01,10.39,8,2.19
reconquete:aleatoire:3,22,2027-03-20,10.573,7,0.18
reconquete:aleatoire:3,23,2027-03-31,10.643,7,0.07
reconquete:aleatoire:3,24,2027-04-17,11.074,4,0.43
reconquete:aleatoire:3,25,2027-04-18,11.102,4,0.03
reconquete:prudent:0,1,2026-04-18,7.165,9,-1.24
reconquete:prudent:0,2,2026-05-02,7.42,9,0.25
reconquete:prudent:0,3,2026-05-19,7.567,9,0.15
reconquete:prudent:0,4,2026-06-01,4.7,9,-2.87
reconquete:prudent:0,5,2026-06-20,8.164,9,3.46
reconquete:prudent:0,6,2026-07-07,8.441,9,0.28
reconquete:prudent:0,7,2026-07-24,8.331,9,-0.11
reconquete:prudent:0,8,2026-08-07,8.5,9,0.17
reconquete:prudent:0,9,2026-08-23,8.507,9,0.01
reconquete:prudent:0,10,2026-09-08,8.479,9,-0.03
reconquete:prudent:0,11,2026-09-25,8.308,9,-0.17
reconquete:prudent:0,12,2026-10-08,10.5,8,2.19
reconquete:prudent:0,13,2026-10-21,8.885,9,-1.62
reconquete:prudent:0,14,2026-11-07,9.222,9,0.34
reconquete:prudent:0,15,2026-11-25,9.547,9,0.33
reconquete:prudent:0,16,2026-12-13,8.7,9,-0.85
reconquete:prudent:0,17,2026-12-27,9.69,9,0.99
reconquete:prudent:0,18,2027-01-15,9.689,9,0
reconquete:prudent:0,19,2027-01-28,9.802,9,0.11
reconquete:prudent:0,20,2027-02-11,10.6,7,0.8
reconquete:prudent:0,21,2027-02-28,9.914,9,-0.69
reconquete:prudent:0,22,2027-03-14,9.954,8,0.04
reconquete:prudent:0,23,2027-03-30,9.636,9,-0.32
reconquete:prudent:0,24,2027-04-17,9.502,9,-0.13
reconquete:prudent:0,25,2027-04-18,9.628,9,0.13
reconquete:prudent:1,1,2026-04-18,7.408,9,0.21
reconquete:prudent:1,2,2026-04-30,7.708,9,0.3
reconquete:prudent:1,3,2026-05-13,7.905,9,0.2
reconquete:prudent:1,4,2026-05-28,8.8,9,0.9
reconquete:prudent:1,5,2026-06-14,7.074,9,-1.73
reconquete:prudent:1,6,2026-06-29,7.249,9,0.17
reconquete:prudent:1,7,2026-07-15,7.517,9,0.27
reconquete:prudent:1,8,2026-07-28,8.6,9,1.08
reconquete:prudent:1,9,2026-08-10,7.903,9,-0.7
reconquete:prudent:1,10,2026-08-24,7.892,9,-0.01
reconquete:prudent:1,11,2026-09-07,7.95,9,0.06
reconquete:prudent:1,12,2026-09-24,9.9,9,1.95
reconquete:prudent:1,13,2026-10-09,8.394,9,-1.51
reconquete:prudent:1,14,2026-10-29,8.639,9,0.24
reconquete:prudent:1,15,2026-11-13,8.926,9,0.29
reconquete:prudent:1,16,2026-11-30,7.2,9,-1.73
reconquete:prudent:1,17,2026-12-14,9.402,9,2.2
reconquete:prudent:1,18,2027-01-02,9.38,9,-0.02
reconquete:prudent:1,19,2027-01-21,9.524,9,0.14
reconquete:prudent:1,20,2027-02-08,12.3,2,2.78
reconquete:prudent:1,21,2027-02-27,9.661,8,-2.64
reconquete:prudent:1,22,2027-03-13,9.424,9,-0.24
reconquete:prudent:1,23,2027-03-29,9.536,9,0.11
reconquete:prudent:1,24,2027-04-17,9.693,8,0.16
reconquete:prudent:1,25,2027-04-18,9.882,8,0.19
reconquete:prudent:2,1,2026-04-18,6.94,9,-3.16
reconquete:prudent:2,2,2026-05-03,7.154,9,0.21
reconquete:prudent:2,3,2026-05-16,7.284,9,0.13
reconquete:prudent:2,4,2026-06-01,10.3,9,3.02
reconquete:prudent:2,5,2026-06-20,7.913,9,-2.39
reconquete:prudent:2,6,2026-07-06,8.157,9,0.24
reconquete:prudent:2,7,2026-07-23,8.387,9,0.23
reconquete:prudent:2,8,2026-08-08,8,9,-0.39
reconquete:prudent:2,9,2026-08-23,8.987,9,0.99
reconquete:prudent:2,10,2026-09-09,9.104,9,0.12
reconquete:prudent:2,11,2026-09-25,9.12,9,0.02
reconquete:prudent:2,12,2026-10-07,9.4,9,0.28
reconquete:prudent:2,13,2026-10-20,9.23,9,-0.17
reconquete:prudent:2,14,2026-11-06,9.277,9,0.05
reconquete:prudent:2,15,2026-11-25,9.382,9,0.11
reconquete:prudent:2,16,2026-12-13,11.9,2,2.52
reconquete:prudent:2,17,2026-12-29,9.555,9,-2.35
reconquete:prudent:2,18,2027-01-16,9.781,9,0.23
reconquete:prudent:2,19,2027-02-01,9.996,8,0.21
reconquete:prudent:2,20,2027-02-18,7.7,9,-2.3
reconquete:prudent:2,21,2027-03-02,10.379,8,2.68
reconquete:prudent:2,22,2027-03-18,10.518,7,0.14
reconquete:prudent:2,23,2027-04-05,10.728,7,0.21
reconquete:prudent:2,24,2027-04-17,10.904,5,0.18
reconquete:prudent:2,25,2027-04-18,11.102,5,0.2
reconquete:prudent:3,1,2026-04-18,7.011,9,-0.99
reconquete:prudent:3,2,2026-05-04,7.265,9,0.25
reconquete:prudent:3,3,2026-05-17,7.474,9,0.21
reconquete:prudent:3,4,2026-05-31,10.3,8,2.83
reconquete:prudent:3,5,2026-06-16,7.775,9,-2.53
reconquete:prudent:3,6,2026-07-02,7.876,9,0.1
reconquete:prudent:3,7,2026-07-15,8.101,9,0.23
reconquete:prudent:3,8,2026-07-31,11.5,5,3.4
reconquete:prudent:3,9,2026-08-17,8.579,9,-2.92
reconquete:prudent:3,10,2026-08-30,8.713,9,0.13
reconquete:prudent:3,11,2026-09-13,8.771,9,0.06
reconquete:prudent:3,12,2026-09-29,8.6,9,-0.17
reconquete:prudent:3,13,2026-10-13,8.732,9,0.13
reconquete:prudent:3,14,2026-11-01,8.936,9,0.2
reconquete:prudent:3,15,2026-11-17,9.017,9,0.08
reconquete:prudent:3,16,2026-12-01,9.1,9,0.08
reconquete:prudent:3,17,2026-12-17,9.168,9,0.07
reconquete:prudent:3,18,2027-01-02,9.388,9,0.22
reconquete:prudent:3,19,2027-01-21,9.549,9,0.16
reconquete:prudent:3,20,2027-02-10,7.9,9,-1.65
reconquete:prudent:3,21,2027-03-01,10.101,8,2.2
reconquete:prudent:3,22,2027-03-20,9.522,9,-0.58
reconquete:prudent:3,23,2027-03-31,9.411,9,-0.11
reconquete:prudent:3,24,2027-04-17,9.636,9,0.22
reconquete:prudent:3,25,2027-04-18,9.868,8,0.23
reconquete:risque:0,1,2026-04-18,7.165,9,-1.24
reconquete:risque:0,2,2026-05-02,7.42,9,0.25
reconquete:risque:0,3,2026-05-19,7.57,9,0.15
reconquete:risque:0,4,2026-06-01,4.7,9,-2.87
reconquete:risque:0,5,2026-06-20,7.78,9,3.08
reconquete:risque:0,6,2026-07-07,7.849,9,0.07
reconquete:risque:0,7,2026-07-24,7.666,9,-0.18
reconquete:risque:0,8,2026-08-07,8.2,9,0.53
reconquete:risque:0,9,2026-08-23,8.078,9,-0.12
reconquete:risque:0,10,2026-09-09,8.328,9,0.25
reconquete:risque:0,11,2026-09-26,8.74,9,0.41
reconquete:risque:0,12,2026-10-09,10.9,7,2.16
reconquete:risque:0,13,2026-10-21,9.59,9,-1.31
reconquete:risque:0,14,2026-11-07,9.908,9,0.32
reconquete:risque:0,15,2026-11-25,10.246,8,0.34
reconquete:risque:0,16,2026-12-13,9.3,9,-0.95
reconquete:risque:0,17,2026-12-27,10.77,5,1.47
reconquete:risque:0,18,2027-01-15,10.878,5,0.11
reconquete:risque:0,19,2027-01-28,11.241,5,0.36
reconquete:risque:0,20,2027-02-11,12,3,0.76
reconquete:risque:0,21,2027-02-28,11.486,4,-0.51
reconquete:risque:0,22,2027-03-14,11.58,3,0.09
reconquete:risque:0,23,2027-03-30,12.073,3,0.49
reconquete:risque:0,24,2027-04-17,12.321,2,0.25
reconquete:risque:0,25,2027-04-18,12.468,2,0.15
reconquete:risque:0,26,2027-04-20,12.528,2,0.06
reconquete:risque:0,27,2027-04-22,12.482,2,-0.05
reconquete:risque:0,28,2027-04-24,10.3,7,-2.18
reconquete:risque:0,29,2027-04-26,12.708,2,2.41
reconquete:risque:1,1,2026-04-18,7.408,9,0.21
reconquete:risque:1,2,2026-04-30,7.708,9,0.3
reconquete:risque:1,3,2026-05-13,7.905,9,0.2
reconquete:risque:1,4,2026-05-28,9.4,9,1.5
reconquete:risque:1,5,2026-06-14,8.052,9,-1.35
reconquete:risque:1,6,2026-06-29,8.247,9,0.2
reconquete:risque:1,7,2026-07-15,8.514,9,0.27
reconquete:risque:1,8,2026-07-28,9.3,9,0.79
reconquete:risque:1,9,2026-08-10,8.798,9,-0.5
reconquete:risque:1,10,2026-08-24,8.813,9,0.02
reconquete:risque:1,11,2026-09-07,8.881,9,0.07
reconquete:risque:1,12,2026-09-24,10.7,8,1.82
reconquete:risque:1,13,2026-10-09,9.183,9,-1.52
reconquete:risque:1,14,2026-10-29,9.416,9,0.23
reconquete:risque:1,15,2026-11-13,9.795,9,0.38
reconquete:risque:1,16,2026-11-30,8,9,-1.79
reconquete:risque:1,17,2026-12-14,9.905,8,1.9
reconquete:risque:1,18,2027-01-02,9.842,8,-0.06
reconquete:risque:1,19,2027-01-21,10.066,8,0.22
reconquete:risque:1,20,2027-02-08,13,1,2.93
reconquete:risque:1,21,2027-02-27,10.537,7,-2.46
reconquete:risque:1,22,2027-03-13,10.718,7,0.18
reconquete:risque:1,23,2027-03-29,10.844,6,0.13
reconquete:risque:1,24,2027-04-17,10.99,6,0.15
reconquete:risque:1,25,2027-04-18,11.231,4,0.24
reconquete:risque:2,1,2026-04-18,6.94,9,-3.16
reconquete:risque:2,2,2026-05-03,7.069,9,0.13
reconquete:risque:2,3,2026-05-16,7.17,9,0.1
reconquete:risque:2,4,2026-06-01,10.1,9,2.93
reconquete:risque:2,5,2026-06-20,7.58,9,-2.52
reconquete:risque:2,6,2026-07-06,7.729,9,0.15
reconquete:risque:2,7,2026-07-23,7.855,9,0.13
reconquete:risque:2,8,2026-08-08,7.3,9,-0.56
reconquete:risque:2,9,2026-08-23,8.202,9,0.9
reconquete:risque:2,10,2026-09-09,8.454,9,0.25
reconquete:risque:2,11,2026-09-25,8.601,9,0.15
reconquete:risque:2,12,2026-10-07,9.2,9,0.6
reconquete:risque:2,13,2026-10-20,9.474,9,0.27
reconquete:risque:2,14,2026-11-06,9.613,9,0.14
reconquete:risque:2,15,2026-11-25,9.756,9,0.14
reconquete:risque:2,16,2026-12-13,12.2,2,2.44
reconquete:risque:2,17,2026-12-29,9.893,8,-2.31
reconquete:risque:2,18,2027-01-16,10.101,8,0.21
reconquete:risque:2,19,2027-02-01,10.197,8,0.1
reconquete:risque:2,20,2027-02-18,8.1,9,-2.1
reconquete:risque:2,21,2027-03-02,10.965,5,2.87
reconquete:risque:2,22,2027-03-18,11.139,5,0.17
reconquete:risque:2,23,2027-04-05,11.133,5,-0.01
reconquete:risque:2,24,2027-04-17,11.254,5,0.12
reconquete:risque:2,25,2027-04-18,11.51,4,0.26
reconquete:risque:3,1,2026-04-18,7.011,9,-0.99
reconquete:risque:3,2,2026-05-04,7.265,9,0.25
reconquete:risque:3,3,2026-05-17,7.138,9,-0.13
reconquete:risque:3,4,2026-05-31,10,9,2.86
reconquete:risque:3,5,2026-06-16,7.285,9,-2.71
reconquete:risque:3,6,2026-07-02,7.019,9,-0.27
reconquete:risque:3,7,2026-07-15,7.124,9,0.1
reconquete:risque:3,8,2026-07-31,10.6,8,3.48
reconquete:risque:3,9,2026-08-17,7.245,9,-3.35
reconquete:risque:3,10,2026-08-30,7.363,9,0.12
reconquete:risque:3,11,2026-09-13,7.416,9,0.05
reconquete:risque:3,12,2026-09-29,7.4,9,-0.02
reconquete:risque:3,13,2026-10-13,7.627,9,0.23
reconquete:risque:3,14,2026-11-01,7.912,9,0.29
reconquete:risque:3,15,2026-11-17,8.107,9,0.19
reconquete:risque:3,16,2026-12-01,8.2,9,0.09
reconquete:risque:3,17,2026-12-17,8.193,9,-0.01
reconquete:risque:3,18,2027-01-02,8.385,9,0.19
reconquete:risque:3,19,2027-01-21,8.796,9,0.41
reconquete:risque:3,20,2027-02-10,7.3,9,-1.5
reconquete:risque:3,21,2027-03-01,9.455,9,2.16
reconquete:risque:3,22,2027-03-20,9.688,9,0.23
reconquete:risque:3,23,2027-03-31,9.99,8,0.3
reconquete:risque:3,24,2027-04-17,9.919,8,-0.07
reconquete:risque:3,25,2027-04-18,10.015,8,0.1
reconquete:ideologiquement_coherent:0,1,2026-04-18,7.071,9,-1.33
reconquete:ideologiquement_coherent:0,2,2026-05-02,7.295,9,0.22
reconquete:ideologiquement_coherent:0,3,2026-05-19,7.431,9,0.14
reconquete:ideologiquement_coherent:0,4,2026-06-01,4.6,9,-2.83
reconquete:ideologiquement_coherent:0,5,2026-06-20,7.649,9,3.05
reconquete:ideologiquement_coherent:0,6,2026-07-07,7.798,9,0.15
reconquete:ideologiquement_coherent:0,7,2026-07-24,8.03,9,0.23
reconquete:ideologiquement_coherent:0,8,2026-08-07,8.4,9,0.37
reconquete:ideologiquement_coherent:0,9,2026-08-23,8.363,9,-0.04
reconquete:ideologiquement_coherent:0,10,2026-09-08,8.461,9,0.1
reconquete:ideologiquement_coherent:0,11,2026-09-25,8.842,9,0.38
reconquete:ideologiquement_coherent:0,12,2026-10-08,10.9,6,2.06
reconquete:ideologiquement_coherent:0,13,2026-10-21,9.395,9,-1.51
reconquete:ideologiquement_coherent:0,14,2026-11-07,9.697,9,0.3
reconquete:ideologiquement_coherent:0,15,2026-11-25,10.033,9,0.34
reconquete:ideologiquement_coherent:0,16,2026-12-13,9.2,9,-0.83
reconquete:ideologiquement_coherent:0,17,2026-12-27,10.334,8,1.13
reconquete:ideologiquement_coherent:0,18,2027-01-15,10.356,8,0.02
reconquete:ideologiquement_coherent:0,19,2027-01-28,10.45,8,0.09
reconquete:ideologiquement_coherent:0,20,2027-02-11,11.3,4,0.85
reconquete:ideologiquement_coherent:0,21,2027-02-28,10.7,6,-0.6
reconquete:ideologiquement_coherent:0,22,2027-03-14,10.844,5,0.14
reconquete:ideologiquement_coherent:0,23,2027-03-30,10.903,5,0.06
reconquete:ideologiquement_coherent:0,24,2027-04-17,11.158,4,0.25
reconquete:ideologiquement_coherent:0,25,2027-04-18,11.399,4,0.24
reconquete:ideologiquement_coherent:0,26,2027-04-20,11.531,3,0.13
reconquete:ideologiquement_coherent:0,27,2027-04-22,11.769,3,0.24
reconquete:ideologiquement_coherent:0,28,2027-04-24,9.6,9,-2.17
reconquete:ideologiquement_coherent:0,29,2027-04-26,11.997,2,2.4
reconquete:ideologiquement_coherent:1,1,2026-04-18,6.916,9,-0.28
reconquete:ideologiquement_coherent:1,2,2026-04-30,7.05,9,0.13
reconquete:ideologiquement_coherent:1,3,2026-05-13,7.193,9,0.14
reconquete:ideologiquement_coherent:1,4,2026-05-28,8.9,9,1.71
reconquete:ideologiquement_coherent:1,5,2026-06-14,7.432,9,-1.47
reconquete:ideologiquement_coherent:1,6,2026-06-29,7.698,9,0.27
reconquete:ideologiquement_coherent:1,7,2026-07-15,7.994,9,0.3
reconquete:ideologiquement_coherent:1,8,2026-07-28,8.9,9,0.91
reconquete:ideologiquement_coherent:1,9,2026-08-10,8.391,9,-0.51
reconquete:ideologiquement_coherent:1,10,2026-08-24,8.489,9,0.1
reconquete:ideologiquement_coherent:1,11,2026-09-07,8.581,9,0.09
reconquete:ideologiquement_coherent:1,12,2026-09-24,10.4,8,1.82
reconquete:ideologiquement_coherent:1,13,2026-10-09,8.924,9,-1.48
reconquete:ideologiquement_coherent:1,14,2026-10-29,9.305,9,0.38
reconquete:ideologiquement_coherent:1,15,2026-11-13,9.651,9,0.35
reconquete:ideologiquement_coherent:1,16,2026-11-30,7.7,9,-1.95
reconquete:ideologiquement_coherent:1,17,2026-12-14,9.852,9,2.15
reconquete:ideologiquement_coherent:1,18,2027-01-02,9.823,8,-0.03
reconquete:ideologiquement_coherent:1,19,2027-01-21,9.967,8,0.14
reconquete:ideologiquement_coherent:1,20,2027-02-08,12.8,1,2.83
reconquete:ideologiquement_coherent:1,21,2027-02-27,10.125,8,-2.68
reconquete:ideologiquement_coherent:1,22,2027-03-13,10.25,8,0.13
reconquete:ideologiquement_coherent:1,23,2027-03-29,10.207,8,-0.04
reconquete:ideologiquement_coherent:1,24,2027-04-17,10.299,8,0.09
reconquete:ideologiquement_coherent:1,25,2027-04-18,10.493,8,0.19
reconquete:ideologiquement_coherent:2,1,2026-04-18,6.615,9,-3.48
reconquete:ideologiquement_coherent:2,2,2026-05-03,6.715,9,0.1
reconquete:ideologiquement_coherent:2,3,2026-05-16,6.806,9,0.09
reconquete:ideologiquement_coherent:2,4,2026-06-01,9.8,9,2.99
reconquete:ideologiquement_coherent:2,5,2026-06-20,7.126,9,-2.67
reconquete:ideologiquement_coherent:2,6,2026-07-06,7.325,9,0.2
reconquete:ideologiquement_coherent:2,7,2026-07-23,7.543,9,0.22
reconquete:ideologiquement_coherent:2,8,2026-08-08,6.4,9,-1.14
reconquete:ideologiquement_coherent:2,9,2026-08-23,6.931,9,0.53
reconquete:ideologiquement_coherent:2,10,2026-09-09,7.025,9,0.09
reconquete:ideologiquement_coherent:2,11,2026-09-25,7.043,9,0.02
reconquete:ideologiquement_coherent:2,12,2026-10-07,7.9,9,0.86
reconquete:ideologiquement_coherent:2,13,2026-10-20,7.893,9,-0.01
reconquete:ideologiquement_coherent:2,14,2026-11-06,8.032,9,0.14
reconquete:ideologiquement_coherent:2,15,2026-11-25,8.184,9,0.15
reconquete:ideologiquement_coherent:2,16,2026-12-13,10.7,8,2.52
reconquete:ideologiquement_coherent:2,17,2026-12-29,8.469,9,-2.23
reconquete:ideologiquement_coherent:2,18,2027-01-16,8.76,9,0.29
reconquete:ideologiquement_coherent:2,19,2027-02-01,8.889,9,0.13
reconquete:ideologiquement_coherent:2,20,2027-02-18,6.5,9,-2.39
reconquete:ideologiquement_coherent:2,21,2027-03-02,9.118,9,2.62
reconquete:ideologiquement_coherent:2,22,2027-03-18,9.288,9,0.17
reconquete:ideologiquement_coherent:2,23,2027-04-05,9.053,9,-0.23
reconquete:ideologiquement_coherent:2,24,2027-04-17,9.095,9,0.04
reconquete:ideologiquement_coherent:2,25,2027-04-18,9.307,9,0.21
reconquete:ideologiquement_coherent:3,1,2026-04-18,7.011,9,-0.99
reconquete:ideologiquement_coherent:3,2,2026-05-04,7.265,9,0.25
reconquete:ideologiquement_coherent:3,3,2026-05-17,7.467,9,0.2
reconquete:ideologiquement_coherent:3,4,2026-05-31,10.3,8,2.83
reconquete:ideologiquement_coherent:3,5,2026-06-16,7.763,9,-2.54
reconquete:ideologiquement_coherent:3,6,2026-07-02,7.865,9,0.1
reconquete:ideologiquement_coherent:3,7,2026-07-15,7.927,9,0.06
reconquete:ideologiquement_coherent:3,8,2026-07-31,9.3,9,1.37
reconquete:ideologiquement_coherent:3,9,2026-08-15,8.585,9,-0.71
reconquete:ideologiquement_coherent:3,10,2026-08-28,8.843,9,0.26
reconquete:ideologiquement_coherent:3,11,2026-09-11,8.941,9,0.1
reconquete:ideologiquement_coherent:3,12,2026-09-27,8.1,9,-0.84
reconquete:ideologiquement_coherent:3,13,2026-10-11,9.177,9,1.08
reconquete:ideologiquement_coherent:3,14,2026-10-30,9.464,9,0.29
reconquete:ideologiquement_coherent:3,15,2026-11-16,9.571,9,0.11
reconquete:ideologiquement_coherent:3,16,2026-12-01,9.4,9,-0.17
reconquete:ideologiquement_coherent:3,17,2026-12-17,9.776,9,0.38
reconquete:ideologiquement_coherent:3,18,2027-01-02,10.003,8,0.23
reconquete:ideologiquement_coherent:3,19,2027-01-21,10.159,8,0.16
reconquete:ideologiquement_coherent:3,20,2027-02-10,8.3,9,-1.86
reconquete:ideologiquement_coherent:3,21,2027-03-01,10.503,8,2.2
reconquete:ideologiquement_coherent:3,22,2027-03-20,10.895,5,0.39
reconquete:ideologiquement_coherent:3,23,2027-03-31,11.081,4,0.19
reconquete:ideologiquement_coherent:3,24,2027-04-17,11.548,4,0.47
reconquete:ideologiquement_coherent:3,25,2027-04-18,11.669,4,0.12
reconquete:opportuniste_electoral:0,1,2026-04-18,6.95,9,-1.45
reconquete:opportuniste_electoral:0,2,2026-05-02,7.132,9,0.18
reconquete:opportuniste_electoral:0,3,2026-05-19,7.255,9,0.12
reconquete:opportuniste_electoral:0,4,2026-06-01,4.5,9,-2.75
reconquete:opportuniste_electoral:0,5,2026-06-20,7.623,9,3.12
reconquete:opportuniste_electoral:0,6,2026-07-07,7.764,9,0.14
reconquete:opportuniste_electoral:0,7,2026-07-24,7.996,9,0.23
reconquete:opportuniste_electoral:0,8,2026-08-07,8.4,9,0.4
reconquete:opportuniste_electoral:0,9,2026-08-23,8.601,9,0.2
reconquete:opportuniste_electoral:0,10,2026-09-09,8.855,9,0.25
reconquete:opportuniste_electoral:0,11,2026-09-26,9.281,9,0.43
reconquete:opportuniste_electoral:0,12,2026-10-09,11,7,1.72
reconquete:opportuniste_electoral:0,13,2026-10-21,9.366,9,-1.63
reconquete:opportuniste_electoral:0,14,2026-11-07,9.373,9,0.01
reconquete:opportuniste_electoral:0,15,2026-11-25,9.474,9,0.1
reconquete:opportuniste_electoral:0,16,2026-12-13,8.8,9,-0.67
reconquete:opportuniste_electoral:0,17,2026-12-27,9.694,9,0.89
reconquete:opportuniste_electoral:0,18,2027-01-15,9.759,9,0.06
reconquete:opportuniste_electoral:0,19,2027-01-28,9.887,9,0.13
reconquete:opportuniste_electoral:0,20,2027-02-11,11,5,1.11
reconquete:opportuniste_electoral:0,21,2027-02-28,10.522,7,-0.48
reconquete:opportuniste_electoral:0,22,2027-03-14,10.638,6,0.12
reconquete:opportuniste_electoral:0,23,2027-03-30,10.778,6,0.14
reconquete:opportuniste_electoral:0,24,2027-04-17,10.858,6,0.08
reconquete:opportuniste_electoral:0,25,2027-04-18,11.079,5,0.22
reconquete:opportuniste_electoral:0,26,2027-04-20,11.234,4,0.15
reconquete:opportuniste_electoral:0,27,2027-04-22,11.399,3,0.16
reconquete:opportuniste_electoral:0,28,2027-04-24,9.4,9,-2
reconquete:opportuniste_electoral:0,29,2027-04-26,11.507,3,2.11
reconquete:opportuniste_electoral:1,1,2026-04-18,7.408,9,0.21
reconquete:opportuniste_electoral:1,2,2026-04-30,7.716,9,0.31
reconquete:opportuniste_electoral:1,3,2026-05-13,7.858,9,0.14
reconquete:opportuniste_electoral:1,4,2026-05-28,9.1,9,1.24
reconquete:opportuniste_electoral:1,5,2026-06-14,7.319,9,-1.78
reconquete:opportuniste_electoral:1,6,2026-06-29,7.15,9,-0.17
reconquete:opportuniste_electoral:1,7,2026-07-15,7.157,9,0.01
reconquete:opportuniste_electoral:1,8,2026-07-28,8.4,9,1.24
reconquete:opportuniste_electoral:1,9,2026-08-10,7.322,9,-1.08
reconquete:opportuniste_electoral:1,10,2026-08-24,7.34,9,0.02
reconquete:opportuniste_electoral:1,11,2026-09-07,7.425,9,0.08
reconquete:opportuniste_electoral:1,12,2026-09-24,9.2,9,1.77
reconquete:opportuniste_electoral:1,13,2026-10-09,7.649,9,-1.55
reconquete:opportuniste_electoral:1,14,2026-10-29,7.931,9,0.28
reconquete:opportuniste_electoral:1,15,2026-11-13,8.336,9,0.41
reconquete:opportuniste_electoral:1,16,2026-11-30,6.5,9,-1.84
reconquete:opportuniste_electoral:1,17,2026-12-14,8.887,9,2.39
reconquete:opportuniste_electoral:1,18,2027-01-02,8.908,9,0.02
reconquete:opportuniste_electoral:1,19,2027-01-21,9.173,9,0.27
reconquete:opportuniste_electoral:1,20,2027-02-08,11.8,4,2.63
reconquete:opportuniste_electoral:1,21,2027-02-27,8.651,9,-3.15
reconquete:opportuniste_electoral:1,22,2027-03-13,8.347,9,-0.3
reconquete:opportuniste_electoral:1,23,2027-03-29,8.236,9,-0.11
reconquete:opportuniste_electoral:1,24,2027-04-17,8.022,9,-0.21
reconquete:opportuniste_electoral:1,25,2027-04-18,8.329,9,0.31
reconquete:opportuniste_electoral:2,1,2026-04-18,6.615,9,-3.48
reconquete:opportuniste_electoral:2,2,2026-05-03,6.715,9,0.1
reconquete:opportuniste_electoral:2,3,2026-05-16,6.68,9,-0.04
reconquete:opportuniste_electoral:2,4,2026-06-01,9.8,9,3.12
reconquete:opportuniste_electoral:2,5,2026-06-20,7.008,9,-2.79
reconquete:opportuniste_electoral:2,6,2026-07-06,7.107,9,0.1
reconquete:opportuniste_electoral:2,7,2026-07-23,7.067,9,-0.04
reconquete:opportuniste_electoral:2,8,2026-08-08,6.4,9,-0.67
reconquete:opportuniste_electoral:2,9,2026-08-23,7.195,9,0.79
reconquete:opportuniste_electoral:2,10,2026-09-09,7.43,9,0.23
reconquete:opportuniste_electoral:2,11,2026-09-25,7.577,9,0.15
reconquete:opportuniste_electoral:2,12,2026-10-07,8.3,9,0.72
reconquete:opportuniste_electoral:2,13,2026-10-20,8.466,9,0.17
reconquete:opportuniste_electoral:2,14,2026-11-06,8.613,9,0.15
reconquete:opportuniste_electoral:2,15,2026-11-25,8.765,9,0.15
reconquete:opportuniste_electoral:2,16,2026-12-13,11.2,5,2.43
reconquete:opportuniste_electoral:2,17,2026-12-29,8.958,9,-2.24
reconquete:opportuniste_electoral:2,18,2027-01-16,9.178,9,0.22
reconquete:opportuniste_electoral:2,19,2027-02-01,9.364,9,0.19
reconquete:opportuniste_electoral:2,20,2027-02-18,7.1,9,-2.26
reconquete:opportuniste_electoral:2,21,2027-03-02,9.855,8,2.76
reconquete:opportuniste_electoral:2,22,2027-03-18,10.033,8,0.18
reconquete:opportuniste_electoral:2,23,2027-04-05,10.254,8,0.22
reconquete:opportuniste_electoral:2,24,2027-04-17,10.544,7,0.29
reconquete:opportuniste_electoral:2,25,2027-04-18,10.886,6,0.34
reconquete:opportuniste_electoral:3,1,2026-04-18,7.011,9,-0.99
reconquete:opportuniste_electoral:3,2,2026-05-04,7.126,9,0.12
reconquete:opportuniste_electoral:3,3,2026-05-17,6.951,9,-0.18
reconquete:opportuniste_electoral:3,4,2026-05-31,9.8,9,2.85
reconquete:opportuniste_electoral:3,5,2026-06-16,7.175,9,-2.63
reconquete:opportuniste_electoral:3,6,2026-07-02,7.53,9,0.36
reconquete:opportuniste_electoral:3,7,2026-07-15,7.737,9,0.21
reconquete:opportuniste_electoral:3,8,2026-07-31,9,9,1.26
reconquete:opportuniste_electoral:3,9,2026-08-15,8.1,9,-0.9
reconquete:opportuniste_electoral:3,10,2026-08-28,8.277,9,0.18
reconquete:opportuniste_electoral:3,11,2026-09-11,8.349,9,0.07
reconquete:opportuniste_electoral:3,12,2026-09-27,7.6,9,-0.75
reconquete:opportuniste_electoral:3,13,2026-10-11,8.498,9,0.9
reconquete:opportuniste_electoral:3,14,2026-10-30,8.456,9,-0.04
reconquete:opportuniste_electoral:3,15,2026-11-16,8.507,9,0.05
reconquete:opportuniste_electoral:3,16,2026-12-02,5.7,9,-2.81
reconquete:opportuniste_electoral:3,17,2026-12-16,8.735,9,3.03
reconquete:opportuniste_electoral:3,18,2027-01-04,8.844,9,0.11
reconquete:opportuniste_electoral:3,19,2027-01-23,9.135,9,0.29
reconquete:opportuniste_electoral:3,20,2027-02-08,10.9,6,1.77
reconquete:opportuniste_electoral:3,21,2027-02-26,9.653,9,-1.25
reconquete:opportuniste_electoral:3,22,2027-03-18,9.866,9,0.21
reconquete:opportuniste_electoral:3,23,2027-03-30,9.865,9,0
reconquete:opportuniste_electoral:3,24,2027-04-17,9.66,9,-0.21
reconquete:opportuniste_electoral:3,25,2027-04-18,9.666,9,0.01
reconquete:parti_dabord:0,1,2026-04-18,6.95,9,-1.45
reconquete:parti_dabord:0,2,2026-05-02,7.132,9,0.18
reconquete:parti_dabord:0,3,2026-05-19,7.245,9,0.11
reconquete:parti_dabord:0,4,2026-06-01,4.4,9,-2.84
reconquete:parti_dabord:0,5,2026-06-20,7.346,9,2.95
reconquete:parti_dabord:0,6,2026-07-07,7.403,9,0.06
reconquete:parti_dabord:0,7,2026-07-24,7.606,9,0.2
reconquete:parti_dabord:0,8,2026-08-07,8.1,9,0.49
reconquete:parti_dabord:0,9,2026-08-23,8.189,9,0.09
reconquete:parti_dabord:0,10,2026-09-09,8.455,9,0.27
reconquete:parti_dabord:0,11,2026-09-26,8.877,9,0.42
reconquete:parti_dabord:0,12,2026-10-09,10.8,8,1.92
reconquete:parti_dabord:0,13,2026-10-21,9.009,9,-1.79
reconquete:parti_dabord:0,14,2026-11-07,9.153,9,0.14
reconquete:parti_dabord:0,15,2026-11-25,9.3,9,0.15
reconquete:parti_dabord:0,16,2026-12-13,8.6,9,-0.7
reconquete:parti_dabord:0,17,2026-12-27,8.562,9,-0.04
reconquete:parti_dabord:0,18,2027-01-15,8.307,9,-0.25
reconquete:parti_dabord:0,19,2027-01-28,8.551,9,0.24
reconquete:parti_dabord:0,20,2027-02-11,9.6,9,1.05
reconquete:parti_dabord:0,21,2027-02-28,8.667,9,-0.93
reconquete:parti_dabord:0,22,2027-03-14,8.697,9,0.03
reconquete:parti_dabord:0,23,2027-03-30,8.731,9,0.03
reconquete:parti_dabord:0,24,2027-04-17,8.943,9,0.21
reconquete:parti_dabord:0,25,2027-04-18,9.05,9,0.11
reconquete:parti_dabord:1,1,2026-04-18,7.408,9,0.21
reconquete:parti_dabord:1,2,2026-04-30,7.771,9,0.36
reconquete:parti_dabord:1,3,2026-05-13,7.989,9,0.22
reconquete:parti_dabord:1,4,2026-05-28,9.5,9,1.51
reconquete:parti_dabord:1,5,2026-06-14,8.51,9,-0.99
reconquete:parti_dabord:1,6,2026-06-29,8.529,9,0.02
reconquete:parti_dabord:1,7,2026-07-15,8.594,9,0.06
reconquete:parti_dabord:1,8,2026-07-28,9.3,9,0.71
reconquete:parti_dabord:1,9,2026-08-10,8.773,9,-0.53
reconquete:parti_dabord:1,10,2026-08-24,8.92,9,0.15
reconquete:parti_dabord:1,11,2026-09-07,9.044,9,0.12
reconquete:parti_dabord:1,12,2026-09-24,10.7,8,1.66
reconquete:parti_dabord:1,13,2026-10-09,9.213,9,-1.49
reconquete:parti_dabord:1,14,2026-10-29,9.427,9,0.21
reconquete:parti_dabord:1,15,2026-11-13,9.386,9,-0.04
reconquete:parti_dabord:1,16,2026-11-30,7.7,9,-1.69
reconquete:parti_dabord:1,17,2026-12-14,9.725,9,2.02
reconquete:parti_dabord:1,18,2027-01-02,9.757,8,0.03
reconquete:parti_dabord:1,19,2027-01-21,9.984,8,0.23
reconquete:parti_dabord:1,20,2027-02-08,12.8,1,2.82
reconquete:parti_dabord:1,21,2027-02-27,10.179,8,-2.62
reconquete:parti_dabord:1,22,2027-03-13,10.115,8,-0.06
reconquete:parti_dabord:1,23,2027-03-29,10.255,8,0.14
reconquete:parti_dabord:1,24,2027-04-17,10.465,7,0.21
reconquete:parti_dabord:1,25,2027-04-18,10.483,7,0.02
reconquete:parti_dabord:2,1,2026-04-18,6.94,9,-3.16
reconquete:parti_dabord:2,2,2026-05-03,7.154,9,0.21
reconquete:parti_dabord:2,3,2026-05-16,7.284,9,0.13
reconquete:parti_dabord:2,4,2026-06-01,10.2,9,2.92
reconquete:parti_dabord:2,5,2026-06-20,7.601,9,-2.6
reconquete:parti_dabord:2,6,2026-07-06,7.743,9,0.14
reconquete:parti_dabord:2,7,2026-07-23,7.938,9,0.19
reconquete:parti_dabord:2,8,2026-08-08,7.3,9,-0.64
reconquete:parti_dabord:2,9,2026-08-23,8.158,9,0.86
reconquete:parti_dabord:2,10,2026-09-09,8.404,9,0.25
reconquete:parti_dabord:2,11,2026-09-25,8.548,9,0.14
reconquete:parti_dabord:2,12,2026-10-07,9.2,9,0.65
reconquete:parti_dabord:2,13,2026-10-20,8.991,9,-0.21
reconquete:parti_dabord:2,14,2026-11-06,8.977,9,-0.01
reconquete:parti_dabord:2,15,2026-11-25,9.073,9,0.1
reconquete:parti_dabord:2,16,2026-12-13,11.7,4,2.63
reconquete:parti_dabord:2,17,2026-12-29,9.196,9,-2.5
reconquete:parti_dabord:2,18,2027-01-16,9.382,9,0.19
reconquete:parti_dabord:2,19,2027-02-01,9.561,9,0.18
reconquete:parti_dabord:2,20,2027-02-18,7.6,9,-1.96
reconquete:parti_dabord:2,21,2027-03-02,10.278,8,2.68
reconquete:parti_dabord:2,22,2027-03-18,10.435,8,0.16
reconquete:parti_dabord:2,23,2027-04-05,10.397,8,-0.04
reconquete:parti_dabord:2,24,2027-04-17,10.566,7,0.17
reconquete:parti_dabord:2,25,2027-04-18,10.594,7,0.03
reconquete:parti_dabord:3,1,2026-04-18,6.976,9,-1.02
reconquete:parti_dabord:3,2,2026-05-04,7.081,9,0.11
reconquete:parti_dabord:3,3,2026-05-17,7.242,9,0.16
reconquete:parti_dabord:3,4,2026-05-31,10.1,9,2.86
reconquete:parti_dabord:3,5,2026-06-16,7.611,9,-2.49
reconquete:parti_dabord:3,6,2026-07-02,7.932,9,0.32
reconquete:parti_dabord:3,7,2026-07-15,8.124,9,0.19
reconquete:parti_dabord:3,8,2026-07-31,9.4,9,1.28
reconquete:parti_dabord:3,9,2026-08-15,8.67,9,-0.73
reconquete:parti_dabord:3,10,2026-08-28,8.866,9,0.2
reconquete:parti_dabord:3,11,2026-09-11,9.005,9,0.14
reconquete:parti_dabord:3,12,2026-09-27,8.2,9,-0.81
reconquete:parti_dabord:3,13,2026-10-11,9.18,9,0.98
reconquete:parti_dabord:3,14,2026-10-30,9.393,9,0.21
reconquete:parti_dabord:3,15,2026-11-16,9.481,9,0.09
reconquete:parti_dabord:3,16,2026-12-02,6.6,9,-2.88
reconquete:parti_dabord:3,17,2026-12-16,9.666,9,3.07
reconquete:parti_dabord:3,18,2027-01-04,9.841,8,0.17
reconquete:parti_dabord:3,19,2027-01-23,10.15,8,0.31
reconquete:parti_dabord:3,20,2027-02-08,11.6,4,1.45
reconquete:parti_dabord:3,21,2027-02-26,10.146,8,-1.45
reconquete:parti_dabord:3,22,2027-03-18,10.145,8,0
reconquete:parti_dabord:3,23,2027-03-30,10.069,8,-0.08
reconquete:parti_dabord:3,24,2027-04-17,10.203,8,0.13
reconquete:parti_dabord:3,25,2027-04-18,10.336,8,0.13
reconquete:parti_dabord:3,26,2027-04-20,10.369,8,0.03
reconquete:parti_dabord:3,27,2027-04-22,10.354,8,-0.02
reconquete:parti_dabord:3,28,2027-04-24,7.7,9,-2.65
reconquete:parti_dabord:3,29,2027-04-26,10.091,8,2.39
reconquete:mediatique:0,1,2026-04-18,6.95,9,-1.45
reconquete:mediatique:0,2,2026-05-02,7.132,9,0.18
reconquete:mediatique:0,3,2026-05-19,7.255,9,0.12
reconquete:mediatique:0,4,2026-06-01,4.5,9,-2.75
reconquete:mediatique:0,5,2026-06-20,7.623,9,3.12
reconquete:mediatique:0,6,2026-07-07,7.764,9,0.14
reconquete:mediatique:0,7,2026-07-24,7.996,9,0.23
reconquete:mediatique:0,8,2026-08-07,8.4,9,0.4
reconquete:mediatique:0,9,2026-08-23,8.601,9,0.2
reconquete:mediatique:0,10,2026-09-09,8.855,9,0.25
reconquete:mediatique:0,11,2026-09-26,9.281,9,0.43
reconquete:mediatique:0,12,2026-10-09,11,7,1.72
reconquete:mediatique:0,13,2026-10-21,8.947,9,-2.05
reconquete:mediatique:0,14,2026-11-07,8.816,9,-0.13
reconquete:mediatique:0,15,2026-11-25,8.799,9,-0.02
reconquete:mediatique:0,16,2026-12-13,8.2,9,-0.6
reconquete:mediatique:0,17,2026-12-27,8.938,9,0.74
reconquete:mediatique:0,18,2027-01-15,8.998,9,0.06
reconquete:mediatique:0,19,2027-01-28,9.04,9,0.04
reconquete:mediatique:0,20,2027-02-11,9.8,9,0.76
reconquete:mediatique:0,21,2027-02-28,8.994,9,-0.81
reconquete:mediatique:0,22,2027-03-14,8.848,9,-0.15
reconquete:mediatique:0,23,2027-03-30,9.022,9,0.17
reconquete:mediatique:0,24,2027-04-17,9.291,9,0.27
reconquete:mediatique:0,25,2027-04-18,9.413,9,0.12
reconquete:mediatique:1,1,2026-04-18,7.408,9,0.21
reconquete:mediatique:1,2,2026-04-30,7.708,9,0.3
reconquete:mediatique:1,3,2026-05-13,7.568,9,-0.14
reconquete:mediatique:1,4,2026-05-28,9,9,1.43
reconquete:mediatique:1,5,2026-06-14,7.321,9,-1.68
reconquete:mediatique:1,6,2026-06-29,7.185,9,-0.14
reconquete:mediatique:1,7,2026-07-15,7.218,9,0.03
reconquete:mediatique:1,8,2026-07-28,8.4,9,1.18
reconquete:mediatique:1,9,2026-08-10,7.394,9,-1.01
reconquete:mediatique:1,10,2026-08-24,7.816,9,0.42
reconquete:mediatique:1,11,2026-09-07,8.036,9,0.22
reconquete:mediatique:1,12,2026-09-24,9.7,9,1.66
reconquete:mediatique:1,13,2026-10-09,8.315,9,-1.38
reconquete:mediatique:1,14,2026-10-29,8.595,9,0.28
reconquete:mediatique:1,15,2026-11-13,8.591,9,0
reconquete:mediatique:1,16,2026-11-30,6.7,9,-1.89
reconquete:mediatique:1,17,2026-12-14,8.3,9,1.6
reconquete:mediatique:1,18,2027-01-02,8.127,9,-0.17
reconquete:mediatique:1,19,2027-01-21,7.862,9,-0.27
reconquete:mediatique:1,20,2027-02-08,10.7,8,2.84
reconquete:mediatique:1,21,2027-02-27,7.912,9,-2.79
reconquete:mediatique:1,22,2027-03-13,7.853,9,-0.06
reconquete:mediatique:1,23,2027-03-29,8.028,9,0.18
reconquete:mediatique:1,24,2027-04-17,8.165,9,0.14
reconquete:mediatique:1,25,2027-04-18,8.203,9,0.04
reconquete:mediatique:2,1,2026-04-18,6.615,9,-3.48
reconquete:mediatique:2,2,2026-05-03,6.555,9,-0.06
reconquete:mediatique:2,3,2026-05-16,6.464,9,-0.09
reconquete:mediatique:2,4,2026-06-01,9.5,9,3.04
reconquete:mediatique:2,5,2026-06-20,6.519,9,-2.98
reconquete:mediatique:2,6,2026-07-06,6.595,9,0.08
reconquete:mediatique:2,7,2026-07-23,6.546,9,-0.05
reconquete:mediatique:2,8,2026-08-08,5.9,9,-0.65
reconquete:mediatique:2,9,2026-08-23,6.669,9,0.77
reconquete:mediatique:2,10,2026-09-09,6.905,9,0.24
reconquete:mediatique:2,11,2026-09-25,7.087,9,0.18
reconquete:mediatique:2,12,2026-10-07,7.8,9,0.71
reconquete:mediatique:2,13,2026-10-20,7.604,9,-0.2
reconquete:mediatique:2,14,2026-11-06,7.655,9,0.05
reconquete:mediatique:2,15,2026-11-25,7.778,9,0.12
reconquete:mediatique:2,16,2026-12-13,10.3,8,2.52
reconquete:mediatique:2,17,2026-12-29,7.942,9,-2.36
reconquete:mediatique:2,18,2027-01-16,8.18,9,0.24
reconquete:mediatique:2,19,2027-02-01,8.291,9,0.11
reconquete:mediatique:2,20,2027-02-18,6.1,9,-2.19
reconquete:mediatique:2,21,2027-03-02,8.697,9,2.6
reconquete:mediatique:2,22,2027-03-18,8.836,9,0.14
reconquete:mediatique:2,23,2027-04-05,9.051,9,0.21
reconquete:mediatique:2,24,2027-04-17,9.341,9,0.29
reconquete:mediatique:2,25,2027-04-18,9.432,9,0.09
reconquete:mediatique:3,1,2026-04-18,6.976,9,-1.02
reconquete:mediatique:3,2,2026-05-04,7.081,9,0.11
reconquete:mediatique:3,3,2026-05-17,6.903,9,-0.18
reconquete:mediatique:3,4,2026-05-31,9.8,9,2.9
reconquete:mediatique:3,5,2026-06-16,7.12,9,-2.68
reconquete:mediatique:3,6,2026-07-02,7.465,9,0.34
reconquete:mediatique:3,7,2026-07-15,7.668,9,0.2
reconquete:mediatique:3,8,2026-07-31,8.7,9,1.03
reconquete:mediatique:3,9,2026-08-15,7.757,9,-0.94
reconquete:mediatique:3,10,2026-08-28,7.968,9,0.21
reconquete:mediatique:3,11,2026-09-11,8.053,9,0.09
reconquete:mediatique:3,12,2026-09-27,7.4,9,-0.65
reconquete:mediatique:3,13,2026-10-11,8.208,9,0.81
reconquete:mediatique:3,14,2026-10-30,8.168,9,-0.04
reconquete:mediatique:3,15,2026-11-16,8.219,9,0.05
reconquete:mediatique:3,16,2026-12-02,5.4,9,-2.82
reconquete:mediatique:3,17,2026-12-16,8.442,9,3.04
reconquete:mediatique:3,18,2027-01-04,8.424,9,-0.02
reconquete:mediatique:3,19,2027-01-23,8.681,9,0.26
reconquete:mediatique:3,20,2027-02-08,10.3,8,1.62
reconquete:mediatique:3,21,2027-02-26,8.883,9,-1.42
reconquete:mediatique:3,22,2027-03-18,9.126,9,0.24
reconquete:mediatique:3,23,2027-03-30,9.134,9,0.01
reconquete:mediatique:3,24,2027-04-17,9.435,9,0.3
reconquete:mediatique:3,25,2027-04-18,9.517,9,0.08
reconquete:contrarien:0,1,2026-04-18,6.95,9,-1.45
reconquete:contrarien:0,2,2026-05-02,7.02,9,0.07
reconquete:contrarien:0,3,2026-05-19,7.091,9,0.07
reconquete:contrarien:0,4,2026-06-01,4.3,9,-2.79
reconquete:contrarien:0,5,2026-06-20,7.413,9,3.11
reconquete:contrarien:0,6,2026-07-07,7.585,9,0.17
reconquete:contrarien:0,7,2026-07-24,6.912,9,-0.67
reconquete:contrarien:0,8,2026-08-07,7.1,9,0.19
reconquete:contrarien:0,9,2026-08-23,6.671,9,-0.43
reconquete:contrarien:0,10,2026-09-08,6.749,9,0.08
reconquete:contrarien:0,11,2026-09-25,6.618,9,-0.13
reconquete:contrarien:0,12,2026-10-08,8.8,9,2.18
reconquete:contrarien:0,13,2026-10-21,6.693,9,-2.11
reconquete:contrarien:0,14,2026-11-07,6.606,9,-0.09
reconquete:contrarien:0,15,2026-11-25,6.675,9,0.07
reconquete:contrarien:0,16,2026-12-13,6,9,-0.67
reconquete:contrarien:0,17,2026-12-27,7.029,9,1.03
reconquete:contrarien:0,18,2027-01-15,7.144,9,0.12
reconquete:contrarien:0,19,2027-01-28,7.19,9,0.05
reconquete:contrarien:0,20,2027-02-11,7.7,9,0.51
reconquete:contrarien:0,21,2027-02-28,7.142,9,-0.56
reconquete:contrarien:0,22,2027-03-14,7.192,9,0.05
reconquete:contrarien:0,23,2027-03-30,7.284,9,0.09
reconquete:contrarien:0,24,2027-04-17,7.379,9,0.09
reconquete:contrarien:0,25,2027-04-18,7.411,9,0.03
reconquete:contrarien:1,1,2026-04-18,7.219,9,0.02
reconquete:contrarien:1,2,2026-04-30,7.465,9,0.25
reconquete:contrarien:1,3,2026-05-13,7.582,9,0.12
reconquete:contrarien:1,4,2026-05-28,9,9,1.42
reconquete:contrarien:1,5,2026-06-14,7.825,9,-1.17
reconquete:contrarien:1,6,2026-06-29,8.07,9,0.25
reconquete:contrarien:1,7,2026-07-15,8.224,9,0.15
reconquete:contrarien:1,8,2026-07-28,8.9,9,0.68
reconquete:contrarien:1,9,2026-08-10,8.201,9,-0.7
reconquete:contrarien:1,10,2026-08-24,8.209,9,0.01
reconquete:contrarien:1,11,2026-09-07,8.155,9,-0.05
reconquete:contrarien:1,12,2026-09-24,10,9,1.85
reconquete:contrarien:1,13,2026-10-09,7.534,9,-2.47
reconquete:contrarien:1,14,2026-10-29,7.4,9,-0.13
reconquete:contrarien:1,15,2026-11-17,7.443,9,0.04
reconquete:contrarien:1,16,2026-12-01,6.6,9,-0.84
reconquete:contrarien:1,17,2026-12-17,7.728,9,1.13
reconquete:contrarien:1,18,2026-12-31,7.954,9,0.23
reconquete:contrarien:1,19,2027-01-19,7.955,9,0
reconquete:contrarien:1,20,2027-02-04,10.1,8,2.14
reconquete:contrarien:1,21,2027-02-19,8.025,9,-2.07
reconquete:contrarien:1,22,2027-03-08,7.944,9,-0.08
reconquete:contrarien:1,23,2027-03-26,7.519,9,-0.42
reconquete:contrarien:1,24,2027-04-17,7.153,9,-0.37
reconquete:contrarien:1,25,2027-04-18,7.064,9,-0.09
reconquete:contrarien:2,1,2026-04-18,6.745,9,-3.35
reconquete:contrarien:2,2,2026-05-03,6.731,9,-0.01
reconquete:contrarien:2,3,2026-05-16,6.657,9,-0.07
reconquete:contrarien:2,4,2026-06-01,9.7,9,3.04
reconquete:contrarien:2,5,2026-06-20,6.704,9,-3
reconquete:contrarien:2,6,2026-07-06,6.814,9,0.11
reconquete:contrarien:2,7,2026-07-23,6.777,9,-0.04
reconquete:contrarien:2,8,2026-08-08,6.4,9,-0.38
reconquete:contrarien:2,9,2026-08-23,7.163,9,0.76
reconquete:contrarien:2,10,2026-09-09,7.22,9,0.06
reconquete:contrarien:2,11,2026-09-25,7.313,9,0.09
reconquete:contrarien:2,12,2026-10-07,7.7,9,0.39
reconquete:contrarien:2,13,2026-10-20,7.061,9,-0.64
reconquete:contrarien:2,14,2026-11-06,6.991,9,-0.07
reconquete:contrarien:2,15,2026-11-25,6.986,9,0
reconquete:contrarien:2,16,2026-12-13,9.7,9,2.71
reconquete:contrarien:2,17,2026-12-29,7.121,9,-2.58
reconquete:contrarien:2,18,2027-01-16,7.092,9,-0.03
reconquete:contrarien:2,19,2027-02-01,7.126,9,0.03
reconquete:contrarien:2,20,2027-02-18,4.9,9,-2.23
reconquete:contrarien:2,21,2027-03-02,7.415,9,2.51
reconquete:contrarien:2,22,2027-03-18,7.618,9,0.2
reconquete:contrarien:2,23,2027-04-05,7.811,9,0.19
reconquete:contrarien:2,24,2027-04-17,8.157,9,0.35
reconquete:contrarien:2,25,2027-04-18,8.131,9,-0.03
reconquete:contrarien:3,1,2026-04-18,6.976,9,-1.02
reconquete:contrarien:3,2,2026-05-04,7.042,9,0.07
reconquete:contrarien:3,3,2026-05-17,6.851,9,-0.19
reconquete:contrarien:3,4,2026-05-31,9.8,9,2.95
reconquete:contrarien:3,5,2026-06-16,7.061,9,-2.74
reconquete:contrarien:3,6,2026-07-02,7.407,9,0.35
reconquete:contrarien:3,7,2026-07-15,7.609,9,0.2
reconquete:contrarien:3,8,2026-07-31,8.7,9,1.09
reconquete:contrarien:3,9,2026-08-15,7.391,9,-1.31
reconquete:contrarien:3,10,2026-08-28,7.456,9,0.07
reconquete:contrarien:3,11,2026-09-11,7.58,9,0.12
reconquete:contrarien:3,12,2026-09-27,7,9,-0.58
reconquete:contrarien:3,13,2026-10-11,7.751,9,0.75
reconquete:contrarien:3,14,2026-10-30,7.722,9,-0.03
reconquete:contrarien:3,15,2026-11-16,7.793,9,0.07
reconquete:contrarien:3,16,2026-12-01,7.8,9,0.01
reconquete:contrarien:3,17,2026-12-17,8.158,9,0.36
reconquete:contrarien:3,18,2027-01-02,8.247,9,0.09
reconquete:contrarien:3,19,2027-01-21,8.373,9,0.13
reconquete:contrarien:3,20,2027-02-10,6.1,9,-2.27
reconquete:contrarien:3,21,2027-03-01,7.413,9,1.31
reconquete:contrarien:3,22,2027-03-20,7.59,9,0.18
reconquete:contrarien:3,23,2027-03-31,7.012,9,-0.58
reconquete:contrarien:3,24,2027-04-17,6.822,9,-0.19
reconquete:contrarien:3,25,2027-04-18,7.058,9,0.24
nouvelle_energie:aleatoire:0,1,2026-04-18,11.879,3,0.58
nouvelle_energie:aleatoire:0,2,2026-05-02,12.188,3,0.31
nouvelle_energie:aleatoire:0,3,2026-05-19,12.46,2,0.27
nouvelle_energie:aleatoire:0,4,2026-06-01,9.4,8,-3.06
nouvelle_energie:aleatoire:0,5,2026-06-20,12.283,3,2.88
nouvelle_energie:aleatoire:0,6,2026-07-07,12.386,3,0.1
nouvelle_energie:aleatoire:0,7,2026-07-24,12.56,2,0.17
nouvelle_energie:aleatoire:0,8,2026-08-07,10.4,7,-2.16
nouvelle_energie:aleatoire:0,9,2026-08-23,12.802,1,2.4
nouvelle_energie:aleatoire:0,10,2026-09-08,12.891,1,0.09
nouvelle_energie:aleatoire:0,11,2026-09-25,13.362,1,0.47
nouvelle_energie:aleatoire:0,12,2026-10-08,12.4,2,-0.96
nouvelle_energie:aleatoire:0,13,2026-10-21,13.945,1,1.54
nouvelle_energie:aleatoire:0,14,2026-11-07,14.116,1,0.17
nouvelle_energie:aleatoire:0,15,2026-11-25,14.269,1,0.15
nouvelle_energie:aleatoire:0,16,2026-12-13,13.4,1,-0.87
nouvelle_energie:aleatoire:0,17,2026-12-27,14.623,1,1.22
nouvelle_energie:aleatoire:0,18,2027-01-15,14.718,1,0.1
nouvelle_energie:aleatoire:0,19,2027-01-28,15.071,1,0.35
nouvelle_energie:aleatoire:0,20,2027-02-11,13.2,1,-1.87
nouvelle_energie:aleatoire:0,21,2027-02-28,15.459,1,2.26
nouvelle_energie:aleatoire:0,22,2027-03-14,15.389,1,-0.07
nouvelle_energie:aleatoire:0,23,2027-03-30,15.786,1,0.4
nouvelle_energie:aleatoire:0,24,2027-04-17,16.052,1,0.27
nouvelle_energie:aleatoire:0,25,2027-04-18,16.19,1,0.14
nouvelle_energie:aleatoire:0,26,2027-04-20,16.302,1,0.11
nouvelle_energie:aleatoire:0,27,2027-04-22,16.405,1,0.1
nouvelle_energie:aleatoire:0,28,2027-04-24,15.7,1,-0.71
nouvelle_energie:aleatoire:0,29,2027-04-26,16.16,1,0.46
nouvelle_energie:aleatoire:0,30,2027-05-02,15.834,1,-0.33
nouvelle_energie:aleatoire:0,31,2027-05-03,15.819,1,-0.01
nouvelle_energie:aleatoire:1,1,2026-04-18,12.178,3,0.28
nouvelle_energie:aleatoire:1,2,2026-04-30,12.422,2,0.24
nouvelle_energie:aleatoire:1,3,2026-05-13,12.622,2,0.2
nouvelle_energie:aleatoire:1,4,2026-05-28,11.2,5,-1.42
nouvelle_energie:aleatoire:1,5,2026-06-14,13.09,1,1.89
nouvelle_energie:aleatoire:1,6,2026-06-29,13.387,1,0.3
nouvelle_energie:aleatoire:1,7,2026-07-15,13.525,1,0.14
nouvelle_energie:aleatoire:1,8,2026-07-28,14,1,0.47
nouvelle_energie:aleatoire:1,9,2026-08-10,13.709,1,-0.29
nouvelle_energie:aleatoire:1,10,2026-08-24,13.59,1,-0.12
nouvelle_energie:aleatoire:1,11,2026-09-07,13.439,1,-0.15
nouvelle_energie:aleatoire:1,12,2026-09-24,11.7,4,-1.74
nouvelle_energie:aleatoire:1,13,2026-10-09,13.522,1,1.82
nouvelle_energie:aleatoire:1,14,2026-10-29,13.415,1,-0.11
nouvelle_energie:aleatoire:1,15,2026-11-13,13.549,1,0.13
nouvelle_energie:aleatoire:1,16,2026-11-30,11.5,4,-2.05
nouvelle_energie:aleatoire:1,17,2026-12-14,14.004,1,2.5
nouvelle_energie:aleatoire:1,18,2027-01-02,14.315,1,0.31
nouvelle_energie:aleatoire:1,19,2027-01-16,14.44,1,0.13
nouvelle_energie:aleatoire:1,20,2027-02-02,14.9,1,0.46
nouvelle_energie:aleatoire:1,21,2027-02-22,14.329,1,-0.57
nouvelle_energie:aleatoire:1,22,2027-03-10,14.34,1,0.01
nouvelle_energie:aleatoire:1,23,2027-03-27,14.128,1,-0.21
nouvelle_energie:aleatoire:1,24,2027-04-17,14.353,1,0.22
nouvelle_energie:aleatoire:1,25,2027-04-18,14.431,1,0.08
nouvelle_energie:aleatoire:1,26,2027-04-20,14.894,1,0.46
nouvelle_energie:aleatoire:1,27,2027-04-22,15.18,1,0.29
nouvelle_energie:aleatoire:1,28,2027-04-24,14.6,1,-0.58
nouvelle_energie:aleatoire:1,29,2027-04-26,15.825,1,1.22
nouvelle_energie:aleatoire:1,30,2027-05-02,15.709,1,-0.12
nouvelle_energie:aleatoire:1,31,2027-05-03,15.546,1,-0.16
nouvelle_energie:aleatoire:2,1,2026-04-18,12.184,3,-0.12
nouvelle_energie:aleatoire:2,2,2026-05-03,12.287,3,0.1
nouvelle_energie:aleatoire:2,3,2026-05-16,12.569,2,0.28
nouvelle_energie:aleatoire:2,4,2026-06-01,12.8,1,0.23
nouvelle_energie:aleatoire:2,5,2026-06-20,13.139,1,0.34
nouvelle_energie:aleatoire:2,6,2026-07-06,13.337,1,0.2
nouvelle_energie:aleatoire:2,7,2026-07-23,13.188,1,-0.15
nouvelle_energie:aleatoire:2,8,2026-08-05,11.1,6,-2.09
nouvelle_energie:aleatoire:2,9,2026-08-21,13.411,1,2.31
nouvelle_energie:aleatoire:2,10,2026-09-08,13.284,1,-0.13
nouvelle_energie:aleatoire:2,11,2026-09-22,13.324,1,0.04
nouvelle_energie:aleatoire:2,12,2026-10-05,10.2,8,-3.12
nouvelle_energie:aleatoire:2,13,2026-10-18,13.384,1,3.18
nouvelle_energie:aleatoire:2,14,2026-11-04,13.726,1,0.34
nouvelle_energie:aleatoire:2,15,2026-11-23,13.948,1,0.22
nouvelle_energie:aleatoire:2,16,2026-12-11,10.9,7,-3.05
nouvelle_energie:aleatoire:2,17,2026-12-28,14.286,1,3.39
nouvelle_energie:aleatoire:2,18,2027-01-15,14.837,1,0.55
nouvelle_energie:aleatoire:2,19,2027-01-31,15.251,1,0.41
nouvelle_energie:aleatoire:2,20,2027-02-17,16.7,1,1.45
nouvelle_energie:aleatoire:2,21,2027-03-02,15.288,1,-1.41
nouvelle_energie:aleatoire:2,22,2027-03-18,15.376,1,0.09
nouvelle_energie:aleatoire:2,23,2027-04-05,15.423,1,0.05
nouvelle_energie:aleatoire:2,24,2027-04-17,15.517,1,0.09
nouvelle_energie:aleatoire:2,25,2027-04-18,15.697,1,0.18
nouvelle_energie:aleatoire:2,26,2027-04-20,15.834,1,0.14
nouvelle_energie:aleatoire:2,27,2027-04-22,15.957,1,0.12
nouvelle_energie:aleatoire:2,28,2027-04-24,17.9,1,1.94
nouvelle_energie:aleatoire:2,29,2027-04-26,16.466,1,-1.43
nouvelle_energie:aleatoire:2,30,2027-05-02,16.292,1,-0.17
nouvelle_energie:aleatoire:2,31,2027-05-03,16.311,1,0.02
nouvelle_energie:aleatoire:3,1,2026-04-18,11.7,4,2.1
nouvelle_energie:aleatoire:3,2,2026-05-04,11.757,4,0.06
nouvelle_energie:aleatoire:3,3,2026-05-17,11.779,5,0.02
nouvelle_energie:aleatoire:3,4,2026-05-31,10.6,7,-1.18
nouvelle_energie:aleatoire:3,5,2026-06-16,12.124,3,1.52
nouvelle_energie:aleatoire:3,6,2026-07-02,11.922,4,-0.2
nouvelle_energie:aleatoire:3,7,2026-07-15,11.934,3,0.01
nouvelle_energie:aleatoire:3,8,2026-07-31,12.5,2,0.57
nouvelle_energie:aleatoire:3,9,2026-08-15,12.322,2,-0.18
nouvelle_energie:aleatoire:3,10,2026-08-28,12.493,2,0.17
nouvelle_energie:aleatoire:3,11,2026-09-11,12.557,2,0.06
nouvelle_energie:aleatoire:3,12,2026-09-27,14.4,1,1.84
nouvelle_energie:aleatoire:3,13,2026-10-11,12.44,2,-1.96
nouvelle_energie:aleatoire:3,14,2026-10-30,12.503,2,0.06
nouvelle_energie:aleatoire:3,15,2026-11-16,12.736,2,0.23
nouvelle_energie:aleatoire:3,16,2026-12-01,11.6,3,-1.14
nouvelle_energie:aleatoire:3,17,2026-12-17,12.845,2,1.25
nouvelle_energie:aleatoire:3,18,2027-01-02,13.217,1,0.37
nouvelle_energie:aleatoire:3,19,2027-01-21,13.352,1,0.13
nouvelle_energie:aleatoire:3,20,2027-02-10,14.2,1,0.85
nouvelle_energie:aleatoire:3,21,2027-02-26,13.695,1,-0.5
nouvelle_energie:aleatoire:3,22,2027-03-18,13.834,1,0.14
nouvelle_energie:aleatoire:3,23,2027-03-30,13.813,1,-0.02
nouvelle_energie:aleatoire:3,24,2027-04-17,13.585,1,-0.23
nouvelle_energie:aleatoire:3,25,2027-04-18,13.798,1,0.21
nouvelle_energie:aleatoire:3,26,2027-04-20,13.808,1,0.01
nouvelle_energie:aleatoire:3,27,2027-04-22,13.859,1,0.05
nouvelle_energie:aleatoire:3,28,2027-04-24,13.6,1,-0.26
nouvelle_energie:aleatoire:3,29,2027-04-26,14.311,1,0.71
nouvelle_energie:aleatoire:3,30,2027-05-02,14.492,1,0.18
nouvelle_energie:aleatoire:3,31,2027-05-03,14.634,1,0.14
nouvelle_energie:prudent:0,1,2026-04-18,12.055,3,0.75
nouvelle_energie:prudent:0,2,2026-05-02,12.306,3,0.25
nouvelle_energie:prudent:0,3,2026-05-19,12.439,2,0.13
nouvelle_energie:prudent:0,4,2026-06-01,9.6,8,-2.84
nouvelle_energie:prudent:0,5,2026-06-20,12.989,1,3.39
nouvelle_energie:prudent:0,6,2026-07-07,13.247,1,0.26
nouvelle_energie:prudent:0,7,2026-07-24,13.585,1,0.34
nouvelle_energie:prudent:0,8,2026-08-07,11.2,4,-2.39
nouvelle_energie:prudent:0,9,2026-08-23,13.91,1,2.71
nouvelle_energie:prudent:0,10,2026-09-08,13.912,1,0
nouvelle_energie:prudent:0,11,2026-09-25,13.868,1,-0.04
nouvelle_energie:prudent:0,12,2026-10-08,12.8,1,-1.07
nouvelle_energie:prudent:0,13,2026-10-21,14.204,1,1.4
nouvelle_energie:prudent:0,14,2026-11-07,14.386,1,0.18
nouvelle_energie:prudent:0,15,2026-11-25,14.623,1,0.24
nouvelle_energie:prudent:0,16,2026-12-13,13.8,1,-0.82
nouvelle_energie:prudent:0,17,2026-12-27,15.181,1,1.38
nouvelle_energie:prudent:0,18,2027-01-15,14.998,1,-0.18
nouvelle_energie:prudent:0,19,2027-01-28,14.909,1,-0.09
nouvelle_energie:prudent:0,20,2027-02-11,13,1,-1.91
nouvelle_energie:prudent:0,21,2027-02-28,14.984,1,1.98
nouvelle_energie:prudent:0,22,2027-03-14,15.046,1,0.06
nouvelle_energie:prudent:0,23,2027-03-30,15.073,1,0.03
nouvelle_energie:prudent:0,24,2027-04-17,15.063,1,-0.01
nouvelle_energie:prudent:0,25,2027-04-18,15.167,1,0.1
nouvelle_energie:prudent:0,26,2027-04-20,15.271,1,0.1
nouvelle_energie:prudent:0,27,2027-04-22,15.341,1,0.07
nouvelle_energie:prudent:0,28,2027-04-24,14.7,1,-0.64
nouvelle_energie:prudent:0,29,2027-04-26,15.415,1,0.71
nouvelle_energie:prudent:0,30,2027-05-02,15.279,1,-0.14
nouvelle_energie:prudent:0,31,2027-05-03,15.266,1,-0.01
nouvelle_energie:prudent:1,1,2026-04-18,12.178,3,0.28
nouvelle_energie:prudent:1,2,2026-04-30,12.502,2,0.32
nouvelle_energie:prudent:1,3,2026-05-13,12.763,2,0.26
nouvelle_energie:prudent:1,4,2026-05-28,11.3,5,-1.46
nouvelle_energie:prudent:1,5,2026-06-14,13.249,1,1.95
nouvelle_energie:prudent:1,6,2026-06-29,13.542,1,0.29
nouvelle_energie:prudent:1,7,2026-07-15,13.785,1,0.24
nouvelle_energie:prudent:1,8,2026-07-28,14.2,1,0.41
nouvelle_energie:prudent:1,9,2026-08-10,14.054,1,-0.15
nouvelle_energie:prudent:1,10,2026-08-24,14.162,1,0.11
nouvelle_energie:prudent:1,11,2026-09-07,14.335,1,0.17
nouvelle_energie:prudent:1,12,2026-09-24,12.7,1,-1.64
nouvelle_energie:prudent:1,13,2026-10-09,14.765,1,2.07
nouvelle_energie:prudent:1,14,2026-10-29,14.638,1,-0.13
nouvelle_energie:prudent:1,15,2026-11-13,14.779,1,0.14
nouvelle_energie:prudent:1,16,2026-11-30,12.5,2,-2.28
nouvelle_energie:prudent:1,17,2026-12-14,14.88,1,2.38
nouvelle_energie:prudent:1,18,2027-01-02,15.158,1,0.28
nouvelle_energie:prudent:1,19,2027-01-16,15.163,1,0.01
nouvelle_energie:prudent:1,20,2027-02-02,15.9,1,0.74
nouvelle_energie:prudent:1,21,2027-02-22,15.412,1,-0.49
nouvelle_energie:prudent:1,22,2027-03-10,15.574,1,0.16
nouvelle_energie:prudent:1,23,2027-03-27,15.621,1,0.05
nouvelle_energie:prudent:1,24,2027-04-17,15.954,1,0.33
nouvelle_energie:prudent:1,25,2027-04-18,16.057,1,0.1
nouvelle_energie:prudent:1,26,2027-04-20,16.163,1,0.11
nouvelle_energie:prudent:1,27,2027-04-22,16.422,1,0.26
nouvelle_energie:prudent:1,28,2027-04-24,15.6,1,-0.82
nouvelle_energie:prudent:1,29,2027-04-26,16.52,1,0.92
nouvelle_energie:prudent:1,30,2027-05-02,16.46,1,-0.06
nouvelle_energie:prudent:1,31,2027-05-03,16.482,1,0.02
nouvelle_energie:prudent:2,1,2026-04-18,12.356,3,0.06
nouvelle_energie:prudent:2,2,2026-05-03,12.607,2,0.25
nouvelle_energie:prudent:2,3,2026-05-16,12.71,2,0.1
nouvelle_energie:prudent:2,4,2026-06-01,12.9,1,0.19
nouvelle_energie:prudent:2,5,2026-06-20,13.264,1,0.36
nouvelle_energie:prudent:2,6,2026-07-06,13.478,1,0.21
nouvelle_energie:prudent:2,7,2026-07-23,13.334,1,-0.14
nouvelle_energie:prudent:2,8,2026-08-05,11.3,5,-2.03
nouvelle_energie:prudent:2,9,2026-08-21,13.619,1,2.32
nouvelle_energie:prudent:2,10,2026-09-08,13.729,1,0.11
nouvelle_energie:prudent:2,11,2026-09-22,13.831,1,0.1
nouvelle_energie:prudent:2,12,2026-10-05,10.7,7,-3.13
nouvelle_energie:prudent:2,13,2026-10-18,14.107,1,3.41
nouvelle_energie:prudent:2,14,2026-11-04,14.136,1,0.03
nouvelle_energie:prudent:2,15,2026-11-23,14.214,1,0.08
nouvelle_energie:prudent:2,16,2026-12-11,11.1,4,-3.11
nouvelle_energie:prudent:2,17,2026-12-28,14.372,1,3.27
nouvelle_energie:prudent:2,18,2027-01-15,14.624,1,0.25
nouvelle_energie:prudent:2,19,2027-01-31,14.843,1,0.22
nouvelle_energie:prudent:2,20,2027-02-17,16.3,1,1.46
nouvelle_energie:prudent:2,21,2027-03-02,15.185,1,-1.12
nouvelle_energie:prudent:2,22,2027-03-18,15.41,1,0.22
nouvelle_energie:prudent:2,23,2027-04-05,15.593,1,0.18
nouvelle_energie:prudent:2,24,2027-04-17,15.763,1,0.17
nouvelle_energie:prudent:2,25,2027-04-18,15.944,1,0.18
nouvelle_energie:prudent:2,26,2027-04-20,16.081,1,0.14
nouvelle_energie:prudent:2,27,2027-04-22,16.18,1,0.1
nouvelle_energie:prudent:2,28,2027-04-24,17.9,1,1.72
nouvelle_energie:prudent:2,29,2027-04-26,16.54,1,-1.36
nouvelle_energie:prudent:2,30,2027-05-02,16.46,1,-0.08
nouvelle_energie:prudent:2,31,2027-05-03,16.384,1,-0.08
nouvelle_energie:prudent:3,1,2026-04-18,11.833,4,2.23
nouvelle_energie:prudent:3,2,2026-05-04,12.066,3,0.23
nouvelle_energie:prudent:3,3,2026-05-17,12.147,3,0.08
nouvelle_energie:prudent:3,4,2026-05-31,10.8,6,-1.35
nouvelle_energie:prudent:3,5,2026-06-16,12.409,2,1.61
nouvelle_energie:prudent:3,6,2026-07-02,12.73,2,0.32
nouvelle_energie:prudent:3,7,2026-07-15,13.028,1,0.3
nouvelle_energie:prudent:3,8,2026-07-31,13.3,1,0.27
nouvelle_energie:prudent:3,9,2026-08-15,13.575,1,0.27
nouvelle_energie:prudent:3,10,2026-08-28,13.433,1,-0.14
nouvelle_energie:prudent:3,11,2026-09-11,13.749,1,0.32
nouvelle_energie:prudent:3,12,2026-09-27,15.5,1,1.75
nouvelle_energie:prudent:3,13,2026-10-11,14.144,1,-1.36
nouvelle_energie:prudent:3,14,2026-10-31,14.201,1,0.06
nouvelle_energie:prudent:3,15,2026-11-13,14.374,1,0.17
nouvelle_energie:prudent:3,16,2026-11-27,16.2,1,1.83
nouvelle_energie:prudent:3,17,2026-12-11,14.63,1,-1.57
nouvelle_energie:prudent:3,18,2026-12-31,14.772,1,0.14
nouvelle_energie:prudent:3,19,2027-01-20,15.001,1,0.23
nouvelle_energie:prudent:3,20,2027-02-05,14.5,1,-0.5
nouvelle_energie:prudent:3,21,2027-02-24,15.252,1,0.75
nouvelle_energie:prudent:3,22,2027-03-16,15.418,1,0.17
nouvelle_energie:prudent:3,23,2027-03-29,15.463,1,0.04
nouvelle_energie:prudent:3,24,2027-04-17,15.603,1,0.14
nouvelle_energie:prudent:3,25,2027-04-18,15.731,1,0.13
nouvelle_energie:prudent:3,26,2027-04-20,15.728,1,0
nouvelle_energie:prudent:3,27,2027-04-22,15.726,1,0
nouvelle_energie:prudent:3,28,2027-04-24,15.2,1,-0.53
nouvelle_energie:prudent:3,29,2027-04-26,15.56,1,0.36
nouvelle_energie:prudent:3,30,2027-05-02,15.404,1,-0.16
nouvelle_energie:prudent:3,31,2027-05-03,15.477,1,0.07
nouvelle_energie:risque:0,1,2026-04-18,12.055,3,0.75
nouvelle_energie:risque:0,2,2026-05-02,12.421,2,0.37
nouvelle_energie:risque:0,3,2026-05-19,12.826,1,0.41
nouvelle_energie:risque:0,4,2026-06-01,9.7,8,-3.13
nouvelle_energie:risque:0,5,2026-06-20,12.75,1,3.05
nouvelle_energie:risque:0,6,2026-07-07,12.797,1,0.05
nouvelle_energie:risque:0,7,2026-07-24,13.069,1,0.27
nouvelle_energie:risque:0,8,2026-08-07,10.9,7,-2.17
nouvelle_energie:risque:0,9,2026-08-23,13.348,1,2.45
nouvelle_energie:risque:0,10,2026-09-09,13.116,1,-0.23
nouvelle_energie:risque:0,11,2026-09-26,13.042,1,-0.07
nouvelle_energie:risque:0,12,2026-10-09,11.8,4,-1.24
nouvelle_energie:risque:0,13,2026-10-21,12.934,1,1.13
nouvelle_energie:risque:0,14,2026-11-07,13.126,1,0.19
nouvelle_energie:risque:0,15,2026-11-25,13.414,1,0.29
nouvelle_energie:risque:0,16,2026-12-13,12.6,1,-0.81
nouvelle_energie:risque:0,17,2026-12-27,14.066,1,1.47
nouvelle_energie:risque:0,18,2027-01-15,14.352,1,0.29
nouvelle_energie:risque:0,19,2027-01-28,13.778,1,-0.57
nouvelle_energie:risque:0,20,2027-02-12,15.5,1,1.72
nouvelle_energie:risque:0,21,2027-03-03,13.927,1,-1.57
nouvelle_energie:risque:0,22,2027-03-18,14.004,1,0.08
nouvelle_energie:risque:0,23,2027-04-04,14.147,1,0.14
nouvelle_energie:risque:0,24,2027-04-17,14.218,1,0.07
nouvelle_energie:risque:0,25,2027-04-18,14.442,1,0.22
nouvelle_energie:risque:0,26,2027-04-20,14.567,1,0.13
nouvelle_energie:risque:0,27,2027-04-22,14.863,1,0.3
nouvelle_energie:risque:0,28,2027-04-24,16,1,1.14
nouvelle_energie:risque:0,29,2027-04-26,14.534,1,-1.47
nouvelle_energie:risque:0,30,2027-05-02,14.289,1,-0.25
nouvelle_energie:risque:0,31,2027-05-03,14.158,1,-0.13
nouvelle_energie:risque:1,1,2026-04-18,12.178,3,0.28
nouvelle_energie:risque:1,2,2026-04-30,12.502,2,0.32
nouvelle_energie:risque:1,3,2026-05-13,12.532,2,0.03
nouvelle_energie:risque:1,4,2026-05-28,11.2,5,-1.33
nouvelle_energie:risque:1,5,2026-06-14,13.075,1,1.88
nouvelle_energie:risque:1,6,2026-06-29,13.419,1,0.34
nouvelle_energie:risque:1,7,2026-07-15,13.694,1,0.28
nouvelle_energie:risque:1,8,2026-07-28,14.2,1,0.51
nouvelle_energie:risque:1,9,2026-08-10,14.017,1,-0.18
nouvelle_energie:risque:1,10,2026-08-24,13.909,1,-0.11
nouvelle_energie:risque:1,11,2026-09-07,14.089,1,0.18
nouvelle_energie:risque:1,12,2026-09-24,12.6,2,-1.49
nouvelle_energie:risque:1,13,2026-10-09,14.631,1,2.03
nouvelle_energie:risque:1,14,2026-10-29,14.535,1,-0.1
nouvelle_energie:risque:1,15,2026-11-13,14.718,1,0.18
nouvelle_energie:risque:1,16,2026-11-30,12.5,2,-2.22
nouvelle_energie:risque:1,17,2026-12-14,14.785,1,2.29
nouvelle_energie:risque:1,18,2027-01-02,15.026,1,0.24
nouvelle_energie:risque:1,19,2027-01-16,15.045,1,0.02
nouvelle_energie:risque:1,20,2027-02-02,15.7,1,0.65
nouvelle_energie:risque:1,21,2027-02-22,15.402,1,-0.3
nouvelle_energie:risque:1,22,2027-03-10,15.263,1,-0.14
nouvelle_energie:risque:1,23,2027-03-27,15.261,1,0
nouvelle_energie:risque:1,24,2027-04-17,15.087,1,-0.17
nouvelle_energie:risque:1,25,2027-04-18,15.149,1,0.06
nouvelle_energie:risque:1,26,2027-04-20,15.28,1,0.13
nouvelle_energie:risque:1,27,2027-04-22,15.467,1,0.19
nouvelle_energie:risque:1,28,2027-04-24,14.4,1,-1.07
nouvelle_energie:risque:1,29,2027-04-26,14.893,1,0.49
nouvelle_energie:risque:1,30,2027-05-02,14.922,1,0.03
nouvelle_energie:risque:1,31,2027-05-03,14.806,1,-0.12
nouvelle_energie:risque:2,1,2026-04-18,11.98,3,-0.32
nouvelle_energie:risque:2,2,2026-05-03,12.012,3,0.03
nouvelle_energie:risque:2,3,2026-05-16,12.113,3,0.1
nouvelle_energie:risque:2,4,2026-06-01,12.4,2,0.29
nouvelle_energie:risque:2,5,2026-06-20,12.674,2,0.27
nouvelle_energie:risque:2,6,2026-07-06,12.574,2,-0.1
nouvelle_energie:risque:2,7,2026-07-23,12.673,2,0.1
nouvelle_energie:risque:2,8,2026-08-05,10.7,7,-1.97
nouvelle_energie:risque:2,9,2026-08-21,12.975,1,2.28
nouvelle_energie:risque:2,10,2026-09-08,13.139,1,0.16
nouvelle_energie:risque:2,11,2026-09-22,13.279,1,0.14
nouvelle_energie:risque:2,12,2026-10-05,10.3,8,-2.98
nouvelle_energie:risque:2,13,2026-10-18,13.865,1,3.56
nouvelle_energie:risque:2,14,2026-11-04,14.253,1,0.39
nouvelle_energie:risque:2,15,2026-11-23,14.588,1,0.33
nouvelle_energie:risque:2,16,2026-12-11,11.5,3,-3.09
nouvelle_energie:risque:2,17,2026-12-28,15.192,1,3.69
nouvelle_energie:risque:2,18,2027-01-15,15.451,1,0.26
nouvelle_energie:risque:2,19,2027-01-31,15.506,1,0.05
nouvelle_energie:risque:2,20,2027-02-17,17,1,1.49
nouvelle_energie:risque:2,21,2027-03-02,16.109,1,-0.89
nouvelle_energie:risque:2,22,2027-03-18,16.228,1,0.12
nouvelle_energie:risque:2,23,2027-04-05,16.328,1,0.1
nouvelle_energie:risque:2,24,2027-04-17,16.31,1,-0.02
nouvelle_energie:risque:2,25,2027-04-18,16.526,1,0.22
nouvelle_energie:risque:2,26,2027-04-20,16.673,1,0.15
nouvelle_energie:risque:2,27,2027-04-22,16.75,1,0.08
nouvelle_energie:risque:2,28,2027-04-24,18.6,1,1.85
nouvelle_energie:risque:2,29,2027-04-26,17.246,1,-1.35
nouvelle_energie:risque:2,30,2027-05-02,17.225,1,-0.02
nouvelle_energie:risque:2,31,2027-05-03,17.288,1,0.06
nouvelle_energie:risque:3,1,2026-04-18,11.833,4,2.23
nouvelle_energie:risque:3,2,2026-05-04,12.066,3,0.23
nouvelle_energie:risque:3,3,2026-05-17,12.147,3,0.08
nouvelle_energie:risque:3,4,2026-05-31,10.8,6,-1.35
nouvelle_energie:risque:3,5,2026-06-16,12.23,3,1.43
nouvelle_energie:risque:3,6,2026-07-02,11.931,4,-0.3
nouvelle_energie:risque:3,7,2026-07-15,11.997,3,0.07
nouvelle_energie:risque:3,8,2026-07-31,12.6,2,0.6
nouvelle_energie:risque:3,9,2026-08-15,12.724,2,0.12
nouvelle_energie:risque:3,10,2026-08-28,13.059,1,0.33
nouvelle_energie:risque:3,11,2026-09-11,13.409,1,0.35
nouvelle_energie:risque:3,12,2026-09-27,15.1,1,1.69
nouvelle_energie:risque:3,13,2026-10-11,13.421,1,-1.68
nouvelle_energie:risque:3,14,2026-10-30,13.485,1,0.06
nouvelle_energie:risque:3,15,2026-11-16,13.697,1,0.21
nouvelle_energie:risque:3,16,2026-12-01,12.5,2,-1.2
nouvelle_energie:risque:3,17,2026-12-17,13.539,1,1.04
nouvelle_energie:risque:3,18,2027-01-02,13.461,1,-0.08
nouvelle_energie:risque:3,19,2027-01-21,13.359,1,-0.1
nouvelle_energie:risque:3,20,2027-02-10,14.3,1,0.94
nouvelle_energie:risque:3,21,2027-02-26,13.344,1,-0.96
nouvelle_energie:risque:3,22,2027-03-18,13.635,1,0.29
nouvelle_energie:risque:3,23,2027-03-30,13.843,1,0.21
nouvelle_energie:risque:3,24,2027-04-17,14.016,1,0.17
nouvelle_energie:risque:3,25,2027-04-18,14.106,1,0.09
nouvelle_energie:risque:3,26,2027-04-20,14.394,1,0.29
nouvelle_energie:risque:3,27,2027-04-22,14.536,1,0.14
nouvelle_energie:risque:3,28,2027-04-24,14.2,1,-0.34
nouvelle_energie:risque:3,29,2027-04-26,15.091,1,0.89
nouvelle_energie:risque:3,30,2027-05-02,15.297,1,0.21
nouvelle_energie:risque:3,31,2027-05-03,15.305,1,0.01
nouvelle_energie:ideologiquement_coherent:0,1,2026-04-18,11.547,4,0.25
nouvelle_energie:ideologiquement_coherent:0,2,2026-05-02,11.549,5,0
nouvelle_energie:ideologiquement_coherent:0,3,2026-05-19,11.599,4,0.05
nouvelle_energie:ideologiquement_coherent:0,4,2026-06-01,8.9,8,-2.7
nouvelle_energie:ideologiquement_coherent:0,5,2026-06-20,12.111,3,3.21
nouvelle_energie:ideologiquement_coherent:0,6,2026-07-07,12.369,3,0.26
nouvelle_energie:ideologiquement_coherent:0,7,2026-07-24,12.714,1,0.35
nouvelle_energie:ideologiquement_coherent:0,8,2026-08-07,10.4,7,-2.31
nouvelle_energie:ideologiquement_coherent:0,9,2026-08-23,13.057,1,2.66
nouvelle_energie:ideologiquement_coherent:0,10,2026-09-08,13.146,1,0.09
nouvelle_energie:ideologiquement_coherent:0,11,2026-09-25,13.603,1,0.46
nouvelle_energie:ideologiquement_coherent:0,12,2026-10-08,12.5,1,-1.1
nouvelle_energie:ideologiquement_coherent:0,13,2026-10-21,14.043,1,1.54
nouvelle_energie:ideologiquement_coherent:0,14,2026-11-07,14.151,1,0.11
nouvelle_energie:ideologiquement_coherent:0,15,2026-11-25,14.331,1,0.18
nouvelle_energie:ideologiquement_coherent:0,16,2026-12-13,13.5,1,-0.83
nouvelle_energie:ideologiquement_coherent:0,17,2026-12-27,14.631,1,1.13
nouvelle_energie:ideologiquement_coherent:0,18,2027-01-15,14.69,1,0.06
nouvelle_energie:ideologiquement_coherent:0,19,2027-01-28,14.808,1,0.12
nouvelle_energie:ideologiquement_coherent:0,20,2027-02-11,12.9,1,-1.91
nouvelle_energie:ideologiquement_coherent:0,21,2027-02-28,15,1,2.1
nouvelle_energie:ideologiquement_coherent:0,22,2027-03-14,14.849,1,-0.15
nouvelle_energie:ideologiquement_coherent:0,23,2027-03-30,14.85,1,0
nouvelle_energie:ideologiquement_coherent:0,24,2027-04-17,15.076,1,0.23
nouvelle_energie:ideologiquement_coherent:0,25,2027-04-18,15.309,1,0.23
nouvelle_energie:ideologiquement_coherent:0,26,2027-04-20,15.432,1,0.12
nouvelle_energie:ideologiquement_coherent:0,27,2027-04-22,15.548,1,0.12
nouvelle_energie:ideologiquement_coherent:0,28,2027-04-24,14.8,1,-0.75
nouvelle_energie:ideologiquement_coherent:0,29,2027-04-26,15.661,1,0.86
nouvelle_energie:ideologiquement_coherent:0,30,2027-05-02,15.507,1,-0.15
nouvelle_energie:ideologiquement_coherent:0,31,2027-05-03,15.509,1,0
nouvelle_energie:ideologiquement_coherent:1,1,2026-04-18,11.674,4,-0.23
nouvelle_energie:ideologiquement_coherent:1,2,2026-04-30,11.746,4,0.07
nouvelle_energie:ideologiquement_coherent:1,3,2026-05-13,11.923,3,0.18
nouvelle_energie:ideologiquement_coherent:1,4,2026-05-28,10.7,7,-1.22
nouvelle_energie:ideologiquement_coherent:1,5,2026-06-14,12.205,3,1.51
nouvelle_energie:ideologiquement_coherent:1,6,2026-06-29,12.49,2,0.29
nouvelle_energie:ideologiquement_coherent:1,7,2026-07-15,12.62,2,0.13
nouvelle_energie:ideologiquement_coherent:1,8,2026-07-28,13.4,1,0.78
nouvelle_energie:ideologiquement_coherent:1,9,2026-08-10,12.88,2,-0.52
nouvelle_energie:ideologiquement_coherent:1,10,2026-08-24,13.016,1,0.14
nouvelle_energie:ideologiquement_coherent:1,11,2026-09-07,13.255,1,0.24
nouvelle_energie:ideologiquement_coherent:1,12,2026-09-24,11.5,4,-1.76
nouvelle_energie:ideologiquement_coherent:1,13,2026-10-09,13.491,1,1.99
nouvelle_energie:ideologiquement_coherent:1,14,2026-10-29,13.714,1,0.22
nouvelle_energie:ideologiquement_coherent:1,15,2026-11-13,13.945,1,0.23
nouvelle_energie:ideologiquement_coherent:1,16,2026-11-30,11.7,4,-2.25
nouvelle_energie:ideologiquement_coherent:1,17,2026-12-14,14.365,1,2.67
nouvelle_energie:ideologiquement_coherent:1,18,2027-01-02,14.549,1,0.18
nouvelle_energie:ideologiquement_coherent:1,19,2027-01-16,14.606,1,0.06
nouvelle_energie:ideologiquement_coherent:1,20,2027-02-02,15.1,1,0.49
nouvelle_energie:ideologiquement_coherent:1,21,2027-02-22,14.416,1,-0.68
nouvelle_energie:ideologiquement_coherent:1,22,2027-03-10,14.49,1,0.07
nouvelle_energie:ideologiquement_coherent:1,23,2027-03-27,14.512,1,0.02
nouvelle_energie:ideologiquement_coherent:1,24,2027-04-17,14.644,1,0.13
nouvelle_energie:ideologiquement_coherent:1,25,2027-04-18,14.693,1,0.05
nouvelle_energie:ideologiquement_coherent:1,26,2027-04-20,14.897,1,0.2
nouvelle_energie:ideologiquement_coherent:1,27,2027-04-22,15.063,1,0.17
nouvelle_energie:ideologiquement_coherent:1,28,2027-04-24,14.3,1,-0.76
nouvelle_energie:ideologiquement_coherent:1,29,2027-04-26,15.129,1,0.83
nouvelle_energie:ideologiquement_coherent:1,30,2027-05-02,15.136,1,0.01
nouvelle_energie:ideologiquement_coherent:1,31,2027-05-03,15.184,1,0.05
nouvelle_energie:ideologiquement_coherent:2,1,2026-04-18,12.356,3,0.06
nouvelle_energie:ideologiquement_coherent:2,2,2026-05-03,12.607,2,0.25
nouvelle_energie:ideologiquement_coherent:2,3,2026-05-16,12.781,2,0.17
nouvelle_energie:ideologiquement_coherent:2,4,2026-06-01,12.8,1,0.02
nouvelle_energie:ideologiquement_coherent:2,5,2026-06-20,13.145,1,0.34
nouvelle_energie:ideologiquement_coherent:2,6,2026-07-06,13.334,1,0.19
nouvelle_energie:ideologiquement_coherent:2,7,2026-07-23,13.529,1,0.2
nouvelle_energie:ideologiquement_coherent:2,8,2026-08-05,11.6,3,-1.93
nouvelle_energie:ideologiquement_coherent:2,9,2026-08-21,13.958,1,2.36
nouvelle_energie:ideologiquement_coherent:2,10,2026-09-08,14.106,1,0.15
nouvelle_energie:ideologiquement_coherent:2,11,2026-09-22,14.187,1,0.08
nouvelle_energie:ideologiquement_coherent:2,12,2026-10-05,11.2,4,-2.99
nouvelle_energie:ideologiquement_coherent:2,13,2026-10-18,14.806,1,3.61
nouvelle_energie:ideologiquement_coherent:2,14,2026-11-04,14.814,1,0.01
nouvelle_energie:ideologiquement_coherent:2,15,2026-11-23,14.905,1,0.09
nouvelle_energie:ideologiquement_coherent:2,16,2026-12-11,11.8,2,-3.1
nouvelle_energie:ideologiquement_coherent:2,17,2026-12-28,15.242,1,3.44
nouvelle_energie:ideologiquement_coherent:2,18,2027-01-15,15.466,1,0.22
nouvelle_energie:ideologiquement_coherent:2,19,2027-01-31,15.61,1,0.14
nouvelle_energie:ideologiquement_coherent:2,20,2027-02-17,17.2,1,1.59
nouvelle_energie:ideologiquement_coherent:2,21,2027-03-02,16.007,1,-1.19
nouvelle_energie:ideologiquement_coherent:2,22,2027-03-18,16.116,1,0.11
nouvelle_energie:ideologiquement_coherent:2,23,2027-04-05,16.311,1,0.2
nouvelle_energie:ideologiquement_coherent:2,24,2027-04-17,16.543,1,0.23
nouvelle_energie:ideologiquement_coherent:2,25,2027-04-18,16.676,1,0.13
nouvelle_energie:ideologiquement_coherent:2,26,2027-04-20,16.757,1,0.08
nouvelle_energie:ideologiquement_coherent:2,27,2027-04-22,16.812,1,0.05
nouvelle_energie:ideologiquement_coherent:2,28,2027-04-24,18.7,1,1.89
nouvelle_energie:ideologiquement_coherent:2,29,2027-04-26,17.201,1,-1.5
nouvelle_energie:ideologiquement_coherent:2,30,2027-05-02,17.175,1,-0.03
nouvelle_energie:ideologiquement_coherent:2,31,2027-05-03,17.238,1,0.06
nouvelle_energie:ideologiquement_coherent:3,1,2026-04-18,11.833,4,2.23
nouvelle_energie:ideologiquement_coherent:3,2,2026-05-04,12.066,3,0.23
nouvelle_energie:ideologiquement_coherent:3,3,2026-05-17,12.147,3,0.08
nouvelle_energie:ideologiquement_coherent:3,4,2026-05-31,10.8,6,-1.35
nouvelle_energie:ideologiquement_coherent:3,5,2026-06-16,12.418,2,1.62
nouvelle_energie:ideologiquement_coherent:3,6,2026-07-02,12.544,2,0.13
nouvelle_energie:ideologiquement_coherent:3,7,2026-07-15,12.751,2,0.21
nouvelle_energie:ideologiquement_coherent:3,8,2026-07-31,13.1,1,0.35
nouvelle_energie:ideologiquement_coherent:3,9,2026-08-15,13.432,1,0.33
nouvelle_energie:ideologiquement_coherent:3,10,2026-08-28,13.685,1,0.25
nouvelle_energie:ideologiquement_coherent:3,11,2026-09-11,13.938,1,0.25
nouvelle_energie:ideologiquement_coherent:3,12,2026-09-27,15.5,1,1.56
nouvelle_energie:ideologiquement_coherent:3,13,2026-10-11,14.053,1,-1.45
nouvelle_energie:ideologiquement_coherent:3,14,2026-10-30,14.096,1,0.04
nouvelle_energie:ideologiquement_coherent:3,15,2026-11-16,14.23,1,0.13
nouvelle_energie:ideologiquement_coherent:3,16,2026-12-01,13,1,-1.23
nouvelle_energie:ideologiquement_coherent:3,17,2026-12-17,14.608,1,1.61
nouvelle_energie:ideologiquement_coherent:3,18,2027-01-02,14.923,1,0.31
nouvelle_energie:ideologiquement_coherent:3,19,2027-01-21,15.018,1,0.1
nouvelle_energie:ideologiquement_coherent:3,20,2027-02-10,15.6,1,0.58
nouvelle_energie:ideologiquement_coherent:3,21,2027-02-26,15.165,1,-0.44
nouvelle_energie:ideologiquement_coherent:3,22,2027-03-18,15.339,1,0.17
nouvelle_energie:ideologiquement_coherent:3,23,2027-03-30,15.39,1,0.05
nouvelle_energie:ideologiquement_coherent:3,24,2027-04-17,15.044,1,-0.35
nouvelle_energie:ideologiquement_coherent:3,25,2027-04-18,14.896,1,-0.15
nouvelle_energie:ideologiquement_coherent:3,26,2027-04-20,14.89,1,-0.01
nouvelle_energie:ideologiquement_coherent:3,27,2027-04-22,14.9,1,0.01
nouvelle_energie:ideologiquement_coherent:3,28,2027-04-24,14.7,1,-0.2
nouvelle_energie:ideologiquement_coherent:3,29,2027-04-26,15.158,1,0.46
nouvelle_energie:ideologiquement_coherent:3,30,2027-05-02,15.247,1,0.09
nouvelle_energie:ideologiquement_coherent:3,31,2027-05-03,15.37,1,0.12
nouvelle_energie:opportuniste_electoral:0,1,2026-04-18,12.055,3,0.75
nouvelle_energie:opportuniste_electoral:0,2,2026-05-02,12.421,2,0.37
nouvelle_energie:opportuniste_electoral:0,3,2026-05-19,12.593,2,0.17
nouvelle_energie:opportuniste_electoral:0,4,2026-06-01,9.4,8,-3.19
nouvelle_energie:opportuniste_electoral:0,5,2026-06-20,12.565,2,3.16
nouvelle_energie:opportuniste_electoral:0,6,2026-07-07,12.657,2,0.09
nouvelle_energie:opportuniste_electoral:0,7,2026-07-24,12.831,1,0.17
nouvelle_energie:opportuniste_electoral:0,8,2026-08-07,10.6,7,-2.23
nouvelle_energie:opportuniste_electoral:0,9,2026-08-23,13.075,1,2.47
nouvelle_energie:opportuniste_electoral:0,10,2026-09-09,12.838,1,-0.24
nouvelle_energie:opportuniste_electoral:0,11,2026-09-26,12.764,1,-0.07
nouvelle_energie:opportuniste_electoral:0,12,2026-10-09,11.2,6,-1.56
nouvelle_energie:opportuniste_electoral:0,13,2026-10-21,12.13,3,0.93
nouvelle_energie:opportuniste_electoral:0,14,2026-11-07,12.28,2,0.15
nouvelle_energie:opportuniste_electoral:0,15,2026-11-25,12.426,2,0.15
nouvelle_energie:opportuniste_electoral:0,16,2026-12-13,11.7,4,-0.73
nouvelle_energie:opportuniste_electoral:0,17,2026-12-27,12.594,2,0.89
nouvelle_energie:opportuniste_electoral:0,18,2027-01-15,12.719,2,0.13
nouvelle_energie:opportuniste_electoral:0,19,2027-01-28,12.154,2,-0.56
nouvelle_energie:opportuniste_electoral:0,20,2027-02-12,14.1,1,1.95
nouvelle_energie:opportuniste_electoral:0,21,2027-03-03,12.492,1,-1.61
nouvelle_energie:opportuniste_electoral:0,22,2027-03-18,12.609,1,0.12
nouvelle_energie:opportuniste_electoral:0,23,2027-04-01,12.758,1,0.15
nouvelle_energie:opportuniste_electoral:0,24,2027-04-16,13.028,1,0.27
nouvelle_energie:opportuniste_electoral:0,25,2027-04-18,12.762,1,-0.27
nouvelle_energie:opportuniste_electoral:0,26,2027-04-20,12.834,1,0.07
nouvelle_energie:opportuniste_electoral:0,27,2027-04-22,12.943,1,0.11
nouvelle_energie:opportuniste_electoral:0,28,2027-04-24,10.6,5,-2.34
nouvelle_energie:opportuniste_electoral:0,29,2027-04-26,12.995,1,2.39
nouvelle_energie:opportuniste_electoral:0,30,2027-05-02,12.963,1,-0.03
nouvelle_energie:opportuniste_electoral:0,31,2027-05-03,13.042,1,0.08
nouvelle_energie:opportuniste_electoral:1,1,2026-04-18,12.178,3,0.28
nouvelle_energie:opportuniste_electoral:1,2,2026-04-30,12.337,3,0.16
nouvelle_energie:opportuniste_electoral:1,3,2026-05-13,12.31,3,-0.03
nouvelle_energie:opportuniste_electoral:1,4,2026-05-28,11.1,5,-1.21
nouvelle_energie:opportuniste_electoral:1,5,2026-06-14,12.635,2,1.54
nouvelle_energie:opportuniste_electoral:1,6,2026-06-29,12.628,2,-0.01
nouvelle_energie:opportuniste_electoral:1,7,2026-07-15,12.666,2,0.04
nouvelle_energie:opportuniste_electoral:1,8,2026-07-28,13.5,1,0.83
nouvelle_energie:opportuniste_electoral:1,9,2026-08-10,12.896,2,-0.6
nouvelle_energie:opportuniste_electoral:1,10,2026-08-24,12.781,2,-0.12
nouvelle_energie:opportuniste_electoral:1,11,2026-09-07,12.631,2,-0.15
nouvelle_energie:opportuniste_electoral:1,12,2026-09-24,10.7,7,-1.93
nouvelle_energie:opportuniste_electoral:1,13,2026-10-09,12.387,2,1.69
nouvelle_energie:opportuniste_electoral:1,14,2026-10-29,11.944,4,-0.44
nouvelle_energie:opportuniste_electoral:1,15,2026-11-13,12,4,0.06
nouvelle_energie:opportuniste_electoral:1,16,2026-11-30,9.9,8,-2.1
nouvelle_energie:opportuniste_electoral:1,17,2026-12-14,12.093,4,2.19
nouvelle_energie:opportuniste_electoral:1,18,2027-01-02,12.001,4,-0.09
nouvelle_energie:opportuniste_electoral:1,19,2027-01-16,11.933,4,-0.07
nouvelle_energie:opportuniste_electoral:1,20,2027-02-02,12.5,2,0.57
nouvelle_energie:opportuniste_electoral:1,21,2027-02-22,12.262,3,-0.24
nouvelle_energie:opportuniste_electoral:1,22,2027-03-10,11.912,3,-0.35
nouvelle_energie:opportuniste_electoral:1,23,2027-03-27,11.806,3,-0.11
nouvelle_energie:opportuniste_electoral:1,24,2027-04-17,12.092,3,0.29
nouvelle_energie:opportuniste_electoral:1,25,2027-04-18,12.4,2,0.31
nouvelle_energie:opportuniste_electoral:2,1,2026-04-18,12.184,3,-0.12
nouvelle_energie:opportuniste_electoral:2,2,2026-05-03,12.375,2,0.19
nouvelle_energie:opportuniste_electoral:2,3,2026-05-16,12.529,2,0.15
nouvelle_energie:opportuniste_electoral:2,4,2026-06-01,12.7,2,0.17
nouvelle_energie:opportuniste_electoral:2,5,2026-06-20,13.111,1,0.41
nouvelle_energie:opportuniste_electoral:2,6,2026-07-06,13.014,1,-0.1
nouvelle_energie:opportuniste_electoral:2,7,2026-07-23,13.112,1,0.1
nouvelle_energie:opportuniste_electoral:2,8,2026-08-05,11,6,-2.11
nouvelle_energie:opportuniste_electoral:2,9,2026-08-21,13.235,1,2.23
nouvelle_energie:opportuniste_electoral:2,10,2026-09-08,13.093,1,-0.14
nouvelle_energie:opportuniste_electoral:2,11,2026-09-22,13.129,1,0.04
nouvelle_energie:opportuniste_electoral:2,12,2026-10-05,10.2,8,-2.93
nouvelle_energie:opportuniste_electoral:2,13,2026-10-18,13.495,1,3.29
nouvelle_energie:opportuniste_electoral:2,14,2026-11-04,13.47,1,-0.02
nouvelle_energie:opportuniste_electoral:2,15,2026-11-23,13.509,1,0.04
nouvelle_energie:opportuniste_electoral:2,16,2026-12-11,10.6,7,-2.91
nouvelle_energie:opportuniste_electoral:2,17,2026-12-28,13.924,1,3.32
nouvelle_energie:opportuniste_electoral:2,18,2027-01-15,14.067,1,0.14
nouvelle_energie:opportuniste_electoral:2,19,2027-01-31,14.26,1,0.19
nouvelle_energie:opportuniste_electoral:2,20,2027-02-17,15.9,1,1.64
nouvelle_energie:opportuniste_electoral:2,21,2027-03-02,15.004,1,-0.9
nouvelle_energie:opportuniste_electoral:2,22,2027-03-18,15.194,1,0.19
nouvelle_energie:opportuniste_electoral:2,23,2027-04-05,15.298,1,0.1
nouvelle_energie:opportuniste_electoral:2,24,2027-04-17,15.599,1,0.3
nouvelle_energie:opportuniste_electoral:2,25,2027-04-18,15.875,1,0.28
nouvelle_energie:opportuniste_electoral:2,26,2027-04-20,16.025,1,0.15
nouvelle_energie:opportuniste_electoral:2,27,2027-04-22,16.14,1,0.12
nouvelle_energie:opportuniste_electoral:2,28,2027-04-24,17.6,1,1.46
nouvelle_energie:opportuniste_electoral:2,29,2027-04-26,16.043,1,-1.56
nouvelle_energie:opportuniste_electoral:2,30,2027-05-02,15.98,1,-0.06
nouvelle_energie:opportuniste_electoral:2,31,2027-05-03,16.042,1,0.06
nouvelle_energie:opportuniste_electoral:3,1,2026-04-18,11.833,4,2.23
nouvelle_energie:opportuniste_electoral:3,2,2026-05-04,11.934,3,0.1
nouvelle_energie:opportuniste_electoral:3,3,2026-05-17,11.971,3,0.04
nouvelle_energie:opportuniste_electoral:3,4,2026-05-31,10.7,7,-1.27
nouvelle_energie:opportuniste_electoral:3,5,2026-06-16,11.907,4,1.21
nouvelle_energie:opportuniste_electoral:3,6,2026-07-02,12.029,3,0.12
nouvelle_energie:opportuniste_electoral:3,7,2026-07-15,12.378,2,0.35
nouvelle_energie:opportuniste_electoral:3,8,2026-07-31,12.9,1,0.52
nouvelle_energie:opportuniste_electoral:3,9,2026-08-15,13.126,1,0.23
nouvelle_energie:opportuniste_electoral:3,10,2026-08-28,13.149,1,0.02
nouvelle_energie:opportuniste_electoral:3,11,2026-09-11,13.188,1,0.04
nouvelle_energie:opportuniste_electoral:3,12,2026-09-27,15,1,1.81
nouvelle_energie:opportuniste_electoral:3,13,2026-10-11,13.48,1,-1.52
nouvelle_energie:opportuniste_electoral:3,14,2026-10-30,13.627,1,0.15
nouvelle_energie:opportuniste_electoral:3,15,2026-11-16,13.702,1,0.07
nouvelle_energie:opportuniste_electoral:3,16,2026-12-01,12.5,2,-1.2
nouvelle_energie:opportuniste_electoral:3,17,2026-12-17,13.833,1,1.33
nouvelle_energie:opportuniste_electoral:3,18,2027-01-02,14.128,1,0.29
nouvelle_energie:opportuniste_electoral:3,19,2027-01-21,14.297,1,0.17
nouvelle_energie:opportuniste_electoral:3,20,2027-02-10,14.7,1,0.4
nouvelle_energie:opportuniste_electoral:3,21,2027-02-26,13.932,1,-0.77
nouvelle_energie:opportuniste_electoral:3,22,2027-03-18,14.144,1,0.21
nouvelle_energie:opportuniste_electoral:3,23,2027-03-30,14.483,1,0.34
nouvelle_energie:opportuniste_electoral:3,24,2027-04-17,14.687,1,0.2
nouvelle_energie:opportuniste_electoral:3,25,2027-04-18,14.769,1,0.08
nouvelle_energie:opportuniste_electoral:3,26,2027-04-20,14.975,1,0.21
nouvelle_energie:opportuniste_electoral:3,27,2027-04-22,15.067,1,0.09
nouvelle_energie:opportuniste_electoral:3,28,2027-04-24,13.6,1,-1.47
nouvelle_energie:opportuniste_electoral:3,29,2027-04-26,15.278,1,1.68
nouvelle_energie:opportuniste_electoral:3,30,2027-05-02,15.152,1,-0.13
nouvelle_energie:opportuniste_electoral:3,31,2027-05-03,15.258,1,0.11
nouvelle_energie:parti_dabord:0,1,2026-04-18,12.055,3,0.75
nouvelle_energie:parti_dabord:0,2,2026-05-02,12.421,2,0.37
nouvelle_energie:parti_dabord:0,3,2026-05-19,12.585,2,0.16
nouvelle_energie:parti_dabord:0,4,2026-06-01,9.7,8,-2.89
nouvelle_energie:parti_dabord:0,5,2026-06-20,12.867,1,3.17
nouvelle_energie:parti_dabord:0,6,2026-07-07,12.953,1,0.09
nouvelle_energie:parti_dabord:0,7,2026-07-24,13.053,1,0.1
nouvelle_energie:parti_dabord:0,8,2026-08-07,10.8,7,-2.25
nouvelle_energie:parti_dabord:0,9,2026-08-23,13.254,1,2.45
nouvelle_energie:parti_dabord:0,10,2026-09-09,13.404,1,0.15
nouvelle_energie:parti_dabord:0,11,2026-09-26,13.457,1,0.05
nouvelle_energie:parti_dabord:0,12,2026-10-09,12.4,2,-1.06
nouvelle_energie:parti_dabord:0,13,2026-10-21,13.548,1,1.15
nouvelle_energie:parti_dabord:0,14,2026-11-07,13.595,1,0.05
nouvelle_energie:parti_dabord:0,15,2026-11-25,13.706,1,0.11
nouvelle_energie:parti_dabord:0,16,2026-12-13,13,1,-0.71
nouvelle_energie:parti_dabord:0,17,2026-12-27,13.876,1,0.88
nouvelle_energie:parti_dabord:0,18,2027-01-15,13.945,1,0.07
nouvelle_energie:parti_dabord:0,19,2027-01-28,14.237,1,0.29
nouvelle_energie:parti_dabord:0,20,2027-02-10,12.4,1,-1.84
nouvelle_energie:parti_dabord:0,21,2027-02-26,13.474,1,1.07
nouvelle_energie:parti_dabord:0,22,2027-03-13,13.537,1,0.06
nouvelle_energie:parti_dabord:0,23,2027-03-30,13.523,1,-0.01
nouvelle_energie:parti_dabord:0,24,2027-04-17,13.418,1,-0.11
nouvelle_energie:parti_dabord:0,25,2027-04-18,13.624,1,0.21
nouvelle_energie:parti_dabord:0,26,2027-04-20,13.74,1,0.12
nouvelle_energie:parti_dabord:0,27,2027-04-22,13.98,1,0.24
nouvelle_energie:parti_dabord:0,28,2027-04-24,13.6,1,-0.38
nouvelle_energie:parti_dabord:0,29,2027-04-26,14.292,1,0.69
nouvelle_energie:parti_dabord:0,30,2027-05-02,14.31,1,0.02
nouvelle_energie:parti_dabord:0,31,2027-05-03,14.608,1,0.3
nouvelle_energie:parti_dabord:1,1,2026-04-18,12.178,3,0.28
nouvelle_energie:parti_dabord:1,2,2026-04-30,12.502,2,0.32
nouvelle_energie:parti_dabord:1,3,2026-05-13,12.532,2,0.03
nouvelle_energie:parti_dabord:1,4,2026-05-28,11.2,5,-1.33
nouvelle_energie:parti_dabord:1,5,2026-06-14,12.881,2,1.68
nouvelle_energie:parti_dabord:1,6,2026-06-29,12.875,2,-0.01
nouvelle_energie:parti_dabord:1,7,2026-07-15,12.913,2,0.04
nouvelle_energie:parti_dabord:1,8,2026-07-28,13.7,1,0.79
nouvelle_energie:parti_dabord:1,9,2026-08-10,13.134,1,-0.57
nouvelle_energie:parti_dabord:1,10,2026-08-24,13.016,1,-0.12
nouvelle_energie:parti_dabord:1,11,2026-09-07,13.12,1,0.1
nouvelle_energie:parti_dabord:1,12,2026-09-24,11.5,4,-1.62
nouvelle_energie:parti_dabord:1,13,2026-10-09,13.435,1,1.94
nouvelle_energie:parti_dabord:1,14,2026-10-29,13.045,1,-0.39
nouvelle_energie:parti_dabord:1,15,2026-11-13,13.117,1,0.07
nouvelle_energie:parti_dabord:1,16,2026-11-30,11,5,-2.12
nouvelle_energie:parti_dabord:1,17,2026-12-14,13.168,1,2.17
nouvelle_energie:parti_dabord:1,18,2027-01-02,13.489,1,0.32
nouvelle_energie:parti_dabord:1,19,2027-01-16,13.561,1,0.07
nouvelle_energie:parti_dabord:1,20,2027-02-02,14.2,1,0.64
nouvelle_energie:parti_dabord:1,21,2027-02-22,13.925,1,-0.27
nouvelle_energie:parti_dabord:1,22,2027-03-10,14.073,1,0.15
nouvelle_energie:parti_dabord:1,23,2027-03-27,13.908,1,-0.17
nouvelle_energie:parti_dabord:1,24,2027-04-17,14.09,1,0.18
nouvelle_energie:parti_dabord:1,25,2027-04-18,14.169,1,0.08
nouvelle_energie:parti_dabord:1,26,2027-04-20,14.389,1,0.22
nouvelle_energie:parti_dabord:1,27,2027-04-22,14.657,1,0.27
nouvelle_energie:parti_dabord:1,28,2027-04-24,13.9,1,-0.76
nouvelle_energie:parti_dabord:1,29,2027-04-26,14.924,1,1.02
nouvelle_energie:parti_dabord:1,30,2027-05-02,15.073,1,0.15
nouvelle_energie:parti_dabord:1,31,2027-05-03,15.102,1,0.03
nouvelle_energie:parti_dabord:2,1,2026-04-18,11.98,3,-0.32
nouvelle_energie:parti_dabord:2,2,2026-05-03,12.101,3,0.12
nouvelle_energie:parti_dabord:2,3,2026-05-16,12.232,3,0.13
nouvelle_energie:parti_dabord:2,4,2026-06-01,12.5,2,0.27
nouvelle_energie:parti_dabord:2,5,2026-06-20,12.805,1,0.3
nouvelle_energie:parti_dabord:2,6,2026-07-06,13.022,1,0.22
nouvelle_energie:parti_dabord:2,7,2026-07-23,13.222,1,0.2
nouvelle_energie:parti_dabord:2,8,2026-08-05,11.2,5,-2.02
nouvelle_energie:parti_dabord:2,9,2026-08-21,13.627,1,2.43
nouvelle_energie:parti_dabord:2,10,2026-09-08,13.543,1,-0.08
nouvelle_energie:parti_dabord:2,11,2026-09-22,13.528,1,-0.01
nouvelle_energie:parti_dabord:2,12,2026-10-05,10.5,7,-3.03
nouvelle_energie:parti_dabord:2,13,2026-10-18,13.872,1,3.37
nouvelle_energie:parti_dabord:2,14,2026-11-04,13.861,1,-0.01
nouvelle_energie:parti_dabord:2,15,2026-11-23,13.927,1,0.07
nouvelle_energie:parti_dabord:2,16,2026-12-11,11.1,4,-2.83
nouvelle_energie:parti_dabord:2,17,2026-12-28,14.476,1,3.38
nouvelle_energie:parti_dabord:2,18,2027-01-15,14.717,1,0.24
nouvelle_energie:parti_dabord:2,19,2027-01-31,14.931,1,0.21
nouvelle_energie:parti_dabord:2,20,2027-02-17,16.5,1,1.57
nouvelle_energie:parti_dabord:2,21,2027-03-02,15.576,1,-0.92
nouvelle_energie:parti_dabord:2,22,2027-03-18,15.736,1,0.16
nouvelle_energie:parti_dabord:2,23,2027-04-05,15.83,1,0.09
nouvelle_energie:parti_dabord:2,24,2027-04-17,16.084,1,0.25
nouvelle_energie:parti_dabord:2,25,2027-04-18,16.297,1,0.21
nouvelle_energie:parti_dabord:2,26,2027-04-20,16.413,1,0.12
nouvelle_energie:parti_dabord:2,27,2027-04-22,16.483,1,0.07
nouvelle_energie:parti_dabord:2,28,2027-04-24,17.9,1,1.42
nouvelle_energie:parti_dabord:2,29,2027-04-26,16.134,1,-1.77
nouvelle_energie:parti_dabord:2,30,2027-05-02,16.07,1,-0.06
nouvelle_energie:parti_dabord:2,31,2027-05-03,16.114,1,0.04
nouvelle_energie:parti_dabord:3,1,2026-04-18,11.822,4,2.22
nouvelle_energie:parti_dabord:3,2,2026-05-04,11.921,3,0.1
nouvelle_energie:parti_dabord:3,3,2026-05-17,11.95,3,0.03
nouvelle_energie:parti_dabord:3,4,2026-05-31,10.7,7,-1.25
nouvelle_energie:parti_dabord:3,5,2026-06-16,11.911,4,1.21
nouvelle_energie:parti_dabord:3,6,2026-07-02,11.96,3,0.05
nouvelle_energie:parti_dabord:3,7,2026-07-15,12.092,3,0.13
nouvelle_energie:parti_dabord:3,8,2026-07-31,12.6,2,0.51
nouvelle_energie:parti_dabord:3,9,2026-08-15,12.75,2,0.15
nouvelle_energie:parti_dabord:3,10,2026-08-28,13,1,0.25
nouvelle_energie:parti_dabord:3,11,2026-09-11,13.322,1,0.32
nouvelle_energie:parti_dabord:3,12,2026-09-27,15,1,1.68
nouvelle_energie:parti_dabord:3,13,2026-10-11,13.488,1,-1.51
nouvelle_energie:parti_dabord:3,14,2026-10-30,13.565,1,0.08
nouvelle_energie:parti_dabord:3,15,2026-11-16,13.763,1,0.2
nouvelle_energie:parti_dabord:3,16,2026-12-01,12.6,2,-1.16
nouvelle_energie:parti_dabord:3,17,2026-12-17,13.709,1,1.11
nouvelle_energie:parti_dabord:3,18,2027-01-02,13.922,1,0.21
nouvelle_energie:parti_dabord:3,19,2027-01-21,14.263,1,0.34
nouvelle_energie:parti_dabord:3,20,2027-02-10,15,1,0.74
nouvelle_energie:parti_dabord:3,21,2027-02-26,14.42,1,-0.58
nouvelle_energie:parti_dabord:3,22,2027-03-18,14.479,1,0.06
nouvelle_energie:parti_dabord:3,23,2027-03-30,14.641,1,0.16
nouvelle_energie:parti_dabord:3,24,2027-04-17,14.872,1,0.23
nouvelle_energie:parti_dabord:3,25,2027-04-18,15.078,1,0.21
nouvelle_energie:parti_dabord:3,26,2027-04-20,15.267,1,0.19
nouvelle_energie:parti_dabord:3,27,2027-04-22,15.401,1,0.13
nouvelle_energie:parti_dabord:3,28,2027-04-24,14.2,1,-1.2
nouvelle_energie:parti_dabord:3,29,2027-04-26,16.147,1,1.95
nouvelle_energie:parti_dabord:3,30,2027-05-02,16.113,1,-0.03
nouvelle_energie:parti_dabord:3,31,2027-05-03,16.113,1,0
nouvelle_energie:mediatique:0,1,2026-04-18,12.055,3,0.75
nouvelle_energie:mediatique:0,2,2026-05-02,12.23,3,0.18
nouvelle_energie:mediatique:0,3,2026-05-19,12.338,3,0.11
nouvelle_energie:mediatique:0,4,2026-06-01,9.2,8,-3.14
nouvelle_energie:mediatique:0,5,2026-06-20,12.285,3,3.09
nouvelle_energie:mediatique:0,6,2026-07-07,12.376,3,0.09
nouvelle_energie:mediatique:0,7,2026-07-24,12.552,2,0.18
nouvelle_energie:mediatique:0,8,2026-08-07,10.4,7,-2.15
nouvelle_energie:mediatique:0,9,2026-08-23,12.832,1,2.43
nouvelle_energie:mediatique:0,10,2026-09-09,12.597,2,-0.24
nouvelle_energie:mediatique:0,11,2026-09-26,12.525,2,-0.07
nouvelle_energie:mediatique:0,12,2026-10-09,11.6,4,-0.93
nouvelle_energie:mediatique:0,13,2026-10-21,12.677,1,1.08
nouvelle_energie:mediatique:0,14,2026-11-07,12.794,1,0.12
nouvelle_energie:mediatique:0,15,2026-11-25,12.845,1,0.05
nouvelle_energie:mediatique:0,16,2026-12-13,12.1,3,-0.75
nouvelle_energie:mediatique:0,17,2026-12-27,12.973,1,0.87
nouvelle_energie:mediatique:0,18,2027-01-15,13.091,1,0.12
nouvelle_energie:mediatique:0,19,2027-01-28,12.506,1,-0.58
nouvelle_energie:mediatique:0,20,2027-02-12,14.2,1,1.69
nouvelle_energie:mediatique:0,21,2027-03-03,12.332,1,-1.87
nouvelle_energie:mediatique:0,22,2027-03-18,12.373,1,0.04
nouvelle_energie:mediatique:0,23,2027-04-01,12.543,1,0.17
nouvelle_energie:mediatique:0,24,2027-04-16,12.827,1,0.28
nouvelle_energie:mediatique:0,25,2027-04-18,12.561,1,-0.27
nouvelle_energie:mediatique:0,26,2027-04-20,12.655,1,0.09
nouvelle_energie:mediatique:0,27,2027-04-22,13.244,1,0.59
nouvelle_energie:mediatique:0,28,2027-04-24,11.1,3,-2.14
nouvelle_energie:mediatique:0,29,2027-04-26,13.804,1,2.7
nouvelle_energie:mediatique:0,30,2027-05-02,13.686,1,-0.12
nouvelle_energie:mediatique:0,31,2027-05-03,13.591,1,-0.1
nouvelle_energie:mediatique:1,1,2026-04-18,12.178,3,0.28
nouvelle_energie:mediatique:1,2,2026-04-30,12.337,3,0.16
nouvelle_energie:mediatique:1,3,2026-05-13,12.31,3,-0.03
nouvelle_energie:mediatique:1,4,2026-05-28,10.9,6,-1.41
nouvelle_energie:mediatique:1,5,2026-06-14,12.381,2,1.48
nouvelle_energie:mediatique:1,6,2026-06-29,12.35,3,-0.03
nouvelle_energie:mediatique:1,7,2026-07-15,12.375,2,0.03
nouvelle_energie:mediatique:1,8,2026-07-28,13.3,1,0.93
nouvelle_energie:mediatique:1,9,2026-08-10,12.599,2,-0.7
nouvelle_energie:mediatique:1,10,2026-08-24,12.766,2,0.17
nouvelle_energie:mediatique:1,11,2026-09-07,13.053,1,0.29
nouvelle_energie:mediatique:1,12,2026-09-24,11.1,5,-1.95
nouvelle_energie:mediatique:1,13,2026-10-09,13.005,1,1.91
nouvelle_energie:mediatique:1,14,2026-10-29,13.072,1,0.07
nouvelle_energie:mediatique:1,15,2026-11-13,13.282,1,0.21
nouvelle_energie:mediatique:1,16,2026-11-30,11.2,5,-2.08
nouvelle_energie:mediatique:1,17,2026-12-14,13.687,1,2.49
nouvelle_energie:mediatique:1,18,2027-01-02,13.959,1,0.27
nouvelle_energie:mediatique:1,19,2027-01-16,14.029,1,0.07
nouvelle_energie:mediatique:1,20,2027-02-02,14.5,1,0.47
nouvelle_energie:mediatique:1,21,2027-02-22,14.475,1,-0.03
nouvelle_energie:mediatique:1,22,2027-03-10,13.946,1,-0.53
nouvelle_energie:mediatique:1,23,2027-03-27,13.546,1,-0.4
nouvelle_energie:mediatique:1,24,2027-04-17,13.178,1,-0.37
nouvelle_energie:mediatique:1,25,2027-04-18,13.1,1,-0.08
nouvelle_energie:mediatique:1,26,2027-04-20,13.238,1,0.14
nouvelle_energie:mediatique:1,27,2027-04-22,13.468,1,0.23
nouvelle_energie:mediatique:1,28,2027-04-24,13.2,1,-0.27
nouvelle_energie:mediatique:1,29,2027-04-26,14.222,1,1.02
nouvelle_energie:mediatique:1,30,2027-05-02,14.434,1,0.21
nouvelle_energie:mediatique:1,31,2027-05-03,14.411,1,-0.02
nouvelle_energie:mediatique:2,1,2026-04-18,12.184,3,-0.12
nouvelle_energie:mediatique:2,2,2026-05-03,12.225,3,0.04
nouvelle_energie:mediatique:2,3,2026-05-16,12.488,2,0.26
nouvelle_energie:mediatique:2,4,2026-06-01,12.7,2,0.21
nouvelle_energie:mediatique:2,5,2026-06-20,13.118,1,0.42
nouvelle_energie:mediatique:2,6,2026-07-06,13.026,1,-0.09
nouvelle_energie:mediatique:2,7,2026-07-23,12.776,1,-0.25
nouvelle_energie:mediatique:2,8,2026-08-05,10.6,7,-2.18
nouvelle_energie:mediatique:2,9,2026-08-21,12.743,1,2.14
nouvelle_energie:mediatique:2,10,2026-09-08,12.587,2,-0.16
nouvelle_energie:mediatique:2,11,2026-09-22,12.622,2,0.04
nouvelle_energie:mediatique:2,12,2026-10-05,9.6,8,-3.02
nouvelle_energie:mediatique:2,13,2026-10-18,12.684,2,3.08
nouvelle_energie:mediatique:2,14,2026-11-04,12.637,2,-0.05
nouvelle_energie:mediatique:2,15,2026-11-23,12.589,2,-0.05
nouvelle_energie:mediatique:2,16,2026-12-11,9.7,8,-2.89
nouvelle_energie:mediatique:2,17,2026-12-28,12.888,1,3.19
nouvelle_energie:mediatique:2,18,2027-01-15,12.999,1,0.11
nouvelle_energie:mediatique:2,19,2027-01-31,13.504,1,0.5
nouvelle_energie:mediatique:2,20,2027-02-17,15.1,1,1.6
nouvelle_energie:mediatique:2,21,2027-03-02,14.209,1,-0.89
nouvelle_energie:mediatique:2,22,2027-03-18,14.442,1,0.23
nouvelle_energie:mediatique:2,23,2027-04-05,14.566,1,0.12
nouvelle_energie:mediatique:2,24,2027-04-17,14.798,1,0.23
nouvelle_energie:mediatique:2,25,2027-04-18,15.072,1,0.27
nouvelle_energie:mediatique:2,26,2027-04-20,15.121,1,0.05
nouvelle_energie:mediatique:2,27,2027-04-22,15.315,1,0.19
nouvelle_energie:mediatique:2,28,2027-04-24,16.7,1,1.38
nouvelle_energie:mediatique:2,29,2027-04-26,15.177,1,-1.52
nouvelle_energie:mediatique:2,30,2027-05-02,15.062,1,-0.12
nouvelle_energie:mediatique:2,31,2027-05-03,15.179,1,0.12
nouvelle_energie:mediatique:3,1,2026-04-18,11.822,4,2.22
nouvelle_energie:mediatique:3,2,2026-05-04,11.921,3,0.1
nouvelle_energie:mediatique:3,3,2026-05-17,11.957,3,0.04
nouvelle_energie:mediatique:3,4,2026-05-31,10.7,7,-1.26
nouvelle_energie:mediatique:3,5,2026-06-16,12.208,3,1.51
nouvelle_energie:mediatique:3,6,2026-07-02,11.998,3,-0.21
nouvelle_energie:mediatique:3,7,2026-07-15,12.008,3,0.01
nouvelle_energie:mediatique:3,8,2026-07-31,12.6,2,0.59
nouvelle_energie:mediatique:3,9,2026-08-15,12.682,2,0.08
nouvelle_energie:mediatique:3,10,2026-08-28,12.941,1,0.26
nouvelle_energie:mediatique:3,11,2026-09-11,13.035,1,0.09
nouvelle_energie:mediatique:3,12,2026-09-27,14.8,1,1.77
nouvelle_energie:mediatique:3,13,2026-10-11,13.112,1,-1.69
nouvelle_energie:mediatique:3,14,2026-10-30,13.226,1,0.11
nouvelle_energie:mediatique:3,15,2026-11-16,13.291,1,0.06
nouvelle_energie:mediatique:3,16,2026-12-01,12.2,2,-1.09
nouvelle_energie:mediatique:3,17,2026-12-17,13.749,1,1.55
nouvelle_energie:mediatique:3,18,2027-01-02,13.893,1,0.14
nouvelle_energie:mediatique:3,19,2027-01-21,13.855,1,-0.04
nouvelle_energie:mediatique:3,20,2027-02-10,14.7,1,0.84
nouvelle_energie:mediatique:3,21,2027-02-26,14.17,1,-0.53
nouvelle_energie:mediatique:3,22,2027-03-18,14.263,1,0.09
nouvelle_energie:mediatique:3,23,2027-03-30,14.222,1,-0.04
nouvelle_energie:mediatique:3,24,2027-04-17,13.828,1,-0.39
nouvelle_energie:mediatique:3,25,2027-04-18,13.953,1,0.13
nouvelle_energie:mediatique:3,26,2027-04-20,14.097,1,0.14
nouvelle_energie:mediatique:3,27,2027-04-22,14.061,1,-0.04
nouvelle_energie:mediatique:3,28,2027-04-24,13.9,1,-0.16
nouvelle_energie:mediatique:3,29,2027-04-26,14.077,1,0.18
nouvelle_energie:mediatique:3,30,2027-05-02,13.986,1,-0.09
nouvelle_energie:mediatique:3,31,2027-05-03,13.994,1,0.01
nouvelle_energie:contrarien:0,1,2026-04-18,11.879,3,0.58
nouvelle_energie:contrarien:0,2,2026-05-02,12.071,3,0.19
nouvelle_energie:contrarien:0,3,2026-05-19,12.177,3,0.11
nouvelle_energie:contrarien:0,4,2026-06-01,9.1,8,-3.08
nouvelle_energie:contrarien:0,5,2026-06-20,11.921,3,2.82
nouvelle_energie:contrarien:0,6,2026-07-07,11.976,3,0.06
nouvelle_energie:contrarien:0,7,2026-07-24,11.292,7,-0.68
nouvelle_energie:contrarien:0,8,2026-08-07,9.2,8,-2.09
nouvelle_energie:contrarien:0,9,2026-08-23,10.832,7,1.63
nouvelle_energie:contrarien:0,10,2026-09-08,10.762,7,-0.07
nouvelle_energie:contrarien:0,11,2026-09-25,10.749,7,-0.01
nouvelle_energie:contrarien:0,12,2026-10-08,9.9,8,-0.85
nouvelle_energie:contrarien:0,13,2026-10-21,10.768,7,0.87
nouvelle_energie:contrarien:0,14,2026-11-07,10.874,7,0.11
nouvelle_energie:contrarien:0,15,2026-11-25,11.007,7,0.13
nouvelle_energie:contrarien:0,16,2026-12-13,10.4,8,-0.61
nouvelle_energie:contrarien:0,17,2026-12-27,11.162,6,0.76
nouvelle_energie:contrarien:0,18,2027-01-15,11.221,6,0.06
nouvelle_energie:contrarien:0,19,2027-01-28,11.647,4,0.43
nouvelle_energie:contrarien:0,20,2027-02-11,9.5,8,-2.15
nouvelle_energie:contrarien:0,21,2027-02-28,11.896,4,2.4
nouvelle_energie:contrarien:0,22,2027-03-14,12.067,3,0.17
nouvelle_energie:contrarien:0,23,2027-03-30,11.627,4,-0.44
nouvelle_energie:contrarien:0,24,2027-04-17,11.102,7,-0.53
nouvelle_energie:contrarien:0,25,2027-04-18,11.073,7,-0.03
nouvelle_energie:contrarien:1,1,2026-04-18,12.003,3,0.1
nouvelle_energie:contrarien:1,2,2026-04-30,12.103,3,0.1
nouvelle_energie:contrarien:1,3,2026-05-13,12.056,3,-0.05
nouvelle_energie:contrarien:1,4,2026-05-28,10.8,7,-1.26
nouvelle_energie:contrarien:1,5,2026-06-14,12.22,3,1.42
nouvelle_energie:contrarien:1,6,2026-06-29,12.195,3,-0.03
nouvelle_energie:contrarien:1,7,2026-07-15,12.23,3,0.04
nouvelle_energie:contrarien:1,8,2026-07-28,13.1,2,0.87
nouvelle_energie:contrarien:1,9,2026-08-10,12.442,2,-0.66
nouvelle_energie:contrarien:1,10,2026-08-24,12.411,2,-0.03
nouvelle_energie:contrarien:1,11,2026-09-07,12.29,3,-0.12
nouvelle_energie:contrarien:1,12,2026-09-24,10.6,7,-1.69
nouvelle_energie:contrarien:1,13,2026-10-09,12.432,2,1.83
nouvelle_energie:contrarien:1,14,2026-10-29,12.017,4,-0.42
nouvelle_energie:contrarien:1,15,2026-11-13,11.8,4,-0.22
nouvelle_energie:contrarien:1,16,2026-11-30,9.6,8,-2.2
nouvelle_energie:contrarien:1,17,2026-12-14,11.927,4,2.33
nouvelle_energie:contrarien:1,18,2027-01-02,11.898,4,-0.03
nouvelle_energie:contrarien:1,19,2027-01-16,11.846,4,-0.05
nouvelle_energie:contrarien:1,20,2027-02-02,12.3,3,0.45
nouvelle_energie:contrarien:1,21,2027-02-22,11.807,4,-0.49
nouvelle_energie:contrarien:1,22,2027-03-10,11.222,6,-0.59
nouvelle_energie:contrarien:1,23,2027-03-27,11.131,6,-0.09
nouvelle_energie:contrarien:1,24,2027-04-17,11.227,6,0.1
nouvelle_energie:contrarien:1,25,2027-04-18,11.176,6,-0.05
nouvelle_energie:contrarien:2,1,2026-04-18,11.98,3,-0.32
nouvelle_energie:contrarien:2,2,2026-05-03,11.95,3,-0.03
nouvelle_energie:contrarien:2,3,2026-05-16,12.145,3,0.2
nouvelle_energie:contrarien:2,4,2026-06-01,12.5,2,0.36
nouvelle_energie:contrarien:2,5,2026-06-20,12.75,1,0.25
nouvelle_energie:contrarien:2,6,2026-07-06,12.655,2,-0.1
nouvelle_energie:contrarien:2,7,2026-07-23,12.403,2,-0.25
nouvelle_energie:contrarien:2,8,2026-08-05,10.2,8,-2.2
nouvelle_energie:contrarien:2,9,2026-08-21,12.368,2,2.17
nouvelle_energie:contrarien:2,10,2026-09-08,12.456,2,0.09
nouvelle_energie:contrarien:2,11,2026-09-22,12.567,2,0.11
nouvelle_energie:contrarien:2,12,2026-10-05,9.4,8,-3.17
nouvelle_energie:contrarien:2,13,2026-10-18,12.661,2,3.26
nouvelle_energie:contrarien:2,14,2026-11-04,12.638,2,-0.02
nouvelle_energie:contrarien:2,15,2026-11-23,12.636,2,0
nouvelle_energie:contrarien:2,16,2026-12-11,9.9,8,-2.74
nouvelle_energie:contrarien:2,17,2026-12-28,13.273,1,3.37
nouvelle_energie:contrarien:2,18,2027-01-15,13.524,1,0.25
nouvelle_energie:contrarien:2,19,2027-01-31,13.587,1,0.06
nouvelle_energie:contrarien:2,20,2027-02-17,14.8,1,1.21
nouvelle_energie:contrarien:2,21,2027-03-02,13.427,1,-1.37
nouvelle_energie:contrarien:2,22,2027-03-18,13.552,1,0.13
nouvelle_energie:contrarien:2,23,2027-04-05,13.642,1,0.09
nouvelle_energie:contrarien:2,24,2027-04-17,12.871,1,-0.77
nouvelle_energie:contrarien:2,25,2027-04-18,13.034,1,0.16
nouvelle_energie:contrarien:2,26,2027-04-20,13.045,1,0.01
nouvelle_energie:contrarien:2,27,2027-04-22,13.233,1,0.19
nouvelle_energie:contrarien:2,28,2027-04-24,14.6,1,1.37
nouvelle_energie:contrarien:2,29,2027-04-26,13.082,1,-1.52
nouvelle_energie:contrarien:3,1,2026-04-18,11.822,4,2.22
nouvelle_energie:contrarien:3,2,2026-05-04,11.884,3,0.06
nouvelle_energie:contrarien:3,3,2026-05-17,11.871,4,-0.01
nouvelle_energie:contrarien:3,4,2026-05-31,10.6,7,-1.27
nouvelle_energie:contrarien:3,5,2026-06-16,11.912,4,1.31
nouvelle_energie:contrarien:3,6,2026-07-02,11.968,3,0.06
nouvelle_energie:contrarien:3,7,2026-07-15,12.102,3,0.13
nouvelle_energie:contrarien:3,8,2026-07-31,12.6,2,0.5
nouvelle_energie:contrarien:3,9,2026-08-15,12.526,2,-0.07
nouvelle_energie:contrarien:3,10,2026-08-28,12.671,2,0.14
nouvelle_energie:contrarien:3,11,2026-09-11,12.728,2,0.06
nouvelle_energie:contrarien:3,12,2026-09-27,14.5,1,1.77
nouvelle_energie:contrarien:3,13,2026-10-11,12.608,2,-1.89
nouvelle_energie:contrarien:3,14,2026-10-30,12.662,2,0.05
nouvelle_energie:contrarien:3,15,2026-11-16,12.708,2,0.05
nouvelle_energie:contrarien:3,16,2026-12-01,11.5,5,-1.21
nouvelle_energie:contrarien:3,17,2026-12-17,12.751,2,1.25
nouvelle_energie:contrarien:3,18,2027-01-02,12.993,2,0.24
nouvelle_energie:contrarien:3,19,2027-01-21,13.418,1,0.42
nouvelle_energie:contrarien:3,20,2027-02-10,13.9,1,0.48
nouvelle_energie:contrarien:3,21,2027-02-26,13.182,1,-0.72
nouvelle_energie:contrarien:3,22,2027-03-18,13.269,1,0.09
nouvelle_energie:contrarien:3,23,2027-03-30,13.307,1,0.04
nouvelle_energie:contrarien:3,24,2027-04-17,13.162,2,-0.14
nouvelle_energie:contrarien:3,25,2027-04-18,13.124,2,-0.04
coherent_left_green:prudent:0,1,2026-04-18,7.903,9,-0.5
coherent_left_green:prudent:0,2,2026-05-01,8.047,9,0.14
coherent_left_green:prudent:0,3,2026-05-19,8.168,9,0.12
coherent_left_green:prudent:0,4,2026-06-04,9.2,9,1.03
coherent_left_green:prudent:0,5,2026-06-21,8.761,9,-0.44
coherent_left_green:prudent:0,6,2026-07-08,9.098,9,0.34
coherent_left_green:prudent:0,7,2026-07-25,9.243,9,0.14
coherent_left_green:prudent:0,8,2026-08-11,11.2,2,1.96
coherent_left_green:prudent:0,9,2026-08-26,9.347,8,-1.85
coherent_left_green:prudent:0,10,2026-09-11,9.477,8,0.13
coherent_left_green:prudent:0,11,2026-09-28,9.618,8,0.14
coherent_left_green:prudent:0,12,2026-10-14,9.3,8,-0.32
coherent_left_green:prudent:0,13,2026-10-26,9.935,6,0.63
coherent_left_green:prudent:0,14,2026-11-08,10.023,6,0.09
coherent_left_green:prudent:0,15,2026-11-21,9.842,7,-0.18
coherent_left_green:prudent:0,16,2026-12-10,8.2,9,-1.64
coherent_left_green:prudent:0,17,2026-12-24,9.817,7,1.62
coherent_left_green:prudent:0,18,2027-01-11,10.083,6,0.27
coherent_left_green:prudent:0,19,2027-01-28,10.356,5,0.27
coherent_left_green:prudent:0,20,2027-02-13,6.3,9,-4.06
coherent_left_green:prudent:0,21,2027-02-27,10.619,4,4.32
coherent_left_green:prudent:0,22,2027-03-12,10.67,4,0.05
coherent_left_green:prudent:0,23,2027-04-01,10.685,4,0.02
coherent_left_green:prudent:0,24,2027-04-17,10.757,4,0.07
coherent_left_green:prudent:0,25,2027-04-18,10.948,4,0.19
coherent_left_green:prudent:1,1,2026-04-18,8.257,9,1.76
coherent_left_green:prudent:1,2,2026-05-05,8.442,9,0.19
coherent_left_green:prudent:1,3,2026-05-21,8.579,9,0.14
coherent_left_green:prudent:1,4,2026-06-08,7.9,9,-0.68
coherent_left_green:prudent:1,5,2026-06-25,8.909,9,1.01
coherent_left_green:prudent:1,6,2026-07-11,9.04,9,0.13
coherent_left_green:prudent:1,7,2026-07-24,9.203,9,0.16
coherent_left_green:prudent:1,8,2026-08-08,12.1,1,2.9
coherent_left_green:prudent:1,9,2026-08-20,9.361,9,-2.74
coherent_left_green:prudent:1,10,2026-09-07,9.523,8,0.16
coherent_left_green:prudent:1,11,2026-09-23,9.72,8,0.2
coherent_left_green:prudent:1,12,2026-10-07,10.4,6,0.68
coherent_left_green:prudent:1,13,2026-10-20,9.913,7,-0.49
coherent_left_green:prudent:1,14,2026-11-03,9.95,7,0.04
coherent_left_green:prudent:1,15,2026-11-18,10.194,6,0.24
coherent_left_green:prudent:1,16,2026-12-03,14.9,1,4.71
coherent_left_green:prudent:1,17,2026-12-19,10.62,4,-4.28
coherent_left_green:prudent:1,18,2027-01-02,10.802,4,0.18
coherent_left_green:prudent:1,19,2027-01-18,11.028,3,0.23
coherent_left_green:prudent:1,20,2027-02-07,15.6,1,4.57
coherent_left_green:prudent:1,21,2027-02-27,11.327,2,-4.27
coherent_left_green:prudent:1,22,2027-03-16,11.463,2,0.14
coherent_left_green:prudent:1,23,2027-04-01,11.793,1,0.33
coherent_left_green:prudent:1,24,2027-04-17,12.141,1,0.35
coherent_left_green:prudent:1,25,2027-04-18,12.275,1,0.13
coherent_left_green:prudent:2,1,2026-04-18,7.986,9,0.19
coherent_left_green:prudent:2,2,2026-05-03,8.442,9,0.46
coherent_left_green:prudent:2,3,2026-05-18,8.81,9,0.37
coherent_left_green:prudent:2,4,2026-06-01,7.6,9,-1.21
coherent_left_green:prudent:2,5,2026-06-15,9.482,8,1.88
coherent_left_green:prudent:2,6,2026-07-04,9.652,8,0.17
coherent_left_green:prudent:2,7,2026-07-18,9.86,8,0.21
coherent_left_green:prudent:2,8,2026-07-31,11.9,1,2.04
coherent_left_green:prudent:2,9,2026-08-17,10.397,5,-1.5
coherent_left_green:prudent:2,10,2026-08-30,10.482,5,0.08
coherent_left_green:prudent:2,11,2026-09-13,10.763,3,0.28
coherent_left_green:prudent:2,12,2026-09-29,13,1,2.24
coherent_left_green:prudent:2,13,2026-10-15,11.286,2,-1.71
coherent_left_green:prudent:2,14,2026-10-28,11.543,1,0.26
coherent_left_green:prudent:2,15,2026-11-11,11.724,1,0.18
coherent_left_green:prudent:2,16,2026-11-26,13.2,1,1.48
coherent_left_green:prudent:2,17,2026-12-16,11.859,1,-1.34
coherent_left_green:prudent:2,18,2026-12-31,12.009,1,0.15
coherent_left_green:prudent:2,19,2027-01-21,12.05,1,0.04
coherent_left_green:prudent:2,20,2027-02-09,11.2,2,-0.85
coherent_left_green:prudent:2,21,2027-02-23,12.186,1,0.99
coherent_left_green:prudent:2,22,2027-03-12,12.412,1,0.23
coherent_left_green:prudent:2,23,2027-04-02,12.633,1,0.22
coherent_left_green:prudent:2,24,2027-04-16,12.732,1,0.1
coherent_left_green:prudent:2,25,2027-04-18,12.772,1,0.04
coherent_left_green:aleatoire:0,1,2026-04-18,7.88,9,-0.52
coherent_left_green:aleatoire:0,2,2026-05-01,8.126,9,0.25
coherent_left_green:aleatoire:0,3,2026-05-19,8.238,9,0.11
coherent_left_green:aleatoire:0,4,2026-06-04,9.2,9,0.96
coherent_left_green:aleatoire:0,5,2026-06-21,8.648,9,-0.55
coherent_left_green:aleatoire:0,6,2026-07-08,8.761,9,0.11
coherent_left_green:aleatoire:0,7,2026-07-25,8.629,9,-0.13
coherent_left_green:aleatoire:0,8,2026-08-11,10.6,6,1.97
coherent_left_green:aleatoire:0,9,2026-08-26,8.515,9,-2.08
coherent_left_green:aleatoire:0,10,2026-09-11,8.633,9,0.12
coherent_left_green:aleatoire:0,11,2026-09-28,8.723,9,0.09
coherent_left_green:aleatoire:0,12,2026-10-14,8.5,9,-0.22
coherent_left_green:aleatoire:0,13,2026-10-26,9.196,9,0.7
coherent_left_green:aleatoire:0,14,2026-11-08,9.446,8,0.25
coherent_left_green:aleatoire:0,15,2026-11-21,9.574,8,0.13
coherent_left_green:aleatoire:0,16,2026-12-10,7.9,9,-1.67
coherent_left_green:aleatoire:0,17,2026-12-24,9.736,7,1.84
coherent_left_green:aleatoire:0,18,2027-01-11,9.483,8,-0.25
coherent_left_green:aleatoire:0,19,2027-01-28,9.569,8,0.09
coherent_left_green:aleatoire:0,20,2027-02-13,5.7,10,-3.87
coherent_left_green:aleatoire:0,21,2027-02-27,9.451,8,3.75
coherent_left_green:aleatoire:0,22,2027-03-12,9.297,8,-0.15
coherent_left_green:aleatoire:0,23,2027-04-01,9.2,8,-0.1
coherent_left_green:aleatoire:0,24,2027-04-17,9.347,8,0.15
coherent_left_green:aleatoire:0,25,2027-04-18,9.457,8,0.11
coherent_left_green:aleatoire:1,1,2026-04-18,8.257,9,1.76
coherent_left_green:aleatoire:1,2,2026-05-05,8.442,9,0.19
coherent_left_green:aleatoire:1,3,2026-05-21,8.579,9,0.14
coherent_left_green:aleatoire:1,4,2026-06-08,7.6,9,-0.98
coherent_left_green:aleatoire:1,5,2026-06-25,8.459,9,0.86
coherent_left_green:aleatoire:1,6,2026-07-11,8.614,9,0.16
coherent_left_green:aleatoire:1,7,2026-07-24,8.471,9,-0.14
coherent_left_green:aleatoire:1,8,2026-08-08,11.4,3,2.93
coherent_left_green:aleatoire:1,9,2026-08-20,8.572,9,-2.83
coherent_left_green:aleatoire:1,10,2026-09-07,8.745,9,0.17
coherent_left_green:aleatoire:1,11,2026-09-23,8.946,9,0.2
coherent_left_green:aleatoire:1,12,2026-10-07,9.5,8,0.55
coherent_left_green:aleatoire:1,13,2026-10-20,8.987,9,-0.51
coherent_left_green:aleatoire:1,14,2026-11-03,9.08,9,0.09
coherent_left_green:aleatoire:1,15,2026-11-18,9.158,9,0.08
coherent_left_green:aleatoire:1,16,2026-12-03,13.8,1,4.64
coherent_left_green:aleatoire:1,17,2026-12-19,9.466,8,-4.33
coherent_left_green:aleatoire:1,18,2027-01-02,9.642,7,0.18
coherent_left_green:aleatoire:1,19,2027-01-18,9.88,7,0.24
coherent_left_green:aleatoire:1,20,2027-02-07,14.1,1,4.22
coherent_left_green:aleatoire:1,21,2027-02-27,9.722,7,-4.38
coherent_left_green:aleatoire:1,22,2027-03-16,9.668,8,-0.05
coherent_left_green:aleatoire:1,23,2027-04-01,9.73,8,0.06
coherent_left_green:aleatoire:1,24,2027-04-17,10.159,6,0.43
coherent_left_green:aleatoire:1,25,2027-04-18,10.277,5,0.12
coherent_left_green:aleatoire:2,1,2026-04-18,7.986,9,0.19
coherent_left_green:aleatoire:2,2,2026-05-03,8.442,9,0.46
coherent_left_green:aleatoire:2,3,2026-05-18,8.81,9,0.37
coherent_left_green:aleatoire:2,4,2026-06-01,7.6,9,-1.21
coherent_left_green:aleatoire:2,5,2026-06-15,9.482,8,1.88
coherent_left_green:aleatoire:2,6,2026-07-04,9.652,8,0.17
coherent_left_green:aleatoire:2,7,2026-07-18,9.86,8,0.21
coherent_left_green:aleatoire:2,8,2026-07-31,11.9,1,2.04
coherent_left_green:aleatoire:2,9,2026-08-17,10.356,5,-1.54
coherent_left_green:aleatoire:2,10,2026-08-30,10.417,5,0.06
coherent_left_green:aleatoire:2,11,2026-09-13,10.382,5,-0.04
coherent_left_green:aleatoire:2,12,2026-09-29,12.5,1,2.12
coherent_left_green:aleatoire:2,13,2026-10-15,10.821,3,-1.68
coherent_left_green:aleatoire:2,14,2026-10-28,10.573,4,-0.25
coherent_left_green:aleatoire:2,15,2026-11-11,10.639,4,0.07
coherent_left_green:aleatoire:2,16,2026-11-26,12.4,1,1.76
coherent_left_green:aleatoire:2,17,2026-12-16,10.855,3,-1.54
coherent_left_green:aleatoire:2,18,2026-12-31,11.021,3,0.17
coherent_left_green:aleatoire:2,19,2027-01-21,11.071,3,0.05
coherent_left_green:aleatoire:2,20,2027-02-09,10.2,6,-0.87
coherent_left_green:aleatoire:2,21,2027-02-23,11.267,2,1.07
coherent_left_green:aleatoire:2,22,2027-03-12,11.381,2,0.11
coherent_left_green:aleatoire:2,23,2027-04-02,11.577,1,0.2
coherent_left_green:aleatoire:2,24,2027-04-16,11.692,1,0.12
coherent_left_green:aleatoire:2,25,2027-04-18,11.78,1,0.09
coherent_left_green:ideologiquement_coherent:0,1,2026-04-18,7.903,9,-0.5
coherent_left_green:ideologiquement_coherent:0,2,2026-05-01,7.99,9,0.09
coherent_left_green:ideologiquement_coherent:0,3,2026-05-19,8.089,9,0.1
coherent_left_green:ideologiquement_coherent:0,4,2026-06-04,8.9,9,0.81
coherent_left_green:ideologiquement_coherent:0,5,2026-06-21,8.258,9,-0.64
coherent_left_green:ideologiquement_coherent:0,6,2026-07-08,8.354,9,0.1
coherent_left_green:ideologiquement_coherent:0,7,2026-07-25,8.388,9,0.03
coherent_left_green:ideologiquement_coherent:0,8,2026-08-11,10.4,6,2.01
coherent_left_green:ideologiquement_coherent:0,9,2026-08-26,8.444,9,-1.96
coherent_left_green:ideologiquement_coherent:0,10,2026-09-11,8.572,9,0.13
coherent_left_green:ideologiquement_coherent:0,11,2026-09-28,8.665,9,0.09
coherent_left_green:ideologiquement_coherent:0,12,2026-10-14,8.4,9,-0.26
coherent_left_green:ideologiquement_coherent:0,13,2026-10-26,9.142,9,0.74
coherent_left_green:ideologiquement_coherent:0,14,2026-11-08,9.391,8,0.25
coherent_left_green:ideologiquement_coherent:0,15,2026-11-21,9.519,8,0.13
coherent_left_green:ideologiquement_coherent:0,16,2026-12-10,8,9,-1.52
coherent_left_green:ideologiquement_coherent:0,17,2026-12-24,9.945,7,1.95
coherent_left_green:ideologiquement_coherent:0,18,2027-01-11,10.111,6,0.17
coherent_left_green:ideologiquement_coherent:0,19,2027-01-28,10.406,5,0.29
coherent_left_green:ideologiquement_coherent:0,20,2027-02-13,6.3,9,-4.11
coherent_left_green:ideologiquement_coherent:0,21,2027-02-27,10.904,4,4.6
coherent_left_green:ideologiquement_coherent:0,22,2027-03-12,11.106,4,0.2
coherent_left_green:ideologiquement_coherent:0,23,2027-04-01,11.247,3,0.14
coherent_left_green:ideologiquement_coherent:0,24,2027-04-17,12.032,1,0.79
coherent_left_green:ideologiquement_coherent:0,25,2027-04-18,12.12,1,0.09
coherent_left_green:ideologiquement_coherent:1,1,2026-04-18,8.257,9,1.76
coherent_left_green:ideologiquement_coherent:1,2,2026-05-05,8.442,9,0.19
coherent_left_green:ideologiquement_coherent:1,3,2026-05-21,8.579,9,0.14
coherent_left_green:ideologiquement_coherent:1,4,2026-06-08,8.1,9,-0.48
coherent_left_green:ideologiquement_coherent:1,5,2026-06-25,9.386,9,1.29
coherent_left_green:ideologiquement_coherent:1,6,2026-07-11,9.61,8,0.22
coherent_left_green:ideologiquement_coherent:1,7,2026-07-24,9.793,8,0.18
coherent_left_green:ideologiquement_coherent:1,8,2026-08-08,12.5,1,2.71
coherent_left_green:ideologiquement_coherent:1,9,2026-08-20,10.014,7,-2.49
coherent_left_green:ideologiquement_coherent:1,10,2026-09-07,10.178,6,0.16
coherent_left_green:ideologiquement_coherent:1,11,2026-09-23,10.505,5,0.33
coherent_left_green:ideologiquement_coherent:1,12,2026-10-07,11,3,0.49
coherent_left_green:ideologiquement_coherent:1,13,2026-10-20,10.64,4,-0.36
coherent_left_green:ideologiquement_coherent:1,14,2026-11-03,10.694,4,0.05
coherent_left_green:ideologiquement_coherent:1,15,2026-11-18,10.752,4,0.06
coherent_left_green:ideologiquement_coherent:1,16,2026-12-03,15.4,1,4.65
coherent_left_green:ideologiquement_coherent:1,17,2026-12-19,11.071,2,-4.33
coherent_left_green:ideologiquement_coherent:1,18,2027-01-02,11.018,3,-0.05
coherent_left_green:ideologiquement_coherent:1,19,2027-01-18,11.132,2,0.11
coherent_left_green:ideologiquement_coherent:1,20,2027-02-07,15.6,1,4.47
coherent_left_green:ideologiquement_coherent:1,21,2027-02-27,11.213,2,-4.39
coherent_left_green:ideologiquement_coherent:1,22,2027-03-16,11.346,2,0.13
coherent_left_green:ideologiquement_coherent:1,23,2027-04-01,11.555,2,0.21
coherent_left_green:ideologiquement_coherent:1,24,2027-04-17,11.719,1,0.16
coherent_left_green:ideologiquement_coherent:1,25,2027-04-18,11.829,1,0.11
coherent_left_green:ideologiquement_coherent:2,1,2026-04-18,7.835,9,0.04
coherent_left_green:ideologiquement_coherent:2,2,2026-05-03,8.126,9,0.29
coherent_left_green:ideologiquement_coherent:2,3,2026-05-18,8.133,9,0.01
coherent_left_green:ideologiquement_coherent:2,4,2026-06-01,7,9,-1.13
coherent_left_green:ideologiquement_coherent:2,5,2026-06-15,8.683,9,1.68
coherent_left_green:ideologiquement_coherent:2,6,2026-07-04,8.854,9,0.17
coherent_left_green:ideologiquement_coherent:2,7,2026-07-18,9.004,9,0.15
coherent_left_green:ideologiquement_coherent:2,8,2026-07-31,11.2,3,2.2
coherent_left_green:ideologiquement_coherent:2,9,2026-08-17,9.572,8,-1.63
coherent_left_green:ideologiquement_coherent:2,10,2026-08-30,9.901,8,0.33
coherent_left_green:ideologiquement_coherent:2,11,2026-09-13,10.297,5,0.4
coherent_left_green:ideologiquement_coherent:2,12,2026-09-29,12.3,1,2
coherent_left_green:ideologiquement_coherent:2,13,2026-10-15,10.484,5,-1.82
coherent_left_green:ideologiquement_coherent:2,14,2026-10-28,10.85,3,0.37
coherent_left_green:ideologiquement_coherent:2,15,2026-11-11,11.009,3,0.16
coherent_left_green:ideologiquement_coherent:2,16,2026-11-26,12.6,1,1.59
coherent_left_green:ideologiquement_coherent:2,17,2026-12-16,11.453,1,-1.15
coherent_left_green:ideologiquement_coherent:2,18,2026-12-31,11.695,1,0.24
coherent_left_green:ideologiquement_coherent:2,19,2027-01-21,11.87,1,0.17
coherent_left_green:ideologiquement_coherent:2,20,2027-02-09,10.9,3,-0.97
coherent_left_green:ideologiquement_coherent:2,21,2027-02-23,12.121,1,1.22
coherent_left_green:ideologiquement_coherent:2,22,2027-03-12,12.282,1,0.16
coherent_left_green:ideologiquement_coherent:2,23,2027-04-02,12.485,1,0.2
coherent_left_green:ideologiquement_coherent:2,24,2027-04-16,12.544,1,0.06
coherent_left_green:ideologiquement_coherent:2,25,2027-04-18,12.625,1,0.08
coherent_left_green:risque:0,1,2026-04-18,7.971,9,-0.43
coherent_left_green:risque:0,2,2026-05-01,8.137,9,0.17
coherent_left_green:risque:0,3,2026-05-19,8.403,9,0.27
coherent_left_green:risque:0,4,2026-06-04,9.3,9,0.9
coherent_left_green:risque:0,5,2026-06-21,8.856,9,-0.44
coherent_left_green:risque:0,6,2026-07-08,9.183,9,0.33
coherent_left_green:risque:0,7,2026-07-25,9.325,9,0.14
coherent_left_green:risque:0,8,2026-08-11,11.3,2,1.98
coherent_left_green:risque:0,9,2026-08-26,9.363,8,-1.94
coherent_left_green:risque:0,10,2026-09-11,9.494,8,0.13
coherent_left_green:risque:0,11,2026-09-28,9.549,8,0.05
coherent_left_green:risque:0,12,2026-10-14,9.2,9,-0.35
coherent_left_green:risque:0,13,2026-10-26,9.834,7,0.63
coherent_left_green:risque:0,14,2026-11-08,10.202,6,0.37
coherent_left_green:risque:0,15,2026-11-21,10.249,6,0.05
coherent_left_green:risque:0,16,2026-12-10,8.6,9,-1.65
coherent_left_green:risque:0,17,2026-12-24,10.576,5,1.98
coherent_left_green:risque:0,18,2027-01-11,10.855,4,0.28
coherent_left_green:risque:0,19,2027-01-28,11.125,3,0.27
coherent_left_green:risque:0,20,2027-02-13,7.1,9,-4.03
coherent_left_green:risque:0,21,2027-02-27,11.517,2,4.42
coherent_left_green:risque:0,22,2027-03-12,11.686,1,0.17
coherent_left_green:risque:0,23,2027-04-01,11.775,1,0.09
coherent_left_green:risque:0,24,2027-04-17,12.044,1,0.27
coherent_left_green:risque:0,25,2027-04-18,12.078,1,0.03
coherent_left_green:risque:1,1,2026-04-18,7.938,9,1.44
coherent_left_green:risque:1,2,2026-05-05,8.022,9,0.08
coherent_left_green:risque:1,3,2026-05-21,8.127,9,0.11
coherent_left_green:risque:1,4,2026-06-08,7.6,9,-0.53
coherent_left_green:risque:1,5,2026-06-25,8.601,9,1
coherent_left_green:risque:1,6,2026-07-11,8.803,9,0.2
coherent_left_green:risque:1,7,2026-07-24,8.675,9,-0.13
coherent_left_green:risque:1,8,2026-08-08,11.5,2,2.82
coherent_left_green:risque:1,9,2026-08-20,8.813,9,-2.69
coherent_left_green:risque:1,10,2026-09-07,9,9,0.19
coherent_left_green:risque:1,11,2026-09-23,8.918,9,-0.08
coherent_left_green:risque:1,12,2026-10-07,9.4,9,0.48
coherent_left_green:risque:1,13,2026-10-20,8.796,9,-0.6
coherent_left_green:risque:1,14,2026-11-03,8.892,9,0.1
coherent_left_green:risque:1,15,2026-11-18,9.164,9,0.27
coherent_left_green:risque:1,16,2026-12-03,13.8,1,4.64
coherent_left_green:risque:1,17,2026-12-19,9.422,8,-4.38
coherent_left_green:risque:1,18,2027-01-02,9.565,7,0.14
coherent_left_green:risque:1,19,2027-01-18,9.634,7,0.07
coherent_left_green:risque:1,20,2027-02-07,14,1,4.37
coherent_left_green:risque:1,21,2027-02-27,9.835,7,-4.16
coherent_left_green:risque:1,22,2027-03-16,9.804,7,-0.03
coherent_left_green:risque:1,23,2027-04-01,9.96,7,0.16
coherent_left_green:risque:1,24,2027-04-17,10.052,6,0.09
coherent_left_green:risque:1,25,2027-04-18,10.196,6,0.14
coherent_left_green:risque:2,1,2026-04-18,7.986,9,0.19
coherent_left_green:risque:2,2,2026-05-03,8.442,9,0.46
coherent_left_green:risque:2,3,2026-05-18,8.811,9,0.37
coherent_left_green:risque:2,4,2026-06-01,7.6,9,-1.21
coherent_left_green:risque:2,5,2026-06-15,9.484,8,1.88
coherent_left_green:risque:2,6,2026-07-04,9.653,8,0.17
coherent_left_green:risque:2,7,2026-07-18,9.543,8,-0.11
coherent_left_green:risque:2,8,2026-07-31,11.6,2,2.06
coherent_left_green:risque:2,9,2026-08-17,9.998,7,-1.6
coherent_left_green:risque:2,10,2026-08-30,10.315,5,0.32
coherent_left_green:risque:2,11,2026-09-13,10.36,5,0.04
coherent_left_green:risque:2,12,2026-09-29,12.5,1,2.14
coherent_left_green:risque:2,13,2026-10-15,10.552,4,-1.95
coherent_left_green:risque:2,14,2026-10-28,10.386,5,-0.17
coherent_left_green:risque:2,15,2026-11-11,10.457,5,0.07
coherent_left_green:risque:2,16,2026-11-26,12.2,1,1.74
coherent_left_green:risque:2,17,2026-12-16,10.508,4,-1.69
coherent_left_green:risque:2,18,2026-12-31,10.486,4,-0.02
coherent_left_green:risque:2,19,2027-01-21,10.522,4,0.04
coherent_left_green:risque:2,20,2027-02-09,12,1,1.48
coherent_left_green:risque:2,21,2027-02-24,9.831,4,-2.17
coherent_left_green:risque:2,22,2027-03-10,10.389,2,0.56
coherent_left_green:risque:2,23,2027-03-30,11.014,1,0.63
coherent_left_green:risque:2,24,2027-04-15,11.198,1,0.18
coherent_left_green:risque:2,25,2027-04-18,11.144,1,-0.05
coherent_conservative:prudent:0,1,2026-04-18,8.941,9,1.74
coherent_conservative:prudent:0,2,2026-04-30,9.039,9,0.1
coherent_conservative:prudent:0,3,2026-05-17,9.261,9,0.22
coherent_conservative:prudent:0,4,2026-05-31,11.1,3,1.84
coherent_conservative:prudent:0,5,2026-06-13,9.827,8,-1.27
coherent_conservative:prudent:0,6,2026-06-27,9.913,8,0.09
coherent_conservative:prudent:0,7,2026-07-11,10.056,7,0.14
coherent_conservative:prudent:0,8,2026-07-28,8.9,9,-1.16
coherent_conservative:prudent:0,9,2026-08-16,10.546,4,1.65
coherent_conservative:prudent:0,10,2026-08-31,10.772,4,0.23
coherent_conservative:prudent:0,11,2026-09-13,10.834,4,0.06
coherent_conservative:prudent:0,12,2026-09-27,8.8,9,-2.03
coherent_conservative:prudent:0,13,2026-10-15,11.062,4,2.26
coherent_conservative:prudent:0,14,2026-10-29,11.182,4,0.12
coherent_conservative:prudent:0,15,2026-11-17,11.24,4,0.06
coherent_conservative:prudent:0,16,2026-12-06,7.8,9,-3.44
coherent_conservative:prudent:0,17,2026-12-20,11.488,3,3.69
coherent_conservative:prudent:0,18,2027-01-09,11.471,3,-0.02
coherent_conservative:prudent:0,19,2027-01-27,11.478,3,0.01
coherent_conservative:prudent:0,20,2027-02-09,13,1,1.52
coherent_conservative:prudent:0,21,2027-03-01,11.837,3,-1.16
coherent_conservative:prudent:0,22,2027-03-18,11.803,3,-0.03
coherent_conservative:prudent:0,23,2027-04-02,12.028,2,0.22
coherent_conservative:prudent:0,24,2027-04-15,12.114,3,0.09
coherent_conservative:prudent:0,25,2027-04-18,12.33,2,0.22
coherent_conservative:prudent:0,26,2027-04-20,12.438,1,0.11
coherent_conservative:prudent:0,27,2027-04-22,12.621,1,0.18
coherent_conservative:prudent:0,28,2027-04-24,11.6,3,-1.02
coherent_conservative:prudent:0,29,2027-04-26,12.565,1,0.96
coherent_conservative:prudent:0,30,2027-05-02,12.529,1,-0.04
coherent_conservative:prudent:0,31,2027-05-03,12.546,1,0.02
coherent_conservative:prudent:1,1,2026-04-18,9.335,9,-0.56
coherent_conservative:prudent:1,2,2026-05-02,9.507,8,0.17
coherent_conservative:prudent:1,3,2026-05-16,9.681,7,0.17
coherent_conservative:prudent:1,4,2026-06-03,8.3,9,-1.38
coherent_conservative:prudent:1,5,2026-06-18,10.148,6,1.85
coherent_conservative:prudent:1,6,2026-07-02,10.422,5,0.27
coherent_conservative:prudent:1,7,2026-07-19,10.539,4,0.12
coherent_conservative:prudent:1,8,2026-08-02,9.5,8,-1.04
coherent_conservative:prudent:1,9,2026-08-21,10.863,3,1.36
coherent_conservative:prudent:1,10,2026-09-06,11.034,2,0.17
coherent_conservative:prudent:1,11,2026-09-24,11.11,2,0.08
coherent_conservative:prudent:1,12,2026-10-09,10.3,5,-0.81
coherent_conservative:prudent:1,13,2026-10-22,10.84,3,0.54
coherent_conservative:prudent:1,14,2026-11-05,10.904,2,0.06
coherent_conservative:prudent:1,15,2026-11-19,10.987,2,0.08
coherent_conservative:prudent:1,16,2026-12-08,13,1,2.01
coherent_conservative:prudent:1,17,2026-12-22,11.2,2,-1.8
coherent_conservative:prudent:1,18,2027-01-05,11.308,2,0.11
coherent_conservative:prudent:1,19,2027-01-24,11.324,2,0.02
coherent_conservative:prudent:1,20,2027-02-10,10.5,5,-0.82
coherent_conservative:prudent:1,21,2027-02-23,11.619,1,1.12
coherent_conservative:prudent:1,22,2027-03-12,11.843,1,0.22
coherent_conservative:prudent:1,23,2027-03-31,11.946,1,0.1
coherent_conservative:prudent:1,24,2027-04-17,12.017,1,0.07
coherent_conservative:prudent:1,25,2027-04-18,12.065,1,0.05
coherent_conservative:prudent:2,1,2026-04-18,8.925,9,1.53
coherent_conservative:prudent:2,2,2026-05-05,9.23,9,0.3
coherent_conservative:prudent:2,3,2026-05-23,9.475,9,0.24
coherent_conservative:prudent:2,4,2026-06-05,11.4,2,1.93
coherent_conservative:prudent:2,5,2026-06-20,9.915,8,-1.49
coherent_conservative:prudent:2,6,2026-07-03,10.163,6,0.25
coherent_conservative:prudent:2,7,2026-07-21,10.597,4,0.43
coherent_conservative:prudent:2,8,2026-08-05,8.8,9,-1.8
coherent_conservative:prudent:2,9,2026-08-23,11.065,3,2.26
coherent_conservative:prudent:2,10,2026-09-04,11.222,3,0.16
coherent_conservative:prudent:2,11,2026-09-20,11.39,3,0.17
coherent_conservative:prudent:2,12,2026-10-03,12.2,1,0.81
coherent_conservative:prudent:2,13,2026-10-22,11.73,1,-0.47
coherent_conservative:prudent:2,14,2026-11-10,11.788,1,0.06
coherent_conservative:prudent:2,15,2026-11-23,11.867,1,0.08
coherent_conservative:prudent:2,16,2026-12-06,10.9,3,-0.97
coherent_conservative:prudent:2,17,2026-12-24,12.641,1,1.74
coherent_conservative:prudent:2,18,2027-01-07,12.736,1,0.1
coherent_conservative:prudent:2,19,2027-01-25,12.842,1,0.11
coherent_conservative:prudent:2,20,2027-02-13,9.9,6,-2.94
coherent_conservative:prudent:2,21,2027-02-28,13.151,1,3.25
coherent_conservative:prudent:2,22,2027-03-13,13.218,1,0.07
coherent_conservative:prudent:2,23,2027-03-31,13.049,1,-0.17
coherent_conservative:prudent:2,24,2027-04-16,13.136,1,0.09
coherent_conservative:prudent:2,25,2027-04-18,13.214,1,0.08
coherent_conservative:prudent:2,26,2027-04-20,13.406,1,0.19
coherent_conservative:prudent:2,27,2027-04-22,13.557,1,0.15
coherent_conservative:prudent:2,28,2027-04-24,10.3,3,-3.26
coherent_conservative:prudent:2,29,2027-04-26,13.814,1,3.51
coherent_conservative:aleatoire:0,1,2026-04-18,8.914,9,1.71
coherent_conservative:aleatoire:0,2,2026-04-30,8.939,9,0.03
coherent_conservative:aleatoire:0,3,2026-05-17,9.138,9,0.2
coherent_conservative:aleatoire:0,4,2026-05-31,11,3,1.86
coherent_conservative:aleatoire:0,5,2026-06-13,9.172,9,-1.83
coherent_conservative:aleatoire:0,6,2026-06-27,9.091,9,-0.08
coherent_conservative:aleatoire:0,7,2026-07-11,9.144,9,0.05
coherent_conservative:aleatoire:0,8,2026-07-28,8.1,9,-1.04
coherent_conservative:aleatoire:0,9,2026-08-16,9.325,8,1.22
coherent_conservative:aleatoire:0,10,2026-08-31,9.423,8,0.1
coherent_conservative:aleatoire:0,11,2026-09-13,9.509,8,0.09
coherent_conservative:aleatoire:0,12,2026-09-29,7.4,9,-2.11
coherent_conservative:aleatoire:0,13,2026-10-17,9.489,8,2.09
coherent_conservative:aleatoire:0,14,2026-10-31,9.553,8,0.06
coherent_conservative:aleatoire:0,15,2026-11-18,9.844,7,0.29
coherent_conservative:aleatoire:0,16,2026-12-07,6.1,9,-3.74
coherent_conservative:aleatoire:0,17,2026-12-21,9.726,6,3.63
coherent_conservative:aleatoire:0,18,2027-01-09,9.807,5,0.08
coherent_conservative:aleatoire:0,19,2027-01-27,9.85,5,0.04
coherent_conservative:aleatoire:0,20,2027-02-09,11,4,1.15
coherent_conservative:aleatoire:0,21,2027-03-01,10.064,4,-0.94
coherent_conservative:aleatoire:0,22,2027-03-18,10.071,4,0.01
coherent_conservative:aleatoire:0,23,2027-04-02,9.78,5,-0.29
coherent_conservative:aleatoire:0,24,2027-04-15,9.701,5,-0.08
coherent_conservative:aleatoire:0,25,2027-04-18,9.897,4,0.2
coherent_conservative:aleatoire:0,26,2027-04-20,9.628,7,-0.27
coherent_conservative:aleatoire:0,27,2027-04-22,9.675,5,0.05
coherent_conservative:aleatoire:0,28,2027-04-24,9,9,-0.68
coherent_conservative:aleatoire:0,29,2027-04-26,9.876,4,0.88
coherent_conservative:aleatoire:0,30,2027-05-02,10.222,4,0.35
coherent_conservative:aleatoire:0,31,2027-05-03,10.29,4,0.07
coherent_conservative:aleatoire:1,1,2026-04-18,9.149,9,-0.75
coherent_conservative:aleatoire:1,2,2026-05-02,9.264,9,0.12
coherent_conservative:aleatoire:1,3,2026-05-16,9.42,9,0.16
coherent_conservative:aleatoire:1,4,2026-06-03,8.1,9,-1.32
coherent_conservative:aleatoire:1,5,2026-06-18,9.809,7,1.71
coherent_conservative:aleatoire:1,6,2026-07-02,9.912,7,0.1
coherent_conservative:aleatoire:1,7,2026-07-19,9.98,8,0.07
coherent_conservative:aleatoire:1,8,2026-08-02,9.2,9,-0.78
coherent_conservative:aleatoire:1,9,2026-08-21,10.377,5,1.18
coherent_conservative:aleatoire:1,10,2026-09-06,10.485,4,0.11
coherent_conservative:aleatoire:1,11,2026-09-24,10.495,4,0.01
coherent_conservative:aleatoire:1,12,2026-10-09,9.9,8,-0.59
coherent_conservative:aleatoire:1,13,2026-10-22,10.414,5,0.51
coherent_conservative:aleatoire:1,14,2026-11-05,10.621,4,0.21
coherent_conservative:aleatoire:1,15,2026-11-19,10.594,4,-0.03
coherent_conservative:aleatoire:1,16,2026-12-08,12.6,1,2.01
coherent_conservative:aleatoire:1,17,2026-12-22,10.598,4,-2
coherent_conservative:aleatoire:1,18,2027-01-05,10.398,5,-0.2
coherent_conservative:aleatoire:1,19,2027-01-24,10.424,5,0.03
coherent_conservative:aleatoire:1,20,2027-02-10,9.5,8,-0.92
coherent_conservative:aleatoire:1,21,2027-02-23,10.458,5,0.96
coherent_conservative:aleatoire:1,22,2027-03-12,10.754,5,0.3
coherent_conservative:aleatoire:1,23,2027-03-31,10.955,4,0.2
coherent_conservative:aleatoire:1,24,2027-04-17,10.82,4,-0.13
coherent_conservative:aleatoire:1,25,2027-04-18,10.956,4,0.14
coherent_conservative:aleatoire:2,1,2026-04-18,9.213,9,1.81
coherent_conservative:aleatoire:2,2,2026-05-05,9.469,8,0.26
coherent_conservative:aleatoire:2,3,2026-05-23,9.691,8,0.22
coherent_conservative:aleatoire:2,4,2026-06-05,11.4,2,1.71
coherent_conservative:aleatoire:2,5,2026-06-20,9.847,8,-1.55
coherent_conservative:aleatoire:2,6,2026-07-03,10.145,6,0.3
coherent_conservative:aleatoire:2,7,2026-07-21,9.452,9,-0.69
coherent_conservative:aleatoire:2,8,2026-08-05,7.6,9,-1.85
coherent_conservative:aleatoire:2,9,2026-08-23,9.381,8,1.78
coherent_conservative:aleatoire:2,10,2026-09-04,9.488,8,0.11
coherent_conservative:aleatoire:2,11,2026-09-20,9.644,8,0.16
coherent_conservative:aleatoire:2,12,2026-10-03,10.6,5,0.96
coherent_conservative:aleatoire:2,13,2026-10-22,9.365,8,-1.23
coherent_conservative:aleatoire:2,14,2026-11-10,9.307,8,-0.06
coherent_conservative:aleatoire:2,15,2026-11-23,9.355,8,0.05
coherent_conservative:aleatoire:2,16,2026-12-06,10.5,5,1.14
coherent_conservative:aleatoire:2,17,2026-12-24,9.547,8,-0.95
coherent_conservative:aleatoire:2,18,2027-01-07,9.702,7,0.15
coherent_conservative:aleatoire:2,19,2027-01-25,9.891,6,0.19
coherent_conservative:aleatoire:2,20,2027-02-13,7.7,9,-2.19
coherent_conservative:aleatoire:2,21,2027-02-28,10.243,5,2.54
coherent_conservative:aleatoire:2,22,2027-03-13,10.349,4,0.11
coherent_conservative:aleatoire:2,23,2027-03-31,10.381,4,0.03
coherent_conservative:aleatoire:2,24,2027-04-16,10.693,4,0.31
coherent_conservative:aleatoire:2,25,2027-04-18,10.925,4,0.23
coherent_conservative:ideologiquement_coherent:0,1,2026-04-18,8.941,9,1.74
coherent_conservative:ideologiquement_coherent:0,2,2026-04-30,9.161,9,0.22
coherent_conservative:ideologiquement_coherent:0,3,2026-05-17,9.42,8,0.26
coherent_conservative:ideologiquement_coherent:0,4,2026-05-31,11.2,3,1.78
coherent_conservative:ideologiquement_coherent:0,5,2026-06-13,9.908,8,-1.29
coherent_conservative:ideologiquement_coherent:0,6,2026-06-27,9.966,8,0.06
coherent_conservative:ideologiquement_coherent:0,7,2026-07-11,10.099,7,0.13
coherent_conservative:ideologiquement_coherent:0,8,2026-07-28,9,9,-1.1
coherent_conservative:ideologiquement_coherent:0,9,2026-08-16,10.474,4,1.47
coherent_conservative:ideologiquement_coherent:0,10,2026-08-31,10.664,4,0.19
coherent_conservative:ideologiquement_coherent:0,11,2026-09-13,10.824,4,0.16
coherent_conservative:ideologiquement_coherent:0,12,2026-09-27,8.9,9,-1.92
coherent_conservative:ideologiquement_coherent:0,13,2026-10-15,11.022,4,2.12
coherent_conservative:ideologiquement_coherent:0,14,2026-10-29,11.111,4,0.09
coherent_conservative:ideologiquement_coherent:0,15,2026-11-17,11.151,4,0.04
coherent_conservative:ideologiquement_coherent:0,16,2026-12-06,7.7,9,-3.45
coherent_conservative:ideologiquement_coherent:0,17,2026-12-20,11.231,4,3.53
coherent_conservative:ideologiquement_coherent:0,18,2027-01-09,11.113,4,-0.12
coherent_conservative:ideologiquement_coherent:0,19,2027-01-27,11.15,4,0.04
coherent_conservative:ideologiquement_coherent:0,20,2027-02-09,12.7,1,1.55
coherent_conservative:ideologiquement_coherent:0,21,2027-03-01,11.771,3,-0.93
coherent_conservative:ideologiquement_coherent:0,22,2027-03-18,11.898,2,0.13
coherent_conservative:ideologiquement_coherent:0,23,2027-04-02,12.047,2,0.15
coherent_conservative:ideologiquement_coherent:0,24,2027-04-15,12.112,3,0.06
coherent_conservative:ideologiquement_coherent:0,25,2027-04-18,12.232,2,0.12
coherent_conservative:ideologiquement_coherent:0,26,2027-04-20,12.308,2,0.08
coherent_conservative:ideologiquement_coherent:0,27,2027-04-22,12.197,3,-0.11
coherent_conservative:ideologiquement_coherent:0,28,2027-04-24,11.4,3,-0.8
coherent_conservative:ideologiquement_coherent:0,29,2027-04-26,12.442,1,1.04
coherent_conservative:ideologiquement_coherent:0,30,2027-05-02,12.488,1,0.05
coherent_conservative:ideologiquement_coherent:0,31,2027-05-03,12.553,1,0.07
coherent_conservative:ideologiquement_coherent:1,1,2026-04-18,9.149,9,-0.75
coherent_conservative:ideologiquement_coherent:1,2,2026-05-02,9.264,9,0.12
coherent_conservative:ideologiquement_coherent:1,3,2026-05-16,9.42,9,0.16
coherent_conservative:ideologiquement_coherent:1,4,2026-06-03,8.1,9,-1.32
coherent_conservative:ideologiquement_coherent:1,5,2026-06-18,9.891,7,1.79
coherent_conservative:ideologiquement_coherent:1,6,2026-07-02,10.03,7,0.14
coherent_conservative:ideologiquement_coherent:1,7,2026-07-19,10.105,6,0.08
coherent_conservative:ideologiquement_coherent:1,8,2026-08-02,9.1,9,-1.01
coherent_conservative:ideologiquement_coherent:1,9,2026-08-21,10.397,5,1.3
coherent_conservative:ideologiquement_coherent:1,10,2026-09-06,10.634,3,0.24
coherent_conservative:ideologiquement_coherent:1,11,2026-09-24,10.74,3,0.11
coherent_conservative:ideologiquement_coherent:1,12,2026-10-09,10.1,7,-0.64
coherent_conservative:ideologiquement_coherent:1,13,2026-10-22,10.736,4,0.64
coherent_conservative:ideologiquement_coherent:1,14,2026-11-05,10.779,3,0.04
coherent_conservative:ideologiquement_coherent:1,15,2026-11-19,10.935,2,0.16
coherent_conservative:ideologiquement_coherent:1,16,2026-12-08,12.9,1,1.96
coherent_conservative:ideologiquement_coherent:1,17,2026-12-22,11.238,2,-1.66
coherent_conservative:ideologiquement_coherent:1,18,2027-01-05,11.352,2,0.11
coherent_conservative:ideologiquement_coherent:1,19,2027-01-24,11.447,2,0.09
coherent_conservative:ideologiquement_coherent:1,20,2027-02-10,10.6,5,-0.85
coherent_conservative:ideologiquement_coherent:1,21,2027-02-23,11.656,1,1.06
coherent_conservative:ideologiquement_coherent:1,22,2027-03-12,11.89,1,0.23
coherent_conservative:ideologiquement_coherent:1,23,2027-03-31,11.995,1,0.1
coherent_conservative:ideologiquement_coherent:1,24,2027-04-17,12.079,1,0.08
coherent_conservative:ideologiquement_coherent:1,25,2027-04-18,12.124,1,0.04
coherent_conservative:ideologiquement_coherent:2,1,2026-04-18,8.987,9,1.59
coherent_conservative:ideologiquement_coherent:2,2,2026-05-05,9.311,9,0.32
coherent_conservative:ideologiquement_coherent:2,3,2026-05-23,9.556,8,0.24
coherent_conservative:ideologiquement_coherent:2,4,2026-06-05,11.5,2,1.94
coherent_conservative:ideologiquement_coherent:2,5,2026-06-20,10.059,7,-1.44
coherent_conservative:ideologiquement_coherent:2,6,2026-07-03,10.324,5,0.27
coherent_conservative:ideologiquement_coherent:2,7,2026-07-21,10.763,3,0.44
coherent_conservative:ideologiquement_coherent:2,8,2026-08-05,8.9,9,-1.86
coherent_conservative:ideologiquement_coherent:2,9,2026-08-23,11.168,3,2.27
coherent_conservative:ideologiquement_coherent:2,10,2026-09-04,11.298,3,0.13
coherent_conservative:ideologiquement_coherent:2,11,2026-09-20,11.457,3,0.16
coherent_conservative:ideologiquement_coherent:2,12,2026-10-03,12.2,1,0.74
coherent_conservative:ideologiquement_coherent:2,13,2026-10-22,12.022,1,-0.18
coherent_conservative:ideologiquement_coherent:2,14,2026-11-10,12.179,1,0.16
coherent_conservative:ideologiquement_coherent:2,15,2026-11-23,12.273,1,0.09
coherent_conservative:ideologiquement_coherent:2,16,2026-12-06,13,1,0.73
coherent_conservative:ideologiquement_coherent:2,17,2026-12-24,12.586,1,-0.41
coherent_conservative:ideologiquement_coherent:2,18,2027-01-07,12.726,1,0.14
coherent_conservative:ideologiquement_coherent:2,19,2027-01-25,12.87,1,0.14
coherent_conservative:ideologiquement_coherent:2,20,2027-02-13,10.7,3,-2.17
coherent_conservative:ideologiquement_coherent:2,21,2027-02-28,13.5,1,2.8
coherent_conservative:ideologiquement_coherent:2,22,2027-03-13,13.62,1,0.12
coherent_conservative:ideologiquement_coherent:2,23,2027-03-31,13.617,1,0
coherent_conservative:ideologiquement_coherent:2,24,2027-04-16,13.697,1,0.08
coherent_conservative:ideologiquement_coherent:2,25,2027-04-18,13.758,1,0.06
coherent_conservative:ideologiquement_coherent:2,26,2027-04-20,14.227,1,0.47
coherent_conservative:ideologiquement_coherent:2,27,2027-04-22,14.448,1,0.22
coherent_conservative:ideologiquement_coherent:2,28,2027-04-24,11.2,3,-3.25
coherent_conservative:ideologiquement_coherent:2,29,2027-04-26,14.8,1,3.6
coherent_conservative:risque:0,1,2026-04-18,8.941,9,1.74
coherent_conservative:risque:0,2,2026-04-30,9.161,9,0.22
coherent_conservative:risque:0,3,2026-05-17,9.42,8,0.26
coherent_conservative:risque:0,4,2026-05-31,11.1,3,1.68
coherent_conservative:risque:0,5,2026-06-13,9.797,8,-1.3
coherent_conservative:risque:0,6,2026-06-27,9.875,8,0.08
coherent_conservative:risque:0,7,2026-07-11,9.945,8,0.07
coherent_conservative:risque:0,8,2026-07-28,8.7,9,-1.25
coherent_conservative:risque:0,9,2026-08-16,9.967,8,1.27
coherent_conservative:risque:0,10,2026-09-01,10.041,6,0.07
coherent_conservative:risque:0,11,2026-09-14,9.818,8,-0.22
coherent_conservative:risque:0,12,2026-09-28,8,9,-1.82
coherent_conservative:risque:0,13,2026-10-16,9.581,8,1.58
coherent_conservative:risque:0,14,2026-10-30,9.794,7,0.21
coherent_conservative:risque:0,15,2026-11-18,10.157,5,0.36
coherent_conservative:risque:0,16,2026-12-07,6.7,9,-3.46
coherent_conservative:risque:0,17,2026-12-21,10.576,4,3.88
coherent_conservative:risque:0,18,2027-01-09,10.685,4,0.11
coherent_conservative:risque:0,19,2027-01-27,10.74,4,0.05
coherent_conservative:risque:0,20,2027-02-09,12,3,1.26
coherent_conservative:risque:0,21,2027-03-01,11.226,4,-0.77
coherent_conservative:risque:0,22,2027-03-18,11.279,4,0.05
coherent_conservative:risque:0,23,2027-04-02,11.427,3,0.15
coherent_conservative:risque:0,24,2027-04-15,11.788,3,0.36
coherent_conservative:risque:0,25,2027-04-18,12.047,2,0.26
coherent_conservative:risque:0,26,2027-04-20,12.266,2,0.22
coherent_conservative:risque:0,27,2027-04-22,12.763,1,0.5
coherent_conservative:risque:0,28,2027-04-24,11.6,3,-1.16
coherent_conservative:risque:0,29,2027-04-26,12.931,1,1.33
coherent_conservative:risque:0,30,2027-05-02,13.002,1,0.07
coherent_conservative:risque:0,31,2027-05-03,13.081,1,0.08
coherent_conservative:risque:1,1,2026-04-18,9.335,9,-0.56
coherent_conservative:risque:1,2,2026-05-02,9.49,9,0.15
coherent_conservative:risque:1,3,2026-05-16,9.857,7,0.37
coherent_conservative:risque:1,4,2026-05-31,9.7,8,-0.16
coherent_conservative:risque:1,5,2026-06-19,10.054,7,0.35
coherent_conservative:risque:1,6,2026-07-05,10.078,7,0.02
coherent_conservative:risque:1,7,2026-07-21,10.35,4,0.27
coherent_conservative:risque:1,8,2026-08-03,9.7,8,-0.65
coherent_conservative:risque:1,9,2026-08-22,10.376,4,0.68
coherent_conservative:risque:1,10,2026-09-06,10.562,3,0.19
coherent_conservative:risque:1,11,2026-09-24,10.534,3,-0.03
coherent_conservative:risque:1,12,2026-10-09,10.1,8,-0.43
coherent_conservative:risque:1,13,2026-10-22,10.537,4,0.44
coherent_conservative:risque:1,14,2026-11-05,10.714,3,0.18
coherent_conservative:risque:1,15,2026-11-19,10.763,3,0.05
coherent_conservative:risque:1,16,2026-12-08,9,8,-1.76
coherent_conservative:risque:1,17,2026-12-24,10.461,2,1.46
coherent_conservative:risque:1,18,2027-01-12,10.537,2,0.08
coherent_conservative:risque:1,19,2027-01-25,10.467,2,-0.07
coherent_conservative:risque:1,20,2027-02-12,11.7,1,1.23
coherent_conservative:risque:1,21,2027-02-26,10.815,2,-0.88
coherent_conservative:risque:1,22,2027-03-18,10.883,2,0.07
coherent_conservative:risque:1,23,2027-03-31,10.928,2,0.05
coherent_conservative:risque:1,24,2027-04-16,10.955,2,0.03
coherent_conservative:risque:1,25,2027-04-18,10.888,2,-0.07
coherent_conservative:risque:2,1,2026-04-18,8.987,9,1.59
coherent_conservative:risque:2,2,2026-05-05,9.17,9,0.18
coherent_conservative:risque:2,3,2026-05-23,9.064,9,-0.11
coherent_conservative:risque:2,4,2026-06-05,11.1,3,2.04
coherent_conservative:risque:2,5,2026-06-20,9.456,9,-1.64
coherent_conservative:risque:2,6,2026-07-03,9.784,8,0.33
coherent_conservative:risque:2,7,2026-07-21,10.245,5,0.46
coherent_conservative:risque:2,8,2026-08-05,8.4,9,-1.84
coherent_conservative:risque:2,9,2026-08-23,10.406,4,2.01
coherent_conservative:risque:2,10,2026-09-04,10.488,4,0.08
coherent_conservative:risque:2,11,2026-09-20,10.633,4,0.14
coherent_conservative:risque:2,12,2026-10-03,11.5,3,0.87
coherent_conservative:risque:2,13,2026-10-22,11.145,3,-0.36
coherent_conservative:risque:2,14,2026-11-10,11.261,3,0.12
coherent_conservative:risque:2,15,2026-11-23,11.358,3,0.1
coherent_conservative:risque:2,16,2026-12-06,12.1,1,0.74
coherent_conservative:risque:2,17,2026-12-24,11.708,2,-0.39
coherent_conservative:risque:2,18,2027-01-07,11.885,2,0.18
coherent_conservative:risque:2,19,2027-01-25,11.966,2,0.08
coherent_conservative:risque:2,20,2027-02-13,9.8,6,-2.17
coherent_conservative:risque:2,21,2027-02-28,12.44,1,2.64
coherent_conservative:risque:2,22,2027-03-13,12.475,1,0.04
coherent_conservative:risque:2,23,2027-03-31,12.476,1,0
coherent_conservative:risque:2,24,2027-04-16,12.291,1,-0.19
coherent_conservative:risque:2,25,2027-04-18,12.519,1,0.23
contradictory_hybrid:prudent:0,1,2026-04-18,9.162,9,1.86
contradictory_hybrid:prudent:0,2,2026-05-01,9.26,9,0.1
contradictory_hybrid:prudent:0,3,2026-05-17,9.523,8,0.26
contradictory_hybrid:prudent:0,4,2026-06-01,5.5,10,-4.02
contradictory_hybrid:prudent:0,5,2026-06-15,10.193,7,4.69
contradictory_hybrid:prudent:0,6,2026-07-01,10.244,7,0.05
contradictory_hybrid:prudent:0,7,2026-07-14,10.523,4,0.28
contradictory_hybrid:prudent:0,8,2026-07-27,10.8,3,0.28
contradictory_hybrid:prudent:0,9,2026-08-10,11.007,3,0.21
contradictory_hybrid:prudent:0,10,2026-08-23,11.117,3,0.11
contradictory_hybrid:prudent:0,11,2026-09-10,11.254,2,0.14
contradictory_hybrid:prudent:0,12,2026-09-27,8.5,9,-2.75
contradictory_hybrid:prudent:0,13,2026-10-13,11.678,1,3.18
contradictory_hybrid:prudent:0,14,2026-10-28,11.808,1,0.13
contradictory_hybrid:prudent:0,15,2026-11-12,11.927,1,0.12
contradictory_hybrid:prudent:0,16,2026-12-02,13.3,1,1.37
contradictory_hybrid:prudent:0,17,2026-12-16,12.186,1,-1.11
contradictory_hybrid:prudent:0,18,2027-01-05,12.53,1,0.34
contradictory_hybrid:prudent:0,19,2027-01-22,12.757,1,0.23
contradictory_hybrid:prudent:0,20,2027-02-08,16.9,1,4.14
contradictory_hybrid:prudent:0,21,2027-02-26,12.774,1,-4.13
contradictory_hybrid:prudent:0,22,2027-03-16,12.885,1,0.11
contradictory_hybrid:prudent:0,23,2027-03-29,13.197,1,0.31
contradictory_hybrid:prudent:0,24,2027-04-17,13.366,1,0.17
contradictory_hybrid:prudent:0,25,2027-04-18,13.398,1,0.03
contradictory_hybrid:prudent:0,26,2027-04-20,13.269,1,-0.13
contradictory_hybrid:prudent:0,27,2027-04-22,13.263,1,-0.01
contradictory_hybrid:prudent:0,28,2027-04-24,10.9,2,-2.36
contradictory_hybrid:prudent:0,29,2027-04-26,13.45,1,2.55
contradictory_hybrid:prudent:1,1,2026-04-18,9.347,9,3.95
contradictory_hybrid:prudent:1,2,2026-05-03,9.633,8,0.29
contradictory_hybrid:prudent:1,3,2026-05-19,9.886,8,0.25
contradictory_hybrid:prudent:1,4,2026-06-03,6.3,9,-3.59
contradictory_hybrid:prudent:1,5,2026-06-20,10.447,4,4.15
contradictory_hybrid:prudent:1,6,2026-07-07,10.558,3,0.11
contradictory_hybrid:prudent:1,7,2026-07-23,10.384,5,-0.17
contradictory_hybrid:prudent:1,8,2026-08-05,7,9,-3.38
contradictory_hybrid:prudent:1,9,2026-08-19,10.69,3,3.69
contradictory_hybrid:prudent:1,10,2026-09-01,10.782,3,0.09
contradictory_hybrid:prudent:1,11,2026-09-14,10.975,3,0.19
contradictory_hybrid:prudent:1,12,2026-09-27,9.1,9,-1.88
contradictory_hybrid:prudent:1,13,2026-10-10,11.321,3,2.22
contradictory_hybrid:prudent:1,14,2026-10-30,11.53,3,0.21
contradictory_hybrid:prudent:1,15,2026-11-16,11.571,3,0.04
contradictory_hybrid:prudent:1,16,2026-12-06,11.1,3,-0.47
contradictory_hybrid:prudent:1,17,2026-12-20,11.774,3,0.67
contradictory_hybrid:prudent:1,18,2027-01-06,11.817,3,0.04
contradictory_hybrid:prudent:1,19,2027-01-25,11.883,2,0.07
contradictory_hybrid:prudent:1,20,2027-02-12,13.2,1,1.32
contradictory_hybrid:prudent:1,21,2027-03-03,12.202,1,-1
contradictory_hybrid:prudent:1,22,2027-03-18,12.314,1,0.11
contradictory_hybrid:prudent:1,23,2027-03-30,12.473,1,0.16
contradictory_hybrid:prudent:1,24,2027-04-16,12.751,1,0.28
contradictory_hybrid:prudent:1,25,2027-04-18,12.811,1,0.06
contradictory_hybrid:prudent:1,26,2027-04-20,12.893,1,0.08
contradictory_hybrid:prudent:1,27,2027-04-22,13.012,1,0.12
contradictory_hybrid:prudent:1,28,2027-04-24,13.5,1,0.49
contradictory_hybrid:prudent:1,29,2027-04-26,13.266,1,-0.23
contradictory_hybrid:prudent:1,30,2027-05-02,13.096,1,-0.17
contradictory_hybrid:prudent:1,31,2027-05-03,13.103,1,0.01
contradictory_hybrid:prudent:2,1,2026-04-18,9.282,9,2.08
contradictory_hybrid:prudent:2,2,2026-05-06,9.657,8,0.38
contradictory_hybrid:prudent:2,3,2026-05-19,9.891,8,0.23
contradictory_hybrid:prudent:2,4,2026-06-04,11.8,1,1.91
contradictory_hybrid:prudent:2,5,2026-06-19,10.275,5,-1.53
contradictory_hybrid:prudent:2,6,2026-07-06,10.403,4,0.13
contradictory_hybrid:prudent:2,7,2026-07-20,10.596,4,0.19
contradictory_hybrid:prudent:2,8,2026-08-08,13.9,1,3.3
contradictory_hybrid:prudent:2,9,2026-08-21,11.275,2,-2.63
contradictory_hybrid:prudent:2,10,2026-09-08,11.379,2,0.1
contradictory_hybrid:prudent:2,11,2026-09-26,11.587,1,0.21
contradictory_hybrid:prudent:2,12,2026-10-08,15.1,1,3.51
contradictory_hybrid:prudent:2,13,2026-10-27,11.877,1,-3.22
contradictory_hybrid:prudent:2,14,2026-11-13,11.802,1,-0.08
contradictory_hybrid:prudent:2,15,2026-11-25,11.582,1,-0.22
contradictory_hybrid:prudent:2,16,2026-12-12,12.6,1,1.02
contradictory_hybrid:prudent:2,17,2026-12-30,12.311,1,-0.29
contradictory_hybrid:prudent:2,18,2027-01-13,12.62,1,0.31
contradictory_hybrid:prudent:2,19,2027-01-28,12.716,1,0.1
contradictory_hybrid:prudent:2,20,2027-02-11,11.8,1,-0.92
contradictory_hybrid:prudent:2,21,2027-02-27,12.808,1,1.01
contradictory_hybrid:prudent:2,22,2027-03-12,12.81,1,0
contradictory_hybrid:prudent:2,23,2027-04-01,12.836,1,0.03
contradictory_hybrid:prudent:2,24,2027-04-17,12.866,1,0.03
contradictory_hybrid:prudent:2,25,2027-04-18,12.779,1,-0.09
contradictory_hybrid:prudent:2,26,2027-04-20,12.917,1,0.14
contradictory_hybrid:prudent:2,27,2027-04-22,13.138,1,0.22
contradictory_hybrid:prudent:2,28,2027-04-24,17.1,1,3.96
contradictory_hybrid:prudent:2,29,2027-04-26,13.47,1,-3.63
contradictory_hybrid:prudent:2,30,2027-05-02,13.338,1,-0.13
contradictory_hybrid:prudent:2,31,2027-05-03,13.458,1,0.12
contradictory_hybrid:aleatoire:0,1,2026-04-18,9.134,9,1.83
contradictory_hybrid:aleatoire:0,2,2026-05-01,9.192,9,0.06
contradictory_hybrid:aleatoire:0,3,2026-05-17,9.324,9,0.13
contradictory_hybrid:aleatoire:0,4,2026-06-01,5.2,10,-4.12
contradictory_hybrid:aleatoire:0,5,2026-06-15,9.31,9,4.11
contradictory_hybrid:aleatoire:0,6,2026-07-01,9.363,9,0.05
contradictory_hybrid:aleatoire:0,7,2026-07-14,9.656,8,0.29
contradictory_hybrid:aleatoire:0,8,2026-07-27,10.1,7,0.44
contradictory_hybrid:aleatoire:0,9,2026-08-10,9.772,8,-0.33
contradictory_hybrid:aleatoire:0,10,2026-08-23,9.728,9,-0.04
contradictory_hybrid:aleatoire:0,11,2026-09-10,9.709,9,-0.02
contradictory_hybrid:aleatoire:0,12,2026-09-27,7,9,-2.71
contradictory_hybrid:aleatoire:0,13,2026-10-13,10.108,6,3.11
contradictory_hybrid:aleatoire:0,14,2026-10-28,10.238,5,0.13
contradictory_hybrid:aleatoire:0,15,2026-11-12,10.208,5,-0.03
contradictory_hybrid:aleatoire:0,16,2026-12-02,11.5,2,1.29
contradictory_hybrid:aleatoire:0,17,2026-12-16,10.431,3,-1.07
contradictory_hybrid:aleatoire:0,18,2027-01-05,10.835,3,0.4
contradictory_hybrid:aleatoire:0,19,2027-01-22,11.024,3,0.19
contradictory_hybrid:aleatoire:0,20,2027-02-08,14.8,1,3.78
contradictory_hybrid:aleatoire:0,21,2027-02-26,11.037,3,-3.76
contradictory_hybrid:aleatoire:0,22,2027-03-16,11.183,3,0.15
contradictory_hybrid:aleatoire:0,23,2027-03-29,11.602,2,0.42
contradictory_hybrid:aleatoire:0,24,2027-04-17,10.915,3,-0.69
contradictory_hybrid:aleatoire:0,25,2027-04-18,10.84,3,-0.07
contradictory_hybrid:aleatoire:1,1,2026-04-18,9.255,9,3.86
contradictory_hybrid:aleatoire:1,2,2026-05-03,9.437,8,0.18
contradictory_hybrid:aleatoire:1,3,2026-05-19,9.498,8,0.06
contradictory_hybrid:aleatoire:1,4,2026-06-03,5.9,10,-3.6
contradictory_hybrid:aleatoire:1,5,2026-06-20,9.553,8,3.65
contradictory_hybrid:aleatoire:1,6,2026-07-07,9.553,8,0
contradictory_hybrid:aleatoire:1,7,2026-07-23,9.684,8,0.13
contradictory_hybrid:aleatoire:1,8,2026-08-05,6.4,9,-3.28
contradictory_hybrid:aleatoire:1,9,2026-08-19,9.806,7,3.41
contradictory_hybrid:aleatoire:1,10,2026-09-01,9.85,7,0.04
contradictory_hybrid:aleatoire:1,11,2026-09-14,10.016,7,0.17
contradictory_hybrid:aleatoire:1,12,2026-09-27,8.3,9,-1.72
contradictory_hybrid:aleatoire:1,13,2026-10-10,9.969,7,1.67
contradictory_hybrid:aleatoire:1,14,2026-10-30,10.044,7,0.08
contradictory_hybrid:aleatoire:1,15,2026-11-16,10.216,5,0.17
contradictory_hybrid:aleatoire:1,16,2026-12-06,9.7,7,-0.52
contradictory_hybrid:aleatoire:1,17,2026-12-20,10.201,5,0.5
contradictory_hybrid:aleatoire:1,18,2027-01-06,10.303,5,0.1
contradictory_hybrid:aleatoire:1,19,2027-01-25,10.487,4,0.18
contradictory_hybrid:aleatoire:1,20,2027-02-12,11.8,3,1.31
contradictory_hybrid:aleatoire:1,21,2027-03-03,10.756,4,-1.04
contradictory_hybrid:aleatoire:1,22,2027-03-18,10.774,4,0.02
contradictory_hybrid:aleatoire:1,23,2027-03-30,10.857,4,0.08
contradictory_hybrid:aleatoire:1,24,2027-04-16,11.077,3,0.22
contradictory_hybrid:aleatoire:1,25,2027-04-18,11.357,3,0.28
contradictory_hybrid:aleatoire:1,26,2027-04-20,11.55,3,0.19
contradictory_hybrid:aleatoire:1,27,2027-04-22,11.603,3,0.05
contradictory_hybrid:aleatoire:1,28,2027-04-24,12,1,0.4
contradictory_hybrid:aleatoire:1,29,2027-04-26,11.792,3,-0.21
contradictory_hybrid:aleatoire:1,30,2027-05-02,11.813,1,0.02
contradictory_hybrid:aleatoire:1,31,2027-05-03,11.946,1,0.13
contradictory_hybrid:aleatoire:2,1,2026-04-18,9.144,9,1.94
contradictory_hybrid:aleatoire:2,2,2026-05-06,9.229,9,0.08
contradictory_hybrid:aleatoire:2,3,2026-05-19,9.372,9,0.14
contradictory_hybrid:aleatoire:2,4,2026-06-04,11.2,3,1.83
contradictory_hybrid:aleatoire:2,5,2026-06-19,9.313,9,-1.89
contradictory_hybrid:aleatoire:2,6,2026-07-06,9.409,9,0.1
contradictory_hybrid:aleatoire:2,7,2026-07-20,9.219,9,-0.19
contradictory_hybrid:aleatoire:2,8,2026-08-08,12.4,1,3.18
contradictory_hybrid:aleatoire:2,9,2026-08-21,9.232,9,-3.17
contradictory_hybrid:aleatoire:2,10,2026-09-08,9.286,9,0.05
contradictory_hybrid:aleatoire:2,11,2026-09-26,9.363,9,0.08
contradictory_hybrid:aleatoire:2,12,2026-10-08,13.2,1,3.84
contradictory_hybrid:aleatoire:2,13,2026-10-27,9.882,7,-3.32
contradictory_hybrid:aleatoire:2,14,2026-11-13,9.996,6,0.11
contradictory_hybrid:aleatoire:2,15,2026-11-25,10.172,6,0.18
contradictory_hybrid:aleatoire:2,16,2026-12-12,10.9,3,0.73
contradictory_hybrid:aleatoire:2,17,2026-12-30,10.305,6,-0.6
contradictory_hybrid:aleatoire:2,18,2027-01-13,10.513,4,0.21
contradictory_hybrid:aleatoire:2,19,2027-01-28,10.696,4,0.18
contradictory_hybrid:aleatoire:2,20,2027-02-11,10,6,-0.7
contradictory_hybrid:aleatoire:2,21,2027-02-27,11.148,3,1.15
contradictory_hybrid:aleatoire:2,22,2027-03-12,11.311,3,0.16
contradictory_hybrid:aleatoire:2,23,2027-04-01,11.51,2,0.2
contradictory_hybrid:aleatoire:2,24,2027-04-17,11.681,2,0.17
contradictory_hybrid:aleatoire:2,25,2027-04-18,11.731,1,0.05
contradictory_hybrid:ideologiquement_coherent:0,1,2026-04-18,9.134,9,1.83
contradictory_hybrid:ideologiquement_coherent:0,2,2026-05-01,9.207,9,0.07
contradictory_hybrid:ideologiquement_coherent:0,3,2026-05-17,9.157,9,-0.05
contradictory_hybrid:ideologiquement_coherent:0,4,2026-06-01,5,10,-4.16
contradictory_hybrid:ideologiquement_coherent:0,5,2026-06-15,9.375,9,4.38
contradictory_hybrid:ideologiquement_coherent:0,6,2026-07-01,9.52,8,0.14
contradictory_hybrid:ideologiquement_coherent:0,7,2026-07-14,9.841,8,0.32
contradictory_hybrid:ideologiquement_coherent:0,8,2026-07-27,10.3,5,0.46
contradictory_hybrid:ideologiquement_coherent:0,9,2026-08-10,10.39,4,0.09
contradictory_hybrid:ideologiquement_coherent:0,10,2026-08-23,10.589,3,0.2
contradictory_hybrid:ideologiquement_coherent:0,11,2026-09-10,10.678,3,0.09
contradictory_hybrid:ideologiquement_coherent:0,12,2026-09-27,7.9,9,-2.78
contradictory_hybrid:ideologiquement_coherent:0,13,2026-10-13,11.207,3,3.31
contradictory_hybrid:ideologiquement_coherent:0,14,2026-10-28,11.407,2,0.2
contradictory_hybrid:ideologiquement_coherent:0,15,2026-11-12,11.57,2,0.16
contradictory_hybrid:ideologiquement_coherent:0,16,2026-12-02,12.8,1,1.23
contradictory_hybrid:ideologiquement_coherent:0,17,2026-12-16,11.785,2,-1.02
contradictory_hybrid:ideologiquement_coherent:0,18,2027-01-05,12.115,2,0.33
contradictory_hybrid:ideologiquement_coherent:0,19,2027-01-22,12.364,1,0.25
contradictory_hybrid:ideologiquement_coherent:0,20,2027-02-08,16.5,1,4.14
contradictory_hybrid:ideologiquement_coherent:0,21,2027-02-26,12.474,1,-4.03
contradictory_hybrid:ideologiquement_coherent:0,22,2027-03-16,12.531,1,0.06
contradictory_hybrid:ideologiquement_coherent:0,23,2027-03-29,12.85,1,0.32
contradictory_hybrid:ideologiquement_coherent:0,24,2027-04-17,12.931,1,0.08
contradictory_hybrid:ideologiquement_coherent:0,25,2027-04-18,12.981,1,0.05
contradictory_hybrid:ideologiquement_coherent:1,1,2026-04-18,9.347,9,3.95
contradictory_hybrid:ideologiquement_coherent:1,2,2026-05-03,9.633,8,0.29
contradictory_hybrid:ideologiquement_coherent:1,3,2026-05-19,9.886,8,0.25
contradictory_hybrid:ideologiquement_coherent:1,4,2026-06-03,6.2,9,-3.69
contradictory_hybrid:ideologiquement_coherent:1,5,2026-06-20,10.195,6,4
contradictory_hybrid:ideologiquement_coherent:1,6,2026-07-07,10.288,5,0.09
contradictory_hybrid:ideologiquement_coherent:1,7,2026-07-23,10.439,5,0.15
contradictory_hybrid:ideologiquement_coherent:1,8,2026-08-05,7.1,9,-3.34
contradictory_hybrid:ideologiquement_coherent:1,9,2026-08-19,10.886,3,3.79
contradictory_hybrid:ideologiquement_coherent:1,10,2026-09-01,10.995,3,0.11
contradictory_hybrid:ideologiquement_coherent:1,11,2026-09-14,11.199,3,0.2
contradictory_hybrid:ideologiquement_coherent:1,12,2026-09-27,9.3,8,-1.9
contradictory_hybrid:ideologiquement_coherent:1,13,2026-10-10,11.41,3,2.11
contradictory_hybrid:ideologiquement_coherent:1,14,2026-10-30,11.376,3,-0.03
contradictory_hybrid:ideologiquement_coherent:1,15,2026-11-16,11.597,2,0.22
contradictory_hybrid:ideologiquement_coherent:1,16,2026-12-06,11.2,3,-0.4
contradictory_hybrid:ideologiquement_coherent:1,17,2026-12-20,11.903,1,0.7
contradictory_hybrid:ideologiquement_coherent:1,18,2027-01-06,12.025,1,0.12
contradictory_hybrid:ideologiquement_coherent:1,19,2027-01-25,12.123,1,0.1
contradictory_hybrid:ideologiquement_coherent:1,20,2027-02-07,13.5,1,1.38
contradictory_hybrid:ideologiquement_coherent:1,21,2027-02-27,12.335,1,-1.16
contradictory_hybrid:ideologiquement_coherent:1,22,2027-03-15,12.392,1,0.06
contradictory_hybrid:ideologiquement_coherent:1,23,2027-03-29,12.537,1,0.15
contradictory_hybrid:ideologiquement_coherent:1,24,2027-04-16,12.94,1,0.4
contradictory_hybrid:ideologiquement_coherent:1,25,2027-04-18,13.009,1,0.07
contradictory_hybrid:ideologiquement_coherent:1,26,2027-04-20,13.093,1,0.08
contradictory_hybrid:ideologiquement_coherent:1,27,2027-04-22,13.256,1,0.16
contradictory_hybrid:ideologiquement_coherent:1,28,2027-04-24,13.7,1,0.44
contradictory_hybrid:ideologiquement_coherent:1,29,2027-04-26,13.394,1,-0.31
contradictory_hybrid:ideologiquement_coherent:1,30,2027-05-02,13.309,1,-0.09
contradictory_hybrid:ideologiquement_coherent:1,31,2027-05-03,13.304,1,0
contradictory_hybrid:ideologiquement_coherent:2,1,2026-04-18,9.145,9,1.94
contradictory_hybrid:ideologiquement_coherent:2,2,2026-05-06,9.471,8,0.33
contradictory_hybrid:ideologiquement_coherent:2,3,2026-05-19,9.691,8,0.22
contradictory_hybrid:ideologiquement_coherent:2,4,2026-06-04,11.7,1,2.01
contradictory_hybrid:ideologiquement_coherent:2,5,2026-06-19,10.07,7,-1.63
contradictory_hybrid:ideologiquement_coherent:2,6,2026-07-06,10.198,7,0.13
contradictory_hybrid:ideologiquement_coherent:2,7,2026-07-20,10.392,4,0.19
contradictory_hybrid:ideologiquement_coherent:2,8,2026-08-08,13.7,1,3.31
contradictory_hybrid:ideologiquement_coherent:2,9,2026-08-21,10.975,3,-2.72
contradictory_hybrid:ideologiquement_coherent:2,10,2026-09-08,11.173,3,0.2
contradictory_hybrid:ideologiquement_coherent:2,11,2026-09-26,11.411,1,0.24
contradictory_hybrid:ideologiquement_coherent:2,12,2026-10-08,15,1,3.59
contradictory_hybrid:ideologiquement_coherent:2,13,2026-10-27,11.714,1,-3.29
contradictory_hybrid:ideologiquement_coherent:2,14,2026-11-13,11.91,1,0.2
contradictory_hybrid:ideologiquement_coherent:2,15,2026-11-25,12.026,1,0.12
contradictory_hybrid:ideologiquement_coherent:2,16,2026-12-12,12.8,1,0.77
contradictory_hybrid:ideologiquement_coherent:2,17,2026-12-30,12.639,1,-0.16
contradictory_hybrid:ideologiquement_coherent:2,18,2027-01-13,12.969,1,0.33
contradictory_hybrid:ideologiquement_coherent:2,19,2027-01-28,13.143,1,0.17
contradictory_hybrid:ideologiquement_coherent:2,20,2027-02-11,12.3,1,-0.84
contradictory_hybrid:ideologiquement_coherent:2,21,2027-02-27,13.338,1,1.04
contradictory_hybrid:ideologiquement_coherent:2,22,2027-03-12,13.348,1,0.01
contradictory_hybrid:ideologiquement_coherent:2,23,2027-04-01,13.375,1,0.03
contradictory_hybrid:ideologiquement_coherent:2,24,2027-04-17,13.49,1,0.12
contradictory_hybrid:ideologiquement_coherent:2,25,2027-04-18,13.667,1,0.18
contradictory_hybrid:ideologiquement_coherent:2,26,2027-04-20,13.924,1,0.26
contradictory_hybrid:ideologiquement_coherent:2,27,2027-04-22,14.137,1,0.21
contradictory_hybrid:ideologiquement_coherent:2,28,2027-04-24,18,1,3.86
contradictory_hybrid:ideologiquement_coherent:2,29,2027-04-26,14.469,1,-3.53
contradictory_hybrid:ideologiquement_coherent:2,30,2027-05-02,14.333,1,-0.14
contradictory_hybrid:ideologiquement_coherent:2,31,2027-05-03,14.469,1,0.14
contradictory_hybrid:risque:0,1,2026-04-18,9.134,9,1.83
contradictory_hybrid:risque:0,2,2026-05-01,9.21,9,0.08
contradictory_hybrid:risque:0,3,2026-05-17,9.426,9,0.22
contradictory_hybrid:risque:0,4,2026-06-01,5.4,10,-4.03
contradictory_hybrid:risque:0,5,2026-06-15,10.004,7,4.6
contradictory_hybrid:risque:0,6,2026-07-01,10.175,7,0.17
contradictory_hybrid:risque:0,7,2026-07-14,10.515,4,0.34
contradictory_hybrid:risque:0,8,2026-07-27,10.6,3,0.08
contradictory_hybrid:risque:0,9,2026-08-10,10.46,4,-0.14
contradictory_hybrid:risque:0,10,2026-08-23,10.556,3,0.1
contradictory_hybrid:risque:0,11,2026-09-10,10.578,3,0.02
contradictory_hybrid:risque:0,12,2026-09-27,8,9,-2.58
contradictory_hybrid:risque:0,13,2026-10-13,11.19,3,3.19
contradictory_hybrid:risque:0,14,2026-10-28,11.318,2,0.13
contradictory_hybrid:risque:0,15,2026-11-12,11.415,2,0.1
contradictory_hybrid:risque:0,16,2026-12-02,12.7,1,1.29
contradictory_hybrid:risque:0,17,2026-12-16,11.623,2,-1.08
contradictory_hybrid:risque:0,18,2027-01-05,12.178,2,0.56
contradictory_hybrid:risque:0,19,2027-01-22,12.513,1,0.33
contradictory_hybrid:risque:0,20,2027-02-08,16.6,1,4.09
contradictory_hybrid:risque:0,21,2027-02-26,12.623,1,-3.98
contradictory_hybrid:risque:0,22,2027-03-16,12.684,1,0.06
contradictory_hybrid:risque:0,23,2027-03-29,12.992,1,0.31
contradictory_hybrid:risque:0,24,2027-04-17,13.137,1,0.14
contradictory_hybrid:risque:0,25,2027-04-18,13.74,1,0.6
contradictory_hybrid:risque:0,26,2027-04-20,13.803,1,0.06
contradictory_hybrid:risque:0,27,2027-04-22,13.86,1,0.06
contradictory_hybrid:risque:0,28,2027-04-24,11.3,2,-2.56
contradictory_hybrid:risque:0,29,2027-04-26,14.211,1,2.91
contradictory_hybrid:risque:1,1,2026-04-18,9.347,9,3.95
contradictory_hybrid:risque:1,2,2026-05-03,9.558,8,0.21
contradictory_hybrid:risque:1,3,2026-05-19,9.787,8,0.23
contradictory_hybrid:risque:1,4,2026-06-03,6.2,9,-3.59
contradictory_hybrid:risque:1,5,2026-06-20,10.33,6,4.13
contradictory_hybrid:risque:1,6,2026-07-07,10.43,5,0.1
contradictory_hybrid:risque:1,7,2026-07-23,10.58,4,0.15
contradictory_hybrid:risque:1,8,2026-08-05,7.2,9,-3.38
contradictory_hybrid:risque:1,9,2026-08-19,10.69,3,3.49
contradictory_hybrid:risque:1,10,2026-09-01,10.601,4,-0.09
contradictory_hybrid:risque:1,11,2026-09-14,10.725,3,0.12
contradictory_hybrid:risque:1,12,2026-09-27,9,9,-1.72
contradictory_hybrid:risque:1,13,2026-10-10,10.671,4,1.67
contradictory_hybrid:risque:1,14,2026-10-30,10.773,3,0.1
contradictory_hybrid:risque:1,15,2026-11-16,10.909,3,0.14
contradictory_hybrid:risque:1,16,2026-12-06,10.6,4,-0.31
contradictory_hybrid:risque:1,17,2026-12-20,11.055,3,0.46
contradictory_hybrid:risque:1,18,2027-01-06,11.109,3,0.05
contradictory_hybrid:risque:1,19,2027-01-25,11.184,3,0.07
contradictory_hybrid:risque:1,20,2027-02-12,12.6,1,1.42
contradictory_hybrid:risque:1,21,2027-03-03,11.504,3,-1.1
contradictory_hybrid:risque:1,22,2027-03-18,11.642,3,0.14
contradictory_hybrid:risque:1,23,2027-03-30,11.825,2,0.18
contradictory_hybrid:risque:1,24,2027-04-16,12.044,1,0.22
contradictory_hybrid:risque:1,25,2027-04-18,12.148,1,0.1
contradictory_hybrid:risque:1,26,2027-04-20,12.31,1,0.16
contradictory_hybrid:risque:1,27,2027-04-22,12.613,1,0.3
contradictory_hybrid:risque:1,28,2027-04-24,13,1,0.39
contradictory_hybrid:risque:1,29,2027-04-26,13.042,1,0.04
contradictory_hybrid:risque:1,30,2027-05-02,13.088,1,0.05
contradictory_hybrid:risque:1,31,2027-05-03,12.991,1,-0.1
contradictory_hybrid:risque:2,1,2026-04-18,9.282,9,2.08
contradictory_hybrid:risque:2,2,2026-05-06,9.511,8,0.23
contradictory_hybrid:risque:2,3,2026-05-19,9.7,8,0.19
contradictory_hybrid:risque:2,4,2026-06-04,11.7,1,2
contradictory_hybrid:risque:2,5,2026-06-19,10.118,7,-1.58
contradictory_hybrid:risque:2,6,2026-07-06,10.264,6,0.15
contradictory_hybrid:risque:2,7,2026-07-20,10.242,7,-0.02
contradictory_hybrid:risque:2,8,2026-08-08,13.5,1,3.26
contradictory_hybrid:risque:2,9,2026-08-21,10.737,3,-2.76
contradictory_hybrid:risque:2,10,2026-09-08,10.953,3,0.22
contradictory_hybrid:risque:2,11,2026-09-26,10.924,3,-0.03
contradictory_hybrid:risque:2,12,2026-10-08,14.4,1,3.48
contradictory_hybrid:risque:2,13,2026-10-27,10.974,3,-3.43
contradictory_hybrid:risque:2,14,2026-11-13,11.326,2,0.35
contradictory_hybrid:risque:2,15,2026-11-25,11.367,2,0.04
contradictory_hybrid:risque:2,16,2026-12-12,12.3,1,0.93
contradictory_hybrid:risque:2,17,2026-12-30,12.331,1,0.03
contradictory_hybrid:risque:2,18,2027-01-13,12.68,1,0.35
contradictory_hybrid:risque:2,19,2027-01-28,12.818,1,0.14
contradictory_hybrid:risque:2,20,2027-02-11,11.9,1,-0.92
contradictory_hybrid:risque:2,21,2027-02-27,12.772,1,0.87
contradictory_hybrid:risque:2,22,2027-03-12,12.743,1,-0.03
contradictory_hybrid:risque:2,23,2027-04-01,13.062,1,0.32
contradictory_hybrid:risque:2,24,2027-04-17,13.22,1,0.16
contradictory_hybrid:risque:2,25,2027-04-18,13.148,1,-0.07
contradictory_hybrid:risque:2,26,2027-04-20,13.567,1,0.42
contradictory_hybrid:risque:2,27,2027-04-22,14.044,1,0.48
contradictory_hybrid:risque:2,28,2027-04-24,17.9,1,3.86
contradictory_hybrid:risque:2,29,2027-04-26,14.61,1,-3.29
contradictory_hybrid:risque:2,30,2027-05-02,14.513,1,-0.1
contradictory_hybrid:risque:2,31,2027-05-03,14.712,1,0.2
centrist_technocratic:prudent:0,1,2026-04-18,9.852,8,1.35
centrist_technocratic:prudent:0,2,2026-05-06,10.107,7,0.25
centrist_technocratic:prudent:0,3,2026-05-18,10.203,6,0.1
centrist_technocratic:prudent:0,4,2026-05-30,11.3,2,1.1
centrist_technocratic:prudent:0,5,2026-06-13,10.569,5,-0.73
centrist_technocratic:prudent:0,6,2026-06-26,10.792,3,0.22
centrist_technocratic:prudent:0,7,2026-07-11,10.992,3,0.2
centrist_technocratic:prudent:0,8,2026-07-30,10,7,-0.99
centrist_technocratic:prudent:0,9,2026-08-17,11.33,2,1.33
centrist_technocratic:prudent:0,10,2026-09-01,11.505,1,0.18
centrist_technocratic:prudent:0,11,2026-09-16,11.56,1,0.05
centrist_technocratic:prudent:0,12,2026-10-02,15.4,1,3.84
centrist_technocratic:prudent:0,13,2026-10-17,12.076,1,-3.32
centrist_technocratic:prudent:0,14,2026-11-03,12.421,1,0.34
centrist_technocratic:prudent:0,15,2026-11-21,12.531,1,0.11
centrist_technocratic:prudent:0,16,2026-12-04,14.7,1,2.17
centrist_technocratic:prudent:0,17,2026-12-22,12.716,1,-1.98
centrist_technocratic:prudent:0,18,2027-01-04,12.746,1,0.03
centrist_technocratic:prudent:0,19,2027-01-20,12.106,1,-0.64
centrist_technocratic:prudent:0,20,2027-02-05,11.7,1,-0.41
centrist_technocratic:prudent:0,21,2027-02-24,12.064,1,0.36
centrist_technocratic:prudent:0,22,2027-03-13,12.003,1,-0.06
centrist_technocratic:prudent:0,23,2027-04-02,11.963,1,-0.04
centrist_technocratic:prudent:0,24,2027-04-17,12.103,1,0.14
centrist_technocratic:prudent:0,25,2027-04-18,12.011,1,-0.09
centrist_technocratic:prudent:1,1,2026-04-18,9.875,8,0.57
centrist_technocratic:prudent:1,2,2026-05-01,10.168,7,0.29
centrist_technocratic:prudent:1,3,2026-05-15,10.609,3,0.44
centrist_technocratic:prudent:1,4,2026-05-28,13.8,1,3.19
centrist_technocratic:prudent:1,5,2026-06-10,11.302,2,-2.5
centrist_technocratic:prudent:1,6,2026-06-23,11.436,2,0.13
centrist_technocratic:prudent:1,7,2026-07-11,11.59,1,0.15
centrist_technocratic:prudent:1,8,2026-07-26,15.3,1,3.71
centrist_technocratic:prudent:1,9,2026-08-14,11.917,1,-3.38
centrist_technocratic:prudent:1,10,2026-09-01,12.095,1,0.18
centrist_technocratic:prudent:1,11,2026-09-18,12.234,1,0.14
centrist_technocratic:prudent:1,12,2026-10-03,10.3,3,-1.93
centrist_technocratic:prudent:1,13,2026-10-17,12.551,1,2.25
centrist_technocratic:prudent:1,14,2026-11-02,12.71,1,0.16
centrist_technocratic:prudent:1,15,2026-11-16,12.77,1,0.06
centrist_technocratic:prudent:1,16,2026-12-03,14.9,1,2.13
centrist_technocratic:prudent:1,17,2026-12-17,13.106,1,-1.79
centrist_technocratic:prudent:1,18,2027-01-05,13.328,1,0.22
centrist_technocratic:prudent:1,19,2027-01-25,13.407,1,0.08
centrist_technocratic:prudent:1,20,2027-02-07,12.9,1,-0.51
centrist_technocratic:prudent:1,21,2027-02-26,13.563,1,0.66
centrist_technocratic:prudent:1,22,2027-03-18,13.486,1,-0.08
centrist_technocratic:prudent:1,23,2027-04-02,13.577,1,0.09
centrist_technocratic:prudent:1,24,2027-04-17,13.523,1,-0.05
centrist_technocratic:prudent:1,25,2027-04-18,13.405,1,-0.12
centrist_technocratic:prudent:1,26,2027-04-20,13.626,1,0.22
centrist_technocratic:prudent:1,27,2027-04-22,13.711,1,0.09
centrist_technocratic:prudent:1,28,2027-04-24,17.5,1,3.79
centrist_technocratic:prudent:1,29,2027-04-26,13.873,1,-3.63
centrist_technocratic:prudent:1,30,2027-05-02,13.811,1,-0.06
centrist_technocratic:prudent:1,31,2027-05-03,13.849,1,0.04
centrist_technocratic:prudent:2,1,2026-04-18,9.624,8,-2.28
centrist_technocratic:prudent:2,2,2026-05-05,9.709,8,0.08
centrist_technocratic:prudent:2,3,2026-05-17,9.918,7,0.21
centrist_technocratic:prudent:2,4,2026-06-05,8.9,9,-1.02
centrist_technocratic:prudent:2,5,2026-06-23,10.165,7,1.26
centrist_technocratic:prudent:2,6,2026-07-11,10.231,7,0.07
centrist_technocratic:prudent:2,7,2026-07-26,10.392,5,0.16
centrist_technocratic:prudent:2,8,2026-08-13,8.7,9,-1.69
centrist_technocratic:prudent:2,9,2026-08-29,10.928,3,2.23
centrist_technocratic:prudent:2,10,2026-09-14,10.358,6,-0.57
centrist_technocratic:prudent:2,11,2026-09-29,10.255,6,-0.1
centrist_technocratic:prudent:2,12,2026-10-13,8.4,9,-1.86
centrist_technocratic:prudent:2,13,2026-10-30,10.675,4,2.28
centrist_technocratic:prudent:2,14,2026-11-16,10.739,3,0.06
centrist_technocratic:prudent:2,15,2026-12-01,10.751,4,0.01
centrist_technocratic:prudent:2,16,2026-12-17,11.3,3,0.55
centrist_technocratic:prudent:2,17,2027-01-03,10.991,3,-0.31
centrist_technocratic:prudent:2,18,2027-01-16,11.058,3,0.07
centrist_technocratic:prudent:2,19,2027-02-02,11.154,3,0.1
centrist_technocratic:prudent:2,20,2027-02-16,9.1,8,-2.05
centrist_technocratic:prudent:2,21,2027-02-28,11.682,1,2.58
centrist_technocratic:prudent:2,22,2027-03-16,11.746,1,0.06
centrist_technocratic:prudent:2,23,2027-04-02,11.813,1,0.07
centrist_technocratic:prudent:2,24,2027-04-17,12.322,1,0.51
centrist_technocratic:prudent:2,25,2027-04-18,12.401,1,0.08
centrist_technocratic:prudent:2,26,2027-04-20,12.31,1,-0.09
centrist_technocratic:prudent:2,27,2027-04-22,12.428,1,0.12
centrist_technocratic:prudent:2,28,2027-04-24,14.6,1,2.17
centrist_technocratic:prudent:2,29,2027-04-26,12.615,1,-1.98
centrist_technocratic:aleatoire:0,1,2026-04-18,9.852,8,1.35
centrist_technocratic:aleatoire:0,2,2026-05-06,10.107,7,0.25
centrist_technocratic:aleatoire:0,3,2026-05-18,10.298,6,0.19
centrist_technocratic:aleatoire:0,4,2026-05-30,11.3,2,1
centrist_technocratic:aleatoire:0,5,2026-06-13,10.66,3,-0.64
centrist_technocratic:aleatoire:0,6,2026-06-26,10.827,3,0.17
centrist_technocratic:aleatoire:0,7,2026-07-11,11.031,3,0.2
centrist_technocratic:aleatoire:0,8,2026-07-30,10.1,5,-0.93
centrist_technocratic:aleatoire:0,9,2026-08-17,11.344,2,1.24
centrist_technocratic:aleatoire:0,10,2026-09-01,11.512,1,0.17
centrist_technocratic:aleatoire:0,11,2026-09-16,11.596,1,0.08
centrist_technocratic:aleatoire:0,12,2026-10-02,15.5,1,3.9
centrist_technocratic:aleatoire:0,13,2026-10-17,12.016,1,-3.48
centrist_technocratic:aleatoire:0,14,2026-11-03,12.354,1,0.34
centrist_technocratic:aleatoire:0,15,2026-11-21,12.462,1,0.11
centrist_technocratic:aleatoire:0,16,2026-12-04,14.7,1,2.24
centrist_technocratic:aleatoire:0,17,2026-12-22,12.561,1,-2.14
centrist_technocratic:aleatoire:0,18,2027-01-04,12.884,1,0.32
centrist_technocratic:aleatoire:0,19,2027-01-20,13.138,1,0.25
centrist_technocratic:aleatoire:0,20,2027-02-05,12.5,1,-0.64
centrist_technocratic:aleatoire:0,21,2027-02-24,13.263,1,0.76
centrist_technocratic:aleatoire:0,22,2027-03-13,13.2,1,-0.06
centrist_technocratic:aleatoire:0,23,2027-04-02,13.187,1,-0.01
centrist_technocratic:aleatoire:0,24,2027-04-17,13.033,1,-0.15
centrist_technocratic:aleatoire:0,25,2027-04-18,13.234,1,0.2
centrist_technocratic:aleatoire:1,1,2026-04-18,9.785,8,0.48
centrist_technocratic:aleatoire:1,2,2026-05-01,10.049,7,0.26
centrist_technocratic:aleatoire:1,3,2026-05-15,9.872,8,-0.18
centrist_technocratic:aleatoire:1,4,2026-05-28,12.9,1,3.03
centrist_technocratic:aleatoire:1,5,2026-06-10,10.035,7,-2.87
centrist_technocratic:aleatoire:1,6,2026-06-23,10.115,7,0.08
centrist_technocratic:aleatoire:1,7,2026-07-11,10.293,6,0.18
centrist_technocratic:aleatoire:1,8,2026-07-26,14.1,1,3.81
centrist_technocratic:aleatoire:1,9,2026-08-14,10.585,3,-3.51
centrist_technocratic:aleatoire:1,10,2026-09-01,10.764,3,0.18
centrist_technocratic:aleatoire:1,11,2026-09-18,10.951,3,0.19
centrist_technocratic:aleatoire:1,12,2026-10-03,8.9,9,-2.05
centrist_technocratic:aleatoire:1,13,2026-10-17,11.111,3,2.21
centrist_technocratic:aleatoire:1,14,2026-11-02,11.231,2,0.12
centrist_technocratic:aleatoire:1,15,2026-11-16,11.275,2,0.04
centrist_technocratic:aleatoire:1,16,2026-12-03,13.4,1,2.13
centrist_technocratic:aleatoire:1,17,2026-12-17,11.494,2,-1.91
centrist_technocratic:aleatoire:1,18,2027-01-05,11.66,1,0.17
centrist_technocratic:aleatoire:1,19,2027-01-25,11.673,1,0.01
centrist_technocratic:aleatoire:1,20,2027-02-07,10.8,3,-0.87
centrist_technocratic:aleatoire:1,21,2027-02-26,11.806,1,1.01
centrist_technocratic:aleatoire:1,22,2027-03-18,11.813,1,0.01
centrist_technocratic:aleatoire:1,23,2027-04-02,11.837,1,0.02
centrist_technocratic:aleatoire:1,24,2027-04-17,11.799,1,-0.04
centrist_technocratic:aleatoire:1,25,2027-04-18,11.698,1,-0.1
centrist_technocratic:aleatoire:2,1,2026-04-18,9.624,8,-2.28
centrist_technocratic:aleatoire:2,2,2026-05-05,9.682,8,0.06
centrist_technocratic:aleatoire:2,3,2026-05-17,9.756,8,0.07
centrist_technocratic:aleatoire:2,4,2026-06-05,8.5,9,-1.26
centrist_technocratic:aleatoire:2,5,2026-06-23,9.571,8,1.07
centrist_technocratic:aleatoire:2,6,2026-07-11,9.576,8,0.01
centrist_technocratic:aleatoire:2,7,2026-07-26,9.809,8,0.23
centrist_technocratic:aleatoire:2,8,2026-08-13,8,9,-1.81
centrist_technocratic:aleatoire:2,9,2026-08-29,10.216,7,2.22
centrist_technocratic:aleatoire:2,10,2026-09-14,10.714,3,0.5
centrist_technocratic:aleatoire:2,11,2026-09-29,10.904,3,0.19
centrist_technocratic:aleatoire:2,12,2026-10-13,9.1,8,-1.8
centrist_technocratic:aleatoire:2,13,2026-10-30,12.089,1,2.99
centrist_technocratic:aleatoire:2,14,2026-11-16,12.311,1,0.22
centrist_technocratic:aleatoire:2,15,2026-12-01,12.324,1,0.01
centrist_technocratic:aleatoire:2,16,2026-12-17,12.7,1,0.38
centrist_technocratic:aleatoire:2,17,2027-01-03,12.689,1,-0.01
centrist_technocratic:aleatoire:2,18,2027-01-16,12.731,1,0.04
centrist_technocratic:aleatoire:2,19,2027-02-02,12.668,1,-0.06
centrist_technocratic:aleatoire:2,20,2027-02-16,10.5,3,-2.17
centrist_technocratic:aleatoire:2,21,2027-02-28,12.787,1,2.29
centrist_technocratic:aleatoire:2,22,2027-03-16,12.875,1,0.09
centrist_technocratic:aleatoire:2,23,2027-04-02,13.08,1,0.21
centrist_technocratic:aleatoire:2,24,2027-04-17,13.752,1,0.67
centrist_technocratic:aleatoire:2,25,2027-04-18,13.899,1,0.15
centrist_technocratic:aleatoire:2,26,2027-04-20,14.151,1,0.25
centrist_technocratic:aleatoire:2,27,2027-04-22,14.477,1,0.33
centrist_technocratic:aleatoire:2,28,2027-04-24,16.5,1,2.02
centrist_technocratic:aleatoire:2,29,2027-04-26,14.81,1,-1.69
centrist_technocratic:aleatoire:2,30,2027-05-02,14.787,1,-0.02
centrist_technocratic:aleatoire:2,31,2027-05-03,14.915,1,0.13
centrist_technocratic:ideologiquement_coherent:0,1,2026-04-18,9.852,8,1.35
centrist_technocratic:ideologiquement_coherent:0,2,2026-05-06,10.079,7,0.23
centrist_technocratic:ideologiquement_coherent:0,3,2026-05-18,10.229,6,0.15
centrist_technocratic:ideologiquement_coherent:0,4,2026-05-30,11.3,2,1.07
centrist_technocratic:ideologiquement_coherent:0,5,2026-06-13,10.669,3,-0.63
centrist_technocratic:ideologiquement_coherent:0,6,2026-06-26,10.897,3,0.23
centrist_technocratic:ideologiquement_coherent:0,7,2026-07-11,11.127,3,0.23
centrist_technocratic:ideologiquement_coherent:0,8,2026-07-30,10.1,5,-1.03
centrist_technocratic:ideologiquement_coherent:0,9,2026-08-17,11.512,1,1.41
centrist_technocratic:ideologiquement_coherent:0,10,2026-09-01,11.766,1,0.25
centrist_technocratic:ideologiquement_coherent:0,11,2026-09-16,11.891,1,0.13
centrist_technocratic:ideologiquement_coherent:0,12,2026-10-02,15.6,1,3.71
centrist_technocratic:ideologiquement_coherent:0,13,2026-10-17,12.236,1,-3.36
centrist_technocratic:ideologiquement_coherent:0,14,2026-11-03,12.529,1,0.29
centrist_technocratic:ideologiquement_coherent:0,15,2026-11-21,12.718,1,0.19
centrist_technocratic:ideologiquement_coherent:0,16,2026-12-04,15,1,2.28
centrist_technocratic:ideologiquement_coherent:0,17,2026-12-22,12.997,1,-2
centrist_technocratic:ideologiquement_coherent:0,18,2027-01-04,13.101,1,0.1
centrist_technocratic:ideologiquement_coherent:0,19,2027-01-20,13.197,1,0.1
centrist_technocratic:ideologiquement_coherent:0,20,2027-02-05,12.6,1,-0.6
centrist_technocratic:ideologiquement_coherent:0,21,2027-02-24,13.297,1,0.7
centrist_technocratic:ideologiquement_coherent:0,22,2027-03-13,13.351,1,0.05
centrist_technocratic:ideologiquement_coherent:0,23,2027-04-02,13.48,1,0.13
centrist_technocratic:ideologiquement_coherent:0,24,2027-04-17,13.581,1,0.1
centrist_technocratic:ideologiquement_coherent:0,25,2027-04-18,13.81,1,0.23
centrist_technocratic:ideologiquement_coherent:1,1,2026-04-18,9.785,8,0.48
centrist_technocratic:ideologiquement_coherent:1,2,2026-05-01,10.049,7,0.26
centrist_technocratic:ideologiquement_coherent:1,3,2026-05-15,10.483,4,0.43
centrist_technocratic:ideologiquement_coherent:1,4,2026-05-28,13.7,1,3.22
centrist_technocratic:ideologiquement_coherent:1,5,2026-06-10,11.195,3,-2.5
centrist_technocratic:ideologiquement_coherent:1,6,2026-06-23,11.336,2,0.14
centrist_technocratic:ideologiquement_coherent:1,7,2026-07-11,11.506,2,0.17
centrist_technocratic:ideologiquement_coherent:1,8,2026-07-26,15.1,1,3.59
centrist_technocratic:ideologiquement_coherent:1,9,2026-08-14,11.74,1,-3.36
centrist_technocratic:ideologiquement_coherent:1,10,2026-09-01,11.913,1,0.17
centrist_technocratic:ideologiquement_coherent:1,11,2026-09-18,12.05,1,0.14
centrist_technocratic:ideologiquement_coherent:1,12,2026-10-03,10.1,5,-1.95
centrist_technocratic:ideologiquement_coherent:1,13,2026-10-17,12.41,1,2.31
centrist_technocratic:ideologiquement_coherent:1,14,2026-11-02,12.507,1,0.1
centrist_technocratic:ideologiquement_coherent:1,15,2026-11-16,12.546,1,0.04
centrist_technocratic:ideologiquement_coherent:1,16,2026-12-03,14.7,1,2.15
centrist_technocratic:ideologiquement_coherent:1,17,2026-12-17,12.875,1,-1.82
centrist_technocratic:ideologiquement_coherent:1,18,2027-01-05,13.162,1,0.29
centrist_technocratic:ideologiquement_coherent:1,19,2027-01-25,13.259,1,0.1
centrist_technocratic:ideologiquement_coherent:1,20,2027-02-07,12.7,1,-0.56
centrist_technocratic:ideologiquement_coherent:1,21,2027-02-26,13.525,1,0.83
centrist_technocratic:ideologiquement_coherent:1,22,2027-03-18,13.56,1,0.04
centrist_technocratic:ideologiquement_coherent:1,23,2027-04-02,13.678,1,0.12
centrist_technocratic:ideologiquement_coherent:1,24,2027-04-17,13.692,1,0.01
centrist_technocratic:ideologiquement_coherent:1,25,2027-04-18,13.914,1,0.22
centrist_technocratic:ideologiquement_coherent:1,26,2027-04-20,14.112,1,0.2
centrist_technocratic:ideologiquement_coherent:1,27,2027-04-22,14.14,1,0.03
centrist_technocratic:ideologiquement_coherent:1,28,2027-04-24,17.8,1,3.66
centrist_technocratic:ideologiquement_coherent:1,29,2027-04-26,14.14,1,-3.66
centrist_technocratic:ideologiquement_coherent:1,30,2027-05-02,14.101,1,-0.04
centrist_technocratic:ideologiquement_coherent:1,31,2027-05-03,14.13,1,0.03
centrist_technocratic:ideologiquement_coherent:2,1,2026-04-18,9.624,8,-2.28
centrist_technocratic:ideologiquement_coherent:2,2,2026-05-05,9.709,8,0.08
centrist_technocratic:ideologiquement_coherent:2,3,2026-05-17,9.918,7,0.21
centrist_technocratic:ideologiquement_coherent:2,4,2026-06-05,8.9,9,-1.02
centrist_technocratic:ideologiquement_coherent:2,5,2026-06-23,10.254,5,1.35
centrist_technocratic:ideologiquement_coherent:2,6,2026-07-11,10.347,5,0.09
centrist_technocratic:ideologiquement_coherent:2,7,2026-07-26,10.556,3,0.21
centrist_technocratic:ideologiquement_coherent:2,8,2026-08-13,8.9,9,-1.66
centrist_technocratic:ideologiquement_coherent:2,9,2026-08-29,11.109,3,2.21
centrist_technocratic:ideologiquement_coherent:2,10,2026-09-14,11.433,2,0.32
centrist_technocratic:ideologiquement_coherent:2,11,2026-09-29,11.586,2,0.15
centrist_technocratic:ideologiquement_coherent:2,12,2026-10-13,9.4,8,-2.19
centrist_technocratic:ideologiquement_coherent:2,13,2026-10-30,12.034,1,2.63
centrist_technocratic:ideologiquement_coherent:2,14,2026-11-16,12.193,1,0.16
centrist_technocratic:ideologiquement_coherent:2,15,2026-12-01,12.167,1,-0.03
centrist_technocratic:ideologiquement_coherent:2,16,2026-12-17,12.6,1,0.43
centrist_technocratic:ideologiquement_coherent:2,17,2027-01-03,12.485,1,-0.12
centrist_technocratic:ideologiquement_coherent:2,18,2027-01-16,12.553,1,0.07
centrist_technocratic:ideologiquement_coherent:2,19,2027-02-02,12.629,1,0.08
centrist_technocratic:ideologiquement_coherent:2,20,2027-02-16,10.5,3,-2.13
centrist_technocratic:ideologiquement_coherent:2,21,2027-02-28,13.011,1,2.51
centrist_technocratic:ideologiquement_coherent:2,22,2027-03-16,13.04,1,0.03
centrist_technocratic:ideologiquement_coherent:2,23,2027-04-02,13.089,1,0.05
centrist_technocratic:ideologiquement_coherent:2,24,2027-04-17,13.564,1,0.47
centrist_technocratic:ideologiquement_coherent:2,25,2027-04-18,13.632,1,0.07
centrist_technocratic:ideologiquement_coherent:2,26,2027-04-20,13.861,1,0.23
centrist_technocratic:ideologiquement_coherent:2,27,2027-04-22,14.047,1,0.19
centrist_technocratic:ideologiquement_coherent:2,28,2027-04-24,16.1,1,2.05
centrist_technocratic:ideologiquement_coherent:2,29,2027-04-26,14.12,1,-1.98
centrist_technocratic:ideologiquement_coherent:2,30,2027-05-02,13.978,1,-0.14
centrist_technocratic:ideologiquement_coherent:2,31,2027-05-03,14.002,1,0.02
centrist_technocratic:risque:0,1,2026-04-18,9.852,8,1.35
centrist_technocratic:risque:0,2,2026-05-06,10.165,7,0.31
centrist_technocratic:risque:0,3,2026-05-18,10.375,5,0.21
centrist_technocratic:risque:0,4,2026-05-30,11.4,2,1.03
centrist_technocratic:risque:0,5,2026-06-13,10.786,3,-0.61
centrist_technocratic:risque:0,6,2026-06-26,10.792,3,0.01
centrist_technocratic:risque:0,7,2026-07-11,10.922,3,0.13
centrist_technocratic:risque:0,8,2026-07-30,10,7,-0.92
centrist_technocratic:risque:0,9,2026-08-17,11.238,2,1.24
centrist_technocratic:risque:0,10,2026-09-01,11.364,2,0.13
centrist_technocratic:risque:0,11,2026-09-16,11.435,1,0.07
centrist_technocratic:risque:0,12,2026-10-02,15.3,1,3.87
centrist_technocratic:risque:0,13,2026-10-17,12.059,1,-3.24
centrist_technocratic:risque:0,14,2026-11-03,12.46,1,0.4
centrist_technocratic:risque:0,15,2026-11-21,12.643,1,0.18
centrist_technocratic:risque:0,16,2026-12-04,14.8,1,2.16
centrist_technocratic:risque:0,17,2026-12-22,12.796,1,-2
centrist_technocratic:risque:0,18,2027-01-04,12.822,1,0.03
centrist_technocratic:risque:0,19,2027-01-20,12.807,1,-0.01
centrist_technocratic:risque:0,20,2027-02-05,12.3,1,-0.51
centrist_technocratic:risque:0,21,2027-02-24,12.99,1,0.69
centrist_technocratic:risque:0,22,2027-03-13,12.936,1,-0.05
centrist_technocratic:risque:0,23,2027-04-02,12.827,1,-0.11
centrist_technocratic:risque:0,24,2027-04-17,13.387,1,0.56
centrist_technocratic:risque:0,25,2027-04-18,13.359,1,-0.03
centrist_technocratic:risque:0,26,2027-04-20,13.638,1,0.28
centrist_technocratic:risque:0,27,2027-04-22,12.916,1,-0.72
centrist_technocratic:risque:0,28,2027-04-24,15.5,1,2.58
centrist_technocratic:risque:0,29,2027-04-26,12.842,1,-2.66
centrist_technocratic:risque:0,30,2027-05-02,12.634,1,-0.21
centrist_technocratic:risque:0,31,2027-05-03,12.809,1,0.17
centrist_technocratic:risque:1,1,2026-04-18,9.875,8,0.57
centrist_technocratic:risque:1,2,2026-05-01,10.168,7,0.29
centrist_technocratic:risque:1,3,2026-05-15,10.609,3,0.44
centrist_technocratic:risque:1,4,2026-05-28,13.6,1,2.99
centrist_technocratic:risque:1,5,2026-06-10,10.893,3,-2.71
centrist_technocratic:risque:1,6,2026-06-23,10.982,3,0.09
centrist_technocratic:risque:1,7,2026-07-11,11.121,3,0.14
centrist_technocratic:risque:1,8,2026-07-26,14.9,1,3.78
centrist_technocratic:risque:1,9,2026-08-14,11.474,2,-3.43
centrist_technocratic:risque:1,10,2026-09-01,11.659,1,0.19
centrist_technocratic:risque:1,11,2026-09-18,11.832,1,0.17
centrist_technocratic:risque:1,12,2026-10-03,9.8,8,-2.03
centrist_technocratic:risque:1,13,2026-10-17,11.976,1,2.18
centrist_technocratic:risque:1,14,2026-11-02,12.063,1,0.09
centrist_technocratic:risque:1,15,2026-11-16,12.095,1,0.03
centrist_technocratic:risque:1,16,2026-12-03,14.3,1,2.21
centrist_technocratic:risque:1,17,2026-12-17,12.265,1,-2.04
centrist_technocratic:risque:1,18,2027-01-05,12.42,1,0.15
centrist_technocratic:risque:1,19,2027-01-25,12.481,1,0.06
centrist_technocratic:risque:1,20,2027-02-07,11.9,1,-0.58
centrist_technocratic:risque:1,21,2027-02-26,12.764,1,0.86
centrist_technocratic:risque:1,22,2027-03-18,12.76,1,0
centrist_technocratic:risque:1,23,2027-04-02,12.873,1,0.11
centrist_technocratic:risque:1,24,2027-04-17,12.796,1,-0.08
centrist_technocratic:risque:1,25,2027-04-18,12.671,1,-0.13
centrist_technocratic:risque:1,26,2027-04-20,12.615,1,-0.06
centrist_technocratic:risque:1,27,2027-04-22,12.655,1,0.04
centrist_technocratic:risque:1,28,2027-04-24,16.5,1,3.85
centrist_technocratic:risque:1,29,2027-04-26,12.866,1,-3.63
centrist_technocratic:risque:2,1,2026-04-18,9.608,8,-2.29
centrist_technocratic:risque:2,2,2026-05-05,9.69,8,0.08
centrist_technocratic:risque:2,3,2026-05-17,9.899,7,0.21
centrist_technocratic:risque:2,4,2026-06-05,8.9,9,-1
centrist_technocratic:risque:2,5,2026-06-23,10.259,5,1.36
centrist_technocratic:risque:2,6,2026-07-11,11.066,3,0.81
centrist_technocratic:risque:2,7,2026-07-26,11.458,2,0.39
centrist_technocratic:risque:2,8,2026-08-13,9.5,8,-1.96
centrist_technocratic:risque:2,9,2026-08-29,11.715,1,2.21
centrist_technocratic:risque:2,10,2026-09-14,12.026,1,0.31
centrist_technocratic:risque:2,11,2026-09-29,12.186,1,0.16
centrist_technocratic:risque:2,12,2026-10-13,10,6,-2.19
centrist_technocratic:risque:2,13,2026-10-30,12.679,1,2.68
centrist_technocratic:risque:2,14,2026-11-16,12.795,1,0.12
centrist_technocratic:risque:2,15,2026-12-01,12.805,1,0.01
centrist_technocratic:risque:2,16,2026-12-17,13.1,1,0.29
centrist_technocratic:risque:2,17,2027-01-03,12.894,1,-0.21
centrist_technocratic:risque:2,18,2027-01-16,12.933,1,0.04
centrist_technocratic:risque:2,19,2027-02-02,13,1,0.07
centrist_technocratic:risque:2,20,2027-02-16,16.8,1,3.8
centrist_technocratic:risque:2,21,2027-03-05,12.536,1,-4.26
centrist_technocratic:risque:2,22,2027-03-17,12.517,1,-0.02
centrist_technocratic:risque:2,23,2027-04-03,12.357,1,-0.16
centrist_technocratic:risque:2,24,2027-04-17,12.273,1,-0.08
centrist_technocratic:risque:2,25,2027-04-18,12.383,1,0.11
extreme_gauche:prudent:0,1,2026-04-18,7.926,9,1.23
extreme_gauche:prudent:0,2,2026-05-03,8.164,9,0.24
extreme_gauche:prudent:0,3,2026-05-19,8.554,9,0.39
extreme_gauche:prudent:0,4,2026-06-05,5.1,10,-3.45
extreme_gauche:prudent:0,5,2026-06-19,9.086,9,3.99
extreme_gauche:prudent:0,6,2026-07-01,9.291,9,0.21
extreme_gauche:prudent:0,7,2026-07-16,9.596,8,0.3
extreme_gauche:prudent:0,8,2026-08-01,11.5,2,1.9
extreme_gauche:prudent:0,9,2026-08-14,9.782,8,-1.72
extreme_gauche:prudent:0,10,2026-08-28,9.911,7,0.13
extreme_gauche:prudent:0,11,2026-09-10,10.093,7,0.18
extreme_gauche:prudent:0,12,2026-09-23,10.3,4,0.21
extreme_gauche:prudent:0,13,2026-10-10,10.099,7,-0.2
extreme_gauche:prudent:0,14,2026-10-29,10.386,4,0.29
extreme_gauche:prudent:0,15,2026-11-12,10.691,3,0.31
extreme_gauche:prudent:0,16,2026-11-29,8.4,9,-2.29
extreme_gauche:prudent:0,17,2026-12-17,11.042,3,2.64
extreme_gauche:prudent:0,18,2027-01-06,11.244,3,0.2
extreme_gauche:prudent:0,19,2027-01-25,11.416,3,0.17
extreme_gauche:prudent:0,20,2027-02-12,8.3,9,-3.12
extreme_gauche:prudent:0,21,2027-03-01,11.814,2,3.51
extreme_gauche:prudent:0,22,2027-03-19,11.858,2,0.04
extreme_gauche:prudent:0,23,2027-04-06,11.847,2,-0.01
extreme_gauche:prudent:0,24,2027-04-17,11.785,2,-0.06
extreme_gauche:prudent:0,25,2027-04-18,11.915,2,0.13
extreme_gauche:prudent:0,26,2027-04-20,12.092,2,0.18
extreme_gauche:prudent:0,27,2027-04-22,12.33,2,0.24
extreme_gauche:prudent:0,28,2027-04-24,8.9,8,-3.43
extreme_gauche:prudent:0,29,2027-04-26,12.303,2,3.4
extreme_gauche:prudent:0,30,2027-05-02,12.096,2,-0.21
extreme_gauche:prudent:0,31,2027-05-03,12.124,2,0.03
extreme_gauche:prudent:1,1,2026-04-18,8.091,9,2.79
extreme_gauche:prudent:1,2,2026-05-02,8.193,9,0.1
extreme_gauche:prudent:1,3,2026-05-14,8.351,9,0.16
extreme_gauche:prudent:1,4,2026-05-27,10.3,7,1.95
extreme_gauche:prudent:1,5,2026-06-10,8.823,9,-1.48
extreme_gauche:prudent:1,6,2026-06-23,9.264,9,0.44
extreme_gauche:prudent:1,7,2026-07-06,9.442,8,0.18
extreme_gauche:prudent:1,8,2026-07-20,15.2,1,5.76
extreme_gauche:prudent:1,9,2026-08-06,9.847,8,-5.35
extreme_gauche:prudent:1,10,2026-08-23,10.162,5,0.32
extreme_gauche:prudent:1,11,2026-09-07,10.381,5,0.22
extreme_gauche:prudent:1,12,2026-09-26,8.6,9,-1.78
extreme_gauche:prudent:1,13,2026-10-16,10.91,3,2.31
extreme_gauche:prudent:1,14,2026-10-31,11.272,2,0.36
extreme_gauche:prudent:1,15,2026-11-16,11.557,1,0.29
extreme_gauche:prudent:1,16,2026-12-04,13.1,1,1.54
extreme_gauche:prudent:1,17,2026-12-17,11.857,1,-1.24
extreme_gauche:prudent:1,18,2027-01-06,12.061,1,0.2
extreme_gauche:prudent:1,19,2027-01-25,12.082,1,0.02
extreme_gauche:prudent:1,20,2027-02-07,16.5,1,4.42
extreme_gauche:prudent:1,21,2027-02-21,12.306,1,-4.19
extreme_gauche:prudent:1,22,2027-03-10,12.356,1,0.05
extreme_gauche:prudent:1,23,2027-03-28,12.369,1,0.01
extreme_gauche:prudent:1,24,2027-04-17,12.086,1,-0.28
extreme_gauche:prudent:1,25,2027-04-18,12.263,1,0.18
extreme_gauche:prudent:1,26,2027-04-20,12.217,1,-0.05
extreme_gauche:prudent:1,27,2027-04-22,12.26,1,0.04
extreme_gauche:prudent:1,28,2027-04-24,9,8,-3.26
extreme_gauche:prudent:1,29,2027-04-26,12.478,1,3.48
extreme_gauche:prudent:1,30,2027-05-02,12.327,1,-0.15
extreme_gauche:prudent:1,31,2027-05-03,12.409,1,0.08
extreme_gauche:prudent:2,1,2026-04-18,7.881,9,0.98
extreme_gauche:prudent:2,2,2026-05-06,7.994,9,0.11
extreme_gauche:prudent:2,3,2026-05-22,8.252,9,0.26
extreme_gauche:prudent:2,4,2026-06-04,9.8,8,1.55
extreme_gauche:prudent:2,5,2026-06-18,8.535,9,-1.27
extreme_gauche:prudent:2,6,2026-07-05,8.862,9,0.33
extreme_gauche:prudent:2,7,2026-07-23,8.972,9,0.11
extreme_gauche:prudent:2,8,2026-08-07,13.1,1,4.13
extreme_gauche:prudent:2,9,2026-08-25,9.364,9,-3.74
extreme_gauche:prudent:2,10,2026-09-12,9.567,8,0.2
extreme_gauche:prudent:2,11,2026-09-27,9.75,8,0.18
extreme_gauche:prudent:2,12,2026-10-13,7.9,9,-1.85
extreme_gauche:prudent:2,13,2026-10-29,9.965,8,2.06
extreme_gauche:prudent:2,14,2026-11-15,10.17,7,0.21
extreme_gauche:prudent:2,15,2026-11-29,10.209,7,0.04
extreme_gauche:prudent:2,16,2026-12-15,10,7,-0.21
extreme_gauche:prudent:2,17,2027-01-02,10.361,6,0.36
extreme_gauche:prudent:2,18,2027-01-18,10.628,3,0.27
extreme_gauche:prudent:2,19,2027-02-03,11.071,3,0.44
extreme_gauche:prudent:2,20,2027-02-17,8.9,9,-2.17
extreme_gauche:prudent:2,21,2027-03-03,11.183,2,2.28
extreme_gauche:prudent:2,22,2027-03-17,11.246,2,0.06
extreme_gauche:prudent:2,23,2027-04-04,11.138,2,-0.11
extreme_gauche:prudent:2,24,2027-04-17,11.238,2,0.1
extreme_gauche:prudent:2,25,2027-04-18,11.452,1,0.21
extreme_gauche:aleatoire:0,1,2026-04-18,7.606,9,0.91
extreme_gauche:aleatoire:0,2,2026-05-03,7.741,9,0.13
extreme_gauche:aleatoire:0,3,2026-05-19,7.762,9,0.02
extreme_gauche:aleatoire:0,4,2026-06-05,4.5,10,-3.26
extreme_gauche:aleatoire:0,5,2026-06-19,8.146,9,3.65
extreme_gauche:aleatoire:0,6,2026-07-01,8.343,9,0.2
extreme_gauche:aleatoire:0,7,2026-07-16,8.689,9,0.35
extreme_gauche:aleatoire:0,8,2026-08-01,10.7,4,2.01
extreme_gauche:aleatoire:0,9,2026-08-14,9.028,9,-1.67
extreme_gauche:aleatoire:0,10,2026-08-28,9.17,9,0.14
extreme_gauche:aleatoire:0,11,2026-09-10,9.356,8,0.19
extreme_gauche:aleatoire:0,12,2026-09-23,9.4,8,0.04
extreme_gauche:aleatoire:0,13,2026-10-10,9.456,8,0.06
extreme_gauche:aleatoire:0,14,2026-10-29,9.32,8,-0.14
extreme_gauche:aleatoire:0,15,2026-11-12,9.216,8,-0.1
extreme_gauche:aleatoire:0,16,2026-11-29,6.9,9,-2.32
extreme_gauche:aleatoire:0,17,2026-12-17,9.223,8,2.32
extreme_gauche:aleatoire:0,18,2027-01-06,9.221,8,0
extreme_gauche:aleatoire:0,19,2027-01-25,9.385,8,0.16
extreme_gauche:aleatoire:0,20,2027-02-12,6.4,9,-2.98
extreme_gauche:aleatoire:0,21,2027-03-01,9.646,7,3.25
extreme_gauche:aleatoire:0,22,2027-03-19,9.397,8,-0.25
extreme_gauche:aleatoire:0,23,2027-04-06,9.418,8,0.02
extreme_gauche:aleatoire:0,24,2027-04-17,9.438,8,0.02
extreme_gauche:aleatoire:0,25,2027-04-18,9.658,7,0.22
extreme_gauche:aleatoire:1,1,2026-04-18,8.132,9,2.83
extreme_gauche:aleatoire:1,2,2026-05-02,8.245,9,0.11
extreme_gauche:aleatoire:1,3,2026-05-14,8.432,9,0.19
extreme_gauche:aleatoire:1,4,2026-05-27,10.4,6,1.97
extreme_gauche:aleatoire:1,5,2026-06-10,8.916,9,-1.48
extreme_gauche:aleatoire:1,6,2026-06-23,9.356,9,0.44
extreme_gauche:aleatoire:1,7,2026-07-06,9.593,8,0.24
extreme_gauche:aleatoire:1,8,2026-07-20,15.5,1,5.91
extreme_gauche:aleatoire:1,9,2026-08-06,9.952,8,-5.55
extreme_gauche:aleatoire:1,10,2026-08-23,10.216,5,0.26
extreme_gauche:aleatoire:1,11,2026-09-07,10.246,5,0.03
extreme_gauche:aleatoire:1,12,2026-09-26,8.5,9,-1.75
extreme_gauche:aleatoire:1,13,2026-10-16,10.411,5,1.91
extreme_gauche:aleatoire:1,14,2026-10-31,10.706,4,0.29
extreme_gauche:aleatoire:1,15,2026-11-16,10.939,4,0.23
extreme_gauche:aleatoire:1,16,2026-12-04,12.7,1,1.76
extreme_gauche:aleatoire:1,17,2026-12-17,11.226,3,-1.47
extreme_gauche:aleatoire:1,18,2027-01-06,11.481,2,0.25
extreme_gauche:aleatoire:1,19,2027-01-25,11.586,2,0.11
extreme_gauche:aleatoire:1,20,2027-02-07,16.1,1,4.51
extreme_gauche:aleatoire:1,21,2027-02-21,12.107,1,-3.99
extreme_gauche:aleatoire:1,22,2027-03-10,12.288,1,0.18
extreme_gauche:aleatoire:1,23,2027-03-28,12.24,1,-0.05
extreme_gauche:aleatoire:1,24,2027-04-17,12.338,1,0.1
extreme_gauche:aleatoire:1,25,2027-04-18,12.622,1,0.28
extreme_gauche:aleatoire:1,26,2027-04-20,12.931,1,0.31
extreme_gauche:aleatoire:1,27,2027-04-22,13.086,1,0.16
extreme_gauche:aleatoire:1,28,2027-04-24,9.6,6,-3.49
extreme_gauche:aleatoire:1,29,2027-04-26,13.36,1,3.76
extreme_gauche:aleatoire:1,30,2027-05-02,13.268,1,-0.09
extreme_gauche:aleatoire:1,31,2027-05-03,13.457,1,0.19
extreme_gauche:aleatoire:2,1,2026-04-18,7.881,9,0.98
extreme_gauche:aleatoire:2,2,2026-05-06,8.016,9,0.13
extreme_gauche:aleatoire:2,3,2026-05-22,8.282,9,0.27
extreme_gauche:aleatoire:2,4,2026-06-04,9.8,8,1.52
extreme_gauche:aleatoire:2,5,2026-06-18,8.56,9,-1.24
extreme_gauche:aleatoire:2,6,2026-07-05,8.738,9,0.18
extreme_gauche:aleatoire:2,7,2026-07-23,8.8,9,0.06
extreme_gauche:aleatoire:2,8,2026-08-07,12.8,1,4
extreme_gauche:aleatoire:2,9,2026-08-25,8.879,9,-3.92
extreme_gauche:aleatoire:2,10,2026-09-12,9.032,9,0.15
extreme_gauche:aleatoire:2,11,2026-09-27,9.226,9,0.19
extreme_gauche:aleatoire:2,12,2026-10-13,7.4,9,-1.83
extreme_gauche:aleatoire:2,13,2026-10-29,9.407,9,2.01
extreme_gauche:aleatoire:2,14,2026-11-15,9.592,8,0.19
extreme_gauche:aleatoire:2,15,2026-11-29,9.795,8,0.2
extreme_gauche:aleatoire:2,16,2026-12-15,9.6,8,-0.2
extreme_gauche:aleatoire:2,17,2027-01-02,10.027,7,0.43
extreme_gauche:aleatoire:2,18,2027-01-18,10.304,6,0.28
extreme_gauche:aleatoire:2,19,2027-02-03,10.291,6,-0.01
extreme_gauche:aleatoire:2,20,2027-02-17,8.5,9,-1.79
extreme_gauche:aleatoire:2,21,2027-03-03,10.706,3,2.21
extreme_gauche:aleatoire:2,22,2027-03-17,10.987,3,0.28
extreme_gauche:aleatoire:2,23,2027-04-04,11.127,2,0.14
extreme_gauche:aleatoire:2,24,2027-04-17,11.243,2,0.12
extreme_gauche:aleatoire:2,25,2027-04-18,11.2,2,-0.04
extreme_gauche:ideologiquement_coherent:0,1,2026-04-18,7.919,9,1.22
extreme_gauche:ideologiquement_coherent:0,2,2026-05-03,8.155,9,0.24
extreme_gauche:ideologiquement_coherent:0,3,2026-05-19,8.208,9,0.05
extreme_gauche:ideologiquement_coherent:0,4,2026-06-05,4.8,10,-3.41
extreme_gauche:ideologiquement_coherent:0,5,2026-06-19,8.599,9,3.8
extreme_gauche:ideologiquement_coherent:0,6,2026-07-01,8.794,9,0.2
extreme_gauche:ideologiquement_coherent:0,7,2026-07-16,9.137,9,0.34
extreme_gauche:ideologiquement_coherent:0,8,2026-08-01,11.1,3,1.96
extreme_gauche:ideologiquement_coherent:0,9,2026-08-14,9.488,8,-1.61
extreme_gauche:ideologiquement_coherent:0,10,2026-08-28,9.631,8,0.14
extreme_gauche:ideologiquement_coherent:0,11,2026-09-10,9.783,8,0.15
extreme_gauche:ideologiquement_coherent:0,12,2026-09-23,9.9,7,0.12
extreme_gauche:ideologiquement_coherent:0,13,2026-10-10,9.945,7,0.04
extreme_gauche:ideologiquement_coherent:0,14,2026-10-29,10.094,7,0.15
extreme_gauche:ideologiquement_coherent:0,15,2026-11-12,10.361,4,0.27
extreme_gauche:ideologiquement_coherent:0,16,2026-11-29,8,9,-2.36
extreme_gauche:ideologiquement_coherent:0,17,2026-12-17,10.712,3,2.71
extreme_gauche:ideologiquement_coherent:0,18,2027-01-06,10.916,3,0.2
extreme_gauche:ideologiquement_coherent:0,19,2027-01-25,11.126,3,0.21
extreme_gauche:ideologiquement_coherent:0,20,2027-02-12,8,9,-3.13
extreme_gauche:ideologiquement_coherent:0,21,2027-03-01,11.472,3,3.47
extreme_gauche:ideologiquement_coherent:0,22,2027-03-19,11.526,3,0.05
extreme_gauche:ideologiquement_coherent:0,23,2027-04-06,11.533,2,0.01
extreme_gauche:ideologiquement_coherent:0,24,2027-04-17,11.584,2,0.05
extreme_gauche:ideologiquement_coherent:0,25,2027-04-18,11.762,2,0.18
extreme_gauche:ideologiquement_coherent:0,26,2027-04-20,12.046,2,0.28
extreme_gauche:ideologiquement_coherent:0,27,2027-04-22,12.302,2,0.26
extreme_gauche:ideologiquement_coherent:0,28,2027-04-24,9,8,-3.3
extreme_gauche:ideologiquement_coherent:0,29,2027-04-26,12.671,2,3.67
extreme_gauche:ideologiquement_coherent:0,30,2027-05-02,12.603,2,-0.07
extreme_gauche:ideologiquement_coherent:0,31,2027-05-03,12.644,2,0.04
extreme_gauche:ideologiquement_coherent:1,1,2026-04-18,8.054,9,2.75
extreme_gauche:ideologiquement_coherent:1,2,2026-05-02,8.143,9,0.09
extreme_gauche:ideologiquement_coherent:1,3,2026-05-14,8.297,9,0.15
extreme_gauche:ideologiquement_coherent:1,4,2026-05-27,10.3,7,2
extreme_gauche:ideologiquement_coherent:1,5,2026-06-10,8.854,9,-1.45
extreme_gauche:ideologiquement_coherent:1,6,2026-06-23,9.123,9,0.27
extreme_gauche:ideologiquement_coherent:1,7,2026-07-06,9.346,9,0.22
extreme_gauche:ideologiquement_coherent:1,8,2026-07-20,15.2,1,5.85
extreme_gauche:ideologiquement_coherent:1,9,2026-08-06,9.868,8,-5.33
extreme_gauche:ideologiquement_coherent:1,10,2026-08-23,10.186,5,0.32
extreme_gauche:ideologiquement_coherent:1,11,2026-09-07,10.374,5,0.19
extreme_gauche:ideologiquement_coherent:1,12,2026-09-26,8.5,9,-1.87
extreme_gauche:ideologiquement_coherent:1,13,2026-10-16,10.69,4,2.19
extreme_gauche:ideologiquement_coherent:1,14,2026-10-31,11.04,3,0.35
extreme_gauche:ideologiquement_coherent:1,15,2026-11-16,11.325,2,0.29
extreme_gauche:ideologiquement_coherent:1,16,2026-12-04,12.9,1,1.58
extreme_gauche:ideologiquement_coherent:1,17,2026-12-17,11.587,1,-1.31
extreme_gauche:ideologiquement_coherent:1,18,2027-01-06,11.951,1,0.36
extreme_gauche:ideologiquement_coherent:1,19,2027-01-25,12.071,1,0.12
extreme_gauche:ideologiquement_coherent:1,20,2027-02-07,16.5,1,4.43
extreme_gauche:ideologiquement_coherent:1,21,2027-02-21,12.249,1,-4.25
extreme_gauche:ideologiquement_coherent:1,22,2027-03-10,12.298,1,0.05
extreme_gauche:ideologiquement_coherent:1,23,2027-03-28,12.326,1,0.03
extreme_gauche:ideologiquement_coherent:1,24,2027-04-17,12.437,1,0.11
extreme_gauche:ideologiquement_coherent:1,25,2027-04-18,12.656,1,0.22
extreme_gauche:ideologiquement_coherent:1,26,2027-04-20,12.944,1,0.29
extreme_gauche:ideologiquement_coherent:1,27,2027-04-22,13.07,1,0.13
extreme_gauche:ideologiquement_coherent:1,28,2027-04-24,9.7,5,-3.37
extreme_gauche:ideologiquement_coherent:1,29,2027-04-26,13.291,1,3.59
extreme_gauche:ideologiquement_coherent:1,30,2027-05-02,13.226,1,-0.06
extreme_gauche:ideologiquement_coherent:1,31,2027-05-03,13.428,1,0.2
extreme_gauche:ideologiquement_coherent:2,1,2026-04-18,7.881,9,0.98
extreme_gauche:ideologiquement_coherent:2,2,2026-05-06,7.994,9,0.11
extreme_gauche:ideologiquement_coherent:2,3,2026-05-22,7.941,9,-0.05
extreme_gauche:ideologiquement_coherent:2,4,2026-06-04,9.5,9,1.56
extreme_gauche:ideologiquement_coherent:2,5,2026-06-18,8.223,9,-1.28
extreme_gauche:ideologiquement_coherent:2,6,2026-07-05,8.331,9,0.11
extreme_gauche:ideologiquement_coherent:2,7,2026-07-23,8.572,9,0.24
extreme_gauche:ideologiquement_coherent:2,8,2026-08-07,12.6,1,4.03
extreme_gauche:ideologiquement_coherent:2,9,2026-08-25,8.843,9,-3.76
extreme_gauche:ideologiquement_coherent:2,10,2026-09-12,9.039,9,0.2
extreme_gauche:ideologiquement_coherent:2,11,2026-09-27,9.222,9,0.18
extreme_gauche:ideologiquement_coherent:2,12,2026-10-13,7.4,9,-1.82
extreme_gauche:ideologiquement_coherent:2,13,2026-10-29,9.4,9,2
extreme_gauche:ideologiquement_coherent:2,14,2026-11-15,9.565,8,0.16
extreme_gauche:ideologiquement_coherent:2,15,2026-11-29,9.763,8,0.2
extreme_gauche:ideologiquement_coherent:2,16,2026-12-15,9.6,8,-0.16
extreme_gauche:ideologiquement_coherent:2,17,2027-01-02,10.056,7,0.46
extreme_gauche:ideologiquement_coherent:2,18,2027-01-18,10.357,5,0.3
extreme_gauche:ideologiquement_coherent:2,19,2027-02-03,10.603,4,0.25
extreme_gauche:ideologiquement_coherent:2,20,2027-02-17,8.8,9,-1.8
extreme_gauche:ideologiquement_coherent:2,21,2027-03-03,11.151,2,2.35
extreme_gauche:ideologiquement_coherent:2,22,2027-03-17,11.355,1,0.2
extreme_gauche:ideologiquement_coherent:2,23,2027-04-04,11.455,1,0.1
extreme_gauche:ideologiquement_coherent:2,24,2027-04-17,11.571,1,0.12
extreme_gauche:ideologiquement_coherent:2,25,2027-04-18,11.796,1,0.22
extreme_gauche:risque:0,1,2026-04-18,7.606,9,0.91
extreme_gauche:risque:0,2,2026-05-03,7.741,9,0.13
extreme_gauche:risque:0,3,2026-05-19,7.762,9,0.02
extreme_gauche:risque:0,4,2026-06-05,4.5,10,-3.26
extreme_gauche:risque:0,5,2026-06-19,8.144,9,3.64
extreme_gauche:risque:0,6,2026-07-01,8.341,9,0.2
extreme_gauche:risque:0,7,2026-07-16,8.687,9,0.35
extreme_gauche:risque:0,8,2026-08-01,10.7,4,2.01
extreme_gauche:risque:0,9,2026-08-14,9.026,9,-1.67
extreme_gauche:risque:0,10,2026-08-28,9.039,9,0.01
extreme_gauche:risque:0,11,2026-09-10,9.184,9,0.14
extreme_gauche:risque:0,12,2026-09-23,9.3,8,0.12
extreme_gauche:risque:0,13,2026-10-10,9.184,8,-0.12
extreme_gauche:risque:0,14,2026-10-29,9.142,9,-0.04
extreme_gauche:risque:0,15,2026-11-12,9.474,8,0.33
extreme_gauche:risque:0,16,2026-11-29,7,9,-2.47
extreme_gauche:risque:0,17,2026-12-17,9.554,8,2.55
extreme_gauche:risque:0,18,2027-01-06,9.754,7,0.2
extreme_gauche:risque:0,19,2027-01-25,10.003,6,0.25
extreme_gauche:risque:0,20,2027-02-12,6.9,9,-3.1
extreme_gauche:risque:0,21,2027-03-01,10.315,5,3.41
extreme_gauche:risque:0,22,2027-03-19,10.459,4,0.14
extreme_gauche:risque:0,23,2027-04-06,10.593,4,0.13
extreme_gauche:risque:0,24,2027-04-17,10.649,4,0.06
extreme_gauche:risque:0,25,2027-04-18,10.745,4,0.1
extreme_gauche:risque:1,1,2026-04-18,8.091,9,2.79
extreme_gauche:risque:1,2,2026-05-02,8.193,9,0.1
extreme_gauche:risque:1,3,2026-05-14,7.961,9,-0.23
extreme_gauche:risque:1,4,2026-05-27,10.1,7,2.14
extreme_gauche:risque:1,5,2026-06-10,8.343,9,-1.76
extreme_gauche:risque:1,6,2026-06-23,8.781,9,0.44
extreme_gauche:risque:1,7,2026-07-06,9.02,9,0.24
extreme_gauche:risque:1,8,2026-07-20,14.8,1,5.78
extreme_gauche:risque:1,9,2026-08-06,9.243,9,-5.56
extreme_gauche:risque:1,10,2026-08-23,9.425,9,0.18
extreme_gauche:risque:1,11,2026-09-07,9.488,8,0.06
extreme_gauche:risque:1,12,2026-09-26,7.8,9,-1.69
extreme_gauche:risque:1,13,2026-10-16,9.978,7,2.18
extreme_gauche:risque:1,14,2026-10-31,9.776,7,-0.2
extreme_gauche:risque:1,15,2026-11-16,10.012,7,0.24
extreme_gauche:risque:1,16,2026-12-04,11.8,1,1.79
extreme_gauche:risque:1,17,2026-12-17,10.467,5,-1.33
extreme_gauche:risque:1,18,2027-01-06,10.778,4,0.31
extreme_gauche:risque:1,19,2027-01-25,10.833,4,0.05
extreme_gauche:risque:1,20,2027-02-07,15.2,1,4.37
extreme_gauche:risque:1,21,2027-02-21,11.113,4,-4.09
extreme_gauche:risque:1,22,2027-03-10,11.255,4,0.14
extreme_gauche:risque:1,23,2027-03-28,11.297,4,0.04
extreme_gauche:risque:1,24,2027-04-17,11.637,2,0.34
extreme_gauche:risque:1,25,2027-04-18,11.881,2,0.24
extreme_gauche:risque:1,26,2027-04-20,11.908,2,0.03
extreme_gauche:risque:1,27,2027-04-22,11.976,1,0.07
extreme_gauche:risque:1,28,2027-04-24,8.3,9,-3.68
extreme_gauche:risque:1,29,2027-04-26,11.426,3,3.13
extreme_gauche:risque:1,30,2027-05-02,11.398,2,-0.03
extreme_gauche:risque:1,31,2027-05-03,11.723,1,0.33
extreme_gauche:risque:2,1,2026-04-18,7.881,9,0.98
extreme_gauche:risque:2,2,2026-05-06,8.649,9,0.77
extreme_gauche:risque:2,3,2026-05-22,9.116,9,0.47
extreme_gauche:risque:2,4,2026-06-04,10.5,5,1.38
extreme_gauche:risque:2,5,2026-06-18,9.605,8,-0.89
extreme_gauche:risque:2,6,2026-07-05,9.826,8,0.22
extreme_gauche:risque:2,7,2026-07-23,10.096,7,0.27
extreme_gauche:risque:2,8,2026-08-07,14.1,1,4
extreme_gauche:risque:2,9,2026-08-25,10.548,3,-3.55
extreme_gauche:risque:2,10,2026-09-12,10.752,3,0.2
extreme_gauche:risque:2,11,2026-09-27,10.559,3,-0.19
extreme_gauche:risque:2,12,2026-10-13,8.7,9,-1.86
extreme_gauche:risque:2,13,2026-10-29,10.61,3,1.91
extreme_gauche:risque:2,14,2026-11-15,10.941,3,0.33
extreme_gauche:risque:2,15,2026-11-29,11.094,2,0.15
extreme_gauche:risque:2,16,2026-12-15,10.8,3,-0.29
extreme_gauche:risque:2,17,2027-01-02,11.413,2,0.61
extreme_gauche:risque:2,18,2027-01-18,11.165,3,-0.25
extreme_gauche:risque:2,19,2027-02-03,11.235,2,0.07
extreme_gauche:risque:2,20,2027-02-17,9.5,8,-1.73
extreme_gauche:risque:2,21,2027-03-03,11.81,1,2.31
extreme_gauche:risque:2,22,2027-03-17,11.911,1,0.1
extreme_gauche:risque:2,23,2027-04-04,12.219,1,0.31
extreme_gauche:risque:2,24,2027-04-17,12.344,1,0.13
extreme_gauche:risque:2,25,2027-04-18,12.574,1,0.23
extreme_droite:prudent:0,1,2026-04-18,9.05,9,1.95
extreme_droite:prudent:0,2,2026-05-04,9.125,9,0.07
extreme_droite:prudent:0,3,2026-05-16,9.163,9,0.04
extreme_droite:prudent:0,4,2026-06-02,10.3,7,1.14
extreme_droite:prudent:0,5,2026-06-19,9.519,8,-0.78
extreme_droite:prudent:0,6,2026-07-01,9.614,8,0.1
extreme_droite:prudent:0,7,2026-07-14,9.858,7,0.24
extreme_droite:prudent:0,8,2026-07-30,7.5,9,-2.36
extreme_droite:prudent:0,9,2026-08-18,10.312,6,2.81
extreme_droite:prudent:0,10,2026-09-02,10.451,5,0.14
extreme_droite:prudent:0,11,2026-09-19,10.615,4,0.16
extreme_droite:prudent:0,12,2026-10-07,13.4,1,2.79
extreme_droite:prudent:0,13,2026-10-22,11.177,2,-2.22
extreme_droite:prudent:0,14,2026-11-06,11.367,2,0.19
extreme_droite:prudent:0,15,2026-11-20,11.709,2,0.34
extreme_droite:prudent:0,16,2026-12-07,15.6,1,3.89
extreme_droite:prudent:0,17,2026-12-24,12.367,1,-3.23
extreme_droite:prudent:0,18,2027-01-11,12.583,1,0.22
extreme_droite:prudent:0,19,2027-01-26,12.77,1,0.19
extreme_droite:prudent:0,20,2027-02-10,15.6,1,2.83
extreme_droite:prudent:0,21,2027-02-28,13.02,1,-2.58
extreme_droite:prudent:0,22,2027-03-17,13.082,1,0.06
extreme_droite:prudent:0,23,2027-04-02,13.099,1,0.02
extreme_droite:prudent:0,24,2027-04-17,13.257,1,0.16
extreme_droite:prudent:0,25,2027-04-18,13.342,1,0.09
extreme_droite:prudent:0,26,2027-04-20,13.468,1,0.13
extreme_droite:prudent:0,27,2027-04-22,13.535,1,0.07
extreme_droite:prudent:0,28,2027-04-24,16,1,2.46
extreme_droite:prudent:0,29,2027-04-26,13.583,1,-2.42
extreme_droite:prudent:0,30,2027-05-02,13.408,1,-0.18
extreme_droite:prudent:0,31,2027-05-03,13.298,1,-0.11
extreme_droite:prudent:1,1,2026-04-18,9.373,9,-1.33
extreme_droite:prudent:1,2,2026-05-03,9.74,8,0.37
extreme_droite:prudent:1,3,2026-05-21,10.228,7,0.49
extreme_droite:prudent:1,4,2026-06-06,13.6,1,3.37
extreme_droite:prudent:1,5,2026-06-23,10.655,3,-2.95
extreme_droite:prudent:1,6,2026-07-06,10.849,3,0.19
extreme_droite:prudent:1,7,2026-07-24,11.081,2,0.23
extreme_droite:prudent:1,8,2026-08-06,11.1,2,0.02
extreme_droite:prudent:1,9,2026-08-23,11.303,2,0.2
extreme_droite:prudent:1,10,2026-09-09,11.302,2,0
extreme_droite:prudent:1,11,2026-09-25,11.357,2,0.05
extreme_droite:prudent:1,12,2026-10-10,14.2,1,2.84
extreme_droite:prudent:1,13,2026-10-28,11.456,1,-2.74
extreme_droite:prudent:1,14,2026-11-12,11.478,1,0.02
extreme_droite:prudent:1,15,2026-11-30,11.418,1,-0.06
extreme_droite:prudent:1,16,2026-12-13,11.2,2,-0.22
extreme_droite:prudent:1,17,2026-12-31,11.673,1,0.47
extreme_droite:prudent:1,18,2027-01-13,11.888,1,0.21
extreme_droite:prudent:1,19,2027-01-26,11.91,1,0.02
extreme_droite:prudent:1,20,2027-02-12,11.6,1,-0.31
extreme_droite:prudent:1,21,2027-03-01,11.909,1,0.31
extreme_droite:prudent:1,22,2027-03-19,12.028,1,0.12
extreme_droite:prudent:1,23,2027-04-05,12.134,1,0.11
extreme_droite:prudent:1,24,2027-04-17,12.281,1,0.15
extreme_droite:prudent:1,25,2027-04-18,12.386,1,0.1
extreme_droite:prudent:1,26,2027-04-20,12.483,1,0.1
extreme_droite:prudent:1,27,2027-04-22,12.393,1,-0.09
extreme_droite:prudent:1,28,2027-04-24,11.2,2,-1.19
extreme_droite:prudent:1,29,2027-04-26,12.649,1,1.45
extreme_droite:prudent:1,30,2027-05-02,12.473,1,-0.18
extreme_droite:prudent:1,31,2027-05-03,12.501,1,0.03
extreme_droite:prudent:2,1,2026-04-18,9.002,9,-1.2
extreme_droite:prudent:2,2,2026-05-03,9.098,9,0.1
extreme_droite:prudent:2,3,2026-05-16,9.247,9,0.15
extreme_droite:prudent:2,4,2026-05-31,8.7,9,-0.55
extreme_droite:prudent:2,5,2026-06-16,9.752,8,1.05
extreme_droite:prudent:2,6,2026-06-30,9.979,8,0.23
extreme_droite:prudent:2,7,2026-07-15,10.207,6,0.23
extreme_droite:prudent:2,8,2026-08-01,7.6,9,-2.61
extreme_droite:prudent:2,9,2026-08-19,10.659,3,3.06
extreme_droite:prudent:2,10,2026-09-06,10.745,3,0.09
extreme_droite:prudent:2,11,2026-09-25,10.829,3,0.08
extreme_droite:prudent:2,12,2026-10-07,6.5,9,-4.33
extreme_droite:prudent:2,13,2026-10-24,11.038,2,4.54
extreme_droite:prudent:2,14,2026-11-07,11.118,2,0.08
extreme_droite:prudent:2,15,2026-11-24,11.336,2,0.22
extreme_droite:prudent:2,16,2026-12-12,7.9,9,-3.44
extreme_droite:prudent:2,17,2026-12-26,11.869,1,3.97
extreme_droite:prudent:2,18,2027-01-10,12.046,1,0.18
extreme_droite:prudent:2,19,2027-01-25,12.352,1,0.31
extreme_droite:prudent:2,20,2027-02-08,15.4,1,3.05
extreme_droite:prudent:2,21,2027-02-26,12.59,1,-2.81
extreme_droite:prudent:2,22,2027-03-17,12.818,1,0.23
extreme_droite:prudent:2,23,2027-04-01,12.86,1,0.04
extreme_droite:prudent:2,24,2027-04-17,13.134,1,0.27
extreme_droite:prudent:2,25,2027-04-18,13.251,1,0.12
extreme_droite:prudent:2,26,2027-04-20,13.334,1,0.08
extreme_droite:prudent:2,27,2027-04-22,13.515,1,0.18
extreme_droite:prudent:2,28,2027-04-24,16.1,1,2.59
extreme_droite:prudent:2,29,2027-04-26,13.595,1,-2.51
extreme_droite:prudent:2,30,2027-05-02,13.428,1,-0.17
extreme_droite:prudent:2,31,2027-05-03,13.426,1,0
extreme_droite:aleatoire:0,1,2026-04-18,8.904,9,1.8
extreme_droite:aleatoire:0,2,2026-05-04,8.98,9,0.08
extreme_droite:aleatoire:0,3,2026-05-16,9.02,9,0.04
extreme_droite:aleatoire:0,4,2026-06-02,10.2,7,1.18
extreme_droite:aleatoire:0,5,2026-06-19,9.377,8,-0.82
extreme_droite:aleatoire:0,6,2026-07-01,9.533,8,0.16
extreme_droite:aleatoire:0,7,2026-07-14,9.537,8,0
extreme_droite:aleatoire:0,8,2026-07-30,7.2,9,-2.34
extreme_droite:aleatoire:0,9,2026-08-18,9.862,7,2.66
extreme_droite:aleatoire:0,10,2026-09-02,9.978,7,0.12
extreme_droite:aleatoire:0,11,2026-09-19,10.135,6,0.16
extreme_droite:aleatoire:0,12,2026-10-07,12.7,1,2.56
extreme_droite:aleatoire:0,13,2026-10-22,10.287,6,-2.41
extreme_droite:aleatoire:0,14,2026-11-06,10.457,5,0.17
extreme_droite:aleatoire:0,15,2026-11-20,10.832,3,0.38
extreme_droite:aleatoire:0,16,2026-12-07,14.1,1,3.27
extreme_droite:aleatoire:0,17,2026-12-24,10.038,6,-4.06
extreme_droite:aleatoire:0,18,2027-01-11,10.175,6,0.14
extreme_droite:aleatoire:0,19,2027-01-26,10.428,5,0.25
extreme_droite:aleatoire:0,20,2027-02-10,13.6,1,3.17
extreme_droite:aleatoire:0,21,2027-02-28,10.733,3,-2.87
extreme_droite:aleatoire:0,22,2027-03-17,10.922,3,0.19
extreme_droite:aleatoire:0,23,2027-04-02,10.975,3,0.05
extreme_droite:aleatoire:0,24,2027-04-17,11.22,2,0.25
extreme_droite:aleatoire:0,25,2027-04-18,11.302,2,0.08
extreme_droite:aleatoire:0,26,2027-04-20,11.557,2,0.26
extreme_droite:aleatoire:0,27,2027-04-22,11.863,2,0.31
extreme_droite:aleatoire:0,28,2027-04-24,14.3,1,2.44
extreme_droite:aleatoire:0,29,2027-04-26,12.409,1,-1.89
extreme_droite:aleatoire:1,1,2026-04-18,9.265,9,-1.43
extreme_droite:aleatoire:1,2,2026-05-03,9.639,8,0.37
extreme_droite:aleatoire:1,3,2026-05-21,9.96,7,0.32
extreme_droite:aleatoire:1,4,2026-06-06,13.3,1,3.34
extreme_droite:aleatoire:1,5,2026-06-23,10.27,6,-3.03
extreme_droite:aleatoire:1,6,2026-07-06,9.682,8,-0.59
extreme_droite:aleatoire:1,7,2026-07-24,9.64,9,-0.04
extreme_droite:aleatoire:1,8,2026-08-06,9.6,9,-0.04
extreme_droite:aleatoire:1,9,2026-08-23,9.485,9,-0.12
extreme_droite:aleatoire:1,10,2026-09-09,9.816,8,0.33
extreme_droite:aleatoire:1,11,2026-09-25,9.736,8,-0.08
extreme_droite:aleatoire:1,12,2026-10-10,12.6,1,2.86
extreme_droite:aleatoire:1,13,2026-10-28,9.892,8,-2.71
extreme_droite:aleatoire:1,14,2026-11-12,9.952,7,0.06
extreme_droite:aleatoire:1,15,2026-11-30,9.909,7,-0.04
extreme_droite:aleatoire:1,16,2026-12-13,9.6,8,-0.31
extreme_droite:aleatoire:1,17,2026-12-31,9.919,7,0.32
extreme_droite:aleatoire:1,18,2027-01-13,9.923,7,0
extreme_droite:aleatoire:1,19,2027-01-26,9.95,7,0.03
extreme_droite:aleatoire:1,20,2027-02-12,9.7,7,-0.25
extreme_droite:aleatoire:1,21,2027-03-01,10.094,5,0.39
extreme_droite:aleatoire:1,22,2027-03-19,10.099,6,0.01
extreme_droite:aleatoire:1,23,2027-04-05,10.018,6,-0.08
extreme_droite:aleatoire:1,24,2027-04-17,10.18,6,0.16
extreme_droite:aleatoire:1,25,2027-04-18,9.906,7,-0.27
extreme_droite:aleatoire:1,26,2027-04-20,10.099,6,0.19
extreme_droite:aleatoire:1,27,2027-04-22,10.38,5,0.28
extreme_droite:aleatoire:1,28,2027-04-24,9.2,8,-1.18
extreme_droite:aleatoire:1,29,2027-04-26,10.882,4,1.68
extreme_droite:aleatoire:1,30,2027-05-02,11.124,3,0.24
extreme_droite:aleatoire:1,31,2027-05-03,11.262,2,0.14
extreme_droite:aleatoire:2,1,2026-04-18,8.839,9,-1.36
extreme_droite:aleatoire:2,2,2026-05-03,8.779,9,-0.06
extreme_droite:aleatoire:2,3,2026-05-16,8.872,9,0.09
extreme_droite:aleatoire:2,4,2026-05-31,8.3,9,-0.57
extreme_droite:aleatoire:2,5,2026-06-16,8.96,9,0.66
extreme_droite:aleatoire:2,6,2026-06-30,9.105,9,0.14
extreme_droite:aleatoire:2,7,2026-07-15,8.991,9,-0.11
extreme_droite:aleatoire:2,8,2026-08-01,6.5,9,-2.49
extreme_droite:aleatoire:2,9,2026-08-19,9.278,9,2.78
extreme_droite:aleatoire:2,10,2026-09-06,9.691,8,0.41
extreme_droite:aleatoire:2,11,2026-09-25,9.875,8,0.18
extreme_droite:aleatoire:2,12,2026-10-07,5.5,10,-4.38
extreme_droite:aleatoire:2,13,2026-10-24,9.975,8,4.47
extreme_droite:aleatoire:2,14,2026-11-07,9.839,8,-0.14
extreme_droite:aleatoire:2,15,2026-11-24,9.687,8,-0.15
extreme_droite:aleatoire:2,16,2026-12-12,6.1,9,-3.59
extreme_droite:aleatoire:2,17,2026-12-26,9.593,8,3.49
extreme_droite:aleatoire:2,18,2027-01-10,9.781,8,0.19
extreme_droite:aleatoire:2,19,2027-01-25,9.903,8,0.12
extreme_droite:aleatoire:2,20,2027-02-08,12.9,1,3
extreme_droite:aleatoire:2,21,2027-02-26,10.021,7,-2.88
extreme_droite:aleatoire:2,22,2027-03-17,10.227,4,0.21
extreme_droite:aleatoire:2,23,2027-04-01,10.312,4,0.08
extreme_droite:aleatoire:2,24,2027-04-17,10.504,4,0.19
extreme_droite:aleatoire:2,25,2027-04-18,10.639,3,0.13
extreme_droite:ideologiquement_coherent:0,1,2026-04-18,9.05,9,1.95
extreme_droite:ideologiquement_coherent:0,2,2026-05-04,9.173,9,0.12
extreme_droite:ideologiquement_coherent:0,3,2026-05-16,9.228,9,0.05
extreme_droite:ideologiquement_coherent:0,4,2026-06-02,10.3,7,1.07
extreme_droite:ideologiquement_coherent:0,5,2026-06-19,9.61,8,-0.69
extreme_droite:ideologiquement_coherent:0,6,2026-07-01,9.706,8,0.1
extreme_droite:ideologiquement_coherent:0,7,2026-07-14,9.951,7,0.25
extreme_droite:ideologiquement_coherent:0,8,2026-07-30,7.6,9,-2.35
extreme_droite:ideologiquement_coherent:0,9,2026-08-18,10.363,5,2.76
extreme_droite:ideologiquement_coherent:0,10,2026-09-02,10.491,4,0.13
extreme_droite:ideologiquement_coherent:0,11,2026-09-19,10.651,3,0.16
extreme_droite:ideologiquement_coherent:0,12,2026-10-07,13.2,1,2.55
extreme_droite:ideologiquement_coherent:0,13,2026-10-22,10.797,3,-2.4
extreme_droite:ideologiquement_coherent:0,14,2026-11-06,11.028,3,0.23
extreme_droite:ideologiquement_coherent:0,15,2026-11-20,11.261,2,0.23
extreme_droite:ideologiquement_coherent:0,16,2026-12-07,15.1,1,3.84
extreme_droite:ideologiquement_coherent:0,17,2026-12-24,11.553,2,-3.55
extreme_droite:ideologiquement_coherent:0,18,2027-01-11,11.734,2,0.18
extreme_droite:ideologiquement_coherent:0,19,2027-01-26,11.95,2,0.22
extreme_droite:ideologiquement_coherent:0,20,2027-02-10,14.9,1,2.95
extreme_droite:ideologiquement_coherent:0,21,2027-02-28,12.356,1,-2.54
extreme_droite:ideologiquement_coherent:0,22,2027-03-17,12.435,1,0.08
extreme_droite:ideologiquement_coherent:0,23,2027-04-02,12.436,1,0
extreme_droite:ideologiquement_coherent:0,24,2027-04-17,12.616,1,0.18
extreme_droite:ideologiquement_coherent:0,25,2027-04-18,12.686,1,0.07
extreme_droite:ideologiquement_coherent:0,26,2027-04-20,12.885,1,0.2
extreme_droite:ideologiquement_coherent:0,27,2027-04-22,12.995,1,0.11
extreme_droite:ideologiquement_coherent:0,28,2027-04-24,15.2,1,2.21
extreme_droite:ideologiquement_coherent:0,29,2027-04-26,12.94,1,-2.26
extreme_droite:ideologiquement_coherent:1,1,2026-04-18,9.188,9,-1.51
extreme_droite:ideologiquement_coherent:1,2,2026-05-03,9.497,9,0.31
extreme_droite:ideologiquement_coherent:1,3,2026-05-21,9.54,9,0.04
extreme_droite:ideologiquement_coherent:1,4,2026-06-06,12.9,1,3.36
extreme_droite:ideologiquement_coherent:1,5,2026-06-23,9.785,8,-3.12
extreme_droite:ideologiquement_coherent:1,6,2026-07-06,10.017,7,0.23
extreme_droite:ideologiquement_coherent:1,7,2026-07-24,10.28,6,0.26
extreme_droite:ideologiquement_coherent:1,8,2026-08-06,10.3,6,0.02
extreme_droite:ideologiquement_coherent:1,9,2026-08-23,10.638,4,0.34
extreme_droite:ideologiquement_coherent:1,10,2026-09-09,10.882,3,0.24
extreme_droite:ideologiquement_coherent:1,11,2026-09-25,10.941,3,0.06
extreme_droite:ideologiquement_coherent:1,12,2026-10-10,13.7,1,2.76
extreme_droite:ideologiquement_coherent:1,13,2026-10-28,11.057,2,-2.64
extreme_droite:ideologiquement_coherent:1,14,2026-11-12,11.288,2,0.23
extreme_droite:ideologiquement_coherent:1,15,2026-11-30,11.398,1,0.11
extreme_droite:ideologiquement_coherent:1,16,2026-12-13,11.1,3,-0.3
extreme_droite:ideologiquement_coherent:1,17,2026-12-31,11.594,1,0.49
extreme_droite:ideologiquement_coherent:1,18,2027-01-13,11.61,1,0.02
extreme_droite:ideologiquement_coherent:1,19,2027-01-26,11.646,1,0.04
extreme_droite:ideologiquement_coherent:1,20,2027-02-12,11.5,2,-0.15
extreme_droite:ideologiquement_coherent:1,21,2027-03-01,11.657,1,0.16
extreme_droite:ideologiquement_coherent:1,22,2027-03-19,11.616,1,-0.04
extreme_droite:ideologiquement_coherent:1,23,2027-04-05,11.703,1,0.09
extreme_droite:ideologiquement_coherent:1,24,2027-04-17,11.985,1,0.28
extreme_droite:ideologiquement_coherent:1,25,2027-04-18,12.121,1,0.14
extreme_droite:ideologiquement_coherent:1,26,2027-04-20,12.167,1,0.05
extreme_droite:ideologiquement_coherent:1,27,2027-04-22,12.405,1,0.24
extreme_droite:ideologiquement_coherent:1,28,2027-04-24,13.1,1,0.7
extreme_droite:ideologiquement_coherent:1,29,2027-04-26,12.613,1,-0.49
extreme_droite:ideologiquement_coherent:2,1,2026-04-18,9.002,9,-1.2
extreme_droite:ideologiquement_coherent:2,2,2026-05-03,9.098,9,0.1
extreme_droite:ideologiquement_coherent:2,3,2026-05-16,9.24,9,0.14
extreme_droite:ideologiquement_coherent:2,4,2026-05-31,8.7,9,-0.54
extreme_droite:ideologiquement_coherent:2,5,2026-06-16,9.742,8,1.04
extreme_droite:ideologiquement_coherent:2,6,2026-06-30,9.984,8,0.24
extreme_droite:ideologiquement_coherent:2,7,2026-07-15,10.154,6,0.17
extreme_droite:ideologiquement_coherent:2,8,2026-08-01,7.5,9,-2.65
extreme_droite:ideologiquement_coherent:2,9,2026-08-19,10.582,3,3.08
extreme_droite:ideologiquement_coherent:2,10,2026-09-06,10.735,3,0.15
extreme_droite:ideologiquement_coherent:2,11,2026-09-25,10.828,3,0.09
extreme_droite:ideologiquement_coherent:2,12,2026-10-07,6.5,9,-4.33
extreme_droite:ideologiquement_coherent:2,13,2026-10-24,11.01,2,4.51
extreme_droite:ideologiquement_coherent:2,14,2026-11-07,11.079,2,0.07
extreme_droite:ideologiquement_coherent:2,15,2026-11-24,11.259,2,0.18
extreme_droite:ideologiquement_coherent:2,16,2026-12-12,7.8,9,-3.46
extreme_droite:ideologiquement_coherent:2,17,2026-12-26,11.697,1,3.9
extreme_droite:ideologiquement_coherent:2,18,2027-01-10,11.865,1,0.17
extreme_droite:ideologiquement_coherent:2,19,2027-01-25,12.156,1,0.29
extreme_droite:ideologiquement_coherent:2,20,2027-02-08,15.3,1,3.14
extreme_droite:ideologiquement_coherent:2,21,2027-02-26,12.455,1,-2.85
extreme_droite:ideologiquement_coherent:2,22,2027-03-17,12.706,1,0.25
extreme_droite:ideologiquement_coherent:2,23,2027-04-01,12.756,1,0.05
extreme_droite:ideologiquement_coherent:2,24,2027-04-17,12.686,1,-0.07
extreme_droite:ideologiquement_coherent:2,25,2027-04-18,12.881,1,0.2
extreme_droite:ideologiquement_coherent:2,26,2027-04-20,12.962,1,0.08
extreme_droite:ideologiquement_coherent:2,27,2027-04-22,13.429,1,0.47
extreme_droite:ideologiquement_coherent:2,28,2027-04-24,16.3,1,2.87
extreme_droite:ideologiquement_coherent:2,29,2027-04-26,14.032,1,-2.27
extreme_droite:ideologiquement_coherent:2,30,2027-05-02,14.023,1,-0.01
extreme_droite:ideologiquement_coherent:2,31,2027-05-03,14.174,1,0.15
extreme_droite:risque:0,1,2026-04-18,8.963,9,1.86
extreme_droite:risque:0,2,2026-05-04,9.059,9,0.1
extreme_droite:risque:0,3,2026-05-16,9.105,9,0.05
extreme_droite:risque:0,4,2026-06-02,10.2,7,1.09
extreme_droite:risque:0,5,2026-06-19,9.082,9,-1.12
extreme_droite:risque:0,6,2026-07-01,9.118,9,0.04
extreme_droite:risque:0,7,2026-07-14,9.081,9,-0.04
extreme_droite:risque:0,8,2026-07-30,6.9,9,-2.18
extreme_droite:risque:0,9,2026-08-18,9.41,8,2.51
extreme_droite:risque:0,10,2026-09-02,9.973,7,0.56
extreme_droite:risque:0,11,2026-09-19,10.062,6,0.09
extreme_droite:risque:0,12,2026-10-07,12.5,1,2.44
extreme_droite:risque:0,13,2026-10-22,10.102,6,-2.4
extreme_droite:risque:0,14,2026-11-06,10.144,6,0.04
extreme_droite:risque:0,15,2026-11-20,10.48,5,0.34
extreme_droite:risque:0,16,2026-12-07,14.4,1,3.92
extreme_droite:risque:0,17,2026-12-24,11.062,3,-3.34
extreme_droite:risque:0,18,2027-01-11,11.331,2,0.27
extreme_droite:risque:0,19,2027-01-26,11.635,2,0.3
extreme_droite:risque:0,20,2027-02-10,14.7,1,3.06
extreme_droite:risque:0,21,2027-02-28,12.183,1,-2.52
extreme_droite:risque:0,22,2027-03-17,12.185,1,0
extreme_droite:risque:0,23,2027-04-02,12.184,1,0
extreme_droite:risque:0,24,2027-04-17,12.047,2,-0.14
extreme_droite:risque:0,25,2027-04-18,12.105,2,0.06
extreme_droite:risque:0,26,2027-04-20,12.286,1,0.18
extreme_droite:risque:0,27,2027-04-22,12.844,1,0.56
extreme_droite:risque:0,28,2027-04-24,15.4,1,2.56
extreme_droite:risque:0,29,2027-04-26,13.281,1,-2.12
extreme_droite:risque:1,1,2026-04-18,9.373,9,-1.33
extreme_droite:risque:1,2,2026-05-03,9.78,8,0.41
extreme_droite:risque:1,3,2026-05-21,10.282,5,0.5
extreme_droite:risque:1,4,2026-06-06,13.6,1,3.32
extreme_droite:risque:1,5,2026-06-23,10.717,3,-2.88
extreme_droite:risque:1,6,2026-07-06,10.786,3,0.07
extreme_droite:risque:1,7,2026-07-24,11.017,2,0.23
extreme_droite:risque:1,8,2026-08-06,11,2,-0.02
extreme_droite:risque:1,9,2026-08-23,11.399,2,0.4
extreme_droite:risque:1,10,2026-09-09,11.767,1,0.37
extreme_droite:risque:1,11,2026-09-25,11.852,1,0.09
extreme_droite:risque:1,12,2026-10-10,14.6,1,2.75
extreme_droite:risque:1,13,2026-10-28,11.953,1,-2.65
extreme_droite:risque:1,14,2026-11-12,12.187,1,0.23
extreme_droite:risque:1,15,2026-11-30,12.247,1,0.06
extreme_droite:risque:1,16,2026-12-13,12,1,-0.25
extreme_droite:risque:1,17,2026-12-31,12.527,1,0.53
extreme_droite:risque:1,18,2027-01-12,12.632,1,0.11
extreme_droite:risque:1,19,2027-01-25,12.588,1,-0.04
extreme_droite:risque:1,20,2027-02-07,14.4,1,1.81
extreme_droite:risque:1,21,2027-02-22,12.802,1,-1.6
extreme_droite:risque:1,22,2027-03-15,12.809,1,0.01
extreme_droite:risque:1,23,2027-03-31,13.036,1,0.23
extreme_droite:risque:1,24,2027-04-17,13.281,1,0.25
extreme_droite:risque:1,25,2027-04-18,13.307,1,0.03
extreme_droite:risque:1,26,2027-04-20,13.958,1,0.65
extreme_droite:risque:1,27,2027-04-22,14.242,1,0.28
extreme_droite:risque:1,28,2027-04-24,13.7,1,-0.54
extreme_droite:risque:1,29,2027-04-26,14.718,1,1.02
extreme_droite:risque:1,30,2027-05-02,14.644,1,-0.07
extreme_droite:risque:1,31,2027-05-03,14.496,1,-0.15
extreme_droite:risque:2,1,2026-04-18,9.733,8,-0.47
extreme_droite:risque:2,2,2026-05-03,10.283,5,0.55
extreme_droite:risque:2,3,2026-05-16,10.561,4,0.28
extreme_droite:risque:2,4,2026-05-31,12.8,1,2.24
extreme_droite:risque:2,5,2026-06-17,10.925,3,-1.88
extreme_droite:risque:2,6,2026-07-04,11.213,2,0.29
extreme_droite:risque:2,7,2026-07-21,11.369,2,0.16
extreme_droite:risque:2,8,2026-08-02,9.8,7,-1.57
extreme_droite:risque:2,9,2026-08-16,11.994,1,2.19
extreme_droite:risque:2,10,2026-09-03,12.134,1,0.14
extreme_droite:risque:2,11,2026-09-20,12.057,1,-0.08
extreme_droite:risque:2,12,2026-10-08,14.5,1,2.44
extreme_droite:risque:2,13,2026-10-23,12.121,1,-2.38
extreme_droite:risque:2,14,2026-11-10,12.32,1,0.2
extreme_droite:risque:2,15,2026-11-22,12.477,1,0.16
extreme_droite:risque:2,16,2026-12-06,9.9,6,-2.58
extreme_droite:risque:2,17,2026-12-19,13.233,1,3.33
extreme_droite:risque:2,18,2027-01-07,13.483,1,0.25
extreme_droite:risque:2,19,2027-01-25,13.592,1,0.11
extreme_droite:risque:2,20,2027-02-10,14.5,1,0.91
extreme_droite:risque:2,21,2027-02-26,13.822,1,-0.68
extreme_droite:risque:2,22,2027-03-17,13.8,1,-0.02
extreme_droite:risque:2,23,2027-04-04,13.781,1,-0.02
extreme_droite:risque:2,24,2027-04-17,13.959,1,0.18
extreme_droite:risque:2,25,2027-04-18,14.189,1,0.23
extreme_droite:risque:2,26,2027-04-20,14.654,1,0.46
extreme_droite:risque:2,27,2027-04-22,14.862,1,0.21
extreme_droite:risque:2,28,2027-04-24,12.4,1,-2.46
extreme_droite:risque:2,29,2027-04-26,15.526,1,3.13
libertarien:prudent:0,1,2026-04-18,8.287,9,2.49
libertarien:prudent:0,2,2026-05-05,8.55,9,0.26
libertarien:prudent:0,3,2026-05-23,8.854,9,0.3
libertarien:prudent:0,4,2026-06-10,7,9,-1.85
libertarien:prudent:0,5,2026-06-26,9.492,8,2.49
libertarien:prudent:0,6,2026-07-14,9.631,8,0.14
libertarien:prudent:0,7,2026-07-31,9.646,8,0.02
libertarien:prudent:0,8,2026-08-14,10.1,7,0.45
libertarien:prudent:0,9,2026-08-28,9.664,8,-0.44
libertarien:prudent:0,10,2026-09-11,9.613,8,-0.05
libertarien:prudent:0,11,2026-09-25,9.815,8,0.2
libertarien:prudent:0,12,2026-10-12,9,9,-0.81
libertarien:prudent:0,13,2026-10-25,10.26,6,1.26
libertarien:prudent:0,14,2026-11-11,10.667,5,0.41
libertarien:prudent:0,15,2026-11-25,10.838,4,0.17
libertarien:prudent:0,16,2026-12-10,9.8,7,-1.04
libertarien:prudent:0,17,2026-12-27,11.465,2,1.66
libertarien:prudent:0,18,2027-01-13,11.853,1,0.39
libertarien:prudent:0,19,2027-01-26,12.145,1,0.29
libertarien:prudent:0,20,2027-02-13,10.7,3,-1.45
libertarien:prudent:0,21,2027-03-03,12.282,1,1.58
libertarien:prudent:0,22,2027-03-17,12.434,1,0.15
libertarien:prudent:0,23,2027-04-01,12.47,1,0.04
libertarien:prudent:0,24,2027-04-16,12.7,1,0.23
libertarien:prudent:0,25,2027-04-18,12.834,1,0.13
libertarien:prudent:1,1,2026-04-18,8.661,9,-1.34
libertarien:prudent:1,2,2026-05-03,8.841,9,0.18
libertarien:prudent:1,3,2026-05-20,8.976,9,0.14
libertarien:prudent:1,4,2026-06-06,12.1,1,3.12
libertarien:prudent:1,5,2026-06-21,9.27,9,-2.83
libertarien:prudent:1,6,2026-07-08,9.618,8,0.35
libertarien:prudent:1,7,2026-07-22,9.545,8,-0.07
libertarien:prudent:1,8,2026-08-06,9.8,8,0.26
libertarien:prudent:1,9,2026-08-19,10.093,6,0.29
libertarien:prudent:1,10,2026-09-06,10.207,4,0.11
libertarien:prudent:1,11,2026-09-21,10.476,4,0.27
libertarien:prudent:1,12,2026-10-04,12,1,1.52
libertarien:prudent:1,13,2026-10-21,10.672,3,-1.33
libertarien:prudent:1,14,2026-11-07,10.917,3,0.24
libertarien:prudent:1,15,2026-11-22,11.008,3,0.09
libertarien:prudent:1,16,2026-12-10,11.7,1,0.69
libertarien:prudent:1,17,2026-12-26,11.39,2,-0.31
libertarien:prudent:1,18,2027-01-08,11.605,2,0.21
libertarien:prudent:1,19,2027-01-24,11.649,2,0.04
libertarien:prudent:1,20,2027-02-07,17,1,5.35
libertarien:prudent:1,21,2027-02-23,11.883,1,-5.12
libertarien:prudent:1,22,2027-03-14,11.906,1,0.02
libertarien:prudent:1,23,2027-03-31,11.955,1,0.05
libertarien:prudent:1,24,2027-04-15,12.285,1,0.33
libertarien:prudent:1,25,2027-04-18,12.471,1,0.19
libertarien:prudent:2,1,2026-04-18,8.361,9,-1.24
libertarien:prudent:2,2,2026-05-04,8.482,9,0.12
libertarien:prudent:2,3,2026-05-20,8.795,9,0.31
libertarien:prudent:2,4,2026-06-01,11.7,2,2.9
libertarien:prudent:2,5,2026-06-14,9.583,8,-2.12
libertarien:prudent:2,6,2026-07-01,9.889,7,0.31
libertarien:prudent:2,7,2026-07-19,10.185,6,0.3
libertarien:prudent:2,8,2026-08-04,9.3,9,-0.88
libertarien:prudent:2,9,2026-08-20,10.258,6,0.96
libertarien:prudent:2,10,2026-09-03,10.515,4,0.26
libertarien:prudent:2,11,2026-09-19,10.651,4,0.14
libertarien:prudent:2,12,2026-10-02,9.4,8,-1.25
libertarien:prudent:2,13,2026-10-17,11.043,3,1.64
libertarien:prudent:2,14,2026-10-30,11.139,3,0.1
libertarien:prudent:2,15,2026-11-13,11.238,3,0.1
libertarien:prudent:2,16,2026-12-01,8.2,9,-3.04
libertarien:prudent:2,17,2026-12-19,11.567,3,3.37
libertarien:prudent:2,18,2027-01-05,11.589,3,0.02
libertarien:prudent:2,19,2027-01-24,11.6,3,0.01
libertarien:prudent:2,20,2027-02-06,10.6,4,-1
libertarien:prudent:2,21,2027-02-23,12.181,1,1.58
libertarien:prudent:2,22,2027-03-14,12.27,1,0.09
libertarien:prudent:2,23,2027-04-02,12.221,1,-0.05
libertarien:prudent:2,24,2027-04-15,12.162,1,-0.06
libertarien:prudent:2,25,2027-04-18,12.084,1,-0.08
libertarien:prudent:2,26,2027-04-20,12.12,1,0.04
libertarien:prudent:2,27,2027-04-22,12.294,1,0.17
libertarien:prudent:2,28,2027-04-24,14.6,1,2.31
libertarien:prudent:2,29,2027-04-26,12.537,1,-2.06
libertarien:prudent:2,30,2027-05-02,12.583,1,0.05
libertarien:prudent:2,31,2027-05-03,12.543,1,-0.04
libertarien:aleatoire:0,1,2026-04-18,7.969,9,2.17
libertarien:aleatoire:0,2,2026-05-05,8.054,9,0.08
libertarien:aleatoire:0,3,2026-05-23,8.304,9,0.25
libertarien:aleatoire:0,4,2026-06-10,6.4,9,-1.9
libertarien:aleatoire:0,5,2026-06-26,8.487,9,2.09
libertarien:aleatoire:0,6,2026-07-14,8.595,9,0.11
libertarien:aleatoire:0,7,2026-07-31,8.603,9,0.01
libertarien:aleatoire:0,8,2026-08-14,9.1,9,0.5
libertarien:aleatoire:0,9,2026-08-28,8.769,9,-0.33
libertarien:aleatoire:0,10,2026-09-11,8.767,9,0
libertarien:aleatoire:0,11,2026-09-25,8.989,9,0.22
libertarien:aleatoire:0,12,2026-10-12,7.9,9,-1.09
libertarien:aleatoire:0,13,2026-10-25,8.969,9,1.07
libertarien:aleatoire:0,14,2026-11-11,8.707,9,-0.26
libertarien:aleatoire:0,15,2026-11-25,8.673,9,-0.03
libertarien:aleatoire:0,16,2026-12-10,7.2,9,-1.47
libertarien:aleatoire:0,17,2026-12-27,7.776,9,0.58
libertarien:aleatoire:0,18,2027-01-13,7.854,9,0.08
libertarien:aleatoire:0,19,2027-01-26,7.925,9,0.07
libertarien:aleatoire:0,20,2027-02-13,6.9,9,-1.02
libertarien:aleatoire:0,21,2027-03-03,8.038,9,1.14
libertarien:aleatoire:0,22,2027-03-17,8.205,9,0.17
libertarien:aleatoire:0,23,2027-04-01,8.257,9,0.05
libertarien:aleatoire:0,24,2027-04-16,8.644,9,0.39
libertarien:aleatoire:0,25,2027-04-18,8.891,9,0.25
libertarien:aleatoire:1,1,2026-04-18,8.661,9,-1.34
libertarien:aleatoire:1,2,2026-05-03,8.863,9,0.2
libertarien:aleatoire:1,3,2026-05-20,9.004,9,0.14
libertarien:aleatoire:1,4,2026-06-06,12.1,1,3.1
libertarien:aleatoire:1,5,2026-06-21,9.152,9,-2.95
libertarien:aleatoire:1,6,2026-07-08,9.151,9,0
libertarien:aleatoire:1,7,2026-07-22,8.962,9,-0.19
libertarien:aleatoire:1,8,2026-08-06,9.3,9,0.34
libertarien:aleatoire:1,9,2026-08-19,9.365,9,0.06
libertarien:aleatoire:1,10,2026-09-06,9.476,9,0.11
libertarien:aleatoire:1,11,2026-09-21,9.49,9,0.01
libertarien:aleatoire:1,12,2026-10-04,11.2,3,1.71
libertarien:aleatoire:1,13,2026-10-21,9.648,8,-1.55
libertarien:aleatoire:1,14,2026-11-07,9.651,8,0
libertarien:aleatoire:1,15,2026-11-22,9.675,8,0.02
libertarien:aleatoire:1,16,2026-12-10,10,8,0.32
libertarien:aleatoire:1,17,2026-12-26,8.985,9,-1.02
libertarien:aleatoire:1,18,2027-01-08,9.064,9,0.08
libertarien:aleatoire:1,19,2027-01-24,9.118,9,0.05
libertarien:aleatoire:1,20,2027-02-07,14.2,1,5.08
libertarien:aleatoire:1,21,2027-02-23,9.31,9,-4.89
libertarien:aleatoire:1,22,2027-03-14,9.492,9,0.18
libertarien:aleatoire:1,23,2027-03-31,9.519,9,0.03
libertarien:aleatoire:1,24,2027-04-15,9.458,9,-0.06
libertarien:aleatoire:1,25,2027-04-18,9.517,9,0.06
libertarien:aleatoire:2,1,2026-04-18,8.361,9,-1.24
libertarien:aleatoire:2,2,2026-05-04,8.482,9,0.12
libertarien:aleatoire:2,3,2026-05-20,8.608,9,0.13
libertarien:aleatoire:2,4,2026-06-01,11.6,2,2.99
libertarien:aleatoire:2,5,2026-06-14,9.028,9,-2.57
libertarien:aleatoire:2,6,2026-07-01,9.165,9,0.14
libertarien:aleatoire:2,7,2026-07-19,9.339,9,0.17
libertarien:aleatoire:2,8,2026-08-04,8.6,9,-0.74
libertarien:aleatoire:2,9,2026-08-20,9.823,7,1.22
libertarien:aleatoire:2,10,2026-09-03,9.821,7,0
libertarien:aleatoire:2,11,2026-09-19,9.875,7,0.05
libertarien:aleatoire:2,12,2026-10-02,8.6,9,-1.28
libertarien:aleatoire:2,13,2026-10-17,10.285,5,1.69
libertarien:aleatoire:2,14,2026-10-30,10.443,5,0.16
libertarien:aleatoire:2,15,2026-11-13,10.4,5,-0.04
libertarien:aleatoire:2,16,2026-12-01,7.4,9,-3
libertarien:aleatoire:2,17,2026-12-19,10.427,5,3.03
libertarien:aleatoire:2,18,2027-01-05,10.456,4,0.03
libertarien:aleatoire:2,19,2027-01-24,10.468,4,0.01
libertarien:aleatoire:2,20,2027-02-06,7.9,9,-2.57
libertarien:aleatoire:2,21,2027-02-26,10.461,4,2.56
libertarien:aleatoire:2,22,2027-03-18,10.223,5,-0.24
libertarien:aleatoire:2,23,2027-04-02,10.342,4,0.12
libertarien:aleatoire:2,24,2027-04-17,10.513,4,0.17
libertarien:aleatoire:2,25,2027-04-18,10.572,4,0.06
libertarien:ideologiquement_coherent:0,1,2026-04-18,8.28,9,2.48
libertarien:ideologiquement_coherent:0,2,2026-05-05,8.54,9,0.26
libertarien:ideologiquement_coherent:0,3,2026-05-23,8.785,9,0.25
libertarien:ideologiquement_coherent:0,4,2026-06-10,6.8,9,-1.99
libertarien:ideologiquement_coherent:0,5,2026-06-26,9.305,9,2.5
libertarien:ideologiquement_coherent:0,6,2026-07-14,9.425,9,0.12
libertarien:ideologiquement_coherent:0,7,2026-07-31,9.435,9,0.01
libertarien:ideologiquement_coherent:0,8,2026-08-14,9.8,8,0.37
libertarien:ideologiquement_coherent:0,9,2026-08-28,9.706,8,-0.09
libertarien:ideologiquement_coherent:0,10,2026-09-11,9.825,8,0.12
libertarien:ideologiquement_coherent:0,11,2026-09-25,10.079,6,0.25
libertarien:ideologiquement_coherent:0,12,2026-10-12,9.1,9,-0.98
libertarien:ideologiquement_coherent:0,13,2026-10-25,10.508,5,1.41
libertarien:ideologiquement_coherent:0,14,2026-11-11,10.906,4,0.4
libertarien:ideologiquement_coherent:0,15,2026-11-25,11.053,3,0.15
libertarien:ideologiquement_coherent:0,16,2026-12-10,10,6,-1.05
libertarien:ideologiquement_coherent:0,17,2026-12-27,11.535,2,1.54
libertarien:ideologiquement_coherent:0,18,2027-01-13,11.782,1,0.25
libertarien:ideologiquement_coherent:0,19,2027-01-26,12.014,1,0.23
libertarien:ideologiquement_coherent:0,20,2027-02-13,10.7,3,-1.31
libertarien:ideologiquement_coherent:0,21,2027-03-03,12.152,1,1.45
libertarien:ideologiquement_coherent:0,22,2027-03-17,12.38,1,0.23
libertarien:ideologiquement_coherent:0,23,2027-04-01,12.427,1,0.05
libertarien:ideologiquement_coherent:0,24,2027-04-16,12.613,1,0.19
libertarien:ideologiquement_coherent:0,25,2027-04-18,12.722,1,0.11
libertarien:ideologiquement_coherent:1,1,2026-04-18,8.661,9,-1.34
libertarien:ideologiquement_coherent:1,2,2026-05-03,8.841,9,0.18
libertarien:ideologiquement_coherent:1,3,2026-05-20,8.976,9,0.14
libertarien:ideologiquement_coherent:1,4,2026-06-06,12.1,1,3.12
libertarien:ideologiquement_coherent:1,5,2026-06-21,9.205,9,-2.89
libertarien:ideologiquement_coherent:1,6,2026-07-08,9.229,9,0.02
libertarien:ideologiquement_coherent:1,7,2026-07-22,9.393,9,0.16
libertarien:ideologiquement_coherent:1,8,2026-08-06,9.7,8,0.31
libertarien:ideologiquement_coherent:1,9,2026-08-19,10.045,7,0.35
libertarien:ideologiquement_coherent:1,10,2026-09-06,10.169,5,0.12
libertarien:ideologiquement_coherent:1,11,2026-09-21,10.462,4,0.29
libertarien:ideologiquement_coherent:1,12,2026-10-04,12,1,1.54
libertarien:ideologiquement_coherent:1,13,2026-10-21,10.684,3,-1.32
libertarien:ideologiquement_coherent:1,14,2026-11-07,10.91,3,0.23
libertarien:ideologiquement_coherent:1,15,2026-11-22,11.002,3,0.09
libertarien:ideologiquement_coherent:1,16,2026-12-10,11.4,2,0.4
libertarien:ideologiquement_coherent:1,17,2026-12-26,10.832,3,-0.57
libertarien:ideologiquement_coherent:1,18,2027-01-08,10.908,3,0.08
libertarien:ideologiquement_coherent:1,19,2027-01-24,10.918,3,0.01
libertarien:ideologiquement_coherent:1,20,2027-02-07,16.2,1,5.28
libertarien:ideologiquement_coherent:1,21,2027-02-23,11.16,3,-5.04
libertarien:ideologiquement_coherent:1,22,2027-03-14,11.187,3,0.03
libertarien:ideologiquement_coherent:1,23,2027-03-31,11.256,2,0.07
libertarien:ideologiquement_coherent:1,24,2027-04-15,11.217,3,-0.04
libertarien:ideologiquement_coherent:1,25,2027-04-18,11.392,2,0.17
libertarien:ideologiquement_coherent:2,1,2026-04-18,8.05,9,-1.55
libertarien:ideologiquement_coherent:2,2,2026-05-04,8.139,9,0.09
libertarien:ideologiquement_coherent:2,3,2026-05-20,8.253,9,0.11
libertarien:ideologiquement_coherent:2,4,2026-06-01,11.3,3,3.05
libertarien:ideologiquement_coherent:2,5,2026-06-14,8.574,9,-2.73
libertarien:ideologiquement_coherent:2,6,2026-07-01,8.748,9,0.17
libertarien:ideologiquement_coherent:2,7,2026-07-19,9.012,9,0.26
libertarien:ideologiquement_coherent:2,8,2026-08-04,8.3,9,-0.71
libertarien:ideologiquement_coherent:2,9,2026-08-20,9.422,8,1.12
libertarien:ideologiquement_coherent:2,10,2026-09-03,9.521,8,0.1
libertarien:ideologiquement_coherent:2,11,2026-09-19,9.62,7,0.1
libertarien:ideologiquement_coherent:2,12,2026-10-02,8.4,9,-1.22
libertarien:ideologiquement_coherent:2,13,2026-10-17,10.005,6,1.61
libertarien:ideologiquement_coherent:2,14,2026-10-30,10.175,6,0.17
libertarien:ideologiquement_coherent:2,15,2026-11-13,10.34,5,0.16
libertarien:ideologiquement_coherent:2,16,2026-12-01,7.3,9,-3.04
libertarien:ideologiquement_coherent:2,17,2026-12-19,10.527,4,3.23
libertarien:ideologiquement_coherent:2,18,2027-01-05,10.672,4,0.15
libertarien:ideologiquement_coherent:2,19,2027-01-24,10.798,4,0.13
libertarien:ideologiquement_coherent:2,20,2027-02-06,10,5,-0.8
libertarien:ideologiquement_coherent:2,21,2027-02-23,11.768,1,1.77
libertarien:ideologiquement_coherent:2,22,2027-03-14,11.849,1,0.08
libertarien:ideologiquement_coherent:2,23,2027-04-02,11.985,1,0.14
libertarien:ideologiquement_coherent:2,24,2027-04-15,12.083,1,0.1
libertarien:ideologiquement_coherent:2,25,2027-04-18,12.318,1,0.23
libertarien:ideologiquement_coherent:2,26,2027-04-20,12.434,1,0.12
libertarien:ideologiquement_coherent:2,27,2027-04-22,12.907,1,0.47
libertarien:ideologiquement_coherent:2,28,2027-04-24,15.1,1,2.19
libertarien:ideologiquement_coherent:2,29,2027-04-26,13.328,1,-1.77
libertarien:ideologiquement_coherent:2,30,2027-05-02,13.457,1,0.13
libertarien:ideologiquement_coherent:2,31,2027-05-03,13.561,1,0.1
libertarien:risque:0,1,2026-04-18,7.969,9,2.17
libertarien:risque:0,2,2026-05-05,8.054,9,0.08
libertarien:risque:0,3,2026-05-23,8.304,9,0.25
libertarien:risque:0,4,2026-06-10,6.6,9,-1.7
libertarien:risque:0,5,2026-06-26,8.984,9,2.38
libertarien:risque:0,6,2026-07-14,9.118,9,0.13
libertarien:risque:0,7,2026-07-31,9.069,9,-0.05
libertarien:risque:0,8,2026-08-14,9.3,9,0.23
libertarien:risque:0,9,2026-08-28,8.981,9,-0.32
libertarien:risque:0,10,2026-09-11,8.997,9,0.02
libertarien:risque:0,11,2026-09-25,9.283,9,0.29
libertarien:risque:0,12,2026-10-12,8.2,9,-1.08
libertarien:risque:0,13,2026-10-25,9.289,9,1.09
libertarien:risque:0,14,2026-11-11,9.018,9,-0.27
libertarien:risque:0,15,2026-11-25,8.984,9,-0.03
libertarien:risque:0,16,2026-12-10,8.1,9,-0.88
libertarien:risque:0,17,2026-12-27,9.379,9,1.28
libertarien:risque:0,18,2027-01-13,9.764,7,0.38
libertarien:risque:0,19,2027-01-26,10.114,6,0.35
libertarien:risque:0,20,2027-02-13,8.9,9,-1.21
libertarien:risque:0,21,2027-03-03,10.504,4,1.6
libertarien:risque:0,22,2027-03-17,10.042,6,-0.46
libertarien:risque:0,23,2027-04-01,9.915,6,-0.13
libertarien:risque:0,24,2027-04-16,10.111,5,0.2
libertarien:risque:0,25,2027-04-18,10.259,5,0.15
libertarien:risque:1,1,2026-04-18,8.06,9,-1.94
libertarien:risque:1,2,2026-05-03,8.109,9,0.05
libertarien:risque:1,3,2026-05-20,8.203,9,0.09
libertarien:risque:1,4,2026-06-06,11.5,3,3.3
libertarien:risque:1,5,2026-06-21,8.476,9,-3.02
libertarien:risque:1,6,2026-07-08,8.829,9,0.35
libertarien:risque:1,7,2026-07-22,9.101,9,0.27
libertarien:risque:1,8,2026-08-06,9.4,9,0.3
libertarien:risque:1,9,2026-08-19,9.497,8,0.1
libertarien:risque:1,10,2026-09-06,9.528,8,0.03
libertarien:risque:1,11,2026-09-21,9.82,8,0.29
libertarien:risque:1,12,2026-10-04,11.3,3,1.48
libertarien:risque:1,13,2026-10-21,9.814,8,-1.49
libertarien:risque:1,14,2026-11-07,9.725,8,-0.09
libertarien:risque:1,15,2026-11-22,9.736,8,0.01
libertarien:risque:1,16,2026-12-10,10.7,3,0.96
libertarien:risque:1,17,2026-12-26,10.112,6,-0.59
libertarien:risque:1,18,2027-01-08,10.357,5,0.24
libertarien:risque:1,19,2027-01-24,10.341,5,-0.02
libertarien:risque:1,20,2027-02-07,15.5,1,5.16
libertarien:risque:1,21,2027-02-23,10.529,4,-4.97
libertarien:risque:1,22,2027-03-14,10.908,3,0.38
libertarien:risque:1,23,2027-03-31,11.668,2,0.76
libertarien:risque:1,24,2027-04-15,12.399,1,0.73
libertarien:risque:1,25,2027-04-18,12.685,1,0.29
libertarien:risque:2,1,2026-04-18,8.362,9,-1.24
libertarien:risque:2,2,2026-05-04,8.553,9,0.19
libertarien:risque:2,3,2026-05-20,8.887,9,0.33
libertarien:risque:2,4,2026-06-01,11.5,2,2.61
libertarien:risque:2,5,2026-06-14,9.063,9,-2.44
libertarien:risque:2,6,2026-07-01,9.255,9,0.19
libertarien:risque:2,7,2026-07-19,9.445,9,0.19
libertarien:risque:2,8,2026-08-04,8.7,9,-0.75
libertarien:risque:2,9,2026-08-20,9.814,7,1.11
libertarien:risque:2,10,2026-09-03,10.14,6,0.33
libertarien:risque:2,11,2026-09-19,10.186,6,0.05
libertarien:risque:2,12,2026-10-02,8.9,9,-1.29
libertarien:risque:2,13,2026-10-17,10.602,4,1.7
libertarien:risque:2,14,2026-10-30,10.697,4,0.09
libertarien:risque:2,15,2026-11-13,10.784,4,0.09
libertarien:risque:2,16,2026-12-01,7.7,9,-3.08
libertarien:risque:2,17,2026-12-19,10.88,4,3.18
libertarien:risque:2,18,2027-01-05,10.88,4,0
libertarien:risque:2,19,2027-01-24,10.878,4,0
libertarien:risque:2,20,2027-02-06,9.7,7,-1.18
libertarien:risque:2,21,2027-02-23,10.866,4,1.17
libertarien:risque:2,22,2027-03-14,10.811,4,-0.05
libertarien:risque:2,23,2027-04-02,11.027,4,0.22
libertarien:risque:2,24,2027-04-15,11.121,4,0.09
libertarien:risque:2,25,2027-04-18,11.056,4,-0.07
ecologiste_radical:prudent:0,1,2026-04-18,8.02,9,2.72
ecologiste_radical:prudent:0,2,2026-05-02,8.465,9,0.45
ecologiste_radical:prudent:0,3,2026-05-19,8.642,9,0.18
ecologiste_radical:prudent:0,4,2026-06-05,6.2,9,-2.44
ecologiste_radical:prudent:0,5,2026-06-17,9.255,9,3.06
ecologiste_radical:prudent:0,6,2026-07-05,9.6,8,0.34
ecologiste_radical:prudent:0,7,2026-07-22,9.795,7,0.2
ecologiste_radical:prudent:0,8,2026-08-06,11,3,1.21
ecologiste_radical:prudent:0,9,2026-08-24,10.292,6,-0.71
ecologiste_radical:prudent:0,10,2026-09-11,10.506,5,0.21
ecologiste_radical:prudent:0,11,2026-09-23,10.674,3,0.17
ecologiste_radical:prudent:0,12,2026-10-10,11.2,3,0.53
ecologiste_radical:prudent:0,13,2026-10-23,10.739,4,-0.46
ecologiste_radical:prudent:0,14,2026-11-07,11.076,3,0.34
ecologiste_radical:prudent:0,15,2026-11-21,11.208,2,0.13
ecologiste_radical:prudent:0,16,2026-12-05,10.3,5,-0.91
ecologiste_radical:prudent:0,17,2026-12-22,11.539,2,1.24
ecologiste_radical:prudent:0,18,2027-01-07,11.653,2,0.11
ecologiste_radical:prudent:0,19,2027-01-23,11.722,1,0.07
ecologiste_radical:prudent:0,20,2027-02-11,13.7,1,1.98
ecologiste_radical:prudent:0,21,2027-02-25,11.96,1,-1.74
ecologiste_radical:prudent:0,22,2027-03-12,12.168,1,0.21
ecologiste_radical:prudent:0,23,2027-03-29,12.324,1,0.16
ecologiste_radical:prudent:0,24,2027-04-17,12.36,1,0.04
ecologiste_radical:prudent:0,25,2027-04-18,12.407,1,0.05
ecologiste_radical:prudent:0,26,2027-04-20,12.305,1,-0.1
ecologiste_radical:prudent:0,27,2027-04-22,12.35,1,0.04
ecologiste_radical:prudent:0,28,2027-04-24,14.4,1,2.05
ecologiste_radical:prudent:0,29,2027-04-26,12.409,1,-1.99
ecologiste_radical:prudent:0,30,2027-05-02,12.293,1,-0.12
ecologiste_radical:prudent:0,31,2027-05-03,12.278,1,-0.01
ecologiste_radical:prudent:1,1,2026-04-18,7.99,9,-2.81
ecologiste_radical:prudent:1,2,2026-05-05,8.106,9,0.12
ecologiste_radical:prudent:1,3,2026-05-21,8.242,9,0.14
ecologiste_radical:prudent:1,4,2026-06-02,8,9,-0.24
ecologiste_radical:prudent:1,5,2026-06-17,8.788,9,0.79
ecologiste_radical:prudent:1,6,2026-07-01,9.019,9,0.23
ecologiste_radical:prudent:1,7,2026-07-17,9.102,9,0.08
ecologiste_radical:prudent:1,8,2026-08-01,11.1,3,2
ecologiste_radical:prudent:1,9,2026-08-16,9.65,8,-1.45
ecologiste_radical:prudent:1,10,2026-09-04,10.155,7,0.5
ecologiste_radical:prudent:1,11,2026-09-17,10.338,5,0.18
ecologiste_radical:prudent:1,12,2026-10-05,7.6,9,-2.74
ecologiste_radical:prudent:1,13,2026-10-24,11.111,2,3.51
ecologiste_radical:prudent:1,14,2026-11-07,11.342,1,0.23
ecologiste_radical:prudent:1,15,2026-11-24,11.343,1,0
ecologiste_radical:prudent:1,16,2026-12-09,9.1,9,-2.24
ecologiste_radical:prudent:1,17,2026-12-25,11.959,1,2.86
ecologiste_radical:prudent:1,18,2027-01-11,12.182,1,0.22
ecologiste_radical:prudent:1,19,2027-01-28,12.322,1,0.14
ecologiste_radical:prudent:1,20,2027-02-11,15.5,1,3.18
ecologiste_radical:prudent:1,21,2027-03-01,12.544,1,-2.96
ecologiste_radical:prudent:1,22,2027-03-17,12.673,1,0.13
ecologiste_radical:prudent:1,23,2027-04-01,12.781,1,0.11
ecologiste_radical:prudent:1,24,2027-04-17,12.846,1,0.06
ecologiste_radical:prudent:1,25,2027-04-18,12.923,1,0.08
ecologiste_radical:prudent:1,26,2027-04-20,12.863,1,-0.06
ecologiste_radical:prudent:1,27,2027-04-22,12.73,1,-0.13
ecologiste_radical:prudent:1,28,2027-04-24,15.6,1,2.87
ecologiste_radical:prudent:1,29,2027-04-26,12.962,1,-2.64
ecologiste_radical:prudent:1,30,2027-05-02,12.903,1,-0.06
ecologiste_radical:prudent:1,31,2027-05-03,12.966,1,0.06
ecologiste_radical:prudent:2,1,2026-04-18,8.143,9,1.74
ecologiste_radical:prudent:2,2,2026-05-05,8.418,9,0.27
ecologiste_radical:prudent:2,3,2026-05-20,8.715,9,0.3
ecologiste_radical:prudent:2,4,2026-06-04,8.5,9,-0.21
ecologiste_radical:prudent:2,5,2026-06-18,9.1,9,0.6
ecologiste_radical:prudent:2,6,2026-07-05,9.164,9,0.06
ecologiste_radical:prudent:2,7,2026-07-18,9.358,9,0.19
ecologiste_radical:prudent:2,8,2026-08-03,6.4,9,-2.96
ecologiste_radical:prudent:2,9,2026-08-19,9.807,8,3.41
ecologiste_radical:prudent:2,10,2026-09-03,10.074,7,0.27
ecologiste_radical:prudent:2,11,2026-09-17,10.175,6,0.1
ecologiste_radical:prudent:2,12,2026-10-05,8.7,9,-1.48
ecologiste_radical:prudent:2,13,2026-10-20,10.369,5,1.67
ecologiste_radical:prudent:2,14,2026-11-02,10.462,4,0.09
ecologiste_radical:prudent:2,15,2026-11-20,10.467,4,0.01
ecologiste_radical:prudent:2,16,2026-12-05,7.1,9,-3.37
ecologiste_radical:prudent:2,17,2026-12-22,10.513,4,3.41
ecologiste_radical:prudent:2,18,2027-01-06,10.542,4,0.03
ecologiste_radical:prudent:2,19,2027-01-24,10.796,4,0.25
ecologiste_radical:prudent:2,20,2027-02-12,9.2,8,-1.6
ecologiste_radical:prudent:2,21,2027-02-28,10.93,4,1.73
ecologiste_radical:prudent:2,22,2027-03-17,11.209,4,0.28
ecologiste_radical:prudent:2,23,2027-03-31,11.457,2,0.25
ecologiste_radical:prudent:2,24,2027-04-17,11.858,2,0.4
ecologiste_radical:prudent:2,25,2027-04-18,11.838,2,-0.02
ecologiste_radical:aleatoire:0,1,2026-04-18,8.077,9,2.78
ecologiste_radical:aleatoire:0,2,2026-05-02,8.315,9,0.24
ecologiste_radical:aleatoire:0,3,2026-05-19,8.413,9,0.1
ecologiste_radical:aleatoire:0,4,2026-06-05,5.9,10,-2.51
ecologiste_radical:aleatoire:0,5,2026-06-17,8.921,9,3.02
ecologiste_radical:aleatoire:0,6,2026-07-05,9.243,9,0.32
ecologiste_radical:aleatoire:0,7,2026-07-22,9.436,9,0.19
ecologiste_radical:aleatoire:0,8,2026-08-06,10.8,3,1.36
ecologiste_radical:aleatoire:0,9,2026-08-24,9.937,7,-0.86
ecologiste_radical:aleatoire:0,10,2026-09-11,10.15,6,0.21
ecologiste_radical:aleatoire:0,11,2026-09-23,10.233,6,0.08
ecologiste_radical:aleatoire:0,12,2026-10-10,10.9,3,0.67
ecologiste_radical:aleatoire:0,13,2026-10-23,10.128,6,-0.77
ecologiste_radical:aleatoire:0,14,2026-11-07,10.24,5,0.11
ecologiste_radical:aleatoire:0,15,2026-11-21,10.348,5,0.11
ecologiste_radical:aleatoire:0,16,2026-12-05,9.6,7,-0.75
ecologiste_radical:aleatoire:0,17,2026-12-22,10.334,5,0.73
ecologiste_radical:aleatoire:0,18,2027-01-07,10.318,5,-0.02
ecologiste_radical:aleatoire:0,19,2027-01-23,10.204,5,-0.11
ecologiste_radical:aleatoire:0,20,2027-02-11,12.5,1,2.3
ecologiste_radical:aleatoire:0,21,2027-02-25,10.188,6,-2.31
ecologiste_radical:aleatoire:0,22,2027-03-12,10.151,7,-0.04
ecologiste_radical:aleatoire:0,23,2027-03-29,10.075,7,-0.08
ecologiste_radical:aleatoire:0,24,2027-04-17,9.698,8,-0.38
ecologiste_radical:aleatoire:0,25,2027-04-18,9.878,8,0.18
ecologiste_radical:aleatoire:1,1,2026-04-18,7.981,9,-2.82
ecologiste_radical:aleatoire:1,2,2026-05-05,8.317,9,0.34
ecologiste_radical:aleatoire:1,3,2026-05-21,8.523,9,0.21
ecologiste_radical:aleatoire:1,4,2026-06-02,8.1,9,-0.42
ecologiste_radical:aleatoire:1,5,2026-06-17,8.562,9,0.46
ecologiste_radical:aleatoire:1,6,2026-07-01,8.684,9,0.12
ecologiste_radical:aleatoire:1,7,2026-07-17,8.527,9,-0.16
ecologiste_radical:aleatoire:1,8,2026-08-01,10.6,4,2.07
ecologiste_radical:aleatoire:1,9,2026-08-16,8.571,9,-2.03
ecologiste_radical:aleatoire:1,10,2026-09-04,8.679,9,0.11
ecologiste_radical:aleatoire:1,11,2026-09-17,8.739,9,0.06
ecologiste_radical:aleatoire:1,12,2026-10-05,5.8,10,-2.94
ecologiste_radical:aleatoire:1,13,2026-10-24,8.69,9,2.89
ecologiste_radical:aleatoire:1,14,2026-11-07,8.985,9,0.29
ecologiste_radical:aleatoire:1,15,2026-11-24,9.257,9,0.27
ecologiste_radical:aleatoire:1,16,2026-12-09,7.2,9,-2.06
ecologiste_radical:aleatoire:1,17,2026-12-25,9.533,8,2.33
ecologiste_radical:aleatoire:1,18,2027-01-11,9.572,8,0.04
ecologiste_radical:aleatoire:1,19,2027-01-28,9.691,8,0.12
ecologiste_radical:aleatoire:1,20,2027-02-11,13.1,1,3.41
ecologiste_radical:aleatoire:1,21,2027-03-01,10.208,5,-2.89
ecologiste_radical:aleatoire:1,22,2027-03-17,10.456,5,0.25
ecologiste_radical:aleatoire:1,23,2027-04-01,10.489,5,0.03
ecologiste_radical:aleatoire:1,24,2027-04-17,10.392,5,-0.1
ecologiste_radical:aleatoire:1,25,2027-04-18,10.814,4,0.42
ecologiste_radical:aleatoire:1,26,2027-04-20,10.995,4,0.18
ecologiste_radical:aleatoire:1,27,2027-04-22,11.103,4,0.11
ecologiste_radical:aleatoire:1,28,2027-04-24,13.7,1,2.6
ecologiste_radical:aleatoire:1,29,2027-04-26,11.723,1,-1.98
ecologiste_radical:aleatoire:2,1,2026-04-18,8.143,9,1.74
ecologiste_radical:aleatoire:2,2,2026-05-05,8.455,9,0.31
ecologiste_radical:aleatoire:2,3,2026-05-20,8.763,9,0.31
ecologiste_radical:aleatoire:2,4,2026-06-04,8.8,9,0.04
ecologiste_radical:aleatoire:2,5,2026-06-18,9.555,8,0.75
ecologiste_radical:aleatoire:2,6,2026-07-05,9.848,8,0.29
ecologiste_radical:aleatoire:2,7,2026-07-18,9.826,8,-0.02
ecologiste_radical:aleatoire:2,8,2026-08-03,6.8,9,-3.03
ecologiste_radical:aleatoire:2,9,2026-08-19,10.088,7,3.29
ecologiste_radical:aleatoire:2,10,2026-09-03,10.34,6,0.25
ecologiste_radical:aleatoire:2,11,2026-09-17,10.499,4,0.16
ecologiste_radical:aleatoire:2,12,2026-10-05,9,9,-1.5
ecologiste_radical:aleatoire:2,13,2026-10-20,10.485,4,1.48
ecologiste_radical:aleatoire:2,14,2026-11-02,10.511,4,0.03
ecologiste_radical:aleatoire:2,15,2026-11-20,10.589,4,0.08
ecologiste_radical:aleatoire:2,16,2026-12-05,7.3,9,-3.29
ecologiste_radical:aleatoire:2,17,2026-12-22,10.678,4,3.38
ecologiste_radical:aleatoire:2,18,2027-01-06,10.827,4,0.15
ecologiste_radical:aleatoire:2,19,2027-01-24,11.117,4,0.29
ecologiste_radical:aleatoire:2,20,2027-02-12,9.5,7,-1.62
ecologiste_radical:aleatoire:2,21,2027-02-28,11.564,2,2.06
ecologiste_radical:aleatoire:2,22,2027-03-17,11.846,2,0.28
ecologiste_radical:aleatoire:2,23,2027-03-31,12.095,1,0.25
ecologiste_radical:aleatoire:2,24,2027-04-17,12.197,1,0.1
ecologiste_radical:aleatoire:2,25,2027-04-18,12.15,1,-0.05
ecologiste_radical:ideologiquement_coherent:0,1,2026-04-18,8.086,9,2.79
ecologiste_radical:ideologiquement_coherent:0,2,2026-05-02,8.355,9,0.27
ecologiste_radical:ideologiquement_coherent:0,3,2026-05-19,8.532,9,0.18
ecologiste_radical:ideologiquement_coherent:0,4,2026-06-05,6,10,-2.53
ecologiste_radical:ideologiquement_coherent:0,5,2026-06-17,8.79,9,2.79
ecologiste_radical:ideologiquement_coherent:0,6,2026-07-05,9.048,9,0.26
ecologiste_radical:ideologiquement_coherent:0,7,2026-07-22,9.216,9,0.17
ecologiste_radical:ideologiquement_coherent:0,8,2026-08-06,10.6,5,1.38
ecologiste_radical:ideologiquement_coherent:0,9,2026-08-24,9.547,8,-1.05
ecologiste_radical:ideologiquement_coherent:0,10,2026-09-11,9.708,7,0.16
ecologiste_radical:ideologiquement_coherent:0,11,2026-09-23,9.811,7,0.1
ecologiste_radical:ideologiquement_coherent:0,12,2026-10-10,10.5,5,0.69
ecologiste_radical:ideologiquement_coherent:0,13,2026-10-23,9.817,7,-0.68
ecologiste_radical:ideologiquement_coherent:0,14,2026-11-07,9.973,7,0.16
ecologiste_radical:ideologiquement_coherent:0,15,2026-11-21,10.097,7,0.12
ecologiste_radical:ideologiquement_coherent:0,16,2026-12-05,9.3,8,-0.8
ecologiste_radical:ideologiquement_coherent:0,17,2026-12-22,10.258,5,0.96
ecologiste_radical:ideologiquement_coherent:0,18,2027-01-07,10.38,4,0.12
ecologiste_radical:ideologiquement_coherent:0,19,2027-01-23,10.435,4,0.05
ecologiste_radical:ideologiquement_coherent:0,20,2027-02-11,12.6,1,2.16
ecologiste_radical:ideologiquement_coherent:0,21,2027-02-25,10.757,4,-1.84
ecologiste_radical:ideologiquement_coherent:0,22,2027-03-12,10.9,4,0.14
ecologiste_radical:ideologiquement_coherent:0,23,2027-03-29,11.096,4,0.2
ecologiste_radical:ideologiquement_coherent:0,24,2027-04-17,11.523,2,0.43
ecologiste_radical:ideologiquement_coherent:0,25,2027-04-18,11.69,1,0.17
ecologiste_radical:ideologiquement_coherent:0,26,2027-04-20,11.939,1,0.25
ecologiste_radical:ideologiquement_coherent:0,27,2027-04-22,12.224,1,0.29
ecologiste_radical:ideologiquement_coherent:0,28,2027-04-24,14.2,1,1.98
ecologiste_radical:ideologiquement_coherent:0,29,2027-04-26,12.537,1,-1.66
ecologiste_radical:ideologiquement_coherent:0,30,2027-05-02,12.47,1,-0.07
ecologiste_radical:ideologiquement_coherent:0,31,2027-05-03,12.485,1,0.01
ecologiste_radical:ideologiquement_coherent:1,1,2026-04-18,8.049,9,-2.75
ecologiste_radical:ideologiquement_coherent:1,2,2026-05-05,8.061,9,0.01
ecologiste_radical:ideologiquement_coherent:1,3,2026-05-21,8.164,9,0.1
ecologiste_radical:ideologiquement_coherent:1,4,2026-06-02,8,9,-0.16
ecologiste_radical:ideologiquement_coherent:1,5,2026-06-17,8.681,9,0.68
ecologiste_radical:ideologiquement_coherent:1,6,2026-07-01,8.906,9,0.23
ecologiste_radical:ideologiquement_coherent:1,7,2026-07-17,8.955,9,0.05
ecologiste_radical:ideologiquement_coherent:1,8,2026-08-01,10.9,3,1.95
ecologiste_radical:ideologiquement_coherent:1,9,2026-08-16,9.31,9,-1.59
ecologiste_radical:ideologiquement_coherent:1,10,2026-09-04,9.554,9,0.24
ecologiste_radical:ideologiquement_coherent:1,11,2026-09-17,9.75,8,0.2
ecologiste_radical:ideologiquement_coherent:1,12,2026-10-05,6.9,9,-2.85
ecologiste_radical:ideologiquement_coherent:1,13,2026-10-24,9.959,8,3.06
ecologiste_radical:ideologiquement_coherent:1,14,2026-11-07,10.048,7,0.09
ecologiste_radical:ideologiquement_coherent:1,15,2026-11-24,10.236,6,0.19
ecologiste_radical:ideologiquement_coherent:1,16,2026-12-09,8.2,9,-2.04
ecologiste_radical:ideologiquement_coherent:1,17,2026-12-25,10.577,5,2.38
ecologiste_radical:ideologiquement_coherent:1,18,2027-01-11,10.65,5,0.07
ecologiste_radical:ideologiquement_coherent:1,19,2027-01-28,10.635,5,-0.02
ecologiste_radical:ideologiquement_coherent:1,20,2027-02-11,14,1,3.37
ecologiste_radical:ideologiquement_coherent:1,21,2027-03-01,10.867,4,-3.13
ecologiste_radical:ideologiquement_coherent:1,22,2027-03-17,11.089,4,0.22
ecologiste_radical:ideologiquement_coherent:1,23,2027-04-01,11.391,2,0.3
ecologiste_radical:ideologiquement_coherent:1,24,2027-04-17,11.827,1,0.44
ecologiste_radical:ideologiquement_coherent:1,25,2027-04-18,12.066,1,0.24
ecologiste_radical:ideologiquement_coherent:1,26,2027-04-20,12.142,1,0.08
ecologiste_radical:ideologiquement_coherent:1,27,2027-04-22,12.386,1,0.24
ecologiste_radical:ideologiquement_coherent:1,28,2027-04-24,15,1,2.61
ecologiste_radical:ideologiquement_coherent:1,29,2027-04-26,12.82,1,-2.18
ecologiste_radical:ideologiquement_coherent:2,1,2026-04-18,7.809,9,1.41
ecologiste_radical:ideologiquement_coherent:2,2,2026-05-05,7.827,9,0.02
ecologiste_radical:ideologiquement_coherent:2,3,2026-05-20,7.894,9,0.07
ecologiste_radical:ideologiquement_coherent:2,4,2026-06-04,7.9,9,0.01
ecologiste_radical:ideologiquement_coherent:2,5,2026-06-18,8.208,9,0.31
ecologiste_radical:ideologiquement_coherent:2,6,2026-07-05,8.455,9,0.25
ecologiste_radical:ideologiquement_coherent:2,7,2026-07-18,8.664,9,0.21
ecologiste_radical:ideologiquement_coherent:2,8,2026-08-03,5.5,10,-3.16
ecologiste_radical:ideologiquement_coherent:2,9,2026-08-19,8.945,9,3.45
ecologiste_radical:ideologiquement_coherent:2,10,2026-09-03,9.007,9,0.06
ecologiste_radical:ideologiquement_coherent:2,11,2026-09-17,9.143,9,0.14
ecologiste_radical:ideologiquement_coherent:2,12,2026-10-05,7.8,9,-1.34
ecologiste_radical:ideologiquement_coherent:2,13,2026-10-20,9.442,8,1.64
ecologiste_radical:ideologiquement_coherent:2,14,2026-11-02,9.698,8,0.26
ecologiste_radical:ideologiquement_coherent:2,15,2026-11-20,10.045,7,0.35
ecologiste_radical:ideologiquement_coherent:2,16,2026-12-05,6.7,9,-3.34
ecologiste_radical:ideologiquement_coherent:2,17,2026-12-22,10.349,4,3.65
ecologiste_radical:ideologiquement_coherent:2,18,2027-01-06,10.412,4,0.06
ecologiste_radical:ideologiquement_coherent:2,19,2027-01-24,10.491,4,0.08
ecologiste_radical:ideologiquement_coherent:2,20,2027-02-12,9,8,-1.49
ecologiste_radical:ideologiquement_coherent:2,21,2027-02-28,10.874,4,1.87
ecologiste_radical:ideologiquement_coherent:2,22,2027-03-17,11.248,3,0.37
ecologiste_radical:ideologiquement_coherent:2,23,2027-03-31,11.804,2,0.56
ecologiste_radical:ideologiquement_coherent:2,24,2027-04-17,12.038,1,0.23
ecologiste_radical:ideologiquement_coherent:2,25,2027-04-18,12.261,1,0.22
ecologiste_radical:risque:0,1,2026-04-18,8.077,9,2.78
ecologiste_radical:risque:0,2,2026-05-02,8.54,9,0.46
ecologiste_radical:risque:0,3,2026-05-19,8.779,9,0.24
ecologiste_radical:risque:0,4,2026-06-05,6.3,9,-2.48
ecologiste_radical:risque:0,5,2026-06-17,9.27,9,2.97
ecologiste_radical:risque:0,6,2026-07-05,9.495,8,0.22
ecologiste_radical:risque:0,7,2026-07-22,9.651,8,0.16
ecologiste_radical:risque:0,8,2026-08-06,11,3,1.35
ecologiste_radical:risque:0,9,2026-08-24,10.134,6,-0.87
ecologiste_radical:risque:0,10,2026-09-11,10.368,5,0.23
ecologiste_radical:risque:0,11,2026-09-23,10.458,5,0.09
ecologiste_radical:risque:0,12,2026-10-10,11.1,3,0.64
ecologiste_radical:risque:0,13,2026-10-23,10.452,5,-0.65
ecologiste_radical:risque:0,14,2026-11-07,10.773,4,0.32
ecologiste_radical:risque:0,15,2026-11-21,10.67,4,-0.1
ecologiste_radical:risque:0,16,2026-12-05,9.9,7,-0.77
ecologiste_radical:risque:0,17,2026-12-22,10.771,4,0.87
ecologiste_radical:risque:0,18,2027-01-07,10.89,4,0.12
ecologiste_radical:risque:0,19,2027-01-23,10.815,4,-0.08
ecologiste_radical:risque:0,20,2027-02-11,13.2,1,2.38
ecologiste_radical:risque:0,21,2027-02-25,11.517,2,-1.68
ecologiste_radical:risque:0,22,2027-03-12,11.818,1,0.3
ecologiste_radical:risque:0,23,2027-03-29,12.032,1,0.21
ecologiste_radical:risque:0,24,2027-04-17,12.064,1,0.03
ecologiste_radical:risque:0,25,2027-04-18,12.312,1,0.25
ecologiste_radical:risque:0,26,2027-04-20,12.287,1,-0.02
ecologiste_radical:risque:0,27,2027-04-22,12.385,1,0.1
ecologiste_radical:risque:0,28,2027-04-24,14.7,1,2.31
ecologiste_radical:risque:0,29,2027-04-26,13.179,1,-1.52
ecologiste_radical:risque:0,30,2027-05-02,13.298,1,0.12
ecologiste_radical:risque:0,31,2027-05-03,13.373,1,0.07
ecologiste_radical:risque:1,1,2026-04-18,8.049,9,-2.75
ecologiste_radical:risque:1,2,2026-05-05,8.407,9,0.36
ecologiste_radical:risque:1,3,2026-05-21,8.64,9,0.23
ecologiste_radical:risque:1,4,2026-06-02,8.2,9,-0.44
ecologiste_radical:risque:1,5,2026-06-17,8.97,9,0.77
ecologiste_radical:risque:1,6,2026-07-01,9.184,9,0.21
ecologiste_radical:risque:1,7,2026-07-17,9.262,9,0.08
ecologiste_radical:risque:1,8,2026-08-01,11.2,3,1.94
ecologiste_radical:risque:1,9,2026-08-16,9.731,8,-1.47
ecologiste_radical:risque:1,10,2026-09-04,9.949,8,0.22
ecologiste_radical:risque:1,11,2026-09-17,10.074,7,0.13
ecologiste_radical:risque:1,12,2026-10-05,7.4,9,-2.67
ecologiste_radical:risque:1,13,2026-10-24,10.703,4,3.3
ecologiste_radical:risque:1,14,2026-11-07,10.657,4,-0.05
ecologiste_radical:risque:1,15,2026-11-24,10.804,3,0.15
ecologiste_radical:risque:1,16,2026-12-09,8.8,9,-2
ecologiste_radical:risque:1,17,2026-12-25,11.15,3,2.35
ecologiste_radical:risque:1,18,2027-01-11,11.275,2,0.13
ecologiste_radical:risque:1,19,2027-01-28,11.303,2,0.03
ecologiste_radical:risque:1,20,2027-02-11,14.8,1,3.5
ecologiste_radical:risque:1,21,2027-03-01,11.629,2,-3.17
ecologiste_radical:risque:1,22,2027-03-17,11.765,1,0.14
ecologiste_radical:risque:1,23,2027-04-01,11.826,1,0.06
ecologiste_radical:risque:1,24,2027-04-17,11.876,1,0.05
ecologiste_radical:risque:1,25,2027-04-18,11.774,1,-0.1
ecologiste_radical:risque:1,26,2027-04-20,11.461,1,-0.31
ecologiste_radical:risque:1,27,2027-04-22,11.338,3,-0.12
ecologiste_radical:risque:1,28,2027-04-24,14.2,1,2.86
ecologiste_radical:risque:1,29,2027-04-26,11.359,2,-2.84
ecologiste_radical:risque:1,30,2027-05-02,11.491,1,0.13
ecologiste_radical:risque:1,31,2027-05-03,11.43,1,-0.06
ecologiste_radical:risque:2,1,2026-04-18,8.143,9,1.74
ecologiste_radical:risque:2,2,2026-05-05,8.418,9,0.27
ecologiste_radical:risque:2,3,2026-05-20,8.715,9,0.3
ecologiste_radical:risque:2,4,2026-06-04,8.6,9,-0.12
ecologiste_radical:risque:2,5,2026-06-18,9.188,9,0.59
ecologiste_radical:risque:2,6,2026-07-05,9.456,8,0.27
ecologiste_radical:risque:2,7,2026-07-18,9.426,8,-0.03
ecologiste_radical:risque:2,8,2026-08-03,6.2,9,-3.23
ecologiste_radical:risque:2,9,2026-08-19,9.131,9,2.93
ecologiste_radical:risque:2,10,2026-09-04,9.238,9,0.11
ecologiste_radical:risque:2,11,2026-09-20,9.307,9,0.07
ecologiste_radical:risque:2,12,2026-10-03,10,7,0.69
ecologiste_radical:risque:2,13,2026-10-19,9.94,7,-0.06
ecologiste_radical:risque:2,14,2026-11-04,10.091,7,0.15
ecologiste_radical:risque:2,15,2026-11-19,10.545,4,0.45
ecologiste_radical:risque:2,16,2026-12-03,13.8,1,3.26
ecologiste_radical:risque:2,17,2026-12-21,11.068,3,-2.73
ecologiste_radical:risque:2,18,2027-01-09,11.321,3,0.25
ecologiste_radical:risque:2,19,2027-01-28,11.496,2,0.18
ecologiste_radical:risque:2,20,2027-02-14,9.3,8,-2.2
ecologiste_radical:risque:2,21,2027-02-26,11.779,1,2.48
ecologiste_radical:risque:2,22,2027-03-16,11.572,2,-0.21
ecologiste_radical:risque:2,23,2027-04-01,11.744,2,0.17
ecologiste_radical:risque:2,24,2027-04-17,11.837,1,0.09
ecologiste_radical:risque:2,25,2027-04-18,11.966,1,0.13
souverainiste:prudent:0,1,2026-04-18,9.647,8,1.05
souverainiste:prudent:0,2,2026-05-06,9.788,8,0.14
souverainiste:prudent:0,3,2026-05-20,10.045,7,0.26
souverainiste:prudent:0,4,2026-06-02,14.9,1,4.86
souverainiste:prudent:0,5,2026-06-16,10.309,4,-4.59
souverainiste:prudent:0,6,2026-07-01,10.462,4,0.15
souverainiste:prudent:0,7,2026-07-18,10.747,3,0.29
souverainiste:prudent:0,8,2026-08-06,11.1,2,0.35
souverainiste:prudent:0,9,2026-08-18,11.131,3,0.03
souverainiste:prudent:0,10,2026-09-05,11.327,2,0.2
souverainiste:prudent:0,11,2026-09-19,11.512,1,0.19
souverainiste:prudent:0,12,2026-10-06,7.4,9,-4.11
souverainiste:prudent:0,13,2026-10-21,11.993,1,4.59
souverainiste:prudent:0,14,2026-11-04,12.109,1,0.12
souverainiste:prudent:0,15,2026-11-19,12.158,1,0.05
souverainiste:prudent:0,16,2026-12-07,8.5,9,-3.66
souverainiste:prudent:0,17,2026-12-26,12.289,1,3.79
souverainiste:prudent:0,18,2027-01-08,12.595,1,0.31
souverainiste:prudent:0,19,2027-01-21,12.668,1,0.07
souverainiste:prudent:0,20,2027-02-06,8.9,9,-3.77
souverainiste:prudent:0,21,2027-02-26,12.748,1,3.85
souverainiste:prudent:0,22,2027-03-16,12.885,1,0.14
souverainiste:prudent:0,23,2027-03-31,12.989,1,0.1
souverainiste:prudent:0,24,2027-04-16,13.037,1,0.05
souverainiste:prudent:0,25,2027-04-18,13.292,1,0.25
souverainiste:prudent:0,26,2027-04-20,13.422,1,0.13
souverainiste:prudent:0,27,2027-04-22,13.516,1,0.09
souverainiste:prudent:0,28,2027-04-24,15.6,1,2.08
souverainiste:prudent:0,29,2027-04-26,13.591,1,-2.01
souverainiste:prudent:0,30,2027-05-02,13.451,1,-0.14
souverainiste:prudent:0,31,2027-05-03,13.397,1,-0.05
souverainiste:prudent:1,1,2026-04-18,9.618,8,-1.08
souverainiste:prudent:1,2,2026-04-30,9.842,8,0.22
souverainiste:prudent:1,3,2026-05-14,9.961,7,0.12
souverainiste:prudent:1,4,2026-05-30,8.8,9,-1.16
souverainiste:prudent:1,5,2026-06-15,10.203,7,1.4
souverainiste:prudent:1,6,2026-06-29,10.433,5,0.23
souverainiste:prudent:1,7,2026-07-12,10.648,4,0.21
souverainiste:prudent:1,8,2026-07-27,12.6,1,1.95
souverainiste:prudent:1,9,2026-08-15,11.314,1,-1.29
souverainiste:prudent:1,10,2026-08-28,11.625,1,0.31
souverainiste:prudent:1,11,2026-09-10,11.753,1,0.13
souverainiste:prudent:1,12,2026-09-28,12.9,1,1.15
souverainiste:prudent:1,13,2026-10-13,11.643,1,-1.26
souverainiste:prudent:1,14,2026-10-30,11.792,1,0.15
souverainiste:prudent:1,15,2026-11-15,11.958,1,0.17
souverainiste:prudent:1,16,2026-12-01,12.4,1,0.44
souverainiste:prudent:1,17,2026-12-19,12.253,1,-0.15
souverainiste:prudent:1,18,2027-01-03,12.34,1,0.09
souverainiste:prudent:1,19,2027-01-20,12.455,1,0.12
souverainiste:prudent:1,20,2027-02-09,15.2,1,2.74
souverainiste:prudent:1,21,2027-02-24,12.583,1,-2.62
souverainiste:prudent:1,22,2027-03-14,12.65,1,0.07
souverainiste:prudent:1,23,2027-03-28,12.811,1,0.16
souverainiste:prudent:1,24,2027-04-17,13.001,1,0.19
souverainiste:prudent:1,25,2027-04-18,13.265,1,0.26
souverainiste:prudent:1,26,2027-04-20,13.43,1,0.16
souverainiste:prudent:1,27,2027-04-22,13.341,1,-0.09
souverainiste:prudent:1,28,2027-04-24,14.1,1,0.76
souverainiste:prudent:1,29,2027-04-26,13.405,1,-0.7
souverainiste:prudent:1,30,2027-05-02,13.272,1,-0.13
souverainiste:prudent:1,31,2027-05-03,13.155,1,-0.12
souverainiste:prudent:2,1,2026-04-18,9.62,8,-0.98
souverainiste:prudent:2,2,2026-04-30,9.725,8,0.11
souverainiste:prudent:2,3,2026-05-18,9.878,7,0.15
souverainiste:prudent:2,4,2026-05-31,11.4,2,1.52
souverainiste:prudent:2,5,2026-06-18,10.296,6,-1.1
souverainiste:prudent:2,6,2026-07-07,10.584,3,0.29
souverainiste:prudent:2,7,2026-07-25,10.668,3,0.08
souverainiste:prudent:2,8,2026-08-07,10.3,4,-0.37
souverainiste:prudent:2,9,2026-08-23,10.877,3,0.58
souverainiste:prudent:2,10,2026-09-04,11.096,3,0.22
souverainiste:prudent:2,11,2026-09-22,11.193,2,0.1
souverainiste:prudent:2,12,2026-10-07,14.2,1,3.01
souverainiste:prudent:2,13,2026-10-21,11.437,2,-2.76
souverainiste:prudent:2,14,2026-11-08,11.563,1,0.13
souverainiste:prudent:2,15,2026-11-21,11.668,1,0.1
souverainiste:prudent:2,16,2026-12-07,11.3,2,-0.37
souverainiste:prudent:2,17,2026-12-21,11.882,1,0.58
souverainiste:prudent:2,18,2027-01-04,11.89,1,0.01
souverainiste:prudent:2,19,2027-01-18,11.847,1,-0.04
souverainiste:prudent:2,20,2027-02-08,8.6,9,-3.25
souverainiste:prudent:2,21,2027-02-25,12.326,1,3.73
souverainiste:prudent:2,22,2027-03-11,12.578,1,0.25
souverainiste:prudent:2,23,2027-03-27,12.616,1,0.04
souverainiste:prudent:2,24,2027-04-17,12.782,1,0.17
souverainiste:prudent:2,25,2027-04-18,13.002,1,0.22
souverainiste:aleatoire:0,1,2026-04-18,9.517,8,0.92
souverainiste:aleatoire:0,2,2026-05-06,9.629,8,0.11
souverainiste:aleatoire:0,3,2026-05-20,9.834,8,0.21
souverainiste:aleatoire:0,4,2026-06-02,14.6,1,4.77
souverainiste:aleatoire:0,5,2026-06-16,9.879,8,-4.72
souverainiste:aleatoire:0,6,2026-07-01,10.008,7,0.13
souverainiste:aleatoire:0,7,2026-07-18,10.379,4,0.37
souverainiste:aleatoire:0,8,2026-08-06,10.8,3,0.42
souverainiste:aleatoire:0,9,2026-08-18,10.824,3,0.02
souverainiste:aleatoire:0,10,2026-09-05,11.035,3,0.21
souverainiste:aleatoire:0,11,2026-09-19,11.178,3,0.14
souverainiste:aleatoire:0,12,2026-10-06,7,9,-4.18
souverainiste:aleatoire:0,13,2026-10-21,11.252,2,4.25
souverainiste:aleatoire:0,14,2026-11-04,11.279,3,0.03
souverainiste:aleatoire:0,15,2026-11-19,11.54,1,0.26
souverainiste:aleatoire:0,16,2026-12-07,8.2,9,-3.34
souverainiste:aleatoire:0,17,2026-12-26,12.226,1,4.03
souverainiste:aleatoire:0,18,2027-01-08,12.312,1,0.09
souverainiste:aleatoire:0,19,2027-01-21,12.361,1,0.05
souverainiste:aleatoire:0,20,2027-02-06,8.6,9,-3.76
souverainiste:aleatoire:0,21,2027-02-26,12.448,1,3.85
souverainiste:aleatoire:0,22,2027-03-16,12.463,1,0.01
souverainiste:aleatoire:0,23,2027-03-31,12.443,1,-0.02
souverainiste:aleatoire:0,24,2027-04-16,12.453,1,0.01
souverainiste:aleatoire:0,25,2027-04-18,12.705,1,0.25
souverainiste:aleatoire:0,26,2027-04-20,12.832,1,0.13
souverainiste:aleatoire:0,27,2027-04-22,12.95,1,0.12
souverainiste:aleatoire:0,28,2027-04-24,15.2,1,2.25
souverainiste:aleatoire:0,29,2027-04-26,13.285,1,-1.91
souverainiste:aleatoire:0,30,2027-05-02,13.082,1,-0.2
souverainiste:aleatoire:0,31,2027-05-03,13.172,1,0.09
souverainiste:aleatoire:1,1,2026-04-18,9.747,8,-0.95
souverainiste:aleatoire:1,2,2026-04-30,10.069,7,0.32
souverainiste:aleatoire:1,3,2026-05-14,10.175,7,0.11
souverainiste:aleatoire:1,4,2026-05-30,8.9,9,-1.28
souverainiste:aleatoire:1,5,2026-06-15,10.245,6,1.34
souverainiste:aleatoire:1,6,2026-06-29,10.516,5,0.27
souverainiste:aleatoire:1,7,2026-07-12,10.682,4,0.17
souverainiste:aleatoire:1,8,2026-07-27,11.2,2,0.52
souverainiste:aleatoire:1,9,2026-08-12,10.707,4,-0.49
souverainiste:aleatoire:1,10,2026-08-25,10.756,4,0.05
souverainiste:aleatoire:1,11,2026-09-08,10.844,3,0.09
souverainiste:aleatoire:1,12,2026-09-27,11.8,1,0.96
souverainiste:aleatoire:1,13,2026-10-12,10.684,4,-1.12
souverainiste:aleatoire:1,14,2026-10-29,10.992,3,0.31
souverainiste:aleatoire:1,15,2026-11-14,11.236,2,0.24
souverainiste:aleatoire:1,16,2026-11-30,11.7,1,0.46
souverainiste:aleatoire:1,17,2026-12-18,11.513,1,-0.19
souverainiste:aleatoire:1,18,2027-01-02,11.715,1,0.2
souverainiste:aleatoire:1,19,2027-01-19,11.939,1,0.22
souverainiste:aleatoire:1,20,2027-02-08,14.6,1,2.66
souverainiste:aleatoire:1,21,2027-02-23,12.072,1,-2.53
souverainiste:aleatoire:1,22,2027-03-14,12.147,1,0.08
souverainiste:aleatoire:1,23,2027-03-28,12.274,1,0.13
souverainiste:aleatoire:1,24,2027-04-17,12.411,1,0.14
souverainiste:aleatoire:1,25,2027-04-18,12.479,1,0.07
souverainiste:aleatoire:2,1,2026-04-18,9.631,8,-0.97
souverainiste:aleatoire:2,2,2026-04-30,10.373,5,0.74
souverainiste:aleatoire:2,3,2026-05-18,10.601,3,0.23
souverainiste:aleatoire:2,4,2026-05-31,12,1,1.4
souverainiste:aleatoire:2,5,2026-06-18,10.853,3,-1.15
souverainiste:aleatoire:2,6,2026-07-07,10.821,3,-0.03
souverainiste:aleatoire:2,7,2026-07-25,10.849,3,0.03
souverainiste:aleatoire:2,8,2026-08-07,10.5,4,-0.35
souverainiste:aleatoire:2,9,2026-08-23,10.941,3,0.44
souverainiste:aleatoire:2,10,2026-09-04,11.126,3,0.18
souverainiste:aleatoire:2,11,2026-09-22,11.224,2,0.1
souverainiste:aleatoire:2,12,2026-10-09,11.1,2,-0.12
souverainiste:aleatoire:2,13,2026-10-21,11.716,1,0.62
souverainiste:aleatoire:2,14,2026-11-09,11.821,1,0.11
souverainiste:aleatoire:2,15,2026-11-27,11.745,1,-0.08
souverainiste:aleatoire:2,16,2026-12-11,12.7,1,0.96
souverainiste:aleatoire:2,17,2026-12-28,12.288,1,-0.41
souverainiste:aleatoire:2,18,2027-01-13,12.497,1,0.21
souverainiste:aleatoire:2,19,2027-01-31,12.635,1,0.14
souverainiste:aleatoire:2,20,2027-02-16,12.8,1,0.17
souverainiste:aleatoire:2,21,2027-03-06,13.091,1,0.29
souverainiste:aleatoire:2,22,2027-03-18,13.208,1,0.12
souverainiste:aleatoire:2,23,2027-03-31,13.374,1,0.17
souverainiste:aleatoire:2,24,2027-04-17,13.575,1,0.2
souverainiste:aleatoire:2,25,2027-04-18,13.765,1,0.19
souverainiste:aleatoire:2,26,2027-04-20,13.85,1,0.08
souverainiste:aleatoire:2,27,2027-04-22,13.603,1,-0.25
souverainiste:aleatoire:2,28,2027-04-24,15.1,1,1.5
souverainiste:aleatoire:2,29,2027-04-26,13.881,1,-1.22
souverainiste:aleatoire:2,30,2027-05-02,14.018,1,0.14
souverainiste:aleatoire:2,31,2027-05-03,14.089,1,0.07
souverainiste:ideologiquement_coherent:0,1,2026-04-18,9.647,8,1.05
souverainiste:ideologiquement_coherent:0,2,2026-05-06,9.788,8,0.14
souverainiste:ideologiquement_coherent:0,3,2026-05-20,9.954,7,0.17
souverainiste:ideologiquement_coherent:0,4,2026-06-02,14.8,1,4.85
souverainiste:ideologiquement_coherent:0,5,2026-06-16,10.191,7,-4.61
souverainiste:ideologiquement_coherent:0,6,2026-07-01,10.357,4,0.17
souverainiste:ideologiquement_coherent:0,7,2026-07-18,10.444,4,0.09
souverainiste:ideologiquement_coherent:0,8,2026-08-06,10.8,3,0.36
souverainiste:ideologiquement_coherent:0,9,2026-08-18,10.751,3,-0.05
souverainiste:ideologiquement_coherent:0,10,2026-09-05,10.85,3,0.1
souverainiste:ideologiquement_coherent:0,11,2026-09-19,10.98,3,0.13
souverainiste:ideologiquement_coherent:0,12,2026-10-06,6.9,9,-4.08
souverainiste:ideologiquement_coherent:0,13,2026-10-21,11.333,2,4.43
souverainiste:ideologiquement_coherent:0,14,2026-11-04,11.54,1,0.21
souverainiste:ideologiquement_coherent:0,15,2026-11-19,11.686,1,0.15
souverainiste:ideologiquement_coherent:0,16,2026-12-07,8.2,9,-3.49
souverainiste:ideologiquement_coherent:0,17,2026-12-26,12.085,1,3.89
souverainiste:ideologiquement_coherent:0,18,2027-01-08,12.31,1,0.22
souverainiste:ideologiquement_coherent:0,19,2027-01-21,12.352,1,0.04
souverainiste:ideologiquement_coherent:0,20,2027-02-06,8.6,9,-3.75
souverainiste:ideologiquement_coherent:0,21,2027-02-26,12.692,1,4.09
souverainiste:ideologiquement_coherent:0,22,2027-03-16,12.826,1,0.13
souverainiste:ideologiquement_coherent:0,23,2027-03-31,12.912,1,0.09
souverainiste:ideologiquement_coherent:0,24,2027-04-16,12.945,1,0.03
souverainiste:ideologiquement_coherent:0,25,2027-04-18,13.077,1,0.13
souverainiste:ideologiquement_coherent:0,26,2027-04-20,13.146,1,0.07
souverainiste:ideologiquement_coherent:0,27,2027-04-22,13.2,1,0.05
souverainiste:ideologiquement_coherent:0,28,2027-04-24,15.4,1,2.2
souverainiste:ideologiquement_coherent:0,29,2027-04-26,13.455,1,-1.95
souverainiste:ideologiquement_coherent:0,30,2027-05-02,13.336,1,-0.12
souverainiste:ideologiquement_coherent:0,31,2027-05-03,13.391,1,0.05
souverainiste:ideologiquement_coherent:1,1,2026-04-18,9.747,8,-0.95
souverainiste:ideologiquement_coherent:1,2,2026-04-30,10.012,7,0.27
souverainiste:ideologiquement_coherent:1,3,2026-05-14,10.143,7,0.13
souverainiste:ideologiquement_coherent:1,4,2026-05-30,8.9,9,-1.24
souverainiste:ideologiquement_coherent:1,5,2026-06-15,10.225,6,1.32
souverainiste:ideologiquement_coherent:1,6,2026-06-29,10.368,5,0.14
souverainiste:ideologiquement_coherent:1,7,2026-07-12,10.469,5,0.1
souverainiste:ideologiquement_coherent:1,8,2026-07-27,11.1,2,0.63
souverainiste:ideologiquement_coherent:1,9,2026-08-12,10.766,4,-0.33
souverainiste:ideologiquement_coherent:1,10,2026-08-25,10.951,3,0.19
souverainiste:ideologiquement_coherent:1,11,2026-09-08,11.161,3,0.21
souverainiste:ideologiquement_coherent:1,12,2026-09-27,12.1,1,0.94
souverainiste:ideologiquement_coherent:1,13,2026-10-12,11.548,1,-0.55
souverainiste:ideologiquement_coherent:1,14,2026-10-29,11.828,1,0.28
souverainiste:ideologiquement_coherent:1,15,2026-11-14,12.128,1,0.3
souverainiste:ideologiquement_coherent:1,16,2026-11-30,12.3,1,0.17
souverainiste:ideologiquement_coherent:1,17,2026-12-18,12.363,1,0.06
souverainiste:ideologiquement_coherent:1,18,2027-01-02,12.538,1,0.18
souverainiste:ideologiquement_coherent:1,19,2027-01-19,12.732,1,0.19
souverainiste:ideologiquement_coherent:1,20,2027-02-08,15.3,1,2.57
souverainiste:ideologiquement_coherent:1,21,2027-02-23,12.791,1,-2.51
souverainiste:ideologiquement_coherent:1,22,2027-03-14,12.85,1,0.06
souverainiste:ideologiquement_coherent:1,23,2027-03-28,13.078,1,0.23
souverainiste:ideologiquement_coherent:1,24,2027-04-17,13.177,1,0.1
souverainiste:ideologiquement_coherent:1,25,2027-04-18,13.302,1,0.13
souverainiste:ideologiquement_coherent:1,26,2027-04-20,13.427,1,0.13
souverainiste:ideologiquement_coherent:1,27,2027-04-22,13.667,1,0.24
souverainiste:ideologiquement_coherent:1,28,2027-04-24,14.4,1,0.73
souverainiste:ideologiquement_coherent:1,29,2027-04-26,13.842,1,-0.56
souverainiste:ideologiquement_coherent:1,30,2027-05-02,13.708,1,-0.13
souverainiste:ideologiquement_coherent:1,31,2027-05-03,13.708,1,0
souverainiste:ideologiquement_coherent:2,1,2026-04-18,9.62,8,-0.98
souverainiste:ideologiquement_coherent:2,2,2026-04-30,9.725,8,0.11
souverainiste:ideologiquement_coherent:2,3,2026-05-18,9.894,7,0.17
souverainiste:ideologiquement_coherent:2,4,2026-05-31,11.4,2,1.51
souverainiste:ideologiquement_coherent:2,5,2026-06-18,10.259,7,-1.14
souverainiste:ideologiquement_coherent:2,6,2026-07-07,10.533,3,0.27
souverainiste:ideologiquement_coherent:2,7,2026-07-25,10.631,3,0.1
souverainiste:ideologiquement_coherent:2,8,2026-08-07,10.3,4,-0.33
souverainiste:ideologiquement_coherent:2,9,2026-08-23,10.842,3,0.54
souverainiste:ideologiquement_coherent:2,10,2026-09-04,11.046,3,0.2
souverainiste:ideologiquement_coherent:2,11,2026-09-22,11.173,2,0.13
souverainiste:ideologiquement_coherent:2,12,2026-10-07,14.2,1,3.03
souverainiste:ideologiquement_coherent:2,13,2026-10-21,11.551,1,-2.65
souverainiste:ideologiquement_coherent:2,14,2026-11-08,11.693,1,0.14
souverainiste:ideologiquement_coherent:2,15,2026-11-21,11.702,1,0.01
souverainiste:ideologiquement_coherent:2,16,2026-12-07,11.4,2,-0.3
souverainiste:ideologiquement_coherent:2,17,2026-12-21,12.042,1,0.64
souverainiste:ideologiquement_coherent:2,18,2027-01-04,12.133,1,0.09
souverainiste:ideologiquement_coherent:2,19,2027-01-18,12.16,1,0.03
souverainiste:ideologiquement_coherent:2,20,2027-02-08,8.8,9,-3.36
souverainiste:ideologiquement_coherent:2,21,2027-02-25,12.551,1,3.75
souverainiste:ideologiquement_coherent:2,22,2027-03-11,12.637,1,0.09
souverainiste:ideologiquement_coherent:2,23,2027-03-27,12.671,1,0.03
souverainiste:ideologiquement_coherent:2,24,2027-04-17,12.836,1,0.17
souverainiste:ideologiquement_coherent:2,25,2027-04-18,12.999,1,0.16
souverainiste:risque:0,1,2026-04-18,9.647,8,1.05
souverainiste:risque:0,2,2026-05-06,9.463,8,-0.18
souverainiste:risque:0,3,2026-05-20,9.617,8,0.15
souverainiste:risque:0,4,2026-06-02,14.5,1,4.88
souverainiste:risque:0,5,2026-06-16,9.55,8,-4.95
souverainiste:risque:0,6,2026-07-01,9.241,9,-0.31
souverainiste:risque:0,7,2026-07-18,9.05,9,-0.19
souverainiste:risque:0,8,2026-08-06,9.7,8,0.65
souverainiste:risque:0,9,2026-08-18,9.221,9,-0.48
souverainiste:risque:0,10,2026-09-05,9.366,9,0.14
souverainiste:risque:0,11,2026-09-19,9.559,8,0.19
souverainiste:risque:0,12,2026-10-06,5.7,10,-3.86
souverainiste:risque:0,13,2026-10-21,9.986,7,4.29
souverainiste:risque:0,14,2026-11-04,10.306,5,0.32
souverainiste:risque:0,15,2026-11-19,10.248,6,-0.06
souverainiste:risque:0,16,2026-12-07,6.7,9,-3.55
souverainiste:risque:0,17,2026-12-26,10.375,4,3.67
souverainiste:risque:0,18,2027-01-08,10.482,4,0.11
souverainiste:risque:0,19,2027-01-21,10.643,4,0.16
souverainiste:risque:0,20,2027-02-06,7,9,-3.64
souverainiste:risque:0,21,2027-02-26,11.061,3,4.06
souverainiste:risque:0,22,2027-03-16,11.345,3,0.28
souverainiste:risque:0,23,2027-03-31,11.483,3,0.14
souverainiste:risque:0,24,2027-04-16,11.537,3,0.05
souverainiste:risque:0,25,2027-04-18,11.911,1,0.37
souverainiste:risque:0,26,2027-04-20,12.087,1,0.18
souverainiste:risque:0,27,2027-04-22,12.807,1,0.72
souverainiste:risque:0,28,2027-04-24,14.8,1,1.99
souverainiste:risque:0,29,2027-04-26,13.34,1,-1.46
souverainiste:risque:0,30,2027-05-02,13.285,1,-0.05
souverainiste:risque:0,31,2027-05-03,13.417,1,0.13
souverainiste:risque:1,1,2026-04-18,9.747,8,-0.95
souverainiste:risque:1,2,2026-04-30,10.069,7,0.32
souverainiste:risque:1,3,2026-05-14,10.219,7,0.15
souverainiste:risque:1,4,2026-05-30,9,9,-1.22
souverainiste:risque:1,5,2026-06-15,10.244,6,1.24
souverainiste:risque:1,6,2026-06-29,10.497,5,0.25
souverainiste:risque:1,7,2026-07-12,10.632,4,0.13
souverainiste:risque:1,8,2026-07-27,11,3,0.37
souverainiste:risque:1,9,2026-08-12,10.483,5,-0.52
souverainiste:risque:1,10,2026-08-25,10.627,4,0.14
souverainiste:risque:1,11,2026-09-08,10.852,3,0.22
souverainiste:risque:1,12,2026-09-27,11.8,1,0.95
souverainiste:risque:1,13,2026-10-12,11.193,3,-0.61
souverainiste:risque:1,14,2026-10-29,11.601,1,0.41
souverainiste:risque:1,15,2026-11-14,11.739,1,0.14
souverainiste:risque:1,16,2026-11-30,12,1,0.26
souverainiste:risque:1,17,2026-12-18,11.982,1,-0.02
souverainiste:risque:1,18,2027-01-02,12.131,1,0.15
souverainiste:risque:1,19,2027-01-19,12.109,1,-0.02
souverainiste:risque:1,20,2027-02-08,14.8,1,2.69
souverainiste:risque:1,21,2027-02-23,11.487,1,-3.31
souverainiste:risque:1,22,2027-03-13,11.243,1,-0.24
souverainiste:risque:1,23,2027-04-01,11.245,1,0
souverainiste:risque:1,24,2027-04-17,11.217,1,-0.03
souverainiste:risque:1,25,2027-04-18,11.327,1,0.11
souverainiste:risque:1,26,2027-04-20,11.393,1,0.07
souverainiste:risque:1,27,2027-04-22,11.549,1,0.16
souverainiste:risque:1,28,2027-04-24,12.9,1,1.35
souverainiste:risque:1,29,2027-04-26,11.576,1,-1.32
souverainiste:risque:2,1,2026-04-18,9.631,8,-0.97
souverainiste:risque:2,2,2026-04-30,10.373,5,0.74
souverainiste:risque:2,3,2026-05-18,10.601,3,0.23
souverainiste:risque:2,4,2026-05-31,12,1,1.4
souverainiste:risque:2,5,2026-06-18,10.834,3,-1.17
souverainiste:risque:2,6,2026-07-07,11.056,3,0.22
souverainiste:risque:2,7,2026-07-25,11.136,3,0.08
souverainiste:risque:2,8,2026-08-07,10.8,3,-0.34
souverainiste:risque:2,9,2026-08-23,11.248,2,0.45
souverainiste:risque:2,10,2026-09-04,11.418,2,0.17
souverainiste:risque:2,11,2026-09-22,11.51,1,0.09
souverainiste:risque:2,12,2026-10-09,11.4,1,-0.11
souverainiste:risque:2,13,2026-10-21,11.928,1,0.53
souverainiste:risque:2,14,2026-11-09,12.049,1,0.12
souverainiste:risque:2,15,2026-11-27,12.312,1,0.26
souverainiste:risque:2,16,2026-12-11,13.2,1,0.89
souverainiste:risque:2,17,2026-12-28,12.892,1,-0.31
souverainiste:risque:2,18,2027-01-13,13.089,1,0.2
souverainiste:risque:2,19,2027-01-31,13.11,1,0.02
souverainiste:risque:2,20,2027-02-16,13.2,1,0.09
souverainiste:risque:2,21,2027-03-06,12.962,1,-0.24
souverainiste:risque:2,22,2027-03-18,12.937,1,-0.03
souverainiste:risque:2,23,2027-03-31,13.292,1,0.36
souverainiste:risque:2,24,2027-04-17,13.642,1,0.35
souverainiste:risque:2,25,2027-04-18,13.846,1,0.2
souverainiste:risque:2,26,2027-04-20,14.461,1,0.62
souverainiste:risque:2,27,2027-04-22,14.573,1,0.11
souverainiste:risque:2,28,2027-04-24,12.8,1,-1.77
souverainiste:risque:2,29,2027-04-26,15.133,1,2.33
souverainiste:risque:2,30,2027-05-02,15.168,1,0.04
souverainiste:risque:2,31,2027-05-03,15.214,1,0.05
ecologistes:contrarien:1055,1,2026-04-18,10.817,8,-2.58
ecologistes:contrarien:1055,2,2026-04-30,10.992,7,0.18
ecologistes:contrarien:1055,3,2026-05-13,11.035,7,0.04
ecologistes:contrarien:1055,4,2026-05-26,10.8,7,-0.23
ecologistes:contrarien:1055,5,2026-06-10,11.141,7,0.34
ecologistes:contrarien:1055,6,2026-06-26,11.201,7,0.06
ecologistes:contrarien:1055,7,2026-07-12,11.236,6,0.04
ecologistes:contrarien:1055,8,2026-07-25,9.9,8,-1.34
ecologistes:contrarien:1055,9,2026-08-13,10.516,8,0.62
ecologistes:contrarien:1055,10,2026-08-30,10.457,8,-0.06
ecologistes:contrarien:1055,11,2026-09-14,10.61,8,0.15
ecologistes:contrarien:1055,12,2026-10-01,9.2,8,-1.41
ecologistes:contrarien:1055,13,2026-10-15,10.901,8,1.7
ecologistes:contrarien:1055,14,2026-10-30,10.154,8,-0.75
ecologistes:contrarien:1055,15,2026-11-14,9.842,8,-0.31
ecologistes:contrarien:1055,16,2026-12-02,11,8,1.16
ecologistes:contrarien:1055,17,2026-12-18,9.601,8,-1.4
ecologistes:contrarien:1055,18,2027-01-03,9.602,8,0
ecologistes:contrarien:1055,19,2027-01-23,9.621,8,0.02
ecologistes:contrarien:1055,20,2027-02-08,8.1,8,-1.52
ecologistes:contrarien:1055,21,2027-02-27,9.673,8,1.57
ecologistes:contrarien:1055,22,2027-03-16,9.263,8,-0.41
ecologistes:contrarien:1055,23,2027-03-31,9.107,8,-0.16
ecologistes:contrarien:1055,24,2027-04-17,9.175,8,0.07
ecologistes:contrarien:1055,25,2027-04-18,9.185,8,0.01
ps:contrarien:1063,1,2026-04-18,11.483,5,-2.32
ps:contrarien:1063,2,2026-04-30,11.705,4,0.22
ps:contrarien:1063,3,2026-05-18,11.878,4,0.17
ps:contrarien:1063,4,2026-06-05,15,1,3.12
ps:contrarien:1063,5,2026-06-21,12.039,3,-2.96
ps:contrarien:1063,6,2026-07-07,11.259,6,-0.78
ps:contrarien:1063,7,2026-07-24,10.849,7,-0.41
ps:contrarien:1063,8,2026-08-10,12.7,3,1.85
ps:contrarien:1063,9,2026-08-28,11.193,6,-1.51
ps:contrarien:1063,10,2026-09-15,11.215,6,0.02
ps:contrarien:1063,11,2026-10-03,11.132,6,-0.08
ps:contrarien:1063,12,2026-10-20,11.1,6,-0.03
ps:contrarien:1063,13,2026-11-02,10.844,7,-0.26
ps:contrarien:1063,14,2026-11-15,10.205,8,-0.64
ps:contrarien:1063,15,2026-12-02,10.124,8,-0.08
ps:contrarien:1063,16,2026-12-18,7.6,8,-2.52
ps:contrarien:1063,17,2027-01-05,10.025,8,2.43
ps:contrarien:1063,18,2027-01-20,9.975,8,-0.05
ps:contrarien:1063,19,2027-02-03,9.975,8,0
ps:contrarien:1063,20,2027-02-20,11.8,4,1.83
ps:contrarien:1063,21,2027-03-07,10.14,8,-1.66
ps:contrarien:1063,22,2027-03-19,9.433,8,-0.71
ps:contrarien:1063,23,2027-04-02,9.059,8,-0.37
ps:contrarien:1063,24,2027-04-17,8.783,8,-0.28
ps:contrarien:1063,25,2027-04-18,8.949,8,0.17
