runKey,seedPartyId,agent,withdrawals,ecologistesWithdrew,ecologistesMinViability,ecologistesMinViabilityDecisionIndex,ecologistesMaxPolling,ecologistesFinalPolling
lfi:aleatoire:0,lfi,aleatoire,0,false,0.22,24,8.93,0
lfi:aleatoire:1,lfi,aleatoire,0,false,16.85,24,9.25,0
lfi:aleatoire:2,lfi,aleatoire,0,false,9.77,24,8.97,0
lfi:aleatoire:3,lfi,aleatoire,0,false,9.77,24,9.25,0
lfi:aleatoire:4,lfi,aleatoire,1,false,9.39,24,8.85,0
lfi:aleatoire:5,lfi,aleatoire,0,false,16.06,24,8.94,0
lfi:aleatoire:6,lfi,aleatoire,0,false,10.39,24,9.71,0
lfi:aleatoire:7,lfi,aleatoire,0,false,16.01,24,8.84,0
lfi:aleatoire:8,lfi,aleatoire,0,false,0.41,24,9.97,0
lfi:aleatoire:9,lfi,aleatoire,0,false,16.08,24,9.23,0
lfi:aleatoire:10,lfi,aleatoire,0,false,11.51,25,8.93,0
lfi:aleatoire:11,lfi,aleatoire,0,false,14.84,24,9.86,0
lfi:aleatoire:12,lfi,aleatoire,0,false,10.96,26,10.08,0
lfi:aleatoire:13,lfi,aleatoire,0,false,-0.23,24,9,0
lfi:aleatoire:14,lfi,aleatoire,0,false,9.09,24,9.37,0
lfi:aleatoire:15,lfi,aleatoire,0,false,9.66,26,8.88,0
lfi:aleatoire:16,lfi,aleatoire,0,false,7.09,26,9.39,0
lfi:aleatoire:17,lfi,aleatoire,0,false,9.65,24,8.95,0
lfi:aleatoire:18,lfi,aleatoire,0,false,9.41,24,8.91,0
lfi:aleatoire:19,lfi,aleatoire,0,false,10.2,24,8.98,0
lfi:aleatoire:20,lfi,aleatoire,1,false,9.65,24,8.94,0
lfi:aleatoire:21,lfi,aleatoire,1,false,9.85,24,9.07,0
lfi:aleatoire:22,lfi,aleatoire,0,false,15.36,25,9.03,0
lfi:aleatoire:23,lfi,aleatoire,1,false,0.8,24,10.59,0
lfi:aleatoire:24,lfi,aleatoire,0,false,9.94,24,8.91,0
lfi:aleatoire:25,lfi,aleatoire,0,false,16.57,24,9.17,0
lfi:aleatoire:26,lfi,aleatoire,0,false,10.11,24,9.19,0
lfi:aleatoire:27,lfi,aleatoire,0,false,16.09,24,9.21,0
lfi:aleatoire:28,lfi,aleatoire,0,false,9.46,24,9.09,0
lfi:aleatoire:29,lfi,aleatoire,1,false,14.15,24,9.72,0
lfi:aleatoire:30,lfi,aleatoire,0,false,8.78,24,9.3,0
lfi:aleatoire:31,lfi,aleatoire,1,false,15.15,25,8.99,0
lfi:aleatoire:32,lfi,aleatoire,0,false,8.46,24,8.91,0
lfi:aleatoire:33,lfi,aleatoire,0,false,10.11,24,10.36,0
lfi:aleatoire:34,lfi,aleatoire,0,false,8.33,24,9,0
lfi:aleatoire:35,lfi,aleatoire,1,false,15.9,24,9.12,0
lfi:aleatoire:36,lfi,aleatoire,0,false,10.51,27,8.98,0
lfi:aleatoire:37,lfi,aleatoire,0,false,10.89,24,9.6,0
lfi:aleatoire:38,lfi,aleatoire,0,false,11.52,24,8.91,0
lfi:aleatoire:39,lfi,aleatoire,0,false,10.01,25,9.16,0
lfi:aleatoire:40,lfi,aleatoire,1,false,10.1,24,8.85,0
lfi:aleatoire:41,lfi,aleatoire,1,false,14.91,24,8.96,0
lfi:aleatoire:42,lfi,aleatoire,1,false,10.83,24,9.03,0
lfi:aleatoire:43,lfi,aleatoire,0,false,9.23,24,8.97,0
lfi:aleatoire:44,lfi,aleatoire,1,false,9.13,24,8.92,0
lfi:aleatoire:45,lfi,aleatoire,0,false,9.45,24,9.05,0
lfi:aleatoire:46,lfi,aleatoire,1,false,15.73,25,8.95,0
lfi:aleatoire:47,lfi,aleatoire,1,false,15.58,24,9.1,0
lfi:aleatoire:48,lfi,aleatoire,0,false,15.11,24,9.13,0
lfi:aleatoire:49,lfi,aleatoire,1,false,15.51,24,8.88,0
lfi:aleatoire:50,lfi,aleatoire,0,false,15.12,25,9.16,0
lfi:aleatoire:51,lfi,aleatoire,0,false,15.49,24,8.93,0
lfi:aleatoire:52,lfi,aleatoire,0,false,10.32,26,9.03,0
lfi:aleatoire:53,lfi,aleatoire,0,false,-0.09,24,9.16,0
lfi:aleatoire:54,lfi,aleatoire,0,false,15.07,24,9.03,0
lfi:aleatoire:55,lfi,aleatoire,0,false,9.73,25,8.94,0
lfi:aleatoire:56,lfi,aleatoire,0,false,8.95,24,8.99,0
lfi:aleatoire:57,lfi,aleatoire,0,false,8.86,26,9.64,0
lfi:aleatoire:58,lfi,aleatoire,1,false,9.07,24,10.88,0
lfi:aleatoire:59,lfi,aleatoire,0,false,9.85,24,9.27,0
lfi:aleatoire:60,lfi,aleatoire,0,false,15.51,26,8.95,0
lfi:aleatoire:61,lfi,aleatoire,0,false,10.46,25,8.89,0
lfi:aleatoire:62,lfi,aleatoire,0,false,14.88,24,9.01,0
lfi:aleatoire:63,lfi,aleatoire,0,false,10.34,24,8.91,0
lfi:aleatoire:64,lfi,aleatoire,0,false,16.22,25,8.94,0
lfi:aleatoire:65,lfi,aleatoire,0,false,9.99,24,9.04,0
lfi:aleatoire:66,lfi,aleatoire,0,false,11.22,24,9.04,0
lfi:aleatoire:67,lfi,aleatoire,0,false,9.72,24,8.88,0
lfi:aleatoire:68,lfi,aleatoire,1,false,9.8,24,8.93,0
lfi:aleatoire:69,lfi,aleatoire,1,false,14.91,26,9.03,0
lfi:aleatoire:70,lfi,aleatoire,0,false,11.49,24,9.08,0
lfi:aleatoire:71,lfi,aleatoire,1,false,10.47,24,9.03,0
lfi:aleatoire:72,lfi,aleatoire,0,false,9.63,24,9.03,0
lfi:aleatoire:73,lfi,aleatoire,0,false,9.27,24,9.15,0
lfi:aleatoire:74,lfi,aleatoire,0,false,15.05,29,9.08,0
lfi:aleatoire:75,lfi,aleatoire,0,false,16.32,24,8.98,0
lfi:aleatoire:76,lfi,aleatoire,0,false,5.62,24,9,0
lfi:aleatoire:77,lfi,aleatoire,0,false,17.58,26,9.06,0
lfi:aleatoire:78,lfi,aleatoire,1,false,9.1,24,10.06,0
lfi:aleatoire:79,lfi,aleatoire,0,false,9.57,26,8.97,0
lfi:aleatoire:80,lfi,aleatoire,0,false,9.26,26,9.09,0
lfi:aleatoire:81,lfi,aleatoire,1,false,0.95,24,11.23,0
lfi:aleatoire:82,lfi,aleatoire,1,false,10.82,24,10.58,0
lfi:aleatoire:83,lfi,aleatoire,0,false,16.54,24,9.01,0
lfi:aleatoire:84,lfi,aleatoire,0,false,0.27,24,8.9,0
lfi:aleatoire:85,lfi,aleatoire,0,false,15.95,24,9.01,0
lfi:aleatoire:86,lfi,aleatoire,1,false,9.17,24,9.13,0
lfi:aleatoire:87,lfi,aleatoire,0,false,9.62,24,9.23,0
lfi:aleatoire:88,lfi,aleatoire,0,false,15.2,25,9.09,0
lfi:aleatoire:89,lfi,aleatoire,0,false,9.36,24,9.11,0
lfi:aleatoire:90,lfi,aleatoire,0,false,14.99,26,9.08,0
lfi:aleatoire:91,lfi,aleatoire,0,false,9.1,24,8.94,0
lfi:aleatoire:92,lfi,aleatoire,0,false,14.36,28,8.93,0
lfi:aleatoire:93,lfi,aleatoire,0,false,14.6,25,8.95,0
lfi:aleatoire:94,lfi,aleatoire,1,false,10.13,24,9.01,0
lfi:aleatoire:95,lfi,aleatoire,0,false,9.04,25,8.96,0
lfi:aleatoire:96,lfi,aleatoire,0,false,9.39,24,9.54,0
lfi:aleatoire:97,lfi,aleatoire,1,false,12.28,24,9.73,0
lfi:aleatoire:98,lfi,aleatoire,1,false,15.54,24,9.31,0
lfi:aleatoire:99,lfi,aleatoire,1,false,10.3,25,9.79,0
lfi:aleatoire:100,lfi,aleatoire,1,false,9.5,24,9.34,0
lfi:aleatoire:101,lfi,aleatoire,0,false,9.46,26,9.13,0
lfi:aleatoire:102,lfi,aleatoire,0,false,-0.15,24,8.91,0
lfi:aleatoire:103,lfi,aleatoire,0,false,8.96,24,9.85,0
lfi:aleatoire:104,lfi,aleatoire,0,false,10.33,29,8.92,0
lfi:aleatoire:105,lfi,aleatoire,1,false,7.68,29,9.01,0
lfi:aleatoire:106,lfi,aleatoire,1,false,19.63,13,31.18,27.75
lfi:aleatoire:107,lfi,aleatoire,0,false,10.24,24,8.84,0
lfi:aleatoire:108,lfi,aleatoire,0,false,15.22,24,9.2,0
lfi:aleatoire:109,lfi,aleatoire,0,false,17.35,24,9.07,0
lfi:aleatoire:110,lfi,aleatoire,0,false,8,24,8.97,0
lfi:aleatoire:111,lfi,aleatoire,0,false,0.03,24,8.92,0
lfi:aleatoire:112,lfi,aleatoire,1,false,10.47,24,9,0
lfi:aleatoire:113,lfi,aleatoire,0,false,9,24,9.5,0
lfi:aleatoire:114,lfi,aleatoire,0,false,14.86,24,8.88,0
lfi:aleatoire:115,lfi,aleatoire,0,false,18.04,24,9.1,0
lfi:aleatoire:116,lfi,aleatoire,0,false,9.77,24,8.99,0
lfi:aleatoire:117,lfi,aleatoire,0,false,8.93,30,9.03,0
lfi:aleatoire:118,lfi,aleatoire,0,false,9.44,24,8.99,0
lfi:aleatoire:119,lfi,aleatoire,1,false,0.35,24,9.88,0
lfi:aleatoire:120,lfi,aleatoire,0,false,9.67,24,9.04,0
lfi:aleatoire:121,lfi,aleatoire,0,false,10.7,24,9.04,0
lfi:aleatoire:122,lfi,aleatoire,0,false,-0.61,24,8.99,0
lfi:aleatoire:123,lfi,aleatoire,0,false,9.81,24,9,0
lfi:aleatoire:124,lfi,aleatoire,1,false,15.99,24,9,0
lfi:aleatoire:125,lfi,aleatoire,0,false,17.13,24,8.97,0
lfi:aleatoire:126,lfi,aleatoire,0,false,8.28,24,9.79,0
lfi:aleatoire:127,lfi,aleatoire,0,false,16.03,25,9.09,0
lfi:aleatoire:128,lfi,aleatoire,0,false,11.37,26,8.93,0
lfi:aleatoire:129,lfi,aleatoire,1,false,9.31,24,9.2,0
lfi:aleatoire:130,lfi,aleatoire,1,false,14.27,24,9.87,0
lfi:aleatoire:131,lfi,aleatoire,0,false,8.81,24,9.05,0
lfi:aleatoire:132,lfi,aleatoire,1,false,17.39,28,8.99,0
lfi:aleatoire:133,lfi,aleatoire,0,false,10,24,9.08,0
lfi:aleatoire:134,lfi,aleatoire,0,false,15.47,24,9.26,0
lfi:aleatoire:135,lfi,aleatoire,0,false,10.05,24,10.22,0
lfi:aleatoire:136,lfi,aleatoire,0,false,11.34,24,9.06,0
lfi:aleatoire:137,lfi,aleatoire,0,false,10.04,24,9.71,0
lfi:aleatoire:138,lfi,aleatoire,0,false,9.76,24,8.9,0
lfi:aleatoire:139,lfi,aleatoire,1,false,9.15,24,9.37,0
lfi:aleatoire:140,lfi,aleatoire,1,false,15.55,24,9.09,0
lfi:aleatoire:141,lfi,aleatoire,0,false,14.66,24,9.11,0
lfi:aleatoire:142,lfi,aleatoire,0,false,9.86,24,8.91,0
lfi:aleatoire:143,lfi,aleatoire,0,false,16.06,28,9.37,0
lfi:aleatoire:144,lfi,aleatoire,0,false,11.28,24,9.09,0
lfi:aleatoire:145,lfi,aleatoire,0,false,9.72,24,9.24,0
lfi:aleatoire:146,lfi,aleatoire,0,false,9.59,24,9.06,0
lfi:aleatoire:147,lfi,aleatoire,1,false,17.77,24,8.94,0
lfi:aleatoire:148,lfi,aleatoire,1,false,11.04,25,9.5,0
lfi:aleatoire:149,lfi,aleatoire,0,false,9.15,24,10.33,0
lfi:prudent:0,lfi,prudent,0,false,16.84,24,9.01,0
lfi:prudent:1,lfi,prudent,0,false,10.47,24,8.99,0
lfi:prudent:2,lfi,prudent,0,false,16.42,24,8.88,0
lfi:prudent:3,lfi,prudent,1,false,9.3,24,9.07,0
lfi:prudent:4,lfi,prudent,0,false,9.98,24,9.01,0
lfi:prudent:5,lfi,prudent,0,false,9.94,24,9.03,0
lfi:prudent:6,lfi,prudent,0,false,0.22,24,9.13,0
lfi:prudent:7,lfi,prudent,0,false,10.06,24,9.08,0
lfi:prudent:8,lfi,prudent,0,false,10.15,24,8.92,0
lfi:prudent:9,lfi,prudent,1,false,15.4,24,9.04,0
lfi:prudent:10,lfi,prudent,0,false,13.1,30,9.21,0
lfi:prudent:11,lfi,prudent,0,false,15.54,24,9.03,0
lfi:prudent:12,lfi,prudent,0,false,12.59,30,8.91,0
lfi:prudent:13,lfi,prudent,1,false,9.48,24,8.93,0
lfi:prudent:14,lfi,prudent,0,false,7.58,27,9,0
lfi:prudent:15,lfi,prudent,0,false,10.69,24,9.04,0
lfi:prudent:16,lfi,prudent,0,false,10.26,24,8.98,0
lfi:prudent:17,lfi,prudent,1,false,10.13,24,9.05,0
lfi:prudent:18,lfi,prudent,0,false,10.83,24,9.02,0
lfi:prudent:19,lfi,prudent,1,false,16.16,24,9.4,0
lfi:prudent:20,lfi,prudent,0,false,10.16,24,9.54,0
lfi:prudent:21,lfi,prudent,1,false,9,24,8.93,0
lfi:prudent:22,lfi,prudent,0,false,11.24,26,8.9,0
lfi:prudent:23,lfi,prudent,0,false,11.03,24,8.98,0
lfi:prudent:24,lfi,prudent,0,false,10.56,24,8.97,0
lfi:prudent:25,lfi,prudent,0,false,9.42,24,9.04,0
lfi:prudent:26,lfi,prudent,0,false,10.53,24,8.95,0
lfi:prudent:27,lfi,prudent,0,false,10.52,24,9.01,0
lfi:prudent:28,lfi,prudent,1,false,10.18,24,8.89,0
lfi:prudent:29,lfi,prudent,1,false,10.14,24,9.06,0
lfi:prudent:30,lfi,prudent,0,false,10.06,24,9.04,0
lfi:prudent:31,lfi,prudent,0,false,9.92,24,9.05,0
lfi:prudent:32,lfi,prudent,0,false,15.96,24,9.15,0
lfi:prudent:33,lfi,prudent,1,false,11.01,24,9.09,0
lfi:prudent:34,lfi,prudent,0,false,10.84,24,8.89,0
lfi:prudent:35,lfi,prudent,0,false,11.26,24,9.09,0
lfi:prudent:36,lfi,prudent,1,false,16.75,24,9.06,0
lfi:prudent:37,lfi,prudent,0,false,11.29,24,8.95,0
lfi:prudent:38,lfi,prudent,0,false,9.83,24,8.89,0
lfi:prudent:39,lfi,prudent,0,false,11.07,24,9.35,0
lfi:prudent:40,lfi,prudent,0,false,12.45,24,9.04,0
lfi:prudent:41,lfi,prudent,0,false,11.87,24,8.99,0
lfi:prudent:42,lfi,prudent,0,false,15.51,24,9.29,0
lfi:prudent:43,lfi,prudent,0,false,15.43,24,9.07,0
lfi:prudent:44,lfi,prudent,0,false,11.08,24,8.96,0
lfi:prudent:45,lfi,prudent,1,false,10.32,24,9.07,0
lfi:prudent:46,lfi,prudent,0,false,11.11,24,8.95,0
lfi:prudent:47,lfi,prudent,1,false,10.18,28,8.86,0
lfi:prudent:48,lfi,prudent,1,false,10.55,24,9.47,0
lfi:prudent:49,lfi,prudent,0,false,10.33,24,9.03,0
lfi:prudent:50,lfi,prudent,0,false,18.33,24,8.96,0
lfi:prudent:51,lfi,prudent,0,false,15.88,25,9.03,0
lfi:prudent:52,lfi,prudent,1,false,8.76,24,8.92,0
lfi:prudent:53,lfi,prudent,0,false,10.33,24,8.98,0
lfi:prudent:54,lfi,prudent,0,false,16.86,24,8.94,0
lfi:prudent:55,lfi,prudent,0,false,9.75,24,9.2,0
lfi:prudent:56,lfi,prudent,0,false,10.66,24,9.09,0
lfi:prudent:57,lfi,prudent,1,false,10.26,24,8.87,0
lfi:prudent:58,lfi,prudent,0,false,10.46,24,8.93,0
lfi:prudent:59,lfi,prudent,0,false,13.37,24,9.46,0
lfi:prudent:60,lfi,prudent,1,false,10.05,24,9.06,0
lfi:prudent:61,lfi,prudent,0,false,9.38,24,8.94,0
lfi:prudent:62,lfi,prudent,0,false,11.36,24,9.16,0
lfi:prudent:63,lfi,prudent,0,false,16.07,24,8.96,0
lfi:prudent:64,lfi,prudent,1,false,9.92,24,8.82,0
lfi:prudent:65,lfi,prudent,0,false,10.35,24,8.92,0
lfi:prudent:66,lfi,prudent,1,false,10.36,25,9.03,0
lfi:prudent:67,lfi,prudent,0,false,11.75,24,9.1,0
lfi:prudent:68,lfi,prudent,0,false,8.78,24,8.98,0
lfi:prudent:69,lfi,prudent,0,false,9.52,24,8.98,0
lfi:prudent:70,lfi,prudent,0,false,16.62,24,8.88,0
lfi:prudent:71,lfi,prudent,0,false,15.89,24,9.06,0
lfi:prudent:72,lfi,prudent,1,false,9.87,24,9.97,0
lfi:prudent:73,lfi,prudent,0,false,16.86,24,9,0
lfi:prudent:74,lfi,prudent,0,false,10.21,24,8.92,0
lfi:prudent:75,lfi,prudent,1,false,10.53,24,9.09,0
lfi:prudent:76,lfi,prudent,0,false,9.77,24,8.95,0
lfi:prudent:77,lfi,prudent,0,false,10.62,24,9.12,0
lfi:prudent:78,lfi,prudent,0,false,10.95,24,9.1,0
lfi:prudent:79,lfi,prudent,0,false,11.49,24,9.27,0
lfi:prudent:80,lfi,prudent,0,false,10.35,25,9.02,0
lfi:prudent:81,lfi,prudent,0,false,9.42,24,8.89,0
lfi:prudent:82,lfi,prudent,0,false,10.43,24,8.96,0
lfi:prudent:83,lfi,prudent,0,false,9.86,24,9.4,0
lfi:prudent:84,lfi,prudent,0,false,11.28,24,9,0
lfi:prudent:85,lfi,prudent,2,false,11.73,29,8.86,0
lfi:prudent:86,lfi,prudent,1,false,15.59,24,9.12,0
lfi:prudent:87,lfi,prudent,0,false,10.43,24,9.07,0
lfi:prudent:88,lfi,prudent,0,false,10.82,24,8.97,0
lfi:prudent:89,lfi,prudent,0,false,10.57,24,9.52,0
lfi:prudent:90,lfi,prudent,0,false,9.39,24,8.93,0
lfi:prudent:91,lfi,prudent,1,false,17.87,24,8.99,0
lfi:prudent:92,lfi,prudent,0,false,16.67,24,9.16,0
lfi:prudent:93,lfi,prudent,0,false,12.3,24,9,0
lfi:prudent:94,lfi,prudent,0,false,9.14,24,8.96,0
lfi:prudent:95,lfi,prudent,0,false,11.85,24,9.11,0
lfi:prudent:96,lfi,prudent,0,false,9.26,24,8.97,0
lfi:prudent:97,lfi,prudent,0,false,11.07,24,8.96,0
lfi:prudent:98,lfi,prudent,0,false,15.97,24,9.09,0
lfi:prudent:99,lfi,prudent,0,false,10.85,24,8.9,0
lfi:prudent:100,lfi,prudent,0,false,9.5,24,9.05,0
lfi:prudent:101,lfi,prudent,0,false,9.91,24,8.92,0
lfi:prudent:102,lfi,prudent,0,false,16.81,24,8.91,0
lfi:prudent:103,lfi,prudent,0,false,11.32,24,9.44,0
lfi:prudent:104,lfi,prudent,0,false,15.59,24,9.04,0
lfi:prudent:105,lfi,prudent,0,false,9.73,24,8.99,0
lfi:prudent:106,lfi,prudent,2,false,11.27,24,9.23,0
lfi:prudent:107,lfi,prudent,0,false,10.49,24,8.91,0
lfi:prudent:108,lfi,prudent,0,false,10.34,24,8.99,0
lfi:prudent:109,lfi,prudent,0,false,10.46,24,8.95,0
lfi:prudent:110,lfi,prudent,1,false,10.7,24,9.05,0
lfi:prudent:111,lfi,prudent,0,false,10.17,24,8.97,0
lfi:prudent:112,lfi,prudent,0,false,11.46,24,8.98,0
lfi:prudent:113,lfi,prudent,1,false,15.38,24,8.97,0
lfi:prudent:114,lfi,prudent,0,false,9.89,24,8.98,0
lfi:prudent:115,lfi,prudent,0,false,10,24,9.47,0
lfi:prudent:116,lfi,prudent,0,false,10.43,24,9.11,0
lfi:prudent:117,lfi,prudent,0,false,10.17,24,9.22,0
lfi:prudent:118,lfi,prudent,0,false,10.42,24,9.55,0
lfi:prudent:119,lfi,prudent,1,false,9.66,24,9.52,0
lfi:prudent:120,lfi,prudent,0,false,7.07,30,8.99,0
lfi:prudent:121,lfi,prudent,0,false,10.73,24,9.4,0
lfi:prudent:122,lfi,prudent,0,false,16.56,24,8.78,0
lfi:prudent:123,lfi,prudent,0,false,9.52,24,8.91,0
lfi:prudent:124,lfi,prudent,1,false,11.25,24,9.12,0
lfi:prudent:125,lfi,prudent,1,false,18.2,26,9.11,0
lfi:prudent:126,lfi,prudent,1,false,9.55,24,8.88,0
lfi:prudent:127,lfi,prudent,0,false,10.38,24,9.02,0
lfi:prudent:128,lfi,prudent,0,false,9.96,24,8.97,0
lfi:prudent:129,lfi,prudent,0,false,10.53,24,8.95,0
lfi:prudent:130,lfi,prudent,0,false,16.87,24,8.96,0
lfi:prudent:131,lfi,prudent,0,false,10.76,24,9.03,0
lfi:prudent:132,lfi,prudent,1,false,11.19,24,9.24,0
lfi:prudent:133,lfi,prudent,0,false,9.24,24,8.93,0
lfi:prudent:134,lfi,prudent,1,false,9.96,24,8.97,0
lfi:prudent:135,lfi,prudent,1,false,9.31,24,9.03,0
lfi:prudent:136,lfi,prudent,0,false,9.99,24,8.86,0
lfi:prudent:137,lfi,prudent,1,false,15.64,24,9.29,0
lfi:prudent:138,lfi,prudent,0,false,16.51,24,9.54,0
lfi:prudent:139,lfi,prudent,1,false,15.96,24,9.2,0
lfi:prudent:140,lfi,prudent,0,false,9.9,24,9.03,0
lfi:prudent:141,lfi,prudent,0,false,10.12,24,8.9,0
lfi:prudent:142,lfi,prudent,0,false,16.16,24,8.94,0
lfi:prudent:143,lfi,prudent,0,false,9.96,24,8.96,0
lfi:prudent:144,lfi,prudent,0,false,15.94,24,8.92,0
lfi:prudent:145,lfi,prudent,1,false,9.92,24,8.89,0
lfi:prudent:146,lfi,prudent,1,false,10.02,24,8.85,0
lfi:prudent:147,lfi,prudent,0,false,10.51,24,9.51,0
lfi:prudent:148,lfi,prudent,1,false,15.79,24,8.99,0
lfi:prudent:149,lfi,prudent,1,false,10.38,24,8.89,0
lfi:risque:0,lfi,risque,0,false,9.82,24,8.94,0
lfi:risque:1,lfi,risque,1,false,9.88,24,9.01,0
lfi:risque:2,lfi,risque,0,false,10.71,24,9.02,0
lfi:risque:3,lfi,risque,0,false,16.22,24,9.55,0
lfi:risque:4,lfi,risque,0,false,10.62,24,9.48,0
lfi:risque:5,lfi,risque,0,false,9.84,24,8.98,0
lfi:risque:6,lfi,risque,0,false,9.67,24,8.96,0
lfi:risque:7,lfi,risque,0,false,15.69,25,8.8,0
lfi:risque:8,lfi,risque,0,false,16.92,24,8.96,0
lfi:risque:9,lfi,risque,0,false,9.44,24,8.97,0
lfi:risque:10,lfi,risque,1,false,9.62,24,8.85,0
lfi:risque:11,lfi,risque,1,false,10.07,25,8.86,0
lfi:risque:12,lfi,risque,0,false,10.07,24,9.13,0
lfi:risque:13,lfi,risque,0,false,16.33,26,9.64,0
lfi:risque:14,lfi,risque,1,false,16.87,24,10.02,0
lfi:risque:15,lfi,risque,0,false,14.32,30,9.05,0
lfi:risque:16,lfi,risque,0,false,15.63,27,8.96,0
lfi:risque:17,lfi,risque,0,false,9.93,24,9.11,0
lfi:risque:18,lfi,risque,1,false,11.48,24,9.13,0
lfi:risque:19,lfi,risque,0,false,16.26,24,8.9,0
lfi:risque:20,lfi,risque,0,false,10.06,24,8.98,0
lfi:risque:21,lfi,risque,0,false,10,24,9.01,0
lfi:risque:22,lfi,risque,1,false,17.03,26,9.1,0
lfi:risque:23,lfi,risque,0,false,10.48,25,8.95,0
lfi:risque:24,lfi,risque,0,false,16.33,24,8.88,0
lfi:risque:25,lfi,risque,0,false,15.46,24,9.07,0
lfi:risque:26,lfi,risque,0,false,15.36,24,8.88,0
lfi:risque:27,lfi,risque,0,false,9.48,24,8.94,0
lfi:risque:28,lfi,risque,1,false,20.46,0,38.42,38.47
lfi:risque:29,lfi,risque,0,false,16.09,24,9.19,0
lfi:risque:30,lfi,risque,0,false,10.22,24,8.87,0
lfi:risque:31,lfi,risque,1,false,10.38,24,9.15,0
lfi:risque:32,lfi,risque,0,false,17.07,24,9.02,0
lfi:risque:33,lfi,risque,1,false,16.19,24,8.92,0
lfi:risque:34,lfi,risque,0,false,16.66,24,9.05,0
lfi:risque:35,lfi,risque,0,false,10.43,24,8.98,0
lfi:risque:36,lfi,risque,0,false,10.72,24,8.92,0
lfi:risque:37,lfi,risque,1,true,20.33,2,9.19,0
lfi:risque:38,lfi,risque,1,false,10.4,24,9.04,0
lfi:risque:39,lfi,risque,0,false,16,24,9.05,0
lfi:risque:40,lfi,risque,1,false,20.42,0,36.01,36.57
lfi:risque:41,lfi,risque,1,false,9.94,24,9.66,0
lfi:risque:42,lfi,risque,0,false,9.95,24,9.03,0
lfi:risque:43,lfi,risque,1,false,10.36,24,8.91,0
lfi:risque:44,lfi,risque,0,false,16.1,26,10.51,0
lfi:risque:45,lfi,risque,0,false,15.93,24,9.01,0
lfi:risque:46,lfi,risque,1,false,15.18,30,9.16,0
lfi:risque:47,lfi,risque,0,false,0.14,24,9.22,0
lfi:risque:48,lfi,risque,1,false,16.01,29,9.04,0
lfi:risque:49,lfi,risque,0,false,10.01,25,10.73,0
lfi:risque:50,lfi,risque,0,false,9.43,24,9.04,0
lfi:risque:51,lfi,risque,0,false,10.89,24,9,0
lfi:risque:52,lfi,risque,0,false,8.78,24,10.09,0
lfi:risque:53,lfi,risque,0,false,16.11,24,9.59,0
lfi:risque:54,lfi,risque,0,false,16.21,24,8.84,0
lfi:risque:55,lfi,risque,0,false,-0.01,24,9.27,0
lfi:risque:56,lfi,risque,1,false,15.87,24,8.99,0
lfi:risque:57,lfi,risque,1,false,15.28,27,9.06,0
lfi:risque:58,lfi,risque,1,false,15.91,28,10.45,0
lfi:risque:59,lfi,risque,0,false,9.57,24,8.88,0
lfi:risque:60,lfi,risque,0,false,10.88,24,9.03,0
lfi:risque:61,lfi,risque,0,false,10.59,24,9.02,0
lfi:risque:62,lfi,risque,0,false,10.73,24,8.9,0
lfi:risque:63,lfi,risque,0,false,10.28,24,9.05,0
lfi:risque:64,lfi,risque,0,false,9.56,24,8.87,0
lfi:risque:65,lfi,risque,1,false,15.83,24,8.85,0
lfi:risque:66,lfi,risque,0,false,9.66,24,9.11,0
lfi:risque:67,lfi,risque,0,false,10.14,25,9.64,0
lfi:risque:68,lfi,risque,0,false,15.21,24,9.07,0
lfi:risque:69,lfi,risque,0,false,9.7,24,8.94,0
lfi:risque:70,lfi,risque,1,false,16.34,24,8.99,0
lfi:risque:71,lfi,risque,1,false,15.45,24,9.01,0
lfi:risque:72,lfi,risque,0,false,6.14,24,9.16,0
lfi:risque:73,lfi,risque,0,false,17.45,24,9.07,0
lfi:risque:74,lfi,risque,1,false,9.34,24,8.95,0
lfi:risque:75,lfi,risque,0,false,10.61,26,9.38,0
lfi:risque:76,lfi,risque,0,false,12.04,30,8.86,0
lfi:risque:77,lfi,risque,0,false,14.77,27,10.89,0
lfi:risque:78,lfi,risque,0,false,16.52,24,9,0
lfi:risque:79,lfi,risque,0,false,16.74,24,8.92,0
lfi:risque:80,lfi,risque,0,false,15.79,24,8.99,0
lfi:risque:81,lfi,risque,0,false,16.57,30,9.03,0
lfi:risque:82,lfi,risque,0,false,9.86,24,8.94,0
lfi:risque:83,lfi,risque,0,false,14.94,25,9.2,0
lfi:risque:84,lfi,risque,0,false,9.7,24,9.06,0
lfi:risque:85,lfi,risque,0,false,8.44,25,8.95,0
lfi:risque:86,lfi,risque,1,false,9.74,24,8.99,0
lfi:risque:87,lfi,risque,0,false,9.44,24,10.45,0
lfi:risque:88,lfi,risque,0,false,14.19,28,8.91,0
lfi:risque:89,lfi,risque,1,false,10.18,24,9.05,0
lfi:risque:90,lfi,risque,0,false,17.52,29,8.99,0
lfi:risque:91,lfi,risque,0,false,10.4,24,8.95,0
lfi:risque:92,lfi,risque,0,false,16.29,24,9.12,0
lfi:risque:93,lfi,risque,0,false,15.28,27,8.91,0
lfi:risque:94,lfi,risque,2,false,11.86,24,9.63,0
lfi:risque:95,lfi,risque,0,false,14.97,24,9.18,0
lfi:risque:96,lfi,risque,0,false,15.4,28,9.09,0
lfi:risque:97,lfi,risque,0,false,11,24,8.94,0
lfi:risque:98,lfi,risque,1,false,11.43,24,10.61,0
lfi:risque:99,lfi,risque,1,false,10.18,24,8.87,0
lfi:risque:100,lfi,risque,1,false,16.24,24,9.11,0
lfi:risque:101,lfi,risque,1,false,10.03,24,8.92,0
lfi:risque:102,lfi,risque,0,false,10.47,24,8.96,0
lfi:risque:103,lfi,risque,0,false,16.69,24,9.38,0
lfi:risque:104,lfi,risque,1,false,9.89,24,8.88,0
lfi:risque:105,lfi,risque,1,false,10.65,24,8.98,0
lfi:risque:106,lfi,risque,0,false,10.27,24,8.97,0
lfi:risque:107,lfi,risque,1,false,9.45,24,8.96,0
lfi:risque:108,lfi,risque,0,false,9.29,24,8.88,0
lfi:risque:109,lfi,risque,1,false,16.12,28,8.94,0
lfi:risque:110,lfi,risque,0,false,12.1,26,10.93,0
lfi:risque:111,lfi,risque,0,false,10.19,26,9,0
lfi:risque:112,lfi,risque,0,false,9.84,26,9.01,0
lfi:risque:113,lfi,risque,0,false,14.99,24,8.93,0
lfi:risque:114,lfi,risque,0,false,17.98,25,8.95,0
lfi:risque:115,lfi,risque,1,false,10.87,25,9.08,0
lfi:risque:116,lfi,risque,0,false,8.92,24,9.37,0
lfi:risque:117,lfi,risque,1,false,14.91,24,9.47,0
lfi:risque:118,lfi,risque,0,false,16.99,29,9.65,0
lfi:risque:119,lfi,risque,0,false,9.69,24,8.93,0
lfi:risque:120,lfi,risque,0,false,7.8,24,8.87,0
lfi:risque:121,lfi,risque,0,false,9.15,24,8.96,0
lfi:risque:122,lfi,risque,0,false,9.83,24,9.28,0
lfi:risque:123,lfi,risque,0,false,15.67,24,8.88,0
lfi:risque:124,lfi,risque,0,false,15.7,26,8.84,0
lfi:risque:125,lfi,risque,1,false,9.44,25,9.07,0
lfi:risque:126,lfi,risque,1,false,9.21,25,8.97,0
lfi:risque:127,lfi,risque,0,false,14.98,28,8.89,0
lfi:risque:128,lfi,risque,0,false,9.26,24,9,0
lfi:risque:129,lfi,risque,1,false,9.97,24,10.78,0
lfi:risque:130,lfi,risque,0,false,17.3,24,9.02,0
lfi:risque:131,lfi,risque,0,false,9.76,24,8.8,0
lfi:risque:132,lfi,risque,0,false,9.25,24,8.92,0
lfi:risque:133,lfi,risque,0,false,16.39,24,9.02,0
lfi:risque:134,lfi,risque,0,false,9.09,24,9.14,0
lfi:risque:135,lfi,risque,0,false,15.8,24,8.86,0
lfi:risque:136,lfi,risque,0,false,9.82,24,8.87,0
lfi:risque:137,lfi,risque,0,false,9.33,24,8.87,0
lfi:risque:138,lfi,risque,0,false,16.3,24,9.02,0
lfi:risque:139,lfi,risque,1,false,15.69,27,9.06,0
lfi:risque:140,lfi,risque,0,false,16.88,30,9.06,0
lfi:risque:141,lfi,risque,0,false,10.69,24,9.09,0
lfi:risque:142,lfi,risque,0,false,17.1,24,9.02,0
lfi:risque:143,lfi,risque,0,false,9.54,24,9.02,0
lfi:risque:144,lfi,risque,0,false,9.72,24,9.02,0
lfi:risque:145,lfi,risque,0,false,16.8,24,9.1,0
lfi:risque:146,lfi,risque,0,false,9.73,24,8.87,0
lfi:risque:147,lfi,risque,0,false,15.18,28,8.95,0
lfi:risque:148,lfi,risque,1,false,10.16,24,9.04,0
lfi:risque:149,lfi,risque,0,false,10.88,25,9.03,0
lfi:ideologiquement_coherent:0,lfi,ideologiquement_coherent,0,false,11.33,24,8.92,0
lfi:ideologiquement_coherent:1,lfi,ideologiquement_coherent,0,false,11.06,24,8.91,0
lfi:ideologiquement_coherent:2,lfi,ideologiquement_coherent,0,false,10.03,24,8.93,0
lfi:ideologiquement_coherent:3,lfi,ideologiquement_coherent,1,false,10.12,24,8.95,0
lfi:ideologiquement_coherent:4,lfi,ideologiquement_coherent,0,false,10.6,24,8.87,0
lfi:ideologiquement_coherent:5,lfi,ideologiquement_coherent,0,false,10.35,24,8.91,0
lfi:ideologiquement_coherent:6,lfi,ideologiquement_coherent,0,false,11.12,24,8.96,0
lfi:ideologiquement_coherent:7,lfi,ideologiquement_coherent,0,false,9.86,24,8.96,0
lfi:ideologiquement_coherent:8,lfi,ideologiquement_coherent,0,false,10.82,24,8.91,0
lfi:ideologiquement_coherent:9,lfi,ideologiquement_coherent,0,false,16.07,24,8.95,0
lfi:ideologiquement_coherent:10,lfi,ideologiquement_coherent,0,false,10.05,24,8.99,0
lfi:ideologiquement_coherent:11,lfi,ideologiquement_coherent,0,false,10.46,24,9.02,0
lfi:ideologiquement_coherent:12,lfi,ideologiquement_coherent,0,false,10.75,24,9.02,0
lfi:ideologiquement_coherent:13,lfi,ideologiquement_coherent,1,false,10.43,24,9.1,0
lfi:ideologiquement_coherent:14,lfi,ideologiquement_coherent,0,false,12.15,24,8.95,0
lfi:ideologiquement_coherent:15,lfi,ideologiquement_coherent,0,false,9.85,24,8.84,0
lfi:ideologiquement_coherent:16,lfi,ideologiquement_coherent,0,false,16.88,24,8.89,0
lfi:ideologiquement_coherent:17,lfi,ideologiquement_coherent,0,false,11.2,24,9.03,0
lfi:ideologiquement_coherent:18,lfi,ideologiquement_coherent,0,false,10.05,24,9,0
lfi:ideologiquement_coherent:19,lfi,ideologiquement_coherent,0,false,17.05,24,9.02,0
lfi:ideologiquement_coherent:20,lfi,ideologiquement_coherent,0,false,15.53,24,9.05,0
lfi:ideologiquement_coherent:21,lfi,ideologiquement_coherent,0,false,12.67,24,9.02,0
lfi:ideologiquement_coherent:22,lfi,ideologiquement_coherent,0,false,11.69,24,8.84,0
lfi:ideologiquement_coherent:23,lfi,ideologiquement_coherent,0,false,11.36,24,8.92,0
lfi:ideologiquement_coherent:24,lfi,ideologiquement_coherent,1,false,10.81,24,9.14,0
lfi:ideologiquement_coherent:25,lfi,ideologiquement_coherent,0,false,10.4,24,8.97,0
lfi:ideologiquement_coherent:26,lfi,ideologiquement_coherent,0,false,10.2,24,8.91,0
lfi:ideologiquement_coherent:27,lfi,ideologiquement_coherent,1,false,12.22,24,8.94,0
lfi:ideologiquement_coherent:28,lfi,ideologiquement_coherent,1,false,17.13,24,10.34,0
lfi:ideologiquement_coherent:29,lfi,ideologiquement_coherent,0,false,13.45,24,9.53,0
lfi:ideologiquement_coherent:30,lfi,ideologiquement_coherent,1,false,12.14,25,9.12,0
lfi:ideologiquement_coherent:31,lfi,ideologiquement_coherent,0,false,10.28,24,8.89,0
lfi:ideologiquement_coherent:32,lfi,ideologiquement_coherent,0,false,10.84,25,9.01,0
lfi:ideologiquement_coherent:33,lfi,ideologiquement_coherent,0,false,11.43,30,9.03,0
lfi:ideologiquement_coherent:34,lfi,ideologiquement_coherent,0,false,12,24,9.1,0
lfi:ideologiquement_coherent:35,lfi,ideologiquement_coherent,0,false,10.64,24,9.08,0
lfi:ideologiquement_coherent:36,lfi,ideologiquement_coherent,0,false,16.81,24,9.01,0
lfi:ideologiquement_coherent:37,lfi,ideologiquement_coherent,0,false,9.15,24,9.03,0
lfi:ideologiquement_coherent:38,lfi,ideologiquement_coherent,0,false,10.59,24,8.9,0
lfi:ideologiquement_coherent:39,lfi,ideologiquement_coherent,0,false,17.11,24,9.43,0
lfi:ideologiquement_coherent:40,lfi,ideologiquement_coherent,0,false,11.14,24,8.97,0
lfi:ideologiquement_coherent:41,lfi,ideologiquement_coherent,0,false,10.99,24,8.91,0
lfi:ideologiquement_coherent:42,lfi,ideologiquement_coherent,0,false,10.98,24,9.85,0
lfi:ideologiquement_coherent:43,lfi,ideologiquement_coherent,1,false,10.34,24,9.07,0
lfi:ideologiquement_coherent:44,lfi,ideologiquement_coherent,0,false,10.24,24,8.99,0
lfi:ideologiquement_coherent:45,lfi,ideologiquement_coherent,0,false,16.57,24,8.9,0
lfi:ideologiquement_coherent:46,lfi,ideologiquement_coherent,0,false,10.87,24,9.07,0
lfi:ideologiquement_coherent:47,lfi,ideologiquement_coherent,0,false,12.39,24,9.05,0
lfi:ideologiquement_coherent:48,lfi,ideologiquement_coherent,1,false,10.13,24,8.91,0
lfi:ideologiquement_coherent:49,lfi,ideologiquement_coherent,1,false,10.43,24,9.05,0
lfi:ideologiquement_coherent:50,lfi,ideologiquement_coherent,0,false,11.75,24,9.03,0
lfi:ideologiquement_coherent:51,lfi,ideologiquement_coherent,0,false,17.01,24,9.09,0
lfi:ideologiquement_coherent:52,lfi,ideologiquement_coherent,1,false,10.8,24,8.99,0
lfi:ideologiquement_coherent:53,lfi,ideologiquement_coherent,0,false,10.94,24,9.51,0
lfi:ideologiquement_coherent:54,lfi,ideologiquement_coherent,0,false,10.56,24,8.95,0
lfi:ideologiquement_coherent:55,lfi,ideologiquement_coherent,0,false,11.06,24,8.93,0
lfi:ideologiquement_coherent:56,lfi,ideologiquement_coherent,0,false,10.74,24,8.94,0
lfi:ideologiquement_coherent:57,lfi,ideologiquement_coherent,0,false,10.41,24,8.93,0
lfi:ideologiquement_coherent:58,lfi,ideologiquement_coherent,0,false,10.7,24,8.97,0
lfi:ideologiquement_coherent:59,lfi,ideologiquement_coherent,0,false,12.22,24,8.93,0
lfi:ideologiquement_coherent:60,lfi,ideologiquement_coherent,0,false,10.83,24,8.87,0
lfi:ideologiquement_coherent:61,lfi,ideologiquement_coherent,0,false,11.15,24,8.9,0
lfi:ideologiquement_coherent:62,lfi,ideologiquement_coherent,0,false,10.75,24,8.88,0
lfi:ideologiquement_coherent:63,lfi,ideologiquement_coherent,1,false,11.94,24,9.08,0
lfi:ideologiquement_coherent:64,lfi,ideologiquement_coherent,0,false,11.75,24,9.08,0
lfi:ideologiquement_coherent:65,lfi,ideologiquement_coherent,1,false,10.6,24,9.01,0
lfi:ideologiquement_coherent:66,lfi,ideologiquement_coherent,0,false,16.66,24,9.28,0
lfi:ideologiquement_coherent:67,lfi,ideologiquement_coherent,0,false,10.18,24,9,0
lfi:ideologiquement_coherent:68,lfi,ideologiquement_coherent,0,false,10.78,24,9.04,0
lfi:ideologiquement_coherent:69,lfi,ideologiquement_coherent,1,false,10.12,24,9.05,0
lfi:ideologiquement_coherent:70,lfi,ideologiquement_coherent,0,false,16.62,24,8.99,0
lfi:ideologiquement_coherent:71,lfi,ideologiquement_coherent,1,false,10.38,24,9.71,0
lfi:ideologiquement_coherent:72,lfi,ideologiquement_coherent,0,false,10.12,24,8.92,0
lfi:ideologiquement_coherent:73,lfi,ideologiquement_coherent,0,false,10.29,24,8.87,0
lfi:ideologiquement_coherent:74,lfi,ideologiquement_coherent,0,false,9.15,24,9.06,0
lfi:ideologiquement_coherent:75,lfi,ideologiquement_coherent,0,false,16.83,24,9.06,0
lfi:ideologiquement_coherent:76,lfi,ideologiquement_coherent,0,false,11.02,24,10.22,0
lfi:ideologiquement_coherent:77,lfi,ideologiquement_coherent,0,false,11.13,24,8.99,0
lfi:ideologiquement_coherent:78,lfi,ideologiquement_coherent,0,false,17.05,24,9.21,0
lfi:ideologiquement_coherent:79,lfi,ideologiquement_coherent,1,false,10.82,24,9.59,0
lfi:ideologiquement_coherent:80,lfi,ideologiquement_coherent,0,false,16.12,24,9.07,0
lfi:ideologiquement_coherent:81,lfi,ideologiquement_coherent,0,false,9.89,24,8.94,0
lfi:ideologiquement_coherent:82,lfi,ideologiquement_coherent,0,false,10.65,24,10.03,0
lfi:ideologiquement_coherent:83,lfi,ideologiquement_coherent,0,false,10.85,24,8.98,0
lfi:ideologiquement_coherent:84,lfi,ideologiquement_coherent,0,false,10.92,24,9.15,0
lfi:ideologiquement_coherent:85,lfi,ideologiquement_coherent,1,false,10.7,24,9.02,0
lfi:ideologiquement_coherent:86,lfi,ideologiquement_coherent,0,false,10.44,24,8.88,0
lfi:ideologiquement_coherent:87,lfi,ideologiquement_coherent,0,false,10.83,24,9.07,0
lfi:ideologiquement_coherent:88,lfi,ideologiquement_coherent,0,false,10,24,9.07,0
lfi:ideologiquement_coherent:89,lfi,ideologiquement_coherent,0,false,10.4,24,9.31,0
lfi:ideologiquement_coherent:90,lfi,ideologiquement_coherent,1,false,9.44,24,8.9,0
lfi:ideologiquement_coherent:91,lfi,ideologiquement_coherent,0,false,17.84,24,8.94,0
lfi:ideologiquement_coherent:92,lfi,ideologiquement_coherent,0,false,16.63,24,9.1,0
lfi:ideologiquement_coherent:93,lfi,ideologiquement_coherent,0,false,10.19,24,8.86,0
lfi:ideologiquement_coherent:94,lfi,ideologiquement_coherent,1,false,11.29,24,9.05,0
lfi:ideologiquement_coherent:95,lfi,ideologiquement_coherent,0,false,15.74,24,8.98,0
lfi:ideologiquement_coherent:96,lfi,ideologiquement_coherent,0,false,16.98,24,8.93,0
lfi:ideologiquement_coherent:97,lfi,ideologiquement_coherent,0,false,10.3,24,8.95,0
lfi:ideologiquement_coherent:98,lfi,ideologiquement_coherent,0,false,16.51,24,9.07,0
lfi:ideologiquement_coherent:99,lfi,ideologiquement_coherent,0,false,10.41,24,8.82,0
lfi:ideologiquement_coherent:100,lfi,ideologiquement_coherent,0,false,11.09,24,9.07,0
lfi:ideologiquement_coherent:101,lfi,ideologiquement_coherent,0,false,10.32,24,8.95,0
lfi:ideologiquement_coherent:102,lfi,ideologiquement_coherent,0,false,15.78,24,9.02,0
lfi:ideologiquement_coherent:103,lfi,ideologiquement_coherent,1,false,11.89,24,9.14,0
lfi:ideologiquement_coherent:104,lfi,ideologiquement_coherent,0,false,8.1,30,8.93,0
lfi:ideologiquement_coherent:105,lfi,ideologiquement_coherent,0,false,10.67,24,9.02,0
lfi:ideologiquement_coherent:106,lfi,ideologiquement_coherent,0,false,11.63,24,9.04,0
lfi:ideologiquement_coherent:107,lfi,ideologiquement_coherent,0,false,11.47,24,9.06,0
lfi:ideologiquement_coherent:108,lfi,ideologiquement_coherent,0,false,10.5,24,8.99,0
lfi:ideologiquement_coherent:109,lfi,ideologiquement_coherent,0,false,10.75,24,8.83,0
lfi:ideologiquement_coherent:110,lfi,ideologiquement_coherent,0,false,10.85,24,10.45,0
lfi:ideologiquement_coherent:111,lfi,ideologiquement_coherent,0,false,17.45,24,8.86,0
lfi:ideologiquement_coherent:112,lfi,ideologiquement_coherent,0,false,16.45,24,9.2,0
lfi:ideologiquement_coherent:113,lfi,ideologiquement_coherent,0,false,10.9,24,8.96,0
lfi:ideologiquement_coherent:114,lfi,ideologiquement_coherent,0,false,10.76,24,8.93,0
lfi:ideologiquement_coherent:115,lfi,ideologiquement_coherent,0,false,10,24,8.94,0
lfi:ideologiquement_coherent:116,lfi,ideologiquement_coherent,0,false,11.88,26,8.99,0
lfi:ideologiquement_coherent:117,lfi,ideologiquement_coherent,0,false,12.36,26,9.07,0
lfi:ideologiquement_coherent:118,lfi,ideologiquement_coherent,0,false,10.33,24,9.3,0
lfi:ideologiquement_coherent:119,lfi,ideologiquement_coherent,0,false,16.49,24,8.98,0
lfi:ideologiquement_coherent:120,lfi,ideologiquement_coherent,0,false,10.22,24,8.88,0
lfi:ideologiquement_coherent:121,lfi,ideologiquement_coherent,0,false,10.03,24,8.88,0
lfi:ideologiquement_coherent:122,lfi,ideologiquement_coherent,1,false,10.32,24,9.06,0
lfi:ideologiquement_coherent:123,lfi,ideologiquement_coherent,1,false,10.38,24,9.04,0
lfi:ideologiquement_coherent:124,lfi,ideologiquement_coherent,0,false,10.71,24,8.87,0
lfi:ideologiquement_coherent:125,lfi,ideologiquement_coherent,0,false,10.07,24,9.03,0
lfi:ideologiquement_coherent:126,lfi,ideologiquement_coherent,0,false,11.2,24,9.1,0
lfi:ideologiquement_coherent:127,lfi,ideologiquement_coherent,1,false,10.01,24,8.94,0
lfi:ideologiquement_coherent:128,lfi,ideologiquement_coherent,0,false,10.29,24,9.16,0
lfi:ideologiquement_coherent:129,lfi,ideologiquement_coherent,1,false,14.5,28,9.29,0
lfi:ideologiquement_coherent:130,lfi,ideologiquement_coherent,0,false,10.55,24,8.99,0
lfi:ideologiquement_coherent:131,lfi,ideologiquement_coherent,0,false,11.21,24,9.83,0
lfi:ideologiquement_coherent:132,lfi,ideologiquement_coherent,0,false,11.01,24,9.16,0
lfi:ideologiquement_coherent:133,lfi,ideologiquement_coherent,0,false,10.45,24,9.02,0
lfi:ideologiquement_coherent:134,lfi,ideologiquement_coherent,0,false,10.73,24,9,0
lfi:ideologiquement_coherent:135,lfi,ideologiquement_coherent,0,false,10.4,24,9,0
lfi:ideologiquement_coherent:136,lfi,ideologiquement_coherent,1,false,9.89,24,8.94,0
lfi:ideologiquement_coherent:137,lfi,ideologiquement_coherent,0,false,16.93,24,9.87,0
lfi:ideologiquement_coherent:138,lfi,ideologiquement_coherent,0,false,16.26,24,8.93,0
lfi:ideologiquement_coherent:139,lfi,ideologiquement_coherent,0,false,10.51,24,8.97,0
lfi:ideologiquement_coherent:140,lfi,ideologiquement_coherent,0,false,9.89,24,8.99,0
lfi:ideologiquement_coherent:141,lfi,ideologiquement_coherent,1,false,10.34,24,9.06,0
lfi:ideologiquement_coherent:142,lfi,ideologiquement_coherent,0,false,11.35,24,9.24,0
lfi:ideologiquement_coherent:143,lfi,ideologiquement_coherent,0,false,16.15,24,9.2,0
lfi:ideologiquement_coherent:144,lfi,ideologiquement_coherent,0,false,11.47,24,10.31,0
lfi:ideologiquement_coherent:145,lfi,ideologiquement_coherent,1,false,10.47,24,16.18,16.55
lfi:ideologiquement_coherent:146,lfi,ideologiquement_coherent,0,false,10.23,24,8.98,0
lfi:ideologiquement_coherent:147,lfi,ideologiquement_coherent,0,false,10.05,24,9.74,0
lfi:ideologiquement_coherent:148,lfi,ideologiquement_coherent,0,false,10.82,24,9.29,0
lfi:ideologiquement_coherent:149,lfi,ideologiquement_coherent,0,false,9.52,24,8.95,0
lfi:opportuniste_electoral:0,lfi,opportuniste_electoral,0,false,10.28,24,9.13,0
lfi:opportuniste_electoral:1,lfi,opportuniste_electoral,0,false,11.55,24,9.01,0
lfi:opportuniste_electoral:2,lfi,opportuniste_electoral,0,false,10.51,26,8.93,0
lfi:opportuniste_electoral:3,lfi,opportuniste_electoral,1,false,15.65,30,9.02,0
lfi:opportuniste_electoral:4,lfi,opportuniste_electoral,0,false,11.68,26,9.57,0
lfi:opportuniste_electoral:5,lfi,opportuniste_electoral,0,false,10.11,24,9.17,0
lfi:opportuniste_electoral:6,lfi,opportuniste_electoral,0,false,0.49,24,9.12,0
lfi:opportuniste_electoral:7,lfi,opportuniste_electoral,0,false,9.83,24,8.93,0
lfi:opportuniste_electoral:8,lfi,opportuniste_electoral,0,false,12.53,24,10.32,0
lfi:opportuniste_electoral:9,lfi,opportuniste_electoral,0,false,9.46,24,9.56,0
lfi:opportuniste_electoral:10,lfi,opportuniste_electoral,0,false,14.22,28,9.07,0
lfi:opportuniste_electoral:11,lfi,opportuniste_electoral,0,false,17.64,30,9.23,0
lfi:opportuniste_electoral:12,lfi,opportuniste_electoral,0,false,9.02,26,8.97,0
lfi:opportuniste_electoral:13,lfi,opportuniste_electoral,0,false,9.23,24,9.11,0
lfi:opportuniste_electoral:14,lfi,opportuniste_electoral,0,false,11.11,25,8.92,0
lfi:opportuniste_electoral:15,lfi,opportuniste_electoral,0,false,10.53,24,9.22,0
lfi:opportuniste_electoral:16,lfi,opportuniste_electoral,0,false,9.76,24,8.88,0
lfi:opportuniste_electoral:17,lfi,opportuniste_electoral,0,false,12.24,24,9.31,0
lfi:opportuniste_electoral:18,lfi,opportuniste_electoral,0,false,8.91,24,9.15,0
lfi:opportuniste_electoral:19,lfi,opportuniste_electoral,1,false,10.05,24,9.06,0
lfi:opportuniste_electoral:20,lfi,opportuniste_electoral,0,false,9.37,24,9.06,0
lfi:opportuniste_electoral:21,lfi,opportuniste_electoral,1,false,9.52,24,8.91,0
lfi:opportuniste_electoral:22,lfi,opportuniste_electoral,0,false,9.6,24,8.95,0
lfi:opportuniste_electoral:23,lfi,opportuniste_electoral,0,false,15.27,24,9.89,0
lfi:opportuniste_electoral:24,lfi,opportuniste_electoral,0,false,16.03,28,8.91,0
lfi:opportuniste_electoral:25,lfi,opportuniste_electoral,0,false,9.52,26,9.02,0
lfi:opportuniste_electoral:26,lfi,opportuniste_electoral,0,false,11.67,24,9.02,0
lfi:opportuniste_electoral:27,lfi,opportuniste_electoral,1,false,10.3,24,9.13,0
lfi:opportuniste_electoral:28,lfi,opportuniste_electoral,0,false,15.98,27,8.93,0
lfi:opportuniste_electoral:29,lfi,opportuniste_electoral,0,false,16.31,24,9.03,0
lfi:opportuniste_electoral:30,lfi,opportuniste_electoral,0,false,9.06,24,9.27,0
lfi:opportuniste_electoral:31,lfi,opportuniste_electoral,0,false,9.81,24,8.92,0
lfi:opportuniste_electoral:32,lfi,opportuniste_electoral,0,false,9.27,24,8.98,0
lfi:opportuniste_electoral:33,lfi,opportuniste_electoral,0,false,10.35,24,9,0
lfi:opportuniste_electoral:34,lfi,opportuniste_electoral,0,false,0.55,24,9.86,0
lfi:opportuniste_electoral:35,lfi,opportuniste_electoral,1,false,8.68,24,9.03,0
lfi:opportuniste_electoral:36,lfi,opportuniste_electoral,0,false,11.53,25,9.64,0
lfi:opportuniste_electoral:37,lfi,opportuniste_electoral,1,false,11.51,24,9.02,0
lfi:opportuniste_electoral:38,lfi,opportuniste_electoral,1,false,14.77,24,9.07,0
lfi:opportuniste_electoral:39,lfi,opportuniste_electoral,0,false,9.88,25,8.91,0
lfi:opportuniste_electoral:40,lfi,opportuniste_electoral,0,false,8.75,24,8.94,0
lfi:opportuniste_electoral:41,lfi,opportuniste_electoral,0,false,14.91,24,9.09,0
lfi:opportuniste_electoral:42,lfi,opportuniste_electoral,0,false,11.24,26,9.01,0
lfi:opportuniste_electoral:43,lfi,opportuniste_electoral,0,false,10.01,24,10.24,0
lfi:opportuniste_electoral:44,lfi,opportuniste_electoral,0,false,16.91,28,9.34,0
lfi:opportuniste_electoral:45,lfi,opportuniste_electoral,0,false,9.72,24,9.85,0
lfi:opportuniste_electoral:46,lfi,opportuniste_electoral,1,false,17.26,29,8.99,0
lfi:opportuniste_electoral:47,lfi,opportuniste_electoral,0,false,14.83,30,8.83,0
lfi:opportuniste_electoral:48,lfi,opportuniste_electoral,1,false,5.71,24,8.96,0
lfi:opportuniste_electoral:49,lfi,opportuniste_electoral,1,false,9.73,24,8.82,0
lfi:opportuniste_electoral:50,lfi,opportuniste_electoral,0,false,9.25,25,9.24,0
lfi:opportuniste_electoral:51,lfi,opportuniste_electoral,0,false,6.05,24,9.5,0
lfi:opportuniste_electoral:52,lfi,opportuniste_electoral,1,false,9.47,24,9.12,0
lfi:opportuniste_electoral:53,lfi,opportuniste_electoral,1,false,16.22,25,8.98,0
lfi:opportuniste_electoral:54,lfi,opportuniste_electoral,0,false,8.98,26,9,0
lfi:opportuniste_electoral:55,lfi,opportuniste_electoral,1,false,11.05,25,8.91,0
lfi:opportuniste_electoral:56,lfi,opportuniste_electoral,0,false,-0.26,24,9.01,0
lfi:opportuniste_electoral:57,lfi,opportuniste_electoral,0,false,9.95,24,9.73,0
lfi:opportuniste_electoral:58,lfi,opportuniste_electoral,0,false,14.67,30,9.07,0
lfi:opportuniste_electoral:59,lfi,opportuniste_electoral,1,false,9.25,24,8.9,0
lfi:opportuniste_electoral:60,lfi,opportuniste_electoral,0,false,9.75,24,8.98,0
lfi:opportuniste_electoral:61,lfi,opportuniste_electoral,1,false,11.91,24,8.95,0
lfi:opportuniste_electoral:62,lfi,opportuniste_electoral,0,false,12.34,24,8.94,0
lfi:opportuniste_electoral:63,lfi,opportuniste_electoral,0,false,9.67,24,9.06,0
lfi:opportuniste_electoral:64,lfi,opportuniste_electoral,0,false,15.81,27,9,0
lfi:opportuniste_electoral:65,lfi,opportuniste_electoral,0,false,15.39,25,8.97,0
lfi:opportuniste_electoral:66,lfi,opportuniste_electoral,0,false,9.69,28,8.96,0
lfi:opportuniste_electoral:67,lfi,opportuniste_electoral,1,false,10.15,24,9.03,0
lfi:opportuniste_electoral:68,lfi,opportuniste_electoral,0,false,0.47,24,9.64,0
lfi:opportuniste_electoral:69,lfi,opportuniste_electoral,0,false,9.5,24,9.04,0
lfi:opportuniste_electoral:70,lfi,opportuniste_electoral,0,false,9.13,24,8.93,0
lfi:opportuniste_electoral:71,lfi,opportuniste_electoral,0,false,10.57,24,8.98,0
lfi:opportuniste_electoral:72,lfi,opportuniste_electoral,1,false,13.66,28,8.86,0
lfi:opportuniste_electoral:73,lfi,opportuniste_electoral,1,false,12.45,25,9.06,0
lfi:opportuniste_electoral:74,lfi,opportuniste_electoral,1,false,15.26,25,9.45,0
lfi:opportuniste_electoral:75,lfi,opportuniste_electoral,0,false,9.06,24,8.96,0
lfi:opportuniste_electoral:76,lfi,opportuniste_electoral,1,false,10.41,24,9.02,0
lfi:opportuniste_electoral:77,lfi,opportuniste_electoral,0,false,9.64,24,9.1,0
lfi:opportuniste_electoral:78,lfi,opportuniste_electoral,0,false,9.97,24,9.05,0
lfi:opportuniste_electoral:79,lfi,opportuniste_electoral,0,false,10.68,24,8.97,0
lfi:opportuniste_electoral:80,lfi,opportuniste_electoral,0,false,10.44,24,8.88,0
lfi:opportuniste_electoral:81,lfi,opportuniste_electoral,0,false,9.67,24,8.95,0
lfi:opportuniste_electoral:82,lfi,opportuniste_electoral,0,false,14.36,24,9.03,0
lfi:opportuniste_electoral:83,lfi,opportuniste_electoral,0,false,13.76,24,8.95,0
lfi:opportuniste_electoral:84,lfi,opportuniste_electoral,0,false,10.18,24,9.67,0
lfi:opportuniste_electoral:85,lfi,opportuniste_electoral,0,false,17.62,24,8.97,0
lfi:opportuniste_electoral:86,lfi,opportuniste_electoral,0,false,9.42,24,9.03,0
lfi:opportuniste_electoral:87,lfi,opportuniste_electoral,0,false,10.14,24,8.95,0
lfi:opportuniste_electoral:88,lfi,opportuniste_electoral,1,false,0.1,24,8.92,0
lfi:opportuniste_electoral:89,lfi,opportuniste_electoral,0,false,10.31,24,9,0
lfi:opportuniste_electoral:90,lfi,opportuniste_electoral,0,false,16.49,24,9.04,0
lfi:opportuniste_electoral:91,lfi,opportuniste_electoral,1,false,10.03,24,8.97,0
lfi:opportuniste_electoral:92,lfi,opportuniste_electoral,0,false,11.02,28,8.99,0
lfi:opportuniste_electoral:93,lfi,opportuniste_electoral,0,false,15.23,24,8.89,0
lfi:opportuniste_electoral:94,lfi,opportuniste_electoral,0,false,8.9,24,8.96,0
lfi:opportuniste_electoral:95,lfi,opportuniste_electoral,0,false,15.39,24,9.41,0
lfi:opportuniste_electoral:96,lfi,opportuniste_electoral,1,false,16.06,24,8.89,0
lfi:opportuniste_electoral:97,lfi,opportuniste_electoral,1,false,9.19,24,13.77,13.84
lfi:opportuniste_electoral:98,lfi,opportuniste_electoral,0,false,10.48,25,9.39,0
lfi:opportuniste_electoral:99,lfi,opportuniste_electoral,0,false,8.17,26,8.97,0
lfi:opportuniste_electoral:100,lfi,opportuniste_electoral,0,false,14.84,24,8.86,0
lfi:opportuniste_electoral:101,lfi,opportuniste_electoral,0,false,8.42,24,9.14,0
lfi:opportuniste_electoral:102,lfi,opportuniste_electoral,0,false,8.89,24,9.21,0
lfi:opportuniste_electoral:103,lfi,opportuniste_electoral,0,false,0.48,24,9.47,0
lfi:opportuniste_electoral:104,lfi,opportuniste_electoral,0,false,9.35,24,9.01,0
lfi:opportuniste_electoral:105,lfi,opportuniste_electoral,0,false,9.83,24,8.97,0
lfi:opportuniste_electoral:106,lfi,opportuniste_electoral,0,false,10.48,24,8.9,0
lfi:opportuniste_electoral:107,lfi,opportuniste_electoral,0,false,11.62,25,9.07,0
lfi:opportuniste_electoral:108,lfi,opportuniste_electoral,0,false,10.73,24,8.95,0
lfi:opportuniste_electoral:109,lfi,opportuniste_electoral,0,false,10.82,25,9.07,0
lfi:opportuniste_electoral:110,lfi,opportuniste_electoral,1,false,9.88,27,9.05,0
lfi:opportuniste_electoral:111,lfi,opportuniste_electoral,0,false,9.54,24,8.91,0
lfi:opportuniste_electoral:112,lfi,opportuniste_electoral,0,false,8.72,24,8.93,0
lfi:opportuniste_electoral:113,lfi,opportuniste_electoral,0,false,10.03,24,9.04,0
lfi:opportuniste_electoral:114,lfi,opportuniste_electoral,0,false,10.39,24,9.15,0
lfi:opportuniste_electoral:115,lfi,opportuniste_electoral,0,false,9.37,24,9.08,0
lfi:opportuniste_electoral:116,lfi,opportuniste_electoral,0,false,15.04,28,9.01,0
lfi:opportuniste_electoral:117,lfi,opportuniste_electoral,0,false,10.5,26,8.97,0
lfi:opportuniste_electoral:118,lfi,opportuniste_electoral,1,false,15.32,25,9.06,0
lfi:opportuniste_electoral:119,lfi,opportuniste_electoral,0,false,10.13,24,9.37,0
lfi:opportuniste_electoral:120,lfi,opportuniste_electoral,0,false,20.54,0,37.17,37.37
lfi:opportuniste_electoral:121,lfi,opportuniste_electoral,0,false,17.34,24,8.96,0
lfi:opportuniste_electoral:122,lfi,opportuniste_electoral,0,false,11.77,26,10.53,0
lfi:opportuniste_electoral:123,lfi,opportuniste_electoral,1,false,15.19,24,9.11,0
lfi:opportuniste_electoral:124,lfi,opportuniste_electoral,0,false,10.32,24,9.32,0
lfi:opportuniste_electoral:125,lfi,opportuniste_electoral,0,false,9.43,24,9.2,0
lfi:opportuniste_electoral:126,lfi,opportuniste_electoral,1,false,9.23,24,8.96,0
lfi:opportuniste_electoral:127,lfi,opportuniste_electoral,0,false,9.7,24,8.81,0
lfi:opportuniste_electoral:128,lfi,opportuniste_electoral,0,false,9.79,24,8.95,0
lfi:opportuniste_electoral:129,lfi,opportuniste_electoral,1,false,9.27,24,9.16,0
lfi:opportuniste_electoral:130,lfi,opportuniste_electoral,0,false,10.74,25,9.66,0
lfi:opportuniste_electoral:131,lfi,opportuniste_electoral,0,false,9.89,24,9.1,0
lfi:opportuniste_electoral:132,lfi,opportuniste_electoral,0,false,10.61,24,9.11,0
lfi:opportuniste_electoral:133,lfi,opportuniste_electoral,0,false,9.79,24,8.94,0
lfi:opportuniste_electoral:134,lfi,opportuniste_electoral,0,false,10.23,24,8.96,0
lfi:opportuniste_electoral:135,lfi,opportuniste_electoral,0,false,10.55,24,9.06,0
lfi:opportuniste_electoral:136,lfi,opportuniste_electoral,0,false,9.01,24,8.97,0
lfi:opportuniste_electoral:137,lfi,opportuniste_electoral,1,false,8.54,24,8.96,0
lfi:opportuniste_electoral:138,lfi,opportuniste_electoral,0,false,9.75,24,9.57,0
lfi:opportuniste_electoral:139,lfi,opportuniste_electoral,0,false,10.22,24,8.91,0
lfi:opportuniste_electoral:140,lfi,opportuniste_electoral,1,false,10.41,24,9.03,0
lfi:opportuniste_electoral:141,lfi,opportuniste_electoral,0,false,10.37,24,8.89,0
lfi:opportuniste_electoral:142,lfi,opportuniste_electoral,0,false,15.41,24,9.14,0
lfi:opportuniste_electoral:143,lfi,opportuniste_electoral,0,false,8.86,24,9.06,0
lfi:opportuniste_electoral:144,lfi,opportuniste_electoral,0,false,10.18,24,8.94,0
lfi:opportuniste_electoral:145,lfi,opportuniste_electoral,0,false,8.61,24,8.87,0
lfi:opportuniste_electoral:146,lfi,opportuniste_electoral,0,false,11.34,24,9.72,0
lfi:opportuniste_electoral:147,lfi,opportuniste_electoral,0,false,8.43,24,9.03,0
lfi:opportuniste_electoral:148,lfi,opportuniste_electoral,0,false,9.24,24,9.02,0
lfi:opportuniste_electoral:149,lfi,opportuniste_electoral,0,false,10.6,24,9.09,0
lfi:parti_dabord:0,lfi,parti_dabord,0,false,15.45,25,9.09,0
lfi:parti_dabord:1,lfi,parti_dabord,1,false,11.63,27,8.97,0
lfi:parti_dabord:2,lfi,parti_dabord,1,false,10.18,24,8.93,0
lfi:parti_dabord:3,lfi,parti_dabord,0,false,10.14,25,10.07,0
lfi:parti_dabord:4,lfi,parti_dabord,0,false,15.17,24,8.98,0
lfi:parti_dabord:5,lfi,parti_dabord,0,false,8.86,24,8.92,0
lfi:parti_dabord:6,lfi,parti_dabord,0,false,14.59,25,9.01,0
lfi:parti_dabord:7,lfi,parti_dabord,0,false,15.27,24,9.1,0
lfi:parti_dabord:8,lfi,parti_dabord,0,false,9.04,24,9.03,0
lfi:parti_dabord:9,lfi,parti_dabord,0,false,9.71,26,9.04,0
lfi:parti_dabord:10,lfi,parti_dabord,0,false,10.82,24,10.98,0
lfi:parti_dabord:11,lfi,parti_dabord,0,false,9.8,24,9.02,0
lfi:parti_dabord:12,lfi,parti_dabord,0,false,9.5,24,9.02,0
lfi:parti_dabord:13,lfi,parti_dabord,0,false,10.98,25,9.7,0
lfi:parti_dabord:14,lfi,parti_dabord,0,false,10.45,24,9.42,0
lfi:parti_dabord:15,lfi,parti_dabord,1,false,9.02,24,9.16,0
lfi:parti_dabord:16,lfi,parti_dabord,0,false,10.48,24,9.91,0
lfi:parti_dabord:17,lfi,parti_dabord,0,false,10.56,24,9.45,0
lfi:parti_dabord:18,lfi,parti_dabord,1,false,9.72,24,9.51,0
lfi:parti_dabord:19,lfi,parti_dabord,0,false,17.69,24,17.67,17.54
lfi:parti_dabord:20,lfi,parti_dabord,0,false,9.19,24,8.97,0
lfi:parti_dabord:21,lfi,parti_dabord,1,false,9.24,25,8.93,0
lfi:parti_dabord:22,lfi,parti_dabord,0,false,10.15,24,10.07,0
lfi:parti_dabord:23,lfi,parti_dabord,0,false,9.05,24,9.18,0
lfi:parti_dabord:24,lfi,parti_dabord,0,false,10.14,25,9.1,0
lfi:parti_dabord:25,lfi,parti_dabord,0,false,8.3,24,8.89,0
lfi:parti_dabord:26,lfi,parti_dabord,0,false,9.71,24,9.05,0
lfi:parti_dabord:27,lfi,parti_dabord,0,false,15.77,24,9.06,0
lfi:parti_dabord:28,lfi,parti_dabord,0,false,7.56,24,8.98,0
lfi:parti_dabord:29,lfi,parti_dabord,0,false,15.47,24,8.86,0
lfi:parti_dabord:30,lfi,parti_dabord,1,false,9.37,24,8.98,0
lfi:parti_dabord:31,lfi,parti_dabord,0,false,9.99,24,9,0
lfi:parti_dabord:32,lfi,parti_dabord,0,false,9.74,25,8.98,0
lfi:parti_dabord:33,lfi,parti_dabord,1,false,16.03,24,8.99,0
lfi:parti_dabord:34,lfi,parti_dabord,1,false,15.83,24,9.38,0
lfi:parti_dabord:35,lfi,parti_dabord,0,false,9.84,24,8.97,0
lfi:parti_dabord:36,lfi,parti_dabord,0,false,10.32,24,9.68,0
lfi:parti_dabord:37,lfi,parti_dabord,0,false,10.2,24,8.89,0
lfi:parti_dabord:38,lfi,parti_dabord,0,false,7.13,26,9.13,0
lfi:parti_dabord:39,lfi,parti_dabord,1,false,9.45,24,9.03,0
lfi:parti_dabord:40,lfi,parti_dabord,1,false,9.98,24,10.23,0
lfi:parti_dabord:41,lfi,parti_dabord,0,false,10.3,24,9.14,0
lfi:parti_dabord:42,lfi,parti_dabord,0,false,10.82,24,9.97,0
lfi:parti_dabord:43,lfi,parti_dabord,0,false,9.46,24,9.09,0
lfi:parti_dabord:44,lfi,parti_dabord,0,false,11.19,25,9.04,0
lfi:parti_dabord:45,lfi,parti_dabord,0,false,9.84,24,8.9,0
lfi:parti_dabord:46,lfi,parti_dabord,0,false,16.7,25,9.94,0
lfi:parti_dabord:47,lfi,parti_dabord,1,false,17.47,24,11.99,0
lfi:parti_dabord:48,lfi,parti_dabord,0,false,9.76,24,8.92,0
lfi:parti_dabord:49,lfi,parti_dabord,0,false,11.57,27,8.92,0
lfi:parti_dabord:50,lfi,parti_dabord,1,false,10.13,24,9.97,0
lfi:parti_dabord:51,lfi,parti_dabord,0,false,15.69,24,8.96,0
lfi:parti_dabord:52,lfi,parti_dabord,0,false,16.26,24,9.04,0
lfi:parti_dabord:53,lfi,parti_dabord,0,false,10.02,24,9.38,0
lfi:parti_dabord:54,lfi,parti_dabord,0,false,8.64,30,8.94,0
lfi:parti_dabord:55,lfi,parti_dabord,0,false,9.72,26,9.11,0
lfi:parti_dabord:56,lfi,parti_dabord,0,false,9.4,24,9.09,0
lfi:parti_dabord:57,lfi,parti_dabord,0,false,9.47,24,9.04,0
lfi:parti_dabord:58,lfi,parti_dabord,1,false,10.27,24,9.3,0
lfi:parti_dabord:59,lfi,parti_dabord,0,false,9.05,24,8.99,0
lfi:parti_dabord:60,lfi,parti_dabord,0,false,9.23,24,9.09,0
lfi:parti_dabord:61,lfi,parti_dabord,1,false,10.54,24,8.93,0
lfi:parti_dabord:62,lfi,parti_dabord,0,false,10.18,24,8.91,0
lfi:parti_dabord:63,lfi,parti_dabord,1,false,11.3,24,9.99,0
lfi:parti_dabord:64,lfi,parti_dabord,1,false,9.27,27,9.15,0
lfi:parti_dabord:65,lfi,parti_dabord,0,false,15.74,25,9.11,0
lfi:parti_dabord:66,lfi,parti_dabord,0,false,14.77,24,9.02,0
lfi:parti_dabord:67,lfi,parti_dabord,0,false,10.5,24,9.18,0
lfi:parti_dabord:68,lfi,parti_dabord,1,false,9.58,28,9.28,0
lfi:parti_dabord:69,lfi,parti_dabord,0,false,14.21,25,8.92,0
lfi:parti_dabord:70,lfi,parti_dabord,0,false,10.13,24,8.93,0
lfi:parti_dabord:71,lfi,parti_dabord,0,false,9.55,27,9.01,0
lfi:parti_dabord:72,lfi,parti_dabord,0,false,10.49,24,9.17,0
lfi:parti_dabord:73,lfi,parti_dabord,0,false,9.74,24,8.96,0
lfi:parti_dabord:74,lfi,parti_dabord,1,false,7.64,27,9.15,0
lfi:parti_dabord:75,lfi,parti_dabord,0,false,8.96,24,8.97,0
lfi:parti_dabord:76,lfi,parti_dabord,0,false,16.13,24,10.17,0
lfi:parti_dabord:77,lfi,parti_dabord,0,false,15.94,24,8.98,0
lfi:parti_dabord:78,lfi,parti_dabord,0,false,8.85,24,9.14,0
lfi:parti_dabord:79,lfi,parti_dabord,0,false,9.43,24,9.05,0
lfi:parti_dabord:80,lfi,parti_dabord,0,false,9.43,24,9.04,0
lfi:parti_dabord:81,lfi,parti_dabord,0,false,10.5,24,9.02,0
lfi:parti_dabord:82,lfi,parti_dabord,0,false,15.91,25,9,0
lfi:parti_dabord:83,lfi,parti_dabord,1,false,12.21,24,10.7,0
lfi:parti_dabord:84,lfi,parti_dabord,0,false,9.85,24,8.95,0
lfi:parti_dabord:85,lfi,parti_dabord,0,false,9.5,24,8.87,0
lfi:parti_dabord:86,lfi,parti_dabord,0,false,10.52,24,9.8,0
lfi:parti_dabord:87,lfi,parti_dabord,0,false,10.11,24,8.89,0
lfi:parti_dabord:88,lfi,parti_dabord,1,false,9.99,24,10.49,0
lfi:parti_dabord:89,lfi,parti_dabord,0,false,16.1,24,8.98,0
lfi:parti_dabord:90,lfi,parti_dabord,0,false,9.14,24,8.97,0
lfi:parti_dabord:91,lfi,parti_dabord,0,false,10.8,25,9.03,0
lfi:parti_dabord:92,lfi,parti_dabord,0,false,11.09,30,9,0
lfi:parti_dabord:93,lfi,parti_dabord,1,false,15.43,24,9.07,0
lfi:parti_dabord:94,lfi,parti_dabord,0,false,10.13,27,10.14,0
lfi:parti_dabord:95,lfi,parti_dabord,0,false,10,24,8.98,0
lfi:parti_dabord:96,lfi,parti_dabord,0,false,12.19,24,8.88,0
lfi:parti_dabord:97,lfi,parti_dabord,0,false,14.08,24,9.02,0
lfi:parti_dabord:98,lfi,parti_dabord,0,false,10.45,24,9.12,0
lfi:parti_dabord:99,lfi,parti_dabord,0,false,9.99,24,9.03,0
lfi:parti_dabord:100,lfi,parti_dabord,0,false,9.78,26,8.93,0
lfi:parti_dabord:101,lfi,parti_dabord,1,false,9.35,24,8.9,0
lfi:parti_dabord:102,lfi,parti_dabord,0,false,10.71,24,10.88,0
lfi:parti_dabord:103,lfi,parti_dabord,2,false,9.94,27,9.04,0
lfi:parti_dabord:104,lfi,parti_dabord,0,false,9.43,24,9.1,0
lfi:parti_dabord:105,lfi,parti_dabord,0,false,15.95,24,13.12,13.05
lfi:parti_dabord:106,lfi,parti_dabord,0,false,9.23,26,8.87,0
lfi:parti_dabord:107,lfi,parti_dabord,0,false,11.3,27,9.03,0
lfi:parti_dabord:108,lfi,parti_dabord,0,false,9.73,24,8.99,0
lfi:parti_dabord:109,lfi,parti_dabord,0,false,10.12,26,9.21,0
lfi:parti_dabord:110,lfi,parti_dabord,1,false,17.32,28,9.07,0
lfi:parti_dabord:111,lfi,parti_dabord,0,false,10.36,24,9.01,0
lfi:parti_dabord:112,lfi,parti_dabord,0,false,15.11,24,9.04,0
lfi:parti_dabord:113,lfi,parti_dabord,0,false,16.37,24,10.41,0
lfi:parti_dabord:114,lfi,parti_dabord,0,false,15.42,24,9.06,0
lfi:parti_dabord:115,lfi,parti_dabord,0,false,9.65,25,9.02,0
lfi:parti_dabord:116,lfi,parti_dabord,0,false,0.16,24,9.01,0
lfi:parti_dabord:117,lfi,parti_dabord,1,false,10.03,24,8.87,0
lfi:parti_dabord:118,lfi,parti_dabord,0,false,10.06,24,9.03,0
lfi:parti_dabord:119,lfi,parti_dabord,0,false,10.24,30,8.87,0
lfi:parti_dabord:120,lfi,parti_dabord,0,false,8.94,28,9.02,0
lfi:parti_dabord:121,lfi,parti_dabord,1,false,9.59,24,9.09,0
lfi:parti_dabord:122,lfi,parti_dabord,0,false,14.99,24,9.28,0
lfi:parti_dabord:123,lfi,parti_dabord,0,false,9,24,8.9,0
lfi:parti_dabord:124,lfi,parti_dabord,1,false,15.88,24,8.98,0
lfi:parti_dabord:125,lfi,parti_dabord,0,false,8.96,24,9.05,0
lfi:parti_dabord:126,lfi,parti_dabord,0,false,15.13,24,9.15,0
lfi:parti_dabord:127,lfi,parti_dabord,0,false,11.31,28,9,0
lfi:parti_dabord:128,lfi,parti_dabord,0,false,8.85,27,9.05,0
lfi:parti_dabord:129,lfi,parti_dabord,0,false,15.66,24,9.04,0
lfi:parti_dabord:130,lfi,parti_dabord,0,false,16.16,24,8.87,0
lfi:parti_dabord:131,lfi,parti_dabord,0,false,9.79,24,9.04,0
lfi:parti_dabord:132,lfi,parti_dabord,1,false,15.06,24,8.99,0
lfi:parti_dabord:133,lfi,parti_dabord,0,false,9.38,26,9.06,0
lfi:parti_dabord:134,lfi,parti_dabord,2,false,9.94,24,8.94,0
lfi:parti_dabord:135,lfi,parti_dabord,1,false,16.13,24,9.06,0
lfi:parti_dabord:136,lfi,parti_dabord,0,false,9.75,24,8.92,0
lfi:parti_dabord:137,lfi,parti_dabord,0,false,15.75,24,9.02,0
lfi:parti_dabord:138,lfi,parti_dabord,0,false,10.39,24,9.66,0
lfi:parti_dabord:139,lfi,parti_dabord,0,false,8.32,25,9.09,0
lfi:parti_dabord:140,lfi,parti_dabord,0,false,11.26,25,9.46,0
lfi:parti_dabord:141,lfi,parti_dabord,0,false,10.12,24,9,0
lfi:parti_dabord:142,lfi,parti_dabord,1,false,9.37,24,9.19,0
lfi:parti_dabord:143,lfi,parti_dabord,1,false,9.37,24,10.18,0
lfi:parti_dabord:144,lfi,parti_dabord,0,false,10.19,24,9.08,0
lfi:parti_dabord:145,lfi,parti_dabord,0,false,16.2,26,9.2,0
lfi:parti_dabord:146,lfi,parti_dabord,0,false,8.98,28,8.98,0
lfi:parti_dabord:147,lfi,parti_dabord,1,false,10.51,24,8.99,0
lfi:parti_dabord:148,lfi,parti_dabord,0,false,8.93,24,9.04,0
lfi:parti_dabord:149,lfi,parti_dabord,1,false,9.33,24,8.84,0
lfi:mediatique:0,lfi,mediatique,0,false,9.69,24,10.74,0
lfi:mediatique:1,lfi,mediatique,0,false,11.23,24,9.26,0
lfi:mediatique:2,lfi,mediatique,0,false,-0.42,24,8.97,0
lfi:mediatique:3,lfi,mediatique,0,false,0.17,24,9.35,0
lfi:mediatique:4,lfi,mediatique,0,false,8.41,24,9,0
lfi:mediatique:5,lfi,mediatique,0,false,6.11,24,9.02,0
lfi:mediatique:6,lfi,mediatique,1,false,8.21,24,9.09,0
lfi:mediatique:7,lfi,mediatique,0,false,-0.03,24,8.94,0
lfi:mediatique:8,lfi,mediatique,0,false,0.31,24,9.75,0
lfi:mediatique:9,lfi,mediatique,0,false,9.88,24,9.93,0
lfi:mediatique:10,lfi,mediatique,1,false,8.9,25,10.5,0
lfi:mediatique:11,lfi,mediatique,0,false,8.29,25,9.1,0
lfi:mediatique:12,lfi,mediatique,0,false,9.25,26,9.02,0
lfi:mediatique:13,lfi,mediatique,0,false,0.17,24,9.34,0
lfi:mediatique:14,lfi,mediatique,0,false,7.59,24,9.03,0
lfi:mediatique:15,lfi,mediatique,0,false,8.74,24,10.22,0
lfi:mediatique:16,lfi,mediatique,0,false,9.7,24,9.15,0
lfi:mediatique:17,lfi,mediatique,0,false,0.12,24,9.03,0
lfi:mediatique:18,lfi,mediatique,0,false,11.08,25,9.24,0
lfi:mediatique:19,lfi,mediatique,0,false,-0.1,24,8.9,0
lfi:mediatique:20,lfi,mediatique,1,false,9.56,24,8.96,0
lfi:mediatique:21,lfi,mediatique,0,false,9.56,24,9.1,0
lfi:mediatique:22,lfi,mediatique,0,false,-0.03,24,9.06,0
lfi:mediatique:23,lfi,mediatique,1,false,6.64,24,10.78,0
lfi:mediatique:24,lfi,mediatique,0,false,10.37,24,8.94,0
lfi:mediatique:25,lfi,mediatique,0,false,6.47,24,9.48,0
lfi:mediatique:26,lfi,mediatique,1,false,14.39,29,8.97,0
lfi:mediatique:27,lfi,mediatique,1,false,0.29,24,10.3,0
lfi:mediatique:28,lfi,mediatique,0,false,14.42,24,9.34,0
lfi:mediatique:29,lfi,mediatique,0,false,8.76,25,8.97,0
lfi:mediatique:30,lfi,mediatique,0,false,7.4,24,9.03,0
lfi:mediatique:31,lfi,mediatique,1,false,14.21,30,8.9,0
lfi:mediatique:32,lfi,mediatique,1,false,8.05,24,9.08,0
lfi:mediatique:33,lfi,mediatique,0,false,9.3,24,9.07,0
lfi:mediatique:34,lfi,mediatique,2,false,0.17,24,10.45,0
lfi:mediatique:35,lfi,mediatique,0,false,9.56,24,9.12,0
lfi:mediatique:36,lfi,mediatique,0,false,9.22,24,9.12,0
lfi:mediatique:37,lfi,mediatique,0,false,7.94,24,9.56,0
lfi:mediatique:38,lfi,mediatique,0,false,9.67,25,9.14,0
lfi:mediatique:39,lfi,mediatique,0,false,-0.05,24,9.65,0
lfi:mediatique:40,lfi,mediatique,0,false,8.82,24,9.36,0
lfi:mediatique:41,lfi,mediatique,0,false,-0.12,24,8.96,0
lfi:mediatique:42,lfi,mediatique,0,false,0.38,24,10.22,0
lfi:mediatique:43,lfi,mediatique,0,false,-0.07,24,9.12,0
lfi:mediatique:44,lfi,mediatique,0,false,8.59,24,9.12,0
lfi:mediatique:45,lfi,mediatique,0,false,11.55,28,9.8,0
lfi:mediatique:46,lfi,mediatique,0,false,9.66,24,8.92,0
lfi:mediatique:47,lfi,mediatique,1,false,-0.04,24,9.34,0
lfi:mediatique:48,lfi,mediatique,0,false,8.06,24,9.25,0
lfi:mediatique:49,lfi,mediatique,0,false,-0.32,24,8.91,0
lfi:mediatique:50,lfi,mediatique,0,false,-0.06,24,9,0
lfi:mediatique:51,lfi,mediatique,0,false,9.87,28,9.05,0
lfi:mediatique:52,lfi,mediatique,0,false,9.89,24,8.98,0
lfi:mediatique:53,lfi,mediatique,0,false,15.04,25,9.37,0
lfi:mediatique:54,lfi,mediatique,0,false,5.76,24,8.91,0
lfi:mediatique:55,lfi,mediatique,0,false,9.66,26,9.56,0
lfi:mediatique:56,lfi,mediatique,0,false,-0.1,24,8.88,0
lfi:mediatique:57,lfi,mediatique,0,false,9.91,28,9.01,0
lfi:mediatique:58,lfi,mediatique,0,false,15.14,27,9.06,0
lfi:mediatique:59,lfi,mediatique,0,false,0.01,24,9.49,0
lfi:mediatique:60,lfi,mediatique,0,false,13.79,24,9.28,0
lfi:mediatique:61,lfi,mediatique,1,false,0.55,24,10.54,0
lfi:mediatique:62,lfi,mediatique,1,false,8.35,24,8.96,0
lfi:mediatique:63,lfi,mediatique,0,false,8.61,24,9,0
lfi:mediatique:64,lfi,mediatique,0,false,8.91,25,9.5,0
lfi:mediatique:65,lfi,mediatique,0,false,5.35,24,8.94,0
lfi:mediatique:66,lfi,mediatique,0,false,15.42,25,8.95,0
lfi:mediatique:67,lfi,mediatique,0,false,-0.15,24,8.86,0
lfi:mediatique:68,lfi,mediatique,0,false,8.67,24,9.14,0
lfi:mediatique:69,lfi,mediatique,0,false,8.84,24,8.95,0
lfi:mediatique:70,lfi,mediatique,0,false,8.05,24,8.94,0
lfi:mediatique:71,lfi,mediatique,0,false,9.58,24,9.05,0
lfi:mediatique:72,lfi,mediatique,1,false,14.76,28,9.23,0
lfi:mediatique:73,lfi,mediatique,0,false,9.35,26,9.1,0
lfi:mediatique:74,lfi,mediatique,0,false,0.11,24,9.21,0
lfi:mediatique:75,lfi,mediatique,0,false,10.75,26,8.97,0
lfi:mediatique:76,lfi,mediatique,0,false,9.54,25,8.93,0
lfi:mediatique:77,lfi,mediatique,0,false,5.91,24,9.11,0
lfi:mediatique:78,lfi,mediatique,0,false,6.11,24,9.24,0
lfi:mediatique:79,lfi,mediatique,0,false,9.75,25,9.84,0
lfi:mediatique:80,lfi,mediatique,0,false,0.16,24,8.98,0
lfi:mediatique:81,lfi,mediatique,0,false,9.88,28,8.94,0
lfi:mediatique:82,lfi,mediatique,0,false,8.14,24,9.26,0
lfi:mediatique:83,lfi,mediatique,0,false,9.3,30,8.86,0
lfi:mediatique:84,lfi,mediatique,0,false,8.08,26,9.19,0
lfi:mediatique:85,lfi,mediatique,1,false,0.49,24,10.54,0
lfi:mediatique:86,lfi,mediatique,1,false,6.15,24,9.1,0
lfi:mediatique:87,lfi,mediatique,0,false,0.02,24,9.1,0
lfi:mediatique:88,lfi,mediatique,0,false,14.5,28,9.29,0
lfi:mediatique:89,lfi,mediatique,0,false,10.79,29,9.28,0
lfi:mediatique:90,lfi,mediatique,1,false,14.23,27,9.54,0
lfi:mediatique:91,lfi,mediatique,0,false,10.23,24,11.56,0
lfi:mediatique:92,lfi,mediatique,1,false,9.96,24,8.89,0
lfi:mediatique:93,lfi,mediatique,0,false,-0.43,24,8.97,0
lfi:mediatique:94,lfi,mediatique,0,false,-0.24,24,8.94,0
lfi:mediatique:95,lfi,mediatique,0,false,8.49,24,9.67,0
lfi:mediatique:96,lfi,mediatique,0,false,13.39,28,9.02,0
lfi:mediatique:97,lfi,mediatique,0,false,8.51,24,9.09,0
lfi:mediatique:98,lfi,mediatique,0,false,9.58,24,11.28,0
lfi:mediatique:99,lfi,mediatique,1,false,-0.29,24,8.89,0
lfi:mediatique:100,lfi,mediatique,1,false,8.26,26,9.07,0
lfi:mediatique:101,lfi,mediatique,0,false,0.2,24,9.3,0
lfi:mediatique:102,lfi,mediatique,0,false,-0.26,24,9.16,0
lfi:mediatique:103,lfi,mediatique,0,false,9.09,24,8.93,0
lfi:mediatique:104,lfi,mediatique,1,false,0.1,24,9.54,0
lfi:mediatique:105,lfi,mediatique,0,false,0.39,24,9.17,0
lfi:mediatique:106,lfi,mediatique,0,false,5.73,24,8.94,0
lfi:mediatique:107,lfi,mediatique,0,false,10.63,30,9.27,0
lfi:mediatique:108,lfi,mediatique,0,false,9.11,24,9.23,0
lfi:mediatique:109,lfi,mediatique,0,false,8.98,24,9.1,0
lfi:mediatique:110,lfi,mediatique,0,false,0.35,24,9.52,0
lfi:mediatique:111,lfi,mediatique,0,false,0.32,24,10.19,0
lfi:mediatique:112,lfi,mediatique,1,false,8.32,24,9,0
lfi:mediatique:113,lfi,mediatique,0,false,-0.4,24,8.9,0
lfi:mediatique:114,lfi,mediatique,0,false,5.59,24,9.25,0
lfi:mediatique:115,lfi,mediatique,0,false,14.08,24,9,0
lfi:mediatique:116,lfi,mediatique,0,false,0.17,24,9.06,0
lfi:mediatique:117,lfi,mediatique,0,false,8.28,24,9.37,0
lfi:mediatique:118,lfi,mediatique,0,false,8.41,24,9.14,0
lfi:mediatique:119,lfi,mediatique,0,false,10.98,24,9.12,0
lfi:mediatique:120,lfi,mediatique,0,false,6.97,26,9.08,0
lfi:mediatique:121,lfi,mediatique,0,false,0.09,24,8.92,0
lfi:mediatique:122,lfi,mediatique,0,false,10.58,24,9.08,0
lfi:mediatique:123,lfi,mediatique,1,false,9.68,28,9.13,0
lfi:mediatique:124,lfi,mediatique,0,false,-0.48,24,9.07,0
lfi:mediatique:125,lfi,mediatique,0,false,8.57,24,10.13,0
lfi:mediatique:126,lfi,mediatique,0,false,14.55,28,9.45,0
lfi:mediatique:127,lfi,mediatique,0,false,14.96,24,10.28,0
lfi:mediatique:128,lfi,mediatique,0,false,7.58,24,8.87,0
lfi:mediatique:129,lfi,mediatique,0,false,10.16,25,20.48,20.87
lfi:mediatique:130,lfi,mediatique,0,false,15.25,24,10.35,0
lfi:mediatique:131,lfi,mediatique,0,false,16.37,27,9.02,0
lfi:mediatique:132,lfi,mediatique,0,false,7.73,24,9.01,0
lfi:mediatique:133,lfi,mediatique,1,false,14.22,24,9.4,0
lfi:mediatique:134,lfi,mediatique,0,false,10.2,24,9.09,0
lfi:mediatique:135,lfi,mediatique,1,false,1.46,24,10.15,0
lfi:mediatique:136,lfi,mediatique,0,false,8.03,25,9.04,0
lfi:mediatique:137,lfi,mediatique,0,false,9.96,26,9,0
lfi:mediatique:138,lfi,mediatique,0,false,8.44,24,9.4,0
lfi:mediatique:139,lfi,mediatique,1,false,0.48,24,10.86,0
lfi:mediatique:140,lfi,mediatique,1,false,5.89,24,9.26,0
lfi:mediatique:141,lfi,mediatique,0,false,12.49,28,9.02,0
lfi:mediatique:142,lfi,mediatique,0,false,8.9,24,9.12,0
lfi:mediatique:143,lfi,mediatique,0,false,9.12,24,9.06,0
lfi:mediatique:144,lfi,mediatique,0,false,-0.09,24,9.19,0
lfi:mediatique:145,lfi,mediatique,0,false,7.85,24,9.04,0
lfi:mediatique:146,lfi,mediatique,0,false,8.2,24,9.03,0
lfi:mediatique:147,lfi,mediatique,1,false,0.27,24,9.1,0
lfi:mediatique:148,lfi,mediatique,0,false,0.49,24,10.42,0
lfi:mediatique:149,lfi,mediatique,1,false,10.7,24,9.04,0
lfi:contrarien:0,lfi,contrarien,0,false,5.83,24,9.11,0
lfi:contrarien:1,lfi,contrarien,0,false,8.38,24,11.08,0
lfi:contrarien:2,lfi,contrarien,0,false,8.35,24,8.95,0
lfi:contrarien:3,lfi,contrarien,0,false,14.71,24,10.32,0
lfi:contrarien:4,lfi,contrarien,1,false,8.59,24,10.86,0
lfi:contrarien:5,lfi,contrarien,0,false,6.05,24,9.14,0
lfi:contrarien:6,lfi,contrarien,0,false,0.54,24,9.78,0
lfi:contrarien:7,lfi,contrarien,1,false,9.36,24,11.18,0
lfi:contrarien:8,lfi,contrarien,0,false,5.72,24,9.28,0
lfi:contrarien:9,lfi,contrarien,0,false,0.19,24,9.59,0
lfi:contrarien:10,lfi,contrarien,1,false,6.13,24,10.47,0
lfi:contrarien:11,lfi,contrarien,0,false,9.48,24,9.35,0
lfi:contrarien:12,lfi,contrarien,0,false,9.43,26,9.42,0
lfi:contrarien:13,lfi,contrarien,0,false,8.01,24,8.93,0
lfi:contrarien:14,lfi,contrarien,1,false,14.81,24,9.14,0
lfi:contrarien:15,lfi,contrarien,0,false,13.89,24,9.56,0
lfi:contrarien:16,lfi,contrarien,0,false,6.42,24,9.63,0
lfi:contrarien:17,lfi,contrarien,1,false,13.46,24,9.33,0
lfi:contrarien:18,lfi,contrarien,0,false,5.73,24,9.19,0
lfi:contrarien:19,lfi,contrarien,2,false,16.96,25,14,0
lfi:contrarien:20,lfi,contrarien,0,false,13.51,26,9.57,0
lfi:contrarien:21,lfi,contrarien,0,false,11.17,27,9.16,0
lfi:contrarien:22,lfi,contrarien,0,false,-0.62,24,9.17,0
lfi:contrarien:23,lfi,contrarien,1,false,6.07,24,9.41,0
lfi:contrarien:24,lfi,contrarien,0,false,6,24,9.06,0
lfi:contrarien:25,lfi,contrarien,0,false,9.16,24,11.87,0
lfi:contrarien:26,lfi,contrarien,0,false,8.33,24,9.29,0
lfi:contrarien:27,lfi,contrarien,0,false,6.06,24,8.88,0
lfi:contrarien:28,lfi,contrarien,2,false,6.06,24,10.22,0
lfi:contrarien:29,lfi,contrarien,1,false,0.64,24,10.68,0
lfi:contrarien:30,lfi,contrarien,0,false,8.29,24,9.13,0
lfi:contrarien:31,lfi,contrarien,0,false,14.66,24,9.07,0
lfi:contrarien:32,lfi,contrarien,1,false,14.9,24,10.02,0
lfi:contrarien:33,lfi,contrarien,0,false,14.2,24,9.05,0
lfi:contrarien:34,lfi,contrarien,0,false,0.23,24,10.7,0
lfi:contrarien:35,lfi,contrarien,0,false,6.23,24,10.2,0
lfi:contrarien:36,lfi,contrarien,0,false,8.79,24,8.91,0
lfi:contrarien:37,lfi,contrarien,0,false,14.1,27,9.16,0
lfi:contrarien:38,lfi,contrarien,1,false,9.99,30,8.98,0
lfi:contrarien:39,lfi,contrarien,0,false,14,24,9.12,0
lfi:contrarien:40,lfi,contrarien,0,false,5.86,24,9.1,0
lfi:contrarien:41,lfi,contrarien,0,false,6.1,24,9.29,0
lfi:contrarien:42,lfi,contrarien,0,false,14.75,24,8.9,0
lfi:contrarien:43,lfi,contrarien,1,false,14.33,24,9.46,0
lfi:contrarien:44,lfi,contrarien,0,false,15.24,24,11.04,0
lfi:contrarien:45,lfi,contrarien,0,false,5.89,24,8.92,0
lfi:contrarien:46,lfi,contrarien,0,false,9.34,25,11.78,0
lfi:contrarien:47,lfi,contrarien,0,false,13.59,24,8.96,0
lfi:contrarien:48,lfi,contrarien,0,false,14.73,24,9.47,0
lfi:contrarien:49,lfi,contrarien,0,false,14.73,24,9.5,0
lfi:contrarien:50,lfi,contrarien,1,false,0.35,24,10.06,0
lfi:contrarien:51,lfi,contrarien,0,false,-0.01,24,9.07,0
lfi:contrarien:52,lfi,contrarien,0,false,8.49,24,9.18,0
lfi:contrarien:53,lfi,contrarien,0,false,0.16,24,9.06,0
lfi:contrarien:54,lfi,contrarien,0,false,14.31,24,9.02,0
lfi:contrarien:55,lfi,contrarien,0,false,8.06,24,8.95,0
lfi:contrarien:56,lfi,contrarien,0,false,-0.06,24,9.14,0
lfi:contrarien:57,lfi,contrarien,0,false,8.75,24,9.66,0
lfi:contrarien:58,lfi,contrarien,0,false,5.62,24,9.23,0
lfi:contrarien:59,lfi,contrarien,1,false,8.11,24,9.19,0
lfi:contrarien:60,lfi,contrarien,0,false,-0.11,24,8.88,0
lfi:contrarien:61,lfi,contrarien,0,false,15.41,24,9.05,0
lfi:contrarien:62,lfi,contrarien,0,false,5.88,24,9.38,0
lfi:contrarien:63,lfi,contrarien,0,false,0.11,24,9.26,0
lfi:contrarien:64,lfi,contrarien,1,false,6.21,24,10.16,0
lfi:contrarien:65,lfi,contrarien,1,false,-0.08,24,9.13,0
lfi:contrarien:66,lfi,contrarien,0,false,-0.34,24,8.91,0
lfi:contrarien:67,lfi,contrarien,0,false,5.86,24,9.04,0
lfi:contrarien:68,lfi,contrarien,0,false,6,24,8.88,0
lfi:contrarien:69,lfi,contrarien,0,false,13.85,24,9.04,0
lfi:contrarien:70,lfi,contrarien,1,false,6.03,24,9.05,0
lfi:contrarien:71,lfi,contrarien,0,false,5.48,24,8.89,0
lfi:contrarien:72,lfi,contrarien,0,false,5.49,24,9.04,0
lfi:contrarien:73,lfi,contrarien,0,false,13.99,27,9.13,0
lfi:contrarien:74,lfi,contrarien,0,false,-0.58,24,8.98,0
lfi:contrarien:75,lfi,contrarien,0,false,8.73,24,8.83,0
lfi:contrarien:76,lfi,contrarien,0,false,5.96,24,8.94,0
lfi:contrarien:77,lfi,contrarien,0,false,7.28,26,9.1,0
lfi:contrarien:78,lfi,contrarien,0,false,8.01,24,9.1,0
lfi:contrarien:79,lfi,contrarien,1,false,16.02,24,9.28,0
lfi:contrarien:80,lfi,contrarien,0,false,16.54,24,11.35,0
lfi:contrarien:81,lfi,contrarien,0,false,11.9,29,9.16,0
lfi:contrarien:82,lfi,contrarien,0,false,6.42,24,10.2,0
lfi:contrarien:83,lfi,contrarien,0,false,8.43,24,10.25,0
lfi:contrarien:84,lfi,contrarien,0,false,8,24,9.91,0
lfi:contrarien:85,lfi,contrarien,0,false,-0.39,24,9.08,0
lfi:contrarien:86,lfi,contrarien,0,false,14.68,24,9.66,0
lfi:contrarien:87,lfi,contrarien,0,false,14.24,24,9.3,0
lfi:contrarien:88,lfi,contrarien,0,false,6.2,24,9.82,0
lfi:contrarien:89,lfi,contrarien,0,false,-0.17,24,9.5,0
lfi:contrarien:90,lfi,contrarien,0,false,14.1,25,9.35,0
lfi:contrarien:91,lfi,contrarien,1,false,8.89,25,9.86,0
lfi:contrarien:92,lfi,contrarien,0,false,14.15,28,9.05,0
lfi:contrarien:93,lfi,contrarien,0,false,0.34,24,10.08,0
lfi:contrarien:94,lfi,contrarien,0,false,14.94,26,9.24,0
lfi:contrarien:95,lfi,contrarien,0,false,8.84,24,9.54,0
lfi:contrarien:96,lfi,contrarien,0,false,8.65,24,8.93,0
lfi:contrarien:97,lfi,contrarien,0,false,13.26,24,8.9,0
lfi:contrarien:98,lfi,contrarien,0,false,6.43,24,9.76,0
lfi:contrarien:99,lfi,contrarien,0,false,20.46,1,42.57,43.2
lfi:contrarien:100,lfi,contrarien,0,false,14.1,24,8.97,0
lfi:contrarien:101,lfi,contrarien,1,false,0.93,24,10.83,0
lfi:contrarien:102,lfi,contrarien,0,false,15.01,24,8.86,0
lfi:contrarien:103,lfi,contrarien,0,false,0.4,24,10.5,0
lfi:contrarien:104,lfi,contrarien,0,false,15.39,24,9.02,0
lfi:contrarien:105,lfi,contrarien,1,false,6.22,24,9.41,0
lfi:contrarien:106,lfi,contrarien,0,false,7.82,24,9.09,0
lfi:contrarien:107,lfi,contrarien,1,false,5.17,24,8.92,0
lfi:contrarien:108,lfi,contrarien,0,false,13.78,29,8.9,0
lfi:contrarien:109,lfi,contrarien,1,false,9.06,25,9.25,0
lfi:contrarien:110,lfi,contrarien,0,false,15.03,24,9.58,0
lfi:contrarien:111,lfi,contrarien,0,false,-0.26,24,8.98,0
lfi:contrarien:112,lfi,contrarien,0,false,0.48,24,9.76,0
lfi:contrarien:113,lfi,contrarien,0,false,0.19,24,10.93,0
lfi:contrarien:114,lfi,contrarien,0,false,5.59,24,9.25,0
lfi:contrarien:115,lfi,contrarien,0,false,7.45,24,9.46,0
lfi:contrarien:116,lfi,contrarien,0,false,9.5,24,10.22,0
lfi:contrarien:117,lfi,contrarien,0,false,0.89,24,12.14,0
lfi:contrarien:118,lfi,contrarien,0,false,13.61,26,8.92,0
lfi:contrarien:119,lfi,contrarien,0,false,5.83,24,9.01,0
lfi:contrarien:120,lfi,contrarien,0,false,6.55,24,10.04,0
lfi:contrarien:121,lfi,contrarien,0,false,8.68,25,9.05,0
lfi:contrarien:122,lfi,contrarien,0,false,6.67,24,11.7,0
lfi:contrarien:123,lfi,contrarien,0,false,5.84,24,9.04,0
lfi:contrarien:124,lfi,contrarien,0,false,14.63,24,8.94,0
lfi:contrarien:125,lfi,contrarien,0,false,5.95,24,9.9,0
lfi:contrarien:126,lfi,contrarien,0,false,6.06,24,9.29,0
lfi:contrarien:127,lfi,contrarien,0,false,8.3,24,9.51,0
lfi:contrarien:128,lfi,contrarien,0,false,10.41,24,9.03,0
lfi:contrarien:129,lfi,contrarien,1,false,14.78,24,9.66,0
lfi:contrarien:130,lfi,contrarien,0,false,0.32,24,9.46,0
lfi:contrarien:131,lfi,contrarien,0,false,6.01,24,10.04,0
lfi:contrarien:132,lfi,contrarien,0,false,14.66,24,9.15,0
lfi:contrarien:133,lfi,contrarien,0,false,5.93,24,9.2,0
lfi:contrarien:134,lfi,contrarien,1,false,20.82,0,46,46.49
lfi:contrarien:135,lfi,contrarien,1,false,7.82,24,10.04,0
lfi:contrarien:136,lfi,contrarien,0,false,5.73,24,9.18,0
lfi:contrarien:137,lfi,contrarien,1,false,15.1,27,9.17,0
lfi:contrarien:138,lfi,contrarien,0,false,6.39,24,9.54,0
lfi:contrarien:139,lfi,contrarien,0,false,5.98,24,9.21,0
lfi:contrarien:140,lfi,contrarien,0,false,14.64,24,9.76,0
lfi:contrarien:141,lfi,contrarien,0,false,5.78,24,9.53,0
lfi:contrarien:142,lfi,contrarien,0,false,14.55,24,8.95,0
lfi:contrarien:143,lfi,contrarien,0,false,6.58,24,9.96,0
lfi:contrarien:144,lfi,contrarien,0,false,-0.18,24,8.99,0
lfi:contrarien:145,lfi,contrarien,0,false,8.13,24,9.16,0
lfi:contrarien:146,lfi,contrarien,0,false,-0.21,24,8.96,0
lfi:contrarien:147,lfi,contrarien,0,false,9.18,24,8.99,0
lfi:contrarien:148,lfi,contrarien,0,false,5.74,24,8.85,0
lfi:contrarien:149,lfi,contrarien,0,false,8.64,24,9.01,0
ps:aleatoire:0,ps,aleatoire,0,false,9.81,24,9.84,0
ps:aleatoire:1,ps,aleatoire,0,false,11.11,24,9.06,0
ps:aleatoire:2,ps,aleatoire,1,false,16.15,24,8.94,0
ps:aleatoire:3,ps,aleatoire,1,false,10.01,24,8.82,0
ps:aleatoire:4,ps,aleatoire,0,false,10.09,24,9.07,0
ps:aleatoire:5,ps,aleatoire,0,false,11.02,24,8.96,0
ps:aleatoire:6,ps,aleatoire,0,false,9.55,25,9.05,0
ps:aleatoire:7,ps,aleatoire,0,false,9.79,24,8.8,0
ps:aleatoire:8,ps,aleatoire,0,false,9.01,24,9.55,0
ps:aleatoire:9,ps,aleatoire,0,false,9.46,24,9.05,0
ps:aleatoire:10,ps,aleatoire,0,false,10.92,24,10.1,0
ps:aleatoire:11,ps,aleatoire,0,false,12.3,30,8.96,0
ps:aleatoire:12,ps,aleatoire,0,false,15.78,24,8.86,0
ps:aleatoire:13,ps,aleatoire,0,false,8.52,24,8.93,0
ps:aleatoire:14,ps,aleatoire,0,false,9.33,24,9,0
ps:aleatoire:15,ps,aleatoire,0,false,15.56,24,8.89,0
ps:aleatoire:16,ps,aleatoire,0,false,0.22,24,9.14,0
ps:aleatoire:17,ps,aleatoire,1,false,11.17,24,8.86,0
ps:aleatoire:18,ps,aleatoire,0,false,9.72,24,8.9,0
ps:aleatoire:19,ps,aleatoire,0,false,10.11,24,8.88,0
ps:aleatoire:20,ps,aleatoire,0,false,9.29,24,9,0
ps:aleatoire:21,ps,aleatoire,0,false,9.88,24,8.92,0
ps:aleatoire:22,ps,aleatoire,0,false,11.12,27,8.96,0
ps:aleatoire:23,ps,aleatoire,0,false,10.05,24,9.06,0
ps:aleatoire:24,ps,aleatoire,0,false,9.48,24,9.04,0
ps:aleatoire:25,ps,aleatoire,0,false,10.91,24,9.24,0
ps:aleatoire:26,ps,aleatoire,0,false,10.06,24,9.04,0
ps:aleatoire:27,ps,aleatoire,0,false,11.02,24,8.93,0
ps:aleatoire:28,ps,aleatoire,0,false,9.33,24,9.02,0
ps:aleatoire:29,ps,aleatoire,0,false,8.11,24,8.91,0
ps:aleatoire:30,ps,aleatoire,0,false,10.68,24,9.85,0
ps:aleatoire:31,ps,aleatoire,0,false,9.15,24,9.49,0
ps:aleatoire:32,ps,aleatoire,0,false,10.64,24,8.87,0
ps:aleatoire:33,ps,aleatoire,1,false,9.83,24,9.02,0
ps:aleatoire:34,ps,aleatoire,0,false,-0.02,24,9.06,0
ps:aleatoire:35,ps,aleatoire,0,false,15.66,24,8.96,0
ps:aleatoire:36,ps,aleatoire,0,false,10.36,24,9.37,0
ps:aleatoire:37,ps,aleatoire,0,false,11.64,25,9,0
ps:aleatoire:38,ps,aleatoire,0,false,9.43,24,9.17,0
ps:aleatoire:39,ps,aleatoire,0,false,9.99,24,8.81,0
ps:aleatoire:40,ps,aleatoire,1,false,15.05,24,9.1,0
ps:aleatoire:41,ps,aleatoire,0,false,11.76,25,9.2,0
ps:aleatoire:42,ps,aleatoire,1,false,9.02,24,8.87,0
ps:aleatoire:43,ps,aleatoire,0,false,10.3,25,9.08,0
ps:aleatoire:44,ps,aleatoire,0,false,8.93,25,9.21,0
ps:aleatoire:45,ps,aleatoire,0,false,12.29,25,9.29,0
ps:aleatoire:46,ps,aleatoire,1,false,17.94,24,11.05,0
ps:aleatoire:47,ps,aleatoire,0,false,9.14,24,8.87,0
ps:aleatoire:48,ps,aleatoire,1,false,9.56,24,9.1,0
ps:aleatoire:49,ps,aleatoire,2,false,12.25,24,10.28,0
ps:aleatoire:50,ps,aleatoire,0,false,9.77,24,9.03,0
ps:aleatoire:51,ps,aleatoire,1,false,-0.25,24,9.18,0
ps:aleatoire:52,ps,aleatoire,0,false,15.53,24,8.91,0
ps:aleatoire:53,ps,aleatoire,0,false,8.64,24,8.95,0
ps:aleatoire:54,ps,aleatoire,0,false,9.96,24,9.59,0
ps:aleatoire:55,ps,aleatoire,0,false,10.76,24,8.95,0
ps:aleatoire:56,ps,aleatoire,0,false,10.09,24,9.07,0
ps:aleatoire:57,ps,aleatoire,0,false,10.56,30,9.19,0
ps:aleatoire:58,ps,aleatoire,1,false,20.3,8,37.48,32.81
ps:aleatoire:59,ps,aleatoire,1,false,9.78,24,9.02,0
ps:aleatoire:60,ps,aleatoire,0,false,0.86,24,10.4,0
ps:aleatoire:61,ps,aleatoire,0,false,8.88,24,9.17,0
ps:aleatoire:62,ps,aleatoire,0,false,11.35,24,9.95,0
ps:aleatoire:63,ps,aleatoire,1,false,16.23,25,8.96,0
ps:aleatoire:64,ps,aleatoire,0,false,15.52,24,9.08,0
ps:aleatoire:65,ps,aleatoire,0,false,6.63,24,9.64,0
ps:aleatoire:66,ps,aleatoire,1,false,9.4,24,9.08,0
ps:aleatoire:67,ps,aleatoire,0,false,10.65,24,8.94,0
ps:aleatoire:68,ps,aleatoire,0,false,10.05,24,9.13,0
ps:aleatoire:69,ps,aleatoire,0,false,8.61,24,9,0
ps:aleatoire:70,ps,aleatoire,0,false,10.12,24,9.96,0
ps:aleatoire:71,ps,aleatoire,0,false,10.7,24,11,0
ps:aleatoire:72,ps,aleatoire,1,false,17.06,24,8.91,0
ps:aleatoire:73,ps,aleatoire,0,false,16.09,24,8.99,0
ps:aleatoire:74,ps,aleatoire,0,false,9.4,24,8.91,0
ps:aleatoire:75,ps,aleatoire,0,false,10.49,24,9.56,0
ps:aleatoire:76,ps,aleatoire,0,false,8.23,24,9.03,0
ps:aleatoire:77,ps,aleatoire,0,false,9.13,24,8.97,0
ps:aleatoire:78,ps,aleatoire,0,false,9.12,24,9.25,0
ps:aleatoire:79,ps,aleatoire,0,false,10.89,24,9.13,0
ps:aleatoire:80,ps,aleatoire,0,false,9.88,24,9.07,0
ps:aleatoire:81,ps,aleatoire,0,false,5.77,24,9,0
ps:aleatoire:82,ps,aleatoire,0,false,8.07,30,8.89,0
ps:aleatoire:83,ps,aleatoire,0,false,12.19,24,8.88,0
ps:aleatoire:84,ps,aleatoire,0,false,10.21,24,8.92,0
ps:aleatoire:85,ps,aleatoire,0,false,10.15,24,8.97,0
ps:aleatoire:86,ps,aleatoire,1,false,10.02,24,9.93,0
ps:aleatoire:87,ps,aleatoire,1,false,13.21,24,8.92,0
ps:aleatoire:88,ps,aleatoire,0,false,9.84,24,8.91,0
ps:aleatoire:89,ps,aleatoire,0,false,9.01,24,8.91,0
ps:aleatoire:90,ps,aleatoire,1,false,10.28,24,9.18,0
ps:aleatoire:91,ps,aleatoire,0,false,10.47,24,9.52,0
ps:aleatoire:92,ps,aleatoire,0,false,10.21,24,8.93,0
ps:aleatoire:93,ps,aleatoire,1,false,16.21,24,9.02,0
ps:aleatoire:94,ps,aleatoire,0,false,9.56,24,9.1,0
ps:aleatoire:95,ps,aleatoire,1,false,9.89,24,9.35,0
ps:aleatoire:96,ps,aleatoire,0,false,10.06,24,9.4,0
ps:aleatoire:97,ps,aleatoire,0,false,16.71,24,8.87,0
ps:aleatoire:98,ps,aleatoire,0,false,16.85,24,9.43,0
ps:aleatoire:99,ps,aleatoire,1,false,10.24,25,8.89,0
ps:aleatoire:100,ps,aleatoire,0,false,10.52,24,9.18,0
ps:aleatoire:101,ps,aleatoire,0,false,15.9,24,8.93,0
ps:aleatoire:102,ps,aleatoire,0,false,16.39,28,8.89,0
ps:aleatoire:103,ps,aleatoire,1,false,10.58,26,9.11,0
ps:aleatoire:104,ps,aleatoire,0,false,15.63,24,9,0
ps:aleatoire:105,ps,aleatoire,1,false,10.22,24,8.99,0
ps:aleatoire:106,ps,aleatoire,0,false,9.4,24,8.9,0
ps:aleatoire:107,ps,aleatoire,0,false,10.47,24,8.81,0
ps:aleatoire:108,ps,aleatoire,0,false,9.47,24,8.91,0
ps:aleatoire:109,ps,aleatoire,0,false,9.18,25,9.1,0
ps:aleatoire:110,ps,aleatoire,1,false,15.17,24,8.99,0
ps:aleatoire:111,ps,aleatoire,0,false,8.59,24,8.91,0
ps:aleatoire:112,ps,aleatoire,0,false,10.03,24,8.91,0
ps:aleatoire:113,ps,aleatoire,1,false,10.07,24,9.63,0
ps:aleatoire:114,ps,aleatoire,0,false,6.07,24,9.04,0
ps:aleatoire:115,ps,aleatoire,0,false,9.62,24,9.11,0
ps:aleatoire:116,ps,aleatoire,0,false,9.78,24,9.01,0
ps:aleatoire:117,ps,aleatoire,1,false,0.69,24,10.44,0
ps:aleatoire:118,ps,aleatoire,1,false,10.46,24,8.99,0
ps:aleatoire:119,ps,aleatoire,0,false,10.82,24,8.83,0
ps:aleatoire:120,ps,aleatoire,0,false,10.17,24,9,0
ps:aleatoire:121,ps,aleatoire,1,false,14.61,24,9.12,0
ps:aleatoire:122,ps,aleatoire,1,false,14.41,26,8.87,0
ps:aleatoire:123,ps,aleatoire,0,false,10.63,24,8.99,0
ps:aleatoire:124,ps,aleatoire,0,false,9.3,24,9.15,0
ps:aleatoire:125,ps,aleatoire,0,false,9.79,24,8.94,0
ps:aleatoire:126,ps,aleatoire,0,false,9.27,30,9.1,0
ps:aleatoire:127,ps,aleatoire,1,false,10.9,26,9.09,0
ps:aleatoire:128,ps,aleatoire,1,false,-0.03,24,9.1,0
ps:aleatoire:129,ps,aleatoire,0,false,7.67,24,9.03,0
ps:aleatoire:130,ps,aleatoire,0,false,10.29,26,9.95,0
ps:aleatoire:131,ps,aleatoire,0,false,9.04,24,8.94,0
ps:aleatoire:132,ps,aleatoire,0,false,10.37,24,8.84,0
ps:aleatoire:133,ps,aleatoire,0,false,9.38,24,9.02,0
ps:aleatoire:134,ps,aleatoire,0,false,19.28,24,9.03,0
ps:aleatoire:135,ps,aleatoire,1,false,16.59,24,8.86,0
ps:aleatoire:136,ps,aleatoire,0,false,16.57,25,9.21,0
ps:aleatoire:137,ps,aleatoire,1,false,10.82,24,8.9,0
ps:aleatoire:138,ps,aleatoire,0,false,14.51,24,8.98,0
ps:aleatoire:139,ps,aleatoire,1,false,16.23,24,10.65,0
ps:aleatoire:140,ps,aleatoire,1,false,9.55,24,9.01,0
ps:aleatoire:141,ps,aleatoire,0,false,9.15,24,9.02,0
ps:aleatoire:142,ps,aleatoire,1,false,15.52,24,8.84,0
ps:aleatoire:143,ps,aleatoire,0,false,10.37,24,8.99,0
ps:aleatoire:144,ps,aleatoire,0,false,8.92,24,9,0
ps:aleatoire:145,ps,aleatoire,0,false,16.92,24,9.03,0
ps:aleatoire:146,ps,aleatoire,0,false,9.09,24,9.07,0
ps:aleatoire:147,ps,aleatoire,0,false,15.34,24,8.93,0
ps:aleatoire:148,ps,aleatoire,0,false,10.54,24,9.72,0
ps:aleatoire:149,ps,aleatoire,0,false,10.2,24,9.2,0
ps:prudent:0,ps,prudent,1,false,10.34,24,9.51,0
ps:prudent:1,ps,prudent,1,false,9.17,24,9.17,0
ps:prudent:2,ps,prudent,0,false,10.86,24,8.97,0
ps:prudent:3,ps,prudent,1,false,10.61,24,9.11,0
ps:prudent:4,ps,prudent,1,false,10.72,24,8.98,0
ps:prudent:5,ps,prudent,0,false,11.23,24,9.46,0
ps:prudent:6,ps,prudent,0,false,9.6,24,9.02,0
ps:prudent:7,ps,prudent,0,false,10.66,24,8.89,0
ps:prudent:8,ps,prudent,0,false,10.41,24,9.01,0
ps:prudent:9,ps,prudent,0,false,10.23,24,9.36,0
ps:prudent:10,ps,prudent,0,false,12.01,24,9.03,0
ps:prudent:11,ps,prudent,1,false,10.49,24,9.25,0
ps:prudent:12,ps,prudent,0,false,10.18,24,8.81,0
ps:prudent:13,ps,prudent,1,false,9.95,24,8.92,0
ps:prudent:14,ps,prudent,1,false,11.22,24,8.85,0
ps:prudent:15,ps,prudent,1,false,10.8,24,8.94,0
ps:prudent:16,ps,prudent,0,false,11.34,24,9.92,0
ps:prudent:17,ps,prudent,0,false,10.61,24,8.88,0
ps:prudent:18,ps,prudent,0,false,10.39,24,8.98,0
ps:prudent:19,ps,prudent,0,false,10.6,24,9.05,0
ps:prudent:20,ps,prudent,1,false,10.71,24,8.94,0
ps:prudent:21,ps,prudent,0,false,9.84,24,9.04,0
ps:prudent:22,ps,prudent,0,false,9.69,24,8.89,0
ps:prudent:23,ps,prudent,1,false,9.64,24,9.05,0
ps:prudent:24,ps,prudent,0,false,10.06,30,8.88,0
ps:prudent:25,ps,prudent,0,false,10.57,26,9.04,0
ps:prudent:26,ps,prudent,0,false,7.09,30,9.18,0
ps:prudent:27,ps,prudent,0,false,8.51,30,8.86,0
ps:prudent:28,ps,prudent,0,false,10.38,24,8.94,0
ps:prudent:29,ps,prudent,0,false,9.07,24,8.88,0
ps:prudent:30,ps,prudent,0,false,10.34,24,9.04,0
ps:prudent:31,ps,prudent,0,false,9.74,24,8.88,0
ps:prudent:32,ps,prudent,0,false,11.15,24,9.9,0
ps:prudent:33,ps,prudent,0,false,10.82,30,9.01,0
ps:prudent:34,ps,prudent,0,false,11.17,24,9.06,0
ps:prudent:35,ps,prudent,0,false,10.11,24,8.99,0
ps:prudent:36,ps,prudent,1,false,9.59,25,8.84,0
ps:prudent:37,ps,prudent,0,false,10.69,24,8.93,0
ps:prudent:38,ps,prudent,0,false,10.28,24,9.05,0
ps:prudent:39,ps,prudent,1,false,9.95,24,9.03,0
ps:prudent:40,ps,prudent,0,false,9.97,24,9.04,0
ps:prudent:41,ps,prudent,0,false,9.38,24,8.96,0
ps:prudent:42,ps,prudent,0,false,11.04,24,8.94,0
ps:prudent:43,ps,prudent,0,false,10.14,24,9.11,0
ps:prudent:44,ps,prudent,0,false,10.42,24,8.84,0
ps:prudent:45,ps,prudent,1,false,9.59,24,8.92,0
ps:prudent:46,ps,prudent,0,false,10.45,24,9.1,0
ps:prudent:47,ps,prudent,0,false,11.55,24,8.94,0
ps:prudent:48,ps,prudent,0,false,10.75,24,9.05,0
ps:prudent:49,ps,prudent,0,false,9.79,24,9.02,0
ps:prudent:50,ps,prudent,0,false,9.53,24,8.94,0
ps:prudent:51,ps,prudent,0,false,9.32,24,8.94,0
ps:prudent:52,ps,prudent,0,false,11.59,24,8.94,0
ps:prudent:53,ps,prudent,1,false,9.83,24,8.99,0
ps:prudent:54,ps,prudent,2,false,10.84,24,9.37,0
ps:prudent:55,ps,prudent,0,false,9.3,24,9.13,0
ps:prudent:56,ps,prudent,0,false,10.51,24,9.04,0
ps:prudent:57,ps,prudent,0,false,10.59,24,8.88,0
ps:prudent:58,ps,prudent,0,false,11.28,24,8.9,0
ps:prudent:59,ps,prudent,0,false,9.35,24,9.92,0
ps:prudent:60,ps,prudent,0,false,9.78,24,9.06,0
ps:prudent:61,ps,prudent,0,false,10.93,24,8.88,0
ps:prudent:62,ps,prudent,0,false,12.84,24,10.58,0
ps:prudent:63,ps,prudent,0,false,9.69,24,8.96,0
ps:prudent:64,ps,prudent,0,false,10.1,24,8.87,0
ps:prudent:65,ps,prudent,0,false,11.08,24,9.08,0
ps:prudent:66,ps,prudent,0,false,11.09,24,8.97,0
ps:prudent:67,ps,prudent,1,false,10.33,24,8.86,0
ps:prudent:68,ps,prudent,0,false,10.43,24,8.99,0
ps:prudent:69,ps,prudent,0,false,9.83,24,8.86,0
ps:prudent:70,ps,prudent,0,false,11.23,26,8.99,0
ps:prudent:71,ps,prudent,0,false,10.41,24,9.2,0
ps:prudent:72,ps,prudent,0,false,10.38,24,9.03,0
ps:prudent:73,ps,prudent,0,false,11.51,24,8.95,0
ps:prudent:74,ps,prudent,0,false,11.34,24,10.33,0
ps:prudent:75,ps,prudent,1,false,10.46,24,8.97,0
ps:prudent:76,ps,prudent,0,false,9.77,24,9.1,0
ps:prudent:77,ps,prudent,0,false,10.44,30,8.91,0
ps:prudent:78,ps,prudent,0,false,9.8,24,9.27,0
ps:prudent:79,ps,prudent,0,false,10.68,24,8.97,0
ps:prudent:80,ps,prudent,0,false,7.25,26,8.96,0
ps:prudent:81,ps,prudent,0,false,9.57,24,8.95,0
ps:prudent:82,ps,prudent,0,false,7.64,27,8.85,0
ps:prudent:83,ps,prudent,0,false,11.12,24,8.93,0
ps:prudent:84,ps,prudent,1,false,9.97,24,9.37,0
ps:prudent:85,ps,prudent,0,false,10.51,24,8.9,0
ps:prudent:86,ps,prudent,0,false,11.14,24,9.15,0
ps:prudent:87,ps,prudent,1,false,8.92,30,8.95,0
ps:prudent:88,ps,prudent,0,false,10.48,24,8.84,0
ps:prudent:89,ps,prudent,0,false,12.07,24,9.11,0
ps:prudent:90,ps,prudent,0,false,10.33,24,9.02,0
ps:prudent:91,ps,prudent,0,false,10.17,24,9.34,0
ps:prudent:92,ps,prudent,0,false,10.68,24,8.83,0
ps:prudent:93,ps,prudent,0,false,10.56,24,9.94,0
ps:prudent:94,ps,prudent,0,false,10.2,24,8.9,0
ps:prudent:95,ps,prudent,0,false,10.63,24,9.1,0
ps:prudent:96,ps,prudent,0,false,10.28,24,9,0
ps:prudent:97,ps,prudent,0,false,11.74,24,8.85,0
ps:prudent:98,ps,prudent,0,false,11.61,24,9.87,0
ps:prudent:99,ps,prudent,0,false,11.9,24,8.88,0
ps:prudent:100,ps,prudent,1,false,11.29,30,8.92,0
ps:prudent:101,ps,prudent,0,false,12.1,26,8.91,0
ps:prudent:102,ps,prudent,0,false,10.23,24,8.89,0
ps:prudent:103,ps,prudent,1,false,10.92,24,9.08,0
ps:prudent:104,ps,prudent,0,false,9.81,24,9.11,0
ps:prudent:105,ps,prudent,1,false,9.59,24,8.95,0
ps:prudent:106,ps,prudent,0,false,9.96,24,8.95,0
ps:prudent:107,ps,prudent,0,false,10.32,24,8.78,0
ps:prudent:108,ps,prudent,0,false,9.32,24,9.94,0
ps:prudent:109,ps,prudent,0,false,9.74,24,8.85,0
ps:prudent:110,ps,prudent,0,false,11.32,24,8.97,0
ps:prudent:111,ps,prudent,1,false,10.01,24,8.91,0
ps:prudent:112,ps,prudent,0,false,10.38,24,8.91,0
ps:prudent:113,ps,prudent,0,false,11.21,30,9.34,0
ps:prudent:114,ps,prudent,0,false,9.71,24,8.95,0
ps:prudent:115,ps,prudent,0,false,10.71,24,9.04,0
ps:prudent:116,ps,prudent,0,false,9.86,24,8.81,0
ps:prudent:117,ps,prudent,1,false,11.13,24,8.93,0
ps:prudent:118,ps,prudent,0,false,10.38,24,8.9,0
ps:prudent:119,ps,prudent,1,false,9.69,24,8.88,0
ps:prudent:120,ps,prudent,0,false,10.6,24,8.91,0
ps:prudent:121,ps,prudent,0,false,9.41,24,8.92,0
ps:prudent:122,ps,prudent,0,false,10.37,25,8.84,0
ps:prudent:123,ps,prudent,1,false,10.06,24,9.07,0
ps:prudent:124,ps,prudent,1,false,11.1,24,8.89,0
ps:prudent:125,ps,prudent,0,false,11.14,24,10.3,0
ps:prudent:126,ps,prudent,0,false,10.02,24,9.79,0
ps:prudent:127,ps,prudent,0,false,11.03,24,9.75,0
ps:prudent:128,ps,prudent,0,false,9.63,24,9.23,0
ps:prudent:129,ps,prudent,0,false,10.94,24,9.16,0
ps:prudent:130,ps,prudent,0,false,9.92,24,9.41,0
ps:prudent:131,ps,prudent,0,false,10.52,24,8.88,0
ps:prudent:132,ps,prudent,1,false,11.55,25,9.47,0
ps:prudent:133,ps,prudent,1,false,9.54,24,9.04,0
ps:prudent:134,ps,prudent,0,false,10.22,24,8.91,0
ps:prudent:135,ps,prudent,0,false,13.21,24,9,0
ps:prudent:136,ps,prudent,0,false,10.19,24,8.96,0
ps:prudent:137,ps,prudent,0,false,10.12,24,8.92,0
ps:prudent:138,ps,prudent,0,false,9.84,24,8.89,0
ps:prudent:139,ps,prudent,0,false,11.51,24,8.78,0
ps:prudent:140,ps,prudent,0,false,11.75,24,9.42,0
ps:prudent:141,ps,prudent,0,false,9.38,26,9.14,0
ps:prudent:142,ps,prudent,0,false,10.76,24,9.12,0
ps:prudent:143,ps,prudent,0,false,10.22,24,8.97,0
ps:prudent:144,ps,prudent,1,false,10.63,24,9.03,0
ps:prudent:145,ps,prudent,0,false,9.24,24,8.99,0
ps:prudent:146,ps,prudent,0,false,20.15,2,30.45,30.84
ps:prudent:147,ps,prudent,1,false,10.56,24,8.87,0
ps:prudent:148,ps,prudent,1,false,10.58,25,8.97,0
ps:prudent:149,ps,prudent,0,false,9.37,24,9.04,0
ps:risque:0,ps,risque,0,false,9.52,25,8.79,0
ps:risque:1,ps,risque,0,false,10.48,24,9.1,0
ps:risque:2,ps,risque,0,false,11.3,24,9.59,0
ps:risque:3,ps,risque,0,false,9.15,24,9.1,0
ps:risque:4,ps,risque,0,false,10.16,24,8.85,0
ps:risque:5,ps,risque,0,false,10.81,24,8.97,0
ps:risque:6,ps,risque,1,false,12.86,30,9.02,0
ps:risque:7,ps,risque,0,false,10.34,24,9,0
ps:risque:8,ps,risque,0,false,10.53,24,8.89,0
ps:risque:9,ps,risque,1,false,9.76,24,8.9,0
ps:risque:10,ps,risque,0,false,10.11,24,8.97,0
ps:risque:11,ps,risque,0,false,9.71,24,9.08,0
ps:risque:12,ps,risque,1,false,10.53,24,8.87,0
ps:risque:13,ps,risque,0,false,11.09,24,9.06,0
ps:risque:14,ps,risque,0,false,10.35,24,9.5,0
ps:risque:15,ps,risque,0,false,10.35,25,9.07,0
ps:risque:16,ps,risque,1,false,11.25,24,9.07,0
ps:risque:17,ps,risque,0,false,10.12,24,8.82,0
ps:risque:18,ps,risque,0,false,10.86,24,9.02,0
ps:risque:19,ps,risque,0,false,12.56,24,9.7,0
ps:risque:20,ps,risque,0,false,9.18,24,9.82,0
ps:risque:21,ps,risque,0,false,10.61,24,9.78,0
ps:risque:22,ps,risque,0,false,11.26,24,9.48,0
ps:risque:23,ps,risque,0,false,10.32,24,9.05,0
ps:risque:24,ps,risque,1,false,10.22,24,8.91,0
ps:risque:25,ps,risque,0,false,10.52,25,9.02,0
ps:risque:26,ps,risque,1,false,10.14,26,9.05,0
ps:risque:27,ps,risque,0,false,11.71,26,8.86,0
ps:risque:28,ps,risque,1,false,11.48,24,9.1,0
ps:risque:29,ps,risque,0,false,10.81,24,9.09,0
ps:risque:30,ps,risque,0,false,10.84,24,8.92,0
ps:risque:31,ps,risque,0,false,10.12,24,9.11,0
ps:risque:32,ps,risque,0,false,11.26,24,8.93,0
ps:risque:33,ps,risque,1,false,11.12,24,8.96,0
ps:risque:34,ps,risque,0,false,10.52,24,8.92,0
ps:risque:35,ps,risque,0,false,11.04,24,9.05,0
ps:risque:36,ps,risque,0,false,9.6,27,8.87,0
ps:risque:37,ps,risque,1,false,10.66,24,8.88,0
ps:risque:38,ps,risque,0,false,11.73,24,8.96,0
ps:risque:39,ps,risque,1,false,10.09,24,9.08,0
ps:risque:40,ps,risque,0,false,10.05,24,8.98,0
ps:risque:41,ps,risque,0,false,10.44,24,8.88,0
ps:risque:42,ps,risque,1,false,8.84,24,8.88,0
ps:risque:43,ps,risque,0,false,10.29,25,8.96,0
ps:risque:44,ps,risque,0,false,10.11,24,9.83,0
ps:risque:45,ps,risque,0,false,10.85,24,9.03,0
ps:risque:46,ps,risque,0,false,10.5,24,8.94,0
ps:risque:47,ps,risque,1,false,10.43,24,8.84,0
ps:risque:48,ps,risque,0,false,10.23,24,9.16,0
ps:risque:49,ps,risque,1,false,10.72,24,9.04,0
ps:risque:50,ps,risque,0,false,10.29,24,8.96,0
ps:risque:51,ps,risque,0,false,10.91,24,9.36,0
ps:risque:52,ps,risque,0,false,12.34,27,8.81,0
ps:risque:53,ps,risque,0,false,10.13,24,8.99,0
ps:risque:54,ps,risque,0,false,10.54,24,8.91,0
ps:risque:55,ps,risque,1,false,10.27,24,8.99,0
ps:risque:56,ps,risque,0,false,9.78,24,9.05,0
ps:risque:57,ps,risque,0,false,11.36,24,8.86,0
ps:risque:58,ps,risque,0,false,9.41,26,9,0
ps:risque:59,ps,risque,0,false,10.15,24,9.37,0
ps:risque:60,ps,risque,0,false,10.36,24,8.96,0
ps:risque:61,ps,risque,0,false,9.85,26,9.11,0
ps:risque:62,ps,risque,0,false,10.8,24,8.87,0
ps:risque:63,ps,risque,0,false,15.98,24,8.89,0
ps:risque:64,ps,risque,0,false,10.31,24,8.94,0
ps:risque:65,ps,risque,0,false,11.05,24,10.09,0
ps:risque:66,ps,risque,0,false,20.36,0,33.82,32.76
ps:risque:67,ps,risque,0,false,9.93,24,8.89,0
ps:risque:68,ps,risque,0,false,11.2,24,9.92,0
ps:risque:69,ps,risque,0,false,10.68,24,8.86,0
ps:risque:70,ps,risque,0,false,10.37,24,8.94,0
ps:risque:71,ps,risque,0,false,9.91,24,9.04,0
ps:risque:72,ps,risque,0,false,10.52,24,8.9,0
ps:risque:73,ps,risque,0,false,10.71,24,9.76,0
ps:risque:74,ps,risque,0,false,10.21,24,9.02,0
ps:risque:75,ps,risque,0,false,9.41,24,9.06,0
ps:risque:76,ps,risque,0,false,9.87,24,9.75,0
ps:risque:77,ps,risque,0,false,10.29,26,8.88,0
ps:risque:78,ps,risque,1,false,11.4,24,8.97,0
ps:risque:79,ps,risque,0,false,10.7,24,8.88,0
ps:risque:80,ps,risque,0,false,10.92,24,9.03,0
ps:risque:81,ps,risque,0,false,8.95,24,9.03,0
ps:risque:82,ps,risque,1,false,12.74,26,8.93,0
ps:risque:83,ps,risque,0,false,10.28,24,9.07,0
ps:risque:84,ps,risque,0,false,10.06,24,9.2,0
ps:risque:85,ps,risque,0,false,10.56,24,9.01,0
ps:risque:86,ps,risque,0,false,10.62,24,9.02,0
ps:risque:87,ps,risque,0,false,10.95,24,8.88,0
ps:risque:88,ps,risque,1,false,10.25,25,9,0
ps:risque:89,ps,risque,0,false,10.48,24,8.96,0
ps:risque:90,ps,risque,1,false,10.95,24,8.93,0
ps:risque:91,ps,risque,1,false,10.52,26,9.1,0
ps:risque:92,ps,risque,1,false,10.51,24,8.8,0
ps:risque:93,ps,risque,0,false,10.3,24,8.87,0
ps:risque:94,ps,risque,0,false,10.46,24,9.07,0
ps:risque:95,ps,risque,0,false,10.34,24,9.05,0
ps:risque:96,ps,risque,0,false,11.61,24,8.98,0
ps:risque:97,ps,risque,0,false,10.62,24,8.86,0
ps:risque:98,ps,risque,0,false,11.14,24,9.03,0
ps:risque:99,ps,risque,0,false,10.7,26,10.37,0
ps:risque:100,ps,risque,0,false,10.32,24,9.04,0
ps:risque:101,ps,risque,0,false,10.43,24,8.83,0
ps:risque:102,ps,risque,0,false,11.09,24,8.89,0
ps:risque:103,ps,risque,0,false,10.47,24,9.1,0
ps:risque:104,ps,risque,0,false,10.76,24,9.09,0
ps:risque:105,ps,risque,0,false,11.25,24,9.36,0
ps:risque:106,ps,risque,0,false,9.51,24,9.14,0
ps:risque:107,ps,risque,1,false,10.2,24,8.83,0
ps:risque:108,ps,risque,0,false,9.49,24,8.86,0
ps:risque:109,ps,risque,1,false,10.95,24,9.02,0
ps:risque:110,ps,risque,0,false,10.86,24,8.97,0
ps:risque:111,ps,risque,1,false,11.82,24,10.84,0
ps:risque:112,ps,risque,0,false,10.76,24,8.93,0
ps:risque:113,ps,risque,1,false,10.85,24,9.04,0
ps:risque:114,ps,risque,0,false,19.61,11,42.12,40.51
ps:risque:115,ps,risque,1,false,9.97,24,9.04,0
ps:risque:116,ps,risque,0,false,10.33,25,8.9,0
ps:risque:117,ps,risque,0,false,11.47,24,8.85,0
ps:risque:118,ps,risque,0,false,10.29,24,8.99,0
ps:risque:119,ps,risque,0,false,11.74,24,8.89,0
ps:risque:120,ps,risque,1,false,10.85,24,9.04,0
ps:risque:121,ps,risque,0,false,10.44,24,8.83,0
ps:risque:122,ps,risque,0,false,10.99,24,8.93,0
ps:risque:123,ps,risque,1,false,9.23,24,8.91,0
ps:risque:124,ps,risque,0,false,10.53,26,9.05,0
ps:risque:125,ps,risque,0,false,11.15,24,9.4,0
ps:risque:126,ps,risque,1,false,9.43,24,9.06,0
ps:risque:127,ps,risque,0,false,11.47,24,8.89,0
ps:risque:128,ps,risque,0,false,10.88,24,8.94,0
ps:risque:129,ps,risque,0,false,11.18,24,8.87,0
ps:risque:130,ps,risque,0,false,10.46,24,8.98,0
ps:risque:131,ps,risque,0,false,10.93,24,9,0
ps:risque:132,ps,risque,0,false,9.65,24,8.86,0
ps:risque:133,ps,risque,1,false,10.44,25,9.11,0
ps:risque:134,ps,risque,0,false,11.4,24,8.99,0
ps:risque:135,ps,risque,1,false,10.14,24,8.86,0
ps:risque:136,ps,risque,0,false,11.09,24,8.96,0
ps:risque:137,ps,risque,0,false,10.8,24,9.94,0
ps:risque:138,ps,risque,1,false,10.74,24,8.88,0
ps:risque:139,ps,risque,1,false,11.07,24,8.95,0
ps:risque:140,ps,risque,0,false,10.96,24,8.99,0
ps:risque:141,ps,risque,1,false,9.78,24,9.06,0
ps:risque:142,ps,risque,0,false,10.76,24,8.93,0
ps:risque:143,ps,risque,0,false,10.46,24,9.06,0
ps:risque:144,ps,risque,0,false,11.42,24,8.96,0
ps:risque:145,ps,risque,1,false,9.8,24,9.03,0
ps:risque:146,ps,risque,0,false,10.43,25,8.99,0
ps:risque:147,ps,risque,0,false,11.43,24,8.82,0
ps:risque:148,ps,risque,0,false,10.85,24,9,0
ps:risque:149,ps,risque,0,false,11,24,8.92,0
ps:ideologiquement_coherent:0,ps,ideologiquement_coherent,0,false,16.3,24,8.94,0
ps:ideologiquement_coherent:1,ps,ideologiquement_coherent,1,false,9.53,24,8.87,0
ps:ideologiquement_coherent:2,ps,ideologiquement_coherent,1,false,10.37,24,8.91,0
ps:ideologiquement_coherent:3,ps,ideologiquement_coherent,0,false,16.82,24,9.09,0
ps:ideologiquement_coherent:4,ps,ideologiquement_coherent,0,false,16.76,24,8.82,0
ps:ideologiquement_coherent:5,ps,ideologiquement_coherent,0,false,16.46,24,8.9,0
ps:ideologiquement_coherent:6,ps,ideologiquement_coherent,0,false,16.41,30,8.9,0
ps:ideologiquement_coherent:7,ps,ideologiquement_coherent,1,false,10.68,24,9.16,0
ps:ideologiquement_coherent:8,ps,ideologiquement_coherent,0,false,11.85,24,9.06,0
ps:ideologiquement_coherent:9,ps,ideologiquement_coherent,0,false,16.85,24,9.04,0
ps:ideologiquement_coherent:10,ps,ideologiquement_coherent,1,false,10.3,24,9.1,0
ps:ideologiquement_coherent:11,ps,ideologiquement_coherent,0,false,11.28,24,10.34,0
ps:ideologiquement_coherent:12,ps,ideologiquement_coherent,0,false,17.14,24,9.54,0
ps:ideologiquement_coherent:13,ps,ideologiquement_coherent,1,false,16.09,24,9.49,0
ps:ideologiquement_coherent:14,ps,ideologiquement_coherent,0,false,17.94,24,8.87,0
ps:ideologiquement_coherent:15,ps,ideologiquement_coherent,0,false,18,24,10.12,0
ps:ideologiquement_coherent:16,ps,ideologiquement_coherent,0,false,17.03,24,8.9,0
ps:ideologiquement_coherent:17,ps,ideologiquement_coherent,0,false,11.12,24,8.88,0
ps:ideologiquement_coherent:18,ps,ideologiquement_coherent,0,false,10.18,24,9.05,0
ps:ideologiquement_coherent:19,ps,ideologiquement_coherent,0,false,11.15,24,9.01,0
ps:ideologiquement_coherent:20,ps,ideologiquement_coherent,0,false,10.73,24,8.97,0
ps:ideologiquement_coherent:21,ps,ideologiquement_coherent,0,false,11.12,24,9.05,0
ps:ideologiquement_coherent:22,ps,ideologiquement_coherent,1,false,10.39,24,8.87,0
ps:ideologiquement_coherent:23,ps,ideologiquement_coherent,1,false,16.98,24,9.04,0
ps:ideologiquement_coherent:24,ps,ideologiquement_coherent,0,false,16.88,24,9.01,0
ps:ideologiquement_coherent:25,ps,ideologiquement_coherent,0,false,11.26,24,8.85,0
ps:ideologiquement_coherent:26,ps,ideologiquement_coherent,1,false,10.73,24,9.02,0
ps:ideologiquement_coherent:27,ps,ideologiquement_coherent,0,false,10.4,24,8.96,0
ps:ideologiquement_coherent:28,ps,ideologiquement_coherent,0,false,11.57,24,8.97,0
ps:ideologiquement_coherent:29,ps,ideologiquement_coherent,1,false,15.53,24,9.3,0
ps:ideologiquement_coherent:30,ps,ideologiquement_coherent,0,false,11.42,24,8.98,0
ps:ideologiquement_coherent:31,ps,ideologiquement_coherent,0,false,10.05,24,9.23,0
ps:ideologiquement_coherent:32,ps,ideologiquement_coherent,1,false,12.82,24,9.08,0
ps:ideologiquement_coherent:33,ps,ideologiquement_coherent,0,false,11.59,24,9.14,0
ps:ideologiquement_coherent:34,ps,ideologiquement_coherent,1,false,11.8,24,8.89,0
ps:ideologiquement_coherent:35,ps,ideologiquement_coherent,1,false,16.96,24,9.41,0
ps:ideologiquement_coherent:36,ps,ideologiquement_coherent,0,false,10.6,30,8.85,0
ps:ideologiquement_coherent:37,ps,ideologiquement_coherent,0,false,11.57,24,8.88,0
ps:ideologiquement_coherent:38,ps,ideologiquement_coherent,0,false,11.52,24,9,0
ps:ideologiquement_coherent:39,ps,ideologiquement_coherent,0,false,8.5,26,8.86,0
ps:ideologiquement_coherent:40,ps,ideologiquement_coherent,0,false,16.19,24,8.95,0
ps:ideologiquement_coherent:41,ps,ideologiquement_coherent,0,false,10.4,30,9.03,0
ps:ideologiquement_coherent:42,ps,ideologiquement_coherent,0,false,10.86,24,9.4,0
ps:ideologiquement_coherent:43,ps,ideologiquement_coherent,1,false,17.8,25,8.99,0
ps:ideologiquement_coherent:44,ps,ideologiquement_coherent,1,false,11.04,24,9.39,0
ps:ideologiquement_coherent:45,ps,ideologiquement_coherent,0,false,12.12,24,9.1,0
ps:ideologiquement_coherent:46,ps,ideologiquement_coherent,0,false,10.53,30,8.96,0
ps:ideologiquement_coherent:47,ps,ideologiquement_coherent,0,false,18.94,24,8.82,0
ps:ideologiquement_coherent:48,ps,ideologiquement_coherent,0,false,11.64,24,9.29,0
ps:ideologiquement_coherent:49,ps,ideologiquement_coherent,0,false,11.22,30,9.03,0
ps:ideologiquement_coherent:50,ps,ideologiquement_coherent,0,false,11.79,24,8.92,0
ps:ideologiquement_coherent:51,ps,ideologiquement_coherent,0,false,9.9,24,8.94,0
ps:ideologiquement_coherent:52,ps,ideologiquement_coherent,0,false,11.68,24,8.93,0
ps:ideologiquement_coherent:53,ps,ideologiquement_coherent,1,false,16.81,24,9.06,0
ps:ideologiquement_coherent:54,ps,ideologiquement_coherent,0,false,17.14,24,9.03,0
ps:ideologiquement_coherent:55,ps,ideologiquement_coherent,0,false,10.38,24,8.87,0
ps:ideologiquement_coherent:56,ps,ideologiquement_coherent,0,false,10.24,24,8.8,0
ps:ideologiquement_coherent:57,ps,ideologiquement_coherent,1,false,17.01,24,8.9,0
ps:ideologiquement_coherent:58,ps,ideologiquement_coherent,0,false,16.82,24,9.01,0
ps:ideologiquement_coherent:59,ps,ideologiquement_coherent,0,false,11.82,24,9.02,0
ps:ideologiquement_coherent:60,ps,ideologiquement_coherent,0,false,9.89,24,8.94,0
ps:ideologiquement_coherent:61,ps,ideologiquement_coherent,1,false,17.1,30,9.22,0
ps:ideologiquement_coherent:62,ps,ideologiquement_coherent,0,false,16.71,24,8.92,0
ps:ideologiquement_coherent:63,ps,ideologiquement_coherent,0,false,10.82,24,8.92,0
ps:ideologiquement_coherent:64,ps,ideologiquement_coherent,0,false,16.44,24,8.99,0
ps:ideologiquement_coherent:65,ps,ideologiquement_coherent,0,false,10.13,24,8.92,0
ps:ideologiquement_coherent:66,ps,ideologiquement_coherent,0,false,10.76,24,8.98,0
ps:ideologiquement_coherent:67,ps,ideologiquement_coherent,0,false,17.46,24,9.3,0
ps:ideologiquement_coherent:68,ps,ideologiquement_coherent,1,false,10.26,24,9,0
ps:ideologiquement_coherent:69,ps,ideologiquement_coherent,1,false,16.93,24,8.93,0
ps:ideologiquement_coherent:70,ps,ideologiquement_coherent,0,false,16.6,24,8.97,0
ps:ideologiquement_coherent:71,ps,ideologiquement_coherent,1,false,16.52,24,8.91,0
ps:ideologiquement_coherent:72,ps,ideologiquement_coherent,1,false,16.85,30,8.84,0
ps:ideologiquement_coherent:73,ps,ideologiquement_coherent,1,false,17.27,24,9.16,0
ps:ideologiquement_coherent:74,ps,ideologiquement_coherent,0,false,16.45,24,8.85,0
ps:ideologiquement_coherent:75,ps,ideologiquement_coherent,0,false,10.66,24,9.54,0
ps:ideologiquement_coherent:76,ps,ideologiquement_coherent,0,false,10.86,24,9.33,0
ps:ideologiquement_coherent:77,ps,ideologiquement_coherent,0,false,12.13,24,8.78,0
ps:ideologiquement_coherent:78,ps,ideologiquement_coherent,0,false,10.28,24,8.87,0
ps:ideologiquement_coherent:79,ps,ideologiquement_coherent,0,false,17.52,24,9.02,0
ps:ideologiquement_coherent:80,ps,ideologiquement_coherent,0,false,16.85,24,8.87,0
ps:ideologiquement_coherent:81,ps,ideologiquement_coherent,0,false,10.51,24,8.94,0
ps:ideologiquement_coherent:82,ps,ideologiquement_coherent,1,false,17.33,24,8.84,0
ps:ideologiquement_coherent:83,ps,ideologiquement_coherent,0,false,10.13,24,8.86,0
ps:ideologiquement_coherent:84,ps,ideologiquement_coherent,1,false,16.76,24,8.85,0
ps:ideologiquement_coherent:85,ps,ideologiquement_coherent,0,false,16.55,24,10.5,0
ps:ideologiquement_coherent:86,ps,ideologiquement_coherent,0,false,16.63,24,9.47,0
ps:ideologiquement_coherent:87,ps,ideologiquement_coherent,1,false,17.29,24,8.88,0
ps:ideologiquement_coherent:88,ps,ideologiquement_coherent,0,false,16.61,24,8.98,0
ps:ideologiquement_coherent:89,ps,ideologiquement_coherent,0,false,17.16,24,8.88,0
ps:ideologiquement_coherent:90,ps,ideologiquement_coherent,0,false,10.93,24,15.71,14.72
ps:ideologiquement_coherent:91,ps,ideologiquement_coherent,0,false,10.57,24,8.93,0
ps:ideologiquement_coherent:92,ps,ideologiquement_coherent,0,false,12.66,24,9.94,0
ps:ideologiquement_coherent:93,ps,ideologiquement_coherent,0,false,16.04,24,9.03,0
ps:ideologiquement_coherent:94,ps,ideologiquement_coherent,0,false,16.93,24,8.96,0
ps:ideologiquement_coherent:95,ps,ideologiquement_coherent,0,false,11.43,24,8.97,0
ps:ideologiquement_coherent:96,ps,ideologiquement_coherent,0,false,16.07,24,9.1,0
ps:ideologiquement_coherent:97,ps,ideologiquement_coherent,0,false,17.34,24,8.88,0
ps:ideologiquement_coherent:98,ps,ideologiquement_coherent,0,false,16.57,24,8.83,0
ps:ideologiquement_coherent:99,ps,ideologiquement_coherent,0,false,11.16,24,9.05,0
ps:ideologiquement_coherent:100,ps,ideologiquement_coherent,1,false,11.7,24,9.09,0
ps:ideologiquement_coherent:101,ps,ideologiquement_coherent,0,false,15.69,24,8.93,0
ps:ideologiquement_coherent:102,ps,ideologiquement_coherent,0,false,12.2,24,8.89,0
ps:ideologiquement_coherent:103,ps,ideologiquement_coherent,1,false,10.01,24,9.03,0
ps:ideologiquement_coherent:104,ps,ideologiquement_coherent,0,false,11.15,24,9,0
ps:ideologiquement_coherent:105,ps,ideologiquement_coherent,0,false,10.09,24,8.83,0
ps:ideologiquement_coherent:106,ps,ideologiquement_coherent,0,false,7.99,26,8.95,0
ps:ideologiquement_coherent:107,ps,ideologiquement_coherent,0,false,11.51,24,8.9,0
ps:ideologiquement_coherent:108,ps,ideologiquement_coherent,1,false,16.05,24,9.3,0
ps:ideologiquement_coherent:109,ps,ideologiquement_coherent,0,false,17.75,24,8.96,0
ps:ideologiquement_coherent:110,ps,ideologiquement_coherent,0,false,13.68,24,9.35,0
ps:ideologiquement_coherent:111,ps,ideologiquement_coherent,0,false,12.86,24,8.89,0
ps:ideologiquement_coherent:112,ps,ideologiquement_coherent,1,false,16.5,24,8.88,0
ps:ideologiquement_coherent:113,ps,ideologiquement_coherent,0,false,16.13,24,8.99,0
ps:ideologiquement_coherent:114,ps,ideologiquement_coherent,0,false,11.3,24,9.07,0
ps:ideologiquement_coherent:115,ps,ideologiquement_coherent,0,false,16.41,24,8.92,0
ps:ideologiquement_coherent:116,ps,ideologiquement_coherent,0,false,8.97,30,9.12,0
ps:ideologiquement_coherent:117,ps,ideologiquement_coherent,0,false,11.54,24,8.89,0
ps:ideologiquement_coherent:118,ps,ideologiquement_coherent,1,false,10.46,24,8.88,0
ps:ideologiquement_coherent:119,ps,ideologiquement_coherent,0,false,9.71,24,8.96,0
ps:ideologiquement_coherent:120,ps,ideologiquement_coherent,1,false,9.52,24,9.02,0
ps:ideologiquement_coherent:121,ps,ideologiquement_coherent,1,false,16.27,24,9.08,0
ps:ideologiquement_coherent:122,ps,ideologiquement_coherent,1,false,10.47,24,8.89,0
ps:ideologiquement_coherent:123,ps,ideologiquement_coherent,1,false,16.52,24,9.48,0
ps:ideologiquement_coherent:124,ps,ideologiquement_coherent,1,false,10.53,24,9,0
ps:ideologiquement_coherent:125,ps,ideologiquement_coherent,1,false,11.13,24,8.87,0
ps:ideologiquement_coherent:126,ps,ideologiquement_coherent,0,false,16.04,29,9.06,0
ps:ideologiquement_coherent:127,ps,ideologiquement_coherent,0,false,17.01,24,8.97,0
ps:ideologiquement_coherent:128,ps,ideologiquement_coherent,0,false,11.06,24,9.28,0
ps:ideologiquement_coherent:129,ps,ideologiquement_coherent,0,false,16.86,24,9.38,0
ps:ideologiquement_coherent:130,ps,ideologiquement_coherent,0,false,10.08,24,8.9,0
ps:ideologiquement_coherent:131,ps,ideologiquement_coherent,1,false,11.09,24,8.95,0
ps:ideologiquement_coherent:132,ps,ideologiquement_coherent,0,false,11.76,24,8.88,0
ps:ideologiquement_coherent:133,ps,ideologiquement_coherent,0,false,10.17,24,8.91,0
ps:ideologiquement_coherent:134,ps,ideologiquement_coherent,0,false,12.39,24,9.1,0
ps:ideologiquement_coherent:135,ps,ideologiquement_coherent,0,false,16.64,24,8.93,0
ps:ideologiquement_coherent:136,ps,ideologiquement_coherent,0,false,18.24,24,8.93,0
ps:ideologiquement_coherent:137,ps,ideologiquement_coherent,0,false,17.43,24,9.01,0
ps:ideologiquement_coherent:138,ps,ideologiquement_coherent,0,false,11.06,24,9.08,0
ps:ideologiquement_coherent:139,ps,ideologiquement_coherent,0,false,11.09,24,9.14,0
ps:ideologiquement_coherent:140,ps,ideologiquement_coherent,0,false,10.51,24,8.99,0
ps:ideologiquement_coherent:141,ps,ideologiquement_coherent,0,false,11.66,30,9.03,0
ps:ideologiquement_coherent:142,ps,ideologiquement_coherent,1,false,10.66,24,8.77,0
ps:ideologiquement_coherent:143,ps,ideologiquement_coherent,0,false,16.23,24,9.09,0
ps:ideologiquement_coherent:144,ps,ideologiquement_coherent,0,false,17.09,24,9.14,0
ps:ideologiquement_coherent:145,ps,ideologiquement_coherent,0,false,10,24,8.93,0
ps:ideologiquement_coherent:146,ps,ideologiquement_coherent,0,false,11.29,24,8.92,0
ps:ideologiquement_coherent:147,ps,ideologiquement_coherent,0,false,17.97,25,8.93,0
ps:ideologiquement_coherent:148,ps,ideologiquement_coherent,1,false,11.18,24,8.98,0
ps:ideologiquement_coherent:149,ps,ideologiquement_coherent,0,false,15.82,24,8.89,0
ps:opportuniste_electoral:0,ps,opportuniste_electoral,0,false,9.86,24,9.08,0
ps:opportuniste_electoral:1,ps,opportuniste_electoral,0,false,15.8,24,8.93,0
ps:opportuniste_electoral:2,ps,opportuniste_electoral,0,false,16.31,24,8.91,0
ps:opportuniste_electoral:3,ps,opportuniste_electoral,0,false,9.74,24,9.03,0
ps:opportuniste_electoral:4,ps,opportuniste_electoral,0,false,10,24,8.91,0
ps:opportuniste_electoral:5,ps,opportuniste_electoral,0,false,15.58,24,9.91,0
ps:opportuniste_electoral:6,ps,opportuniste_electoral,0,false,15.24,24,9.16,0
ps:opportuniste_electoral:7,ps,opportuniste_electoral,0,false,15.82,24,8.81,0
ps:opportuniste_electoral:8,ps,opportuniste_electoral,1,false,15.74,24,9.56,0
ps:opportuniste_electoral:9,ps,opportuniste_electoral,1,false,9.27,24,8.96,0
ps:opportuniste_electoral:10,ps,opportuniste_electoral,0,false,0.09,24,9.04,0
ps:opportuniste_electoral:11,ps,opportuniste_electoral,0,false,5.69,24,8.98,0
ps:opportuniste_electoral:12,ps,opportuniste_electoral,0,false,16.86,24,8.83,0
ps:opportuniste_electoral:13,ps,opportuniste_electoral,1,false,15.86,24,9.09,0
ps:opportuniste_electoral:14,ps,opportuniste_electoral,0,false,6.24,24,8.94,0
ps:opportuniste_electoral:15,ps,opportuniste_electoral,1,false,9.64,24,9.15,0
ps:opportuniste_electoral:16,ps,opportuniste_electoral,1,false,16.46,24,9.09,0
ps:opportuniste_electoral:17,ps,opportuniste_electoral,0,false,16.28,25,8.89,0
ps:opportuniste_electoral:18,ps,opportuniste_electoral,0,false,14.21,28,9.69,0
ps:opportuniste_electoral:19,ps,opportuniste_electoral,0,false,16.29,24,8.92,0
ps:opportuniste_electoral:20,ps,opportuniste_electoral,0,false,15.72,24,8.93,0
ps:opportuniste_electoral:21,ps,opportuniste_electoral,0,false,15.17,24,9.07,0
ps:opportuniste_electoral:22,ps,opportuniste_electoral,1,false,14.37,24,8.95,0
ps:opportuniste_electoral:23,ps,opportuniste_electoral,0,false,8.51,24,9.04,0
ps:opportuniste_electoral:24,ps,opportuniste_electoral,0,false,-0.44,24,9.03,0
ps:opportuniste_electoral:25,ps,opportuniste_electoral,0,false,9.35,26,9.53,0
ps:opportuniste_electoral:26,ps,opportuniste_electoral,0,false,15.87,24,9.02,0
ps:opportuniste_electoral:27,ps,opportuniste_electoral,0,false,15.92,24,8.9,0
ps:opportuniste_electoral:28,ps,opportuniste_electoral,0,false,15.84,24,8.97,0
ps:opportuniste_electoral:29,ps,opportuniste_electoral,1,false,9,24,9.04,0
ps:opportuniste_electoral:30,ps,opportuniste_electoral,0,false,13.39,24,9.65,0
ps:opportuniste_electoral:31,ps,opportuniste_electoral,0,false,16.84,25,10.58,0
ps:opportuniste_electoral:32,ps,opportuniste_electoral,0,false,10.49,24,8.83,0
ps:opportuniste_electoral:33,ps,opportuniste_electoral,0,false,5.92,24,9.07,0
ps:opportuniste_electoral:34,ps,opportuniste_electoral,0,false,16.91,24,9.12,0
ps:opportuniste_electoral:35,ps,opportuniste_electoral,0,false,15.47,24,9.33,0
ps:opportuniste_electoral:36,ps,opportuniste_electoral,1,false,17.92,27,9.25,0
ps:opportuniste_electoral:37,ps,opportuniste_electoral,0,false,11.13,24,8.9,0
ps:opportuniste_electoral:38,ps,opportuniste_electoral,0,false,16.46,24,8.89,0
ps:opportuniste_electoral:39,ps,opportuniste_electoral,0,false,10.25,25,9.46,0
ps:opportuniste_electoral:40,ps,opportuniste_electoral,1,false,10.63,24,9.16,0
ps:opportuniste_electoral:41,ps,opportuniste_electoral,0,false,10.71,24,8.98,0
ps:opportuniste_electoral:42,ps,opportuniste_electoral,0,false,-0.83,24,8.84,0
ps:opportuniste_electoral:43,ps,opportuniste_electoral,0,false,15.51,24,8.97,0
ps:opportuniste_electoral:44,ps,opportuniste_electoral,1,false,10.45,24,9.07,0
ps:opportuniste_electoral:45,ps,opportuniste_electoral,0,false,15.44,24,8.85,0
ps:opportuniste_electoral:46,ps,opportuniste_electoral,0,false,9.24,24,9.34,0
ps:opportuniste_electoral:47,ps,opportuniste_electoral,0,false,9.26,24,8.88,0
ps:opportuniste_electoral:48,ps,opportuniste_electoral,0,false,6.12,24,9.54,0
ps:opportuniste_electoral:49,ps,opportuniste_electoral,1,false,15.55,24,9.04,0
ps:opportuniste_electoral:50,ps,opportuniste_electoral,0,false,14.8,24,8.93,0
ps:opportuniste_electoral:51,ps,opportuniste_electoral,0,false,16.06,24,10.17,0
ps:opportuniste_electoral:52,ps,opportuniste_electoral,0,false,9.81,24,8.96,0
ps:opportuniste_electoral:53,ps,opportuniste_electoral,0,false,0.4,24,9.72,0
ps:opportuniste_electoral:54,ps,opportuniste_electoral,0,false,9.71,24,10.2,0
ps:opportuniste_electoral:55,ps,opportuniste_electoral,0,false,9.68,24,9.1,0
ps:opportuniste_electoral:56,ps,opportuniste_electoral,0,false,-0.8,24,8.91,0
ps:opportuniste_electoral:57,ps,opportuniste_electoral,0,false,9.9,24,8.95,0
ps:opportuniste_electoral:58,ps,opportuniste_electoral,0,false,10.53,24,9.35,0
ps:opportuniste_electoral:59,ps,opportuniste_electoral,1,false,9.66,26,9.46,0
ps:opportuniste_electoral:60,ps,opportuniste_electoral,0,false,9.5,27,9.19,0
ps:opportuniste_electoral:61,ps,opportuniste_electoral,0,false,9.52,24,9.04,0
ps:opportuniste_electoral:62,ps,opportuniste_electoral,0,false,10.83,24,8.81,0
ps:opportuniste_electoral:63,ps,opportuniste_electoral,0,false,9.98,24,8.98,0
ps:opportuniste_electoral:64,ps,opportuniste_electoral,1,false,10.02,24,8.88,0
ps:opportuniste_electoral:65,ps,opportuniste_electoral,0,false,5.74,24,9.11,0
ps:opportuniste_electoral:66,ps,opportuniste_electoral,0,false,16.81,30,9.1,0
ps:opportuniste_electoral:67,ps,opportuniste_electoral,0,false,10.11,24,8.94,0
ps:opportuniste_electoral:68,ps,opportuniste_electoral,1,false,16.15,24,8.98,0
ps:opportuniste_electoral:69,ps,opportuniste_electoral,0,false,9.75,24,8.96,0
ps:opportuniste_electoral:70,ps,opportuniste_electoral,0,false,16.42,24,8.89,0
ps:opportuniste_electoral:71,ps,opportuniste_electoral,0,false,14.68,24,8.88,0
ps:opportuniste_electoral:72,ps,opportuniste_electoral,0,false,13.12,27,8.79,0
ps:opportuniste_electoral:73,ps,opportuniste_electoral,1,false,16.41,24,8.84,0
ps:opportuniste_electoral:74,ps,opportuniste_electoral,0,false,15.41,24,9.08,0
ps:opportuniste_electoral:75,ps,opportuniste_electoral,1,false,8.29,24,9.74,0
ps:opportuniste_electoral:76,ps,opportuniste_electoral,0,false,17.45,24,10.27,0
ps:opportuniste_electoral:77,ps,opportuniste_electoral,0,false,10.8,24,9.08,0
ps:opportuniste_electoral:78,ps,opportuniste_electoral,0,false,14.9,24,9.06,0
ps:opportuniste_electoral:79,ps,opportuniste_electoral,0,false,6.43,24,9.06,0
ps:opportuniste_electoral:80,ps,opportuniste_electoral,1,false,16.04,24,9.06,0
ps:opportuniste_electoral:81,ps,opportuniste_electoral,0,false,14.59,24,9.06,0
ps:opportuniste_electoral:82,ps,opportuniste_electoral,0,false,11.97,25,8.99,0
ps:opportuniste_electoral:83,ps,opportuniste_electoral,0,false,9.99,25,8.98,0
ps:opportuniste_electoral:84,ps,opportuniste_electoral,1,false,9.54,24,8.97,0
ps:opportuniste_electoral:85,ps,opportuniste_electoral,1,false,-0.43,24,8.9,0
ps:opportuniste_electoral:86,ps,opportuniste_electoral,0,false,16.84,24,9.04,0
ps:opportuniste_electoral:87,ps,opportuniste_electoral,0,false,10.81,25,9.6,0
ps:opportuniste_electoral:88,ps,opportuniste_electoral,0,false,11.33,24,8.93,0
ps:opportuniste_electoral:89,ps,opportuniste_electoral,0,false,15.63,24,9.52,0
ps:opportuniste_electoral:90,ps,opportuniste_electoral,0,false,8.97,25,8.99,0
ps:opportuniste_electoral:91,ps,opportuniste_electoral,0,false,16.16,24,8.96,0
ps:opportuniste_electoral:92,ps,opportuniste_electoral,0,false,9.88,24,8.8,0
ps:opportuniste_electoral:93,ps,opportuniste_electoral,0,false,9.67,24,9.13,0
ps:opportuniste_electoral:94,ps,opportuniste_electoral,1,false,12.37,24,9.4,0
ps:opportuniste_electoral:95,ps,opportuniste_electoral,0,false,10.22,25,8.87,0
ps:opportuniste_electoral:96,ps,opportuniste_electoral,0,false,10.11,24,9.23,0
ps:opportuniste_electoral:97,ps,opportuniste_electoral,0,false,12.83,24,8.84,0
ps:opportuniste_electoral:98,ps,opportuniste_electoral,0,false,12.59,24,9.09,0
ps:opportuniste_electoral:99,ps,opportuniste_electoral,1,false,10.92,25,10.44,0
ps:opportuniste_electoral:100,ps,opportuniste_electoral,0,false,17.34,24,9.05,0
ps:opportuniste_electoral:101,ps,opportuniste_electoral,0,false,9.64,24,8.86,0
ps:opportuniste_electoral:102,ps,opportuniste_electoral,0,false,16.42,24,8.98,0
ps:opportuniste_electoral:103,ps,opportuniste_electoral,0,false,-0.46,24,8.89,0
ps:opportuniste_electoral:104,ps,opportuniste_electoral,0,false,6.16,24,9.41,0
ps:opportuniste_electoral:105,ps,opportuniste_electoral,0,false,10.44,24,9.04,0
ps:opportuniste_electoral:106,ps,opportuniste_electoral,1,false,10.31,24,9.38,0
ps:opportuniste_electoral:107,ps,opportuniste_electoral,0,false,11.06,24,8.83,0
ps:opportuniste_electoral:108,ps,opportuniste_electoral,0,false,15.85,24,9.82,0
ps:opportuniste_electoral:109,ps,opportuniste_electoral,0,false,9.65,24,8.89,0
ps:opportuniste_electoral:110,ps,opportuniste_electoral,0,false,14.82,24,8.93,0
ps:opportuniste_electoral:111,ps,opportuniste_electoral,0,false,9.65,24,9.49,0
ps:opportuniste_electoral:112,ps,opportuniste_electoral,0,false,16.67,24,9.09,0
ps:opportuniste_electoral:113,ps,opportuniste_electoral,0,false,9.14,24,9.06,0
ps:opportuniste_electoral:114,ps,opportuniste_electoral,0,false,14.93,24,9,0
ps:opportuniste_electoral:115,ps,opportuniste_electoral,1,false,8.79,24,9.02,0
ps:opportuniste_electoral:116,ps,opportuniste_electoral,1,false,9.76,24,8.9,0
ps:opportuniste_electoral:117,ps,opportuniste_electoral,0,false,9.55,24,8.89,0
ps:opportuniste_electoral:118,ps,opportuniste_electoral,1,false,10.31,24,8.93,0
ps:opportuniste_electoral:119,ps,opportuniste_electoral,0,false,11.29,24,9.15,0
ps:opportuniste_electoral:120,ps,opportuniste_electoral,0,false,10.46,24,8.88,0
ps:opportuniste_electoral:121,ps,opportuniste_electoral,1,false,16.1,24,9.43,0
ps:opportuniste_electoral:122,ps,opportuniste_electoral,0,false,11,24,8.97,0
ps:opportuniste_electoral:123,ps,opportuniste_electoral,0,false,14.05,24,9.01,0
ps:opportuniste_electoral:124,ps,opportuniste_electoral,0,false,15.38,24,8.82,0
ps:opportuniste_electoral:125,ps,opportuniste_electoral,0,false,15.94,27,9,0
ps:opportuniste_electoral:126,ps,opportuniste_electoral,0,false,12.81,28,9.48,0
ps:opportuniste_electoral:127,ps,opportuniste_electoral,0,false,10.11,26,8.88,0
ps:opportuniste_electoral:128,ps,opportuniste_electoral,0,false,0.62,24,11.26,0
ps:opportuniste_electoral:129,ps,opportuniste_electoral,1,false,5.75,24,9.31,0
ps:opportuniste_electoral:130,ps,opportuniste_electoral,0,false,15.43,25,9.56,0
ps:opportuniste_electoral:131,ps,opportuniste_electoral,0,false,9.58,24,9.81,0
ps:opportuniste_electoral:132,ps,opportuniste_electoral,1,false,9.66,26,8.84,0
ps:opportuniste_electoral:133,ps,opportuniste_electoral,0,false,9.27,24,8.94,0
ps:opportuniste_electoral:134,ps,opportuniste_electoral,0,false,16.44,24,9.88,0
ps:opportuniste_electoral:135,ps,opportuniste_electoral,0,false,8.98,24,8.94,0
ps:opportuniste_electoral:136,ps,opportuniste_electoral,0,false,14.78,27,9.07,0
ps:opportuniste_electoral:137,ps,opportuniste_electoral,0,false,11.31,24,8.85,0
ps:opportuniste_electoral:138,ps,opportuniste_electoral,0,false,15.99,24,8.96,0
ps:opportuniste_electoral:139,ps,opportuniste_electoral,0,false,16.35,24,9.29,0
ps:opportuniste_electoral:140,ps,opportuniste_electoral,0,false,15.09,24,9.07,0
ps:opportuniste_electoral:141,ps,opportuniste_electoral,1,false,10.77,24,9.27,0
ps:opportuniste_electoral:142,ps,opportuniste_electoral,0,false,15.74,24,8.99,0
ps:opportuniste_electoral:143,ps,opportuniste_electoral,0,false,14.99,26,9.08,0
ps:opportuniste_electoral:144,ps,opportuniste_electoral,0,false,15.73,27,8.85,0
ps:opportuniste_electoral:145,ps,opportuniste_electoral,0,false,14.47,24,9.16,0
ps:opportuniste_electoral:146,ps,opportuniste_electoral,1,false,13.94,25,9.27,0
ps:opportuniste_electoral:147,ps,opportuniste_electoral,0,false,16.82,24,8.92,0
ps:opportuniste_electoral:148,ps,opportuniste_electoral,0,false,9.69,24,9.24,0
ps:opportuniste_electoral:149,ps,opportuniste_electoral,0,false,10.41,24,8.95,0
ps:parti_dabord:0,ps,parti_dabord,1,false,9.18,24,9.01,0
ps:parti_dabord:1,ps,parti_dabord,1,false,10.72,24,8.87,0
ps:parti_dabord:2,ps,parti_dabord,1,false,10.63,24,9.11,0
ps:parti_dabord:3,ps,parti_dabord,0,false,10.46,24,9.08,0
ps:parti_dabord:4,ps,parti_dabord,0,false,10.78,24,9.04,0
ps:parti_dabord:5,ps,parti_dabord,0,false,11.7,24,9.41,0
ps:parti_dabord:6,ps,parti_dabord,0,false,10.49,24,9.1,0
ps:parti_dabord:7,ps,parti_dabord,1,false,10.61,24,8.98,0
ps:parti_dabord:8,ps,parti_dabord,0,false,11.05,24,8.91,0
ps:parti_dabord:9,ps,parti_dabord,1,false,10.87,24,8.87,0
ps:parti_dabord:10,ps,parti_dabord,0,false,8.98,25,8.97,0
ps:parti_dabord:11,ps,parti_dabord,0,false,10.62,24,8.99,0
ps:parti_dabord:12,ps,parti_dabord,0,false,10.42,24,8.94,0
ps:parti_dabord:13,ps,parti_dabord,0,false,11.06,24,9.07,0
ps:parti_dabord:14,ps,parti_dabord,0,false,10.61,24,8.98,0
ps:parti_dabord:15,ps,parti_dabord,0,false,9.54,24,9.68,0
ps:parti_dabord:16,ps,parti_dabord,0,false,12.27,24,9.17,0
ps:parti_dabord:17,ps,parti_dabord,0,false,10.83,24,8.87,0
ps:parti_dabord:18,ps,parti_dabord,1,false,9.88,24,9.68,0
ps:parti_dabord:19,ps,parti_dabord,0,false,10.06,24,8.99,0
ps:parti_dabord:20,ps,parti_dabord,0,false,10.33,24,8.87,0
ps:parti_dabord:21,ps,parti_dabord,1,false,10.31,24,8.94,0
ps:parti_dabord:22,ps,parti_dabord,0,false,10.68,24,8.83,0
ps:parti_dabord:23,ps,parti_dabord,0,false,10.58,26,9.57,0
ps:parti_dabord:24,ps,parti_dabord,0,false,11.15,24,9.12,0
ps:parti_dabord:25,ps,parti_dabord,0,false,10.65,24,8.96,0
ps:parti_dabord:26,ps,parti_dabord,0,false,10.15,24,9.16,0
ps:parti_dabord:27,ps,parti_dabord,0,false,10.17,24,8.89,0
ps:parti_dabord:28,ps,parti_dabord,1,false,9.43,24,9.17,0
ps:parti_dabord:29,ps,parti_dabord,0,false,10.82,24,9.08,0
ps:parti_dabord:30,ps,parti_dabord,0,false,9.56,24,8.89,0
ps:parti_dabord:31,ps,parti_dabord,1,false,9.71,24,9.13,0
ps:parti_dabord:32,ps,parti_dabord,0,false,10.33,26,8.98,0
ps:parti_dabord:33,ps,parti_dabord,0,false,11.38,25,10.97,0
ps:parti_dabord:34,ps,parti_dabord,0,false,9.95,24,9.03,0
ps:parti_dabord:35,ps,parti_dabord,0,false,11.27,24,8.89,0
ps:parti_dabord:36,ps,parti_dabord,0,false,10.34,24,9.26,0
ps:parti_dabord:37,ps,parti_dabord,0,false,10.18,25,8.86,0
ps:parti_dabord:38,ps,parti_dabord,2,false,11.84,24,10.37,0
ps:parti_dabord:39,ps,parti_dabord,0,false,11.12,24,9.21,0
ps:parti_dabord:40,ps,parti_dabord,0,false,10.71,24,9.86,0
ps:parti_dabord:41,ps,parti_dabord,0,false,11.96,24,9.3,0
ps:parti_dabord:42,ps,parti_dabord,0,false,10.98,24,9.01,0
ps:parti_dabord:43,ps,parti_dabord,0,false,10.74,24,8.89,0
ps:parti_dabord:44,ps,parti_dabord,0,false,10.11,24,8.86,0
ps:parti_dabord:45,ps,parti_dabord,0,false,10.28,24,8.97,0
ps:parti_dabord:46,ps,parti_dabord,0,false,10.73,24,9.08,0
ps:parti_dabord:47,ps,parti_dabord,0,false,10.36,24,8.92,0
ps:parti_dabord:48,ps,parti_dabord,0,false,11.26,24,9.08,0
ps:parti_dabord:49,ps,parti_dabord,0,false,9.97,24,8.92,0
ps:parti_dabord:50,ps,parti_dabord,1,false,10.32,24,9.4,0
ps:parti_dabord:51,ps,parti_dabord,1,false,10.89,24,8.9,0
ps:parti_dabord:52,ps,parti_dabord,0,false,11.16,24,8.87,0
ps:parti_dabord:53,ps,parti_dabord,0,false,9.29,24,9.02,0
ps:parti_dabord:54,ps,parti_dabord,1,false,9.82,24,9.08,0
ps:parti_dabord:55,ps,parti_dabord,0,false,9.7,24,8.92,0
ps:parti_dabord:56,ps,parti_dabord,0,false,10.06,24,8.9,0
ps:parti_dabord:57,ps,parti_dabord,0,false,11.94,24,8.83,0
ps:parti_dabord:58,ps,parti_dabord,0,false,9.81,24,9.13,0
ps:parti_dabord:59,ps,parti_dabord,1,false,9.98,24,8.84,0
ps:parti_dabord:60,ps,parti_dabord,0,false,9.89,24,9.13,0
ps:parti_dabord:61,ps,parti_dabord,0,false,10.34,24,9.06,0
ps:parti_dabord:62,ps,parti_dabord,1,false,11.07,24,8.9,0
ps:parti_dabord:63,ps,parti_dabord,0,false,10.06,24,8.93,0
ps:parti_dabord:64,ps,parti_dabord,0,false,11.3,24,9.83,0
ps:parti_dabord:65,ps,parti_dabord,0,false,12.9,24,9.09,0
ps:parti_dabord:66,ps,parti_dabord,1,false,10.11,24,9.17,0
ps:parti_dabord:67,ps,parti_dabord,1,false,9.59,24,9,0
ps:parti_dabord:68,ps,parti_dabord,0,false,10.88,24,9.69,0
ps:parti_dabord:69,ps,parti_dabord,1,false,9.76,24,9.08,0
ps:parti_dabord:70,ps,parti_dabord,0,false,10.72,24,8.97,0
ps:parti_dabord:71,ps,parti_dabord,0,false,10.58,24,9.32,0
ps:parti_dabord:72,ps,parti_dabord,0,false,12.47,24,8.92,0
ps:parti_dabord:73,ps,parti_dabord,0,false,10.84,24,9.77,0
ps:parti_dabord:74,ps,parti_dabord,0,false,9.8,24,8.89,0
ps:parti_dabord:75,ps,parti_dabord,0,false,10.19,24,8.86,0
ps:parti_dabord:76,ps,parti_dabord,0,false,10.33,24,9.51,0
ps:parti_dabord:77,ps,parti_dabord,1,false,11.53,24,9.19,0
ps:parti_dabord:78,ps,parti_dabord,0,false,9.86,24,9.15,0
ps:parti_dabord:79,ps,parti_dabord,0,false,10.28,24,9.03,0
ps:parti_dabord:80,ps,parti_dabord,0,false,10.62,24,9.05,0
ps:parti_dabord:81,ps,parti_dabord,0,false,9.61,26,9.04,0
ps:parti_dabord:82,ps,parti_dabord,0,false,11.03,24,9.88,0
ps:parti_dabord:83,ps,parti_dabord,0,false,9.75,24,8.92,0
ps:parti_dabord:84,ps,parti_dabord,0,false,9.71,24,8.87,0
ps:parti_dabord:85,ps,parti_dabord,0,false,9.31,24,9.07,0
ps:parti_dabord:86,ps,parti_dabord,0,false,12.12,27,9.1,0
ps:parti_dabord:87,ps,parti_dabord,1,false,10.16,24,8.87,0
ps:parti_dabord:88,ps,parti_dabord,1,false,11.11,24,9.07,0
ps:parti_dabord:89,ps,parti_dabord,0,false,11.03,24,9.12,0
ps:parti_dabord:90,ps,parti_dabord,1,false,9.58,24,9.02,0
ps:parti_dabord:91,ps,parti_dabord,0,false,10.18,24,8.88,0
ps:parti_dabord:92,ps,parti_dabord,0,false,11.14,24,8.93,0
ps:parti_dabord:93,ps,parti_dabord,0,false,10.41,24,9.13,0
ps:parti_dabord:94,ps,parti_dabord,0,false,10.16,24,8.91,0
ps:parti_dabord:95,ps,parti_dabord,0,false,10.24,25,8.84,0
ps:parti_dabord:96,ps,parti_dabord,0,false,9.92,24,8.98,0
ps:parti_dabord:97,ps,parti_dabord,0,false,10.7,24,9.21,0
ps:parti_dabord:98,ps,parti_dabord,1,false,10.5,24,8.89,0
ps:parti_dabord:99,ps,parti_dabord,0,false,11.17,24,9.03,0
ps:parti_dabord:100,ps,parti_dabord,1,false,10.04,24,9.28,0
ps:parti_dabord:101,ps,parti_dabord,0,false,10.6,24,8.97,0
ps:parti_dabord:102,ps,parti_dabord,0,false,11.2,24,9.18,0
ps:parti_dabord:103,ps,parti_dabord,1,false,10.09,24,8.96,0
ps:parti_dabord:104,ps,parti_dabord,0,false,9.64,24,8.91,0
ps:parti_dabord:105,ps,parti_dabord,0,false,10.55,24,9.23,0
ps:parti_dabord:106,ps,parti_dabord,0,false,10.12,24,8.88,0
ps:parti_dabord:107,ps,parti_dabord,0,false,9.98,24,8.81,0
ps:parti_dabord:108,ps,parti_dabord,1,false,10.9,24,9.1,0
ps:parti_dabord:109,ps,parti_dabord,0,false,9.41,24,8.91,0
ps:parti_dabord:110,ps,parti_dabord,1,false,10.41,24,9.13,0
ps:parti_dabord:111,ps,parti_dabord,0,false,8.93,24,8.91,17.34
ps:parti_dabord:112,ps,parti_dabord,0,false,9.64,24,8.91,0
ps:parti_dabord:113,ps,parti_dabord,0,false,11.64,24,9.38,0
ps:parti_dabord:114,ps,parti_dabord,1,false,9.75,24,8.9,0
ps:parti_dabord:115,ps,parti_dabord,0,false,10.36,24,8.92,0
ps:parti_dabord:116,ps,parti_dabord,0,false,10.06,25,8.85,0
ps:parti_dabord:117,ps,parti_dabord,1,false,10.58,24,9.09,0
ps:parti_dabord:118,ps,parti_dabord,0,false,9.27,24,9.01,0
ps:parti_dabord:119,ps,parti_dabord,0,false,10.66,24,8.95,0
ps:parti_dabord:120,ps,parti_dabord,1,false,10.29,24,9.4,0
ps:parti_dabord:121,ps,parti_dabord,0,false,9.49,24,8.98,0
ps:parti_dabord:122,ps,parti_dabord,0,false,11.5,24,10.19,0
ps:parti_dabord:123,ps,parti_dabord,0,false,9.93,24,8.91,0
ps:parti_dabord:124,ps,parti_dabord,0,false,9.91,24,9.28,0
ps:parti_dabord:125,ps,parti_dabord,1,false,10.3,24,8.9,0
ps:parti_dabord:126,ps,parti_dabord,0,false,9.75,24,9.14,0
ps:parti_dabord:127,ps,parti_dabord,0,false,10.71,24,8.92,0
ps:parti_dabord:128,ps,parti_dabord,0,false,10.42,24,9.09,0
ps:parti_dabord:129,ps,parti_dabord,1,false,9.74,24,9.02,0
ps:parti_dabord:130,ps,parti_dabord,0,false,9.92,24,8.98,0
ps:parti_dabord:131,ps,parti_dabord,0,false,10.24,24,8.96,0
ps:parti_dabord:132,ps,parti_dabord,0,false,11.28,24,9.11,0
ps:parti_dabord:133,ps,parti_dabord,0,false,9.76,24,9.09,0
ps:parti_dabord:134,ps,parti_dabord,1,false,10.98,24,9.48,0
ps:parti_dabord:135,ps,parti_dabord,1,false,9.95,24,8.85,0
ps:parti_dabord:136,ps,parti_dabord,0,false,9.63,24,8.8,0
ps:parti_dabord:137,ps,parti_dabord,0,false,10.25,24,8.9,0
ps:parti_dabord:138,ps,parti_dabord,0,false,10.43,24,8.96,0
ps:parti_dabord:139,ps,parti_dabord,0,false,10.23,24,9.95,0
ps:parti_dabord:140,ps,parti_dabord,0,false,10.69,24,9.25,0
ps:parti_dabord:141,ps,parti_dabord,0,false,9.39,24,8.92,0
ps:parti_dabord:142,ps,parti_dabord,1,false,10.15,24,8.84,0
ps:parti_dabord:143,ps,parti_dabord,1,false,10.76,24,9.19,0
ps:parti_dabord:144,ps,parti_dabord,0,false,10.13,24,9.04,0
ps:parti_dabord:145,ps,parti_dabord,1,false,9.89,24,9.04,0
ps:parti_dabord:146,ps,parti_dabord,0,false,10.35,24,9.1,0
ps:parti_dabord:147,ps,parti_dabord,0,false,10.49,24,8.84,0
ps:parti_dabord:148,ps,parti_dabord,0,false,11.25,25,9.33,0
ps:parti_dabord:149,ps,parti_dabord,0,false,10.25,25,8.98,0
ps:mediatique:0,ps,mediatique,0,false,-0.15,24,8.88,0
ps:mediatique:1,ps,mediatique,0,false,9.14,24,9.23,0
ps:mediatique:2,ps,mediatique,1,false,9.14,24,8.93,0
ps:mediatique:3,ps,mediatique,0,false,8.86,24,8.97,0
ps:mediatique:4,ps,mediatique,1,false,10.99,24,9.14,0
ps:mediatique:5,ps,mediatique,0,false,7.94,24,9.41,0
ps:mediatique:6,ps,mediatique,0,false,8.25,24,9.02,0
ps:mediatique:7,ps,mediatique,0,false,9.33,24,9.01,0
ps:mediatique:8,ps,mediatique,0,false,9.27,24,9.03,0
ps:mediatique:9,ps,mediatique,0,false,7.83,25,8.91,0
ps:mediatique:10,ps,mediatique,0,false,9.31,24,10.18,0
ps:mediatique:11,ps,mediatique,0,false,8.59,24,9.64,0
ps:mediatique:12,ps,mediatique,0,false,10.9,25,8.91,0
ps:mediatique:13,ps,mediatique,0,false,9.64,24,8.96,0
ps:mediatique:14,ps,mediatique,0,false,8.99,24,8.9,0
ps:mediatique:15,ps,mediatique,0,false,10.15,24,9.04,0
ps:mediatique:16,ps,mediatique,0,false,9.3,24,9.07,0
ps:mediatique:17,ps,mediatique,1,false,11.64,24,8.85,0
ps:mediatique:18,ps,mediatique,0,false,9.25,24,8.98,0
ps:mediatique:19,ps,mediatique,0,false,8.27,26,8.97,0
ps:mediatique:20,ps,mediatique,0,false,9.95,24,9.04,0
ps:mediatique:21,ps,mediatique,0,false,10.27,24,9.37,0
ps:mediatique:22,ps,mediatique,0,false,8.61,24,9.26,0
ps:mediatique:23,ps,mediatique,0,false,8.96,24,9.11,0
ps:mediatique:24,ps,mediatique,0,false,-0.19,24,9.15,0
ps:mediatique:25,ps,mediatique,0,false,9.05,24,10.84,0
ps:mediatique:26,ps,mediatique,0,false,9.62,25,8.91,0
ps:mediatique:27,ps,mediatique,0,false,9.81,25,9.12,0
ps:mediatique:28,ps,mediatique,0,false,10.05,24,8.97,0
ps:mediatique:29,ps,mediatique,0,false,9.4,24,9.02,0
ps:mediatique:30,ps,mediatique,0,false,8.82,24,9.04,0
ps:mediatique:31,ps,mediatique,0,false,9.23,24,10.09,0
ps:mediatique:32,ps,mediatique,0,false,8.95,24,8.9,0
ps:mediatique:33,ps,mediatique,0,false,8.89,24,8.83,0
ps:mediatique:34,ps,mediatique,0,false,9.91,24,9.14,0
ps:mediatique:35,ps,mediatique,0,false,0.6,24,10.74,0
ps:mediatique:36,ps,mediatique,1,false,9.52,24,9.14,0
ps:mediatique:37,ps,mediatique,0,false,9.44,25,8.9,0
ps:mediatique:38,ps,mediatique,0,false,9.85,24,9.64,0
ps:mediatique:39,ps,mediatique,0,false,9.01,24,8.84,0
ps:mediatique:40,ps,mediatique,1,false,9.58,24,9.03,0
ps:mediatique:41,ps,mediatique,1,false,9.62,24,8.96,0
ps:mediatique:42,ps,mediatique,0,false,10.45,24,8.85,0
ps:mediatique:43,ps,mediatique,1,false,9.4,24,9.3,0
ps:mediatique:44,ps,mediatique,0,false,9.86,24,10.37,0
ps:mediatique:45,ps,mediatique,0,false,10.79,24,8.96,0
ps:mediatique:46,ps,mediatique,0,false,7.82,24,9.59,0
ps:mediatique:47,ps,mediatique,0,false,9.03,26,9.26,0
ps:mediatique:48,ps,mediatique,1,false,10.13,24,10.49,0
ps:mediatique:49,ps,mediatique,0,false,9.66,24,9.11,0
ps:mediatique:50,ps,mediatique,0,false,9.25,24,9.48,0
ps:mediatique:51,ps,mediatique,1,false,-0.09,24,9.05,0
ps:mediatique:52,ps,mediatique,0,false,0.25,24,9.37,0
ps:mediatique:53,ps,mediatique,0,false,8.83,24,9.38,0
ps:mediatique:54,ps,mediatique,0,false,11.84,24,9.01,0
ps:mediatique:55,ps,mediatique,0,false,8.23,24,8.95,0
ps:mediatique:56,ps,mediatique,0,false,10.59,24,9.22,0
ps:mediatique:57,ps,mediatique,0,false,9.34,24,9.06,0
ps:mediatique:58,ps,mediatique,0,false,9.24,24,9.04,0
ps:mediatique:59,ps,mediatique,0,false,0.24,24,9.36,0
ps:mediatique:60,ps,mediatique,0,false,10.2,26,9.05,0
ps:mediatique:61,ps,mediatique,0,false,9.62,24,9.1,0
ps:mediatique:62,ps,mediatique,0,false,10.29,24,8.78,0
ps:mediatique:63,ps,mediatique,0,false,9.9,24,9.03,0
ps:mediatique:64,ps,mediatique,0,false,9.05,25,9.07,0
ps:mediatique:65,ps,mediatique,0,false,8.1,25,8.97,0
ps:mediatique:66,ps,mediatique,0,false,9.38,24,10.86,0
ps:mediatique:67,ps,mediatique,1,false,9.02,26,9.12,0
ps:mediatique:68,ps,mediatique,0,false,0.01,24,8.87,0
ps:mediatique:69,ps,mediatique,0,false,8.85,24,9.08,0
ps:mediatique:70,ps,mediatique,0,false,-0.4,24,8.97,0
ps:mediatique:71,ps,mediatique,0,false,9.67,24,9.41,0
ps:mediatique:72,ps,mediatique,0,false,9.82,24,10.24,0
ps:mediatique:73,ps,mediatique,0,false,-0.06,24,9.15,0
ps:mediatique:74,ps,mediatique,0,false,9.02,24,8.89,0
ps:mediatique:75,ps,mediatique,0,false,9.21,26,9.22,0
ps:mediatique:76,ps,mediatique,0,false,8.6,24,9.22,0
ps:mediatique:77,ps,mediatique,0,false,9.15,24,9.72,0
ps:mediatique:78,ps,mediatique,0,false,-0.25,24,8.82,0
ps:mediatique:79,ps,mediatique,0,false,10.53,24,8.82,0
ps:mediatique:80,ps,mediatique,0,false,9.08,24,9.07,0
ps:mediatique:81,ps,mediatique,0,false,9.4,24,9,0
ps:mediatique:82,ps,mediatique,0,false,10.69,24,9.55,0
ps:mediatique:83,ps,mediatique,0,false,-0.59,24,8.93,0
ps:mediatique:84,ps,mediatique,0,false,8.96,25,9.63,0
ps:mediatique:85,ps,mediatique,0,false,9.18,24,9.17,0
ps:mediatique:86,ps,mediatique,0,false,10.15,24,8.98,0
ps:mediatique:87,ps,mediatique,1,false,8.57,24,8.79,0
ps:mediatique:88,ps,mediatique,1,false,8.99,24,9.03,0
ps:mediatique:89,ps,mediatique,0,false,7.14,24,9.29,0
ps:mediatique:90,ps,mediatique,0,false,9.33,24,8.95,0
ps:mediatique:91,ps,mediatique,0,false,0.7,24,9.55,0
ps:mediatique:92,ps,mediatique,0,false,10.12,24,8.83,0
ps:mediatique:93,ps,mediatique,0,false,-0.13,24,9.08,0
ps:mediatique:94,ps,mediatique,1,false,9.64,24,9,0
ps:mediatique:95,ps,mediatique,1,false,10.67,25,9.12,0
ps:mediatique:96,ps,mediatique,1,false,0.04,24,9.17,0
ps:mediatique:97,ps,mediatique,0,false,10.01,24,8.99,0
ps:mediatique:98,ps,mediatique,0,false,9.77,24,9.08,0
ps:mediatique:99,ps,mediatique,0,false,8.75,24,8.97,0
ps:mediatique:100,ps,mediatique,1,false,9.96,26,9.21,0
ps:mediatique:101,ps,mediatique,0,false,10.4,24,9.22,0
ps:mediatique:102,ps,mediatique,1,false,8.08,24,8.81,0
ps:mediatique:103,ps,mediatique,1,false,-0.18,24,9.24,0
ps:mediatique:104,ps,mediatique,0,false,8.58,24,8.88,0
ps:mediatique:105,ps,mediatique,0,false,8.66,24,8.88,0
ps:mediatique:106,ps,mediatique,0,false,9.36,25,9.39,0
ps:mediatique:107,ps,mediatique,0,false,11.36,24,8.82,0
ps:mediatique:108,ps,mediatique,0,false,0.14,24,9.3,0
ps:mediatique:109,ps,mediatique,1,false,8.59,24,9.26,0
ps:mediatique:110,ps,mediatique,0,false,9.7,26,9.19,0
ps:mediatique:111,ps,mediatique,0,false,0.06,24,9.24,0
ps:mediatique:112,ps,mediatique,0,false,9.98,24,8.93,0
ps:mediatique:113,ps,mediatique,0,false,9.05,24,8.97,0
ps:mediatique:114,ps,mediatique,0,false,10.37,24,8.96,0
ps:mediatique:115,ps,mediatique,0,false,0.55,24,10.66,0
ps:mediatique:116,ps,mediatique,0,false,9.7,24,9.44,0
ps:mediatique:117,ps,mediatique,0,false,8.62,24,8.91,0
ps:mediatique:118,ps,mediatique,1,false,9.71,24,9.82,0
ps:mediatique:119,ps,mediatique,0,false,9.14,24,9.57,0
ps:mediatique:120,ps,mediatique,0,false,8.1,24,9.39,0
ps:mediatique:121,ps,mediatique,0,false,9.85,24,9.21,0
ps:mediatique:122,ps,mediatique,0,false,9.37,24,8.9,0
ps:mediatique:123,ps,mediatique,0,false,8.44,26,9.15,0
ps:mediatique:124,ps,mediatique,1,false,9.69,24,9.2,0
ps:mediatique:125,ps,mediatique,0,false,8.36,24,9.31,0
ps:mediatique:126,ps,mediatique,0,false,10.74,24,10.07,0
ps:mediatique:127,ps,mediatique,0,false,9.94,24,9.17,0
ps:mediatique:128,ps,mediatique,0,false,9.09,24,9.05,0
ps:mediatique:129,ps,mediatique,0,false,0.2,24,9.49,0
ps:mediatique:130,ps,mediatique,1,false,8.56,24,8.84,0
ps:mediatique:131,ps,mediatique,0,false,7.85,24,9.27,0
ps:mediatique:132,ps,mediatique,1,false,10.36,24,10.14,0
ps:mediatique:133,ps,mediatique,0,false,0.08,24,9.3,0
ps:mediatique:134,ps,mediatique,0,false,10.28,24,9.13,0
ps:mediatique:135,ps,mediatique,0,false,8.76,24,9.15,0
ps:mediatique:136,ps,mediatique,1,false,0.05,24,9.49,0
ps:mediatique:137,ps,mediatique,0,false,9.99,25,8.91,0
ps:mediatique:138,ps,mediatique,0,false,0.2,24,8.9,0
ps:mediatique:139,ps,mediatique,0,false,9.18,24,9.15,0
ps:mediatique:140,ps,mediatique,0,false,9.85,24,9.07,0
ps:mediatique:141,ps,mediatique,1,false,9.82,24,9.12,0
ps:mediatique:142,ps,mediatique,0,false,8.45,24,8.82,0
ps:mediatique:143,ps,mediatique,0,false,8.88,24,8.98,0
ps:mediatique:144,ps,mediatique,0,false,9.1,24,9.05,0
ps:mediatique:145,ps,mediatique,1,false,0.41,24,10.73,0
ps:mediatique:146,ps,mediatique,0,false,10.52,25,9.11,0
ps:mediatique:147,ps,mediatique,0,false,9.66,24,8.89,0
ps:mediatique:148,ps,mediatique,0,false,9.6,24,9.31,0
ps:mediatique:149,ps,mediatique,0,false,9.46,24,8.85,0
ps:contrarien:0,ps,contrarien,0,false,8.89,24,9.69,0
ps:contrarien:1,ps,contrarien,0,false,0.2,24,10.04,0
ps:contrarien:2,ps,contrarien,0,false,-0.08,24,9.06,0
ps:contrarien:3,ps,contrarien,0,false,8.73,25,9.11,0
ps:contrarien:4,ps,contrarien,1,false,20.43,0,43.41,43.2
ps:contrarien:5,ps,contrarien,0,false,9.28,24,11.3,0
ps:contrarien:6,ps,contrarien,0,false,-0.23,24,9.06,0
ps:contrarien:7,ps,contrarien,0,false,0.17,24,9.39,0
ps:contrarien:8,ps,contrarien,1,false,9.6,24,10.97,25.61
ps:contrarien:9,ps,contrarien,1,false,-0.09,24,8.99,0
ps:contrarien:10,ps,contrarien,0,false,-0.23,24,8.88,0
ps:contrarien:11,ps,contrarien,0,false,-0.31,24,9.26,0
ps:contrarien:12,ps,contrarien,0,false,8.58,24,8.89,0
ps:contrarien:13,ps,contrarien,1,false,0.22,24,9.34,0
ps:contrarien:14,ps,contrarien,0,false,8.85,24,9.38,0
ps:contrarien:15,ps,contrarien,1,false,-0.53,24,9.06,0
ps:contrarien:16,ps,contrarien,1,false,10.98,24,9.18,0
ps:contrarien:17,ps,contrarien,0,false,7.83,24,11.57,0
ps:contrarien:18,ps,contrarien,0,false,0.12,24,9.85,0
ps:contrarien:19,ps,contrarien,1,false,8.97,24,10.3,0
ps:contrarien:20,ps,contrarien,0,false,-0.5,24,8.98,0
ps:contrarien:21,ps,contrarien,1,false,8.28,24,9.8,0
ps:contrarien:22,ps,contrarien,0,false,8.76,25,9.21,0
ps:contrarien:23,ps,contrarien,0,false,8.83,27,9.69,0
ps:contrarien:24,ps,contrarien,0,false,-0.43,24,9.5,0
ps:contrarien:25,ps,contrarien,0,false,0.18,24,9.35,0
ps:contrarien:26,ps,contrarien,1,false,0.52,24,10.52,0
ps:contrarien:27,ps,contrarien,1,false,8.16,25,8.87,0
ps:contrarien:28,ps,contrarien,1,false,-0.25,24,10.35,0
ps:contrarien:29,ps,contrarien,0,false,8.47,24,8.95,0
ps:contrarien:30,ps,contrarien,0,false,9.43,24,8.94,0
ps:contrarien:31,ps,contrarien,0,false,8.35,24,9.68,0
ps:contrarien:32,ps,contrarien,1,false,-0.19,24,9.61,0
ps:contrarien:33,ps,contrarien,0,false,0.07,24,9.45,0
ps:contrarien:34,ps,contrarien,0,false,-0.44,24,9.47,0
ps:contrarien:35,ps,contrarien,0,false,9.63,24,9.18,0
ps:contrarien:36,ps,contrarien,0,false,8.83,25,9.58,0
ps:contrarien:37,ps,contrarien,0,false,8.55,24,8.84,0
ps:contrarien:38,ps,contrarien,0,false,-0.36,24,8.95,0
ps:contrarien:39,ps,contrarien,1,false,7.95,24,8.99,0
ps:contrarien:40,ps,contrarien,0,false,-0.03,24,9.02,0
ps:contrarien:41,ps,contrarien,0,false,0.28,24,9.06,0
ps:contrarien:42,ps,contrarien,0,false,9.89,24,11.06,0
ps:contrarien:43,ps,contrarien,0,false,-0.3,24,9.04,0
ps:contrarien:44,ps,contrarien,0,false,-0.26,24,9.01,0
ps:contrarien:45,ps,contrarien,1,false,7.88,24,9.18,0
ps:contrarien:46,ps,contrarien,0,false,-0.4,24,9.19,0
ps:contrarien:47,ps,contrarien,0,false,0.32,24,9.29,0
ps:contrarien:48,ps,contrarien,0,false,7.47,24,9.67,0
ps:contrarien:49,ps,contrarien,1,false,-0.01,24,10.15,0
ps:contrarien:50,ps,contrarien,0,false,-0.61,24,8.97,0
ps:contrarien:51,ps,contrarien,1,false,-0.04,24,10.05,0
ps:contrarien:52,ps,contrarien,0,false,-0.25,24,8.89,0
ps:contrarien:53,ps,contrarien,0,false,0.17,24,10.48,0
ps:contrarien:54,ps,contrarien,0,false,0.28,24,9.12,0
ps:contrarien:55,ps,contrarien,0,false,0.32,24,9.52,0
ps:contrarien:56,ps,contrarien,0,false,8.68,24,8.99,0
ps:contrarien:57,ps,contrarien,1,false,8.79,25,8.87,0
ps:contrarien:58,ps,contrarien,0,false,-0.13,24,9.52,0
ps:contrarien:59,ps,contrarien,0,false,8.09,24,10.01,0
ps:contrarien:60,ps,contrarien,1,false,8.44,24,9.59,0
ps:contrarien:61,ps,contrarien,0,false,-0.1,24,9.46,0
ps:contrarien:62,ps,contrarien,0,false,0.08,24,9.35,0
ps:contrarien:63,ps,contrarien,0,false,-0.3,24,8.9,0
ps:contrarien:64,ps,contrarien,2,false,7.91,24,10.58,0
ps:contrarien:65,ps,contrarien,0,false,0.05,24,9.15,0
ps:contrarien:66,ps,contrarien,0,false,8.91,25,9.26,0
ps:contrarien:67,ps,contrarien,0,false,-0.21,24,9,0
ps:contrarien:68,ps,contrarien,0,false,-0.12,24,9.01,0
ps:contrarien:69,ps,contrarien,0,false,7.87,24,8.93,0
ps:contrarien:70,ps,contrarien,0,false,9.63,25,9.04,0
ps:contrarien:71,ps,contrarien,0,false,0.18,24,9.39,0
ps:contrarien:72,ps,contrarien,0,false,7.91,24,9.16,0
ps:contrarien:73,ps,contrarien,1,false,8.99,24,8.97,0
ps:contrarien:74,ps,contrarien,0,false,8.36,27,8.93,0
ps:contrarien:75,ps,contrarien,0,false,0.01,24,9.22,0
ps:contrarien:76,ps,contrarien,0,false,0.03,24,9.29,0
ps:contrarien:77,ps,contrarien,0,false,0.7,24,10.1,0
ps:contrarien:78,ps,contrarien,0,false,8.92,25,9.52,0
ps:contrarien:79,ps,contrarien,0,false,0.25,24,9.17,0
ps:contrarien:80,ps,contrarien,0,false,0.28,24,10.72,0
ps:contrarien:81,ps,contrarien,0,false,9.06,24,11.51,0
ps:contrarien:82,ps,contrarien,1,false,0.21,24,9.51,0
ps:contrarien:83,ps,contrarien,0,false,9.22,26,9.62,0
ps:contrarien:84,ps,contrarien,0,false,8.99,24,9.54,0
ps:contrarien:85,ps,contrarien,0,false,9.22,24,8.89,0
ps:contrarien:86,ps,contrarien,0,false,0.31,24,9.93,0
ps:contrarien:87,ps,contrarien,1,false,9.15,24,10.28,0
ps:contrarien:88,ps,contrarien,0,false,0.4,24,9.99,0
ps:contrarien:89,ps,contrarien,0,false,5.96,24,9.47,0
ps:contrarien:90,ps,contrarien,1,false,8.75,29,9.28,0
ps:contrarien:91,ps,contrarien,0,false,0.25,24,9.93,0
ps:contrarien:92,ps,contrarien,0,false,-0.15,24,8.96,0
ps:contrarien:93,ps,contrarien,1,false,8.91,24,8.99,0
ps:contrarien:94,ps,contrarien,0,false,-0.02,24,8.96,0
ps:contrarien:95,ps,contrarien,0,false,7.7,24,9.01,0
ps:contrarien:96,ps,contrarien,0,false,8.71,25,10,0
ps:contrarien:97,ps,contrarien,0,false,-0.53,24,8.86,0
ps:contrarien:98,ps,contrarien,0,false,0.13,24,9.46,0
ps:contrarien:99,ps,contrarien,1,false,0.4,24,10.07,0
ps:contrarien:100,ps,contrarien,0,false,-0.02,24,9.26,0
ps:contrarien:101,ps,contrarien,0,false,8.96,24,9.34,0
ps:contrarien:102,ps,contrarien,0,false,11.21,25,9.17,0
ps:contrarien:103,ps,contrarien,1,false,0.08,24,9.07,0
ps:contrarien:104,ps,contrarien,1,false,0.12,24,10.58,0
ps:contrarien:105,ps,contrarien,0,false,0.21,24,9.14,0
ps:contrarien:106,ps,contrarien,1,false,0.1,24,9.64,0
ps:contrarien:107,ps,contrarien,1,false,-0.38,24,9.67,0
ps:contrarien:108,ps,contrarien,1,false,9.52,24,8.93,0
ps:contrarien:109,ps,contrarien,0,false,7.94,24,9.75,0
ps:contrarien:110,ps,contrarien,1,false,8.52,24,9.28,0
ps:contrarien:111,ps,contrarien,0,false,-0.62,24,9.12,0
ps:contrarien:112,ps,contrarien,0,false,9.82,24,8.83,0
ps:contrarien:113,ps,contrarien,0,false,7.82,24,10.15,0
ps:contrarien:114,ps,contrarien,0,false,-0.31,24,9,0
ps:contrarien:115,ps,contrarien,0,false,-0.13,24,9.12,0
ps:contrarien:116,ps,contrarien,0,false,0.1,24,10.22,0
ps:contrarien:117,ps,contrarien,0,false,0.25,24,9.29,0
ps:contrarien:118,ps,contrarien,0,false,9.26,27,9.74,0
ps:contrarien:119,ps,contrarien,1,false,0.03,24,9.2,0
ps:contrarien:120,ps,contrarien,0,false,-0.22,24,9.47,0
ps:contrarien:121,ps,contrarien,0,false,-0.13,24,9.45,0
ps:contrarien:122,ps,contrarien,1,false,9.35,24,8.92,0
ps:contrarien:123,ps,contrarien,1,false,-0.15,24,8.81,0
ps:contrarien:124,ps,contrarien,1,false,7.14,24,9.31,0
ps:contrarien:125,ps,contrarien,0,false,8.49,25,9.15,0
ps:contrarien:126,ps,contrarien,0,false,8.79,25,8.98,0
ps:contrarien:127,ps,contrarien,0,false,8.13,24,8.9,0
ps:contrarien:128,ps,contrarien,0,false,8.77,24,9.1,0
ps:contrarien:129,ps,contrarien,0,false,-0.55,24,8.96,0
ps:contrarien:130,ps,contrarien,0,false,-0.17,24,9.53,0
ps:contrarien:131,ps,contrarien,0,false,-0.03,24,9.86,0
ps:contrarien:132,ps,contrarien,0,false,8.91,24,9.08,0
ps:contrarien:133,ps,contrarien,0,false,0.34,24,9.84,0
ps:contrarien:134,ps,contrarien,0,false,8.17,28,8.82,0
ps:contrarien:135,ps,contrarien,0,false,9.08,24,9.67,0
ps:contrarien:136,ps,contrarien,0,false,0.17,24,9.14,0
ps:contrarien:137,ps,contrarien,0,false,8.61,25,9.08,0
ps:contrarien:138,ps,contrarien,1,false,7.33,24,9.09,0
ps:contrarien:139,ps,contrarien,0,false,-0.2,24,9.23,0
ps:contrarien:140,ps,contrarien,0,false,0.06,24,9.94,0
ps:contrarien:141,ps,contrarien,0,false,9.68,24,9.53,0
ps:contrarien:142,ps,contrarien,0,false,-0.08,24,8.94,0
ps:contrarien:143,ps,contrarien,0,false,-0.05,24,8.94,0
ps:contrarien:144,ps,contrarien,1,false,0,24,10.11,0
ps:contrarien:145,ps,contrarien,0,false,7.4,24,9.97,0
ps:contrarien:146,ps,contrarien,0,false,0.29,24,10.41,0
ps:contrarien:147,ps,contrarien,0,false,10.06,25,8.92,0
ps:contrarien:148,ps,contrarien,1,false,7.45,24,9.28,0
ps:contrarien:149,ps,contrarien,1,false,-0.3,24,9.24,0
ecologistes:aleatoire:0,ecologistes,aleatoire,0,false,21.01,0,62.49,62.28
ecologistes:aleatoire:1,ecologistes,aleatoire,0,false,1.43,24,13.76,0
ecologistes:aleatoire:2,ecologistes,aleatoire,0,false,21.91,0,56.05,56.51
ecologistes:aleatoire:3,ecologistes,aleatoire,0,false,10.46,24,14.08,0
ecologistes:aleatoire:4,ecologistes,aleatoire,0,false,21.45,0,53.76,54.9
ecologistes:aleatoire:5,ecologistes,aleatoire,0,false,20.77,0,60.66,60.47
ecologistes:aleatoire:6,ecologistes,aleatoire,0,false,1.45,24,12.99,0
ecologistes:aleatoire:7,ecologistes,aleatoire,0,false,22.48,0,55.23,57.05
ecologistes:aleatoire:8,ecologistes,aleatoire,0,false,14.19,24,9.68,0
ecologistes:aleatoire:9,ecologistes,aleatoire,0,false,21.17,0,58.68,58.94
ecologistes:aleatoire:10,ecologistes,aleatoire,0,false,20.85,0,50.91,46.68
ecologistes:aleatoire:11,ecologistes,aleatoire,1,false,22.13,0,61.27,61.86
ecologistes:aleatoire:12,ecologistes,aleatoire,0,false,22.23,0,55.1,53.44
ecologistes:aleatoire:13,ecologistes,aleatoire,0,false,7.86,24,13.09,0
ecologistes:aleatoire:14,ecologistes,aleatoire,0,false,21.24,0,58.58,58.24
ecologistes:aleatoire:15,ecologistes,aleatoire,0,false,21.07,0,65.09,64.25
ecologistes:aleatoire:16,ecologistes,aleatoire,0,false,21.67,0,63.44,64.06
ecologistes:aleatoire:17,ecologistes,aleatoire,1,false,21.96,0,46.33,47.38
ecologistes:aleatoire:18,ecologistes,aleatoire,1,false,20.85,0,58.28,59.05
ecologistes:aleatoire:19,ecologistes,aleatoire,1,false,21.82,0,59.7,59.14
ecologistes:aleatoire:20,ecologistes,aleatoire,1,false,21.33,0,61.6,62.53
ecologistes:aleatoire:21,ecologistes,aleatoire,1,false,21.5,0,60.42,60.33
ecologistes:aleatoire:22,ecologistes,aleatoire,0,false,21.62,0,60.34,60.49
ecologistes:aleatoire:23,ecologistes,aleatoire,0,false,1.03,24,15.4,0
ecologistes:aleatoire:24,ecologistes,aleatoire,0,false,20.55,6,57.64,57.45
ecologistes:aleatoire:25,ecologistes,aleatoire,0,false,9.06,24,11.62,0
ecologistes:aleatoire:26,ecologistes,aleatoire,0,false,22.07,0,63.67,63.81
ecologistes:aleatoire:27,ecologistes,aleatoire,0,false,21.64,0,61.53,62.04
ecologistes:aleatoire:28,ecologistes,aleatoire,0,false,20.58,0,65.64,64.96
ecologistes:aleatoire:29,ecologistes,aleatoire,0,false,21.14,0,61.81,61.99
ecologistes:aleatoire:30,ecologistes,aleatoire,0,false,20.56,1,58.87,59.21
ecologistes:aleatoire:31,ecologistes,aleatoire,0,false,21.62,0,55.74,54.17
ecologistes:aleatoire:32,ecologistes,aleatoire,0,false,21.71,0,61.45,62.06
ecologistes:aleatoire:33,ecologistes,aleatoire,1,false,20.74,0,65.35,64.82
ecologistes:aleatoire:34,ecologistes,aleatoire,0,false,21.19,1,66.74,65.44
ecologistes:aleatoire:35,ecologistes,aleatoire,0,false,20.66,0,57.73,57.71
ecologistes:aleatoire:36,ecologistes,aleatoire,1,false,22.21,0,66.16,64.93
ecologistes:aleatoire:37,ecologistes,aleatoire,0,false,22.43,0,57.76,55.47
ecologistes:aleatoire:38,ecologistes,aleatoire,0,false,20.68,0,59.45,59.07
ecologistes:aleatoire:39,ecologistes,aleatoire,0,false,14.19,24,14.88,0
ecologistes:aleatoire:40,ecologistes,aleatoire,0,false,3.39,24,16.84,0
ecologistes:aleatoire:41,ecologistes,aleatoire,1,false,5.94,24,14.96,0
ecologistes:aleatoire:42,ecologistes,aleatoire,1,false,1.93,24,14.53,0
ecologistes:aleatoire:43,ecologistes,aleatoire,0,false,21.24,0,60.81,61.29
ecologistes:aleatoire:44,ecologistes,aleatoire,0,false,21.75,0,56.41,50.9
ecologistes:aleatoire:45,ecologistes,aleatoire,0,false,21.52,0,58.96,57.13
ecologistes:aleatoire:46,ecologistes,aleatoire,0,false,7.34,24,11.66,0
ecologistes:aleatoire:47,ecologistes,aleatoire,0,false,22.36,0,58.15,57.6
ecologistes:aleatoire:48,ecologistes,aleatoire,1,false,20.01,1,59.75,60.17
ecologistes:aleatoire:49,ecologistes,aleatoire,1,false,21.42,0,61.41,60.61
ecologistes:aleatoire:50,ecologistes,aleatoire,0,false,21.4,0,62.24,57.63
ecologistes:aleatoire:51,ecologistes,aleatoire,1,false,21.6,0,56.91,55.56
ecologistes:aleatoire:52,ecologistes,aleatoire,0,false,21.8,0,55.09,55.5
ecologistes:aleatoire:53,ecologistes,aleatoire,1,false,20.4,0,61.68,61.85
ecologistes:aleatoire:54,ecologistes,aleatoire,0,false,21.47,0,67.21,67.39
ecologistes:aleatoire:55,ecologistes,aleatoire,0,false,21.34,0,66.34,66.5
ecologistes:aleatoire:56,ecologistes,aleatoire,0,false,9.01,24,15.27,0
ecologistes:aleatoire:57,ecologistes,aleatoire,0,false,22.07,0,59.98,58.95
ecologistes:aleatoire:58,ecologistes,aleatoire,0,false,21.32,0,67.23,67.32
ecologistes:aleatoire:59,ecologistes,aleatoire,0,false,21.51,0,62.16,63.32
ecologistes:aleatoire:60,ecologistes,aleatoire,0,false,21.34,0,63.61,62.67
ecologistes:aleatoire:61,ecologistes,aleatoire,1,false,2.54,24,13.01,0
ecologistes:aleatoire:62,ecologistes,aleatoire,0,false,21.95,0,70.71,70.12
ecologistes:aleatoire:63,ecologistes,aleatoire,0,false,20.86,0,62.71,63.51
ecologistes:aleatoire:64,ecologistes,aleatoire,1,false,21.46,0,58.04,58.77
ecologistes:aleatoire:65,ecologistes,aleatoire,0,false,11.38,24,13.93,0
ecologistes:aleatoire:66,ecologistes,aleatoire,1,false,22.24,0,61.14,60.69
ecologistes:aleatoire:67,ecologistes,aleatoire,0,false,22.3,0,63.89,63.93
ecologistes:aleatoire:68,ecologistes,aleatoire,0,false,7.4,24,14.12,0
ecologistes:aleatoire:69,ecologistes,aleatoire,0,false,21.09,0,54.92,55.22
ecologistes:aleatoire:70,ecologistes,aleatoire,0,false,21.36,1,53.56,54.38
ecologistes:aleatoire:71,ecologistes,aleatoire,1,false,21.92,0,63.04,63.63
ecologistes:aleatoire:72,ecologistes,aleatoire,0,false,22.02,0,61.05,60.81
ecologistes:aleatoire:73,ecologistes,aleatoire,1,false,20.84,0,56.23,56.86
ecologistes:aleatoire:74,ecologistes,aleatoire,1,false,21.19,0,60.56,60.73
ecologistes:aleatoire:75,ecologistes,aleatoire,0,false,20.92,0,57.62,54.95
ecologistes:aleatoire:76,ecologistes,aleatoire,0,false,21.75,0,62.72,61.74
ecologistes:aleatoire:77,ecologistes,aleatoire,1,false,21.73,0,61.07,59.67
ecologistes:aleatoire:78,ecologistes,aleatoire,0,false,20.44,0,59.89,60.4
ecologistes:aleatoire:79,ecologistes,aleatoire,1,false,21.22,0,46.43,44.22
ecologistes:aleatoire:80,ecologistes,aleatoire,0,false,21.32,0,54.25,54.51
ecologistes:aleatoire:81,ecologistes,aleatoire,1,false,22.07,0,55.31,58.04
ecologistes:aleatoire:82,ecologistes,aleatoire,0,false,1.69,24,13.66,0
ecologistes:aleatoire:83,ecologistes,aleatoire,0,false,16.36,24,16.39,0
ecologistes:aleatoire:84,ecologistes,aleatoire,1,false,21.37,0,60.35,61.69
ecologistes:aleatoire:85,ecologistes,aleatoire,0,false,21.27,0,56.86,54.77
ecologistes:aleatoire:86,ecologistes,aleatoire,1,false,22.43,0,62.72,63.02
ecologistes:aleatoire:87,ecologistes,aleatoire,0,false,22.33,0,59.76,60.6
ecologistes:aleatoire:88,ecologistes,aleatoire,0,false,20.6,0,58.09,58.86
ecologistes:aleatoire:89,ecologistes,aleatoire,0,false,21.2,0,60.33,60.95
ecologistes:aleatoire:90,ecologistes,aleatoire,0,false,20.88,0,57.21,56.35
ecologistes:aleatoire:91,ecologistes,aleatoire,1,false,21.83,0,62.23,58.96
ecologistes:aleatoire:92,ecologistes,aleatoire,1,false,22.2,0,52.19,53.53
ecologistes:aleatoire:93,ecologistes,aleatoire,1,false,2.14,24,14.6,0
ecologistes:aleatoire:94,ecologistes,aleatoire,0,false,21.38,0,60.85,61.2
ecologistes:aleatoire:95,ecologistes,aleatoire,0,false,21.01,0,60.76,60.84
ecologistes:aleatoire:96,ecologistes,aleatoire,1,false,21.46,0,65.31,65.68
ecologistes:aleatoire:97,ecologistes,aleatoire,0,false,2.04,24,16.28,0
ecologistes:aleatoire:98,ecologistes,aleatoire,0,false,21.12,0,67.12,68.1
ecologistes:aleatoire:99,ecologistes,aleatoire,0,false,21.32,0,58.94,58.49
ecologistes:aleatoire:100,ecologistes,aleatoire,0,false,7.87,24,15.33,0
ecologistes:aleatoire:101,ecologistes,aleatoire,1,false,21.97,0,55.17,54.77
ecologistes:aleatoire:102,ecologistes,aleatoire,0,false,21.88,0,63.75,64.63
ecologistes:aleatoire:103,ecologistes,aleatoire,1,false,1.22,24,12.59,0
ecologistes:aleatoire:104,ecologistes,aleatoire,0,false,21,0,61.78,60.79
ecologistes:aleatoire:105,ecologistes,aleatoire,0,false,21.49,0,59.03,60.4
ecologistes:aleatoire:106,ecologistes,aleatoire,0,false,22.21,0,57.59,58.15
ecologistes:aleatoire:107,ecologistes,aleatoire,1,false,21.76,0,54.46,55.15
ecologistes:aleatoire:108,ecologistes,aleatoire,1,false,20.56,0,60.08,60.58
ecologistes:aleatoire:109,ecologistes,aleatoire,0,false,21.16,0,63.59,63.69
ecologistes:aleatoire:110,ecologistes,aleatoire,0,false,17.72,24,15.27,0
ecologistes:aleatoire:111,ecologistes,aleatoire,0,false,22.27,0,53.67,55.23
ecologistes:aleatoire:112,ecologistes,aleatoire,1,false,10.25,24,13.29,0
ecologistes:aleatoire:113,ecologistes,aleatoire,0,false,20.76,0,60.78,51.07
ecologistes:aleatoire:114,ecologistes,aleatoire,0,false,7.88,24,16.12,0
ecologistes:aleatoire:115,ecologistes,aleatoire,0,false,20.94,0,64.34,65.05
ecologistes:aleatoire:116,ecologistes,aleatoire,0,false,21.67,0,53.92,55.54
ecologistes:aleatoire:117,ecologistes,aleatoire,1,false,22.38,0,55.98,58.97
ecologistes:aleatoire:118,ecologistes,aleatoire,0,false,20.9,1,54.84,52.91
ecologistes:aleatoire:119,ecologistes,aleatoire,1,false,21.23,0,54.18,55.01
ecologistes:aleatoire:120,ecologistes,aleatoire,0,false,8.59,24,14.49,0
ecologistes:aleatoire:121,ecologistes,aleatoire,0,false,21.64,0,60.09,59.94
ecologistes:aleatoire:122,ecologistes,aleatoire,1,false,22.34,0,58.86,58.52
ecologistes:aleatoire:123,ecologistes,aleatoire,0,false,21.27,0,51.84,52.74
ecologistes:aleatoire:124,ecologistes,aleatoire,0,false,21.19,0,48.13,42.08
ecologistes:aleatoire:125,ecologistes,aleatoire,0,false,21.07,0,65.69,65.03
ecologistes:aleatoire:126,ecologistes,aleatoire,0,false,2.39,24,14.92,0
ecologistes:aleatoire:127,ecologistes,aleatoire,0,false,21.89,0,60.21,60.26
ecologistes:aleatoire:128,ecologistes,aleatoire,0,false,21.06,0,57.18,57.97
ecologistes:aleatoire:129,ecologistes,aleatoire,0,false,21.18,0,67.1,67.4
ecologistes:aleatoire:130,ecologistes,aleatoire,1,false,20.11,1,49.63,43.95
ecologistes:aleatoire:131,ecologistes,aleatoire,0,false,9.83,24,11.89,0
ecologistes:aleatoire:132,ecologistes,aleatoire,1,false,22.49,0,57.45,59.06
ecologistes:aleatoire:133,ecologistes,aleatoire,1,false,20.6,0,60.55,60.9
ecologistes:aleatoire:134,ecologistes,aleatoire,0,false,21.09,0,54.48,55.26
ecologistes:aleatoire:135,ecologistes,aleatoire,0,false,21.21,0,57.47,58.44
ecologistes:aleatoire:136,ecologistes,aleatoire,1,false,22.39,0,67.23,66.65
ecologistes:aleatoire:137,ecologistes,aleatoire,0,false,22.17,0,53.78,45.82
ecologistes:aleatoire:138,ecologistes,aleatoire,0,false,20.88,0,58.1,58.51
ecologistes:aleatoire:139,ecologistes,aleatoire,0,false,21.49,1,64.48,63.95
ecologistes:aleatoire:140,ecologistes,aleatoire,0,false,1.34,24,12.85,0
ecologistes:aleatoire:141,ecologistes,aleatoire,1,false,21.9,0,51.29,51.9
ecologistes:aleatoire:142,ecologistes,aleatoire,0,false,1.32,24,14.25,0
ecologistes:aleatoire:143,ecologistes,aleatoire,1,false,0.46,24,13.55,0
ecologistes:aleatoire:144,ecologistes,aleatoire,0,false,21.05,0,58.2,55.89
ecologistes:aleatoire:145,ecologistes,aleatoire,1,false,2.25,24,16.38,0
ecologistes:aleatoire:146,ecologistes,aleatoire,0,false,22.22,0,61.37,61.12
ecologistes:aleatoire:147,ecologistes,aleatoire,0,false,21.89,0,58.11,58.54
ecologistes:aleatoire:148,ecologistes,aleatoire,0,false,20.56,0,60.04,61.48
ecologistes:aleatoire:149,ecologistes,aleatoire,0,false,21.15,0,54.82,54.33
ecologistes:prudent:0,ecologistes,prudent,0,false,20.78,0,70.29,69.5
ecologistes:prudent:1,ecologistes,prudent,0,false,22.17,0,59.66,59.2
ecologistes:prudent:2,ecologistes,prudent,1,false,21.65,0,59.8,59.52
ecologistes:prudent:3,ecologistes,prudent,0,false,20.5,0,60.84,61.39
ecologistes:prudent:4,ecologistes,prudent,0,false,10.63,24,15.7,0
ecologistes:prudent:5,ecologistes,prudent,0,false,21.07,0,61.51,61.33
ecologistes:prudent:6,ecologistes,prudent,0,false,21.8,0,62.96,63.95
ecologistes:prudent:7,ecologistes,prudent,0,false,21.69,0,65.7,65.23
ecologistes:prudent:8,ecologistes,prudent,0,false,20.81,0,60.73,61
ecologistes:prudent:9,ecologistes,prudent,1,false,20.94,0,59.73,60.11
ecologistes:prudent:10,ecologistes,prudent,0,false,21.45,0,63.8,63.19
ecologistes:prudent:11,ecologistes,prudent,0,false,21.98,0,59.01,58.86
ecologistes:prudent:12,ecologistes,prudent,1,false,22.25,0,64.36,64.74
ecologistes:prudent:13,ecologistes,prudent,1,false,20.55,0,56.95,57.59
ecologistes:prudent:14,ecologistes,prudent,0,false,2.21,24,16.35,0
ecologistes:prudent:15,ecologistes,prudent,0,false,20.98,0,61.95,62.35
ecologistes:prudent:16,ecologistes,prudent,0,false,22.21,0,58.83,59.36
ecologistes:prudent:17,ecologistes,prudent,1,false,22.28,0,58.16,57.54
ecologistes:prudent:18,ecologistes,prudent,0,false,20.78,0,65.49,65.89
ecologistes:prudent:19,ecologistes,prudent,0,false,21.38,0,62.6,61.16
ecologistes:prudent:20,ecologistes,prudent,0,false,20.92,0,63.03,62.89
ecologistes:prudent:21,ecologistes,prudent,0,false,22.24,0,64.39,58.92
ecologistes:prudent:22,ecologistes,prudent,0,false,22.27,0,62.98,62.73
ecologistes:prudent:23,ecologistes,prudent,0,false,20.81,0,62.76,62.75
ecologistes:prudent:24,ecologistes,prudent,0,false,21.87,0,62.78,62.62
ecologistes:prudent:25,ecologistes,prudent,1,false,21.1,0,64.96,64.58
ecologistes:prudent:26,ecologistes,prudent,1,false,21.93,0,64.15,63.17
ecologistes:prudent:27,ecologistes,prudent,0,false,21.87,0,58.46,59.38
ecologistes:prudent:28,ecologistes,prudent,0,false,20.7,0,59.58,59.45
ecologistes:prudent:29,ecologistes,prudent,0,false,21.16,0,54.56,54.94
ecologistes:prudent:30,ecologistes,prudent,0,false,20.94,0,63.65,63
ecologistes:prudent:31,ecologistes,prudent,0,false,21.83,0,61.3,61.84
ecologistes:prudent:32,ecologistes,prudent,1,false,21.87,0,59.69,59.72
ecologistes:prudent:33,ecologistes,prudent,0,false,21,0,62.68,63.1
ecologistes:prudent:34,ecologistes,prudent,0,false,21.16,0,59.2,43.08
ecologistes:prudent:35,ecologistes,prudent,0,false,21.06,0,62.82,63.33
ecologistes:prudent:36,ecologistes,prudent,0,false,22.19,0,59.08,59.13
ecologistes:prudent:37,ecologistes,prudent,0,false,21.98,0,58.58,58.84
ecologistes:prudent:38,ecologistes,prudent,0,false,20.36,1,59.81,59.91
ecologistes:prudent:39,ecologistes,prudent,0,false,21.38,0,63.42,63.34
ecologistes:prudent:40,ecologistes,prudent,0,false,20.85,0,61.16,61.55
ecologistes:prudent:41,ecologistes,prudent,0,false,21.68,0,56.9,44.3
ecologistes:prudent:42,ecologistes,prudent,0,false,22.27,0,61.17,62.06
ecologistes:prudent:43,ecologistes,prudent,0,false,20.57,0,58.79,59.22
ecologistes:prudent:44,ecologistes,prudent,0,false,21.73,0,60.96,60.59
ecologistes:prudent:45,ecologistes,prudent,0,false,21.04,0,59.74,60.38
ecologistes:prudent:46,ecologistes,prudent,0,false,22.36,0,56.2,56.53
ecologistes:prudent:47,ecologistes,prudent,0,false,22.37,0,61.99,62.3
ecologistes:prudent:48,ecologistes,prudent,0,false,21.17,0,57.16,57.48
ecologistes:prudent:49,ecologistes,prudent,0,false,9.72,24,16.03,0
ecologistes:prudent:50,ecologistes,prudent,0,false,21,0,60.59,60.91
ecologistes:prudent:51,ecologistes,prudent,0,false,22.36,0,61.45,61.15
ecologistes:prudent:52,ecologistes,prudent,0,false,21.69,0,65.86,51.68
ecologistes:prudent:53,ecologistes,prudent,0,false,3.08,24,17.28,0
ecologistes:prudent:54,ecologistes,prudent,0,false,21.67,0,65.01,65.29
ecologistes:prudent:55,ecologistes,prudent,0,false,20.72,0,56.53,57.85
ecologistes:prudent:56,ecologistes,prudent,0,false,22,0,59.17,59.49
ecologistes:prudent:57,ecologistes,prudent,0,false,21.98,0,49.19,49.98
ecologistes:prudent:58,ecologistes,prudent,1,false,20.82,0,62.67,62.52
ecologistes:prudent:59,ecologistes,prudent,0,false,21.38,0,62.62,61.98
ecologistes:prudent:60,ecologistes,prudent,1,false,21.07,0,64.2,64.14
ecologistes:prudent:61,ecologistes,prudent,1,false,22.29,0,57.71,58.31
ecologistes:prudent:62,ecologistes,prudent,0,false,21.75,0,53.16,53.66
ecologistes:prudent:63,ecologistes,prudent,0,false,20.89,0,60.04,59.95
ecologistes:prudent:64,ecologistes,prudent,0,false,21.69,0,56.91,56.75
ecologistes:prudent:65,ecologistes,prudent,0,false,21.05,0,65.8,65.63
ecologistes:prudent:66,ecologistes,prudent,0,false,21.55,0,65.54,63.59
ecologistes:prudent:67,ecologistes,prudent,1,false,21.87,0,62.12,61.79
ecologistes:prudent:68,ecologistes,prudent,0,false,21.15,0,60.72,61.42
ecologistes:prudent:69,ecologistes,prudent,0,false,1.94,24,16.29,0
ecologistes:prudent:70,ecologistes,prudent,0,false,21.44,0,63.27,63.32
ecologistes:prudent:71,ecologistes,prudent,0,false,21.57,0,64.19,63.91
ecologistes:prudent:72,ecologistes,prudent,0,false,22.41,0,68.76,67.15
ecologistes:prudent:73,ecologistes,prudent,0,false,21.04,0,62.38,61.36
ecologistes:prudent:74,ecologistes,prudent,1,false,21.18,0,62.67,62.2
ecologistes:prudent:75,ecologistes,prudent,0,false,21.09,0,63.91,63.07
ecologistes:prudent:76,ecologistes,prudent,0,false,21.61,0,59.25,59.2
ecologistes:prudent:77,ecologistes,prudent,0,false,2.89,24,16.07,0
ecologistes:prudent:78,ecologistes,prudent,1,false,20.95,0,58.48,59.58
ecologistes:prudent:79,ecologistes,prudent,0,false,21.43,0,62.87,62.86
ecologistes:prudent:80,ecologistes,prudent,0,false,20.85,0,60.91,61.35
ecologistes:prudent:81,ecologistes,prudent,0,false,22.25,0,54.94,56.08
ecologistes:prudent:82,ecologistes,prudent,0,false,21.75,0,64.31,64.18
ecologistes:prudent:83,ecologistes,prudent,0,false,2.5,24,15.86,0
ecologistes:prudent:84,ecologistes,prudent,1,false,21.18,0,58.53,58.19
ecologistes:prudent:85,ecologistes,prudent,0,false,21.31,0,59.95,60.06
ecologistes:prudent:86,ecologistes,prudent,0,false,21.59,0,59.68,60.52
ecologistes:prudent:87,ecologistes,prudent,0,false,21.76,0,62.72,62.9
ecologistes:prudent:88,ecologistes,prudent,1,false,20.59,0,59.57,59.69
ecologistes:prudent:89,ecologistes,prudent,0,false,21.68,0,60.68,60.45
ecologistes:prudent:90,ecologistes,prudent,0,false,20.76,0,61.54,61.3
ecologistes:prudent:91,ecologistes,prudent,0,false,22.17,0,56.76,57.21
ecologistes:prudent:92,ecologistes,prudent,0,false,21.9,0,59.7,60.15
ecologistes:prudent:93,ecologistes,prudent,1,false,20.58,0,63.12,62.67
ecologistes:prudent:94,ecologistes,prudent,0,false,2.56,24,17.11,0
ecologistes:prudent:95,ecologistes,prudent,1,false,20.96,0,54.6,54.77
ecologistes:prudent:96,ecologistes,prudent,0,false,22.22,0,63.25,62.3
ecologistes:prudent:97,ecologistes,prudent,1,false,21.91,0,68.07,66.91
ecologistes:prudent:98,ecologistes,prudent,0,false,20.87,0,65.56,61.14
ecologistes:prudent:99,ecologistes,prudent,0,false,21.45,0,57.33,57.74
ecologistes:prudent:100,ecologistes,prudent,0,false,20.88,0,53.22,54.12
ecologistes:prudent:101,ecologistes,prudent,0,false,21.9,0,58.96,58.65
ecologistes:prudent:102,ecologistes,prudent,1,false,22.02,0,64.07,64.22
ecologistes:prudent:103,ecologistes,prudent,0,false,21.03,0,52.67,53.32
ecologistes:prudent:104,ecologistes,prudent,0,false,21.6,0,56.66,42.24
ecologistes:prudent:105,ecologistes,prudent,1,false,21.35,0,59.35,57.23
ecologistes:prudent:106,ecologistes,prudent,0,false,21.51,0,62.78,63.13
ecologistes:prudent:107,ecologistes,prudent,1,false,22.41,0,61.23,61.79
ecologistes:prudent:108,ecologistes,prudent,0,false,21.24,0,62.33,62.55
ecologistes:prudent:109,ecologistes,prudent,0,false,21.62,0,57.81,57.75
ecologistes:prudent:110,ecologistes,prudent,0,false,21.19,0,61.96,63.04
ecologistes:prudent:111,ecologistes,prudent,0,false,21.53,0,60.23,59.69
ecologistes:prudent:112,ecologistes,prudent,1,false,21.86,0,61,61.89
ecologistes:prudent:113,ecologistes,prudent,0,false,20.82,0,62,62.24
ecologistes:prudent:114,ecologistes,prudent,0,false,21.72,0,69.29,68.67
ecologistes:prudent:115,ecologistes,prudent,1,false,21.06,0,59.84,59.98
ecologistes:prudent:116,ecologistes,prudent,0,false,9.48,24,17.12,0
ecologistes:prudent:117,ecologistes,prudent,1,false,21.89,0,64.55,64.59
ecologistes:prudent:118,ecologistes,prudent,0,false,21.17,0,62.22,62.63
ecologistes:prudent:119,ecologistes,prudent,2,false,21.67,0,61.14,60.61
ecologistes:prudent:120,ecologistes,prudent,1,false,21.11,0,55.7,56.41
ecologistes:prudent:121,ecologistes,prudent,0,false,2.11,24,14.42,0
ecologistes:prudent:122,ecologistes,prudent,0,false,22.05,0,58.52,59.51
ecologistes:prudent:123,ecologistes,prudent,0,false,21.21,0,60.81,60.48
ecologistes:prudent:124,ecologistes,prudent,0,false,21.63,0,59.38,59.44
ecologistes:prudent:125,ecologistes,prudent,0,false,21.21,0,56.01,56.23
ecologistes:prudent:126,ecologistes,prudent,1,false,21.69,0,61.39,61.9
ecologistes:prudent:127,ecologistes,prudent,1,false,21.79,0,64.37,63.69
ecologistes:prudent:128,ecologistes,prudent,0,false,20.46,0,61.71,62.34
ecologistes:prudent:129,ecologistes,prudent,1,false,21.8,0,57.54,45.95
ecologistes:prudent:130,ecologistes,prudent,0,false,20.84,0,56.16,55.97
ecologistes:prudent:131,ecologistes,prudent,0,false,21.68,0,60.75,61.99
ecologistes:prudent:132,ecologistes,prudent,0,false,21.82,0,62.44,62.61
ecologistes:prudent:133,ecologistes,prudent,0,false,20.94,0,60.54,61.01
ecologistes:prudent:134,ecologistes,prudent,0,false,21.13,0,61.4,60.87
ecologistes:prudent:135,ecologistes,prudent,0,false,21.37,0,62.39,62.82
ecologistes:prudent:136,ecologistes,prudent,1,false,21.82,0,65.83,65.24
ecologistes:prudent:137,ecologistes,prudent,0,false,9.77,24,14.31,0
ecologistes:prudent:138,ecologistes,prudent,0,false,20.86,0,60,60.73
ecologistes:prudent:139,ecologistes,prudent,0,false,21.14,0,61.9,61.56
ecologistes:prudent:140,ecologistes,prudent,0,false,20.75,0,60.74,60.38
ecologistes:prudent:141,ecologistes,prudent,0,false,21.88,0,61.99,60.26
ecologistes:prudent:142,ecologistes,prudent,0,false,21.74,0,55.49,56.46
ecologistes:prudent:143,ecologistes,prudent,0,false,21.19,0,65.11,65.31
ecologistes:prudent:144,ecologistes,prudent,1,false,21.32,0,61.68,62.48
ecologistes:prudent:145,ecologistes,prudent,0,false,20.84,0,58.52,58.27
ecologistes:prudent:146,ecologistes,prudent,1,false,22.18,0,60.4,61.12
ecologistes:prudent:147,ecologistes,prudent,0,false,21.8,0,62.68,62.89
ecologistes:prudent:148,ecologistes,prudent,0,false,20.91,0,59.1,59.09
ecologistes:prudent:149,ecologistes,prudent,0,false,20.98,0,61.85,61.39
ecologistes:risque:0,ecologistes,risque,1,false,1.39,24,15.15,0
ecologistes:risque:1,ecologistes,risque,0,false,21.76,0,62,61.24
ecologistes:risque:2,ecologistes,risque,0,false,21.77,0,60.02,62.51
ecologistes:risque:3,ecologistes,risque,0,false,19.73,1,58.72,56
ecologistes:risque:4,ecologistes,risque,0,false,21.48,0,56.02,56.87
ecologistes:risque:5,ecologistes,risque,0,false,20.98,0,61.88,61.36
ecologistes:risque:6,ecologistes,risque,0,false,21.86,0,68.89,68.11
ecologistes:risque:7,ecologistes,risque,1,false,21.88,0,58.14,60.45
ecologistes:risque:8,ecologistes,risque,0,false,7.47,24,11.63,0
ecologistes:risque:9,ecologistes,risque,0,false,21.43,0,65.04,61.07
ecologistes:risque:10,ecologistes,risque,0,false,20.01,1,63.04,62.77
ecologistes:risque:11,ecologistes,risque,0,false,21.96,1,58.15,59.94
ecologistes:risque:12,ecologistes,risque,0,false,21.58,0,68.56,68.66
ecologistes:risque:13,ecologistes,risque,0,false,20.84,0,57.75,55.19
ecologistes:risque:14,ecologistes,risque,0,false,21.22,0,61.07,59.64
ecologistes:risque:15,ecologistes,risque,1,false,21.48,0,59.62,48.9
ecologistes:risque:16,ecologistes,risque,0,false,5.7,24,11.97,0
ecologistes:risque:17,ecologistes,risque,0,false,20.63,1,67.8,68.5
ecologistes:risque:18,ecologistes,risque,1,false,21.12,0,66.03,62.29
ecologistes:risque:19,ecologistes,risque,1,false,20.75,2,55.69,55.73
ecologistes:risque:20,ecologistes,risque,1,false,21.23,0,63.39,63.17
ecologistes:risque:21,ecologistes,risque,0,false,22.27,0,67.49,68.49
ecologistes:risque:22,ecologistes,risque,0,false,21.87,0,61.72,60.86
ecologistes:risque:23,ecologistes,risque,1,false,20.67,0,56.93,56.6
ecologistes:risque:24,ecologistes,risque,0,false,21.33,1,59.67,60.25
ecologistes:risque:25,ecologistes,risque,0,false,21.37,0,70.74,68.33
ecologistes:risque:26,ecologistes,risque,1,false,22.28,0,62.65,62.9
ecologistes:risque:27,ecologistes,risque,0,false,21.94,0,67.42,63.99
ecologistes:risque:28,ecologistes,risque,0,false,21.03,0,63.27,61.84
ecologistes:risque:29,ecologistes,risque,1,false,21.43,0,66.69,65.29
ecologistes:risque:30,ecologistes,risque,0,false,21.23,0,58.61,58.34
ecologistes:risque:31,ecologistes,risque,1,false,21.54,0,52.81,53.43
ecologistes:risque:32,ecologistes,risque,0,false,21.84,0,61.19,62.13
ecologistes:risque:33,ecologistes,risque,1,false,20.72,0,55.91,56.71
ecologistes:risque:34,ecologistes,risque,0,false,21.57,0,59.12,59.52
ecologistes:risque:35,ecologistes,risque,0,false,20.79,0,67.34,66.38
ecologistes:risque:36,ecologistes,risque,0,false,8.14,24,14.74,0
ecologistes:risque:37,ecologistes,risque,0,false,22.16,0,60.91,61.47
ecologistes:risque:38,ecologistes,risque,1,false,20.72,0,54.8,49.46
ecologistes:risque:39,ecologistes,risque,0,false,21.71,0,57.56,57.8
ecologistes:risque:40,ecologistes,risque,0,false,20.8,0,61.52,60.41
ecologistes:risque:41,ecologistes,risque,0,false,22.21,0,50.75,51.47
ecologistes:risque:42,ecologistes,risque,0,false,22.21,0,63.14,63.01
ecologistes:risque:43,ecologistes,risque,0,false,21.09,0,51.62,51.83
ecologistes:risque:44,ecologistes,risque,0,false,21.1,0,63.33,60.85
ecologistes:risque:45,ecologistes,risque,0,false,7.95,24,13.57,0
ecologistes:risque:46,ecologistes,risque,0,false,22.27,0,64.56,65.31
ecologistes:risque:47,ecologistes,risque,0,false,22.23,0,59.18,60.05
ecologistes:risque:48,ecologistes,risque,0,false,20.57,0,64.43,64.45
ecologistes:risque:49,ecologistes,risque,0,false,20.39,2,60.93,59.12
ecologistes:risque:50,ecologistes,risque,0,false,21.12,0,59,56.83
ecologistes:risque:51,ecologistes,risque,1,false,8.02,24,12.14,0
ecologistes:risque:52,ecologistes,risque,0,false,21.57,0,63.96,60.25
ecologistes:risque:53,ecologistes,risque,0,false,20.5,1,59.34,60.03
ecologistes:risque:54,ecologistes,risque,1,false,21.22,0,61.44,62.33
ecologistes:risque:55,ecologistes,risque,0,false,20.95,3,65.05,64.94
ecologistes:risque:56,ecologistes,risque,0,false,21.91,0,65.34,59.15
ecologistes:risque:57,ecologistes,risque,0,false,22.37,0,66.83,66.03
ecologistes:risque:58,ecologistes,risque,0,false,20.74,0,56.23,57.92
ecologistes:risque:59,ecologistes,risque,0,false,21.42,0,58.98,48.41
ecologistes:risque:60,ecologistes,risque,0,false,21.09,0,54.06,52.98
ecologistes:risque:61,ecologistes,risque,1,false,21.71,0,58.86,57.75
ecologistes:risque:62,ecologistes,risque,0,false,20.66,1,64.38,65.02
ecologistes:risque:63,ecologistes,risque,0,false,20.99,0,65.34,65.03
ecologistes:risque:64,ecologistes,risque,0,false,21.01,0,61.05,61.44
ecologistes:risque:65,ecologistes,risque,1,false,21.33,0,68.08,66.42
ecologistes:risque:66,ecologistes,risque,0,false,22.08,0,66.84,65.55
ecologistes:risque:67,ecologistes,risque,1,false,21.74,0,69.46,65.66
ecologistes:risque:68,ecologistes,risque,0,false,21.28,0,58.78,56.16
ecologistes:risque:69,ecologistes,risque,0,false,21.64,0,63.4,63.33
ecologistes:risque:70,ecologistes,risque,0,false,21.2,0,68.35,68.08
ecologistes:risque:71,ecologistes,risque,0,false,22.04,0,66.23,64.88
ecologistes:risque:72,ecologistes,risque,0,false,21.78,0,54.86,54.93
ecologistes:risque:73,ecologistes,risque,0,false,20.84,0,61.24,62.14
ecologistes:risque:74,ecologistes,risque,0,false,21.13,0,67.63,66.44
ecologistes:risque:75,ecologistes,risque,0,false,21.11,0,62.98,61.07
ecologistes:risque:76,ecologistes,risque,0,false,21.59,0,65.55,65.74
ecologistes:risque:77,ecologistes,risque,0,false,22.19,1,62.44,63.09
ecologistes:risque:78,ecologistes,risque,0,false,19.66,1,63.23,63.29
ecologistes:risque:79,ecologistes,risque,1,false,21.11,0,59.73,60.64
ecologistes:risque:80,ecologistes,risque,1,false,21.06,0,70.85,65.56
ecologistes:risque:81,ecologistes,risque,1,false,21.54,0,62.3,56.83
ecologistes:risque:82,ecologistes,risque,0,false,21.96,0,60.05,58.38
ecologistes:risque:83,ecologistes,risque,1,false,21.02,0,57.32,57.01
ecologistes:risque:84,ecologistes,risque,0,false,19.83,2,54.81,54.39
ecologistes:risque:85,ecologistes,risque,0,false,21.08,0,58.65,57.35
ecologistes:risque:86,ecologistes,risque,1,false,21.96,0,61.28,57.3
ecologistes:risque:87,ecologistes,risque,0,false,21.64,0,59.06,60.04
ecologistes:risque:88,ecologistes,risque,0,false,20.64,0,74.2,72.31
ecologistes:risque:89,ecologistes,risque,1,false,21.21,0,62.89,63.52
ecologistes:risque:90,ecologistes,risque,1,false,21.21,0,59.67,58.33
ecologistes:risque:91,ecologistes,risque,0,false,21.74,0,64.17,63.74
ecologistes:risque:92,ecologistes,risque,0,false,21.98,0,60.12,58.59
ecologistes:risque:93,ecologistes,risque,1,false,20.51,0,61.11,59.38
ecologistes:risque:94,ecologistes,risque,0,false,21.52,0,65.96,66.41
ecologistes:risque:95,ecologistes,risque,1,false,21.25,0,58.5,57.48
ecologistes:risque:96,ecologistes,risque,1,false,21.65,0,61.45,60.11
ecologistes:risque:97,ecologistes,risque,0,false,21.63,0,68.61,66.33
ecologistes:risque:98,ecologistes,risque,0,false,20.8,0,61.35,59.48
ecologistes:risque:99,ecologistes,risque,0,false,21.19,0,59.12,57.21
ecologistes:risque:100,ecologistes,risque,0,false,7.47,24,14.89,0
ecologistes:risque:101,ecologistes,risque,0,false,21.7,0,68.48,66.84
ecologistes:risque:102,ecologistes,risque,0,false,21.75,0,61.25,62.07
ecologistes:risque:103,ecologistes,risque,0,false,20.76,0,57.48,56.93
ecologistes:risque:104,ecologistes,risque,0,false,21.39,0,67.75,67.45
ecologistes:risque:105,ecologistes,risque,0,false,21.62,0,67.62,66.98
ecologistes:risque:106,ecologistes,risque,0,false,21.94,0,62.22,61.83
ecologistes:risque:107,ecologistes,risque,0,false,21.84,0,53,54.14
ecologistes:risque:108,ecologistes,risque,1,false,19.84,1,60.5,61.19
ecologistes:risque:109,ecologistes,risque,0,false,21.12,0,56.19,54.44
ecologistes:risque:110,ecologistes,risque,1,false,20.77,0,60.43,60.86
ecologistes:risque:111,ecologistes,risque,0,false,21.73,0,51.5,48.76
ecologistes:risque:112,ecologistes,risque,1,false,22.02,1,57.17,54.11
ecologistes:risque:113,ecologistes,risque,0,false,20.47,3,59.99,60.8
ecologistes:risque:114,ecologistes,risque,0,false,21.13,0,55.98,58.35
ecologistes:risque:115,ecologistes,risque,0,false,20.71,0,63.56,62.21
ecologistes:risque:116,ecologistes,risque,0,false,21.89,0,56.54,58.13
ecologistes:risque:117,ecologistes,risque,0,false,21.88,0,58.07,57.53
ecologistes:risque:118,ecologistes,risque,0,false,20.58,0,57.79,57.55
ecologistes:risque:119,ecologistes,risque,1,false,21.27,0,58.44,59.4
ecologistes:risque:120,ecologistes,risque,0,false,21.3,0,58.4,57.54
ecologistes:risque:121,ecologistes,risque,0,false,8.81,24,14.69,0
ecologistes:risque:122,ecologistes,risque,0,false,22.4,0,65.66,65.21
ecologistes:risque:123,ecologistes,risque,0,false,20.66,0,63.51,63.76
ecologistes:risque:124,ecologistes,risque,0,false,21.4,0,64.08,62.99
ecologistes:risque:125,ecologistes,risque,0,false,21.28,0,61.94,61.66
ecologistes:risque:126,ecologistes,risque,0,false,22.13,0,66.39,66.78
ecologistes:risque:127,ecologistes,risque,0,false,21.72,0,66.68,68.19
ecologistes:risque:128,ecologistes,risque,1,false,20.76,0,56.03,56.9
ecologistes:risque:129,ecologistes,risque,1,false,21,0,71.16,71.56
ecologistes:risque:130,ecologistes,risque,1,false,21.39,0,70.25,69.09
ecologistes:risque:131,ecologistes,risque,0,false,22.13,0,57.05,56.16
ecologistes:risque:132,ecologistes,risque,0,false,21.38,1,69.53,69.86
ecologistes:risque:133,ecologistes,risque,1,false,20.89,0,59.19,57.63
ecologistes:risque:134,ecologistes,risque,0,false,21.78,0,61.87,61.72
ecologistes:risque:135,ecologistes,risque,0,false,20.94,0,68.55,66.34
ecologistes:risque:136,ecologistes,risque,0,false,22.34,0,53.19,49.34
ecologistes:risque:137,ecologistes,risque,0,false,21.65,0,71.58,70.86
ecologistes:risque:138,ecologistes,risque,0,false,20.8,0,58.96,55.01
ecologistes:risque:139,ecologistes,risque,1,false,21.32,0,59.19,59.44
ecologistes:risque:140,ecologistes,risque,0,false,21.22,0,53.86,44.88
ecologistes:risque:141,ecologistes,risque,0,false,2.49,24,13.52,0
ecologistes:risque:142,ecologistes,risque,0,false,21.7,0,66.64,67.49
ecologistes:risque:143,ecologistes,risque,0,false,20.46,0,60.2,60.26
ecologistes:risque:144,ecologistes,risque,0,false,21.12,0,67.25,64.7
ecologistes:risque:145,ecologistes,risque,0,false,21.02,0,64.84,64.38
ecologistes:risque:146,ecologistes,risque,0,false,22.18,0,64.19,62
ecologistes:risque:147,ecologistes,risque,0,false,22.32,0,65.2,65.69
ecologistes:risque:148,ecologistes,risque,0,false,19.45,2,56.4,57.8
ecologistes:risque:149,ecologistes,risque,0,false,21.16,0,69.45,67.46
ecologistes:ideologiquement_coherent:0,ecologistes,ideologiquement_coherent,0,false,2.2,24,15.07,0
ecologistes:ideologiquement_coherent:1,ecologistes,ideologiquement_coherent,0,false,22.13,0,62.98,62.69
ecologistes:ideologiquement_coherent:2,ecologistes,ideologiquement_coherent,1,false,21.81,0,67.69,67.56
ecologistes:ideologiquement_coherent:3,ecologistes,ideologiquement_coherent,0,false,20.77,1,65.04,64.17
ecologistes:ideologiquement_coherent:4,ecologistes,ideologiquement_coherent,1,false,21.4,0,64.72,64.42
ecologistes:ideologiquement_coherent:5,ecologistes,ideologiquement_coherent,0,false,21.42,0,66.54,66
ecologistes:ideologiquement_coherent:6,ecologistes,ideologiquement_coherent,1,false,21.46,0,64.54,64.05
ecologistes:ideologiquement_coherent:7,ecologistes,ideologiquement_coherent,1,false,21.84,0,63.05,62.89
ecologistes:ideologiquement_coherent:8,ecologistes,ideologiquement_coherent,0,false,20.71,0,62.84,62.49
ecologistes:ideologiquement_coherent:9,ecologistes,ideologiquement_coherent,1,false,21.17,0,55.97,57.01
ecologistes:ideologiquement_coherent:10,ecologistes,ideologiquement_coherent,0,false,21.23,0,62.16,61.65
ecologistes:ideologiquement_coherent:11,ecologistes,ideologiquement_coherent,1,false,22.3,0,61.63,61.83
ecologistes:ideologiquement_coherent:12,ecologistes,ideologiquement_coherent,1,false,22.31,0,64.83,65
ecologistes:ideologiquement_coherent:13,ecologistes,ideologiquement_coherent,0,false,21.15,0,66.02,66.01
ecologistes:ideologiquement_coherent:14,ecologistes,ideologiquement_coherent,1,false,21.24,0,63,63.17
ecologistes:ideologiquement_coherent:15,ecologistes,ideologiquement_coherent,0,false,20.7,0,60.86,61.45
ecologistes:ideologiquement_coherent:16,ecologistes,ideologiquement_coherent,1,false,21.78,0,63.08,63.1
ecologistes:ideologiquement_coherent:17,ecologistes,ideologiquement_coherent,0,false,21.86,0,63.17,63.6
ecologistes:ideologiquement_coherent:18,ecologistes,ideologiquement_coherent,0,false,21.19,0,67.25,66.43
ecologistes:ideologiquement_coherent:19,ecologistes,ideologiquement_coherent,0,false,21.32,0,62.24,63.05
ecologistes:ideologiquement_coherent:20,ecologistes,ideologiquement_coherent,0,false,20.7,0,62.42,62.19
ecologistes:ideologiquement_coherent:21,ecologistes,ideologiquement_coherent,0,false,21.57,0,65.56,65.81
ecologistes:ideologiquement_coherent:22,ecologistes,ideologiquement_coherent,0,false,21.72,0,68.76,68.01
ecologistes:ideologiquement_coherent:23,ecologistes,ideologiquement_coherent,0,false,20.68,0,69.75,69.96
ecologistes:ideologiquement_coherent:24,ecologistes,ideologiquement_coherent,0,false,21.72,0,60.7,61.14
ecologistes:ideologiquement_coherent:25,ecologistes,ideologiquement_coherent,0,false,21.53,0,65.21,64.38
ecologistes:ideologiquement_coherent:26,ecologistes,ideologiquement_coherent,0,false,21.66,0,62.58,62.81
ecologistes:ideologiquement_coherent:27,ecologistes,ideologiquement_coherent,0,false,22.06,0,65.44,64.86
ecologistes:ideologiquement_coherent:28,ecologistes,ideologiquement_coherent,1,false,20.8,0,67.29,66.7
ecologistes:ideologiquement_coherent:29,ecologistes,ideologiquement_coherent,0,false,21.53,0,71.7,71.04
ecologistes:ideologiquement_coherent:30,ecologistes,ideologiquement_coherent,0,false,20.97,0,57.72,58.63
ecologistes:ideologiquement_coherent:31,ecologistes,ideologiquement_coherent,0,false,21.77,0,59.13,59.92
ecologistes:ideologiquement_coherent:32,ecologistes,ideologiquement_coherent,0,false,22.17,0,65.43,65.19
ecologistes:ideologiquement_coherent:33,ecologistes,ideologiquement_coherent,0,false,21.19,0,58.29,58.27
ecologistes:ideologiquement_coherent:34,ecologistes,ideologiquement_coherent,1,false,21.42,0,62.94,62.62
ecologistes:ideologiquement_coherent:35,ecologistes,ideologiquement_coherent,0,false,21.08,0,60.48,60.68
ecologistes:ideologiquement_coherent:36,ecologistes,ideologiquement_coherent,0,false,21.84,2,63.54,63.78
ecologistes:ideologiquement_coherent:37,ecologistes,ideologiquement_coherent,0,false,22.02,0,60.31,61.13
ecologistes:ideologiquement_coherent:38,ecologistes,ideologiquement_coherent,0,false,20.7,1,57.93,57.74
ecologistes:ideologiquement_coherent:39,ecologistes,ideologiquement_coherent,1,false,21.09,0,61.12,61.32
ecologistes:ideologiquement_coherent:40,ecologistes,ideologiquement_coherent,0,false,20.79,0,63.05,63.46
ecologistes:ideologiquement_coherent:41,ecologistes,ideologiquement_coherent,0,false,22.32,0,65.75,65.07
ecologistes:ideologiquement_coherent:42,ecologistes,ideologiquement_coherent,0,false,21.94,0,66.03,66.05
ecologistes:ideologiquement_coherent:43,ecologistes,ideologiquement_coherent,0,false,20.79,0,65.51,64.84
ecologistes:ideologiquement_coherent:44,ecologistes,ideologiquement_coherent,0,false,21.48,0,63.95,63.36
ecologistes:ideologiquement_coherent:45,ecologistes,ideologiquement_coherent,0,false,20.87,0,63.14,62.88
ecologistes:ideologiquement_coherent:46,ecologistes,ideologiquement_coherent,1,false,22.06,0,60.07,59.63
ecologistes:ideologiquement_coherent:47,ecologistes,ideologiquement_coherent,1,false,21.92,0,65.7,66.01
ecologistes:ideologiquement_coherent:48,ecologistes,ideologiquement_coherent,0,false,20.75,0,58.69,59.29
ecologistes:ideologiquement_coherent:49,ecologistes,ideologiquement_coherent,1,false,21.49,0,64.17,64.23
ecologistes:ideologiquement_coherent:50,ecologistes,ideologiquement_coherent,0,false,20.98,0,67.68,67.47
ecologistes:ideologiquement_coherent:51,ecologistes,ideologiquement_coherent,0,false,21.91,0,65.2,64.16
ecologistes:ideologiquement_coherent:52,ecologistes,ideologiquement_coherent,0,false,22.32,0,64.51,64.27
ecologistes:ideologiquement_coherent:53,ecologistes,ideologiquement_coherent,1,false,20.87,0,59.58,59.95
ecologistes:ideologiquement_coherent:54,ecologistes,ideologiquement_coherent,1,false,21.39,0,63.68,63.98
ecologistes:ideologiquement_coherent:55,ecologistes,ideologiquement_coherent,0,false,21.07,0,60.71,60.95
ecologistes:ideologiquement_coherent:56,ecologistes,ideologiquement_coherent,0,false,22.32,0,68.46,68.21
ecologistes:ideologiquement_coherent:57,ecologistes,ideologiquement_coherent,0,false,22.47,0,63.08,63.39
ecologistes:ideologiquement_coherent:58,ecologistes,ideologiquement_coherent,0,false,21.14,0,61.26,61.58
ecologistes:ideologiquement_coherent:59,ecologistes,ideologiquement_coherent,0,false,20.97,0,61.74,46.41
ecologistes:ideologiquement_coherent:60,ecologistes,ideologiquement_coherent,0,false,20.82,0,62.15,62.28
ecologistes:ideologiquement_coherent:61,ecologistes,ideologiquement_coherent,0,false,22.38,0,60.78,61.59
ecologistes:ideologiquement_coherent:62,ecologistes,ideologiquement_coherent,0,false,22.1,0,56.18,57.33
ecologistes:ideologiquement_coherent:63,ecologistes,ideologiquement_coherent,1,false,21.13,0,61.68,61.68
ecologistes:ideologiquement_coherent:64,ecologistes,ideologiquement_coherent,0,false,21.11,0,61.63,61.82
ecologistes:ideologiquement_coherent:65,ecologistes,ideologiquement_coherent,0,false,20.9,0,59.26,59.94
ecologistes:ideologiquement_coherent:66,ecologistes,ideologiquement_coherent,1,false,21.82,0,64.25,63.95
ecologistes:ideologiquement_coherent:67,ecologistes,ideologiquement_coherent,0,false,21.77,0,66.95,65.84
ecologistes:ideologiquement_coherent:68,ecologistes,ideologiquement_coherent,0,false,20.51,0,68.61,67.5
ecologistes:ideologiquement_coherent:69,ecologistes,ideologiquement_coherent,1,false,21.69,0,56.54,57.38
ecologistes:ideologiquement_coherent:70,ecologistes,ideologiquement_coherent,0,false,20.92,0,58,58.36
ecologistes:ideologiquement_coherent:71,ecologistes,ideologiquement_coherent,0,false,22.21,0,63.07,62.4
ecologistes:ideologiquement_coherent:72,ecologistes,ideologiquement_coherent,0,false,21.93,0,63.71,63.31
ecologistes:ideologiquement_coherent:73,ecologistes,ideologiquement_coherent,0,false,20.66,0,63.69,63.2
ecologistes:ideologiquement_coherent:74,ecologistes,ideologiquement_coherent,0,false,21.29,0,59.2,60.04
ecologistes:ideologiquement_coherent:75,ecologistes,ideologiquement_coherent,0,false,20.79,0,62.27,62.72
ecologistes:ideologiquement_coherent:76,ecologistes,ideologiquement_coherent,0,false,21.82,0,58.36,58.69
ecologistes:ideologiquement_coherent:77,ecologistes,ideologiquement_coherent,0,false,21.96,0,63.28,63.48
ecologistes:ideologiquement_coherent:78,ecologistes,ideologiquement_coherent,0,false,20.57,0,59.81,59.02
ecologistes:ideologiquement_coherent:79,ecologistes,ideologiquement_coherent,0,false,21.29,0,61.49,61.67
ecologistes:ideologiquement_coherent:80,ecologistes,ideologiquement_coherent,0,false,11.83,24,16.65,0
ecologistes:ideologiquement_coherent:81,ecologistes,ideologiquement_coherent,0,false,21.69,0,63.99,63.99
ecologistes:ideologiquement_coherent:82,ecologistes,ideologiquement_coherent,1,false,21.63,0,67,66.99
ecologistes:ideologiquement_coherent:83,ecologistes,ideologiquement_coherent,0,false,21.18,0,65.48,65.14
ecologistes:ideologiquement_coherent:84,ecologistes,ideologiquement_coherent,0,false,21.45,0,66.94,65.09
ecologistes:ideologiquement_coherent:85,ecologistes,ideologiquement_coherent,0,false,20.93,1,70.83,70.02
ecologistes:ideologiquement_coherent:86,ecologistes,ideologiquement_coherent,0,false,21.79,0,62.25,61.49
ecologistes:ideologiquement_coherent:87,ecologistes,ideologiquement_coherent,0,false,21.95,0,63.17,63.32
ecologistes:ideologiquement_coherent:88,ecologistes,ideologiquement_coherent,0,false,21.07,0,64.84,64.43
ecologistes:ideologiquement_coherent:89,ecologistes,ideologiquement_coherent,0,false,21.38,0,65.39,64.77
ecologistes:ideologiquement_coherent:90,ecologistes,ideologiquement_coherent,0,false,20.85,0,67.94,66.51
ecologistes:ideologiquement_coherent:91,ecologistes,ideologiquement_coherent,0,false,22.16,0,63.57,63.39
ecologistes:ideologiquement_coherent:92,ecologistes,ideologiquement_coherent,0,false,21.81,0,63.11,63.38
ecologistes:ideologiquement_coherent:93,ecologistes,ideologiquement_coherent,1,false,20.9,0,60.35,60.49
ecologistes:ideologiquement_coherent:94,ecologistes,ideologiquement_coherent,1,false,21.65,0,59.73,59.77
ecologistes:ideologiquement_coherent:95,ecologistes,ideologiquement_coherent,1,false,20.9,0,63.13,63.98
ecologistes:ideologiquement_coherent:96,ecologistes,ideologiquement_coherent,0,false,21.9,0,65.27,64.08
ecologistes:ideologiquement_coherent:97,ecologistes,ideologiquement_coherent,0,false,21.88,0,65.76,65.04
ecologistes:ideologiquement_coherent:98,ecologistes,ideologiquement_coherent,0,false,20.55,0,57.52,57.96
ecologistes:ideologiquement_coherent:99,ecologistes,ideologiquement_coherent,0,false,20.64,1,60.77,61.05
ecologistes:ideologiquement_coherent:100,ecologistes,ideologiquement_coherent,0,false,20.72,0,61.95,61.95
ecologistes:ideologiquement_coherent:101,ecologistes,ideologiquement_coherent,0,false,21.49,0,62.73,61.84
ecologistes:ideologiquement_coherent:102,ecologistes,ideologiquement_coherent,1,false,22.16,0,62.5,62.63
ecologistes:ideologiquement_coherent:103,ecologistes,ideologiquement_coherent,0,false,20.97,0,60.21,60.65
ecologistes:ideologiquement_coherent:104,ecologistes,ideologiquement_coherent,0,false,21.48,0,60.79,60.94
ecologistes:ideologiquement_coherent:105,ecologistes,ideologiquement_coherent,0,false,21.33,0,64.33,64.61
ecologistes:ideologiquement_coherent:106,ecologistes,ideologiquement_coherent,0,false,21.88,0,63.58,63.14
ecologistes:ideologiquement_coherent:107,ecologistes,ideologiquement_coherent,0,false,21.91,0,64.51,64.59
ecologistes:ideologiquement_coherent:108,ecologistes,ideologiquement_coherent,0,false,20.95,0,62.01,61.53
ecologistes:ideologiquement_coherent:109,ecologistes,ideologiquement_coherent,0,false,21.62,0,59.22,59.48
ecologistes:ideologiquement_coherent:110,ecologistes,ideologiquement_coherent,0,false,20.95,0,63.21,62.33
ecologistes:ideologiquement_coherent:111,ecologistes,ideologiquement_coherent,1,false,22.17,0,66.63,66.56
ecologistes:ideologiquement_coherent:112,ecologistes,ideologiquement_coherent,0,false,22.31,1,62.36,62.62
ecologistes:ideologiquement_coherent:113,ecologistes,ideologiquement_coherent,0,false,20.51,1,64.91,65.95
ecologistes:ideologiquement_coherent:114,ecologistes,ideologiquement_coherent,1,false,21,0,61.68,61.6
ecologistes:ideologiquement_coherent:115,ecologistes,ideologiquement_coherent,0,false,20.92,0,64.85,64.84
ecologistes:ideologiquement_coherent:116,ecologistes,ideologiquement_coherent,0,false,22.13,0,61.88,62.55
ecologistes:ideologiquement_coherent:117,ecologistes,ideologiquement_coherent,0,false,22.46,0,62.17,62.71
ecologistes:ideologiquement_coherent:118,ecologistes,ideologiquement_coherent,0,false,20.99,0,67.12,66.78
ecologistes:ideologiquement_coherent:119,ecologistes,ideologiquement_coherent,0,false,21.07,0,59.74,60.49
ecologistes:ideologiquement_coherent:120,ecologistes,ideologiquement_coherent,0,false,21.34,0,67.79,67.13
ecologistes:ideologiquement_coherent:121,ecologistes,ideologiquement_coherent,1,false,21.89,0,60.09,58.28
ecologistes:ideologiquement_coherent:122,ecologistes,ideologiquement_coherent,0,false,21.79,0,63.56,63.36
ecologistes:ideologiquement_coherent:123,ecologistes,ideologiquement_coherent,0,false,20.76,1,61.01,61.15
ecologistes:ideologiquement_coherent:124,ecologistes,ideologiquement_coherent,1,false,21.09,0,66.2,65.16
ecologistes:ideologiquement_coherent:125,ecologistes,ideologiquement_coherent,0,false,21.32,0,64.75,64.06
ecologistes:ideologiquement_coherent:126,ecologistes,ideologiquement_coherent,0,false,22.28,0,61.48,60.91
ecologistes:ideologiquement_coherent:127,ecologistes,ideologiquement_coherent,1,false,21.51,1,64.35,63.88
ecologistes:ideologiquement_coherent:128,ecologistes,ideologiquement_coherent,0,false,20.86,0,65.39,65.6
ecologistes:ideologiquement_coherent:129,ecologistes,ideologiquement_coherent,0,false,21.21,0,61.06,61.4
ecologistes:ideologiquement_coherent:130,ecologistes,ideologiquement_coherent,0,false,20.83,0,63.21,63.35
ecologistes:ideologiquement_coherent:131,ecologistes,ideologiquement_coherent,0,false,21.98,2,67.53,53.27
ecologistes:ideologiquement_coherent:132,ecologistes,ideologiquement_coherent,0,false,21.9,0,60.56,60.91
ecologistes:ideologiquement_coherent:133,ecologistes,ideologiquement_coherent,0,false,20.75,0,59.69,58.79
ecologistes:ideologiquement_coherent:134,ecologistes,ideologiquement_coherent,1,false,21.16,0,63.63,63.08
ecologistes:ideologiquement_coherent:135,ecologistes,ideologiquement_coherent,0,false,20.87,0,64.33,63.98
ecologistes:ideologiquement_coherent:136,ecologistes,ideologiquement_coherent,0,false,21.68,0,61.66,61.88
ecologistes:ideologiquement_coherent:137,ecologistes,ideologiquement_coherent,0,false,21.99,0,62.18,61.77
ecologistes:ideologiquement_coherent:138,ecologistes,ideologiquement_coherent,0,false,20.56,0,58.14,58.21
ecologistes:ideologiquement_coherent:139,ecologistes,ideologiquement_coherent,0,false,21.66,0,64.36,65.03
ecologistes:ideologiquement_coherent:140,ecologistes,ideologiquement_coherent,1,false,20.79,0,68.85,68.06
ecologistes:ideologiquement_coherent:141,ecologistes,ideologiquement_coherent,0,false,21.58,1,63.47,63.86
ecologistes:ideologiquement_coherent:142,ecologistes,ideologiquement_coherent,0,false,22.35,0,61.96,61.65
ecologistes:ideologiquement_coherent:143,ecologistes,ideologiquement_coherent,0,false,20.42,0,63.44,48.29
ecologistes:ideologiquement_coherent:144,ecologistes,ideologiquement_coherent,0,false,21.19,0,61.23,60.82
ecologistes:ideologiquement_coherent:145,ecologistes,ideologiquement_coherent,0,false,21.14,0,60.26,60.73
ecologistes:ideologiquement_coherent:146,ecologistes,ideologiquement_coherent,0,false,21.85,0,59.43,59.13
ecologistes:ideologiquement_coherent:147,ecologistes,ideologiquement_coherent,0,false,21.69,0,57.82,57.17
ecologistes:ideologiquement_coherent:148,ecologistes,ideologiquement_coherent,0,false,21.23,0,66.13,64.66
ecologistes:ideologiquement_coherent:149,ecologistes,ideologiquement_coherent,0,false,21.74,0,64.17,64.31
ecologistes:opportuniste_electoral:0,ecologistes,opportuniste_electoral,0,false,8.78,24,12.48,0
ecologistes:opportuniste_electoral:1,ecologistes,opportuniste_electoral,1,false,0.9,24,11.23,0
ecologistes:opportuniste_electoral:2,ecologistes,opportuniste_electoral,0,false,0.2,24,13.73,0
ecologistes:opportuniste_electoral:3,ecologistes,opportuniste_electoral,0,false,19.58,1,50.1,49.02
ecologistes:opportuniste_electoral:4,ecologistes,opportuniste_electoral,1,false,21.66,0,54.1,54.45
ecologistes:opportuniste_electoral:5,ecologistes,opportuniste_electoral,1,false,20.94,0,55.79,56.28
ecologistes:opportuniste_electoral:6,ecologistes,opportuniste_electoral,0,false,21.66,0,59.65,60.46
ecologistes:opportuniste_electoral:7,ecologistes,opportuniste_electoral,0,false,22.16,0,60.77,61.52
ecologistes:opportuniste_electoral:8,ecologistes,opportuniste_electoral,0,false,6.52,24,13.27,0
ecologistes:opportuniste_electoral:9,ecologistes,opportuniste_electoral,1,false,0.71,24,14.4,0
ecologistes:opportuniste_electoral:10,ecologistes,opportuniste_electoral,0,false,21.63,0,59.67,59.82
ecologistes:opportuniste_electoral:11,ecologistes,opportuniste_electoral,0,false,21.74,4,63.19,62.92
ecologistes:opportuniste_electoral:12,ecologistes,opportuniste_electoral,1,false,22.15,0,64.46,64.99
ecologistes:opportuniste_electoral:13,ecologistes,opportuniste_electoral,1,false,8.05,24,11.64,0
ecologistes:opportuniste_electoral:14,ecologistes,opportuniste_electoral,0,false,21.33,0,58.85,58.46
ecologistes:opportuniste_electoral:15,ecologistes,opportuniste_electoral,0,false,21.51,0,63.31,64.37
ecologistes:opportuniste_electoral:16,ecologistes,opportuniste_electoral,0,false,21.88,0,54.31,55.55
ecologistes:opportuniste_electoral:17,ecologistes,opportuniste_electoral,0,false,21.62,0,54.19,55.47
ecologistes:opportuniste_electoral:18,ecologistes,opportuniste_electoral,0,false,1.28,24,14.84,0
ecologistes:opportuniste_electoral:19,ecologistes,opportuniste_electoral,0,false,21.29,0,53.67,54.1
ecologistes:opportuniste_electoral:20,ecologistes,opportuniste_electoral,0,false,1.04,24,14.43,0
ecologistes:opportuniste_electoral:21,ecologistes,opportuniste_electoral,1,false,22.35,0,53.01,54.31
ecologistes:opportuniste_electoral:22,ecologistes,opportuniste_electoral,0,false,21.72,0,56.14,56.93
ecologistes:opportuniste_electoral:23,ecologistes,opportuniste_electoral,1,false,21.12,1,55.08,55.97
ecologistes:opportuniste_electoral:24,ecologistes,opportuniste_electoral,0,false,21.31,0,59.4,60.41
ecologistes:opportuniste_electoral:25,ecologistes,opportuniste_electoral,1,false,1.77,24,13.47,0
ecologistes:opportuniste_electoral:26,ecologistes,opportuniste_electoral,1,false,21.71,0,52.78,54.24
ecologistes:opportuniste_electoral:27,ecologistes,opportuniste_electoral,0,false,22.02,0,60.95,61.98
ecologistes:opportuniste_electoral:28,ecologistes,opportuniste_electoral,0,false,-0.36,24,12.96,0
ecologistes:opportuniste_electoral:29,ecologistes,opportuniste_electoral,0,false,21.03,0,44.7,43.49
ecologistes:opportuniste_electoral:30,ecologistes,opportuniste_electoral,1,false,1.6,24,15.63,0
ecologistes:opportuniste_electoral:31,ecologistes,opportuniste_electoral,1,false,21.01,7,50.41,51.48
ecologistes:opportuniste_electoral:32,ecologistes,opportuniste_electoral,0,false,22.31,0,58.34,56.49
ecologistes:opportuniste_electoral:33,ecologistes,opportuniste_electoral,0,false,15.06,24,13.16,0
ecologistes:opportuniste_electoral:34,ecologistes,opportuniste_electoral,0,false,20.6,2,55.68,55.49
ecologistes:opportuniste_electoral:35,ecologistes,opportuniste_electoral,0,false,20.88,0,60.76,61.27
ecologistes:opportuniste_electoral:36,ecologistes,opportuniste_electoral,0,false,-0.4,24,12.94,0
ecologistes:opportuniste_electoral:37,ecologistes,opportuniste_electoral,0,false,17.31,18,52.14,53.6
ecologistes:opportuniste_electoral:38,ecologistes,opportuniste_electoral,0,false,20.17,1,55.34,54.66
ecologistes:opportuniste_electoral:39,ecologistes,opportuniste_electoral,1,false,-0.24,24,12.63,0
ecologistes:opportuniste_electoral:40,ecologistes,opportuniste_electoral,0,false,19.36,8,49.26,48.72
ecologistes:opportuniste_electoral:41,ecologistes,opportuniste_electoral,1,false,22.34,0,54.59,55.08
ecologistes:opportuniste_electoral:42,ecologistes,opportuniste_electoral,1,false,21.12,13,49.21,36.12
ecologistes:opportuniste_electoral:43,ecologistes,opportuniste_electoral,0,false,20.54,0,56.01,55.15
ecologistes:opportuniste_electoral:44,ecologistes,opportuniste_electoral,0,false,0.91,24,13.74,0
ecologistes:opportuniste_electoral:45,ecologistes,opportuniste_electoral,0,false,21.29,0,59,58.53
ecologistes:opportuniste_electoral:46,ecologistes,opportuniste_electoral,0,false,6.66,24,12.75,0
ecologistes:opportuniste_electoral:47,ecologistes,opportuniste_electoral,1,false,21.76,0,57.97,45.13
ecologistes:opportuniste_electoral:48,ecologistes,opportuniste_electoral,1,false,21.08,0,58.8,59.37
ecologistes:opportuniste_electoral:49,ecologistes,opportuniste_electoral,0,false,21.09,0,59.54,60.51
ecologistes:opportuniste_electoral:50,ecologistes,opportuniste_electoral,1,false,1.55,24,14.15,0
ecologistes:opportuniste_electoral:51,ecologistes,opportuniste_electoral,0,false,7.06,24,13.84,0
ecologistes:opportuniste_electoral:52,ecologistes,opportuniste_electoral,1,false,22.08,0,60.21,60.85
ecologistes:opportuniste_electoral:53,ecologistes,opportuniste_electoral,0,false,20.02,9,54.7,55.48
ecologistes:opportuniste_electoral:54,ecologistes,opportuniste_electoral,1,false,21.57,0,55.47,55.98
ecologistes:opportuniste_electoral:55,ecologistes,opportuniste_electoral,0,false,0.35,24,14.15,0
ecologistes:opportuniste_electoral:56,ecologistes,opportuniste_electoral,0,false,20.92,9,52.76,53.89
ecologistes:opportuniste_electoral:57,ecologistes,opportuniste_electoral,1,false,22.13,0,60.66,61.59
ecologistes:opportuniste_electoral:58,ecologistes,opportuniste_electoral,1,false,21.26,0,57.39,58.44
ecologistes:opportuniste_electoral:59,ecologistes,opportuniste_electoral,0,false,21.66,0,52.14,52.77
ecologistes:opportuniste_electoral:60,ecologistes,opportuniste_electoral,1,false,20.87,1,53.74,55.27
ecologistes:opportuniste_electoral:61,ecologistes,opportuniste_electoral,0,false,0.5,24,16.37,0
ecologistes:opportuniste_electoral:62,ecologistes,opportuniste_electoral,0,false,22.05,0,63.16,63.96
ecologistes:opportuniste_electoral:63,ecologistes,opportuniste_electoral,0,false,12.98,24,10.1,0
ecologistes:opportuniste_electoral:64,ecologistes,opportuniste_electoral,0,false,19.9,10,49.04,50.2
ecologistes:opportuniste_electoral:65,ecologistes,opportuniste_electoral,0,false,21.12,0,62.35,62.53
ecologistes:opportuniste_electoral:66,ecologistes,opportuniste_electoral,0,false,15.65,24,17.23,0
ecologistes:opportuniste_electoral:67,ecologistes,opportuniste_electoral,1,false,22.06,0,53.58,54.43
ecologistes:opportuniste_electoral:68,ecologistes,opportuniste_electoral,1,false,20.94,0,59.37,59.23
ecologistes:opportuniste_electoral:69,ecologistes,opportuniste_electoral,0,false,20.39,2,51.85,52.17
ecologistes:opportuniste_electoral:70,ecologistes,opportuniste_electoral,0,false,18.99,8,55.97,56.64
ecologistes:opportuniste_electoral:71,ecologistes,opportuniste_electoral,1,false,21.98,0,51.38,52.6
ecologistes:opportuniste_electoral:72,ecologistes,opportuniste_electoral,0,false,22.44,0,55.19,54.71
ecologistes:opportuniste_electoral:73,ecologistes,opportuniste_electoral,1,false,0.2,24,9.97,0
ecologistes:opportuniste_electoral:74,ecologistes,opportuniste_electoral,0,false,21.47,0,56.95,43.34
ecologistes:opportuniste_electoral:75,ecologistes,opportuniste_electoral,0,false,5.32,24,11.31,0
ecologistes:opportuniste_electoral:76,ecologistes,opportuniste_electoral,0,false,1.69,24,15.85,0
ecologistes:opportuniste_electoral:77,ecologistes,opportuniste_electoral,1,false,9.27,24,14.23,0
ecologistes:opportuniste_electoral:78,ecologistes,opportuniste_electoral,1,false,20.86,1,50.98,51.15
ecologistes:opportuniste_electoral:79,ecologistes,opportuniste_electoral,0,false,19.64,8,60.67,61.48
ecologistes:opportuniste_electoral:80,ecologistes,opportuniste_electoral,0,false,20.98,0,63.29,63.73
ecologistes:opportuniste_electoral:81,ecologistes,opportuniste_electoral,0,false,8.42,24,11.55,0
ecologistes:opportuniste_electoral:82,ecologistes,opportuniste_electoral,1,false,22.08,0,54.69,55.46
ecologistes:opportuniste_electoral:83,ecologistes,opportuniste_electoral,1,false,21.09,0,60.98,61.39
ecologistes:opportuniste_electoral:84,ecologistes,opportuniste_electoral,0,false,21.21,0,54.67,55.64
ecologistes:opportuniste_electoral:85,ecologistes,opportuniste_electoral,0,false,9.49,24,12.35,0
ecologistes:opportuniste_electoral:86,ecologistes,opportuniste_electoral,0,false,9.6,24,14.85,0
ecologistes:opportuniste_electoral:87,ecologistes,opportuniste_electoral,1,false,22,0,64.15,63.81
ecologistes:opportuniste_electoral:88,ecologistes,opportuniste_electoral,1,false,1.32,24,14.74,0
ecologistes:opportuniste_electoral:89,ecologistes,opportuniste_electoral,0,false,21.54,0,62.02,60.27
ecologistes:opportuniste_electoral:90,ecologistes,opportuniste_electoral,0,false,8.15,24,11.36,0
ecologistes:opportuniste_electoral:91,ecologistes,opportuniste_electoral,0,false,22.03,0,65.45,65.27
ecologistes:opportuniste_electoral:92,ecologistes,opportuniste_electoral,0,false,9.1,24,15.22,0
ecologistes:opportuniste_electoral:93,ecologistes,opportuniste_electoral,1,false,20.57,0,60.67,61.2
ecologistes:opportuniste_electoral:94,ecologistes,opportuniste_electoral,0,false,15.15,24,11.62,0
ecologistes:opportuniste_electoral:95,ecologistes,opportuniste_electoral,0,false,21.46,0,61.82,61.43
ecologistes:opportuniste_electoral:96,ecologistes,opportuniste_electoral,1,false,22.05,0,53.93,54.5
ecologistes:opportuniste_electoral:97,ecologistes,opportuniste_electoral,1,false,21.71,0,61.8,62.6
ecologistes:opportuniste_electoral:98,ecologistes,opportuniste_electoral,1,false,20.69,0,61.23,60.73
ecologistes:opportuniste_electoral:99,ecologistes,opportuniste_electoral,0,false,21.83,0,63.28,63.08
ecologistes:opportuniste_electoral:100,ecologistes,opportuniste_electoral,1,false,20.84,0,50.92,51.16
ecologistes:opportuniste_electoral:101,ecologistes,opportuniste_electoral,1,false,21.59,0,56.79,57.38
ecologistes:opportuniste_electoral:102,ecologistes,opportuniste_electoral,1,false,21.89,0,60.77,61.21
ecologistes:opportuniste_electoral:103,ecologistes,opportuniste_electoral,1,false,20.56,0,49.79,50.98
ecologistes:opportuniste_electoral:104,ecologistes,opportuniste_electoral,1,false,21.52,0,56.06,57.25
ecologistes:opportuniste_electoral:105,ecologistes,opportuniste_electoral,1,false,19.92,1,57.41,58.02
ecologistes:opportuniste_electoral:106,ecologistes,opportuniste_electoral,1,false,22.2,0,60.34,59.92
ecologistes:opportuniste_electoral:107,ecologistes,opportuniste_electoral,1,false,6.7,24,10.97,0
ecologistes:opportuniste_electoral:108,ecologistes,opportuniste_electoral,0,false,-0.7,24,14.38,0
ecologistes:opportuniste_electoral:109,ecologistes,opportuniste_electoral,0,false,21.6,0,59.86,60.23
ecologistes:opportuniste_electoral:110,ecologistes,opportuniste_electoral,0,false,9.43,24,15.46,0
ecologistes:opportuniste_electoral:111,ecologistes,opportuniste_electoral,1,false,21.47,0,60.29,60.97
ecologistes:opportuniste_electoral:112,ecologistes,opportuniste_electoral,0,false,22.02,0,59.15,58.19
ecologistes:opportuniste_electoral:113,ecologistes,opportuniste_electoral,1,false,-0.1,24,11.67,0
ecologistes:opportuniste_electoral:114,ecologistes,opportuniste_electoral,1,false,21.47,0,63.8,46.93
ecologistes:opportuniste_electoral:115,ecologistes,opportuniste_electoral,1,false,21.12,0,57.5,58.81
ecologistes:opportuniste_electoral:116,ecologistes,opportuniste_electoral,0,false,21.96,0,51.3,50.1
ecologistes:opportuniste_electoral:117,ecologistes,opportuniste_electoral,0,false,21.88,0,56.83,57.99
ecologistes:opportuniste_electoral:118,ecologistes,opportuniste_electoral,1,false,20.49,0,54.51,55.56
ecologistes:opportuniste_electoral:119,ecologistes,opportuniste_electoral,1,false,21.28,0,60.23,59.62
ecologistes:opportuniste_electoral:120,ecologistes,opportuniste_electoral,0,false,6.4,24,12.91,0
ecologistes:opportuniste_electoral:121,ecologistes,opportuniste_electoral,0,false,22.23,0,66.01,65.64
ecologistes:opportuniste_electoral:122,ecologistes,opportuniste_electoral,0,false,22.54,0,67.8,66.58
ecologistes:opportuniste_electoral:123,ecologistes,opportuniste_electoral,0,false,20.61,0,62.48,62.01
ecologistes:opportuniste_electoral:124,ecologistes,opportuniste_electoral,0,false,21.26,2,62.19,61.39
ecologistes:opportuniste_electoral:125,ecologistes,opportuniste_electoral,0,false,8.18,24,12.43,0
ecologistes:opportuniste_electoral:126,ecologistes,opportuniste_electoral,0,false,21.67,0,61.13,61.32
ecologistes:opportuniste_electoral:127,ecologistes,opportuniste_electoral,0,false,21.73,0,55.56,56.59
ecologistes:opportuniste_electoral:128,ecologistes,opportuniste_electoral,0,false,9.88,24,16.63,0
ecologistes:opportuniste_electoral:129,ecologistes,opportuniste_electoral,0,false,21.56,0,52.93,53.79
ecologistes:opportuniste_electoral:130,ecologistes,opportuniste_electoral,1,false,20.68,0,57.73,58.69
ecologistes:opportuniste_electoral:131,ecologistes,opportuniste_electoral,0,false,22.11,0,59.05,58.2
ecologistes:opportuniste_electoral:132,ecologistes,opportuniste_electoral,0,false,21.49,1,62.22,48.44
ecologistes:opportuniste_electoral:133,ecologistes,opportuniste_electoral,1,false,20.5,0,58.65,59.3
ecologistes:opportuniste_electoral:134,ecologistes,opportuniste_electoral,0,false,21.09,0,57.11,58.46
ecologistes:opportuniste_electoral:135,ecologistes,opportuniste_electoral,0,false,7.96,24,17.72,0
ecologistes:opportuniste_electoral:136,ecologistes,opportuniste_electoral,1,false,1.2,24,14.8,0
ecologistes:opportuniste_electoral:137,ecologistes,opportuniste_electoral,0,false,21.75,0,57.03,57.67
ecologistes:opportuniste_electoral:138,ecologistes,opportuniste_electoral,0,false,21.18,0,65.36,65.09
ecologistes:opportuniste_electoral:139,ecologistes,opportuniste_electoral,1,false,21.11,1,65.81,63.6
ecologistes:opportuniste_electoral:140,ecologistes,opportuniste_electoral,0,false,0.95,24,11.63,0
ecologistes:opportuniste_electoral:141,ecologistes,opportuniste_electoral,0,false,21.32,1,56.89,56.26
ecologistes:opportuniste_electoral:142,ecologistes,opportuniste_electoral,0,false,21.99,0,57.63,57.51
ecologistes:opportuniste_electoral:143,ecologistes,opportuniste_electoral,1,false,21.02,0,61.93,61.98
ecologistes:opportuniste_electoral:144,ecologistes,opportuniste_electoral,1,false,1.38,24,13.54,0
ecologistes:opportuniste_electoral:145,ecologistes,opportuniste_electoral,1,false,18.91,7,52.33,53.09
ecologistes:opportuniste_electoral:146,ecologistes,opportuniste_electoral,0,false,22.26,0,61.91,62.64
ecologistes:opportuniste_electoral:147,ecologistes,opportuniste_electoral,0,false,20.12,3,56.94,56.54
ecologistes:opportuniste_electoral:148,ecologistes,opportuniste_electoral,0,false,21.2,0,62.59,59.53
ecologistes:opportuniste_electoral:149,ecologistes,opportuniste_electoral,0,false,21.29,0,61.94,62.08
ecologistes:parti_dabord:0,ecologistes,parti_dabord,0,false,20.9,0,58.8,59.66
ecologistes:parti_dabord:1,ecologistes,parti_dabord,0,false,21.87,0,60.62,60.4
ecologistes:parti_dabord:2,ecologistes,parti_dabord,0,false,21.71,0,60.88,62.06
ecologistes:parti_dabord:3,ecologistes,parti_dabord,0,false,21.07,0,52.97,52.13
ecologistes:parti_dabord:4,ecologistes,parti_dabord,0,false,21.03,0,59.27,58.27
ecologistes:parti_dabord:5,ecologistes,parti_dabord,0,false,21.47,0,62.36,63.26
ecologistes:parti_dabord:6,ecologistes,parti_dabord,0,false,22.05,0,59.82,57.9
ecologistes:parti_dabord:7,ecologistes,parti_dabord,0,false,21.86,0,65.11,65.83
ecologistes:parti_dabord:8,ecologistes,parti_dabord,0,false,21.22,0,58.88,50.31
ecologistes:parti_dabord:9,ecologistes,parti_dabord,0,false,21.36,0,57.38,58.69
ecologistes:parti_dabord:10,ecologistes,parti_dabord,0,false,21.47,0,55.59,56.93
ecologistes:parti_dabord:11,ecologistes,parti_dabord,0,false,21.71,0,60.28,59.97
ecologistes:parti_dabord:12,ecologistes,parti_dabord,0,false,21.74,0,58.22,57.03
ecologistes:parti_dabord:13,ecologistes,parti_dabord,0,false,21.12,0,58.91,59.13
ecologistes:parti_dabord:14,ecologistes,parti_dabord,0,false,20.26,2,63.86,64.74
ecologistes:parti_dabord:15,ecologistes,parti_dabord,0,false,21.39,0,52.56,52.49
ecologistes:parti_dabord:16,ecologistes,parti_dabord,0,false,21.72,0,66.98,64.66
ecologistes:parti_dabord:17,ecologistes,parti_dabord,1,false,22.31,0,62.32,61.26
ecologistes:parti_dabord:18,ecologistes,parti_dabord,1,false,21.02,0,62.59,63.33
ecologistes:parti_dabord:19,ecologistes,parti_dabord,1,false,10.38,24,14.5,0
ecologistes:parti_dabord:20,ecologistes,parti_dabord,0,false,21.25,5,58.4,59.63
ecologistes:parti_dabord:21,ecologistes,parti_dabord,0,false,22.26,0,60.97,60.04
ecologistes:parti_dabord:22,ecologistes,parti_dabord,1,false,21.84,0,60.1,61.01
ecologistes:parti_dabord:23,ecologistes,parti_dabord,0,false,21.2,0,58.76,59.16
ecologistes:parti_dabord:24,ecologistes,parti_dabord,0,false,7.7,24,14.73,0
ecologistes:parti_dabord:25,ecologistes,parti_dabord,0,false,21.22,0,56.69,55.59
ecologistes:parti_dabord:26,ecologistes,parti_dabord,0,false,21.7,0,64.92,65.29
ecologistes:parti_dabord:27,ecologistes,parti_dabord,0,false,22.28,0,67.07,67.27
ecologistes:parti_dabord:28,ecologistes,parti_dabord,0,false,20.92,0,66.92,66.47
ecologistes:parti_dabord:29,ecologistes,parti_dabord,1,false,21.37,0,60.91,59.92
ecologistes:parti_dabord:30,ecologistes,parti_dabord,0,false,0.95,24,16.94,0
ecologistes:parti_dabord:31,ecologistes,parti_dabord,1,false,10.85,24,16.46,0
ecologistes:parti_dabord:32,ecologistes,parti_dabord,0,false,22.12,0,55.3,56.26
ecologistes:parti_dabord:33,ecologistes,parti_dabord,1,false,20.46,0,60.26,60
ecologistes:parti_dabord:34,ecologistes,parti_dabord,1,false,21.32,0,56.43,56.84
ecologistes:parti_dabord:35,ecologistes,parti_dabord,1,false,20.87,0,57.41,58.04
ecologistes:parti_dabord:36,ecologistes,parti_dabord,0,false,-0.12,24,11.28,0
ecologistes:parti_dabord:37,ecologistes,parti_dabord,1,false,22.33,0,61.36,60.13
ecologistes:parti_dabord:38,ecologistes,parti_dabord,0,false,20.35,2,62.95,64.39
ecologistes:parti_dabord:39,ecologistes,parti_dabord,0,false,21.22,0,58.01,58.7
ecologistes:parti_dabord:40,ecologistes,parti_dabord,0,false,21.24,0,52.23,53.72
ecologistes:parti_dabord:41,ecologistes,parti_dabord,0,false,21.58,0,58.58,59.23
ecologistes:parti_dabord:42,ecologistes,parti_dabord,0,false,22.2,0,56.49,57.09
ecologistes:parti_dabord:43,ecologistes,parti_dabord,0,false,20.68,0,47.22,47.91
ecologistes:parti_dabord:44,ecologistes,parti_dabord,1,false,21.46,0,60.54,60.38
ecologistes:parti_dabord:45,ecologistes,parti_dabord,0,false,20.82,0,59.62,60.14
ecologistes:parti_dabord:46,ecologistes,parti_dabord,1,false,21.66,0,52.84,53.67
ecologistes:parti_dabord:47,ecologistes,parti_dabord,1,false,22.06,0,56.2,57.4
ecologistes:parti_dabord:48,ecologistes,parti_dabord,0,false,20.66,0,62.86,63.23
ecologistes:parti_dabord:49,ecologistes,parti_dabord,0,false,21.12,1,61.8,62.24
ecologistes:parti_dabord:50,ecologistes,parti_dabord,0,false,21.05,0,66.37,66.41
ecologistes:parti_dabord:51,ecologistes,parti_dabord,0,false,22.03,0,64.05,64.55
ecologistes:parti_dabord:52,ecologistes,parti_dabord,1,false,-0.42,24,13.71,0
ecologistes:parti_dabord:53,ecologistes,parti_dabord,1,false,20.98,0,60.8,61.44
ecologistes:parti_dabord:54,ecologistes,parti_dabord,0,false,21.84,0,58.75,59.59
ecologistes:parti_dabord:55,ecologistes,parti_dabord,0,false,21.33,0,59.83,58.7
ecologistes:parti_dabord:56,ecologistes,parti_dabord,0,false,22,0,58.1,58.33
ecologistes:parti_dabord:57,ecologistes,parti_dabord,0,false,22.42,0,68.42,67.89
ecologistes:parti_dabord:58,ecologistes,parti_dabord,0,false,20.68,0,62.49,62
ecologistes:parti_dabord:59,ecologistes,parti_dabord,0,false,9.32,24,14.55,0
ecologistes:parti_dabord:60,ecologistes,parti_dabord,0,false,21.16,0,55.08,54.2
ecologistes:parti_dabord:61,ecologistes,parti_dabord,0,false,22.41,0,63.58,63
ecologistes:parti_dabord:62,ecologistes,parti_dabord,1,false,21.89,0,62.16,62.58
ecologistes:parti_dabord:63,ecologistes,parti_dabord,0,false,20.63,0,59.79,60.16
ecologistes:parti_dabord:64,ecologistes,parti_dabord,0,false,21.22,0,53.04,51.68
ecologistes:parti_dabord:65,ecologistes,parti_dabord,0,false,21.65,0,58.75,59.46
ecologistes:parti_dabord:66,ecologistes,parti_dabord,0,false,21.9,0,63.87,64.03
ecologistes:parti_dabord:67,ecologistes,parti_dabord,0,false,22.23,0,56.95,58.3
ecologistes:parti_dabord:68,ecologistes,parti_dabord,0,false,20.64,0,59.06,59.37
ecologistes:parti_dabord:69,ecologistes,parti_dabord,0,false,21.06,2,44.8,43.75
ecologistes:parti_dabord:70,ecologistes,parti_dabord,1,false,21.02,0,63.06,63.23
ecologistes:parti_dabord:71,ecologistes,parti_dabord,0,false,22.26,0,55.3,54.63
ecologistes:parti_dabord:72,ecologistes,parti_dabord,1,false,22.36,0,59.57,61.08
ecologistes:parti_dabord:73,ecologistes,parti_dabord,0,false,20.69,0,60.54,61.21
ecologistes:parti_dabord:74,ecologistes,parti_dabord,0,false,21.63,0,57.21,57.43
ecologistes:parti_dabord:75,ecologistes,parti_dabord,1,false,20.82,0,62.33,62.95
ecologistes:parti_dabord:76,ecologistes,parti_dabord,0,false,21.55,0,54.57,54.99
ecologistes:parti_dabord:77,ecologistes,parti_dabord,0,false,21.39,2,57.34,57.12
ecologistes:parti_dabord:78,ecologistes,parti_dabord,0,false,20.77,0,59.58,59.38
ecologistes:parti_dabord:79,ecologistes,parti_dabord,0,false,21.07,0,59.59,58.83
ecologistes:parti_dabord:80,ecologistes,parti_dabord,0,false,21.1,0,57.34,57.56
ecologistes:parti_dabord:81,ecologistes,parti_dabord,1,false,21.84,0,58.22,57.73
ecologistes:parti_dabord:82,ecologistes,parti_dabord,0,false,22.41,0,56.26,57.11
ecologistes:parti_dabord:83,ecologistes,parti_dabord,0,false,-0.44,24,12.53,0
ecologistes:parti_dabord:84,ecologistes,parti_dabord,0,false,21.88,0,62.71,61.85
ecologistes:parti_dabord:85,ecologistes,parti_dabord,1,false,20.97,0,60.34,59.73
ecologistes:parti_dabord:86,ecologistes,parti_dabord,0,false,22.15,0,64.22,64.58
ecologistes:parti_dabord:87,ecologistes,parti_dabord,0,false,21.93,0,62.28,63.58
ecologistes:parti_dabord:88,ecologistes,parti_dabord,0,false,20.49,0,58.08,59.16
ecologistes:parti_dabord:89,ecologistes,parti_dabord,0,false,21.23,0,62.88,61.78
ecologistes:parti_dabord:90,ecologistes,parti_dabord,0,false,21.01,0,59.83,59.44
ecologistes:parti_dabord:91,ecologistes,parti_dabord,0,false,8.91,24,15.83,0
ecologistes:parti_dabord:92,ecologistes,parti_dabord,1,false,22.49,0,63.14,63.23
ecologistes:parti_dabord:93,ecologistes,parti_dabord,1,false,20.51,0,57.63,57.67
ecologistes:parti_dabord:94,ecologistes,parti_dabord,1,false,21.14,0,57.32,58.41
ecologistes:parti_dabord:95,ecologistes,parti_dabord,0,false,20.75,0,51.9,52.26
ecologistes:parti_dabord:96,ecologistes,parti_dabord,1,false,22.29,0,56.03,55.97
ecologistes:parti_dabord:97,ecologistes,parti_dabord,1,false,7.5,24,14.82,0
ecologistes:parti_dabord:98,ecologistes,parti_dabord,0,false,20.51,0,61.43,61.72
ecologistes:parti_dabord:99,ecologistes,parti_dabord,0,false,8.87,24,17.43,0
ecologistes:parti_dabord:100,ecologistes,parti_dabord,0,false,21.1,0,61.5,61.03
ecologistes:parti_dabord:101,ecologistes,parti_dabord,0,false,0.02,24,12.02,0
ecologistes:parti_dabord:102,ecologistes,parti_dabord,0,false,21.87,0,61.77,58.81
ecologistes:parti_dabord:103,ecologistes,parti_dabord,1,false,20.9,0,61.99,57.88
ecologistes:parti_dabord:104,ecologistes,parti_dabord,0,false,21.58,0,60.58,59.38
ecologistes:parti_dabord:105,ecologistes,parti_dabord,1,false,20.79,0,64.92,65.77
ecologistes:parti_dabord:106,ecologistes,parti_dabord,0,false,21.87,0,60.91,61.32
ecologistes:parti_dabord:107,ecologistes,parti_dabord,0,false,21.98,0,59.73,60.21
ecologistes:parti_dabord:108,ecologistes,parti_dabord,1,false,0.33,24,14.95,0
ecologistes:parti_dabord:109,ecologistes,parti_dabord,0,false,21.81,0,59.19,59.45
ecologistes:parti_dabord:110,ecologistes,parti_dabord,0,false,21.19,0,58.53,47.55
ecologistes:parti_dabord:111,ecologistes,parti_dabord,0,false,21.8,0,64.17,63.94
ecologistes:parti_dabord:112,ecologistes,parti_dabord,0,false,22.06,0,59.75,58.73
ecologistes:parti_dabord:113,ecologistes,parti_dabord,1,false,20.66,0,58.86,59.99
ecologistes:parti_dabord:114,ecologistes,parti_dabord,0,false,21.43,0,57.72,57.85
ecologistes:parti_dabord:115,ecologistes,parti_dabord,0,false,20.8,0,65.01,65.35
ecologistes:parti_dabord:116,ecologistes,parti_dabord,0,false,22.12,0,65.5,65.38
ecologistes:parti_dabord:117,ecologistes,parti_dabord,0,false,22.32,0,60.07,60.89
ecologistes:parti_dabord:118,ecologistes,parti_dabord,0,false,21.17,0,58.92,58.92
ecologistes:parti_dabord:119,ecologistes,parti_dabord,0,false,21.44,0,57.13,58.8
ecologistes:parti_dabord:120,ecologistes,parti_dabord,0,false,21.41,0,58.81,58.98
ecologistes:parti_dabord:121,ecologistes,parti_dabord,0,false,22.37,0,64.53,63.34
ecologistes:parti_dabord:122,ecologistes,parti_dabord,1,false,21.86,0,66.73,66.45
ecologistes:parti_dabord:123,ecologistes,parti_dabord,0,false,20.81,1,55.66,57.08
ecologistes:parti_dabord:124,ecologistes,parti_dabord,0,false,20.71,2,60.2,60.64
ecologistes:parti_dabord:125,ecologistes,parti_dabord,0,false,0.54,24,16.36,0
ecologistes:parti_dabord:126,ecologistes,parti_dabord,0,false,22.45,0,52.54,52.66
ecologistes:parti_dabord:127,ecologistes,parti_dabord,1,false,22.02,0,58.96,59.93
ecologistes:parti_dabord:128,ecologistes,parti_dabord,0,false,20.6,0,54.13,54.3
ecologistes:parti_dabord:129,ecologistes,parti_dabord,0,false,-0.21,24,15.38,0
ecologistes:parti_dabord:130,ecologistes,parti_dabord,0,false,20.84,0,52.23,51.77
ecologistes:parti_dabord:131,ecologistes,parti_dabord,1,false,-1.17,24,11.76,0
ecologistes:parti_dabord:132,ecologistes,parti_dabord,0,false,22.33,0,58.98,59.95
ecologistes:parti_dabord:133,ecologistes,parti_dabord,1,false,20.59,0,57.34,54.34
ecologistes:parti_dabord:134,ecologistes,parti_dabord,0,false,21.04,0,53.27,54.05
ecologistes:parti_dabord:135,ecologistes,parti_dabord,0,false,20.99,1,55.49,55.94
ecologistes:parti_dabord:136,ecologistes,parti_dabord,0,false,21.68,0,54.52,55.19
ecologistes:parti_dabord:137,ecologistes,parti_dabord,0,false,22.17,4,60.29,60.31
ecologistes:parti_dabord:138,ecologistes,parti_dabord,0,false,20.79,0,62.16,62.81
ecologistes:parti_dabord:139,ecologistes,parti_dabord,1,false,21.62,0,65.76,65.79
ecologistes:parti_dabord:140,ecologistes,parti_dabord,1,false,21.4,0,55.34,55.06
ecologistes:parti_dabord:141,ecologistes,parti_dabord,0,false,21.77,0,59.55,60.23
ecologistes:parti_dabord:142,ecologistes,parti_dabord,1,false,21.84,0,59.05,59.01
ecologistes:parti_dabord:143,ecologistes,parti_dabord,0,false,20.62,0,57.84,58.55
ecologistes:parti_dabord:144,ecologistes,parti_dabord,0,false,21.54,0,57.89,57.88
ecologistes:parti_dabord:145,ecologistes,parti_dabord,1,false,20.86,0,54.42,55.77
ecologistes:parti_dabord:146,ecologistes,parti_dabord,1,false,21.58,0,61.46,62.28
ecologistes:parti_dabord:147,ecologistes,parti_dabord,0,false,22.46,0,56.4,57.13
ecologistes:parti_dabord:148,ecologistes,parti_dabord,1,false,0.82,24,15.38,0
ecologistes:parti_dabord:149,ecologistes,parti_dabord,0,false,21.74,0,58.48,58.58
ecologistes:mediatique:0,ecologistes,mediatique,1,false,-1.26,24,13.44,0
ecologistes:mediatique:1,ecologistes,mediatique,0,false,9.45,24,11.8,0
ecologistes:mediatique:2,ecologistes,mediatique,1,false,21.84,0,63.73,65.16
ecologistes:mediatique:3,ecologistes,mediatique,1,false,-1.14,24,13.14,0
ecologistes:mediatique:4,ecologistes,mediatique,0,false,21.29,0,46.62,49.68
ecologistes:mediatique:5,ecologistes,mediatique,0,false,10.08,24,12.51,0
ecologistes:mediatique:6,ecologistes,mediatique,0,false,22.11,0,58.18,58.89
ecologistes:mediatique:7,ecologistes,mediatique,0,false,8.09,24,13.32,0
ecologistes:mediatique:8,ecologistes,mediatique,0,false,7.89,24,10.24,0
ecologistes:mediatique:9,ecologistes,mediatique,0,false,0.24,24,16.17,0
ecologistes:mediatique:10,ecologistes,mediatique,1,false,20.96,0,48.26,47.13
ecologistes:mediatique:11,ecologistes,mediatique,0,false,7.71,24,15.96,0
ecologistes:mediatique:12,ecologistes,mediatique,0,false,21.86,0,59.2,58.81
ecologistes:mediatique:13,ecologistes,mediatique,0,false,20.55,0,61.03,62.8
ecologistes:mediatique:14,ecologistes,mediatique,0,false,17.2,11,48.06,49.99
ecologistes:mediatique:15,ecologistes,mediatique,0,false,7.56,24,11.65,0
ecologistes:mediatique:16,ecologistes,mediatique,0,false,10.59,24,18.02,0
ecologistes:mediatique:17,ecologistes,mediatique,0,false,-1.05,24,11.02,0
ecologistes:mediatique:18,ecologistes,mediatique,0,false,21,0,53.67,53.93
ecologistes:mediatique:19,ecologistes,mediatique,0,false,21.41,0,56.86,56.18
ecologistes:mediatique:20,ecologistes,mediatique,0,false,7.34,24,12.57,0
ecologistes:mediatique:21,ecologistes,mediatique,0,false,0,24,12.54,0
ecologistes:mediatique:22,ecologistes,mediatique,0,false,22.25,0,58.42,58.8
ecologistes:mediatique:23,ecologistes,mediatique,0,false,20.48,1,50.86,52.17
ecologistes:mediatique:24,ecologistes,mediatique,0,false,7.66,24,9.8,0
ecologistes:mediatique:25,ecologistes,mediatique,0,false,8.89,24,11.63,0
ecologistes:mediatique:26,ecologistes,mediatique,0,false,22.33,0,51.38,51.01
ecologistes:mediatique:27,ecologistes,mediatique,0,false,0.13,24,14.17,0
ecologistes:mediatique:28,ecologistes,mediatique,1,false,20.37,1,63.93,62.74
ecologistes:mediatique:29,ecologistes,mediatique,0,false,0.66,24,15.17,0
ecologistes:mediatique:30,ecologistes,mediatique,0,false,6.72,24,10.97,0
ecologistes:mediatique:31,ecologistes,mediatique,0,false,9.9,24,12.54,0
ecologistes:mediatique:32,ecologistes,mediatique,0,false,22.31,0,49.18,48.56
ecologistes:mediatique:33,ecologistes,mediatique,1,false,-0.8,24,15.37,0
ecologistes:mediatique:34,ecologistes,mediatique,0,false,-0.26,24,10.23,0
ecologistes:mediatique:35,ecologistes,mediatique,1,false,9.85,24,12.32,0
ecologistes:mediatique:36,ecologistes,mediatique,0,false,21.66,0,61,60.11
ecologistes:mediatique:37,ecologistes,mediatique,1,false,21.72,0,54.71,43.6
ecologistes:mediatique:38,ecologistes,mediatique,0,false,2.22,24,16.5,0
ecologistes:mediatique:39,ecologistes,mediatique,0,false,8.3,24,11.79,0
ecologistes:mediatique:40,ecologistes,mediatique,0,false,20.91,0,53.39,53.67
ecologistes:mediatique:41,ecologistes,mediatique,1,false,9.94,24,12.84,0
ecologistes:mediatique:42,ecologistes,mediatique,0,false,17.15,8,45.86,47.15
ecologistes:mediatique:43,ecologistes,mediatique,0,false,7.22,24,11.63,0
ecologistes:mediatique:44,ecologistes,mediatique,0,false,21.51,0,53.3,54.15
ecologistes:mediatique:45,ecologistes,mediatique,0,false,0.01,24,16.28,0
ecologistes:mediatique:46,ecologistes,mediatique,0,false,21.56,0,53.29,53.8
ecologistes:mediatique:47,ecologistes,mediatique,0,false,22.23,0,66.41,66.24
ecologistes:mediatique:48,ecologistes,mediatique,0,false,9.79,24,14.59,0
ecologistes:mediatique:49,ecologistes,mediatique,0,false,20.93,1,53.86,55.11
ecologistes:mediatique:50,ecologistes,mediatique,0,false,9.23,24,11.83,0
ecologistes:mediatique:51,ecologistes,mediatique,0,false,22.22,0,56.95,56.69
ecologistes:mediatique:52,ecologistes,mediatique,0,false,22.22,0,55.17,53.67
ecologistes:mediatique:53,ecologistes,mediatique,0,false,9.49,24,15.33,0
ecologistes:mediatique:54,ecologistes,mediatique,0,false,1.05,24,12.55,0
ecologistes:mediatique:55,ecologistes,mediatique,0,false,20.91,0,46.71,47.65
ecologistes:mediatique:56,ecologistes,mediatique,0,false,9.35,24,11.51,0
ecologistes:mediatique:57,ecologistes,mediatique,0,false,22.18,0,60.1,60.43
ecologistes:mediatique:58,ecologistes,mediatique,0,false,20.62,0,58.59,59.35
ecologistes:mediatique:59,ecologistes,mediatique,0,false,9.84,24,13.59,0
ecologistes:mediatique:60,ecologistes,mediatique,0,false,21.29,0,54.7,46.41
ecologistes:mediatique:61,ecologistes,mediatique,0,false,21.79,0,52.37,53.94
ecologistes:mediatique:62,ecologistes,mediatique,0,false,21.98,0,56.47,55.6
ecologistes:mediatique:63,ecologistes,mediatique,0,false,20.63,0,49.85,51.67
ecologistes:mediatique:64,ecologistes,mediatique,0,false,20.3,9,56.9,57.03
ecologistes:mediatique:65,ecologistes,mediatique,0,false,21.13,0,58.21,59.08
ecologistes:mediatique:66,ecologistes,mediatique,0,false,21.88,0,48.94,47.47
ecologistes:mediatique:67,ecologistes,mediatique,0,false,0,24,12.62,0
ecologistes:mediatique:68,ecologistes,mediatique,0,false,20.59,0,59.08,59.63
ecologistes:mediatique:69,ecologistes,mediatique,1,false,0.02,24,12.23,0
ecologistes:mediatique:70,ecologistes,mediatique,0,false,0.1,24,12.08,0
ecologistes:mediatique:71,ecologistes,mediatique,0,false,21.65,0,54.01,53.99
ecologistes:mediatique:72,ecologistes,mediatique,0,false,21.7,0,49.25,51.71
ecologistes:mediatique:73,ecologistes,mediatique,0,false,20.8,0,57.29,58.11
ecologistes:mediatique:74,ecologistes,mediatique,1,false,19.35,14,52.71,53.07
ecologistes:mediatique:75,ecologistes,mediatique,1,false,21.54,0,52.68,55.31
ecologistes:mediatique:76,ecologistes,mediatique,0,false,8.51,24,13.03,0
ecologistes:mediatique:77,ecologistes,mediatique,0,false,22.26,1,62.48,63.32
ecologistes:mediatique:78,ecologistes,mediatique,1,false,1.32,24,16.04,0
ecologistes:mediatique:79,ecologistes,mediatique,0,false,21.28,0,62.08,62.95
ecologistes:mediatique:80,ecologistes,mediatique,1,false,6.89,24,10.79,0
ecologistes:mediatique:81,ecologistes,mediatique,1,false,21.02,1,60.3,60.79
ecologistes:mediatique:82,ecologistes,mediatique,1,false,21.79,0,58.1,58.41
ecologistes:mediatique:83,ecologistes,mediatique,0,false,21.08,0,48.88,51.95
ecologistes:mediatique:84,ecologistes,mediatique,0,false,0.59,24,13.67,0
ecologistes:mediatique:85,ecologistes,mediatique,0,false,0.5,24,12.87,0
ecologistes:mediatique:86,ecologistes,mediatique,1,false,8.38,24,10.83,0
ecologistes:mediatique:87,ecologistes,mediatique,0,false,22.02,0,63.11,63.6
ecologistes:mediatique:88,ecologistes,mediatique,1,false,-1.96,24,12.96,0
ecologistes:mediatique:89,ecologistes,mediatique,1,false,21.26,0,60.08,60.72
ecologistes:mediatique:90,ecologistes,mediatique,0,false,0.04,24,14.34,0
ecologistes:mediatique:91,ecologistes,mediatique,0,false,1.02,24,17.93,0
ecologistes:mediatique:92,ecologistes,mediatique,0,false,9.38,24,12.98,0
ecologistes:mediatique:93,ecologistes,mediatique,0,false,20.89,0,55.64,55.2
ecologistes:mediatique:94,ecologistes,mediatique,0,false,0.18,24,13.88,0
ecologistes:mediatique:95,ecologistes,mediatique,0,false,7.91,24,11.75,0
ecologistes:mediatique:96,ecologistes,mediatique,1,false,21.61,0,51.55,53.01
ecologistes:mediatique:97,ecologistes,mediatique,0,false,-0.36,24,12.89,0
ecologistes:mediatique:98,ecologistes,mediatique,0,false,-1.01,24,11.57,0
ecologistes:mediatique:99,ecologistes,mediatique,1,false,20.59,7,53.07,55.14
ecologistes:mediatique:100,ecologistes,mediatique,0,false,-1.1,24,10.7,0
ecologistes:mediatique:101,ecologistes,mediatique,0,false,8.37,24,11.4,0
ecologistes:mediatique:102,ecologistes,mediatique,0,false,7.38,24,10.02,0
ecologistes:mediatique:103,ecologistes,mediatique,0,false,-0.64,24,12.01,0
ecologistes:mediatique:104,ecologistes,mediatique,0,false,21.03,0,60.02,61.03
ecologistes:mediatique:105,ecologistes,mediatique,0,false,20.75,0,54.95,55.3
ecologistes:mediatique:106,ecologistes,mediatique,0,false,0.08,24,14.12,0
ecologistes:mediatique:107,ecologistes,mediatique,0,false,22.27,0,50.45,51.24
ecologistes:mediatique:108,ecologistes,mediatique,1,false,19.81,1,50.35,53.05
ecologistes:mediatique:109,ecologistes,mediatique,0,false,21.61,1,57.19,58.36
ecologistes:mediatique:110,ecologistes,mediatique,0,false,21.64,0,60.03,59.54
ecologistes:mediatique:111,ecologistes,mediatique,0,false,9.07,24,17.13,0
ecologistes:mediatique:112,ecologistes,mediatique,0,false,-0.9,24,13.44,0
ecologistes:mediatique:113,ecologistes,mediatique,1,false,-0.2,24,12.69,0
ecologistes:mediatique:114,ecologistes,mediatique,0,false,8.22,24,15.24,0
ecologistes:mediatique:115,ecologistes,mediatique,1,false,21.4,0,58.88,58.86
ecologistes:mediatique:116,ecologistes,mediatique,0,false,-0.51,24,11.41,0
ecologistes:mediatique:117,ecologistes,mediatique,0,false,21.86,0,55.68,55.59
ecologistes:mediatique:118,ecologistes,mediatique,0,false,8.75,24,15.96,0
ecologistes:mediatique:119,ecologistes,mediatique,1,false,-1.66,24,9.66,0
ecologistes:mediatique:120,ecologistes,mediatique,0,false,9.17,24,10.14,0
ecologistes:mediatique:121,ecologistes,mediatique,0,false,21.6,0,59.16,58.33
ecologistes:mediatique:122,ecologistes,mediatique,0,false,22.32,0,51.02,49.46
ecologistes:mediatique:123,ecologistes,mediatique,1,false,20.43,1,65.86,66.34
ecologistes:mediatique:124,ecologistes,mediatique,0,false,7.86,24,11.62,0
ecologistes:mediatique:125,ecologistes,mediatique,0,false,21.25,0,58.67,59.06
ecologistes:mediatique:126,ecologistes,mediatique,0,false,22.13,0,62.58,51.2
ecologistes:mediatique:127,ecologistes,mediatique,1,false,22.17,0,59.78,59.77
ecologistes:mediatique:128,ecologistes,mediatique,1,false,1,24,11.87,0
ecologistes:mediatique:129,ecologistes,mediatique,0,false,0.96,24,11.81,0
ecologistes:mediatique:130,ecologistes,mediatique,0,false,8.57,24,12.42,0
ecologistes:mediatique:131,ecologistes,mediatique,0,false,8.46,24,12.98,0
ecologistes:mediatique:132,ecologistes,mediatique,0,false,21.81,0,58.65,58.91
ecologistes:mediatique:133,ecologistes,mediatique,0,false,7.65,24,9.12,0
ecologistes:mediatique:134,ecologistes,mediatique,0,false,21.76,0,52.23,52.92
ecologistes:mediatique:135,ecologistes,mediatique,1,false,21.03,0,60.3,59.68
ecologistes:mediatique:136,ecologistes,mediatique,1,false,1.04,24,15.54,0
ecologistes:mediatique:137,ecologistes,mediatique,0,false,9.83,24,14.91,0
ecologistes:mediatique:138,ecologistes,mediatique,1,false,20.3,2,48.12,48.76
ecologistes:mediatique:139,ecologistes,mediatique,0,false,-0.72,24,11.92,0
ecologistes:mediatique:140,ecologistes,mediatique,0,false,-1.78,24,9.61,0
ecologistes:mediatique:141,ecologistes,mediatique,0,false,22.19,0,50.04,48.9
ecologistes:mediatique:142,ecologistes,mediatique,1,false,21.83,0,58.13,58.49
ecologistes:mediatique:143,ecologistes,mediatique,0,false,8.22,24,15,0
ecologistes:mediatique:144,ecologistes,mediatique,0,false,21.58,0,56.76,56.27
ecologistes:mediatique:145,ecologistes,mediatique,0,false,9.3,24,14.59,0
ecologistes:mediatique:146,ecologistes,mediatique,0,false,7.15,24,11.66,0
ecologistes:mediatique:147,ecologistes,mediatique,0,false,0.74,24,12.53,0
ecologistes:mediatique:148,ecologistes,mediatique,0,false,6.05,24,11.37,0
ecologistes:mediatique:149,ecologistes,mediatique,0,false,10.09,24,12.61,0
ecologistes:contrarien:0,ecologistes,contrarien,0,false,20.91,0,48.69,50.1
ecologistes:contrarien:1,ecologistes,contrarien,0,false,9.78,24,13.14,0
ecologistes:contrarien:2,ecologistes,contrarien,0,false,-1.32,24,11.17,0
ecologistes:contrarien:3,ecologistes,contrarien,0,false,9.35,24,10.36,0
ecologistes:contrarien:4,ecologistes,contrarien,1,false,0.16,24,12,0
ecologistes:contrarien:5,ecologistes,contrarien,0,false,-0.1,24,10.31,0
ecologistes:contrarien:6,ecologistes,contrarien,0,false,8.26,24,11.57,0
ecologistes:contrarien:7,ecologistes,contrarien,0,false,9.56,24,12.96,0
ecologistes:contrarien:8,ecologistes,contrarien,1,false,0.56,24,10.39,0
ecologistes:contrarien:9,ecologistes,contrarien,0,false,8.52,24,12.46,0
ecologistes:contrarien:10,ecologistes,contrarien,0,false,-0.7,24,9.94,0
ecologistes:contrarien:11,ecologistes,contrarien,1,false,-1.1,24,9.9,0
ecologistes:contrarien:12,ecologistes,contrarien,0,false,1.61,24,9.98,0
ecologistes:contrarien:13,ecologistes,contrarien,0,false,1.38,24,10.59,0
ecologistes:contrarien:14,ecologistes,contrarien,0,false,-1.36,24,10.48,0
ecologistes:contrarien:15,ecologistes,contrarien,1,false,9.19,24,12.75,0
ecologistes:contrarien:16,ecologistes,contrarien,0,false,10.26,24,11.66,0
ecologistes:contrarien:17,ecologistes,contrarien,0,false,0.06,24,13.4,0
ecologistes:contrarien:18,ecologistes,contrarien,0,false,8.95,24,10.19,0
ecologistes:contrarien:19,ecologistes,contrarien,0,false,9.56,24,13.25,0
ecologistes:contrarien:20,ecologistes,contrarien,1,false,-1.74,24,12.09,0
ecologistes:contrarien:21,ecologistes,contrarien,0,false,0.34,24,11.39,0
ecologistes:contrarien:22,ecologistes,contrarien,0,false,0.58,24,11.36,0
ecologistes:contrarien:23,ecologistes,contrarien,0,false,8.75,24,12.09,0
ecologistes:contrarien:24,ecologistes,contrarien,1,false,8.85,24,11.91,0
ecologistes:contrarien:25,ecologistes,contrarien,1,false,6.86,24,11.36,0
ecologistes:contrarien:26,ecologistes,contrarien,0,false,8.36,24,9.97,0
ecologistes:contrarien:27,ecologistes,contrarien,0,false,21.71,0,56.18,56.91
ecologistes:contrarien:28,ecologistes,contrarien,0,false,1.58,24,14.52,0
ecologistes:contrarien:29,ecologistes,contrarien,0,false,0.54,24,14.03,0
ecologistes:contrarien:30,ecologistes,contrarien,0,false,-0.06,24,11.85,0
ecologistes:contrarien:31,ecologistes,contrarien,0,false,0.14,24,11.39,0
ecologistes:contrarien:32,ecologistes,contrarien,0,false,21.5,1,55.14,56.23
ecologistes:contrarien:33,ecologistes,contrarien,1,false,9.93,24,11.38,0
ecologistes:contrarien:34,ecologistes,contrarien,0,false,0.08,24,13.48,0
ecologistes:contrarien:35,ecologistes,contrarien,0,false,-1.34,24,9.99,0
ecologistes:contrarien:36,ecologistes,contrarien,1,false,0.36,24,13.29,0
ecologistes:contrarien:37,ecologistes,contrarien,0,false,10.52,24,12.13,0
ecologistes:contrarien:38,ecologistes,contrarien,0,false,20.48,0,57.33,58.44
ecologistes:contrarien:39,ecologistes,contrarien,0,false,9.72,24,11.24,0
ecologistes:contrarien:40,ecologistes,contrarien,0,false,-0.62,24,12.23,0
ecologistes:contrarien:41,ecologistes,contrarien,1,false,0.6,24,11.35,0
ecologistes:contrarien:42,ecologistes,contrarien,0,false,1.42,24,10.11,0
ecologistes:contrarien:43,ecologistes,contrarien,0,false,9.18,24,11.54,0
ecologistes:contrarien:44,ecologistes,contrarien,1,false,2.69,24,10.41,0
ecologistes:contrarien:45,ecologistes,contrarien,0,false,6.88,24,11.14,0
ecologistes:contrarien:46,ecologistes,contrarien,0,false,21.57,0,53.28,54.53
ecologistes:contrarien:47,ecologistes,contrarien,0,false,9.47,24,11.31,0
ecologistes:contrarien:48,ecologistes,contrarien,1,false,-0.96,24,9.73,0
ecologistes:contrarien:49,ecologistes,contrarien,0,false,0.3,24,11.71,0
ecologistes:contrarien:50,ecologistes,contrarien,0,false,7.51,24,11.64,0
ecologistes:contrarien:51,ecologistes,contrarien,0,false,21.57,1,46.4,47.4
ecologistes:contrarien:52,ecologistes,contrarien,0,false,-0.44,24,11.16,0
ecologistes:contrarien:53,ecologistes,contrarien,0,false,1.26,24,13.84,0
ecologistes:contrarien:54,ecologistes,contrarien,1,false,7.61,24,10.25,0
ecologistes:contrarien:55,ecologistes,contrarien,0,false,-0.96,24,10.35,0
ecologistes:contrarien:56,ecologistes,contrarien,0,false,9.77,24,10.56,0
ecologistes:contrarien:57,ecologistes,contrarien,1,false,22.31,0,60.06,59.98
ecologistes:contrarien:58,ecologistes,contrarien,0,false,0.84,24,12.01,0
ecologistes:contrarien:59,ecologistes,contrarien,0,false,8.35,24,10.24,0
ecologistes:contrarien:60,ecologistes,contrarien,0,false,7.63,24,11.63,0
ecologistes:contrarien:61,ecologistes,contrarien,0,false,1.58,24,13.65,0
ecologistes:contrarien:62,ecologistes,contrarien,0,false,5.65,24,10.52,0
ecologistes:contrarien:63,ecologistes,contrarien,1,false,-0.18,24,14.25,0
ecologistes:contrarien:64,ecologistes,contrarien,0,false,0.78,24,11.77,0
ecologistes:contrarien:65,ecologistes,contrarien,0,false,-1.4,24,11.64,0
ecologistes:contrarien:66,ecologistes,contrarien,0,false,10.27,24,15.82,0
ecologistes:contrarien:67,ecologistes,contrarien,0,false,0.24,24,13.21,0
ecologistes:contrarien:68,ecologistes,contrarien,0,false,-1.1,24,10.88,0
ecologistes:contrarien:69,ecologistes,contrarien,0,false,0.82,24,10.66,0
ecologistes:contrarien:70,ecologistes,contrarien,0,false,11.16,24,10.76,0
ecologistes:contrarien:71,ecologistes,contrarien,0,false,21.5,0,50.86,50.38
ecologistes:contrarien:72,ecologistes,contrarien,0,false,-0.52,24,12.78,0
ecologistes:contrarien:73,ecologistes,contrarien,0,false,0.3,24,11.53,0
ecologistes:contrarien:74,ecologistes,contrarien,0,false,0.28,24,10.11,0
ecologistes:contrarien:75,ecologistes,contrarien,0,false,6.6,24,11.27,0
ecologistes:contrarien:76,ecologistes,contrarien,1,false,22.2,0,55.8,54.95
ecologistes:contrarien:77,ecologistes,contrarien,1,false,-1.18,24,11.47,0
ecologistes:contrarien:78,ecologistes,contrarien,1,false,9.7,24,12.05,0
ecologistes:contrarien:79,ecologistes,contrarien,1,false,8.12,24,15.84,0
ecologistes:contrarien:80,ecologistes,contrarien,1,false,8.09,24,11.26,0
ecologistes:contrarien:81,ecologistes,contrarien,0,false,1.46,24,15.09,0
ecologistes:contrarien:82,ecologistes,contrarien,1,false,8.35,24,10.82,0
ecologistes:contrarien:83,ecologistes,contrarien,0,false,0.96,24,11.79,0
ecologistes:contrarien:84,ecologistes,contrarien,0,false,8.62,24,9.68,0
ecologistes:contrarien:85,ecologistes,contrarien,0,false,0.12,24,9.73,0
ecologistes:contrarien:86,ecologistes,contrarien,1,false,-0.62,24,11.28,0
ecologistes:contrarien:87,ecologistes,contrarien,0,false,9.22,24,10.55,0
ecologistes:contrarien:88,ecologistes,contrarien,0,false,7.68,24,12.09,0
ecologistes:contrarien:89,ecologistes,contrarien,0,false,1.8,24,13.71,0
ecologistes:contrarien:90,ecologistes,contrarien,0,false,9.53,24,11.87,0
ecologistes:contrarien:91,ecologistes,contrarien,1,false,21.73,0,54.29,55.83
ecologistes:contrarien:92,ecologistes,contrarien,1,false,-0.4,24,14.96,0
ecologistes:contrarien:93,ecologistes,contrarien,0,false,10.82,24,12.92,0
ecologistes:contrarien:94,ecologistes,contrarien,0,false,1.24,24,13.05,0
ecologistes:contrarien:95,ecologistes,contrarien,0,false,0.26,24,14.25,0
ecologistes:contrarien:96,ecologistes,contrarien,0,false,0.8,24,11.39,0
ecologistes:contrarien:97,ecologistes,contrarien,0,false,2.73,24,12.23,0
ecologistes:contrarien:98,ecologistes,contrarien,0,false,8.31,24,10.83,0
ecologistes:contrarien:99,ecologistes,contrarien,0,false,21.59,0,54.78,55.2
ecologistes:contrarien:100,ecologistes,contrarien,0,false,21.4,0,55.47,55.29
ecologistes:contrarien:101,ecologistes,contrarien,0,false,-0.96,24,10.37,0
ecologistes:contrarien:102,ecologistes,contrarien,0,false,9.98,24,15.24,0
ecologistes:contrarien:103,ecologistes,contrarien,0,false,6.29,24,10.79,0
ecologistes:contrarien:104,ecologistes,contrarien,0,false,-0.46,24,11.62,0
ecologistes:contrarien:105,ecologistes,contrarien,0,false,9.53,24,10.38,0
ecologistes:contrarien:106,ecologistes,contrarien,1,false,22.4,0,54.17,52.25
ecologistes:contrarien:107,ecologistes,contrarien,0,false,7.06,24,10.14,0
ecologistes:contrarien:108,ecologistes,contrarien,0,false,8.1,24,10.73,0
ecologistes:contrarien:109,ecologistes,contrarien,0,false,9.65,24,12.21,0
ecologistes:contrarien:110,ecologistes,contrarien,0,false,7.48,24,12.9,0
ecologistes:contrarien:111,ecologistes,contrarien,0,false,8.56,24,10.86,0
ecologistes:contrarien:112,ecologistes,contrarien,0,false,7.45,24,12.65,0
ecologistes:contrarien:113,ecologistes,contrarien,0,false,21.17,0,40.49,42.67
ecologistes:contrarien:114,ecologistes,contrarien,0,false,0.58,24,13.64,0
ecologistes:contrarien:115,ecologistes,contrarien,0,false,8.65,24,14.34,0
ecologistes:contrarien:116,ecologistes,contrarien,0,false,7.98,24,11.24,0
ecologistes:contrarien:117,ecologistes,contrarien,0,false,-1.62,24,10.2,0
ecologistes:contrarien:118,ecologistes,contrarien,0,false,8.44,24,12.21,0
ecologistes:contrarien:119,ecologistes,contrarien,0,false,6.74,24,11.41,0
ecologistes:contrarien:120,ecologistes,contrarien,0,false,-1.12,24,10.35,0
ecologistes:contrarien:121,ecologistes,contrarien,0,false,-0.18,24,11.58,0
ecologistes:contrarien:122,ecologistes,contrarien,0,false,22.27,0,52.05,53.35
ecologistes:contrarien:123,ecologistes,contrarien,0,false,8.98,24,11.5,0
ecologistes:contrarien:124,ecologistes,contrarien,1,false,1.92,24,13.88,0
ecologistes:contrarien:125,ecologistes,contrarien,0,false,0.46,24,11.56,0
ecologistes:contrarien:126,ecologistes,contrarien,0,false,21.79,1,52.53,50.51
ecologistes:contrarien:127,ecologistes,contrarien,0,false,9.25,24,11.91,0
ecologistes:contrarien:128,ecologistes,contrarien,1,false,1.09,24,13.12,0
ecologistes:contrarien:129,ecologistes,contrarien,0,false,1.93,24,12.31,0
ecologistes:contrarien:130,ecologistes,contrarien,0,false,2.58,24,15.12,0
ecologistes:contrarien:131,ecologistes,contrarien,1,false,0.12,24,10.99,0
ecologistes:contrarien:132,ecologistes,contrarien,0,false,20.63,2,57.48,59.02
ecologistes:contrarien:133,ecologistes,contrarien,0,false,-0.22,24,11.69,0
ecologistes:contrarien:134,ecologistes,contrarien,0,false,1.4,24,11.97,0
ecologistes:contrarien:135,ecologistes,contrarien,0,false,-0.62,24,10.28,0
ecologistes:contrarien:136,ecologistes,contrarien,0,false,8.27,24,10.7,0
ecologistes:contrarien:137,ecologistes,contrarien,0,false,7.65,24,11.66,0
ecologistes:contrarien:138,ecologistes,contrarien,0,false,9.58,24,10.09,0
ecologistes:contrarien:139,ecologistes,contrarien,1,false,21.32,0,50.52,53.19
ecologistes:contrarien:140,ecologistes,contrarien,1,false,-1.06,24,11.3,0
ecologistes:contrarien:141,ecologistes,contrarien,0,false,21.66,0,57.89,59.36
ecologistes:contrarien:142,ecologistes,contrarien,1,false,8.55,24,10.3,0
ecologistes:contrarien:143,ecologistes,contrarien,0,false,0.24,24,12.63,0
ecologistes:contrarien:144,ecologistes,contrarien,0,false,-0.26,24,13.82,0
ecologistes:contrarien:145,ecologistes,contrarien,0,false,20.82,0,49.56,49.91
ecologistes:contrarien:146,ecologistes,contrarien,0,false,0.87,24,12.8,0
ecologistes:contrarien:147,ecologistes,contrarien,0,false,10.52,24,12.07,0
ecologistes:contrarien:148,ecologistes,contrarien,0,false,8.75,24,13.01,0
ecologistes:contrarien:149,ecologistes,contrarien,0,false,0.2,24,11.52,0
renaissance:aleatoire:0,renaissance,aleatoire,0,false,0.72,24,10.24,0
renaissance:aleatoire:1,renaissance,aleatoire,1,false,6.41,29,9.23,0
renaissance:aleatoire:2,renaissance,aleatoire,0,false,7.38,24,9.01,0
renaissance:aleatoire:3,renaissance,aleatoire,0,false,0.39,24,10.37,0
renaissance:aleatoire:4,renaissance,aleatoire,0,false,-0.12,28,9.05,0
renaissance:aleatoire:5,renaissance,aleatoire,1,false,10.75,24,9.33,0
renaissance:aleatoire:6,renaissance,aleatoire,1,false,0.24,26,8.99,0
renaissance:aleatoire:7,renaissance,aleatoire,0,false,6.29,24,9.49,0
renaissance:aleatoire:8,renaissance,aleatoire,0,false,7.96,24,9.17,0
renaissance:aleatoire:9,renaissance,aleatoire,0,false,5.84,24,8.84,0
renaissance:aleatoire:10,renaissance,aleatoire,1,false,0.21,27,10.07,0
renaissance:aleatoire:11,renaissance,aleatoire,0,false,7.75,24,9.57,0
renaissance:aleatoire:12,renaissance,aleatoire,0,false,-0.36,24,8.99,0
renaissance:aleatoire:13,renaissance,aleatoire,0,false,0.25,24,8.95,0
renaissance:aleatoire:14,renaissance,aleatoire,0,false,-0.34,24,9.14,0
renaissance:aleatoire:15,renaissance,aleatoire,0,false,7.54,24,9.21,0
renaissance:aleatoire:16,renaissance,aleatoire,1,false,-0.33,26,9.04,0
renaissance:aleatoire:17,renaissance,aleatoire,0,false,-0.25,24,9.05,0
renaissance:aleatoire:18,renaissance,aleatoire,1,false,7.49,26,9.05,0
renaissance:aleatoire:19,renaissance,aleatoire,0,false,12.66,29,8.99,0
renaissance:aleatoire:20,renaissance,aleatoire,0,false,0,24,9.04,0
renaissance:aleatoire:21,renaissance,aleatoire,0,false,5.71,24,9.04,0
renaissance:aleatoire:22,renaissance,aleatoire,1,false,7.35,26,8.9,0
renaissance:aleatoire:23,renaissance,aleatoire,1,false,-0.17,29,8.91,0
renaissance:aleatoire:24,renaissance,aleatoire,0,false,0.39,26,9.83,0
renaissance:aleatoire:25,renaissance,aleatoire,0,false,5.9,27,8.88,0
renaissance:aleatoire:26,renaissance,aleatoire,0,false,7.33,24,8.97,0
renaissance:aleatoire:27,renaissance,aleatoire,0,false,6.84,24,9.96,0
renaissance:aleatoire:28,renaissance,aleatoire,1,false,5.83,24,9.05,0
renaissance:aleatoire:29,renaissance,aleatoire,1,false,-0.19,24,8.94,0
renaissance:aleatoire:30,renaissance,aleatoire,0,false,0.24,24,8.91,0
renaissance:aleatoire:31,renaissance,aleatoire,1,false,-0.25,24,8.9,0
renaissance:aleatoire:32,renaissance,aleatoire,0,false,0.43,24,9.83,0
renaissance:aleatoire:33,renaissance,aleatoire,0,false,0.36,24,9.38,0
renaissance:aleatoire:34,renaissance,aleatoire,1,false,0.19,24,8.92,0
renaissance:aleatoire:35,renaissance,aleatoire,0,false,0.58,24,10.05,0
renaissance:aleatoire:36,renaissance,aleatoire,0,false,-0.4,24,9.01,0
renaissance:aleatoire:37,renaissance,aleatoire,0,false,0.04,24,9.18,0
renaissance:aleatoire:38,renaissance,aleatoire,0,false,7.49,27,8.95,0
renaissance:aleatoire:39,renaissance,aleatoire,0,false,0.03,24,9.02,0
renaissance:aleatoire:40,renaissance,aleatoire,0,false,-0.36,29,9,0
renaissance:aleatoire:41,renaissance,aleatoire,0,false,-0.11,24,8.91,0
renaissance:aleatoire:42,renaissance,aleatoire,0,false,0.05,24,19.24,18.84
renaissance:aleatoire:43,renaissance,aleatoire,1,false,6.14,24,8.99,0
renaissance:aleatoire:44,renaissance,aleatoire,0,false,0.19,26,9.85,0
renaissance:aleatoire:45,renaissance,aleatoire,0,false,0.05,26,9.05,0
renaissance:aleatoire:46,renaissance,aleatoire,0,false,-0.22,24,8.9,0
renaissance:aleatoire:47,renaissance,aleatoire,0,false,6.38,26,9.45,0
renaissance:aleatoire:48,renaissance,aleatoire,0,false,-0.26,24,9.03,0
renaissance:aleatoire:49,renaissance,aleatoire,0,false,0.55,24,9.02,0
renaissance:aleatoire:50,renaissance,aleatoire,0,false,11.39,24,9.9,0
renaissance:aleatoire:51,renaissance,aleatoire,0,false,6.28,24,9.22,0
renaissance:aleatoire:52,renaissance,aleatoire,1,false,14.38,24,9.05,0
renaissance:aleatoire:53,renaissance,aleatoire,1,false,5.84,24,8.98,0
renaissance:aleatoire:54,renaissance,aleatoire,1,false,0.16,24,9.23,0
renaissance:aleatoire:55,renaissance,aleatoire,0,false,14.86,24,9.1,0
renaissance:aleatoire:56,renaissance,aleatoire,0,false,6.33,24,9.16,0
renaissance:aleatoire:57,renaissance,aleatoire,0,false,0.1,27,9.28,0
renaissance:aleatoire:58,renaissance,aleatoire,0,false,0.48,26,9.36,0
renaissance:aleatoire:59,renaissance,aleatoire,0,false,-0.15,24,9,0
renaissance:aleatoire:60,renaissance,aleatoire,1,false,0.47,28,9.8,0
renaissance:aleatoire:61,renaissance,aleatoire,0,false,-0.44,24,9.02,0
renaissance:aleatoire:62,renaissance,aleatoire,0,false,0.7,26,10.11,0
renaissance:aleatoire:63,renaissance,aleatoire,0,false,7.54,25,8.97,0
renaissance:aleatoire:64,renaissance,aleatoire,0,false,6.47,24,9.53,0
renaissance:aleatoire:65,renaissance,aleatoire,0,false,0.38,26,9.19,0
renaissance:aleatoire:66,renaissance,aleatoire,1,false,0.16,26,8.9,0
renaissance:aleatoire:67,renaissance,aleatoire,2,false,1.13,24,9.18,0
renaissance:aleatoire:68,renaissance,aleatoire,0,false,0.12,24,9.14,0
renaissance:aleatoire:69,renaissance,aleatoire,0,false,0.4,29,9.77,0
renaissance:aleatoire:70,renaissance,aleatoire,0,false,8.55,24,8.89,0
renaissance:aleatoire:71,renaissance,aleatoire,0,false,-0.63,27,8.82,0
renaissance:aleatoire:72,renaissance,aleatoire,0,false,0.24,24,9.05,0
renaissance:aleatoire:73,renaissance,aleatoire,0,false,-0.14,24,8.9,0
renaissance:aleatoire:74,renaissance,aleatoire,0,false,7.92,24,9.78,0
renaissance:aleatoire:75,renaissance,aleatoire,0,false,0.36,24,9.22,0
renaissance:aleatoire:76,renaissance,aleatoire,0,false,-0.23,24,8.92,0
renaissance:aleatoire:77,renaissance,aleatoire,1,false,0.3,24,9.42,0
renaissance:aleatoire:78,renaissance,aleatoire,0,false,0.01,26,9.03,0
renaissance:aleatoire:79,renaissance,aleatoire,0,false,-0.34,24,8.84,0
renaissance:aleatoire:80,renaissance,aleatoire,0,false,12.98,24,9.07,0
renaissance:aleatoire:81,renaissance,aleatoire,0,false,8.62,24,9.6,0
renaissance:aleatoire:82,renaissance,aleatoire,0,false,6.35,29,8.9,0
renaissance:aleatoire:83,renaissance,aleatoire,1,false,0.34,24,9.46,0
renaissance:aleatoire:84,renaissance,aleatoire,0,false,-0.43,28,8.95,0
renaissance:aleatoire:85,renaissance,aleatoire,1,false,5.7,24,9.13,0
renaissance:aleatoire:86,renaissance,aleatoire,0,false,-0.11,26,9.05,0
renaissance:aleatoire:87,renaissance,aleatoire,0,false,-0.09,27,9.11,0
renaissance:aleatoire:88,renaissance,aleatoire,0,false,0.01,24,9.13,0
renaissance:aleatoire:89,renaissance,aleatoire,0,false,6.07,24,9.1,0
renaissance:aleatoire:90,renaissance,aleatoire,0,false,6.59,24,9.01,0
renaissance:aleatoire:91,renaissance,aleatoire,1,false,0.07,24,8.95,0
renaissance:aleatoire:92,renaissance,aleatoire,0,false,0.2,24,8.96,0
renaissance:aleatoire:93,renaissance,aleatoire,0,false,-0.27,26,8.83,0
renaissance:aleatoire:94,renaissance,aleatoire,0,false,6.65,30,8.98,0
renaissance:aleatoire:95,renaissance,aleatoire,0,false,5.78,29,8.9,0
renaissance:aleatoire:96,renaissance,aleatoire,1,false,0.18,30,9.41,0
renaissance:aleatoire:97,renaissance,aleatoire,1,false,-0.41,24,9.23,0
renaissance:aleatoire:98,renaissance,aleatoire,0,false,0.03,24,9.71,0
renaissance:aleatoire:99,renaissance,aleatoire,0,false,0.02,29,8.85,0
renaissance:aleatoire:100,renaissance,aleatoire,0,false,7.96,30,8.98,0
renaissance:aleatoire:101,renaissance,aleatoire,1,false,9.68,24,8.96,0
renaissance:aleatoire:102,renaissance,aleatoire,1,false,7.65,29,9.09,0
renaissance:aleatoire:103,renaissance,aleatoire,0,false,-0.23,26,8.86,0
renaissance:aleatoire:104,renaissance,aleatoire,1,false,0.23,24,8.81,0
renaissance:aleatoire:105,renaissance,aleatoire,0,false,8.24,24,9.21,0
renaissance:aleatoire:106,renaissance,aleatoire,0,false,0.05,24,9.01,0
renaissance:aleatoire:107,renaissance,aleatoire,0,false,5.14,27,9.06,0
renaissance:aleatoire:108,renaissance,aleatoire,1,false,5.71,26,9.09,0
renaissance:aleatoire:109,renaissance,aleatoire,0,false,5.88,24,9.23,0
renaissance:aleatoire:110,renaissance,aleatoire,0,false,6.37,24,9.63,0
renaissance:aleatoire:111,renaissance,aleatoire,0,false,0.36,24,9.21,0
renaissance:aleatoire:112,renaissance,aleatoire,0,false,6.27,24,8.97,0
renaissance:aleatoire:113,renaissance,aleatoire,0,false,0.39,24,8.96,0
renaissance:aleatoire:114,renaissance,aleatoire,0,false,13.23,28,9.21,0
renaissance:aleatoire:115,renaissance,aleatoire,1,false,0.36,24,8.79,0
renaissance:aleatoire:116,renaissance,aleatoire,0,false,6.12,24,9.53,0
renaissance:aleatoire:117,renaissance,aleatoire,0,false,0.2,24,9.16,0
renaissance:aleatoire:118,renaissance,aleatoire,0,false,7.01,28,9.11,0
renaissance:aleatoire:119,renaissance,aleatoire,0,false,0.34,24,9.02,0
renaissance:aleatoire:120,renaissance,aleatoire,0,false,0.14,24,9.03,0
renaissance:aleatoire:121,renaissance,aleatoire,1,false,-0.56,27,9,0
renaissance:aleatoire:122,renaissance,aleatoire,0,false,6.03,27,8.87,0
renaissance:aleatoire:123,renaissance,aleatoire,0,false,-0.48,24,8.85,0
renaissance:aleatoire:124,renaissance,aleatoire,0,false,0.49,24,9.31,0
renaissance:aleatoire:125,renaissance,aleatoire,0,false,0.15,24,9,0
renaissance:aleatoire:126,renaissance,aleatoire,0,false,9.58,24,9.83,0
renaissance:aleatoire:127,renaissance,aleatoire,0,false,8.25,24,9.41,0
renaissance:aleatoire:128,renaissance,aleatoire,0,false,0.14,24,9.1,0
renaissance:aleatoire:129,renaissance,aleatoire,0,false,-0.11,24,9.03,0
renaissance:aleatoire:130,renaissance,aleatoire,0,false,0.78,24,10.25,0
renaissance:aleatoire:131,renaissance,aleatoire,1,false,6.43,25,9.02,0
renaissance:aleatoire:132,renaissance,aleatoire,0,false,0.16,28,9.08,0
renaissance:aleatoire:133,renaissance,aleatoire,0,false,-0.08,24,8.93,0
renaissance:aleatoire:134,renaissance,aleatoire,1,false,6.38,26,9.73,0
renaissance:aleatoire:135,renaissance,aleatoire,0,false,8.06,24,9.28,0
renaissance:aleatoire:136,renaissance,aleatoire,0,false,7,24,9.02,0
renaissance:aleatoire:137,renaissance,aleatoire,0,false,7.48,29,9.55,0
renaissance:aleatoire:138,renaissance,aleatoire,1,false,0.69,24,11.03,0
renaissance:aleatoire:139,renaissance,aleatoire,0,false,-0.1,24,8.97,0
renaissance:aleatoire:140,renaissance,aleatoire,0,false,7.36,27,9.76,0
renaissance:aleatoire:141,renaissance,aleatoire,0,false,-0.36,24,8.89,0
renaissance:aleatoire:142,renaissance,aleatoire,0,false,0.19,24,9.79,0
renaissance:aleatoire:143,renaissance,aleatoire,0,false,-0.7,24,9.17,0
renaissance:aleatoire:144,renaissance,aleatoire,1,false,5.73,24,8.98,0
renaissance:aleatoire:145,renaissance,aleatoire,0,false,0.15,27,9.05,0
renaissance:aleatoire:146,renaissance,aleatoire,1,false,7.46,28,9.03,0
renaissance:aleatoire:147,renaissance,aleatoire,0,false,0.46,28,9.94,0
renaissance:aleatoire:148,renaissance,aleatoire,1,false,0.88,24,9.99,0
renaissance:aleatoire:149,renaissance,aleatoire,0,false,6.08,26,9.31,0
renaissance:prudent:0,renaissance,prudent,0,false,0.11,24,9.38,0
renaissance:prudent:1,renaissance,prudent,1,false,-0.22,27,8.96,0
renaissance:prudent:2,renaissance,prudent,0,false,0.05,28,9,0
renaissance:prudent:3,renaissance,prudent,0,false,-0.12,27,9.04,0
renaissance:prudent:4,renaissance,prudent,0,false,12.77,26,9.42,0
renaissance:prudent:5,renaissance,prudent,0,false,0.51,24,9.01,0
renaissance:prudent:6,renaissance,prudent,0,false,5.39,28,9.09,0
renaissance:prudent:7,renaissance,prudent,1,false,12.88,29,9.43,0
renaissance:prudent:8,renaissance,prudent,0,false,0.14,26,9.22,0
renaissance:prudent:9,renaissance,prudent,0,false,0.2,24,9.05,0
renaissance:prudent:10,renaissance,prudent,0,false,5.22,28,8.94,0
renaissance:prudent:11,renaissance,prudent,0,false,6.75,28,8.9,0
renaissance:prudent:12,renaissance,prudent,0,false,5.7,27,9.02,0
renaissance:prudent:13,renaissance,prudent,1,false,0.43,24,9.32,0
renaissance:prudent:14,renaissance,prudent,0,false,0.19,24,9.06,0
renaissance:prudent:15,renaissance,prudent,0,false,5.88,26,9.01,0
renaissance:prudent:16,renaissance,prudent,1,false,0.44,24,9.7,0
renaissance:prudent:17,renaissance,prudent,1,false,0.07,24,8.93,0
renaissance:prudent:18,renaissance,prudent,0,false,-0.23,26,8.96,0
renaissance:prudent:19,renaissance,prudent,0,false,-0.02,24,9.01,0
renaissance:prudent:20,renaissance,prudent,1,false,-0.09,26,8.97,0
renaissance:prudent:21,renaissance,prudent,0,false,-0.31,24,8.99,0
renaissance:prudent:22,renaissance,prudent,0,false,-0.13,24,8.89,0
renaissance:prudent:23,renaissance,prudent,0,false,0.11,26,9.03,0
renaissance:prudent:24,renaissance,prudent,1,false,-0.12,27,9,0
renaissance:prudent:25,renaissance,prudent,0,false,-0.2,24,8.98,0
renaissance:prudent:26,renaissance,prudent,0,false,0.19,24,9.25,0
renaissance:prudent:27,renaissance,prudent,1,false,0,24,9.03,0
renaissance:prudent:28,renaissance,prudent,1,false,6.17,24,8.97,0
renaissance:prudent:29,renaissance,prudent,0,false,0.13,30,9.31,0
renaissance:prudent:30,renaissance,prudent,0,false,-0.34,26,9.02,0
renaissance:prudent:31,renaissance,prudent,0,false,6.03,28,8.81,0
renaissance:prudent:32,renaissance,prudent,1,false,0,24,9.04,0
renaissance:prudent:33,renaissance,prudent,0,false,0.03,24,8.94,0
renaissance:prudent:34,renaissance,prudent,0,false,7.94,29,10.02,0
renaissance:prudent:35,renaissance,prudent,0,false,0.1,24,9,0
renaissance:prudent:36,renaissance,prudent,0,false,0.35,26,9.01,0
renaissance:prudent:37,renaissance,prudent,0,false,5.97,24,8.98,0
renaissance:prudent:38,renaissance,prudent,0,false,0.07,24,8.94,0
renaissance:prudent:39,renaissance,prudent,0,false,0.37,24,9.5,0
renaissance:prudent:40,renaissance,prudent,0,false,0.01,24,8.84,0
renaissance:prudent:41,renaissance,prudent,0,false,6.2,24,9.09,0
renaissance:prudent:42,renaissance,prudent,1,false,0.64,24,9.42,0
renaissance:prudent:43,renaissance,prudent,0,false,-0.03,24,9.02,0
renaissance:prudent:44,renaissance,prudent,0,false,0.17,24,8.96,0
renaissance:prudent:45,renaissance,prudent,0,false,0.08,24,8.96,0
renaissance:prudent:46,renaissance,prudent,1,false,6.67,29,9.01,0
renaissance:prudent:47,renaissance,prudent,0,false,0.3,24,8.98,0
renaissance:prudent:48,renaissance,prudent,0,false,6.09,24,9.05,0
renaissance:prudent:49,renaissance,prudent,0,false,-0.06,24,8.99,0
renaissance:prudent:50,renaissance,prudent,0,false,13.12,29,8.98,0
renaissance:prudent:51,renaissance,prudent,0,false,0.33,29,9.13,0
renaissance:prudent:52,renaissance,prudent,0,false,7.55,28,9.04,0
renaissance:prudent:53,renaissance,prudent,0,false,0.38,26,9.21,0
renaissance:prudent:54,renaissance,prudent,1,false,0.64,24,10.05,0
renaissance:prudent:55,renaissance,prudent,0,false,0.24,28,9.1,0
renaissance:prudent:56,renaissance,prudent,0,false,11.84,29,9.34,0
renaissance:prudent:57,renaissance,prudent,1,false,0.11,24,9.05,0
renaissance:prudent:58,renaissance,prudent,0,false,0.04,26,8.98,0
renaissance:prudent:59,renaissance,prudent,1,false,0.6,26,10.11,0
renaissance:prudent:60,renaissance,prudent,0,false,-0.32,28,8.91,0
renaissance:prudent:61,renaissance,prudent,1,false,6.18,30,9.2,0
renaissance:prudent:62,renaissance,prudent,0,false,0.57,24,10.54,0
renaissance:prudent:63,renaissance,prudent,0,false,0.49,24,9.1,0
renaissance:prudent:64,renaissance,prudent,0,false,0.62,24,9.91,0
renaissance:prudent:65,renaissance,prudent,0,false,0.78,26,10.62,0
renaissance:prudent:66,renaissance,prudent,0,false,0.04,26,9.36,0
renaissance:prudent:67,renaissance,prudent,0,false,6.19,24,8.99,0
renaissance:prudent:68,renaissance,prudent,0,false,0.18,24,9.04,0
renaissance:prudent:69,renaissance,prudent,0,false,0.04,24,8.88,0
renaissance:prudent:70,renaissance,prudent,0,false,0.57,27,9.53,0
renaissance:prudent:71,renaissance,prudent,0,false,0.05,24,8.94,0
renaissance:prudent:72,renaissance,prudent,1,false,7.66,26,12.71,0
renaissance:prudent:73,renaissance,prudent,0,false,-0.41,24,9.07,0
renaissance:prudent:74,renaissance,prudent,0,false,12.44,30,8.94,0
renaissance:prudent:75,renaissance,prudent,0,false,6.22,24,9.05,0
renaissance:prudent:76,renaissance,prudent,0,false,7.68,25,9.05,0
renaissance:prudent:77,renaissance,prudent,1,false,5.71,24,8.96,0
renaissance:prudent:78,renaissance,prudent,1,false,-0.53,24,8.87,0
renaissance:prudent:79,renaissance,prudent,0,false,0.35,24,8.92,0
renaissance:prudent:80,renaissance,prudent,0,false,-0.34,24,8.98,0
renaissance:prudent:81,renaissance,prudent,0,false,-0.54,24,9,0
renaissance:prudent:82,renaissance,prudent,0,false,-0.2,26,8.98,0
renaissance:prudent:83,renaissance,prudent,0,false,-0.01,27,8.96,0
renaissance:prudent:84,renaissance,prudent,0,false,-0.02,29,8.91,0
renaissance:prudent:85,renaissance,prudent,1,false,-0.09,28,9.1,0
renaissance:prudent:86,renaissance,prudent,1,false,-0.12,24,8.83,0
renaissance:prudent:87,renaissance,prudent,0,false,-0.49,26,9.12,0
renaissance:prudent:88,renaissance,prudent,0,false,6.15,24,9.13,0
renaissance:prudent:89,renaissance,prudent,1,false,5.42,27,9.03,0
renaissance:prudent:90,renaissance,prudent,0,false,0.01,24,8.88,0
renaissance:prudent:91,renaissance,prudent,0,false,7.06,28,9.02,0
renaissance:prudent:92,renaissance,prudent,0,false,5.84,24,8.95,0
renaissance:prudent:93,renaissance,prudent,0,false,6.27,26,9.05,0
renaissance:prudent:94,renaissance,prudent,0,false,6.24,28,9.07,0
renaissance:prudent:95,renaissance,prudent,0,false,8.68,24,9.21,0
renaissance:prudent:96,renaissance,prudent,0,false,5.92,27,9.05,0
renaissance:prudent:97,renaissance,prudent,0,false,7.43,24,9.28,0
renaissance:prudent:98,renaissance,prudent,1,false,8.94,24,10.31,0
renaissance:prudent:99,renaissance,prudent,1,false,0.38,24,9.24,0
renaissance:prudent:100,renaissance,prudent,0,false,0.24,24,9.13,0
renaissance:prudent:101,renaissance,prudent,0,false,-0.05,29,8.99,0
renaissance:prudent:102,renaissance,prudent,0,false,-0.26,24,9.04,0
renaissance:prudent:103,renaissance,prudent,0,false,6.39,26,8.95,0
renaissance:prudent:104,renaissance,prudent,1,false,0.38,24,9.2,0
renaissance:prudent:105,renaissance,prudent,0,false,-0.41,24,8.91,0
renaissance:prudent:106,renaissance,prudent,0,false,8.06,24,8.93,0
renaissance:prudent:107,renaissance,prudent,1,false,0.17,28,9.35,0
renaissance:prudent:108,renaissance,prudent,1,false,5.85,28,8.97,0
renaissance:prudent:109,renaissance,prudent,0,false,6.24,24,9.09,0
renaissance:prudent:110,renaissance,prudent,0,false,0.18,26,9.06,0
renaissance:prudent:111,renaissance,prudent,1,false,0.46,24,8.99,0
renaissance:prudent:112,renaissance,prudent,0,false,0.09,30,9.48,0
renaissance:prudent:113,renaissance,prudent,0,false,0.19,26,9.25,0
renaissance:prudent:114,renaissance,prudent,1,false,6.1,24,9,0
renaissance:prudent:115,renaissance,prudent,1,false,-0.28,24,9.04,0
renaissance:prudent:116,renaissance,prudent,0,false,6.47,24,9.24,0
renaissance:prudent:117,renaissance,prudent,0,false,0.41,30,9.05,0
renaissance:prudent:118,renaissance,prudent,1,false,0.14,24,8.94,0
renaissance:prudent:119,renaissance,prudent,0,false,5.9,29,9.05,0
renaissance:prudent:120,renaissance,prudent,0,false,5.92,24,9.09,0
renaissance:prudent:121,renaissance,prudent,0,false,-0.21,24,8.94,0
renaissance:prudent:122,renaissance,prudent,1,false,0.08,28,9.09,0
renaissance:prudent:123,renaissance,prudent,0,false,-0.61,24,8.88,0
renaissance:prudent:124,renaissance,prudent,1,false,-0.11,24,8.92,0
renaissance:prudent:125,renaissance,prudent,1,false,0.17,24,9.1,0
renaissance:prudent:126,renaissance,prudent,0,false,7.03,29,8.93,0
renaissance:prudent:127,renaissance,prudent,1,false,13.53,28,9.11,0
renaissance:prudent:128,renaissance,prudent,0,false,-0.36,26,9.02,0
renaissance:prudent:129,renaissance,prudent,0,false,6.01,26,9.05,0
renaissance:prudent:130,renaissance,prudent,0,false,7.23,27,9.1,0
renaissance:prudent:131,renaissance,prudent,1,false,5.92,29,8.92,0
renaissance:prudent:132,renaissance,prudent,1,false,5.33,24,9.08,0
renaissance:prudent:133,renaissance,prudent,0,false,12.93,27,8.88,0
renaissance:prudent:134,renaissance,prudent,1,false,6.71,29,8.84,0
renaissance:prudent:135,renaissance,prudent,0,false,-0.23,24,9.1,0
renaissance:prudent:136,renaissance,prudent,0,false,5.66,24,9.03,0
renaissance:prudent:137,renaissance,prudent,0,false,0.42,24,10.07,0
renaissance:prudent:138,renaissance,prudent,0,false,-0.04,24,9.06,0
renaissance:prudent:139,renaissance,prudent,0,false,0.42,27,9.73,0
renaissance:prudent:140,renaissance,prudent,1,false,-0.19,28,9.05,0
renaissance:prudent:141,renaissance,prudent,0,false,0.01,26,8.92,0
renaissance:prudent:142,renaissance,prudent,0,false,0.41,24,8.96,0
renaissance:prudent:143,renaissance,prudent,0,false,-0.27,26,8.94,0
renaissance:prudent:144,renaissance,prudent,0,false,0.6,24,9.67,0
renaissance:prudent:145,renaissance,prudent,0,false,-0.27,24,8.97,0
renaissance:prudent:146,renaissance,prudent,1,false,5.96,28,8.98,0
renaissance:prudent:147,renaissance,prudent,0,false,-0.47,24,9.03,0
renaissance:prudent:148,renaissance,prudent,0,false,0.32,24,9.44,0
renaissance:prudent:149,renaissance,prudent,0,false,7.26,28,9.37,0
renaissance:risque:0,renaissance,risque,0,false,-0.64,27,8.9,0
renaissance:risque:1,renaissance,risque,0,false,-0.59,28,9.64,0
renaissance:risque:2,renaissance,risque,0,false,5.84,26,9.27,0
renaissance:risque:3,renaissance,risque,1,false,0.06,24,9.3,0
renaissance:risque:4,renaissance,risque,0,false,0.07,24,9.11,0
renaissance:risque:5,renaissance,risque,0,false,6.84,25,10.49,0
renaissance:risque:6,renaissance,risque,0,false,5.6,26,9.04,0
renaissance:risque:7,renaissance,risque,0,false,7.68,26,9,0
renaissance:risque:8,renaissance,risque,0,false,0.01,24,8.92,0
renaissance:risque:9,renaissance,risque,0,false,0.12,24,8.85,0
renaissance:risque:10,renaissance,risque,0,false,-0.42,24,9,0
renaissance:risque:11,renaissance,risque,0,false,-0.05,24,9.06,0
renaissance:risque:12,renaissance,risque,0,false,-0.54,24,8.98,0
renaissance:risque:13,renaissance,risque,1,false,0.14,27,9.01,0
renaissance:risque:14,renaissance,risque,0,false,0.13,24,9.08,0
renaissance:risque:15,renaissance,risque,1,false,0.11,24,8.84,0
renaissance:risque:16,renaissance,risque,0,false,-0.02,24,8.98,0
renaissance:risque:17,renaissance,risque,0,false,-0.44,27,8.84,0
renaissance:risque:18,renaissance,risque,0,false,6.02,24,9,0
renaissance:risque:19,renaissance,risque,0,false,6.34,29,8.95,0
renaissance:risque:20,renaissance,risque,0,false,5.81,24,8.98,0
renaissance:risque:21,renaissance,risque,0,false,0.46,24,9.29,0
renaissance:risque:22,renaissance,risque,1,false,-0.25,26,8.92,0
renaissance:risque:23,renaissance,risque,0,false,5.49,24,9.02,0
renaissance:risque:24,renaissance,risque,0,false,5.98,24,9.05,0
renaissance:risque:25,renaissance,risque,1,false,-0.23,24,8.99,0
renaissance:risque:26,renaissance,risque,0,false,-0.33,29,9.42,0
renaissance:risque:27,renaissance,risque,0,false,-0.69,24,8.99,0
renaissance:risque:28,renaissance,risque,0,false,0.23,26,9.01,0
renaissance:risque:29,renaissance,risque,1,false,-0.01,26,9.09,0
renaissance:risque:30,renaissance,risque,0,false,0.22,24,8.94,0
renaissance:risque:31,renaissance,risque,0,false,0.04,24,8.86,0
renaissance:risque:32,renaissance,risque,0,false,6.27,24,9,0
renaissance:risque:33,renaissance,risque,0,false,6.09,24,9.01,0
renaissance:risque:34,renaissance,risque,1,false,6.59,24,10.13,0
renaissance:risque:35,renaissance,risque,1,false,-0.17,28,8.9,0
renaissance:risque:36,renaissance,risque,0,false,0.2,28,9.07,0
renaissance:risque:37,renaissance,risque,0,false,0.33,24,9.07,0
renaissance:risque:38,renaissance,risque,0,false,-0.11,26,9.05,0
renaissance:risque:39,renaissance,risque,1,false,6.13,24,9.03,0
renaissance:risque:40,renaissance,risque,0,false,6.05,24,8.99,0
renaissance:risque:41,renaissance,risque,0,false,0.53,24,9.77,0
renaissance:risque:42,renaissance,risque,0,false,5.98,24,9.31,0
renaissance:risque:43,renaissance,risque,0,false,0.53,26,9.12,0
renaissance:risque:44,renaissance,risque,0,false,0.72,30,10.34,0
renaissance:risque:45,renaissance,risque,0,false,6.2,25,8.98,0
renaissance:risque:46,renaissance,risque,0,false,0.46,24,9.96,0
renaissance:risque:47,renaissance,risque,0,false,-0.42,29,9,0
renaissance:risque:48,renaissance,risque,1,false,8.42,24,9.07,0
renaissance:risque:49,renaissance,risque,0,false,0.3,26,9.02,0
renaissance:risque:50,renaissance,risque,1,false,-0.29,24,8.95,0
renaissance:risque:51,renaissance,risque,0,false,-0.77,27,9.02,0
renaissance:risque:52,renaissance,risque,0,false,6.26,24,9.14,0
renaissance:risque:53,renaissance,risque,0,false,0.23,27,9.1,0
renaissance:risque:54,renaissance,risque,0,false,8.59,24,8.99,0
renaissance:risque:55,renaissance,risque,1,false,-0.03,24,8.99,0
renaissance:risque:56,renaissance,risque,0,false,8.12,24,8.99,0
renaissance:risque:57,renaissance,risque,0,false,5.26,28,8.99,0
renaissance:risque:58,renaissance,risque,0,false,-0.04,24,9.03,0
renaissance:risque:59,renaissance,risque,0,false,5.54,24,9.04,0
renaissance:risque:60,renaissance,risque,0,false,5.96,24,9,0
renaissance:risque:61,renaissance,risque,1,false,6.13,26,8.97,0
renaissance:risque:62,renaissance,risque,1,false,0.39,24,9.14,0
renaissance:risque:63,renaissance,risque,0,false,0.32,24,9.88,0
renaissance:risque:64,renaissance,risque,0,false,-0.26,24,8.92,0
renaissance:risque:65,renaissance,risque,0,false,0.01,26,9.15,0
renaissance:risque:66,renaissance,risque,0,false,5.96,24,9.59,0
renaissance:risque:67,renaissance,risque,0,false,6.18,30,9.05,0
renaissance:risque:68,renaissance,risque,0,false,0.15,24,8.88,0
renaissance:risque:69,renaissance,risque,0,false,-0.47,24,9.08,0
renaissance:risque:70,renaissance,risque,0,false,6.29,27,9.56,0
renaissance:risque:71,renaissance,risque,0,false,0.38,24,8.89,0
renaissance:risque:72,renaissance,risque,0,false,5.66,28,8.96,0
renaissance:risque:73,renaissance,risque,0,false,-0.24,24,9.06,0
renaissance:risque:74,renaissance,risque,0,false,0.1,28,8.99,0
renaissance:risque:75,renaissance,risque,1,false,-0.32,26,8.98,0
renaissance:risque:76,renaissance,risque,0,false,0.62,29,9.94,0
renaissance:risque:77,renaissance,risque,1,false,-0.11,24,9.09,0
renaissance:risque:78,renaissance,risque,0,false,-0.42,24,9.03,0
renaissance:risque:79,renaissance,risque,0,false,0.12,30,9.12,0
renaissance:risque:80,renaissance,risque,1,false,1.02,24,12.72,0
renaissance:risque:81,renaissance,risque,1,false,7.42,29,8.99,0
renaissance:risque:82,renaissance,risque,0,false,-0.36,26,9.07,0
renaissance:risque:83,renaissance,risque,0,false,-0.1,24,8.88,0
renaissance:risque:84,renaissance,risque,1,false,13.36,28,10.13,0
renaissance:risque:85,renaissance,risque,0,false,0.18,24,8.97,0
renaissance:risque:86,renaissance,risque,0,false,-0.49,26,9.05,0
renaissance:risque:87,renaissance,risque,0,false,6.17,30,8.85,0
renaissance:risque:88,renaissance,risque,0,false,-0.14,24,9.11,0
renaissance:risque:89,renaissance,risque,1,false,7.03,28,9,0
renaissance:risque:90,renaissance,risque,1,false,0.17,24,9.06,0
renaissance:risque:91,renaissance,risque,0,false,0.39,26,9.37,0
renaissance:risque:92,renaissance,risque,0,false,-0.34,24,9.13,0
renaissance:risque:93,renaissance,risque,0,false,13.47,25,9.03,0
renaissance:risque:94,renaissance,risque,1,false,0.22,27,8.91,0
renaissance:risque:95,renaissance,risque,0,false,6.51,29,8.99,0
renaissance:risque:96,renaissance,risque,0,false,7.31,27,9.42,0
renaissance:risque:97,renaissance,risque,1,false,-1.09,29,9.1,0
renaissance:risque:98,renaissance,risque,0,false,-0.13,24,8.97,0
renaissance:risque:99,renaissance,risque,1,false,-0.48,24,8.87,0
renaissance:risque:100,renaissance,risque,0,false,0.12,27,9.02,0
renaissance:risque:101,renaissance,risque,0,false,0.24,28,8.99,0
renaissance:risque:102,renaissance,risque,0,false,6.09,26,9.08,0
renaissance:risque:103,renaissance,risque,0,false,0.06,24,8.93,0
renaissance:risque:104,renaissance,risque,1,false,-0.28,24,9.05,0
renaissance:risque:105,renaissance,risque,0,false,0.34,26,8.89,0
renaissance:risque:106,renaissance,risque,1,false,-0.09,24,9.16,0
renaissance:risque:107,renaissance,risque,1,false,6.45,24,9.04,0
renaissance:risque:108,renaissance,risque,1,false,0.23,24,8.82,0
renaissance:risque:109,renaissance,risque,0,false,8.16,28,9.04,0
renaissance:risque:110,renaissance,risque,0,false,0.13,24,8.96,0
renaissance:risque:111,renaissance,risque,2,false,0.34,24,9.27,0
renaissance:risque:112,renaissance,risque,1,false,0.86,24,11.23,0
renaissance:risque:113,renaissance,risque,0,false,5.99,24,8.94,0
renaissance:risque:114,renaissance,risque,0,false,0.21,27,9.06,0
renaissance:risque:115,renaissance,risque,0,false,-0.26,24,8.89,0
renaissance:risque:116,renaissance,risque,0,false,-0.12,24,9,0
renaissance:risque:117,renaissance,risque,0,false,6.57,26,9.51,0
renaissance:risque:118,renaissance,risque,0,false,-0.2,29,8.99,0
renaissance:risque:119,renaissance,risque,0,false,19.89,9,33.3,33.57
renaissance:risque:120,renaissance,risque,0,false,0.05,24,8.86,0
renaissance:risque:121,renaissance,risque,0,false,0.22,28,9.12,0
renaissance:risque:122,renaissance,risque,0,false,6.12,26,9.1,0
renaissance:risque:123,renaissance,risque,0,false,0.5,24,9.53,0
renaissance:risque:124,renaissance,risque,1,false,5.82,25,8.92,0
renaissance:risque:125,renaissance,risque,1,false,0.18,24,8.93,0
renaissance:risque:126,renaissance,risque,0,false,7.51,26,8.96,0
renaissance:risque:127,renaissance,risque,1,false,5.67,28,9.08,0
renaissance:risque:128,renaissance,risque,0,false,-0.14,24,8.88,0
renaissance:risque:129,renaissance,risque,0,false,0.55,24,11.08,0
renaissance:risque:130,renaissance,risque,0,false,0.28,24,8.99,0
renaissance:risque:131,renaissance,risque,1,false,6.94,27,9.29,0
renaissance:risque:132,renaissance,risque,1,false,-0.01,24,9.04,0
renaissance:risque:133,renaissance,risque,1,false,0.19,24,9.29,0
renaissance:risque:134,renaissance,risque,0,false,13.31,26,9.02,0
renaissance:risque:135,renaissance,risque,0,false,-0.07,24,8.91,0
renaissance:risque:136,renaissance,risque,0,false,0.05,24,9.35,0
renaissance:risque:137,renaissance,risque,1,false,-0.13,26,9.24,0
renaissance:risque:138,renaissance,risque,0,false,0.12,24,9.11,0
renaissance:risque:139,renaissance,risque,0,false,0.22,24,8.86,0
renaissance:risque:140,renaissance,risque,0,false,0.03,24,9.03,0
renaissance:risque:141,renaissance,risque,0,false,0.48,26,9.59,0
renaissance:risque:142,renaissance,risque,0,false,0.43,24,10.02,0
renaissance:risque:143,renaissance,risque,0,false,-0.22,26,8.99,0
renaissance:risque:144,renaissance,risque,0,false,0.37,24,9.04,0
renaissance:risque:145,renaissance,risque,0,false,0.17,24,8.83,0
renaissance:risque:146,renaissance,risque,1,false,0.28,26,9.07,0
renaissance:risque:147,renaissance,risque,0,false,5.72,24,9.07,0
renaissance:risque:148,renaissance,risque,0,false,0.69,24,9.51,0
renaissance:risque:149,renaissance,risque,1,false,6.18,24,9.23,0
renaissance:ideologiquement_coherent:0,renaissance,ideologiquement_coherent,0,false,0.25,24,9.13,0
renaissance:ideologiquement_coherent:1,renaissance,ideologiquement_coherent,0,false,6.65,24,9.55,0
renaissance:ideologiquement_coherent:2,renaissance,ideologiquement_coherent,0,false,12.45,24,8.93,0
renaissance:ideologiquement_coherent:3,renaissance,ideologiquement_coherent,1,false,7.51,24,8.88,0
renaissance:ideologiquement_coherent:4,renaissance,ideologiquement_coherent,1,false,0.32,24,8.87,0
renaissance:ideologiquement_coherent:5,renaissance,ideologiquement_coherent,1,false,6.09,30,9.1,0
renaissance:ideologiquement_coherent:6,renaissance,ideologiquement_coherent,0,false,7.36,28,9.07,0
renaissance:ideologiquement_coherent:7,renaissance,ideologiquement_coherent,0,false,-0.32,24,9.03,0
renaissance:ideologiquement_coherent:8,renaissance,ideologiquement_coherent,0,false,0.04,24,9.06,0
renaissance:ideologiquement_coherent:9,renaissance,ideologiquement_coherent,0,false,-0.18,26,8.88,0
renaissance:ideologiquement_coherent:10,renaissance,ideologiquement_coherent,1,false,0.03,27,8.96,0
renaissance:ideologiquement_coherent:11,renaissance,ideologiquement_coherent,0,false,6.76,28,11.08,0
renaissance:ideologiquement_coherent:12,renaissance,ideologiquement_coherent,0,false,6.97,29,9.13,0
renaissance:ideologiquement_coherent:13,renaissance,ideologiquement_coherent,0,false,5.53,26,9.07,0
renaissance:ideologiquement_coherent:14,renaissance,ideologiquement_coherent,0,false,0.14,28,8.86,0
renaissance:ideologiquement_coherent:15,renaissance,ideologiquement_coherent,0,false,0.03,24,8.82,0
renaissance:ideologiquement_coherent:16,renaissance,ideologiquement_coherent,0,false,0.01,24,9.02,0
renaissance:ideologiquement_coherent:17,renaissance,ideologiquement_coherent,0,false,0.1,24,8.87,0
renaissance:ideologiquement_coherent:18,renaissance,ideologiquement_coherent,0,false,6.29,25,9,0
renaissance:ideologiquement_coherent:19,renaissance,ideologiquement_coherent,0,false,13.29,28,9.68,0
renaissance:ideologiquement_coherent:20,renaissance,ideologiquement_coherent,1,false,0.72,24,10.01,0
renaissance:ideologiquement_coherent:21,renaissance,ideologiquement_coherent,0,false,-0.44,27,9.01,0
renaissance:ideologiquement_coherent:22,renaissance,ideologiquement_coherent,1,false,0.03,27,9.16,0
renaissance:ideologiquement_coherent:23,renaissance,ideologiquement_coherent,1,false,-0.41,24,9,0
renaissance:ideologiquement_coherent:24,renaissance,ideologiquement_coherent,0,false,5.95,24,9.01,0
renaissance:ideologiquement_coherent:25,renaissance,ideologiquement_coherent,1,false,6.28,24,9.01,0
renaissance:ideologiquement_coherent:26,renaissance,ideologiquement_coherent,0,false,-0.27,28,9.02,0
renaissance:ideologiquement_coherent:27,renaissance,ideologiquement_coherent,1,false,6.23,24,9.11,0
renaissance:ideologiquement_coherent:28,renaissance,ideologiquement_coherent,0,false,-0.33,28,9.04,0
renaissance:ideologiquement_coherent:29,renaissance,ideologiquement_coherent,0,false,-0.38,24,9.11,0
renaissance:ideologiquement_coherent:30,renaissance,ideologiquement_coherent,0,false,0.48,24,9.91,0
renaissance:ideologiquement_coherent:31,renaissance,ideologiquement_coherent,0,false,5.76,24,9.03,0
renaissance:ideologiquement_coherent:32,renaissance,ideologiquement_coherent,0,false,-0.14,24,8.95,0
renaissance:ideologiquement_coherent:33,renaissance,ideologiquement_coherent,0,false,-0.35,27,9.07,0
renaissance:ideologiquement_coherent:34,renaissance,ideologiquement_coherent,0,false,0.03,28,9,0
renaissance:ideologiquement_coherent:35,renaissance,ideologiquement_coherent,0,false,-0.23,24,8.95,0
renaissance:ideologiquement_coherent:36,renaissance,ideologiquement_coherent,0,false,0.03,29,9.08,0
renaissance:ideologiquement_coherent:37,renaissance,ideologiquement_coherent,0,false,0.15,27,9.05,0
renaissance:ideologiquement_coherent:38,renaissance,ideologiquement_coherent,0,false,-0.02,24,8.9,0
renaissance:ideologiquement_coherent:39,renaissance,ideologiquement_coherent,0,false,-0.03,26,9.06,0
renaissance:ideologiquement_coherent:40,renaissance,ideologiquement_coherent,1,false,-0.52,24,8.97,0
renaissance:ideologiquement_coherent:41,renaissance,ideologiquement_coherent,1,false,-0.09,24,8.98,0
renaissance:ideologiquement_coherent:42,renaissance,ideologiquement_coherent,0,false,12.58,24,9.02,0
renaissance:ideologiquement_coherent:43,renaissance,ideologiquement_coherent,0,false,0.29,24,9.36,0
renaissance:ideologiquement_coherent:44,renaissance,ideologiquement_coherent,0,false,-0.57,26,8.96,0
renaissance:ideologiquement_coherent:45,renaissance,ideologiquement_coherent,0,false,-0.13,26,9.08,0
renaissance:ideologiquement_coherent:46,renaissance,ideologiquement_coherent,0,false,6.01,30,8.82,0
renaissance:ideologiquement_coherent:47,renaissance,ideologiquement_coherent,0,false,0.39,24,9.68,0
renaissance:ideologiquement_coherent:48,renaissance,ideologiquement_coherent,0,false,0.17,24,9.01,0
renaissance:ideologiquement_coherent:49,renaissance,ideologiquement_coherent,0,false,6.35,26,8.94,0
renaissance:ideologiquement_coherent:50,renaissance,ideologiquement_coherent,0,false,6.98,30,8.86,0
renaissance:ideologiquement_coherent:51,renaissance,ideologiquement_coherent,1,false,0.48,24,8.95,0
renaissance:ideologiquement_coherent:52,renaissance,ideologiquement_coherent,1,false,0.31,24,8.96,0
renaissance:ideologiquement_coherent:53,renaissance,ideologiquement_coherent,0,false,5.53,26,8.98,0
renaissance:ideologiquement_coherent:54,renaissance,ideologiquement_coherent,0,false,-0.3,26,9,0
renaissance:ideologiquement_coherent:55,renaissance,ideologiquement_coherent,1,false,5.95,24,9.13,0
renaissance:ideologiquement_coherent:56,renaissance,ideologiquement_coherent,0,false,-0.29,28,8.9,0
renaissance:ideologiquement_coherent:57,renaissance,ideologiquement_coherent,0,false,-0.17,27,8.92,0
renaissance:ideologiquement_coherent:58,renaissance,ideologiquement_coherent,0,false,0.4,24,8.93,0
renaissance:ideologiquement_coherent:59,renaissance,ideologiquement_coherent,1,false,12.69,28,9.11,0
renaissance:ideologiquement_coherent:60,renaissance,ideologiquement_coherent,0,false,0.03,24,9.06,0
renaissance:ideologiquement_coherent:61,renaissance,ideologiquement_coherent,1,false,0.55,24,10.05,0
renaissance:ideologiquement_coherent:62,renaissance,ideologiquement_coherent,0,false,0.46,24,9.22,0
renaissance:ideologiquement_coherent:63,renaissance,ideologiquement_coherent,0,false,-0.35,24,9.05,0
renaissance:ideologiquement_coherent:64,renaissance,ideologiquement_coherent,1,false,0.43,24,8.99,0
renaissance:ideologiquement_coherent:65,renaissance,ideologiquement_coherent,0,false,11.74,29,9.09,0
renaissance:ideologiquement_coherent:66,renaissance,ideologiquement_coherent,0,false,0.56,24,8.97,0
renaissance:ideologiquement_coherent:67,renaissance,ideologiquement_coherent,0,false,0.45,24,9.07,0
renaissance:ideologiquement_coherent:68,renaissance,ideologiquement_coherent,0,false,0.18,24,9.01,0
renaissance:ideologiquement_coherent:69,renaissance,ideologiquement_coherent,0,false,0.27,24,9.02,0
renaissance:ideologiquement_coherent:70,renaissance,ideologiquement_coherent,1,false,-0.24,24,8.91,0
renaissance:ideologiquement_coherent:71,renaissance,ideologiquement_coherent,0,false,0.3,24,8.97,0
renaissance:ideologiquement_coherent:72,renaissance,ideologiquement_coherent,0,false,0.56,24,9.71,0
renaissance:ideologiquement_coherent:73,renaissance,ideologiquement_coherent,1,false,7,24,8.95,0
renaissance:ideologiquement_coherent:74,renaissance,ideologiquement_coherent,0,false,0.31,29,9.21,0
renaissance:ideologiquement_coherent:75,renaissance,ideologiquement_coherent,0,false,6.04,24,9.15,0
renaissance:ideologiquement_coherent:76,renaissance,ideologiquement_coherent,0,false,0.48,24,9.37,0
renaissance:ideologiquement_coherent:77,renaissance,ideologiquement_coherent,1,false,14.2,30,9.13,0
renaissance:ideologiquement_coherent:78,renaissance,ideologiquement_coherent,0,false,0.26,26,9.01,0
renaissance:ideologiquement_coherent:79,renaissance,ideologiquement_coherent,0,false,-1.61,28,8.9,0
renaissance:ideologiquement_coherent:80,renaissance,ideologiquement_coherent,0,false,0.15,29,9.14,0
renaissance:ideologiquement_coherent:81,renaissance,ideologiquement_coherent,1,false,0.21,26,8.92,0
renaissance:ideologiquement_coherent:82,renaissance,ideologiquement_coherent,0,false,-0.57,27,9.04,0
renaissance:ideologiquement_coherent:83,renaissance,ideologiquement_coherent,0,false,0.43,24,9.45,0
renaissance:ideologiquement_coherent:84,renaissance,ideologiquement_coherent,0,false,-0.15,24,8.87,0
renaissance:ideologiquement_coherent:85,renaissance,ideologiquement_coherent,1,false,0.07,24,9.02,0
renaissance:ideologiquement_coherent:86,renaissance,ideologiquement_coherent,0,false,0,24,9.08,0
renaissance:ideologiquement_coherent:87,renaissance,ideologiquement_coherent,0,false,-0.13,24,9.04,0
renaissance:ideologiquement_coherent:88,renaissance,ideologiquement_coherent,0,false,0.14,28,9.12,0
renaissance:ideologiquement_coherent:89,renaissance,ideologiquement_coherent,0,false,-0.14,28,8.96,0
renaissance:ideologiquement_coherent:90,renaissance,ideologiquement_coherent,0,false,-0.57,24,8.91,0
renaissance:ideologiquement_coherent:91,renaissance,ideologiquement_coherent,1,false,0.42,24,10.09,0
renaissance:ideologiquement_coherent:92,renaissance,ideologiquement_coherent,0,false,6.07,24,9.12,0
renaissance:ideologiquement_coherent:93,renaissance,ideologiquement_coherent,0,false,-0.19,24,9.13,0
renaissance:ideologiquement_coherent:94,renaissance,ideologiquement_coherent,1,false,-1.47,28,9.01,0
renaissance:ideologiquement_coherent:95,renaissance,ideologiquement_coherent,0,false,12.53,26,8.96,0
renaissance:ideologiquement_coherent:96,renaissance,ideologiquement_coherent,0,false,-0.19,24,9.06,0
renaissance:ideologiquement_coherent:97,renaissance,ideologiquement_coherent,0,false,-0.04,24,9.05,0
renaissance:ideologiquement_coherent:98,renaissance,ideologiquement_coherent,1,false,-0.14,26,8.89,0
renaissance:ideologiquement_coherent:99,renaissance,ideologiquement_coherent,0,false,0.01,24,9.07,0
renaissance:ideologiquement_coherent:100,renaissance,ideologiquement_coherent,0,false,-0.05,26,8.85,0
renaissance:ideologiquement_coherent:101,renaissance,ideologiquement_coherent,0,false,0.92,24,10.29,0
renaissance:ideologiquement_coherent:102,renaissance,ideologiquement_coherent,0,false,-0.17,24,8.97,0
renaissance:ideologiquement_coherent:103,renaissance,ideologiquement_coherent,0,false,0.02,27,8.96,0
renaissance:ideologiquement_coherent:104,renaissance,ideologiquement_coherent,0,false,5.97,29,9.18,0
renaissance:ideologiquement_coherent:105,renaissance,ideologiquement_coherent,0,false,0.23,24,9.02,0
renaissance:ideologiquement_coherent:106,renaissance,ideologiquement_coherent,0,false,-0.88,30,8.93,0
renaissance:ideologiquement_coherent:107,renaissance,ideologiquement_coherent,1,false,0.28,24,9.05,0
renaissance:ideologiquement_coherent:108,renaissance,ideologiquement_coherent,0,false,-0.04,26,8.97,0
renaissance:ideologiquement_coherent:109,renaissance,ideologiquement_coherent,1,false,6.06,24,9.55,0
renaissance:ideologiquement_coherent:110,renaissance,ideologiquement_coherent,0,false,-0.23,24,8.87,0
renaissance:ideologiquement_coherent:111,renaissance,ideologiquement_coherent,1,false,0.01,24,8.92,0
renaissance:ideologiquement_coherent:112,renaissance,ideologiquement_coherent,0,false,0.27,24,10.53,0
renaissance:ideologiquement_coherent:113,renaissance,ideologiquement_coherent,0,false,0.02,29,9.02,0
renaissance:ideologiquement_coherent:114,renaissance,ideologiquement_coherent,1,false,5.85,24,9.02,0
renaissance:ideologiquement_coherent:115,renaissance,ideologiquement_coherent,0,false,5.96,24,8.98,0
renaissance:ideologiquement_coherent:116,renaissance,ideologiquement_coherent,1,false,5.69,29,9.07,0
renaissance:ideologiquement_coherent:117,renaissance,ideologiquement_coherent,1,false,5.74,26,9.06,0
renaissance:ideologiquement_coherent:118,renaissance,ideologiquement_coherent,0,false,5.55,26,8.96,0
renaissance:ideologiquement_coherent:119,renaissance,ideologiquement_coherent,0,false,0.36,26,9.57,0
renaissance:ideologiquement_coherent:120,renaissance,ideologiquement_coherent,0,false,7,25,8.93,0
renaissance:ideologiquement_coherent:121,renaissance,ideologiquement_coherent,1,false,-0.38,24,9.02,0
renaissance:ideologiquement_coherent:122,renaissance,ideologiquement_coherent,0,false,-0.19,26,9.08,0
renaissance:ideologiquement_coherent:123,renaissance,ideologiquement_coherent,0,false,0.42,24,9.03,0
renaissance:ideologiquement_coherent:124,renaissance,ideologiquement_coherent,0,false,-0.64,29,9.03,0
renaissance:ideologiquement_coherent:125,renaissance,ideologiquement_coherent,1,false,-0.42,24,9.02,0
renaissance:ideologiquement_coherent:126,renaissance,ideologiquement_coherent,0,false,0.07,24,8.93,0
renaissance:ideologiquement_coherent:127,renaissance,ideologiquement_coherent,0,false,7.76,24,8.97,0
renaissance:ideologiquement_coherent:128,renaissance,ideologiquement_coherent,0,false,7.78,29,9.3,0
renaissance:ideologiquement_coherent:129,renaissance,ideologiquement_coherent,0,false,5.44,24,8.96,0
renaissance:ideologiquement_coherent:130,renaissance,ideologiquement_coherent,0,false,-0.11,24,8.89,0
renaissance:ideologiquement_coherent:131,renaissance,ideologiquement_coherent,1,false,0.31,27,8.98,0
renaissance:ideologiquement_coherent:132,renaissance,ideologiquement_coherent,0,false,0.06,27,9.06,0
renaissance:ideologiquement_coherent:133,renaissance,ideologiquement_coherent,1,false,5.65,27,8.95,0
renaissance:ideologiquement_coherent:134,renaissance,ideologiquement_coherent,0,false,6.49,27,8.94,0
renaissance:ideologiquement_coherent:135,renaissance,ideologiquement_coherent,1,false,7.03,27,9.08,0
renaissance:ideologiquement_coherent:136,renaissance,ideologiquement_coherent,1,false,-0.25,24,8.89,0
renaissance:ideologiquement_coherent:137,renaissance,ideologiquement_coherent,0,false,5.86,24,9.28,0
renaissance:ideologiquement_coherent:138,renaissance,ideologiquement_coherent,1,false,-0.1,26,8.99,0
renaissance:ideologiquement_coherent:139,renaissance,ideologiquement_coherent,0,false,0.2,26,9.07,0
renaissance:ideologiquement_coherent:140,renaissance,ideologiquement_coherent,0,false,0.29,26,8.97,0
renaissance:ideologiquement_coherent:141,renaissance,ideologiquement_coherent,1,false,6.03,24,8.96,0
renaissance:ideologiquement_coherent:142,renaissance,ideologiquement_coherent,0,false,5.98,27,8.99,0
renaissance:ideologiquement_coherent:143,renaissance,ideologiquement_coherent,1,false,-0.01,28,8.99,0
renaissance:ideologiquement_coherent:144,renaissance,ideologiquement_coherent,1,false,-0.45,26,8.8,0
renaissance:ideologiquement_coherent:145,renaissance,ideologiquement_coherent,1,false,5.84,24,9.02,0
renaissance:ideologiquement_coherent:146,renaissance,ideologiquement_coherent,0,false,5.78,29,9,0
renaissance:ideologiquement_coherent:147,renaissance,ideologiquement_coherent,0,false,5.93,24,9.04,0
renaissance:ideologiquement_coherent:148,renaissance,ideologiquement_coherent,0,false,-0.37,26,9.23,0
renaissance:ideologiquement_coherent:149,renaissance,ideologiquement_coherent,1,false,-0.25,29,8.97,0
renaissance:opportuniste_electoral:0,renaissance,opportuniste_electoral,0,false,-0.2,28,9.28,0
renaissance:opportuniste_electoral:1,renaissance,opportuniste_electoral,0,false,-0.38,30,9.1,0
renaissance:opportuniste_electoral:2,renaissance,opportuniste_electoral,0,false,-0.35,26,9.04,0
renaissance:opportuniste_electoral:3,renaissance,opportuniste_electoral,1,false,0.02,24,8.95,0
renaissance:opportuniste_electoral:4,renaissance,opportuniste_electoral,0,false,-0.16,24,9.08,0
renaissance:opportuniste_electoral:5,renaissance,opportuniste_electoral,0,false,-0.17,27,8.96,0
renaissance:opportuniste_electoral:6,renaissance,opportuniste_electoral,1,false,0.36,24,9.54,0
renaissance:opportuniste_electoral:7,renaissance,opportuniste_electoral,0,false,-0.29,24,9.08,0
renaissance:opportuniste_electoral:8,renaissance,opportuniste_electoral,0,false,7.97,24,9.23,0
renaissance:opportuniste_electoral:9,renaissance,opportuniste_electoral,0,false,20.22,0,41.12,39.43
renaissance:opportuniste_electoral:10,renaissance,opportuniste_electoral,1,false,-0.62,24,9.02,0
renaissance:opportuniste_electoral:11,renaissance,opportuniste_electoral,0,false,-0.46,26,8.91,0
renaissance:opportuniste_electoral:12,renaissance,opportuniste_electoral,0,false,8.03,24,9.83,0
renaissance:opportuniste_electoral:13,renaissance,opportuniste_electoral,1,false,8.18,24,8.88,0
renaissance:opportuniste_electoral:14,renaissance,opportuniste_electoral,0,false,-0.21,24,8.81,0
renaissance:opportuniste_electoral:15,renaissance,opportuniste_electoral,1,false,-0.45,29,8.98,0
renaissance:opportuniste_electoral:16,renaissance,opportuniste_electoral,0,false,-0.32,28,9.03,0
renaissance:opportuniste_electoral:17,renaissance,opportuniste_electoral,1,false,5.83,24,9.1,0
renaissance:opportuniste_electoral:18,renaissance,opportuniste_electoral,0,false,13.56,25,8.98,0
renaissance:opportuniste_electoral:19,renaissance,opportuniste_electoral,0,false,0.01,28,8.92,0
renaissance:opportuniste_electoral:20,renaissance,opportuniste_electoral,0,false,-0.22,24,8.9,0
renaissance:opportuniste_electoral:21,renaissance,opportuniste_electoral,0,false,5.73,26,9.07,0
renaissance:opportuniste_electoral:22,renaissance,opportuniste_electoral,0,false,7.37,24,9.01,0
renaissance:opportuniste_electoral:23,renaissance,opportuniste_electoral,0,false,-0.26,24,8.98,0
renaissance:opportuniste_electoral:24,renaissance,opportuniste_electoral,0,false,5.87,29,8.87,0
renaissance:opportuniste_electoral:25,renaissance,opportuniste_electoral,1,false,-0.27,27,8.86,0
renaissance:opportuniste_electoral:26,renaissance,opportuniste_electoral,0,false,0.37,26,9.26,0
renaissance:opportuniste_electoral:27,renaissance,opportuniste_electoral,0,false,8.8,24,9.5,0
renaissance:opportuniste_electoral:28,renaissance,opportuniste_electoral,0,false,0.39,29,9.33,0
renaissance:opportuniste_electoral:29,renaissance,opportuniste_electoral,1,false,6.72,24,8.89,0
renaissance:opportuniste_electoral:30,renaissance,opportuniste_electoral,1,false,-0.22,26,9.13,0
renaissance:opportuniste_electoral:31,renaissance,opportuniste_electoral,0,false,5.72,24,9.15,0
renaissance:opportuniste_electoral:32,renaissance,opportuniste_electoral,1,false,12.8,24,9.06,0
renaissance:opportuniste_electoral:33,renaissance,opportuniste_electoral,0,false,0.22,24,9.09,0
renaissance:opportuniste_electoral:34,renaissance,opportuniste_electoral,0,false,-0.31,24,8.86,0
renaissance:opportuniste_electoral:35,renaissance,opportuniste_electoral,0,false,5.67,24,8.92,0
renaissance:opportuniste_electoral:36,renaissance,opportuniste_electoral,0,false,0.26,26,8.85,0
renaissance:opportuniste_electoral:37,renaissance,opportuniste_electoral,0,false,14.86,24,10.34,0
renaissance:opportuniste_electoral:38,renaissance,opportuniste_electoral,0,false,-0.01,24,8.89,0
renaissance:opportuniste_electoral:39,renaissance,opportuniste_electoral,0,false,0.43,26,10.04,0
renaissance:opportuniste_electoral:40,renaissance,opportuniste_electoral,0,false,-0.29,28,8.89,0
renaissance:opportuniste_electoral:41,renaissance,opportuniste_electoral,1,false,7.96,24,9.89,0
renaissance:opportuniste_electoral:42,renaissance,opportuniste_electoral,0,false,6.26,26,9.01,0
renaissance:opportuniste_electoral:43,renaissance,opportuniste_electoral,0,false,-0.51,27,8.97,0
renaissance:opportuniste_electoral:44,renaissance,opportuniste_electoral,1,false,-0.19,27,9.12,0
renaissance:opportuniste_electoral:45,renaissance,opportuniste_electoral,0,false,0.33,24,9.03,0
renaissance:opportuniste_electoral:46,renaissance,opportuniste_electoral,1,false,6.33,24,9.57,0
renaissance:opportuniste_electoral:47,renaissance,opportuniste_electoral,0,false,6.33,24,9.46,0
renaissance:opportuniste_electoral:48,renaissance,opportuniste_electoral,0,false,-0.22,24,9,0
renaissance:opportuniste_electoral:49,renaissance,opportuniste_electoral,0,false,0.16,24,8.89,0
renaissance:opportuniste_electoral:50,renaissance,opportuniste_electoral,0,false,0.58,26,10.38,0
renaissance:opportuniste_electoral:51,renaissance,opportuniste_electoral,0,false,-0.33,24,8.98,0
renaissance:opportuniste_electoral:52,renaissance,opportuniste_electoral,0,false,-0.3,24,8.89,0
renaissance:opportuniste_electoral:53,renaissance,opportuniste_electoral,0,false,7.9,25,9.01,0
renaissance:opportuniste_electoral:54,renaissance,opportuniste_electoral,0,false,0.03,24,9.29,0
renaissance:opportuniste_electoral:55,renaissance,opportuniste_electoral,0,false,-0.12,28,8.97,0
renaissance:opportuniste_electoral:56,renaissance,opportuniste_electoral,0,false,0.21,24,9.09,0
renaissance:opportuniste_electoral:57,renaissance,opportuniste_electoral,0,false,0.53,26,9.91,0
renaissance:opportuniste_electoral:58,renaissance,opportuniste_electoral,0,false,6.09,24,9.22,0
renaissance:opportuniste_electoral:59,renaissance,opportuniste_electoral,1,false,-0.32,24,8.91,0
renaissance:opportuniste_electoral:60,renaissance,opportuniste_electoral,0,false,-0.28,24,9.11,0
renaissance:opportuniste_electoral:61,renaissance,opportuniste_electoral,0,false,0.13,26,9.3,0
renaissance:opportuniste_electoral:62,renaissance,opportuniste_electoral,0,false,0.22,24,8.88,0
renaissance:opportuniste_electoral:63,renaissance,opportuniste_electoral,0,false,-0.27,26,8.97,0
renaissance:opportuniste_electoral:64,renaissance,opportuniste_electoral,0,false,0.11,28,9.07,0
renaissance:opportuniste_electoral:65,renaissance,opportuniste_electoral,1,false,0.03,24,9.04,0
renaissance:opportuniste_electoral:66,renaissance,opportuniste_electoral,0,false,-0.18,26,8.81,0
renaissance:opportuniste_electoral:67,renaissance,opportuniste_electoral,1,false,-0.05,24,9.12,0
renaissance:opportuniste_electoral:68,renaissance,opportuniste_electoral,0,false,0.41,24,9.56,0
renaissance:opportuniste_electoral:69,renaissance,opportuniste_electoral,0,false,0.08,24,8.94,0
renaissance:opportuniste_electoral:70,renaissance,opportuniste_electoral,0,false,8.77,30,9.81,0
renaissance:opportuniste_electoral:71,renaissance,opportuniste_electoral,1,false,-0.15,27,9.04,0
renaissance:opportuniste_electoral:72,renaissance,opportuniste_electoral,0,false,0.04,26,9.19,0
renaissance:opportuniste_electoral:73,renaissance,opportuniste_electoral,1,false,0.4,24,8.9,0
renaissance:opportuniste_electoral:74,renaissance,opportuniste_electoral,0,false,0.34,24,9.11,0
renaissance:opportuniste_electoral:75,renaissance,opportuniste_electoral,0,false,0.2,24,9.15,0
renaissance:opportuniste_electoral:76,renaissance,opportuniste_electoral,0,false,0.44,24,10.12,0
renaissance:opportuniste_electoral:77,renaissance,opportuniste_electoral,0,false,7.38,26,8.94,0
renaissance:opportuniste_electoral:78,renaissance,opportuniste_electoral,1,false,0.03,24,9,0
renaissance:opportuniste_electoral:79,renaissance,opportuniste_electoral,0,false,7.04,24,8.96,0
renaissance:opportuniste_electoral:80,renaissance,opportuniste_electoral,0,false,7.74,28,9.05,0
renaissance:opportuniste_electoral:81,renaissance,opportuniste_electoral,0,false,5.46,24,8.9,0
renaissance:opportuniste_electoral:82,renaissance,opportuniste_electoral,0,false,-0.14,24,9.01,0
renaissance:opportuniste_electoral:83,renaissance,opportuniste_electoral,0,false,5.65,24,9.06,0
renaissance:opportuniste_electoral:84,renaissance,opportuniste_electoral,0,false,0.3,27,9.06,0
renaissance:opportuniste_electoral:85,renaissance,opportuniste_electoral,0,false,-0.27,24,9.18,0
renaissance:opportuniste_electoral:86,renaissance,opportuniste_electoral,0,false,6.17,24,9.04,0
renaissance:opportuniste_electoral:87,renaissance,opportuniste_electoral,1,false,0.37,26,9.61,0
renaissance:opportuniste_electoral:88,renaissance,opportuniste_electoral,1,false,-0.67,24,8.95,0
renaissance:opportuniste_electoral:89,renaissance,opportuniste_electoral,0,false,-0.62,24,9.12,0
renaissance:opportuniste_electoral:90,renaissance,opportuniste_electoral,0,false,0.35,26,9.1,0
renaissance:opportuniste_electoral:91,renaissance,opportuniste_electoral,0,false,6.25,24,9.24,0
renaissance:opportuniste_electoral:92,renaissance,opportuniste_electoral,0,false,0.71,24,9.26,0
renaissance:opportuniste_electoral:93,renaissance,opportuniste_electoral,1,false,5.55,28,9.03,0
renaissance:opportuniste_electoral:94,renaissance,opportuniste_electoral,0,false,6.89,28,9.17,0
renaissance:opportuniste_electoral:95,renaissance,opportuniste_electoral,0,false,7.89,27,9.74,0
renaissance:opportuniste_electoral:96,renaissance,opportuniste_electoral,0,false,-0.23,24,8.96,0
renaissance:opportuniste_electoral:97,renaissance,opportuniste_electoral,0,false,8.83,26,9.9,0
renaissance:opportuniste_electoral:98,renaissance,opportuniste_electoral,0,false,0.12,24,9.08,0
renaissance:opportuniste_electoral:99,renaissance,opportuniste_electoral,1,false,-0.34,26,8.95,0
renaissance:opportuniste_electoral:100,renaissance,opportuniste_electoral,0,false,0.4,29,9.36,0
renaissance:opportuniste_electoral:101,renaissance,opportuniste_electoral,0,false,-0.61,30,8.83,0
renaissance:opportuniste_electoral:102,renaissance,opportuniste_electoral,1,false,4.79,28,9.05,0
renaissance:opportuniste_electoral:103,renaissance,opportuniste_electoral,0,false,0.18,24,9.16,0
renaissance:opportuniste_electoral:104,renaissance,opportuniste_electoral,1,false,0.96,27,11.74,0
renaissance:opportuniste_electoral:105,renaissance,opportuniste_electoral,0,false,6.15,26,9.21,0
renaissance:opportuniste_electoral:106,renaissance,opportuniste_electoral,0,false,0.23,24,9.32,0
renaissance:opportuniste_electoral:107,renaissance,opportuniste_electoral,0,false,8.65,24,9.86,0
renaissance:opportuniste_electoral:108,renaissance,opportuniste_electoral,0,false,5.25,26,8.96,0
renaissance:opportuniste_electoral:109,renaissance,opportuniste_electoral,0,false,5.91,24,9.02,0
renaissance:opportuniste_electoral:110,renaissance,opportuniste_electoral,0,false,15.45,24,10.81,0
renaissance:opportuniste_electoral:111,renaissance,opportuniste_electoral,0,false,-0.42,24,8.8,0
renaissance:opportuniste_electoral:112,renaissance,opportuniste_electoral,0,false,0.2,24,9.96,0
renaissance:opportuniste_electoral:113,renaissance,opportuniste_electoral,0,false,-0.26,24,8.98,0
renaissance:opportuniste_electoral:114,renaissance,opportuniste_electoral,0,false,7.49,24,9.38,0
renaissance:opportuniste_electoral:115,renaissance,opportuniste_electoral,1,false,0.04,29,9.92,0
renaissance:opportuniste_electoral:116,renaissance,opportuniste_electoral,0,false,0.11,29,8.96,0
renaissance:opportuniste_electoral:117,renaissance,opportuniste_electoral,0,false,6.87,24,10.31,0
renaissance:opportuniste_electoral:118,renaissance,opportuniste_electoral,0,false,0.15,24,9.55,0
renaissance:opportuniste_electoral:119,renaissance,opportuniste_electoral,0,false,-0.31,24,9,0
renaissance:opportuniste_electoral:120,renaissance,opportuniste_electoral,1,false,0.27,26,9.35,0
renaissance:opportuniste_electoral:121,renaissance,opportuniste_electoral,0,false,0.06,24,8.96,0
renaissance:opportuniste_electoral:122,renaissance,opportuniste_electoral,1,false,6.29,24,9.05,0
renaissance:opportuniste_electoral:123,renaissance,opportuniste_electoral,1,false,5.33,24,8.98,0
renaissance:opportuniste_electoral:124,renaissance,opportuniste_electoral,1,false,-0.03,24,9.04,0
renaissance:opportuniste_electoral:125,renaissance,opportuniste_electoral,1,false,0.33,24,10.96,0
renaissance:opportuniste_electoral:126,renaissance,opportuniste_electoral,0,false,-0.34,24,8.93,0
renaissance:opportuniste_electoral:127,renaissance,opportuniste_electoral,0,false,0,24,9.07,0
renaissance:opportuniste_electoral:128,renaissance,opportuniste_electoral,1,false,-0.2,24,9.04,0
renaissance:opportuniste_electoral:129,renaissance,opportuniste_electoral,0,false,8.22,24,8.98,0
renaissance:opportuniste_electoral:130,renaissance,opportuniste_electoral,0,false,0.4,24,9.65,0
renaissance:opportuniste_electoral:131,renaissance,opportuniste_electoral,0,false,6.02,28,8.9,0
renaissance:opportuniste_electoral:132,renaissance,opportuniste_electoral,0,false,9.16,24,9.05,0
renaissance:opportuniste_electoral:133,renaissance,opportuniste_electoral,0,false,0.14,24,8.99,0
renaissance:opportuniste_electoral:134,renaissance,opportuniste_electoral,0,false,8.36,25,9.5,0
renaissance:opportuniste_electoral:135,renaissance,opportuniste_electoral,0,false,8.86,24,9.5,0
renaissance:opportuniste_electoral:136,renaissance,opportuniste_electoral,0,false,-0.22,24,8.96,0
renaissance:opportuniste_electoral:137,renaissance,opportuniste_electoral,1,false,0.1,26,9,0
renaissance:opportuniste_electoral:138,renaissance,opportuniste_electoral,0,false,11.71,28,8.97,0
renaissance:opportuniste_electoral:139,renaissance,opportuniste_electoral,0,false,8.96,24,9.14,0
renaissance:opportuniste_electoral:140,renaissance,opportuniste_electoral,1,false,6.04,24,8.93,0
renaissance:opportuniste_electoral:141,renaissance,opportuniste_electoral,0,false,0.37,24,10.03,0
renaissance:opportuniste_electoral:142,renaissance,opportuniste_electoral,1,false,-0.11,24,9,0
renaissance:opportuniste_electoral:143,renaissance,opportuniste_electoral,0,false,0.01,24,9.03,0
renaissance:opportuniste_electoral:144,renaissance,opportuniste_electoral,0,false,12.36,26,8.96,0
renaissance:opportuniste_electoral:145,renaissance,opportuniste_electoral,0,false,5.6,24,8.87,0
renaissance:opportuniste_electoral:146,renaissance,opportuniste_electoral,1,false,0.08,24,9.1,0
renaissance:opportuniste_electoral:147,renaissance,opportuniste_electoral,1,false,-0.02,24,9.08,0
renaissance:opportuniste_electoral:148,renaissance,opportuniste_electoral,1,false,-0.32,27,9.01,0
renaissance:opportuniste_electoral:149,renaissance,opportuniste_electoral,1,false,6.28,24,9.22,0
renaissance:parti_dabord:0,renaissance,parti_dabord,1,false,-0.06,26,8.93,0
renaissance:parti_dabord:1,renaissance,parti_dabord,1,false,-0.11,24,8.9,0
renaissance:parti_dabord:2,renaissance,parti_dabord,0,false,-0.3,26,9.19,0
renaissance:parti_dabord:3,renaissance,parti_dabord,0,false,0.67,24,9.65,0
renaissance:parti_dabord:4,renaissance,parti_dabord,0,false,0.39,26,9.74,0
renaissance:parti_dabord:5,renaissance,parti_dabord,0,false,-0.18,24,8.83,0
renaissance:parti_dabord:6,renaissance,parti_dabord,1,false,0.03,24,8.96,0
renaissance:parti_dabord:7,renaissance,parti_dabord,0,false,8.84,24,9.31,0
renaissance:parti_dabord:8,renaissance,parti_dabord,0,false,-0.46,28,8.98,0
renaissance:parti_dabord:9,renaissance,parti_dabord,0,false,-0.13,24,8.9,0
renaissance:parti_dabord:10,renaissance,parti_dabord,0,false,5.37,30,8.91,0
renaissance:parti_dabord:11,renaissance,parti_dabord,0,false,0.09,24,8.99,0
renaissance:parti_dabord:12,renaissance,parti_dabord,1,false,0.1,24,9.16,0
renaissance:parti_dabord:13,renaissance,parti_dabord,0,false,0.57,26,10.69,0
renaissance:parti_dabord:14,renaissance,parti_dabord,0,false,7.81,24,9.21,0
renaissance:parti_dabord:15,renaissance,parti_dabord,0,false,7.24,30,9,0
renaissance:parti_dabord:16,renaissance,parti_dabord,0,false,-0.23,24,8.96,0
renaissance:parti_dabord:17,renaissance,parti_dabord,0,false,-0.5,27,9.12,0
renaissance:parti_dabord:18,renaissance,parti_dabord,0,false,-0.03,26,9.12,0
renaissance:parti_dabord:19,renaissance,parti_dabord,0,false,0.2,24,8.97,0
renaissance:parti_dabord:20,renaissance,parti_dabord,0,false,-0.17,26,8.93,0
renaissance:parti_dabord:21,renaissance,parti_dabord,0,false,-0.12,24,9.04,0
renaissance:parti_dabord:22,renaissance,parti_dabord,1,false,5.21,28,9.15,0
renaissance:parti_dabord:23,renaissance,parti_dabord,0,false,6.08,24,9.83,0
renaissance:parti_dabord:24,renaissance,parti_dabord,0,false,0.26,29,8.96,0
renaissance:parti_dabord:25,renaissance,parti_dabord,0,false,6.15,24,9.1,0
renaissance:parti_dabord:26,renaissance,parti_dabord,0,false,6.13,26,9.02,0
renaissance:parti_dabord:27,renaissance,parti_dabord,1,false,0.38,24,9.57,0
renaissance:parti_dabord:28,renaissance,parti_dabord,1,false,-0.22,29,8.89,0
renaissance:parti_dabord:29,renaissance,parti_dabord,0,false,-0.22,28,9.05,0
renaissance:parti_dabord:30,renaissance,parti_dabord,0,false,0.07,26,8.96,0
renaissance:parti_dabord:31,renaissance,parti_dabord,0,false,0.22,28,9.04,0
renaissance:parti_dabord:32,renaissance,parti_dabord,0,false,0.53,24,9.63,0
renaissance:parti_dabord:33,renaissance,parti_dabord,0,false,5.2,24,8.95,0
renaissance:parti_dabord:34,renaissance,parti_dabord,0,false,5.96,24,9.11,0
renaissance:parti_dabord:35,renaissance,parti_dabord,0,false,-0.02,24,9.07,0
renaissance:parti_dabord:36,renaissance,parti_dabord,0,false,0.68,24,9.74,0
renaissance:parti_dabord:37,renaissance,parti_dabord,0,false,6.17,24,9.02,0
renaissance:parti_dabord:38,renaissance,parti_dabord,0,false,-0.14,26,8.97,0
renaissance:parti_dabord:39,renaissance,parti_dabord,0,false,6.02,27,8.84,0
renaissance:parti_dabord:40,renaissance,parti_dabord,0,false,7.41,25,10.15,0
renaissance:parti_dabord:41,renaissance,parti_dabord,0,false,0.02,24,8.87,0
renaissance:parti_dabord:42,renaissance,parti_dabord,0,false,0,24,9.06,0
renaissance:parti_dabord:43,renaissance,parti_dabord,0,false,-0.01,27,8.92,0
renaissance:parti_dabord:44,renaissance,parti_dabord,0,false,5.9,24,8.98,0
renaissance:parti_dabord:45,renaissance,parti_dabord,0,false,0.29,24,9.31,0
renaissance:parti_dabord:46,renaissance,parti_dabord,1,false,0.18,24,9.18,0
renaissance:parti_dabord:47,renaissance,parti_dabord,0,false,7.25,28,9.01,0
renaissance:parti_dabord:48,renaissance,parti_dabord,1,false,6.36,24,9.07,0
renaissance:parti_dabord:49,renaissance,parti_dabord,0,false,-0.68,24,9.04,0
renaissance:parti_dabord:50,renaissance,parti_dabord,0,false,0.1,24,9.16,0
renaissance:parti_dabord:51,renaissance,parti_dabord,1,false,5.31,29,9.09,0
renaissance:parti_dabord:52,renaissance,parti_dabord,0,false,-0.46,24,8.98,0
renaissance:parti_dabord:53,renaissance,parti_dabord,1,false,0.4,28,9.6,0
renaissance:parti_dabord:54,renaissance,parti_dabord,1,false,0.46,24,9.38,0
renaissance:parti_dabord:55,renaissance,parti_dabord,0,false,0.02,26,8.84,0
renaissance:parti_dabord:56,renaissance,parti_dabord,0,false,-0.06,28,9.05,0
renaissance:parti_dabord:57,renaissance,parti_dabord,0,false,-0.39,24,8.99,0
renaissance:parti_dabord:58,renaissance,parti_dabord,0,false,0.31,24,9.64,0
renaissance:parti_dabord:59,renaissance,parti_dabord,0,false,0.17,26,9,0
renaissance:parti_dabord:60,renaissance,parti_dabord,0,false,-0.28,26,9.09,0
renaissance:parti_dabord:61,renaissance,parti_dabord,0,false,7.25,27,8.85,0
renaissance:parti_dabord:62,renaissance,parti_dabord,1,false,0.39,24,9.86,0
renaissance:parti_dabord:63,renaissance,parti_dabord,0,false,-0.03,30,9.03,0
renaissance:parti_dabord:64,renaissance,parti_dabord,0,false,-0.39,28,8.98,0
renaissance:parti_dabord:65,renaissance,parti_dabord,1,false,-0.21,28,8.96,0
renaissance:parti_dabord:66,renaissance,parti_dabord,0,false,5.89,26,8.96,0
renaissance:parti_dabord:67,renaissance,parti_dabord,0,false,6.56,24,9,0
renaissance:parti_dabord:68,renaissance,parti_dabord,0,false,7.64,28,9.08,0
renaissance:parti_dabord:69,renaissance,parti_dabord,0,false,-0.05,24,9.01,0
renaissance:parti_dabord:70,renaissance,parti_dabord,0,false,-0.15,24,9,0
renaissance:parti_dabord:71,renaissance,parti_dabord,1,false,-0.28,26,8.93,0
renaissance:parti_dabord:72,renaissance,parti_dabord,0,false,8.51,24,9.05,0
renaissance:parti_dabord:73,renaissance,parti_dabord,1,false,6.11,27,9.57,0
renaissance:parti_dabord:74,renaissance,parti_dabord,1,false,-0.1,28,9.09,0
renaissance:parti_dabord:75,renaissance,parti_dabord,1,false,7.45,25,9.38,0
renaissance:parti_dabord:76,renaissance,parti_dabord,0,false,0.22,24,8.94,0
renaissance:parti_dabord:77,renaissance,parti_dabord,0,false,0.07,26,9.01,0
renaissance:parti_dabord:78,renaissance,parti_dabord,0,false,0.69,30,10.33,0
renaissance:parti_dabord:79,renaissance,parti_dabord,0,false,0.31,24,8.98,0
renaissance:parti_dabord:80,renaissance,parti_dabord,0,false,14.53,24,9.03,0
renaissance:parti_dabord:81,renaissance,parti_dabord,0,false,0,27,8.81,0
renaissance:parti_dabord:82,renaissance,parti_dabord,0,false,0.45,26,9.06,0
renaissance:parti_dabord:83,renaissance,parti_dabord,1,false,0.63,26,9.93,0
renaissance:parti_dabord:84,renaissance,parti_dabord,0,false,13.23,24,9.28,0
renaissance:parti_dabord:85,renaissance,parti_dabord,1,false,0.07,24,9.35,0
renaissance:parti_dabord:86,renaissance,parti_dabord,0,false,-0.04,24,8.97,0
renaissance:parti_dabord:87,renaissance,parti_dabord,1,false,-0.84,27,9.1,0
renaissance:parti_dabord:88,renaissance,parti_dabord,1,false,0.54,27,9.59,0
renaissance:parti_dabord:89,renaissance,parti_dabord,0,false,6.55,30,8.99,0
renaissance:parti_dabord:90,renaissance,parti_dabord,0,false,13.29,27,9.14,0
renaissance:parti_dabord:91,renaissance,parti_dabord,0,false,0.2,24,9.11,0
renaissance:parti_dabord:92,renaissance,parti_dabord,0,false,7,30,8.9,0
renaissance:parti_dabord:93,renaissance,parti_dabord,1,false,0.01,24,8.97,0
renaissance:parti_dabord:94,renaissance,parti_dabord,0,false,-0.01,24,8.9,0
renaissance:parti_dabord:95,renaissance,parti_dabord,1,false,6.18,24,9.03,0
renaissance:parti_dabord:96,renaissance,parti_dabord,0,false,0.04,28,9.05,0
renaissance:parti_dabord:97,renaissance,parti_dabord,0,false,0.32,26,9.37,0
renaissance:parti_dabord:98,renaissance,parti_dabord,0,false,-0.05,24,8.87,0
renaissance:parti_dabord:99,renaissance,parti_dabord,0,false,-0.15,28,9.12,0
renaissance:parti_dabord:100,renaissance,parti_dabord,0,false,5.53,29,8.91,0
renaissance:parti_dabord:101,renaissance,parti_dabord,0,false,8.63,25,8.95,0
renaissance:parti_dabord:102,renaissance,parti_dabord,0,false,5.65,26,9.07,0
renaissance:parti_dabord:103,renaissance,parti_dabord,1,false,0.43,27,9.04,0
renaissance:parti_dabord:104,renaissance,parti_dabord,0,false,0.05,24,8.91,0
renaissance:parti_dabord:105,renaissance,parti_dabord,0,false,0.36,24,9.83,0
renaissance:parti_dabord:106,renaissance,parti_dabord,0,false,-0.39,29,9.05,0
renaissance:parti_dabord:107,renaissance,parti_dabord,0,false,-0.22,24,9.02,0
renaissance:parti_dabord:108,renaissance,parti_dabord,0,false,0.69,26,10.26,0
renaissance:parti_dabord:109,renaissance,parti_dabord,0,false,-0.17,24,8.83,0
renaissance:parti_dabord:110,renaissance,parti_dabord,1,false,-0.27,24,8.87,0
renaissance:parti_dabord:111,renaissance,parti_dabord,0,false,0.29,24,9.18,0
renaissance:parti_dabord:112,renaissance,parti_dabord,0,false,0.02,24,8.9,0
renaissance:parti_dabord:113,renaissance,parti_dabord,1,false,0.19,27,9.34,0
renaissance:parti_dabord:114,renaissance,parti_dabord,1,false,-0.05,24,9.02,0
renaissance:parti_dabord:115,renaissance,parti_dabord,0,false,-0.14,24,8.91,0
renaissance:parti_dabord:116,renaissance,parti_dabord,0,false,-1.72,30,9.06,0
renaissance:parti_dabord:117,renaissance,parti_dabord,0,false,-0.28,24,9.03,0
renaissance:parti_dabord:118,renaissance,parti_dabord,0,false,0.07,26,8.98,0
renaissance:parti_dabord:119,renaissance,parti_dabord,0,false,0.23,24,9.59,0
renaissance:parti_dabord:120,renaissance,parti_dabord,0,false,0.46,24,8.93,0
renaissance:parti_dabord:121,renaissance,parti_dabord,0,false,-0.05,24,8.99,0
renaissance:parti_dabord:122,renaissance,parti_dabord,1,false,8.46,30,9.08,0
renaissance:parti_dabord:123,renaissance,parti_dabord,0,false,0,26,8.99,0
renaissance:parti_dabord:124,renaissance,parti_dabord,1,false,5.8,24,9.01,0
renaissance:parti_dabord:125,renaissance,parti_dabord,0,false,5.84,27,8.94,0
renaissance:parti_dabord:126,renaissance,parti_dabord,0,false,-0.07,24,8.94,0
renaissance:parti_dabord:127,renaissance,parti_dabord,0,false,5.56,24,9.04,0
renaissance:parti_dabord:128,renaissance,parti_dabord,0,false,0.08,24,8.9,0
renaissance:parti_dabord:129,renaissance,parti_dabord,0,false,13.8,29,9.04,0
renaissance:parti_dabord:130,renaissance,parti_dabord,1,true,15.28,19,9.03,0
renaissance:parti_dabord:131,renaissance,parti_dabord,0,false,-0.09,29,8.96,0
renaissance:parti_dabord:132,renaissance,parti_dabord,0,false,0.2,24,9.06,0
renaissance:parti_dabord:133,renaissance,parti_dabord,0,false,7.25,24,8.93,0
renaissance:parti_dabord:134,renaissance,parti_dabord,0,false,-0.42,24,9.05,0
renaissance:parti_dabord:135,renaissance,parti_dabord,1,false,-0.2,24,8.9,0
renaissance:parti_dabord:136,renaissance,parti_dabord,0,false,5.96,24,9.05,0
renaissance:parti_dabord:137,renaissance,parti_dabord,0,false,-0.42,29,9.06,0
renaissance:parti_dabord:138,renaissance,parti_dabord,0,false,-0.48,28,9.02,0
renaissance:parti_dabord:139,renaissance,parti_dabord,0,false,-0.42,24,9.05,0
renaissance:parti_dabord:140,renaissance,parti_dabord,0,false,0.79,24,11.04,0
renaissance:parti_dabord:141,renaissance,parti_dabord,0,false,0.35,24,9.17,0
renaissance:parti_dabord:142,renaissance,parti_dabord,0,false,6.69,24,9.24,0
renaissance:parti_dabord:143,renaissance,parti_dabord,0,false,0.61,26,10.04,0
renaissance:parti_dabord:144,renaissance,parti_dabord,0,false,-0.14,24,9.07,0
renaissance:parti_dabord:145,renaissance,parti_dabord,0,false,-0.31,24,8.95,0
renaissance:parti_dabord:146,renaissance,parti_dabord,0,false,5.82,27,9.05,0
renaissance:parti_dabord:147,renaissance,parti_dabord,0,false,6.93,26,9.02,0
renaissance:parti_dabord:148,renaissance,parti_dabord,0,false,-0.11,24,8.9,0
renaissance:parti_dabord:149,renaissance,parti_dabord,0,false,6.65,24,10.7,0
renaissance:mediatique:0,renaissance,mediatique,0,false,6.31,26,9.07,0
renaissance:mediatique:1,renaissance,mediatique,0,false,0.2,24,9.05,0
renaissance:mediatique:2,renaissance,mediatique,0,false,-0.64,24,9,0
renaissance:mediatique:3,renaissance,mediatique,0,false,-0.26,24,9.21,0
renaissance:mediatique:4,renaissance,mediatique,0,false,6.04,24,9.64,0
renaissance:mediatique:5,renaissance,mediatique,1,false,0.35,27,9.42,0
renaissance:mediatique:6,renaissance,mediatique,0,false,-0.23,26,9.23,0
renaissance:mediatique:7,renaissance,mediatique,0,false,-0.01,24,9.39,0
renaissance:mediatique:8,renaissance,mediatique,0,false,7.04,25,9.22,0
renaissance:mediatique:9,renaissance,mediatique,0,false,-0.11,24,9.06,0
renaissance:mediatique:10,renaissance,mediatique,1,false,8.37,24,10.01,0
renaissance:mediatique:11,renaissance,mediatique,0,false,8.87,24,9.2,0
renaissance:mediatique:12,renaissance,mediatique,0,false,5.99,28,9.02,0
renaissance:mediatique:13,renaissance,mediatique,0,false,-0.63,27,8.93,0
renaissance:mediatique:14,renaissance,mediatique,0,false,6.07,29,8.89,0
renaissance:mediatique:15,renaissance,mediatique,0,false,-0.03,26,8.91,0
renaissance:mediatique:16,renaissance,mediatique,0,false,7.67,28,8.89,0
renaissance:mediatique:17,renaissance,mediatique,0,false,-0.38,24,9.1,0
renaissance:mediatique:18,renaissance,mediatique,0,false,-0.2,24,9.12,0
renaissance:mediatique:19,renaissance,mediatique,0,false,0.29,24,8.93,0
renaissance:mediatique:20,renaissance,mediatique,1,false,0.31,26,9.54,0
renaissance:mediatique:21,renaissance,mediatique,0,false,-0.34,24,8.98,0
renaissance:mediatique:22,renaissance,mediatique,0,false,-0.46,27,9.04,0
renaissance:mediatique:23,renaissance,mediatique,0,false,13.79,24,9.38,0
renaissance:mediatique:24,renaissance,mediatique,1,false,-0.13,24,8.96,0
renaissance:mediatique:25,renaissance,mediatique,0,false,0.19,28,9.2,0
renaissance:mediatique:26,renaissance,mediatique,1,false,-0.32,30,8.95,0
renaissance:mediatique:27,renaissance,mediatique,0,false,-0.19,24,9.1,0
renaissance:mediatique:28,renaissance,mediatique,0,false,9.06,24,10.06,0
renaissance:mediatique:29,renaissance,mediatique,0,false,13.84,24,9.35,0
renaissance:mediatique:30,renaissance,mediatique,0,false,5.73,26,9,0
renaissance:mediatique:31,renaissance,mediatique,0,false,0.5,24,10.15,0
renaissance:mediatique:32,renaissance,mediatique,0,false,14.06,30,9.29,0
renaissance:mediatique:33,renaissance,mediatique,1,false,7.57,28,9.13,0
renaissance:mediatique:34,renaissance,mediatique,0,false,-0.05,24,9.03,0
renaissance:mediatique:35,renaissance,mediatique,0,false,7.66,27,9.01,0
renaissance:mediatique:36,renaissance,mediatique,0,false,-0.41,24,8.99,0
renaissance:mediatique:37,renaissance,mediatique,0,false,0.23,24,9.93,0
renaissance:mediatique:38,renaissance,mediatique,0,false,-0.11,24,8.91,0
renaissance:mediatique:39,renaissance,mediatique,1,false,14.25,24,9.12,0
renaissance:mediatique:40,renaissance,mediatique,1,false,-0.01,24,9.47,0
renaissance:mediatique:41,renaissance,mediatique,0,false,0.02,29,9.15,0
renaissance:mediatique:42,renaissance,mediatique,1,false,0.44,24,10.66,0
renaissance:mediatique:43,renaissance,mediatique,0,false,-0.05,26,9.03,0
renaissance:mediatique:44,renaissance,mediatique,1,false,-0.07,24,8.95,0
renaissance:mediatique:45,renaissance,mediatique,0,false,5.94,24,9.31,0
renaissance:mediatique:46,renaissance,mediatique,1,false,-0.05,24,8.91,0
renaissance:mediatique:47,renaissance,mediatique,0,false,-0.32,24,8.98,0
renaissance:mediatique:48,renaissance,mediatique,0,false,0.51,24,10.05,0
renaissance:mediatique:49,renaissance,mediatique,1,false,0.55,24,9.03,0
renaissance:mediatique:50,renaissance,mediatique,1,false,-0.09,24,9.17,0
renaissance:mediatique:51,renaissance,mediatique,0,false,7.71,24,8.95,0
renaissance:mediatique:52,renaissance,mediatique,0,false,13.44,27,8.98,0
renaissance:mediatique:53,renaissance,mediatique,1,false,7.84,24,8.92,0
renaissance:mediatique:54,renaissance,mediatique,1,false,0.15,24,8.85,0
renaissance:mediatique:55,renaissance,mediatique,0,false,6.1,24,9.06,0
renaissance:mediatique:56,renaissance,mediatique,0,false,0.23,29,9.68,0
renaissance:mediatique:57,renaissance,mediatique,2,true,19.53,13,8.93,0
renaissance:mediatique:58,renaissance,mediatique,0,false,0.06,24,9.54,0
renaissance:mediatique:59,renaissance,mediatique,0,false,5.86,26,8.98,0
renaissance:mediatique:60,renaissance,mediatique,0,false,-0.84,24,9.08,0
renaissance:mediatique:61,renaissance,mediatique,1,false,0.58,28,10.05,0
renaissance:mediatique:62,renaissance,mediatique,0,false,0.01,24,9.06,0
renaissance:mediatique:63,renaissance,mediatique,0,false,0.25,24,9.16,0
renaissance:mediatique:64,renaissance,mediatique,1,false,8.44,28,9.16,0
renaissance:mediatique:65,renaissance,mediatique,0,false,0.1,24,9.15,0
renaissance:mediatique:66,renaissance,mediatique,0,false,6.11,24,9.41,0
renaissance:mediatique:67,renaissance,mediatique,0,false,8.34,24,9.01,0
renaissance:mediatique:68,renaissance,mediatique,0,false,6.56,24,9.04,0
renaissance:mediatique:69,renaissance,mediatique,0,false,9.17,24,9.75,0
renaissance:mediatique:70,renaissance,mediatique,0,false,13.35,24,9.03,0
renaissance:mediatique:71,renaissance,mediatique,0,false,0.32,24,8.97,0
renaissance:mediatique:72,renaissance,mediatique,0,false,0.04,26,8.99,0
renaissance:mediatique:73,renaissance,mediatique,0,false,0.32,24,9.67,0
renaissance:mediatique:74,renaissance,mediatique,1,false,7.74,24,9.22,0
renaissance:mediatique:75,renaissance,mediatique,1,false,-0.13,24,8.87,0
renaissance:mediatique:76,renaissance,mediatique,0,false,-0.73,24,8.83,0
renaissance:mediatique:77,renaissance,mediatique,1,false,6.54,26,9.21,0
renaissance:mediatique:78,renaissance,mediatique,1,false,6.29,24,10.07,0
renaissance:mediatique:79,renaissance,mediatique,0,false,6.17,24,9.16,0
renaissance:mediatique:80,renaissance,mediatique,0,false,0.38,24,9.74,0
renaissance:mediatique:81,renaissance,mediatique,0,false,-0.11,27,9.04,0
renaissance:mediatique:82,renaissance,mediatique,0,false,5.85,28,9.04,0
renaissance:mediatique:83,renaissance,mediatique,0,false,0.34,24,9.04,0
renaissance:mediatique:84,renaissance,mediatique,0,false,0.22,24,9.02,0
renaissance:mediatique:85,renaissance,mediatique,0,false,0.61,24,9.58,0
renaissance:mediatique:86,renaissance,mediatique,0,false,0.15,27,8.97,0
renaissance:mediatique:87,renaissance,mediatique,0,false,5.71,26,9.12,0
renaissance:mediatique:88,renaissance,mediatique,0,false,8.72,24,9.02,0
renaissance:mediatique:89,renaissance,mediatique,1,false,-0.73,24,8.84,0
renaissance:mediatique:90,renaissance,mediatique,0,false,8.67,24,9.39,0
renaissance:mediatique:91,renaissance,mediatique,0,false,0.5,28,9.78,0
renaissance:mediatique:92,renaissance,mediatique,0,false,8.82,24,9.03,0
renaissance:mediatique:93,renaissance,mediatique,1,false,0.3,27,9.35,0
renaissance:mediatique:94,renaissance,mediatique,0,false,-0.21,27,8.9,0
renaissance:mediatique:95,renaissance,mediatique,0,false,-0.18,24,8.94,0
renaissance:mediatique:96,renaissance,mediatique,1,false,0.13,24,9.56,0
renaissance:mediatique:97,renaissance,mediatique,0,false,-0.16,27,8.94,0
renaissance:mediatique:98,renaissance,mediatique,0,false,-0.77,28,8.96,0
renaissance:mediatique:99,renaissance,mediatique,1,false,-0.45,26,9.25,0
renaissance:mediatique:100,renaissance,mediatique,1,false,6.01,24,8.99,0
renaissance:mediatique:101,renaissance,mediatique,0,false,-0.65,24,8.9,0
renaissance:mediatique:102,renaissance,mediatique,0,false,7.66,24,9.06,0
renaissance:mediatique:103,renaissance,mediatique,0,false,0.09,24,9,0
renaissance:mediatique:104,renaissance,mediatique,0,false,7.15,28,8.8,0
renaissance:mediatique:105,renaissance,mediatique,0,false,-0.26,26,8.92,0
renaissance:mediatique:106,renaissance,mediatique,0,false,0.14,24,8.92,0
renaissance:mediatique:107,renaissance,mediatique,0,false,-0.41,26,8.97,0
renaissance:mediatique:108,renaissance,mediatique,0,false,-0.36,24,9.02,0
renaissance:mediatique:109,renaissance,mediatique,1,false,-0.07,24,8.91,0
renaissance:mediatique:110,renaissance,mediatique,0,false,13.22,24,8.99,0
renaissance:mediatique:111,renaissance,mediatique,0,false,0.22,24,8.97,0
renaissance:mediatique:112,renaissance,mediatique,0,false,6.08,27,9.29,0
renaissance:mediatique:113,renaissance,mediatique,0,false,-0.21,24,8.97,0
renaissance:mediatique:114,renaissance,mediatique,0,false,0.4,26,9.34,0
renaissance:mediatique:115,renaissance,mediatique,0,false,-0.59,24,8.93,0
renaissance:mediatique:116,renaissance,mediatique,0,false,0.22,28,9.02,0
renaissance:mediatique:117,renaissance,mediatique,1,false,-0.32,28,9,0
renaissance:mediatique:118,renaissance,mediatique,0,false,-0.31,24,9.04,0
renaissance:mediatique:119,renaissance,mediatique,0,false,0.26,27,10.09,0
renaissance:mediatique:120,renaissance,mediatique,0,false,0.5,24,9.43,0
renaissance:mediatique:121,renaissance,mediatique,1,false,0.44,24,9.24,0
renaissance:mediatique:122,renaissance,mediatique,0,false,5.52,24,9.06,0
renaissance:mediatique:123,renaissance,mediatique,0,false,7.97,24,9.02,0
renaissance:mediatique:124,renaissance,mediatique,1,false,0.21,24,9.27,0
renaissance:mediatique:125,renaissance,mediatique,0,false,0.21,24,9.4,0
renaissance:mediatique:126,renaissance,mediatique,1,false,0.03,24,9.14,0
renaissance:mediatique:127,renaissance,mediatique,2,false,7.31,25,9.28,0
renaissance:mediatique:128,renaissance,mediatique,1,false,-0.54,29,8.95,0
renaissance:mediatique:129,renaissance,mediatique,1,false,-0.46,24,8.96,0
renaissance:mediatique:130,renaissance,mediatique,1,false,-0.08,24,9.13,0
renaissance:mediatique:131,renaissance,mediatique,0,false,-0.02,24,9.04,0
renaissance:mediatique:132,renaissance,mediatique,1,false,-0.12,24,9.17,0
renaissance:mediatique:133,renaissance,mediatique,0,false,0.05,24,8.95,0
renaissance:mediatique:134,renaissance,mediatique,0,false,7.35,29,9.06,0
renaissance:mediatique:135,renaissance,mediatique,0,false,8.19,24,9.34,0
renaissance:mediatique:136,renaissance,mediatique,0,false,-0.67,30,8.84,0
renaissance:mediatique:137,renaissance,mediatique,0,false,5.81,30,9.07,0
renaissance:mediatique:138,renaissance,mediatique,0,false,8.35,24,9.25,0
renaissance:mediatique:139,renaissance,mediatique,0,false,-0.45,24,9.07,0
renaissance:mediatique:140,renaissance,mediatique,1,false,0.29,24,8.83,0
renaissance:mediatique:141,renaissance,mediatique,1,false,8.7,24,8.94,0
renaissance:mediatique:142,renaissance,mediatique,1,false,-0.01,24,9.21,0
renaissance:mediatique:143,renaissance,mediatique,0,false,5.71,27,8.98,0
renaissance:mediatique:144,renaissance,mediatique,0,false,-0.2,24,9.05,0
renaissance:mediatique:145,renaissance,mediatique,0,false,7.54,26,9.06,0
renaissance:mediatique:146,renaissance,mediatique,0,false,-0.45,24,8.97,0
renaissance:mediatique:147,renaissance,mediatique,0,false,0.59,24,8.92,0
renaissance:mediatique:148,renaissance,mediatique,0,false,0.37,24,10.37,0
renaissance:mediatique:149,renaissance,mediatique,1,false,0.09,24,8.82,0
renaissance:contrarien:0,renaissance,contrarien,0,false,5.61,24,9.09,0
renaissance:contrarien:1,renaissance,contrarien,1,false,5.96,24,9.44,0
renaissance:contrarien:2,renaissance,contrarien,0,false,0.16,24,9.74,0
renaissance:contrarien:3,renaissance,contrarien,0,false,0.15,24,9.11,0
renaissance:contrarien:4,renaissance,contrarien,0,false,8.67,24,9.2,0
renaissance:contrarien:5,renaissance,contrarien,0,false,8.76,24,10.9,0
renaissance:contrarien:6,renaissance,contrarien,0,false,0.23,28,9.04,0
renaissance:contrarien:7,renaissance,contrarien,0,false,-0.62,24,9.09,0
renaissance:contrarien:8,renaissance,contrarien,0,false,7.89,24,9.05,0
renaissance:contrarien:9,renaissance,contrarien,0,false,0.23,24,8.99,0
renaissance:contrarien:10,renaissance,contrarien,0,false,6.23,24,11.13,0
renaissance:contrarien:11,renaissance,contrarien,1,false,6.17,24,10.29,0
renaissance:contrarien:12,renaissance,contrarien,0,false,6,26,9.29,0
renaissance:contrarien:13,renaissance,contrarien,0,false,6.1,24,8.96,0
renaissance:contrarien:14,renaissance,contrarien,0,false,8.41,24,9.23,0
renaissance:contrarien:15,renaissance,contrarien,1,false,13.86,24,9.64,0
renaissance:contrarien:16,renaissance,contrarien,0,false,0.47,24,10.86,0
renaissance:contrarien:17,renaissance,contrarien,0,false,8.31,24,8.97,0
renaissance:contrarien:18,renaissance,contrarien,0,false,-0.44,24,8.87,0
renaissance:contrarien:19,renaissance,contrarien,1,false,0.4,24,10.1,0
renaissance:contrarien:20,renaissance,contrarien,1,false,-0.17,24,9.05,0
renaissance:contrarien:21,renaissance,contrarien,0,false,9.16,24,9.02,0
renaissance:contrarien:22,renaissance,contrarien,0,false,-0.37,24,9.33,0
renaissance:contrarien:23,renaissance,contrarien,1,false,-0.11,29,9.28,0
renaissance:contrarien:24,renaissance,contrarien,0,false,0.05,24,10.16,0
renaissance:contrarien:25,renaissance,contrarien,0,false,-0.05,24,8.96,0
renaissance:contrarien:26,renaissance,contrarien,1,false,0.51,24,9.91,0
renaissance:contrarien:27,renaissance,contrarien,0,false,8.74,24,9.06,0
renaissance:contrarien:28,renaissance,contrarien,1,false,8.48,24,9.32,0
renaissance:contrarien:29,renaissance,contrarien,0,false,7.84,24,10.33,0
renaissance:contrarien:30,renaissance,contrarien,1,false,8.49,24,10.75,0
renaissance:contrarien:31,renaissance,contrarien,0,false,6.08,24,9.03,0
renaissance:contrarien:32,renaissance,contrarien,0,false,0.2,24,9.1,0
renaissance:contrarien:33,renaissance,contrarien,0,false,7.89,24,9.01,0
renaissance:contrarien:34,renaissance,contrarien,0,false,-0.28,27,9.03,0
renaissance:contrarien:35,renaissance,contrarien,0,false,0.52,24,10.84,0
renaissance:contrarien:36,renaissance,contrarien,0,false,-0.08,24,9.78,0
renaissance:contrarien:37,renaissance,contrarien,2,false,1.75,24,12.66,0
renaissance:contrarien:38,renaissance,contrarien,0,false,6.36,24,9.24,0
renaissance:contrarien:39,renaissance,contrarien,1,false,-0.25,26,8.9,0
renaissance:contrarien:40,renaissance,contrarien,0,false,0.17,24,9.51,0
renaissance:contrarien:41,renaissance,contrarien,1,false,9.42,24,10.52,0
renaissance:contrarien:42,renaissance,contrarien,0,false,0.15,24,8.96,0
renaissance:contrarien:43,renaissance,contrarien,1,false,14.92,24,9.17,0
renaissance:contrarien:44,renaissance,contrarien,0,false,-0.24,24,9.04,0
renaissance:contrarien:45,renaissance,contrarien,1,false,0.65,24,10.22,0
renaissance:contrarien:46,renaissance,contrarien,0,false,0.19,24,8.99,0
renaissance:contrarien:47,renaissance,contrarien,0,false,-0.17,24,9.03,0
renaissance:contrarien:48,renaissance,contrarien,0,false,-0.17,24,8.86,0
renaissance:contrarien:49,renaissance,contrarien,0,false,8.67,24,9.14,0
renaissance:contrarien:50,renaissance,contrarien,0,false,8.99,24,10.97,0
renaissance:contrarien:51,renaissance,contrarien,0,false,-0.21,24,8.89,0
renaissance:contrarien:52,renaissance,contrarien,0,false,0.07,24,9.05,0
renaissance:contrarien:53,renaissance,contrarien,1,false,0.2,24,9.06,0
renaissance:contrarien:54,renaissance,contrarien,0,false,8.94,24,9.53,0
renaissance:contrarien:55,renaissance,contrarien,0,false,5.78,26,9.39,0
renaissance:contrarien:56,renaissance,contrarien,0,false,0.7,24,10.1,0
renaissance:contrarien:57,renaissance,contrarien,0,false,0.5,24,9.9,0
renaissance:contrarien:58,renaissance,contrarien,0,false,-0.36,24,9.1,0
renaissance:contrarien:59,renaissance,contrarien,0,false,7.82,24,8.86,0
renaissance:contrarien:60,renaissance,contrarien,0,false,0.17,24,9.47,0
renaissance:contrarien:61,renaissance,contrarien,1,false,0.15,24,9.67,0
renaissance:contrarien:62,renaissance,contrarien,0,false,0.48,24,9.61,0
renaissance:contrarien:63,renaissance,contrarien,1,false,0.11,24,9.08,0
renaissance:contrarien:64,renaissance,contrarien,0,false,0.35,24,10.22,0
renaissance:contrarien:65,renaissance,contrarien,0,false,9.22,28,9.35,0
renaissance:contrarien:66,renaissance,contrarien,0,false,-0.32,26,8.9,0
renaissance:contrarien:67,renaissance,contrarien,1,false,6.54,24,10.03,0
renaissance:contrarien:68,renaissance,contrarien,0,false,15.26,24,9.05,0
renaissance:contrarien:69,renaissance,contrarien,0,false,-0.41,24,9.22,0
renaissance:contrarien:70,renaissance,contrarien,0,false,6.22,24,9.35,0
renaissance:contrarien:71,renaissance,contrarien,0,false,0.08,24,9.43,0
renaissance:contrarien:72,renaissance,contrarien,0,false,15.13,24,9.44,0
renaissance:contrarien:73,renaissance,contrarien,0,false,8.55,24,9.5,0
renaissance:contrarien:74,renaissance,contrarien,1,false,0.31,24,8.98,0
renaissance:contrarien:75,renaissance,contrarien,0,false,0.28,24,9.1,0
renaissance:contrarien:76,renaissance,contrarien,0,false,0.21,24,9.89,0
renaissance:contrarien:77,renaissance,contrarien,0,false,5.72,24,9.05,0
renaissance:contrarien:78,renaissance,contrarien,0,false,5.87,24,9.13,0
renaissance:contrarien:79,renaissance,contrarien,0,false,0.03,24,10.02,0
renaissance:contrarien:80,renaissance,contrarien,1,false,6.03,24,8.99,0
renaissance:contrarien:81,renaissance,contrarien,0,false,-0.03,24,9.06,0
renaissance:contrarien:82,renaissance,contrarien,1,false,8.29,24,9.43,0
renaissance:contrarien:83,renaissance,contrarien,0,false,7.63,24,9.04,0
renaissance:contrarien:84,renaissance,contrarien,0,false,6,24,9.06,0
renaissance:contrarien:85,renaissance,contrarien,0,false,0.49,29,9.21,0
renaissance:contrarien:86,renaissance,contrarien,0,false,0.09,24,9.18,0
renaissance:contrarien:87,renaissance,contrarien,0,false,-0.05,24,9.07,0
renaissance:contrarien:88,renaissance,contrarien,1,false,0.4,24,10.74,0
renaissance:contrarien:89,renaissance,contrarien,0,false,0.21,24,9.85,0
renaissance:contrarien:90,renaissance,contrarien,0,false,0.48,24,9.64,0
renaissance:contrarien:91,renaissance,contrarien,0,false,0.19,26,9.04,0
renaissance:contrarien:92,renaissance,contrarien,0,false,0.22,24,9.12,0
renaissance:contrarien:93,renaissance,contrarien,0,false,8.21,24,9.35,0
renaissance:contrarien:94,renaissance,contrarien,1,false,0.43,24,10.66,0
renaissance:contrarien:95,renaissance,contrarien,0,false,0.26,24,8.94,0
renaissance:contrarien:96,renaissance,contrarien,0,false,14.27,24,9.24,0
renaissance:contrarien:97,renaissance,contrarien,0,false,-0.57,24,9.21,0
renaissance:contrarien:98,renaissance,contrarien,0,false,8.18,24,9.04,0
renaissance:contrarien:99,renaissance,contrarien,0,false,0,24,9.48,0
renaissance:contrarien:100,renaissance,contrarien,0,false,5.77,24,8.99,0
renaissance:contrarien:101,renaissance,contrarien,0,false,7.83,26,11.03,0
renaissance:contrarien:102,renaissance,contrarien,1,false,-0.23,24,9.08,0
renaissance:contrarien:103,renaissance,contrarien,0,false,-0.31,24,8.95,0
renaissance:contrarien:104,renaissance,contrarien,0,false,-0.23,24,9.19,0
renaissance:contrarien:105,renaissance,contrarien,0,false,0.25,24,8.9,0
renaissance:contrarien:106,renaissance,contrarien,1,false,-0.4,24,8.95,0
renaissance:contrarien:107,renaissance,contrarien,1,false,-0.02,24,9.08,0
renaissance:contrarien:108,renaissance,contrarien,0,false,0.17,24,8.86,0
renaissance:contrarien:109,renaissance,contrarien,0,false,7.58,24,9.48,0
renaissance:contrarien:110,renaissance,contrarien,0,false,-0.04,28,8.99,0
renaissance:contrarien:111,renaissance,contrarien,0,false,8.95,24,9.3,0
renaissance:contrarien:112,renaissance,contrarien,0,false,8.61,24,9.09,0
renaissance:contrarien:113,renaissance,contrarien,0,false,0.66,24,9.69,0
renaissance:contrarien:114,renaissance,contrarien,0,false,-0.23,24,9.09,0
renaissance:contrarien:115,renaissance,contrarien,1,false,9.49,26,9.48,0
renaissance:contrarien:116,renaissance,contrarien,0,false,9.38,24,9.09,0
renaissance:contrarien:117,renaissance,contrarien,0,false,-0.2,24,9.03,0
renaissance:contrarien:118,renaissance,contrarien,0,false,5.69,24,9.09,0
renaissance:contrarien:119,renaissance,contrarien,0,false,-0.08,24,9.11,0
renaissance:contrarien:120,renaissance,contrarien,0,false,8.17,24,9.06,0
renaissance:contrarien:121,renaissance,contrarien,1,false,5.8,24,9.27,0
renaissance:contrarien:122,renaissance,contrarien,0,false,8.39,24,8.89,0
renaissance:contrarien:123,renaissance,contrarien,0,false,8.3,24,9.06,0
renaissance:contrarien:124,renaissance,contrarien,0,false,0.07,24,8.93,0
renaissance:contrarien:125,renaissance,contrarien,0,false,8.3,24,8.88,0
renaissance:contrarien:126,renaissance,contrarien,0,false,7.7,24,8.92,0
renaissance:contrarien:127,renaissance,contrarien,0,false,0.19,24,9.19,0
renaissance:contrarien:128,renaissance,contrarien,1,false,-0.07,24,9.21,0
renaissance:contrarien:129,renaissance,contrarien,0,false,6.41,24,9.77,0
renaissance:contrarien:130,renaissance,contrarien,0,false,-0.1,24,9.56,0
renaissance:contrarien:131,renaissance,contrarien,0,false,9.12,24,9.02,0
renaissance:contrarien:132,renaissance,contrarien,1,false,0.02,26,9.17,0
renaissance:contrarien:133,renaissance,contrarien,1,false,-0.08,24,9.05,0
renaissance:contrarien:134,renaissance,contrarien,0,false,8.32,24,9.02,0
renaissance:contrarien:135,renaissance,contrarien,0,false,0,24,9.66,0
renaissance:contrarien:136,renaissance,contrarien,0,false,-0.21,24,9.25,0
renaissance:contrarien:137,renaissance,contrarien,1,false,5.55,24,9.02,0
renaissance:contrarien:138,renaissance,contrarien,1,false,0.15,24,9.05,0
renaissance:contrarien:139,renaissance,contrarien,0,false,0.43,24,9.29,0
renaissance:contrarien:140,renaissance,contrarien,0,false,8.14,24,9.36,0
renaissance:contrarien:141,renaissance,contrarien,0,false,8.42,24,9.04,0
renaissance:contrarien:142,renaissance,contrarien,0,false,0.44,24,9.56,0
renaissance:contrarien:143,renaissance,contrarien,0,false,8.71,24,9.03,0
renaissance:contrarien:144,renaissance,contrarien,0,false,8.74,24,9.71,0
renaissance:contrarien:145,renaissance,contrarien,1,false,-0.25,24,9.03,0
renaissance:contrarien:146,renaissance,contrarien,0,false,-0.33,24,9.01,0
renaissance:contrarien:147,renaissance,contrarien,0,false,14.14,24,10.22,0
renaissance:contrarien:148,renaissance,contrarien,0,false,0.4,24,9.84,0
renaissance:contrarien:149,renaissance,contrarien,0,false,0.07,24,9.05,0
horizons:aleatoire:0,horizons,aleatoire,0,false,6.04,27,8.99,0
horizons:aleatoire:1,horizons,aleatoire,0,false,0,27,8.99,0
horizons:aleatoire:2,horizons,aleatoire,1,false,6.19,26,9.05,0
horizons:aleatoire:3,horizons,aleatoire,0,false,0.18,24,9.04,0
horizons:aleatoire:4,horizons,aleatoire,0,false,0.03,24,8.88,0
horizons:aleatoire:5,horizons,aleatoire,1,false,5.85,29,8.99,0
horizons:aleatoire:6,horizons,aleatoire,0,false,5.89,29,8.97,0
horizons:aleatoire:7,horizons,aleatoire,0,false,0.12,24,9,0
horizons:aleatoire:8,horizons,aleatoire,0,false,3.82,26,9.24,0
horizons:aleatoire:9,horizons,aleatoire,1,false,6.69,24,9.91,0
horizons:aleatoire:10,horizons,aleatoire,0,false,6.24,29,8.84,0
horizons:aleatoire:11,horizons,aleatoire,1,false,6.28,24,9.98,0
horizons:aleatoire:12,horizons,aleatoire,0,false,0,24,8.99,0
horizons:aleatoire:13,horizons,aleatoire,1,false,7.07,26,9.69,0
horizons:aleatoire:14,horizons,aleatoire,0,false,6.37,26,8.9,0
horizons:aleatoire:15,horizons,aleatoire,0,false,11.93,29,9.02,0
horizons:aleatoire:16,horizons,aleatoire,0,false,-0.29,24,9.04,0
horizons:aleatoire:17,horizons,aleatoire,0,false,-0.04,24,9.08,0
horizons:aleatoire:18,horizons,aleatoire,1,false,-0.03,24,9.03,0
horizons:aleatoire:19,horizons,aleatoire,0,false,-0.42,24,8.99,0
horizons:aleatoire:20,horizons,aleatoire,1,false,0.25,24,9.01,0
horizons:aleatoire:21,horizons,aleatoire,0,false,6.27,27,9.06,0
horizons:aleatoire:22,horizons,aleatoire,0,false,-0.02,24,8.96,0
horizons:aleatoire:23,horizons,aleatoire,0,false,-0.06,28,9.18,0
horizons:aleatoire:24,horizons,aleatoire,0,false,0.03,27,8.95,0
horizons:aleatoire:25,horizons,aleatoire,0,false,0.72,24,10.41,0
horizons:aleatoire:26,horizons,aleatoire,0,false,-0.3,27,8.97,0
horizons:aleatoire:27,horizons,aleatoire,0,false,0.63,24,10.71,0
horizons:aleatoire:28,horizons,aleatoire,0,false,0.42,24,9.59,0
horizons:aleatoire:29,horizons,aleatoire,0,false,-0.2,27,9.03,0
horizons:aleatoire:30,horizons,aleatoire,0,false,0.45,27,9.73,0
horizons:aleatoire:31,horizons,aleatoire,0,false,-0.36,27,8.9,0
horizons:aleatoire:32,horizons,aleatoire,0,false,-0.11,24,9.08,0
horizons:aleatoire:33,horizons,aleatoire,0,false,5.84,26,8.92,0
horizons:aleatoire:34,horizons,aleatoire,0,false,6.13,26,9.27,0
horizons:aleatoire:35,horizons,aleatoire,0,false,-0.13,30,10.19,0
horizons:aleatoire:36,horizons,aleatoire,1,false,5.87,26,8.83,0
horizons:aleatoire:37,horizons,aleatoire,1,false,-0.2,26,8.91,0
horizons:aleatoire:38,horizons,aleatoire,0,false,-0.04,24,9.04,0
horizons:aleatoire:39,horizons,aleatoire,1,false,0.12,27,8.86,0
horizons:aleatoire:40,horizons,aleatoire,0,false,5.99,28,9.22,0
horizons:aleatoire:41,horizons,aleatoire,0,false,6.71,25,9.77,0
horizons:aleatoire:42,horizons,aleatoire,0,false,7.28,29,10.08,0
horizons:aleatoire:43,horizons,aleatoire,0,false,6.68,29,9.02,0
horizons:aleatoire:44,horizons,aleatoire,0,false,0.25,27,9.09,0
horizons:aleatoire:45,horizons,aleatoire,1,false,6.11,25,8.97,0
horizons:aleatoire:46,horizons,aleatoire,0,false,0.07,27,8.91,0
horizons:aleatoire:47,horizons,aleatoire,1,false,0.5,24,9.92,0
horizons:aleatoire:48,horizons,aleatoire,0,false,0.18,24,8.89,0
horizons:aleatoire:49,horizons,aleatoire,0,false,11.63,25,9,0
horizons:aleatoire:50,horizons,aleatoire,0,false,7,27,9.14,0
horizons:aleatoire:51,horizons,aleatoire,0,false,8.77,24,9.29,0
horizons:aleatoire:52,horizons,aleatoire,0,false,6.93,25,9.03,0
horizons:aleatoire:53,horizons,aleatoire,0,false,-0.35,26,8.84,0
horizons:aleatoire:54,horizons,aleatoire,0,false,0.33,24,9.07,0
horizons:aleatoire:55,horizons,aleatoire,0,false,12.2,29,8.97,0
horizons:aleatoire:56,horizons,aleatoire,0,false,5.92,24,8.95,0
horizons:aleatoire:57,horizons,aleatoire,0,false,5.8,26,8.91,0
horizons:aleatoire:58,horizons,aleatoire,1,false,12.52,28,10.69,0
horizons:aleatoire:59,horizons,aleatoire,0,false,5.78,27,8.98,0
horizons:aleatoire:60,horizons,aleatoire,1,false,6.52,24,9.86,0
horizons:aleatoire:61,horizons,aleatoire,0,false,6.26,27,9.07,0
horizons:aleatoire:62,horizons,aleatoire,1,false,6.3,24,9.33,0
horizons:aleatoire:63,horizons,aleatoire,0,false,6.25,25,8.91,0
horizons:aleatoire:64,horizons,aleatoire,0,false,0.02,24,9.06,0
horizons:aleatoire:65,horizons,aleatoire,0,false,0.23,30,9.07,0
horizons:aleatoire:66,horizons,aleatoire,0,false,11.67,27,8.98,0
horizons:aleatoire:67,horizons,aleatoire,0,false,0.31,26,9.49,0
horizons:aleatoire:68,horizons,aleatoire,0,false,7.39,27,9.18,0
horizons:aleatoire:69,horizons,aleatoire,0,false,6.53,24,8.91,0
horizons:aleatoire:70,horizons,aleatoire,0,false,0.24,24,9.05,0
horizons:aleatoire:71,horizons,aleatoire,1,false,-0.02,24,8.98,0
horizons:aleatoire:72,horizons,aleatoire,0,false,6.81,29,8.98,0
horizons:aleatoire:73,horizons,aleatoire,1,false,-0.09,26,9.01,0
horizons:aleatoire:74,horizons,aleatoire,0,false,5.91,26,8.89,0
horizons:aleatoire:75,horizons,aleatoire,0,false,0.29,24,9.79,0
horizons:aleatoire:76,horizons,aleatoire,0,false,0.27,24,8.9,0
horizons:aleatoire:77,horizons,aleatoire,1,false,0.59,24,9.04,0
horizons:aleatoire:78,horizons,aleatoire,0,false,5.67,29,9.8,0
horizons:aleatoire:79,horizons,aleatoire,0,false,5.38,27,8.92,0
horizons:aleatoire:80,horizons,aleatoire,0,false,6.58,30,8.96,0
horizons:aleatoire:81,horizons,aleatoire,0,false,5.85,29,8.92,0
horizons:aleatoire:82,horizons,aleatoire,1,false,-0.34,29,9.12,0
horizons:aleatoire:83,horizons,aleatoire,0,false,5.89,24,8.94,0
horizons:aleatoire:84,horizons,aleatoire,0,false,6.34,27,9.19,0
horizons:aleatoire:85,horizons,aleatoire,0,false,6.43,29,8.9,0
horizons:aleatoire:86,horizons,aleatoire,0,false,0.38,24,9.02,0
horizons:aleatoire:87,horizons,aleatoire,0,false,5.8,27,9.45,0
horizons:aleatoire:88,horizons,aleatoire,0,false,0.06,24,8.89,0
horizons:aleatoire:89,horizons,aleatoire,0,false,-0.57,24,8.95,0
horizons:aleatoire:90,horizons,aleatoire,1,false,0.08,24,8.95,0
horizons:aleatoire:91,horizons,aleatoire,0,false,-0.03,24,8.9,0
horizons:aleatoire:92,horizons,aleatoire,0,false,6.64,24,9.11,0
horizons:aleatoire:93,horizons,aleatoire,0,false,6.93,29,9.75,0
horizons:aleatoire:94,horizons,aleatoire,0,false,0.2,24,8.98,0
horizons:aleatoire:95,horizons,aleatoire,1,false,5.8,26,8.8,0
horizons:aleatoire:96,horizons,aleatoire,0,false,5.71,27,8.87,0
horizons:aleatoire:97,horizons,aleatoire,0,false,11.52,29,8.9,0
horizons:aleatoire:98,horizons,aleatoire,0,false,0.45,29,9.32,0
horizons:aleatoire:99,horizons,aleatoire,0,false,6.49,26,10.39,0
horizons:aleatoire:100,horizons,aleatoire,1,false,7.6,29,8.96,0
horizons:aleatoire:101,horizons,aleatoire,1,false,7.24,24,9.25,0
horizons:aleatoire:102,horizons,aleatoire,0,false,-0.25,26,9.09,0
horizons:aleatoire:103,horizons,aleatoire,0,false,-0.14,24,8.89,0
horizons:aleatoire:104,horizons,aleatoire,1,false,0.09,24,8.97,0
horizons:aleatoire:105,horizons,aleatoire,0,false,5.65,27,9,0
horizons:aleatoire:106,horizons,aleatoire,0,false,0.05,24,8.91,0
horizons:aleatoire:107,horizons,aleatoire,1,false,-0.32,24,9.08,0
horizons:aleatoire:108,horizons,aleatoire,0,false,0.62,24,9.98,0
horizons:aleatoire:109,horizons,aleatoire,1,false,0.67,24,8.98,0
horizons:aleatoire:110,horizons,aleatoire,0,false,6.14,28,8.89,0
horizons:aleatoire:111,horizons,aleatoire,1,false,7.02,26,9,0
horizons:aleatoire:112,horizons,aleatoire,1,false,0.43,24,8.93,0
horizons:aleatoire:113,horizons,aleatoire,0,false,5.92,27,8.9,0
horizons:aleatoire:114,horizons,aleatoire,0,false,-0.22,24,8.92,0
horizons:aleatoire:115,horizons,aleatoire,0,false,6.26,24,9.03,0
horizons:aleatoire:116,horizons,aleatoire,0,false,6.86,29,9.01,0
horizons:aleatoire:117,horizons,aleatoire,0,false,6.25,25,11.06,0
horizons:aleatoire:118,horizons,aleatoire,1,false,6.1,27,9.22,0
horizons:aleatoire:119,horizons,aleatoire,1,false,-0.21,28,8.95,0
horizons:aleatoire:120,horizons,aleatoire,0,false,-0.87,28,9.06,0
horizons:aleatoire:121,horizons,aleatoire,0,false,0.45,24,9.64,0
horizons:aleatoire:122,horizons,aleatoire,0,false,0.46,24,8.93,0
horizons:aleatoire:123,horizons,aleatoire,1,false,6.99,26,9.28,0
horizons:aleatoire:124,horizons,aleatoire,0,false,-0.03,26,8.94,0
horizons:aleatoire:125,horizons,aleatoire,1,false,0.11,24,8.87,0
horizons:aleatoire:126,horizons,aleatoire,0,false,-0.08,24,9.27,0
horizons:aleatoire:127,horizons,aleatoire,0,false,0.27,24,9.04,0
horizons:aleatoire:128,horizons,aleatoire,0,false,12.88,29,9.04,0
horizons:aleatoire:129,horizons,aleatoire,0,false,-0.75,26,8.87,0
horizons:aleatoire:130,horizons,aleatoire,0,false,6.86,29,9.01,0
horizons:aleatoire:131,horizons,aleatoire,0,false,6.12,28,9.04,0
horizons:aleatoire:132,horizons,aleatoire,0,false,13.03,30,9.68,0
horizons:aleatoire:133,horizons,aleatoire,0,false,6.94,28,8.89,0
horizons:aleatoire:134,horizons,aleatoire,0,false,12.47,29,9.38,0
horizons:aleatoire:135,horizons,aleatoire,1,false,6.46,26,8.93,0
horizons:aleatoire:136,horizons,aleatoire,0,false,-0.07,24,8.97,0
horizons:aleatoire:137,horizons,aleatoire,0,false,-0.28,24,9.13,0
horizons:aleatoire:138,horizons,aleatoire,1,false,-0.02,28,8.98,0
horizons:aleatoire:139,horizons,aleatoire,0,false,0.06,24,10.16,0
horizons:aleatoire:140,horizons,aleatoire,0,false,0.25,24,9.16,0
horizons:aleatoire:141,horizons,aleatoire,1,false,8.57,25,10.02,0
horizons:aleatoire:142,horizons,aleatoire,0,false,-0.27,30,9.1,0
horizons:aleatoire:143,horizons,aleatoire,0,false,5.93,28,8.99,0
horizons:aleatoire:144,horizons,aleatoire,0,false,0.13,24,9.05,0
horizons:aleatoire:145,horizons,aleatoire,0,false,5.87,29,8.97,0
horizons:aleatoire:146,horizons,aleatoire,0,false,5.5,29,8.81,0
horizons:aleatoire:147,horizons,aleatoire,0,false,0.38,26,9.37,0
horizons:aleatoire:148,horizons,aleatoire,0,false,0.25,24,9.02,0
horizons:aleatoire:149,horizons,aleatoire,0,false,7.36,24,10.1,0
horizons:prudent:0,horizons,prudent,0,false,6.67,24,9.01,0
horizons:prudent:1,horizons,prudent,0,false,5.62,29,8.93,0
horizons:prudent:2,horizons,prudent,0,false,6.03,28,9.04,0
horizons:prudent:3,horizons,prudent,1,false,5.63,27,9.04,0
horizons:prudent:4,horizons,prudent,0,false,0.22,24,8.88,0
horizons:prudent:5,horizons,prudent,0,false,0.22,24,8.98,0
horizons:prudent:6,horizons,prudent,0,false,0.58,28,10.41,0
horizons:prudent:7,horizons,prudent,0,false,5.63,24,9.1,0
horizons:prudent:8,horizons,prudent,0,false,6.49,29,9.03,0
horizons:prudent:9,horizons,prudent,0,false,-0.08,24,9.01,0
horizons:prudent:10,horizons,prudent,1,false,5.9,27,9.06,0
horizons:prudent:11,horizons,prudent,0,false,0.36,29,9.38,0
horizons:prudent:12,horizons,prudent,1,false,6.71,26,9.1,0
horizons:prudent:13,horizons,prudent,0,false,-0.45,30,8.94,0
horizons:prudent:14,horizons,prudent,0,false,0.5,24,9.14,0
horizons:prudent:15,horizons,prudent,0,false,-0.37,24,8.94,0
horizons:prudent:16,horizons,prudent,0,false,-0.06,24,8.98,0
horizons:prudent:17,horizons,prudent,0,false,-0.41,24,8.99,0
horizons:prudent:18,horizons,prudent,0,false,6.59,24,9,0
horizons:prudent:19,horizons,prudent,0,false,-0.08,24,8.89,0
horizons:prudent:20,horizons,prudent,0,false,0.37,24,8.96,0
horizons:prudent:21,horizons,prudent,1,false,6.27,26,9.03,0
horizons:prudent:22,horizons,prudent,0,false,0.25,24,8.98,0
horizons:prudent:23,horizons,prudent,0,false,4.72,30,8.9,0
horizons:prudent:24,horizons,prudent,0,false,-0.18,24,9.09,0
horizons:prudent:25,horizons,prudent,0,false,5.81,25,9.01,0
horizons:prudent:26,horizons,prudent,0,false,-0.16,24,8.82,0
horizons:prudent:27,horizons,prudent,0,false,5.76,24,9.02,0
horizons:prudent:28,horizons,prudent,0,false,6.38,25,9.14,0
horizons:prudent:29,horizons,prudent,1,false,-0.37,24,8.92,0
horizons:prudent:30,horizons,prudent,0,false,6.16,26,8.96,0
horizons:prudent:31,horizons,prudent,0,false,5.42,24,8.9,0
horizons:prudent:32,horizons,prudent,1,false,-0.27,24,9.09,0
horizons:prudent:33,horizons,prudent,0,false,0.08,24,8.92,0
horizons:prudent:34,horizons,prudent,0,false,6.3,26,8.95,0
horizons:prudent:35,horizons,prudent,1,false,5.57,24,8.97,0
horizons:prudent:36,horizons,prudent,0,false,5.59,24,9.03,0
horizons:prudent:37,horizons,prudent,0,false,0.23,24,8.91,0
horizons:prudent:38,horizons,prudent,0,false,6.47,27,8.95,0
horizons:prudent:39,horizons,prudent,0,false,-0.02,24,8.93,0
horizons:prudent:40,horizons,prudent,1,false,0.32,26,9.01,0
horizons:prudent:41,horizons,prudent,0,false,-0.04,26,8.9,0
horizons:prudent:42,horizons,prudent,1,false,5.91,24,9.12,0
horizons:prudent:43,horizons,prudent,1,false,-0.01,27,8.94,0
horizons:prudent:44,horizons,prudent,0,false,0.19,24,9.06,0
horizons:prudent:45,horizons,prudent,0,false,-0.12,24,9.05,0
horizons:prudent:46,horizons,prudent,0,false,-0.43,24,8.9,0
horizons:prudent:47,horizons,prudent,0,false,-0.08,27,9.03,0
horizons:prudent:48,horizons,prudent,0,false,0.28,28,9.43,0
horizons:prudent:49,horizons,prudent,1,false,5.87,29,8.82,0
horizons:prudent:50,horizons,prudent,0,false,19.94,6,24.89,25.62
horizons:prudent:51,horizons,prudent,0,false,13.02,25,8.95,0
horizons:prudent:52,horizons,prudent,0,false,6.11,29,8.95,0
horizons:prudent:53,horizons,prudent,0,false,11.2,29,9.09,0
horizons:prudent:54,horizons,prudent,0,false,5.52,29,8.99,0
horizons:prudent:55,horizons,prudent,1,false,0.11,24,9,0
horizons:prudent:56,horizons,prudent,0,false,6.11,28,8.93,0
horizons:prudent:57,horizons,prudent,1,false,5.05,26,9.03,0
horizons:prudent:58,horizons,prudent,0,false,20.84,0,32.41,33.38
horizons:prudent:59,horizons,prudent,0,false,0.28,27,8.89,0
horizons:prudent:60,horizons,prudent,0,false,0.47,29,9.66,0
horizons:prudent:61,horizons,prudent,1,false,0.06,24,8.81,0
horizons:prudent:62,horizons,prudent,0,false,6.22,25,8.99,0
horizons:prudent:63,horizons,prudent,0,false,0.04,24,8.89,0
horizons:prudent:64,horizons,prudent,0,false,5.64,26,8.87,0
horizons:prudent:65,horizons,prudent,0,false,6.77,26,9.99,0
horizons:prudent:66,horizons,prudent,0,false,-0.14,24,8.95,0
horizons:prudent:67,horizons,prudent,0,false,0.35,24,8.89,0
horizons:prudent:68,horizons,prudent,1,false,0.29,28,9.02,0
horizons:prudent:69,horizons,prudent,0,false,0.04,24,9.01,0
horizons:prudent:70,horizons,prudent,0,false,-0.25,24,8.89,0
horizons:prudent:71,horizons,prudent,1,false,0.38,28,8.92,0
horizons:prudent:72,horizons,prudent,1,false,6.53,25,10.54,0
horizons:prudent:73,horizons,prudent,0,false,6.34,26,8.95,0
horizons:prudent:74,horizons,prudent,1,false,6.05,24,8.92,0
horizons:prudent:75,horizons,prudent,1,false,0.06,24,8.93,0
horizons:prudent:76,horizons,prudent,0,false,11.37,29,8.98,0
horizons:prudent:77,horizons,prudent,0,false,5.94,26,9.04,0
horizons:prudent:78,horizons,prudent,0,false,5.03,25,8.94,0
horizons:prudent:79,horizons,prudent,0,false,6.02,29,9.08,0
horizons:prudent:80,horizons,prudent,0,false,6.2,24,9,0
horizons:prudent:81,horizons,prudent,0,false,-0.64,24,8.9,0
horizons:prudent:82,horizons,prudent,0,false,6.17,25,9.24,0
horizons:prudent:83,horizons,prudent,1,false,-0.18,28,9.04,0
horizons:prudent:84,horizons,prudent,1,false,5.87,28,9.02,0
horizons:prudent:85,horizons,prudent,0,false,0.35,27,9.02,0
horizons:prudent:86,horizons,prudent,0,false,0.2,24,8.86,0
horizons:prudent:87,horizons,prudent,0,false,12.68,27,9.07,0
horizons:prudent:88,horizons,prudent,0,false,5.86,24,8.93,0
horizons:prudent:89,horizons,prudent,0,false,0.35,27,9.01,0
horizons:prudent:90,horizons,prudent,0,false,-0.21,26,9,0
horizons:prudent:91,horizons,prudent,0,false,-0.06,26,8.88,0
horizons:prudent:92,horizons,prudent,1,false,-0.22,24,9.1,0
horizons:prudent:93,horizons,prudent,0,false,0.23,24,8.97,0
horizons:prudent:94,horizons,prudent,0,false,11.46,26,9.13,0
horizons:prudent:95,horizons,prudent,0,false,10.88,28,9.04,0
horizons:prudent:96,horizons,prudent,0,false,0.24,24,8.96,0
horizons:prudent:97,horizons,prudent,1,false,19.95,18,27.95,28.1
horizons:prudent:98,horizons,prudent,0,false,11.93,27,9.1,0
horizons:prudent:99,horizons,prudent,1,false,-0.06,24,8.98,0
horizons:prudent:100,horizons,prudent,1,false,11.73,26,9.09,0
horizons:prudent:101,horizons,prudent,1,false,6.87,26,9.73,0
horizons:prudent:102,horizons,prudent,1,false,-0.53,24,9.01,0
horizons:prudent:103,horizons,prudent,0,false,-0.06,27,8.98,0
horizons:prudent:104,horizons,prudent,0,false,-0.17,28,9,0
horizons:prudent:105,horizons,prudent,0,false,20.37,3,25.47,24.42
horizons:prudent:106,horizons,prudent,0,false,0.55,24,9.87,0
horizons:prudent:107,horizons,prudent,0,false,12.22,27,9.05,0
horizons:prudent:108,horizons,prudent,0,false,6.6,28,9.04,0
horizons:prudent:109,horizons,prudent,1,false,5.12,29,8.87,0
horizons:prudent:110,horizons,prudent,1,false,6.44,29,9.61,0
horizons:prudent:111,horizons,prudent,0,false,6.03,26,8.86,0
horizons:prudent:112,horizons,prudent,0,false,6.58,27,9.11,0
horizons:prudent:113,horizons,prudent,1,false,-0.31,24,9,0
horizons:prudent:114,horizons,prudent,0,false,12.32,26,9.07,0
horizons:prudent:115,horizons,prudent,1,false,6.1,25,9.08,0
horizons:prudent:116,horizons,prudent,0,false,5.67,29,8.86,0
horizons:prudent:117,horizons,prudent,0,false,-0.2,24,8.95,0
horizons:prudent:118,horizons,prudent,1,false,-0.32,24,9.06,0
horizons:prudent:119,horizons,prudent,0,false,6.02,29,9.52,0
horizons:prudent:120,horizons,prudent,0,false,-0.11,24,8.98,0
horizons:prudent:121,horizons,prudent,0,false,-0.06,28,8.83,0
horizons:prudent:122,horizons,prudent,0,false,20.04,3,29,29.25
horizons:prudent:123,horizons,prudent,1,false,0.49,30,8.97,0
horizons:prudent:124,horizons,prudent,0,false,-0.54,24,8.91,0
horizons:prudent:125,horizons,prudent,0,false,0.45,24,8.93,0
horizons:prudent:126,horizons,prudent,1,false,1.01,27,9.55,0
horizons:prudent:127,horizons,prudent,0,false,6.36,24,9.3,0
horizons:prudent:128,horizons,prudent,1,false,-0.08,29,9.28,0
horizons:prudent:129,horizons,prudent,0,false,0.86,24,10.55,0
horizons:prudent:130,horizons,prudent,0,false,6.04,24,8.96,0
horizons:prudent:131,horizons,prudent,1,false,6.64,27,9.49,0
horizons:prudent:132,horizons,prudent,0,false,6.17,29,8.92,0
horizons:prudent:133,horizons,prudent,0,false,5.85,24,8.95,0
horizons:prudent:134,horizons,prudent,1,false,5.45,27,8.96,0
horizons:prudent:135,horizons,prudent,0,false,0.11,24,9.01,0
horizons:prudent:136,horizons,prudent,0,false,4.74,30,8.92,0
horizons:prudent:137,horizons,prudent,0,false,-0.44,26,8.95,0
horizons:prudent:138,horizons,prudent,0,false,0.23,27,8.97,0
horizons:prudent:139,horizons,prudent,0,false,6.68,29,9.08,0
horizons:prudent:140,horizons,prudent,1,false,5.86,24,8.93,0
horizons:prudent:141,horizons,prudent,0,false,0.37,24,9.11,0
horizons:prudent:142,horizons,prudent,0,false,-0.25,24,9.08,0
horizons:prudent:143,horizons,prudent,1,false,5.39,25,9.02,0
horizons:prudent:144,horizons,prudent,0,false,0.14,29,9.08,0
horizons:prudent:145,horizons,prudent,0,false,5.75,27,8.98,0
horizons:prudent:146,horizons,prudent,1,false,6.41,24,9.32,0
horizons:prudent:147,horizons,prudent,0,false,5.94,29,9.07,0
horizons:prudent:148,horizons,prudent,0,false,6.03,27,9.17,0
horizons:prudent:149,horizons,prudent,1,false,0.29,24,8.85,0
horizons:risque:0,horizons,risque,0,false,-0.07,24,8.94,0
horizons:risque:1,horizons,risque,0,false,7.06,25,9.48,0
horizons:risque:2,horizons,risque,0,false,0.49,24,9.95,0
horizons:risque:3,horizons,risque,0,false,6.16,26,9.02,0
horizons:risque:4,horizons,risque,0,false,4.88,27,9.05,0
horizons:risque:5,horizons,risque,0,false,-0.7,24,8.88,0
horizons:risque:6,horizons,risque,0,false,6.85,26,8.83,0
horizons:risque:7,horizons,risque,1,false,-0.13,24,9.1,0
horizons:risque:8,horizons,risque,0,false,-0.34,26,8.88,0
horizons:risque:9,horizons,risque,0,false,12.78,28,9.41,0
horizons:risque:10,horizons,risque,0,false,-0.18,26,9.07,0
horizons:risque:11,horizons,risque,0,false,0.2,24,8.86,0
horizons:risque:12,horizons,risque,0,false,-0.44,24,9.04,0
horizons:risque:13,horizons,risque,1,false,-0.15,29,8.94,0
horizons:risque:14,horizons,risque,1,false,0.08,24,9.18,0
horizons:risque:15,horizons,risque,0,false,-0.08,24,8.9,0
horizons:risque:16,horizons,risque,0,false,-0.23,29,8.9,0
horizons:risque:17,horizons,risque,1,false,-0.49,24,9.04,0
horizons:risque:18,horizons,risque,0,false,6.52,24,8.89,0
horizons:risque:19,horizons,risque,1,false,-0.46,29,8.86,0
horizons:risque:20,horizons,risque,0,false,0.16,24,9.03,0
horizons:risque:21,horizons,risque,0,false,-0.39,27,8.89,0
horizons:risque:22,horizons,risque,0,false,7.79,24,8.95,0
horizons:risque:23,horizons,risque,0,false,0.2,27,9.37,0
horizons:risque:24,horizons,risque,0,false,7.3,27,9.03,0
horizons:risque:25,horizons,risque,1,false,5.87,24,8.99,0
horizons:risque:26,horizons,risque,0,false,6.83,24,8.95,0
horizons:risque:27,horizons,risque,0,false,5.62,27,8.98,0
horizons:risque:28,horizons,risque,0,false,-0.81,24,8.91,0
horizons:risque:29,horizons,risque,0,false,0.12,27,9.02,0
horizons:risque:30,horizons,risque,0,false,0.23,28,9.7,0
horizons:risque:31,horizons,risque,0,false,5.89,27,8.91,0
horizons:risque:32,horizons,risque,0,false,5.97,25,9.01,0
horizons:risque:33,horizons,risque,1,false,0.18,24,9.07,0
horizons:risque:34,horizons,risque,0,false,5.54,24,8.9,0
horizons:risque:35,horizons,risque,1,false,0,24,8.94,0
horizons:risque:36,horizons,risque,1,false,6.06,24,9.28,0
horizons:risque:37,horizons,risque,0,false,9.07,24,10.31,0
horizons:risque:38,horizons,risque,1,false,-0.31,26,9.01,0
horizons:risque:39,horizons,risque,1,false,-0.02,24,8.87,0
horizons:risque:40,horizons,risque,0,false,5.44,24,8.99,0
horizons:risque:41,horizons,risque,1,false,7.04,25,8.92,0
horizons:risque:42,horizons,risque,0,false,6.02,24,9.11,0
horizons:risque:43,horizons,risque,0,false,0.13,24,8.96,0
horizons:risque:44,horizons,risque,1,false,0.81,24,10.87,0
horizons:risque:45,horizons,risque,1,false,-0.27,24,9.01,0
horizons:risque:46,horizons,risque,0,false,6.14,24,9.02,0
horizons:risque:47,horizons,risque,0,false,6.86,28,9.26,0
horizons:risque:48,horizons,risque,1,false,5.88,26,9.32,0
horizons:risque:49,horizons,risque,1,false,-0.16,24,8.9,0
horizons:risque:50,horizons,risque,1,false,5.8,24,9.06,0
horizons:risque:51,horizons,risque,0,false,-0.04,24,9.01,0
horizons:risque:52,horizons,risque,0,false,6.77,27,9.04,0
horizons:risque:53,horizons,risque,0,false,5.3,25,9.16,0
horizons:risque:54,horizons,risque,1,false,12.29,30,8.91,17.34
horizons:risque:55,horizons,risque,0,false,12.86,24,8.93,0
horizons:risque:56,horizons,risque,1,false,-0.29,24,8.87,0
horizons:risque:57,horizons,risque,0,false,6.28,25,9.03,0
horizons:risque:58,horizons,risque,1,false,20.71,0,27.43,27.51
horizons:risque:59,horizons,risque,0,false,5.84,24,9.3,0
horizons:risque:60,horizons,risque,0,false,0.23,24,8.99,0
horizons:risque:61,horizons,risque,1,false,-0.05,30,9,0
horizons:risque:62,horizons,risque,0,false,5.7,26,9.06,0
horizons:risque:63,horizons,risque,0,false,0.01,27,8.91,0
horizons:risque:64,horizons,risque,0,false,-0.57,26,14.93,15.08
horizons:risque:65,horizons,risque,0,false,-0.13,27,8.87,0
horizons:risque:66,horizons,risque,2,false,1.17,24,8.99,0
horizons:risque:67,horizons,risque,1,false,5.49,25,9.05,0
horizons:risque:68,horizons,risque,0,false,0.68,26,9.15,0
horizons:risque:69,horizons,risque,1,false,0.33,24,9.41,0
horizons:risque:70,horizons,risque,0,false,5.58,24,8.9,0
horizons:risque:71,horizons,risque,1,false,5.61,26,8.8,0
horizons:risque:72,horizons,risque,0,false,6.05,25,8.89,0
horizons:risque:73,horizons,risque,0,false,-0.31,29,9.01,0
horizons:risque:74,horizons,risque,0,false,0.6,29,9.81,0
horizons:risque:75,horizons,risque,0,false,6.21,26,9.09,0
horizons:risque:76,horizons,risque,0,false,0.28,24,9.02,0
horizons:risque:77,horizons,risque,1,false,0.53,29,9.94,0
horizons:risque:78,horizons,risque,0,false,6.14,24,9.06,0
horizons:risque:79,horizons,risque,1,false,-0.09,24,8.98,0
horizons:risque:80,horizons,risque,0,false,-0.09,26,9.03,0
horizons:risque:81,horizons,risque,1,false,-0.01,27,9.04,0
horizons:risque:82,horizons,risque,0,false,6.45,27,9.08,0
horizons:risque:83,horizons,risque,1,false,-0.22,24,9.06,0
horizons:risque:84,horizons,risque,1,false,-0.18,24,8.93,0
horizons:risque:85,horizons,risque,1,false,5.42,24,8.88,0
horizons:risque:86,horizons,risque,0,false,0,24,8.86,0
horizons:risque:87,horizons,risque,0,false,0.22,26,9.16,0
horizons:risque:88,horizons,risque,0,false,5.77,25,8.93,0
horizons:risque:89,horizons,risque,0,false,7.4,26,9.06,0
horizons:risque:90,horizons,risque,0,false,0.42,24,9.36,0
horizons:risque:91,horizons,risque,0,false,-1.27,28,9.05,0
horizons:risque:92,horizons,risque,0,false,-0.41,28,8.99,0
horizons:risque:93,horizons,risque,0,false,6.37,24,8.92,0
horizons:risque:94,horizons,risque,0,false,0.51,24,9.88,0
horizons:risque:95,horizons,risque,0,false,6.44,24,9,0
horizons:risque:96,horizons,risque,1,false,0.58,24,9.94,0
horizons:risque:97,horizons,risque,1,false,-0.17,24,8.96,0
horizons:risque:98,horizons,risque,1,false,-0.11,28,9.04,0
horizons:risque:99,horizons,risque,0,false,-0.53,24,9.04,0
horizons:risque:100,horizons,risque,0,false,-0.26,24,9.04,0
horizons:risque:101,horizons,risque,0,false,-0.49,28,8.89,0
horizons:risque:102,horizons,risque,1,false,0.26,24,10.12,0
horizons:risque:103,horizons,risque,1,false,0.47,24,9.44,0
horizons:risque:104,horizons,risque,0,false,-0.41,24,9.01,0
horizons:risque:105,horizons,risque,0,false,12.96,24,9.18,0
horizons:risque:106,horizons,risque,0,false,0.21,29,9.1,0
horizons:risque:107,horizons,risque,0,false,6.57,27,9.05,0
horizons:risque:108,horizons,risque,0,false,6.35,25,8.82,0
horizons:risque:109,horizons,risque,0,false,0.17,24,8.93,0
horizons:risque:110,horizons,risque,1,false,0.15,27,9.05,0
horizons:risque:111,horizons,risque,0,false,5.92,24,8.87,0
horizons:risque:112,horizons,risque,0,false,7.27,25,9.61,0
horizons:risque:113,horizons,risque,0,false,0.14,24,8.96,0
horizons:risque:114,horizons,risque,0,false,6.2,24,8.96,0
horizons:risque:115,horizons,risque,0,false,0.34,24,9.04,0
horizons:risque:116,horizons,risque,0,false,0.54,26,9.13,0
horizons:risque:117,horizons,risque,0,false,5.54,26,9.06,0
horizons:risque:118,horizons,risque,1,false,0.03,24,8.94,0
horizons:risque:119,horizons,risque,0,false,-0.98,27,8.95,0
horizons:risque:120,horizons,risque,0,false,-0.07,27,8.93,0
horizons:risque:121,horizons,risque,1,false,-0.43,29,8.99,0
horizons:risque:122,horizons,risque,0,false,6.84,28,9.05,0
horizons:risque:123,horizons,risque,0,false,0.26,24,9.07,0
horizons:risque:124,horizons,risque,0,false,-0.08,24,8.89,0
horizons:risque:125,horizons,risque,0,false,-0.2,24,8.95,0
horizons:risque:126,horizons,risque,0,false,5.55,25,9,0
horizons:risque:127,horizons,risque,0,false,12.65,24,9.12,0
horizons:risque:128,horizons,risque,0,false,-0.65,26,9.07,0
horizons:risque:129,horizons,risque,1,false,6.05,26,9.01,0
horizons:risque:130,horizons,risque,0,false,0.08,24,8.86,0
horizons:risque:131,horizons,risque,1,false,6.81,27,8.94,0
horizons:risque:132,horizons,risque,0,false,-0.42,28,9.11,0
horizons:risque:133,horizons,risque,0,false,0.67,28,10.28,0
horizons:risque:134,horizons,risque,0,false,6,26,8.88,0
horizons:risque:135,horizons,risque,1,false,-0.25,24,8.84,0
horizons:risque:136,horizons,risque,0,false,-0.03,24,8.81,0
horizons:risque:137,horizons,risque,0,false,5.49,26,8.93,0
horizons:risque:138,horizons,risque,1,false,5.17,25,9.01,0
horizons:risque:139,horizons,risque,0,false,5.43,27,9.2,0
horizons:risque:140,horizons,risque,0,false,-0.16,26,8.99,0
horizons:risque:141,horizons,risque,0,false,5.92,24,8.89,0
horizons:risque:142,horizons,risque,0,false,-0.45,24,8.91,0
horizons:risque:143,horizons,risque,1,false,0.19,24,9.03,0
horizons:risque:144,horizons,risque,0,false,6.26,29,9,0
horizons:risque:145,horizons,risque,0,false,0.5,24,9.82,0
horizons:risque:146,horizons,risque,1,false,7.2,25,8.88,0
horizons:risque:147,horizons,risque,0,false,5.45,29,8.98,0
horizons:risque:148,horizons,risque,0,false,0.2,24,8.94,0
horizons:risque:149,horizons,risque,1,false,-0.42,24,8.93,0
horizons:ideologiquement_coherent:0,horizons,ideologiquement_coherent,0,false,0.09,26,8.87,0
horizons:ideologiquement_coherent:1,horizons,ideologiquement_coherent,1,false,6.03,29,8.98,0
horizons:ideologiquement_coherent:2,horizons,ideologiquement_coherent,0,false,0.56,24,9.01,0
horizons:ideologiquement_coherent:3,horizons,ideologiquement_coherent,0,false,-0.12,24,8.96,0
horizons:ideologiquement_coherent:4,horizons,ideologiquement_coherent,0,false,0.39,24,9.07,0
horizons:ideologiquement_coherent:5,horizons,ideologiquement_coherent,0,false,5.41,26,8.81,0
horizons:ideologiquement_coherent:6,horizons,ideologiquement_coherent,0,false,0.09,24,8.86,0
horizons:ideologiquement_coherent:7,horizons,ideologiquement_coherent,0,false,5.73,24,9.16,0
horizons:ideologiquement_coherent:8,horizons,ideologiquement_coherent,0,false,0.3,26,8.95,0
horizons:ideologiquement_coherent:9,horizons,ideologiquement_coherent,0,false,5.81,28,8.93,0
horizons:ideologiquement_coherent:10,horizons,ideologiquement_coherent,1,false,0.23,27,9.31,0
horizons:ideologiquement_coherent:11,horizons,ideologiquement_coherent,0,false,0.06,27,8.95,0
horizons:ideologiquement_coherent:12,horizons,ideologiquement_coherent,0,false,-0.66,26,9.02,0
horizons:ideologiquement_coherent:13,horizons,ideologiquement_coherent,0,false,5.68,25,8.87,0
horizons:ideologiquement_coherent:14,horizons,ideologiquement_coherent,0,false,6.58,24,9.18,0
horizons:ideologiquement_coherent:15,horizons,ideologiquement_coherent,1,false,0.16,24,9.12,0
horizons:ideologiquement_coherent:16,horizons,ideologiquement_coherent,0,false,5.82,24,8.95,0
horizons:ideologiquement_coherent:17,horizons,ideologiquement_coherent,1,false,-0.39,24,8.94,0
horizons:ideologiquement_coherent:18,horizons,ideologiquement_coherent,0,false,5.09,25,8.93,0
horizons:ideologiquement_coherent:19,horizons,ideologiquement_coherent,0,false,5.01,27,9.67,0
horizons:ideologiquement_coherent:20,horizons,ideologiquement_coherent,0,false,6.26,26,9.04,0
horizons:ideologiquement_coherent:21,horizons,ideologiquement_coherent,0,false,0.06,24,8.9,0
horizons:ideologiquement_coherent:22,horizons,ideologiquement_coherent,0,false,5.73,24,9.07,0
horizons:ideologiquement_coherent:23,horizons,ideologiquement_coherent,0,false,5.74,25,9.03,0
horizons:ideologiquement_coherent:24,horizons,ideologiquement_coherent,0,false,0.39,24,8.88,0
horizons:ideologiquement_coherent:25,horizons,ideologiquement_coherent,1,false,11.75,26,8.96,0
horizons:ideologiquement_coherent:26,horizons,ideologiquement_coherent,0,false,5.76,24,9,0
horizons:ideologiquement_coherent:27,horizons,ideologiquement_coherent,0,false,-0.26,24,9.01,0
horizons:ideologiquement_coherent:28,horizons,ideologiquement_coherent,0,false,5.83,24,8.89,0
horizons:ideologiquement_coherent:29,horizons,ideologiquement_coherent,0,false,0.55,24,9.5,0
horizons:ideologiquement_coherent:30,horizons,ideologiquement_coherent,0,false,6.17,24,9,0
horizons:ideologiquement_coherent:31,horizons,ideologiquement_coherent,0,false,6.21,30,8.99,0
horizons:ideologiquement_coherent:32,horizons,ideologiquement_coherent,0,false,-0.23,24,8.95,0
horizons:ideologiquement_coherent:33,horizons,ideologiquement_coherent,1,false,5.82,24,9.07,0
horizons:ideologiquement_coherent:34,horizons,ideologiquement_coherent,1,false,-0.37,24,8.83,0
horizons:ideologiquement_coherent:35,horizons,ideologiquement_coherent,0,false,6.15,25,9.07,0
horizons:ideologiquement_coherent:36,horizons,ideologiquement_coherent,0,false,-0.31,24,8.92,0
horizons:ideologiquement_coherent:37,horizons,ideologiquement_coherent,0,false,0.42,24,8.95,0
horizons:ideologiquement_coherent:38,horizons,ideologiquement_coherent,0,false,6.2,24,8.94,0
horizons:ideologiquement_coherent:39,horizons,ideologiquement_coherent,0,false,-0.32,28,8.94,0
horizons:ideologiquement_coherent:40,horizons,ideologiquement_coherent,1,false,0.61,24,9.12,0
horizons:ideologiquement_coherent:41,horizons,ideologiquement_coherent,1,false,5.27,27,8.91,0
horizons:ideologiquement_coherent:42,horizons,ideologiquement_coherent,0,false,-0.22,24,8.99,0
horizons:ideologiquement_coherent:43,horizons,ideologiquement_coherent,0,false,0.1,24,8.97,0
horizons:ideologiquement_coherent:44,horizons,ideologiquement_coherent,1,false,5.14,25,8.85,0
horizons:ideologiquement_coherent:45,horizons,ideologiquement_coherent,1,false,-0.05,30,8.87,0
horizons:ideologiquement_coherent:46,horizons,ideologiquement_coherent,1,false,5.68,28,8.84,0
horizons:ideologiquement_coherent:47,horizons,ideologiquement_coherent,1,false,5.8,24,8.99,0
horizons:ideologiquement_coherent:48,horizons,ideologiquement_coherent,1,false,0.19,24,9.02,0
horizons:ideologiquement_coherent:49,horizons,ideologiquement_coherent,0,false,-0.01,24,8.96,0
horizons:ideologiquement_coherent:50,horizons,ideologiquement_coherent,1,false,0.01,24,8.92,0
horizons:ideologiquement_coherent:51,horizons,ideologiquement_coherent,0,false,-0.04,24,8.87,0
horizons:ideologiquement_coherent:52,horizons,ideologiquement_coherent,0,false,6.34,29,9.22,0
horizons:ideologiquement_coherent:53,horizons,ideologiquement_coherent,0,false,-0.17,26,8.84,0
horizons:ideologiquement_coherent:54,horizons,ideologiquement_coherent,0,false,5.99,26,8.95,0
horizons:ideologiquement_coherent:55,horizons,ideologiquement_coherent,0,false,6.14,28,9.05,0
horizons:ideologiquement_coherent:56,horizons,ideologiquement_coherent,1,false,0.19,24,9.48,0
horizons:ideologiquement_coherent:57,horizons,ideologiquement_coherent,0,false,6.59,25,9.03,0
horizons:ideologiquement_coherent:58,horizons,ideologiquement_coherent,1,false,0.36,24,9.04,0
horizons:ideologiquement_coherent:59,horizons,ideologiquement_coherent,1,false,0.09,24,8.81,0
horizons:ideologiquement_coherent:60,horizons,ideologiquement_coherent,0,false,0.08,24,8.96,0
horizons:ideologiquement_coherent:61,horizons,ideologiquement_coherent,1,false,11.57,27,9.25,0
horizons:ideologiquement_coherent:62,horizons,ideologiquement_coherent,0,false,-0.16,28,9.26,0
horizons:ideologiquement_coherent:63,horizons,ideologiquement_coherent,0,false,0.01,28,8.92,0
horizons:ideologiquement_coherent:64,horizons,ideologiquement_coherent,0,false,5.45,24,9.01,0
horizons:ideologiquement_coherent:65,horizons,ideologiquement_coherent,0,false,11.41,25,8.93,0
horizons:ideologiquement_coherent:66,horizons,ideologiquement_coherent,0,false,-0.25,29,9.03,0
horizons:ideologiquement_coherent:67,horizons,ideologiquement_coherent,0,false,-0.08,24,8.95,0
horizons:ideologiquement_coherent:68,horizons,ideologiquement_coherent,0,false,-0.43,27,8.97,0
horizons:ideologiquement_coherent:69,horizons,ideologiquement_coherent,1,false,6.95,26,9.19,0
horizons:ideologiquement_coherent:70,horizons,ideologiquement_coherent,0,false,-0.09,28,9.02,0
horizons:ideologiquement_coherent:71,horizons,ideologiquement_coherent,0,false,5.47,27,8.89,0
horizons:ideologiquement_coherent:72,horizons,ideologiquement_coherent,0,false,0.42,29,9.09,0
horizons:ideologiquement_coherent:73,horizons,ideologiquement_coherent,0,false,6.84,25,9.26,0
horizons:ideologiquement_coherent:74,horizons,ideologiquement_coherent,0,false,0.02,24,8.92,0
horizons:ideologiquement_coherent:75,horizons,ideologiquement_coherent,0,false,0.37,24,9.4,0
horizons:ideologiquement_coherent:76,horizons,ideologiquement_coherent,1,false,-0.28,27,8.9,0
horizons:ideologiquement_coherent:77,horizons,ideologiquement_coherent,0,false,-0.38,24,9.02,0
horizons:ideologiquement_coherent:78,horizons,ideologiquement_coherent,0,false,12.28,28,8.94,0
horizons:ideologiquement_coherent:79,horizons,ideologiquement_coherent,1,false,0.04,24,9.09,0
horizons:ideologiquement_coherent:80,horizons,ideologiquement_coherent,0,false,-0.58,26,9.09,0
horizons:ideologiquement_coherent:81,horizons,ideologiquement_coherent,1,false,1.14,26,10.23,0
horizons:ideologiquement_coherent:82,horizons,ideologiquement_coherent,0,false,-0.15,24,8.91,0
horizons:ideologiquement_coherent:83,horizons,ideologiquement_coherent,1,false,5.99,30,8.99,0
horizons:ideologiquement_coherent:84,horizons,ideologiquement_coherent,0,false,6.01,24,9.11,0
horizons:ideologiquement_coherent:85,horizons,ideologiquement_coherent,1,false,6.72,29,8.93,0
horizons:ideologiquement_coherent:86,horizons,ideologiquement_coherent,1,false,-0.12,24,8.87,0
horizons:ideologiquement_coherent:87,horizons,ideologiquement_coherent,0,false,6.41,27,8.86,0
horizons:ideologiquement_coherent:88,horizons,ideologiquement_coherent,0,false,-0.3,28,9.02,0
horizons:ideologiquement_coherent:89,horizons,ideologiquement_coherent,0,false,12.38,29,9.6,0
horizons:ideologiquement_coherent:90,horizons,ideologiquement_coherent,0,false,5.59,27,8.98,0
horizons:ideologiquement_coherent:91,horizons,ideologiquement_coherent,0,false,5.27,28,8.87,0
horizons:ideologiquement_coherent:92,horizons,ideologiquement_coherent,1,false,-0.03,24,8.95,0
horizons:ideologiquement_coherent:93,horizons,ideologiquement_coherent,1,false,0.25,24,8.9,0
horizons:ideologiquement_coherent:94,horizons,ideologiquement_coherent,1,false,6.01,26,9.38,0
horizons:ideologiquement_coherent:95,horizons,ideologiquement_coherent,0,false,0.47,26,9.03,0
horizons:ideologiquement_coherent:96,horizons,ideologiquement_coherent,0,false,20.12,1,33.65,33.37
horizons:ideologiquement_coherent:97,horizons,ideologiquement_coherent,0,false,5.12,26,9.03,0
horizons:ideologiquement_coherent:98,horizons,ideologiquement_coherent,0,false,0.15,24,9.04,0
horizons:ideologiquement_coherent:99,horizons,ideologiquement_coherent,0,false,-0.02,24,9.07,0
horizons:ideologiquement_coherent:100,horizons,ideologiquement_coherent,0,false,-0.25,26,8.92,0
horizons:ideologiquement_coherent:101,horizons,ideologiquement_coherent,0,false,0.07,24,8.96,0
horizons:ideologiquement_coherent:102,horizons,ideologiquement_coherent,0,false,-0.15,24,8.9,0
horizons:ideologiquement_coherent:103,horizons,ideologiquement_coherent,1,false,6.45,26,9.6,0
horizons:ideologiquement_coherent:104,horizons,ideologiquement_coherent,0,false,5.3,28,9.07,0
horizons:ideologiquement_coherent:105,horizons,ideologiquement_coherent,1,false,6.15,24,9.13,0
horizons:ideologiquement_coherent:106,horizons,ideologiquement_coherent,0,false,-0.65,27,8.94,0
horizons:ideologiquement_coherent:107,horizons,ideologiquement_coherent,0,false,0.39,30,9.32,0
horizons:ideologiquement_coherent:108,horizons,ideologiquement_coherent,2,false,5.52,24,9.06,0
horizons:ideologiquement_coherent:109,horizons,ideologiquement_coherent,0,false,0.15,26,8.99,0
horizons:ideologiquement_coherent:110,horizons,ideologiquement_coherent,0,false,-0.06,26,9.41,0
horizons:ideologiquement_coherent:111,horizons,ideologiquement_coherent,0,false,6,29,8.93,0
horizons:ideologiquement_coherent:112,horizons,ideologiquement_coherent,1,false,0.15,24,9.12,0
horizons:ideologiquement_coherent:113,horizons,ideologiquement_coherent,1,false,12.12,27,8.93,0
horizons:ideologiquement_coherent:114,horizons,ideologiquement_coherent,0,false,0.2,27,8.97,0
horizons:ideologiquement_coherent:115,horizons,ideologiquement_coherent,1,false,5.05,27,8.88,0
horizons:ideologiquement_coherent:116,horizons,ideologiquement_coherent,1,false,11.73,26,8.83,0
horizons:ideologiquement_coherent:117,horizons,ideologiquement_coherent,0,false,10.69,26,8.95,0
horizons:ideologiquement_coherent:118,horizons,ideologiquement_coherent,0,false,-0.12,28,9.02,0
horizons:ideologiquement_coherent:119,horizons,ideologiquement_coherent,1,false,0.33,26,9.49,0
horizons:ideologiquement_coherent:120,horizons,ideologiquement_coherent,0,false,0.43,24,8.91,0
horizons:ideologiquement_coherent:121,horizons,ideologiquement_coherent,0,false,6.35,26,10.17,0
horizons:ideologiquement_coherent:122,horizons,ideologiquement_coherent,0,false,0.07,24,8.9,0
horizons:ideologiquement_coherent:123,horizons,ideologiquement_coherent,0,false,7.23,25,9.96,0
horizons:ideologiquement_coherent:124,horizons,ideologiquement_coherent,0,false,12.68,25,8.94,0
horizons:ideologiquement_coherent:125,horizons,ideologiquement_coherent,0,false,6.18,24,8.98,0
horizons:ideologiquement_coherent:126,horizons,ideologiquement_coherent,1,false,0.16,28,9.04,0
horizons:ideologiquement_coherent:127,horizons,ideologiquement_coherent,1,false,6.3,29,9.15,0
horizons:ideologiquement_coherent:128,horizons,ideologiquement_coherent,0,false,-0.16,26,8.9,0
horizons:ideologiquement_coherent:129,horizons,ideologiquement_coherent,0,false,6.19,24,9.04,0
horizons:ideologiquement_coherent:130,horizons,ideologiquement_coherent,0,false,5.96,25,9.09,0
horizons:ideologiquement_coherent:131,horizons,ideologiquement_coherent,0,false,0.07,26,8.97,0
horizons:ideologiquement_coherent:132,horizons,ideologiquement_coherent,0,false,5.16,29,9.02,0
horizons:ideologiquement_coherent:133,horizons,ideologiquement_coherent,0,false,0.5,24,8.89,0
horizons:ideologiquement_coherent:134,horizons,ideologiquement_coherent,0,false,0.28,24,8.98,0
horizons:ideologiquement_coherent:135,horizons,ideologiquement_coherent,0,false,-0.13,24,8.92,0
horizons:ideologiquement_coherent:136,horizons,ideologiquement_coherent,1,false,-0.26,24,8.97,0
horizons:ideologiquement_coherent:137,horizons,ideologiquement_coherent,1,false,-0.1,24,9,0
horizons:ideologiquement_coherent:138,horizons,ideologiquement_coherent,0,false,-0.49,30,9.06,0
horizons:ideologiquement_coherent:139,horizons,ideologiquement_coherent,1,false,0.44,24,9.02,0
horizons:ideologiquement_coherent:140,horizons,ideologiquement_coherent,0,false,6.1,24,9.13,0
horizons:ideologiquement_coherent:141,horizons,ideologiquement_coherent,0,false,6.29,25,9.18,0
horizons:ideologiquement_coherent:142,horizons,ideologiquement_coherent,1,false,-0.27,24,9.09,0
horizons:ideologiquement_coherent:143,horizons,ideologiquement_coherent,0,false,6.23,28,9.54,0
horizons:ideologiquement_coherent:144,horizons,ideologiquement_coherent,0,false,5.05,29,8.96,0
horizons:ideologiquement_coherent:145,horizons,ideologiquement_coherent,0,false,12.12,25,8.91,0
horizons:ideologiquement_coherent:146,horizons,ideologiquement_coherent,1,false,0.49,26,8.93,0
horizons:ideologiquement_coherent:147,horizons,ideologiquement_coherent,0,false,6.51,28,9.02,0
horizons:ideologiquement_coherent:148,horizons,ideologiquement_coherent,0,false,12.29,28,10.01,0
horizons:ideologiquement_coherent:149,horizons,ideologiquement_coherent,1,false,-0.07,28,9.02,0
horizons:opportuniste_electoral:0,horizons,opportuniste_electoral,0,false,6.56,28,8.94,0
horizons:opportuniste_electoral:1,horizons,opportuniste_electoral,0,false,7.34,26,9.72,0
horizons:opportuniste_electoral:2,horizons,opportuniste_electoral,0,false,6.35,26,9.24,0
horizons:opportuniste_electoral:3,horizons,opportuniste_electoral,0,false,11.55,27,9,0
horizons:opportuniste_electoral:4,horizons,opportuniste_electoral,0,false,0.08,24,9,0
horizons:opportuniste_electoral:5,horizons,opportuniste_electoral,0,false,6.28,24,9.37,0
horizons:opportuniste_electoral:6,horizons,opportuniste_electoral,0,false,-0.03,24,8.9,0
horizons:opportuniste_electoral:7,horizons,opportuniste_electoral,0,false,5.81,26,9.09,0
horizons:opportuniste_electoral:8,horizons,opportuniste_electoral,1,false,11.79,25,9,0
horizons:opportuniste_electoral:9,horizons,opportuniste_electoral,1,false,0.27,24,8.98,0
horizons:opportuniste_electoral:10,horizons,opportuniste_electoral,0,false,5.89,26,8.92,0
horizons:opportuniste_electoral:11,horizons,opportuniste_electoral,0,false,0.24,27,9.3,0
horizons:opportuniste_electoral:12,horizons,opportuniste_electoral,1,false,-0.1,28,8.91,0
horizons:opportuniste_electoral:13,horizons,opportuniste_electoral,0,false,-0.06,24,8.99,0
horizons:opportuniste_electoral:14,horizons,opportuniste_electoral,0,false,0.44,24,9.51,0
horizons:opportuniste_electoral:15,horizons,opportuniste_electoral,0,false,5.03,28,8.92,0
horizons:opportuniste_electoral:16,horizons,opportuniste_electoral,0,false,5.94,25,9.7,0
horizons:opportuniste_electoral:17,horizons,opportuniste_electoral,0,false,5.55,27,9.07,0
horizons:opportuniste_electoral:18,horizons,opportuniste_electoral,0,false,6.23,24,8.87,0
horizons:opportuniste_electoral:19,horizons,opportuniste_electoral,0,false,-0.08,24,8.84,0
horizons:opportuniste_electoral:20,horizons,opportuniste_electoral,1,false,0.09,24,9.03,0
horizons:opportuniste_electoral:21,horizons,opportuniste_electoral,1,false,0.31,26,9.08,0
horizons:opportuniste_electoral:22,horizons,opportuniste_electoral,0,false,0.32,28,9.98,0
horizons:opportuniste_electoral:23,horizons,opportuniste_electoral,0,false,0.06,24,8.93,0
horizons:opportuniste_electoral:24,horizons,opportuniste_electoral,0,false,-0.08,24,9.19,0
horizons:opportuniste_electoral:25,horizons,opportuniste_electoral,0,false,0.5,24,9.6,0
horizons:opportuniste_electoral:26,horizons,opportuniste_electoral,0,false,0.19,29,8.95,0
horizons:opportuniste_electoral:27,horizons,opportuniste_electoral,1,false,6,24,9.04,0
horizons:opportuniste_electoral:28,horizons,opportuniste_electoral,0,false,0.4,24,8.93,0
horizons:opportuniste_electoral:29,horizons,opportuniste_electoral,0,false,5.77,24,9,0
horizons:opportuniste_electoral:30,horizons,opportuniste_electoral,0,false,-0.38,29,8.92,0
horizons:opportuniste_electoral:31,horizons,opportuniste_electoral,1,false,0.18,24,8.87,0
horizons:opportuniste_electoral:32,horizons,opportuniste_electoral,0,false,0.66,26,9.86,0
horizons:opportuniste_electoral:33,horizons,opportuniste_electoral,0,false,7.71,24,9.84,0
horizons:opportuniste_electoral:34,horizons,opportuniste_electoral,1,false,0.56,24,9.45,0
horizons:opportuniste_electoral:35,horizons,opportuniste_electoral,0,false,7.6,24,9.29,0
horizons:opportuniste_electoral:36,horizons,opportuniste_electoral,1,false,8.19,27,10.97,0
horizons:opportuniste_electoral:37,horizons,opportuniste_electoral,0,false,6.55,29,9.9,0
horizons:opportuniste_electoral:38,horizons,opportuniste_electoral,0,false,0.35,24,9.02,0
horizons:opportuniste_electoral:39,horizons,opportuniste_electoral,0,false,0.1,24,8.97,0
horizons:opportuniste_electoral:40,horizons,opportuniste_electoral,1,false,0.22,24,9.24,0
horizons:opportuniste_electoral:41,horizons,opportuniste_electoral,0,false,0.13,24,8.93,0
horizons:opportuniste_electoral:42,horizons,opportuniste_electoral,0,false,6.04,28,8.88,0
horizons:opportuniste_electoral:43,horizons,opportuniste_electoral,1,false,0.39,24,9.04,0
horizons:opportuniste_electoral:44,horizons,opportuniste_electoral,0,false,6.61,28,9.76,0
horizons:opportuniste_electoral:45,horizons,opportuniste_electoral,1,false,6.36,24,9.02,0
horizons:opportuniste_electoral:46,horizons,opportuniste_electoral,0,false,5.66,26,9,0
horizons:opportuniste_electoral:47,horizons,opportuniste_electoral,0,false,0.02,24,9.08,0
horizons:opportuniste_electoral:48,horizons,opportuniste_electoral,0,false,-0.32,24,8.9,0
horizons:opportuniste_electoral:49,horizons,opportuniste_electoral,0,false,5.54,27,8.84,0
horizons:opportuniste_electoral:50,horizons,opportuniste_electoral,0,false,0.28,24,9.04,0
horizons:opportuniste_electoral:51,horizons,opportuniste_electoral,1,false,7.72,27,10.32,0
horizons:opportuniste_electoral:52,horizons,opportuniste_electoral,1,false,-0.34,24,9.5,0
horizons:opportuniste_electoral:53,horizons,opportuniste_electoral,0,false,5.95,27,8.82,0
horizons:opportuniste_electoral:54,horizons,opportuniste_electoral,0,false,-0.05,26,8.97,0
horizons:opportuniste_electoral:55,horizons,opportuniste_electoral,0,false,13.09,25,8.9,0
horizons:opportuniste_electoral:56,horizons,opportuniste_electoral,0,false,-0.26,30,8.97,0
horizons:opportuniste_electoral:57,horizons,opportuniste_electoral,0,false,0.14,28,9.07,0
horizons:opportuniste_electoral:58,horizons,opportuniste_electoral,0,false,-0.22,30,8.94,0
horizons:opportuniste_electoral:59,horizons,opportuniste_electoral,0,false,13.44,25,9.09,0
horizons:opportuniste_electoral:60,horizons,opportuniste_electoral,0,false,13.24,28,8.97,0
horizons:opportuniste_electoral:61,horizons,opportuniste_electoral,1,false,0,24,8.86,0
horizons:opportuniste_electoral:62,horizons,opportuniste_electoral,0,false,-0.17,28,9.01,0
horizons:opportuniste_electoral:63,horizons,opportuniste_electoral,0,false,6.57,25,9.91,0
horizons:opportuniste_electoral:64,horizons,opportuniste_electoral,0,false,6.63,29,8.98,0
horizons:opportuniste_electoral:65,horizons,opportuniste_electoral,0,false,-0.87,28,9.11,0
horizons:opportuniste_electoral:66,horizons,opportuniste_electoral,0,false,13.13,26,9.72,0
horizons:opportuniste_electoral:67,horizons,opportuniste_electoral,0,false,4.64,30,8.98,0
horizons:opportuniste_electoral:68,horizons,opportuniste_electoral,1,false,-0.18,30,9.01,0
horizons:opportuniste_electoral:69,horizons,opportuniste_electoral,1,false,11.79,28,8.99,0
horizons:opportuniste_electoral:70,horizons,opportuniste_electoral,1,false,0.45,24,10.07,0
horizons:opportuniste_electoral:71,horizons,opportuniste_electoral,0,false,-0.13,30,9.45,0
horizons:opportuniste_electoral:72,horizons,opportuniste_electoral,0,false,6.64,24,10.82,0
horizons:opportuniste_electoral:73,horizons,opportuniste_electoral,0,false,0.39,24,9.24,0
horizons:opportuniste_electoral:74,horizons,opportuniste_electoral,0,false,-0.01,24,9.17,0
horizons:opportuniste_electoral:75,horizons,opportuniste_electoral,2,false,0.22,26,8.94,0
horizons:opportuniste_electoral:76,horizons,opportuniste_electoral,0,false,12.41,29,9.13,0
horizons:opportuniste_electoral:77,horizons,opportuniste_electoral,0,false,6.1,28,9.13,0
horizons:opportuniste_electoral:78,horizons,opportuniste_electoral,1,false,6.76,24,8.89,0
horizons:opportuniste_electoral:79,horizons,opportuniste_electoral,0,false,0.06,24,9.03,0
horizons:opportuniste_electoral:80,horizons,opportuniste_electoral,0,false,-0.07,24,9.52,0
horizons:opportuniste_electoral:81,horizons,opportuniste_electoral,0,false,0.54,24,9.5,0
horizons:opportuniste_electoral:82,horizons,opportuniste_electoral,0,false,6.37,24,9.7,0
horizons:opportuniste_electoral:83,horizons,opportuniste_electoral,0,false,0.43,24,10.48,0
horizons:opportuniste_electoral:84,horizons,opportuniste_electoral,1,false,-0.03,24,8.96,0
horizons:opportuniste_electoral:85,horizons,opportuniste_electoral,1,false,7.25,26,9.59,0
horizons:opportuniste_electoral:86,horizons,opportuniste_electoral,1,false,5.73,29,8.94,0
horizons:opportuniste_electoral:87,horizons,opportuniste_electoral,0,false,0.13,24,9.28,0
horizons:opportuniste_electoral:88,horizons,opportuniste_electoral,0,false,12.97,25,9.01,0
horizons:opportuniste_electoral:89,horizons,opportuniste_electoral,1,false,-0.23,28,12.2,0
horizons:opportuniste_electoral:90,horizons,opportuniste_electoral,0,false,0.16,27,9.08,0
horizons:opportuniste_electoral:91,horizons,opportuniste_electoral,0,false,0.57,30,10.3,0
horizons:opportuniste_electoral:92,horizons,opportuniste_electoral,0,false,12.85,28,9.07,0
horizons:opportuniste_electoral:93,horizons,opportuniste_electoral,0,false,6.12,27,8.97,0
horizons:opportuniste_electoral:94,horizons,opportuniste_electoral,1,false,0.09,29,9.37,0
horizons:opportuniste_electoral:95,horizons,opportuniste_electoral,0,false,6.39,27,8.98,0
horizons:opportuniste_electoral:96,horizons,opportuniste_electoral,1,false,5.68,26,9.63,0
horizons:opportuniste_electoral:97,horizons,opportuniste_electoral,0,false,-0.49,28,8.99,0
horizons:opportuniste_electoral:98,horizons,opportuniste_electoral,0,false,5.95,26,8.92,0
horizons:opportuniste_electoral:99,horizons,opportuniste_electoral,0,false,0.11,26,9.58,0
horizons:opportuniste_electoral:100,horizons,opportuniste_electoral,0,false,6.85,24,12.87,0
horizons:opportuniste_electoral:101,horizons,opportuniste_electoral,0,false,5.76,24,9.01,0
horizons:opportuniste_electoral:102,horizons,opportuniste_electoral,0,false,12.01,25,9.09,0
horizons:opportuniste_electoral:103,horizons,opportuniste_electoral,1,false,-0.22,24,8.97,0
horizons:opportuniste_electoral:104,horizons,opportuniste_electoral,0,false,6.6,24,8.9,0
horizons:opportuniste_electoral:105,horizons,opportuniste_electoral,0,false,0.39,24,9.22,0
horizons:opportuniste_electoral:106,horizons,opportuniste_electoral,0,false,-0.06,29,8.79,0
horizons:opportuniste_electoral:107,horizons,opportuniste_electoral,1,false,6.98,26,10.72,0
horizons:opportuniste_electoral:108,horizons,opportuniste_electoral,0,false,6.53,26,9.75,0
horizons:opportuniste_electoral:109,horizons,opportuniste_electoral,0,false,0.54,24,11.97,0
horizons:opportuniste_electoral:110,horizons,opportuniste_electoral,0,false,0.2,24,8.9,0
horizons:opportuniste_electoral:111,horizons,opportuniste_electoral,1,false,0.07,24,9.62,0
horizons:opportuniste_electoral:112,horizons,opportuniste_electoral,1,false,7.05,28,9.94,0
horizons:opportuniste_electoral:113,horizons,opportuniste_electoral,0,false,0.04,24,9.36,0
horizons:opportuniste_electoral:114,horizons,opportuniste_electoral,1,false,13.05,28,9.03,0
horizons:opportuniste_electoral:115,horizons,opportuniste_electoral,0,false,5.7,24,9.06,0
horizons:opportuniste_electoral:116,horizons,opportuniste_electoral,1,false,8.13,25,9.05,0
horizons:opportuniste_electoral:117,horizons,opportuniste_electoral,1,false,5.97,29,9.33,0
horizons:opportuniste_electoral:118,horizons,opportuniste_electoral,0,false,5.43,24,9.09,0
horizons:opportuniste_electoral:119,horizons,opportuniste_electoral,1,false,6.11,25,9.07,0
horizons:opportuniste_electoral:120,horizons,opportuniste_electoral,0,false,5.64,26,9.09,0
horizons:opportuniste_electoral:121,horizons,opportuniste_electoral,0,false,6.93,26,10.14,0
horizons:opportuniste_electoral:122,horizons,opportuniste_electoral,0,false,0.18,24,9.02,0
horizons:opportuniste_electoral:123,horizons,opportuniste_electoral,0,false,6.13,26,9.03,0
horizons:opportuniste_electoral:124,horizons,opportuniste_electoral,0,false,0.33,24,8.89,0
horizons:opportuniste_electoral:125,horizons,opportuniste_electoral,0,false,5.93,24,9.08,0
horizons:opportuniste_electoral:126,horizons,opportuniste_electoral,0,false,0.52,28,9.95,0
horizons:opportuniste_electoral:127,horizons,opportuniste_electoral,0,false,-0.28,28,9.03,0
horizons:opportuniste_electoral:128,horizons,opportuniste_electoral,0,false,11.5,24,9.08,0
horizons:opportuniste_electoral:129,horizons,opportuniste_electoral,0,false,0.02,26,9.19,0
horizons:opportuniste_electoral:130,horizons,opportuniste_electoral,0,false,-0.36,26,9.12,0
horizons:opportuniste_electoral:131,horizons,opportuniste_electoral,0,false,0.25,24,9.61,0
horizons:opportuniste_electoral:132,horizons,opportuniste_electoral,0,false,0.34,24,9.3,0
horizons:opportuniste_electoral:133,horizons,opportuniste_electoral,0,false,6.2,24,8.97,0
horizons:opportuniste_electoral:134,horizons,opportuniste_electoral,1,false,-0.26,30,8.98,0
horizons:opportuniste_electoral:135,horizons,opportuniste_electoral,0,false,6.73,26,8.96,0
horizons:opportuniste_electoral:136,horizons,opportuniste_electoral,0,false,6.3,24,8.88,0
horizons:opportuniste_electoral:137,horizons,opportuniste_electoral,1,false,0.21,24,9.38,0
horizons:opportuniste_electoral:138,horizons,opportuniste_electoral,0,false,-0.07,24,9.02,0
horizons:opportuniste_electoral:139,horizons,opportuniste_electoral,0,false,5.07,29,8.87,0
horizons:opportuniste_electoral:140,horizons,opportuniste_electoral,1,false,0.02,24,8.96,0
horizons:opportuniste_electoral:141,horizons,opportuniste_electoral,0,false,7.12,27,9.12,0
horizons:opportuniste_electoral:142,horizons,opportuniste_electoral,0,false,5.79,27,8.96,0
horizons:opportuniste_electoral:143,horizons,opportuniste_electoral,1,false,5.71,24,9.11,0
horizons:opportuniste_electoral:144,horizons,opportuniste_electoral,0,false,5.72,26,8.96,0
horizons:opportuniste_electoral:145,horizons,opportuniste_electoral,0,false,-0.22,30,8.91,0
horizons:opportuniste_electoral:146,horizons,opportuniste_electoral,0,false,0.01,24,8.86,0
horizons:opportuniste_electoral:147,horizons,opportuniste_electoral,0,false,0.39,24,10.03,0
horizons:opportuniste_electoral:148,horizons,opportuniste_electoral,0,false,-0.03,27,9.05,0
horizons:opportuniste_electoral:149,horizons,opportuniste_electoral,0,false,0.37,26,10.22,0
horizons:parti_dabord:0,horizons,parti_dabord,0,false,6.01,25,9.45,0
horizons:parti_dabord:1,horizons,parti_dabord,0,false,0.49,24,9.47,0
horizons:parti_dabord:2,horizons,parti_dabord,1,false,12.08,28,9.1,0
horizons:parti_dabord:3,horizons,parti_dabord,0,false,-0.3,24,9.03,0
horizons:parti_dabord:4,horizons,parti_dabord,0,false,-0.67,30,8.92,0
horizons:parti_dabord:5,horizons,parti_dabord,1,false,0.3,24,8.83,0
horizons:parti_dabord:6,horizons,parti_dabord,1,false,5.68,27,8.94,0
horizons:parti_dabord:7,horizons,parti_dabord,0,false,-0.2,24,9.02,0
horizons:parti_dabord:8,horizons,parti_dabord,1,false,-0.47,24,9.02,0
horizons:parti_dabord:9,horizons,parti_dabord,0,false,6.47,26,8.91,0
horizons:parti_dabord:10,horizons,parti_dabord,0,false,11.94,28,8.95,0
horizons:parti_dabord:11,horizons,parti_dabord,0,false,-0.7,30,9.04,0
horizons:parti_dabord:12,horizons,parti_dabord,0,false,7.02,26,10.64,0
horizons:parti_dabord:13,horizons,parti_dabord,1,false,0.46,24,9.58,0
horizons:parti_dabord:14,horizons,parti_dabord,0,false,0.13,27,9.16,0
horizons:parti_dabord:15,horizons,parti_dabord,0,false,6.06,24,8.92,0
horizons:parti_dabord:16,horizons,parti_dabord,0,false,0.58,24,9.36,0
horizons:parti_dabord:17,horizons,parti_dabord,1,false,12.88,25,9.27,0
horizons:parti_dabord:18,horizons,parti_dabord,0,false,-0.57,24,8.87,0
horizons:parti_dabord:19,horizons,parti_dabord,0,false,7.17,29,8.91,0
horizons:parti_dabord:20,horizons,parti_dabord,0,false,7.23,26,9.84,0
horizons:parti_dabord:21,horizons,parti_dabord,0,false,5.59,28,9.2,0
horizons:parti_dabord:22,horizons,parti_dabord,0,false,6.52,27,9.1,0
horizons:parti_dabord:23,horizons,parti_dabord,1,false,1.31,24,9.92,0
horizons:parti_dabord:24,horizons,parti_dabord,1,false,6.14,29,9.02,0
horizons:parti_dabord:25,horizons,parti_dabord,0,false,6.08,29,8.93,0
horizons:parti_dabord:26,horizons,parti_dabord,0,false,6.44,24,10.91,0
horizons:parti_dabord:27,horizons,parti_dabord,0,false,-0.28,28,9.22,0
horizons:parti_dabord:28,horizons,parti_dabord,0,false,-0.24,24,9,0
horizons:parti_dabord:29,horizons,parti_dabord,0,false,0.03,26,8.96,0
horizons:parti_dabord:30,horizons,parti_dabord,0,false,5.65,24,8.97,0
horizons:parti_dabord:31,horizons,parti_dabord,0,false,6.77,24,9,0
horizons:parti_dabord:32,horizons,parti_dabord,0,false,5.9,26,9.18,0
horizons:parti_dabord:33,horizons,parti_dabord,0,false,5.83,29,9,0
horizons:parti_dabord:34,horizons,parti_dabord,1,false,-0.33,24,9.11,0
horizons:parti_dabord:35,horizons,parti_dabord,0,false,5.66,24,8.98,0
horizons:parti_dabord:36,horizons,parti_dabord,0,false,0.64,28,9.07,0
horizons:parti_dabord:37,horizons,parti_dabord,1,false,6.3,24,9,0
horizons:parti_dabord:38,horizons,parti_dabord,1,false,-0.4,24,8.88,0
horizons:parti_dabord:39,horizons,parti_dabord,0,false,6,28,8.96,0
horizons:parti_dabord:40,horizons,parti_dabord,0,false,20.85,0,31.67,30.33
horizons:parti_dabord:41,horizons,parti_dabord,0,false,8.02,25,9.76,0
horizons:parti_dabord:42,horizons,parti_dabord,0,false,5.85,29,9.07,0
horizons:parti_dabord:43,horizons,parti_dabord,0,false,0.08,26,9.06,0
horizons:parti_dabord:44,horizons,parti_dabord,1,false,-0.25,30,8.98,0
horizons:parti_dabord:45,horizons,parti_dabord,0,false,5.76,26,9.21,0
horizons:parti_dabord:46,horizons,parti_dabord,1,false,5.84,24,9.13,0
horizons:parti_dabord:47,horizons,parti_dabord,0,false,6.42,28,9.09,0
horizons:parti_dabord:48,horizons,parti_dabord,0,false,-0.16,24,8.88,0
horizons:parti_dabord:49,horizons,parti_dabord,0,false,6.21,26,8.94,0
horizons:parti_dabord:50,horizons,parti_dabord,1,false,-0.67,29,9.39,0
horizons:parti_dabord:51,horizons,parti_dabord,1,false,6.06,24,8.94,0
horizons:parti_dabord:52,horizons,parti_dabord,1,false,5.39,27,9.05,0
horizons:parti_dabord:53,horizons,parti_dabord,0,false,-0.05,28,8.87,0
horizons:parti_dabord:54,horizons,parti_dabord,0,false,12.63,28,11.28,0
horizons:parti_dabord:55,horizons,parti_dabord,0,false,0.07,24,8.91,0
horizons:parti_dabord:56,horizons,parti_dabord,0,false,5.71,26,9.16,0
horizons:parti_dabord:57,horizons,parti_dabord,0,false,6.05,24,9.09,0
horizons:parti_dabord:58,horizons,parti_dabord,0,false,5.87,28,9.05,0
horizons:parti_dabord:59,horizons,parti_dabord,1,false,0.36,28,10.38,0
horizons:parti_dabord:60,horizons,parti_dabord,0,false,-0.56,30,8.87,0
horizons:parti_dabord:61,horizons,parti_dabord,0,false,5.86,29,9.02,0
horizons:parti_dabord:62,horizons,parti_dabord,0,false,11.68,28,9.03,0
horizons:parti_dabord:63,horizons,parti_dabord,0,false,0.25,26,8.94,0
horizons:parti_dabord:64,horizons,parti_dabord,1,false,0.42,24,9.05,0
horizons:parti_dabord:65,horizons,parti_dabord,0,false,5.87,26,9.02,0
horizons:parti_dabord:66,horizons,parti_dabord,1,false,5.82,29,8.84,0
horizons:parti_dabord:67,horizons,parti_dabord,0,false,6.66,26,9.06,0
horizons:parti_dabord:68,horizons,parti_dabord,1,false,-0.3,27,8.91,0
horizons:parti_dabord:69,horizons,parti_dabord,0,false,6.77,24,9.85,0
horizons:parti_dabord:70,horizons,parti_dabord,1,false,5.95,24,9.09,0
horizons:parti_dabord:71,horizons,parti_dabord,1,false,0.15,26,9.43,0
horizons:parti_dabord:72,horizons,parti_dabord,1,false,-0.37,30,8.9,0
horizons:parti_dabord:73,horizons,parti_dabord,0,false,6.54,25,8.86,0
horizons:parti_dabord:74,horizons,parti_dabord,1,false,-0.25,30,8.98,0
horizons:parti_dabord:75,horizons,parti_dabord,0,false,0.17,24,8.98,0
horizons:parti_dabord:76,horizons,parti_dabord,0,false,-0.08,26,9.02,0
horizons:parti_dabord:77,horizons,parti_dabord,0,false,0.54,24,8.98,0
horizons:parti_dabord:78,horizons,parti_dabord,0,false,7.51,26,8.99,0
horizons:parti_dabord:79,horizons,parti_dabord,0,false,6.53,27,8.89,0
horizons:parti_dabord:80,horizons,parti_dabord,0,false,5.69,29,9.01,0
horizons:parti_dabord:81,horizons,parti_dabord,0,false,-0.09,26,8.89,0
horizons:parti_dabord:82,horizons,parti_dabord,0,false,-0.13,29,9.06,0
horizons:parti_dabord:83,horizons,parti_dabord,1,false,0.26,24,9.07,0
horizons:parti_dabord:84,horizons,parti_dabord,0,false,5.88,24,8.94,0
horizons:parti_dabord:85,horizons,parti_dabord,0,false,-0.39,28,8.82,0
horizons:parti_dabord:86,horizons,parti_dabord,0,false,-0.17,29,8.92,0
horizons:parti_dabord:87,horizons,parti_dabord,0,false,12.97,24,9.11,0
horizons:parti_dabord:88,horizons,parti_dabord,0,false,5.7,24,8.88,0
horizons:parti_dabord:89,horizons,parti_dabord,0,false,0.13,30,9.13,0
horizons:parti_dabord:90,horizons,parti_dabord,1,false,0.36,24,8.93,0
horizons:parti_dabord:91,horizons,parti_dabord,0,false,7.54,24,9.93,0
horizons:parti_dabord:92,horizons,parti_dabord,0,false,7.4,25,9.47,0
horizons:parti_dabord:93,horizons,parti_dabord,1,false,0.08,24,8.97,0
horizons:parti_dabord:94,horizons,parti_dabord,1,false,-0.35,24,9.28,0
horizons:parti_dabord:95,horizons,parti_dabord,0,false,0.43,29,9.01,0
horizons:parti_dabord:96,horizons,parti_dabord,0,false,0.37,24,8.93,0
horizons:parti_dabord:97,horizons,parti_dabord,1,false,0.59,24,9.72,0
horizons:parti_dabord:98,horizons,parti_dabord,0,false,0.01,24,8.99,0
horizons:parti_dabord:99,horizons,parti_dabord,0,false,-0.57,24,9.02,0
horizons:parti_dabord:100,horizons,parti_dabord,1,false,6.89,27,10.17,0
horizons:parti_dabord:101,horizons,parti_dabord,0,false,0.08,24,8.93,0
horizons:parti_dabord:102,horizons,parti_dabord,1,false,0.26,27,8.9,0
horizons:parti_dabord:103,horizons,parti_dabord,1,false,6.14,25,9,0
horizons:parti_dabord:104,horizons,parti_dabord,0,false,-0.6,24,9,0
horizons:parti_dabord:105,horizons,parti_dabord,0,false,-0.91,24,9.01,0
horizons:parti_dabord:106,horizons,parti_dabord,0,false,-0.31,24,8.99,0
horizons:parti_dabord:107,horizons,parti_dabord,1,false,6.4,25,9.11,0
horizons:parti_dabord:108,horizons,parti_dabord,0,false,-0.17,27,8.89,0
horizons:parti_dabord:109,horizons,parti_dabord,0,false,5.99,25,8.97,0
horizons:parti_dabord:110,horizons,parti_dabord,1,false,-0.12,24,8.88,0
horizons:parti_dabord:111,horizons,parti_dabord,0,false,6.69,27,9.13,0
horizons:parti_dabord:112,horizons,parti_dabord,0,false,-0.03,24,9.14,0
horizons:parti_dabord:113,horizons,parti_dabord,0,false,0.13,24,8.92,0
horizons:parti_dabord:114,horizons,parti_dabord,1,false,0.14,29,9.06,0
horizons:parti_dabord:115,horizons,parti_dabord,0,false,6.44,24,9.06,0
horizons:parti_dabord:116,horizons,parti_dabord,1,false,0,24,8.95,0
horizons:parti_dabord:117,horizons,parti_dabord,0,false,0.51,24,9.03,0
horizons:parti_dabord:118,horizons,parti_dabord,0,false,-0.18,24,9.08,0
horizons:parti_dabord:119,horizons,parti_dabord,1,false,-0.11,29,8.9,0
horizons:parti_dabord:120,horizons,parti_dabord,0,false,11.55,26,8.95,0
horizons:parti_dabord:121,horizons,parti_dabord,0,false,6.21,25,8.95,0
horizons:parti_dabord:122,horizons,parti_dabord,0,false,13.27,28,10.91,0
horizons:parti_dabord:123,horizons,parti_dabord,0,false,12.04,27,9.09,0
horizons:parti_dabord:124,horizons,parti_dabord,0,false,-0.46,26,8.92,0
horizons:parti_dabord:125,horizons,parti_dabord,1,false,0.09,28,9.7,0
horizons:parti_dabord:126,horizons,parti_dabord,0,false,11.7,29,9.01,0
horizons:parti_dabord:127,horizons,parti_dabord,0,false,6.7,25,10.1,0
horizons:parti_dabord:128,horizons,parti_dabord,1,false,-0.19,24,8.97,0
horizons:parti_dabord:129,horizons,parti_dabord,0,false,7.59,25,9.05,0
horizons:parti_dabord:130,horizons,parti_dabord,1,false,-0.1,27,8.89,0
horizons:parti_dabord:131,horizons,parti_dabord,0,false,5,25,8.93,0
horizons:parti_dabord:132,horizons,parti_dabord,1,false,-0.29,27,9.01,0
horizons:parti_dabord:133,horizons,parti_dabord,0,false,-0.25,29,9.05,0
horizons:parti_dabord:134,horizons,parti_dabord,0,false,5.79,24,8.93,0
horizons:parti_dabord:135,horizons,parti_dabord,0,false,-0.01,24,8.91,0
horizons:parti_dabord:136,horizons,parti_dabord,0,false,-0.01,24,8.88,0
horizons:parti_dabord:137,horizons,parti_dabord,0,false,7.48,25,8.98,0
horizons:parti_dabord:138,horizons,parti_dabord,0,false,6.2,24,9.81,0
horizons:parti_dabord:139,horizons,parti_dabord,1,false,6,24,8.96,0
horizons:parti_dabord:140,horizons,parti_dabord,0,false,-0.61,24,8.98,0
horizons:parti_dabord:141,horizons,parti_dabord,0,false,6.28,29,8.85,0
horizons:parti_dabord:142,horizons,parti_dabord,0,false,-0.21,24,9.25,0
horizons:parti_dabord:143,horizons,parti_dabord,0,false,13.79,25,9.04,0
horizons:parti_dabord:144,horizons,parti_dabord,0,false,0.17,30,9.04,0
horizons:parti_dabord:145,horizons,parti_dabord,1,false,5.93,26,8.92,0
horizons:parti_dabord:146,horizons,parti_dabord,0,false,5.87,26,9.21,0
horizons:parti_dabord:147,horizons,parti_dabord,0,false,5.24,28,9.02,0
horizons:parti_dabord:148,horizons,parti_dabord,0,false,-1.91,30,9.21,0
horizons:parti_dabord:149,horizons,parti_dabord,1,false,6.55,28,9.01,0
horizons:mediatique:0,horizons,mediatique,0,false,13.18,24,8.89,0
horizons:mediatique:1,horizons,mediatique,0,false,14.36,25,9.14,0
horizons:mediatique:2,horizons,mediatique,0,false,0.33,24,9.31,0
horizons:mediatique:3,horizons,mediatique,0,false,6.02,28,9.1,0
horizons:mediatique:4,horizons,mediatique,0,false,6.06,25,8.89,0
horizons:mediatique:5,horizons,mediatique,0,false,0.11,26,9,0
horizons:mediatique:6,horizons,mediatique,0,false,-0.15,30,9.06,0
horizons:mediatique:7,horizons,mediatique,0,false,0.87,24,9.38,0
horizons:mediatique:8,horizons,mediatique,0,false,5.2,26,9.21,0
horizons:mediatique:9,horizons,mediatique,0,false,0.05,24,9.07,0
horizons:mediatique:10,horizons,mediatique,0,false,0.53,24,10.1,0
horizons:mediatique:11,horizons,mediatique,0,false,0.3,24,9.08,0
horizons:mediatique:12,horizons,mediatique,0,false,0.22,29,9.46,0
horizons:mediatique:13,horizons,mediatique,0,false,-0.05,27,9.41,0
horizons:mediatique:14,horizons,mediatique,0,false,-0.37,24,8.98,0
horizons:mediatique:15,horizons,mediatique,0,false,7.02,29,9.29,0
horizons:mediatique:16,horizons,mediatique,0,false,7.45,26,8.88,0
horizons:mediatique:17,horizons,mediatique,0,false,6.52,24,9.92,0
horizons:mediatique:18,horizons,mediatique,1,false,0.48,24,9.98,0
horizons:mediatique:19,horizons,mediatique,1,false,14.29,24,9.3,0
horizons:mediatique:20,horizons,mediatique,0,false,6.55,29,8.98,0
horizons:mediatique:21,horizons,mediatique,1,false,0.04,28,8.93,0
horizons:mediatique:22,horizons,mediatique,1,false,6.69,25,9.02,0
horizons:mediatique:23,horizons,mediatique,0,false,13.76,24,9.04,0
horizons:mediatique:24,horizons,mediatique,0,false,6.19,24,9.14,0
horizons:mediatique:25,horizons,mediatique,0,false,6,24,8.94,0
horizons:mediatique:26,horizons,mediatique,0,false,6.67,24,10.43,0
horizons:mediatique:27,horizons,mediatique,0,false,12.29,26,9.22,0
horizons:mediatique:28,horizons,mediatique,0,false,7.95,26,9.03,0
horizons:mediatique:29,horizons,mediatique,0,false,5.96,24,9.04,0
horizons:mediatique:30,horizons,mediatique,0,false,-0.09,30,8.88,0
horizons:mediatique:31,horizons,mediatique,0,false,0.72,24,11.32,0
horizons:mediatique:32,horizons,mediatique,0,false,7.16,26,9.13,0
horizons:mediatique:33,horizons,mediatique,1,false,0.25,24,9.83,0
horizons:mediatique:34,horizons,mediatique,1,false,-0.07,24,8.95,0
horizons:mediatique:35,horizons,mediatique,1,false,6.22,24,9.16,0
horizons:mediatique:36,horizons,mediatique,0,false,6.17,24,8.89,0
horizons:mediatique:37,horizons,mediatique,1,false,12.35,25,9.12,0
horizons:mediatique:38,horizons,mediatique,0,false,6.41,26,11.78,0
horizons:mediatique:39,horizons,mediatique,0,false,0.06,24,9.59,0
horizons:mediatique:40,horizons,mediatique,0,false,0.65,26,11.25,0
horizons:mediatique:41,horizons,mediatique,0,false,7.29,28,9.06,0
horizons:mediatique:42,horizons,mediatique,0,false,0.23,24,9.16,0
horizons:mediatique:43,horizons,mediatique,0,false,5.24,26,8.96,0
horizons:mediatique:44,horizons,mediatique,0,false,5.85,24,9.02,0
horizons:mediatique:45,horizons,mediatique,1,false,5.95,24,9.16,0
horizons:mediatique:46,horizons,mediatique,0,false,0.09,26,9.14,0
horizons:mediatique:47,horizons,mediatique,1,false,6.02,26,8.95,0
horizons:mediatique:48,horizons,mediatique,0,false,14,26,9.11,0
horizons:mediatique:49,horizons,mediatique,0,false,6.7,25,9.73,0
horizons:mediatique:50,horizons,mediatique,0,false,8.02,24,9,0
horizons:mediatique:51,horizons,mediatique,0,false,8.33,26,9.14,0
horizons:mediatique:52,horizons,mediatique,0,false,-0.36,27,9.11,0
horizons:mediatique:53,horizons,mediatique,0,false,0.01,24,9.04,0
horizons:mediatique:54,horizons,mediatique,0,false,6.39,26,9.06,0
horizons:mediatique:55,horizons,mediatique,1,false,7.1,25,9.08,0
horizons:mediatique:56,horizons,mediatique,0,false,7.76,25,8.8,0
horizons:mediatique:57,horizons,mediatique,0,false,-1.21,29,8.91,0
horizons:mediatique:58,horizons,mediatique,0,false,6.37,24,8.92,0
horizons:mediatique:59,horizons,mediatique,0,false,-0.27,24,9.13,0
horizons:mediatique:60,horizons,mediatique,0,false,0.12,24,9.04,0
horizons:mediatique:61,horizons,mediatique,1,false,-0.31,24,9.36,0
horizons:mediatique:62,horizons,mediatique,0,false,8.85,27,10.89,0
horizons:mediatique:63,horizons,mediatique,1,false,0.45,24,9.06,0
horizons:mediatique:64,horizons,mediatique,0,false,0.2,26,9.17,0
horizons:mediatique:65,horizons,mediatique,0,false,-0.37,26,8.93,0
horizons:mediatique:66,horizons,mediatique,1,false,7.28,24,8.93,0
horizons:mediatique:67,horizons,mediatique,0,false,14.82,25,9.19,0
horizons:mediatique:68,horizons,mediatique,1,false,-0.21,26,9.29,0
horizons:mediatique:69,horizons,mediatique,1,false,8.07,24,8.88,0
horizons:mediatique:70,horizons,mediatique,0,false,0,24,8.85,0
horizons:mediatique:71,horizons,mediatique,0,false,0,24,9.02,0
horizons:mediatique:72,horizons,mediatique,0,false,8.03,27,10.44,0
horizons:mediatique:73,horizons,mediatique,0,false,0.04,24,9.06,0
horizons:mediatique:74,horizons,mediatique,1,false,5.8,24,8.91,0
horizons:mediatique:75,horizons,mediatique,0,false,-0.13,24,8.94,0
horizons:mediatique:76,horizons,mediatique,0,false,0.08,24,8.95,0
horizons:mediatique:77,horizons,mediatique,1,false,6.37,26,9.02,0
horizons:mediatique:78,horizons,mediatique,0,false,5.86,24,9.03,0
horizons:mediatique:79,horizons,mediatique,1,false,15.11,26,8.99,0
horizons:mediatique:80,horizons,mediatique,0,false,-0.39,24,9.03,0
horizons:mediatique:81,horizons,mediatique,1,false,8.07,24,9.38,0
horizons:mediatique:82,horizons,mediatique,0,false,-0.14,24,10.1,0
horizons:mediatique:83,horizons,mediatique,0,false,0.53,24,10.1,0
horizons:mediatique:84,horizons,mediatique,1,false,6.48,24,10.29,0
horizons:mediatique:85,horizons,mediatique,1,false,14.59,27,8.94,0
horizons:mediatique:86,horizons,mediatique,0,false,-0.15,24,8.93,0
horizons:mediatique:87,horizons,mediatique,0,false,-0.64,24,9.01,0
horizons:mediatique:88,horizons,mediatique,0,false,13.99,25,10.57,0
horizons:mediatique:89,horizons,mediatique,0,false,7.49,26,9.11,0
horizons:mediatique:90,horizons,mediatique,1,false,7.36,28,9,0
horizons:mediatique:91,horizons,mediatique,0,false,13.45,29,9.11,0
horizons:mediatique:92,horizons,mediatique,0,false,-0.31,30,8.95,0
horizons:mediatique:93,horizons,mediatique,0,false,-0.34,24,9.02,0
horizons:mediatique:94,horizons,mediatique,1,false,16.16,24,9.02,0
horizons:mediatique:95,horizons,mediatique,1,false,6.94,26,8.99,0
horizons:mediatique:96,horizons,mediatique,0,false,-0.67,24,8.84,0
horizons:mediatique:97,horizons,mediatique,0,false,8.39,24,10.34,0
horizons:mediatique:98,horizons,mediatique,0,false,-0.32,24,9.29,0
horizons:mediatique:99,horizons,mediatique,0,false,0.46,24,9.8,0
horizons:mediatique:100,horizons,mediatique,0,false,0.63,24,9.94,0
horizons:mediatique:101,horizons,mediatique,1,false,14.16,24,9.06,0
horizons:mediatique:102,horizons,mediatique,0,false,0.1,26,9.78,0
horizons:mediatique:103,horizons,mediatique,2,false,5.9,30,9.74,0
horizons:mediatique:104,horizons,mediatique,1,false,7.18,24,9.4,0
horizons:mediatique:105,horizons,mediatique,0,false,-0.32,24,8.94,0
horizons:mediatique:106,horizons,mediatique,0,false,5.25,29,8.92,0
horizons:mediatique:107,horizons,mediatique,0,false,-0.48,26,9.1,0
horizons:mediatique:108,horizons,mediatique,0,false,5.75,24,9.3,0
horizons:mediatique:109,horizons,mediatique,0,false,5.48,26,8.96,0
horizons:mediatique:110,horizons,mediatique,1,false,-0.16,24,8.87,0
horizons:mediatique:111,horizons,mediatique,0,false,0.17,28,8.85,0
horizons:mediatique:112,horizons,mediatique,0,false,7.4,26,9.92,0
horizons:mediatique:113,horizons,mediatique,0,false,0.17,24,9.14,0
horizons:mediatique:114,horizons,mediatique,0,false,6.19,24,9.96,0
horizons:mediatique:115,horizons,mediatique,0,false,0.54,24,9.73,0
horizons:mediatique:116,horizons,mediatique,0,false,0.36,24,9.28,0
horizons:mediatique:117,horizons,mediatique,0,false,12.94,24,9.22,0
horizons:mediatique:118,horizons,mediatique,0,false,8.15,24,9.3,0
horizons:mediatique:119,horizons,mediatique,0,false,0.62,24,9.47,0
horizons:mediatique:120,horizons,mediatique,0,false,5.73,28,9.05,0
horizons:mediatique:121,horizons,mediatique,0,false,7.49,26,9.25,0
horizons:mediatique:122,horizons,mediatique,1,false,5.79,30,9.14,0
horizons:mediatique:123,horizons,mediatique,0,false,0.94,30,9.87,0
horizons:mediatique:124,horizons,mediatique,1,false,6.16,24,8.98,0
horizons:mediatique:125,horizons,mediatique,0,false,8.14,25,10.04,0
horizons:mediatique:126,horizons,mediatique,1,false,12.6,30,8.95,0
horizons:mediatique:127,horizons,mediatique,0,false,8.87,24,9.15,0
horizons:mediatique:128,horizons,mediatique,0,false,5.86,24,9.02,0
horizons:mediatique:129,horizons,mediatique,0,false,6.64,26,8.92,0
horizons:mediatique:130,horizons,mediatique,0,false,0.09,27,9.3,0
horizons:mediatique:131,horizons,mediatique,0,false,6.41,24,8.91,0
horizons:mediatique:132,horizons,mediatique,0,false,9.04,24,9.3,0
horizons:mediatique:133,horizons,mediatique,0,false,5.5,24,9.1,0
horizons:mediatique:134,horizons,mediatique,1,false,-0.5,24,8.8,0
horizons:mediatique:135,horizons,mediatique,1,false,6.5,26,9.69,0
horizons:mediatique:136,horizons,mediatique,0,false,0.07,24,8.81,0
horizons:mediatique:137,horizons,mediatique,0,false,0.15,24,8.93,0
horizons:mediatique:138,horizons,mediatique,1,false,7.45,25,10.27,0
horizons:mediatique:139,horizons,mediatique,0,false,0.15,24,8.87,0
horizons:mediatique:140,horizons,mediatique,0,false,12.15,24,9.05,0
horizons:mediatique:141,horizons,mediatique,0,false,12.2,29,9.15,0
horizons:mediatique:142,horizons,mediatique,1,false,6.27,26,8.95,0
horizons:mediatique:143,horizons,mediatique,0,false,7.69,24,9.17,0
horizons:mediatique:144,horizons,mediatique,0,false,-0.38,24,8.97,0
horizons:mediatique:145,horizons,mediatique,0,false,0.15,26,9.22,0
horizons:mediatique:146,horizons,mediatique,0,false,0.63,29,11.85,0
horizons:mediatique:147,horizons,mediatique,0,false,12.4,27,8.96,0
horizons:mediatique:148,horizons,mediatique,1,false,13.21,25,9.55,0
horizons:mediatique:149,horizons,mediatique,0,false,6,27,9.19,0
horizons:contrarien:0,horizons,contrarien,0,false,8.83,24,9.27,0
horizons:contrarien:1,horizons,contrarien,0,false,-0.29,24,8.99,0
horizons:contrarien:2,horizons,contrarien,0,false,8.13,25,9.04,0
horizons:contrarien:3,horizons,contrarien,0,false,8.23,24,9.29,0
horizons:contrarien:4,horizons,contrarien,0,false,-0.11,24,9.35,0
horizons:contrarien:5,horizons,contrarien,1,false,-0.54,28,9,0
horizons:contrarien:6,horizons,contrarien,0,false,-0.28,24,9.02,0
horizons:contrarien:7,horizons,contrarien,0,false,8.36,24,9.13,0
horizons:contrarien:8,horizons,contrarien,1,false,8.42,24,9.38,0
horizons:contrarien:9,horizons,contrarien,0,false,8.49,24,10.83,0
horizons:contrarien:10,horizons,contrarien,0,false,8.59,25,9.49,0
horizons:contrarien:11,horizons,contrarien,0,false,0.21,24,9.7,0
horizons:contrarien:12,horizons,contrarien,1,false,7.18,25,10.8,0
horizons:contrarien:13,horizons,contrarien,1,false,-0.14,26,8.97,0
horizons:contrarien:14,horizons,contrarien,1,false,9.23,24,11.21,0
horizons:contrarien:15,horizons,contrarien,0,false,7.19,26,8.98,0
horizons:contrarien:16,horizons,contrarien,0,false,9.11,24,9.99,0
horizons:contrarien:17,horizons,contrarien,1,false,-0.16,24,8.95,0
horizons:contrarien:18,horizons,contrarien,0,false,8.68,24,9.06,0
horizons:contrarien:19,horizons,contrarien,0,false,6.63,29,8.98,0
horizons:contrarien:20,horizons,contrarien,0,false,20.35,18,33.1,33.9
horizons:contrarien:21,horizons,contrarien,0,false,14.34,24,10.57,0
horizons:contrarien:22,horizons,contrarien,0,false,0.11,24,9.18,0
horizons:contrarien:23,horizons,contrarien,0,false,6.37,24,10.55,0
horizons:contrarien:24,horizons,contrarien,0,false,0.26,24,9.54,0
horizons:contrarien:25,horizons,contrarien,0,false,7.38,26,9.09,0
horizons:contrarien:26,horizons,contrarien,0,false,0.2,24,9.72,0
horizons:contrarien:27,horizons,contrarien,0,false,7.09,28,9.24,0
horizons:contrarien:28,horizons,contrarien,0,false,8.3,24,9.17,0
horizons:contrarien:29,horizons,contrarien,0,false,13.5,25,9.06,0
horizons:contrarien:30,horizons,contrarien,0,false,8.06,26,8.94,0
horizons:contrarien:31,horizons,contrarien,0,false,0,28,9,0
horizons:contrarien:32,horizons,contrarien,0,false,7.32,27,8.97,0
horizons:contrarien:33,horizons,contrarien,0,false,1.03,24,12.09,0
horizons:contrarien:34,horizons,contrarien,0,false,0.67,26,10.52,0
horizons:contrarien:35,horizons,contrarien,0,false,5.86,24,8.96,0
horizons:contrarien:36,horizons,contrarien,0,false,0.08,24,9.24,0
horizons:contrarien:37,horizons,contrarien,1,false,7.14,27,9,0
horizons:contrarien:38,horizons,contrarien,0,false,-0.03,24,9.69,0
horizons:contrarien:39,horizons,contrarien,1,false,-0.28,24,8.9,0
horizons:contrarien:40,horizons,contrarien,0,false,-0.38,26,9,0
horizons:contrarien:41,horizons,contrarien,0,false,7.98,24,9.19,0
horizons:contrarien:42,horizons,contrarien,0,false,15.92,24,10.21,0
horizons:contrarien:43,horizons,contrarien,1,false,5.83,24,9.04,0
horizons:contrarien:44,horizons,contrarien,0,false,8.32,24,9.71,0
horizons:contrarien:45,horizons,contrarien,0,false,9.39,24,9.5,0
horizons:contrarien:46,horizons,contrarien,0,false,0.09,24,9.85,0
horizons:contrarien:47,horizons,contrarien,1,false,14.21,25,10.78,0
horizons:contrarien:48,horizons,contrarien,0,false,-0.31,27,9.04,0
horizons:contrarien:49,horizons,contrarien,0,false,7.88,24,9.19,0
horizons:contrarien:50,horizons,contrarien,0,false,5.66,28,9.9,0
horizons:contrarien:51,horizons,contrarien,0,false,0.28,24,10.01,0
horizons:contrarien:52,horizons,contrarien,0,false,-0.02,24,9.13,0
horizons:contrarien:53,horizons,contrarien,0,false,8.84,24,10.14,0
horizons:contrarien:54,horizons,contrarien,0,false,-0.28,24,9.06,0
horizons:contrarien:55,horizons,contrarien,1,false,10.66,24,11.9,0
horizons:contrarien:56,horizons,contrarien,0,false,-0.29,24,9.07,0
horizons:contrarien:57,horizons,contrarien,1,false,8.12,24,9.3,0
horizons:contrarien:58,horizons,contrarien,0,false,12.75,27,8.89,0
horizons:contrarien:59,horizons,contrarien,0,false,7.68,24,10.71,0
horizons:contrarien:60,horizons,contrarien,0,false,-0.36,24,8.99,0
horizons:contrarien:61,horizons,contrarien,1,false,5.65,28,9.42,0
horizons:contrarien:62,horizons,contrarien,0,false,-0.36,26,9.1,0
horizons:contrarien:63,horizons,contrarien,1,false,14.61,24,10.18,0
horizons:contrarien:64,horizons,contrarien,0,false,-0.18,24,9.03,0
horizons:contrarien:65,horizons,contrarien,0,false,7.81,27,9.06,0
horizons:contrarien:66,horizons,contrarien,1,false,6.18,25,8.95,0
horizons:contrarien:67,horizons,contrarien,1,false,-0.35,24,9.11,0
horizons:contrarien:68,horizons,contrarien,0,false,8.42,24,14.33,0
horizons:contrarien:69,horizons,contrarien,0,false,7.77,25,11.74,0
horizons:contrarien:70,horizons,contrarien,0,false,-0.05,24,8.91,0
horizons:contrarien:71,horizons,contrarien,0,false,0.56,27,10.06,0
horizons:contrarien:72,horizons,contrarien,1,false,-0.32,28,9,0
horizons:contrarien:73,horizons,contrarien,0,false,12.26,26,8.99,0
horizons:contrarien:74,horizons,contrarien,1,false,0.17,24,9.6,0
horizons:contrarien:75,horizons,contrarien,0,false,0.1,26,9.53,0
horizons:contrarien:76,horizons,contrarien,1,false,-0.14,27,9.23,0
horizons:contrarien:77,horizons,contrarien,1,false,13.81,24,9.12,0
horizons:contrarien:78,horizons,contrarien,0,false,13.91,29,9.18,0
horizons:contrarien:79,horizons,contrarien,0,false,15.36,24,9.39,0
horizons:contrarien:80,horizons,contrarien,0,false,-0.2,24,8.97,0
horizons:contrarien:81,horizons,contrarien,1,false,-0.02,30,8.81,0
horizons:contrarien:82,horizons,contrarien,0,false,0.24,24,9.07,0
horizons:contrarien:83,horizons,contrarien,0,false,8.84,24,11.18,0
horizons:contrarien:84,horizons,contrarien,1,false,0.85,24,11.36,0
horizons:contrarien:85,horizons,contrarien,0,false,7.97,27,9.38,0
horizons:contrarien:86,horizons,contrarien,0,false,0,24,8.97,0
horizons:contrarien:87,horizons,contrarien,0,false,0.09,24,9.35,0
horizons:contrarien:88,horizons,contrarien,0,false,7.32,24,9.22,0
horizons:contrarien:89,horizons,contrarien,0,false,10.18,24,9.58,0
horizons:contrarien:90,horizons,contrarien,1,false,0.18,27,9.3,0
horizons:contrarien:91,horizons,contrarien,0,false,8.33,24,9.94,0
horizons:contrarien:92,horizons,contrarien,1,false,15.22,24,9.81,0
horizons:contrarien:93,horizons,contrarien,1,false,5.99,24,9.86,0
horizons:contrarien:94,horizons,contrarien,1,false,0.1,24,8.98,0
horizons:contrarien:95,horizons,contrarien,0,false,13.71,24,10.11,0
horizons:contrarien:96,horizons,contrarien,0,false,6.98,24,9.09,0
horizons:contrarien:97,horizons,contrarien,1,false,8.83,24,11.06,0
horizons:contrarien:98,horizons,contrarien,0,false,0.27,24,9.38,0
horizons:contrarien:99,horizons,contrarien,0,false,15.24,24,10.18,0
horizons:contrarien:100,horizons,contrarien,1,false,5.92,24,8.98,0
horizons:contrarien:101,horizons,contrarien,0,false,8.28,24,9.82,0
horizons:contrarien:102,horizons,contrarien,0,false,0.21,24,9.5,0
horizons:contrarien:103,horizons,contrarien,1,false,6.88,26,9.08,0
horizons:contrarien:104,horizons,contrarien,0,false,10.06,24,10.3,0
horizons:contrarien:105,horizons,contrarien,0,false,8.06,25,9,0
horizons:contrarien:106,horizons,contrarien,0,false,-0.23,28,10.26,0
horizons:contrarien:107,horizons,contrarien,0,false,-0.13,24,9.17,0
horizons:contrarien:108,horizons,contrarien,0,false,5.47,24,9.01,0
horizons:contrarien:109,horizons,contrarien,0,false,6.84,26,8.85,0
horizons:contrarien:110,horizons,contrarien,0,false,8.39,24,9.55,0
horizons:contrarien:111,horizons,contrarien,0,false,14.75,24,9.38,0
horizons:contrarien:112,horizons,contrarien,0,false,6.94,24,9.94,0
horizons:contrarien:113,horizons,contrarien,0,false,14.42,24,8.85,0
horizons:contrarien:114,horizons,contrarien,0,false,-0.27,24,9.09,0
horizons:contrarien:115,horizons,contrarien,1,false,8.01,24,9.05,0
horizons:contrarien:116,horizons,contrarien,0,false,8.6,27,10.99,0
horizons:contrarien:117,horizons,contrarien,0,false,10.38,24,9.05,0
horizons:contrarien:118,horizons,contrarien,0,false,0.01,24,9.18,0
horizons:contrarien:119,horizons,contrarien,1,false,0.41,24,9.79,0
horizons:contrarien:120,horizons,contrarien,0,false,9.87,24,9,0
horizons:contrarien:121,horizons,contrarien,0,false,0.22,24,10.71,0
horizons:contrarien:122,horizons,contrarien,0,false,10.09,24,11.14,0
horizons:contrarien:123,horizons,contrarien,1,false,0.97,29,9.77,0
horizons:contrarien:124,horizons,contrarien,1,false,-0.18,24,8.94,0
horizons:contrarien:125,horizons,contrarien,0,false,7.14,26,9.04,0
horizons:contrarien:126,horizons,contrarien,0,false,13.28,26,8.93,0
horizons:contrarien:127,horizons,contrarien,0,false,0.05,24,9.89,0
horizons:contrarien:128,horizons,contrarien,1,false,5.83,24,8.94,0
horizons:contrarien:129,horizons,contrarien,0,false,-0.53,24,8.9,0
horizons:contrarien:130,horizons,contrarien,0,false,5.62,26,8.88,0
horizons:contrarien:131,horizons,contrarien,0,false,0.22,27,9.19,0
horizons:contrarien:132,horizons,contrarien,1,false,8.72,24,11.43,0
horizons:contrarien:133,horizons,contrarien,0,false,9.04,24,10.74,0
horizons:contrarien:134,horizons,contrarien,0,false,8.2,27,9.05,0
horizons:contrarien:135,horizons,contrarien,0,false,5.72,27,9.05,0
horizons:contrarien:136,horizons,contrarien,0,false,8.65,24,9.83,0
horizons:contrarien:137,horizons,contrarien,0,false,-0.25,26,9.3,0
horizons:contrarien:138,horizons,contrarien,1,false,-0.04,28,9.12,0
horizons:contrarien:139,horizons,contrarien,1,false,5.87,26,9.1,0
horizons:contrarien:140,horizons,contrarien,0,false,6.33,24,9.03,0
horizons:contrarien:141,horizons,contrarien,0,false,-0.29,26,9.09,0
horizons:contrarien:142,horizons,contrarien,0,false,0.43,24,9.43,0
horizons:contrarien:143,horizons,contrarien,1,false,-0.14,30,8.85,0
horizons:contrarien:144,horizons,contrarien,1,false,-0.37,28,10.1,0
horizons:contrarien:145,horizons,contrarien,1,false,6.55,24,8.97,0
horizons:contrarien:146,horizons,contrarien,0,false,-0.16,28,9.04,0
horizons:contrarien:147,horizons,contrarien,0,false,7.72,24,9.1,0
horizons:contrarien:148,horizons,contrarien,1,false,9.16,28,10.95,0
horizons:contrarien:149,horizons,contrarien,0,false,7.92,24,9.18,0
lr:aleatoire:0,lr,aleatoire,0,false,-0.33,24,8.89,0
lr:aleatoire:1,lr,aleatoire,0,false,6.1,24,8.98,0
lr:aleatoire:2,lr,aleatoire,0,false,6.65,24,8.94,0
lr:aleatoire:3,lr,aleatoire,1,false,0.16,24,10.04,0
lr:aleatoire:4,lr,aleatoire,0,false,0.24,27,9.05,0
lr:aleatoire:5,lr,aleatoire,0,false,0.4,24,10.85,0
lr:aleatoire:6,lr,aleatoire,0,false,7.75,24,9.87,0
lr:aleatoire:7,lr,aleatoire,1,false,0.32,24,8.96,0
lr:aleatoire:8,lr,aleatoire,0,false,-0.13,24,8.96,0
lr:aleatoire:9,lr,aleatoire,0,false,0.34,24,8.93,0
lr:aleatoire:10,lr,aleatoire,0,false,-0.38,24,8.96,0
lr:aleatoire:11,lr,aleatoire,0,false,6.76,24,8.99,0
lr:aleatoire:12,lr,aleatoire,0,false,-0.02,26,8.96,0
lr:aleatoire:13,lr,aleatoire,0,false,6.07,24,8.95,0
lr:aleatoire:14,lr,aleatoire,0,false,0.05,29,8.87,0
lr:aleatoire:15,lr,aleatoire,0,false,6.11,29,10.53,0
lr:aleatoire:16,lr,aleatoire,1,false,0.65,24,9.97,0
lr:aleatoire:17,lr,aleatoire,1,false,13.03,27,8.97,0
lr:aleatoire:18,lr,aleatoire,0,false,5.96,24,8.94,0
lr:aleatoire:19,lr,aleatoire,0,false,0.75,24,11.47,0
lr:aleatoire:20,lr,aleatoire,0,false,7.51,24,8.83,0
lr:aleatoire:21,lr,aleatoire,0,false,0.08,26,9.33,0
lr:aleatoire:22,lr,aleatoire,0,false,0.21,24,9.04,0
lr:aleatoire:23,lr,aleatoire,0,false,0.04,24,8.82,0
lr:aleatoire:24,lr,aleatoire,0,false,0.28,26,9.52,0
lr:aleatoire:25,lr,aleatoire,1,false,8.92,24,9.49,0
lr:aleatoire:26,lr,aleatoire,0,false,0.37,24,8.91,0
lr:aleatoire:27,lr,aleatoire,0,false,0.07,24,8.84,0
lr:aleatoire:28,lr,aleatoire,0,false,-0.45,27,8.96,0
lr:aleatoire:29,lr,aleatoire,0,false,0.27,24,8.98,0
lr:aleatoire:30,lr,aleatoire,0,false,6.19,24,9.01,0
lr:aleatoire:31,lr,aleatoire,0,false,0.89,24,10.6,0
lr:aleatoire:32,lr,aleatoire,0,false,0.37,27,9.63,0
lr:aleatoire:33,lr,aleatoire,1,false,12.98,24,9.42,0
lr:aleatoire:34,lr,aleatoire,0,false,0.64,26,10.91,0
lr:aleatoire:35,lr,aleatoire,0,false,9.64,24,9.01,0
lr:aleatoire:36,lr,aleatoire,0,false,-0.19,27,9.03,0
lr:aleatoire:37,lr,aleatoire,0,false,-0.36,24,8.97,0
lr:aleatoire:38,lr,aleatoire,1,false,5.26,28,9.03,0
lr:aleatoire:39,lr,aleatoire,0,false,-0.04,29,8.9,0
lr:aleatoire:40,lr,aleatoire,0,false,0.37,24,9.14,0
lr:aleatoire:41,lr,aleatoire,1,false,0.14,24,9.06,0
lr:aleatoire:42,lr,aleatoire,0,false,0.13,26,9.11,0
lr:aleatoire:43,lr,aleatoire,0,false,0.66,24,10.3,0
lr:aleatoire:44,lr,aleatoire,1,false,0.08,24,9.79,0
lr:aleatoire:45,lr,aleatoire,0,false,0.31,26,9.01,0
lr:aleatoire:46,lr,aleatoire,1,false,0.17,27,9.02,0
lr:aleatoire:47,lr,aleatoire,0,false,0.27,24,9.28,0
lr:aleatoire:48,lr,aleatoire,0,false,-0.01,24,9.13,0
lr:aleatoire:49,lr,aleatoire,0,false,0.57,24,10.71,0
lr:aleatoire:50,lr,aleatoire,1,false,0.4,24,9.38,0
lr:aleatoire:51,lr,aleatoire,0,false,-0.35,24,9.03,0
lr:aleatoire:52,lr,aleatoire,0,false,0.16,24,8.83,0
lr:aleatoire:53,lr,aleatoire,1,false,0.05,24,9.53,0
lr:aleatoire:54,lr,aleatoire,0,false,-0.14,27,8.96,0
lr:aleatoire:55,lr,aleatoire,2,false,-0.23,27,9.23,0
lr:aleatoire:56,lr,aleatoire,0,false,-0.02,24,8.93,0
lr:aleatoire:57,lr,aleatoire,0,false,-0.36,26,9.04,0
lr:aleatoire:58,lr,aleatoire,0,false,7.05,29,9.1,0
lr:aleatoire:59,lr,aleatoire,0,false,0.24,24,9.05,0
lr:aleatoire:60,lr,aleatoire,1,false,5.63,30,8.87,0
lr:aleatoire:61,lr,aleatoire,0,false,0.93,24,11.28,0
lr:aleatoire:62,lr,aleatoire,0,false,-0.24,24,8.84,0
lr:aleatoire:63,lr,aleatoire,1,false,-0.35,24,8.87,0
lr:aleatoire:64,lr,aleatoire,0,false,-0.48,24,9.04,0
lr:aleatoire:65,lr,aleatoire,1,false,0.03,24,9.01,0
lr:aleatoire:66,lr,aleatoire,0,false,8.64,24,9.27,0
lr:aleatoire:67,lr,aleatoire,0,false,-0.37,30,8.91,0
lr:aleatoire:68,lr,aleatoire,0,false,-0.09,24,9.04,0
lr:aleatoire:69,lr,aleatoire,0,false,0.22,28,8.88,0
lr:aleatoire:70,lr,aleatoire,0,false,0.36,26,9.41,0
lr:aleatoire:71,lr,aleatoire,1,false,-0.11,24,8.94,0
lr:aleatoire:72,lr,aleatoire,0,false,6.38,29,8.97,0
lr:aleatoire:73,lr,aleatoire,0,false,0.15,26,9.18,0
lr:aleatoire:74,lr,aleatoire,0,false,6.82,29,8.96,0
lr:aleatoire:75,lr,aleatoire,0,false,7.56,29,9.64,0
lr:aleatoire:76,lr,aleatoire,1,false,7.68,26,9.16,0
lr:aleatoire:77,lr,aleatoire,1,false,0.2,27,8.91,0
lr:aleatoire:78,lr,aleatoire,0,false,0.46,24,9.48,0
lr:aleatoire:79,lr,aleatoire,0,false,7.39,24,8.88,0
lr:aleatoire:80,lr,aleatoire,1,false,0.56,30,9.57,0
lr:aleatoire:81,lr,aleatoire,1,false,-0.21,24,9.3,0
lr:aleatoire:82,lr,aleatoire,0,false,-0.16,29,8.87,0
lr:aleatoire:83,lr,aleatoire,0,false,-0.08,24,8.9,0
lr:aleatoire:84,lr,aleatoire,0,false,-0.53,24,9.06,0
lr:aleatoire:85,lr,aleatoire,0,false,-0.2,26,8.96,0
lr:aleatoire:86,lr,aleatoire,0,false,8.31,24,9.67,0
lr:aleatoire:87,lr,aleatoire,0,false,-0.13,24,8.91,0
lr:aleatoire:88,lr,aleatoire,0,false,0.07,24,9.05,0
lr:aleatoire:89,lr,aleatoire,0,false,5.76,24,9.01,0
lr:aleatoire:90,lr,aleatoire,0,false,-0.35,28,9.01,0
lr:aleatoire:91,lr,aleatoire,0,false,13.51,27,9.12,0
lr:aleatoire:92,lr,aleatoire,1,false,-0.22,29,9.2,0
lr:aleatoire:93,lr,aleatoire,0,false,14.03,24,9.14,0
lr:aleatoire:94,lr,aleatoire,0,false,8.02,24,9.23,0
lr:aleatoire:95,lr,aleatoire,0,false,-0.17,26,8.91,0
lr:aleatoire:96,lr,aleatoire,1,false,-0.08,24,9.29,0
lr:aleatoire:97,lr,aleatoire,0,false,0.14,24,8.94,0
lr:aleatoire:98,lr,aleatoire,0,false,-0.01,24,8.98,0
lr:aleatoire:99,lr,aleatoire,0,false,0.06,24,9.07,0
lr:aleatoire:100,lr,aleatoire,1,false,-0.2,24,8.89,0
lr:aleatoire:101,lr,aleatoire,1,false,-0.16,24,8.94,0
lr:aleatoire:102,lr,aleatoire,0,false,0.22,27,9.39,0
lr:aleatoire:103,lr,aleatoire,0,false,-0.63,24,8.84,0
lr:aleatoire:104,lr,aleatoire,1,false,0,26,9.27,0
lr:aleatoire:105,lr,aleatoire,0,false,0.03,24,8.95,0
lr:aleatoire:106,lr,aleatoire,1,false,0.06,28,9.34,0
lr:aleatoire:107,lr,aleatoire,0,false,7.73,26,9,0
lr:aleatoire:108,lr,aleatoire,0,false,7.44,28,9.47,0
lr:aleatoire:109,lr,aleatoire,0,false,7.06,30,8.89,0
lr:aleatoire:110,lr,aleatoire,0,false,6.73,24,9.35,0
lr:aleatoire:111,lr,aleatoire,1,false,6.25,24,9.4,0
lr:aleatoire:112,lr,aleatoire,0,false,-0.28,24,8.81,0
lr:aleatoire:113,lr,aleatoire,0,false,6,24,9.18,0
lr:aleatoire:114,lr,aleatoire,0,false,-0.12,27,9.28,0
lr:aleatoire:115,lr,aleatoire,0,false,-0.27,24,9.02,0
lr:aleatoire:116,lr,aleatoire,0,false,-1.33,27,8.85,0
lr:aleatoire:117,lr,aleatoire,0,false,0,24,8.82,0
lr:aleatoire:118,lr,aleatoire,0,false,6,24,9.13,0
lr:aleatoire:119,lr,aleatoire,0,false,6.13,24,9.03,0
lr:aleatoire:120,lr,aleatoire,0,false,-0.39,24,9.08,0
lr:aleatoire:121,lr,aleatoire,0,false,14.24,24,9.06,0
lr:aleatoire:122,lr,aleatoire,0,false,6.14,24,9.75,0
lr:aleatoire:123,lr,aleatoire,0,false,-0.21,24,9.18,0
lr:aleatoire:124,lr,aleatoire,0,false,5.94,24,9.37,0
lr:aleatoire:125,lr,aleatoire,1,false,0.08,29,9.41,0
lr:aleatoire:126,lr,aleatoire,0,false,-0.36,30,9.06,0
lr:aleatoire:127,lr,aleatoire,1,false,-0.37,24,8.83,0
lr:aleatoire:128,lr,aleatoire,0,false,0,28,9.13,0
lr:aleatoire:129,lr,aleatoire,0,false,6.69,24,9.14,0
lr:aleatoire:130,lr,aleatoire,0,false,8.18,24,9.72,0
lr:aleatoire:131,lr,aleatoire,0,false,5.91,27,8.84,0
lr:aleatoire:132,lr,aleatoire,0,false,8.37,27,9.47,0
lr:aleatoire:133,lr,aleatoire,0,false,5.91,24,8.96,0
lr:aleatoire:134,lr,aleatoire,0,false,-0.04,24,9.02,0
lr:aleatoire:135,lr,aleatoire,0,false,6.06,24,8.92,0
lr:aleatoire:136,lr,aleatoire,1,false,10.67,24,12.08,0
lr:aleatoire:137,lr,aleatoire,0,false,0.01,24,8.97,0
lr:aleatoire:138,lr,aleatoire,1,false,-0.27,24,8.97,0
lr:aleatoire:139,lr,aleatoire,0,false,0.29,24,9,0
lr:aleatoire:140,lr,aleatoire,0,false,0.5,24,9.88,0
lr:aleatoire:141,lr,aleatoire,1,false,7.25,27,9.01,0
lr:aleatoire:142,lr,aleatoire,1,false,0.16,24,9.16,0
lr:aleatoire:143,lr,aleatoire,1,false,5.92,24,9.22,0
lr:aleatoire:144,lr,aleatoire,1,false,0.63,27,9.19,0
lr:aleatoire:145,lr,aleatoire,1,false,-0.44,24,8.92,0
lr:aleatoire:146,lr,aleatoire,0,false,6.42,24,9.09,0
lr:aleatoire:147,lr,aleatoire,0,false,0.38,26,9.42,0
lr:aleatoire:148,lr,aleatoire,0,false,-0.31,26,8.93,0
lr:aleatoire:149,lr,aleatoire,1,false,5.75,24,8.95,0
lr:prudent:0,lr,prudent,1,false,-0.43,28,8.94,0
lr:prudent:1,lr,prudent,0,false,7.89,24,9.15,0
lr:prudent:2,lr,prudent,0,false,0.6,30,10.47,0
lr:prudent:3,lr,prudent,0,false,0.13,24,8.92,0
lr:prudent:4,lr,prudent,1,false,8.16,27,9.32,0
lr:prudent:5,lr,prudent,1,false,0.15,24,9.22,0
lr:prudent:6,lr,prudent,1,false,-0.04,24,8.87,0
lr:prudent:7,lr,prudent,1,false,0.17,24,8.83,0
lr:prudent:8,lr,prudent,0,false,0.13,30,9.06,0
lr:prudent:9,lr,prudent,0,false,5.99,28,8.98,0
lr:prudent:10,lr,prudent,0,false,-0.03,26,9,0
lr:prudent:11,lr,prudent,0,false,-0.1,24,8.96,0
lr:prudent:12,lr,prudent,0,false,-0.64,24,8.99,0
lr:prudent:13,lr,prudent,0,false,7.61,27,9.05,0
lr:prudent:14,lr,prudent,0,false,-0.23,24,9.03,0
lr:prudent:15,lr,prudent,0,false,0.41,24,9.24,0
lr:prudent:16,lr,prudent,1,false,-0.47,27,8.99,0
lr:prudent:17,lr,prudent,0,false,5.69,24,8.8,0
lr:prudent:18,lr,prudent,0,false,0.32,24,9.17,0
lr:prudent:19,lr,prudent,0,false,0.27,30,8.93,0
lr:prudent:20,lr,prudent,0,false,-0.1,26,9.02,0
lr:prudent:21,lr,prudent,0,false,-0.1,27,9.01,0
lr:prudent:22,lr,prudent,0,false,0.65,26,9.93,0
lr:prudent:23,lr,prudent,0,false,-0.47,29,8.95,0
lr:prudent:24,lr,prudent,1,false,0.6,24,9.36,0
lr:prudent:25,lr,prudent,0,false,0.07,24,8.89,0
lr:prudent:26,lr,prudent,0,false,0.21,24,9.42,0
lr:prudent:27,lr,prudent,0,false,-0.44,26,8.97,0
lr:prudent:28,lr,prudent,0,false,6.22,24,8.88,0
lr:prudent:29,lr,prudent,0,false,7.73,28,8.95,0
lr:prudent:30,lr,prudent,1,false,-0.2,26,9.09,0
lr:prudent:31,lr,prudent,0,false,0.43,29,9.27,0
lr:prudent:32,lr,prudent,0,false,-0.45,27,8.93,0
lr:prudent:33,lr,prudent,0,false,-0.25,26,9.01,0
lr:prudent:34,lr,prudent,0,false,12.77,29,9.07,0
lr:prudent:35,lr,prudent,0,false,7.52,24,8.99,0
lr:prudent:36,lr,prudent,0,false,6.6,25,8.94,0
lr:prudent:37,lr,prudent,0,false,0.57,24,9.96,0
lr:prudent:38,lr,prudent,0,false,-0.05,24,8.96,0
lr:prudent:39,lr,prudent,0,false,14.75,24,9.03,0
lr:prudent:40,lr,prudent,0,false,0.15,29,8.98,0
lr:prudent:41,lr,prudent,0,false,-0.11,24,8.85,0
lr:prudent:42,lr,prudent,0,false,0.17,24,8.87,0
lr:prudent:43,lr,prudent,1,false,6.18,24,9.05,0
lr:prudent:44,lr,prudent,0,false,12.69,28,9,0
lr:prudent:45,lr,prudent,0,false,0.13,24,9.12,0
lr:prudent:46,lr,prudent,1,false,0.32,24,9.08,0
lr:prudent:47,lr,prudent,0,false,-0.11,28,8.87,0
lr:prudent:48,lr,prudent,0,false,0.47,24,9.44,0
lr:prudent:49,lr,prudent,0,false,0.31,24,8.92,0
lr:prudent:50,lr,prudent,0,false,0.22,24,8.96,0
lr:prudent:51,lr,prudent,0,false,5.56,24,8.83,0
lr:prudent:52,lr,prudent,0,false,12.66,29,8.94,0
lr:prudent:53,lr,prudent,0,false,0.66,24,9.24,0
lr:prudent:54,lr,prudent,0,false,0.02,26,9.24,0
lr:prudent:55,lr,prudent,0,false,-0.24,28,9.01,0
lr:prudent:56,lr,prudent,0,false,-0.42,24,8.95,0
lr:prudent:57,lr,prudent,0,false,0.71,24,9.81,0
lr:prudent:58,lr,prudent,1,false,5.95,26,9.08,0
lr:prudent:59,lr,prudent,0,false,0.3,24,8.99,0
lr:prudent:60,lr,prudent,0,false,4.04,27,9.01,0
lr:prudent:61,lr,prudent,1,false,-0.09,24,8.88,0
lr:prudent:62,lr,prudent,0,false,-0.14,26,8.98,0
lr:prudent:63,lr,prudent,1,false,-0.17,28,8.86,0
lr:prudent:64,lr,prudent,1,false,-0.37,27,8.93,0
lr:prudent:65,lr,prudent,1,false,0.39,24,10.1,0
lr:prudent:66,lr,prudent,1,false,0.18,24,9.03,0
lr:prudent:67,lr,prudent,0,false,0.7,24,9.28,0
lr:prudent:68,lr,prudent,0,false,0.63,24,9.11,0
lr:prudent:69,lr,prudent,0,false,0.18,24,8.88,0
lr:prudent:70,lr,prudent,0,false,0.15,24,9.08,0
lr:prudent:71,lr,prudent,0,false,-0.25,24,8.98,0
lr:prudent:72,lr,prudent,1,false,-0.38,24,8.84,0
lr:prudent:73,lr,prudent,0,false,0.07,28,9.04,0
lr:prudent:74,lr,prudent,0,false,-0.18,24,9.05,0
lr:prudent:75,lr,prudent,0,false,6.13,24,8.88,0
lr:prudent:76,lr,prudent,0,false,-0.83,30,8.99,0
lr:prudent:77,lr,prudent,0,false,0.64,24,9.67,0
lr:prudent:78,lr,prudent,1,false,0.7,26,9.94,0
lr:prudent:79,lr,prudent,0,false,5.82,24,9.21,0
lr:prudent:80,lr,prudent,0,false,-0.08,24,8.92,0
lr:prudent:81,lr,prudent,1,false,7.91,24,8.9,0
lr:prudent:82,lr,prudent,1,false,5.61,26,9.03,0
lr:prudent:83,lr,prudent,0,false,-0.12,24,8.94,0
lr:prudent:84,lr,prudent,1,false,0.84,24,10.69,0
lr:prudent:85,lr,prudent,0,false,0.42,24,9.14,0
lr:prudent:86,lr,prudent,0,false,-0.1,28,8.85,0
lr:prudent:87,lr,prudent,0,false,6.25,30,9.02,0
lr:prudent:88,lr,prudent,1,false,0.08,24,8.86,0
lr:prudent:89,lr,prudent,0,false,0.05,24,9.11,0
lr:prudent:90,lr,prudent,0,false,-0.04,24,8.88,0
lr:prudent:91,lr,prudent,0,false,-0.04,24,9.06,0
lr:prudent:92,lr,prudent,0,false,-0.01,24,9.01,0
lr:prudent:93,lr,prudent,1,false,-0.64,24,9.06,0
lr:prudent:94,lr,prudent,0,false,-0.22,26,8.99,0
lr:prudent:95,lr,prudent,1,false,-0.02,30,9.2,0
lr:prudent:96,lr,prudent,0,false,0.21,24,8.93,0
lr:prudent:97,lr,prudent,0,false,5.85,26,8.96,0
lr:prudent:98,lr,prudent,0,false,-0.04,24,8.98,0
lr:prudent:99,lr,prudent,0,false,-0.21,24,8.9,0
lr:prudent:100,lr,prudent,0,false,0.57,26,10.09,0
lr:prudent:101,lr,prudent,0,false,0.97,29,10.62,0
lr:prudent:102,lr,prudent,0,false,8.04,27,8.95,0
lr:prudent:103,lr,prudent,1,false,-0.08,24,9.03,0
lr:prudent:104,lr,prudent,0,false,0.06,24,8.97,0
lr:prudent:105,lr,prudent,0,false,7.19,26,8.96,0
lr:prudent:106,lr,prudent,0,false,0.18,24,9.23,0
lr:prudent:107,lr,prudent,0,false,0.07,24,9.03,0
lr:prudent:108,lr,prudent,1,false,0.17,24,9.15,0
lr:prudent:109,lr,prudent,0,false,0.51,24,9.13,0
lr:prudent:110,lr,prudent,0,false,0.32,26,9.48,0
lr:prudent:111,lr,prudent,0,false,7.71,25,9.06,0
lr:prudent:112,lr,prudent,0,false,6.66,26,9.01,0
lr:prudent:113,lr,prudent,0,false,-0.33,26,9.05,0
lr:prudent:114,lr,prudent,0,false,-0.11,28,8.96,0
lr:prudent:115,lr,prudent,0,false,6.39,25,8.92,0
lr:prudent:116,lr,prudent,0,false,-0.32,26,9.16,0
lr:prudent:117,lr,prudent,0,false,-0.4,24,9.02,0
lr:prudent:118,lr,prudent,1,false,-0.14,24,8.92,0
lr:prudent:119,lr,prudent,0,false,-0.13,24,8.88,0
lr:prudent:120,lr,prudent,0,false,0.05,24,9.04,0
lr:prudent:121,lr,prudent,0,false,0.13,24,8.88,0
lr:prudent:122,lr,prudent,0,false,-0.14,24,8.9,0
lr:prudent:123,lr,prudent,0,false,-0.12,24,8.95,0
lr:prudent:124,lr,prudent,0,false,6.21,24,9.13,0
lr:prudent:125,lr,prudent,0,false,5.97,24,9.02,0
lr:prudent:126,lr,prudent,0,false,5.94,27,8.99,0
lr:prudent:127,lr,prudent,0,false,5.92,26,8.98,0
lr:prudent:128,lr,prudent,0,false,6.55,24,9.38,0
lr:prudent:129,lr,prudent,1,false,6.39,25,16.39,16.39
lr:prudent:130,lr,prudent,0,false,5.45,27,9.09,0
lr:prudent:131,lr,prudent,0,false,0.1,24,8.93,0
lr:prudent:132,lr,prudent,0,false,5.79,24,8.89,0
lr:prudent:133,lr,prudent,0,false,0.03,24,8.98,0
lr:prudent:134,lr,prudent,0,false,-0.1,24,9.04,0
lr:prudent:135,lr,prudent,0,false,-0.11,24,8.91,0
lr:prudent:136,lr,prudent,0,false,5.85,27,9.02,0
lr:prudent:137,lr,prudent,0,false,0.14,24,8.88,0
lr:prudent:138,lr,prudent,1,false,-0.42,24,9.08,0
lr:prudent:139,lr,prudent,0,false,6.95,29,8.97,0
lr:prudent:140,lr,prudent,0,false,0.02,24,9.06,0
lr:prudent:141,lr,prudent,0,false,6.63,24,9.66,0
lr:prudent:142,lr,prudent,0,false,8.02,24,9,0
lr:prudent:143,lr,prudent,0,false,-0.09,24,8.89,0
lr:prudent:144,lr,prudent,0,false,-0.58,24,8.98,0
lr:prudent:145,lr,prudent,1,false,-0.27,24,9.01,0
lr:prudent:146,lr,prudent,0,false,6.71,28,9.91,0
lr:prudent:147,lr,prudent,0,false,7.12,27,8.99,0
lr:prudent:148,lr,prudent,1,false,0.23,24,9,0
lr:prudent:149,lr,prudent,0,false,8,30,8.94,0
lr:risque:0,lr,risque,0,false,5.76,29,9,0
lr:risque:1,lr,risque,0,false,1.09,24,11.34,0
lr:risque:2,lr,risque,0,false,6.68,25,9,0
lr:risque:3,lr,risque,0,false,0.28,24,9.31,0
lr:risque:4,lr,risque,0,false,0.48,28,10.03,0
lr:risque:5,lr,risque,0,false,0.3,24,9.42,0
lr:risque:6,lr,risque,1,false,-0.26,24,8.95,0
lr:risque:7,lr,risque,1,false,-0.37,28,8.93,0
lr:risque:8,lr,risque,0,false,7.09,25,8.98,0
lr:risque:9,lr,risque,0,false,-0.6,28,9.09,0
lr:risque:10,lr,risque,1,false,-0.06,27,9.06,0
lr:risque:11,lr,risque,0,false,-0.05,24,9.04,0
lr:risque:12,lr,risque,0,false,-0.26,24,8.96,0
lr:risque:13,lr,risque,0,false,13.29,27,8.86,0
lr:risque:14,lr,risque,0,false,0.4,28,9.47,0
lr:risque:15,lr,risque,0,false,5.8,28,8.93,0
lr:risque:16,lr,risque,0,false,5.76,24,8.85,0
lr:risque:17,lr,risque,1,false,-0.15,24,8.99,0
lr:risque:18,lr,risque,0,false,6.01,30,8.9,0
lr:risque:19,lr,risque,1,false,0.5,24,9.66,0
lr:risque:20,lr,risque,0,false,6.52,30,8.91,0
lr:risque:21,lr,risque,0,false,0.02,29,9,0
lr:risque:22,lr,risque,0,false,6.9,26,9.01,0
lr:risque:23,lr,risque,0,false,0.1,24,9.2,0
lr:risque:24,lr,risque,1,false,0.49,24,9.31,0
lr:risque:25,lr,risque,1,false,0.33,24,9.36,0
lr:risque:26,lr,risque,0,false,5.19,26,8.97,0
lr:risque:27,lr,risque,0,false,-0.21,24,8.96,0
lr:risque:28,lr,risque,0,false,6.25,24,9.06,0
lr:risque:29,lr,risque,0,false,0.52,24,9.5,0
lr:risque:30,lr,risque,0,false,0.07,26,9.29,0
lr:risque:31,lr,risque,0,false,11.94,29,8.96,0
lr:risque:32,lr,risque,1,false,6.09,24,9.02,0
lr:risque:33,lr,risque,1,false,5.55,29,9.08,0
lr:risque:34,lr,risque,1,false,5.65,24,8.91,0
lr:risque:35,lr,risque,1,false,5.81,26,8.96,0
lr:risque:36,lr,risque,1,false,-0.47,26,8.83,0
lr:risque:37,lr,risque,1,false,7.72,29,8.9,0
lr:risque:38,lr,risque,2,false,14.01,29,9.08,0
lr:risque:39,lr,risque,1,false,0.86,24,10.4,0
lr:risque:40,lr,risque,0,false,12.8,26,8.94,0
lr:risque:41,lr,risque,0,false,0.62,26,10.31,0
lr:risque:42,lr,risque,0,false,0.43,24,8.96,0
lr:risque:43,lr,risque,1,false,0.26,24,8.86,0
lr:risque:44,lr,risque,0,false,-0.14,28,8.96,0
lr:risque:45,lr,risque,1,false,-0.14,26,8.99,0
lr:risque:46,lr,risque,1,false,6,28,9.02,0
lr:risque:47,lr,risque,0,false,0.18,24,8.81,0
lr:risque:48,lr,risque,0,false,13.52,24,10.59,0
lr:risque:49,lr,risque,1,false,-0.02,24,9.02,0
lr:risque:50,lr,risque,0,false,12.08,30,8.98,0
lr:risque:51,lr,risque,0,false,6.23,28,9.03,0
lr:risque:52,lr,risque,0,false,5.73,29,9.06,0
lr:risque:53,lr,risque,0,false,5.81,26,8.9,0
lr:risque:54,lr,risque,0,false,0.14,24,8.93,0
lr:risque:55,lr,risque,0,false,0.1,24,8.95,0
lr:risque:56,lr,risque,1,false,5.6,29,9,0
lr:risque:57,lr,risque,0,false,6.21,27,9.02,0
lr:risque:58,lr,risque,0,false,0.25,24,9.05,0
lr:risque:59,lr,risque,0,false,-0.16,27,9.03,0
lr:risque:60,lr,risque,1,false,-0.14,30,9,0
lr:risque:61,lr,risque,0,false,-0.06,26,9.07,0
lr:risque:62,lr,risque,0,false,5.64,29,8.93,0
lr:risque:63,lr,risque,0,false,0.39,24,9.63,0
lr:risque:64,lr,risque,0,false,0.37,24,9.97,0
lr:risque:65,lr,risque,0,false,6.12,29,8.84,0
lr:risque:66,lr,risque,1,false,0.34,24,9.38,0
lr:risque:67,lr,risque,0,false,-0.3,24,8.94,0
lr:risque:68,lr,risque,0,false,0.31,24,9.42,0
lr:risque:69,lr,risque,0,false,6.29,24,9.42,0
lr:risque:70,lr,risque,1,false,-0.09,24,9.13,0
lr:risque:71,lr,risque,0,false,0.12,24,9.03,0
lr:risque:72,lr,risque,0,false,6.16,26,9.03,0
lr:risque:73,lr,risque,0,false,-0.32,24,8.95,0
lr:risque:74,lr,risque,1,false,6.35,25,8.93,0
lr:risque:75,lr,risque,0,false,0.08,24,9,0
lr:risque:76,lr,risque,1,false,0.07,24,8.95,0
lr:risque:77,lr,risque,0,false,0.53,28,9.35,0
lr:risque:78,lr,risque,0,false,0.33,24,8.93,0
lr:risque:79,lr,risque,0,false,-0.36,27,8.86,0
lr:risque:80,lr,risque,0,false,0.4,26,8.91,0
lr:risque:81,lr,risque,0,false,-0.33,24,8.91,0
lr:risque:82,lr,risque,0,false,7.32,26,9.03,0
lr:risque:83,lr,risque,0,false,-0.07,26,9.03,0
lr:risque:84,lr,risque,1,false,-0.06,24,9.03,0
lr:risque:85,lr,risque,1,false,0.04,26,9.04,0
lr:risque:86,lr,risque,0,false,8.13,25,8.98,0
lr:risque:87,lr,risque,1,false,-0.35,24,8.94,0
lr:risque:88,lr,risque,0,false,-0.49,26,9.01,0
lr:risque:89,lr,risque,1,false,5.94,24,9.01,0
lr:risque:90,lr,risque,0,false,-0.34,26,8.86,0
lr:risque:91,lr,risque,0,false,-0.53,24,8.93,0
lr:risque:92,lr,risque,0,false,-0.33,24,8.91,0
lr:risque:93,lr,risque,1,false,-0.08,29,9.49,0
lr:risque:94,lr,risque,1,false,7.29,28,9.42,0
lr:risque:95,lr,risque,0,false,-0.58,26,8.96,0
lr:risque:96,lr,risque,0,false,0.18,28,8.94,0
lr:risque:97,lr,risque,0,false,0.04,24,8.93,0
lr:risque:98,lr,risque,1,false,-0.19,24,9.08,0
lr:risque:99,lr,risque,0,false,12.22,29,8.92,0
lr:risque:100,lr,risque,0,false,5.51,24,9.02,0
lr:risque:101,lr,risque,0,false,0.02,26,9.1,0
lr:risque:102,lr,risque,0,false,-0.35,26,8.88,0
lr:risque:103,lr,risque,0,false,-0.11,24,9.06,0
lr:risque:104,lr,risque,1,false,0.08,29,9.11,0
lr:risque:105,lr,risque,0,false,0.58,24,9.24,0
lr:risque:106,lr,risque,0,false,5.94,24,9,0
lr:risque:107,lr,risque,1,false,6.38,24,9.57,0
lr:risque:108,lr,risque,0,false,6.01,24,9.21,0
lr:risque:109,lr,risque,0,false,-0.06,24,9.15,0
lr:risque:110,lr,risque,0,false,-0.21,27,9.03,0
lr:risque:111,lr,risque,0,false,0.13,24,8.9,0
lr:risque:112,lr,risque,0,false,0.4,24,9.53,0
lr:risque:113,lr,risque,0,false,-0.39,26,8.97,0
lr:risque:114,lr,risque,1,false,-0.07,24,9.14,0
lr:risque:115,lr,risque,0,false,-0.22,29,8.9,0
lr:risque:116,lr,risque,1,false,-0.47,24,8.87,0
lr:risque:117,lr,risque,0,false,0.56,26,9.63,0
lr:risque:118,lr,risque,0,false,0.28,27,9.01,0
lr:risque:119,lr,risque,0,false,-0.16,27,8.85,0
lr:risque:120,lr,risque,0,false,0.31,24,8.87,0
lr:risque:121,lr,risque,1,false,8.06,27,9.05,0
lr:risque:122,lr,risque,1,false,0.28,30,8.87,0
lr:risque:123,lr,risque,1,false,-0.07,24,8.94,0
lr:risque:124,lr,risque,2,false,-0.08,24,8.94,0
lr:risque:125,lr,risque,0,false,-0.31,24,8.91,0
lr:risque:126,lr,risque,0,false,0.19,24,8.91,0
lr:risque:127,lr,risque,0,false,5.94,24,8.93,0
lr:risque:128,lr,risque,0,false,-0.34,26,8.97,0
lr:risque:129,lr,risque,0,false,5.04,24,8.96,0
lr:risque:130,lr,risque,0,false,0.25,24,9.08,0
lr:risque:131,lr,risque,0,false,-0.29,24,8.91,0
lr:risque:132,lr,risque,0,false,0.2,24,8.95,0
lr:risque:133,lr,risque,0,false,0.04,26,9.2,0
lr:risque:134,lr,risque,0,false,0.29,24,9.02,0
lr:risque:135,lr,risque,0,false,0.29,24,9.38,0
lr:risque:136,lr,risque,1,false,-0.04,24,8.91,0
lr:risque:137,lr,risque,1,false,-0.03,24,9.02,0
lr:risque:138,lr,risque,1,false,6.52,24,8.86,0
lr:risque:139,lr,risque,0,false,0.6,24,9.37,0
lr:risque:140,lr,risque,0,false,8.67,28,8.95,0
lr:risque:141,lr,risque,0,false,6.14,26,9.01,0
lr:risque:142,lr,risque,0,false,0.28,26,8.83,0
lr:risque:143,lr,risque,1,false,0.01,30,9.13,0
lr:risque:144,lr,risque,0,false,0.19,26,8.98,0
lr:risque:145,lr,risque,0,false,5.85,30,9.1,0
lr:risque:146,lr,risque,0,false,-0.18,24,9.01,0
lr:risque:147,lr,risque,0,false,-0.43,24,8.76,0
lr:risque:148,lr,risque,0,false,-0.1,27,8.98,0
lr:risque:149,lr,risque,0,false,5.96,29,8.93,0
lr:ideologiquement_coherent:0,lr,ideologiquement_coherent,1,false,7.78,26,10.1,0
lr:ideologiquement_coherent:1,lr,ideologiquement_coherent,1,false,13.87,25,9.46,0
lr:ideologiquement_coherent:2,lr,ideologiquement_coherent,1,false,0.06,24,8.89,0
lr:ideologiquement_coherent:3,lr,ideologiquement_coherent,0,false,5.46,24,8.93,0
lr:ideologiquement_coherent:4,lr,ideologiquement_coherent,0,false,6.62,28,9.03,0
lr:ideologiquement_coherent:5,lr,ideologiquement_coherent,0,false,7.04,29,9.24,0
lr:ideologiquement_coherent:6,lr,ideologiquement_coherent,0,false,5.75,24,8.9,0
lr:ideologiquement_coherent:7,lr,ideologiquement_coherent,0,false,5.72,24,8.98,0
lr:ideologiquement_coherent:8,lr,ideologiquement_coherent,0,false,0.08,29,8.93,0
lr:ideologiquement_coherent:9,lr,ideologiquement_coherent,0,false,0.34,24,8.94,0
lr:ideologiquement_coherent:10,lr,ideologiquement_coherent,1,false,6.17,24,8.89,0
lr:ideologiquement_coherent:11,lr,ideologiquement_coherent,0,false,6.33,24,9.1,0
lr:ideologiquement_coherent:12,lr,ideologiquement_coherent,0,false,-0.47,24,8.98,0
lr:ideologiquement_coherent:13,lr,ideologiquement_coherent,0,false,13.31,29,8.89,0
lr:ideologiquement_coherent:14,lr,ideologiquement_coherent,0,false,5.64,28,8.91,0
lr:ideologiquement_coherent:15,lr,ideologiquement_coherent,0,false,-0.05,24,9.24,0
lr:ideologiquement_coherent:16,lr,ideologiquement_coherent,0,false,7.11,28,8.99,0
lr:ideologiquement_coherent:17,lr,ideologiquement_coherent,0,false,6.22,24,8.98,0
lr:ideologiquement_coherent:18,lr,ideologiquement_coherent,0,false,-0.49,24,8.79,0
lr:ideologiquement_coherent:19,lr,ideologiquement_coherent,0,false,0.06,24,8.86,0
lr:ideologiquement_coherent:20,lr,ideologiquement_coherent,0,false,-0.61,27,8.92,0
lr:ideologiquement_coherent:21,lr,ideologiquement_coherent,0,false,-0.64,24,8.97,0
lr:ideologiquement_coherent:22,lr,ideologiquement_coherent,0,false,0.5,24,9.2,0
lr:ideologiquement_coherent:23,lr,ideologiquement_coherent,0,false,6.82,29,8.97,0
lr:ideologiquement_coherent:24,lr,ideologiquement_coherent,0,false,-0.32,26,8.9,0
lr:ideologiquement_coherent:25,lr,ideologiquement_coherent,0,false,-0.17,26,8.9,0
lr:ideologiquement_coherent:26,lr,ideologiquement_coherent,1,false,-0.09,24,8.91,0
lr:ideologiquement_coherent:27,lr,ideologiquement_coherent,0,false,0.72,26,10.09,0
lr:ideologiquement_coherent:28,lr,ideologiquement_coherent,0,false,0.17,24,9.32,0
lr:ideologiquement_coherent:29,lr,ideologiquement_coherent,0,false,12.85,24,9.05,0
lr:ideologiquement_coherent:30,lr,ideologiquement_coherent,0,false,6.05,29,8.96,0
lr:ideologiquement_coherent:31,lr,ideologiquement_coherent,0,false,-0.15,24,8.95,0
lr:ideologiquement_coherent:32,lr,ideologiquement_coherent,0,false,-0.02,24,8.91,0
lr:ideologiquement_coherent:33,lr,ideologiquement_coherent,1,false,6.03,24,8.96,0
lr:ideologiquement_coherent:34,lr,ideologiquement_coherent,0,false,0.16,24,9.01,0
lr:ideologiquement_coherent:35,lr,ideologiquement_coherent,0,false,0.05,24,9.19,0
lr:ideologiquement_coherent:36,lr,ideologiquement_coherent,0,false,6.35,27,9.46,0
lr:ideologiquement_coherent:37,lr,ideologiquement_coherent,1,false,5.46,29,9.02,0
lr:ideologiquement_coherent:38,lr,ideologiquement_coherent,1,false,6.23,29,9.02,0
lr:ideologiquement_coherent:39,lr,ideologiquement_coherent,1,false,6.4,29,8.97,0
lr:ideologiquement_coherent:40,lr,ideologiquement_coherent,0,false,-1.11,26,8.99,0
lr:ideologiquement_coherent:41,lr,ideologiquement_coherent,0,false,7.56,28,10.84,0
lr:ideologiquement_coherent:42,lr,ideologiquement_coherent,0,false,-0.1,24,8.96,0
lr:ideologiquement_coherent:43,lr,ideologiquement_coherent,1,false,0.34,26,9.13,0
lr:ideologiquement_coherent:44,lr,ideologiquement_coherent,0,false,6.17,24,8.89,0
lr:ideologiquement_coherent:45,lr,ideologiquement_coherent,1,false,-0.23,27,8.95,0
lr:ideologiquement_coherent:46,lr,ideologiquement_coherent,0,false,-0.24,26,8.89,0
lr:ideologiquement_coherent:47,lr,ideologiquement_coherent,0,false,0.52,26,9.3,0
lr:ideologiquement_coherent:48,lr,ideologiquement_coherent,0,false,5.91,24,9.05,0
lr:ideologiquement_coherent:49,lr,ideologiquement_coherent,0,false,0.45,26,9.79,0
lr:ideologiquement_coherent:50,lr,ideologiquement_coherent,0,false,11.71,26,8.98,0
lr:ideologiquement_coherent:51,lr,ideologiquement_coherent,0,false,0.25,24,8.95,0
lr:ideologiquement_coherent:52,lr,ideologiquement_coherent,0,false,5.08,30,8.83,0
lr:ideologiquement_coherent:53,lr,ideologiquement_coherent,0,false,6.73,24,8.97,0
lr:ideologiquement_coherent:54,lr,ideologiquement_coherent,0,false,6.22,26,8.96,0
lr:ideologiquement_coherent:55,lr,ideologiquement_coherent,0,false,-0.01,24,8.95,0
lr:ideologiquement_coherent:56,lr,ideologiquement_coherent,0,false,-0.01,26,9.11,0
lr:ideologiquement_coherent:57,lr,ideologiquement_coherent,0,false,5.63,24,9.02,0
lr:ideologiquement_coherent:58,lr,ideologiquement_coherent,0,false,-0.55,24,8.87,0
lr:ideologiquement_coherent:59,lr,ideologiquement_coherent,0,false,-0.43,26,9.02,0
lr:ideologiquement_coherent:60,lr,ideologiquement_coherent,0,false,0.59,24,9.01,0
lr:ideologiquement_coherent:61,lr,ideologiquement_coherent,1,false,-0.33,26,8.98,0
lr:ideologiquement_coherent:62,lr,ideologiquement_coherent,1,false,5.95,26,8.93,0
lr:ideologiquement_coherent:63,lr,ideologiquement_coherent,0,false,6.24,27,9.01,0
lr:ideologiquement_coherent:64,lr,ideologiquement_coherent,0,false,6.61,26,8.93,0
lr:ideologiquement_coherent:65,lr,ideologiquement_coherent,0,false,0.74,24,9.71,0
lr:ideologiquement_coherent:66,lr,ideologiquement_coherent,1,false,-0.02,24,8.94,0
lr:ideologiquement_coherent:67,lr,ideologiquement_coherent,0,false,-0.47,24,8.94,0
lr:ideologiquement_coherent:68,lr,ideologiquement_coherent,1,false,4.57,28,9.21,0
lr:ideologiquement_coherent:69,lr,ideologiquement_coherent,0,false,0.06,24,8.84,0
lr:ideologiquement_coherent:70,lr,ideologiquement_coherent,1,false,0.49,24,10,0
lr:ideologiquement_coherent:71,lr,ideologiquement_coherent,0,false,-0.19,24,9.24,0
lr:ideologiquement_coherent:72,lr,ideologiquement_coherent,1,false,-0.38,24,8.94,0
lr:ideologiquement_coherent:73,lr,ideologiquement_coherent,0,false,-0.45,26,8.91,0
lr:ideologiquement_coherent:74,lr,ideologiquement_coherent,0,false,0.17,24,8.91,0
lr:ideologiquement_coherent:75,lr,ideologiquement_coherent,0,false,6.21,24,8.89,0
lr:ideologiquement_coherent:76,lr,ideologiquement_coherent,0,false,-0.07,24,8.91,0
lr:ideologiquement_coherent:77,lr,ideologiquement_coherent,0,false,5.9,24,8.98,0
lr:ideologiquement_coherent:78,lr,ideologiquement_coherent,1,false,0.38,24,9.33,0
lr:ideologiquement_coherent:79,lr,ideologiquement_coherent,1,false,0.41,26,9.35,0
lr:ideologiquement_coherent:80,lr,ideologiquement_coherent,0,false,0.24,28,8.99,0
lr:ideologiquement_coherent:81,lr,ideologiquement_coherent,0,false,0.27,24,9.02,0
lr:ideologiquement_coherent:82,lr,ideologiquement_coherent,0,false,7.15,28,8.91,0
lr:ideologiquement_coherent:83,lr,ideologiquement_coherent,1,false,-0.24,27,9.22,0
lr:ideologiquement_coherent:84,lr,ideologiquement_coherent,1,false,0.16,26,8.91,0
lr:ideologiquement_coherent:85,lr,ideologiquement_coherent,0,false,-0.14,24,9.01,0
lr:ideologiquement_coherent:86,lr,ideologiquement_coherent,0,false,0.42,24,17.42,16.91
lr:ideologiquement_coherent:87,lr,ideologiquement_coherent,0,false,6.45,24,9.26,0
lr:ideologiquement_coherent:88,lr,ideologiquement_coherent,0,false,0.07,24,9.03,0
lr:ideologiquement_coherent:89,lr,ideologiquement_coherent,1,false,6.5,25,8.89,0
lr:ideologiquement_coherent:90,lr,ideologiquement_coherent,0,false,0.26,28,9.27,0
lr:ideologiquement_coherent:91,lr,ideologiquement_coherent,0,false,0.14,26,9.31,0
lr:ideologiquement_coherent:92,lr,ideologiquement_coherent,1,false,5.93,29,8.8,0
lr:ideologiquement_coherent:93,lr,ideologiquement_coherent,0,false,5.49,24,8.86,0
lr:ideologiquement_coherent:94,lr,ideologiquement_coherent,0,false,0.46,29,9.38,0
lr:ideologiquement_coherent:95,lr,ideologiquement_coherent,0,false,6.08,26,9.13,0
lr:ideologiquement_coherent:96,lr,ideologiquement_coherent,0,false,5.79,24,8.94,0
lr:ideologiquement_coherent:97,lr,ideologiquement_coherent,0,false,0.08,24,8.85,0
lr:ideologiquement_coherent:98,lr,ideologiquement_coherent,0,false,6.02,27,9.06,0
lr:ideologiquement_coherent:99,lr,ideologiquement_coherent,1,false,5.98,24,9.21,0
lr:ideologiquement_coherent:100,lr,ideologiquement_coherent,0,false,5.79,29,8.91,0
lr:ideologiquement_coherent:101,lr,ideologiquement_coherent,1,false,5.87,27,9.71,0
lr:ideologiquement_coherent:102,lr,ideologiquement_coherent,0,false,-0.05,24,9.02,0
lr:ideologiquement_coherent:103,lr,ideologiquement_coherent,1,false,13.78,25,9.04,0
lr:ideologiquement_coherent:104,lr,ideologiquement_coherent,0,false,6.62,29,8.85,0
lr:ideologiquement_coherent:105,lr,ideologiquement_coherent,0,false,6.65,26,9.04,0
lr:ideologiquement_coherent:106,lr,ideologiquement_coherent,1,false,7.09,27,8.86,0
lr:ideologiquement_coherent:107,lr,ideologiquement_coherent,0,false,0,26,9.04,0
lr:ideologiquement_coherent:108,lr,ideologiquement_coherent,1,false,6.26,24,8.92,0
lr:ideologiquement_coherent:109,lr,ideologiquement_coherent,0,false,-0.01,24,8.99,0
lr:ideologiquement_coherent:110,lr,ideologiquement_coherent,0,false,-0.37,24,8.93,0
lr:ideologiquement_coherent:111,lr,ideologiquement_coherent,0,false,-0.22,27,9.02,0
lr:ideologiquement_coherent:112,lr,ideologiquement_coherent,0,false,0.64,27,10.01,0
lr:ideologiquement_coherent:113,lr,ideologiquement_coherent,0,false,0.47,24,9.81,0
lr:ideologiquement_coherent:114,lr,ideologiquement_coherent,1,false,-0.28,27,9.01,0
lr:ideologiquement_coherent:115,lr,ideologiquement_coherent,0,false,6.83,30,8.85,0
lr:ideologiquement_coherent:116,lr,ideologiquement_coherent,0,false,0.25,24,8.88,0
lr:ideologiquement_coherent:117,lr,ideologiquement_coherent,0,false,5.86,26,8.93,0
lr:ideologiquement_coherent:118,lr,ideologiquement_coherent,0,false,0.37,27,9.49,0
lr:ideologiquement_coherent:119,lr,ideologiquement_coherent,1,false,5.94,26,8.98,0
lr:ideologiquement_coherent:120,lr,ideologiquement_coherent,0,false,0.34,24,9.07,0
lr:ideologiquement_coherent:121,lr,ideologiquement_coherent,0,false,0.61,26,9.95,0
lr:ideologiquement_coherent:122,lr,ideologiquement_coherent,0,false,0.2,24,8.94,0
lr:ideologiquement_coherent:123,lr,ideologiquement_coherent,2,false,1.02,24,11.89,0
lr:ideologiquement_coherent:124,lr,ideologiquement_coherent,0,false,-0.32,24,8.85,0
lr:ideologiquement_coherent:125,lr,ideologiquement_coherent,0,false,-0.16,28,9.09,11.97
lr:ideologiquement_coherent:126,lr,ideologiquement_coherent,0,false,6.45,24,9.83,0
lr:ideologiquement_coherent:127,lr,ideologiquement_coherent,0,false,-0.29,28,8.84,0
lr:ideologiquement_coherent:128,lr,ideologiquement_coherent,1,false,-0.48,24,8.92,0
lr:ideologiquement_coherent:129,lr,ideologiquement_coherent,0,false,-0.57,24,13.77,14.06
lr:ideologiquement_coherent:130,lr,ideologiquement_coherent,1,false,-0.49,24,8.87,0
lr:ideologiquement_coherent:131,lr,ideologiquement_coherent,1,false,5.67,24,9.01,19.59
lr:ideologiquement_coherent:132,lr,ideologiquement_coherent,1,false,5.99,24,8.99,0
lr:ideologiquement_coherent:133,lr,ideologiquement_coherent,0,false,0.7,24,9.76,0
lr:ideologiquement_coherent:134,lr,ideologiquement_coherent,0,false,0.01,30,8.89,0
lr:ideologiquement_coherent:135,lr,ideologiquement_coherent,0,false,-0.06,24,8.94,0
lr:ideologiquement_coherent:136,lr,ideologiquement_coherent,0,false,8.65,24,10.11,0
lr:ideologiquement_coherent:137,lr,ideologiquement_coherent,0,false,-0.56,27,9.03,0
lr:ideologiquement_coherent:138,lr,ideologiquement_coherent,0,false,0.48,27,10.2,0
lr:ideologiquement_coherent:139,lr,ideologiquement_coherent,0,false,0.21,30,8.99,0
lr:ideologiquement_coherent:140,lr,ideologiquement_coherent,0,false,0.18,30,9.01,0
lr:ideologiquement_coherent:141,lr,ideologiquement_coherent,0,false,0.01,24,8.88,0
lr:ideologiquement_coherent:142,lr,ideologiquement_coherent,0,false,-0.35,26,9,0
lr:ideologiquement_coherent:143,lr,ideologiquement_coherent,0,false,0.02,26,9.01,0
lr:ideologiquement_coherent:144,lr,ideologiquement_coherent,0,false,8.16,24,8.99,0
lr:ideologiquement_coherent:145,lr,ideologiquement_coherent,1,false,-0.68,24,9,0
lr:ideologiquement_coherent:146,lr,ideologiquement_coherent,0,false,13.64,25,8.97,0
lr:ideologiquement_coherent:147,lr,ideologiquement_coherent,0,false,-0.01,24,8.8,0
lr:ideologiquement_coherent:148,lr,ideologiquement_coherent,1,false,0.11,24,8.92,0
lr:ideologiquement_coherent:149,lr,ideologiquement_coherent,0,false,9.3,24,10.78,0
lr:opportuniste_electoral:0,lr,opportuniste_electoral,1,false,-0.16,27,9.02,0
lr:opportuniste_electoral:1,lr,opportuniste_electoral,0,false,8.36,24,11.5,0
lr:opportuniste_electoral:2,lr,opportuniste_electoral,1,false,8.46,25,10.9,0
lr:opportuniste_electoral:3,lr,opportuniste_electoral,0,false,-0.15,26,9.03,0
lr:opportuniste_electoral:4,lr,opportuniste_electoral,0,false,9.01,24,9.51,0
lr:opportuniste_electoral:5,lr,opportuniste_electoral,1,false,11.28,24,10.29,0
lr:opportuniste_electoral:6,lr,opportuniste_electoral,0,false,6.2,28,9.99,0
lr:opportuniste_electoral:7,lr,opportuniste_electoral,0,false,-0.25,26,8.93,0
lr:opportuniste_electoral:8,lr,opportuniste_electoral,0,false,0.59,24,10.5,0
lr:opportuniste_electoral:9,lr,opportuniste_electoral,0,false,6.37,24,10.39,0
lr:opportuniste_electoral:10,lr,opportuniste_electoral,1,false,8.66,24,10.14,0
lr:opportuniste_electoral:11,lr,opportuniste_electoral,1,false,0.04,24,9.02,0
lr:opportuniste_electoral:12,lr,opportuniste_electoral,1,false,-0.04,24,9,0
lr:opportuniste_electoral:13,lr,opportuniste_electoral,1,false,8.24,26,10.21,0
lr:opportuniste_electoral:14,lr,opportuniste_electoral,1,false,5.91,26,9.23,0
lr:opportuniste_electoral:15,lr,opportuniste_electoral,0,false,-0.27,24,9.82,0
lr:opportuniste_electoral:16,lr,opportuniste_electoral,1,false,-0.1,24,8.96,0
lr:opportuniste_electoral:17,lr,opportuniste_electoral,1,false,0.76,24,10.35,0
lr:opportuniste_electoral:18,lr,opportuniste_electoral,0,false,-0.07,24,9.93,0
lr:opportuniste_electoral:19,lr,opportuniste_electoral,0,false,0.11,27,8.97,0
lr:opportuniste_electoral:20,lr,opportuniste_electoral,0,false,-0.36,24,8.97,0
lr:opportuniste_electoral:21,lr,opportuniste_electoral,0,false,8.42,24,9.3,0
lr:opportuniste_electoral:22,lr,opportuniste_electoral,0,false,6.16,24,9.27,0
lr:opportuniste_electoral:23,lr,opportuniste_electoral,1,false,0.33,28,11.49,0
lr:opportuniste_electoral:24,lr,opportuniste_electoral,1,false,-1.44,30,9.21,0
lr:opportuniste_electoral:25,lr,opportuniste_electoral,1,false,7.91,24,9.99,0
lr:opportuniste_electoral:26,lr,opportuniste_electoral,0,false,0.03,24,9.05,0
lr:opportuniste_electoral:27,lr,opportuniste_electoral,0,false,7.87,24,8.95,0
lr:opportuniste_electoral:28,lr,opportuniste_electoral,1,false,0.61,24,9.65,0
lr:opportuniste_electoral:29,lr,opportuniste_electoral,1,false,6.21,30,9.14,0
lr:opportuniste_electoral:30,lr,opportuniste_electoral,0,false,0.05,27,10.06,0
lr:opportuniste_electoral:31,lr,opportuniste_electoral,0,false,-0.26,24,9.13,0
lr:opportuniste_electoral:32,lr,opportuniste_electoral,0,false,14.19,24,9.34,0
lr:opportuniste_electoral:33,lr,opportuniste_electoral,0,false,-0.29,24,9.04,0
lr:opportuniste_electoral:34,lr,opportuniste_electoral,0,false,13.64,24,8.99,0
lr:opportuniste_electoral:35,lr,opportuniste_electoral,0,false,0.12,26,9.02,0
lr:opportuniste_electoral:36,lr,opportuniste_electoral,0,false,-0.41,24,9.09,0
lr:opportuniste_electoral:37,lr,opportuniste_electoral,0,false,8.18,24,10.32,0
lr:opportuniste_electoral:38,lr,opportuniste_electoral,0,false,0.3,24,9.03,0
lr:opportuniste_electoral:39,lr,opportuniste_electoral,0,false,-0.61,26,9.07,0
lr:opportuniste_electoral:40,lr,opportuniste_electoral,0,false,0.15,24,9.53,0
lr:opportuniste_electoral:41,lr,opportuniste_electoral,1,false,14.91,24,9.27,0
lr:opportuniste_electoral:42,lr,opportuniste_electoral,1,false,-0.24,27,8.83,0
lr:opportuniste_electoral:43,lr,opportuniste_electoral,1,false,0.44,29,9.52,0
lr:opportuniste_electoral:44,lr,opportuniste_electoral,0,false,-0.69,27,9,0
lr:opportuniste_electoral:45,lr,opportuniste_electoral,0,false,0.41,24,11.84,0
lr:opportuniste_electoral:46,lr,opportuniste_electoral,1,false,14.83,24,8.96,0
lr:opportuniste_electoral:47,lr,opportuniste_electoral,0,false,8.85,24,9.07,0
lr:opportuniste_electoral:48,lr,opportuniste_electoral,1,false,14.74,24,9.7,0
lr:opportuniste_electoral:49,lr,opportuniste_electoral,0,false,0.25,26,9.38,0
lr:opportuniste_electoral:50,lr,opportuniste_electoral,0,false,-0.39,24,8.95,0
lr:opportuniste_electoral:51,lr,opportuniste_electoral,0,false,0.32,24,9.96,0
lr:opportuniste_electoral:52,lr,opportuniste_electoral,1,false,0.04,24,8.95,0
lr:opportuniste_electoral:53,lr,opportuniste_electoral,1,false,0.31,24,8.9,0
lr:opportuniste_electoral:54,lr,opportuniste_electoral,2,false,6.19,29,11.73,0
lr:opportuniste_electoral:55,lr,opportuniste_electoral,1,false,0.16,27,9.94,0
lr:opportuniste_electoral:56,lr,opportuniste_electoral,0,false,0.16,29,8.96,0
lr:opportuniste_electoral:57,lr,opportuniste_electoral,0,false,0.29,24,9.5,0
lr:opportuniste_electoral:58,lr,opportuniste_electoral,0,false,6.39,24,10.32,0
lr:opportuniste_electoral:59,lr,opportuniste_electoral,0,false,7.64,24,9.9,0
lr:opportuniste_electoral:60,lr,opportuniste_electoral,0,false,0.4,24,9.5,0
lr:opportuniste_electoral:61,lr,opportuniste_electoral,0,false,0.14,24,9.03,0
lr:opportuniste_electoral:62,lr,opportuniste_electoral,0,false,0.24,24,8.95,0
lr:opportuniste_electoral:63,lr,opportuniste_electoral,1,false,-0.38,24,8.92,0
lr:opportuniste_electoral:64,lr,opportuniste_electoral,0,false,0.15,24,8.92,0
lr:opportuniste_electoral:65,lr,opportuniste_electoral,0,false,5.97,24,9.36,0
lr:opportuniste_electoral:66,lr,opportuniste_electoral,1,false,0.65,24,11.24,0
lr:opportuniste_electoral:67,lr,opportuniste_electoral,0,false,5.86,27,8.91,0
lr:opportuniste_electoral:68,lr,opportuniste_electoral,0,false,0.03,24,9,0
lr:opportuniste_electoral:69,lr,opportuniste_electoral,1,false,5.92,24,8.87,0
lr:opportuniste_electoral:70,lr,opportuniste_electoral,0,false,0.63,26,9.32,0
lr:opportuniste_electoral:71,lr,opportuniste_electoral,0,false,5.62,24,9.11,0
lr:opportuniste_electoral:72,lr,opportuniste_electoral,0,false,9.27,24,10.03,0
lr:opportuniste_electoral:73,lr,opportuniste_electoral,1,false,-0.07,26,9.04,0
lr:opportuniste_electoral:74,lr,opportuniste_electoral,0,false,8.77,25,9.35,0
lr:opportuniste_electoral:75,lr,opportuniste_electoral,1,false,-0.04,24,8.95,0
lr:opportuniste_electoral:76,lr,opportuniste_electoral,0,false,0.59,24,10.2,0
lr:opportuniste_electoral:77,lr,opportuniste_electoral,1,false,0.16,26,8.92,0
lr:opportuniste_electoral:78,lr,opportuniste_electoral,0,false,0.24,24,9.33,0
lr:opportuniste_electoral:79,lr,opportuniste_electoral,0,false,-0.36,24,8.94,0
lr:opportuniste_electoral:80,lr,opportuniste_electoral,0,false,13.06,24,9.34,0
lr:opportuniste_electoral:81,lr,opportuniste_electoral,0,false,-0.13,24,9.21,0
lr:opportuniste_electoral:82,lr,opportuniste_electoral,1,false,0.12,26,8.97,0
lr:opportuniste_electoral:83,lr,opportuniste_electoral,0,false,0.17,24,9.02,0
lr:opportuniste_electoral:84,lr,opportuniste_electoral,0,false,0.66,24,10.03,0
lr:opportuniste_electoral:85,lr,opportuniste_electoral,0,false,0.2,24,8.83,0
lr:opportuniste_electoral:86,lr,opportuniste_electoral,0,false,-0.56,24,9.04,0
lr:opportuniste_electoral:87,lr,opportuniste_electoral,0,false,0.06,26,8.91,0
lr:opportuniste_electoral:88,lr,opportuniste_electoral,0,false,0.18,26,9.46,0
lr:opportuniste_electoral:89,lr,opportuniste_electoral,0,false,-0.4,29,9.1,0
lr:opportuniste_electoral:90,lr,opportuniste_electoral,0,false,8.37,24,9.21,0
lr:opportuniste_electoral:91,lr,opportuniste_electoral,0,false,5.07,30,8.93,0
lr:opportuniste_electoral:92,lr,opportuniste_electoral,0,false,-0.45,24,9.02,0
lr:opportuniste_electoral:93,lr,opportuniste_electoral,0,false,-0.02,24,8.99,0
lr:opportuniste_electoral:94,lr,opportuniste_electoral,0,false,0.3,28,8.95,0
lr:opportuniste_electoral:95,lr,opportuniste_electoral,1,false,8.63,24,9.55,0
lr:opportuniste_electoral:96,lr,opportuniste_electoral,1,false,0.11,24,9.09,0
lr:opportuniste_electoral:97,lr,opportuniste_electoral,0,false,5.91,26,8.9,0
lr:opportuniste_electoral:98,lr,opportuniste_electoral,0,false,-0.16,24,8.98,0
lr:opportuniste_electoral:99,lr,opportuniste_electoral,1,false,6,24,8.96,0
lr:opportuniste_electoral:100,lr,opportuniste_electoral,0,false,0.1,24,9.03,0
lr:opportuniste_electoral:101,lr,opportuniste_electoral,0,false,-0.11,28,9.19,0
lr:opportuniste_electoral:102,lr,opportuniste_electoral,1,false,-0.4,26,8.95,0
lr:opportuniste_electoral:103,lr,opportuniste_electoral,1,false,0.05,24,9.35,0
lr:opportuniste_electoral:104,lr,opportuniste_electoral,0,false,0.17,24,9.55,0
lr:opportuniste_electoral:105,lr,opportuniste_electoral,1,false,0.42,24,9.01,0
lr:opportuniste_electoral:106,lr,opportuniste_electoral,0,false,0.25,24,10.09,0
lr:opportuniste_electoral:107,lr,opportuniste_electoral,0,false,0,24,8.93,0
lr:opportuniste_electoral:108,lr,opportuniste_electoral,0,false,13.71,26,8.98,0
lr:opportuniste_electoral:109,lr,opportuniste_electoral,1,false,8.69,28,10.53,0
lr:opportuniste_electoral:110,lr,opportuniste_electoral,0,false,0.02,24,9.1,0
lr:opportuniste_electoral:111,lr,opportuniste_electoral,1,false,-0.39,24,8.95,0
lr:opportuniste_electoral:112,lr,opportuniste_electoral,0,false,0.1,24,9.63,0
lr:opportuniste_electoral:113,lr,opportuniste_electoral,1,false,-0.16,28,8.99,0
lr:opportuniste_electoral:114,lr,opportuniste_electoral,0,false,8.23,24,9.01,0
lr:opportuniste_electoral:115,lr,opportuniste_electoral,0,false,0.2,24,10.54,0
lr:opportuniste_electoral:116,lr,opportuniste_electoral,0,false,-0.17,24,8.94,0
lr:opportuniste_electoral:117,lr,opportuniste_electoral,0,false,0.43,24,8.89,0
lr:opportuniste_electoral:118,lr,opportuniste_electoral,0,false,6.64,24,10.65,0
lr:opportuniste_electoral:119,lr,opportuniste_electoral,0,false,0.01,24,9.01,0
lr:opportuniste_electoral:120,lr,opportuniste_electoral,1,false,-0.41,27,9.16,0
lr:opportuniste_electoral:121,lr,opportuniste_electoral,1,false,8.46,24,8.93,0
lr:opportuniste_electoral:122,lr,opportuniste_electoral,0,false,6.07,30,8.85,0
lr:opportuniste_electoral:123,lr,opportuniste_electoral,0,false,-0.21,24,9.02,0
lr:opportuniste_electoral:124,lr,opportuniste_electoral,0,false,5.77,24,9.11,0
lr:opportuniste_electoral:125,lr,opportuniste_electoral,0,false,-0.18,30,8.92,0
lr:opportuniste_electoral:126,lr,opportuniste_electoral,0,false,6.33,24,10.13,0
lr:opportuniste_electoral:127,lr,opportuniste_electoral,0,false,7.82,24,8.98,0
lr:opportuniste_electoral:128,lr,opportuniste_electoral,1,false,-0.33,24,9.03,0
lr:opportuniste_electoral:129,lr,opportuniste_electoral,0,false,0.04,24,9.48,0
lr:opportuniste_electoral:130,lr,opportuniste_electoral,0,false,-0.09,26,8.84,0
lr:opportuniste_electoral:131,lr,opportuniste_electoral,1,false,0.24,24,9.01,0
lr:opportuniste_electoral:132,lr,opportuniste_electoral,0,false,-0.59,24,8.88,0
lr:opportuniste_electoral:133,lr,opportuniste_electoral,1,false,5.79,24,8.87,0
lr:opportuniste_electoral:134,lr,opportuniste_electoral,1,false,-0.11,24,8.94,0
lr:opportuniste_electoral:135,lr,opportuniste_electoral,0,false,0.18,24,9.05,0
lr:opportuniste_electoral:136,lr,opportuniste_electoral,0,false,0.59,24,9.76,0
lr:opportuniste_electoral:137,lr,opportuniste_electoral,1,false,0.1,26,9.29,0
lr:opportuniste_electoral:138,lr,opportuniste_electoral,0,false,6.65,28,11.05,0
lr:opportuniste_electoral:139,lr,opportuniste_electoral,1,false,7.26,24,8.97,0
lr:opportuniste_electoral:140,lr,opportuniste_electoral,1,false,6.26,29,9.69,0
lr:opportuniste_electoral:141,lr,opportuniste_electoral,0,false,-0.06,30,9.96,0
lr:opportuniste_electoral:142,lr,opportuniste_electoral,0,false,0.04,24,8.94,0
lr:opportuniste_electoral:143,lr,opportuniste_electoral,0,false,14.4,24,9.77,0
lr:opportuniste_electoral:144,lr,opportuniste_electoral,0,false,0.06,24,8.86,0
lr:opportuniste_electoral:145,lr,opportuniste_electoral,0,false,-0.06,26,9.08,0
lr:opportuniste_electoral:146,lr,opportuniste_electoral,0,false,10.17,24,11.24,0
lr:opportuniste_electoral:147,lr,opportuniste_electoral,1,false,0.12,24,8.95,0
lr:opportuniste_electoral:148,lr,opportuniste_electoral,0,false,5.63,24,8.96,0
lr:opportuniste_electoral:149,lr,opportuniste_electoral,1,false,9.42,26,10.71,0
lr:parti_dabord:0,lr,parti_dabord,0,false,-0.36,28,9.02,0
lr:parti_dabord:1,lr,parti_dabord,0,false,6.12,24,8.93,0
lr:parti_dabord:2,lr,parti_dabord,0,false,7.48,26,10.68,0
lr:parti_dabord:3,lr,parti_dabord,1,false,0.32,24,10.51,0
lr:parti_dabord:4,lr,parti_dabord,1,false,13.51,24,8.99,0
lr:parti_dabord:5,lr,parti_dabord,0,false,5.58,27,8.94,0
lr:parti_dabord:6,lr,parti_dabord,0,false,-0.44,26,8.94,0
lr:parti_dabord:7,lr,parti_dabord,1,false,0.44,24,9.89,0
lr:parti_dabord:8,lr,parti_dabord,0,false,-0.07,26,17.73,18.52
lr:parti_dabord:9,lr,parti_dabord,0,false,0.35,26,9.09,0
lr:parti_dabord:10,lr,parti_dabord,0,false,7.56,24,9.04,0
lr:parti_dabord:11,lr,parti_dabord,0,false,5.68,24,9.05,0
lr:parti_dabord:12,lr,parti_dabord,0,false,0.47,26,8.91,0
lr:parti_dabord:13,lr,parti_dabord,0,false,6,24,8.99,0
lr:parti_dabord:14,lr,parti_dabord,0,false,-0.38,24,8.93,0
lr:parti_dabord:15,lr,parti_dabord,0,false,-0.16,24,8.97,0
lr:parti_dabord:16,lr,parti_dabord,1,false,13.56,29,9.65,0
lr:parti_dabord:17,lr,parti_dabord,0,false,0.51,24,10.83,0
lr:parti_dabord:18,lr,parti_dabord,0,false,0.2,24,9.08,0
lr:parti_dabord:19,lr,parti_dabord,0,false,7.95,29,9.01,0
lr:parti_dabord:20,lr,parti_dabord,0,false,7.49,24,9.98,0
lr:parti_dabord:21,lr,parti_dabord,1,false,8.17,28,8.94,0
lr:parti_dabord:22,lr,parti_dabord,0,false,0.38,24,10.1,0
lr:parti_dabord:23,lr,parti_dabord,0,false,0.07,24,8.93,0
lr:parti_dabord:24,lr,parti_dabord,0,false,-0.3,26,9.02,0
lr:parti_dabord:25,lr,parti_dabord,0,false,-0.04,24,9.09,0
lr:parti_dabord:26,lr,parti_dabord,1,false,6.92,25,8.93,0
lr:parti_dabord:27,lr,parti_dabord,0,false,-0.01,24,8.88,0
lr:parti_dabord:28,lr,parti_dabord,0,false,-0.15,24,8.94,0
lr:parti_dabord:29,lr,parti_dabord,0,false,0.23,24,8.96,0
lr:parti_dabord:30,lr,parti_dabord,0,false,0.93,24,9.53,0
lr:parti_dabord:31,lr,parti_dabord,0,false,-0.01,26,8.87,0
lr:parti_dabord:32,lr,parti_dabord,1,false,-0.72,26,8.97,0
lr:parti_dabord:33,lr,parti_dabord,0,false,0.29,24,8.92,0
lr:parti_dabord:34,lr,parti_dabord,0,false,-1.38,28,8.98,0
lr:parti_dabord:35,lr,parti_dabord,1,false,0.45,30,9.39,0
lr:parti_dabord:36,lr,parti_dabord,1,false,0.34,26,10.12,0
lr:parti_dabord:37,lr,parti_dabord,1,false,-0.16,30,8.95,0
lr:parti_dabord:38,lr,parti_dabord,0,false,0.2,24,9.16,0
lr:parti_dabord:39,lr,parti_dabord,0,false,5.43,24,8.97,0
lr:parti_dabord:40,lr,parti_dabord,1,false,-0.47,26,9.06,0
lr:parti_dabord:41,lr,parti_dabord,0,false,-0.03,24,9.03,0
lr:parti_dabord:42,lr,parti_dabord,0,false,0.25,26,9.47,0
lr:parti_dabord:43,lr,parti_dabord,1,false,0.33,24,9.69,0
lr:parti_dabord:44,lr,parti_dabord,0,false,0.36,24,8.86,0
lr:parti_dabord:45,lr,parti_dabord,0,false,-0.11,28,8.97,0
lr:parti_dabord:46,lr,parti_dabord,0,false,5.65,24,9.02,0
lr:parti_dabord:47,lr,parti_dabord,0,false,5.6,26,9.01,0
lr:parti_dabord:48,lr,parti_dabord,0,false,7.23,24,9.03,0
lr:parti_dabord:49,lr,parti_dabord,1,false,-0.15,24,8.87,0
lr:parti_dabord:50,lr,parti_dabord,2,false,0.22,26,9.66,0
lr:parti_dabord:51,lr,parti_dabord,1,false,-0.28,28,8.97,0
lr:parti_dabord:52,lr,parti_dabord,0,false,0.23,28,9.39,0
lr:parti_dabord:53,lr,parti_dabord,0,false,-0.31,24,8.88,0
lr:parti_dabord:54,lr,parti_dabord,0,false,-0.03,27,9.31,0
lr:parti_dabord:55,lr,parti_dabord,0,false,-0.18,24,8.98,0
lr:parti_dabord:56,lr,parti_dabord,0,false,0.15,24,8.95,0
lr:parti_dabord:57,lr,parti_dabord,0,false,-0.22,24,9.01,0
lr:parti_dabord:58,lr,parti_dabord,0,false,0.21,24,9.29,0
lr:parti_dabord:59,lr,parti_dabord,0,false,0.62,28,9.77,0
lr:parti_dabord:60,lr,parti_dabord,0,false,5.82,27,8.92,0
lr:parti_dabord:61,lr,parti_dabord,0,false,5.88,27,8.9,0
lr:parti_dabord:62,lr,parti_dabord,0,false,0.3,24,8.91,0
lr:parti_dabord:63,lr,parti_dabord,1,false,8.01,26,9.38,0
lr:parti_dabord:64,lr,parti_dabord,0,false,0.13,24,8.95,0
lr:parti_dabord:65,lr,parti_dabord,0,false,1.05,24,10.8,0
lr:parti_dabord:66,lr,parti_dabord,0,false,0.25,24,9.01,0
lr:parti_dabord:67,lr,parti_dabord,1,false,-0.18,24,8.9,0
lr:parti_dabord:68,lr,parti_dabord,0,false,8.63,24,9.15,0
lr:parti_dabord:69,lr,parti_dabord,0,false,0,24,8.93,0
lr:parti_dabord:70,lr,parti_dabord,0,false,0.33,24,9.04,0
lr:parti_dabord:71,lr,parti_dabord,1,false,5.7,27,9.05,0
lr:parti_dabord:72,lr,parti_dabord,0,false,7.23,25,9.2,0
lr:parti_dabord:73,lr,parti_dabord,0,false,0.32,29,9.3,0
lr:parti_dabord:74,lr,parti_dabord,0,false,-0.36,28,9.01,0
lr:parti_dabord:75,lr,parti_dabord,1,false,-0.28,24,9.12,0
lr:parti_dabord:76,lr,parti_dabord,0,false,0.21,24,8.87,0
lr:parti_dabord:77,lr,parti_dabord,0,false,5.9,30,8.86,0
lr:parti_dabord:78,lr,parti_dabord,0,false,-0.25,26,9.05,0
lr:parti_dabord:79,lr,parti_dabord,0,false,-0.2,24,9,0
lr:parti_dabord:80,lr,parti_dabord,1,false,5.68,24,8.96,0
lr:parti_dabord:81,lr,parti_dabord,0,false,0.43,24,9.66,0
lr:parti_dabord:82,lr,parti_dabord,1,false,5.84,24,8.89,0
lr:parti_dabord:83,lr,parti_dabord,1,false,12.47,27,8.97,0
lr:parti_dabord:84,lr,parti_dabord,0,false,-0.03,28,8.95,0
lr:parti_dabord:85,lr,parti_dabord,0,false,0.21,27,8.96,0
lr:parti_dabord:86,lr,parti_dabord,1,false,-0.17,27,8.97,0
lr:parti_dabord:87,lr,parti_dabord,1,false,-0.31,30,9.07,0
lr:parti_dabord:88,lr,parti_dabord,0,false,9.31,24,9.08,0
lr:parti_dabord:89,lr,parti_dabord,0,false,6.25,28,9.21,0
lr:parti_dabord:90,lr,parti_dabord,1,false,-0.27,26,9.6,0
lr:parti_dabord:91,lr,parti_dabord,0,false,-0.09,24,8.85,0
lr:parti_dabord:92,lr,parti_dabord,0,false,0.14,28,8.98,0
lr:parti_dabord:93,lr,parti_dabord,0,false,-0.18,29,8.94,0
lr:parti_dabord:94,lr,parti_dabord,1,false,0.38,30,8.88,0
lr:parti_dabord:95,lr,parti_dabord,0,false,-0.17,24,8.9,0
lr:parti_dabord:96,lr,parti_dabord,1,false,5.87,24,8.85,0
lr:parti_dabord:97,lr,parti_dabord,1,false,0.38,26,8.88,0
lr:parti_dabord:98,lr,parti_dabord,0,false,5.63,24,8.91,0
lr:parti_dabord:99,lr,parti_dabord,0,false,6.01,24,9.15,0
lr:parti_dabord:100,lr,parti_dabord,0,false,6.17,24,9.07,0
lr:parti_dabord:101,lr,parti_dabord,0,false,0.51,24,9.15,0
lr:parti_dabord:102,lr,parti_dabord,0,false,-0.92,28,9.01,0
lr:parti_dabord:103,lr,parti_dabord,1,false,-0.29,26,9.1,0
lr:parti_dabord:104,lr,parti_dabord,1,false,0.13,24,9.08,0
lr:parti_dabord:105,lr,parti_dabord,1,false,6.63,27,9.44,0
lr:parti_dabord:106,lr,parti_dabord,1,false,0.31,24,9.35,0
lr:parti_dabord:107,lr,parti_dabord,0,false,0.2,24,9.16,0
lr:parti_dabord:108,lr,parti_dabord,0,false,6.5,24,9.83,0
lr:parti_dabord:109,lr,parti_dabord,0,false,7.63,27,9.05,0
lr:parti_dabord:110,lr,parti_dabord,1,false,0.65,24,11.57,0
lr:parti_dabord:111,lr,parti_dabord,0,false,-0.19,24,9.41,0
lr:parti_dabord:112,lr,parti_dabord,0,false,0,24,8.9,0
lr:parti_dabord:113,lr,parti_dabord,0,false,0.33,24,9.57,0
lr:parti_dabord:114,lr,parti_dabord,0,false,14.41,24,8.82,0
lr:parti_dabord:115,lr,parti_dabord,1,false,0.26,24,8.96,0
lr:parti_dabord:116,lr,parti_dabord,0,false,0.31,24,8.85,0
lr:parti_dabord:117,lr,parti_dabord,0,false,0,24,9.14,0
lr:parti_dabord:118,lr,parti_dabord,0,false,-0.49,26,8.88,0
lr:parti_dabord:119,lr,parti_dabord,0,false,0.17,24,8.91,0
lr:parti_dabord:120,lr,parti_dabord,0,false,-0.22,27,8.85,0
lr:parti_dabord:121,lr,parti_dabord,0,false,-0.28,24,8.89,0
lr:parti_dabord:122,lr,parti_dabord,0,false,7.59,26,8.97,0
lr:parti_dabord:123,lr,parti_dabord,0,false,-0.25,24,9.13,0
lr:parti_dabord:124,lr,parti_dabord,0,false,0.22,24,9.13,0
lr:parti_dabord:125,lr,parti_dabord,0,false,0.32,30,8.99,0
lr:parti_dabord:126,lr,parti_dabord,0,false,0,24,8.82,0
lr:parti_dabord:127,lr,parti_dabord,0,false,7.03,27,8.86,0
lr:parti_dabord:128,lr,parti_dabord,0,false,-0.56,27,8.99,0
lr:parti_dabord:129,lr,parti_dabord,0,false,7.25,27,9.06,0
lr:parti_dabord:130,lr,parti_dabord,0,false,0.14,24,8.97,0
lr:parti_dabord:131,lr,parti_dabord,0,false,-0.09,24,9.05,0
lr:parti_dabord:132,lr,parti_dabord,2,false,0.07,24,8.95,0
lr:parti_dabord:133,lr,parti_dabord,0,false,13.83,24,9.06,0
lr:parti_dabord:134,lr,parti_dabord,0,false,0.19,26,8.93,0
lr:parti_dabord:135,lr,parti_dabord,0,false,0.53,28,9.09,0
lr:parti_dabord:136,lr,parti_dabord,0,false,-0.01,24,9.22,0
lr:parti_dabord:137,lr,parti_dabord,1,false,7.66,25,9.02,0
lr:parti_dabord:138,lr,parti_dabord,0,false,0.12,24,9.27,0
lr:parti_dabord:139,lr,parti_dabord,1,false,6.58,24,9.71,0
lr:parti_dabord:140,lr,parti_dabord,1,false,0.27,24,8.95,0
lr:parti_dabord:141,lr,parti_dabord,1,false,0.15,26,9.02,0
lr:parti_dabord:142,lr,parti_dabord,1,false,0.22,26,8.94,0
lr:parti_dabord:143,lr,parti_dabord,0,false,7,30,8.93,0
lr:parti_dabord:144,lr,parti_dabord,1,false,-0.48,29,8.93,0
lr:parti_dabord:145,lr,parti_dabord,1,false,0.01,26,9.07,0
lr:parti_dabord:146,lr,parti_dabord,1,false,6.81,24,8.96,0
lr:parti_dabord:147,lr,parti_dabord,0,false,-0.19,24,8.8,0
lr:parti_dabord:148,lr,parti_dabord,0,false,0.27,24,9.06,0
lr:parti_dabord:149,lr,parti_dabord,0,false,5.41,24,9.06,0
lr:mediatique:0,lr,mediatique,0,false,-0.07,26,8.96,0
lr:mediatique:1,lr,mediatique,1,false,8.39,24,9.12,0
lr:mediatique:2,lr,mediatique,0,false,-0.15,27,8.93,0
lr:mediatique:3,lr,mediatique,0,false,0.28,24,9.46,0
lr:mediatique:4,lr,mediatique,0,false,8.2,24,10.21,0
lr:mediatique:5,lr,mediatique,0,false,-0.25,24,8.99,0
lr:mediatique:6,lr,mediatique,0,false,0.12,24,9.96,0
lr:mediatique:7,lr,mediatique,0,false,0.09,24,8.81,0
lr:mediatique:8,lr,mediatique,0,false,0.16,24,9.24,0
lr:mediatique:9,lr,mediatique,0,false,-0.32,26,9,0
lr:mediatique:10,lr,mediatique,0,false,-0.04,28,9.05,0
lr:mediatique:11,lr,mediatique,0,false,-1.28,27,9.05,0
lr:mediatique:12,lr,mediatique,0,false,0.03,24,9.01,0
lr:mediatique:13,lr,mediatique,1,false,0,24,9.28,0
lr:mediatique:14,lr,mediatique,0,false,-0.02,27,8.85,0
lr:mediatique:15,lr,mediatique,0,false,0.08,29,9.07,0
lr:mediatique:16,lr,mediatique,0,false,0.61,24,10.01,0
lr:mediatique:17,lr,mediatique,1,false,-0.7,24,8.78,0
lr:mediatique:18,lr,mediatique,1,false,-0.31,26,8.99,0
lr:mediatique:19,lr,mediatique,1,false,0.2,24,9.35,0
lr:mediatique:20,lr,mediatique,0,false,8.21,24,8.99,0
lr:mediatique:21,lr,mediatique,0,false,9.35,24,8.96,0
lr:mediatique:22,lr,mediatique,0,false,-0.06,24,9.11,0
lr:mediatique:23,lr,mediatique,1,false,0.15,24,9.41,0
lr:mediatique:24,lr,mediatique,1,false,-0.13,27,9.05,0
lr:mediatique:25,lr,mediatique,0,false,0.24,28,8.95,0
lr:mediatique:26,lr,mediatique,1,false,-0.09,27,9.09,0
lr:mediatique:27,lr,mediatique,1,false,5.94,24,8.84,0
lr:mediatique:28,lr,mediatique,1,false,8.41,24,8.86,0
lr:mediatique:29,lr,mediatique,0,false,6.32,24,8.92,0
lr:mediatique:30,lr,mediatique,0,false,4.85,30,9.05,0
lr:mediatique:31,lr,mediatique,0,false,12.89,27,9.12,0
lr:mediatique:32,lr,mediatique,0,false,6.04,28,8.87,0
lr:mediatique:33,lr,mediatique,0,false,-0.1,24,9.06,0
lr:mediatique:34,lr,mediatique,0,false,-0.03,24,9.11,0
lr:mediatique:35,lr,mediatique,1,false,9.54,24,12.61,0
lr:mediatique:36,lr,mediatique,0,false,5.68,27,9.03,0
lr:mediatique:37,lr,mediatique,1,false,-0.06,24,8.93,0
lr:mediatique:38,lr,mediatique,1,false,0.25,24,9.41,0
lr:mediatique:39,lr,mediatique,1,false,5.99,24,8.94,0
lr:mediatique:40,lr,mediatique,0,false,-0.02,24,9.14,0
lr:mediatique:41,lr,mediatique,0,false,-0.41,26,8.98,0
lr:mediatique:42,lr,mediatique,0,false,8.47,24,8.94,0
lr:mediatique:43,lr,mediatique,1,false,14.44,24,9.03,0
lr:mediatique:44,lr,mediatique,0,false,0.09,24,9.05,0
lr:mediatique:45,lr,mediatique,1,false,-0.23,24,9.03,0
lr:mediatique:46,lr,mediatique,0,false,0.52,24,11.4,0
lr:mediatique:47,lr,mediatique,0,false,20.5,3,42.79,38.51
lr:mediatique:48,lr,mediatique,0,false,6.1,24,9.72,0
lr:mediatique:49,lr,mediatique,0,false,6.21,26,10.76,0
lr:mediatique:50,lr,mediatique,0,false,0.07,24,9.01,0
lr:mediatique:51,lr,mediatique,0,false,-0.02,26,9.13,0
lr:mediatique:52,lr,mediatique,0,false,0.33,24,8.95,0
lr:mediatique:53,lr,mediatique,0,false,0.07,26,10.1,0
lr:mediatique:54,lr,mediatique,0,false,0.31,24,8.84,0
lr:mediatique:55,lr,mediatique,1,false,0.27,24,9.26,0
lr:mediatique:56,lr,mediatique,0,false,0.2,24,9.08,0
lr:mediatique:57,lr,mediatique,0,false,6.07,24,8.94,0
lr:mediatique:58,lr,mediatique,0,false,0,24,9.46,0
lr:mediatique:59,lr,mediatique,0,false,6.68,30,9.1,0
lr:mediatique:60,lr,mediatique,0,false,0.04,29,9.05,0
lr:mediatique:61,lr,mediatique,0,false,14.84,24,9.24,0
lr:mediatique:62,lr,mediatique,0,false,-0.31,24,8.88,0
lr:mediatique:63,lr,mediatique,0,false,6.43,24,8.93,0
lr:mediatique:64,lr,mediatique,0,false,-0.23,24,8.88,0
lr:mediatique:65,lr,mediatique,0,false,5.72,26,8.99,0
lr:mediatique:66,lr,mediatique,1,false,6.29,24,8.9,0
lr:mediatique:67,lr,mediatique,0,false,6.19,28,9.72,0
lr:mediatique:68,lr,mediatique,0,false,-0.37,26,8.95,0
lr:mediatique:69,lr,mediatique,0,false,13.22,28,9.36,0
lr:mediatique:70,lr,mediatique,1,false,8.85,24,9.69,0
lr:mediatique:71,lr,mediatique,0,false,-0.3,26,8.96,0
lr:mediatique:72,lr,mediatique,0,false,0.3,24,9.57,0
lr:mediatique:73,lr,mediatique,0,false,8.56,30,9.07,0
lr:mediatique:74,lr,mediatique,1,false,0.49,24,10.29,0
lr:mediatique:75,lr,mediatique,0,false,0.37,26,10.15,0
lr:mediatique:76,lr,mediatique,0,false,13.34,24,8.95,0
lr:mediatique:77,lr,mediatique,0,false,5.72,27,8.79,0
lr:mediatique:78,lr,mediatique,0,false,14.15,24,9.29,0
lr:mediatique:79,lr,mediatique,0,false,7.22,26,9.02,0
lr:mediatique:80,lr,mediatique,0,false,-0.13,24,9,0
lr:mediatique:81,lr,mediatique,1,false,8.14,27,9.04,0
lr:mediatique:82,lr,mediatique,1,false,5.66,26,9.26,0
lr:mediatique:83,lr,mediatique,0,false,0.18,24,9.31,0
lr:mediatique:84,lr,mediatique,1,false,0.58,24,10.33,0
lr:mediatique:85,lr,mediatique,0,false,0.1,24,8.91,0
lr:mediatique:86,lr,mediatique,0,false,0.46,26,9.7,0
lr:mediatique:87,lr,mediatique,0,false,-0.67,24,8.92,0
lr:mediatique:88,lr,mediatique,0,false,7.75,24,9.02,0
lr:mediatique:89,lr,mediatique,0,false,0.52,24,10.35,0
lr:mediatique:90,lr,mediatique,1,false,8.4,24,9.14,0
lr:mediatique:91,lr,mediatique,0,false,0.66,24,9.96,0
lr:mediatique:92,lr,mediatique,0,false,0.46,26,10.97,0
lr:mediatique:93,lr,mediatique,1,false,1.01,24,12.65,0
lr:mediatique:94,lr,mediatique,0,false,8.61,24,9.03,0
lr:mediatique:95,lr,mediatique,0,false,0.2,27,9.32,0
lr:mediatique:96,lr,mediatique,0,false,0.13,27,9.14,0
lr:mediatique:97,lr,mediatique,1,false,0.03,28,8.89,0
lr:mediatique:98,lr,mediatique,0,false,0.31,24,10.08,0
lr:mediatique:99,lr,mediatique,1,false,-0.46,24,9.05,0
lr:mediatique:100,lr,mediatique,1,false,6.33,24,9.63,0
lr:mediatique:101,lr,mediatique,0,false,0.18,24,9.03,0
lr:mediatique:102,lr,mediatique,1,false,-0.6,26,8.82,0
lr:mediatique:103,lr,mediatique,0,false,0.59,26,10.37,0
lr:mediatique:104,lr,mediatique,0,false,-0.01,26,9.07,0
lr:mediatique:105,lr,mediatique,0,false,9.88,24,9.61,0
lr:mediatique:106,lr,mediatique,0,false,-0.08,24,8.99,0
lr:mediatique:107,lr,mediatique,0,false,-0.23,24,8.87,0
lr:mediatique:108,lr,mediatique,1,false,14.99,24,9.06,0
lr:mediatique:109,lr,mediatique,0,false,6.14,24,8.89,0
lr:mediatique:110,lr,mediatique,0,false,0.43,24,10.12,0
lr:mediatique:111,lr,mediatique,0,false,-0.22,24,8.93,0
lr:mediatique:112,lr,mediatique,0,false,6.63,29,8.83,0
lr:mediatique:113,lr,mediatique,0,false,0.09,24,8.98,0
lr:mediatique:114,lr,mediatique,0,false,-0.26,24,8.92,0
lr:mediatique:115,lr,mediatique,0,false,13.55,27,9.56,0
lr:mediatique:116,lr,mediatique,1,false,11.15,24,11.35,0
lr:mediatique:117,lr,mediatique,0,false,7.86,28,8.92,0
lr:mediatique:118,lr,mediatique,0,false,-0.04,24,16.68,16.58
lr:mediatique:119,lr,mediatique,0,false,5.93,29,8.97,0
lr:mediatique:120,lr,mediatique,1,false,0.54,27,10.59,0
lr:mediatique:121,lr,mediatique,0,false,0.04,24,8.95,0
lr:mediatique:122,lr,mediatique,0,false,5.96,24,9.42,0
lr:mediatique:123,lr,mediatique,1,false,0.16,24,8.91,0
lr:mediatique:124,lr,mediatique,0,false,-0.13,24,8.94,0
lr:mediatique:125,lr,mediatique,1,false,-0.05,24,9.39,0
lr:mediatique:126,lr,mediatique,0,false,6.14,24,8.91,0
lr:mediatique:127,lr,mediatique,0,false,-0.32,24,8.96,0
lr:mediatique:128,lr,mediatique,0,false,5.59,24,8.99,0
lr:mediatique:129,lr,mediatique,0,false,-0.26,24,8.96,0
lr:mediatique:130,lr,mediatique,0,false,0.05,24,9.29,0
lr:mediatique:131,lr,mediatique,0,false,8.43,24,9.03,0
lr:mediatique:132,lr,mediatique,0,false,0.41,27,10.44,0
lr:mediatique:133,lr,mediatique,0,false,-0.69,28,9,0
lr:mediatique:134,lr,mediatique,0,false,0.03,24,9,0
lr:mediatique:135,lr,mediatique,0,false,-0.5,24,9.07,0
lr:mediatique:136,lr,mediatique,0,false,0.36,24,9.75,0
lr:mediatique:137,lr,mediatique,0,false,-0.08,24,8.93,0
lr:mediatique:138,lr,mediatique,1,false,14.25,30,9.44,0
lr:mediatique:139,lr,mediatique,0,false,0.24,24,9.16,0
lr:mediatique:140,lr,mediatique,0,false,0.32,24,9.94,0
lr:mediatique:141,lr,mediatique,0,false,-0.37,24,8.89,0
lr:mediatique:142,lr,mediatique,0,false,-0.21,24,9.09,0
lr:mediatique:143,lr,mediatique,0,false,0.02,26,9.01,0
lr:mediatique:144,lr,mediatique,1,false,0.08,24,10.52,0
lr:mediatique:145,lr,mediatique,0,false,5.85,24,9.49,0
lr:mediatique:146,lr,mediatique,1,false,-0.41,24,8.99,0
lr:mediatique:147,lr,mediatique,0,false,6.51,30,9.02,0
lr:mediatique:148,lr,mediatique,0,false,5.86,26,8.97,0
lr:mediatique:149,lr,mediatique,1,false,8.06,28,9.51,0
lr:contrarien:0,lr,contrarien,0,false,-0.46,24,9.07,0
lr:contrarien:1,lr,contrarien,1,false,14.64,24,9.08,0
lr:contrarien:2,lr,contrarien,0,false,9.55,24,10.46,0
lr:contrarien:3,lr,contrarien,0,false,9.28,24,9.08,0
lr:contrarien:4,lr,contrarien,0,false,-0.41,24,9.24,0
lr:contrarien:5,lr,contrarien,0,false,0.13,24,10.23,0
lr:contrarien:6,lr,contrarien,1,false,0.15,24,9.28,0
lr:contrarien:7,lr,contrarien,0,false,0.46,26,9.88,0
lr:contrarien:8,lr,contrarien,0,false,7.7,24,9.75,0
lr:contrarien:9,lr,contrarien,0,false,6.64,24,10.09,0
lr:contrarien:10,lr,contrarien,0,false,0.3,24,10.28,0
lr:contrarien:11,lr,contrarien,0,false,-0.44,24,8.96,0
lr:contrarien:12,lr,contrarien,1,false,0.38,24,9.64,0
lr:contrarien:13,lr,contrarien,0,false,0.21,24,9.03,0
lr:contrarien:14,lr,contrarien,0,false,6.14,24,9.09,0
lr:contrarien:15,lr,contrarien,0,false,8.58,24,10.28,0
lr:contrarien:16,lr,contrarien,0,false,7.72,24,8.97,0
lr:contrarien:17,lr,contrarien,0,false,0.02,24,8.82,0
lr:contrarien:18,lr,contrarien,1,false,0.46,24,9.34,0
lr:contrarien:19,lr,contrarien,0,false,0.33,24,9.49,0
lr:contrarien:20,lr,contrarien,1,false,8.16,24,8.96,0
lr:contrarien:21,lr,contrarien,0,false,7.16,24,9.26,0
lr:contrarien:22,lr,contrarien,0,false,14.41,24,10.6,0
lr:contrarien:23,lr,contrarien,0,false,0.08,24,10.84,0
lr:contrarien:24,lr,contrarien,1,false,5.62,24,9.54,0
lr:contrarien:25,lr,contrarien,0,false,-0.19,26,8.9,0
lr:contrarien:26,lr,contrarien,0,false,5.87,27,9.14,0
lr:contrarien:27,lr,contrarien,0,false,0.07,24,9.17,0
lr:contrarien:28,lr,contrarien,0,false,-0.1,24,9.01,0
lr:contrarien:29,lr,contrarien,1,false,0.76,24,11.28,0
lr:contrarien:30,lr,contrarien,0,false,6.03,24,9.24,0
lr:contrarien:31,lr,contrarien,0,false,0.4,24,10.26,0
lr:contrarien:32,lr,contrarien,0,false,8.53,24,9.01,0
lr:contrarien:33,lr,contrarien,0,false,-0.63,24,8.8,0
lr:contrarien:34,lr,contrarien,0,false,6.19,24,9.61,0
lr:contrarien:35,lr,contrarien,0,false,13.75,28,9.75,0
lr:contrarien:36,lr,contrarien,1,false,15.96,24,10.11,0
lr:contrarien:37,lr,contrarien,0,false,6.06,24,9.94,0
lr:contrarien:38,lr,contrarien,0,false,7.5,24,8.85,0
lr:contrarien:39,lr,contrarien,0,false,7.44,29,9.09,0
lr:contrarien:40,lr,contrarien,0,false,6.26,24,9.05,0
lr:contrarien:41,lr,contrarien,0,false,13.55,24,9.59,0
lr:contrarien:42,lr,contrarien,1,false,7.83,24,9.45,0
lr:contrarien:43,lr,contrarien,1,false,13.84,24,9.27,0
lr:contrarien:44,lr,contrarien,1,false,7.76,24,9.07,0
lr:contrarien:45,lr,contrarien,0,false,0.1,24,9.13,0
lr:contrarien:46,lr,contrarien,0,false,7.13,24,8.88,0
lr:contrarien:47,lr,contrarien,0,false,8.51,24,9.69,0
lr:contrarien:48,lr,contrarien,0,false,8.69,24,9.01,0
lr:contrarien:49,lr,contrarien,0,false,0.13,24,9.43,0
lr:contrarien:50,lr,contrarien,1,false,8.71,24,12.97,0
lr:contrarien:51,lr,contrarien,0,false,7.55,24,9.5,0
lr:contrarien:52,lr,contrarien,0,false,8.28,24,9.17,0
lr:contrarien:53,lr,contrarien,0,false,6.98,24,8.91,0
lr:contrarien:54,lr,contrarien,0,false,-0.14,24,8.91,0
lr:contrarien:55,lr,contrarien,0,false,5.35,29,8.98,0
lr:contrarien:56,lr,contrarien,0,false,-0.32,24,8.82,0
lr:contrarien:57,lr,contrarien,0,false,8.52,24,9.56,0
lr:contrarien:58,lr,contrarien,0,false,0.38,24,8.89,0
lr:contrarien:59,lr,contrarien,0,false,8.53,24,9.28,0
lr:contrarien:60,lr,contrarien,0,false,9.42,24,10.44,0
lr:contrarien:61,lr,contrarien,0,false,-0.02,24,9.06,0
lr:contrarien:62,lr,contrarien,0,false,14.25,24,9.04,0
lr:contrarien:63,lr,contrarien,0,false,14.69,24,9.06,0
lr:contrarien:64,lr,contrarien,0,false,6.32,24,10.7,0
lr:contrarien:65,lr,contrarien,0,false,0.39,28,9.1,0
lr:contrarien:66,lr,contrarien,0,false,-0.13,24,9.18,0
lr:contrarien:67,lr,contrarien,1,false,8.27,24,9.56,0
lr:contrarien:68,lr,contrarien,0,false,0.59,24,11.37,0
lr:contrarien:69,lr,contrarien,0,false,-0.27,24,9.71,0
lr:contrarien:70,lr,contrarien,0,false,0.59,24,11.54,0
lr:contrarien:71,lr,contrarien,1,false,8.61,24,9.65,0
lr:contrarien:72,lr,contrarien,0,false,6.31,24,9.55,0
lr:contrarien:73,lr,contrarien,0,false,0.24,24,9.47,0
lr:contrarien:74,lr,contrarien,0,false,8.99,24,10.05,0
lr:contrarien:75,lr,contrarien,0,false,6.22,24,8.93,0
lr:contrarien:76,lr,contrarien,0,false,-0.13,28,9.59,0
lr:contrarien:77,lr,contrarien,0,false,-0.31,24,8.89,0
lr:contrarien:78,lr,contrarien,0,false,-0.02,24,9.25,0
lr:contrarien:79,lr,contrarien,0,false,8.07,24,8.95,0
lr:contrarien:80,lr,contrarien,1,false,1.41,24,10.66,0
lr:contrarien:81,lr,contrarien,1,false,0.03,24,9.18,0
lr:contrarien:82,lr,contrarien,0,false,7.68,24,9.03,0
lr:contrarien:83,lr,contrarien,0,false,14.41,24,9.17,0
lr:contrarien:84,lr,contrarien,0,false,6.29,24,9.95,0
lr:contrarien:85,lr,contrarien,0,false,10.41,24,9.03,0
lr:contrarien:86,lr,contrarien,0,false,-0.13,24,8.92,0
lr:contrarien:87,lr,contrarien,1,false,5.94,26,9.02,0
lr:contrarien:88,lr,contrarien,0,false,8.5,24,9.24,0
lr:contrarien:89,lr,contrarien,1,false,8.35,24,9.86,0
lr:contrarien:90,lr,contrarien,0,false,-0.2,24,9.23,0
lr:contrarien:91,lr,contrarien,0,false,0.09,24,9.18,0
lr:contrarien:92,lr,contrarien,0,false,8.27,24,8.96,0
lr:contrarien:93,lr,contrarien,1,false,5.72,24,9.95,0
lr:contrarien:94,lr,contrarien,0,false,-0.07,24,9.07,0
lr:contrarien:95,lr,contrarien,0,false,0.09,24,9.46,0
lr:contrarien:96,lr,contrarien,0,false,7.63,24,9.79,0
lr:contrarien:97,lr,contrarien,1,false,15.12,24,9.71,0
lr:contrarien:98,lr,contrarien,0,false,0.3,26,9.93,0
lr:contrarien:99,lr,contrarien,0,false,6.25,24,9.97,0
lr:contrarien:100,lr,contrarien,0,false,5.99,24,9.22,0
lr:contrarien:101,lr,contrarien,0,false,14.25,24,8.94,0
lr:contrarien:102,lr,contrarien,0,false,6.52,24,9.51,0
lr:contrarien:103,lr,contrarien,1,false,0.33,24,10.13,0
lr:contrarien:104,lr,contrarien,1,false,0.51,24,10.52,0
lr:contrarien:105,lr,contrarien,1,false,0.24,24,10.49,0
lr:contrarien:106,lr,contrarien,0,false,7.94,24,9.11,0
lr:contrarien:107,lr,contrarien,0,false,-0.07,24,10.11,0
lr:contrarien:108,lr,contrarien,0,false,0.11,24,9.83,0
lr:contrarien:109,lr,contrarien,1,false,7.55,24,9.98,0
lr:contrarien:110,lr,contrarien,1,false,14.45,24,9.11,0
lr:contrarien:111,lr,contrarien,1,false,5.97,24,9.06,0
lr:contrarien:112,lr,contrarien,1,false,0.06,24,8.91,0
lr:contrarien:113,lr,contrarien,0,false,5.65,24,9.04,0
lr:contrarien:114,lr,contrarien,1,false,8.48,24,9.5,0
lr:contrarien:115,lr,contrarien,0,false,-0.04,24,9.06,0
lr:contrarien:116,lr,contrarien,0,false,8.53,24,9.07,0
lr:contrarien:117,lr,contrarien,0,false,-0.1,24,8.85,0
lr:contrarien:118,lr,contrarien,0,false,0.26,24,9.19,0
lr:contrarien:119,lr,contrarien,0,false,7.95,24,9.15,0
lr:contrarien:120,lr,contrarien,0,false,0.28,24,9,0
lr:contrarien:121,lr,contrarien,0,false,7.98,24,8.92,0
lr:contrarien:122,lr,contrarien,1,false,8.67,24,10.13,0
lr:contrarien:123,lr,contrarien,1,false,9.43,24,10.86,0
lr:contrarien:124,lr,contrarien,0,false,8.56,24,9.71,0
lr:contrarien:125,lr,contrarien,0,false,5.91,24,9.01,0
lr:contrarien:126,lr,contrarien,0,false,7.05,24,11.65,0
lr:contrarien:127,lr,contrarien,0,false,6.53,29,10.34,0
lr:contrarien:128,lr,contrarien,0,false,7.43,24,9.07,0
lr:contrarien:129,lr,contrarien,0,false,0.2,24,9.12,0
lr:contrarien:130,lr,contrarien,0,false,0.06,24,9.09,0
lr:contrarien:131,lr,contrarien,0,false,9.2,24,9.14,0
lr:contrarien:132,lr,contrarien,0,false,-0.43,26,9.03,0
lr:contrarien:133,lr,contrarien,0,false,8.28,24,9.1,0
lr:contrarien:134,lr,contrarien,0,false,0.11,24,9.13,0
lr:contrarien:135,lr,contrarien,1,false,0.32,28,9.72,0
lr:contrarien:136,lr,contrarien,0,false,0.23,24,9.97,0
lr:contrarien:137,lr,contrarien,1,false,0.25,24,10.45,0
lr:contrarien:138,lr,contrarien,0,false,0.46,24,8.89,0
lr:contrarien:139,lr,contrarien,0,false,0.21,26,8.95,0
lr:contrarien:140,lr,contrarien,0,false,0.29,24,8.88,0
lr:contrarien:141,lr,contrarien,0,false,9.29,24,9.26,0
lr:contrarien:142,lr,contrarien,0,false,-0.36,24,9.05,0
lr:contrarien:143,lr,contrarien,0,false,8.44,24,9.06,0
lr:contrarien:144,lr,contrarien,0,false,0.09,24,8.95,0
lr:contrarien:145,lr,contrarien,0,false,7.65,24,8.98,0
lr:contrarien:146,lr,contrarien,0,false,-0.26,24,8.92,0
lr:contrarien:147,lr,contrarien,0,false,0.38,24,9.96,0
lr:contrarien:148,lr,contrarien,0,false,7.88,24,8.89,0
lr:contrarien:149,lr,contrarien,0,false,0.1,24,9.04,0
rn:aleatoire:0,rn,aleatoire,0,false,0.18,24,9.03,0
rn:aleatoire:1,rn,aleatoire,0,false,7.03,27,9.03,0
rn:aleatoire:2,rn,aleatoire,0,false,6.37,27,9,0
rn:aleatoire:3,rn,aleatoire,1,false,0.33,26,9.03,0
rn:aleatoire:4,rn,aleatoire,1,false,6.72,29,10.01,0
rn:aleatoire:5,rn,aleatoire,0,false,6.27,27,9.05,0
rn:aleatoire:6,rn,aleatoire,0,false,7.35,25,8.9,0
rn:aleatoire:7,rn,aleatoire,0,false,20.05,5,29,28.38
rn:aleatoire:8,rn,aleatoire,0,false,0.15,24,8.88,0
rn:aleatoire:9,rn,aleatoire,1,false,-0.34,24,8.97,0
rn:aleatoire:10,rn,aleatoire,1,false,5.1,29,8.99,0
rn:aleatoire:11,rn,aleatoire,0,false,5.57,24,9,0
rn:aleatoire:12,rn,aleatoire,1,false,-0.03,26,9.62,0
rn:aleatoire:13,rn,aleatoire,0,false,0.23,27,8.93,0
rn:aleatoire:14,rn,aleatoire,1,false,-0.53,24,8.86,0
rn:aleatoire:15,rn,aleatoire,1,false,0.02,24,8.96,0
rn:aleatoire:16,rn,aleatoire,0,false,-0.02,28,8.91,0
rn:aleatoire:17,rn,aleatoire,1,false,-0.25,27,9.09,0
rn:aleatoire:18,rn,aleatoire,0,false,5.72,24,9.06,0
rn:aleatoire:19,rn,aleatoire,0,false,0.02,24,8.94,0
rn:aleatoire:20,rn,aleatoire,0,false,6.03,24,8.92,0
rn:aleatoire:21,rn,aleatoire,0,false,-0.12,24,9.04,0
rn:aleatoire:22,rn,aleatoire,0,false,11.93,27,9.05,0
rn:aleatoire:23,rn,aleatoire,0,false,6.01,25,8.85,0
rn:aleatoire:24,rn,aleatoire,0,false,-0.12,27,9.38,0
rn:aleatoire:25,rn,aleatoire,0,false,6.49,24,9.04,0
rn:aleatoire:26,rn,aleatoire,1,false,-0.44,29,8.92,0
rn:aleatoire:27,rn,aleatoire,0,false,-0.8,27,8.89,0
rn:aleatoire:28,rn,aleatoire,0,false,0.28,27,8.88,0
rn:aleatoire:29,rn,aleatoire,2,false,1.71,26,11.32,0
rn:aleatoire:30,rn,aleatoire,0,false,8.19,30,9.28,0
rn:aleatoire:31,rn,aleatoire,0,false,0.24,24,9.03,0
rn:aleatoire:32,rn,aleatoire,0,false,-0.01,24,9.04,0
rn:aleatoire:33,rn,aleatoire,0,false,5.79,26,9,0
rn:aleatoire:34,rn,aleatoire,1,false,0.05,27,9.03,0
rn:aleatoire:35,rn,aleatoire,0,false,-0.01,28,8.96,0
rn:aleatoire:36,rn,aleatoire,0,false,6.71,24,8.87,0
rn:aleatoire:37,rn,aleatoire,1,false,-0.77,30,9.04,0
rn:aleatoire:38,rn,aleatoire,0,false,0.47,24,9.19,0
rn:aleatoire:39,rn,aleatoire,1,false,5.98,25,9.05,0
rn:aleatoire:40,rn,aleatoire,0,false,7.61,24,9.02,0
rn:aleatoire:41,rn,aleatoire,0,false,0.07,24,8.96,0
rn:aleatoire:42,rn,aleatoire,0,false,6.72,26,9.05,0
rn:aleatoire:43,rn,aleatoire,0,false,5.85,27,9.02,0
rn:aleatoire:44,rn,aleatoire,0,false,-0.12,24,8.87,0
rn:aleatoire:45,rn,aleatoire,1,false,0.12,26,9.29,0
rn:aleatoire:46,rn,aleatoire,0,false,0.32,24,8.97,0
rn:aleatoire:47,rn,aleatoire,0,false,6.45,28,9.44,0
rn:aleatoire:48,rn,aleatoire,0,false,-0.06,24,8.88,0
rn:aleatoire:49,rn,aleatoire,0,false,7.03,28,9.4,0
rn:aleatoire:50,rn,aleatoire,0,false,5.59,24,9,0
rn:aleatoire:51,rn,aleatoire,1,false,0.04,24,9.04,0
rn:aleatoire:52,rn,aleatoire,0,false,0.11,26,9.26,0
rn:aleatoire:53,rn,aleatoire,0,false,12.85,25,9.05,0
rn:aleatoire:54,rn,aleatoire,0,false,0,24,8.91,0
rn:aleatoire:55,rn,aleatoire,0,false,0.36,24,9.09,0
rn:aleatoire:56,rn,aleatoire,0,false,6.15,27,9.09,0
rn:aleatoire:57,rn,aleatoire,0,false,12.02,29,9.27,0
rn:aleatoire:58,rn,aleatoire,0,false,-0.19,24,8.92,0
rn:aleatoire:59,rn,aleatoire,0,false,-0.04,26,9.11,0
rn:aleatoire:60,rn,aleatoire,0,false,0.29,24,8.94,0
rn:aleatoire:61,rn,aleatoire,0,false,0.28,24,9.08,0
rn:aleatoire:62,rn,aleatoire,1,false,0.14,24,9.08,0
rn:aleatoire:63,rn,aleatoire,0,false,8.32,28,9.45,0
rn:aleatoire:64,rn,aleatoire,0,false,6.29,30,8.9,0
rn:aleatoire:65,rn,aleatoire,0,false,-0.11,24,9.11,0
rn:aleatoire:66,rn,aleatoire,1,false,0.26,24,9.13,0
rn:aleatoire:67,rn,aleatoire,0,false,0.61,24,10.08,0
rn:aleatoire:68,rn,aleatoire,1,false,0.59,28,9.36,0
rn:aleatoire:69,rn,aleatoire,0,false,6.31,24,9.49,0
rn:aleatoire:70,rn,aleatoire,0,false,0.21,24,9.07,0
rn:aleatoire:71,rn,aleatoire,0,false,-0.09,24,9.07,0
rn:aleatoire:72,rn,aleatoire,0,false,-0.09,27,9.02,0
rn:aleatoire:73,rn,aleatoire,1,false,5.48,26,9.06,0
rn:aleatoire:74,rn,aleatoire,0,false,-0.07,27,9.02,0
rn:aleatoire:75,rn,aleatoire,0,false,5.97,24,8.98,0
rn:aleatoire:76,rn,aleatoire,1,false,0.46,24,8.93,0
rn:aleatoire:77,rn,aleatoire,0,false,6.33,28,9.02,0
rn:aleatoire:78,rn,aleatoire,0,false,-0.33,26,9.04,0
rn:aleatoire:79,rn,aleatoire,0,false,0.14,26,9.12,0
rn:aleatoire:80,rn,aleatoire,1,false,-0.22,24,8.93,0
rn:aleatoire:81,rn,aleatoire,0,false,5.58,28,8.9,0
rn:aleatoire:82,rn,aleatoire,1,false,-0.31,30,9,0
rn:aleatoire:83,rn,aleatoire,0,false,5.54,24,9.13,0
rn:aleatoire:84,rn,aleatoire,0,false,-0.28,24,8.95,0
rn:aleatoire:85,rn,aleatoire,0,false,6.67,26,10.23,0
rn:aleatoire:86,rn,aleatoire,0,false,-0.2,24,9.03,0
rn:aleatoire:87,rn,aleatoire,0,false,-0.14,24,9.05,0
rn:aleatoire:88,rn,aleatoire,1,false,12.88,27,9.01,0
rn:aleatoire:89,rn,aleatoire,1,true,17.69,8,9.03,0
rn:aleatoire:90,rn,aleatoire,0,false,6.66,30,9.03,0
rn:aleatoire:91,rn,aleatoire,0,false,-0.38,26,8.94,0
rn:aleatoire:92,rn,aleatoire,1,false,5.91,24,8.97,0
rn:aleatoire:93,rn,aleatoire,1,false,-0.35,24,9.01,0
rn:aleatoire:94,rn,aleatoire,0,false,-0.48,24,9,0
rn:aleatoire:95,rn,aleatoire,0,false,12.97,28,8.98,0
rn:aleatoire:96,rn,aleatoire,0,false,0.21,24,9.08,0
rn:aleatoire:97,rn,aleatoire,0,false,0.58,24,10.11,0
rn:aleatoire:98,rn,aleatoire,0,false,-0.03,24,9.14,0
rn:aleatoire:99,rn,aleatoire,0,false,-1.45,27,8.9,0
rn:aleatoire:100,rn,aleatoire,1,false,0.32,24,9.09,0
rn:aleatoire:101,rn,aleatoire,0,false,-0.08,24,9.06,0
rn:aleatoire:102,rn,aleatoire,1,false,5.91,28,9.06,0
rn:aleatoire:103,rn,aleatoire,0,false,-0.23,24,8.92,0
rn:aleatoire:104,rn,aleatoire,1,false,0.22,30,9.99,0
rn:aleatoire:105,rn,aleatoire,0,false,-0.48,24,9.05,0
rn:aleatoire:106,rn,aleatoire,1,false,5.42,30,9.02,0
rn:aleatoire:107,rn,aleatoire,0,false,6.72,24,9.77,0
rn:aleatoire:108,rn,aleatoire,0,false,-0.01,30,9.03,0
rn:aleatoire:109,rn,aleatoire,1,false,6.11,24,8.92,0
rn:aleatoire:110,rn,aleatoire,1,false,5.49,29,8.94,0
rn:aleatoire:111,rn,aleatoire,0,false,-0.43,30,8.8,0
rn:aleatoire:112,rn,aleatoire,1,false,6.31,26,9.05,0
rn:aleatoire:113,rn,aleatoire,0,false,12.34,26,9,0
rn:aleatoire:114,rn,aleatoire,0,false,-0.03,26,8.84,0
rn:aleatoire:115,rn,aleatoire,0,false,-0.36,24,8.9,0
rn:aleatoire:116,rn,aleatoire,0,false,-0.09,26,8.93,0
rn:aleatoire:117,rn,aleatoire,0,false,0.09,24,9.08,0
rn:aleatoire:118,rn,aleatoire,0,false,6.12,24,9.12,0
rn:aleatoire:119,rn,aleatoire,0,false,0.49,27,9.02,0
rn:aleatoire:120,rn,aleatoire,0,false,-0.09,29,9.02,0
rn:aleatoire:121,rn,aleatoire,0,false,-0.42,29,9,0
rn:aleatoire:122,rn,aleatoire,0,false,0.02,24,9.04,0
rn:aleatoire:123,rn,aleatoire,1,false,6.01,24,8.96,0
rn:aleatoire:124,rn,aleatoire,0,false,6.1,24,8.9,0
rn:aleatoire:125,rn,aleatoire,0,false,-0.4,27,8.99,0
rn:aleatoire:126,rn,aleatoire,0,false,6.96,25,8.99,0
rn:aleatoire:127,rn,aleatoire,1,false,12.57,28,9.03,0
rn:aleatoire:128,rn,aleatoire,0,false,6.33,28,9.18,0
rn:aleatoire:129,rn,aleatoire,1,false,-0.7,27,9.05,0
rn:aleatoire:130,rn,aleatoire,1,false,7.62,24,8.95,0
rn:aleatoire:131,rn,aleatoire,0,false,0.34,24,9.04,0
rn:aleatoire:132,rn,aleatoire,0,false,4.95,29,9.08,0
rn:aleatoire:133,rn,aleatoire,0,false,0.42,27,9.22,0
rn:aleatoire:134,rn,aleatoire,0,false,0.96,26,11.89,0
rn:aleatoire:135,rn,aleatoire,0,false,-0.16,24,8.93,0
rn:aleatoire:136,rn,aleatoire,0,false,6.56,26,9.29,0
rn:aleatoire:137,rn,aleatoire,0,false,6.35,28,9,0
rn:aleatoire:138,rn,aleatoire,0,false,0.27,24,9.05,0
rn:aleatoire:139,rn,aleatoire,0,false,0.26,24,8.92,0
rn:aleatoire:140,rn,aleatoire,0,false,5.84,24,9.01,0
rn:aleatoire:141,rn,aleatoire,1,false,4.41,27,9.06,0
rn:aleatoire:142,rn,aleatoire,1,false,11.32,29,8.91,0
rn:aleatoire:143,rn,aleatoire,0,false,5.83,27,8.99,0
rn:aleatoire:144,rn,aleatoire,0,false,-0.02,24,9.01,0
rn:aleatoire:145,rn,aleatoire,0,false,5.56,27,9.02,0
rn:aleatoire:146,rn,aleatoire,0,false,0.47,24,9.4,0
rn:aleatoire:147,rn,aleatoire,0,false,6.06,24,9.1,0
rn:aleatoire:148,rn,aleatoire,1,false,5.5,26,8.99,0
rn:aleatoire:149,rn,aleatoire,0,false,-0.5,24,8.97,0
rn:prudent:0,rn,prudent,0,false,6.35,24,9.04,0
rn:prudent:1,rn,prudent,0,false,0.06,28,8.94,0
rn:prudent:2,rn,prudent,0,false,-0.07,27,9.03,0
rn:prudent:3,rn,prudent,0,false,0.09,24,8.89,0
rn:prudent:4,rn,prudent,1,false,0.35,24,9.32,0
rn:prudent:5,rn,prudent,0,false,6.23,28,8.88,0
rn:prudent:6,rn,prudent,1,false,0.6,24,8.9,0
rn:prudent:7,rn,prudent,1,false,0.65,26,10.57,0
rn:prudent:8,rn,prudent,0,false,-1.3,30,8.91,0
rn:prudent:9,rn,prudent,1,false,0.03,27,8.96,0
rn:prudent:10,rn,prudent,1,false,6.29,28,9.15,0
rn:prudent:11,rn,prudent,1,false,0.52,27,9.96,0
rn:prudent:12,rn,prudent,1,false,-0.15,26,8.82,0
rn:prudent:13,rn,prudent,1,false,6.04,28,8.97,0
rn:prudent:14,rn,prudent,0,false,6.32,24,9.11,0
rn:prudent:15,rn,prudent,0,false,5.78,28,9.08,0
rn:prudent:16,rn,prudent,0,false,0.28,24,9.03,0
rn:prudent:17,rn,prudent,0,false,6.91,29,8.88,0
rn:prudent:18,rn,prudent,0,false,0.2,27,9.06,0
rn:prudent:19,rn,prudent,0,false,6.03,29,8.87,0
rn:prudent:20,rn,prudent,0,false,0.07,24,9.04,0
rn:prudent:21,rn,prudent,1,false,-0.32,29,8.9,0
rn:prudent:22,rn,prudent,0,false,-0.12,24,9.07,0
rn:prudent:23,rn,prudent,0,false,6.06,28,9.05,0
rn:prudent:24,rn,prudent,0,false,-0.02,28,8.95,0
rn:prudent:25,rn,prudent,0,false,5.13,29,8.9,0
rn:prudent:26,rn,prudent,1,false,1.19,26,9.92,0
rn:prudent:27,rn,prudent,0,false,0.19,27,8.95,0
rn:prudent:28,rn,prudent,0,false,6.55,25,9.23,0
rn:prudent:29,rn,prudent,0,false,11.67,29,9.03,0
rn:prudent:30,rn,prudent,0,false,0.06,26,8.96,0
rn:prudent:31,rn,prudent,0,false,5.88,28,8.98,0
rn:prudent:32,rn,prudent,0,false,-0.04,24,9.28,0
rn:prudent:33,rn,prudent,0,false,6.97,26,8.98,0
rn:prudent:34,rn,prudent,0,false,7.11,25,8.93,0
rn:prudent:35,rn,prudent,0,false,-0.3,24,8.96,0
rn:prudent:36,rn,prudent,0,false,0.05,28,8.98,0
rn:prudent:37,rn,prudent,0,false,0.46,24,9.05,0
rn:prudent:38,rn,prudent,1,false,-0.44,27,9.11,0
rn:prudent:39,rn,prudent,0,false,5.35,25,9,0
rn:prudent:40,rn,prudent,0,false,-0.13,26,8.97,0
rn:prudent:41,rn,prudent,0,false,0.15,24,8.84,0
rn:prudent:42,rn,prudent,0,false,0.03,24,9.06,0
rn:prudent:43,rn,prudent,0,false,4.6,30,9.08,0
rn:prudent:44,rn,prudent,1,false,0.12,24,9.01,0
rn:prudent:45,rn,prudent,1,false,6.43,27,9.07,0
rn:prudent:46,rn,prudent,1,false,6.04,26,9.02,0
rn:prudent:47,rn,prudent,0,false,-0.22,24,9.06,0
rn:prudent:48,rn,prudent,0,false,8.43,25,8.99,0
rn:prudent:49,rn,prudent,0,false,-0.11,24,8.95,0
rn:prudent:50,rn,prudent,0,false,11.65,26,9.1,0
rn:prudent:51,rn,prudent,0,false,-0.02,24,8.96,0
rn:prudent:52,rn,prudent,0,false,11.65,27,9.05,0
rn:prudent:53,rn,prudent,0,false,0.23,24,8.96,0
rn:prudent:54,rn,prudent,0,false,-0.02,24,9.19,0
rn:prudent:55,rn,prudent,0,false,0.19,24,8.88,0
rn:prudent:56,rn,prudent,0,false,-0.27,26,8.89,0
rn:prudent:57,rn,prudent,1,false,-0.38,29,9.04,0
rn:prudent:58,rn,prudent,0,false,5.59,26,8.97,0
rn:prudent:59,rn,prudent,0,false,19.84,2,33.8,32.66
rn:prudent:60,rn,prudent,1,false,-0.25,24,8.8,0
rn:prudent:61,rn,prudent,1,false,-1.26,26,9.05,0
rn:prudent:62,rn,prudent,0,false,5.4,26,8.91,0
rn:prudent:63,rn,prudent,1,false,6.15,28,9.34,0
rn:prudent:64,rn,prudent,0,false,-0.17,24,9.05,0
rn:prudent:65,rn,prudent,0,false,6.02,28,8.9,0
rn:prudent:66,rn,prudent,0,false,5.99,24,8.92,0
rn:prudent:67,rn,prudent,1,false,-0.05,24,9.03,0
rn:prudent:68,rn,prudent,0,false,5.71,28,8.87,0
rn:prudent:69,rn,prudent,0,false,5.45,24,9.05,0
rn:prudent:70,rn,prudent,0,false,0.14,24,8.91,0
rn:prudent:71,rn,prudent,0,false,5.72,26,8.87,0
rn:prudent:72,rn,prudent,0,false,0.04,24,8.98,0
rn:prudent:73,rn,prudent,0,false,-0.06,24,9.12,0
rn:prudent:74,rn,prudent,0,false,0.09,27,8.86,0
rn:prudent:75,rn,prudent,0,false,6.75,24,9.57,0
rn:prudent:76,rn,prudent,0,false,-1.11,30,8.89,0
rn:prudent:77,rn,prudent,0,false,-0.11,24,8.98,0
rn:prudent:78,rn,prudent,0,false,-0.11,24,9.04,0
rn:prudent:79,rn,prudent,0,false,4.98,26,8.98,0
rn:prudent:80,rn,prudent,0,false,-0.79,28,8.99,0
rn:prudent:81,rn,prudent,0,false,5.82,24,8.96,0
rn:prudent:82,rn,prudent,0,false,-0.14,24,9.03,0
rn:prudent:83,rn,prudent,0,false,-0.3,29,8.87,0
rn:prudent:84,rn,prudent,0,false,6.23,29,9.53,0
rn:prudent:85,rn,prudent,0,false,6.03,26,8.91,0
rn:prudent:86,rn,prudent,0,false,-0.15,24,8.87,0
rn:prudent:87,rn,prudent,0,false,-0.07,24,9.04,0
rn:prudent:88,rn,prudent,0,false,0.21,24,8.98,0
rn:prudent:89,rn,prudent,0,false,0.31,24,8.93,0
rn:prudent:90,rn,prudent,0,false,6.71,24,8.98,0
rn:prudent:91,rn,prudent,0,false,5.09,26,8.94,0
rn:prudent:92,rn,prudent,0,false,6.13,29,8.99,0
rn:prudent:93,rn,prudent,0,false,0.32,28,9.01,0
rn:prudent:94,rn,prudent,0,false,-0.13,24,8.9,0
rn:prudent:95,rn,prudent,1,false,5.84,27,8.97,0
rn:prudent:96,rn,prudent,0,false,6.1,29,8.92,0
rn:prudent:97,rn,prudent,1,false,-0.12,30,9.01,0
rn:prudent:98,rn,prudent,0,false,0.31,24,9.04,0
rn:prudent:99,rn,prudent,0,false,0.14,24,8.86,0
rn:prudent:100,rn,prudent,0,false,-0.36,28,8.92,0
rn:prudent:101,rn,prudent,0,false,6.65,26,9.35,0
rn:prudent:102,rn,prudent,0,false,-0.04,24,9,0
rn:prudent:103,rn,prudent,0,false,6.01,28,9.02,0
rn:prudent:104,rn,prudent,0,false,5.75,27,8.97,0
rn:prudent:105,rn,prudent,0,false,-0.59,24,8.91,0
rn:prudent:106,rn,prudent,1,false,0.23,28,9.55,0
rn:prudent:107,rn,prudent,0,false,0.24,24,9.05,0
rn:prudent:108,rn,prudent,1,false,0.05,24,8.88,0
rn:prudent:109,rn,prudent,0,false,11.68,27,8.94,0
rn:prudent:110,rn,prudent,0,false,5.73,29,9.08,0
rn:prudent:111,rn,prudent,0,false,-0.63,30,8.97,0
rn:prudent:112,rn,prudent,0,false,13.42,28,9.04,0
rn:prudent:113,rn,prudent,0,false,0.09,26,9.04,0
rn:prudent:114,rn,prudent,0,false,5.54,24,8.92,0
rn:prudent:115,rn,prudent,0,false,0.41,27,9.03,0
rn:prudent:116,rn,prudent,0,false,0,27,9.05,0
rn:prudent:117,rn,prudent,1,false,0.56,24,9.88,0
rn:prudent:118,rn,prudent,0,false,12.87,28,9.46,0
rn:prudent:119,rn,prudent,0,false,6.05,28,8.99,0
rn:prudent:120,rn,prudent,0,false,-0.05,24,8.88,0
rn:prudent:121,rn,prudent,0,false,-0.18,24,8.94,0
rn:prudent:122,rn,prudent,0,false,6.33,28,8.98,0
rn:prudent:123,rn,prudent,0,false,5.75,26,9.07,0
rn:prudent:124,rn,prudent,0,false,6.73,25,8.99,0
rn:prudent:125,rn,prudent,0,false,-0.05,26,8.99,0
rn:prudent:126,rn,prudent,0,false,0.37,27,8.86,0
rn:prudent:127,rn,prudent,0,false,6.02,27,9.08,0
rn:prudent:128,rn,prudent,0,false,-0.1,28,8.9,0
rn:prudent:129,rn,prudent,0,false,-0.23,29,8.99,0
rn:prudent:130,rn,prudent,1,false,0.07,26,8.97,0
rn:prudent:131,rn,prudent,1,false,-0.04,29,9.1,0
rn:prudent:132,rn,prudent,0,false,-0.07,24,8.94,0
rn:prudent:133,rn,prudent,0,false,6.04,24,8.93,0
rn:prudent:134,rn,prudent,0,false,0.41,24,9.38,0
rn:prudent:135,rn,prudent,1,false,-0.25,24,9.01,0
rn:prudent:136,rn,prudent,0,false,6.26,28,9.06,0
rn:prudent:137,rn,prudent,0,false,-0.6,24,8.94,0
rn:prudent:138,rn,prudent,0,false,11.7,25,9,0
rn:prudent:139,rn,prudent,0,false,-0.06,24,8.89,0
rn:prudent:140,rn,prudent,1,false,-0.18,24,8.99,0
rn:prudent:141,rn,prudent,0,false,5.4,27,9.02,0
rn:prudent:142,rn,prudent,0,false,0.09,26,8.91,0
rn:prudent:143,rn,prudent,1,false,5.22,29,9.06,0
rn:prudent:144,rn,prudent,0,false,0.34,27,9.4,0
rn:prudent:145,rn,prudent,1,false,5.54,25,8.98,0
rn:prudent:146,rn,prudent,1,false,-0.05,24,8.96,0
rn:prudent:147,rn,prudent,1,false,5.38,29,8.93,0
rn:prudent:148,rn,prudent,1,false,0.48,24,8.89,0
rn:prudent:149,rn,prudent,0,false,-0.16,24,9.03,0
rn:risque:0,rn,risque,1,false,0.38,24,9.05,0
rn:risque:1,rn,risque,0,false,0.12,24,8.91,0
rn:risque:2,rn,risque,1,false,0.1,24,8.94,0
rn:risque:3,rn,risque,0,false,-0.14,29,8.9,0
rn:risque:4,rn,risque,0,false,4.92,25,8.98,0
rn:risque:5,rn,risque,0,false,0.24,26,9.03,0
rn:risque:6,rn,risque,0,false,-0.03,24,8.99,0
rn:risque:7,rn,risque,0,false,3.55,29,8.93,0
rn:risque:8,rn,risque,0,false,-0.35,27,9.08,0
rn:risque:9,rn,risque,1,false,-0.13,24,8.92,0
rn:risque:10,rn,risque,0,false,0.04,24,8.97,0
rn:risque:11,rn,risque,0,false,-0.01,28,8.96,0
rn:risque:12,rn,risque,0,false,0.23,27,9.12,0
rn:risque:13,rn,risque,1,false,-0.03,24,8.88,0
rn:risque:14,rn,risque,0,false,7.18,28,10.41,0
rn:risque:15,rn,risque,1,false,-0.12,24,8.87,0
rn:risque:16,rn,risque,0,false,11.47,30,8.94,0
rn:risque:17,rn,risque,0,false,0.36,24,9,0
rn:risque:18,rn,risque,0,false,-0.15,27,9.14,0
rn:risque:19,rn,risque,0,false,0.43,26,9.03,0
rn:risque:20,rn,risque,0,false,0.32,24,9.02,0
rn:risque:21,rn,risque,0,false,-0.29,24,8.85,0
rn:risque:22,rn,risque,0,false,7.02,27,9.15,0
rn:risque:23,rn,risque,0,false,0.18,24,8.93,0
rn:risque:24,rn,risque,1,false,-0.15,24,9.07,0
rn:risque:25,rn,risque,0,false,0.4,24,8.99,0
rn:risque:26,rn,risque,0,false,-0.24,26,8.89,0
rn:risque:27,rn,risque,0,false,0.03,26,9.01,0
rn:risque:28,rn,risque,0,false,-0.58,24,8.83,0
rn:risque:29,rn,risque,0,false,-0.72,29,8.89,0
rn:risque:30,rn,risque,0,false,-0.04,29,9.09,0
rn:risque:31,rn,risque,1,false,13.46,25,8.93,0
rn:risque:32,rn,risque,0,false,0.15,24,8.96,0
rn:risque:33,rn,risque,0,false,-0.32,27,8.98,0
rn:risque:34,rn,risque,1,false,-0.11,26,8.94,0
rn:risque:35,rn,risque,0,false,0.12,28,8.89,0
rn:risque:36,rn,risque,0,false,5.42,25,8.99,0
rn:risque:37,rn,risque,1,false,-0.22,24,9,0
rn:risque:38,rn,risque,0,false,-0.04,24,8.95,0
rn:risque:39,rn,risque,0,false,0.04,26,8.87,0
rn:risque:40,rn,risque,0,false,6.06,24,8.96,0
rn:risque:41,rn,risque,1,false,10.85,27,9.01,0
rn:risque:42,rn,risque,0,false,7.74,24,8.88,0
rn:risque:43,rn,risque,0,false,-0.01,24,8.86,0
rn:risque:44,rn,risque,1,false,-0.17,24,8.91,0
rn:risque:45,rn,risque,1,false,5.22,29,9.07,0
rn:risque:46,rn,risque,0,false,11.88,29,8.92,0
rn:risque:47,rn,risque,0,false,-0.16,24,9.01,0
rn:risque:48,rn,risque,1,false,0.48,24,9.06,0
rn:risque:49,rn,risque,0,false,0.22,24,9.11,0
rn:risque:50,rn,risque,1,false,7.03,25,8.89,0
rn:risque:51,rn,risque,1,false,-0.27,26,8.88,0
rn:risque:52,rn,risque,0,false,6.62,24,10.14,0
rn:risque:53,rn,risque,1,false,11.04,27,8.92,0
rn:risque:54,rn,risque,0,false,-0.24,27,8.93,0
rn:risque:55,rn,risque,0,false,-0.36,27,9,0
rn:risque:56,rn,risque,1,false,11.71,27,9.05,0
rn:risque:57,rn,risque,0,false,-0.28,24,9.05,0
rn:risque:58,rn,risque,1,false,-0.01,24,8.93,0
rn:risque:59,rn,risque,0,false,0.02,27,8.9,0
rn:risque:60,rn,risque,0,false,5.53,26,9.2,0
rn:risque:61,rn,risque,1,false,-0.3,27,8.81,0
rn:risque:62,rn,risque,0,false,0.39,24,8.95,0
rn:risque:63,rn,risque,0,false,-0.02,26,8.96,0
rn:risque:64,rn,risque,0,false,0.27,24,10.45,0
rn:risque:65,rn,risque,1,false,0.57,28,9.21,0
rn:risque:66,rn,risque,0,false,5.96,26,8.96,0
rn:risque:67,rn,risque,0,false,0.7,24,9.4,0
rn:risque:68,rn,risque,1,false,0.03,27,9,0
rn:risque:69,rn,risque,0,false,0.14,24,8.95,0
rn:risque:70,rn,risque,1,false,1.55,28,11.22,0
rn:risque:71,rn,risque,1,false,0.07,24,8.94,0
rn:risque:72,rn,risque,0,false,5.32,28,8.93,0
rn:risque:73,rn,risque,0,false,5.83,25,9,0
rn:risque:74,rn,risque,0,false,0.01,26,8.84,0
rn:risque:75,rn,risque,0,false,-0.11,28,8.98,0
rn:risque:76,rn,risque,0,false,0.34,24,9.8,0
rn:risque:77,rn,risque,0,false,7.11,24,9.01,0
rn:risque:78,rn,risque,0,false,-0.22,28,8.99,0
rn:risque:79,rn,risque,1,false,7.15,29,11,0
rn:risque:80,rn,risque,0,false,6.26,24,9.03,0
rn:risque:81,rn,risque,1,false,0.25,24,8.96,0
rn:risque:82,rn,risque,0,false,0.14,24,9.11,0
rn:risque:83,rn,risque,0,false,6.37,28,8.9,0
rn:risque:84,rn,risque,0,false,-0.26,24,8.98,0
rn:risque:85,rn,risque,0,false,0.67,24,9.99,0
rn:risque:86,rn,risque,1,false,0.08,26,9.08,0
rn:risque:87,rn,risque,0,false,-0.04,24,8.88,0
rn:risque:88,rn,risque,0,false,0.08,24,9.3,0
rn:risque:89,rn,risque,0,false,6.97,28,8.99,0
rn:risque:90,rn,risque,0,false,0.24,24,8.94,0
rn:risque:91,rn,risque,0,false,6.11,29,8.99,0
rn:risque:92,rn,risque,0,false,-0.29,24,8.92,0
rn:risque:93,rn,risque,0,false,0.29,24,9.4,0
rn:risque:94,rn,risque,0,false,-0.4,29,8.99,0
rn:risque:95,rn,risque,0,false,-0.55,24,14.49,14.8
rn:risque:96,rn,risque,1,false,0.14,29,9.09,0
rn:risque:97,rn,risque,0,false,-0.24,27,8.97,0
rn:risque:98,rn,risque,0,false,0.32,26,8.98,0
rn:risque:99,rn,risque,0,false,0.11,24,8.96,0
rn:risque:100,rn,risque,0,false,6.58,24,8.89,0
rn:risque:101,rn,risque,0,false,5.81,27,8.94,0
rn:risque:102,rn,risque,1,false,0.23,28,9.27,0
rn:risque:103,rn,risque,1,false,5.96,24,8.85,0
rn:risque:104,rn,risque,0,false,-0.39,24,8.85,0
rn:risque:105,rn,risque,0,false,4.74,28,8.94,0
rn:risque:106,rn,risque,0,false,-0.21,24,8.82,0
rn:risque:107,rn,risque,0,false,5.38,28,9.06,0
rn:risque:108,rn,risque,0,false,-0.17,26,8.9,0
rn:risque:109,rn,risque,2,false,0.09,24,8.95,0
rn:risque:110,rn,risque,0,false,19.31,6,27.59,27.92
rn:risque:111,rn,risque,0,false,6.37,29,9.3,0
rn:risque:112,rn,risque,0,false,-0.33,24,9.06,0
rn:risque:113,rn,risque,0,false,0.66,24,10.07,0
rn:risque:114,rn,risque,0,false,6.5,30,9.49,0
rn:risque:115,rn,risque,0,false,-0.26,28,9.06,0
rn:risque:116,rn,risque,1,false,12.58,30,8.95,0
rn:risque:117,rn,risque,0,false,-0.46,29,9.1,0
rn:risque:118,rn,risque,0,false,-0.13,26,9.11,0
rn:risque:119,rn,risque,0,false,6.91,25,9.13,0
rn:risque:120,rn,risque,0,false,5.92,24,9.22,0
rn:risque:121,rn,risque,0,false,-0.88,28,8.8,0
rn:risque:122,rn,risque,1,false,6.05,24,9.03,0
rn:risque:123,rn,risque,0,false,0.07,24,9.01,0
rn:risque:124,rn,risque,0,false,12.21,26,8.96,0
rn:risque:125,rn,risque,0,false,-0.08,24,8.84,0
rn:risque:126,rn,risque,1,false,-0.18,26,8.87,0
rn:risque:127,rn,risque,1,false,0.31,24,9.05,0
rn:risque:128,rn,risque,0,false,12.38,25,8.99,0
rn:risque:129,rn,risque,0,false,-0.84,29,9.03,0
rn:risque:130,rn,risque,0,false,13.75,25,9.04,0
rn:risque:131,rn,risque,0,false,5.45,29,8.91,0
rn:risque:132,rn,risque,1,false,7.74,24,9.87,0
rn:risque:133,rn,risque,1,false,5.57,26,8.98,0
rn:risque:134,rn,risque,1,false,6.13,30,9.33,0
rn:risque:135,rn,risque,1,false,0.55,24,9.37,0
rn:risque:136,rn,risque,0,false,6.46,26,8.75,0
rn:risque:137,rn,risque,0,false,0.83,28,10.4,0
rn:risque:138,rn,risque,1,false,-0.14,27,9.21,0
rn:risque:139,rn,risque,0,false,-0.12,26,8.89,0
rn:risque:140,rn,risque,1,false,0.44,24,9.1,0
rn:risque:141,rn,risque,0,false,7.81,24,9.06,0
rn:risque:142,rn,risque,0,false,-0.53,28,8.93,0
rn:risque:143,rn,risque,1,false,0.38,27,9.15,0
rn:risque:144,rn,risque,0,false,-0.13,27,9,0
rn:risque:145,rn,risque,0,false,6.72,24,8.95,0
rn:risque:146,rn,risque,0,false,5.9,26,8.9,0
rn:risque:147,rn,risque,0,false,0.1,24,9.06,0
rn:risque:148,rn,risque,0,false,7.17,24,8.97,0
rn:risque:149,rn,risque,0,false,0.16,24,9.13,0
rn:ideologiquement_coherent:0,rn,ideologiquement_coherent,1,false,0.08,27,8.9,0
rn:ideologiquement_coherent:1,rn,ideologiquement_coherent,2,false,1.61,24,10.02,0
rn:ideologiquement_coherent:2,rn,ideologiquement_coherent,1,false,6.01,28,8.97,0
rn:ideologiquement_coherent:3,rn,ideologiquement_coherent,0,false,0.16,24,8.99,0
rn:ideologiquement_coherent:4,rn,ideologiquement_coherent,0,false,-0.13,24,9.06,0
rn:ideologiquement_coherent:5,rn,ideologiquement_coherent,1,false,-0.64,24,9.05,0
rn:ideologiquement_coherent:6,rn,ideologiquement_coherent,1,false,5.89,27,8.88,0
rn:ideologiquement_coherent:7,rn,ideologiquement_coherent,0,false,-0.2,27,8.9,0
rn:ideologiquement_coherent:8,rn,ideologiquement_coherent,1,false,5.92,24,9.02,0
rn:ideologiquement_coherent:9,rn,ideologiquement_coherent,0,false,6.13,26,8.97,0
rn:ideologiquement_coherent:10,rn,ideologiquement_coherent,0,false,-0.13,29,9.07,0
rn:ideologiquement_coherent:11,rn,ideologiquement_coherent,0,false,0.34,29,8.91,0
rn:ideologiquement_coherent:12,rn,ideologiquement_coherent,0,false,19.06,17,21.87,22.05
rn:ideologiquement_coherent:13,rn,ideologiquement_coherent,1,false,5.85,28,9.05,0
rn:ideologiquement_coherent:14,rn,ideologiquement_coherent,1,false,-0.05,24,9.17,0
rn:ideologiquement_coherent:15,rn,ideologiquement_coherent,0,false,5.5,29,9.03,0
rn:ideologiquement_coherent:16,rn,ideologiquement_coherent,0,false,6.42,25,9.02,0
rn:ideologiquement_coherent:17,rn,ideologiquement_coherent,0,false,6.15,27,9.14,0
rn:ideologiquement_coherent:18,rn,ideologiquement_coherent,1,false,-0.62,24,8.9,0
rn:ideologiquement_coherent:19,rn,ideologiquement_coherent,0,false,-0.11,24,9.01,0
rn:ideologiquement_coherent:20,rn,ideologiquement_coherent,0,false,0.81,24,9.06,0
rn:ideologiquement_coherent:21,rn,ideologiquement_coherent,1,false,5.8,24,8.96,0
rn:ideologiquement_coherent:22,rn,ideologiquement_coherent,0,false,0.68,26,9,0
rn:ideologiquement_coherent:23,rn,ideologiquement_coherent,0,false,0.18,24,8.93,0
rn:ideologiquement_coherent:24,rn,ideologiquement_coherent,0,false,11.38,29,8.87,0
rn:ideologiquement_coherent:25,rn,ideologiquement_coherent,0,false,5.63,27,8.96,0
rn:ideologiquement_coherent:26,rn,ideologiquement_coherent,0,false,5.64,28,8.98,0
rn:ideologiquement_coherent:27,rn,ideologiquement_coherent,0,false,6.58,29,9.35,0
rn:ideologiquement_coherent:28,rn,ideologiquement_coherent,0,false,0.3,24,9.12,0
rn:ideologiquement_coherent:29,rn,ideologiquement_coherent,0,false,5.65,26,9.02,0
rn:ideologiquement_coherent:30,rn,ideologiquement_coherent,0,false,6.3,28,8.95,0
rn:ideologiquement_coherent:31,rn,ideologiquement_coherent,0,false,-0.21,29,8.94,0
rn:ideologiquement_coherent:32,rn,ideologiquement_coherent,1,false,0.4,24,9.06,0
rn:ideologiquement_coherent:33,rn,ideologiquement_coherent,1,false,0,29,8.98,0
rn:ideologiquement_coherent:34,rn,ideologiquement_coherent,0,false,5.91,26,8.95,0
rn:ideologiquement_coherent:35,rn,ideologiquement_coherent,1,false,6.05,29,8.85,0
rn:ideologiquement_coherent:36,rn,ideologiquement_coherent,0,false,5.76,24,9.02,0
rn:ideologiquement_coherent:37,rn,ideologiquement_coherent,1,false,0.03,24,9.02,0
rn:ideologiquement_coherent:38,rn,ideologiquement_coherent,0,false,6.38,24,8.98,0
rn:ideologiquement_coherent:39,rn,ideologiquement_coherent,1,false,5.16,28,8.91,0
rn:ideologiquement_coherent:40,rn,ideologiquement_coherent,0,false,5.93,24,9.02,0
rn:ideologiquement_coherent:41,rn,ideologiquement_coherent,0,false,5.81,25,9.02,0
rn:ideologiquement_coherent:42,rn,ideologiquement_coherent,0,false,12.28,28,8.99,0
rn:ideologiquement_coherent:43,rn,ideologiquement_coherent,1,false,6.31,26,9.12,0
rn:ideologiquement_coherent:44,rn,ideologiquement_coherent,0,false,5.48,26,8.94,0
rn:ideologiquement_coherent:45,rn,ideologiquement_coherent,0,false,-0.11,29,8.92,0
rn:ideologiquement_coherent:46,rn,ideologiquement_coherent,0,false,-0.03,30,8.86,0
rn:ideologiquement_coherent:47,rn,ideologiquement_coherent,0,false,0.2,29,9.07,0
rn:ideologiquement_coherent:48,rn,ideologiquement_coherent,1,false,-0.11,28,8.9,0
rn:ideologiquement_coherent:49,rn,ideologiquement_coherent,0,false,0.02,28,9.07,0
rn:ideologiquement_coherent:50,rn,ideologiquement_coherent,0,false,-0.4,24,9.14,0
rn:ideologiquement_coherent:51,rn,ideologiquement_coherent,1,false,-0.51,27,8.97,0
rn:ideologiquement_coherent:52,rn,ideologiquement_coherent,0,false,0.35,24,9.01,0
rn:ideologiquement_coherent:53,rn,ideologiquement_coherent,1,false,-0.06,24,9,0
rn:ideologiquement_coherent:54,rn,ideologiquement_coherent,0,false,6.59,30,9.04,0
rn:ideologiquement_coherent:55,rn,ideologiquement_coherent,1,false,-0.06,27,9,0
rn:ideologiquement_coherent:56,rn,ideologiquement_coherent,0,false,5.6,27,8.81,0
rn:ideologiquement_coherent:57,rn,ideologiquement_coherent,1,false,-0.22,24,9.11,0
rn:ideologiquement_coherent:58,rn,ideologiquement_coherent,1,false,5.7,26,8.99,0
rn:ideologiquement_coherent:59,rn,ideologiquement_coherent,1,false,-0.07,28,9.07,0
rn:ideologiquement_coherent:60,rn,ideologiquement_coherent,1,false,0.45,24,8.89,0
rn:ideologiquement_coherent:61,rn,ideologiquement_coherent,0,false,5.78,24,8.94,0
rn:ideologiquement_coherent:62,rn,ideologiquement_coherent,0,false,5.85,28,8.99,0
rn:ideologiquement_coherent:63,rn,ideologiquement_coherent,0,false,5.64,24,8.97,0
rn:ideologiquement_coherent:64,rn,ideologiquement_coherent,0,false,5.88,26,8.98,0
rn:ideologiquement_coherent:65,rn,ideologiquement_coherent,1,false,4.72,29,8.84,0
rn:ideologiquement_coherent:66,rn,ideologiquement_coherent,0,false,-0.09,29,9.09,0
rn:ideologiquement_coherent:67,rn,ideologiquement_coherent,0,false,6.39,29,8.99,0
rn:ideologiquement_coherent:68,rn,ideologiquement_coherent,0,false,6.67,24,9.02,0
rn:ideologiquement_coherent:69,rn,ideologiquement_coherent,1,false,-0.57,26,8.96,0
rn:ideologiquement_coherent:70,rn,ideologiquement_coherent,0,false,-0.21,24,8.94,0
rn:ideologiquement_coherent:71,rn,ideologiquement_coherent,1,false,5.45,24,8.96,0
rn:ideologiquement_coherent:72,rn,ideologiquement_coherent,0,false,0.2,24,9.11,0
rn:ideologiquement_coherent:73,rn,ideologiquement_coherent,0,false,0.26,24,8.95,0
rn:ideologiquement_coherent:74,rn,ideologiquement_coherent,0,false,-0.01,29,9.03,0
rn:ideologiquement_coherent:75,rn,ideologiquement_coherent,0,false,11.38,26,8.85,0
rn:ideologiquement_coherent:76,rn,ideologiquement_coherent,0,false,0.5,30,9.43,0
rn:ideologiquement_coherent:77,rn,ideologiquement_coherent,0,false,-0.23,24,9.01,0
rn:ideologiquement_coherent:78,rn,ideologiquement_coherent,1,false,5.79,24,8.93,0
rn:ideologiquement_coherent:79,rn,ideologiquement_coherent,0,false,6.04,25,8.99,0
rn:ideologiquement_coherent:80,rn,ideologiquement_coherent,0,false,-0.08,24,8.84,0
rn:ideologiquement_coherent:81,rn,ideologiquement_coherent,0,false,5.87,30,8.97,0
rn:ideologiquement_coherent:82,rn,ideologiquement_coherent,1,false,6.29,28,9.08,0
rn:ideologiquement_coherent:83,rn,ideologiquement_coherent,0,false,6.18,24,9,0
rn:ideologiquement_coherent:84,rn,ideologiquement_coherent,0,false,6,25,8.96,0
rn:ideologiquement_coherent:85,rn,ideologiquement_coherent,0,false,5.24,27,9.01,0
rn:ideologiquement_coherent:86,rn,ideologiquement_coherent,0,false,6.07,24,9.06,0
rn:ideologiquement_coherent:87,rn,ideologiquement_coherent,0,false,0.29,24,8.93,0
rn:ideologiquement_coherent:88,rn,ideologiquement_coherent,0,false,-0.49,24,9.01,0
rn:ideologiquement_coherent:89,rn,ideologiquement_coherent,0,false,-0.17,24,9.06,0
rn:ideologiquement_coherent:90,rn,ideologiquement_coherent,0,false,5.82,26,8.95,0
rn:ideologiquement_coherent:91,rn,ideologiquement_coherent,0,false,-0.29,26,9,0
rn:ideologiquement_coherent:92,rn,ideologiquement_coherent,0,false,-0.03,24,8.93,0
rn:ideologiquement_coherent:93,rn,ideologiquement_coherent,0,false,-0.01,27,8.91,0
rn:ideologiquement_coherent:94,rn,ideologiquement_coherent,0,false,-0.22,27,8.94,0
rn:ideologiquement_coherent:95,rn,ideologiquement_coherent,0,false,-0.02,24,8.87,0
rn:ideologiquement_coherent:96,rn,ideologiquement_coherent,0,false,0.04,24,8.97,0
rn:ideologiquement_coherent:97,rn,ideologiquement_coherent,1,false,6.89,24,10.06,0
rn:ideologiquement_coherent:98,rn,ideologiquement_coherent,0,false,0.24,24,9.07,0
rn:ideologiquement_coherent:99,rn,ideologiquement_coherent,0,false,0.04,28,8.91,0
rn:ideologiquement_coherent:100,rn,ideologiquement_coherent,1,false,0.58,24,9.44,0
rn:ideologiquement_coherent:101,rn,ideologiquement_coherent,1,false,-0.44,27,8.99,0
rn:ideologiquement_coherent:102,rn,ideologiquement_coherent,0,false,0.04,24,9.04,0
rn:ideologiquement_coherent:103,rn,ideologiquement_coherent,0,false,6.69,26,9.17,0
rn:ideologiquement_coherent:104,rn,ideologiquement_coherent,0,false,0.74,24,9.13,0
rn:ideologiquement_coherent:105,rn,ideologiquement_coherent,0,false,12.82,27,9.28,0
rn:ideologiquement_coherent:106,rn,ideologiquement_coherent,0,false,-0.36,24,8.96,0
rn:ideologiquement_coherent:107,rn,ideologiquement_coherent,0,false,0.1,27,8.92,0
rn:ideologiquement_coherent:108,rn,ideologiquement_coherent,1,false,-0.27,29,8.99,0
rn:ideologiquement_coherent:109,rn,ideologiquement_coherent,0,false,5.68,25,8.95,0
rn:ideologiquement_coherent:110,rn,ideologiquement_coherent,1,false,0.1,24,9.02,0
rn:ideologiquement_coherent:111,rn,ideologiquement_coherent,1,false,5.96,27,8.89,0
rn:ideologiquement_coherent:112,rn,ideologiquement_coherent,0,false,0.07,24,9.05,0
rn:ideologiquement_coherent:113,rn,ideologiquement_coherent,0,false,-0.33,24,8.95,0
rn:ideologiquement_coherent:114,rn,ideologiquement_coherent,0,false,0.64,28,9.1,0
rn:ideologiquement_coherent:115,rn,ideologiquement_coherent,0,false,6.35,25,8.94,0
rn:ideologiquement_coherent:116,rn,ideologiquement_coherent,1,false,11.55,25,8.88,0
rn:ideologiquement_coherent:117,rn,ideologiquement_coherent,0,false,0.23,26,8.91,0
rn:ideologiquement_coherent:118,rn,ideologiquement_coherent,0,false,6.15,24,9.01,0
rn:ideologiquement_coherent:119,rn,ideologiquement_coherent,0,false,5.84,24,9.04,0
rn:ideologiquement_coherent:120,rn,ideologiquement_coherent,1,false,0.22,24,8.94,0
rn:ideologiquement_coherent:121,rn,ideologiquement_coherent,0,false,0.07,24,8.92,0
rn:ideologiquement_coherent:122,rn,ideologiquement_coherent,1,false,5.69,28,9.23,0
rn:ideologiquement_coherent:123,rn,ideologiquement_coherent,1,false,5.51,25,9.01,0
rn:ideologiquement_coherent:124,rn,ideologiquement_coherent,0,false,-0.16,24,8.94,0
rn:ideologiquement_coherent:125,rn,ideologiquement_coherent,0,false,0.54,24,8.86,0
rn:ideologiquement_coherent:126,rn,ideologiquement_coherent,1,false,-0.62,27,8.97,0
rn:ideologiquement_coherent:127,rn,ideologiquement_coherent,1,false,6.14,26,8.98,0
rn:ideologiquement_coherent:128,rn,ideologiquement_coherent,0,false,0.22,24,8.87,0
rn:ideologiquement_coherent:129,rn,ideologiquement_coherent,0,false,6.05,24,8.98,0
rn:ideologiquement_coherent:130,rn,ideologiquement_coherent,0,false,6.26,27,9.02,0
rn:ideologiquement_coherent:131,rn,ideologiquement_coherent,1,false,6.01,24,8.85,0
rn:ideologiquement_coherent:132,rn,ideologiquement_coherent,0,false,0.43,29,8.88,0
rn:ideologiquement_coherent:133,rn,ideologiquement_coherent,0,false,0.03,24,9.08,0
rn:ideologiquement_coherent:134,rn,ideologiquement_coherent,1,false,-0.01,28,8.97,0
rn:ideologiquement_coherent:135,rn,ideologiquement_coherent,0,false,5.81,27,8.98,0
rn:ideologiquement_coherent:136,rn,ideologiquement_coherent,0,false,0.81,26,10.35,0
rn:ideologiquement_coherent:137,rn,ideologiquement_coherent,1,false,0.07,26,9.01,0
rn:ideologiquement_coherent:138,rn,ideologiquement_coherent,1,false,0.39,28,8.97,0
rn:ideologiquement_coherent:139,rn,ideologiquement_coherent,1,false,5.76,26,9.04,0
rn:ideologiquement_coherent:140,rn,ideologiquement_coherent,0,false,4.66,24,8.97,0
rn:ideologiquement_coherent:141,rn,ideologiquement_coherent,1,false,0.28,24,9.17,0
rn:ideologiquement_coherent:142,rn,ideologiquement_coherent,0,false,0.48,26,8.91,0
rn:ideologiquement_coherent:143,rn,ideologiquement_coherent,0,false,-0.07,24,8.99,0
rn:ideologiquement_coherent:144,rn,ideologiquement_coherent,0,false,-0.23,29,8.87,0
rn:ideologiquement_coherent:145,rn,ideologiquement_coherent,1,false,-0.43,24,8.98,0
rn:ideologiquement_coherent:146,rn,ideologiquement_coherent,0,false,0.16,24,8.87,0
rn:ideologiquement_coherent:147,rn,ideologiquement_coherent,1,false,5.33,26,9.03,0
rn:ideologiquement_coherent:148,rn,ideologiquement_coherent,0,false,-0.45,26,8.86,0
rn:ideologiquement_coherent:149,rn,ideologiquement_coherent,0,false,11.97,28,8.99,0
rn:opportuniste_electoral:0,rn,opportuniste_electoral,0,false,-0.23,26,8.93,0
rn:opportuniste_electoral:1,rn,opportuniste_electoral,0,false,-0.84,27,9.08,0
rn:opportuniste_electoral:2,rn,opportuniste_electoral,0,false,-0.56,24,9.01,0
rn:opportuniste_electoral:3,rn,opportuniste_electoral,0,false,6.23,26,9.29,0
rn:opportuniste_electoral:4,rn,opportuniste_electoral,0,false,-1.42,29,9.01,0
rn:opportuniste_electoral:5,rn,opportuniste_electoral,0,false,12.13,30,9.03,0
rn:opportuniste_electoral:6,rn,opportuniste_electoral,0,false,6.46,28,8.96,0
rn:opportuniste_electoral:7,rn,opportuniste_electoral,0,false,6.23,26,9.07,0
rn:opportuniste_electoral:8,rn,opportuniste_electoral,0,false,0.63,24,9.96,0
rn:opportuniste_electoral:9,rn,opportuniste_electoral,0,false,-0.51,24,9.03,0
rn:opportuniste_electoral:10,rn,opportuniste_electoral,0,false,-0.23,26,8.95,0
rn:opportuniste_electoral:11,rn,opportuniste_electoral,0,false,6.38,28,9.21,0
rn:opportuniste_electoral:12,rn,opportuniste_electoral,1,false,-0.4,30,8.99,0
rn:opportuniste_electoral:13,rn,opportuniste_electoral,0,false,6.37,24,9.31,0
rn:opportuniste_electoral:14,rn,opportuniste_electoral,0,false,8.19,26,10.75,0
rn:opportuniste_electoral:15,rn,opportuniste_electoral,0,false,6.03,24,9.28,0
rn:opportuniste_electoral:16,rn,opportuniste_electoral,0,false,0.64,24,9.7,0
rn:opportuniste_electoral:17,rn,opportuniste_electoral,0,false,0.74,24,8.88,0
rn:opportuniste_electoral:18,rn,opportuniste_electoral,0,false,7.5,24,8.98,0
rn:opportuniste_electoral:19,rn,opportuniste_electoral,0,false,6.02,27,9.01,0
rn:opportuniste_electoral:20,rn,opportuniste_electoral,0,false,0.19,27,9.49,0
rn:opportuniste_electoral:21,rn,opportuniste_electoral,0,false,0.05,24,8.96,0
rn:opportuniste_electoral:22,rn,opportuniste_electoral,0,false,0.19,26,9.81,0
rn:opportuniste_electoral:23,rn,opportuniste_electoral,0,false,-0.01,26,8.84,0
rn:opportuniste_electoral:24,rn,opportuniste_electoral,0,false,-0.52,29,9.42,0
rn:opportuniste_electoral:25,rn,opportuniste_electoral,1,false,6.26,26,9.74,0
rn:opportuniste_electoral:26,rn,opportuniste_electoral,1,false,12.05,24,8.91,0
rn:opportuniste_electoral:27,rn,opportuniste_electoral,1,false,5.65,27,8.98,0
rn:opportuniste_electoral:28,rn,opportuniste_electoral,0,false,-0.22,29,9.04,0
rn:opportuniste_electoral:29,rn,opportuniste_electoral,0,false,-0.29,27,9.1,0
rn:opportuniste_electoral:30,rn,opportuniste_electoral,1,false,13.39,28,9.5,0
rn:opportuniste_electoral:31,rn,opportuniste_electoral,0,false,13.17,25,9.42,0
rn:opportuniste_electoral:32,rn,opportuniste_electoral,0,false,19.93,6,29.87,30.44
rn:opportuniste_electoral:33,rn,opportuniste_electoral,0,false,-0.74,24,8.95,0
rn:opportuniste_electoral:34,rn,opportuniste_electoral,0,false,0.04,24,9.05,0
rn:opportuniste_electoral:35,rn,opportuniste_electoral,1,false,0.67,24,9.51,0
rn:opportuniste_electoral:36,rn,opportuniste_electoral,1,false,0.52,28,9.52,0
rn:opportuniste_electoral:37,rn,opportuniste_electoral,0,false,12.75,27,9.6,0
rn:opportuniste_electoral:38,rn,opportuniste_electoral,0,false,7.51,30,9.24,0
rn:opportuniste_electoral:39,rn,opportuniste_electoral,0,false,0.02,26,8.98,0
rn:opportuniste_electoral:40,rn,opportuniste_electoral,0,false,7.05,29,9.07,0
rn:opportuniste_electoral:41,rn,opportuniste_electoral,0,false,7.72,25,9.06,0
rn:opportuniste_electoral:42,rn,opportuniste_electoral,1,false,6.31,24,9.22,0
rn:opportuniste_electoral:43,rn,opportuniste_electoral,0,false,-0.26,24,9.07,0
rn:opportuniste_electoral:44,rn,opportuniste_electoral,0,false,0.04,24,9.03,0
rn:opportuniste_electoral:45,rn,opportuniste_electoral,1,false,7.01,28,9.3,0
rn:opportuniste_electoral:46,rn,opportuniste_electoral,1,false,-0.24,26,9,0
rn:opportuniste_electoral:47,rn,opportuniste_electoral,1,false,-0.51,24,9.03,0
rn:opportuniste_electoral:48,rn,opportuniste_electoral,1,false,-0.24,24,8.93,0
rn:opportuniste_electoral:49,rn,opportuniste_electoral,0,false,0.26,24,9.07,0
rn:opportuniste_electoral:50,rn,opportuniste_electoral,1,false,-1.5,28,9.03,0
rn:opportuniste_electoral:51,rn,opportuniste_electoral,0,false,6.25,27,9.09,0
rn:opportuniste_electoral:52,rn,opportuniste_electoral,0,false,-0.24,27,8.97,0
rn:opportuniste_electoral:53,rn,opportuniste_electoral,1,false,7.15,28,9.02,0
rn:opportuniste_electoral:54,rn,opportuniste_electoral,1,false,7.3,24,9.02,0
rn:opportuniste_electoral:55,rn,opportuniste_electoral,1,false,0.9,27,10.77,0
rn:opportuniste_electoral:56,rn,opportuniste_electoral,0,false,0.37,28,10.21,0
rn:opportuniste_electoral:57,rn,opportuniste_electoral,0,false,8.22,24,9.62,0
rn:opportuniste_electoral:58,rn,opportuniste_electoral,1,false,-0.36,27,9.1,0
rn:opportuniste_electoral:59,rn,opportuniste_electoral,0,false,-0.17,27,8.96,0
rn:opportuniste_electoral:60,rn,opportuniste_electoral,0,false,5.61,27,9.04,0
rn:opportuniste_electoral:61,rn,opportuniste_electoral,0,false,6.35,29,8.86,0
rn:opportuniste_electoral:62,rn,opportuniste_electoral,1,false,5.59,29,9.26,0
rn:opportuniste_electoral:63,rn,opportuniste_electoral,1,false,-0.23,24,8.88,0
rn:opportuniste_electoral:64,rn,opportuniste_electoral,0,false,7.64,29,9.93,0
rn:opportuniste_electoral:65,rn,opportuniste_electoral,0,false,13.87,25,9.43,0
rn:opportuniste_electoral:66,rn,opportuniste_electoral,0,false,6.1,29,8.83,0
rn:opportuniste_electoral:67,rn,opportuniste_electoral,0,false,0.12,24,8.97,0
rn:opportuniste_electoral:68,rn,opportuniste_electoral,0,false,0.72,27,9.53,0
rn:opportuniste_electoral:69,rn,opportuniste_electoral,0,false,-0.37,24,8.8,0
rn:opportuniste_electoral:70,rn,opportuniste_electoral,1,false,6.19,24,9.1,0
rn:opportuniste_electoral:71,rn,opportuniste_electoral,0,false,-0.65,24,9.05,0
rn:opportuniste_electoral:72,rn,opportuniste_electoral,1,false,12.42,27,9.04,0
rn:opportuniste_electoral:73,rn,opportuniste_electoral,0,false,7.66,24,9.07,0
rn:opportuniste_electoral:74,rn,opportuniste_electoral,1,false,0.69,27,9.13,0
rn:opportuniste_electoral:75,rn,opportuniste_electoral,0,false,6.51,27,9.25,0
rn:opportuniste_electoral:76,rn,opportuniste_electoral,0,false,0.11,24,9.05,0
rn:opportuniste_electoral:77,rn,opportuniste_electoral,0,false,0,24,9.12,0
rn:opportuniste_electoral:78,rn,opportuniste_electoral,0,false,11.73,26,8.95,0
rn:opportuniste_electoral:79,rn,opportuniste_electoral,0,false,6.29,25,9.18,0
rn:opportuniste_electoral:80,rn,opportuniste_electoral,0,false,12.47,27,8.93,0
rn:opportuniste_electoral:81,rn,opportuniste_electoral,0,false,0.16,24,9.25,0
rn:opportuniste_electoral:82,rn,opportuniste_electoral,0,false,0.26,24,9,0
rn:opportuniste_electoral:83,rn,opportuniste_electoral,0,false,0,24,9.01,0
rn:opportuniste_electoral:84,rn,opportuniste_electoral,1,false,6.16,29,8.96,0
rn:opportuniste_electoral:85,rn,opportuniste_electoral,1,false,-0.51,29,9.05,0
rn:opportuniste_electoral:86,rn,opportuniste_electoral,1,false,0.47,27,10.5,0
rn:opportuniste_electoral:87,rn,opportuniste_electoral,0,false,-0.16,24,9.15,0
rn:opportuniste_electoral:88,rn,opportuniste_electoral,0,false,5.98,24,8.88,0
rn:opportuniste_electoral:89,rn,opportuniste_electoral,0,false,0.18,29,8.89,0
rn:opportuniste_electoral:90,rn,opportuniste_electoral,0,false,6.73,29,9.11,0
rn:opportuniste_electoral:91,rn,opportuniste_electoral,0,false,5.27,29,8.99,0
rn:opportuniste_electoral:92,rn,opportuniste_electoral,0,false,0.09,24,9.19,0
rn:opportuniste_electoral:93,rn,opportuniste_electoral,0,false,0.33,24,9.2,0
rn:opportuniste_electoral:94,rn,opportuniste_electoral,0,false,12.77,25,8.97,0
rn:opportuniste_electoral:95,rn,opportuniste_electoral,0,false,-0.48,24,8.81,0
rn:opportuniste_electoral:96,rn,opportuniste_electoral,0,false,0.73,24,10.83,0
rn:opportuniste_electoral:97,rn,opportuniste_electoral,1,false,-0.05,28,9.09,0
rn:opportuniste_electoral:98,rn,opportuniste_electoral,0,false,6.63,29,8.94,0
rn:opportuniste_electoral:99,rn,opportuniste_electoral,0,false,0.38,24,9.09,0
rn:opportuniste_electoral:100,rn,opportuniste_electoral,0,false,0.26,24,9.07,0
rn:opportuniste_electoral:101,rn,opportuniste_electoral,0,false,5.61,29,8.85,0
rn:opportuniste_electoral:102,rn,opportuniste_electoral,1,false,0,24,8.93,0
rn:opportuniste_electoral:103,rn,opportuniste_electoral,0,false,-0.07,26,8.96,0
rn:opportuniste_electoral:104,rn,opportuniste_electoral,0,false,6.18,24,9.2,0
rn:opportuniste_electoral:105,rn,opportuniste_electoral,0,false,5.75,24,8.87,0
rn:opportuniste_electoral:106,rn,opportuniste_electoral,0,false,6.12,24,8.93,0
rn:opportuniste_electoral:107,rn,opportuniste_electoral,0,false,-0.04,24,9.11,0
rn:opportuniste_electoral:108,rn,opportuniste_electoral,0,false,-0.33,24,9.02,0
rn:opportuniste_electoral:109,rn,opportuniste_electoral,1,false,5.09,28,8.82,0
rn:opportuniste_electoral:110,rn,opportuniste_electoral,0,false,7.59,25,10.19,0
rn:opportuniste_electoral:111,rn,opportuniste_electoral,0,false,0.38,24,9.48,0
rn:opportuniste_electoral:112,rn,opportuniste_electoral,0,false,0.4,24,9.03,0
rn:opportuniste_electoral:113,rn,opportuniste_electoral,0,false,5.3,26,8.86,0
rn:opportuniste_electoral:114,rn,opportuniste_electoral,0,false,5.91,26,9.49,0
rn:opportuniste_electoral:115,rn,opportuniste_electoral,0,false,7.98,24,8.82,0
rn:opportuniste_electoral:116,rn,opportuniste_electoral,0,false,-0.07,26,8.91,0
rn:opportuniste_electoral:117,rn,opportuniste_electoral,0,false,0.48,24,9.57,0
rn:opportuniste_electoral:118,rn,opportuniste_electoral,0,false,4.91,30,9.1,0
rn:opportuniste_electoral:119,rn,opportuniste_electoral,1,false,0.89,28,10.12,0
rn:opportuniste_electoral:120,rn,opportuniste_electoral,1,false,6.88,30,8.97,0
rn:opportuniste_electoral:121,rn,opportuniste_electoral,1,false,0.23,24,9.27,0
rn:opportuniste_electoral:122,rn,opportuniste_electoral,1,false,-0.18,26,9.01,0
rn:opportuniste_electoral:123,rn,opportuniste_electoral,0,false,-0.05,28,8.9,0
rn:opportuniste_electoral:124,rn,opportuniste_electoral,1,false,0.27,24,8.9,0
rn:opportuniste_electoral:125,rn,opportuniste_electoral,0,false,6.51,25,8.95,0
rn:opportuniste_electoral:126,rn,opportuniste_electoral,0,false,7.09,25,9.27,0
rn:opportuniste_electoral:127,rn,opportuniste_electoral,0,false,-0.04,28,9.15,0
rn:opportuniste_electoral:128,rn,opportuniste_electoral,0,false,0.01,24,9.14,0
rn:opportuniste_electoral:129,rn,opportuniste_electoral,0,false,6.69,26,9.56,0
rn:opportuniste_electoral:130,rn,opportuniste_electoral,0,false,5.89,27,9.03,0
rn:opportuniste_electoral:131,rn,opportuniste_electoral,1,false,0.11,24,8.93,0
rn:opportuniste_electoral:132,rn,opportuniste_electoral,0,false,5.56,28,8.91,0
rn:opportuniste_electoral:133,rn,opportuniste_electoral,0,false,-0.27,27,8.91,0
rn:opportuniste_electoral:134,rn,opportuniste_electoral,1,false,5.08,30,8.85,0
rn:opportuniste_electoral:135,rn,opportuniste_electoral,0,false,-0.14,26,8.98,0
rn:opportuniste_electoral:136,rn,opportuniste_electoral,0,false,12.41,25,8.93,0
rn:opportuniste_electoral:137,rn,opportuniste_electoral,1,false,0.08,24,8.86,0
rn:opportuniste_electoral:138,rn,opportuniste_electoral,0,false,0.05,24,9,0
rn:opportuniste_electoral:139,rn,opportuniste_electoral,0,false,0.58,24,10.04,0
rn:opportuniste_electoral:140,rn,opportuniste_electoral,0,false,6.43,26,9.7,0
rn:opportuniste_electoral:141,rn,opportuniste_electoral,1,false,0.41,24,9.76,0
rn:opportuniste_electoral:142,rn,opportuniste_electoral,1,false,-0.55,28,9.06,0
rn:opportuniste_electoral:143,rn,opportuniste_electoral,0,false,-0.16,24,9.09,0
rn:opportuniste_electoral:144,rn,opportuniste_electoral,0,false,5.36,28,9.04,0
rn:opportuniste_electoral:145,rn,opportuniste_electoral,0,false,0.38,24,9.31,0
rn:opportuniste_electoral:146,rn,opportuniste_electoral,0,false,0.26,26,8.94,0
rn:opportuniste_electoral:147,rn,opportuniste_electoral,1,false,7.5,28,10.68,0
rn:opportuniste_electoral:148,rn,opportuniste_electoral,1,false,0.83,24,11.39,0
rn:opportuniste_electoral:149,rn,opportuniste_electoral,1,false,-0.08,26,9.18,0
rn:parti_dabord:0,rn,parti_dabord,0,false,-0.32,28,8.93,0
rn:parti_dabord:1,rn,parti_dabord,0,false,0.16,24,8.94,0
rn:parti_dabord:2,rn,parti_dabord,0,false,-0.32,26,9.08,0
rn:parti_dabord:3,rn,parti_dabord,0,false,0.29,30,9.03,0
rn:parti_dabord:4,rn,parti_dabord,0,false,5.88,24,9.07,0
rn:parti_dabord:5,rn,parti_dabord,1,false,0.28,24,16.88,17.08
rn:parti_dabord:6,rn,parti_dabord,0,false,6.84,25,8.89,0
rn:parti_dabord:7,rn,parti_dabord,1,false,-0.54,24,9.03,0
rn:parti_dabord:8,rn,parti_dabord,0,false,0.48,24,9.52,0
rn:parti_dabord:9,rn,parti_dabord,0,false,0.11,26,8.97,0
rn:parti_dabord:10,rn,parti_dabord,0,false,-0.02,28,8.9,0
rn:parti_dabord:11,rn,parti_dabord,0,false,6.52,28,9.3,0
rn:parti_dabord:12,rn,parti_dabord,0,false,6.52,27,8.97,0
rn:parti_dabord:13,rn,parti_dabord,1,false,5.87,24,9.06,0
rn:parti_dabord:14,rn,parti_dabord,0,false,5.64,24,8.97,0
rn:parti_dabord:15,rn,parti_dabord,0,false,-0.08,28,9,0
rn:parti_dabord:16,rn,parti_dabord,0,false,-0.36,24,8.9,0
rn:parti_dabord:17,rn,parti_dabord,1,false,0.03,24,9.05,0
rn:parti_dabord:18,rn,parti_dabord,1,false,0.01,26,9.1,0
rn:parti_dabord:19,rn,parti_dabord,0,false,-0.35,26,8.99,0
rn:parti_dabord:20,rn,parti_dabord,1,false,-0.17,24,8.96,0
rn:parti_dabord:21,rn,parti_dabord,0,false,6.2,28,8.89,0
rn:parti_dabord:22,rn,parti_dabord,0,false,6.39,26,8.95,0
rn:parti_dabord:23,rn,parti_dabord,1,false,-0.15,24,9.11,0
rn:parti_dabord:24,rn,parti_dabord,0,false,6.06,30,8.95,0
rn:parti_dabord:25,rn,parti_dabord,1,false,0.17,24,8.86,0
rn:parti_dabord:26,rn,parti_dabord,0,false,0.75,24,9.46,0
rn:parti_dabord:27,rn,parti_dabord,0,false,7.63,28,9.04,0
rn:parti_dabord:28,rn,parti_dabord,0,false,-0.03,26,16.09,15.74
rn:parti_dabord:29,rn,parti_dabord,0,false,-0.42,24,8.97,0
rn:parti_dabord:30,rn,parti_dabord,0,false,6.9,26,9.27,0
rn:parti_dabord:31,rn,parti_dabord,1,false,0.08,28,8.96,0
rn:parti_dabord:32,rn,parti_dabord,0,false,6.11,28,8.97,0
rn:parti_dabord:33,rn,parti_dabord,1,false,-0.29,24,8.91,0
rn:parti_dabord:34,rn,parti_dabord,0,false,0.31,24,9.22,0
rn:parti_dabord:35,rn,parti_dabord,0,false,6.04,29,8.97,0
rn:parti_dabord:36,rn,parti_dabord,0,false,0.63,24,9.1,0
rn:parti_dabord:37,rn,parti_dabord,0,false,0.04,24,9.1,0
rn:parti_dabord:38,rn,parti_dabord,0,false,0.02,27,9,0
rn:parti_dabord:39,rn,parti_dabord,0,false,7.09,25,8.99,0
rn:parti_dabord:40,rn,parti_dabord,0,false,0.22,24,9.07,0
rn:parti_dabord:41,rn,parti_dabord,0,false,0.06,26,8.97,0
rn:parti_dabord:42,rn,parti_dabord,0,false,5.73,24,9.26,0
rn:parti_dabord:43,rn,parti_dabord,0,false,5.95,26,9.1,0
rn:parti_dabord:44,rn,parti_dabord,0,false,5.5,26,8.9,0
rn:parti_dabord:45,rn,parti_dabord,0,false,0.46,26,9.52,0
rn:parti_dabord:46,rn,parti_dabord,1,false,6.48,30,8.87,0
rn:parti_dabord:47,rn,parti_dabord,0,false,7.41,25,9.04,0
rn:parti_dabord:48,rn,parti_dabord,1,false,0,26,9.06,0
rn:parti_dabord:49,rn,parti_dabord,0,false,12.38,30,8.99,0
rn:parti_dabord:50,rn,parti_dabord,0,false,0.05,27,8.96,0
rn:parti_dabord:51,rn,parti_dabord,1,false,-0.48,24,9.01,0
rn:parti_dabord:52,rn,parti_dabord,0,false,6.24,30,8.97,0
rn:parti_dabord:53,rn,parti_dabord,1,false,5.7,24,9,0
rn:parti_dabord:54,rn,parti_dabord,0,false,5.38,24,9.05,0
rn:parti_dabord:55,rn,parti_dabord,0,false,12.15,25,8.98,0
rn:parti_dabord:56,rn,parti_dabord,0,false,7.22,28,8.88,0
rn:parti_dabord:57,rn,parti_dabord,1,false,0.17,24,9.07,0
rn:parti_dabord:58,rn,parti_dabord,1,false,5.74,24,9,0
rn:parti_dabord:59,rn,parti_dabord,1,false,0.06,24,8.84,0
rn:parti_dabord:60,rn,parti_dabord,0,false,0.28,28,9,0
rn:parti_dabord:61,rn,parti_dabord,0,false,6.02,24,9.17,0
rn:parti_dabord:62,rn,parti_dabord,1,false,5.72,24,9.05,0
rn:parti_dabord:63,rn,parti_dabord,0,false,8.16,24,9.82,0
rn:parti_dabord:64,rn,parti_dabord,0,false,-0.25,24,8.84,0
rn:parti_dabord:65,rn,parti_dabord,0,false,-0.23,24,8.97,0
rn:parti_dabord:66,rn,parti_dabord,1,false,-0.18,24,8.88,0
rn:parti_dabord:67,rn,parti_dabord,1,false,0.24,24,9.06,0
rn:parti_dabord:68,rn,parti_dabord,0,false,0.64,24,9.19,0
rn:parti_dabord:69,rn,parti_dabord,0,false,7.06,24,9.19,0
rn:parti_dabord:70,rn,parti_dabord,0,false,6.29,25,9.07,0
rn:parti_dabord:71,rn,parti_dabord,0,false,6.04,24,17.98,17.78
rn:parti_dabord:72,rn,parti_dabord,1,false,-0.33,24,9.13,0
rn:parti_dabord:73,rn,parti_dabord,0,false,7.8,26,9.01,0
rn:parti_dabord:74,rn,parti_dabord,0,false,7.38,29,8.9,0
rn:parti_dabord:75,rn,parti_dabord,1,false,0.4,26,9.18,0
rn:parti_dabord:76,rn,parti_dabord,0,false,0.67,24,10.42,0
rn:parti_dabord:77,rn,parti_dabord,0,false,6.96,26,9.4,0
rn:parti_dabord:78,rn,parti_dabord,0,false,6.27,27,9.01,0
rn:parti_dabord:79,rn,parti_dabord,0,false,6.6,24,10.1,0
rn:parti_dabord:80,rn,parti_dabord,0,false,6.62,24,8.87,0
rn:parti_dabord:81,rn,parti_dabord,0,false,-0.03,26,8.97,0
rn:parti_dabord:82,rn,parti_dabord,1,false,0.64,28,9.83,0
rn:parti_dabord:83,rn,parti_dabord,0,false,0.51,24,8.89,0
rn:parti_dabord:84,rn,parti_dabord,0,false,0.23,24,8.99,0
rn:parti_dabord:85,rn,parti_dabord,0,false,-0.47,28,8.92,0
rn:parti_dabord:86,rn,parti_dabord,0,false,0.22,26,8.91,0
rn:parti_dabord:87,rn,parti_dabord,0,false,-0.38,24,8.96,0
rn:parti_dabord:88,rn,parti_dabord,0,false,0.31,24,8.86,0
rn:parti_dabord:89,rn,parti_dabord,1,false,6.42,27,8.89,0
rn:parti_dabord:90,rn,parti_dabord,1,false,5.64,27,8.97,0
rn:parti_dabord:91,rn,parti_dabord,0,false,0.07,26,9.05,0
rn:parti_dabord:92,rn,parti_dabord,0,false,5.85,24,9.27,0
rn:parti_dabord:93,rn,parti_dabord,0,false,0.44,27,9.58,0
rn:parti_dabord:94,rn,parti_dabord,0,false,5.83,25,8.93,0
rn:parti_dabord:95,rn,parti_dabord,1,false,0.22,24,8.95,0
rn:parti_dabord:96,rn,parti_dabord,1,false,6.25,27,9.11,0
rn:parti_dabord:97,rn,parti_dabord,0,false,0.18,24,9.02,0
rn:parti_dabord:98,rn,parti_dabord,1,false,5.94,27,9.06,0
rn:parti_dabord:99,rn,parti_dabord,0,false,13.01,30,8.97,0
rn:parti_dabord:100,rn,parti_dabord,0,false,0.14,24,9,0
rn:parti_dabord:101,rn,parti_dabord,0,false,6.06,26,8.97,0
rn:parti_dabord:102,rn,parti_dabord,1,false,0.15,24,9.06,0
rn:parti_dabord:103,rn,parti_dabord,0,false,-0.36,24,8.92,0
rn:parti_dabord:104,rn,parti_dabord,0,false,5.19,26,9.64,0
rn:parti_dabord:105,rn,parti_dabord,0,false,0.56,24,9.39,0
rn:parti_dabord:106,rn,parti_dabord,0,false,5.64,27,8.88,0
rn:parti_dabord:107,rn,parti_dabord,0,false,7.03,25,9.06,0
rn:parti_dabord:108,rn,parti_dabord,1,false,0.08,29,9.01,0
rn:parti_dabord:109,rn,parti_dabord,0,false,5.81,28,8.99,0
rn:parti_dabord:110,rn,parti_dabord,0,false,12.7,25,9.09,0
rn:parti_dabord:111,rn,parti_dabord,0,false,0.26,24,8.88,0
rn:parti_dabord:112,rn,parti_dabord,0,false,5.39,29,9.05,0
rn:parti_dabord:113,rn,parti_dabord,0,false,5.54,28,9.03,0
rn:parti_dabord:114,rn,parti_dabord,1,false,-0.28,24,9.16,0
rn:parti_dabord:115,rn,parti_dabord,0,false,7.26,27,9.11,0
rn:parti_dabord:116,rn,parti_dabord,0,false,13.55,25,8.99,0
rn:parti_dabord:117,rn,parti_dabord,0,false,6.05,24,8.94,0
rn:parti_dabord:118,rn,parti_dabord,0,false,6.27,24,9.05,0
rn:parti_dabord:119,rn,parti_dabord,0,false,6.04,24,17.07,17.15
rn:parti_dabord:120,rn,parti_dabord,0,false,0.43,24,9.02,0
rn:parti_dabord:121,rn,parti_dabord,0,false,-0.15,24,8.86,0
rn:parti_dabord:122,rn,parti_dabord,0,false,0.44,24,9.13,0
rn:parti_dabord:123,rn,parti_dabord,0,false,0.03,24,9.11,0
rn:parti_dabord:124,rn,parti_dabord,0,false,6.34,24,8.87,0
rn:parti_dabord:125,rn,parti_dabord,1,false,6.88,27,9.12,0
rn:parti_dabord:126,rn,parti_dabord,0,false,6.61,25,9.56,0
rn:parti_dabord:127,rn,parti_dabord,2,false,-0.23,24,9.09,0
rn:parti_dabord:128,rn,parti_dabord,0,false,-0.38,27,9.09,0
rn:parti_dabord:129,rn,parti_dabord,1,false,0.76,24,10.61,0
rn:parti_dabord:130,rn,parti_dabord,0,false,0.76,26,11.96,0
rn:parti_dabord:131,rn,parti_dabord,0,false,5.8,26,8.86,0
rn:parti_dabord:132,rn,parti_dabord,0,false,6.07,24,8.98,0
rn:parti_dabord:133,rn,parti_dabord,0,false,-0.61,24,9.03,0
rn:parti_dabord:134,rn,parti_dabord,0,false,0.22,24,9.58,0
rn:parti_dabord:135,rn,parti_dabord,1,false,0.89,24,9.93,0
rn:parti_dabord:136,rn,parti_dabord,1,false,-0.63,26,8.87,0
rn:parti_dabord:137,rn,parti_dabord,0,false,-0.37,28,9.08,0
rn:parti_dabord:138,rn,parti_dabord,0,false,0.29,26,8.94,0
rn:parti_dabord:139,rn,parti_dabord,0,false,-0.19,26,9.04,0
rn:parti_dabord:140,rn,parti_dabord,0,false,6.22,28,9.88,0
rn:parti_dabord:141,rn,parti_dabord,0,false,6.19,27,8.97,0
rn:parti_dabord:142,rn,parti_dabord,0,false,7.14,28,9.09,0
rn:parti_dabord:143,rn,parti_dabord,0,false,-0.11,24,9.04,0
rn:parti_dabord:144,rn,parti_dabord,0,false,0,24,9.14,0
rn:parti_dabord:145,rn,parti_dabord,1,false,6.13,29,9.03,0
rn:parti_dabord:146,rn,parti_dabord,0,false,-0.09,24,8.99,0
rn:parti_dabord:147,rn,parti_dabord,0,false,12.13,26,8.88,0
rn:parti_dabord:148,rn,parti_dabord,0,false,0.08,24,8.98,0
rn:parti_dabord:149,rn,parti_dabord,0,false,-0.47,24,8.98,0
rn:mediatique:0,rn,mediatique,0,false,0.12,24,9.31,0
rn:mediatique:1,rn,mediatique,1,false,6.21,26,9.06,0
rn:mediatique:2,rn,mediatique,0,false,-0.69,24,9,0
rn:mediatique:3,rn,mediatique,0,false,7.17,28,8.89,0
rn:mediatique:4,rn,mediatique,0,false,7.51,24,9.04,0
rn:mediatique:5,rn,mediatique,1,false,0.24,24,10,0
rn:mediatique:6,rn,mediatique,0,false,0.17,26,9.02,0
rn:mediatique:7,rn,mediatique,0,false,5.69,24,9.04,0
rn:mediatique:8,rn,mediatique,1,false,7.63,24,9.07,0
rn:mediatique:9,rn,mediatique,1,false,6,24,8.91,0
rn:mediatique:10,rn,mediatique,0,false,0.4,24,9.91,0
rn:mediatique:11,rn,mediatique,0,false,7.42,25,9.11,0
rn:mediatique:12,rn,mediatique,0,false,0.26,24,8.93,0
rn:mediatique:13,rn,mediatique,0,false,0.48,27,9.59,0
rn:mediatique:14,rn,mediatique,0,false,6.1,26,8.91,0
rn:mediatique:15,rn,mediatique,0,false,0.79,28,11.46,0
rn:mediatique:16,rn,mediatique,0,false,4.78,28,8.85,0
rn:mediatique:17,rn,mediatique,0,false,6.52,24,10.88,0
rn:mediatique:18,rn,mediatique,0,false,0.16,24,9.11,0
rn:mediatique:19,rn,mediatique,0,false,5.64,24,8.88,0
rn:mediatique:20,rn,mediatique,0,false,13.09,25,9.08,0
rn:mediatique:21,rn,mediatique,0,false,5.8,24,8.96,0
rn:mediatique:22,rn,mediatique,0,false,8.58,24,9.02,0
rn:mediatique:23,rn,mediatique,0,false,0.52,24,9.72,0
rn:mediatique:24,rn,mediatique,0,false,6.2,24,10.03,0
rn:mediatique:25,rn,mediatique,0,false,0.17,24,9.09,0
rn:mediatique:26,rn,mediatique,0,false,5.77,24,8.98,0
rn:mediatique:27,rn,mediatique,0,false,0.44,24,9.77,0
rn:mediatique:28,rn,mediatique,0,false,0.29,26,9.14,0
rn:mediatique:29,rn,mediatique,0,false,-0.61,24,8.94,0
rn:mediatique:30,rn,mediatique,0,false,0.47,24,9.69,0
rn:mediatique:31,rn,mediatique,0,false,0.47,27,9.02,0
rn:mediatique:32,rn,mediatique,1,false,7.35,24,9.3,0
rn:mediatique:33,rn,mediatique,0,false,6.59,24,8.9,0
rn:mediatique:34,rn,mediatique,0,false,6.16,27,9.16,0
rn:mediatique:35,rn,mediatique,1,false,0.28,24,9.02,0
rn:mediatique:36,rn,mediatique,0,false,5.42,24,8.89,0
rn:mediatique:37,rn,mediatique,0,false,0.49,24,9.34,0
rn:mediatique:38,rn,mediatique,0,false,0.27,24,9.43,0
rn:mediatique:39,rn,mediatique,1,false,0.9,26,12.39,0
rn:mediatique:40,rn,mediatique,1,false,5.6,26,9.08,0
rn:mediatique:41,rn,mediatique,1,false,-0.5,24,12.15,12.17
rn:mediatique:42,rn,mediatique,1,false,6.76,28,8.93,0
rn:mediatique:43,rn,mediatique,1,false,6.38,24,9.56,0
rn:mediatique:44,rn,mediatique,1,false,0.35,24,8.88,0
rn:mediatique:45,rn,mediatique,0,false,-0.32,24,8.93,0
rn:mediatique:46,rn,mediatique,1,false,12.3,26,8.92,0
rn:mediatique:47,rn,mediatique,0,false,8.7,24,10.28,0
rn:mediatique:48,rn,mediatique,0,false,-0.04,27,8.93,0
rn:mediatique:49,rn,mediatique,0,false,7.9,27,9.12,0
rn:mediatique:50,rn,mediatique,0,false,-0.27,24,8.94,0
rn:mediatique:51,rn,mediatique,0,false,6.18,26,9.62,0
rn:mediatique:52,rn,mediatique,1,false,0.05,26,9.74,0
rn:mediatique:53,rn,mediatique,0,false,7.79,28,9.37,0
rn:mediatique:54,rn,mediatique,0,false,-0.02,24,8.86,0
rn:mediatique:55,rn,mediatique,0,false,-0.34,24,9,0
rn:mediatique:56,rn,mediatique,0,false,6.33,24,9.22,0
rn:mediatique:57,rn,mediatique,1,false,0.27,24,9.38,0
rn:mediatique:58,rn,mediatique,0,false,6.2,28,9.14,0
rn:mediatique:59,rn,mediatique,0,false,0.15,24,9.72,0
rn:mediatique:60,rn,mediatique,0,false,5.31,26,8.98,0
rn:mediatique:61,rn,mediatique,0,false,-0.04,28,8.92,0
rn:mediatique:62,rn,mediatique,1,false,0.11,24,9.04,0
rn:mediatique:63,rn,mediatique,0,false,0.43,24,10.04,0
rn:mediatique:64,rn,mediatique,0,false,0.49,24,10.12,0
rn:mediatique:65,rn,mediatique,0,false,0.4,24,9.11,0
rn:mediatique:66,rn,mediatique,0,false,0.15,24,8.84,0
rn:mediatique:67,rn,mediatique,1,false,7.95,24,9.71,0
rn:mediatique:68,rn,mediatique,0,false,6.24,28,9.19,0
rn:mediatique:69,rn,mediatique,0,false,12.95,24,9.22,0
rn:mediatique:70,rn,mediatique,0,false,-0.25,24,9.01,0
rn:mediatique:71,rn,mediatique,1,false,-0.26,24,9.15,0
rn:mediatique:72,rn,mediatique,0,false,-0.11,27,8.96,0
rn:mediatique:73,rn,mediatique,1,false,-1.12,27,8.98,0
rn:mediatique:74,rn,mediatique,0,false,0.06,24,8.91,0
rn:mediatique:75,rn,mediatique,1,false,-0.05,24,9.29,0
rn:mediatique:76,rn,mediatique,0,false,-0.07,26,8.97,0
rn:mediatique:77,rn,mediatique,0,false,12.71,27,9.08,0
rn:mediatique:78,rn,mediatique,0,false,12.94,28,9.92,0
rn:mediatique:79,rn,mediatique,0,false,0.14,24,9.42,0
rn:mediatique:80,rn,mediatique,0,false,6.12,24,8.99,0
rn:mediatique:81,rn,mediatique,0,false,-0.27,24,8.93,0
rn:mediatique:82,rn,mediatique,0,false,0.77,26,9.23,0
rn:mediatique:83,rn,mediatique,0,false,6.45,24,9.13,0
rn:mediatique:84,rn,mediatique,0,false,-0.03,26,9.18,0
rn:mediatique:85,rn,mediatique,0,false,0.17,24,9.3,0
rn:mediatique:86,rn,mediatique,0,false,6.26,26,8.93,0
rn:mediatique:87,rn,mediatique,0,false,0.02,24,9.16,0
rn:mediatique:88,rn,mediatique,1,false,-0.23,26,9.3,0
rn:mediatique:89,rn,mediatique,1,false,0.4,26,9.08,0
rn:mediatique:90,rn,mediatique,0,false,0.09,24,8.89,0
rn:mediatique:91,rn,mediatique,0,false,-0.07,24,8.84,0
rn:mediatique:92,rn,mediatique,1,false,-0.12,24,9.14,0
rn:mediatique:93,rn,mediatique,0,false,-0.02,24,9,0
rn:mediatique:94,rn,mediatique,0,false,0.14,30,9.08,0
rn:mediatique:95,rn,mediatique,0,false,0.07,27,9.17,0
rn:mediatique:96,rn,mediatique,0,false,6.88,25,8.89,0
rn:mediatique:97,rn,mediatique,1,false,16.1,24,9.32,0
rn:mediatique:98,rn,mediatique,0,false,6.39,27,9.42,0
rn:mediatique:99,rn,mediatique,1,false,1.76,24,9.83,0
rn:mediatique:100,rn,mediatique,0,false,6.21,26,9.1,0
rn:mediatique:101,rn,mediatique,0,false,0.22,30,8.84,0
rn:mediatique:102,rn,mediatique,0,false,-0.27,24,9.34,0
rn:mediatique:103,rn,mediatique,0,false,5.68,24,9.13,0
rn:mediatique:104,rn,mediatique,0,false,0.29,24,9.44,0
rn:mediatique:105,rn,mediatique,1,false,0,24,9.13,0
rn:mediatique:106,rn,mediatique,0,false,0.84,24,10.14,0
rn:mediatique:107,rn,mediatique,0,false,0.27,26,9.32,0
rn:mediatique:108,rn,mediatique,1,false,-0.05,24,8.99,0
rn:mediatique:109,rn,mediatique,0,false,6.1,24,9.58,0
rn:mediatique:110,rn,mediatique,0,false,-0.41,24,9.02,0
rn:mediatique:111,rn,mediatique,1,false,6.15,27,8.89,0
rn:mediatique:112,rn,mediatique,0,false,6.76,27,8.83,0
rn:mediatique:113,rn,mediatique,1,false,5.7,28,9.21,0
rn:mediatique:114,rn,mediatique,1,false,-0.02,24,8.89,0
rn:mediatique:115,rn,mediatique,0,false,5.55,27,9.04,0
rn:mediatique:116,rn,mediatique,0,false,13.96,24,9.44,0
rn:mediatique:117,rn,mediatique,0,false,7.88,25,9.18,0
rn:mediatique:118,rn,mediatique,0,false,6.87,28,9.75,0
rn:mediatique:119,rn,mediatique,0,false,0.14,24,9.53,0
rn:mediatique:120,rn,mediatique,0,false,6.08,24,9.03,0
rn:mediatique:121,rn,mediatique,0,false,7.1,26,9.92,0
rn:mediatique:122,rn,mediatique,0,false,0.12,24,9.08,0
rn:mediatique:123,rn,mediatique,0,false,0.1,24,9.12,0
rn:mediatique:124,rn,mediatique,0,false,6.39,26,9.03,0
rn:mediatique:125,rn,mediatique,0,false,-0.02,28,8.95,0
rn:mediatique:126,rn,mediatique,0,false,0.36,24,9.14,0
rn:mediatique:127,rn,mediatique,1,false,0.3,26,10.14,0
rn:mediatique:128,rn,mediatique,1,false,5.64,24,8.91,0
rn:mediatique:129,rn,mediatique,1,false,0.17,24,8.99,0
rn:mediatique:130,rn,mediatique,1,false,0.25,24,8.83,0
rn:mediatique:131,rn,mediatique,1,false,0.06,24,8.96,0
rn:mediatique:132,rn,mediatique,0,false,14.84,24,11.09,0
rn:mediatique:133,rn,mediatique,0,false,7.09,24,9.26,0
rn:mediatique:134,rn,mediatique,0,false,0.06,29,9.23,0
rn:mediatique:135,rn,mediatique,0,false,6.07,24,9.2,0
rn:mediatique:136,rn,mediatique,0,false,8.37,25,9.18,0
rn:mediatique:137,rn,mediatique,1,false,5.38,28,9.09,0
rn:mediatique:138,rn,mediatique,0,false,6.23,24,8.94,0
rn:mediatique:139,rn,mediatique,0,false,7.02,25,8.97,0
rn:mediatique:140,rn,mediatique,0,false,5.86,26,8.89,0
rn:mediatique:141,rn,mediatique,1,false,-0.7,24,8.97,0
rn:mediatique:142,rn,mediatique,0,false,1.1,26,9.76,0
rn:mediatique:143,rn,mediatique,0,false,6.2,28,9.05,0
rn:mediatique:144,rn,mediatique,0,false,6.65,24,8.95,0
rn:mediatique:145,rn,mediatique,0,false,-0.18,24,9.05,0
rn:mediatique:146,rn,mediatique,0,false,-0.24,24,9.01,0
rn:mediatique:147,rn,mediatique,1,false,0.19,24,9.06,0
rn:mediatique:148,rn,mediatique,0,false,7.94,24,9.04,0
rn:mediatique:149,rn,mediatique,0,false,-0.22,24,8.81,0
rn:contrarien:0,rn,contrarien,0,false,8.29,24,9.41,0
rn:contrarien:1,rn,contrarien,0,false,6.42,24,9.53,0
rn:contrarien:2,rn,contrarien,0,false,-0.05,28,8.9,0
rn:contrarien:3,rn,contrarien,1,false,5.84,24,9.42,0
rn:contrarien:4,rn,contrarien,0,false,0.37,24,21.64,22.24
rn:contrarien:5,rn,contrarien,0,false,-0.14,27,9.01,0
rn:contrarien:6,rn,contrarien,1,false,8.99,24,9.42,0
rn:contrarien:7,rn,contrarien,0,false,8.37,24,9.25,0
rn:contrarien:8,rn,contrarien,1,false,14.29,24,8.9,0
rn:contrarien:9,rn,contrarien,0,false,8.79,24,9.12,0
rn:contrarien:10,rn,contrarien,0,false,7.88,24,9.49,0
rn:contrarien:11,rn,contrarien,0,false,5.59,28,8.93,0
rn:contrarien:12,rn,contrarien,1,false,0.16,30,9.75,0
rn:contrarien:13,rn,contrarien,0,false,5.65,24,8.96,0
rn:contrarien:14,rn,contrarien,0,false,-0.23,24,9.04,0
rn:contrarien:15,rn,contrarien,1,false,7.98,24,9.63,0
rn:contrarien:16,rn,contrarien,0,false,-0.08,24,9.14,0
rn:contrarien:17,rn,contrarien,0,false,-0.93,27,9.13,0
rn:contrarien:18,rn,contrarien,1,false,7.81,28,9.08,0
rn:contrarien:19,rn,contrarien,0,false,-0.25,24,8.94,0
rn:contrarien:20,rn,contrarien,0,false,0.5,26,9.52,0
rn:contrarien:21,rn,contrarien,0,false,8.07,24,8.97,0
rn:contrarien:22,rn,contrarien,1,false,0.25,24,9.14,0
rn:contrarien:23,rn,contrarien,0,false,8.31,24,9.17,0
rn:contrarien:24,rn,contrarien,0,false,8.15,24,10.55,0
rn:contrarien:25,rn,contrarien,0,false,-0.89,24,8.99,0
rn:contrarien:26,rn,contrarien,0,false,12.96,27,9.01,0
rn:contrarien:27,rn,contrarien,0,false,-0.19,24,9,0
rn:contrarien:28,rn,contrarien,0,false,6.88,28,8.86,0
rn:contrarien:29,rn,contrarien,1,false,7.79,24,8.93,0
rn:contrarien:30,rn,contrarien,0,false,8.26,24,9.29,0
rn:contrarien:31,rn,contrarien,0,false,-0.34,24,8.93,0
rn:contrarien:32,rn,contrarien,0,false,8.82,24,9.03,0
rn:contrarien:33,rn,contrarien,0,false,8.11,24,9.82,0
rn:contrarien:34,rn,contrarien,0,false,0.65,24,9.72,0
rn:contrarien:35,rn,contrarien,0,false,-0.21,26,9.19,0
rn:contrarien:36,rn,contrarien,1,false,5.65,24,9.39,0
rn:contrarien:37,rn,contrarien,0,false,-0.09,24,9.22,0
rn:contrarien:38,rn,contrarien,0,false,7.4,24,8.88,0
rn:contrarien:39,rn,contrarien,0,false,8.13,24,9.45,0
rn:contrarien:40,rn,contrarien,0,false,0.4,24,9.26,0
rn:contrarien:41,rn,contrarien,0,false,0.55,27,11.14,0
rn:contrarien:42,rn,contrarien,0,false,-0.07,24,9.01,0
rn:contrarien:43,rn,contrarien,1,false,8.56,26,9.85,0
rn:contrarien:44,rn,contrarien,0,false,-0.07,24,9.09,0
rn:contrarien:45,rn,contrarien,0,false,13.38,25,9.84,0
rn:contrarien:46,rn,contrarien,1,false,8.34,24,9.61,0
rn:contrarien:47,rn,contrarien,0,false,5.81,24,9.09,0
rn:contrarien:48,rn,contrarien,0,false,8.87,24,11.84,0
rn:contrarien:49,rn,contrarien,0,false,0.68,24,9.96,0
rn:contrarien:50,rn,contrarien,0,false,9.25,24,9.43,0
rn:contrarien:51,rn,contrarien,1,false,-0.32,24,8.95,0
rn:contrarien:52,rn,contrarien,0,false,0.03,24,9.06,0
rn:contrarien:53,rn,contrarien,0,false,-0.35,24,8.86,0
rn:contrarien:54,rn,contrarien,0,false,0.3,28,9.66,0
rn:contrarien:55,rn,contrarien,0,false,13.45,24,8.95,0
rn:contrarien:56,rn,contrarien,1,false,-0.29,24,9.11,0
rn:contrarien:57,rn,contrarien,0,false,0.12,24,9.06,0
rn:contrarien:58,rn,contrarien,1,false,6.05,24,9.28,0
rn:contrarien:59,rn,contrarien,0,false,0.15,24,9.43,0
rn:contrarien:60,rn,contrarien,0,false,0.16,29,9.54,0
rn:contrarien:61,rn,contrarien,1,false,0.85,24,11.21,0
rn:contrarien:62,rn,contrarien,0,false,0.98,24,10.79,0
rn:contrarien:63,rn,contrarien,0,false,8.56,24,9.58,0
rn:contrarien:64,rn,contrarien,0,false,11.52,24,11.23,0
rn:contrarien:65,rn,contrarien,1,false,0.45,24,9.76,0
rn:contrarien:66,rn,contrarien,0,false,12.41,24,8.83,0
rn:contrarien:67,rn,contrarien,1,false,-0.17,24,9.06,0
rn:contrarien:68,rn,contrarien,0,false,-0.29,24,9.33,0
rn:contrarien:69,rn,contrarien,0,false,6.52,24,10.12,0
rn:contrarien:70,rn,contrarien,0,false,0.44,24,9.24,0
rn:contrarien:71,rn,contrarien,0,false,6.94,24,9.05,0
rn:contrarien:72,rn,contrarien,0,false,-0.06,26,9.01,0
rn:contrarien:73,rn,contrarien,0,false,5.95,24,9.34,0
rn:contrarien:74,rn,contrarien,0,false,7.59,25,8.91,0
rn:contrarien:75,rn,contrarien,0,false,8.02,24,9.01,0
rn:contrarien:76,rn,contrarien,1,false,-0.59,26,9.03,0
rn:contrarien:77,rn,contrarien,0,false,0.11,24,9.06,0
rn:contrarien:78,rn,contrarien,0,false,-0.51,24,9.04,0
rn:contrarien:79,rn,contrarien,0,false,0.13,24,9.5,0
rn:contrarien:80,rn,contrarien,1,false,-0.56,24,8.99,0
rn:contrarien:81,rn,contrarien,0,false,0.01,24,9.14,0
rn:contrarien:82,rn,contrarien,0,false,7.88,24,9.62,0
rn:contrarien:83,rn,contrarien,0,false,-0.75,24,9.23,0
rn:contrarien:84,rn,contrarien,0,false,0.32,24,9.03,0
rn:contrarien:85,rn,contrarien,0,false,-0.26,24,8.97,0
rn:contrarien:86,rn,contrarien,0,false,0.31,24,9.3,0
rn:contrarien:87,rn,contrarien,1,false,-0.14,24,8.98,0
rn:contrarien:88,rn,contrarien,1,false,0.27,24,9.19,0
rn:contrarien:89,rn,contrarien,0,false,0.16,27,9.06,0
rn:contrarien:90,rn,contrarien,0,false,5.67,24,9.2,0
rn:contrarien:91,rn,contrarien,0,false,19.47,3,37.84,37.47
rn:contrarien:92,rn,contrarien,0,false,-0.11,24,9.1,0
rn:contrarien:93,rn,contrarien,0,false,-0.09,24,9.08,0
rn:contrarien:94,rn,contrarien,0,false,0.06,28,9.1,0
rn:contrarien:95,rn,contrarien,0,false,14.7,26,8.95,0
rn:contrarien:96,rn,contrarien,0,false,8.02,26,9.04,0
rn:contrarien:97,rn,contrarien,0,false,8.62,24,9.6,0
rn:contrarien:98,rn,contrarien,0,false,-0.05,26,9.04,0
rn:contrarien:99,rn,contrarien,1,false,0.32,24,9.88,0
rn:contrarien:100,rn,contrarien,0,false,7.85,24,9.11,0
rn:contrarien:101,rn,contrarien,1,false,8.97,24,8.99,0
rn:contrarien:102,rn,contrarien,0,false,-0.41,24,9.01,0
rn:contrarien:103,rn,contrarien,0,false,8.4,24,9.54,0
rn:contrarien:104,rn,contrarien,1,false,0.31,24,10.54,0
rn:contrarien:105,rn,contrarien,0,false,-0.09,24,9.67,0
rn:contrarien:106,rn,contrarien,0,false,14.11,24,10.5,0
rn:contrarien:107,rn,contrarien,0,false,0.26,24,9.77,0
rn:contrarien:108,rn,contrarien,1,false,0.45,24,10.32,0
rn:contrarien:109,rn,contrarien,0,false,7.75,24,9.21,0
rn:contrarien:110,rn,contrarien,0,false,6.22,24,9.63,0
rn:contrarien:111,rn,contrarien,0,false,0.03,27,9.22,0
rn:contrarien:112,rn,contrarien,1,false,-0.35,26,9.04,0
rn:contrarien:113,rn,contrarien,0,false,0.77,27,10.48,0
rn:contrarien:114,rn,contrarien,1,false,7.68,24,8.97,0
rn:contrarien:115,rn,contrarien,1,false,8.68,24,9.43,0
rn:contrarien:116,rn,contrarien,0,false,7.65,24,9.78,0
rn:contrarien:117,rn,contrarien,0,false,8.34,25,9.63,0
rn:contrarien:118,rn,contrarien,1,false,13.22,24,9.32,0
rn:contrarien:119,rn,contrarien,1,false,-0.19,27,9.14,0
rn:contrarien:120,rn,contrarien,0,false,-0.31,24,8.93,0
rn:contrarien:121,rn,contrarien,0,false,0.06,24,9.21,0
rn:contrarien:122,rn,contrarien,0,false,-0.42,24,9,0
rn:contrarien:123,rn,contrarien,0,false,7.5,24,8.94,0
rn:contrarien:124,rn,contrarien,0,false,6.13,26,9.84,0
rn:contrarien:125,rn,contrarien,0,false,8.24,24,9.17,0
rn:contrarien:126,rn,contrarien,2,false,0.21,24,9.42,0
rn:contrarien:127,rn,contrarien,0,false,7.96,24,9.38,0
rn:contrarien:128,rn,contrarien,0,false,-0.06,24,8.9,0
rn:contrarien:129,rn,contrarien,0,false,-0.12,28,8.95,0
rn:contrarien:130,rn,contrarien,0,false,0.53,24,10.91,0
rn:contrarien:131,rn,contrarien,1,false,6.63,28,10.95,0
rn:contrarien:132,rn,contrarien,1,false,5.71,24,9.09,0
rn:contrarien:133,rn,contrarien,1,false,0.18,24,9.03,0
rn:contrarien:134,rn,contrarien,0,false,7.62,24,10.67,0
rn:contrarien:135,rn,contrarien,1,false,8.01,25,9.61,0
rn:contrarien:136,rn,contrarien,0,false,0.48,24,9.02,0
rn:contrarien:137,rn,contrarien,1,false,6.16,24,9.87,0
rn:contrarien:138,rn,contrarien,1,false,6.87,24,9.31,0
rn:contrarien:139,rn,contrarien,0,false,7.8,24,9.39,0
rn:contrarien:140,rn,contrarien,0,false,0.26,29,9.33,0
rn:contrarien:141,rn,contrarien,0,false,0.35,24,9.23,0
rn:contrarien:142,rn,contrarien,1,false,8.73,24,10.07,0
rn:contrarien:143,rn,contrarien,0,false,0.25,24,8.98,0
rn:contrarien:144,rn,contrarien,0,false,-0.25,28,9.12,0
rn:contrarien:145,rn,contrarien,0,false,8.57,24,9.16,0
rn:contrarien:146,rn,contrarien,0,false,8.43,24,9.06,0
rn:contrarien:147,rn,contrarien,0,false,8.11,24,9.04,0
rn:contrarien:148,rn,contrarien,0,false,5.69,24,8.97,0
rn:contrarien:149,rn,contrarien,0,false,0.81,24,10.04,0
reconquete:aleatoire:0,reconquete,aleatoire,0,false,0.27,24,9.88,0
reconquete:aleatoire:1,reconquete,aleatoire,0,false,8.11,24,8.95,0
reconquete:aleatoire:2,reconquete,aleatoire,0,false,13.91,24,9.09,0
reconquete:aleatoire:3,reconquete,aleatoire,0,false,8.23,24,8.99,0
reconquete:aleatoire:4,reconquete,aleatoire,0,false,0.19,24,9.03,0
reconquete:aleatoire:5,reconquete,aleatoire,0,false,9.31,24,9.35,0
reconquete:aleatoire:6,reconquete,aleatoire,0,false,-0.02,24,9.15,0
reconquete:aleatoire:7,reconquete,aleatoire,0,false,-0.43,24,8.89,0
reconquete:aleatoire:8,reconquete,aleatoire,0,false,0.02,24,8.97,0
reconquete:aleatoire:9,reconquete,aleatoire,1,false,1.57,24,9.96,0
reconquete:aleatoire:10,reconquete,aleatoire,0,false,13.96,24,8.99,0
reconquete:aleatoire:11,reconquete,aleatoire,0,false,8.59,24,9.32,0
reconquete:aleatoire:12,reconquete,aleatoire,0,false,0.3,24,9.78,0
reconquete:aleatoire:13,reconquete,aleatoire,0,false,0.05,24,9.01,0
reconquete:aleatoire:14,reconquete,aleatoire,0,false,0.03,24,9.02,0
reconquete:aleatoire:15,reconquete,aleatoire,0,false,0.04,24,9.16,0
reconquete:aleatoire:16,reconquete,aleatoire,0,false,0.18,24,9.04,0
reconquete:aleatoire:17,reconquete,aleatoire,0,false,8.59,24,9.54,0
reconquete:aleatoire:18,reconquete,aleatoire,0,false,6.12,24,9.1,0
reconquete:aleatoire:19,reconquete,aleatoire,0,false,8.03,24,9.25,0
reconquete:aleatoire:20,reconquete,aleatoire,0,false,-0.24,24,9.29,0
reconquete:aleatoire:21,reconquete,aleatoire,0,false,0.17,24,9,0
reconquete:aleatoire:22,reconquete,aleatoire,0,false,8.09,24,8.98,0
reconquete:aleatoire:23,reconquete,aleatoire,0,false,0.45,24,8.85,0
reconquete:aleatoire:24,reconquete,aleatoire,0,false,0.1,24,9.03,0
reconquete:aleatoire:25,reconquete,aleatoire,0,false,0.01,24,8.88,0
reconquete:aleatoire:26,reconquete,aleatoire,0,false,0.15,24,9.06,0
reconquete:aleatoire:27,reconquete,aleatoire,0,false,8.91,24,8.98,0
reconquete:aleatoire:28,reconquete,aleatoire,0,false,-0.04,24,9.07,0
reconquete:aleatoire:29,reconquete,aleatoire,0,false,5.88,24,9.03,0
reconquete:aleatoire:30,reconquete,aleatoire,0,false,8.55,24,9.05,0
reconquete:aleatoire:31,reconquete,aleatoire,0,false,5.89,24,8.96,0
reconquete:aleatoire:32,reconquete,aleatoire,0,false,0.14,24,8.97,0
reconquete:aleatoire:33,reconquete,aleatoire,0,false,5.83,24,9.11,0
reconquete:aleatoire:34,reconquete,aleatoire,0,false,6.01,24,8.98,0
reconquete:aleatoire:35,reconquete,aleatoire,0,false,9.17,24,10.95,0
reconquete:aleatoire:36,reconquete,aleatoire,0,false,-0.12,24,8.85,0
reconquete:aleatoire:37,reconquete,aleatoire,0,false,8.98,24,9.21,0
reconquete:aleatoire:38,reconquete,aleatoire,0,false,0.45,24,9.03,0
reconquete:aleatoire:39,reconquete,aleatoire,0,false,15.06,24,10.1,0
reconquete:aleatoire:40,reconquete,aleatoire,0,false,14.94,24,9.05,0
reconquete:aleatoire:41,reconquete,aleatoire,0,false,-0.16,24,8.93,0
reconquete:aleatoire:42,reconquete,aleatoire,0,false,10.02,24,9.01,0
reconquete:aleatoire:43,reconquete,aleatoire,0,false,0.07,24,9.35,0
reconquete:aleatoire:44,reconquete,aleatoire,0,false,14.09,24,8.93,0
reconquete:aleatoire:45,reconquete,aleatoire,0,false,-0.43,24,8.85,0
reconquete:aleatoire:46,reconquete,aleatoire,0,false,-0.16,24,8.97,0
reconquete:aleatoire:47,reconquete,aleatoire,0,false,0.26,24,9.65,0
reconquete:aleatoire:48,reconquete,aleatoire,0,false,0.08,24,8.99,0
reconquete:aleatoire:49,reconquete,aleatoire,0,false,0.09,24,9.03,0
reconquete:aleatoire:50,reconquete,aleatoire,0,false,14.86,24,9.67,0
reconquete:aleatoire:51,reconquete,aleatoire,0,false,14.86,24,9.04,0
reconquete:aleatoire:52,reconquete,aleatoire,0,false,7.95,24,9,0
reconquete:aleatoire:53,reconquete,aleatoire,0,false,0.68,24,9.15,0
reconquete:aleatoire:54,reconquete,aleatoire,0,false,-0.24,24,8.99,0
reconquete:aleatoire:55,reconquete,aleatoire,0,false,0.83,24,11.41,0
reconquete:aleatoire:56,reconquete,aleatoire,0,false,-0.13,24,9,0
reconquete:aleatoire:57,reconquete,aleatoire,0,false,0.24,24,8.99,0
reconquete:aleatoire:58,reconquete,aleatoire,0,false,-0.15,24,8.95,0
reconquete:aleatoire:59,reconquete,aleatoire,0,false,13.53,24,9.06,0
reconquete:aleatoire:60,reconquete,aleatoire,0,false,-0.25,24,8.87,0
reconquete:aleatoire:61,reconquete,aleatoire,0,false,-0.37,24,8.94,0
reconquete:aleatoire:62,reconquete,aleatoire,0,false,8.21,24,9.1,0
reconquete:aleatoire:63,reconquete,aleatoire,0,false,-0.37,24,9.22,0
reconquete:aleatoire:64,reconquete,aleatoire,0,false,6.41,24,9.64,0
reconquete:aleatoire:65,reconquete,aleatoire,0,false,-0.19,24,8.94,0
reconquete:aleatoire:66,reconquete,aleatoire,0,false,8.73,24,8.97,0
reconquete:aleatoire:67,reconquete,aleatoire,0,false,8.63,24,9.3,0
reconquete:aleatoire:68,reconquete,aleatoire,0,false,8.88,24,9.46,0
reconquete:aleatoire:69,reconquete,aleatoire,0,false,14.46,24,9.05,0
reconquete:aleatoire:70,reconquete,aleatoire,0,false,8.53,24,8.89,0
reconquete:aleatoire:71,reconquete,aleatoire,0,false,8.39,24,9.02,0
reconquete:aleatoire:72,reconquete,aleatoire,0,false,0.07,24,8.92,0
reconquete:aleatoire:73,reconquete,aleatoire,0,false,6.41,24,9.83,0
reconquete:aleatoire:74,reconquete,aleatoire,0,false,8.65,24,9.02,0
reconquete:aleatoire:75,reconquete,aleatoire,0,false,20.21,1,45.33,45.72
reconquete:aleatoire:76,reconquete,aleatoire,0,false,-0.14,24,9.07,0
reconquete:aleatoire:77,reconquete,aleatoire,0,false,0.11,24,9.38,0
reconquete:aleatoire:78,reconquete,aleatoire,0,false,-0.05,24,9.03,0
reconquete:aleatoire:79,reconquete,aleatoire,0,false,13.67,24,8.96,0
reconquete:aleatoire:80,reconquete,aleatoire,0,false,8.12,24,9.04,0
reconquete:aleatoire:81,reconquete,aleatoire,0,false,8.17,24,9.01,0
reconquete:aleatoire:82,reconquete,aleatoire,0,false,-0.03,24,9.25,0
reconquete:aleatoire:83,reconquete,aleatoire,0,false,0.16,24,9.08,0
reconquete:aleatoire:84,reconquete,aleatoire,0,false,7.55,24,9.47,0
reconquete:aleatoire:85,reconquete,aleatoire,0,false,8.31,24,9.41,0
reconquete:aleatoire:86,reconquete,aleatoire,0,false,-0.07,24,8.88,0
reconquete:aleatoire:87,reconquete,aleatoire,0,false,8.22,24,9.04,0
reconquete:aleatoire:88,reconquete,aleatoire,0,false,-0.01,24,9.15,0
reconquete:aleatoire:89,reconquete,aleatoire,0,false,9.49,24,9.53,0
reconquete:aleatoire:90,reconquete,aleatoire,0,false,0.35,24,10.46,0
reconquete:aleatoire:91,reconquete,aleatoire,0,false,-0.09,24,9.1,0
reconquete:aleatoire:92,reconquete,aleatoire,0,false,-0.03,24,9.34,0
reconquete:aleatoire:93,reconquete,aleatoire,0,false,8.35,24,8.99,0
reconquete:aleatoire:94,reconquete,aleatoire,0,false,-0.28,24,9.04,0
reconquete:aleatoire:95,reconquete,aleatoire,0,false,0.14,24,9.16,0
reconquete:aleatoire:96,reconquete,aleatoire,0,false,8.25,24,8.92,0
reconquete:aleatoire:97,reconquete,aleatoire,0,false,6.01,24,9.03,0
reconquete:aleatoire:98,reconquete,aleatoire,0,false,9.39,24,8.92,0
reconquete:aleatoire:99,reconquete,aleatoire,0,false,6.67,24,9.11,0
reconquete:aleatoire:100,reconquete,aleatoire,0,false,-0.01,24,8.88,0
reconquete:aleatoire:101,reconquete,aleatoire,0,false,0.36,24,9.83,0
reconquete:aleatoire:102,reconquete,aleatoire,0,false,14.18,24,9.13,0
reconquete:aleatoire:103,reconquete,aleatoire,0,false,9.27,24,9.6,0
reconquete:aleatoire:104,reconquete,aleatoire,0,false,8.27,24,9.26,0
reconquete:aleatoire:105,reconquete,aleatoire,0,false,7.83,24,9.08,0
reconquete:aleatoire:106,reconquete,aleatoire,0,false,8.41,24,9.05,0
reconquete:aleatoire:107,reconquete,aleatoire,0,false,-0.43,26,8.97,0
reconquete:aleatoire:108,reconquete,aleatoire,0,false,8.98,24,9.1,0
reconquete:aleatoire:109,reconquete,aleatoire,0,false,0.32,24,9.31,0
reconquete:aleatoire:110,reconquete,aleatoire,0,false,7.79,24,9.5,0
reconquete:aleatoire:111,reconquete,aleatoire,0,false,-0.35,24,8.96,0
reconquete:aleatoire:112,reconquete,aleatoire,0,false,10.17,24,8.95,0
reconquete:aleatoire:113,reconquete,aleatoire,0,false,9.35,24,9.03,0
reconquete:aleatoire:114,reconquete,aleatoire,0,false,6.91,24,9.04,0
reconquete:aleatoire:115,reconquete,aleatoire,0,false,0,24,8.9,0
reconquete:aleatoire:116,reconquete,aleatoire,0,false,8.19,24,9.05,0
reconquete:aleatoire:117,reconquete,aleatoire,0,false,8.53,24,8.97,0
reconquete:aleatoire:118,reconquete,aleatoire,0,false,8.02,24,9.05,0
reconquete:aleatoire:119,reconquete,aleatoire,0,false,-0.11,24,9.12,0
reconquete:aleatoire:120,reconquete,aleatoire,0,false,-0.18,24,9.04,0
reconquete:aleatoire:121,reconquete,aleatoire,0,false,0.39,24,9.42,0
reconquete:aleatoire:122,reconquete,aleatoire,0,false,0.28,24,8.98,0
reconquete:aleatoire:123,reconquete,aleatoire,0,false,5.8,24,9.05,0
reconquete:aleatoire:124,reconquete,aleatoire,0,false,6.14,24,9.09,0
reconquete:aleatoire:125,reconquete,aleatoire,0,false,6.22,24,8.95,0
reconquete:aleatoire:126,reconquete,aleatoire,0,false,-0.18,24,9.02,0
reconquete:aleatoire:127,reconquete,aleatoire,0,false,5.91,24,9.1,0
reconquete:aleatoire:128,reconquete,aleatoire,0,false,0.76,24,11.02,0
reconquete:aleatoire:129,reconquete,aleatoire,0,false,-0.17,24,9.05,0
reconquete:aleatoire:130,reconquete,aleatoire,0,false,-0.11,24,9.13,0
reconquete:aleatoire:131,reconquete,aleatoire,0,false,-0.27,24,8.89,0
reconquete:aleatoire:132,reconquete,aleatoire,0,false,7.66,24,9.13,0
reconquete:aleatoire:133,reconquete,aleatoire,0,false,0.21,24,8.84,0
reconquete:aleatoire:134,reconquete,aleatoire,0,false,8.72,24,9.6,0
reconquete:aleatoire:135,reconquete,aleatoire,0,false,6.19,24,10.15,0
reconquete:aleatoire:136,reconquete,aleatoire,0,false,9.12,24,8.88,0
reconquete:aleatoire:137,reconquete,aleatoire,0,false,9.47,24,9.02,0
reconquete:aleatoire:138,reconquete,aleatoire,0,false,-0.07,24,9.17,0
reconquete:aleatoire:139,reconquete,aleatoire,0,false,8.64,24,9.22,0
reconquete:aleatoire:140,reconquete,aleatoire,0,false,-0.24,24,9.13,0
reconquete:aleatoire:141,reconquete,aleatoire,0,false,-0.06,24,9.57,0
reconquete:aleatoire:142,reconquete,aleatoire,0,false,15.61,24,9.1,0
reconquete:aleatoire:143,reconquete,aleatoire,0,false,14.58,24,8.97,0
reconquete:aleatoire:144,reconquete,aleatoire,0,false,7.59,24,9.09,0
reconquete:aleatoire:145,reconquete,aleatoire,0,false,-0.45,24,8.97,0
reconquete:aleatoire:146,reconquete,aleatoire,0,false,-0.03,24,8.89,0
reconquete:aleatoire:147,reconquete,aleatoire,0,false,-0.5,24,8.92,0
reconquete:aleatoire:148,reconquete,aleatoire,0,false,8.36,24,8.98,0
reconquete:aleatoire:149,reconquete,aleatoire,0,false,0.29,24,9.33,0
reconquete:prudent:0,reconquete,prudent,0,false,14.4,24,9,0
reconquete:prudent:1,reconquete,prudent,0,false,7.35,24,8.96,0
reconquete:prudent:2,reconquete,prudent,0,false,0.09,24,9.02,0
reconquete:prudent:3,reconquete,prudent,0,false,13.98,24,9.37,0
reconquete:prudent:4,reconquete,prudent,0,false,7.63,24,8.94,0
reconquete:prudent:5,reconquete,prudent,0,false,-0.41,24,9.23,0
reconquete:prudent:6,reconquete,prudent,0,false,7.79,24,9.06,0
reconquete:prudent:7,reconquete,prudent,0,false,15.21,24,9.11,0
reconquete:prudent:8,reconquete,prudent,0,false,7.68,24,9.1,0
reconquete:prudent:9,reconquete,prudent,0,false,8.51,24,9.07,0
reconquete:prudent:10,reconquete,prudent,0,false,8.72,24,8.87,0
reconquete:prudent:11,reconquete,prudent,0,false,-0.01,24,9.05,0
reconquete:prudent:12,reconquete,prudent,1,false,7.01,24,10.27,0
reconquete:prudent:13,reconquete,prudent,0,false,-0.02,24,9.31,0
reconquete:prudent:14,reconquete,prudent,0,false,0.25,24,8.99,0
reconquete:prudent:15,reconquete,prudent,0,false,-0.08,28,8.95,0
reconquete:prudent:16,reconquete,prudent,0,false,8.37,24,9.1,0
reconquete:prudent:17,reconquete,prudent,0,false,0.16,24,8.91,0
reconquete:prudent:18,reconquete,prudent,0,false,8.22,24,9.01,0
reconquete:prudent:19,reconquete,prudent,0,false,8.09,24,9.01,0
reconquete:prudent:20,reconquete,prudent,0,false,-0.58,24,8.9,0
reconquete:prudent:21,reconquete,prudent,0,false,-0.21,24,8.89,0
reconquete:prudent:22,reconquete,prudent,0,false,-0.29,24,8.96,0
reconquete:prudent:23,reconquete,prudent,0,false,8.02,24,9.07,0
reconquete:prudent:24,reconquete,prudent,0,false,15.34,24,8.98,0
reconquete:prudent:25,reconquete,prudent,0,false,0.01,24,8.99,0
reconquete:prudent:26,reconquete,prudent,0,false,5.86,24,9.08,0
reconquete:prudent:27,reconquete,prudent,0,false,6.17,24,8.89,0
reconquete:prudent:28,reconquete,prudent,0,false,0.09,24,9.04,0
reconquete:prudent:29,reconquete,prudent,0,false,7.97,24,8.96,0
reconquete:prudent:30,reconquete,prudent,0,false,-0.32,24,9.07,0
reconquete:prudent:31,reconquete,prudent,0,false,5.79,24,9.1,0
reconquete:prudent:32,reconquete,prudent,0,false,8.56,24,9.01,0
reconquete:prudent:33,reconquete,prudent,0,false,0.23,24,9.18,0
reconquete:prudent:34,reconquete,prudent,0,false,8.25,24,9.04,0
reconquete:prudent:35,reconquete,prudent,0,false,5.93,24,8.91,0
reconquete:prudent:36,reconquete,prudent,0,false,-0.39,24,8.91,0
reconquete:prudent:37,reconquete,prudent,0,false,0.1,24,9.18,0
reconquete:prudent:38,reconquete,prudent,0,false,8.48,24,9.04,0
reconquete:prudent:39,reconquete,prudent,0,false,8.02,24,9.08,0
reconquete:prudent:40,reconquete,prudent,0,false,13.61,30,9.07,0
reconquete:prudent:41,reconquete,prudent,0,false,0.15,24,8.98,0
reconquete:prudent:42,reconquete,prudent,0,false,0.58,24,9.64,0
reconquete:prudent:43,reconquete,prudent,0,false,-0.04,24,9.09,0
reconquete:prudent:44,reconquete,prudent,0,false,8.11,24,9.17,0
reconquete:prudent:45,reconquete,prudent,0,false,8.82,30,10.33,0
reconquete:prudent:46,reconquete,prudent,0,false,7.52,24,8.97,0
reconquete:prudent:47,reconquete,prudent,0,false,9.16,24,10.05,0
reconquete:prudent:48,reconquete,prudent,0,false,-0.17,24,8.86,0
reconquete:prudent:49,reconquete,prudent,0,false,9.31,24,9.02,0
reconquete:prudent:50,reconquete,prudent,0,false,6.51,24,9.56,0
reconquete:prudent:51,reconquete,prudent,0,false,-0.41,24,8.99,0
reconquete:prudent:52,reconquete,prudent,0,false,0.18,24,8.98,0
reconquete:prudent:53,reconquete,prudent,0,false,9.34,24,10.52,0
reconquete:prudent:54,reconquete,prudent,0,false,-0.17,24,9.18,0
reconquete:prudent:55,reconquete,prudent,0,false,0.45,24,9.93,0
reconquete:prudent:56,reconquete,prudent,0,false,0.03,24,8.85,0
reconquete:prudent:57,reconquete,prudent,0,false,6.35,24,9,0
reconquete:prudent:58,reconquete,prudent,0,false,-0.37,24,8.9,0
reconquete:prudent:59,reconquete,prudent,0,false,7.76,24,8.94,0
reconquete:prudent:60,reconquete,prudent,0,false,0,24,9.07,0
reconquete:prudent:61,reconquete,prudent,0,false,8.67,24,9.38,0
reconquete:prudent:62,reconquete,prudent,0,false,0.48,24,9.69,0
reconquete:prudent:63,reconquete,prudent,0,false,5.63,24,9.15,0
reconquete:prudent:64,reconquete,prudent,0,false,0.35,24,8.96,0
reconquete:prudent:65,reconquete,prudent,0,false,8.24,24,8.95,0
reconquete:prudent:66,reconquete,prudent,0,false,0.5,24,9.01,0
reconquete:prudent:67,reconquete,prudent,0,false,9.06,24,9.37,0
reconquete:prudent:68,reconquete,prudent,0,false,10,24,9.25,0
reconquete:prudent:69,reconquete,prudent,0,false,0.24,24,9.12,0
reconquete:prudent:70,reconquete,prudent,0,false,9.35,30,8.95,0
reconquete:prudent:71,reconquete,prudent,0,false,8.43,24,9.69,0
reconquete:prudent:72,reconquete,prudent,0,false,-0.19,24,9.05,0
reconquete:prudent:73,reconquete,prudent,0,false,-0.21,24,8.96,0
reconquete:prudent:74,reconquete,prudent,0,false,6.43,24,9.45,0
reconquete:prudent:75,reconquete,prudent,0,false,5.74,24,9.06,0
reconquete:prudent:76,reconquete,prudent,0,false,-0.09,24,9.02,0
reconquete:prudent:77,reconquete,prudent,0,false,8.92,24,9.13,0
reconquete:prudent:78,reconquete,prudent,0,false,5.93,24,9.04,0
reconquete:prudent:79,reconquete,prudent,0,false,9.13,24,9.85,0
reconquete:prudent:80,reconquete,prudent,0,false,8.14,24,9.16,0
reconquete:prudent:81,reconquete,prudent,0,false,5.73,28,8.99,0
reconquete:prudent:82,reconquete,prudent,0,false,0.17,24,9.14,0
reconquete:prudent:83,reconquete,prudent,0,false,-0.35,24,9.04,0
reconquete:prudent:84,reconquete,prudent,0,false,-0.5,24,8.92,0
reconquete:prudent:85,reconquete,prudent,0,false,0.46,24,9.19,0
reconquete:prudent:86,reconquete,prudent,0,false,0.09,24,8.92,0
reconquete:prudent:87,reconquete,prudent,0,false,8.64,24,9.04,0
reconquete:prudent:88,reconquete,prudent,0,false,7.1,24,9.02,0
reconquete:prudent:89,reconquete,prudent,0,false,9.07,24,9.82,0
reconquete:prudent:90,reconquete,prudent,0,false,0.22,24,9.17,0
reconquete:prudent:91,reconquete,prudent,0,false,0.12,24,9.04,0
reconquete:prudent:92,reconquete,prudent,0,false,7.53,24,9.08,0
reconquete:prudent:93,reconquete,prudent,0,false,7.94,24,9.59,0
reconquete:prudent:94,reconquete,prudent,0,false,-0.39,24,9.03,0
reconquete:prudent:95,reconquete,prudent,0,false,8.95,24,9.44,0
reconquete:prudent:96,reconquete,prudent,0,false,7.39,24,9.05,0
reconquete:prudent:97,reconquete,prudent,0,false,14.22,24,9.03,0
reconquete:prudent:98,reconquete,prudent,0,false,0.06,24,8.99,0
reconquete:prudent:99,reconquete,prudent,0,false,5.72,24,9.35,0
reconquete:prudent:100,reconquete,prudent,0,false,-0.28,26,8.99,0
reconquete:prudent:101,reconquete,prudent,0,false,14.06,24,9.12,0
reconquete:prudent:102,reconquete,prudent,0,false,6.1,24,9.08,0
reconquete:prudent:103,reconquete,prudent,0,false,9.12,24,9.24,0
reconquete:prudent:104,reconquete,prudent,0,false,7.81,24,8.88,0
reconquete:prudent:105,reconquete,prudent,0,false,-0.17,24,9.1,0
reconquete:prudent:106,reconquete,prudent,0,false,8.41,24,8.99,0
reconquete:prudent:107,reconquete,prudent,0,false,11.46,24,9.25,0
reconquete:prudent:108,reconquete,prudent,0,false,7.39,24,8.98,0
reconquete:prudent:109,reconquete,prudent,0,false,5.78,24,9.01,0
reconquete:prudent:110,reconquete,prudent,0,false,-0.02,24,9.24,0
reconquete:prudent:111,reconquete,prudent,0,false,6.6,24,9.93,0
reconquete:prudent:112,reconquete,prudent,0,false,14.74,24,8.99,0
reconquete:prudent:113,reconquete,prudent,0,false,5.74,24,9.08,0
reconquete:prudent:114,reconquete,prudent,0,false,6.17,24,8.88,0
reconquete:prudent:115,reconquete,prudent,0,false,8.09,24,9.02,0
reconquete:prudent:116,reconquete,prudent,0,false,-0.12,24,8.89,0
reconquete:prudent:117,reconquete,prudent,0,false,7.71,24,8.97,0
reconquete:prudent:118,reconquete,prudent,0,false,0.36,24,9.34,0
reconquete:prudent:119,reconquete,prudent,0,false,-0.07,24,9.02,0
reconquete:prudent:120,reconquete,prudent,0,false,0.06,24,9.01,0
reconquete:prudent:121,reconquete,prudent,0,false,8.24,24,8.89,0
reconquete:prudent:122,reconquete,prudent,0,false,-0.49,24,8.95,0
reconquete:prudent:123,reconquete,prudent,0,false,0.11,24,9.28,0
reconquete:prudent:124,reconquete,prudent,0,false,8.1,24,9.78,0
reconquete:prudent:125,reconquete,prudent,0,false,0.07,24,8.87,0
reconquete:prudent:126,reconquete,prudent,0,false,-0.23,24,9,0
reconquete:prudent:127,reconquete,prudent,0,false,14.89,28,9.06,0
reconquete:prudent:128,reconquete,prudent,0,false,12.85,24,9.1,0
reconquete:prudent:129,reconquete,prudent,0,false,0.37,24,9.16,0
reconquete:prudent:130,reconquete,prudent,0,false,-0.15,24,8.9,0
reconquete:prudent:131,reconquete,prudent,0,false,-0.24,24,9.04,0
reconquete:prudent:132,reconquete,prudent,0,false,0.07,24,9.28,0
reconquete:prudent:133,reconquete,prudent,0,false,8.37,24,9.11,0
reconquete:prudent:134,reconquete,prudent,0,false,0.13,24,8.99,0
reconquete:prudent:135,reconquete,prudent,0,false,0.77,24,10.05,0
reconquete:prudent:136,reconquete,prudent,0,false,-0.34,24,8.88,0
reconquete:prudent:137,reconquete,prudent,0,false,20.37,3,41.97,42.69
reconquete:prudent:138,reconquete,prudent,0,false,0.17,24,8.93,0
reconquete:prudent:139,reconquete,prudent,0,false,0.48,28,9.16,0
reconquete:prudent:140,reconquete,prudent,0,false,6.4,24,9.34,0
reconquete:prudent:141,reconquete,prudent,0,false,5.22,24,9.01,0
reconquete:prudent:142,reconquete,prudent,0,false,8.71,24,8.98,0
reconquete:prudent:143,reconquete,prudent,0,false,-0.34,24,8.94,0
reconquete:prudent:144,reconquete,prudent,0,false,0.21,24,9.05,0
reconquete:prudent:145,reconquete,prudent,0,false,6.21,26,8.88,0
reconquete:prudent:146,reconquete,prudent,0,false,9.49,24,9.02,0
reconquete:prudent:147,reconquete,prudent,0,false,-0.01,28,9.42,0
reconquete:prudent:148,reconquete,prudent,0,false,8.53,24,9.16,0
reconquete:prudent:149,reconquete,prudent,0,false,0.32,24,9.01,0
reconquete:risque:0,reconquete,risque,1,false,8.41,24,9.01,0
reconquete:risque:1,reconquete,risque,0,false,-0.23,24,9,0
reconquete:risque:2,reconquete,risque,0,false,-0.27,24,9.12,0
reconquete:risque:3,reconquete,risque,0,false,8.63,24,8.91,0
reconquete:risque:4,reconquete,risque,0,false,5.72,24,8.94,0
reconquete:risque:5,reconquete,risque,0,false,-0.34,24,8.96,0
reconquete:risque:6,reconquete,risque,0,false,-0.31,24,8.98,0
reconquete:risque:7,reconquete,risque,0,false,0.61,24,9.96,0
reconquete:risque:8,reconquete,risque,0,false,10.52,24,9.06,0
reconquete:risque:9,reconquete,risque,0,false,5.81,24,8.98,0
reconquete:risque:10,reconquete,risque,0,false,-0.18,24,8.96,0
reconquete:risque:11,reconquete,risque,0,false,0.07,24,8.83,0
reconquete:risque:12,reconquete,risque,0,false,6.12,24,9.09,0
reconquete:risque:13,reconquete,risque,0,false,7.12,24,11.22,0
reconquete:risque:14,reconquete,risque,0,false,-0.22,24,9.01,0
reconquete:risque:15,reconquete,risque,0,false,5.95,24,8.83,0
reconquete:risque:16,reconquete,risque,0,false,9.2,24,9.51,0
reconquete:risque:17,reconquete,risque,0,false,6.39,24,9.61,0
reconquete:risque:18,reconquete,risque,0,false,-0.06,24,9.09,0
reconquete:risque:19,reconquete,risque,0,false,8.49,24,9.23,0
reconquete:risque:20,reconquete,risque,0,false,0.76,24,10.17,0
reconquete:risque:21,reconquete,risque,0,false,-0.07,24,8.94,0
reconquete:risque:22,reconquete,risque,0,false,6.02,24,9.04,0
reconquete:risque:23,reconquete,risque,0,false,6.07,24,9,0
reconquete:risque:24,reconquete,risque,0,false,0,24,9.09,0
reconquete:risque:25,reconquete,risque,0,false,6.03,24,9.13,0
reconquete:risque:26,reconquete,risque,0,false,-0.06,24,9.01,0
reconquete:risque:27,reconquete,risque,0,false,9.1,24,9.03,0
reconquete:risque:28,reconquete,risque,0,false,14.02,24,8.93,0
reconquete:risque:29,reconquete,risque,0,false,7.65,24,9.22,0
reconquete:risque:30,reconquete,risque,0,false,-0.13,27,9.27,0
reconquete:risque:31,reconquete,risque,0,false,13.98,24,9.54,0
reconquete:risque:32,reconquete,risque,0,false,0.65,24,8.88,0
reconquete:risque:33,reconquete,risque,0,false,6.01,24,9.12,0
reconquete:risque:34,reconquete,risque,0,false,0.13,24,8.94,0
reconquete:risque:35,reconquete,risque,0,false,8.63,24,9.21,0
reconquete:risque:36,reconquete,risque,0,false,-0.06,24,9.01,0
reconquete:risque:37,reconquete,risque,0,false,-0.17,24,8.88,0
reconquete:risque:38,reconquete,risque,0,false,17.16,24,10.36,0
reconquete:risque:39,reconquete,risque,0,false,9.98,24,9.1,0
reconquete:risque:40,reconquete,risque,0,false,8.42,24,9.16,0
reconquete:risque:41,reconquete,risque,0,false,14.09,24,9.07,0
reconquete:risque:42,reconquete,risque,0,false,7.21,24,8.89,0
reconquete:risque:43,reconquete,risque,0,false,9.56,24,9.65,0
reconquete:risque:44,reconquete,risque,0,false,-0.07,24,9.3,0
reconquete:risque:45,reconquete,risque,0,false,14.21,24,8.99,0
reconquete:risque:46,reconquete,risque,0,false,-0.08,24,9.01,0
reconquete:risque:47,reconquete,risque,0,false,5.89,24,9.04,0
reconquete:risque:48,reconquete,risque,0,false,8.31,24,8.93,0
reconquete:risque:49,reconquete,risque,0,false,0.12,24,8.93,0
reconquete:risque:50,reconquete,risque,0,false,15.19,24,9.15,0
reconquete:risque:51,reconquete,risque,0,false,6.47,24,9.64,0
reconquete:risque:52,reconquete,risque,0,false,9.18,24,9.22,0
reconquete:risque:53,reconquete,risque,0,false,0.34,24,9.07,0
reconquete:risque:54,reconquete,risque,0,false,0.33,24,9.07,0
reconquete:risque:55,reconquete,risque,0,false,6.67,24,10.26,0
reconquete:risque:56,reconquete,risque,0,false,9.07,24,9.08,0
reconquete:risque:57,reconquete,risque,0,false,-0.29,24,9.04,0
reconquete:risque:58,reconquete,risque,0,false,8.49,24,10.07,0
reconquete:risque:59,reconquete,risque,0,false,7.29,24,9.07,0
reconquete:risque:60,reconquete,risque,0,false,0.05,24,9.21,0
reconquete:risque:61,reconquete,risque,0,false,7.46,24,9.03,0
reconquete:risque:62,reconquete,risque,0,false,10.25,24,9.03,0
reconquete:risque:63,reconquete,risque,0,false,-0.06,28,8.99,0
reconquete:risque:64,reconquete,risque,0,false,8.31,24,8.98,0
reconquete:risque:65,reconquete,risque,0,false,5.85,28,9.12,0
reconquete:risque:66,reconquete,risque,0,false,5.83,24,8.89,0
reconquete:risque:67,reconquete,risque,0,false,7.23,29,9.6,0
reconquete:risque:68,reconquete,risque,0,false,0.27,24,9.37,0
reconquete:risque:69,reconquete,risque,0,false,14.68,24,8.97,0
reconquete:risque:70,reconquete,risque,0,false,8.06,24,9.46,0
reconquete:risque:71,reconquete,risque,0,false,-0.12,24,9.07,0
reconquete:risque:72,reconquete,risque,0,false,8.53,24,9.13,0
reconquete:risque:73,reconquete,risque,0,false,8.58,24,9.1,0
reconquete:risque:74,reconquete,risque,0,false,0.08,24,9.18,0
reconquete:risque:75,reconquete,risque,0,false,20.41,0,42.34,42.85
reconquete:risque:76,reconquete,risque,0,false,0.37,24,9,0
reconquete:risque:77,reconquete,risque,0,false,7.87,24,9.02,0
reconquete:risque:78,reconquete,risque,0,false,6.09,24,9.43,0
reconquete:risque:79,reconquete,risque,0,false,0.16,24,9.32,0
reconquete:risque:80,reconquete,risque,0,false,1.44,24,12.38,0
reconquete:risque:81,reconquete,risque,0,false,14.61,24,9.15,0
reconquete:risque:82,reconquete,risque,0,false,0.1,24,8.97,0
reconquete:risque:83,reconquete,risque,0,false,-0.44,24,8.94,0
reconquete:risque:84,reconquete,risque,0,false,8.48,24,9.37,0
reconquete:risque:85,reconquete,risque,0,false,0.45,24,9.44,0
reconquete:risque:86,reconquete,risque,0,false,-0.15,24,9.11,0
reconquete:risque:87,reconquete,risque,0,false,-0.15,27,9.12,0
reconquete:risque:88,reconquete,risque,0,false,0.28,24,8.95,0
reconquete:risque:89,reconquete,risque,0,false,9.04,24,9.03,0
reconquete:risque:90,reconquete,risque,0,false,5.93,24,9.15,0
reconquete:risque:91,reconquete,risque,0,false,0.01,24,9.13,0
reconquete:risque:92,reconquete,risque,0,false,6.56,24,10.37,0
reconquete:risque:93,reconquete,risque,0,false,8.19,24,9.53,0
reconquete:risque:94,reconquete,risque,0,false,0.01,24,9.12,0
reconquete:risque:95,reconquete,risque,0,false,0.63,24,9.98,0
reconquete:risque:96,reconquete,risque,0,false,6,24,9.08,0
reconquete:risque:97,reconquete,risque,0,false,7.8,24,9.13,0
reconquete:risque:98,reconquete,risque,0,false,0.39,24,9.96,0
reconquete:risque:99,reconquete,risque,0,false,15.18,24,8.95,0
reconquete:risque:100,reconquete,risque,0,false,-0.24,26,8.92,0
reconquete:risque:101,reconquete,risque,0,false,5.98,24,9.01,0
reconquete:risque:102,reconquete,risque,0,false,7.69,24,9.08,0
reconquete:risque:103,reconquete,risque,0,false,0.41,24,8.99,0
reconquete:risque:104,reconquete,risque,0,false,-0.25,24,8.89,0
reconquete:risque:105,reconquete,risque,0,false,5.56,24,9.02,0
reconquete:risque:106,reconquete,risque,0,false,0.26,24,9.33,0
reconquete:risque:107,reconquete,risque,0,false,0.2,24,9.05,0
reconquete:risque:108,reconquete,risque,0,false,7.86,24,8.9,0
reconquete:risque:109,reconquete,risque,1,false,1.04,24,9.93,0
reconquete:risque:110,reconquete,risque,0,false,8.45,24,9.01,0
reconquete:risque:111,reconquete,risque,0,false,-0.48,24,8.88,0
reconquete:risque:112,reconquete,risque,0,false,8.14,24,9.66,0
reconquete:risque:113,reconquete,risque,0,false,-0.15,24,9.02,0
reconquete:risque:114,reconquete,risque,0,false,6.29,24,8.86,0
reconquete:risque:115,reconquete,risque,0,false,0.61,24,9.41,0
reconquete:risque:116,reconquete,risque,0,false,-0.32,24,8.9,0
reconquete:risque:117,reconquete,risque,0,false,-0.29,24,9.08,0
reconquete:risque:118,reconquete,risque,0,false,-0.37,24,9.04,0
reconquete:risque:119,reconquete,risque,0,false,-0.46,27,9.04,0
reconquete:risque:120,reconquete,risque,0,false,-0.29,26,9,0
reconquete:risque:121,reconquete,risque,0,false,0.16,24,8.91,0
reconquete:risque:122,reconquete,risque,0,false,7.67,24,9.06,0
reconquete:risque:123,reconquete,risque,0,false,9.7,24,9.53,0
reconquete:risque:124,reconquete,risque,0,false,6.25,24,9.02,0
reconquete:risque:125,reconquete,risque,0,false,0.04,24,9.17,0
reconquete:risque:126,reconquete,risque,0,false,14.45,24,8.98,0
reconquete:risque:127,reconquete,risque,0,false,8.46,24,9.08,0
reconquete:risque:128,reconquete,risque,0,false,-0.02,24,9,0
reconquete:risque:129,reconquete,risque,0,false,-0.36,24,8.96,0
reconquete:risque:130,reconquete,risque,0,false,0.31,24,9.12,0
reconquete:risque:131,reconquete,risque,0,false,20.3,2,42.54,43.23
reconquete:risque:132,reconquete,risque,0,false,-0.63,24,9.04,0
reconquete:risque:133,reconquete,risque,0,false,8.06,24,9.15,0
reconquete:risque:134,reconquete,risque,0,false,0.23,24,8.99,0
reconquete:risque:135,reconquete,risque,0,false,0.08,24,8.92,0
reconquete:risque:136,reconquete,risque,0,false,14.06,24,9.26,0
reconquete:risque:137,reconquete,risque,0,false,0.25,24,9.54,0
reconquete:risque:138,reconquete,risque,0,false,14.47,24,9.38,0
reconquete:risque:139,reconquete,risque,0,false,14.12,24,9.04,0
reconquete:risque:140,reconquete,risque,0,false,-0.02,24,9.09,0
reconquete:risque:141,reconquete,risque,0,false,7.58,24,9.03,0
reconquete:risque:142,reconquete,risque,0,false,0.23,24,9.2,0
reconquete:risque:143,reconquete,risque,0,false,0.66,24,10.03,0
reconquete:risque:144,reconquete,risque,0,false,-0.13,24,9.07,0
reconquete:risque:145,reconquete,risque,0,false,0.89,24,10.25,0
reconquete:risque:146,reconquete,risque,0,false,-0.38,24,9.01,0
reconquete:risque:147,reconquete,risque,0,false,0.19,24,8.96,0
reconquete:risque:148,reconquete,risque,0,false,0.24,24,9.09,0
reconquete:risque:149,reconquete,risque,0,false,0.27,24,9.09,0
reconquete:ideologiquement_coherent:0,reconquete,ideologiquement_coherent,1,false,1.43,24,10.18,0
reconquete:ideologiquement_coherent:1,reconquete,ideologiquement_coherent,0,false,-0.54,24,9.02,0
reconquete:ideologiquement_coherent:2,reconquete,ideologiquement_coherent,0,false,0.06,24,9.15,0
reconquete:ideologiquement_coherent:3,reconquete,ideologiquement_coherent,0,false,5.93,28,9.13,0
reconquete:ideologiquement_coherent:4,reconquete,ideologiquement_coherent,0,false,-0.05,24,9.07,0
reconquete:ideologiquement_coherent:5,reconquete,ideologiquement_coherent,0,false,5.89,24,9.03,0
reconquete:ideologiquement_coherent:6,reconquete,ideologiquement_coherent,0,false,-0.51,24,8.95,0
reconquete:ideologiquement_coherent:7,reconquete,ideologiquement_coherent,0,false,9.24,28,9.92,0
reconquete:ideologiquement_coherent:8,reconquete,ideologiquement_coherent,0,false,8.9,24,9.06,0
reconquete:ideologiquement_coherent:9,reconquete,ideologiquement_coherent,0,false,0.7,24,10.12,0
reconquete:ideologiquement_coherent:10,reconquete,ideologiquement_coherent,0,false,0.24,24,9.15,0
reconquete:ideologiquement_coherent:11,reconquete,ideologiquement_coherent,0,false,5.49,24,8.94,0
reconquete:ideologiquement_coherent:12,reconquete,ideologiquement_coherent,0,false,0.34,24,9.2,0
reconquete:ideologiquement_coherent:13,reconquete,ideologiquement_coherent,0,false,5.88,24,9.05,0
reconquete:ideologiquement_coherent:14,reconquete,ideologiquement_coherent,0,false,-0.24,24,8.93,0
reconquete:ideologiquement_coherent:15,reconquete,ideologiquement_coherent,0,false,-0.07,24,9.64,0
reconquete:ideologiquement_coherent:16,reconquete,ideologiquement_coherent,0,false,7.89,27,9.03,0
reconquete:ideologiquement_coherent:17,reconquete,ideologiquement_coherent,0,false,8.77,24,9.01,0
reconquete:ideologiquement_coherent:18,reconquete,ideologiquement_coherent,0,false,8.53,24,9.35,0
reconquete:ideologiquement_coherent:19,reconquete,ideologiquement_coherent,0,false,0.29,24,9.11,0
reconquete:ideologiquement_coherent:20,reconquete,ideologiquement_coherent,0,false,5.57,24,9.02,0
reconquete:ideologiquement_coherent:21,reconquete,ideologiquement_coherent,0,false,7.82,24,9.15,0
reconquete:ideologiquement_coherent:22,reconquete,ideologiquement_coherent,0,false,-0.33,24,8.89,0
reconquete:ideologiquement_coherent:23,reconquete,ideologiquement_coherent,0,false,0.18,24,9.03,0
reconquete:ideologiquement_coherent:24,reconquete,ideologiquement_coherent,0,false,-0.52,24,9.11,0
reconquete:ideologiquement_coherent:25,reconquete,ideologiquement_coherent,0,false,8.21,24,9.21,0
reconquete:ideologiquement_coherent:26,reconquete,ideologiquement_coherent,0,false,0.04,27,9.34,0
reconquete:ideologiquement_coherent:27,reconquete,ideologiquement_coherent,0,false,14.33,24,9.09,0
reconquete:ideologiquement_coherent:28,reconquete,ideologiquement_coherent,0,false,0.04,24,8.99,0
reconquete:ideologiquement_coherent:29,reconquete,ideologiquement_coherent,0,false,0.17,24,8.99,0
reconquete:ideologiquement_coherent:30,reconquete,ideologiquement_coherent,0,false,8.38,24,9.42,0
reconquete:ideologiquement_coherent:31,reconquete,ideologiquement_coherent,0,false,-0.3,24,8.98,0
reconquete:ideologiquement_coherent:32,reconquete,ideologiquement_coherent,0,false,5.84,24,9.08,0
reconquete:ideologiquement_coherent:33,reconquete,ideologiquement_coherent,0,false,7.88,24,9.15,0
reconquete:ideologiquement_coherent:34,reconquete,ideologiquement_coherent,0,false,8.21,24,9.18,0
reconquete:ideologiquement_coherent:35,reconquete,ideologiquement_coherent,0,false,8.5,24,9.26,0
reconquete:ideologiquement_coherent:36,reconquete,ideologiquement_coherent,0,false,0.27,24,9.25,0
reconquete:ideologiquement_coherent:37,reconquete,ideologiquement_coherent,0,false,-0.41,24,8.91,0
reconquete:ideologiquement_coherent:38,reconquete,ideologiquement_coherent,0,false,9.03,24,9.29,0
reconquete:ideologiquement_coherent:39,reconquete,ideologiquement_coherent,0,false,0.17,24,9.24,0
reconquete:ideologiquement_coherent:40,reconquete,ideologiquement_coherent,0,false,9.19,24,8.91,0
reconquete:ideologiquement_coherent:41,reconquete,ideologiquement_coherent,0,false,0.18,24,9.19,0
reconquete:ideologiquement_coherent:42,reconquete,ideologiquement_coherent,0,false,0.14,24,9.09,0
reconquete:ideologiquement_coherent:43,reconquete,ideologiquement_coherent,0,false,-0.54,24,9.05,0
reconquete:ideologiquement_coherent:44,reconquete,ideologiquement_coherent,0,false,-0.04,24,9,0
reconquete:ideologiquement_coherent:45,reconquete,ideologiquement_coherent,0,false,8.32,30,9,0
reconquete:ideologiquement_coherent:46,reconquete,ideologiquement_coherent,0,false,-0.32,24,9.02,0
reconquete:ideologiquement_coherent:47,reconquete,ideologiquement_coherent,0,false,20.44,0,44.81,46.08
reconquete:ideologiquement_coherent:48,reconquete,ideologiquement_coherent,0,false,10.33,24,8.96,0
reconquete:ideologiquement_coherent:49,reconquete,ideologiquement_coherent,0,false,5.92,24,8.99,0
reconquete:ideologiquement_coherent:50,reconquete,ideologiquement_coherent,0,false,0.05,24,9.05,0
reconquete:ideologiquement_coherent:51,reconquete,ideologiquement_coherent,0,false,5.97,24,8.94,0
reconquete:ideologiquement_coherent:52,reconquete,ideologiquement_coherent,0,false,0.2,24,9.06,0
reconquete:ideologiquement_coherent:53,reconquete,ideologiquement_coherent,0,false,0.12,24,9.08,0
reconquete:ideologiquement_coherent:54,reconquete,ideologiquement_coherent,1,false,1.54,24,9.99,0
reconquete:ideologiquement_coherent:55,reconquete,ideologiquement_coherent,0,false,0.19,24,9.28,0
reconquete:ideologiquement_coherent:56,reconquete,ideologiquement_coherent,0,false,6.58,24,9.15,0
reconquete:ideologiquement_coherent:57,reconquete,ideologiquement_coherent,0,false,-0.29,24,8.87,0
reconquete:ideologiquement_coherent:58,reconquete,ideologiquement_coherent,0,false,-0.03,24,8.83,0
reconquete:ideologiquement_coherent:59,reconquete,ideologiquement_coherent,0,false,8.64,24,9.09,0
reconquete:ideologiquement_coherent:60,reconquete,ideologiquement_coherent,0,false,0.01,24,9.02,0
reconquete:ideologiquement_coherent:61,reconquete,ideologiquement_coherent,0,false,-0.27,24,9.31,0
reconquete:ideologiquement_coherent:62,reconquete,ideologiquement_coherent,0,false,0.15,24,9.12,0
reconquete:ideologiquement_coherent:63,reconquete,ideologiquement_coherent,0,false,8.22,24,8.96,0
reconquete:ideologiquement_coherent:64,reconquete,ideologiquement_coherent,0,false,14.53,24,9.06,0
reconquete:ideologiquement_coherent:65,reconquete,ideologiquement_coherent,0,false,-0.26,24,9.13,0
reconquete:ideologiquement_coherent:66,reconquete,ideologiquement_coherent,0,false,9.17,24,9.11,0
reconquete:ideologiquement_coherent:67,reconquete,ideologiquement_coherent,0,false,0.64,24,10.1,0
reconquete:ideologiquement_coherent:68,reconquete,ideologiquement_coherent,0,false,0.13,24,9.15,0
reconquete:ideologiquement_coherent:69,reconquete,ideologiquement_coherent,0,false,-0.66,24,8.94,0
reconquete:ideologiquement_coherent:70,reconquete,ideologiquement_coherent,0,false,13.59,24,9.02,0
reconquete:ideologiquement_coherent:71,reconquete,ideologiquement_coherent,0,false,9.34,24,9.06,0
reconquete:ideologiquement_coherent:72,reconquete,ideologiquement_coherent,0,false,-0.28,24,9.08,0
reconquete:ideologiquement_coherent:73,reconquete,ideologiquement_coherent,0,false,-0.63,28,8.93,0
reconquete:ideologiquement_coherent:74,reconquete,ideologiquement_coherent,0,false,6.05,24,9.06,0
reconquete:ideologiquement_coherent:75,reconquete,ideologiquement_coherent,0,false,16.64,24,8.99,0
reconquete:ideologiquement_coherent:76,reconquete,ideologiquement_coherent,0,false,6.38,26,9.96,0
reconquete:ideologiquement_coherent:77,reconquete,ideologiquement_coherent,0,false,0.05,24,8.96,0
reconquete:ideologiquement_coherent:78,reconquete,ideologiquement_coherent,0,false,0.1,24,9.03,0
reconquete:ideologiquement_coherent:79,reconquete,ideologiquement_coherent,0,false,-0.07,27,8.92,0
reconquete:ideologiquement_coherent:80,reconquete,ideologiquement_coherent,0,false,8.08,24,9.02,0
reconquete:ideologiquement_coherent:81,reconquete,ideologiquement_coherent,0,false,8.22,24,8.86,0
reconquete:ideologiquement_coherent:82,reconquete,ideologiquement_coherent,0,false,-0.02,24,9.01,0
reconquete:ideologiquement_coherent:83,reconquete,ideologiquement_coherent,0,false,8.73,24,9.29,0
reconquete:ideologiquement_coherent:84,reconquete,ideologiquement_coherent,0,false,8.7,24,8.98,0
reconquete:ideologiquement_coherent:85,reconquete,ideologiquement_coherent,0,false,0.51,24,9.85,0
reconquete:ideologiquement_coherent:86,reconquete,ideologiquement_coherent,0,false,0.18,24,9.04,0
reconquete:ideologiquement_coherent:87,reconquete,ideologiquement_coherent,0,false,-0.1,24,8.96,0
reconquete:ideologiquement_coherent:88,reconquete,ideologiquement_coherent,0,false,7.6,24,8.88,0
reconquete:ideologiquement_coherent:89,reconquete,ideologiquement_coherent,0,false,-0.18,24,8.98,0
reconquete:ideologiquement_coherent:90,reconquete,ideologiquement_coherent,0,false,0.12,24,8.87,0
reconquete:ideologiquement_coherent:91,reconquete,ideologiquement_coherent,0,false,-0.36,24,8.89,0
reconquete:ideologiquement_coherent:92,reconquete,ideologiquement_coherent,0,false,9.09,24,8.91,0
reconquete:ideologiquement_coherent:93,reconquete,ideologiquement_coherent,0,false,6.22,24,9.45,0
reconquete:ideologiquement_coherent:94,reconquete,ideologiquement_coherent,0,false,0.42,24,9.12,0
reconquete:ideologiquement_coherent:95,reconquete,ideologiquement_coherent,0,false,-0.03,24,8.99,0
reconquete:ideologiquement_coherent:96,reconquete,ideologiquement_coherent,0,false,8.72,24,8.94,0
reconquete:ideologiquement_coherent:97,reconquete,ideologiquement_coherent,0,false,14.4,24,8.97,0
reconquete:ideologiquement_coherent:98,reconquete,ideologiquement_coherent,0,false,11.07,24,9.15,0
reconquete:ideologiquement_coherent:99,reconquete,ideologiquement_coherent,0,false,0.19,24,8.89,0
reconquete:ideologiquement_coherent:100,reconquete,ideologiquement_coherent,0,false,0.41,24,9.06,0
reconquete:ideologiquement_coherent:101,reconquete,ideologiquement_coherent,0,false,0.12,24,8.91,0
reconquete:ideologiquement_coherent:102,reconquete,ideologiquement_coherent,0,false,-0.12,24,9.03,0
reconquete:ideologiquement_coherent:103,reconquete,ideologiquement_coherent,0,false,8.13,24,8.88,0
reconquete:ideologiquement_coherent:104,reconquete,ideologiquement_coherent,0,false,0.66,24,9.49,0
reconquete:ideologiquement_coherent:105,reconquete,ideologiquement_coherent,0,false,0.52,24,9.65,0
reconquete:ideologiquement_coherent:106,reconquete,ideologiquement_coherent,0,false,6.04,24,9.17,0
reconquete:ideologiquement_coherent:107,reconquete,ideologiquement_coherent,0,false,8.17,24,8.97,0
reconquete:ideologiquement_coherent:108,reconquete,ideologiquement_coherent,0,false,9.54,24,9.32,0
reconquete:ideologiquement_coherent:109,reconquete,ideologiquement_coherent,0,false,-0.3,24,8.94,0
reconquete:ideologiquement_coherent:110,reconquete,ideologiquement_coherent,1,false,7.91,24,9.38,0
reconquete:ideologiquement_coherent:111,reconquete,ideologiquement_coherent,0,false,13.62,24,8.89,0
reconquete:ideologiquement_coherent:112,reconquete,ideologiquement_coherent,0,false,-0.45,24,8.97,0
reconquete:ideologiquement_coherent:113,reconquete,ideologiquement_coherent,0,false,0.04,28,9.11,0
reconquete:ideologiquement_coherent:114,reconquete,ideologiquement_coherent,0,false,5.67,24,9.04,0
reconquete:ideologiquement_coherent:115,reconquete,ideologiquement_coherent,0,false,9.15,24,8.91,0
reconquete:ideologiquement_coherent:116,reconquete,ideologiquement_coherent,0,false,-0.45,24,9.05,0
reconquete:ideologiquement_coherent:117,reconquete,ideologiquement_coherent,0,false,0.45,24,9.51,0
reconquete:ideologiquement_coherent:118,reconquete,ideologiquement_coherent,0,false,-0.42,24,8.95,0
reconquete:ideologiquement_coherent:119,reconquete,ideologiquement_coherent,0,false,9.04,24,8.92,0
reconquete:ideologiquement_coherent:120,reconquete,ideologiquement_coherent,0,false,-0.22,24,9.09,0
reconquete:ideologiquement_coherent:121,reconquete,ideologiquement_coherent,0,false,-0.49,24,8.93,0
reconquete:ideologiquement_coherent:122,reconquete,ideologiquement_coherent,0,false,9.16,24,8.96,0
reconquete:ideologiquement_coherent:123,reconquete,ideologiquement_coherent,0,false,5.96,24,9.06,0
reconquete:ideologiquement_coherent:124,reconquete,ideologiquement_coherent,0,false,8.34,24,9.27,0
reconquete:ideologiquement_coherent:125,reconquete,ideologiquement_coherent,0,false,0.44,24,9.16,0
reconquete:ideologiquement_coherent:126,reconquete,ideologiquement_coherent,0,false,0.22,24,9.04,0
reconquete:ideologiquement_coherent:127,reconquete,ideologiquement_coherent,0,false,8.18,25,8.98,0
reconquete:ideologiquement_coherent:128,reconquete,ideologiquement_coherent,0,false,0.64,24,9.03,0
reconquete:ideologiquement_coherent:129,reconquete,ideologiquement_coherent,0,false,8.17,24,9.01,0
reconquete:ideologiquement_coherent:130,reconquete,ideologiquement_coherent,0,false,0.11,24,9.09,0
reconquete:ideologiquement_coherent:131,reconquete,ideologiquement_coherent,0,false,5.93,24,8.91,0
reconquete:ideologiquement_coherent:132,reconquete,ideologiquement_coherent,0,false,8.19,24,8.98,0
reconquete:ideologiquement_coherent:133,reconquete,ideologiquement_coherent,0,false,6.31,24,9.04,0
reconquete:ideologiquement_coherent:134,reconquete,ideologiquement_coherent,0,false,-0.16,24,9.09,0
reconquete:ideologiquement_coherent:135,reconquete,ideologiquement_coherent,0,false,0.68,24,10.02,0
reconquete:ideologiquement_coherent:136,reconquete,ideologiquement_coherent,0,false,8.4,24,8.88,0
reconquete:ideologiquement_coherent:137,reconquete,ideologiquement_coherent,0,false,-0.3,24,8.99,0
reconquete:ideologiquement_coherent:138,reconquete,ideologiquement_coherent,0,false,9.58,24,8.92,0
reconquete:ideologiquement_coherent:139,reconquete,ideologiquement_coherent,0,false,7.1,24,8.98,0
reconquete:ideologiquement_coherent:140,reconquete,ideologiquement_coherent,0,false,7.65,24,8.87,0
reconquete:ideologiquement_coherent:141,reconquete,ideologiquement_coherent,0,false,-0.32,24,8.92,0
reconquete:ideologiquement_coherent:142,reconquete,ideologiquement_coherent,0,false,8.52,24,9.13,0
reconquete:ideologiquement_coherent:143,reconquete,ideologiquement_coherent,0,false,8.55,30,8.94,0
reconquete:ideologiquement_coherent:144,reconquete,ideologiquement_coherent,0,false,14.51,24,9.01,0
reconquete:ideologiquement_coherent:145,reconquete,ideologiquement_coherent,0,false,8.45,24,9.03,0
reconquete:ideologiquement_coherent:146,reconquete,ideologiquement_coherent,0,false,8.65,24,9.46,0
reconquete:ideologiquement_coherent:147,reconquete,ideologiquement_coherent,0,false,-0.64,24,9.02,0
reconquete:ideologiquement_coherent:148,reconquete,ideologiquement_coherent,0,false,7.94,24,8.94,0
reconquete:ideologiquement_coherent:149,reconquete,ideologiquement_coherent,0,false,8.77,24,9.19,0
reconquete:opportuniste_electoral:0,reconquete,opportuniste_electoral,0,false,6.03,24,8.9,0
reconquete:opportuniste_electoral:1,reconquete,opportuniste_electoral,0,false,0.22,24,8.96,0
reconquete:opportuniste_electoral:2,reconquete,opportuniste_electoral,0,false,-0.35,24,9,0
reconquete:opportuniste_electoral:3,reconquete,opportuniste_electoral,0,false,5.91,24,8.99,0
reconquete:opportuniste_electoral:4,reconquete,opportuniste_electoral,0,false,0.33,24,9.05,0
reconquete:opportuniste_electoral:5,reconquete,opportuniste_electoral,0,false,0.34,24,10.29,0
reconquete:opportuniste_electoral:6,reconquete,opportuniste_electoral,0,false,1.31,24,12.58,0
reconquete:opportuniste_electoral:7,reconquete,opportuniste_electoral,0,false,-0.14,24,9.19,0
reconquete:opportuniste_electoral:8,reconquete,opportuniste_electoral,0,false,5.68,24,9.02,0
reconquete:opportuniste_electoral:9,reconquete,opportuniste_electoral,0,false,8.86,24,8.97,0
reconquete:opportuniste_electoral:10,reconquete,opportuniste_electoral,0,false,0.15,24,9.1,0
reconquete:opportuniste_electoral:11,reconquete,opportuniste_electoral,0,false,13.45,24,9.37,0
reconquete:opportuniste_electoral:12,reconquete,opportuniste_electoral,0,false,0.21,24,9.48,0
reconquete:opportuniste_electoral:13,reconquete,opportuniste_electoral,0,false,-0.36,24,8.95,0
reconquete:opportuniste_electoral:14,reconquete,opportuniste_electoral,0,false,0.5,24,10.33,0
reconquete:opportuniste_electoral:15,reconquete,opportuniste_electoral,0,false,0.2,24,9.67,0
reconquete:opportuniste_electoral:16,reconquete,opportuniste_electoral,0,false,8.05,24,10.61,0
reconquete:opportuniste_electoral:17,reconquete,opportuniste_electoral,0,false,0.16,24,9.07,0
reconquete:opportuniste_electoral:18,reconquete,opportuniste_electoral,0,false,-0.37,24,8.99,0
reconquete:opportuniste_electoral:19,reconquete,opportuniste_electoral,0,false,8.73,24,9.76,0
reconquete:opportuniste_electoral:20,reconquete,opportuniste_electoral,0,false,0.14,24,9.07,0
reconquete:opportuniste_electoral:21,reconquete,opportuniste_electoral,0,false,7.38,24,9.38,0
reconquete:opportuniste_electoral:22,reconquete,opportuniste_electoral,0,false,0.06,24,9.63,0
reconquete:opportuniste_electoral:23,reconquete,opportuniste_electoral,0,false,14.86,24,9.78,0
reconquete:opportuniste_electoral:24,reconquete,opportuniste_electoral,0,false,13.27,24,9.47,0
reconquete:opportuniste_electoral:25,reconquete,opportuniste_electoral,0,false,7.49,24,8.96,0
reconquete:opportuniste_electoral:26,reconquete,opportuniste_electoral,0,false,5.61,24,9.02,0
reconquete:opportuniste_electoral:27,reconquete,opportuniste_electoral,0,false,5.76,24,9.08,0
reconquete:opportuniste_electoral:28,reconquete,opportuniste_electoral,0,false,-0.05,24,8.93,0
reconquete:opportuniste_electoral:29,reconquete,opportuniste_electoral,0,false,8.94,28,8.99,0
reconquete:opportuniste_electoral:30,reconquete,opportuniste_electoral,0,false,0.07,24,9.04,0
reconquete:opportuniste_electoral:31,reconquete,opportuniste_electoral,0,false,0.39,24,9.24,0
reconquete:opportuniste_electoral:32,reconquete,opportuniste_electoral,0,false,-0.38,24,9.17,0
reconquete:opportuniste_electoral:33,reconquete,opportuniste_electoral,0,false,0.55,24,9.85,0
reconquete:opportuniste_electoral:34,reconquete,opportuniste_electoral,0,false,0.08,24,9.58,0
reconquete:opportuniste_electoral:35,reconquete,opportuniste_electoral,0,false,-0.01,24,9.01,0
reconquete:opportuniste_electoral:36,reconquete,opportuniste_electoral,0,false,0.54,24,9.15,0
reconquete:opportuniste_electoral:37,reconquete,opportuniste_electoral,0,false,8.68,24,9.28,0
reconquete:opportuniste_electoral:38,reconquete,opportuniste_electoral,0,false,-0.05,24,9.11,0
reconquete:opportuniste_electoral:39,reconquete,opportuniste_electoral,0,false,8.73,24,10.62,0
reconquete:opportuniste_electoral:40,reconquete,opportuniste_electoral,0,false,0.27,24,9.47,0
reconquete:opportuniste_electoral:41,reconquete,opportuniste_electoral,0,false,9.29,24,9.11,0
reconquete:opportuniste_electoral:42,reconquete,opportuniste_electoral,0,false,8,24,9.09,0
reconquete:opportuniste_electoral:43,reconquete,opportuniste_electoral,0,false,15.49,24,9.12,0
reconquete:opportuniste_electoral:44,reconquete,opportuniste_electoral,0,false,8.79,24,9.89,0
reconquete:opportuniste_electoral:45,reconquete,opportuniste_electoral,0,false,14.44,24,8.97,0
reconquete:opportuniste_electoral:46,reconquete,opportuniste_electoral,0,false,9.84,28,9.08,0
reconquete:opportuniste_electoral:47,reconquete,opportuniste_electoral,0,false,14.59,24,9.01,0
reconquete:opportuniste_electoral:48,reconquete,opportuniste_electoral,0,false,8.5,24,9.02,0
reconquete:opportuniste_electoral:49,reconquete,opportuniste_electoral,0,false,-0.43,24,8.95,0
reconquete:opportuniste_electoral:50,reconquete,opportuniste_electoral,0,false,0.21,24,9.61,0
reconquete:opportuniste_electoral:51,reconquete,opportuniste_electoral,0,false,0.53,24,10.04,0
reconquete:opportuniste_electoral:52,reconquete,opportuniste_electoral,0,false,7.98,24,10.49,0
reconquete:opportuniste_electoral:53,reconquete,opportuniste_electoral,0,false,-0.24,24,8.83,0
reconquete:opportuniste_electoral:54,reconquete,opportuniste_electoral,1,false,1.75,24,11.28,0
reconquete:opportuniste_electoral:55,reconquete,opportuniste_electoral,0,false,8.03,24,9.14,0
reconquete:opportuniste_electoral:56,reconquete,opportuniste_electoral,0,false,0.1,24,9.45,0
reconquete:opportuniste_electoral:57,reconquete,opportuniste_electoral,0,false,-0.11,24,9.09,0
reconquete:opportuniste_electoral:58,reconquete,opportuniste_electoral,0,false,14.23,28,9.23,0
reconquete:opportuniste_electoral:59,reconquete,opportuniste_electoral,0,false,0.11,26,9.75,0
reconquete:opportuniste_electoral:60,reconquete,opportuniste_electoral,0,false,0.46,24,9.65,0
reconquete:opportuniste_electoral:61,reconquete,opportuniste_electoral,0,false,0.48,24,9.45,0
reconquete:opportuniste_electoral:62,reconquete,opportuniste_electoral,0,false,0.06,24,9.24,0
reconquete:opportuniste_electoral:63,reconquete,opportuniste_electoral,0,false,7.98,24,8.89,0
reconquete:opportuniste_electoral:64,reconquete,opportuniste_electoral,0,false,-0.3,24,9.05,0
reconquete:opportuniste_electoral:65,reconquete,opportuniste_electoral,0,false,7.29,24,8.94,0
reconquete:opportuniste_electoral:66,reconquete,opportuniste_electoral,0,false,-0.14,24,8.92,0
reconquete:opportuniste_electoral:67,reconquete,opportuniste_electoral,0,false,20.42,17,36.74,36.84
reconquete:opportuniste_electoral:68,reconquete,opportuniste_electoral,0,false,0.21,24,9.35,0
reconquete:opportuniste_electoral:69,reconquete,opportuniste_electoral,0,false,5.68,24,9.37,0
reconquete:opportuniste_electoral:70,reconquete,opportuniste_electoral,0,false,10.26,24,8.93,0
reconquete:opportuniste_electoral:71,reconquete,opportuniste_electoral,0,false,7.9,24,8.95,0
reconquete:opportuniste_electoral:72,reconquete,opportuniste_electoral,0,false,0.28,24,9.2,0
reconquete:opportuniste_electoral:73,reconquete,opportuniste_electoral,0,false,15.94,24,9.04,0
reconquete:opportuniste_electoral:74,reconquete,opportuniste_electoral,0,false,0.3,24,9.39,0
reconquete:opportuniste_electoral:75,reconquete,opportuniste_electoral,0,false,8.38,24,9.09,0
reconquete:opportuniste_electoral:76,reconquete,opportuniste_electoral,0,false,-0.27,24,9.05,0
reconquete:opportuniste_electoral:77,reconquete,opportuniste_electoral,0,false,-0.39,24,9.32,0
reconquete:opportuniste_electoral:78,reconquete,opportuniste_electoral,0,false,8.7,24,9,0
reconquete:opportuniste_electoral:79,reconquete,opportuniste_electoral,0,false,0.02,24,8.97,0
reconquete:opportuniste_electoral:80,reconquete,opportuniste_electoral,0,false,5.15,24,9.05,0
reconquete:opportuniste_electoral:81,reconquete,opportuniste_electoral,0,false,-0.01,24,9.63,0
reconquete:opportuniste_electoral:82,reconquete,opportuniste_electoral,0,false,-0.12,24,8.99,0
reconquete:opportuniste_electoral:83,reconquete,opportuniste_electoral,0,false,15.03,24,9.11,0
reconquete:opportuniste_electoral:84,reconquete,opportuniste_electoral,0,false,8.39,24,9.27,0
reconquete:opportuniste_electoral:85,reconquete,opportuniste_electoral,0,false,7.75,24,8.99,0
reconquete:opportuniste_electoral:86,reconquete,opportuniste_electoral,0,false,9.42,24,9.61,0
reconquete:opportuniste_electoral:87,reconquete,opportuniste_electoral,0,false,0.12,24,9.08,0
reconquete:opportuniste_electoral:88,reconquete,opportuniste_electoral,0,false,7.48,24,9.01,0
reconquete:opportuniste_electoral:89,reconquete,opportuniste_electoral,0,false,9.4,24,9.16,0
reconquete:opportuniste_electoral:90,reconquete,opportuniste_electoral,0,false,8.53,24,9.17,0
reconquete:opportuniste_electoral:91,reconquete,opportuniste_electoral,0,false,9.19,24,9.05,0
reconquete:opportuniste_electoral:92,reconquete,opportuniste_electoral,0,false,-0.04,24,8.95,0
reconquete:opportuniste_electoral:93,reconquete,opportuniste_electoral,0,false,9.21,24,9.02,0
reconquete:opportuniste_electoral:94,reconquete,opportuniste_electoral,0,false,-0.19,24,9.05,0
reconquete:opportuniste_electoral:95,reconquete,opportuniste_electoral,0,false,8.89,24,9.13,0
reconquete:opportuniste_electoral:96,reconquete,opportuniste_electoral,0,false,7.86,24,9.02,0
reconquete:opportuniste_electoral:97,reconquete,opportuniste_electoral,0,false,-0.33,24,8.97,0
reconquete:opportuniste_electoral:98,reconquete,opportuniste_electoral,0,false,0,24,9.06,0
reconquete:opportuniste_electoral:99,reconquete,opportuniste_electoral,0,false,0.2,24,9.04,0
reconquete:opportuniste_electoral:100,reconquete,opportuniste_electoral,0,false,8.8,24,9.83,0
reconquete:opportuniste_electoral:101,reconquete,opportuniste_electoral,0,false,0.33,24,9.07,0
reconquete:opportuniste_electoral:102,reconquete,opportuniste_electoral,0,false,5.85,24,9.11,0
reconquete:opportuniste_electoral:103,reconquete,opportuniste_electoral,0,false,-0.03,24,9.29,0
reconquete:opportuniste_electoral:104,reconquete,opportuniste_electoral,0,false,9.89,24,9.03,0
reconquete:opportuniste_electoral:105,reconquete,opportuniste_electoral,0,false,6.07,24,9.03,0
reconquete:opportuniste_electoral:106,reconquete,opportuniste_electoral,0,false,-0.1,24,8.91,0
reconquete:opportuniste_electoral:107,reconquete,opportuniste_electoral,0,false,8.77,24,8.97,0
reconquete:opportuniste_electoral:108,reconquete,opportuniste_electoral,0,false,14.13,24,8.95,0
reconquete:opportuniste_electoral:109,reconquete,opportuniste_electoral,0,false,6.1,24,9.08,0
reconquete:opportuniste_electoral:110,reconquete,opportuniste_electoral,0,false,14.03,24,9.12,0
reconquete:opportuniste_electoral:111,reconquete,opportuniste_electoral,0,false,10.68,24,8.93,0
reconquete:opportuniste_electoral:112,reconquete,opportuniste_electoral,0,false,-0.14,24,8.98,0
reconquete:opportuniste_electoral:113,reconquete,opportuniste_electoral,0,false,-0.25,24,9.05,0
reconquete:opportuniste_electoral:114,reconquete,opportuniste_electoral,0,false,8.68,24,9,0
reconquete:opportuniste_electoral:115,reconquete,opportuniste_electoral,0,false,5.86,24,8.97,0
reconquete:opportuniste_electoral:116,reconquete,opportuniste_electoral,0,false,6.32,24,9.07,0
reconquete:opportuniste_electoral:117,reconquete,opportuniste_electoral,0,false,5.76,24,9.18,0
reconquete:opportuniste_electoral:118,reconquete,opportuniste_electoral,0,false,7.85,24,9.01,0
reconquete:opportuniste_electoral:119,reconquete,opportuniste_electoral,0,false,13.7,24,8.81,0
reconquete:opportuniste_electoral:120,reconquete,opportuniste_electoral,0,false,0.32,24,9.01,0
reconquete:opportuniste_electoral:121,reconquete,opportuniste_electoral,0,false,7.81,24,8.94,0
reconquete:opportuniste_electoral:122,reconquete,opportuniste_electoral,0,false,0.47,24,9.76,0
reconquete:opportuniste_electoral:123,reconquete,opportuniste_electoral,0,false,5.92,24,8.93,0
reconquete:opportuniste_electoral:124,reconquete,opportuniste_electoral,0,false,8.48,30,9.06,0
reconquete:opportuniste_electoral:125,reconquete,opportuniste_electoral,0,false,-0.18,24,9.09,0
reconquete:opportuniste_electoral:126,reconquete,opportuniste_electoral,0,false,6.58,24,9.06,0
reconquete:opportuniste_electoral:127,reconquete,opportuniste_electoral,0,false,0.35,24,9.04,0
reconquete:opportuniste_electoral:128,reconquete,opportuniste_electoral,0,false,13.59,24,9.09,0
reconquete:opportuniste_electoral:129,reconquete,opportuniste_electoral,0,false,6.3,24,10.41,0
reconquete:opportuniste_electoral:130,reconquete,opportuniste_electoral,0,false,7.47,24,8.93,0
reconquete:opportuniste_electoral:131,reconquete,opportuniste_electoral,0,false,0.42,24,9.89,0
reconquete:opportuniste_electoral:132,reconquete,opportuniste_electoral,0,false,8.48,24,9.34,0
reconquete:opportuniste_electoral:133,reconquete,opportuniste_electoral,0,false,14.29,24,9.05,0
reconquete:opportuniste_electoral:134,reconquete,opportuniste_electoral,0,false,5.73,24,9,0
reconquete:opportuniste_electoral:135,reconquete,opportuniste_electoral,0,false,8.58,24,9.43,0
reconquete:opportuniste_electoral:136,reconquete,opportuniste_electoral,0,false,-0.33,24,8.97,0
reconquete:opportuniste_electoral:137,reconquete,opportuniste_electoral,0,false,8.38,30,9.06,0
reconquete:opportuniste_electoral:138,reconquete,opportuniste_electoral,0,false,8,24,8.95,0
reconquete:opportuniste_electoral:139,reconquete,opportuniste_electoral,0,false,0.45,24,9.66,0
reconquete:opportuniste_electoral:140,reconquete,opportuniste_electoral,0,false,0.45,24,10.27,0
reconquete:opportuniste_electoral:141,reconquete,opportuniste_electoral,0,false,14.8,24,9.02,0
reconquete:opportuniste_electoral:142,reconquete,opportuniste_electoral,0,false,7.37,24,8.98,0
reconquete:opportuniste_electoral:143,reconquete,opportuniste_electoral,0,false,14.26,24,9.08,0
reconquete:opportuniste_electoral:144,reconquete,opportuniste_electoral,0,false,8.09,24,9.09,0
reconquete:opportuniste_electoral:145,reconquete,opportuniste_electoral,0,false,0.3,24,9.12,0
reconquete:opportuniste_electoral:146,reconquete,opportuniste_electoral,0,false,-0.22,24,9.02,0
reconquete:opportuniste_electoral:147,reconquete,opportuniste_electoral,0,false,13.77,24,9.03,0
reconquete:opportuniste_electoral:148,reconquete,opportuniste_electoral,0,false,0.15,24,8.96,0
reconquete:opportuniste_electoral:149,reconquete,opportuniste_electoral,0,false,8.79,24,9.16,0
reconquete:parti_dabord:0,reconquete,parti_dabord,0,false,20.27,0,43.95,44.65
reconquete:parti_dabord:1,reconquete,parti_dabord,0,false,0.09,24,9.13,0
reconquete:parti_dabord:2,reconquete,parti_dabord,0,false,9.05,24,9.32,0
reconquete:parti_dabord:3,reconquete,parti_dabord,0,false,0,24,8.91,0
reconquete:parti_dabord:4,reconquete,parti_dabord,0,false,7.88,24,9.04,0
reconquete:parti_dabord:5,reconquete,parti_dabord,0,false,9.13,24,9.08,0
reconquete:parti_dabord:6,reconquete,parti_dabord,0,false,-0.11,24,9.46,0
reconquete:parti_dabord:7,reconquete,parti_dabord,0,false,-0.15,24,9.02,0
reconquete:parti_dabord:8,reconquete,parti_dabord,0,false,0,24,8.91,0
reconquete:parti_dabord:9,reconquete,parti_dabord,0,false,9.19,24,9.04,0
reconquete:parti_dabord:10,reconquete,parti_dabord,0,false,6.01,24,9.02,0
reconquete:parti_dabord:11,reconquete,parti_dabord,0,false,-0.19,26,8.97,0
reconquete:parti_dabord:12,reconquete,parti_dabord,0,false,7.51,24,9.13,0
reconquete:parti_dabord:13,reconquete,parti_dabord,0,false,-0.26,24,9.05,0
reconquete:parti_dabord:14,reconquete,parti_dabord,0,false,8.19,24,10.27,0
reconquete:parti_dabord:15,reconquete,parti_dabord,0,false,0.21,24,9.19,0
reconquete:parti_dabord:16,reconquete,parti_dabord,0,false,-0.17,24,8.96,0
reconquete:parti_dabord:17,reconquete,parti_dabord,0,false,7.45,24,9.52,0
reconquete:parti_dabord:18,reconquete,parti_dabord,0,false,0.32,24,9.36,0
reconquete:parti_dabord:19,reconquete,parti_dabord,0,false,-0.08,24,8.98,0
reconquete:parti_dabord:20,reconquete,parti_dabord,0,false,0.37,24,9.03,0
reconquete:parti_dabord:21,reconquete,parti_dabord,0,false,-0.26,24,8.92,0
reconquete:parti_dabord:22,reconquete,parti_dabord,0,false,8.25,24,9.9,0
reconquete:parti_dabord:23,reconquete,parti_dabord,0,false,6.12,24,9.18,0
reconquete:parti_dabord:24,reconquete,parti_dabord,0,false,15.21,24,8.94,0
reconquete:parti_dabord:25,reconquete,parti_dabord,0,false,7.8,24,8.99,0
reconquete:parti_dabord:26,reconquete,parti_dabord,0,false,-0.61,24,9.02,0
reconquete:parti_dabord:27,reconquete,parti_dabord,0,false,0.03,24,9.03,0
reconquete:parti_dabord:28,reconquete,parti_dabord,0,false,8.71,24,10.95,0
reconquete:parti_dabord:29,reconquete,parti_dabord,0,false,6.92,24,9.08,0
reconquete:parti_dabord:30,reconquete,parti_dabord,0,false,8.8,24,10.79,0
reconquete:parti_dabord:31,reconquete,parti_dabord,0,false,8.44,24,8.84,0
reconquete:parti_dabord:32,reconquete,parti_dabord,0,false,8.55,24,8.96,0
reconquete:parti_dabord:33,reconquete,parti_dabord,0,false,7.91,24,10.27,0
reconquete:parti_dabord:34,reconquete,parti_dabord,0,false,6.28,24,9.1,0
reconquete:parti_dabord:35,reconquete,parti_dabord,0,false,-0.42,24,9.06,0
reconquete:parti_dabord:36,reconquete,parti_dabord,0,false,-0.53,24,8.95,0
reconquete:parti_dabord:37,reconquete,parti_dabord,0,false,-0.13,24,9.14,0
reconquete:parti_dabord:38,reconquete,parti_dabord,0,false,0.45,24,9.35,0
reconquete:parti_dabord:39,reconquete,parti_dabord,0,false,-0.15,24,9.03,0
reconquete:parti_dabord:40,reconquete,parti_dabord,0,false,5.76,24,9.07,0
reconquete:parti_dabord:41,reconquete,parti_dabord,0,false,0.45,24,9.58,0
reconquete:parti_dabord:42,reconquete,parti_dabord,0,false,9.34,24,11.22,0
reconquete:parti_dabord:43,reconquete,parti_dabord,0,false,0.08,24,10.04,0
reconquete:parti_dabord:44,reconquete,parti_dabord,0,false,8.46,24,9.33,0
reconquete:parti_dabord:45,reconquete,parti_dabord,0,false,-0.33,24,9.03,0
reconquete:parti_dabord:46,reconquete,parti_dabord,0,false,0.11,24,9.15,0
reconquete:parti_dabord:47,reconquete,parti_dabord,0,false,13.95,24,9.36,0
reconquete:parti_dabord:48,reconquete,parti_dabord,0,false,7.74,24,9.27,0
reconquete:parti_dabord:49,reconquete,parti_dabord,0,false,8.76,24,9.14,0
reconquete:parti_dabord:50,reconquete,parti_dabord,0,false,0.02,24,8.91,0
reconquete:parti_dabord:51,reconquete,parti_dabord,0,false,6.02,24,8.96,0
reconquete:parti_dabord:52,reconquete,parti_dabord,0,false,-0.28,24,9.05,0
reconquete:parti_dabord:53,reconquete,parti_dabord,0,false,-0.5,24,8.96,0
reconquete:parti_dabord:54,reconquete,parti_dabord,0,false,0.5,24,9.16,0
reconquete:parti_dabord:55,reconquete,parti_dabord,0,false,14.24,24,9.43,0
reconquete:parti_dabord:56,reconquete,parti_dabord,0,false,-0.19,24,8.92,0
reconquete:parti_dabord:57,reconquete,parti_dabord,0,false,14.36,24,9.06,0
reconquete:parti_dabord:58,reconquete,parti_dabord,0,false,-0.09,24,9.1,0
reconquete:parti_dabord:59,reconquete,parti_dabord,0,false,0.68,24,11.98,0
reconquete:parti_dabord:60,reconquete,parti_dabord,0,false,8.65,26,8.94,0
reconquete:parti_dabord:61,reconquete,parti_dabord,0,false,7.93,24,9.11,0
reconquete:parti_dabord:62,reconquete,parti_dabord,0,false,0.24,24,9.88,0
reconquete:parti_dabord:63,reconquete,parti_dabord,0,false,8.66,24,8.97,0
reconquete:parti_dabord:64,reconquete,parti_dabord,0,false,8.41,24,10.7,0
reconquete:parti_dabord:65,reconquete,parti_dabord,0,false,8.13,24,9.02,0
reconquete:parti_dabord:66,reconquete,parti_dabord,0,false,-0.36,24,9.05,0
reconquete:parti_dabord:67,reconquete,parti_dabord,0,false,0.21,24,9.13,0
reconquete:parti_dabord:68,reconquete,parti_dabord,0,false,14.58,24,9.21,0
reconquete:parti_dabord:69,reconquete,parti_dabord,0,false,0.12,24,8.81,0
reconquete:parti_dabord:70,reconquete,parti_dabord,0,false,0.08,24,8.94,0
reconquete:parti_dabord:71,reconquete,parti_dabord,0,false,8.76,24,9.06,0
reconquete:parti_dabord:72,reconquete,parti_dabord,0,false,9.35,24,9.1,0
reconquete:parti_dabord:73,reconquete,parti_dabord,0,false,8.52,24,8.93,0
reconquete:parti_dabord:74,reconquete,parti_dabord,0,false,0.4,24,9.55,0
reconquete:parti_dabord:75,reconquete,parti_dabord,0,false,6.28,24,9.09,0
reconquete:parti_dabord:76,reconquete,parti_dabord,0,false,1.02,24,11.55,0
reconquete:parti_dabord:77,reconquete,parti_dabord,0,false,7.88,24,8.96,0
reconquete:parti_dabord:78,reconquete,parti_dabord,0,false,0.16,24,9.72,0
reconquete:parti_dabord:79,reconquete,parti_dabord,0,false,5.81,24,8.97,0
reconquete:parti_dabord:80,reconquete,parti_dabord,0,false,7.88,24,9.21,0
reconquete:parti_dabord:81,reconquete,parti_dabord,0,false,0,24,8.84,0
reconquete:parti_dabord:82,reconquete,parti_dabord,0,false,8.85,24,9.63,0
reconquete:parti_dabord:83,reconquete,parti_dabord,0,false,8.54,24,10.54,0
reconquete:parti_dabord:84,reconquete,parti_dabord,0,false,-0.02,24,9.01,0
reconquete:parti_dabord:85,reconquete,parti_dabord,0,false,-0.14,24,9.06,0
reconquete:parti_dabord:86,reconquete,parti_dabord,0,false,-0.12,24,9.12,0
reconquete:parti_dabord:87,reconquete,parti_dabord,0,false,-0.14,24,9.17,0
reconquete:parti_dabord:88,reconquete,parti_dabord,0,false,8.95,24,9.14,0
reconquete:parti_dabord:89,reconquete,parti_dabord,0,false,9.66,24,8.92,0
reconquete:parti_dabord:90,reconquete,parti_dabord,0,false,0.23,24,9.32,0
reconquete:parti_dabord:91,reconquete,parti_dabord,0,false,0.14,24,8.97,0
reconquete:parti_dabord:92,reconquete,parti_dabord,0,false,5.53,24,9.16,0
reconquete:parti_dabord:93,reconquete,parti_dabord,0,false,6.85,24,8.89,0
reconquete:parti_dabord:94,reconquete,parti_dabord,0,false,-0.24,24,9.13,0
reconquete:parti_dabord:95,reconquete,parti_dabord,0,false,-0.22,24,9.01,0
reconquete:parti_dabord:96,reconquete,parti_dabord,0,false,8.3,24,9.14,0
reconquete:parti_dabord:97,reconquete,parti_dabord,0,false,0.48,24,9.31,0
reconquete:parti_dabord:98,reconquete,parti_dabord,0,false,0.21,24,9.23,0
reconquete:parti_dabord:99,reconquete,parti_dabord,0,false,8.54,24,11.23,0
reconquete:parti_dabord:100,reconquete,parti_dabord,0,false,7.41,24,9.21,0
reconquete:parti_dabord:101,reconquete,parti_dabord,0,false,6.1,24,9.46,0
reconquete:parti_dabord:102,reconquete,parti_dabord,0,false,0.05,24,9.16,0
reconquete:parti_dabord:103,reconquete,parti_dabord,0,false,5.9,24,9.04,0
reconquete:parti_dabord:104,reconquete,parti_dabord,0,false,-0.38,24,8.96,0
reconquete:parti_dabord:105,reconquete,parti_dabord,0,false,8.27,24,9.05,0
reconquete:parti_dabord:106,reconquete,parti_dabord,0,false,6.03,24,8.99,0
reconquete:parti_dabord:107,reconquete,parti_dabord,0,false,8.77,24,8.87,0
reconquete:parti_dabord:108,reconquete,parti_dabord,0,false,0.92,24,10.88,0
reconquete:parti_dabord:109,reconquete,parti_dabord,0,false,13.58,24,8.93,0
reconquete:parti_dabord:110,reconquete,parti_dabord,0,false,9.64,24,10.23,0
reconquete:parti_dabord:111,reconquete,parti_dabord,0,false,5.74,24,9.06,0
reconquete:parti_dabord:112,reconquete,parti_dabord,0,false,7.02,24,8.96,0
reconquete:parti_dabord:113,reconquete,parti_dabord,0,false,9.24,24,9.86,0
reconquete:parti_dabord:114,reconquete,parti_dabord,0,false,9.52,24,9.25,0
reconquete:parti_dabord:115,reconquete,parti_dabord,0,false,7.76,24,8.96,0
reconquete:parti_dabord:116,reconquete,parti_dabord,0,false,7.86,24,8.94,0
reconquete:parti_dabord:117,reconquete,parti_dabord,0,false,-0.15,26,8.99,0
reconquete:parti_dabord:118,reconquete,parti_dabord,0,false,8.78,24,9.19,0
reconquete:parti_dabord:119,reconquete,parti_dabord,0,false,-0.56,24,8.95,0
reconquete:parti_dabord:120,reconquete,parti_dabord,0,false,6.73,24,9.21,0
reconquete:parti_dabord:121,reconquete,parti_dabord,0,false,0.35,24,8.98,0
reconquete:parti_dabord:122,reconquete,parti_dabord,0,false,10.15,24,9.01,0
reconquete:parti_dabord:123,reconquete,parti_dabord,0,false,7.94,24,9.01,0
reconquete:parti_dabord:124,reconquete,parti_dabord,0,false,7.69,24,8.91,0
reconquete:parti_dabord:125,reconquete,parti_dabord,0,false,9.03,24,9.17,0
reconquete:parti_dabord:126,reconquete,parti_dabord,0,false,8.55,24,9.06,0
reconquete:parti_dabord:127,reconquete,parti_dabord,0,false,8.54,24,9.23,0
reconquete:parti_dabord:128,reconquete,parti_dabord,0,false,0.53,24,10.17,0
reconquete:parti_dabord:129,reconquete,parti_dabord,0,false,7.6,24,9.01,0
reconquete:parti_dabord:130,reconquete,parti_dabord,0,false,6.86,24,10.88,0
reconquete:parti_dabord:131,reconquete,parti_dabord,0,false,0.06,24,9.08,0
reconquete:parti_dabord:132,reconquete,parti_dabord,0,false,9.46,24,9.01,0
reconquete:parti_dabord:133,reconquete,parti_dabord,0,false,8.07,24,8.86,0
reconquete:parti_dabord:134,reconquete,parti_dabord,0,false,8.62,24,9.28,0
reconquete:parti_dabord:135,reconquete,parti_dabord,0,false,-0.24,24,9.4,0
reconquete:parti_dabord:136,reconquete,parti_dabord,0,false,-0.18,24,8.92,0
reconquete:parti_dabord:137,reconquete,parti_dabord,0,false,10.16,24,10.45,0
reconquete:parti_dabord:138,reconquete,parti_dabord,0,false,14.92,24,9.08,0
reconquete:parti_dabord:139,reconquete,parti_dabord,0,false,9.37,24,9.16,0
reconquete:parti_dabord:140,reconquete,parti_dabord,0,false,6.12,24,9.17,0
reconquete:parti_dabord:141,reconquete,parti_dabord,0,false,14.32,24,9.1,0
reconquete:parti_dabord:142,reconquete,parti_dabord,0,false,-0.26,24,9.23,0
reconquete:parti_dabord:143,reconquete,parti_dabord,0,false,-0.17,24,8.97,0
reconquete:parti_dabord:144,reconquete,parti_dabord,0,false,-0.04,24,9.05,0
reconquete:parti_dabord:145,reconquete,parti_dabord,0,false,-0.23,24,8.86,0
reconquete:parti_dabord:146,reconquete,parti_dabord,0,false,5.94,24,8.9,0
reconquete:parti_dabord:147,reconquete,parti_dabord,0,false,7.87,24,9.12,0
reconquete:parti_dabord:148,reconquete,parti_dabord,0,false,7.86,24,9.02,0
reconquete:parti_dabord:149,reconquete,parti_dabord,0,false,0.01,24,9.03,0
reconquete:mediatique:0,reconquete,mediatique,0,false,7.99,24,8.89,0
reconquete:mediatique:1,reconquete,mediatique,0,false,0.11,24,9.07,0
reconquete:mediatique:2,reconquete,mediatique,0,false,8.01,24,8.98,0
reconquete:mediatique:3,reconquete,mediatique,0,false,0.04,24,9.64,0
reconquete:mediatique:4,reconquete,mediatique,0,false,8.83,24,9.12,0
reconquete:mediatique:5,reconquete,mediatique,0,false,20.62,2,44.75,45.15
reconquete:mediatique:6,reconquete,mediatique,0,false,-0.15,24,9.04,0
reconquete:mediatique:7,reconquete,mediatique,0,false,-0.03,24,9.05,0
reconquete:mediatique:8,reconquete,mediatique,0,false,8.84,24,9.03,0
reconquete:mediatique:9,reconquete,mediatique,0,false,-0.27,24,9.19,0
reconquete:mediatique:10,reconquete,mediatique,0,false,0.5,24,9.73,0
reconquete:mediatique:11,reconquete,mediatique,0,false,0.09,24,9.12,0
reconquete:mediatique:12,reconquete,mediatique,0,false,0.47,24,10.3,0
reconquete:mediatique:13,reconquete,mediatique,0,false,13.74,24,8.97,0
reconquete:mediatique:14,reconquete,mediatique,0,false,0.39,24,10,0
reconquete:mediatique:15,reconquete,mediatique,0,false,5.72,24,8.89,0
reconquete:mediatique:16,reconquete,mediatique,0,false,7.47,24,9.27,0
reconquete:mediatique:17,reconquete,mediatique,0,false,7.69,24,9.01,0
reconquete:mediatique:18,reconquete,mediatique,0,false,0.59,24,10.05,0
reconquete:mediatique:19,reconquete,mediatique,0,false,8.8,24,10.44,0
reconquete:mediatique:20,reconquete,mediatique,0,false,-0.54,24,9,0
reconquete:mediatique:21,reconquete,mediatique,0,false,6.6,24,11.07,0
reconquete:mediatique:22,reconquete,mediatique,0,false,7.68,24,9.03,0
reconquete:mediatique:23,reconquete,mediatique,0,false,0.01,24,9.09,0
reconquete:mediatique:24,reconquete,mediatique,0,false,7.22,24,8.88,0
reconquete:mediatique:25,reconquete,mediatique,0,false,0.19,24,8.99,0
reconquete:mediatique:26,reconquete,mediatique,0,false,0.04,24,9.02,0
reconquete:mediatique:27,reconquete,mediatique,0,false,13.73,24,9.11,0
reconquete:mediatique:28,reconquete,mediatique,0,false,-0.05,24,8.96,0
reconquete:mediatique:29,reconquete,mediatique,0,false,14.21,24,9.19,0
reconquete:mediatique:30,reconquete,mediatique,0,false,7.09,24,8.99,0
reconquete:mediatique:31,reconquete,mediatique,0,false,9.69,24,9.25,0
reconquete:mediatique:32,reconquete,mediatique,0,false,-0.03,24,9.1,0
reconquete:mediatique:33,reconquete,mediatique,0,false,0.14,24,8.98,0
reconquete:mediatique:34,reconquete,mediatique,0,false,-0.55,24,9.03,0
reconquete:mediatique:35,reconquete,mediatique,0,false,0.2,24,9.35,0
reconquete:mediatique:36,reconquete,mediatique,0,false,0.63,24,9.88,0
reconquete:mediatique:37,reconquete,mediatique,0,false,14.63,24,9.11,0
reconquete:mediatique:38,reconquete,mediatique,0,false,9.08,24,9.22,0
reconquete:mediatique:39,reconquete,mediatique,0,false,6.13,24,9.06,0
reconquete:mediatique:40,reconquete,mediatique,0,false,0.38,24,10.36,0
reconquete:mediatique:41,reconquete,mediatique,0,false,0.13,24,9.33,0
reconquete:mediatique:42,reconquete,mediatique,0,false,8.08,24,9.13,0
reconquete:mediatique:43,reconquete,mediatique,0,false,0.23,24,8.85,0
reconquete:mediatique:44,reconquete,mediatique,0,false,0.27,24,9.1,0
reconquete:mediatique:45,reconquete,mediatique,0,false,15.35,24,9.23,0
reconquete:mediatique:46,reconquete,mediatique,0,false,0.27,24,9.57,0
reconquete:mediatique:47,reconquete,mediatique,0,false,-0.22,24,9.03,0
reconquete:mediatique:48,reconquete,mediatique,0,false,7.68,24,9.13,0
reconquete:mediatique:49,reconquete,mediatique,0,false,0,24,9.22,0
reconquete:mediatique:50,reconquete,mediatique,0,false,8.33,24,9.45,0
reconquete:mediatique:51,reconquete,mediatique,0,false,0.28,24,9.32,0
reconquete:mediatique:52,reconquete,mediatique,0,false,8.06,24,9.11,0
reconquete:mediatique:53,reconquete,mediatique,0,false,0.46,24,9.05,0
reconquete:mediatique:54,reconquete,mediatique,0,false,-0.3,24,9.06,0
reconquete:mediatique:55,reconquete,mediatique,0,false,0.45,24,10.61,0
reconquete:mediatique:56,reconquete,mediatique,0,false,8.05,24,8.89,0
reconquete:mediatique:57,reconquete,mediatique,0,false,0.33,24,9.09,0
reconquete:mediatique:58,reconquete,mediatique,0,false,-0.33,24,9.07,0
reconquete:mediatique:59,reconquete,mediatique,0,false,14.46,24,9.02,0
reconquete:mediatique:60,reconquete,mediatique,0,false,8.36,24,9.22,0
reconquete:mediatique:61,reconquete,mediatique,0,false,5.94,24,8.81,0
reconquete:mediatique:62,reconquete,mediatique,0,false,-0.12,24,9.05,0
reconquete:mediatique:63,reconquete,mediatique,0,false,0.64,24,9.86,0
reconquete:mediatique:64,reconquete,mediatique,0,false,-0.06,24,8.98,0
reconquete:mediatique:65,reconquete,mediatique,0,false,0.41,24,10.07,0
reconquete:mediatique:66,reconquete,mediatique,0,false,-0.37,24,9.03,0
reconquete:mediatique:67,reconquete,mediatique,0,false,16.17,27,9.05,0
reconquete:mediatique:68,reconquete,mediatique,0,false,9.42,24,9.75,0
reconquete:mediatique:69,reconquete,mediatique,0,false,7.92,24,10.34,0
reconquete:mediatique:70,reconquete,mediatique,0,false,8.35,24,9.39,0
reconquete:mediatique:71,reconquete,mediatique,0,false,8.13,24,9.07,0
reconquete:mediatique:72,reconquete,mediatique,0,false,14.16,24,9.03,0
reconquete:mediatique:73,reconquete,mediatique,0,false,0.11,24,9.41,0
reconquete:mediatique:74,reconquete,mediatique,0,false,7.5,24,8.96,0
reconquete:mediatique:75,reconquete,mediatique,0,false,8.81,24,9.04,0
reconquete:mediatique:76,reconquete,mediatique,0,false,-0.17,24,9.04,0
reconquete:mediatique:77,reconquete,mediatique,0,false,-0.16,24,8.96,0
reconquete:mediatique:78,reconquete,mediatique,0,false,-0.02,24,9.18,0
reconquete:mediatique:79,reconquete,mediatique,0,false,0.56,24,9.29,0
reconquete:mediatique:80,reconquete,mediatique,0,false,0.15,24,9.41,0
reconquete:mediatique:81,reconquete,mediatique,0,false,8.7,24,8.91,0
reconquete:mediatique:82,reconquete,mediatique,0,false,0.5,24,9.79,0
reconquete:mediatique:83,reconquete,mediatique,0,false,0.43,24,9.01,0
reconquete:mediatique:84,reconquete,mediatique,0,false,6.32,24,9.57,0
reconquete:mediatique:85,reconquete,mediatique,0,false,8.39,24,9.11,0
reconquete:mediatique:86,reconquete,mediatique,0,false,0.16,24,9.34,0
reconquete:mediatique:87,reconquete,mediatique,0,false,7.78,24,9.86,0
reconquete:mediatique:88,reconquete,mediatique,0,false,8.17,24,9.11,0
reconquete:mediatique:89,reconquete,mediatique,0,false,-0.63,24,8.88,0
reconquete:mediatique:90,reconquete,mediatique,0,false,-0.09,24,9,0
reconquete:mediatique:91,reconquete,mediatique,0,false,0.4,24,9.79,0
reconquete:mediatique:92,reconquete,mediatique,0,false,0.34,24,9.21,0
reconquete:mediatique:93,reconquete,mediatique,0,false,5.62,24,8.88,0
reconquete:mediatique:94,reconquete,mediatique,0,false,14.42,24,9.08,0
reconquete:mediatique:95,reconquete,mediatique,0,false,0.05,24,9.36,0
reconquete:mediatique:96,reconquete,mediatique,0,false,0.01,24,9.21,0
reconquete:mediatique:97,reconquete,mediatique,0,false,0.23,24,8.97,0
reconquete:mediatique:98,reconquete,mediatique,0,false,-0.11,24,8.88,0
reconquete:mediatique:99,reconquete,mediatique,0,false,0.17,24,8.94,0
reconquete:mediatique:100,reconquete,mediatique,0,false,0.11,24,8.95,0
reconquete:mediatique:101,reconquete,mediatique,0,false,8.25,24,9.1,0
reconquete:mediatique:102,reconquete,mediatique,0,false,6.16,24,9.57,0
reconquete:mediatique:103,reconquete,mediatique,0,false,0.13,24,9.16,0
reconquete:mediatique:104,reconquete,mediatique,0,false,0.09,24,9.01,0
reconquete:mediatique:105,reconquete,mediatique,0,false,7.91,24,8.94,0
reconquete:mediatique:106,reconquete,mediatique,0,false,0.08,24,9.21,0
reconquete:mediatique:107,reconquete,mediatique,0,false,-0.27,24,9.02,0
reconquete:mediatique:108,reconquete,mediatique,0,false,9.49,24,9.65,0
reconquete:mediatique:109,reconquete,mediatique,0,false,8.51,24,9.07,0
reconquete:mediatique:110,reconquete,mediatique,0,false,0.2,24,9.88,0
reconquete:mediatique:111,reconquete,mediatique,0,false,5.88,24,9.2,0
reconquete:mediatique:112,reconquete,mediatique,0,false,-0.59,24,9.3,0
reconquete:mediatique:113,reconquete,mediatique,0,false,-0.46,24,8.86,0
reconquete:mediatique:114,reconquete,mediatique,0,false,-0.12,24,8.95,0
reconquete:mediatique:115,reconquete,mediatique,0,false,15,24,9.13,0
reconquete:mediatique:116,reconquete,mediatique,0,false,0.1,24,9.36,0
reconquete:mediatique:117,reconquete,mediatique,0,false,-0.1,24,9.34,0
reconquete:mediatique:118,reconquete,mediatique,0,false,8.56,24,8.95,0
reconquete:mediatique:119,reconquete,mediatique,0,false,0.48,24,9.89,0
reconquete:mediatique:120,reconquete,mediatique,0,false,-0.18,24,8.89,0
reconquete:mediatique:121,reconquete,mediatique,0,false,5.7,24,9.09,0
reconquete:mediatique:122,reconquete,mediatique,0,false,5.43,24,8.98,0
reconquete:mediatique:123,reconquete,mediatique,0,false,20.36,1,38.9,39.26
reconquete:mediatique:124,reconquete,mediatique,0,false,6.19,24,9.09,0
reconquete:mediatique:125,reconquete,mediatique,0,false,6.52,24,10.92,0
reconquete:mediatique:126,reconquete,mediatique,0,false,9.12,24,10.27,0
reconquete:mediatique:127,reconquete,mediatique,1,false,1.23,24,11.05,0
reconquete:mediatique:128,reconquete,mediatique,0,false,8.11,24,9.1,0
reconquete:mediatique:129,reconquete,mediatique,0,false,-0.06,24,9.04,0
reconquete:mediatique:130,reconquete,mediatique,0,false,8.26,24,8.94,0
reconquete:mediatique:131,reconquete,mediatique,0,false,14.21,24,9.7,0
reconquete:mediatique:132,reconquete,mediatique,0,false,0.44,24,9.19,0
reconquete:mediatique:133,reconquete,mediatique,0,false,0.41,24,10.1,0
reconquete:mediatique:134,reconquete,mediatique,0,false,10.1,24,9.29,0
reconquete:mediatique:135,reconquete,mediatique,0,false,14.32,24,8.97,0
reconquete:mediatique:136,reconquete,mediatique,0,false,8.44,24,9.14,0
reconquete:mediatique:137,reconquete,mediatique,0,false,8.69,24,9.17,0
reconquete:mediatique:138,reconquete,mediatique,0,false,6.61,24,9.58,0
reconquete:mediatique:139,reconquete,mediatique,0,false,0.73,24,10.06,0
reconquete:mediatique:140,reconquete,mediatique,0,false,6.33,24,9.4,0
reconquete:mediatique:141,reconquete,mediatique,0,false,-0.33,24,8.95,0
reconquete:mediatique:142,reconquete,mediatique,0,false,0.16,24,9.11,0
reconquete:mediatique:143,reconquete,mediatique,0,false,8.5,24,9.61,0
reconquete:mediatique:144,reconquete,mediatique,0,false,6,24,9.37,0
reconquete:mediatique:145,reconquete,mediatique,0,false,8.78,24,9.6,0
reconquete:mediatique:146,reconquete,mediatique,0,false,20.86,0,47.13,47.7
reconquete:mediatique:147,reconquete,mediatique,0,false,5.94,24,9.26,0
reconquete:mediatique:148,reconquete,mediatique,0,false,7.86,24,9.52,0
reconquete:mediatique:149,reconquete,mediatique,0,false,0.14,24,9.08,0
reconquete:contrarien:0,reconquete,contrarien,0,false,0.14,24,9.27,0
reconquete:contrarien:1,reconquete,contrarien,0,false,-0.06,24,9.11,0
reconquete:contrarien:2,reconquete,contrarien,0,false,-0.39,24,9.16,0
reconquete:contrarien:3,reconquete,contrarien,0,false,13.98,24,8.99,0
reconquete:contrarien:4,reconquete,contrarien,0,false,13.9,24,8.99,0
reconquete:contrarien:5,reconquete,contrarien,0,false,5.79,24,9.23,0
reconquete:contrarien:6,reconquete,contrarien,0,false,-0.29,24,9.01,0
reconquete:contrarien:7,reconquete,contrarien,0,false,0.38,24,9.94,0
reconquete:contrarien:8,reconquete,contrarien,0,false,7.57,24,8.88,0
reconquete:contrarien:9,reconquete,contrarien,0,false,8.16,24,9.41,0
reconquete:contrarien:10,reconquete,contrarien,0,false,14.47,24,9.61,0
reconquete:contrarien:11,reconquete,contrarien,0,false,-0.05,24,8.96,0
reconquete:contrarien:12,reconquete,contrarien,0,false,-0.2,24,9.05,0
reconquete:contrarien:13,reconquete,contrarien,0,false,-0.04,24,9.35,0
reconquete:contrarien:14,reconquete,contrarien,0,false,13.33,24,9.21,0
reconquete:contrarien:15,reconquete,contrarien,0,false,0.44,24,10.89,0
reconquete:contrarien:16,reconquete,contrarien,0,false,-0.13,24,8.99,0
reconquete:contrarien:17,reconquete,contrarien,0,false,8.59,24,9.47,0
reconquete:contrarien:18,reconquete,contrarien,0,false,-0.04,24,8.99,0
reconquete:contrarien:19,reconquete,contrarien,0,false,0.16,24,8.96,0
reconquete:contrarien:20,reconquete,contrarien,0,false,8.78,24,9.72,0
reconquete:contrarien:21,reconquete,contrarien,0,false,14.5,24,8.91,0
reconquete:contrarien:22,reconquete,contrarien,0,false,8.47,24,9.42,0
reconquete:contrarien:23,reconquete,contrarien,0,false,-0.06,24,9.27,0
reconquete:contrarien:24,reconquete,contrarien,0,false,5.76,24,9.07,0
reconquete:contrarien:25,reconquete,contrarien,0,false,-0.35,24,9.26,0
reconquete:contrarien:26,reconquete,contrarien,0,false,-0.48,24,8.9,0
reconquete:contrarien:27,reconquete,contrarien,0,false,14.05,24,9.35,0
reconquete:contrarien:28,reconquete,contrarien,0,false,-0.09,24,9.03,0
reconquete:contrarien:29,reconquete,contrarien,0,false,0.36,24,9.92,0
reconquete:contrarien:30,reconquete,contrarien,0,false,-0.17,24,8.87,0
reconquete:contrarien:31,reconquete,contrarien,0,false,0.35,24,9.06,0
reconquete:contrarien:32,reconquete,contrarien,0,false,6.61,24,9.61,0
reconquete:contrarien:33,reconquete,contrarien,0,false,-0.47,24,9,0
reconquete:contrarien:34,reconquete,contrarien,0,false,-0.24,24,8.92,0
reconquete:contrarien:35,reconquete,contrarien,0,false,0.32,24,9.04,0
reconquete:contrarien:36,reconquete,contrarien,0,false,0.13,24,8.97,0
reconquete:contrarien:37,reconquete,contrarien,0,false,5.76,24,9.12,0
reconquete:contrarien:38,reconquete,contrarien,0,false,8.51,24,9.69,0
reconquete:contrarien:39,reconquete,contrarien,0,false,6.48,24,9.94,0
reconquete:contrarien:40,reconquete,contrarien,0,false,0.65,24,9.59,0
reconquete:contrarien:41,reconquete,contrarien,0,false,9.35,24,9.73,0
reconquete:contrarien:42,reconquete,contrarien,0,false,15.32,24,9.4,0
reconquete:contrarien:43,reconquete,contrarien,0,false,8.26,24,8.97,0
reconquete:contrarien:44,reconquete,contrarien,0,false,-0.02,24,9.93,0
reconquete:contrarien:45,reconquete,contrarien,0,false,5.11,24,9.09,0
reconquete:contrarien:46,reconquete,contrarien,0,false,13.87,24,8.98,0
reconquete:contrarien:47,reconquete,contrarien,0,false,6.32,24,9.16,0
reconquete:contrarien:48,reconquete,contrarien,0,false,-0.13,24,9.09,0
reconquete:contrarien:49,reconquete,contrarien,0,false,8.11,24,8.99,0
reconquete:contrarien:50,reconquete,contrarien,0,false,-0.09,24,9.47,0
reconquete:contrarien:51,reconquete,contrarien,0,false,8.18,24,8.93,0
reconquete:contrarien:52,reconquete,contrarien,0,false,0.11,24,9.19,0
reconquete:contrarien:53,reconquete,contrarien,0,false,5.8,24,9.24,0
reconquete:contrarien:54,reconquete,contrarien,0,false,10.99,24,9.53,0
reconquete:contrarien:55,reconquete,contrarien,0,false,0.3,24,9.07,0
reconquete:contrarien:56,reconquete,contrarien,0,false,9.15,24,9.61,0
reconquete:contrarien:57,reconquete,contrarien,0,false,-0.35,24,9.02,0
reconquete:contrarien:58,reconquete,contrarien,0,false,8.39,24,9.19,0
reconquete:contrarien:59,reconquete,contrarien,0,false,0.04,24,9.48,0
reconquete:contrarien:60,reconquete,contrarien,0,false,-0.36,24,9.02,0
reconquete:contrarien:61,reconquete,contrarien,0,false,7.27,24,8.96,0
reconquete:contrarien:62,reconquete,contrarien,0,false,0.51,24,10.27,0
reconquete:contrarien:63,reconquete,contrarien,0,false,8.26,24,9.06,0
reconquete:contrarien:64,reconquete,contrarien,0,false,8.19,24,9,0
reconquete:contrarien:65,reconquete,contrarien,0,false,0.02,24,9.29,0
reconquete:contrarien:66,reconquete,contrarien,0,false,-0.15,24,9.01,0
reconquete:contrarien:67,reconquete,contrarien,0,false,-0.08,24,8.89,0
reconquete:contrarien:68,reconquete,contrarien,0,false,8.05,24,10.73,0
reconquete:contrarien:69,reconquete,contrarien,0,false,8.08,24,9.01,0
reconquete:contrarien:70,reconquete,contrarien,0,false,6.03,24,9.08,0
reconquete:contrarien:71,reconquete,contrarien,0,false,8.23,24,8.8,0
reconquete:contrarien:72,reconquete,contrarien,0,false,-0.02,24,9.16,0
reconquete:contrarien:73,reconquete,contrarien,0,false,8.74,24,9.24,0
reconquete:contrarien:74,reconquete,contrarien,0,false,16.42,24,9.03,0
reconquete:contrarien:75,reconquete,contrarien,0,false,9.43,24,9.12,0
reconquete:contrarien:76,reconquete,contrarien,0,false,0.08,24,9.01,0
reconquete:contrarien:77,reconquete,contrarien,0,false,5.6,24,9.11,0
reconquete:contrarien:78,reconquete,contrarien,0,false,0.19,24,9.1,0
reconquete:contrarien:79,reconquete,contrarien,0,false,-0.52,24,9,0
reconquete:contrarien:80,reconquete,contrarien,0,false,0.01,24,9.61,0
reconquete:contrarien:81,reconquete,contrarien,0,false,20.14,2,47.57,47.68
reconquete:contrarien:82,reconquete,contrarien,0,false,9.47,24,9.29,0
reconquete:contrarien:83,reconquete,contrarien,0,false,8.06,24,9.07,0
reconquete:contrarien:84,reconquete,contrarien,0,false,-0.11,24,9.29,0
reconquete:contrarien:85,reconquete,contrarien,0,false,8.96,24,10.2,0
reconquete:contrarien:86,reconquete,contrarien,0,false,0.12,24,9.21,0
reconquete:contrarien:87,reconquete,contrarien,0,false,-0.13,24,9.09,0
reconquete:contrarien:88,reconquete,contrarien,0,false,8.76,24,9.68,0
reconquete:contrarien:89,reconquete,contrarien,0,false,0.5,24,9.38,0
reconquete:contrarien:90,reconquete,contrarien,0,false,8.37,24,9.44,0
reconquete:contrarien:91,reconquete,contrarien,0,false,8.92,24,11.1,0
reconquete:contrarien:92,reconquete,contrarien,0,false,0.06,24,9.71,0
reconquete:contrarien:93,reconquete,contrarien,0,false,-0.34,24,8.99,0
reconquete:contrarien:94,reconquete,contrarien,0,false,0.19,24,8.92,0
reconquete:contrarien:95,reconquete,contrarien,0,false,-0.02,24,9.19,0
reconquete:contrarien:96,reconquete,contrarien,0,false,8.49,24,9.31,0
reconquete:contrarien:97,reconquete,contrarien,0,false,0.2,24,9.16,0
reconquete:contrarien:98,reconquete,contrarien,0,false,0.26,24,10.67,0
reconquete:contrarien:99,reconquete,contrarien,0,false,9.06,24,9.88,0
reconquete:contrarien:100,reconquete,contrarien,0,false,0.22,24,9.27,0
reconquete:contrarien:101,reconquete,contrarien,1,false,8.64,24,8.89,0
reconquete:contrarien:102,reconquete,contrarien,0,false,7.76,24,9.29,0
reconquete:contrarien:103,reconquete,contrarien,0,false,0.15,24,9.23,0
reconquete:contrarien:104,reconquete,contrarien,0,false,7.42,24,8.96,0
reconquete:contrarien:105,reconquete,contrarien,0,false,0.07,24,9.4,0
reconquete:contrarien:106,reconquete,contrarien,0,false,0.33,24,9.53,0
reconquete:contrarien:107,reconquete,contrarien,0,false,-0.45,24,9.26,0
reconquete:contrarien:108,reconquete,contrarien,0,false,0.39,24,9.88,0
reconquete:contrarien:109,reconquete,contrarien,0,false,14.74,24,9.28,0
reconquete:contrarien:110,reconquete,contrarien,0,false,-0.13,24,9.1,0
reconquete:contrarien:111,reconquete,contrarien,0,false,9,24,9.1,0
reconquete:contrarien:112,reconquete,contrarien,0,false,-0.64,24,8.96,0
reconquete:contrarien:113,reconquete,contrarien,0,false,8.22,24,9,0
reconquete:contrarien:114,reconquete,contrarien,0,false,5.96,24,8.96,0
reconquete:contrarien:115,reconquete,contrarien,0,false,7.58,24,9.2,0
reconquete:contrarien:116,reconquete,contrarien,0,false,13.47,24,9.05,0
reconquete:contrarien:117,reconquete,contrarien,0,false,7.71,24,9.11,0
reconquete:contrarien:118,reconquete,contrarien,0,false,8.87,24,9.45,0
reconquete:contrarien:119,reconquete,contrarien,0,false,0.43,24,9.97,0
reconquete:contrarien:120,reconquete,contrarien,0,false,-0.15,24,8.89,0
reconquete:contrarien:121,reconquete,contrarien,0,false,7.95,24,9.07,0
reconquete:contrarien:122,reconquete,contrarien,0,false,0.05,24,9.15,0
reconquete:contrarien:123,reconquete,contrarien,0,false,-0.1,24,9.16,0
reconquete:contrarien:124,reconquete,contrarien,0,false,10.54,24,9.13,0
reconquete:contrarien:125,reconquete,contrarien,0,false,-0.26,24,8.97,0
reconquete:contrarien:126,reconquete,contrarien,0,false,8.85,24,9.63,0
reconquete:contrarien:127,reconquete,contrarien,0,false,0.07,24,8.92,0
reconquete:contrarien:128,reconquete,contrarien,0,false,0.01,24,9.65,0
reconquete:contrarien:129,reconquete,contrarien,0,false,-0.2,24,9.04,0
reconquete:contrarien:130,reconquete,contrarien,0,false,8.75,24,9.03,0
reconquete:contrarien:131,reconquete,contrarien,0,false,5.48,24,8.96,0
reconquete:contrarien:132,reconquete,contrarien,0,false,0.42,24,10.21,0
reconquete:contrarien:133,reconquete,contrarien,0,false,-0.21,24,8.97,0
reconquete:contrarien:134,reconquete,contrarien,0,false,5.61,24,8.87,0
reconquete:contrarien:135,reconquete,contrarien,1,false,-0.05,24,10.38,0
reconquete:contrarien:136,reconquete,contrarien,0,false,17.64,24,9.36,0
reconquete:contrarien:137,reconquete,contrarien,0,false,9.65,24,9.15,0
reconquete:contrarien:138,reconquete,contrarien,0,false,13.42,24,9.02,0
reconquete:contrarien:139,reconquete,contrarien,0,false,8.12,24,9.03,0
reconquete:contrarien:140,reconquete,contrarien,0,false,20.58,0,42.85,42.92
reconquete:contrarien:141,reconquete,contrarien,0,false,6.1,24,9.02,0
reconquete:contrarien:142,reconquete,contrarien,0,false,8.66,24,10.91,0
reconquete:contrarien:143,reconquete,contrarien,0,false,-0.22,24,9.08,0
reconquete:contrarien:144,reconquete,contrarien,0,false,0.3,24,9.61,0
reconquete:contrarien:145,reconquete,contrarien,0,false,-0.15,24,8.98,0
reconquete:contrarien:146,reconquete,contrarien,0,false,-0.03,24,9.03,0
reconquete:contrarien:147,reconquete,contrarien,0,false,-0.04,24,9.08,0
reconquete:contrarien:148,reconquete,contrarien,0,false,14.49,24,9.21,0
reconquete:contrarien:149,reconquete,contrarien,0,false,-0.3,24,9.04,0
nouvelle_energie:aleatoire:0,nouvelle_energie,aleatoire,0,false,-0.13,27,8.91,0
nouvelle_energie:aleatoire:1,nouvelle_energie,aleatoire,0,false,-0.03,24,9.09,0
nouvelle_energie:aleatoire:2,nouvelle_energie,aleatoire,1,false,-0.18,26,8.97,0
nouvelle_energie:aleatoire:3,nouvelle_energie,aleatoire,0,false,-0.05,28,8.97,0
nouvelle_energie:aleatoire:4,nouvelle_energie,aleatoire,0,false,0.08,24,9.02,0
nouvelle_energie:aleatoire:5,nouvelle_energie,aleatoire,0,false,-0.36,27,9.01,0
nouvelle_energie:aleatoire:6,nouvelle_energie,aleatoire,0,false,0.46,30,9.72,0
nouvelle_energie:aleatoire:7,nouvelle_energie,aleatoire,0,false,6.17,24,8.82,0
nouvelle_energie:aleatoire:8,nouvelle_energie,aleatoire,0,false,-0.04,27,9.03,0
nouvelle_energie:aleatoire:9,nouvelle_energie,aleatoire,0,false,-0.33,24,9.1,0
nouvelle_energie:aleatoire:10,nouvelle_energie,aleatoire,0,false,0.32,24,8.89,0
nouvelle_energie:aleatoire:11,nouvelle_energie,aleatoire,0,false,5.97,26,8.87,0
nouvelle_energie:aleatoire:12,nouvelle_energie,aleatoire,1,false,0.42,24,9.22,0
nouvelle_energie:aleatoire:13,nouvelle_energie,aleatoire,0,false,0.27,24,9.14,0
nouvelle_energie:aleatoire:14,nouvelle_energie,aleatoire,0,false,0.38,29,9.04,0
nouvelle_energie:aleatoire:15,nouvelle_energie,aleatoire,0,false,0.06,24,9.07,0
nouvelle_energie:aleatoire:16,nouvelle_energie,aleatoire,1,false,5.95,24,9.14,0
nouvelle_energie:aleatoire:17,nouvelle_energie,aleatoire,0,false,0.82,26,11.6,0
nouvelle_energie:aleatoire:18,nouvelle_energie,aleatoire,1,false,0.27,27,9.42,0
nouvelle_energie:aleatoire:19,nouvelle_energie,aleatoire,0,false,-0.39,27,8.88,0
nouvelle_energie:aleatoire:20,nouvelle_energie,aleatoire,0,false,0.33,24,8.87,0
nouvelle_energie:aleatoire:21,nouvelle_energie,aleatoire,1,false,0.09,24,9.08,0
nouvelle_energie:aleatoire:22,nouvelle_energie,aleatoire,0,false,9.22,24,8.96,0
nouvelle_energie:aleatoire:23,nouvelle_energie,aleatoire,0,false,6.07,29,9.02,0
nouvelle_energie:aleatoire:24,nouvelle_energie,aleatoire,0,false,-0.3,26,9,0
nouvelle_energie:aleatoire:25,nouvelle_energie,aleatoire,0,false,-0.38,24,9.07,0
nouvelle_energie:aleatoire:26,nouvelle_energie,aleatoire,0,false,-0.31,24,9.05,0
nouvelle_energie:aleatoire:27,nouvelle_energie,aleatoire,1,false,-0.13,29,8.86,0
nouvelle_energie:aleatoire:28,nouvelle_energie,aleatoire,1,false,6.56,28,9.01,0
nouvelle_energie:aleatoire:29,nouvelle_energie,aleatoire,0,false,7.43,27,8.99,0
nouvelle_energie:aleatoire:30,nouvelle_energie,aleatoire,0,false,7.32,25,9.15,0
nouvelle_energie:aleatoire:31,nouvelle_energie,aleatoire,0,false,-0.02,27,8.96,0
nouvelle_energie:aleatoire:32,nouvelle_energie,aleatoire,0,false,0.35,24,8.79,0
nouvelle_energie:aleatoire:33,nouvelle_energie,aleatoire,0,false,-0.24,26,9.06,0
nouvelle_energie:aleatoire:34,nouvelle_energie,aleatoire,0,false,8.78,24,9.1,0
nouvelle_energie:aleatoire:35,nouvelle_energie,aleatoire,0,false,7.6,24,9.14,0
nouvelle_energie:aleatoire:36,nouvelle_energie,aleatoire,1,false,0.2,24,9.74,0
nouvelle_energie:aleatoire:37,nouvelle_energie,aleatoire,0,false,-0.05,24,8.86,0
nouvelle_energie:aleatoire:38,nouvelle_energie,aleatoire,1,false,-0.07,27,8.91,0
nouvelle_energie:aleatoire:39,nouvelle_energie,aleatoire,0,false,0.8,24,10.81,0
nouvelle_energie:aleatoire:40,nouvelle_energie,aleatoire,0,false,5.99,26,8.97,0
nouvelle_energie:aleatoire:41,nouvelle_energie,aleatoire,0,false,-0.1,24,9,0
nouvelle_energie:aleatoire:42,nouvelle_energie,aleatoire,0,false,5.81,30,8.92,0
nouvelle_energie:aleatoire:43,nouvelle_energie,aleatoire,0,false,0.6,24,9.63,0
nouvelle_energie:aleatoire:44,nouvelle_energie,aleatoire,0,false,0.05,27,8.94,0
nouvelle_energie:aleatoire:45,nouvelle_energie,aleatoire,0,false,0.21,27,9.2,0
nouvelle_energie:aleatoire:46,nouvelle_energie,aleatoire,0,false,0.45,24,9.73,0
nouvelle_energie:aleatoire:47,nouvelle_energie,aleatoire,0,false,-0.03,24,9.04,0
nouvelle_energie:aleatoire:48,nouvelle_energie,aleatoire,0,false,0.15,24,8.96,0
nouvelle_energie:aleatoire:49,nouvelle_energie,aleatoire,1,false,6.12,24,8.96,0
nouvelle_energie:aleatoire:50,nouvelle_energie,aleatoire,0,false,0.19,24,9.78,0
nouvelle_energie:aleatoire:51,nouvelle_energie,aleatoire,0,false,5.84,24,8.8,0
nouvelle_energie:aleatoire:52,nouvelle_energie,aleatoire,0,false,5.89,26,8.92,0
nouvelle_energie:aleatoire:53,nouvelle_energie,aleatoire,1,false,0.55,24,8.96,0
nouvelle_energie:aleatoire:54,nouvelle_energie,aleatoire,0,false,-0.27,24,9.07,0
nouvelle_energie:aleatoire:55,nouvelle_energie,aleatoire,0,false,-0.3,30,8.93,0
nouvelle_energie:aleatoire:56,nouvelle_energie,aleatoire,0,false,0.2,24,9.02,0
nouvelle_energie:aleatoire:57,nouvelle_energie,aleatoire,1,false,5.83,24,8.87,0
nouvelle_energie:aleatoire:58,nouvelle_energie,aleatoire,1,false,0.23,26,9.66,0
nouvelle_energie:aleatoire:59,nouvelle_energie,aleatoire,0,false,-0.15,24,8.94,0
nouvelle_energie:aleatoire:60,nouvelle_energie,aleatoire,1,false,-0.21,24,9.04,0
nouvelle_energie:aleatoire:61,nouvelle_energie,aleatoire,0,false,-0.35,24,8.97,0
nouvelle_energie:aleatoire:62,nouvelle_energie,aleatoire,0,false,-0.07,24,8.95,0
nouvelle_energie:aleatoire:63,nouvelle_energie,aleatoire,0,false,0,24,8.93,0
nouvelle_energie:aleatoire:64,nouvelle_energie,aleatoire,1,false,-0.44,28,8.96,0
nouvelle_energie:aleatoire:65,nouvelle_energie,aleatoire,0,false,6.25,26,9.13,0
nouvelle_energie:aleatoire:66,nouvelle_energie,aleatoire,0,false,0.37,24,9.68,0
nouvelle_energie:aleatoire:67,nouvelle_energie,aleatoire,1,false,0.42,24,9.25,0
nouvelle_energie:aleatoire:68,nouvelle_energie,aleatoire,0,false,0.21,27,9.63,0
nouvelle_energie:aleatoire:69,nouvelle_energie,aleatoire,0,false,-0.03,24,9.26,0
nouvelle_energie:aleatoire:70,nouvelle_energie,aleatoire,0,false,5.94,24,9.03,0
nouvelle_energie:aleatoire:71,nouvelle_energie,aleatoire,1,false,1.1,24,9.21,0
nouvelle_energie:aleatoire:72,nouvelle_energie,aleatoire,0,false,-0.92,28,9.54,0
nouvelle_energie:aleatoire:73,nouvelle_energie,aleatoire,0,false,8.35,24,9.5,0
nouvelle_energie:aleatoire:74,nouvelle_energie,aleatoire,0,false,0.48,30,9.78,0
nouvelle_energie:aleatoire:75,nouvelle_energie,aleatoire,0,false,0.18,24,8.98,0
nouvelle_energie:aleatoire:76,nouvelle_energie,aleatoire,0,false,0.16,24,9.36,0
nouvelle_energie:aleatoire:77,nouvelle_energie,aleatoire,0,false,-0.42,24,8.97,0
nouvelle_energie:aleatoire:78,nouvelle_energie,aleatoire,0,false,6.11,24,9,0
nouvelle_energie:aleatoire:79,nouvelle_energie,aleatoire,1,false,5.99,24,8.98,0
nouvelle_energie:aleatoire:80,nouvelle_energie,aleatoire,0,false,-0.08,26,9.67,0
nouvelle_energie:aleatoire:81,nouvelle_energie,aleatoire,0,false,5.82,24,8.85,0
nouvelle_energie:aleatoire:82,nouvelle_energie,aleatoire,0,false,0.27,27,9.06,0
nouvelle_energie:aleatoire:83,nouvelle_energie,aleatoire,0,false,-0.03,24,8.96,0
nouvelle_energie:aleatoire:84,nouvelle_energie,aleatoire,1,false,5.96,24,9.02,0
nouvelle_energie:aleatoire:85,nouvelle_energie,aleatoire,1,false,-0.15,24,9.03,0
nouvelle_energie:aleatoire:86,nouvelle_energie,aleatoire,0,false,-0.23,24,9.01,0
nouvelle_energie:aleatoire:87,nouvelle_energie,aleatoire,1,false,8.79,25,10.08,0
nouvelle_energie:aleatoire:88,nouvelle_energie,aleatoire,0,false,8.08,24,9.09,0
nouvelle_energie:aleatoire:89,nouvelle_energie,aleatoire,0,false,-0.15,27,8.95,0
nouvelle_energie:aleatoire:90,nouvelle_energie,aleatoire,1,false,5.78,26,8.9,0
nouvelle_energie:aleatoire:91,nouvelle_energie,aleatoire,0,false,-0.2,24,8.99,0
nouvelle_energie:aleatoire:92,nouvelle_energie,aleatoire,0,false,0.21,28,9.65,0
nouvelle_energie:aleatoire:93,nouvelle_energie,aleatoire,0,false,0.22,28,9.06,0
nouvelle_energie:aleatoire:94,nouvelle_energie,aleatoire,0,false,0.11,24,9.31,0
nouvelle_energie:aleatoire:95,nouvelle_energie,aleatoire,0,false,0.17,24,9.09,0
nouvelle_energie:aleatoire:96,nouvelle_energie,aleatoire,0,false,8.9,24,9.42,0
nouvelle_energie:aleatoire:97,nouvelle_energie,aleatoire,0,false,5.81,24,8.9,0
nouvelle_energie:aleatoire:98,nouvelle_energie,aleatoire,1,false,20.88,0,46.59,45.99
nouvelle_energie:aleatoire:99,nouvelle_energie,aleatoire,0,false,0.19,24,9.29,0
nouvelle_energie:aleatoire:100,nouvelle_energie,aleatoire,0,false,0.36,24,8.99,0
nouvelle_energie:aleatoire:101,nouvelle_energie,aleatoire,0,false,0.96,26,10.36,0
nouvelle_energie:aleatoire:102,nouvelle_energie,aleatoire,0,false,5.01,29,8.97,0
nouvelle_energie:aleatoire:103,nouvelle_energie,aleatoire,0,false,-0.07,24,9.1,0
nouvelle_energie:aleatoire:104,nouvelle_energie,aleatoire,0,false,0.36,24,9.03,0
nouvelle_energie:aleatoire:105,nouvelle_energie,aleatoire,0,false,5.66,27,9.01,0
nouvelle_energie:aleatoire:106,nouvelle_energie,aleatoire,0,false,-0.18,24,8.93,0
nouvelle_energie:aleatoire:107,nouvelle_energie,aleatoire,1,false,0.41,28,10.07,0
nouvelle_energie:aleatoire:108,nouvelle_energie,aleatoire,0,false,0.23,24,9.08,0
nouvelle_energie:aleatoire:109,nouvelle_energie,aleatoire,0,false,5.78,24,8.92,0
nouvelle_energie:aleatoire:110,nouvelle_energie,aleatoire,0,false,-0.44,24,8.97,0
nouvelle_energie:aleatoire:111,nouvelle_energie,aleatoire,0,false,0.73,28,10.82,0
nouvelle_energie:aleatoire:112,nouvelle_energie,aleatoire,0,false,0.26,24,9.55,0
nouvelle_energie:aleatoire:113,nouvelle_energie,aleatoire,0,false,7.68,24,9.13,0
nouvelle_energie:aleatoire:114,nouvelle_energie,aleatoire,0,false,0.03,24,8.88,0
nouvelle_energie:aleatoire:115,nouvelle_energie,aleatoire,0,false,0.05,26,9.51,0
nouvelle_energie:aleatoire:116,nouvelle_energie,aleatoire,0,false,0.45,24,8.99,0
nouvelle_energie:aleatoire:117,nouvelle_energie,aleatoire,0,false,-0.64,29,8.82,0
nouvelle_energie:aleatoire:118,nouvelle_energie,aleatoire,0,false,0.26,24,8.98,0
nouvelle_energie:aleatoire:119,nouvelle_energie,aleatoire,0,false,0.6,24,9.29,0
nouvelle_energie:aleatoire:120,nouvelle_energie,aleatoire,1,false,5.92,24,8.97,0
nouvelle_energie:aleatoire:121,nouvelle_energie,aleatoire,1,false,6.46,27,9.63,0
nouvelle_energie:aleatoire:122,nouvelle_energie,aleatoire,0,false,5.26,27,8.86,0
nouvelle_energie:aleatoire:123,nouvelle_energie,aleatoire,0,false,-0.2,24,9.06,0
nouvelle_energie:aleatoire:124,nouvelle_energie,aleatoire,0,false,0.37,24,8.85,0
nouvelle_energie:aleatoire:125,nouvelle_energie,aleatoire,0,false,0.05,24,9.04,0
nouvelle_energie:aleatoire:126,nouvelle_energie,aleatoire,1,false,-0.23,24,8.99,0
nouvelle_energie:aleatoire:127,nouvelle_energie,aleatoire,0,false,6.98,25,8.97,0
nouvelle_energie:aleatoire:128,nouvelle_energie,aleatoire,0,false,0.03,30,9.14,0
nouvelle_energie:aleatoire:129,nouvelle_energie,aleatoire,0,false,-0.14,24,9.06,0
nouvelle_energie:aleatoire:130,nouvelle_energie,aleatoire,0,false,0.26,24,9.04,0
nouvelle_energie:aleatoire:131,nouvelle_energie,aleatoire,0,false,-0.17,26,9.06,0
nouvelle_energie:aleatoire:132,nouvelle_energie,aleatoire,0,false,0.17,24,9.25,0
nouvelle_energie:aleatoire:133,nouvelle_energie,aleatoire,0,false,-0.08,24,8.98,0
nouvelle_energie:aleatoire:134,nouvelle_energie,aleatoire,1,false,8,28,9.35,0
nouvelle_energie:aleatoire:135,nouvelle_energie,aleatoire,1,false,0.09,24,8.95,0
nouvelle_energie:aleatoire:136,nouvelle_energie,aleatoire,0,false,6.14,30,8.88,0
nouvelle_energie:aleatoire:137,nouvelle_energie,aleatoire,0,false,5.88,26,8.92,0
nouvelle_energie:aleatoire:138,nouvelle_energie,aleatoire,0,false,0.37,27,10.03,0
nouvelle_energie:aleatoire:139,nouvelle_energie,aleatoire,0,false,0.07,24,9.02,0
nouvelle_energie:aleatoire:140,nouvelle_energie,aleatoire,1,false,-0.27,24,9.19,0
nouvelle_energie:aleatoire:141,nouvelle_energie,aleatoire,0,false,-0.13,24,9.12,0
nouvelle_energie:aleatoire:142,nouvelle_energie,aleatoire,1,false,9.76,24,11.71,0
nouvelle_energie:aleatoire:143,nouvelle_energie,aleatoire,0,false,6.21,24,9.08,0
nouvelle_energie:aleatoire:144,nouvelle_energie,aleatoire,0,false,7.74,28,9.11,0
nouvelle_energie:aleatoire:145,nouvelle_energie,aleatoire,0,false,0.09,24,8.99,0
nouvelle_energie:aleatoire:146,nouvelle_energie,aleatoire,0,false,6.15,24,9.12,0
nouvelle_energie:aleatoire:147,nouvelle_energie,aleatoire,0,false,0.13,26,8.97,0
nouvelle_energie:aleatoire:148,nouvelle_energie,aleatoire,1,false,6.22,24,8.88,0
nouvelle_energie:aleatoire:149,nouvelle_energie,aleatoire,0,false,-0.15,28,8.91,0
nouvelle_energie:prudent:0,nouvelle_energie,prudent,0,false,0.26,27,9.06,0
nouvelle_energie:prudent:1,nouvelle_energie,prudent,0,false,5.79,24,9,0
nouvelle_energie:prudent:2,nouvelle_energie,prudent,1,false,0.41,24,9.31,0
nouvelle_energie:prudent:3,nouvelle_energie,prudent,1,false,0.26,24,9.07,0
nouvelle_energie:prudent:4,nouvelle_energie,prudent,1,false,-0.49,24,8.9,0
nouvelle_energie:prudent:5,nouvelle_energie,prudent,1,false,-0.17,29,8.95,0
nouvelle_energie:prudent:6,nouvelle_energie,prudent,1,false,5.43,24,8.97,0
nouvelle_energie:prudent:7,nouvelle_energie,prudent,0,false,0.2,26,8.99,0
nouvelle_energie:prudent:8,nouvelle_energie,prudent,0,false,-0.24,27,8.9,0
nouvelle_energie:prudent:9,nouvelle_energie,prudent,0,false,-0.12,26,9.03,0
nouvelle_energie:prudent:10,nouvelle_energie,prudent,2,false,6,24,8.96,0
nouvelle_energie:prudent:11,nouvelle_energie,prudent,0,false,5.75,24,8.95,0
nouvelle_energie:prudent:12,nouvelle_energie,prudent,0,false,5.38,24,9.02,0
nouvelle_energie:prudent:13,nouvelle_energie,prudent,0,false,0.44,24,9.09,0
nouvelle_energie:prudent:14,nouvelle_energie,prudent,0,false,-0.22,24,9.07,0
nouvelle_energie:prudent:15,nouvelle_energie,prudent,0,false,-0.34,24,9,0
nouvelle_energie:prudent:16,nouvelle_energie,prudent,0,false,0.73,26,10.91,0
nouvelle_energie:prudent:17,nouvelle_energie,prudent,0,false,-0.41,24,8.98,0
nouvelle_energie:prudent:18,nouvelle_energie,prudent,0,false,0.28,28,9.17,0
nouvelle_energie:prudent:19,nouvelle_energie,prudent,1,false,6.28,24,8.91,0
nouvelle_energie:prudent:20,nouvelle_energie,prudent,1,false,-0.03,24,8.96,0
nouvelle_energie:prudent:21,nouvelle_energie,prudent,1,false,0.02,24,8.87,0
nouvelle_energie:prudent:22,nouvelle_energie,prudent,0,false,0.09,24,8.86,0
nouvelle_energie:prudent:23,nouvelle_energie,prudent,0,false,-0.33,24,9.04,0
nouvelle_energie:prudent:24,nouvelle_energie,prudent,1,false,7.59,26,9.39,0
nouvelle_energie:prudent:25,nouvelle_energie,prudent,0,false,-0.04,24,8.91,0
nouvelle_energie:prudent:26,nouvelle_energie,prudent,0,false,5.4,24,8.88,0
nouvelle_energie:prudent:27,nouvelle_energie,prudent,0,false,-0.37,24,8.82,0
nouvelle_energie:prudent:28,nouvelle_energie,prudent,0,false,6.01,24,9.15,0
nouvelle_energie:prudent:29,nouvelle_energie,prudent,0,false,-0.34,24,9.05,0
nouvelle_energie:prudent:30,nouvelle_energie,prudent,0,false,-0.09,24,9.03,0
nouvelle_energie:prudent:31,nouvelle_energie,prudent,0,false,8.15,29,8.94,0
nouvelle_energie:prudent:32,nouvelle_energie,prudent,0,false,0.18,27,8.99,0
nouvelle_energie:prudent:33,nouvelle_energie,prudent,0,false,0.15,24,9.11,0
nouvelle_energie:prudent:34,nouvelle_energie,prudent,0,false,0.17,26,9.06,0
nouvelle_energie:prudent:35,nouvelle_energie,prudent,1,false,-0.33,24,9.1,0
nouvelle_energie:prudent:36,nouvelle_energie,prudent,0,false,0.33,24,8.91,0
nouvelle_energie:prudent:37,nouvelle_energie,prudent,2,false,5.72,24,9.35,0
nouvelle_energie:prudent:38,nouvelle_energie,prudent,0,false,-0.12,24,9.07,0
nouvelle_energie:prudent:39,nouvelle_energie,prudent,0,false,6.4,28,8.93,0
nouvelle_energie:prudent:40,nouvelle_energie,prudent,0,false,-0.56,27,8.9,0
nouvelle_energie:prudent:41,nouvelle_energie,prudent,0,false,0.13,27,9.47,0
nouvelle_energie:prudent:42,nouvelle_energie,prudent,1,false,6.48,24,9.87,0
nouvelle_energie:prudent:43,nouvelle_energie,prudent,1,false,0.24,30,9.06,0
nouvelle_energie:prudent:44,nouvelle_energie,prudent,0,false,0.68,24,9.84,0
nouvelle_energie:prudent:45,nouvelle_energie,prudent,0,false,0.12,24,9.04,0
nouvelle_energie:prudent:46,nouvelle_energie,prudent,0,false,7.24,29,8.97,0
nouvelle_energie:prudent:47,nouvelle_energie,prudent,0,false,6.75,24,8.97,0
nouvelle_energie:prudent:48,nouvelle_energie,prudent,0,false,6.2,24,8.97,0
nouvelle_energie:prudent:49,nouvelle_energie,prudent,0,false,0,29,10.79,0
nouvelle_energie:prudent:50,nouvelle_energie,prudent,0,false,5.87,24,16.82,16.8
nouvelle_energie:prudent:51,nouvelle_energie,prudent,0,false,5.99,26,8.93,0
nouvelle_energie:prudent:52,nouvelle_energie,prudent,1,false,0.1,24,8.97,0
nouvelle_energie:prudent:53,nouvelle_energie,prudent,0,false,5.23,27,8.91,0
nouvelle_energie:prudent:54,nouvelle_energie,prudent,0,false,0.07,24,8.94,0
nouvelle_energie:prudent:55,nouvelle_energie,prudent,1,false,5.8,24,8.99,0
nouvelle_energie:prudent:56,nouvelle_energie,prudent,1,false,0.22,24,8.98,0
nouvelle_energie:prudent:57,nouvelle_energie,prudent,0,false,0.27,24,9.03,0
nouvelle_energie:prudent:58,nouvelle_energie,prudent,0,false,4.68,30,9.05,0
nouvelle_energie:prudent:59,nouvelle_energie,prudent,1,false,0.66,24,10.4,0
nouvelle_energie:prudent:60,nouvelle_energie,prudent,0,false,-0.36,28,8.91,0
nouvelle_energie:prudent:61,nouvelle_energie,prudent,2,false,1.37,28,10.21,0
nouvelle_energie:prudent:62,nouvelle_energie,prudent,0,false,5.71,24,8.92,0
nouvelle_energie:prudent:63,nouvelle_energie,prudent,0,false,6.7,25,9.03,0
nouvelle_energie:prudent:64,nouvelle_energie,prudent,1,false,6.47,30,9.02,0
nouvelle_energie:prudent:65,nouvelle_energie,prudent,1,false,0.11,24,9.16,0
nouvelle_energie:prudent:66,nouvelle_energie,prudent,0,false,0.11,24,8.88,0
nouvelle_energie:prudent:67,nouvelle_energie,prudent,0,false,0.03,24,8.9,0
nouvelle_energie:prudent:68,nouvelle_energie,prudent,1,false,5.85,26,9.01,0
nouvelle_energie:prudent:69,nouvelle_energie,prudent,0,false,7.68,26,9.26,0
nouvelle_energie:prudent:70,nouvelle_energie,prudent,1,false,-0.13,24,8.94,0
nouvelle_energie:prudent:71,nouvelle_energie,prudent,0,false,-0.04,27,8.92,0
nouvelle_energie:prudent:72,nouvelle_energie,prudent,0,false,11.59,25,8.93,0
nouvelle_energie:prudent:73,nouvelle_energie,prudent,0,false,6.86,28,8.91,0
nouvelle_energie:prudent:74,nouvelle_energie,prudent,0,false,0.96,24,9.76,0
nouvelle_energie:prudent:75,nouvelle_energie,prudent,0,false,0.25,24,8.89,0
nouvelle_energie:prudent:76,nouvelle_energie,prudent,0,false,6.33,24,8.9,0
nouvelle_energie:prudent:77,nouvelle_energie,prudent,0,false,6.41,24,8.96,0
nouvelle_energie:prudent:78,nouvelle_energie,prudent,0,false,6.18,28,8.88,0
nouvelle_energie:prudent:79,nouvelle_energie,prudent,0,false,-0.25,27,8.93,0
nouvelle_energie:prudent:80,nouvelle_energie,prudent,0,false,-0.01,24,9,0
nouvelle_energie:prudent:81,nouvelle_energie,prudent,0,false,-0.13,27,8.9,0
nouvelle_energie:prudent:82,nouvelle_energie,prudent,0,false,12.83,24,9.1,0
nouvelle_energie:prudent:83,nouvelle_energie,prudent,0,false,-0.26,24,8.85,0
nouvelle_energie:prudent:84,nouvelle_energie,prudent,0,false,7.78,29,8.95,0
nouvelle_energie:prudent:85,nouvelle_energie,prudent,0,false,-0.26,24,8.86,0
nouvelle_energie:prudent:86,nouvelle_energie,prudent,0,false,12.73,29,9.14,0
nouvelle_energie:prudent:87,nouvelle_energie,prudent,1,false,-0.32,24,8.79,0
nouvelle_energie:prudent:88,nouvelle_energie,prudent,0,false,-0.16,24,8.86,0
nouvelle_energie:prudent:89,nouvelle_energie,prudent,0,false,-0.19,28,8.84,0
nouvelle_energie:prudent:90,nouvelle_energie,prudent,0,false,6.4,28,9.09,0
nouvelle_energie:prudent:91,nouvelle_energie,prudent,0,false,7.16,28,10.54,0
nouvelle_energie:prudent:92,nouvelle_energie,prudent,0,false,8.21,24,8.99,0
nouvelle_energie:prudent:93,nouvelle_energie,prudent,0,false,-0.11,24,8.93,0
nouvelle_energie:prudent:94,nouvelle_energie,prudent,0,false,-0.29,24,8.83,0
nouvelle_energie:prudent:95,nouvelle_energie,prudent,0,false,6.05,26,9.08,0
nouvelle_energie:prudent:96,nouvelle_energie,prudent,1,false,1.74,24,11.3,0
nouvelle_energie:prudent:97,nouvelle_energie,prudent,0,false,5.79,24,9,0
nouvelle_energie:prudent:98,nouvelle_energie,prudent,0,false,-0.5,28,9.1,0
nouvelle_energie:prudent:99,nouvelle_energie,prudent,0,false,-0.14,24,9.05,0
nouvelle_energie:prudent:100,nouvelle_energie,prudent,0,false,0.92,24,10.02,0
nouvelle_energie:prudent:101,nouvelle_energie,prudent,0,false,0.3,28,9.08,0
nouvelle_energie:prudent:102,nouvelle_energie,prudent,0,false,0.59,24,9.35,0
nouvelle_energie:prudent:103,nouvelle_energie,prudent,0,false,-0.84,28,9.07,0
nouvelle_energie:prudent:104,nouvelle_energie,prudent,0,false,5.83,24,8.96,0
nouvelle_energie:prudent:105,nouvelle_energie,prudent,0,false,0.67,24,9.4,0
nouvelle_energie:prudent:106,nouvelle_energie,prudent,0,false,-0.16,24,8.97,0
nouvelle_energie:prudent:107,nouvelle_energie,prudent,1,false,-0.41,27,9.13,0
nouvelle_energie:prudent:108,nouvelle_energie,prudent,0,false,-0.15,28,8.87,0
nouvelle_energie:prudent:109,nouvelle_energie,prudent,1,false,-0.4,24,8.99,0
nouvelle_energie:prudent:110,nouvelle_energie,prudent,0,false,-0.35,24,9.02,0
nouvelle_energie:prudent:111,nouvelle_energie,prudent,0,false,-0.14,26,9.09,0
nouvelle_energie:prudent:112,nouvelle_energie,prudent,0,false,6.55,24,8.97,0
nouvelle_energie:prudent:113,nouvelle_energie,prudent,1,false,6.59,30,8.99,0
nouvelle_energie:prudent:114,nouvelle_energie,prudent,0,false,0.34,26,8.87,0
nouvelle_energie:prudent:115,nouvelle_energie,prudent,0,false,-0.25,24,8.79,0
nouvelle_energie:prudent:116,nouvelle_energie,prudent,0,false,-0.32,24,8.94,0
nouvelle_energie:prudent:117,nouvelle_energie,prudent,0,false,5.62,30,8.83,0
nouvelle_energie:prudent:118,nouvelle_energie,prudent,0,false,7.46,29,8.97,0
nouvelle_energie:prudent:119,nouvelle_energie,prudent,1,false,8.04,27,9.98,0
nouvelle_energie:prudent:120,nouvelle_energie,prudent,0,false,0.5,24,9.86,0
nouvelle_energie:prudent:121,nouvelle_energie,prudent,0,false,-0.03,24,8.9,0
nouvelle_energie:prudent:122,nouvelle_energie,prudent,1,false,6.43,27,15.77,16.38
nouvelle_energie:prudent:123,nouvelle_energie,prudent,0,false,6.26,24,8.94,0
nouvelle_energie:prudent:124,nouvelle_energie,prudent,0,false,-0.25,26,8.91,0
nouvelle_energie:prudent:125,nouvelle_energie,prudent,1,false,0.79,28,10.69,0
nouvelle_energie:prudent:126,nouvelle_energie,prudent,0,false,7.52,29,10.35,0
nouvelle_energie:prudent:127,nouvelle_energie,prudent,0,false,-0.3,24,8.88,0
nouvelle_energie:prudent:128,nouvelle_energie,prudent,0,false,5.16,24,9.12,0
nouvelle_energie:prudent:129,nouvelle_energie,prudent,0,false,-0.06,24,8.9,0
nouvelle_energie:prudent:130,nouvelle_energie,prudent,0,false,6.09,24,8.95,0
nouvelle_energie:prudent:131,nouvelle_energie,prudent,0,false,5.9,27,8.93,0
nouvelle_energie:prudent:132,nouvelle_energie,prudent,0,false,6.22,28,9.02,0
nouvelle_energie:prudent:133,nouvelle_energie,prudent,0,false,0.05,24,8.96,0
nouvelle_energie:prudent:134,nouvelle_energie,prudent,0,false,13.19,29,9.15,0
nouvelle_energie:prudent:135,nouvelle_energie,prudent,0,false,0.37,26,9.58,0
nouvelle_energie:prudent:136,nouvelle_energie,prudent,0,false,5.72,29,8.92,0
nouvelle_energie:prudent:137,nouvelle_energie,prudent,1,false,0.13,24,8.94,0
nouvelle_energie:prudent:138,nouvelle_energie,prudent,1,false,-0.18,28,8.85,0
nouvelle_energie:prudent:139,nouvelle_energie,prudent,0,false,0.24,27,8.85,0
nouvelle_energie:prudent:140,nouvelle_energie,prudent,0,false,13.56,25,8.97,0
nouvelle_energie:prudent:141,nouvelle_energie,prudent,0,false,0.03,24,8.99,0
nouvelle_energie:prudent:142,nouvelle_energie,prudent,0,false,7.17,28,8.97,0
nouvelle_energie:prudent:143,nouvelle_energie,prudent,0,false,-0.13,24,8.97,0
nouvelle_energie:prudent:144,nouvelle_energie,prudent,1,false,-0.06,24,8.93,0
nouvelle_energie:prudent:145,nouvelle_energie,prudent,0,false,-0.48,27,8.97,0
nouvelle_energie:prudent:146,nouvelle_energie,prudent,0,false,-0.13,24,9.01,0
nouvelle_energie:prudent:147,nouvelle_energie,prudent,1,false,6.24,28,8.81,0
nouvelle_energie:prudent:148,nouvelle_energie,prudent,1,false,0.85,24,11.35,0
nouvelle_energie:prudent:149,nouvelle_energie,prudent,0,false,0.26,24,8.93,0
nouvelle_energie:risque:0,nouvelle_energie,risque,0,false,-0.27,27,9,0
nouvelle_energie:risque:1,nouvelle_energie,risque,0,false,13.84,28,9.19,0
nouvelle_energie:risque:2,nouvelle_energie,risque,0,false,0.12,26,8.85,0
nouvelle_energie:risque:3,nouvelle_energie,risque,0,false,6.37,26,8.99,0
nouvelle_energie:risque:4,nouvelle_energie,risque,0,false,0.34,26,9.2,0
nouvelle_energie:risque:5,nouvelle_energie,risque,0,false,-0.02,28,9.31,0
nouvelle_energie:risque:6,nouvelle_energie,risque,1,false,5.68,24,8.93,0
nouvelle_energie:risque:7,nouvelle_energie,risque,1,false,0.63,24,9.33,0
nouvelle_energie:risque:8,nouvelle_energie,risque,0,false,5.48,29,9.09,0
nouvelle_energie:risque:9,nouvelle_energie,risque,0,false,0.15,24,9.27,0
nouvelle_energie:risque:10,nouvelle_energie,risque,1,false,0.16,24,8.97,0
nouvelle_energie:risque:11,nouvelle_energie,risque,0,false,5.99,26,9.12,0
nouvelle_energie:risque:12,nouvelle_energie,risque,0,false,6.17,29,9.71,0
nouvelle_energie:risque:13,nouvelle_energie,risque,0,false,6.12,26,9.02,0
nouvelle_energie:risque:14,nouvelle_energie,risque,1,false,-0.02,24,9.1,0
nouvelle_energie:risque:15,nouvelle_energie,risque,0,false,6.13,24,8.88,0
nouvelle_energie:risque:16,nouvelle_energie,risque,0,false,-0.35,30,9,0
nouvelle_energie:risque:17,nouvelle_energie,risque,0,false,0.59,24,9.02,0
nouvelle_energie:risque:18,nouvelle_energie,risque,0,false,-0.65,24,9.06,0
nouvelle_energie:risque:19,nouvelle_energie,risque,1,false,0.15,24,8.92,0
nouvelle_energie:risque:20,nouvelle_energie,risque,0,false,-0.36,29,8.98,0
nouvelle_energie:risque:21,nouvelle_energie,risque,0,false,0.09,29,8.87,0
nouvelle_energie:risque:22,nouvelle_energie,risque,1,false,7.79,24,8.83,0
nouvelle_energie:risque:23,nouvelle_energie,risque,1,false,-0.1,24,9.01,0
nouvelle_energie:risque:24,nouvelle_energie,risque,0,false,6.08,24,9.02,0
nouvelle_energie:risque:25,nouvelle_energie,risque,0,false,5.97,24,8.94,0
nouvelle_energie:risque:26,nouvelle_energie,risque,0,false,0.2,24,9.46,0
nouvelle_energie:risque:27,nouvelle_energie,risque,0,false,6.9,26,8.97,0
nouvelle_energie:risque:28,nouvelle_energie,risque,1,false,-0.37,29,9.1,0
nouvelle_energie:risque:29,nouvelle_energie,risque,1,false,0.48,27,9.56,0
nouvelle_energie:risque:30,nouvelle_energie,risque,0,false,-0.38,24,8.98,0
nouvelle_energie:risque:31,nouvelle_energie,risque,0,false,-0.13,24,9.06,0
nouvelle_energie:risque:32,nouvelle_energie,risque,0,false,5.79,27,8.79,0
nouvelle_energie:risque:33,nouvelle_energie,risque,0,false,0.87,24,10.13,0
nouvelle_energie:risque:34,nouvelle_energie,risque,0,false,-0.27,27,9.08,0
nouvelle_energie:risque:35,nouvelle_energie,risque,0,false,6.31,27,9.25,0
nouvelle_energie:risque:36,nouvelle_energie,risque,0,false,-0.23,24,9.11,0
nouvelle_energie:risque:37,nouvelle_energie,risque,1,false,-0.1,24,8.88,0
nouvelle_energie:risque:38,nouvelle_energie,risque,0,false,-0.1,24,15.23,16.14
nouvelle_energie:risque:39,nouvelle_energie,risque,1,false,0.51,29,9.2,0
nouvelle_energie:risque:40,nouvelle_energie,risque,0,false,-0.44,24,8.94,0
nouvelle_energie:risque:41,nouvelle_energie,risque,0,false,0.58,24,9.17,0
nouvelle_energie:risque:42,nouvelle_energie,risque,0,false,0.96,26,10.02,0
nouvelle_energie:risque:43,nouvelle_energie,risque,0,false,-0.54,24,8.93,0
nouvelle_energie:risque:44,nouvelle_energie,risque,1,false,6.87,24,9.09,0
nouvelle_energie:risque:45,nouvelle_energie,risque,0,false,6.36,29,8.96,0
nouvelle_energie:risque:46,nouvelle_energie,risque,0,false,0.31,24,9.05,0
nouvelle_energie:risque:47,nouvelle_energie,risque,0,false,5.36,24,8.84,0
nouvelle_energie:risque:48,nouvelle_energie,risque,1,false,6.46,24,9.01,0
nouvelle_energie:risque:49,nouvelle_energie,risque,0,false,-0.1,27,8.97,0
nouvelle_energie:risque:50,nouvelle_energie,risque,1,false,7.47,27,9.64,0
nouvelle_energie:risque:51,nouvelle_energie,risque,1,false,-0.04,24,9.05,0
nouvelle_energie:risque:52,nouvelle_energie,risque,0,false,-0.08,29,9,0
nouvelle_energie:risque:53,nouvelle_energie,risque,0,false,6.94,30,9.06,0
nouvelle_energie:risque:54,nouvelle_energie,risque,0,false,7.87,24,9.4,0
nouvelle_energie:risque:55,nouvelle_energie,risque,0,false,12.64,28,9.28,0
nouvelle_energie:risque:56,nouvelle_energie,risque,0,false,0.08,24,8.91,0
nouvelle_energie:risque:57,nouvelle_energie,risque,0,false,13.54,24,9.38,0
nouvelle_energie:risque:58,nouvelle_energie,risque,0,false,-0.44,27,8.98,0
nouvelle_energie:risque:59,nouvelle_energie,risque,0,false,5.75,29,9.02,0
nouvelle_energie:risque:60,nouvelle_energie,risque,0,false,6.56,24,9.71,0
nouvelle_energie:risque:61,nouvelle_energie,risque,0,false,6.29,24,9.25,0
nouvelle_energie:risque:62,nouvelle_energie,risque,0,false,12.32,28,8.97,0
nouvelle_energie:risque:63,nouvelle_energie,risque,0,false,0.33,26,8.96,0
nouvelle_energie:risque:64,nouvelle_energie,risque,1,false,0.26,24,8.93,0
nouvelle_energie:risque:65,nouvelle_energie,risque,1,false,0.16,26,8.92,0
nouvelle_energie:risque:66,nouvelle_energie,risque,1,false,6.14,24,8.98,0
nouvelle_energie:risque:67,nouvelle_energie,risque,0,false,5.55,28,9.52,0
nouvelle_energie:risque:68,nouvelle_energie,risque,1,false,0.42,28,9.38,0
nouvelle_energie:risque:69,nouvelle_energie,risque,0,false,0.51,29,9.11,0
nouvelle_energie:risque:70,nouvelle_energie,risque,0,false,0.13,24,8.99,0
nouvelle_energie:risque:71,nouvelle_energie,risque,0,false,5.55,27,9.07,0
nouvelle_energie:risque:72,nouvelle_energie,risque,0,false,5.73,30,8.84,0
nouvelle_energie:risque:73,nouvelle_energie,risque,0,false,-0.13,24,8.92,0
nouvelle_energie:risque:74,nouvelle_energie,risque,0,false,5.37,24,8.94,0
nouvelle_energie:risque:75,nouvelle_energie,risque,0,false,5.94,24,9.05,0
nouvelle_energie:risque:76,nouvelle_energie,risque,1,false,5.87,24,8.95,0
nouvelle_energie:risque:77,nouvelle_energie,risque,0,false,-0.01,24,8.86,0
nouvelle_energie:risque:78,nouvelle_energie,risque,1,false,0.42,24,10.03,0
nouvelle_energie:risque:79,nouvelle_energie,risque,0,false,0.05,26,8.96,0
nouvelle_energie:risque:80,nouvelle_energie,risque,0,false,-0.26,24,9.02,0
nouvelle_energie:risque:81,nouvelle_energie,risque,1,false,0.21,28,9.54,0
nouvelle_energie:risque:82,nouvelle_energie,risque,0,false,-0.2,24,8.86,0
nouvelle_energie:risque:83,nouvelle_energie,risque,0,false,-0.33,24,8.96,0
nouvelle_energie:risque:84,nouvelle_energie,risque,0,false,5.96,28,9,0
nouvelle_energie:risque:85,nouvelle_energie,risque,1,false,12.64,29,9.08,0
nouvelle_energie:risque:86,nouvelle_energie,risque,0,false,0.65,26,9.65,0
nouvelle_energie:risque:87,nouvelle_energie,risque,0,false,-0.16,24,9.03,0
nouvelle_energie:risque:88,nouvelle_energie,risque,1,false,0.28,24,9.26,0
nouvelle_energie:risque:89,nouvelle_energie,risque,0,false,-1.13,27,9.01,0
nouvelle_energie:risque:90,nouvelle_energie,risque,1,false,0.12,24,9.56,0
nouvelle_energie:risque:91,nouvelle_energie,risque,1,false,6.91,25,9.09,0
nouvelle_energie:risque:92,nouvelle_energie,risque,0,false,-0.35,24,8.93,0
nouvelle_energie:risque:93,nouvelle_energie,risque,0,false,7.63,24,8.94,0
nouvelle_energie:risque:94,nouvelle_energie,risque,0,false,-0.36,24,8.97,0
nouvelle_energie:risque:95,nouvelle_energie,risque,1,false,-0.26,24,8.9,0
nouvelle_energie:risque:96,nouvelle_energie,risque,0,false,5.85,24,8.9,0
nouvelle_energie:risque:97,nouvelle_energie,risque,1,false,0.37,26,8.94,0
nouvelle_energie:risque:98,nouvelle_energie,risque,0,false,6.12,29,9.14,0
nouvelle_energie:risque:99,nouvelle_energie,risque,0,false,5.74,28,8.91,0
nouvelle_energie:risque:100,nouvelle_energie,risque,0,false,5.68,24,9.03,0
nouvelle_energie:risque:101,nouvelle_energie,risque,1,false,-0.43,27,8.96,0
nouvelle_energie:risque:102,nouvelle_energie,risque,0,false,0.52,26,9.87,0
nouvelle_energie:risque:103,nouvelle_energie,risque,0,false,-0.47,28,8.97,0
nouvelle_energie:risque:104,nouvelle_energie,risque,0,false,-0.32,24,8.96,0
nouvelle_energie:risque:105,nouvelle_energie,risque,0,false,5.9,24,9.12,0
nouvelle_energie:risque:106,nouvelle_energie,risque,0,false,6.4,24,9.04,0
nouvelle_energie:risque:107,nouvelle_energie,risque,0,false,0.8,26,10.31,0
nouvelle_energie:risque:108,nouvelle_energie,risque,0,false,7.66,24,8.95,0
nouvelle_energie:risque:109,nouvelle_energie,risque,0,false,0.02,26,9.02,0
nouvelle_energie:risque:110,nouvelle_energie,risque,0,false,-0.38,24,9.07,0
nouvelle_energie:risque:111,nouvelle_energie,risque,0,false,13.03,28,8.97,0
nouvelle_energie:risque:112,nouvelle_energie,risque,0,false,0.07,24,9.07,0
nouvelle_energie:risque:113,nouvelle_energie,risque,1,false,6.53,24,9.88,0
nouvelle_energie:risque:114,nouvelle_energie,risque,0,false,0.36,26,9.04,0
nouvelle_energie:risque:115,nouvelle_energie,risque,0,false,6.97,30,9,0
nouvelle_energie:risque:116,nouvelle_energie,risque,1,false,0.29,26,9.25,0
nouvelle_energie:risque:117,nouvelle_energie,risque,0,false,0.11,26,9.19,0
nouvelle_energie:risque:118,nouvelle_energie,risque,0,false,-0.46,24,9.04,0
nouvelle_energie:risque:119,nouvelle_energie,risque,0,false,-0.78,26,9.38,0
nouvelle_energie:risque:120,nouvelle_energie,risque,0,false,11.26,29,8.88,0
nouvelle_energie:risque:121,nouvelle_energie,risque,0,false,-0.03,24,9.02,0
nouvelle_energie:risque:122,nouvelle_energie,risque,0,false,0.03,24,8.96,0
nouvelle_energie:risque:123,nouvelle_energie,risque,0,false,7.21,26,9.06,0
nouvelle_energie:risque:124,nouvelle_energie,risque,0,false,-0.29,24,8.97,0
nouvelle_energie:risque:125,nouvelle_energie,risque,0,false,5.38,24,8.82,0
nouvelle_energie:risque:126,nouvelle_energie,risque,1,false,6.9,28,9.02,0
nouvelle_energie:risque:127,nouvelle_energie,risque,1,false,0.52,24,8.85,0
nouvelle_energie:risque:128,nouvelle_energie,risque,1,false,-0.36,27,9,0
nouvelle_energie:risque:129,nouvelle_energie,risque,1,false,0.22,24,9.21,0
nouvelle_energie:risque:130,nouvelle_energie,risque,1,false,5.3,28,8.99,0
nouvelle_energie:risque:131,nouvelle_energie,risque,0,false,0.11,24,8.96,0
nouvelle_energie:risque:132,nouvelle_energie,risque,0,false,11.69,24,8.88,0
nouvelle_energie:risque:133,nouvelle_energie,risque,0,false,0.62,26,10.12,0
nouvelle_energie:risque:134,nouvelle_energie,risque,0,false,-0.36,24,8.94,0
nouvelle_energie:risque:135,nouvelle_energie,risque,1,false,7.2,29,9.02,0
nouvelle_energie:risque:136,nouvelle_energie,risque,0,false,5.93,24,9.07,0
nouvelle_energie:risque:137,nouvelle_energie,risque,1,false,6.27,24,9.01,0
nouvelle_energie:risque:138,nouvelle_energie,risque,0,false,5.76,28,8.91,0
nouvelle_energie:risque:139,nouvelle_energie,risque,1,false,-0.19,24,9.06,0
nouvelle_energie:risque:140,nouvelle_energie,risque,0,false,-0.1,24,8.93,0
nouvelle_energie:risque:141,nouvelle_energie,risque,0,false,0.31,24,8.97,0
nouvelle_energie:risque:142,nouvelle_energie,risque,1,false,0.47,24,8.98,0
nouvelle_energie:risque:143,nouvelle_energie,risque,1,false,0.14,29,8.9,0
nouvelle_energie:risque:144,nouvelle_energie,risque,0,false,-0.17,24,9.12,0
nouvelle_energie:risque:145,nouvelle_energie,risque,0,false,-0.16,24,8.93,0
nouvelle_energie:risque:146,nouvelle_energie,risque,0,false,-0.12,30,9,0
nouvelle_energie:risque:147,nouvelle_energie,risque,0,false,0.02,26,8.94,0
nouvelle_energie:risque:148,nouvelle_energie,risque,1,false,0.25,24,9.05,0
nouvelle_energie:risque:149,nouvelle_energie,risque,0,false,0.06,24,8.98,0
nouvelle_energie:ideologiquement_coherent:0,nouvelle_energie,ideologiquement_coherent,0,false,7.13,27,9.1,0
nouvelle_energie:ideologiquement_coherent:1,nouvelle_energie,ideologiquement_coherent,0,false,-0.33,26,9.15,0
nouvelle_energie:ideologiquement_coherent:2,nouvelle_energie,ideologiquement_coherent,0,false,6.41,28,9.47,0
nouvelle_energie:ideologiquement_coherent:3,nouvelle_energie,ideologiquement_coherent,0,false,6.25,24,9.1,0
nouvelle_energie:ideologiquement_coherent:4,nouvelle_energie,ideologiquement_coherent,1,false,0.83,24,9.89,0
nouvelle_energie:ideologiquement_coherent:5,nouvelle_energie,ideologiquement_coherent,1,false,-0.19,24,8.99,0
nouvelle_energie:ideologiquement_coherent:6,nouvelle_energie,ideologiquement_coherent,0,false,0.51,24,9.22,0
nouvelle_energie:ideologiquement_coherent:7,nouvelle_energie,ideologiquement_coherent,0,false,0.03,30,8.84,0
nouvelle_energie:ideologiquement_coherent:8,nouvelle_energie,ideologiquement_coherent,0,false,7.19,24,8.92,0
nouvelle_energie:ideologiquement_coherent:9,nouvelle_energie,ideologiquement_coherent,0,false,0.07,29,9.03,0
nouvelle_energie:ideologiquement_coherent:10,nouvelle_energie,ideologiquement_coherent,0,false,0.52,24,9.53,0
nouvelle_energie:ideologiquement_coherent:11,nouvelle_energie,ideologiquement_coherent,0,false,7.57,25,8.99,0
nouvelle_energie:ideologiquement_coherent:12,nouvelle_energie,ideologiquement_coherent,0,false,-0.29,24,8.94,0
nouvelle_energie:ideologiquement_coherent:13,nouvelle_energie,ideologiquement_coherent,1,false,0.09,28,8.93,0
nouvelle_energie:ideologiquement_coherent:14,nouvelle_energie,ideologiquement_coherent,0,false,7.27,27,9.01,0
nouvelle_energie:ideologiquement_coherent:15,nouvelle_energie,ideologiquement_coherent,1,false,7.48,24,9.06,0
nouvelle_energie:ideologiquement_coherent:16,nouvelle_energie,ideologiquement_coherent,0,false,-0.2,30,8.96,0
nouvelle_energie:ideologiquement_coherent:17,nouvelle_energie,ideologiquement_coherent,0,false,-0.05,24,8.86,0
nouvelle_energie:ideologiquement_coherent:18,nouvelle_energie,ideologiquement_coherent,0,false,6.66,25,9.03,0
nouvelle_energie:ideologiquement_coherent:19,nouvelle_energie,ideologiquement_coherent,0,false,-0.15,26,8.99,0
nouvelle_energie:ideologiquement_coherent:20,nouvelle_energie,ideologiquement_coherent,1,false,0.87,28,10.89,0
nouvelle_energie:ideologiquement_coherent:21,nouvelle_energie,ideologiquement_coherent,0,false,5.95,29,9.01,0
nouvelle_energie:ideologiquement_coherent:22,nouvelle_energie,ideologiquement_coherent,0,false,6.09,26,8.79,0
nouvelle_energie:ideologiquement_coherent:23,nouvelle_energie,ideologiquement_coherent,1,false,0.74,24,10.09,0
nouvelle_energie:ideologiquement_coherent:24,nouvelle_energie,ideologiquement_coherent,1,false,-0.18,24,8.93,0
nouvelle_energie:ideologiquement_coherent:25,nouvelle_energie,ideologiquement_coherent,1,false,-1.03,30,9.09,0
nouvelle_energie:ideologiquement_coherent:26,nouvelle_energie,ideologiquement_coherent,0,false,19.92,6,40.69,39.87
nouvelle_energie:ideologiquement_coherent:27,nouvelle_energie,ideologiquement_coherent,0,false,0.15,24,8.82,0
nouvelle_energie:ideologiquement_coherent:28,nouvelle_energie,ideologiquement_coherent,1,false,0.09,26,9.09,0
nouvelle_energie:ideologiquement_coherent:29,nouvelle_energie,ideologiquement_coherent,0,false,0.03,24,8.97,0
nouvelle_energie:ideologiquement_coherent:30,nouvelle_energie,ideologiquement_coherent,0,false,-0.61,30,9.02,0
nouvelle_energie:ideologiquement_coherent:31,nouvelle_energie,ideologiquement_coherent,1,false,6.19,24,9.25,0
nouvelle_energie:ideologiquement_coherent:32,nouvelle_energie,ideologiquement_coherent,0,false,-0.13,24,8.88,0
nouvelle_energie:ideologiquement_coherent:33,nouvelle_energie,ideologiquement_coherent,0,false,-0.46,24,8.94,0
nouvelle_energie:ideologiquement_coherent:34,nouvelle_energie,ideologiquement_coherent,0,false,-0.61,24,9,0
nouvelle_energie:ideologiquement_coherent:35,nouvelle_energie,ideologiquement_coherent,0,false,0.13,24,8.92,0
nouvelle_energie:ideologiquement_coherent:36,nouvelle_energie,ideologiquement_coherent,1,false,0.37,24,8.99,0
nouvelle_energie:ideologiquement_coherent:37,nouvelle_energie,ideologiquement_coherent,0,false,0.21,24,8.93,0
nouvelle_energie:ideologiquement_coherent:38,nouvelle_energie,ideologiquement_coherent,0,false,6.14,24,8.97,0
nouvelle_energie:ideologiquement_coherent:39,nouvelle_energie,ideologiquement_coherent,1,false,6.36,28,9.66,0
nouvelle_energie:ideologiquement_coherent:40,nouvelle_energie,ideologiquement_coherent,0,false,0.73,27,10.47,0
nouvelle_energie:ideologiquement_coherent:41,nouvelle_energie,ideologiquement_coherent,0,false,0.07,27,8.96,0
nouvelle_energie:ideologiquement_coherent:42,nouvelle_energie,ideologiquement_coherent,1,false,0.73,24,10.05,0
nouvelle_energie:ideologiquement_coherent:43,nouvelle_energie,ideologiquement_coherent,0,false,0.27,24,9.26,0
nouvelle_energie:ideologiquement_coherent:44,nouvelle_energie,ideologiquement_coherent,0,false,5.42,24,8.96,0
nouvelle_energie:ideologiquement_coherent:45,nouvelle_energie,ideologiquement_coherent,0,false,0.23,28,8.96,0
nouvelle_energie:ideologiquement_coherent:46,nouvelle_energie,ideologiquement_coherent,0,false,0.54,26,9.6,0
nouvelle_energie:ideologiquement_coherent:47,nouvelle_energie,ideologiquement_coherent,1,false,0.39,24,8.84,0
nouvelle_energie:ideologiquement_coherent:48,nouvelle_energie,ideologiquement_coherent,1,false,6.25,29,8.95,0
nouvelle_energie:ideologiquement_coherent:49,nouvelle_energie,ideologiquement_coherent,1,false,6.24,24,8.95,0
nouvelle_energie:ideologiquement_coherent:50,nouvelle_energie,ideologiquement_coherent,0,false,-0.14,27,9.18,0
nouvelle_energie:ideologiquement_coherent:51,nouvelle_energie,ideologiquement_coherent,0,false,-0.13,24,9.02,0
nouvelle_energie:ideologiquement_coherent:52,nouvelle_energie,ideologiquement_coherent,0,false,6.34,27,8.94,0
nouvelle_energie:ideologiquement_coherent:53,nouvelle_energie,ideologiquement_coherent,0,false,0.68,24,9.4,0
nouvelle_energie:ideologiquement_coherent:54,nouvelle_energie,ideologiquement_coherent,0,false,-0.19,24,8.91,0
nouvelle_energie:ideologiquement_coherent:55,nouvelle_energie,ideologiquement_coherent,1,false,-0.2,26,8.97,0
nouvelle_energie:ideologiquement_coherent:56,nouvelle_energie,ideologiquement_coherent,1,false,7.06,28,8.87,0
nouvelle_energie:ideologiquement_coherent:57,nouvelle_energie,ideologiquement_coherent,0,false,-0.05,24,8.97,0
nouvelle_energie:ideologiquement_coherent:58,nouvelle_energie,ideologiquement_coherent,0,false,-0.5,29,9.1,0
nouvelle_energie:ideologiquement_coherent:59,nouvelle_energie,ideologiquement_coherent,0,false,6,24,9.04,0
nouvelle_energie:ideologiquement_coherent:60,nouvelle_energie,ideologiquement_coherent,1,false,-0.08,24,8.84,0
nouvelle_energie:ideologiquement_coherent:61,nouvelle_energie,ideologiquement_coherent,0,false,0.83,24,10.33,0
nouvelle_energie:ideologiquement_coherent:62,nouvelle_energie,ideologiquement_coherent,0,false,5.74,29,8.96,0
nouvelle_energie:ideologiquement_coherent:63,nouvelle_energie,ideologiquement_coherent,0,false,6.03,24,8.98,0
nouvelle_energie:ideologiquement_coherent:64,nouvelle_energie,ideologiquement_coherent,0,false,5.84,24,8.82,0
nouvelle_energie:ideologiquement_coherent:65,nouvelle_energie,ideologiquement_coherent,0,false,0.16,24,9.06,0
nouvelle_energie:ideologiquement_coherent:66,nouvelle_energie,ideologiquement_coherent,0,false,0.63,30,9.39,0
nouvelle_energie:ideologiquement_coherent:67,nouvelle_energie,ideologiquement_coherent,0,false,-0.36,26,8.95,0
nouvelle_energie:ideologiquement_coherent:68,nouvelle_energie,ideologiquement_coherent,0,false,0.02,24,8.9,0
nouvelle_energie:ideologiquement_coherent:69,nouvelle_energie,ideologiquement_coherent,0,false,6.29,27,8.93,0
nouvelle_energie:ideologiquement_coherent:70,nouvelle_energie,ideologiquement_coherent,0,false,7.01,24,8.84,0
nouvelle_energie:ideologiquement_coherent:71,nouvelle_energie,ideologiquement_coherent,0,false,-0.14,24,8.95,0
nouvelle_energie:ideologiquement_coherent:72,nouvelle_energie,ideologiquement_coherent,0,false,10.7,29,8.96,0
nouvelle_energie:ideologiquement_coherent:73,nouvelle_energie,ideologiquement_coherent,1,false,-0.03,24,9.1,0
nouvelle_energie:ideologiquement_coherent:74,nouvelle_energie,ideologiquement_coherent,0,false,6.07,24,8.9,0
nouvelle_energie:ideologiquement_coherent:75,nouvelle_energie,ideologiquement_coherent,0,false,0.07,24,9.04,0
nouvelle_energie:ideologiquement_coherent:76,nouvelle_energie,ideologiquement_coherent,0,false,0.37,24,10.11,0
nouvelle_energie:ideologiquement_coherent:77,nouvelle_energie,ideologiquement_coherent,1,false,5.62,27,9,0
nouvelle_energie:ideologiquement_coherent:78,nouvelle_energie,ideologiquement_coherent,0,false,5.9,24,8.97,0
nouvelle_energie:ideologiquement_coherent:79,nouvelle_energie,ideologiquement_coherent,1,false,5.41,26,8.99,0
nouvelle_energie:ideologiquement_coherent:80,nouvelle_energie,ideologiquement_coherent,0,false,6.22,24,9.37,0
nouvelle_energie:ideologiquement_coherent:81,nouvelle_energie,ideologiquement_coherent,1,false,0.19,24,8.88,0
nouvelle_energie:ideologiquement_coherent:82,nouvelle_energie,ideologiquement_coherent,0,false,5.86,24,9,0
nouvelle_energie:ideologiquement_coherent:83,nouvelle_energie,ideologiquement_coherent,0,false,7.86,24,8.99,0
nouvelle_energie:ideologiquement_coherent:84,nouvelle_energie,ideologiquement_coherent,0,false,-0.42,26,8.86,0
nouvelle_energie:ideologiquement_coherent:85,nouvelle_energie,ideologiquement_coherent,1,false,-0.08,27,8.94,0
nouvelle_energie:ideologiquement_coherent:86,nouvelle_energie,ideologiquement_coherent,0,false,13.48,24,8.81,0
nouvelle_energie:ideologiquement_coherent:87,nouvelle_energie,ideologiquement_coherent,1,false,0.1,24,8.81,0
nouvelle_energie:ideologiquement_coherent:88,nouvelle_energie,ideologiquement_coherent,0,false,-0.22,30,8.99,0
nouvelle_energie:ideologiquement_coherent:89,nouvelle_energie,ideologiquement_coherent,0,false,-0.08,26,9,0
nouvelle_energie:ideologiquement_coherent:90,nouvelle_energie,ideologiquement_coherent,1,false,-1.37,26,9.02,0
nouvelle_energie:ideologiquement_coherent:91,nouvelle_energie,ideologiquement_coherent,0,false,0.04,28,9.53,0
nouvelle_energie:ideologiquement_coherent:92,nouvelle_energie,ideologiquement_coherent,0,false,0.17,29,8.88,0
nouvelle_energie:ideologiquement_coherent:93,nouvelle_energie,ideologiquement_coherent,0,false,5.94,25,9.02,0
nouvelle_energie:ideologiquement_coherent:94,nouvelle_energie,ideologiquement_coherent,0,false,0.82,28,10.66,0
nouvelle_energie:ideologiquement_coherent:95,nouvelle_energie,ideologiquement_coherent,0,false,5.96,24,9.07,0
nouvelle_energie:ideologiquement_coherent:96,nouvelle_energie,ideologiquement_coherent,0,false,6.01,28,9.14,0
nouvelle_energie:ideologiquement_coherent:97,nouvelle_energie,ideologiquement_coherent,0,false,0.17,24,8.94,0
nouvelle_energie:ideologiquement_coherent:98,nouvelle_energie,ideologiquement_coherent,0,false,5.68,24,9.07,0
nouvelle_energie:ideologiquement_coherent:99,nouvelle_energie,ideologiquement_coherent,0,false,5.68,24,8.99,0
nouvelle_energie:ideologiquement_coherent:100,nouvelle_energie,ideologiquement_coherent,0,false,7.44,29,10.05,0
nouvelle_energie:ideologiquement_coherent:101,nouvelle_energie,ideologiquement_coherent,0,false,5.78,26,9,0
nouvelle_energie:ideologiquement_coherent:102,nouvelle_energie,ideologiquement_coherent,0,false,0.42,24,9.04,0
nouvelle_energie:ideologiquement_coherent:103,nouvelle_energie,ideologiquement_coherent,0,false,0.18,24,9.03,0
nouvelle_energie:ideologiquement_coherent:104,nouvelle_energie,ideologiquement_coherent,1,false,-0.2,24,9.02,0
nouvelle_energie:ideologiquement_coherent:105,nouvelle_energie,ideologiquement_coherent,0,false,-0.11,24,8.88,0
nouvelle_energie:ideologiquement_coherent:106,nouvelle_energie,ideologiquement_coherent,0,false,7.22,30,9.12,0
nouvelle_energie:ideologiquement_coherent:107,nouvelle_energie,ideologiquement_coherent,0,false,0.13,28,10.15,0
nouvelle_energie:ideologiquement_coherent:108,nouvelle_energie,ideologiquement_coherent,0,false,0.6,24,9.1,0
nouvelle_energie:ideologiquement_coherent:109,nouvelle_energie,ideologiquement_coherent,0,false,0.31,24,9.84,0
nouvelle_energie:ideologiquement_coherent:110,nouvelle_energie,ideologiquement_coherent,0,false,0,24,9.01,0
nouvelle_energie:ideologiquement_coherent:111,nouvelle_energie,ideologiquement_coherent,1,false,1.53,24,11.05,0
nouvelle_energie:ideologiquement_coherent:112,nouvelle_energie,ideologiquement_coherent,0,false,6.81,29,9.55,0
nouvelle_energie:ideologiquement_coherent:113,nouvelle_energie,ideologiquement_coherent,0,false,-0.04,28,8.97,0
nouvelle_energie:ideologiquement_coherent:114,nouvelle_energie,ideologiquement_coherent,1,false,6,24,9.07,0
nouvelle_energie:ideologiquement_coherent:115,nouvelle_energie,ideologiquement_coherent,0,false,7.13,29,9,0
nouvelle_energie:ideologiquement_coherent:116,nouvelle_energie,ideologiquement_coherent,0,false,5.91,24,8.86,0
nouvelle_energie:ideologiquement_coherent:117,nouvelle_energie,ideologiquement_coherent,0,false,-0.41,24,8.96,0
nouvelle_energie:ideologiquement_coherent:118,nouvelle_energie,ideologiquement_coherent,0,false,0.21,24,9.5,0
nouvelle_energie:ideologiquement_coherent:119,nouvelle_energie,ideologiquement_coherent,0,false,6.78,24,10.38,0
nouvelle_energie:ideologiquement_coherent:120,nouvelle_energie,ideologiquement_coherent,1,false,0.54,24,9.97,0
nouvelle_energie:ideologiquement_coherent:121,nouvelle_energie,ideologiquement_coherent,1,false,6.25,24,9.03,0
nouvelle_energie:ideologiquement_coherent:122,nouvelle_energie,ideologiquement_coherent,0,false,-0.56,24,8.93,0
nouvelle_energie:ideologiquement_coherent:123,nouvelle_energie,ideologiquement_coherent,0,false,-1.42,27,8.96,0
nouvelle_energie:ideologiquement_coherent:124,nouvelle_energie,ideologiquement_coherent,0,false,-0.44,28,9.03,0
nouvelle_energie:ideologiquement_coherent:125,nouvelle_energie,ideologiquement_coherent,0,false,7.25,26,10.75,0
nouvelle_energie:ideologiquement_coherent:126,nouvelle_energie,ideologiquement_coherent,0,false,0.19,24,8.91,0
nouvelle_energie:ideologiquement_coherent:127,nouvelle_energie,ideologiquement_coherent,0,false,-0.02,29,8.79,0
nouvelle_energie:ideologiquement_coherent:128,nouvelle_energie,ideologiquement_coherent,0,false,5.88,24,9.13,0
nouvelle_energie:ideologiquement_coherent:129,nouvelle_energie,ideologiquement_coherent,0,false,6.4,25,9.01,0
nouvelle_energie:ideologiquement_coherent:130,nouvelle_energie,ideologiquement_coherent,1,false,5.81,24,9.02,0
nouvelle_energie:ideologiquement_coherent:131,nouvelle_energie,ideologiquement_coherent,0,false,-0.13,24,8.91,0
nouvelle_energie:ideologiquement_coherent:132,nouvelle_energie,ideologiquement_coherent,0,false,0.35,24,9.03,0
nouvelle_energie:ideologiquement_coherent:133,nouvelle_energie,ideologiquement_coherent,1,false,-0.04,24,8.93,0
nouvelle_energie:ideologiquement_coherent:134,nouvelle_energie,ideologiquement_coherent,0,false,0.04,24,8.97,0
nouvelle_energie:ideologiquement_coherent:135,nouvelle_energie,ideologiquement_coherent,1,false,0.18,24,8.97,0
nouvelle_energie:ideologiquement_coherent:136,nouvelle_energie,ideologiquement_coherent,0,false,-0.62,24,9.03,0
nouvelle_energie:ideologiquement_coherent:137,nouvelle_energie,ideologiquement_coherent,1,false,-0.16,24,8.94,0
nouvelle_energie:ideologiquement_coherent:138,nouvelle_energie,ideologiquement_coherent,0,false,6.25,24,8.92,0
nouvelle_energie:ideologiquement_coherent:139,nouvelle_energie,ideologiquement_coherent,1,false,0.28,24,9.65,0
nouvelle_energie:ideologiquement_coherent:140,nouvelle_energie,ideologiquement_coherent,0,false,6.44,24,9.43,0
nouvelle_energie:ideologiquement_coherent:141,nouvelle_energie,ideologiquement_coherent,0,false,0.06,28,8.88,0
nouvelle_energie:ideologiquement_coherent:142,nouvelle_energie,ideologiquement_coherent,0,false,6.07,28,8.84,0
nouvelle_energie:ideologiquement_coherent:143,nouvelle_energie,ideologiquement_coherent,0,false,13.11,30,9.02,0
nouvelle_energie:ideologiquement_coherent:144,nouvelle_energie,ideologiquement_coherent,0,false,0.22,24,8.87,0
nouvelle_energie:ideologiquement_coherent:145,nouvelle_energie,ideologiquement_coherent,0,false,5.62,24,8.97,0
nouvelle_energie:ideologiquement_coherent:146,nouvelle_energie,ideologiquement_coherent,0,false,6.24,28,8.91,0
nouvelle_energie:ideologiquement_coherent:147,nouvelle_energie,ideologiquement_coherent,0,false,0.33,24,8.99,0
nouvelle_energie:ideologiquement_coherent:148,nouvelle_energie,ideologiquement_coherent,0,false,-0.19,24,8.94,0
nouvelle_energie:ideologiquement_coherent:149,nouvelle_energie,ideologiquement_coherent,0,false,0.12,24,9.09,0
nouvelle_energie:opportuniste_electoral:0,nouvelle_energie,opportuniste_electoral,0,false,9.13,24,10.8,0
nouvelle_energie:opportuniste_electoral:1,nouvelle_energie,opportuniste_electoral,0,false,8.4,24,10.3,0
nouvelle_energie:opportuniste_electoral:2,nouvelle_energie,opportuniste_electoral,0,false,0.26,24,9.03,0
nouvelle_energie:opportuniste_electoral:3,nouvelle_energie,opportuniste_electoral,0,false,6.17,24,9.36,0
nouvelle_energie:opportuniste_electoral:4,nouvelle_energie,opportuniste_electoral,1,false,0.07,24,9.11,0
nouvelle_energie:opportuniste_electoral:5,nouvelle_energie,opportuniste_electoral,1,false,5.75,24,8.97,0
nouvelle_energie:opportuniste_electoral:6,nouvelle_energie,opportuniste_electoral,0,false,-0.2,24,8.93,0
nouvelle_energie:opportuniste_electoral:7,nouvelle_energie,opportuniste_electoral,0,false,-0.03,27,8.87,0
nouvelle_energie:opportuniste_electoral:8,nouvelle_energie,opportuniste_electoral,1,false,0.21,24,9.84,0
nouvelle_energie:opportuniste_electoral:9,nouvelle_energie,opportuniste_electoral,0,false,8.5,24,8.99,0
nouvelle_energie:opportuniste_electoral:10,nouvelle_energie,opportuniste_electoral,0,false,7.61,24,8.92,0
nouvelle_energie:opportuniste_electoral:11,nouvelle_energie,opportuniste_electoral,0,false,5.53,24,8.96,0
nouvelle_energie:opportuniste_electoral:12,nouvelle_energie,opportuniste_electoral,0,false,-0.14,24,8.98,0
nouvelle_energie:opportuniste_electoral:13,nouvelle_energie,opportuniste_electoral,0,false,0.45,28,9.58,0
nouvelle_energie:opportuniste_electoral:14,nouvelle_energie,opportuniste_electoral,0,false,5.69,27,9.1,0
nouvelle_energie:opportuniste_electoral:15,nouvelle_energie,opportuniste_electoral,0,false,6.06,26,9.07,0
nouvelle_energie:opportuniste_electoral:16,nouvelle_energie,opportuniste_electoral,0,false,-0.06,24,9.32,0
nouvelle_energie:opportuniste_electoral:17,nouvelle_energie,opportuniste_electoral,0,false,0.5,26,9.75,0
nouvelle_energie:opportuniste_electoral:18,nouvelle_energie,opportuniste_electoral,1,false,-0.21,28,8.89,0
nouvelle_energie:opportuniste_electoral:19,nouvelle_energie,opportuniste_electoral,0,false,0.14,27,8.89,0
nouvelle_energie:opportuniste_electoral:20,nouvelle_energie,opportuniste_electoral,1,false,0.11,24,9.06,0
nouvelle_energie:opportuniste_electoral:21,nouvelle_energie,opportuniste_electoral,0,false,0.54,26,10.05,0
nouvelle_energie:opportuniste_electoral:22,nouvelle_energie,opportuniste_electoral,0,false,-0.45,24,8.95,0
nouvelle_energie:opportuniste_electoral:23,nouvelle_energie,opportuniste_electoral,0,false,-0.33,24,9.46,0
nouvelle_energie:opportuniste_electoral:24,nouvelle_energie,opportuniste_electoral,0,false,-0.34,24,9.02,0
nouvelle_energie:opportuniste_electoral:25,nouvelle_energie,opportuniste_electoral,1,false,-0.18,24,8.95,0
nouvelle_energie:opportuniste_electoral:26,nouvelle_energie,opportuniste_electoral,0,false,0.13,24,9,0
nouvelle_energie:opportuniste_electoral:27,nouvelle_energie,opportuniste_electoral,0,false,13.7,24,9.02,0
nouvelle_energie:opportuniste_electoral:28,nouvelle_energie,opportuniste_electoral,0,false,-0.49,24,9,0
nouvelle_energie:opportuniste_electoral:29,nouvelle_energie,opportuniste_electoral,0,false,0.04,24,9.61,0
nouvelle_energie:opportuniste_electoral:30,nouvelle_energie,opportuniste_electoral,0,false,-0.09,24,8.93,0
nouvelle_energie:opportuniste_electoral:31,nouvelle_energie,opportuniste_electoral,0,false,-1.41,30,9.24,0
nouvelle_energie:opportuniste_electoral:32,nouvelle_energie,opportuniste_electoral,0,false,0.1,24,8.93,0
nouvelle_energie:opportuniste_electoral:33,nouvelle_energie,opportuniste_electoral,1,false,5.63,24,8.99,0
nouvelle_energie:opportuniste_electoral:34,nouvelle_energie,opportuniste_electoral,0,false,-0.03,26,8.98,0
nouvelle_energie:opportuniste_electoral:35,nouvelle_energie,opportuniste_electoral,0,false,6.4,24,9.8,0
nouvelle_energie:opportuniste_electoral:36,nouvelle_energie,opportuniste_electoral,0,false,-0.86,30,9.76,0
nouvelle_energie:opportuniste_electoral:37,nouvelle_energie,opportuniste_electoral,0,false,11.77,24,10.39,0
nouvelle_energie:opportuniste_electoral:38,nouvelle_energie,opportuniste_electoral,0,false,6.17,30,8.9,0
nouvelle_energie:opportuniste_electoral:39,nouvelle_energie,opportuniste_electoral,0,false,-0.01,24,9.52,0
nouvelle_energie:opportuniste_electoral:40,nouvelle_energie,opportuniste_electoral,0,false,0.28,24,9.22,0
nouvelle_energie:opportuniste_electoral:41,nouvelle_energie,opportuniste_electoral,1,false,7.04,26,9.06,18.19
nouvelle_energie:opportuniste_electoral:42,nouvelle_energie,opportuniste_electoral,1,false,6.19,29,8.94,0
nouvelle_energie:opportuniste_electoral:43,nouvelle_energie,opportuniste_electoral,0,false,0.25,24,8.97,0
nouvelle_energie:opportuniste_electoral:44,nouvelle_energie,opportuniste_electoral,1,false,-0.16,24,9.19,0
nouvelle_energie:opportuniste_electoral:45,nouvelle_energie,opportuniste_electoral,0,false,-0.03,24,9.02,0
nouvelle_energie:opportuniste_electoral:46,nouvelle_energie,opportuniste_electoral,0,false,7.63,25,8.97,0
nouvelle_energie:opportuniste_electoral:47,nouvelle_energie,opportuniste_electoral,0,false,6.83,26,9.43,0
nouvelle_energie:opportuniste_electoral:48,nouvelle_energie,opportuniste_electoral,0,false,0.29,24,8.85,0
nouvelle_energie:opportuniste_electoral:49,nouvelle_energie,opportuniste_electoral,0,false,-0.43,24,8.95,0
nouvelle_energie:opportuniste_electoral:50,nouvelle_energie,opportuniste_electoral,0,false,8.03,30,9.67,0
nouvelle_energie:opportuniste_electoral:51,nouvelle_energie,opportuniste_electoral,0,false,0.04,27,9.72,0
nouvelle_energie:opportuniste_electoral:52,nouvelle_energie,opportuniste_electoral,0,false,-0.32,24,9.04,0
nouvelle_energie:opportuniste_electoral:53,nouvelle_energie,opportuniste_electoral,1,false,-0.14,29,9,0
nouvelle_energie:opportuniste_electoral:54,nouvelle_energie,opportuniste_electoral,0,false,6.08,26,8.85,0
nouvelle_energie:opportuniste_electoral:55,nouvelle_energie,opportuniste_electoral,0,false,0.18,27,8.86,0
nouvelle_energie:opportuniste_electoral:56,nouvelle_energie,opportuniste_electoral,1,false,8.74,26,10.06,0
nouvelle_energie:opportuniste_electoral:57,nouvelle_energie,opportuniste_electoral,0,false,0.01,24,9.34,0
nouvelle_energie:opportuniste_electoral:58,nouvelle_energie,opportuniste_electoral,1,false,0.13,24,9.03,0
nouvelle_energie:opportuniste_electoral:59,nouvelle_energie,opportuniste_electoral,1,false,0.22,24,9.56,0
nouvelle_energie:opportuniste_electoral:60,nouvelle_energie,opportuniste_electoral,0,false,8.35,24,9.05,0
nouvelle_energie:opportuniste_electoral:61,nouvelle_energie,opportuniste_electoral,0,false,8.6,30,9.27,0
nouvelle_energie:opportuniste_electoral:62,nouvelle_energie,opportuniste_electoral,1,false,0.06,26,9.04,0
nouvelle_energie:opportuniste_electoral:63,nouvelle_energie,opportuniste_electoral,0,false,13.05,30,9.21,0
nouvelle_energie:opportuniste_electoral:64,nouvelle_energie,opportuniste_electoral,0,false,-0.01,24,8.98,0
nouvelle_energie:opportuniste_electoral:65,nouvelle_energie,opportuniste_electoral,1,false,0.09,24,8.95,0
nouvelle_energie:opportuniste_electoral:66,nouvelle_energie,opportuniste_electoral,0,false,-0.23,27,8.9,0
nouvelle_energie:opportuniste_electoral:67,nouvelle_energie,opportuniste_electoral,0,false,8.54,24,9.06,0
nouvelle_energie:opportuniste_electoral:68,nouvelle_energie,opportuniste_electoral,1,false,6.39,28,9.06,0
nouvelle_energie:opportuniste_electoral:69,nouvelle_energie,opportuniste_electoral,1,false,0.27,24,9.38,0
nouvelle_energie:opportuniste_electoral:70,nouvelle_energie,opportuniste_electoral,0,false,0.1,24,8.99,0
nouvelle_energie:opportuniste_electoral:71,nouvelle_energie,opportuniste_electoral,0,false,-0.37,24,8.93,0
nouvelle_energie:opportuniste_electoral:72,nouvelle_energie,opportuniste_electoral,0,false,-0.09,24,8.87,0
nouvelle_energie:opportuniste_electoral:73,nouvelle_energie,opportuniste_electoral,0,false,0.24,24,8.92,0
nouvelle_energie:opportuniste_electoral:74,nouvelle_energie,opportuniste_electoral,0,false,-0.16,24,9,0
nouvelle_energie:opportuniste_electoral:75,nouvelle_energie,opportuniste_electoral,0,false,0.17,26,9.01,0
nouvelle_energie:opportuniste_electoral:76,nouvelle_energie,opportuniste_electoral,0,false,8.26,27,9.03,0
nouvelle_energie:opportuniste_electoral:77,nouvelle_energie,opportuniste_electoral,0,false,0.25,28,9.74,0
nouvelle_energie:opportuniste_electoral:78,nouvelle_energie,opportuniste_electoral,1,true,18.01,19,9.07,0
nouvelle_energie:opportuniste_electoral:79,nouvelle_energie,opportuniste_electoral,0,false,7.9,24,9.33,0
nouvelle_energie:opportuniste_electoral:80,nouvelle_energie,opportuniste_electoral,0,false,-0.02,24,8.97,0
nouvelle_energie:opportuniste_electoral:81,nouvelle_energie,opportuniste_electoral,0,false,0.29,24,9.09,0
nouvelle_energie:opportuniste_electoral:82,nouvelle_energie,opportuniste_electoral,0,false,0.08,24,9.13,0
nouvelle_energie:opportuniste_electoral:83,nouvelle_energie,opportuniste_electoral,0,false,0.33,24,9.38,0
nouvelle_energie:opportuniste_electoral:84,nouvelle_energie,opportuniste_electoral,0,false,-0.1,26,9.1,0
nouvelle_energie:opportuniste_electoral:85,nouvelle_energie,opportuniste_electoral,1,false,8.82,24,9.1,0
nouvelle_energie:opportuniste_electoral:86,nouvelle_energie,opportuniste_electoral,0,false,0.21,24,8.94,0
nouvelle_energie:opportuniste_electoral:87,nouvelle_energie,opportuniste_electoral,0,false,5.86,29,8.86,0
nouvelle_energie:opportuniste_electoral:88,nouvelle_energie,opportuniste_electoral,1,false,0.6,24,9.96,0
nouvelle_energie:opportuniste_electoral:89,nouvelle_energie,opportuniste_electoral,1,false,6.12,24,10.46,0
nouvelle_energie:opportuniste_electoral:90,nouvelle_energie,opportuniste_electoral,0,false,0.02,28,8.9,0
nouvelle_energie:opportuniste_electoral:91,nouvelle_energie,opportuniste_electoral,0,false,6.33,24,9.22,0
nouvelle_energie:opportuniste_electoral:92,nouvelle_energie,opportuniste_electoral,0,false,8.43,24,8.94,0
nouvelle_energie:opportuniste_electoral:93,nouvelle_energie,opportuniste_electoral,0,false,0.2,24,9.22,0
nouvelle_energie:opportuniste_electoral:94,nouvelle_energie,opportuniste_electoral,1,false,-0.21,24,8.9,0
nouvelle_energie:opportuniste_electoral:95,nouvelle_energie,opportuniste_electoral,0,false,5.98,24,9.13,0
nouvelle_energie:opportuniste_electoral:96,nouvelle_energie,opportuniste_electoral,1,false,-0.6,24,8.96,0
nouvelle_energie:opportuniste_electoral:97,nouvelle_energie,opportuniste_electoral,1,false,6.75,28,8.89,0
nouvelle_energie:opportuniste_electoral:98,nouvelle_energie,opportuniste_electoral,0,false,5.93,30,9.27,0
nouvelle_energie:opportuniste_electoral:99,nouvelle_energie,opportuniste_electoral,1,false,-0.06,24,9.44,0
nouvelle_energie:opportuniste_electoral:100,nouvelle_energie,opportuniste_electoral,0,false,-0.42,24,9.19,0
nouvelle_energie:opportuniste_electoral:101,nouvelle_energie,opportuniste_electoral,0,false,0.33,24,9.06,0
nouvelle_energie:opportuniste_electoral:102,nouvelle_energie,opportuniste_electoral,0,false,-0.53,27,8.78,0
nouvelle_energie:opportuniste_electoral:103,nouvelle_energie,opportuniste_electoral,0,false,-1.15,29,8.99,0
nouvelle_energie:opportuniste_electoral:104,nouvelle_energie,opportuniste_electoral,0,false,5.56,26,8.99,0
nouvelle_energie:opportuniste_electoral:105,nouvelle_energie,opportuniste_electoral,0,false,-0.67,28,8.99,0
nouvelle_energie:opportuniste_electoral:106,nouvelle_energie,opportuniste_electoral,1,false,-0.57,27,8.93,0
nouvelle_energie:opportuniste_electoral:107,nouvelle_energie,opportuniste_electoral,0,false,-0.03,26,8.98,0
nouvelle_energie:opportuniste_electoral:108,nouvelle_energie,opportuniste_electoral,0,false,-0.26,26,8.98,0
nouvelle_energie:opportuniste_electoral:109,nouvelle_energie,opportuniste_electoral,1,false,0.12,24,8.98,0
nouvelle_energie:opportuniste_electoral:110,nouvelle_energie,opportuniste_electoral,0,false,0.07,24,9.03,0
nouvelle_energie:opportuniste_electoral:111,nouvelle_energie,opportuniste_electoral,0,false,8.43,24,8.95,0
nouvelle_energie:opportuniste_electoral:112,nouvelle_energie,opportuniste_electoral,1,false,0.61,24,10.29,0
nouvelle_energie:opportuniste_electoral:113,nouvelle_energie,opportuniste_electoral,1,false,0,30,8.96,0
nouvelle_energie:opportuniste_electoral:114,nouvelle_energie,opportuniste_electoral,0,false,7.5,26,8.98,0
nouvelle_energie:opportuniste_electoral:115,nouvelle_energie,opportuniste_electoral,0,false,6.16,24,9.43,0
nouvelle_energie:opportuniste_electoral:116,nouvelle_energie,opportuniste_electoral,0,false,-0.42,30,9,0
nouvelle_energie:opportuniste_electoral:117,nouvelle_energie,opportuniste_electoral,0,false,7.98,24,8.84,0
nouvelle_energie:opportuniste_electoral:118,nouvelle_energie,opportuniste_electoral,1,false,6.22,24,9.04,0
nouvelle_energie:opportuniste_electoral:119,nouvelle_energie,opportuniste_electoral,0,false,8.43,29,9.62,0
nouvelle_energie:opportuniste_electoral:120,nouvelle_energie,opportuniste_electoral,1,false,0.22,30,9.74,0
nouvelle_energie:opportuniste_electoral:121,nouvelle_energie,opportuniste_electoral,0,false,8.75,30,9.02,0
nouvelle_energie:opportuniste_electoral:122,nouvelle_energie,opportuniste_electoral,1,false,6.85,26,8.91,0
nouvelle_energie:opportuniste_electoral:123,nouvelle_energie,opportuniste_electoral,1,false,-0.1,24,9.12,0
nouvelle_energie:opportuniste_electoral:124,nouvelle_energie,opportuniste_electoral,1,false,5.82,30,9.03,0
nouvelle_energie:opportuniste_electoral:125,nouvelle_energie,opportuniste_electoral,1,false,1.23,24,9,0
nouvelle_energie:opportuniste_electoral:126,nouvelle_energie,opportuniste_electoral,0,false,0.23,29,9.01,0
nouvelle_energie:opportuniste_electoral:127,nouvelle_energie,opportuniste_electoral,0,false,5.66,24,9.07,0
nouvelle_energie:opportuniste_electoral:128,nouvelle_energie,opportuniste_electoral,1,false,0.23,24,9.01,0
nouvelle_energie:opportuniste_electoral:129,nouvelle_energie,opportuniste_electoral,0,false,5.61,29,9.36,0
nouvelle_energie:opportuniste_electoral:130,nouvelle_energie,opportuniste_electoral,1,false,0.01,24,8.99,0
nouvelle_energie:opportuniste_electoral:131,nouvelle_energie,opportuniste_electoral,0,false,14.5,24,8.99,0
nouvelle_energie:opportuniste_electoral:132,nouvelle_energie,opportuniste_electoral,0,false,-0.31,24,8.93,0
nouvelle_energie:opportuniste_electoral:133,nouvelle_energie,opportuniste_electoral,1,false,8.44,24,9.4,0
nouvelle_energie:opportuniste_electoral:134,nouvelle_energie,opportuniste_electoral,0,false,5.77,24,8.9,0
nouvelle_energie:opportuniste_electoral:135,nouvelle_energie,opportuniste_electoral,1,false,0.45,26,9.2,0
nouvelle_energie:opportuniste_electoral:136,nouvelle_energie,opportuniste_electoral,1,false,20,4,46.41,44.13
nouvelle_energie:opportuniste_electoral:137,nouvelle_energie,opportuniste_electoral,0,false,5.7,26,9.16,0
nouvelle_energie:opportuniste_electoral:138,nouvelle_energie,opportuniste_electoral,0,false,0.27,26,9.89,0
nouvelle_energie:opportuniste_electoral:139,nouvelle_energie,opportuniste_electoral,1,false,-0.05,24,9.11,0
nouvelle_energie:opportuniste_electoral:140,nouvelle_energie,opportuniste_electoral,0,false,-0.55,24,9.05,0
nouvelle_energie:opportuniste_electoral:141,nouvelle_energie,opportuniste_electoral,0,false,6.63,24,9.07,0
nouvelle_energie:opportuniste_electoral:142,nouvelle_energie,opportuniste_electoral,1,false,6.32,30,8.94,0
nouvelle_energie:opportuniste_electoral:143,nouvelle_energie,opportuniste_electoral,1,false,0.19,24,8.94,0
nouvelle_energie:opportuniste_electoral:144,nouvelle_energie,opportuniste_electoral,0,false,0.35,24,10.16,0
nouvelle_energie:opportuniste_electoral:145,nouvelle_energie,opportuniste_electoral,1,false,-0.38,26,9,0
nouvelle_energie:opportuniste_electoral:146,nouvelle_energie,opportuniste_electoral,0,false,0.31,30,9.41,0
nouvelle_energie:opportuniste_electoral:147,nouvelle_energie,opportuniste_electoral,0,false,0.44,24,9.61,0
nouvelle_energie:opportuniste_electoral:148,nouvelle_energie,opportuniste_electoral,1,false,0.03,24,9.11,0
nouvelle_energie:opportuniste_electoral:149,nouvelle_energie,opportuniste_electoral,0,false,-0.03,24,9.24,0
nouvelle_energie:parti_dabord:0,nouvelle_energie,parti_dabord,0,false,-0.43,26,8.96,0
nouvelle_energie:parti_dabord:1,nouvelle_energie,parti_dabord,0,false,0.36,24,8.98,0
nouvelle_energie:parti_dabord:2,nouvelle_energie,parti_dabord,0,false,0.97,27,10.38,0
nouvelle_energie:parti_dabord:3,nouvelle_energie,parti_dabord,0,false,9.21,24,9.36,0
nouvelle_energie:parti_dabord:4,nouvelle_energie,parti_dabord,0,false,0.29,24,9.15,0
nouvelle_energie:parti_dabord:5,nouvelle_energie,parti_dabord,0,false,0.09,24,8.99,0
nouvelle_energie:parti_dabord:6,nouvelle_energie,parti_dabord,0,false,6.63,25,8.95,0
nouvelle_energie:parti_dabord:7,nouvelle_energie,parti_dabord,0,false,5.94,24,9.05,0
nouvelle_energie:parti_dabord:8,nouvelle_energie,parti_dabord,1,false,-0.01,24,8.98,0
nouvelle_energie:parti_dabord:9,nouvelle_energie,parti_dabord,0,false,0.07,24,8.89,0
nouvelle_energie:parti_dabord:10,nouvelle_energie,parti_dabord,0,false,7.1,24,9.04,0
nouvelle_energie:parti_dabord:11,nouvelle_energie,parti_dabord,0,false,0.22,28,9.04,0
nouvelle_energie:parti_dabord:12,nouvelle_energie,parti_dabord,0,false,-0.05,28,8.92,0
nouvelle_energie:parti_dabord:13,nouvelle_energie,parti_dabord,0,false,0.44,26,9.38,0
nouvelle_energie:parti_dabord:14,nouvelle_energie,parti_dabord,0,false,0.13,24,9.12,0
nouvelle_energie:parti_dabord:15,nouvelle_energie,parti_dabord,1,false,5.74,24,8.98,17.22
nouvelle_energie:parti_dabord:16,nouvelle_energie,parti_dabord,0,false,-0.04,24,9.18,0
nouvelle_energie:parti_dabord:17,nouvelle_energie,parti_dabord,0,false,0.08,30,9.01,0
nouvelle_energie:parti_dabord:18,nouvelle_energie,parti_dabord,0,false,7.64,30,10.17,0
nouvelle_energie:parti_dabord:19,nouvelle_energie,parti_dabord,0,false,0.43,24,10.09,0
nouvelle_energie:parti_dabord:20,nouvelle_energie,parti_dabord,1,false,0.21,26,9,0
nouvelle_energie:parti_dabord:21,nouvelle_energie,parti_dabord,0,false,0.08,24,9.04,0
nouvelle_energie:parti_dabord:22,nouvelle_energie,parti_dabord,0,false,0.05,27,8.97,0
nouvelle_energie:parti_dabord:23,nouvelle_energie,parti_dabord,0,false,0.15,24,9.05,0
nouvelle_energie:parti_dabord:24,nouvelle_energie,parti_dabord,0,false,12.72,24,9.04,0
nouvelle_energie:parti_dabord:25,nouvelle_energie,parti_dabord,0,false,5.81,24,8.95,0
nouvelle_energie:parti_dabord:26,nouvelle_energie,parti_dabord,0,false,0.3,24,9.16,0
nouvelle_energie:parti_dabord:27,nouvelle_energie,parti_dabord,0,false,0.25,24,9.03,0
nouvelle_energie:parti_dabord:28,nouvelle_energie,parti_dabord,1,false,6.72,28,9.01,0
nouvelle_energie:parti_dabord:29,nouvelle_energie,parti_dabord,0,false,0.37,24,9.14,0
nouvelle_energie:parti_dabord:30,nouvelle_energie,parti_dabord,0,false,0.17,24,9.52,0
nouvelle_energie:parti_dabord:31,nouvelle_energie,parti_dabord,0,false,-0.33,24,9.01,0
nouvelle_energie:parti_dabord:32,nouvelle_energie,parti_dabord,0,false,0.2,24,8.9,0
nouvelle_energie:parti_dabord:33,nouvelle_energie,parti_dabord,1,false,0.25,24,9.14,0
nouvelle_energie:parti_dabord:34,nouvelle_energie,parti_dabord,0,false,-0.66,28,9.04,0
nouvelle_energie:parti_dabord:35,nouvelle_energie,parti_dabord,0,false,-0.23,26,8.98,0
nouvelle_energie:parti_dabord:36,nouvelle_energie,parti_dabord,0,false,0.37,27,9.8,0
nouvelle_energie:parti_dabord:37,nouvelle_energie,parti_dabord,0,false,0.37,30,10.07,0
nouvelle_energie:parti_dabord:38,nouvelle_energie,parti_dabord,0,false,0.2,24,8.91,0
nouvelle_energie:parti_dabord:39,nouvelle_energie,parti_dabord,0,false,13.46,28,9.44,0
nouvelle_energie:parti_dabord:40,nouvelle_energie,parti_dabord,1,false,0.46,24,9.02,0
nouvelle_energie:parti_dabord:41,nouvelle_energie,parti_dabord,0,false,5.96,26,9.1,0
nouvelle_energie:parti_dabord:42,nouvelle_energie,parti_dabord,0,false,0.09,27,8.89,0
nouvelle_energie:parti_dabord:43,nouvelle_energie,parti_dabord,0,false,5.8,24,9.06,0
nouvelle_energie:parti_dabord:44,nouvelle_energie,parti_dabord,0,false,-0.13,24,9.31,0
nouvelle_energie:parti_dabord:45,nouvelle_energie,parti_dabord,0,false,-0.38,24,8.97,0
nouvelle_energie:parti_dabord:46,nouvelle_energie,parti_dabord,1,false,-0.05,24,8.83,0
nouvelle_energie:parti_dabord:47,nouvelle_energie,parti_dabord,1,false,5.9,24,8.9,0
nouvelle_energie:parti_dabord:48,nouvelle_energie,parti_dabord,0,false,0.07,24,8.99,0
nouvelle_energie:parti_dabord:49,nouvelle_energie,parti_dabord,0,false,7.06,28,9.07,0
nouvelle_energie:parti_dabord:50,nouvelle_energie,parti_dabord,0,false,0.53,28,9.7,0
nouvelle_energie:parti_dabord:51,nouvelle_energie,parti_dabord,1,false,0.07,24,9.08,0
nouvelle_energie:parti_dabord:52,nouvelle_energie,parti_dabord,0,false,5.7,24,8.88,0
nouvelle_energie:parti_dabord:53,nouvelle_energie,parti_dabord,0,false,0.25,24,10.17,0
nouvelle_energie:parti_dabord:54,nouvelle_energie,parti_dabord,0,false,0.3,28,9.16,0
nouvelle_energie:parti_dabord:55,nouvelle_energie,parti_dabord,0,false,1.24,30,11.79,0
nouvelle_energie:parti_dabord:56,nouvelle_energie,parti_dabord,0,false,-0.36,26,8.97,0
nouvelle_energie:parti_dabord:57,nouvelle_energie,parti_dabord,0,false,0.44,30,9.3,0
nouvelle_energie:parti_dabord:58,nouvelle_energie,parti_dabord,0,false,-0.44,24,8.96,0
nouvelle_energie:parti_dabord:59,nouvelle_energie,parti_dabord,2,false,-0.61,24,8.84,0
nouvelle_energie:parti_dabord:60,nouvelle_energie,parti_dabord,1,false,6.95,24,11.98,0
nouvelle_energie:parti_dabord:61,nouvelle_energie,parti_dabord,0,false,0.16,26,8.88,0
nouvelle_energie:parti_dabord:62,nouvelle_energie,parti_dabord,1,false,8.39,27,10.14,0
nouvelle_energie:parti_dabord:63,nouvelle_energie,parti_dabord,1,false,0.13,24,9.05,0
nouvelle_energie:parti_dabord:64,nouvelle_energie,parti_dabord,0,false,0.56,24,9.23,0
nouvelle_energie:parti_dabord:65,nouvelle_energie,parti_dabord,0,false,0.16,24,9.06,0
nouvelle_energie:parti_dabord:66,nouvelle_energie,parti_dabord,0,false,-0.16,27,8.86,0
nouvelle_energie:parti_dabord:67,nouvelle_energie,parti_dabord,0,false,0.06,24,8.93,0
nouvelle_energie:parti_dabord:68,nouvelle_energie,parti_dabord,1,false,0.57,24,9.78,0
nouvelle_energie:parti_dabord:69,nouvelle_energie,parti_dabord,0,false,5.76,26,8.99,0
nouvelle_energie:parti_dabord:70,nouvelle_energie,parti_dabord,0,false,0.26,24,9.02,0
nouvelle_energie:parti_dabord:71,nouvelle_energie,parti_dabord,0,false,0,29,8.96,0
nouvelle_energie:parti_dabord:72,nouvelle_energie,parti_dabord,2,false,1.6,24,10.17,0
nouvelle_energie:parti_dabord:73,nouvelle_energie,parti_dabord,0,false,13.43,28,9.12,0
nouvelle_energie:parti_dabord:74,nouvelle_energie,parti_dabord,1,false,0.87,26,10.39,0
nouvelle_energie:parti_dabord:75,nouvelle_energie,parti_dabord,0,false,-0.14,27,8.97,0
nouvelle_energie:parti_dabord:76,nouvelle_energie,parti_dabord,0,false,6.1,24,9.22,0
nouvelle_energie:parti_dabord:77,nouvelle_energie,parti_dabord,0,false,5.98,24,8.98,0
nouvelle_energie:parti_dabord:78,nouvelle_energie,parti_dabord,0,false,-0.45,28,8.92,0
nouvelle_energie:parti_dabord:79,nouvelle_energie,parti_dabord,0,false,0.41,24,9.4,0
nouvelle_energie:parti_dabord:80,nouvelle_energie,parti_dabord,0,false,0.5,28,9.12,0
nouvelle_energie:parti_dabord:81,nouvelle_energie,parti_dabord,0,false,0.11,28,8.88,0
nouvelle_energie:parti_dabord:82,nouvelle_energie,parti_dabord,1,false,5.97,26,8.99,0
nouvelle_energie:parti_dabord:83,nouvelle_energie,parti_dabord,0,false,6.21,24,9.11,0
nouvelle_energie:parti_dabord:84,nouvelle_energie,parti_dabord,0,false,0.18,24,8.88,0
nouvelle_energie:parti_dabord:85,nouvelle_energie,parti_dabord,1,false,-0.35,28,8.95,0
nouvelle_energie:parti_dabord:86,nouvelle_energie,parti_dabord,1,false,-0.31,24,8.82,0
nouvelle_energie:parti_dabord:87,nouvelle_energie,parti_dabord,0,false,8.25,24,8.88,0
nouvelle_energie:parti_dabord:88,nouvelle_energie,parti_dabord,0,false,6.36,28,9.01,0
nouvelle_energie:parti_dabord:89,nouvelle_energie,parti_dabord,1,false,0.14,24,8.86,0
nouvelle_energie:parti_dabord:90,nouvelle_energie,parti_dabord,0,false,-0.07,24,8.93,0
nouvelle_energie:parti_dabord:91,nouvelle_energie,parti_dabord,0,false,5.85,24,8.9,0
nouvelle_energie:parti_dabord:92,nouvelle_energie,parti_dabord,0,false,0.38,24,8.9,0
nouvelle_energie:parti_dabord:93,nouvelle_energie,parti_dabord,0,false,-0.15,24,8.93,0
nouvelle_energie:parti_dabord:94,nouvelle_energie,parti_dabord,0,false,6.12,24,9.18,0
nouvelle_energie:parti_dabord:95,nouvelle_energie,parti_dabord,1,false,5.55,26,8.96,0
nouvelle_energie:parti_dabord:96,nouvelle_energie,parti_dabord,0,false,6.26,24,8.91,0
nouvelle_energie:parti_dabord:97,nouvelle_energie,parti_dabord,0,false,7.2,28,8.81,0
nouvelle_energie:parti_dabord:98,nouvelle_energie,parti_dabord,0,false,-0.24,24,8.84,0
nouvelle_energie:parti_dabord:99,nouvelle_energie,parti_dabord,0,false,-1.56,27,8.94,0
nouvelle_energie:parti_dabord:100,nouvelle_energie,parti_dabord,0,false,-0.09,24,8.93,0
nouvelle_energie:parti_dabord:101,nouvelle_energie,parti_dabord,0,false,0.26,26,9.24,0
nouvelle_energie:parti_dabord:102,nouvelle_energie,parti_dabord,0,false,0.52,26,9.79,0
nouvelle_energie:parti_dabord:103,nouvelle_energie,parti_dabord,0,false,0.4,24,10.17,0
nouvelle_energie:parti_dabord:104,nouvelle_energie,parti_dabord,0,false,-0.11,26,8.99,0
nouvelle_energie:parti_dabord:105,nouvelle_energie,parti_dabord,1,false,6.86,30,11.48,0
nouvelle_energie:parti_dabord:106,nouvelle_energie,parti_dabord,0,false,-0.51,26,8.89,0
nouvelle_energie:parti_dabord:107,nouvelle_energie,parti_dabord,0,false,-0.13,24,8.89,0
nouvelle_energie:parti_dabord:108,nouvelle_energie,parti_dabord,1,false,6.16,24,9,0
nouvelle_energie:parti_dabord:109,nouvelle_energie,parti_dabord,1,false,-0.01,24,9.4,0
nouvelle_energie:parti_dabord:110,nouvelle_energie,parti_dabord,0,false,-0.29,29,9.13,0
nouvelle_energie:parti_dabord:111,nouvelle_energie,parti_dabord,0,false,5.06,28,9.15,0
nouvelle_energie:parti_dabord:112,nouvelle_energie,parti_dabord,0,false,6.59,29,8.91,0
nouvelle_energie:parti_dabord:113,nouvelle_energie,parti_dabord,0,false,7.03,29,9.04,0
nouvelle_energie:parti_dabord:114,nouvelle_energie,parti_dabord,0,false,13.32,24,8.98,0
nouvelle_energie:parti_dabord:115,nouvelle_energie,parti_dabord,1,false,6.02,24,9.23,0
nouvelle_energie:parti_dabord:116,nouvelle_energie,parti_dabord,0,false,0.34,24,8.96,0
nouvelle_energie:parti_dabord:117,nouvelle_energie,parti_dabord,1,false,6.02,24,8.85,0
nouvelle_energie:parti_dabord:118,nouvelle_energie,parti_dabord,0,false,0.11,24,8.86,0
nouvelle_energie:parti_dabord:119,nouvelle_energie,parti_dabord,0,false,0.35,24,8.97,0
nouvelle_energie:parti_dabord:120,nouvelle_energie,parti_dabord,1,false,5.42,29,8.88,0
nouvelle_energie:parti_dabord:121,nouvelle_energie,parti_dabord,1,false,0.12,24,8.99,0
nouvelle_energie:parti_dabord:122,nouvelle_energie,parti_dabord,1,false,6.04,29,9.14,0
nouvelle_energie:parti_dabord:123,nouvelle_energie,parti_dabord,0,false,6.41,24,9.04,0
nouvelle_energie:parti_dabord:124,nouvelle_energie,parti_dabord,1,false,0.22,24,9.04,0
nouvelle_energie:parti_dabord:125,nouvelle_energie,parti_dabord,0,false,0.76,24,10.13,0
nouvelle_energie:parti_dabord:126,nouvelle_energie,parti_dabord,0,false,-0.07,24,8.93,0
nouvelle_energie:parti_dabord:127,nouvelle_energie,parti_dabord,0,false,-0.19,24,8.78,0
nouvelle_energie:parti_dabord:128,nouvelle_energie,parti_dabord,0,false,6.18,28,8.94,0
nouvelle_energie:parti_dabord:129,nouvelle_energie,parti_dabord,0,false,5.94,24,9.05,0
nouvelle_energie:parti_dabord:130,nouvelle_energie,parti_dabord,0,false,0.5,24,9.47,0
nouvelle_energie:parti_dabord:131,nouvelle_energie,parti_dabord,0,false,0.27,24,9.04,0
nouvelle_energie:parti_dabord:132,nouvelle_energie,parti_dabord,0,false,0.33,24,8.99,0
nouvelle_energie:parti_dabord:133,nouvelle_energie,parti_dabord,0,false,8.23,25,9.33,0
nouvelle_energie:parti_dabord:134,nouvelle_energie,parti_dabord,1,false,0.73,24,11.77,0
nouvelle_energie:parti_dabord:135,nouvelle_energie,parti_dabord,0,false,0.34,24,9.88,0
nouvelle_energie:parti_dabord:136,nouvelle_energie,parti_dabord,0,false,0.24,26,8.88,0
nouvelle_energie:parti_dabord:137,nouvelle_energie,parti_dabord,1,false,7.26,27,8.89,0
nouvelle_energie:parti_dabord:138,nouvelle_energie,parti_dabord,0,false,6.35,25,9.04,0
nouvelle_energie:parti_dabord:139,nouvelle_energie,parti_dabord,0,false,6.76,25,9.13,0
nouvelle_energie:parti_dabord:140,nouvelle_energie,parti_dabord,1,false,0.2,24,8.96,0
nouvelle_energie:parti_dabord:141,nouvelle_energie,parti_dabord,1,false,8.02,24,9.37,0
nouvelle_energie:parti_dabord:142,nouvelle_energie,parti_dabord,0,false,0.2,27,8.88,0
nouvelle_energie:parti_dabord:143,nouvelle_energie,parti_dabord,1,false,0.14,24,9.03,0
nouvelle_energie:parti_dabord:144,nouvelle_energie,parti_dabord,0,false,5.7,26,9.03,0
nouvelle_energie:parti_dabord:145,nouvelle_energie,parti_dabord,0,false,0.21,27,9.07,0
nouvelle_energie:parti_dabord:146,nouvelle_energie,parti_dabord,0,false,-0.08,26,8.8,0
nouvelle_energie:parti_dabord:147,nouvelle_energie,parti_dabord,0,false,-0.19,24,8.86,0
nouvelle_energie:parti_dabord:148,nouvelle_energie,parti_dabord,0,false,-0.76,30,9.08,0
nouvelle_energie:parti_dabord:149,nouvelle_energie,parti_dabord,0,false,0.96,24,11.65,0
nouvelle_energie:mediatique:0,nouvelle_energie,mediatique,0,false,6.09,27,9.06,0
nouvelle_energie:mediatique:1,nouvelle_energie,mediatique,1,false,0.13,24,9.56,0
nouvelle_energie:mediatique:2,nouvelle_energie,mediatique,1,false,5.69,24,8.92,0
nouvelle_energie:mediatique:3,nouvelle_energie,mediatique,1,false,0.27,27,9.31,0
nouvelle_energie:mediatique:4,nouvelle_energie,mediatique,1,false,-0.14,24,9.02,0
nouvelle_energie:mediatique:5,nouvelle_energie,mediatique,1,false,0.17,24,9.87,0
nouvelle_energie:mediatique:6,nouvelle_energie,mediatique,1,false,0.46,24,10.71,0
nouvelle_energie:mediatique:7,nouvelle_energie,mediatique,0,false,-0.34,24,9.06,0
nouvelle_energie:mediatique:8,nouvelle_energie,mediatique,0,false,-0.41,24,8.99,0
nouvelle_energie:mediatique:9,nouvelle_energie,mediatique,0,false,-0.07,24,8.98,0
nouvelle_energie:mediatique:10,nouvelle_energie,mediatique,0,false,0.55,29,10.23,0
nouvelle_energie:mediatique:11,nouvelle_energie,mediatique,0,false,9.03,24,10.09,0
nouvelle_energie:mediatique:12,nouvelle_energie,mediatique,1,false,-0.16,24,8.93,0
nouvelle_energie:mediatique:13,nouvelle_energie,mediatique,0,false,6.98,24,11.74,0
nouvelle_energie:mediatique:14,nouvelle_energie,mediatique,0,false,0.53,24,10.38,0
nouvelle_energie:mediatique:15,nouvelle_energie,mediatique,0,false,5.81,24,8.95,0
nouvelle_energie:mediatique:16,nouvelle_energie,mediatique,0,false,-0.34,27,9.14,0
nouvelle_energie:mediatique:17,nouvelle_energie,mediatique,0,false,5.82,24,8.83,0
nouvelle_energie:mediatique:18,nouvelle_energie,mediatique,1,false,0.55,26,9.79,0
nouvelle_energie:mediatique:19,nouvelle_energie,mediatique,0,false,-0.09,29,9.13,0
nouvelle_energie:mediatique:20,nouvelle_energie,mediatique,1,false,7.76,28,9.27,0
nouvelle_energie:mediatique:21,nouvelle_energie,mediatique,0,false,-0.11,24,9.21,0
nouvelle_energie:mediatique:22,nouvelle_energie,mediatique,0,false,-0.01,30,8.84,0
nouvelle_energie:mediatique:23,nouvelle_energie,mediatique,0,false,-0.19,24,8.94,0
nouvelle_energie:mediatique:24,nouvelle_energie,mediatique,1,false,6.2,24,9.55,0
nouvelle_energie:mediatique:25,nouvelle_energie,mediatique,0,false,-0.03,26,9.09,0
nouvelle_energie:mediatique:26,nouvelle_energie,mediatique,0,false,8.43,24,9.04,0
nouvelle_energie:mediatique:27,nouvelle_energie,mediatique,0,false,-0.84,28,8.91,0
nouvelle_energie:mediatique:28,nouvelle_energie,mediatique,1,false,-0.11,24,8.87,0
nouvelle_energie:mediatique:29,nouvelle_energie,mediatique,0,false,8.76,24,9.93,0
nouvelle_energie:mediatique:30,nouvelle_energie,mediatique,0,false,-0.19,24,9.22,0
nouvelle_energie:mediatique:31,nouvelle_energie,mediatique,0,false,0.34,27,10.79,0
nouvelle_energie:mediatique:32,nouvelle_energie,mediatique,0,false,6.44,24,9.26,0
nouvelle_energie:mediatique:33,nouvelle_energie,mediatique,1,false,-0.27,26,9.06,0
nouvelle_energie:mediatique:34,nouvelle_energie,mediatique,0,false,-0.24,24,8.95,0
nouvelle_energie:mediatique:35,nouvelle_energie,mediatique,0,false,0.34,27,9.71,0
nouvelle_energie:mediatique:36,nouvelle_energie,mediatique,0,false,-0.08,27,8.91,0
nouvelle_energie:mediatique:37,nouvelle_energie,mediatique,0,false,-0.46,26,8.82,0
nouvelle_energie:mediatique:38,nouvelle_energie,mediatique,0,false,0.5,24,10.36,0
nouvelle_energie:mediatique:39,nouvelle_energie,mediatique,0,false,0.51,24,9.52,0
nouvelle_energie:mediatique:40,nouvelle_energie,mediatique,0,false,0.07,24,8.91,0
nouvelle_energie:mediatique:41,nouvelle_energie,mediatique,1,false,-0.33,24,9.11,0
nouvelle_energie:mediatique:42,nouvelle_energie,mediatique,0,false,0.54,24,9.79,0
nouvelle_energie:mediatique:43,nouvelle_energie,mediatique,1,false,0.34,24,9.51,0
nouvelle_energie:mediatique:44,nouvelle_energie,mediatique,1,false,0.14,24,9.08,0
nouvelle_energie:mediatique:45,nouvelle_energie,mediatique,0,false,8.5,28,9.06,0
nouvelle_energie:mediatique:46,nouvelle_energie,mediatique,0,false,-0.21,26,9.06,0
nouvelle_energie:mediatique:47,nouvelle_energie,mediatique,0,false,-0.01,24,8.86,0
nouvelle_energie:mediatique:48,nouvelle_energie,mediatique,0,false,0.36,24,9.11,0
nouvelle_energie:mediatique:49,nouvelle_energie,mediatique,0,false,9.25,24,9.97,0
nouvelle_energie:mediatique:50,nouvelle_energie,mediatique,0,false,-0.16,26,8.88,0
nouvelle_energie:mediatique:51,nouvelle_energie,mediatique,0,false,14.18,24,9.22,0
nouvelle_energie:mediatique:52,nouvelle_energie,mediatique,0,false,6.02,27,8.93,0
nouvelle_energie:mediatique:53,nouvelle_energie,mediatique,0,false,-0.46,24,9.07,0
nouvelle_energie:mediatique:54,nouvelle_energie,mediatique,0,false,-0.43,29,9.05,0
nouvelle_energie:mediatique:55,nouvelle_energie,mediatique,0,false,7.56,30,10.5,0
nouvelle_energie:mediatique:56,nouvelle_energie,mediatique,0,false,-0.07,28,8.86,0
nouvelle_energie:mediatique:57,nouvelle_energie,mediatique,1,false,-0.02,27,8.84,0
nouvelle_energie:mediatique:58,nouvelle_energie,mediatique,0,false,8.57,24,9.15,0
nouvelle_energie:mediatique:59,nouvelle_energie,mediatique,0,false,4.63,30,8.9,0
nouvelle_energie:mediatique:60,nouvelle_energie,mediatique,0,false,13.47,24,9.35,0
nouvelle_energie:mediatique:61,nouvelle_energie,mediatique,1,false,10.57,24,9.07,0
nouvelle_energie:mediatique:62,nouvelle_energie,mediatique,0,false,0.1,24,9.28,0
nouvelle_energie:mediatique:63,nouvelle_energie,mediatique,1,false,5.64,24,8.99,0
nouvelle_energie:mediatique:64,nouvelle_energie,mediatique,0,false,0.4,24,9.56,0
nouvelle_energie:mediatique:65,nouvelle_energie,mediatique,0,false,0.23,24,9.12,0
nouvelle_energie:mediatique:66,nouvelle_energie,mediatique,0,false,13.85,26,8.91,0
nouvelle_energie:mediatique:67,nouvelle_energie,mediatique,0,false,6.93,28,9.92,0
nouvelle_energie:mediatique:68,nouvelle_energie,mediatique,0,false,0.57,24,10.24,0
nouvelle_energie:mediatique:69,nouvelle_energie,mediatique,0,false,0.18,27,9.05,0
nouvelle_energie:mediatique:70,nouvelle_energie,mediatique,0,false,0.13,24,9.75,0
nouvelle_energie:mediatique:71,nouvelle_energie,mediatique,1,false,7.34,24,8.94,0
nouvelle_energie:mediatique:72,nouvelle_energie,mediatique,0,false,-0.27,29,8.99,0
nouvelle_energie:mediatique:73,nouvelle_energie,mediatique,0,false,-0.06,24,9.41,0
nouvelle_energie:mediatique:74,nouvelle_energie,mediatique,1,false,-0.35,24,9.11,0
nouvelle_energie:mediatique:75,nouvelle_energie,mediatique,1,false,6,24,8.98,0
nouvelle_energie:mediatique:76,nouvelle_energie,mediatique,0,false,7.13,29,9.27,0
nouvelle_energie:mediatique:77,nouvelle_energie,mediatique,0,false,0.65,24,8.92,0
nouvelle_energie:mediatique:78,nouvelle_energie,mediatique,0,false,-0.11,24,8.93,0
nouvelle_energie:mediatique:79,nouvelle_energie,mediatique,0,false,0.48,28,11,0
nouvelle_energie:mediatique:80,nouvelle_energie,mediatique,0,false,-0.32,24,8.87,0
nouvelle_energie:mediatique:81,nouvelle_energie,mediatique,1,false,0.56,24,10.29,0
nouvelle_energie:mediatique:82,nouvelle_energie,mediatique,1,false,6.73,24,9.57,0
nouvelle_energie:mediatique:83,nouvelle_energie,mediatique,1,false,5.93,24,9.05,0
nouvelle_energie:mediatique:84,nouvelle_energie,mediatique,0,false,7.69,29,9.03,0
nouvelle_energie:mediatique:85,nouvelle_energie,mediatique,0,false,0.42,24,10.68,0
nouvelle_energie:mediatique:86,nouvelle_energie,mediatique,0,false,0.14,27,9.17,0
nouvelle_energie:mediatique:87,nouvelle_energie,mediatique,0,false,7.93,24,9.07,0
nouvelle_energie:mediatique:88,nouvelle_energie,mediatique,0,false,5.76,28,9,0
nouvelle_energie:mediatique:89,nouvelle_energie,mediatique,0,false,5.31,24,8.99,0
nouvelle_energie:mediatique:90,nouvelle_energie,mediatique,0,false,8.46,28,9.09,0
nouvelle_energie:mediatique:91,nouvelle_energie,mediatique,1,false,0.1,28,9.17,0
nouvelle_energie:mediatique:92,nouvelle_energie,mediatique,0,false,-0.04,24,8.87,0
nouvelle_energie:mediatique:93,nouvelle_energie,mediatique,0,false,-0.28,24,8.91,0
nouvelle_energie:mediatique:94,nouvelle_energie,mediatique,0,false,5.83,24,9.18,0
nouvelle_energie:mediatique:95,nouvelle_energie,mediatique,1,false,7.49,24,8.98,0
nouvelle_energie:mediatique:96,nouvelle_energie,mediatique,0,false,-0.07,26,8.89,0
nouvelle_energie:mediatique:97,nouvelle_energie,mediatique,0,false,-0.33,26,9.26,0
nouvelle_energie:mediatique:98,nouvelle_energie,mediatique,0,false,-0.06,24,8.94,0
nouvelle_energie:mediatique:99,nouvelle_energie,mediatique,1,false,-0.19,24,9.21,0
nouvelle_energie:mediatique:100,nouvelle_energie,mediatique,1,false,1.34,27,10.64,0
nouvelle_energie:mediatique:101,nouvelle_energie,mediatique,0,false,6.71,24,10.83,0
nouvelle_energie:mediatique:102,nouvelle_energie,mediatique,0,false,-0.1,24,8.91,0
nouvelle_energie:mediatique:103,nouvelle_energie,mediatique,0,false,0.21,26,9.31,0
nouvelle_energie:mediatique:104,nouvelle_energie,mediatique,0,false,-0.01,24,9.08,0
nouvelle_energie:mediatique:105,nouvelle_energie,mediatique,1,false,6.61,27,10.35,0
nouvelle_energie:mediatique:106,nouvelle_energie,mediatique,0,false,-0.63,30,9,0
nouvelle_energie:mediatique:107,nouvelle_energie,mediatique,0,false,0.27,24,9.03,0
nouvelle_energie:mediatique:108,nouvelle_energie,mediatique,0,false,-0.1,24,9.67,0
nouvelle_energie:mediatique:109,nouvelle_energie,mediatique,0,false,5.99,24,8.98,0
nouvelle_energie:mediatique:110,nouvelle_energie,mediatique,0,false,-0.56,28,9.02,0
nouvelle_energie:mediatique:111,nouvelle_energie,mediatique,0,false,0.29,24,9.41,0
nouvelle_energie:mediatique:112,nouvelle_energie,mediatique,0,false,5.86,27,8.86,0
nouvelle_energie:mediatique:113,nouvelle_energie,mediatique,0,false,0.23,24,8.89,0
nouvelle_energie:mediatique:114,nouvelle_energie,mediatique,0,false,0.52,24,10.04,0
nouvelle_energie:mediatique:115,nouvelle_energie,mediatique,0,false,5.83,24,8.87,0
nouvelle_energie:mediatique:116,nouvelle_energie,mediatique,0,false,7.8,24,9.41,0
nouvelle_energie:mediatique:117,nouvelle_energie,mediatique,1,false,-0.26,27,9,0
nouvelle_energie:mediatique:118,nouvelle_energie,mediatique,0,false,5.93,24,9.05,0
nouvelle_energie:mediatique:119,nouvelle_energie,mediatique,0,false,6.25,24,9.11,0
nouvelle_energie:mediatique:120,nouvelle_energie,mediatique,0,false,-0.51,28,8.99,0
nouvelle_energie:mediatique:121,nouvelle_energie,mediatique,0,false,0.32,26,9,0
nouvelle_energie:mediatique:122,nouvelle_energie,mediatique,0,false,8.51,24,9.09,0
nouvelle_energie:mediatique:123,nouvelle_energie,mediatique,0,false,-0.45,27,8.95,0
nouvelle_energie:mediatique:124,nouvelle_energie,mediatique,0,false,0.26,28,10.39,0
nouvelle_energie:mediatique:125,nouvelle_energie,mediatique,1,false,0.05,24,9.11,0
nouvelle_energie:mediatique:126,nouvelle_energie,mediatique,0,false,0.15,24,8.95,0
nouvelle_energie:mediatique:127,nouvelle_energie,mediatique,1,false,0.28,24,8.83,0
nouvelle_energie:mediatique:128,nouvelle_energie,mediatique,0,false,-0.11,26,8.89,0
nouvelle_energie:mediatique:129,nouvelle_energie,mediatique,0,false,5.91,24,8.9,0
nouvelle_energie:mediatique:130,nouvelle_energie,mediatique,0,false,0.59,24,9.57,0
nouvelle_energie:mediatique:131,nouvelle_energie,mediatique,0,false,9.23,24,9.32,0
nouvelle_energie:mediatique:132,nouvelle_energie,mediatique,0,false,13.36,26,9.42,0
nouvelle_energie:mediatique:133,nouvelle_energie,mediatique,1,false,-0.17,30,8.91,0
nouvelle_energie:mediatique:134,nouvelle_energie,mediatique,0,false,-0.27,24,9.14,0
nouvelle_energie:mediatique:135,nouvelle_energie,mediatique,0,false,5.89,26,9.06,0
nouvelle_energie:mediatique:136,nouvelle_energie,mediatique,0,false,5.98,28,9.16,0
nouvelle_energie:mediatique:137,nouvelle_energie,mediatique,1,false,-0.01,28,8.92,0
nouvelle_energie:mediatique:138,nouvelle_energie,mediatique,1,false,-0.01,24,9.13,0
nouvelle_energie:mediatique:139,nouvelle_energie,mediatique,1,false,-0.35,26,9.06,0
nouvelle_energie:mediatique:140,nouvelle_energie,mediatique,0,false,0.23,24,9.9,0
nouvelle_energie:mediatique:141,nouvelle_energie,mediatique,1,false,-0.53,24,9,0
nouvelle_energie:mediatique:142,nouvelle_energie,mediatique,0,false,-0.17,24,9.15,0
nouvelle_energie:mediatique:143,nouvelle_energie,mediatique,0,false,5.65,26,9.14,0
nouvelle_energie:mediatique:144,nouvelle_energie,mediatique,0,false,0.14,29,9.05,0
nouvelle_energie:mediatique:145,nouvelle_energie,mediatique,0,false,0.52,24,9.71,0
nouvelle_energie:mediatique:146,nouvelle_energie,mediatique,1,false,6.4,24,9.39,0
nouvelle_energie:mediatique:147,nouvelle_energie,mediatique,0,false,6.12,24,8.98,0
nouvelle_energie:mediatique:148,nouvelle_energie,mediatique,1,false,7.99,24,9.03,0
nouvelle_energie:mediatique:149,nouvelle_energie,mediatique,1,false,8.15,24,9.07,0
nouvelle_energie:contrarien:0,nouvelle_energie,contrarien,0,false,5.56,26,8.93,0
nouvelle_energie:contrarien:1,nouvelle_energie,contrarien,1,false,8.84,24,9.12,0
nouvelle_energie:contrarien:2,nouvelle_energie,contrarien,0,false,9.26,24,8.94,0
nouvelle_energie:contrarien:3,nouvelle_energie,contrarien,0,false,-0.3,24,9.09,0
nouvelle_energie:contrarien:4,nouvelle_energie,contrarien,0,false,5.84,24,9.18,0
nouvelle_energie:contrarien:5,nouvelle_energie,contrarien,1,false,-0.74,27,9.08,0
nouvelle_energie:contrarien:6,nouvelle_energie,contrarien,0,false,8.81,24,9.56,0
nouvelle_energie:contrarien:7,nouvelle_energie,contrarien,0,false,0.08,24,8.86,0
nouvelle_energie:contrarien:8,nouvelle_energie,contrarien,0,false,7.71,24,9.67,0
nouvelle_energie:contrarien:9,nouvelle_energie,contrarien,1,false,-0.28,24,8.86,0
nouvelle_energie:contrarien:10,nouvelle_energie,contrarien,1,false,0.07,24,9.23,0
nouvelle_energie:contrarien:11,nouvelle_energie,contrarien,0,false,-0.22,24,9.1,0
nouvelle_energie:contrarien:12,nouvelle_energie,contrarien,0,false,-0.28,24,9,0
nouvelle_energie:contrarien:13,nouvelle_energie,contrarien,1,false,5.43,24,8.94,0
nouvelle_energie:contrarien:14,nouvelle_energie,contrarien,0,false,6.22,24,9.64,0
nouvelle_energie:contrarien:15,nouvelle_energie,contrarien,1,false,0.25,24,9.7,0
nouvelle_energie:contrarien:16,nouvelle_energie,contrarien,0,false,14.88,24,8.95,0
nouvelle_energie:contrarien:17,nouvelle_energie,contrarien,0,false,5.55,24,9.02,0
nouvelle_energie:contrarien:18,nouvelle_energie,contrarien,0,false,6.66,24,10.54,0
nouvelle_energie:contrarien:19,nouvelle_energie,contrarien,1,false,8.61,24,8.98,0
nouvelle_energie:contrarien:20,nouvelle_energie,contrarien,0,false,0.15,24,9.84,0
nouvelle_energie:contrarien:21,nouvelle_energie,contrarien,0,false,-0.32,27,9.02,0
nouvelle_energie:contrarien:22,nouvelle_energie,contrarien,1,false,-0.23,24,9.13,0
nouvelle_energie:contrarien:23,nouvelle_energie,contrarien,0,false,5.96,26,9.01,0
nouvelle_energie:contrarien:24,nouvelle_energie,contrarien,0,false,8.32,24,9.09,0
nouvelle_energie:contrarien:25,nouvelle_energie,contrarien,0,false,9.41,24,8.99,0
nouvelle_energie:contrarien:26,nouvelle_energie,contrarien,0,false,5.68,24,9.22,0
nouvelle_energie:contrarien:27,nouvelle_energie,contrarien,0,false,7.32,24,9.2,0
nouvelle_energie:contrarien:28,nouvelle_energie,contrarien,0,false,8.05,24,9.13,0
nouvelle_energie:contrarien:29,nouvelle_energie,contrarien,1,false,5.71,24,8.98,0
nouvelle_energie:contrarien:30,nouvelle_energie,contrarien,0,false,7.87,24,10.89,0
nouvelle_energie:contrarien:31,nouvelle_energie,contrarien,1,false,14.84,24,9.68,0
nouvelle_energie:contrarien:32,nouvelle_energie,contrarien,0,false,13.91,24,9.23,0
nouvelle_energie:contrarien:33,nouvelle_energie,contrarien,0,false,13.27,24,9.16,0
nouvelle_energie:contrarien:34,nouvelle_energie,contrarien,1,false,-0.17,24,9.07,0
nouvelle_energie:contrarien:35,nouvelle_energie,contrarien,1,false,0.86,24,11.23,0
nouvelle_energie:contrarien:36,nouvelle_energie,contrarien,0,false,0.39,24,10.25,0
nouvelle_energie:contrarien:37,nouvelle_energie,contrarien,0,false,14.17,24,9.2,0
nouvelle_energie:contrarien:38,nouvelle_energie,contrarien,1,false,10.72,24,9.05,0
nouvelle_energie:contrarien:39,nouvelle_energie,contrarien,0,false,8.25,24,9.48,0
nouvelle_energie:contrarien:40,nouvelle_energie,contrarien,0,false,9.02,24,9.12,0
nouvelle_energie:contrarien:41,nouvelle_energie,contrarien,0,false,0.3,24,8.99,0
nouvelle_energie:contrarien:42,nouvelle_energie,contrarien,0,false,8.03,24,9.43,0
nouvelle_energie:contrarien:43,nouvelle_energie,contrarien,0,false,-0.17,24,8.86,0
nouvelle_energie:contrarien:44,nouvelle_energie,contrarien,0,false,0,30,9.01,0
nouvelle_energie:contrarien:45,nouvelle_energie,contrarien,0,false,8.71,24,9.21,0
nouvelle_energie:contrarien:46,nouvelle_energie,contrarien,0,false,-0.22,24,9.21,0
nouvelle_energie:contrarien:47,nouvelle_energie,contrarien,1,false,-0.49,24,8.87,0
nouvelle_energie:contrarien:48,nouvelle_energie,contrarien,0,false,0.03,24,9.36,0
nouvelle_energie:contrarien:49,nouvelle_energie,contrarien,1,false,7.98,24,11.95,0
nouvelle_energie:contrarien:50,nouvelle_energie,contrarien,0,false,0,24,9.05,0
nouvelle_energie:contrarien:51,nouvelle_energie,contrarien,1,false,20.64,0,46.66,46.69
nouvelle_energie:contrarien:52,nouvelle_energie,contrarien,1,false,0.33,24,9.08,0
nouvelle_energie:contrarien:53,nouvelle_energie,contrarien,0,false,5.91,24,9.07,0
nouvelle_energie:contrarien:54,nouvelle_energie,contrarien,0,false,8.15,24,9.26,0
nouvelle_energie:contrarien:55,nouvelle_energie,contrarien,0,false,0.43,28,9.89,0
nouvelle_energie:contrarien:56,nouvelle_energie,contrarien,0,false,7.9,24,9.29,0
nouvelle_energie:contrarien:57,nouvelle_energie,contrarien,1,false,8.77,24,9.09,0
nouvelle_energie:contrarien:58,nouvelle_energie,contrarien,0,false,6.12,24,9.58,0
nouvelle_energie:contrarien:59,nouvelle_energie,contrarien,0,false,6.06,24,9.31,0
nouvelle_energie:contrarien:60,nouvelle_energie,contrarien,0,false,13.86,24,8.99,0
nouvelle_energie:contrarien:61,nouvelle_energie,contrarien,0,false,7.79,24,9.03,0
nouvelle_energie:contrarien:62,nouvelle_energie,contrarien,0,false,7.86,30,9.38,0
nouvelle_energie:contrarien:63,nouvelle_energie,contrarien,0,false,-0.08,24,9.79,0
nouvelle_energie:contrarien:64,nouvelle_energie,contrarien,0,false,9,24,10.11,0
nouvelle_energie:contrarien:65,nouvelle_energie,contrarien,0,false,8.28,24,8.99,0
nouvelle_energie:contrarien:66,nouvelle_energie,contrarien,0,false,14.53,24,9.06,0
nouvelle_energie:contrarien:67,nouvelle_energie,contrarien,0,false,0.1,24,8.89,0
nouvelle_energie:contrarien:68,nouvelle_energie,contrarien,0,false,7.97,24,9.07,0
nouvelle_energie:contrarien:69,nouvelle_energie,contrarien,0,false,5.85,24,9.26,0
nouvelle_energie:contrarien:70,nouvelle_energie,contrarien,0,false,8.89,24,9.79,0
nouvelle_energie:contrarien:71,nouvelle_energie,contrarien,0,false,8.45,24,8.93,0
nouvelle_energie:contrarien:72,nouvelle_energie,contrarien,0,false,0.49,24,10.26,0
nouvelle_energie:contrarien:73,nouvelle_energie,contrarien,1,false,0.14,24,9.72,0
nouvelle_energie:contrarien:74,nouvelle_energie,contrarien,0,false,-0.41,24,8.96,0
nouvelle_energie:contrarien:75,nouvelle_energie,contrarien,0,false,-0.47,24,8.96,0
nouvelle_energie:contrarien:76,nouvelle_energie,contrarien,0,false,-0.16,24,9.15,0
nouvelle_energie:contrarien:77,nouvelle_energie,contrarien,1,false,6.25,24,9.54,0
nouvelle_energie:contrarien:78,nouvelle_energie,contrarien,0,false,0.19,24,9.24,0
nouvelle_energie:contrarien:79,nouvelle_energie,contrarien,0,false,14.17,24,8.96,0
nouvelle_energie:contrarien:80,nouvelle_energie,contrarien,0,false,7.59,24,9,0
nouvelle_energie:contrarien:81,nouvelle_energie,contrarien,1,false,-0.55,24,9.19,0
nouvelle_energie:contrarien:82,nouvelle_energie,contrarien,0,false,-0.05,24,9.28,0
nouvelle_energie:contrarien:83,nouvelle_energie,contrarien,0,false,0.49,24,9.34,0
nouvelle_energie:contrarien:84,nouvelle_energie,contrarien,0,false,-0.24,24,9.13,0
nouvelle_energie:contrarien:85,nouvelle_energie,contrarien,1,false,8.91,24,9.04,0
nouvelle_energie:contrarien:86,nouvelle_energie,contrarien,0,false,0.53,24,11.06,0
nouvelle_energie:contrarien:87,nouvelle_energie,contrarien,0,false,8.24,24,8.9,0
nouvelle_energie:contrarien:88,nouvelle_energie,contrarien,0,false,0.28,24,10.14,0
nouvelle_energie:contrarien:89,nouvelle_energie,contrarien,0,false,-0.33,24,8.86,0
nouvelle_energie:contrarien:90,nouvelle_energie,contrarien,0,false,8.66,24,9.21,0
nouvelle_energie:contrarien:91,nouvelle_energie,contrarien,0,false,8.51,30,9.21,0
nouvelle_energie:contrarien:92,nouvelle_energie,contrarien,0,false,-0.21,24,9.01,0
nouvelle_energie:contrarien:93,nouvelle_energie,contrarien,0,false,7.39,29,10.39,0
nouvelle_energie:contrarien:94,nouvelle_energie,contrarien,0,false,13.13,24,8.89,0
nouvelle_energie:contrarien:95,nouvelle_energie,contrarien,0,false,8.68,24,10.04,0
nouvelle_energie:contrarien:96,nouvelle_energie,contrarien,0,false,0.13,24,9.89,0
nouvelle_energie:contrarien:97,nouvelle_energie,contrarien,0,false,-0.5,30,9.01,0
nouvelle_energie:contrarien:98,nouvelle_energie,contrarien,0,false,0.14,24,9,0
nouvelle_energie:contrarien:99,nouvelle_energie,contrarien,0,false,7.39,24,8.93,0
nouvelle_energie:contrarien:100,nouvelle_energie,contrarien,0,false,0.2,24,9.5,0
nouvelle_energie:contrarien:101,nouvelle_energie,contrarien,0,false,8.38,24,9.01,0
nouvelle_energie:contrarien:102,nouvelle_energie,contrarien,0,false,8.01,24,9.32,0
nouvelle_energie:contrarien:103,nouvelle_energie,contrarien,0,false,-1.83,29,9.02,0
nouvelle_energie:contrarien:104,nouvelle_energie,contrarien,0,false,8.96,24,9.55,0
nouvelle_energie:contrarien:105,nouvelle_energie,contrarien,0,false,-0.31,24,9.05,0
nouvelle_energie:contrarien:106,nouvelle_energie,contrarien,0,false,15.29,24,9.01,0
nouvelle_energie:contrarien:107,nouvelle_energie,contrarien,0,false,-0.38,24,9.38,0
nouvelle_energie:contrarien:108,nouvelle_energie,contrarien,0,false,-0.23,28,9.06,0
nouvelle_energie:contrarien:109,nouvelle_energie,contrarien,0,false,0.29,24,9.32,0
nouvelle_energie:contrarien:110,nouvelle_energie,contrarien,0,false,-0.36,28,9.23,0
nouvelle_energie:contrarien:111,nouvelle_energie,contrarien,0,false,0.08,24,9.03,0
nouvelle_energie:contrarien:112,nouvelle_energie,contrarien,0,false,7.61,24,9.45,0
nouvelle_energie:contrarien:113,nouvelle_energie,contrarien,0,false,0.21,27,10.33,0
nouvelle_energie:contrarien:114,nouvelle_energie,contrarien,0,false,0.3,24,9.34,0
nouvelle_energie:contrarien:115,nouvelle_energie,contrarien,0,false,-0.25,24,8.85,0
nouvelle_energie:contrarien:116,nouvelle_energie,contrarien,0,false,0.06,24,9.09,0
nouvelle_energie:contrarien:117,nouvelle_energie,contrarien,0,false,8.31,24,9.23,0
nouvelle_energie:contrarien:118,nouvelle_energie,contrarien,1,false,-0.19,24,9.41,0
nouvelle_energie:contrarien:119,nouvelle_energie,contrarien,0,false,-0.09,24,9.03,0
nouvelle_energie:contrarien:120,nouvelle_energie,contrarien,0,false,0.13,24,9.03,0
nouvelle_energie:contrarien:121,nouvelle_energie,contrarien,1,false,5.74,24,8.94,0
nouvelle_energie:contrarien:122,nouvelle_energie,contrarien,0,false,0.47,24,10.17,0
nouvelle_energie:contrarien:123,nouvelle_energie,contrarien,1,false,-0.22,24,9.32,0
nouvelle_energie:contrarien:124,nouvelle_energie,contrarien,0,false,8.13,24,9.33,0
nouvelle_energie:contrarien:125,nouvelle_energie,contrarien,1,false,8.89,25,8.99,0
nouvelle_energie:contrarien:126,nouvelle_energie,contrarien,0,false,-0.16,24,9.14,0
nouvelle_energie:contrarien:127,nouvelle_energie,contrarien,0,false,8.13,24,9.18,0
nouvelle_energie:contrarien:128,nouvelle_energie,contrarien,1,false,0.25,24,9.74,0
nouvelle_energie:contrarien:129,nouvelle_energie,contrarien,0,false,-0.1,24,9.13,0
nouvelle_energie:contrarien:130,nouvelle_energie,contrarien,0,false,-0.27,24,8.8,0
nouvelle_energie:contrarien:131,nouvelle_energie,contrarien,0,false,-0.36,24,8.89,0
nouvelle_energie:contrarien:132,nouvelle_energie,contrarien,0,false,-0.44,24,9.33,0
nouvelle_energie:contrarien:133,nouvelle_energie,contrarien,1,false,-0.28,24,9.01,0
nouvelle_energie:contrarien:134,nouvelle_energie,contrarien,0,false,5.84,24,8.89,0
nouvelle_energie:contrarien:135,nouvelle_energie,contrarien,0,false,9.21,24,9.48,0
nouvelle_energie:contrarien:136,nouvelle_energie,contrarien,1,false,-0.53,24,8.92,0
nouvelle_energie:contrarien:137,nouvelle_energie,contrarien,1,false,8.22,24,9.03,0
nouvelle_energie:contrarien:138,nouvelle_energie,contrarien,0,false,-0.17,24,9.32,0
nouvelle_energie:contrarien:139,nouvelle_energie,contrarien,0,false,0.26,24,8.93,0
nouvelle_energie:contrarien:140,nouvelle_energie,contrarien,1,false,8.2,24,9.02,0
nouvelle_energie:contrarien:141,nouvelle_energie,contrarien,1,false,6.28,24,8.9,0
nouvelle_energie:contrarien:142,nouvelle_energie,contrarien,1,false,0.03,24,8.76,0
nouvelle_energie:contrarien:143,nouvelle_energie,contrarien,0,false,7.99,24,9.75,0
nouvelle_energie:contrarien:144,nouvelle_energie,contrarien,1,false,5.39,24,9.06,0
nouvelle_energie:contrarien:145,nouvelle_energie,contrarien,0,false,0.01,24,9.38,0
nouvelle_energie:contrarien:146,nouvelle_energie,contrarien,0,false,8.56,24,9.29,0
nouvelle_energie:contrarien:147,nouvelle_energie,contrarien,1,false,7.75,24,8.88,0
nouvelle_energie:contrarien:148,nouvelle_energie,contrarien,1,false,14.85,24,10.31,0
nouvelle_energie:contrarien:149,nouvelle_energie,contrarien,0,false,0.11,24,9.88,0
